bs_ts,ak_dt,mmsi,imo,call_sign,name,lat,lon,sog,cog
2012-06-06 06:55:32,2012-06-05 21:55:32,310376000,9229659,ZCDF4,CORAL PRINCESS,58.96351,-139.2626,13.3,132.1
2012-06-06 06:56:12,2012-06-05 21:56:12,310376000,9229659,ZCDF4,CORAL PRINCESS,58.96185,-139.2591,13.3,133.0
2012-06-06 06:57:12,2012-06-05 21:57:12,310376000,9229659,ZCDF4,CORAL PRINCESS,58.95937,-139.2539,13.3,133.4
2012-06-06 06:58:32,2012-06-05 21:58:32,310376000,9229659,ZCDF4,CORAL PRINCESS,58.95613,-139.2468,13.2,131.0
2012-06-06 06:59:12,2012-06-05 21:59:12,310376000,9229659,ZCDF4,CORAL PRINCESS,58.95449,-139.2432,13.3,131.0
2012-06-06 07:05:11,2012-06-05 22:05:11,310376000,9229659,ZCDF4,CORAL PRINCESS,58.94114,-139.2102,12.6,116.9
2012-06-06 07:07:51,2012-06-05 22:07:51,310376000,9229659,ZCDF4,CORAL PRINCESS,58.93725,-139.1941,12.4,116.0
2012-06-06 07:08:33,2012-06-05 22:08:33,310376000,9229659,ZCDF4,CORAL PRINCESS,58.93613,-139.19,12.4,117.6
2012-06-06 07:10:10,2012-06-05 22:10:10,310376000,9229659,ZCDF4,CORAL PRINCESS,58.93316,-139.1808,12.5,124.5
2012-06-06 07:12:01,2012-06-05 22:12:01,310376000,9229659,ZCDF4,CORAL PRINCESS,58.92923,-139.171,12.5,130.0
2012-06-06 08:47:11,2012-06-05 23:47:11,310376000,9229659,ZCDF4,CORAL PRINCESS,58.69502,-138.6681,13.1,130.6
2012-06-06 11:03:31,2012-06-06 02:03:31,310376000,9229659,ZCDF4,CORAL PRINCESS,58.36837,-137.9506,13.5,127.7
2012-06-06 11:06:43,2012-06-06 02:06:43,310376000,9229659,ZCDF4,CORAL PRINCESS,58.36203,-137.9311,13.6,117.7
2012-06-06 11:08:12,2012-06-06 02:08:12,310376000,9229659,ZCDF4,CORAL PRINCESS,58.35976,-137.9216,13.7,112.7
2012-06-06 11:12:21,2012-06-06 02:12:21,310376000,9229659,ZCDF4,CORAL PRINCESS,58.35472,-137.8927,13.9,108.7
2012-06-06 11:16:03,2012-06-06 02:16:03,310376000,9229659,ZCDF4,CORAL PRINCESS,58.3501,-137.8672,14.0,109.7
2012-06-06 11:26:56,2012-06-06 02:26:56,310376000,9229659,ZCDF4,CORAL PRINCESS,58.33531,-137.7923,13.4,112.5
2012-06-06 11:30:22,2012-06-06 02:30:22,310376000,9229659,ZCDF4,CORAL PRINCESS,58.33094,-137.7698,13.2,109.6
2012-06-06 11:31:01,2012-06-06 02:31:01,310376000,9229659,ZCDF4,CORAL PRINCESS,58.33009,-137.7654,13.1,109.6
2012-06-06 11:33:02,2012-06-06 02:33:02,310376000,9229659,ZCDF4,CORAL PRINCESS,58.32753,-137.7525,13.2,110.1
2012-06-06 11:34:01,2012-06-06 02:34:01,310376000,9229659,ZCDF4,CORAL PRINCESS,58.32625,-137.7459,13.2,110.1
2012-06-06 11:37:33,2012-06-06 02:37:33,310376000,9229659,ZCDF4,CORAL PRINCESS,58.32185,-137.7228,13.2,110.1
2012-06-06 11:38:02,2012-06-06 02:38:02,310376000,9229659,ZCDF4,CORAL PRINCESS,58.32125,-137.7197,13.3,109.7
2012-06-06 11:39:02,2012-06-06 02:39:02,310376000,9229659,ZCDF4,CORAL PRINCESS,58.32004,-137.7131,13.3,109.7
2012-06-06 11:41:31,2012-06-06 02:41:31,310376000,9229659,ZCDF4,CORAL PRINCESS,58.31703,-137.6969,13.0,108.7
2012-06-06 11:42:12,2012-06-06 02:42:12,310376000,9229659,ZCDF4,CORAL PRINCESS,58.31626,-137.6926,12.9,107.7
2012-06-06 11:43:12,2012-06-06 02:43:12,310376000,9229659,ZCDF4,CORAL PRINCESS,58.31514,-137.6861,12.8,107.7
2012-06-06 11:44:03,2012-06-06 02:44:03,310376000,9229659,ZCDF4,CORAL PRINCESS,58.31425,-137.6807,12.8,107.3
2012-06-06 11:45:03,2012-06-06 02:45:03,310376000,9229659,ZCDF4,CORAL PRINCESS,58.31324,-137.6744,12.5,108.7
2012-06-06 11:46:42,2012-06-06 02:46:42,310376000,9229659,ZCDF4,CORAL PRINCESS,58.31154,-137.6642,12.1,106.6
2012-06-06 11:47:51,2012-06-06 02:47:51,310376000,9229659,ZCDF4,CORAL PRINCESS,58.31042,-137.6572,12.0,107.1
2012-06-06 11:48:11,2012-06-06 02:48:11,310376000,9229659,ZCDF4,CORAL PRINCESS,58.3101,-137.6552,12.0,107.1
2012-06-06 11:50:42,2012-06-06 02:50:42,310376000,9229659,ZCDF4,CORAL PRINCESS,58.30768,-137.6402,11.8,107.0
2012-06-06 11:51:02,2012-06-06 02:51:02,310376000,9229659,ZCDF4,CORAL PRINCESS,58.30737,-137.6382,11.8,107.0
2012-06-06 11:52:03,2012-06-06 02:52:03,310376000,9229659,ZCDF4,CORAL PRINCESS,58.30642,-137.6323,11.8,106.6
2012-06-06 11:53:03,2012-06-06 02:53:03,310376000,9229659,ZCDF4,CORAL PRINCESS,58.30542,-137.6262,11.8,106.6
2012-06-06 11:54:03,2012-06-06 02:54:03,310376000,9229659,ZCDF4,CORAL PRINCESS,58.30448,-137.6203,11.7,107.0
2012-06-06 11:59:42,2012-06-06 02:59:42,310376000,9229659,ZCDF4,CORAL PRINCESS,58.29887,-137.5867,12.0,108.0
2012-06-06 12:07:03,2012-06-06 03:07:03,310376000,9229659,ZCDF4,CORAL PRINCESS,58.29109,-137.5426,12.1,108.5
2012-06-06 12:08:42,2012-06-06 03:08:42,310376000,9229659,ZCDF4,CORAL PRINCESS,58.28926,-137.5326,12.2,109.0
2012-06-06 12:09:03,2012-06-06 03:09:03,310376000,9229659,ZCDF4,CORAL PRINCESS,58.28886,-137.5305,12.2,109.0
2012-06-06 12:10:11,2012-06-06 03:10:11,310376000,9229659,ZCDF4,CORAL PRINCESS,58.28756,-137.5236,12.2,109.5
2012-06-06 12:11:04,2012-06-06 03:11:04,310376000,9229659,ZCDF4,CORAL PRINCESS,58.2865,-137.5184,12.4,112.0
2012-06-06 12:12:03,2012-06-06 03:12:03,310376000,9229659,ZCDF4,CORAL PRINCESS,58.28511,-137.5123,12.7,114.0
2012-06-06 12:13:21,2012-06-06 03:13:21,310376000,9229659,ZCDF4,CORAL PRINCESS,58.28306,-137.5041,13.5,115.0
2012-06-06 12:15:17,2012-06-06 03:15:17,310376000,9229659,ZCDF4,CORAL PRINCESS,58.27983,-137.4911,14.7,115.3
2012-06-06 12:16:35,2012-06-06 03:16:35,310376000,9229659,ZCDF4,CORAL PRINCESS,58.27746,-137.4817,15.2,115.7
2012-06-06 12:17:05,2012-06-06 03:17:05,310376000,9229659,ZCDF4,CORAL PRINCESS,58.27657,-137.4782,15.3,115.7
2012-06-06 12:18:42,2012-06-06 03:18:42,310376000,9229659,ZCDF4,CORAL PRINCESS,58.27354,-137.4664,15.2,115.3
2012-06-06 12:19:11,2012-06-06 03:19:11,310376000,9229659,ZCDF4,CORAL PRINCESS,58.27267,-137.4629,14.9,115.3
2012-06-06 12:20:17,2012-06-06 03:20:17,310376000,9229659,ZCDF4,CORAL PRINCESS,58.27077,-137.4554,14.0,115.8
2012-06-06 12:21:47,2012-06-06 03:21:47,310376000,9229659,ZCDF4,CORAL PRINCESS,58.26836,-137.4459,13.1,115.4
2012-06-06 12:22:12,2012-06-06 03:22:12,310376000,9229659,ZCDF4,CORAL PRINCESS,58.26776,-137.4435,13.0,115.4
2012-06-06 12:23:17,2012-06-06 03:23:17,310376000,9229659,ZCDF4,CORAL PRINCESS,58.26608,-137.4368,12.5,115.9
2012-06-06 12:24:29,2012-06-06 03:24:29,310376000,9229659,ZCDF4,CORAL PRINCESS,58.26441,-137.4299,12.1,113.9
2012-06-06 12:25:07,2012-06-06 03:25:07,310376000,9229659,ZCDF4,CORAL PRINCESS,58.2636,-137.4261,12.0,111.9
2012-06-06 12:26:08,2012-06-06 03:26:08,310376000,9229659,ZCDF4,CORAL PRINCESS,58.26244,-137.4202,11.8,109.4
2012-06-06 12:27:09,2012-06-06 03:27:09,310376000,9229659,ZCDF4,CORAL PRINCESS,58.26134,-137.4144,11.8,109.5
2012-06-06 12:28:08,2012-06-06 03:28:08,310376000,9229659,ZCDF4,CORAL PRINCESS,58.26023,-137.4086,11.7,110.0
2012-06-06 12:29:07,2012-06-06 03:29:07,310376000,9229659,ZCDF4,CORAL PRINCESS,58.2591,-137.4028,11.7,110.5
2012-06-06 12:30:36,2012-06-06 03:30:36,310376000,9229659,ZCDF4,CORAL PRINCESS,58.2575,-137.3944,11.6,110.0
2012-06-06 12:31:08,2012-06-06 03:31:08,310376000,9229659,ZCDF4,CORAL PRINCESS,58.25692,-137.3914,11.5,110.0
2012-06-06 12:32:07,2012-06-06 03:32:07,310376000,9229659,ZCDF4,CORAL PRINCESS,58.2558,-137.3856,11.5,110.0
2012-06-06 12:33:07,2012-06-06 03:33:07,310376000,9229659,ZCDF4,CORAL PRINCESS,58.2547,-137.38,11.5,110.4
2012-06-06 12:34:08,2012-06-06 03:34:08,310376000,9229659,ZCDF4,CORAL PRINCESS,58.25366,-137.3745,11.4,109.5
2012-06-06 12:35:08,2012-06-06 03:35:08,310376000,9229659,ZCDF4,CORAL PRINCESS,58.25282,-137.3686,11.4,104.0
2012-06-06 12:36:07,2012-06-06 03:36:07,310376000,9229659,ZCDF4,CORAL PRINCESS,58.25206,-137.3628,11.4,103.4
2012-06-06 12:37:18,2012-06-06 03:37:18,310376000,9229659,ZCDF4,CORAL PRINCESS,58.25114,-137.356,11.4,105.0
2012-06-06 12:38:17,2012-06-06 03:38:17,310376000,9229659,ZCDF4,CORAL PRINCESS,58.25032,-137.3502,11.4,105.0
2012-06-06 12:39:36,2012-06-06 03:39:36,310376000,9229659,ZCDF4,CORAL PRINCESS,58.24931,-137.3426,11.3,103.9
2012-06-06 12:40:37,2012-06-06 03:40:37,310376000,9229659,ZCDF4,CORAL PRINCESS,58.24854,-137.3369,11.4,103.4
2012-06-06 12:41:17,2012-06-06 03:41:17,310376000,9229659,ZCDF4,CORAL PRINCESS,58.24791,-137.3329,11.4,106.4
2012-06-06 12:42:07,2012-06-06 03:42:07,310376000,9229659,ZCDF4,CORAL PRINCESS,58.24707,-137.3282,11.4,108.4
2012-06-06 12:43:19,2012-06-06 03:43:19,310376000,9229659,ZCDF4,CORAL PRINCESS,58.24582,-137.3215,11.5,110.0
2012-06-06 12:44:26,2012-06-06 03:44:26,310376000,9229659,ZCDF4,CORAL PRINCESS,58.24457,-137.3149,11.6,110.0
2012-06-06 12:45:07,2012-06-06 03:45:07,310376000,9229659,ZCDF4,CORAL PRINCESS,58.24385,-137.311,11.6,110.0
2012-06-06 12:46:07,2012-06-06 03:46:07,310376000,9229659,ZCDF4,CORAL PRINCESS,58.24273,-137.3052,11.8,110.0
2012-06-06 12:47:37,2012-06-06 03:47:37,310376000,9229659,ZCDF4,CORAL PRINCESS,58.24104,-137.2963,12.0,110.0
2012-06-06 12:48:08,2012-06-06 03:48:08,310376000,9229659,ZCDF4,CORAL PRINCESS,58.24046,-137.2934,12.1,109.5
2012-06-06 12:49:08,2012-06-06 03:49:08,310376000,9229659,ZCDF4,CORAL PRINCESS,58.23935,-137.2874,12.2,108.9
2012-06-06 12:50:08,2012-06-06 03:50:08,310376000,9229659,ZCDF4,CORAL PRINCESS,58.23841,-137.2812,12.2,104.5
2012-06-06 12:51:08,2012-06-06 03:51:08,310376000,9229659,ZCDF4,CORAL PRINCESS,58.23751,-137.2749,12.3,106.0
2012-06-06 12:52:08,2012-06-06 03:52:08,310376000,9229659,ZCDF4,CORAL PRINCESS,58.23653,-137.2688,12.3,108.0
2012-06-06 12:53:09,2012-06-06 03:53:09,310376000,9229659,ZCDF4,CORAL PRINCESS,58.23549,-137.2626,12.5,107.5
2012-06-06 12:54:09,2012-06-06 03:54:09,310376000,9229659,ZCDF4,CORAL PRINCESS,58.23442,-137.2563,12.5,108.0
2012-06-06 12:55:07,2012-06-06 03:55:07,310376000,9229659,ZCDF4,CORAL PRINCESS,58.23338,-137.2501,12.5,108.0
2012-06-06 12:56:07,2012-06-06 03:56:07,310376000,9229659,ZCDF4,CORAL PRINCESS,58.2323,-137.2439,12.6,107.5
2012-06-06 12:57:07,2012-06-06 03:57:07,310376000,9229659,ZCDF4,CORAL PRINCESS,58.2312,-137.2374,12.7,108.0
2012-06-06 12:58:07,2012-06-06 03:58:07,310376000,9229659,ZCDF4,CORAL PRINCESS,58.23011,-137.2311,12.7,108.0
2012-06-06 12:59:07,2012-06-06 03:59:07,310376000,9229659,ZCDF4,CORAL PRINCESS,58.22899,-137.2247,12.8,108.0
2012-06-06 13:00:07,2012-06-06 04:00:07,310376000,9229659,ZCDF4,CORAL PRINCESS,58.22785,-137.2183,12.7,108.9
2012-06-06 13:01:18,2012-06-06 04:01:18,310376000,9229659,ZCDF4,CORAL PRINCESS,58.22652,-137.2109,12.8,108.8
2012-06-06 13:02:07,2012-06-06 04:02:07,310376000,9229659,ZCDF4,CORAL PRINCESS,58.22559,-137.2058,12.7,109.3
2012-06-06 13:03:07,2012-06-06 04:03:07,310376000,9229659,ZCDF4,CORAL PRINCESS,58.22446,-137.1994,12.8,108.8
2012-06-06 13:04:08,2012-06-06 04:04:08,310376000,9229659,ZCDF4,CORAL PRINCESS,58.22326,-137.1929,12.8,109.3
2012-06-06 13:05:07,2012-06-06 04:05:07,310376000,9229659,ZCDF4,CORAL PRINCESS,58.22213,-137.1867,12.8,108.8
2012-06-06 13:06:07,2012-06-06 04:06:07,310376000,9229659,ZCDF4,CORAL PRINCESS,58.22097,-137.1804,12.8,109.7
2012-06-06 13:07:07,2012-06-06 04:07:07,310376000,9229659,ZCDF4,CORAL PRINCESS,58.21977,-137.174,12.8,109.7
2012-06-06 13:08:28,2012-06-06 04:08:28,310376000,9229659,ZCDF4,CORAL PRINCESS,58.21818,-137.1655,12.8,108.8
2012-06-06 13:09:07,2012-06-06 04:09:07,310376000,9229659,ZCDF4,CORAL PRINCESS,58.21742,-137.1614,12.8,109.7
2012-06-06 13:10:07,2012-06-06 04:10:07,310376000,9229659,ZCDF4,CORAL PRINCESS,58.21619,-137.155,12.8,109.7
2012-06-06 13:11:07,2012-06-06 04:11:07,310376000,9229659,ZCDF4,CORAL PRINCESS,58.21496,-137.1487,12.9,109.7
2012-06-06 13:12:07,2012-06-06 04:12:07,310376000,9229659,ZCDF4,CORAL PRINCESS,58.21373,-137.1424,12.9,111.1
2012-06-06 13:13:07,2012-06-06 04:13:07,310376000,9229659,ZCDF4,CORAL PRINCESS,58.21245,-137.136,12.9,111.1
2012-06-06 13:14:07,2012-06-06 04:14:07,310376000,9229659,ZCDF4,CORAL PRINCESS,58.21122,-137.1297,12.8,111.1
2012-06-06 13:15:08,2012-06-06 04:15:08,310376000,9229659,ZCDF4,CORAL PRINCESS,58.20999,-137.1234,12.8,109.7
2012-06-06 13:16:07,2012-06-06 04:16:07,310376000,9229659,ZCDF4,CORAL PRINCESS,58.20873,-137.117,12.8,109.7
2012-06-06 13:17:08,2012-06-06 04:17:08,310376000,9229659,ZCDF4,CORAL PRINCESS,58.2075,-137.1107,12.8,109.7
2012-06-06 13:18:07,2012-06-06 04:18:07,310376000,9229659,ZCDF4,CORAL PRINCESS,58.20626,-137.1045,12.7,111.2
2012-06-06 13:19:07,2012-06-06 04:19:07,310376000,9229659,ZCDF4,CORAL PRINCESS,58.20499,-137.0983,12.8,111.1
2012-06-06 13:20:17,2012-06-06 04:20:17,310376000,9229659,ZCDF4,CORAL PRINCESS,58.20349,-137.0909,12.7,111.0
2012-06-06 13:21:07,2012-06-06 04:21:07,310376000,9229659,ZCDF4,CORAL PRINCESS,58.20251,-137.0858,12.7,110.4
2012-06-06 13:22:17,2012-06-06 04:22:17,310376000,9229659,ZCDF4,CORAL PRINCESS,58.20113,-137.0783,12.7,108.9
2012-06-06 13:23:07,2012-06-06 04:23:07,310376000,9229659,ZCDF4,CORAL PRINCESS,58.20023,-137.0732,12.7,108.0
2012-06-06 13:24:06,2012-06-06 04:24:06,310376000,9229659,ZCDF4,CORAL PRINCESS,58.19913,-137.0669,12.6,108.0
2012-06-06 13:25:07,2012-06-06 04:25:07,310376000,9229659,ZCDF4,CORAL PRINCESS,58.19803,-137.0607,12.6,108.0
2012-06-06 13:26:00,2012-06-06 04:26:00,310376000,9229659,ZCDF4,CORAL PRINCESS,58.1971,-137.0554,12.6,108.5
2012-06-06 13:27:07,2012-06-06 04:27:07,310376000,9229659,ZCDF4,CORAL PRINCESS,58.19584,-137.0481,12.5,108.1
2012-06-06 13:28:07,2012-06-06 04:28:07,310376000,9229659,ZCDF4,CORAL PRINCESS,58.19476,-137.0419,12.5,108.1
2012-06-06 13:29:07,2012-06-06 04:29:07,310376000,9229659,ZCDF4,CORAL PRINCESS,58.19365,-137.0356,12.5,108.1
2012-06-06 13:30:07,2012-06-06 04:30:07,310376000,9229659,ZCDF4,CORAL PRINCESS,58.19255,-137.0294,12.5,108.1
2012-06-06 13:31:07,2012-06-06 04:31:07,310376000,9229659,ZCDF4,CORAL PRINCESS,58.19146,-137.0232,12.5,107.6
2012-06-06 13:32:08,2012-06-06 04:32:08,310376000,9229659,ZCDF4,CORAL PRINCESS,58.19033,-137.0168,12.5,108.1
2012-06-06 13:33:08,2012-06-06 04:33:08,310376000,9229659,ZCDF4,CORAL PRINCESS,58.18925,-137.0106,12.4,108.1
2012-06-06 13:34:08,2012-06-06 04:34:08,310376000,9229659,ZCDF4,CORAL PRINCESS,58.18817,-137.0044,12.4,109.0
2012-06-06 13:35:08,2012-06-06 04:35:08,310376000,9229659,ZCDF4,CORAL PRINCESS,58.18707,-136.9982,12.4,107.6
2012-06-06 13:36:08,2012-06-06 04:36:08,310376000,9229659,ZCDF4,CORAL PRINCESS,58.186,-136.9921,12.4,108.1
2012-06-06 13:37:08,2012-06-06 04:37:08,310376000,9229659,ZCDF4,CORAL PRINCESS,58.18494,-136.9859,12.4,107.6
2012-06-06 13:38:08,2012-06-06 04:38:08,310376000,9229659,ZCDF4,CORAL PRINCESS,58.18389,-136.9798,12.3,107.2
2012-06-06 13:39:08,2012-06-06 04:39:08,310376000,9229659,ZCDF4,CORAL PRINCESS,58.18285,-136.9736,12.4,108.1
2012-06-06 13:40:07,2012-06-06 04:40:07,310376000,9229659,ZCDF4,CORAL PRINCESS,58.18182,-136.9676,12.4,108.1
2012-06-06 13:41:07,2012-06-06 04:41:07,310376000,9229659,ZCDF4,CORAL PRINCESS,58.18075,-136.9613,12.4,108.1
2012-06-06 13:42:07,2012-06-06 04:42:07,310376000,9229659,ZCDF4,CORAL PRINCESS,58.17972,-136.9551,12.4,107.2
2012-06-06 13:43:07,2012-06-06 04:43:07,310376000,9229659,ZCDF4,CORAL PRINCESS,58.17868,-136.9489,12.4,108.1
2012-06-06 13:44:07,2012-06-06 04:44:07,310376000,9229659,ZCDF4,CORAL PRINCESS,58.17762,-136.9426,12.4,108.1
2012-06-06 13:45:07,2012-06-06 04:45:07,310376000,9229659,ZCDF4,CORAL PRINCESS,58.17659,-136.9365,12.4,107.6
2012-06-06 13:46:07,2012-06-06 04:46:07,310376000,9229659,ZCDF4,CORAL PRINCESS,58.17558,-136.9303,12.4,107.2
2012-06-06 13:47:06,2012-06-06 04:47:06,310376000,9229659,ZCDF4,CORAL PRINCESS,58.17458,-136.9241,12.5,107.2
2012-06-06 13:48:06,2012-06-06 04:48:06,310376000,9229659,ZCDF4,CORAL PRINCESS,58.17355,-136.9178,12.5,107.2
2012-06-06 13:49:07,2012-06-06 04:49:07,310376000,9229659,ZCDF4,CORAL PRINCESS,58.17252,-136.9116,12.5,107.2
2012-06-06 13:50:06,2012-06-06 04:50:06,310376000,9229659,ZCDF4,CORAL PRINCESS,58.1715,-136.9054,12.5,107.2
2012-06-06 13:51:06,2012-06-06 04:51:06,310376000,9229659,ZCDF4,CORAL PRINCESS,58.17048,-136.899,12.4,107.2
2012-06-06 13:52:06,2012-06-06 04:52:06,310376000,9229659,ZCDF4,CORAL PRINCESS,58.1695,-136.8928,12.4,106.7
2012-06-06 13:53:06,2012-06-06 04:53:06,310376000,9229659,ZCDF4,CORAL PRINCESS,58.16851,-136.8866,12.4,107.2
2012-06-06 13:54:07,2012-06-06 04:54:07,310376000,9229659,ZCDF4,CORAL PRINCESS,58.16753,-136.8802,12.3,106.3
2012-06-06 13:55:07,2012-06-06 04:55:07,310376000,9229659,ZCDF4,CORAL PRINCESS,58.16656,-136.8741,12.3,105.8
2012-06-06 13:56:08,2012-06-06 04:56:08,310376000,9229659,ZCDF4,CORAL PRINCESS,58.16563,-136.8679,12.3,105.8
2012-06-06 13:57:07,2012-06-06 04:57:07,310376000,9229659,ZCDF4,CORAL PRINCESS,58.16469,-136.8616,12.3,105.8
2012-06-06 13:58:07,2012-06-06 04:58:07,310376000,9229659,ZCDF4,CORAL PRINCESS,58.16378,-136.8555,12.3,105.8
2012-06-06 13:59:07,2012-06-06 04:59:07,310376000,9229659,ZCDF4,CORAL PRINCESS,58.16286,-136.8493,12.2,104.9
2012-06-06 14:00:07,2012-06-06 05:00:07,310376000,9229659,ZCDF4,CORAL PRINCESS,58.16198,-136.8431,12.2,105.4
2012-06-06 14:01:08,2012-06-06 05:01:08,310376000,9229659,ZCDF4,CORAL PRINCESS,58.16107,-136.8369,12.3,105.8
2012-06-06 14:02:08,2012-06-06 05:02:08,310376000,9229659,ZCDF4,CORAL PRINCESS,58.16016,-136.8306,12.4,105.8
2012-06-06 14:03:08,2012-06-06 05:03:08,310376000,9229659,ZCDF4,CORAL PRINCESS,58.15923,-136.8244,12.4,104.4
2012-06-06 14:04:08,2012-06-06 05:04:08,310376000,9229659,ZCDF4,CORAL PRINCESS,58.15836,-136.818,12.4,104.3
2012-06-06 14:05:08,2012-06-06 05:05:08,310376000,9229659,ZCDF4,CORAL PRINCESS,58.15765,-136.8118,12.3,101.8
2012-06-06 14:06:08,2012-06-06 05:06:08,310376000,9229659,ZCDF4,CORAL PRINCESS,58.157,-136.8055,12.3,100.4
2012-06-06 14:07:08,2012-06-06 05:07:08,310376000,9229659,ZCDF4,CORAL PRINCESS,58.15636,-136.7992,11.9,101.4
2012-06-06 14:08:08,2012-06-06 05:08:08,310376000,9229659,ZCDF4,CORAL PRINCESS,58.15568,-136.7933,11.6,101.9
2012-06-06 14:09:08,2012-06-06 05:09:08,310376000,9229659,ZCDF4,CORAL PRINCESS,58.15515,-136.7872,11.5,97.9
2012-06-06 14:10:08,2012-06-06 05:10:08,310376000,9229659,ZCDF4,CORAL PRINCESS,58.15498,-136.7813,11.3,90.5
2012-06-06 14:11:08,2012-06-06 05:11:08,310376000,9229659,ZCDF4,CORAL PRINCESS,58.15505,-136.7755,11.2,88.0
2012-06-06 14:12:08,2012-06-06 05:12:08,310376000,9229659,ZCDF4,CORAL PRINCESS,58.15509,-136.7695,11.3,88.9
2012-06-06 14:13:08,2012-06-06 05:13:08,310376000,9229659,ZCDF4,CORAL PRINCESS,58.15509,-136.7636,11.2,91.5
2012-06-06 14:14:08,2012-06-06 05:14:08,310376000,9229659,ZCDF4,CORAL PRINCESS,58.15503,-136.7578,11.3,92.0
2012-06-06 14:15:08,2012-06-06 05:15:08,310376000,9229659,ZCDF4,CORAL PRINCESS,58.15501,-136.7518,11.3,89.4
2012-06-06 14:16:08,2012-06-06 05:16:08,310376000,9229659,ZCDF4,CORAL PRINCESS,58.15498,-136.7458,11.3,90.5
2012-06-06 14:17:07,2012-06-06 05:17:07,310376000,9229659,ZCDF4,CORAL PRINCESS,58.15496,-136.7401,11.3,90.0
2012-06-06 14:18:07,2012-06-06 05:18:07,310376000,9229659,ZCDF4,CORAL PRINCESS,58.15498,-136.7342,11.3,90.0
2012-06-06 14:19:07,2012-06-06 05:19:07,310376000,9229659,ZCDF4,CORAL PRINCESS,58.15499,-136.7283,11.2,89.4
2012-06-06 14:20:07,2012-06-06 05:20:07,310376000,9229659,ZCDF4,CORAL PRINCESS,58.15501,-136.7225,11.0,90.0
2012-06-06 14:21:08,2012-06-06 05:21:08,310376000,9229659,ZCDF4,CORAL PRINCESS,58.15501,-136.7166,10.9,90.4
2012-06-06 14:22:08,2012-06-06 05:22:08,310376000,9229659,ZCDF4,CORAL PRINCESS,58.15503,-136.7108,11.1,90.0
2012-06-06 14:23:08,2012-06-06 05:23:08,310376000,9229659,ZCDF4,CORAL PRINCESS,58.15501,-136.705,11.4,91.5
2012-06-06 14:24:08,2012-06-06 05:24:08,310376000,9229659,ZCDF4,CORAL PRINCESS,58.15499,-136.6988,11.5,90.0
2012-06-06 14:25:08,2012-06-06 05:25:08,310376000,9229659,ZCDF4,CORAL PRINCESS,58.15496,-136.6929,11.5,91.4
2012-06-06 14:26:08,2012-06-06 05:26:08,310376000,9229659,ZCDF4,CORAL PRINCESS,58.15493,-136.6869,11.4,91.5
2012-06-06 14:27:08,2012-06-06 05:27:08,310376000,9229659,ZCDF4,CORAL PRINCESS,58.15481,-136.6808,11.6,91.4
2012-06-06 14:28:08,2012-06-06 05:28:08,310376000,9229659,ZCDF4,CORAL PRINCESS,58.15462,-136.6747,11.8,92.4
2012-06-06 14:29:08,2012-06-06 05:29:08,310376000,9229659,ZCDF4,CORAL PRINCESS,58.15439,-136.6684,11.9,93.8
2012-06-06 14:30:08,2012-06-06 05:30:08,310376000,9229659,ZCDF4,CORAL PRINCESS,58.15413,-136.6622,11.9,94.8
2012-06-06 14:31:08,2012-06-06 05:31:08,310376000,9229659,ZCDF4,CORAL PRINCESS,58.15382,-136.656,12.0,95.7
2012-06-06 14:32:08,2012-06-06 05:32:08,310376000,9229659,ZCDF4,CORAL PRINCESS,58.15348,-136.6498,12.0,95.7
2012-06-06 14:33:08,2012-06-06 05:33:08,310376000,9229659,ZCDF4,CORAL PRINCESS,58.15322,-136.6436,11.9,91.7
2012-06-06 14:34:07,2012-06-06 05:34:07,310376000,9229659,ZCDF4,CORAL PRINCESS,58.15341,-136.6376,11.6,84.4
2012-06-06 14:35:06,2012-06-06 05:35:06,310376000,9229659,ZCDF4,CORAL PRINCESS,58.15412,-136.6317,11.3,73.6
2012-06-06 14:36:07,2012-06-06 05:36:07,310376000,9229659,ZCDF4,CORAL PRINCESS,58.15538,-136.6263,11.3,63.0
2012-06-06 14:37:07,2012-06-06 05:37:07,310376000,9229659,ZCDF4,CORAL PRINCESS,58.15705,-136.6213,11.6,55.9
2012-06-06 14:38:06,2012-06-06 05:38:06,310376000,9229659,ZCDF4,CORAL PRINCESS,58.15908,-136.6164,11.8,49.9
2012-06-06 14:39:07,2012-06-06 05:39:07,310376000,9229659,ZCDF4,CORAL PRINCESS,58.16134,-136.6118,12.0,45.3
2012-06-06 14:40:07,2012-06-06 05:40:07,310376000,9229659,ZCDF4,CORAL PRINCESS,58.16389,-136.6077,12.1,40.4
2012-06-06 14:41:07,2012-06-06 05:41:07,310376000,9229659,ZCDF4,CORAL PRINCESS,58.16653,-136.6037,12.3,38.0
2012-06-06 14:42:07,2012-06-06 05:42:07,310376000,9229659,ZCDF4,CORAL PRINCESS,58.16918,-136.5996,12.4,38.4
2012-06-06 14:43:06,2012-06-06 05:43:06,310376000,9229659,ZCDF4,CORAL PRINCESS,58.17186,-136.5955,12.3,38.9
2012-06-06 14:44:07,2012-06-06 05:44:07,310376000,9229659,ZCDF4,CORAL PRINCESS,58.17447,-136.5915,12.4,38.9
2012-06-06 14:45:07,2012-06-06 05:45:07,310376000,9229659,ZCDF4,CORAL PRINCESS,58.17705,-136.5874,12.2,40.4
2012-06-06 14:46:07,2012-06-06 05:46:07,310376000,9229659,ZCDF4,CORAL PRINCESS,58.17964,-136.5833,11.9,39.9
2012-06-06 14:47:07,2012-06-06 05:47:07,310376000,9229659,ZCDF4,CORAL PRINCESS,58.18219,-136.5794,11.8,38.4
2012-06-06 14:48:07,2012-06-06 05:48:07,310376000,9229659,ZCDF4,CORAL PRINCESS,58.18471,-136.5755,11.9,39.9
2012-06-06 14:49:07,2012-06-06 05:49:07,310376000,9229659,ZCDF4,CORAL PRINCESS,58.18728,-136.5715,11.8,38.9
2012-06-06 14:50:07,2012-06-06 05:50:07,310376000,9229659,ZCDF4,CORAL PRINCESS,58.18977,-136.5676,11.6,39.9
2012-06-06 14:51:07,2012-06-06 05:51:07,310376000,9229659,ZCDF4,CORAL PRINCESS,58.19223,-136.5636,11.5,39.4
2012-06-06 14:52:07,2012-06-06 05:52:07,310376000,9229659,ZCDF4,CORAL PRINCESS,58.19466,-136.5598,11.5,38.9
2012-06-06 14:53:07,2012-06-06 05:53:07,310376000,9229659,ZCDF4,CORAL PRINCESS,58.19711,-136.556,11.4,39.5
2012-06-06 14:54:07,2012-06-06 05:54:07,310376000,9229659,ZCDF4,CORAL PRINCESS,58.19948,-136.5522,11.3,40.5
2012-06-06 14:55:07,2012-06-06 05:55:07,310376000,9229659,ZCDF4,CORAL PRINCESS,58.20187,-136.5484,11.3,40.0
2012-06-06 14:56:07,2012-06-06 05:56:07,310376000,9229659,ZCDF4,CORAL PRINCESS,58.20429,-136.5446,11.3,39.0
2012-06-06 14:57:07,2012-06-06 05:57:07,310376000,9229659,ZCDF4,CORAL PRINCESS,58.20665,-136.5408,11.2,41.0
2012-06-06 14:58:07,2012-06-06 05:58:07,310376000,9229659,ZCDF4,CORAL PRINCESS,58.20898,-136.537,11.1,40.0
2012-06-06 14:59:07,2012-06-06 05:59:07,310376000,9229659,ZCDF4,CORAL PRINCESS,58.21137,-136.5332,11.1,40.0
2012-06-06 15:00:07,2012-06-06 06:00:07,310376000,9229659,ZCDF4,CORAL PRINCESS,58.21375,-136.5296,11.1,39.0
2012-06-06 15:01:08,2012-06-06 06:01:08,310376000,9229659,ZCDF4,CORAL PRINCESS,58.21613,-136.5258,11.0,40.0
2012-06-06 15:02:08,2012-06-06 06:02:08,310376000,9229659,ZCDF4,CORAL PRINCESS,58.21847,-136.5221,10.9,41.1
2012-06-06 15:03:08,2012-06-06 06:03:08,310376000,9229659,ZCDF4,CORAL PRINCESS,58.22072,-136.5183,10.9,41.1
2012-06-06 15:04:08,2012-06-06 06:04:08,310376000,9229659,ZCDF4,CORAL PRINCESS,58.22301,-136.5145,10.9,41.1
2012-06-06 15:05:38,2012-06-06 06:05:38,310376000,9229659,ZCDF4,CORAL PRINCESS,58.22639,-136.5089,11.1,41.0
2012-06-06 15:06:07,2012-06-06 06:06:07,310376000,9229659,ZCDF4,CORAL PRINCESS,58.22758,-136.507,11.1,41.0
2012-06-06 15:07:08,2012-06-06 06:07:08,310376000,9229659,ZCDF4,CORAL PRINCESS,58.22988,-136.5032,11.2,40.5
2012-06-06 15:08:08,2012-06-06 06:08:08,310376000,9229659,ZCDF4,CORAL PRINCESS,58.23217,-136.4992,11.2,42.5
2012-06-06 15:09:08,2012-06-06 06:09:08,310376000,9229659,ZCDF4,CORAL PRINCESS,58.23447,-136.4952,11.2,42.1
2012-06-06 15:10:08,2012-06-06 06:10:08,310376000,9229659,ZCDF4,CORAL PRINCESS,58.23681,-136.4914,11.3,41.0
2012-06-06 15:11:08,2012-06-06 06:11:08,310376000,9229659,ZCDF4,CORAL PRINCESS,58.23922,-136.4874,11.5,40.9
2012-06-06 15:12:09,2012-06-06 06:12:09,310376000,9229659,ZCDF4,CORAL PRINCESS,58.24163,-136.4834,11.6,40.9
2012-06-06 15:13:08,2012-06-06 06:13:08,310376000,9229659,ZCDF4,CORAL PRINCESS,58.24408,-136.4794,11.5,39.9
2012-06-06 15:14:08,2012-06-06 06:14:08,310376000,9229659,ZCDF4,CORAL PRINCESS,58.24651,-136.4756,11.3,39.0
2012-06-06 15:15:08,2012-06-06 06:15:08,310376000,9229659,ZCDF4,CORAL PRINCESS,58.24889,-136.4719,11.2,40.0
2012-06-06 15:16:08,2012-06-06 06:16:08,310376000,9229659,ZCDF4,CORAL PRINCESS,58.25132,-136.468,11.3,40.0
2012-06-06 15:17:08,2012-06-06 06:17:08,310376000,9229659,ZCDF4,CORAL PRINCESS,58.25381,-136.4643,11.6,36.4
2012-06-06 15:18:17,2012-06-06 06:18:17,310376000,9229659,ZCDF4,CORAL PRINCESS,58.25689,-136.4603,11.9,33.5
2012-06-06 15:19:08,2012-06-06 06:19:08,310376000,9229659,ZCDF4,CORAL PRINCESS,58.25921,-136.4572,12.0,34.6
2012-06-06 15:20:08,2012-06-06 06:20:08,310376000,9229659,ZCDF4,CORAL PRINCESS,58.26188,-136.4535,11.9,36.6
2012-06-06 15:21:08,2012-06-06 06:21:08,310376000,9229659,ZCDF4,CORAL PRINCESS,58.26431,-136.4496,11.5,39.4
2012-06-06 15:22:08,2012-06-06 06:22:08,310376000,9229659,ZCDF4,CORAL PRINCESS,58.26654,-136.4451,11.7,50.0
2012-06-06 15:23:07,2012-06-06 06:23:07,310376000,9229659,ZCDF4,CORAL PRINCESS,58.26877,-136.4407,12.1,44.2
2012-06-06 15:24:07,2012-06-06 06:24:07,310376000,9229659,ZCDF4,CORAL PRINCESS,58.27128,-136.4362,12.5,44.5
2012-06-06 15:25:07,2012-06-06 06:25:07,310376000,9229659,ZCDF4,CORAL PRINCESS,58.27344,-136.4311,12.4,53.6
2012-06-06 15:26:08,2012-06-06 06:26:08,310376000,9229659,ZCDF4,CORAL PRINCESS,58.27539,-136.4259,12.1,54.7
2012-06-06 15:27:07,2012-06-06 06:27:07,310376000,9229659,ZCDF4,CORAL PRINCESS,58.27701,-136.4207,11.3,61.8
2012-06-06 15:28:07,2012-06-06 06:28:07,310376000,9229659,ZCDF4,CORAL PRINCESS,58.27803,-136.4155,10.4,73.2
2012-06-06 15:29:07,2012-06-06 06:29:07,310376000,9229659,ZCDF4,CORAL PRINCESS,58.2786,-136.4102,10.0,81.0
2012-06-06 15:30:07,2012-06-06 06:30:07,310376000,9229659,ZCDF4,CORAL PRINCESS,58.27886,-136.405,9.7,84.9
2012-06-06 15:31:07,2012-06-06 06:31:07,310376000,9229659,ZCDF4,CORAL PRINCESS,58.27916,-136.3998,9.7,83.1
2012-06-06 15:32:18,2012-06-06 06:32:18,310376000,9229659,ZCDF4,CORAL PRINCESS,58.27966,-136.3939,9.9,80.8
2012-06-06 15:33:18,2012-06-06 06:33:18,310376000,9229659,ZCDF4,CORAL PRINCESS,58.28014,-136.3886,10.3,80.2
2012-06-06 15:34:07,2012-06-06 06:34:07,310376000,9229659,ZCDF4,CORAL PRINCESS,58.28051,-136.384,10.8,82.1
2012-06-06 15:35:07,2012-06-06 06:35:07,310376000,9229659,ZCDF4,CORAL PRINCESS,58.28087,-136.3783,11.3,83.5
2012-06-06 15:36:07,2012-06-06 06:36:07,310376000,9229659,ZCDF4,CORAL PRINCESS,58.28119,-136.3723,11.6,83.9
2012-06-06 15:37:07,2012-06-06 06:37:07,310376000,9229659,ZCDF4,CORAL PRINCESS,58.28151,-136.3661,11.8,83.8
2012-06-06 15:38:08,2012-06-06 06:38:08,310376000,9229659,ZCDF4,CORAL PRINCESS,58.28195,-136.3597,12.1,81.8
2012-06-06 15:39:28,2012-06-06 06:39:28,310376000,9229659,ZCDF4,CORAL PRINCESS,58.28253,-136.3513,12.2,83.2
2012-06-06 15:40:08,2012-06-06 06:40:08,310376000,9229659,ZCDF4,CORAL PRINCESS,58.28283,-136.3469,12.3,82.3
2012-06-06 15:41:08,2012-06-06 06:41:08,310376000,9229659,ZCDF4,CORAL PRINCESS,58.28329,-136.3406,12.4,81.8
2012-06-06 15:42:06,2012-06-06 06:42:06,310376000,9229659,ZCDF4,CORAL PRINCESS,58.28363,-136.3344,12.0,84.8
2012-06-06 15:43:06,2012-06-06 06:43:06,310376000,9229659,ZCDF4,CORAL PRINCESS,58.28398,-136.3282,11.6,83.9
2012-06-06 15:44:07,2012-06-06 06:44:07,310376000,9229659,ZCDF4,CORAL PRINCESS,58.28433,-136.3222,11.5,83.9
2012-06-06 15:45:06,2012-06-06 06:45:06,310376000,9229659,ZCDF4,CORAL PRINCESS,58.28475,-136.3163,11.3,82.0
2012-06-06 15:46:07,2012-06-06 06:46:07,310376000,9229659,ZCDF4,CORAL PRINCESS,58.28525,-136.3105,11.0,79.9
2012-06-06 15:47:06,2012-06-06 06:47:06,310376000,9229659,ZCDF4,CORAL PRINCESS,58.28579,-136.3049,10.7,80.7
2012-06-06 15:48:09,2012-06-06 06:48:09,310376000,9229659,ZCDF4,CORAL PRINCESS,58.28625,-136.2993,10.6,81.0
2012-06-06 15:49:09,2012-06-06 06:49:09,310376000,9229659,ZCDF4,CORAL PRINCESS,58.28672,-136.2937,10.6,80.8
2012-06-06 15:50:08,2012-06-06 06:50:08,310376000,9229659,ZCDF4,CORAL PRINCESS,58.28718,-136.2882,10.7,80.2
2012-06-06 15:51:08,2012-06-06 06:51:08,310376000,9229659,ZCDF4,CORAL PRINCESS,58.28768,-136.2826,10.9,79.9
2012-06-06 15:52:18,2012-06-06 06:52:18,310376000,9229659,ZCDF4,CORAL PRINCESS,58.28812,-136.2759,10.9,84.0
2012-06-06 15:53:08,2012-06-06 06:53:08,310376000,9229659,ZCDF4,CORAL PRINCESS,58.28839,-136.2712,10.9,84.0
2012-06-06 15:54:07,2012-06-06 06:54:07,310376000,9229659,ZCDF4,CORAL PRINCESS,58.28869,-136.2657,10.8,83.9
2012-06-06 15:55:07,2012-06-06 06:55:07,310376000,9229659,ZCDF4,CORAL PRINCESS,58.28899,-136.2599,10.8,83.9
2012-06-06 15:56:08,2012-06-06 06:56:08,310376000,9229659,ZCDF4,CORAL PRINCESS,58.28946,-136.2543,10.8,79.5
2012-06-06 15:57:07,2012-06-06 06:57:07,310376000,9229659,ZCDF4,CORAL PRINCESS,58.29015,-136.2488,10.9,75.1
2012-06-06 15:58:07,2012-06-06 06:58:07,310376000,9229659,ZCDF4,CORAL PRINCESS,58.29095,-136.2432,11.0,75.8
2012-06-06 15:59:09,2012-06-06 06:59:09,310376000,9229659,ZCDF4,CORAL PRINCESS,58.29163,-136.2374,11.2,75.4
2012-06-06 16:00:18,2012-06-06 07:00:18,310376000,9229659,ZCDF4,CORAL PRINCESS,58.29273,-136.2308,11.6,69.4
2012-06-06 16:01:00,2012-06-06 07:01:00,310376000,9229659,ZCDF4,CORAL PRINCESS,58.29353,-136.2269,11.9,68.9
2012-06-06 16:02:08,2012-06-06 07:02:08,310376000,9229659,ZCDF4,CORAL PRINCESS,58.29488,-136.22,11.9,69.4
2012-06-06 16:03:08,2012-06-06 07:03:08,310376000,9229659,ZCDF4,CORAL PRINCESS,58.29598,-136.2143,11.9,71.3
2012-06-06 16:04:08,2012-06-06 07:04:08,310376000,9229659,ZCDF4,CORAL PRINCESS,58.29715,-136.2084,11.8,68.3
2012-06-06 16:05:29,2012-06-06 07:05:29,310376000,9229659,ZCDF4,CORAL PRINCESS,58.29866,-136.2005,12.0,69.7
2012-06-06 16:06:08,2012-06-06 07:06:08,310376000,9229659,ZCDF4,CORAL PRINCESS,58.2994,-136.1966,12.1,70.5
2012-06-06 16:07:08,2012-06-06 07:07:08,310376000,9229659,ZCDF4,CORAL PRINCESS,58.30061,-136.1905,12.3,69.3
2012-06-06 16:08:07,2012-06-06 07:08:07,310376000,9229659,ZCDF4,CORAL PRINCESS,58.30187,-136.1844,12.6,68.0
2012-06-06 16:09:08,2012-06-06 07:09:08,310376000,9229659,ZCDF4,CORAL PRINCESS,58.30338,-136.1783,13.0,63.7
2012-06-06 16:10:08,2012-06-06 07:10:08,310376000,9229659,ZCDF4,CORAL PRINCESS,58.30503,-136.1718,14.0,65.7
2012-06-06 16:11:00,2012-06-06 07:11:00,310376000,9229659,ZCDF4,CORAL PRINCESS,58.30651,-136.1659,14.5,63.9
2012-06-06 16:12:00,2012-06-06 07:12:00,310376000,9229659,ZCDF4,CORAL PRINCESS,58.30847,-136.1591,14.9,59.6
2012-06-06 16:13:00,2012-06-06 07:13:00,310376000,9229659,ZCDF4,CORAL PRINCESS,58.31071,-136.1523,15.1,56.9
2012-06-06 16:14:00,2012-06-06 07:14:00,310376000,9229659,ZCDF4,CORAL PRINCESS,58.31276,-136.1456,14.8,61.4
2012-06-06 16:15:01,2012-06-06 07:15:01,310376000,9229659,ZCDF4,CORAL PRINCESS,58.3146,-136.1387,14.1,63.2
2012-06-06 16:16:13,2012-06-06 07:16:13,310376000,9229659,ZCDF4,CORAL PRINCESS,58.31655,-136.131,13.5,64.4
2012-06-06 16:17:00,2012-06-06 07:17:00,310376000,9229659,ZCDF4,CORAL PRINCESS,58.31776,-136.1259,13.1,65.6
2012-06-06 16:18:00,2012-06-06 07:18:00,310376000,9229659,ZCDF4,CORAL PRINCESS,58.31921,-136.1197,12.7,65.9
2012-06-06 16:19:01,2012-06-06 07:19:01,310376000,9229659,ZCDF4,CORAL PRINCESS,58.32061,-136.1136,12.4,66.7
2012-06-06 16:20:12,2012-06-06 07:20:12,310376000,9229659,ZCDF4,CORAL PRINCESS,58.32218,-136.1065,12.3,66.7
2012-06-06 16:21:01,2012-06-06 07:21:01,310376000,9229659,ZCDF4,CORAL PRINCESS,58.32328,-136.1016,12.2,66.7
2012-06-06 16:22:01,2012-06-06 07:22:01,310376000,9229659,ZCDF4,CORAL PRINCESS,58.32466,-136.0958,12.0,64.0
2012-06-06 16:23:01,2012-06-06 07:23:01,310376000,9229659,ZCDF4,CORAL PRINCESS,58.32631,-136.0905,11.6,56.5
2012-06-06 16:24:02,2012-06-06 07:24:02,310376000,9229659,ZCDF4,CORAL PRINCESS,58.32818,-136.0857,10.9,51.8
2012-06-06 16:25:02,2012-06-06 07:25:02,310376000,9229659,ZCDF4,CORAL PRINCESS,58.33006,-136.0815,10.4,49.5
2012-06-06 16:26:01,2012-06-06 07:26:01,310376000,9229659,ZCDF4,CORAL PRINCESS,58.33191,-136.0774,10.2,49.2
2012-06-06 16:27:02,2012-06-06 07:27:02,310376000,9229659,ZCDF4,CORAL PRINCESS,58.33375,-136.0732,10.2,50.2
2012-06-06 16:28:01,2012-06-06 07:28:01,310376000,9229659,ZCDF4,CORAL PRINCESS,58.33557,-136.0691,10.4,51.3
2012-06-06 16:29:01,2012-06-06 07:29:01,310376000,9229659,ZCDF4,CORAL PRINCESS,58.33738,-136.0648,10.5,50.9
2012-06-06 16:30:02,2012-06-06 07:30:02,310376000,9229659,ZCDF4,CORAL PRINCESS,58.33921,-136.0603,10.8,52.7
2012-06-06 16:31:12,2012-06-06 07:31:12,310376000,9229659,ZCDF4,CORAL PRINCESS,58.34132,-136.0547,11.2,54.4
2012-06-06 16:32:02,2012-06-06 07:32:02,310376000,9229659,ZCDF4,CORAL PRINCESS,58.34282,-136.0508,11.3,53.5
2012-06-06 16:33:02,2012-06-06 07:33:02,310376000,9229659,ZCDF4,CORAL PRINCESS,58.34462,-136.0458,11.3,55.1
2012-06-06 16:34:03,2012-06-06 07:34:03,310376000,9229659,ZCDF4,CORAL PRINCESS,58.34655,-136.041,11.3,50.7
2012-06-06 16:35:03,2012-06-06 07:35:03,310376000,9229659,ZCDF4,CORAL PRINCESS,58.34853,-136.0363,11.6,51.8
2012-06-06 16:36:03,2012-06-06 07:36:03,310376000,9229659,ZCDF4,CORAL PRINCESS,58.35057,-136.0314,11.9,51.5
2012-06-06 16:37:03,2012-06-06 07:37:03,310376000,9229659,ZCDF4,CORAL PRINCESS,58.35263,-136.0265,12.0,51.0
2012-06-06 16:38:03,2012-06-06 07:38:03,310376000,9229659,ZCDF4,CORAL PRINCESS,58.35475,-136.0216,12.1,49.0
2012-06-06 16:39:01,2012-06-06 07:39:01,310376000,9229659,ZCDF4,CORAL PRINCESS,58.35692,-136.017,12.0,48.1
2012-06-06 16:40:01,2012-06-06 07:40:01,310376000,9229659,ZCDF4,CORAL PRINCESS,58.35913,-136.0124,11.9,49.6
2012-06-06 16:41:01,2012-06-06 07:41:01,310376000,9229659,ZCDF4,CORAL PRINCESS,58.36127,-136.0076,11.7,49.8
2012-06-06 16:42:01,2012-06-06 07:42:01,310376000,9229659,ZCDF4,CORAL PRINCESS,58.36317,-136.0029,11.3,53.7
2012-06-06 16:43:11,2012-06-06 07:43:11,310376000,9229659,ZCDF4,CORAL PRINCESS,58.36506,-135.9972,10.8,60.1
2012-06-06 16:44:01,2012-06-06 07:44:01,310376000,9229659,ZCDF4,CORAL PRINCESS,58.36631,-135.9933,10.2,58.7
2012-06-06 16:45:01,2012-06-06 07:45:01,310376000,9229659,ZCDF4,CORAL PRINCESS,58.36784,-135.9891,9.6,53.9
2012-06-06 16:46:01,2012-06-06 07:46:01,310376000,9229659,ZCDF4,CORAL PRINCESS,58.36946,-135.9853,9.1,47.6
2012-06-06 16:47:03,2012-06-06 07:47:03,310376000,9229659,ZCDF4,CORAL PRINCESS,58.37121,-135.9817,9.2,46.8
2012-06-06 16:48:12,2012-06-06 07:48:12,310376000,9229659,ZCDF4,CORAL PRINCESS,58.37325,-135.9779,8.9,41.0
2012-06-06 16:49:11,2012-06-06 07:49:11,310376000,9229659,ZCDF4,CORAL PRINCESS,58.3752,-135.9754,8.4,31.5
2012-06-06 16:50:02,2012-06-06 07:50:02,310376000,9229659,ZCDF4,CORAL PRINCESS,58.377,-135.9736,8.5,27.1
2012-06-06 16:51:03,2012-06-06 07:51:03,310376000,9229659,ZCDF4,CORAL PRINCESS,58.37917,-135.9718,8.8,23.0
2012-06-06 16:52:23,2012-06-06 07:52:23,310376000,9229659,ZCDF4,CORAL PRINCESS,58.38228,-135.9694,9.1,22.0
2012-06-06 16:53:03,2012-06-06 07:53:03,310376000,9229659,ZCDF4,CORAL PRINCESS,58.38387,-135.9683,9.2,19.9
2012-06-06 16:54:03,2012-06-06 07:54:03,310376000,9229659,ZCDF4,CORAL PRINCESS,58.3863,-135.9667,9.4,17.9
2012-06-06 16:55:02,2012-06-06 07:55:02,310376000,9229659,ZCDF4,CORAL PRINCESS,58.38877,-135.9652,9.5,17.8
2012-06-06 16:56:03,2012-06-06 07:56:03,310376000,9229659,ZCDF4,CORAL PRINCESS,58.39129,-135.9636,9.5,17.8
2012-06-06 16:57:03,2012-06-06 07:57:03,310376000,9229659,ZCDF4,CORAL PRINCESS,58.39373,-135.9621,9.2,17.5
2012-06-06 16:58:03,2012-06-06 07:58:03,310376000,9229659,ZCDF4,CORAL PRINCESS,58.39618,-135.9608,9.1,15.0
2012-06-06 16:59:03,2012-06-06 07:59:03,310376000,9229659,ZCDF4,CORAL PRINCESS,58.39861,-135.9597,9.1,12.5
2012-06-06 17:00:03,2012-06-06 08:00:03,310376000,9229659,ZCDF4,CORAL PRINCESS,58.40106,-135.9587,9.1,12.5
2012-06-06 17:01:03,2012-06-06 08:01:03,310376000,9229659,ZCDF4,CORAL PRINCESS,58.40358,-135.958,9.1,6.2
2012-06-06 17:02:03,2012-06-06 08:02:03,310376000,9229659,ZCDF4,CORAL PRINCESS,58.40607,-135.9576,9.1,5.0
2012-06-06 17:03:03,2012-06-06 08:03:03,310376000,9229659,ZCDF4,CORAL PRINCESS,58.40861,-135.9572,9.1,3.7
2012-06-06 17:04:12,2012-06-06 08:04:12,310376000,9229659,ZCDF4,CORAL PRINCESS,58.41144,-135.9568,8.9,4.3
2012-06-06 17:05:02,2012-06-06 08:05:02,310376000,9229659,ZCDF4,CORAL PRINCESS,58.41345,-135.9568,8.6,0.3
2012-06-06 17:06:01,2012-06-06 08:06:01,310376000,9229659,ZCDF4,CORAL PRINCESS,58.41571,-135.957,8.1,356.0
2012-06-06 17:07:12,2012-06-06 08:07:12,310376000,9229659,ZCDF4,CORAL PRINCESS,58.41822,-135.9577,7.7,349.2
2012-06-06 17:08:01,2012-06-06 08:08:01,310376000,9229659,ZCDF4,CORAL PRINCESS,58.41988,-135.9585,7.5,345.2
2012-06-06 17:09:12,2012-06-06 08:09:12,310376000,9229659,ZCDF4,CORAL PRINCESS,58.42218,-135.96,7.4,339.0
2012-06-06 17:10:04,2012-06-06 08:10:04,310376000,9229659,ZCDF4,CORAL PRINCESS,58.42374,-135.9614,7.7,335.0
2012-06-06 17:11:02,2012-06-06 08:11:02,310376000,9229659,ZCDF4,CORAL PRINCESS,58.42564,-135.9634,8.1,330.0
2012-06-06 17:12:12,2012-06-06 08:12:12,310376000,9229659,ZCDF4,CORAL PRINCESS,58.42799,-135.9664,8.9,324.0
2012-06-06 17:13:01,2012-06-06 08:13:01,310376000,9229659,ZCDF4,CORAL PRINCESS,58.42957,-135.9689,9.4,320.0
2012-06-06 17:14:13,2012-06-06 08:14:13,310376000,9229659,ZCDF4,CORAL PRINCESS,58.43195,-135.9732,10.1,316.0
2012-06-06 17:15:33,2012-06-06 08:15:33,310376000,9229659,ZCDF4,CORAL PRINCESS,58.43452,-135.9786,10.9,310.4
2012-06-06 17:16:13,2012-06-06 08:16:13,310376000,9229659,ZCDF4,CORAL PRINCESS,58.43587,-135.9817,11.4,308.9
2012-06-06 17:17:02,2012-06-06 08:17:02,310376000,9229659,ZCDF4,CORAL PRINCESS,58.43725,-135.985,11.8,309.0
2012-06-06 17:18:01,2012-06-06 08:18:01,310376000,9229659,ZCDF4,CORAL PRINCESS,58.43966,-135.9907,12.2,308.5
2012-06-06 17:20:33,2012-06-06 08:20:33,310376000,9229659,ZCDF4,CORAL PRINCESS,58.44502,-136.0033,12.1,307.6
2012-06-06 17:21:12,2012-06-06 08:21:12,310376000,9229659,ZCDF4,CORAL PRINCESS,58.44637,-136.0065,12.0,309.6
2012-06-06 17:22:01,2012-06-06 08:22:01,310376000,9229659,ZCDF4,CORAL PRINCESS,58.44812,-136.0105,12.0,309.7
2012-06-06 17:23:02,2012-06-06 08:23:02,310376000,9229659,ZCDF4,CORAL PRINCESS,58.45038,-136.0153,12.1,311.8
2012-06-06 17:24:12,2012-06-06 08:24:12,310376000,9229659,ZCDF4,CORAL PRINCESS,58.45304,-136.0206,12.1,314.8
2012-06-06 17:25:02,2012-06-06 08:25:02,310376000,9229659,ZCDF4,CORAL PRINCESS,58.45509,-136.0242,11.7,318.6
2012-06-06 17:26:23,2012-06-06 08:26:23,310376000,9229659,ZCDF4,CORAL PRINCESS,58.45852,-136.029,11.0,327.1
2012-06-06 17:27:02,2012-06-06 08:27:02,310376000,9229659,ZCDF4,CORAL PRINCESS,58.46023,-136.0308,10.8,331.7
2012-06-06 17:28:11,2012-06-06 08:28:11,310376000,9229659,ZCDF4,CORAL PRINCESS,58.46341,-136.0332,10.7,340.3
2012-06-06 17:29:31,2012-06-06 08:29:31,310376000,9229659,ZCDF4,CORAL PRINCESS,58.46722,-136.0355,11.0,343.0
2012-06-06 17:30:02,2012-06-06 08:30:02,310376000,9229659,ZCDF4,CORAL PRINCESS,58.46869,-136.0364,11.1,343.0
2012-06-06 17:31:53,2012-06-06 08:31:53,310376000,9229659,ZCDF4,CORAL PRINCESS,58.47419,-136.0397,11.3,340.9
2012-06-06 17:32:03,2012-06-06 08:32:03,310376000,9229659,ZCDF4,CORAL PRINCESS,58.47469,-136.04,11.4,340.9
2012-06-06 17:33:12,2012-06-06 08:33:12,310376000,9229659,ZCDF4,CORAL PRINCESS,58.47816,-136.0423,11.7,341.0
2012-06-06 17:34:12,2012-06-06 08:34:12,310376000,9229659,ZCDF4,CORAL PRINCESS,58.48133,-136.0443,12.0,341.0
2012-06-06 17:35:03,2012-06-06 08:35:03,310376000,9229659,ZCDF4,CORAL PRINCESS,58.48402,-136.0461,12.2,342.0
2012-06-06 17:36:02,2012-06-06 08:36:02,310376000,9229659,ZCDF4,CORAL PRINCESS,58.48732,-136.0481,12.5,342.0
2012-06-06 17:37:12,2012-06-06 08:37:12,310376000,9229659,ZCDF4,CORAL PRINCESS,58.49111,-136.0506,12.7,342.0
2012-06-06 17:38:02,2012-06-06 08:38:02,310376000,9229659,ZCDF4,CORAL PRINCESS,58.49398,-136.0523,12.9,341.6
2012-06-06 17:39:22,2012-06-06 08:39:22,310376000,9229659,ZCDF4,CORAL PRINCESS,58.49864,-136.055,13.1,345.1
2012-06-06 17:40:12,2012-06-06 08:40:12,310376000,9229659,ZCDF4,CORAL PRINCESS,58.50149,-136.0561,12.8,351.1
2012-06-06 17:41:02,2012-06-06 08:41:02,310376000,9229659,ZCDF4,CORAL PRINCESS,58.50431,-136.0564,12.4,358.5
2012-06-06 17:42:01,2012-06-06 08:42:01,310376000,9229659,ZCDF4,CORAL PRINCESS,58.50772,-136.0564,12.2,0.9
2012-06-06 17:43:01,2012-06-06 08:43:01,310376000,9229659,ZCDF4,CORAL PRINCESS,58.51107,-136.0562,12.2,1.3
2012-06-06 17:44:31,2012-06-06 08:44:31,310376000,9229659,ZCDF4,CORAL PRINCESS,58.51616,-136.0563,12.2,359.2
2012-06-06 17:45:12,2012-06-06 08:45:12,310376000,9229659,ZCDF4,CORAL PRINCESS,58.51846,-136.0564,12.2,358.8
2012-06-06 17:46:01,2012-06-06 08:46:01,310376000,9229659,ZCDF4,CORAL PRINCESS,58.52123,-136.0565,12.3,359.2
2012-06-06 17:47:02,2012-06-06 08:47:02,310376000,9229659,ZCDF4,CORAL PRINCESS,58.52466,-136.0567,12.3,357.8
2012-06-06 17:48:02,2012-06-06 08:48:02,310376000,9229659,ZCDF4,CORAL PRINCESS,58.52813,-136.057,12.4,356.9
2012-06-06 17:49:02,2012-06-06 08:49:02,310376000,9229659,ZCDF4,CORAL PRINCESS,58.53152,-136.0573,12.3,356.9
2012-06-06 17:50:03,2012-06-06 08:50:03,310376000,9229659,ZCDF4,CORAL PRINCESS,58.53497,-136.0576,12.3,356.9
2012-06-06 17:51:03,2012-06-06 08:51:03,310376000,9229659,ZCDF4,CORAL PRINCESS,58.53835,-136.0579,12.3,357.3
2012-06-06 17:52:03,2012-06-06 08:52:03,310376000,9229659,ZCDF4,CORAL PRINCESS,58.54174,-136.0583,12.3,356.9
2012-06-06 17:53:02,2012-06-06 08:53:02,310376000,9229659,ZCDF4,CORAL PRINCESS,58.54519,-136.0586,12.3,356.9
2012-06-06 17:54:23,2012-06-06 08:54:23,310376000,9229659,ZCDF4,CORAL PRINCESS,58.54971,-136.0591,12.3,356.0
2012-06-06 17:55:11,2012-06-06 08:55:11,310376000,9229659,ZCDF4,CORAL PRINCESS,58.5525,-136.0595,12.4,355.0
2012-06-06 17:56:33,2012-06-06 08:56:33,310376000,9229659,ZCDF4,CORAL PRINCESS,58.55716,-136.0602,12.4,356.0
2012-06-06 17:57:11,2012-06-06 08:57:11,310376000,9229659,ZCDF4,CORAL PRINCESS,58.55937,-136.0605,12.5,355.5
2012-06-06 17:58:03,2012-06-06 08:58:03,310376000,9229659,ZCDF4,CORAL PRINCESS,58.56229,-136.0609,12.5,355.0
2012-06-06 17:59:02,2012-06-06 08:59:02,310376000,9229659,ZCDF4,CORAL PRINCESS,58.56579,-136.0614,12.5,356.0
2012-06-06 18:00:03,2012-06-06 09:00:03,310376000,9229659,ZCDF4,CORAL PRINCESS,58.56924,-136.0618,12.5,356.9
2012-06-06 18:01:22,2012-06-06 09:01:22,310376000,9229659,ZCDF4,CORAL PRINCESS,58.57382,-136.0623,12.5,356.9
2012-06-06 18:02:03,2012-06-06 09:02:03,310376000,9229659,ZCDF4,CORAL PRINCESS,58.57618,-136.0625,12.5,356.9
2012-06-06 18:03:12,2012-06-06 09:03:12,310376000,9229659,ZCDF4,CORAL PRINCESS,58.58014,-136.0629,12.5,356.9
2012-06-06 18:04:12,2012-06-06 09:04:12,310376000,9229659,ZCDF4,CORAL PRINCESS,58.58366,-136.0632,12.6,356.9
2012-06-06 18:05:22,2012-06-06 09:05:22,310376000,9229659,ZCDF4,CORAL PRINCESS,58.58768,-136.0639,12.5,353.8
2012-06-06 18:06:12,2012-06-06 09:06:12,310376000,9229659,ZCDF4,CORAL PRINCESS,58.59049,-136.0648,12.4,350.3
2012-06-06 18:07:03,2012-06-06 09:07:03,310376000,9229659,ZCDF4,CORAL PRINCESS,58.59337,-136.066,12.3,346.8
2012-06-06 18:08:03,2012-06-06 09:08:03,310376000,9229659,ZCDF4,CORAL PRINCESS,58.59668,-136.0676,12.4,344.9
2012-06-06 18:09:02,2012-06-06 09:09:02,310376000,9229659,ZCDF4,CORAL PRINCESS,58.59982,-136.0695,12.4,341.7
2012-06-06 18:10:01,2012-06-06 09:10:01,310376000,9229659,ZCDF4,CORAL PRINCESS,58.60301,-136.072,12.4,336.3
2012-06-06 18:11:02,2012-06-06 09:11:02,310376000,9229659,ZCDF4,CORAL PRINCESS,58.60599,-136.0752,12.3,328.9
2012-06-06 18:12:22,2012-06-06 09:12:22,310376000,9229659,ZCDF4,CORAL PRINCESS,58.60976,-136.0804,12.4,322.4
2012-06-06 18:13:01,2012-06-06 09:13:01,310376000,9229659,ZCDF4,CORAL PRINCESS,58.61148,-136.0831,12.4,321.0
2012-06-06 18:14:02,2012-06-06 09:14:02,310376000,9229659,ZCDF4,CORAL PRINCESS,58.61415,-136.0872,12.5,321.0
2012-06-06 18:15:02,2012-06-06 09:15:02,310376000,9229659,ZCDF4,CORAL PRINCESS,58.61682,-136.0914,12.6,321.0
2012-06-06 18:16:12,2012-06-06 09:16:12,310376000,9229659,ZCDF4,CORAL PRINCESS,58.62003,-136.0964,12.6,321.0
2012-06-06 18:17:03,2012-06-06 09:17:03,310376000,9229659,ZCDF4,CORAL PRINCESS,58.62233,-136.0999,12.7,321.0
2012-06-06 18:18:03,2012-06-06 09:18:03,310376000,9229659,ZCDF4,CORAL PRINCESS,58.62505,-136.1042,12.7,321.0
2012-06-06 18:19:11,2012-06-06 09:19:11,310376000,9229659,ZCDF4,CORAL PRINCESS,58.62822,-136.1091,12.7,321.5
2012-06-06 18:20:04,2012-06-06 09:20:04,310376000,9229659,ZCDF4,CORAL PRINCESS,58.63055,-136.1127,12.7,321.0
2012-06-06 18:21:12,2012-06-06 09:21:12,310376000,9229659,ZCDF4,CORAL PRINCESS,58.63371,-136.1176,12.7,321.0
2012-06-06 18:22:04,2012-06-06 09:22:04,310376000,9229659,ZCDF4,CORAL PRINCESS,58.63603,-136.1212,12.7,321.0
2012-06-06 18:23:03,2012-06-06 09:23:03,310376000,9229659,ZCDF4,CORAL PRINCESS,58.63875,-136.1255,12.7,321.0
2012-06-06 18:24:03,2012-06-06 09:24:03,310376000,9229659,ZCDF4,CORAL PRINCESS,58.64151,-136.1296,12.7,323.0
2012-06-06 18:25:02,2012-06-06 09:25:02,310376000,9229659,ZCDF4,CORAL PRINCESS,58.64436,-136.1335,12.7,324.5
2012-06-06 18:26:12,2012-06-06 09:26:12,310376000,9229659,ZCDF4,CORAL PRINCESS,58.64752,-136.1382,12.7,321.4
2012-06-06 18:27:02,2012-06-06 09:27:02,310376000,9229659,ZCDF4,CORAL PRINCESS,58.64988,-136.142,12.8,320.0
2012-06-06 18:28:03,2012-06-06 09:28:03,310376000,9229659,ZCDF4,CORAL PRINCESS,58.65266,-136.1463,13.1,320.0
2012-06-06 18:29:03,2012-06-06 09:29:03,310376000,9229659,ZCDF4,CORAL PRINCESS,58.65551,-136.1509,13.7,320.0
2012-06-06 18:30:00,2012-06-06 09:30:00,310376000,9229659,ZCDF4,CORAL PRINCESS,58.65839,-136.1555,14.3,320.0
2012-06-06 18:31:00,2012-06-06 09:31:00,310376000,9229659,ZCDF4,CORAL PRINCESS,58.66153,-136.1605,15.0,320.0
2012-06-06 18:32:00,2012-06-06 09:32:00,310376000,9229659,ZCDF4,CORAL PRINCESS,58.66486,-136.1658,15.8,319.6
2012-06-06 18:33:00,2012-06-06 09:33:00,310376000,9229659,ZCDF4,CORAL PRINCESS,58.6683,-136.1714,16.5,319.6
2012-06-06 18:34:00,2012-06-06 09:34:00,310376000,9229659,ZCDF4,CORAL PRINCESS,58.67188,-136.1771,17.1,320.0
2012-06-06 18:35:01,2012-06-06 09:35:01,310376000,9229659,ZCDF4,CORAL PRINCESS,58.67558,-136.183,17.3,320.0
2012-06-06 18:36:00,2012-06-06 09:36:00,310376000,9229659,ZCDF4,CORAL PRINCESS,58.67926,-136.1889,17.5,319.6
2012-06-06 18:37:00,2012-06-06 09:37:00,310376000,9229659,ZCDF4,CORAL PRINCESS,58.68296,-136.1949,17.6,319.6
2012-06-06 18:38:00,2012-06-06 09:38:00,310376000,9229659,ZCDF4,CORAL PRINCESS,58.68674,-136.201,17.6,319.6
2012-06-06 18:39:00,2012-06-06 09:39:00,310376000,9229659,ZCDF4,CORAL PRINCESS,58.69051,-136.2071,17.5,320.0
2012-06-06 18:40:00,2012-06-06 09:40:00,310376000,9229659,ZCDF4,CORAL PRINCESS,58.69427,-136.2131,17.5,320.0
2012-06-06 18:41:00,2012-06-06 09:41:00,310376000,9229659,ZCDF4,CORAL PRINCESS,58.69792,-136.219,17.5,320.0
2012-06-06 18:42:06,2012-06-06 09:42:06,310376000,9229659,ZCDF4,CORAL PRINCESS,58.702,-136.2255,17.5,320.0
2012-06-06 18:43:00,2012-06-06 09:43:00,310376000,9229659,ZCDF4,CORAL PRINCESS,58.7054,-136.2309,17.6,320.0
2012-06-06 18:44:00,2012-06-06 09:44:00,310376000,9229659,ZCDF4,CORAL PRINCESS,58.70913,-136.2369,17.6,319.6
2012-06-06 18:45:00,2012-06-06 09:45:00,310376000,9229659,ZCDF4,CORAL PRINCESS,58.71287,-136.2428,17.6,320.0
2012-06-06 18:46:00,2012-06-06 09:46:00,310376000,9229659,ZCDF4,CORAL PRINCESS,58.71666,-136.2488,17.5,320.6
2012-06-06 18:47:00,2012-06-06 09:47:00,310376000,9229659,ZCDF4,CORAL PRINCESS,58.72038,-136.2547,17.5,320.9
2012-06-06 18:48:00,2012-06-06 09:48:00,310376000,9229659,ZCDF4,CORAL PRINCESS,58.72412,-136.2605,17.4,320.9
2012-06-06 18:49:01,2012-06-06 09:49:01,310376000,9229659,ZCDF4,CORAL PRINCESS,58.72787,-136.2665,17.4,319.6
2012-06-06 18:50:06,2012-06-06 09:50:06,310376000,9229659,ZCDF4,CORAL PRINCESS,58.73162,-136.2734,17.3,314.9
2012-06-06 18:51:01,2012-06-06 09:51:01,310376000,9229659,ZCDF4,CORAL PRINCESS,58.73451,-136.2797,17.2,310.3
2012-06-06 18:52:01,2012-06-06 09:52:01,310376000,9229659,ZCDF4,CORAL PRINCESS,58.73757,-136.2869,17.2,308.9
2012-06-06 18:53:00,2012-06-06 09:53:00,310376000,9229659,ZCDF4,CORAL PRINCESS,58.74054,-136.2941,17.2,308.9
2012-06-06 18:54:00,2012-06-06 09:54:00,310376000,9229659,ZCDF4,CORAL PRINCESS,58.7435,-136.3011,17.2,308.9
2012-06-06 18:55:00,2012-06-06 09:55:00,310376000,9229659,ZCDF4,CORAL PRINCESS,58.74649,-136.3084,17.2,308.0
2012-06-06 18:56:06,2012-06-06 09:56:06,310376000,9229659,ZCDF4,CORAL PRINCESS,58.74972,-136.3162,17.2,308.9
2012-06-06 18:57:00,2012-06-06 09:57:00,310376000,9229659,ZCDF4,CORAL PRINCESS,58.75233,-136.3225,17.2,308.0
2012-06-06 18:58:00,2012-06-06 09:58:00,310376000,9229659,ZCDF4,CORAL PRINCESS,58.75532,-136.3298,17.2,308.0
2012-06-06 18:59:06,2012-06-06 09:59:06,310376000,9229659,ZCDF4,CORAL PRINCESS,58.75856,-136.3376,17.2,308.0
2012-06-06 19:00:07,2012-06-06 10:00:07,310376000,9229659,ZCDF4,CORAL PRINCESS,58.76151,-136.3448,17.2,308.3
2012-06-06 19:01:00,2012-06-06 10:01:00,310376000,9229659,ZCDF4,CORAL PRINCESS,58.76414,-136.3513,17.3,308.0
2012-06-06 19:02:00,2012-06-06 10:02:00,310376000,9229659,ZCDF4,CORAL PRINCESS,58.76712,-136.3585,17.3,308.0
2012-06-06 19:03:00,2012-06-06 10:03:00,310376000,9229659,ZCDF4,CORAL PRINCESS,58.77006,-136.3657,17.3,308.0
2012-06-06 19:04:06,2012-06-06 10:04:06,310376000,9229659,ZCDF4,CORAL PRINCESS,58.77338,-136.3738,17.3,307.6
2012-06-06 19:05:07,2012-06-06 10:05:07,310376000,9229659,ZCDF4,CORAL PRINCESS,58.77635,-136.381,17.3,308.0
2012-06-06 19:06:13,2012-06-06 10:06:13,310376000,9229659,ZCDF4,CORAL PRINCESS,58.77968,-136.3891,17.4,308.0
2012-06-06 19:07:00,2012-06-06 10:07:00,310376000,9229659,ZCDF4,CORAL PRINCESS,58.78205,-136.3949,17.4,308.0
2012-06-06 19:08:01,2012-06-06 10:08:01,310376000,9229659,ZCDF4,CORAL PRINCESS,58.78504,-136.4021,17.4,308.0
2012-06-06 19:09:07,2012-06-06 10:09:07,310376000,9229659,ZCDF4,CORAL PRINCESS,58.7883,-136.4101,17.4,308.0
2012-06-06 19:10:07,2012-06-06 10:10:07,310376000,9229659,ZCDF4,CORAL PRINCESS,58.79131,-136.4175,17.4,307.6
2012-06-06 19:11:12,2012-06-06 10:11:12,310376000,9229659,ZCDF4,CORAL PRINCESS,58.79453,-136.4254,17.4,308.0
2012-06-06 19:12:12,2012-06-06 10:12:12,310376000,9229659,ZCDF4,CORAL PRINCESS,58.79749,-136.4328,17.4,308.0
2012-06-06 19:13:06,2012-06-06 10:13:06,310376000,9229659,ZCDF4,CORAL PRINCESS,58.80017,-136.4393,17.4,308.0
2012-06-06 19:14:00,2012-06-06 10:14:00,310376000,9229659,ZCDF4,CORAL PRINCESS,58.80289,-136.446,17.5,308.0
2012-06-06 19:15:00,2012-06-06 10:15:00,310376000,9229659,ZCDF4,CORAL PRINCESS,58.80585,-136.4534,17.5,308.0
2012-06-06 19:16:02,2012-06-06 10:16:02,310376000,9229659,ZCDF4,CORAL PRINCESS,58.80883,-136.4608,17.6,307.6
2012-06-06 19:17:00,2012-06-06 10:17:00,310376000,9229659,ZCDF4,CORAL PRINCESS,58.81182,-136.4682,17.6,308.0
2012-06-06 19:18:00,2012-06-06 10:18:00,310376000,9229659,ZCDF4,CORAL PRINCESS,58.81483,-136.4756,17.6,307.6
2012-06-06 19:19:01,2012-06-06 10:19:01,310376000,9229659,ZCDF4,CORAL PRINCESS,58.81788,-136.483,17.6,308.0
2012-06-06 19:20:00,2012-06-06 10:20:00,310376000,9229659,ZCDF4,CORAL PRINCESS,58.82088,-136.4905,17.6,308.0
2012-06-06 19:21:00,2012-06-06 10:21:00,310376000,9229659,ZCDF4,CORAL PRINCESS,58.82389,-136.4978,17.6,308.0
2012-06-06 19:22:00,2012-06-06 10:22:00,310376000,9229659,ZCDF4,CORAL PRINCESS,58.8269,-136.5052,17.6,308.0
2012-06-06 19:23:00,2012-06-06 10:23:00,310376000,9229659,ZCDF4,CORAL PRINCESS,58.82986,-136.5125,17.6,308.0
2012-06-06 19:24:00,2012-06-06 10:24:00,310376000,9229659,ZCDF4,CORAL PRINCESS,58.83291,-136.5199,17.5,308.0
2012-06-06 19:25:00,2012-06-06 10:25:00,310376000,9229659,ZCDF4,CORAL PRINCESS,58.83593,-136.5273,17.3,307.6
2012-06-06 19:26:06,2012-06-06 10:26:06,310376000,9229659,ZCDF4,CORAL PRINCESS,58.83898,-136.5354,17.0,306.0
2012-06-06 19:27:07,2012-06-06 10:27:07,310376000,9229659,ZCDF4,CORAL PRINCESS,58.84164,-136.5426,16.4,305.0
2012-06-06 19:28:01,2012-06-06 10:28:01,310376000,9229659,ZCDF4,CORAL PRINCESS,58.84381,-136.5491,15.6,300.7
2012-06-06 19:29:01,2012-06-06 10:29:01,310376000,9229659,ZCDF4,CORAL PRINCESS,58.84576,-136.5563,15.0,296.1
2012-06-06 19:30:01,2012-06-06 10:30:01,310376000,9229659,ZCDF4,CORAL PRINCESS,58.84731,-136.5635,14.6,290.7
2012-06-06 19:31:01,2012-06-06 10:31:01,310376000,9229659,ZCDF4,CORAL PRINCESS,58.84872,-136.5709,14.5,290.0
2012-06-06 19:32:01,2012-06-06 10:32:01,310376000,9229659,ZCDF4,CORAL PRINCESS,58.85009,-136.5781,14.5,290.0
2012-06-06 19:33:03,2012-06-06 10:33:03,310376000,9229659,ZCDF4,CORAL PRINCESS,58.85145,-136.5853,14.6,290.0
2012-06-06 19:34:00,2012-06-06 10:34:00,310376000,9229659,ZCDF4,CORAL PRINCESS,58.85284,-136.5927,14.7,290.0
2012-06-06 19:35:00,2012-06-06 10:35:00,310376000,9229659,ZCDF4,CORAL PRINCESS,58.85419,-136.6001,14.8,289.0
2012-06-06 19:36:00,2012-06-06 10:36:00,310376000,9229659,ZCDF4,CORAL PRINCESS,58.85536,-136.6078,14.9,284.7
2012-06-06 19:37:01,2012-06-06 10:37:01,310376000,9229659,ZCDF4,CORAL PRINCESS,58.85622,-136.6152,13.8,282.0
2012-06-06 19:38:02,2012-06-06 10:38:02,310376000,9229659,ZCDF4,CORAL PRINCESS,58.85704,-136.6221,12.9,284.1
2012-06-06 19:39:01,2012-06-06 10:39:01,310376000,9229659,ZCDF4,CORAL PRINCESS,58.85806,-136.6284,12.3,289.1
2012-06-06 19:40:00,2012-06-06 10:40:00,310376000,9229659,ZCDF4,CORAL PRINCESS,58.85926,-136.6346,12.0,291.0
2012-06-06 19:41:08,2012-06-06 10:41:08,310376000,9229659,ZCDF4,CORAL PRINCESS,58.86054,-136.6413,11.8,290.0
2012-06-06 19:42:08,2012-06-06 10:42:08,310376000,9229659,ZCDF4,CORAL PRINCESS,58.86167,-136.6472,11.8,290.5
2012-06-06 19:43:08,2012-06-06 10:43:08,310376000,9229659,ZCDF4,CORAL PRINCESS,58.86292,-136.653,11.7,292.5
2012-06-06 19:44:08,2012-06-06 10:44:08,310376000,9229659,ZCDF4,CORAL PRINCESS,58.86421,-136.6587,11.7,293.5
2012-06-06 19:45:27,2012-06-06 10:45:27,310376000,9229659,ZCDF4,CORAL PRINCESS,58.86594,-136.6663,11.7,294.0
2012-06-06 19:46:18,2012-06-06 10:46:18,310376000,9229659,ZCDF4,CORAL PRINCESS,58.86701,-136.6713,11.7,291.4
2012-06-06 19:49:58,2012-06-06 10:49:58,310376000,9229659,ZCDF4,CORAL PRINCESS,58.87045,-136.6931,11.7,289.5
2012-06-06 20:11:58,2012-06-06 11:11:58,310376000,9229659,ZCDF4,CORAL PRINCESS,58.89445,-136.7994,6.0,305.9
2012-06-06 20:12:38,2012-06-06 11:12:38,310376000,9229659,ZCDF4,CORAL PRINCESS,58.89507,-136.8011,6.0,305.9
2012-06-06 20:13:38,2012-06-06 11:13:38,310376000,9229659,ZCDF4,CORAL PRINCESS,58.89596,-136.8038,5.8,301.0
2012-06-06 20:29:57,2012-06-06 11:29:57,310376000,9229659,ZCDF4,CORAL PRINCESS,58.91164,-136.8458,5.3,309.0
2012-06-06 22:15:09,2012-06-06 13:15:09,310376000,9229659,ZCDF4,CORAL PRINCESS,59.04306,-137.0396,0.1,53.0
2012-06-06 22:18:48,2012-06-06 13:18:48,310376000,9229659,ZCDF4,CORAL PRINCESS,59.04312,-137.0394,0.1,54.0
2012-06-06 22:37:08,2012-06-06 13:37:08,310376000,9229659,ZCDF4,CORAL PRINCESS,59.03673,-137.0309,7.4,140.7
2012-06-06 22:49:08,2012-06-06 13:49:08,310376000,9229659,ZCDF4,CORAL PRINCESS,59.01196,-136.9918,10.8,145.0
2012-06-06 22:50:09,2012-06-06 13:50:09,310376000,9229659,ZCDF4,CORAL PRINCESS,59.00945,-136.9883,11.3,145.0
2012-06-06 22:51:28,2012-06-06 13:51:28,310376000,9229659,ZCDF4,CORAL PRINCESS,59.00596,-136.9835,11.6,144.0
2012-06-06 22:52:00,2012-06-06 13:52:00,310376000,9229659,ZCDF4,CORAL PRINCESS,59.0046,-136.9816,11.8,143.4
2012-06-06 22:53:08,2012-06-06 13:53:08,310376000,9229659,ZCDF4,CORAL PRINCESS,59.00154,-136.9772,12.1,143.9
2012-06-06 22:54:08,2012-06-06 13:54:08,310376000,9229659,ZCDF4,CORAL PRINCESS,58.99881,-136.9733,12.3,143.9
2012-06-06 22:55:38,2012-06-06 13:55:38,310376000,9229659,ZCDF4,CORAL PRINCESS,58.99469,-136.9672,12.4,142.9
2012-06-06 22:56:38,2012-06-06 13:56:38,310376000,9229659,ZCDF4,CORAL PRINCESS,58.99197,-136.9632,12.4,142.0
2012-06-06 22:57:18,2012-06-06 13:57:18,310376000,9229659,ZCDF4,CORAL PRINCESS,58.99016,-136.9605,12.4,142.0
2012-06-06 23:13:38,2012-06-06 14:13:38,310376000,9229659,ZCDF4,CORAL PRINCESS,58.94739,-136.9087,8.9,174.0
2012-06-06 23:15:08,2012-06-06 14:15:08,310376000,9229659,ZCDF4,CORAL PRINCESS,58.94373,-136.9082,8.8,177.0
2012-06-06 23:18:18,2012-06-06 14:18:18,310376000,9229659,ZCDF4,CORAL PRINCESS,58.93615,-136.9091,8.6,190.3
2012-06-06 23:19:38,2012-06-06 14:19:38,310376000,9229659,ZCDF4,CORAL PRINCESS,58.93311,-136.9106,8.6,195.6
2012-06-06 23:25:08,2012-06-06 14:25:08,310376000,9229659,ZCDF4,CORAL PRINCESS,58.92174,-136.9192,6.5,201.1
2012-06-06 23:31:59,2012-06-06 14:31:59,310376000,9229659,ZCDF4,CORAL PRINCESS,58.91553,-136.9276,1.9,213.9
2012-06-06 23:32:38,2012-06-06 14:32:38,310376000,9229659,ZCDF4,CORAL PRINCESS,58.91523,-136.9279,1.9,210.0
2012-06-07 00:14:06,2012-06-06 15:14:06,310376000,9229659,ZCDF4,CORAL PRINCESS,58.89097,-136.8459,8.4,101.6
2012-06-07 00:40:46,2012-06-06 15:40:46,310376000,9229659,ZCDF4,CORAL PRINCESS,58.87979,-136.7129,11.2,110.0
2012-06-07 00:41:15,2012-06-06 15:41:15,310376000,9229659,ZCDF4,CORAL PRINCESS,58.87929,-136.7102,11.2,110.0
2012-06-07 00:43:02,2012-06-06 15:43:02,310376000,9229659,ZCDF4,CORAL PRINCESS,58.87741,-136.7001,11.2,109.5
2012-06-07 00:44:01,2012-06-06 15:44:01,310376000,9229659,ZCDF4,CORAL PRINCESS,58.87637,-136.6946,11.2,109.5
2012-06-07 00:45:02,2012-06-06 15:45:02,310376000,9229659,ZCDF4,CORAL PRINCESS,58.87531,-136.6889,11.2,110.0
2012-06-07 00:46:09,2012-06-06 15:46:09,310376000,9229659,ZCDF4,CORAL PRINCESS,58.87413,-136.6825,11.2,110.0
2012-06-07 00:47:09,2012-06-06 15:47:09,310376000,9229659,ZCDF4,CORAL PRINCESS,58.87306,-136.6769,11.2,109.5
2012-06-07 00:48:10,2012-06-06 15:48:10,310376000,9229659,ZCDF4,CORAL PRINCESS,58.87198,-136.6712,11.3,110.0
2012-06-07 00:49:01,2012-06-06 15:49:01,310376000,9229659,ZCDF4,CORAL PRINCESS,58.87105,-136.6663,11.3,109.5
2012-06-07 00:50:01,2012-06-06 15:50:01,310376000,9229659,ZCDF4,CORAL PRINCESS,58.86997,-136.6606,11.3,109.5
2012-06-07 00:51:00,2012-06-06 15:51:00,310376000,9229659,ZCDF4,CORAL PRINCESS,58.86889,-136.6552,11.3,111.0
2012-06-07 00:52:07,2012-06-06 15:52:07,310376000,9229659,ZCDF4,CORAL PRINCESS,58.86757,-136.6488,11.3,112.0
2012-06-07 00:53:07,2012-06-06 15:53:07,310376000,9229659,ZCDF4,CORAL PRINCESS,58.86641,-136.6432,11.3,111.5
2012-06-07 00:54:07,2012-06-06 15:54:07,310376000,9229659,ZCDF4,CORAL PRINCESS,58.86521,-136.6376,11.3,111.5
2012-06-07 00:55:07,2012-06-06 15:55:07,310376000,9229659,ZCDF4,CORAL PRINCESS,58.86405,-136.632,11.3,112.0
2012-06-07 00:56:20,2012-06-06 15:56:20,310376000,9229659,ZCDF4,CORAL PRINCESS,58.86262,-136.6252,11.3,112.0
2012-06-07 00:57:00,2012-06-06 15:57:00,310376000,9229659,ZCDF4,CORAL PRINCESS,58.86187,-136.6216,11.3,112.0
2012-06-07 00:58:11,2012-06-06 15:58:11,310376000,9229659,ZCDF4,CORAL PRINCESS,58.86042,-136.6149,11.3,114.0
2012-06-07 00:59:11,2012-06-06 15:59:11,310376000,9229659,ZCDF4,CORAL PRINCESS,58.85912,-136.6094,11.3,115.0
2012-06-07 01:00:11,2012-06-06 16:00:11,310376000,9229659,ZCDF4,CORAL PRINCESS,58.85779,-136.604,11.3,115.0
2012-06-07 01:01:11,2012-06-06 16:01:11,310376000,9229659,ZCDF4,CORAL PRINCESS,58.85643,-136.5984,11.3,115.0
2012-06-07 01:02:09,2012-06-06 16:02:09,310376000,9229659,ZCDF4,CORAL PRINCESS,58.85513,-136.5931,11.5,115.9
2012-06-07 01:03:00,2012-06-06 16:03:00,310376000,9229659,ZCDF4,CORAL PRINCESS,58.85395,-136.5884,11.7,115.9
2012-06-07 01:04:00,2012-06-06 16:04:00,310376000,9229659,ZCDF4,CORAL PRINCESS,58.85255,-136.5827,11.8,115.0
2012-06-07 01:05:00,2012-06-06 16:05:00,310376000,9229659,ZCDF4,CORAL PRINCESS,58.85112,-136.5769,11.9,115.9
2012-06-07 01:06:00,2012-06-06 16:06:00,310376000,9229659,ZCDF4,CORAL PRINCESS,58.84969,-136.5711,12.0,115.9
2012-06-07 01:07:00,2012-06-06 16:07:00,310376000,9229659,ZCDF4,CORAL PRINCESS,58.84827,-136.5654,12.0,115.9
2012-06-07 01:08:00,2012-06-06 16:08:00,310376000,9229659,ZCDF4,CORAL PRINCESS,58.84688,-136.5597,12.1,115.0
2012-06-07 01:09:00,2012-06-06 16:09:00,310376000,9229659,ZCDF4,CORAL PRINCESS,58.84543,-136.5537,12.1,115.0
2012-06-07 01:10:00,2012-06-06 16:10:00,310376000,9229659,ZCDF4,CORAL PRINCESS,58.84391,-136.548,12.2,118.0
2012-06-07 01:11:00,2012-06-06 16:11:00,310376000,9229659,ZCDF4,CORAL PRINCESS,58.84221,-136.5424,12.2,122.0
2012-06-07 01:12:00,2012-06-06 16:12:00,310376000,9229659,ZCDF4,CORAL PRINCESS,58.84027,-136.5371,12.1,126.0
2012-06-07 01:13:10,2012-06-06 16:13:10,310376000,9229659,ZCDF4,CORAL PRINCESS,58.83793,-136.531,12.2,127.0
2012-06-07 01:14:00,2012-06-06 16:14:00,310376000,9229659,ZCDF4,CORAL PRINCESS,58.8362,-136.5266,12.2,127.0
2012-06-07 01:15:00,2012-06-06 16:15:00,310376000,9229659,ZCDF4,CORAL PRINCESS,58.83416,-136.5215,12.2,127.0
2012-06-07 01:16:00,2012-06-06 16:16:00,310376000,9229659,ZCDF4,CORAL PRINCESS,58.8321,-136.5163,12.3,127.9
2012-06-07 01:17:00,2012-06-06 16:17:00,310376000,9229659,ZCDF4,CORAL PRINCESS,58.83001,-136.5111,12.4,127.9
2012-06-07 01:18:00,2012-06-06 16:18:00,310376000,9229659,ZCDF4,CORAL PRINCESS,58.82788,-136.5058,12.5,127.9
2012-06-07 01:19:10,2012-06-06 16:19:10,310376000,9229659,ZCDF4,CORAL PRINCESS,58.82541,-136.4996,12.5,127.9
2012-06-07 01:20:10,2012-06-06 16:20:10,310376000,9229659,ZCDF4,CORAL PRINCESS,58.82329,-136.4944,12.5,128.3
2012-06-07 01:21:09,2012-06-06 16:21:09,310376000,9229659,ZCDF4,CORAL PRINCESS,58.82122,-136.4892,12.5,127.9
2012-06-07 01:22:00,2012-06-06 16:22:00,310376000,9229659,ZCDF4,CORAL PRINCESS,58.8194,-136.4847,12.5,127.9
2012-06-07 01:23:09,2012-06-06 16:23:09,310376000,9229659,ZCDF4,CORAL PRINCESS,58.81691,-136.4786,12.5,127.9
2012-06-07 01:24:09,2012-06-06 16:24:09,310376000,9229659,ZCDF4,CORAL PRINCESS,58.8148,-136.4733,12.5,127.0
2012-06-07 01:25:10,2012-06-06 16:25:10,310376000,9229659,ZCDF4,CORAL PRINCESS,58.81266,-136.468,12.5,127.9
2012-06-07 01:26:00,2012-06-06 16:26:00,310376000,9229659,ZCDF4,CORAL PRINCESS,58.81087,-136.4635,12.5,127.9
2012-06-07 01:27:00,2012-06-06 16:27:00,310376000,9229659,ZCDF4,CORAL PRINCESS,58.80878,-136.4582,12.5,127.0
2012-06-07 01:28:01,2012-06-06 16:28:01,310376000,9229659,ZCDF4,CORAL PRINCESS,58.80666,-136.4529,12.5,127.0
2012-06-07 01:29:10,2012-06-06 16:29:10,310376000,9229659,ZCDF4,CORAL PRINCESS,58.80422,-136.4467,12.5,127.0
2012-06-07 01:30:00,2012-06-06 16:30:00,310376000,9229659,ZCDF4,CORAL PRINCESS,58.80243,-136.4422,12.6,127.0
2012-06-07 01:31:00,2012-06-06 16:31:00,310376000,9229659,ZCDF4,CORAL PRINCESS,58.80035,-136.4369,12.6,127.0
2012-06-07 01:32:00,2012-06-06 16:32:00,310376000,9229659,ZCDF4,CORAL PRINCESS,58.79824,-136.4316,12.7,126.5
2012-06-07 01:33:00,2012-06-06 16:33:00,310376000,9229659,ZCDF4,CORAL PRINCESS,58.79608,-136.4261,12.7,127.0
2012-06-07 01:34:00,2012-06-06 16:34:00,310376000,9229659,ZCDF4,CORAL PRINCESS,58.79391,-136.4207,12.7,127.9
2012-06-07 01:35:00,2012-06-06 16:35:00,310376000,9229659,ZCDF4,CORAL PRINCESS,58.79179,-136.4153,12.7,127.9
2012-06-07 01:36:00,2012-06-06 16:36:00,310376000,9229659,ZCDF4,CORAL PRINCESS,58.78965,-136.41,12.7,127.9
2012-06-07 01:37:00,2012-06-06 16:37:00,310376000,9229659,ZCDF4,CORAL PRINCESS,58.78753,-136.4047,12.7,127.9
2012-06-07 01:38:01,2012-06-06 16:38:01,310376000,9229659,ZCDF4,CORAL PRINCESS,58.7853,-136.3992,12.7,127.9
2012-06-07 01:39:01,2012-06-06 16:39:01,310376000,9229659,ZCDF4,CORAL PRINCESS,58.78315,-136.3939,12.7,127.9
2012-06-07 01:40:01,2012-06-06 16:40:01,310376000,9229659,ZCDF4,CORAL PRINCESS,58.78101,-136.3885,12.6,127.9
2012-06-07 01:41:01,2012-06-06 16:41:01,310376000,9229659,ZCDF4,CORAL PRINCESS,58.77888,-136.3832,12.6,127.0
2012-06-07 01:42:02,2012-06-06 16:42:02,310376000,9229659,ZCDF4,CORAL PRINCESS,58.77674,-136.3779,12.5,127.9
2012-06-07 01:43:00,2012-06-06 16:43:00,310376000,9229659,ZCDF4,CORAL PRINCESS,58.77464,-136.3727,12.5,128.3
2012-06-07 01:44:01,2012-06-06 16:44:01,310376000,9229659,ZCDF4,CORAL PRINCESS,58.77254,-136.3674,12.5,127.0
2012-06-07 01:45:00,2012-06-06 16:45:00,310376000,9229659,ZCDF4,CORAL PRINCESS,58.77045,-136.3621,12.5,127.0
2012-06-07 01:46:00,2012-06-06 16:46:00,310376000,9229659,ZCDF4,CORAL PRINCESS,58.76833,-136.3568,12.4,127.0
2012-06-07 01:47:00,2012-06-06 16:47:00,310376000,9229659,ZCDF4,CORAL PRINCESS,58.76628,-136.3517,12.3,127.0
2012-06-07 01:48:11,2012-06-06 16:48:11,310376000,9229659,ZCDF4,CORAL PRINCESS,58.76382,-136.3455,12.3,127.9
2012-06-07 01:49:11,2012-06-06 16:49:11,310376000,9229659,ZCDF4,CORAL PRINCESS,58.76176,-136.3403,12.4,127.9
2012-06-07 01:50:11,2012-06-06 16:50:11,310376000,9229659,ZCDF4,CORAL PRINCESS,58.75963,-136.335,12.4,127.9
2012-06-07 01:51:10,2012-06-06 16:51:10,310376000,9229659,ZCDF4,CORAL PRINCESS,58.75756,-136.3299,12.5,127.0
2012-06-07 01:52:10,2012-06-06 16:52:10,310376000,9229659,ZCDF4,CORAL PRINCESS,58.75547,-136.3246,12.5,127.0
2012-06-07 01:53:10,2012-06-06 16:53:10,310376000,9229659,ZCDF4,CORAL PRINCESS,58.75337,-136.3193,12.5,127.0
2012-06-07 01:54:01,2012-06-06 16:54:01,310376000,9229659,ZCDF4,CORAL PRINCESS,58.75161,-136.3147,12.5,127.0
2012-06-07 01:55:01,2012-06-06 16:55:01,310376000,9229659,ZCDF4,CORAL PRINCESS,58.74949,-136.3093,12.5,127.0
2012-06-07 01:56:01,2012-06-06 16:56:01,310376000,9229659,ZCDF4,CORAL PRINCESS,58.74743,-136.304,12.5,127.0
2012-06-07 01:57:01,2012-06-06 16:57:01,310376000,9229659,ZCDF4,CORAL PRINCESS,58.74535,-136.2987,12.5,126.5
2012-06-07 01:58:01,2012-06-06 16:58:01,310376000,9229659,ZCDF4,CORAL PRINCESS,58.74316,-136.2935,12.5,129.6
2012-06-07 01:59:01,2012-06-06 16:59:01,310376000,9229659,ZCDF4,CORAL PRINCESS,58.74074,-136.2886,12.5,133.6
2012-06-07 02:00:01,2012-06-06 17:00:01,310376000,9229659,ZCDF4,CORAL PRINCESS,58.7383,-136.2839,12.6,134.5
2012-06-07 02:01:01,2012-06-06 17:01:01,310376000,9229659,ZCDF4,CORAL PRINCESS,58.73584,-136.2791,12.6,134.5
2012-06-07 02:02:00,2012-06-06 17:02:00,310376000,9229659,ZCDF4,CORAL PRINCESS,58.73344,-136.2745,12.6,135.0
2012-06-07 02:03:00,2012-06-06 17:03:00,310376000,9229659,ZCDF4,CORAL PRINCESS,58.73096,-136.2698,12.6,134.5
2012-06-07 02:04:00,2012-06-06 17:04:00,310376000,9229659,ZCDF4,CORAL PRINCESS,58.72844,-136.265,12.7,135.0
2012-06-07 02:05:00,2012-06-06 17:05:00,310376000,9229659,ZCDF4,CORAL PRINCESS,58.72593,-136.2603,12.7,136.0
2012-06-07 02:06:00,2012-06-06 17:06:00,310376000,9229659,ZCDF4,CORAL PRINCESS,58.72332,-136.2558,12.7,139.1
2012-06-07 02:07:01,2012-06-06 17:07:01,310376000,9229659,ZCDF4,CORAL PRINCESS,58.72056,-136.2514,12.7,140.5
2012-06-07 02:08:00,2012-06-06 17:08:00,310376000,9229659,ZCDF4,CORAL PRINCESS,58.71785,-136.2472,12.7,141.0
2012-06-07 02:09:01,2012-06-06 17:09:01,310376000,9229659,ZCDF4,CORAL PRINCESS,58.7151,-136.2429,12.6,141.0
2012-06-07 02:10:01,2012-06-06 17:10:01,310376000,9229659,ZCDF4,CORAL PRINCESS,58.71237,-136.2387,12.6,141.0
2012-06-07 02:11:01,2012-06-06 17:11:01,310376000,9229659,ZCDF4,CORAL PRINCESS,58.70964,-136.2345,12.6,141.0
2012-06-07 02:12:00,2012-06-06 17:12:00,310376000,9229659,ZCDF4,CORAL PRINCESS,58.70696,-136.2304,12.6,141.0
2012-06-07 02:13:00,2012-06-06 17:13:00,310376000,9229659,ZCDF4,CORAL PRINCESS,58.70424,-136.2262,12.7,140.5
2012-06-07 02:14:00,2012-06-06 17:14:00,310376000,9229659,ZCDF4,CORAL PRINCESS,58.70147,-136.2219,12.7,140.5
2012-06-07 02:15:01,2012-06-06 17:15:01,310376000,9229659,ZCDF4,CORAL PRINCESS,58.69872,-136.2177,12.7,140.5
2012-06-07 02:16:10,2012-06-06 17:16:10,310376000,9229659,ZCDF4,CORAL PRINCESS,58.69552,-136.2128,12.7,141.0
2012-06-07 02:17:00,2012-06-06 17:17:00,310376000,9229659,ZCDF4,CORAL PRINCESS,58.69324,-136.2092,12.8,140.5
2012-06-07 02:18:01,2012-06-06 17:18:01,310376000,9229659,ZCDF4,CORAL PRINCESS,58.69043,-136.2049,12.8,140.5
2012-06-07 02:19:01,2012-06-06 17:19:01,310376000,9229659,ZCDF4,CORAL PRINCESS,58.6876,-136.2006,12.8,141.0
2012-06-07 02:20:01,2012-06-06 17:20:01,310376000,9229659,ZCDF4,CORAL PRINCESS,58.68484,-136.1964,12.8,141.0
2012-06-07 02:21:01,2012-06-06 17:21:01,310376000,9229659,ZCDF4,CORAL PRINCESS,58.68205,-136.1921,12.8,141.8
2012-06-07 02:22:01,2012-06-06 17:22:01,310376000,9229659,ZCDF4,CORAL PRINCESS,58.67926,-136.188,12.8,141.8
2012-06-07 02:23:01,2012-06-06 17:23:01,310376000,9229659,ZCDF4,CORAL PRINCESS,58.67647,-136.1838,12.8,141.8
2012-06-07 02:24:01,2012-06-06 17:24:01,310376000,9229659,ZCDF4,CORAL PRINCESS,58.67368,-136.1796,12.8,141.8
2012-06-07 02:25:00,2012-06-06 17:25:00,310376000,9229659,ZCDF4,CORAL PRINCESS,58.67091,-136.1754,12.8,141.7
2012-06-07 02:26:00,2012-06-06 17:26:00,310376000,9229659,ZCDF4,CORAL PRINCESS,58.66812,-136.1712,12.8,141.7
2012-06-07 02:27:00,2012-06-06 17:27:00,310376000,9229659,ZCDF4,CORAL PRINCESS,58.66536,-136.167,12.8,140.8
2012-06-07 02:28:01,2012-06-06 17:28:01,310376000,9229659,ZCDF4,CORAL PRINCESS,58.66251,-136.1627,12.9,141.7
2012-06-07 02:29:00,2012-06-06 17:29:00,310376000,9229659,ZCDF4,CORAL PRINCESS,58.65973,-136.1585,12.9,141.7
2012-06-07 02:30:11,2012-06-06 17:30:11,310376000,9229659,ZCDF4,CORAL PRINCESS,58.65645,-136.1535,12.9,141.7
2012-06-07 02:31:11,2012-06-06 17:31:11,310376000,9229659,ZCDF4,CORAL PRINCESS,58.65362,-136.1494,12.9,141.7
2012-06-07 02:32:00,2012-06-06 17:32:00,310376000,9229659,ZCDF4,CORAL PRINCESS,58.65125,-136.1459,12.9,142.6
2012-06-07 02:33:00,2012-06-06 17:33:00,310376000,9229659,ZCDF4,CORAL PRINCESS,58.64843,-136.1418,12.9,141.7
2012-06-07 02:34:01,2012-06-06 17:34:01,310376000,9229659,ZCDF4,CORAL PRINCESS,58.64557,-136.1376,12.8,142.6
2012-06-07 02:35:01,2012-06-06 17:35:01,310376000,9229659,ZCDF4,CORAL PRINCESS,58.64279,-136.1334,12.7,141.2
2012-06-07 02:36:01,2012-06-06 17:36:01,310376000,9229659,ZCDF4,CORAL PRINCESS,58.64005,-136.1291,12.6,139.8
2012-06-07 02:37:01,2012-06-06 17:37:01,310376000,9229659,ZCDF4,CORAL PRINCESS,58.63738,-136.1249,12.5,139.8
2012-06-07 02:38:01,2012-06-06 17:38:01,310376000,9229659,ZCDF4,CORAL PRINCESS,58.63474,-136.1207,12.4,139.8
2012-06-07 02:39:01,2012-06-06 17:39:01,310376000,9229659,ZCDF4,CORAL PRINCESS,58.63211,-136.1165,12.3,139.8
2012-06-07 02:40:11,2012-06-06 17:40:11,310376000,9229659,ZCDF4,CORAL PRINCESS,58.62907,-136.1116,12.3,139.8
2012-06-07 02:41:20,2012-06-06 17:41:20,310376000,9229659,ZCDF4,CORAL PRINCESS,58.62604,-136.1067,12.3,140.3
2012-06-07 02:42:12,2012-06-06 17:42:12,310376000,9229659,ZCDF4,CORAL PRINCESS,58.62394,-136.1033,12.3,139.8
2012-06-07 02:43:10,2012-06-06 17:43:10,310376000,9229659,ZCDF4,CORAL PRINCESS,58.62136,-136.0991,12.2,139.8
2012-06-07 02:44:00,2012-06-06 17:44:00,310376000,9229659,ZCDF4,CORAL PRINCESS,58.61921,-136.0955,12.1,138.9
2012-06-07 02:45:10,2012-06-06 17:45:10,310376000,9229659,ZCDF4,CORAL PRINCESS,58.61621,-136.0906,12.1,138.9
2012-06-07 02:46:02,2012-06-06 17:46:02,310376000,9229659,ZCDF4,CORAL PRINCESS,58.61405,-136.0871,12.1,138.9
2012-06-07 02:47:01,2012-06-06 17:47:01,310376000,9229659,ZCDF4,CORAL PRINCESS,58.61154,-136.083,12.2,138.9
2012-06-07 02:48:01,2012-06-06 17:48:01,310376000,9229659,ZCDF4,CORAL PRINCESS,58.60897,-136.0788,12.2,141.4
2012-06-07 02:49:01,2012-06-06 17:49:01,310376000,9229659,ZCDF4,CORAL PRINCESS,58.60617,-136.0749,12.3,144.5
2012-06-07 02:50:10,2012-06-06 17:50:10,310376000,9229659,ZCDF4,CORAL PRINCESS,58.60281,-136.071,12.4,150.5
2012-06-07 02:51:01,2012-06-06 17:51:01,310376000,9229659,ZCDF4,CORAL PRINCESS,58.6002,-136.0686,12.4,154.5
2012-06-07 02:52:01,2012-06-06 17:52:01,310376000,9229659,ZCDF4,CORAL PRINCESS,58.59705,-136.0658,12.5,155.9
2012-06-07 02:53:01,2012-06-06 17:53:01,310376000,9229659,ZCDF4,CORAL PRINCESS,58.59386,-136.0631,12.4,155.4
2012-06-07 02:54:00,2012-06-06 17:54:00,310376000,9229659,ZCDF4,CORAL PRINCESS,58.59071,-136.0607,12.4,159.5
2012-06-07 02:55:01,2012-06-06 17:55:01,310376000,9229659,ZCDF4,CORAL PRINCESS,58.58743,-136.0589,12.4,165.2
2012-06-07 02:56:01,2012-06-06 17:56:01,310376000,9229659,ZCDF4,CORAL PRINCESS,58.58408,-136.0576,12.3,170.8
2012-06-07 02:57:00,2012-06-06 17:57:00,310376000,9229659,ZCDF4,CORAL PRINCESS,58.58071,-136.057,12.2,175.7
2012-06-07 02:58:01,2012-06-06 17:58:01,310376000,9229659,ZCDF4,CORAL PRINCESS,58.57727,-136.0567,12.3,179.2
2012-06-07 02:59:00,2012-06-06 17:59:00,310376000,9229659,ZCDF4,CORAL PRINCESS,58.5739,-136.0569,12.2,182.2
2012-06-07 03:00:01,2012-06-06 18:00:01,310376000,9229659,ZCDF4,CORAL PRINCESS,58.57051,-136.0572,12.3,182.6
2012-06-07 03:01:00,2012-06-06 18:01:00,310376000,9229659,ZCDF4,CORAL PRINCESS,58.56711,-136.0574,12.4,182.6
2012-06-07 03:02:01,2012-06-06 18:02:01,310376000,9229659,ZCDF4,CORAL PRINCESS,58.56364,-136.0578,12.4,183.1
2012-06-07 03:03:10,2012-06-06 18:03:10,310376000,9229659,ZCDF4,CORAL PRINCESS,58.55967,-136.0581,12.5,182.7
2012-06-07 03:04:01,2012-06-06 18:04:01,310376000,9229659,ZCDF4,CORAL PRINCESS,58.55671,-136.0584,12.6,182.7
2012-06-07 03:05:21,2012-06-06 18:05:21,310376000,9229659,ZCDF4,CORAL PRINCESS,58.55208,-136.0587,12.5,181.0
2012-06-07 03:06:01,2012-06-06 18:06:01,310376000,9229659,ZCDF4,CORAL PRINCESS,58.54974,-136.0588,12.4,179.5
2012-06-07 03:07:01,2012-06-06 18:07:01,310376000,9229659,ZCDF4,CORAL PRINCESS,58.54634,-136.0587,12.3,180.0
2012-06-07 03:08:01,2012-06-06 18:08:01,310376000,9229659,ZCDF4,CORAL PRINCESS,58.54295,-136.0587,12.3,180.0
2012-06-07 03:09:01,2012-06-06 18:09:01,310376000,9229659,ZCDF4,CORAL PRINCESS,58.53949,-136.0587,12.6,180.0
2012-06-07 03:10:01,2012-06-06 18:10:01,310376000,9229659,ZCDF4,CORAL PRINCESS,58.53594,-136.0586,12.9,180.0
2012-06-07 03:11:01,2012-06-06 18:11:01,310376000,9229659,ZCDF4,CORAL PRINCESS,58.53223,-136.0586,13.3,179.1
2012-06-07 03:12:01,2012-06-06 18:12:01,310376000,9229659,ZCDF4,CORAL PRINCESS,58.52851,-136.0585,13.6,180.0
2012-06-07 03:13:01,2012-06-06 18:13:01,310376000,9229659,ZCDF4,CORAL PRINCESS,58.5247,-136.0584,13.8,179.1
2012-06-07 03:14:02,2012-06-06 18:14:02,310376000,9229659,ZCDF4,CORAL PRINCESS,58.52087,-136.0583,13.9,178.7
2012-06-07 03:15:02,2012-06-06 18:15:02,310376000,9229659,ZCDF4,CORAL PRINCESS,58.51699,-136.0581,13.7,178.7
2012-06-07 03:16:01,2012-06-06 18:16:01,310376000,9229659,ZCDF4,CORAL PRINCESS,58.51328,-136.0579,13.4,177.8
2012-06-07 03:17:01,2012-06-06 18:17:01,310376000,9229659,ZCDF4,CORAL PRINCESS,58.50959,-136.0576,13.3,176.8
2012-06-07 03:18:00,2012-06-06 18:18:00,310376000,9229659,ZCDF4,CORAL PRINCESS,58.506,-136.0569,13.3,172.8
2012-06-07 03:19:00,2012-06-06 18:19:00,310376000,9229659,ZCDF4,CORAL PRINCESS,58.50229,-136.0557,13.5,169.3
2012-06-07 03:20:00,2012-06-06 18:20:00,310376000,9229659,ZCDF4,CORAL PRINCESS,58.49869,-136.054,13.7,164.7
2012-06-07 03:21:00,2012-06-06 18:21:00,310376000,9229659,ZCDF4,CORAL PRINCESS,58.49499,-136.052,14.0,163.9
2012-06-07 03:22:08,2012-06-06 18:22:08,310376000,9229659,ZCDF4,CORAL PRINCESS,58.49072,-136.0496,14.4,163.6
2012-06-07 03:23:08,2012-06-06 18:23:08,310376000,9229659,ZCDF4,CORAL PRINCESS,58.48677,-136.0478,14.6,165.6
2012-06-07 03:24:02,2012-06-06 18:24:02,310376000,9229659,ZCDF4,CORAL PRINCESS,58.48318,-136.0461,14.9,166.8
2012-06-07 03:25:06,2012-06-06 18:25:06,310376000,9229659,ZCDF4,CORAL PRINCESS,58.47909,-136.0443,15.3,166.1
2012-06-07 03:26:02,2012-06-06 18:26:02,310376000,9229659,ZCDF4,CORAL PRINCESS,58.47492,-136.0423,15.7,165.8
2012-06-07 03:27:14,2012-06-06 18:27:14,310376000,9229659,ZCDF4,CORAL PRINCESS,58.46978,-136.0394,16.1,162.0
2012-06-07 03:28:02,2012-06-06 18:28:02,310376000,9229659,ZCDF4,CORAL PRINCESS,58.46649,-136.037,16.4,158.4
2012-06-07 03:29:01,2012-06-06 18:29:01,310376000,9229659,ZCDF4,CORAL PRINCESS,58.46248,-136.0333,15.9,153.1
2012-06-07 03:30:01,2012-06-06 18:30:01,310376000,9229659,ZCDF4,CORAL PRINCESS,58.45878,-136.0292,15.1,149.5
2012-06-07 03:31:01,2012-06-06 18:31:01,310376000,9229659,ZCDF4,CORAL PRINCESS,58.45545,-136.0249,14.1,145.1
2012-06-07 03:32:01,2012-06-06 18:32:01,310376000,9229659,ZCDF4,CORAL PRINCESS,58.45254,-136.0204,13.2,140.2
2012-06-07 03:33:02,2012-06-06 18:33:02,310376000,9229659,ZCDF4,CORAL PRINCESS,58.45004,-136.0158,12.1,134.3
2012-06-07 03:34:02,2012-06-06 18:34:02,310376000,9229659,ZCDF4,CORAL PRINCESS,58.44791,-136.0114,11.2,132.6
2012-06-07 03:35:08,2012-06-06 18:35:08,310376000,9229659,ZCDF4,CORAL PRINCESS,58.44572,-136.0067,10.4,131.1
2012-06-07 03:36:08,2012-06-06 18:36:08,310376000,9229659,ZCDF4,CORAL PRINCESS,58.44389,-136.0027,9.9,130.1
2012-06-07 03:37:08,2012-06-06 18:37:08,310376000,9229659,ZCDF4,CORAL PRINCESS,58.44221,-135.9987,9.5,129.0
2012-06-07 03:38:08,2012-06-06 18:38:08,310376000,9229659,ZCDF4,CORAL PRINCESS,58.44065,-135.9948,9.2,126.9
2012-06-07 03:39:08,2012-06-06 18:39:08,310376000,9229659,ZCDF4,CORAL PRINCESS,58.43912,-135.991,9.0,128.3
2012-06-07 03:40:07,2012-06-06 18:40:07,310376000,9229659,ZCDF4,CORAL PRINCESS,58.43763,-135.9875,8.8,129.5
2012-06-07 03:41:08,2012-06-06 18:41:08,310376000,9229659,ZCDF4,CORAL PRINCESS,58.4359,-135.984,9.3,134.2
2012-06-07 03:42:07,2012-06-06 18:42:07,310376000,9229659,ZCDF4,CORAL PRINCESS,58.43389,-135.9806,9.8,140.4
2012-06-07 03:43:07,2012-06-06 18:43:07,310376000,9229659,ZCDF4,CORAL PRINCESS,58.43157,-135.9777,10.2,148.8
2012-06-07 03:44:07,2012-06-06 18:44:07,310376000,9229659,ZCDF4,CORAL PRINCESS,58.42891,-135.9754,10.7,158.3
2012-06-07 03:45:29,2012-06-06 18:45:29,310376000,9229659,ZCDF4,CORAL PRINCESS,58.42487,-135.9734,11.4,167.9
2012-06-07 03:46:07,2012-06-06 18:46:07,310376000,9229659,ZCDF4,CORAL PRINCESS,58.4228,-135.9727,11.7,171.0
2012-06-07 03:47:07,2012-06-06 18:47:07,310376000,9229659,ZCDF4,CORAL PRINCESS,58.41948,-135.9719,12.3,172.6
2012-06-07 03:48:07,2012-06-06 18:48:07,310376000,9229659,ZCDF4,CORAL PRINCESS,58.41601,-135.9711,12.7,172.7
2012-06-07 03:49:07,2012-06-06 18:49:07,310376000,9229659,ZCDF4,CORAL PRINCESS,58.41249,-135.9702,13.0,173.2
2012-06-07 03:50:09,2012-06-06 18:50:09,310376000,9229659,ZCDF4,CORAL PRINCESS,58.40888,-135.9694,13.2,173.2
2012-06-07 03:51:09,2012-06-06 18:51:09,310376000,9229659,ZCDF4,CORAL PRINCESS,58.40508,-135.9684,13.3,171.9
2012-06-07 03:52:08,2012-06-06 18:52:08,310376000,9229659,ZCDF4,CORAL PRINCESS,58.4014,-135.9674,13.5,172.0
2012-06-07 03:53:09,2012-06-06 18:53:09,310376000,9229659,ZCDF4,CORAL PRINCESS,58.39768,-135.9663,13.7,170.8
2012-06-07 03:54:17,2012-06-06 18:54:17,310376000,9229659,ZCDF4,CORAL PRINCESS,58.39339,-135.965,13.9,170.8
2012-06-07 03:55:00,2012-06-06 18:55:00,310376000,9229659,ZCDF4,CORAL PRINCESS,58.39069,-135.9641,14.1,170.9
2012-06-07 03:56:00,2012-06-06 18:56:00,310376000,9229659,ZCDF4,CORAL PRINCESS,58.38673,-135.963,14.3,171.7
2012-06-07 03:57:00,2012-06-06 18:57:00,310376000,9229659,ZCDF4,CORAL PRINCESS,58.38277,-135.9621,14.4,174.4
2012-06-07 03:58:00,2012-06-06 18:58:00,310376000,9229659,ZCDF4,CORAL PRINCESS,58.37882,-135.9614,14.3,174.5
2012-06-07 03:59:05,2012-06-06 18:59:05,310376000,9229659,ZCDF4,CORAL PRINCESS,58.37451,-135.9607,14.1,176.4
2012-06-07 04:00:05,2012-06-06 19:00:05,310376000,9229659,ZCDF4,CORAL PRINCESS,58.37064,-135.9601,14.1,175.8
2012-06-07 04:01:06,2012-06-06 19:01:06,310376000,9229659,ZCDF4,CORAL PRINCESS,58.3667,-135.9595,14.0,175.8
2012-06-07 04:02:00,2012-06-06 19:02:00,310376000,9229659,ZCDF4,CORAL PRINCESS,58.36316,-135.9591,14.0,175.8
2012-06-07 04:03:00,2012-06-06 19:03:00,310376000,9229659,ZCDF4,CORAL PRINCESS,58.3593,-135.9586,14.0,175.8
2012-06-07 04:04:02,2012-06-06 19:04:02,310376000,9229659,ZCDF4,CORAL PRINCESS,58.35531,-135.9581,14.0,175.8
2012-06-07 04:05:02,2012-06-06 19:05:02,310376000,9229659,ZCDF4,CORAL PRINCESS,58.35154,-135.9576,13.9,175.8
2012-06-07 04:06:02,2012-06-06 19:06:02,310376000,9229659,ZCDF4,CORAL PRINCESS,58.34766,-135.9569,13.8,173.2
2012-06-07 04:07:03,2012-06-06 19:07:03,310376000,9229659,ZCDF4,CORAL PRINCESS,58.34394,-135.9555,13.7,168.3
2012-06-07 04:08:02,2012-06-06 19:08:02,310376000,9229659,ZCDF4,CORAL PRINCESS,58.34039,-135.9534,13.4,158.8
2012-06-07 04:09:02,2012-06-06 19:09:02,310376000,9229659,ZCDF4,CORAL PRINCESS,58.33713,-135.9502,12.9,149.4
2012-06-07 04:10:02,2012-06-06 19:10:02,310376000,9229659,ZCDF4,CORAL PRINCESS,58.33428,-135.9463,12.7,141.8
2012-06-07 04:11:02,2012-06-06 19:11:02,310376000,9229659,ZCDF4,CORAL PRINCESS,58.33181,-135.9417,12.6,132.8
2012-06-07 04:12:02,2012-06-06 19:12:02,310376000,9229659,ZCDF4,CORAL PRINCESS,58.32972,-135.9364,12.4,124.8
2012-06-07 04:13:02,2012-06-06 19:13:02,310376000,9229659,ZCDF4,CORAL PRINCESS,58.32813,-135.9308,12.2,115.0
2012-06-07 04:14:02,2012-06-06 19:14:02,310376000,9229659,ZCDF4,CORAL PRINCESS,58.32684,-135.9248,12.2,111.1
2012-06-07 04:15:02,2012-06-06 19:15:02,310376000,9229659,ZCDF4,CORAL PRINCESS,58.32566,-135.9187,12.3,110.1
2012-06-07 04:16:02,2012-06-06 19:16:02,310376000,9229659,ZCDF4,CORAL PRINCESS,58.32462,-135.9127,12.2,107.1
2012-06-07 04:17:03,2012-06-06 19:17:03,310376000,9229659,ZCDF4,CORAL PRINCESS,58.32375,-135.9065,12.2,104.2
2012-06-07 04:18:02,2012-06-06 19:18:02,310376000,9229659,ZCDF4,CORAL PRINCESS,58.3229,-135.9001,12.3,104.1
2012-06-07 04:19:02,2012-06-06 19:19:02,310376000,9229659,ZCDF4,CORAL PRINCESS,58.32209,-135.8938,12.3,103.7
2012-06-07 04:20:01,2012-06-06 19:20:01,310376000,9229659,ZCDF4,CORAL PRINCESS,58.32129,-135.8877,12.4,104.1
2012-06-07 04:21:01,2012-06-06 19:21:01,310376000,9229659,ZCDF4,CORAL PRINCESS,58.32048,-135.8813,12.4,103.6
2012-06-07 04:22:01,2012-06-06 19:22:01,310376000,9229659,ZCDF4,CORAL PRINCESS,58.31972,-135.8749,12.3,101.8
2012-06-07 04:23:01,2012-06-06 19:23:01,310376000,9229659,ZCDF4,CORAL PRINCESS,58.31902,-135.8686,12.2,101.8
2012-06-07 04:24:01,2012-06-06 19:24:01,310376000,9229659,ZCDF4,CORAL PRINCESS,58.31834,-135.8623,12.2,100.9
2012-06-07 04:25:03,2012-06-06 19:25:03,310376000,9229659,ZCDF4,CORAL PRINCESS,58.31765,-135.856,12.1,101.9
2012-06-07 04:26:02,2012-06-06 19:26:02,310376000,9229659,ZCDF4,CORAL PRINCESS,58.3169,-135.8498,11.9,104.0
2012-06-07 04:27:02,2012-06-06 19:27:02,310376000,9229659,ZCDF4,CORAL PRINCESS,58.31609,-135.8437,11.8,104.4
2012-06-07 04:28:02,2012-06-06 19:28:02,310376000,9229659,ZCDF4,CORAL PRINCESS,58.31524,-135.8378,11.7,104.4
2012-06-07 04:29:02,2012-06-06 19:29:02,310376000,9229659,ZCDF4,CORAL PRINCESS,58.31438,-135.8318,11.7,105.9
2012-06-07 04:30:02,2012-06-06 19:30:02,310376000,9229659,ZCDF4,CORAL PRINCESS,58.31349,-135.826,11.8,105.9
2012-06-07 04:31:03,2012-06-06 19:31:03,310376000,9229659,ZCDF4,CORAL PRINCESS,58.31258,-135.82,11.8,105.9
2012-06-07 04:32:01,2012-06-06 19:32:01,310376000,9229659,ZCDF4,CORAL PRINCESS,58.31175,-135.8141,11.9,104.9
2012-06-07 04:33:01,2012-06-06 19:33:01,310376000,9229659,ZCDF4,CORAL PRINCESS,58.31094,-135.8079,12.1,104.0
2012-06-07 04:34:01,2012-06-06 19:34:01,310376000,9229659,ZCDF4,CORAL PRINCESS,58.31018,-135.8017,12.2,103.0
2012-06-07 04:35:01,2012-06-06 19:35:01,310376000,9229659,ZCDF4,CORAL PRINCESS,58.30943,-135.7955,12.3,103.0
2012-06-07 04:36:01,2012-06-06 19:36:01,310376000,9229659,ZCDF4,CORAL PRINCESS,58.30861,-135.7892,12.3,105.1
2012-06-07 04:37:01,2012-06-06 19:37:01,310376000,9229659,ZCDF4,CORAL PRINCESS,58.30755,-135.7831,12.2,109.6
2012-06-07 04:38:01,2012-06-06 19:38:01,310376000,9229659,ZCDF4,CORAL PRINCESS,58.3062,-135.7772,12.2,114.6
2012-06-07 04:39:01,2012-06-06 19:39:01,310376000,9229659,ZCDF4,CORAL PRINCESS,58.30462,-135.7715,12.2,119.0
2012-06-07 04:40:02,2012-06-06 19:40:02,310376000,9229659,ZCDF4,CORAL PRINCESS,58.30287,-135.7657,12.3,120.0
2012-06-07 04:41:02,2012-06-06 19:41:02,310376000,9229659,ZCDF4,CORAL PRINCESS,58.30117,-135.7601,12.4,120.0
2012-06-07 04:42:02,2012-06-06 19:42:02,310376000,9229659,ZCDF4,CORAL PRINCESS,58.29946,-135.7545,12.4,119.5
2012-06-07 04:43:01,2012-06-06 19:43:01,310376000,9229659,ZCDF4,CORAL PRINCESS,58.29775,-135.7488,12.5,120.0
2012-06-07 04:44:01,2012-06-06 19:44:01,310376000,9229659,ZCDF4,CORAL PRINCESS,58.29599,-135.743,12.7,119.0
2012-06-07 04:45:01,2012-06-06 19:45:01,310376000,9229659,ZCDF4,CORAL PRINCESS,58.29425,-135.7372,12.9,119.5
2012-06-07 04:46:01,2012-06-06 19:46:01,310376000,9229659,ZCDF4,CORAL PRINCESS,58.29249,-135.7313,13.0,120.0
2012-06-07 04:47:02,2012-06-06 19:47:02,310376000,9229659,ZCDF4,CORAL PRINCESS,58.2907,-135.7254,13.0,120.0
2012-06-07 04:48:01,2012-06-06 19:48:01,310376000,9229659,ZCDF4,CORAL PRINCESS,58.28892,-135.7195,13.1,120.0
2012-06-07 04:49:01,2012-06-06 19:49:01,310376000,9229659,ZCDF4,CORAL PRINCESS,58.28705,-135.7134,13.1,120.0
2012-06-07 04:50:01,2012-06-06 19:50:01,310376000,9229659,ZCDF4,CORAL PRINCESS,58.28525,-135.7075,13.1,120.0
2012-06-07 04:51:01,2012-06-06 19:51:01,310376000,9229659,ZCDF4,CORAL PRINCESS,58.2834,-135.7016,13.0,121.4
2012-06-07 04:52:02,2012-06-06 19:52:02,310376000,9229659,ZCDF4,CORAL PRINCESS,58.28147,-135.6958,13.0,122.2
2012-06-07 04:53:03,2012-06-06 19:53:03,310376000,9229659,ZCDF4,CORAL PRINCESS,58.27961,-135.6898,13.0,120.8
2012-06-07 04:54:03,2012-06-06 19:54:03,310376000,9229659,ZCDF4,CORAL PRINCESS,58.27777,-135.684,13.0,120.4
2012-06-07 04:55:03,2012-06-06 19:55:03,310376000,9229659,ZCDF4,CORAL PRINCESS,58.2759,-135.6781,13.1,120.8
2012-06-07 04:56:02,2012-06-06 19:56:02,310376000,9229659,ZCDF4,CORAL PRINCESS,58.27405,-135.6722,13.1,120.8
2012-06-07 04:57:03,2012-06-06 19:57:03,310376000,9229659,ZCDF4,CORAL PRINCESS,58.27221,-135.6664,13.0,120.8
2012-06-07 04:58:02,2012-06-06 19:58:02,310376000,9229659,ZCDF4,CORAL PRINCESS,58.27032,-135.6604,13.0,120.8
2012-06-07 04:59:02,2012-06-06 19:59:02,310376000,9229659,ZCDF4,CORAL PRINCESS,58.26844,-135.6546,13.0,122.2
2012-06-07 05:00:02,2012-06-06 20:00:02,310376000,9229659,ZCDF4,CORAL PRINCESS,58.26653,-135.6488,13.1,122.1
2012-06-07 05:01:02,2012-06-06 20:01:02,310376000,9229659,ZCDF4,CORAL PRINCESS,58.26463,-135.6429,13.1,122.1
2012-06-07 05:02:01,2012-06-06 20:02:01,310376000,9229659,ZCDF4,CORAL PRINCESS,58.26276,-135.6372,13.1,121.7
2012-06-07 05:03:01,2012-06-06 20:03:01,310376000,9229659,ZCDF4,CORAL PRINCESS,58.26085,-135.6313,13.2,122.1
2012-06-07 05:04:01,2012-06-06 20:04:01,310376000,9229659,ZCDF4,CORAL PRINCESS,58.25895,-135.6254,13.2,122.1
2012-06-07 05:05:01,2012-06-06 20:05:01,310376000,9229659,ZCDF4,CORAL PRINCESS,58.25702,-135.6195,13.2,122.1
2012-06-07 05:06:01,2012-06-06 20:06:01,310376000,9229659,ZCDF4,CORAL PRINCESS,58.25508,-135.6135,13.2,121.3
2012-06-07 05:07:01,2012-06-06 20:07:01,310376000,9229659,ZCDF4,CORAL PRINCESS,58.25318,-135.6076,13.2,120.8
2012-06-07 05:08:02,2012-06-06 20:08:02,310376000,9229659,ZCDF4,CORAL PRINCESS,58.25127,-135.6015,13.3,121.2
2012-06-07 05:09:02,2012-06-06 20:09:02,310376000,9229659,ZCDF4,CORAL PRINCESS,58.24936,-135.5956,13.3,121.4
2012-06-07 05:10:02,2012-06-06 20:10:02,310376000,9229659,ZCDF4,CORAL PRINCESS,58.24718,-135.5899,13.0,129.5
2012-06-07 05:11:02,2012-06-06 20:11:02,310376000,9229659,ZCDF4,CORAL PRINCESS,58.24476,-135.585,12.6,134.0
2012-06-07 05:12:02,2012-06-06 20:12:02,310376000,9229659,ZCDF4,CORAL PRINCESS,58.24242,-135.5801,12.6,130.2
2012-06-07 05:13:01,2012-06-06 20:13:01,310376000,9229659,ZCDF4,CORAL PRINCESS,58.24047,-135.5748,12.7,123.6
2012-06-07 05:14:01,2012-06-06 20:14:01,310376000,9229659,ZCDF4,CORAL PRINCESS,58.23862,-135.5689,13.0,120.2
2012-06-07 05:15:01,2012-06-06 20:15:01,310376000,9229659,ZCDF4,CORAL PRINCESS,58.23683,-135.5629,13.2,118.8
2012-06-07 05:16:01,2012-06-06 20:16:01,310376000,9229659,ZCDF4,CORAL PRINCESS,58.23503,-135.5569,13.3,118.8
2012-06-07 05:17:02,2012-06-06 20:17:02,310376000,9229659,ZCDF4,CORAL PRINCESS,58.23325,-135.5509,13.4,118.8
2012-06-07 05:18:02,2012-06-06 20:18:02,310376000,9229659,ZCDF4,CORAL PRINCESS,58.23138,-135.5445,13.5,119.2
2012-06-07 05:19:06,2012-06-06 20:19:06,310376000,9229659,ZCDF4,CORAL PRINCESS,58.22961,-135.5383,13.5,117.5
2012-06-07 05:20:04,2012-06-06 20:20:04,310376000,9229659,ZCDF4,CORAL PRINCESS,58.22783,-135.5321,13.5,118.0
2012-06-07 05:21:02,2012-06-06 20:21:02,310376000,9229659,ZCDF4,CORAL PRINCESS,58.22607,-135.5259,13.5,118.0
2012-06-07 05:22:02,2012-06-06 20:22:02,310376000,9229659,ZCDF4,CORAL PRINCESS,58.2243,-135.5196,13.5,118.0
2012-06-07 05:23:02,2012-06-06 20:23:02,310376000,9229659,ZCDF4,CORAL PRINCESS,58.22251,-135.5133,13.5,118.0
2012-06-07 05:24:02,2012-06-06 20:24:02,310376000,9229659,ZCDF4,CORAL PRINCESS,58.22077,-135.5071,13.5,118.0
2012-06-07 05:25:02,2012-06-06 20:25:02,310376000,9229659,ZCDF4,CORAL PRINCESS,58.21901,-135.5008,13.5,118.8
2012-06-07 05:26:06,2012-06-06 20:26:06,310376000,9229659,ZCDF4,CORAL PRINCESS,58.21723,-135.4946,13.4,118.8
2012-06-07 05:27:02,2012-06-06 20:27:02,310376000,9229659,ZCDF4,CORAL PRINCESS,58.21545,-135.4884,13.3,118.0
2012-06-07 05:28:12,2012-06-06 20:28:12,310376000,9229659,ZCDF4,CORAL PRINCESS,58.21341,-135.4813,13.2,118.8
2012-06-07 05:29:02,2012-06-06 20:29:02,310376000,9229659,ZCDF4,CORAL PRINCESS,58.21195,-135.4763,13.0,118.8
2012-06-07 05:30:02,2012-06-06 20:30:02,310376000,9229659,ZCDF4,CORAL PRINCESS,58.21022,-135.4704,12.9,118.8
2012-06-07 05:31:02,2012-06-06 20:31:02,310376000,9229659,ZCDF4,CORAL PRINCESS,58.2085,-135.4644,12.8,118.0
2012-06-07 05:32:02,2012-06-06 20:32:02,310376000,9229659,ZCDF4,CORAL PRINCESS,58.20686,-135.4586,12.8,118.0
2012-06-07 05:33:02,2012-06-06 20:33:02,310376000,9229659,ZCDF4,CORAL PRINCESS,58.20523,-135.4526,12.8,117.1
2012-06-07 05:34:01,2012-06-06 20:34:01,310376000,9229659,ZCDF4,CORAL PRINCESS,58.20361,-135.4467,12.8,118.0
2012-06-07 05:35:01,2012-06-06 20:35:01,310376000,9229659,ZCDF4,CORAL PRINCESS,58.20195,-135.4408,12.7,118.0
2012-06-07 05:36:01,2012-06-06 20:36:01,310376000,9229659,ZCDF4,CORAL PRINCESS,58.20034,-135.435,12.8,118.0
2012-06-07 05:37:01,2012-06-06 20:37:01,310376000,9229659,ZCDF4,CORAL PRINCESS,58.19868,-135.429,12.7,118.0
2012-06-07 05:38:01,2012-06-06 20:38:01,310376000,9229659,ZCDF4,CORAL PRINCESS,58.19706,-135.4231,12.7,117.0
2012-06-07 05:39:03,2012-06-06 20:39:03,310376000,9229659,ZCDF4,CORAL PRINCESS,58.1954,-135.417,12.7,117.6
2012-06-07 05:40:02,2012-06-06 20:40:02,310376000,9229659,ZCDF4,CORAL PRINCESS,58.19373,-135.4111,12.7,117.7
2012-06-07 05:41:02,2012-06-06 20:41:02,310376000,9229659,ZCDF4,CORAL PRINCESS,58.19209,-135.4054,12.7,117.7
2012-06-07 05:42:02,2012-06-06 20:42:02,310376000,9229659,ZCDF4,CORAL PRINCESS,58.19041,-135.3995,12.6,117.7
2012-06-07 05:43:02,2012-06-06 20:43:02,310376000,9229659,ZCDF4,CORAL PRINCESS,58.18877,-135.3937,12.5,119.6
2012-06-07 05:44:02,2012-06-06 20:44:02,310376000,9229659,ZCDF4,CORAL PRINCESS,58.1871,-135.3879,12.5,119.1
2012-06-07 05:45:02,2012-06-06 20:45:02,310376000,9229659,ZCDF4,CORAL PRINCESS,58.18546,-135.3823,12.4,119.6
2012-06-07 05:46:02,2012-06-06 20:46:02,310376000,9229659,ZCDF4,CORAL PRINCESS,58.18376,-135.3765,12.4,119.0
2012-06-07 05:47:03,2012-06-06 20:47:03,310376000,9229659,ZCDF4,CORAL PRINCESS,58.18212,-135.3707,12.4,117.6
2012-06-07 05:48:03,2012-06-06 20:48:03,310376000,9229659,ZCDF4,CORAL PRINCESS,58.1805,-135.3649,12.4,117.6
2012-06-07 05:49:03,2012-06-06 20:49:03,310376000,9229659,ZCDF4,CORAL PRINCESS,58.1789,-135.3593,12.5,117.7
2012-06-07 05:50:03,2012-06-06 20:50:03,310376000,9229659,ZCDF4,CORAL PRINCESS,58.17728,-135.3535,12.5,117.7
2012-06-07 05:51:03,2012-06-06 20:51:03,310376000,9229659,ZCDF4,CORAL PRINCESS,58.17562,-135.3476,12.5,117.7
2012-06-07 05:52:03,2012-06-06 20:52:03,310376000,9229659,ZCDF4,CORAL PRINCESS,58.17399,-135.3418,12.5,117.7
2012-06-07 05:53:02,2012-06-06 20:53:02,310376000,9229659,ZCDF4,CORAL PRINCESS,58.17238,-135.3362,12.6,117.7
2012-06-07 05:54:01,2012-06-06 20:54:01,310376000,9229659,ZCDF4,CORAL PRINCESS,58.17073,-135.3303,12.6,117.7
2012-06-07 05:55:02,2012-06-06 20:55:02,310376000,9229659,ZCDF4,CORAL PRINCESS,58.16903,-135.3244,12.7,117.7
2012-06-07 05:56:02,2012-06-06 20:56:02,310376000,9229659,ZCDF4,CORAL PRINCESS,58.16735,-135.3185,12.8,118.7
2012-06-07 05:57:01,2012-06-06 20:57:01,310376000,9229659,ZCDF4,CORAL PRINCESS,58.16567,-135.3126,12.9,117.7
2012-06-07 05:58:02,2012-06-06 20:58:02,310376000,9229659,ZCDF4,CORAL PRINCESS,58.16399,-135.3066,12.9,118.3
2012-06-07 05:59:02,2012-06-06 20:59:02,310376000,9229659,ZCDF4,CORAL PRINCESS,58.1623,-135.3007,12.9,117.7
2012-06-07 06:00:02,2012-06-06 21:00:02,310376000,9229659,ZCDF4,CORAL PRINCESS,58.1606,-135.2947,12.9,118.3
2012-06-07 06:01:02,2012-06-06 21:01:02,310376000,9229659,ZCDF4,CORAL PRINCESS,58.15883,-135.2887,12.9,119.6
2012-06-07 06:02:01,2012-06-06 21:02:01,310376000,9229659,ZCDF4,CORAL PRINCESS,58.15709,-135.2828,12.9,119.6
2012-06-07 06:03:04,2012-06-06 21:03:04,310376000,9229659,ZCDF4,CORAL PRINCESS,58.15533,-135.277,12.9,119.5
2012-06-07 06:04:04,2012-06-06 21:04:04,310376000,9229659,ZCDF4,CORAL PRINCESS,58.15355,-135.2712,12.8,119.5
2012-06-07 06:05:02,2012-06-06 21:05:02,310376000,9229659,ZCDF4,CORAL PRINCESS,58.15178,-135.2654,12.9,118.8
2012-06-07 06:06:02,2012-06-06 21:06:02,310376000,9229659,ZCDF4,CORAL PRINCESS,58.15019,-135.2592,12.8,114.7
2012-06-07 06:07:02,2012-06-06 21:07:02,310376000,9229659,ZCDF4,CORAL PRINCESS,58.14894,-135.2529,12.9,109.3
2012-06-07 06:08:02,2012-06-06 21:08:02,310376000,9229659,ZCDF4,CORAL PRINCESS,58.14799,-135.2464,12.9,104.3
2012-06-07 06:09:02,2012-06-06 21:09:02,310376000,9229659,ZCDF4,CORAL PRINCESS,58.14732,-135.2398,12.9,99.7
2012-06-07 06:10:02,2012-06-06 21:10:02,310376000,9229659,ZCDF4,CORAL PRINCESS,58.14692,-135.2332,12.9,95.3
2012-06-07 06:11:02,2012-06-06 21:11:02,310376000,9229659,ZCDF4,CORAL PRINCESS,58.14672,-135.2263,13.0,92.8
2012-06-07 06:12:02,2012-06-06 21:12:02,310376000,9229659,ZCDF4,CORAL PRINCESS,58.14656,-135.2194,13.1,92.4
2012-06-07 06:13:01,2012-06-06 21:13:01,310376000,9229659,ZCDF4,CORAL PRINCESS,58.14641,-135.2126,13.2,92.0
2012-06-07 06:14:01,2012-06-06 21:14:01,310376000,9229659,ZCDF4,CORAL PRINCESS,58.14626,-135.2057,13.3,91.5
2012-06-07 06:15:00,2012-06-06 21:15:00,310376000,9229659,ZCDF4,CORAL PRINCESS,58.14611,-135.1988,13.4,92.0
2012-06-07 06:16:00,2012-06-06 21:16:00,310376000,9229659,ZCDF4,CORAL PRINCESS,58.1459,-135.1918,13.4,92.4
2012-06-07 06:17:01,2012-06-06 21:17:01,310376000,9229659,ZCDF4,CORAL PRINCESS,58.14571,-135.1847,13.4,92.8
2012-06-07 06:18:02,2012-06-06 21:18:02,310376000,9229659,ZCDF4,CORAL PRINCESS,58.14547,-135.1777,13.4,93.7
2012-06-07 06:19:32,2012-06-06 21:19:32,310376000,9229659,ZCDF4,CORAL PRINCESS,58.14514,-135.1669,13.6,92.8
2012-06-07 06:20:00,2012-06-06 21:20:00,310376000,9229659,ZCDF4,CORAL PRINCESS,58.14503,-135.1636,13.6,92.8
2012-06-07 06:21:00,2012-06-06 21:21:00,310376000,9229659,ZCDF4,CORAL PRINCESS,58.1448,-135.1564,13.7,93.6
2012-06-07 06:22:01,2012-06-06 21:22:01,310376000,9229659,ZCDF4,CORAL PRINCESS,58.14455,-135.1492,13.7,93.6
2012-06-07 06:23:01,2012-06-06 21:23:01,310376000,9229659,ZCDF4,CORAL PRINCESS,58.14432,-135.142,13.8,92.6
2012-06-07 06:24:01,2012-06-06 21:24:01,310376000,9229659,ZCDF4,CORAL PRINCESS,58.14416,-135.1348,13.8,91.6
2012-06-07 06:25:00,2012-06-06 21:25:00,310376000,9229659,ZCDF4,CORAL PRINCESS,58.14403,-135.1279,13.7,92.0
2012-06-07 06:26:19,2012-06-06 21:26:19,310376000,9229659,ZCDF4,CORAL PRINCESS,58.14384,-135.1184,13.6,91.6
2012-06-07 06:27:19,2012-06-06 21:27:19,310376000,9229659,ZCDF4,CORAL PRINCESS,58.14369,-135.1113,13.6,92.1
2012-06-07 06:28:19,2012-06-06 21:28:19,310376000,9229659,ZCDF4,CORAL PRINCESS,58.14356,-135.1042,13.6,92.1
2012-06-07 06:29:19,2012-06-06 21:29:19,310376000,9229659,ZCDF4,CORAL PRINCESS,58.14339,-135.097,13.6,92.1
2012-06-07 06:30:19,2012-06-06 21:30:19,310376000,9229659,ZCDF4,CORAL PRINCESS,58.14323,-135.0898,13.6,93.3
2012-06-07 06:31:19,2012-06-06 21:31:19,310376000,9229659,ZCDF4,CORAL PRINCESS,58.14308,-135.0827,13.5,92.1
2012-06-07 06:32:19,2012-06-06 21:32:19,310376000,9229659,ZCDF4,CORAL PRINCESS,58.14293,-135.0756,13.4,92.1
2012-06-07 06:33:19,2012-06-06 21:33:19,310376000,9229659,ZCDF4,CORAL PRINCESS,58.14276,-135.0687,13.3,93.0
2012-06-07 06:34:19,2012-06-06 21:34:19,310376000,9229659,ZCDF4,CORAL PRINCESS,58.14268,-135.0618,13.2,89.4
2012-06-07 06:35:00,2012-06-06 21:35:00,310376000,9229659,ZCDF4,CORAL PRINCESS,58.14281,-135.0572,13.1,87.3
2012-06-07 06:36:00,2012-06-06 21:36:00,310376000,9229659,ZCDF4,CORAL PRINCESS,58.14326,-135.0504,12.9,80.5
2012-06-07 06:37:00,2012-06-06 21:37:00,310376000,9229659,ZCDF4,CORAL PRINCESS,58.144,-135.0439,12.8,75.5
2012-06-07 06:38:00,2012-06-06 21:38:00,310376000,9229659,ZCDF4,CORAL PRINCESS,58.14506,-135.0375,12.7,70.5
2012-06-07 06:39:00,2012-06-06 21:39:00,310376000,9229659,ZCDF4,CORAL PRINCESS,58.14658,-135.0315,12.5,62.5
2012-06-07 06:40:01,2012-06-06 21:40:01,310376000,9229659,ZCDF4,CORAL PRINCESS,58.14853,-135.0263,12.2,52.1
2012-06-07 06:41:03,2012-06-06 21:41:03,310376000,9229659,ZCDF4,CORAL PRINCESS,58.15091,-135.0218,12.1,42.1
2012-06-07 06:42:04,2012-06-06 21:42:04,310376000,9229659,ZCDF4,CORAL PRINCESS,58.15383,-135.018,12.0,30.7
2012-06-07 06:43:06,2012-06-06 21:43:06,310376000,9229659,ZCDF4,CORAL PRINCESS,58.15683,-135.0154,12.1,22.2
2012-06-07 06:44:04,2012-06-06 21:44:04,310376000,9229659,ZCDF4,CORAL PRINCESS,58.1601,-135.0137,12.2,13.7
2012-06-07 06:45:04,2012-06-06 21:45:04,310376000,9229659,ZCDF4,CORAL PRINCESS,58.16343,-135.0122,12.5,13.2
2012-06-07 06:46:06,2012-06-06 21:46:06,310376000,9229659,ZCDF4,CORAL PRINCESS,58.16691,-135.0108,12.8,11.7
2012-06-07 06:47:07,2012-06-06 21:47:07,310376000,9229659,ZCDF4,CORAL PRINCESS,58.17041,-135.0095,12.9,9.6
2012-06-07 06:48:03,2012-06-06 21:48:03,310376000,9229659,ZCDF4,CORAL PRINCESS,58.17379,-135.0085,13.0,8.7
2012-06-07 06:49:03,2012-06-06 21:49:03,310376000,9229659,ZCDF4,CORAL PRINCESS,58.17743,-135.0074,13.1,8.7
2012-06-07 06:50:01,2012-06-06 21:50:01,310376000,9229659,ZCDF4,CORAL PRINCESS,58.1809,-135.0065,13.2,7.8
2012-06-07 06:51:11,2012-06-06 21:51:11,310376000,9229659,ZCDF4,CORAL PRINCESS,58.18512,-135.0054,13.3,7.8
2012-06-07 06:52:21,2012-06-06 21:52:21,310376000,9229659,ZCDF4,CORAL PRINCESS,58.1894,-135.0043,13.3,7.8
2012-06-07 06:53:11,2012-06-06 21:53:11,310376000,9229659,ZCDF4,CORAL PRINCESS,58.19248,-135.0036,13.3,7.8
2012-06-07 06:54:11,2012-06-06 21:54:11,310376000,9229659,ZCDF4,CORAL PRINCESS,58.19607,-135.0027,13.3,7.8
2012-06-07 06:55:10,2012-06-06 21:55:10,310376000,9229659,ZCDF4,CORAL PRINCESS,58.19972,-135.0018,13.3,7.0
2012-06-07 06:56:10,2012-06-06 21:56:10,310376000,9229659,ZCDF4,CORAL PRINCESS,58.20335,-135.0013,13.2,1.8
2012-06-07 06:57:10,2012-06-06 21:57:10,310376000,9229659,ZCDF4,CORAL PRINCESS,58.20705,-135.0012,13.2,0.0
2012-06-07 06:58:10,2012-06-06 21:58:10,310376000,9229659,ZCDF4,CORAL PRINCESS,58.21071,-135.0012,13.3,0.0
2012-06-07 06:59:11,2012-06-06 21:59:11,310376000,9229659,ZCDF4,CORAL PRINCESS,58.21441,-135.0012,13.3,0.0
2012-06-07 07:00:10,2012-06-06 22:00:10,310376000,9229659,ZCDF4,CORAL PRINCESS,58.21811,-135.0011,13.4,0.0
2012-06-07 07:01:11,2012-06-06 22:01:11,310376000,9229659,ZCDF4,CORAL PRINCESS,58.22187,-135.0011,13.4,0.8
2012-06-07 07:02:11,2012-06-06 22:02:11,310376000,9229659,ZCDF4,CORAL PRINCESS,58.22556,-135.001,13.4,1.2
2012-06-07 07:03:11,2012-06-06 22:03:11,310376000,9229659,ZCDF4,CORAL PRINCESS,58.22933,-135.0009,13.4,0.0
2012-06-07 07:04:11,2012-06-06 22:04:11,310376000,9229659,ZCDF4,CORAL PRINCESS,58.23304,-135.0008,13.4,0.0
2012-06-07 07:05:11,2012-06-06 22:05:11,310376000,9229659,ZCDF4,CORAL PRINCESS,58.23675,-135.0008,13.4,0.0
2012-06-07 07:06:10,2012-06-06 22:06:10,310376000,9229659,ZCDF4,CORAL PRINCESS,58.24039,-135.0009,13.4,358.8
2012-06-07 07:07:10,2012-06-06 22:07:10,310376000,9229659,ZCDF4,CORAL PRINCESS,58.24416,-135.0011,13.4,358.0
2012-06-07 07:08:10,2012-06-06 22:08:10,310376000,9229659,ZCDF4,CORAL PRINCESS,58.24789,-135.0014,13.5,358.0
2012-06-07 07:09:10,2012-06-06 22:09:10,310376000,9229659,ZCDF4,CORAL PRINCESS,58.2516,-135.0017,13.4,358.0
2012-06-07 07:10:12,2012-06-06 22:10:12,310376000,9229659,ZCDF4,CORAL PRINCESS,58.25529,-135.0019,13.3,358.0
2012-06-07 07:11:11,2012-06-06 22:11:11,310376000,9229659,ZCDF4,CORAL PRINCESS,58.25898,-135.0022,13.3,357.5
2012-06-07 07:12:12,2012-06-06 22:12:12,310376000,9229659,ZCDF4,CORAL PRINCESS,58.26269,-135.0023,13.3,358.8
2012-06-07 07:13:11,2012-06-06 22:13:11,310376000,9229659,ZCDF4,CORAL PRINCESS,58.26635,-135.0025,13.2,358.0
2012-06-07 07:14:11,2012-06-06 22:14:11,310376000,9229659,ZCDF4,CORAL PRINCESS,58.27,-135.0027,13.2,358.0
2012-06-07 07:15:11,2012-06-06 22:15:11,310376000,9229659,ZCDF4,CORAL PRINCESS,58.27371,-135.003,13.2,358.0
2012-06-07 07:16:12,2012-06-06 22:16:12,310376000,9229659,ZCDF4,CORAL PRINCESS,58.27742,-135.0032,13.2,358.4
2012-06-07 07:17:11,2012-06-06 22:17:11,310376000,9229659,ZCDF4,CORAL PRINCESS,58.28102,-135.0034,13.2,358.0
2012-06-07 07:18:12,2012-06-06 22:18:12,310376000,9229659,ZCDF4,CORAL PRINCESS,58.28469,-135.0037,13.3,358.0
2012-06-07 07:19:11,2012-06-06 22:19:11,310376000,9229659,ZCDF4,CORAL PRINCESS,58.28836,-135.004,13.3,357.5
2012-06-07 07:20:11,2012-06-06 22:20:11,310376000,9229659,ZCDF4,CORAL PRINCESS,58.2921,-135.0042,13.3,357.5
2012-06-07 07:21:11,2012-06-06 22:21:11,310376000,9229659,ZCDF4,CORAL PRINCESS,58.29575,-135.0044,13.2,358.0
2012-06-07 07:22:11,2012-06-06 22:22:11,310376000,9229659,ZCDF4,CORAL PRINCESS,58.29942,-135.0046,13.2,358.0
2012-06-07 07:23:11,2012-06-06 22:23:11,310376000,9229659,ZCDF4,CORAL PRINCESS,58.30307,-135.0049,13.2,358.0
2012-06-07 07:24:11,2012-06-06 22:24:11,310376000,9229659,ZCDF4,CORAL PRINCESS,58.3068,-135.0051,13.3,358.0
2012-06-07 07:25:11,2012-06-06 22:25:11,310376000,9229659,ZCDF4,CORAL PRINCESS,58.3104,-135.0054,13.3,358.0
2012-06-07 07:26:11,2012-06-06 22:26:11,310376000,9229659,ZCDF4,CORAL PRINCESS,58.31405,-135.0057,13.3,358.0
2012-06-07 07:27:10,2012-06-06 22:27:10,310376000,9229659,ZCDF4,CORAL PRINCESS,58.31775,-135.006,13.3,358.0
2012-06-07 07:28:11,2012-06-06 22:28:11,310376000,9229659,ZCDF4,CORAL PRINCESS,58.32148,-135.0062,13.3,358.0
2012-06-07 07:29:10,2012-06-06 22:29:10,310376000,9229659,ZCDF4,CORAL PRINCESS,58.32515,-135.0065,13.3,357.5
2012-06-07 07:30:10,2012-06-06 22:30:10,310376000,9229659,ZCDF4,CORAL PRINCESS,58.32879,-135.0066,13.4,358.8
2012-06-07 07:31:11,2012-06-06 22:31:11,310376000,9229659,ZCDF4,CORAL PRINCESS,58.33249,-135.0068,13.4,358.0
2012-06-07 07:32:10,2012-06-06 22:32:10,310376000,9229659,ZCDF4,CORAL PRINCESS,58.3362,-135.007,13.5,358.0
2012-06-07 07:33:11,2012-06-06 22:33:11,310376000,9229659,ZCDF4,CORAL PRINCESS,58.33997,-135.0073,13.5,358.0
2012-06-07 07:34:10,2012-06-06 22:34:10,310376000,9229659,ZCDF4,CORAL PRINCESS,58.34371,-135.0076,13.5,356.8
2012-06-07 07:35:12,2012-06-06 22:35:12,310376000,9229659,ZCDF4,CORAL PRINCESS,58.34751,-135.0084,13.4,351.8
2012-06-07 07:36:12,2012-06-06 22:36:12,310376000,9229659,ZCDF4,CORAL PRINCESS,58.35118,-135.0095,13.5,350.8
2012-06-07 07:37:12,2012-06-06 22:37:12,310376000,9229659,ZCDF4,CORAL PRINCESS,58.35487,-135.0107,13.5,350.0
2012-06-07 07:38:12,2012-06-06 22:38:12,310376000,9229659,ZCDF4,CORAL PRINCESS,58.35857,-135.0119,13.6,350.0
2012-06-07 07:39:10,2012-06-06 22:39:10,310376000,9229659,ZCDF4,CORAL PRINCESS,58.3622,-135.013,13.5,350.0
2012-06-07 07:40:10,2012-06-06 22:40:10,310376000,9229659,ZCDF4,CORAL PRINCESS,58.36591,-135.0142,13.6,350.8
2012-06-07 07:41:10,2012-06-06 22:41:10,310376000,9229659,ZCDF4,CORAL PRINCESS,58.36961,-135.0153,13.6,350.8
2012-06-07 07:42:10,2012-06-06 22:42:10,310376000,9229659,ZCDF4,CORAL PRINCESS,58.37334,-135.0164,13.6,350.8
2012-06-07 07:43:10,2012-06-06 22:43:10,310376000,9229659,ZCDF4,CORAL PRINCESS,58.37705,-135.0176,13.6,350.8
2012-06-07 07:44:10,2012-06-06 22:44:10,310376000,9229659,ZCDF4,CORAL PRINCESS,58.38075,-135.0187,13.7,350.8
2012-06-07 07:45:10,2012-06-06 22:45:10,310376000,9229659,ZCDF4,CORAL PRINCESS,58.38454,-135.0199,13.7,351.2
2012-06-07 07:46:10,2012-06-06 22:46:10,310376000,9229659,ZCDF4,CORAL PRINCESS,58.38828,-135.0211,13.7,350.0
2012-06-07 07:47:11,2012-06-06 22:47:11,310376000,9229659,ZCDF4,CORAL PRINCESS,58.39206,-135.0224,13.7,349.5
2012-06-07 07:48:12,2012-06-06 22:48:12,310376000,9229659,ZCDF4,CORAL PRINCESS,58.39584,-135.0237,13.7,348.7
2012-06-07 07:49:11,2012-06-06 22:49:11,310376000,9229659,ZCDF4,CORAL PRINCESS,58.39956,-135.0251,13.7,348.7
2012-06-07 07:50:11,2012-06-06 22:50:11,310376000,9229659,ZCDF4,CORAL PRINCESS,58.40326,-135.0264,13.7,348.9
2012-06-07 07:51:10,2012-06-06 22:51:10,310376000,9229659,ZCDF4,CORAL PRINCESS,58.40695,-135.0277,13.6,350.7
2012-06-07 07:52:04,2012-06-06 22:52:04,310376000,9229659,ZCDF4,CORAL PRINCESS,58.41029,-135.0287,13.6,350.3
2012-06-07 07:53:04,2012-06-06 22:53:04,310376000,9229659,ZCDF4,CORAL PRINCESS,58.41399,-135.03,13.6,349.7
2012-06-07 07:54:04,2012-06-06 22:54:04,310376000,9229659,ZCDF4,CORAL PRINCESS,58.41776,-135.0312,13.7,350.5
2012-06-07 07:55:04,2012-06-06 22:55:04,310376000,9229659,ZCDF4,CORAL PRINCESS,58.42149,-135.0323,13.6,350.5
2012-06-07 07:56:04,2012-06-06 22:56:04,310376000,9229659,ZCDF4,CORAL PRINCESS,58.4252,-135.0335,13.7,350.5
2012-06-07 07:57:04,2012-06-06 22:57:04,310376000,9229659,ZCDF4,CORAL PRINCESS,58.42892,-135.0347,13.7,350.5
2012-06-07 07:58:04,2012-06-06 22:58:04,310376000,9229659,ZCDF4,CORAL PRINCESS,58.43271,-135.0358,13.7,350.5
2012-06-07 07:59:04,2012-06-06 22:59:04,310376000,9229659,ZCDF4,CORAL PRINCESS,58.4364,-135.037,13.8,351.0
2012-06-07 08:00:04,2012-06-06 23:00:04,310376000,9229659,ZCDF4,CORAL PRINCESS,58.44012,-135.0381,13.5,350.5
2012-06-07 08:01:04,2012-06-06 23:01:04,310376000,9229659,ZCDF4,CORAL PRINCESS,58.44383,-135.0393,13.4,351.5
2012-06-07 08:02:04,2012-06-06 23:02:04,310376000,9229659,ZCDF4,CORAL PRINCESS,58.44746,-135.0403,13.3,351.0
2012-06-07 08:03:04,2012-06-06 23:03:04,310376000,9229659,ZCDF4,CORAL PRINCESS,58.45111,-135.0414,13.4,351.5
2012-06-07 08:04:03,2012-06-06 23:04:03,310376000,9229659,ZCDF4,CORAL PRINCESS,58.45475,-135.0425,13.4,351.0
2012-06-07 08:05:12,2012-06-06 23:05:12,310376000,9229659,ZCDF4,CORAL PRINCESS,58.45901,-135.0438,13.4,350.5
2012-06-07 08:06:03,2012-06-06 23:06:03,310376000,9229659,ZCDF4,CORAL PRINCESS,58.46211,-135.0448,13.4,351.0
2012-06-07 08:07:03,2012-06-06 23:07:03,310376000,9229659,ZCDF4,CORAL PRINCESS,58.46574,-135.0459,13.4,351.0
2012-06-07 08:08:03,2012-06-06 23:08:03,310376000,9229659,ZCDF4,CORAL PRINCESS,58.46943,-135.047,13.5,351.5
2012-06-07 08:09:03,2012-06-06 23:09:03,310376000,9229659,ZCDF4,CORAL PRINCESS,58.47321,-135.0482,13.6,351.0
2012-06-07 08:10:03,2012-06-06 23:10:03,310376000,9229659,ZCDF4,CORAL PRINCESS,58.4769,-135.0494,13.6,350.3
2012-06-07 08:11:12,2012-06-06 23:11:12,310376000,9229659,ZCDF4,CORAL PRINCESS,58.48117,-135.0508,13.8,349.7
2012-06-07 08:12:04,2012-06-06 23:12:04,310376000,9229659,ZCDF4,CORAL PRINCESS,58.48451,-135.0519,13.9,349.7
2012-06-07 08:13:04,2012-06-06 23:13:04,310376000,9229659,ZCDF4,CORAL PRINCESS,58.48829,-135.0531,13.9,349.7
2012-06-07 08:14:05,2012-06-06 23:14:05,310376000,9229659,ZCDF4,CORAL PRINCESS,58.49208,-135.0544,14.0,349.7
2012-06-07 08:15:04,2012-06-06 23:15:04,310376000,9229659,ZCDF4,CORAL PRINCESS,58.49594,-135.0557,14.0,350.1
2012-06-07 08:16:03,2012-06-06 23:16:03,310376000,9229659,ZCDF4,CORAL PRINCESS,58.49969,-135.0568,14.0,351.1
2012-06-07 08:17:01,2012-06-06 23:17:01,310376000,9229659,ZCDF4,CORAL PRINCESS,58.50334,-135.0578,14.1,351.4
2012-06-07 08:18:01,2012-06-06 23:18:01,310376000,9229659,ZCDF4,CORAL PRINCESS,58.50723,-135.0591,14.1,349.5
2012-06-07 08:19:00,2012-06-06 23:19:00,310376000,9229659,ZCDF4,CORAL PRINCESS,58.5111,-135.0603,14.3,350.0
2012-06-07 08:20:00,2012-06-06 23:20:00,310376000,9229659,ZCDF4,CORAL PRINCESS,58.515,-135.0616,14.4,351.1
2012-06-07 08:21:00,2012-06-06 23:21:00,310376000,9229659,ZCDF4,CORAL PRINCESS,58.519,-135.0628,14.6,351.1
2012-06-07 08:22:00,2012-06-06 23:22:00,310376000,9229659,ZCDF4,CORAL PRINCESS,58.52301,-135.0641,14.7,350.7
2012-06-07 08:23:00,2012-06-06 23:23:00,310376000,9229659,ZCDF4,CORAL PRINCESS,58.52711,-135.0654,15.0,350.7
2012-06-07 08:24:00,2012-06-06 23:24:00,310376000,9229659,ZCDF4,CORAL PRINCESS,58.53119,-135.0666,15.3,351.1
2012-06-07 08:25:00,2012-06-06 23:25:00,310376000,9229659,ZCDF4,CORAL PRINCESS,58.53543,-135.0676,15.6,353.6
2012-06-07 08:26:01,2012-06-06 23:26:01,310376000,9229659,ZCDF4,CORAL PRINCESS,58.5399,-135.0677,15.8,1.0
2012-06-07 08:27:01,2012-06-06 23:27:01,310376000,9229659,ZCDF4,CORAL PRINCESS,58.54429,-135.067,16.1,7.1
2012-06-07 08:28:01,2012-06-06 23:28:01,310376000,9229659,ZCDF4,CORAL PRINCESS,58.54877,-135.0657,16.6,9.7
2012-06-07 08:29:01,2012-06-06 23:29:01,310376000,9229659,ZCDF4,CORAL PRINCESS,58.55346,-135.0641,17.2,10.0
2012-06-07 08:30:01,2012-06-06 23:30:01,310376000,9229659,ZCDF4,CORAL PRINCESS,58.55814,-135.0625,17.2,10.3
2012-06-07 08:31:01,2012-06-06 23:31:01,310376000,9229659,ZCDF4,CORAL PRINCESS,58.56282,-135.0609,17.2,10.3
2012-06-07 08:32:01,2012-06-06 23:32:01,310376000,9229659,ZCDF4,CORAL PRINCESS,58.5675,-135.0593,17.2,11.6
2012-06-07 08:33:01,2012-06-06 23:33:01,310376000,9229659,ZCDF4,CORAL PRINCESS,58.57222,-135.0576,17.2,10.6
2012-06-07 08:34:00,2012-06-06 23:34:00,310376000,9229659,ZCDF4,CORAL PRINCESS,58.57677,-135.056,17.0,10.6
2012-06-07 08:35:00,2012-06-06 23:35:00,310376000,9229659,ZCDF4,CORAL PRINCESS,58.58141,-135.0544,16.8,10.0
2012-06-07 08:36:00,2012-06-06 23:36:00,310376000,9229659,ZCDF4,CORAL PRINCESS,58.58595,-135.0527,16.6,10.3
2012-06-07 08:37:00,2012-06-06 23:37:00,310376000,9229659,ZCDF4,CORAL PRINCESS,58.59044,-135.0512,16.5,9.6
2012-06-07 08:38:00,2012-06-06 23:38:00,310376000,9229659,ZCDF4,CORAL PRINCESS,58.59494,-135.0501,16.4,6.3
2012-06-07 08:39:00,2012-06-06 23:39:00,310376000,9229659,ZCDF4,CORAL PRINCESS,58.59949,-135.0497,16.3,1.0
2012-06-07 08:40:01,2012-06-06 23:40:01,310376000,9229659,ZCDF4,CORAL PRINCESS,58.60399,-135.05,16.3,356.7
2012-06-07 08:41:01,2012-06-06 23:41:01,310376000,9229659,ZCDF4,CORAL PRINCESS,58.60844,-135.051,16.2,352.0
2012-06-07 08:42:01,2012-06-06 23:42:01,310376000,9229659,ZCDF4,CORAL PRINCESS,58.61282,-135.0526,15.9,348.3
2012-06-07 08:43:01,2012-06-06 23:43:01,310376000,9229659,ZCDF4,CORAL PRINCESS,58.61702,-135.0546,15.6,344.5
2012-06-07 08:44:01,2012-06-06 23:44:01,310376000,9229659,ZCDF4,CORAL PRINCESS,58.62117,-135.0567,15.3,346.2
2012-06-07 08:45:01,2012-06-06 23:45:01,310376000,9229659,ZCDF4,CORAL PRINCESS,58.6252,-135.0588,15.0,345.4
2012-06-07 08:46:01,2012-06-06 23:46:01,310376000,9229659,ZCDF4,CORAL PRINCESS,58.62917,-135.0608,14.8,345.6
2012-06-07 08:47:01,2012-06-06 23:47:01,310376000,9229659,ZCDF4,CORAL PRINCESS,58.63308,-135.0629,14.6,343.8
2012-06-07 08:48:00,2012-06-06 23:48:00,310376000,9229659,ZCDF4,CORAL PRINCESS,58.63697,-135.0651,14.5,343.4
2012-06-07 08:49:00,2012-06-06 23:49:00,310376000,9229659,ZCDF4,CORAL PRINCESS,58.64072,-135.0673,14.4,342.6
2012-06-07 08:50:00,2012-06-06 23:50:00,310376000,9229659,ZCDF4,CORAL PRINCESS,58.64458,-135.0695,14.4,342.6
2012-06-07 08:51:01,2012-06-06 23:51:01,310376000,9229659,ZCDF4,CORAL PRINCESS,58.64837,-135.0717,14.3,343.5
2012-06-07 08:52:00,2012-06-06 23:52:00,310376000,9229659,ZCDF4,CORAL PRINCESS,58.65213,-135.0738,14.3,342.5
2012-06-07 08:53:01,2012-06-06 23:53:01,310376000,9229659,ZCDF4,CORAL PRINCESS,58.65596,-135.076,14.3,342.5
2012-06-07 08:54:01,2012-06-06 23:54:01,310376000,9229659,ZCDF4,CORAL PRINCESS,58.65974,-135.0782,14.3,343.7
2012-06-07 08:55:01,2012-06-06 23:55:01,310376000,9229659,ZCDF4,CORAL PRINCESS,58.6635,-135.0804,14.3,342.7
2012-06-07 08:56:00,2012-06-06 23:56:00,310376000,9229659,ZCDF4,CORAL PRINCESS,58.66735,-135.0826,14.4,342.8
2012-06-07 08:57:00,2012-06-06 23:57:00,310376000,9229659,ZCDF4,CORAL PRINCESS,58.67115,-135.0849,14.4,342.8
2012-06-07 08:58:00,2012-06-06 23:58:00,310376000,9229659,ZCDF4,CORAL PRINCESS,58.67497,-135.0871,14.4,343.2
2012-06-07 08:59:00,2012-06-06 23:59:00,310376000,9229659,ZCDF4,CORAL PRINCESS,58.67884,-135.0894,14.5,342.8
2012-06-07 09:00:00,2012-06-07 00:00:00,310376000,9229659,ZCDF4,CORAL PRINCESS,58.68261,-135.0916,14.5,343.2
2012-06-07 09:01:00,2012-06-07 00:01:00,310376000,9229659,ZCDF4,CORAL PRINCESS,58.68642,-135.0938,14.5,342.8
2012-06-07 09:02:00,2012-06-07 00:02:00,310376000,9229659,ZCDF4,CORAL PRINCESS,58.6903,-135.0961,14.5,343.2
2012-06-07 09:03:00,2012-06-07 00:03:00,310376000,9229659,ZCDF4,CORAL PRINCESS,58.69412,-135.0983,14.4,342.8
2012-06-07 09:04:00,2012-06-07 00:04:00,310376000,9229659,ZCDF4,CORAL PRINCESS,58.69792,-135.1005,14.4,342.8
2012-06-07 09:05:01,2012-06-07 00:05:01,310376000,9229659,ZCDF4,CORAL PRINCESS,58.70181,-135.1027,14.2,342.7
2012-06-07 09:06:01,2012-06-07 00:06:01,310376000,9229659,ZCDF4,CORAL PRINCESS,58.70554,-135.1049,14.1,343.1
2012-06-07 09:07:01,2012-06-07 00:07:01,310376000,9229659,ZCDF4,CORAL PRINCESS,58.70924,-135.1071,14.0,342.7
2012-06-07 09:08:01,2012-06-07 00:08:01,310376000,9229659,ZCDF4,CORAL PRINCESS,58.71298,-135.1092,13.9,344.0
2012-06-07 09:09:01,2012-06-07 00:09:01,310376000,9229659,ZCDF4,CORAL PRINCESS,58.71658,-135.1113,13.9,341.5
2012-06-07 09:10:04,2012-06-07 00:10:04,310376000,9229659,ZCDF4,CORAL PRINCESS,58.72046,-135.1138,13.9,342.0
2012-06-07 09:11:04,2012-06-07 00:11:04,310376000,9229659,ZCDF4,CORAL PRINCESS,58.72408,-135.116,13.8,342.8
2012-06-07 09:12:04,2012-06-07 00:12:04,310376000,9229659,ZCDF4,CORAL PRINCESS,58.7277,-135.1183,13.8,342.0
2012-06-07 09:13:04,2012-06-07 00:13:04,310376000,9229659,ZCDF4,CORAL PRINCESS,58.73138,-135.1205,13.7,341.5
2012-06-07 09:14:04,2012-06-07 00:14:04,310376000,9229659,ZCDF4,CORAL PRINCESS,58.73503,-135.1227,13.7,342.4
2012-06-07 09:15:05,2012-06-07 00:15:05,310376000,9229659,ZCDF4,CORAL PRINCESS,58.73864,-135.1249,13.7,342.8
2012-06-07 09:16:05,2012-06-07 00:16:05,310376000,9229659,ZCDF4,CORAL PRINCESS,58.74229,-135.1271,13.6,342.8
2012-06-07 09:17:05,2012-06-07 00:17:05,310376000,9229659,ZCDF4,CORAL PRINCESS,58.74587,-135.1292,13.6,342.4
2012-06-07 09:18:05,2012-06-07 00:18:05,310376000,9229659,ZCDF4,CORAL PRINCESS,58.74946,-135.1313,13.6,342.8
2012-06-07 09:19:05,2012-06-07 00:19:05,310376000,9229659,ZCDF4,CORAL PRINCESS,58.75309,-135.1336,13.6,342.8
2012-06-07 09:20:05,2012-06-07 00:20:05,310376000,9229659,ZCDF4,CORAL PRINCESS,58.75668,-135.1357,13.6,342.8
2012-06-07 09:21:04,2012-06-07 00:21:04,310376000,9229659,ZCDF4,CORAL PRINCESS,58.76026,-135.1377,13.6,343.6
2012-06-07 09:22:04,2012-06-07 00:22:04,310376000,9229659,ZCDF4,CORAL PRINCESS,58.7639,-135.1398,13.6,343.2
2012-06-07 09:23:04,2012-06-07 00:23:04,310376000,9229659,ZCDF4,CORAL PRINCESS,58.76742,-135.1419,13.6,342.8
2012-06-07 09:24:13,2012-06-07 00:24:13,310376000,9229659,ZCDF4,CORAL PRINCESS,58.77155,-135.1443,13.6,342.8
2012-06-07 09:25:04,2012-06-07 00:25:04,310376000,9229659,ZCDF4,CORAL PRINCESS,58.77466,-135.1461,13.6,342.8
2012-06-07 09:26:04,2012-06-07 00:26:04,310376000,9229659,ZCDF4,CORAL PRINCESS,58.77825,-135.1482,13.6,343.2
2012-06-07 09:27:04,2012-06-07 00:27:04,310376000,9229659,ZCDF4,CORAL PRINCESS,58.78192,-135.1503,13.7,343.2
2012-06-07 09:28:04,2012-06-07 00:28:04,310376000,9229659,ZCDF4,CORAL PRINCESS,58.78553,-135.1524,13.6,342.8
2012-06-07 09:29:04,2012-06-07 00:29:04,310376000,9229659,ZCDF4,CORAL PRINCESS,58.78911,-135.1545,13.6,342.8
2012-06-07 09:30:04,2012-06-07 00:30:04,310376000,9229659,ZCDF4,CORAL PRINCESS,58.79272,-135.1565,13.6,343.2
2012-06-07 09:31:04,2012-06-07 00:31:04,310376000,9229659,ZCDF4,CORAL PRINCESS,58.79632,-135.1586,13.6,343.2
2012-06-07 09:32:04,2012-06-07 00:32:04,310376000,9229659,ZCDF4,CORAL PRINCESS,58.79994,-135.1607,13.7,342.8
2012-06-07 09:33:04,2012-06-07 00:33:04,310376000,9229659,ZCDF4,CORAL PRINCESS,58.80354,-135.1628,13.7,343.2
2012-06-07 09:34:04,2012-06-07 00:34:04,310376000,9229659,ZCDF4,CORAL PRINCESS,58.80721,-135.1649,13.7,342.8
2012-06-07 09:35:04,2012-06-07 00:35:04,310376000,9229659,ZCDF4,CORAL PRINCESS,58.81081,-135.1671,13.7,342.8
2012-06-07 09:36:04,2012-06-07 00:36:04,310376000,9229659,ZCDF4,CORAL PRINCESS,58.81448,-135.1693,13.7,343.2
2012-06-07 09:37:04,2012-06-07 00:37:04,310376000,9229659,ZCDF4,CORAL PRINCESS,58.81806,-135.1715,13.7,342.8
2012-06-07 09:38:04,2012-06-07 00:38:04,310376000,9229659,ZCDF4,CORAL PRINCESS,58.82166,-135.1737,13.7,342.0
2012-06-07 09:39:04,2012-06-07 00:39:04,310376000,9229659,ZCDF4,CORAL PRINCESS,58.8253,-135.1759,13.6,342.0
2012-06-07 09:40:04,2012-06-07 00:40:04,310376000,9229659,ZCDF4,CORAL PRINCESS,58.82886,-135.1781,13.6,342.0
2012-06-07 09:41:04,2012-06-07 00:41:04,310376000,9229659,ZCDF4,CORAL PRINCESS,58.83243,-135.1804,13.6,342.0
2012-06-07 09:42:04,2012-06-07 00:42:04,310376000,9229659,ZCDF4,CORAL PRINCESS,58.83606,-135.1826,13.7,342.0
2012-06-07 09:43:04,2012-06-07 00:43:04,310376000,9229659,ZCDF4,CORAL PRINCESS,58.83967,-135.1848,13.7,342.0
2012-06-07 09:44:04,2012-06-07 00:44:04,310376000,9229659,ZCDF4,CORAL PRINCESS,58.84327,-135.1871,13.7,342.0
2012-06-07 09:45:04,2012-06-07 00:45:04,310376000,9229659,ZCDF4,CORAL PRINCESS,58.84693,-135.1893,13.7,342.0
2012-06-07 09:46:04,2012-06-07 00:46:04,310376000,9229659,ZCDF4,CORAL PRINCESS,58.85056,-135.1914,13.8,344.0
2012-06-07 09:47:04,2012-06-07 00:47:04,310376000,9229659,ZCDF4,CORAL PRINCESS,58.85426,-135.193,13.7,348.7
2012-06-07 09:48:04,2012-06-07 00:48:04,310376000,9229659,ZCDF4,CORAL PRINCESS,58.85801,-135.1937,13.7,355.7
2012-06-07 09:49:04,2012-06-07 00:49:04,310376000,9229659,ZCDF4,CORAL PRINCESS,58.86177,-135.1939,13.6,358.8
2012-06-07 09:50:04,2012-06-07 00:50:04,310376000,9229659,ZCDF4,CORAL PRINCESS,58.86545,-135.1942,13.2,358.4
2012-06-07 09:51:04,2012-06-07 00:51:04,310376000,9229659,ZCDF4,CORAL PRINCESS,58.86911,-135.1944,12.9,358.0
2012-06-07 09:52:04,2012-06-07 00:52:04,310376000,9229659,ZCDF4,CORAL PRINCESS,58.8726,-135.1946,12.5,358.0
2012-06-07 09:53:03,2012-06-07 00:53:03,310376000,9229659,ZCDF4,CORAL PRINCESS,58.87599,-135.1948,12.3,358.0
2012-06-07 09:54:03,2012-06-07 00:54:03,310376000,9229659,ZCDF4,CORAL PRINCESS,58.87932,-135.1951,12.2,358.0
2012-06-07 09:55:03,2012-06-07 00:55:03,310376000,9229659,ZCDF4,CORAL PRINCESS,58.88269,-135.1953,12.1,358.5
2012-06-07 09:56:03,2012-06-07 00:56:03,310376000,9229659,ZCDF4,CORAL PRINCESS,58.88602,-135.1955,12.0,357.5
2012-06-07 09:57:03,2012-06-07 00:57:03,310376000,9229659,ZCDF4,CORAL PRINCESS,58.88934,-135.1957,12.0,357.5
2012-06-07 09:58:03,2012-06-07 00:58:03,310376000,9229659,ZCDF4,CORAL PRINCESS,58.89268,-135.1959,12.0,358.0
2012-06-07 09:59:03,2012-06-07 00:59:03,310376000,9229659,ZCDF4,CORAL PRINCESS,58.89599,-135.1961,12.0,358.0
2012-06-07 10:00:03,2012-06-07 01:00:03,310376000,9229659,ZCDF4,CORAL PRINCESS,58.89933,-135.1963,12.1,358.0
2012-06-07 10:01:03,2012-06-07 01:01:03,310376000,9229659,ZCDF4,CORAL PRINCESS,58.90273,-135.1965,12.1,357.5
2012-06-07 10:02:03,2012-06-07 01:02:03,310376000,9229659,ZCDF4,CORAL PRINCESS,58.9061,-135.1967,12.2,358.0
2012-06-07 10:03:03,2012-06-07 01:03:03,310376000,9229659,ZCDF4,CORAL PRINCESS,58.90942,-135.1969,12.3,358.0
2012-06-07 10:04:03,2012-06-07 01:04:03,310376000,9229659,ZCDF4,CORAL PRINCESS,58.91288,-135.1971,12.3,357.5
2012-06-07 10:05:14,2012-06-07 01:05:14,310376000,9229659,ZCDF4,CORAL PRINCESS,58.91692,-135.1973,12.4,357.5
2012-06-07 10:06:03,2012-06-07 01:06:03,310376000,9229659,ZCDF4,CORAL PRINCESS,58.91971,-135.1975,12.4,358.0
2012-06-07 10:07:03,2012-06-07 01:07:03,310376000,9229659,ZCDF4,CORAL PRINCESS,58.9232,-135.1978,12.4,357.5
2012-06-07 10:08:03,2012-06-07 01:08:03,310376000,9229659,ZCDF4,CORAL PRINCESS,58.92668,-135.198,12.4,357.5
2012-06-07 10:09:03,2012-06-07 01:09:03,310376000,9229659,ZCDF4,CORAL PRINCESS,58.93017,-135.1981,12.4,358.9
2012-06-07 10:10:03,2012-06-07 01:10:03,310376000,9229659,ZCDF4,CORAL PRINCESS,58.93361,-135.1983,12.4,358.0
2012-06-07 10:11:03,2012-06-07 01:11:03,310376000,9229659,ZCDF4,CORAL PRINCESS,58.93701,-135.1985,12.4,358.0
2012-06-07 10:12:04,2012-06-07 01:12:04,310376000,9229659,ZCDF4,CORAL PRINCESS,58.94049,-135.1987,12.4,358.0
2012-06-07 10:13:03,2012-06-07 01:13:03,310376000,9229659,ZCDF4,CORAL PRINCESS,58.9439,-135.1989,12.4,358.0
2012-06-07 10:14:04,2012-06-07 01:14:04,310376000,9229659,ZCDF4,CORAL PRINCESS,58.94729,-135.1991,12.4,358.0
2012-06-07 10:15:03,2012-06-07 01:15:03,310376000,9229659,ZCDF4,CORAL PRINCESS,58.95076,-135.1993,12.3,358.0
2012-06-07 10:16:04,2012-06-07 01:16:04,310376000,9229659,ZCDF4,CORAL PRINCESS,58.95407,-135.1994,12.3,357.5
2012-06-07 10:17:04,2012-06-07 01:17:04,310376000,9229659,ZCDF4,CORAL PRINCESS,58.95745,-135.1996,12.2,358.0
2012-06-07 10:18:03,2012-06-07 01:18:03,310376000,9229659,ZCDF4,CORAL PRINCESS,58.96087,-135.1998,12.2,358.4
2012-06-07 10:19:03,2012-06-07 01:19:03,310376000,9229659,ZCDF4,CORAL PRINCESS,58.96423,-135.2,12.1,358.4
2012-06-07 10:20:04,2012-06-07 01:20:04,310376000,9229659,ZCDF4,CORAL PRINCESS,58.96762,-135.2002,12.1,357.4
2012-06-07 10:21:04,2012-06-07 01:21:04,310376000,9229659,ZCDF4,CORAL PRINCESS,58.971,-135.2008,12.1,353.8
2012-06-07 10:22:04,2012-06-07 01:22:04,310376000,9229659,ZCDF4,CORAL PRINCESS,58.97422,-135.2019,12.0,349.4
2012-06-07 10:23:04,2012-06-07 01:23:04,310376000,9229659,ZCDF4,CORAL PRINCESS,58.97747,-135.2033,12.1,346.9
2012-06-07 10:24:12,2012-06-07 01:24:12,310376000,9229659,ZCDF4,CORAL PRINCESS,58.98127,-135.205,12.2,346.4
2012-06-07 10:25:04,2012-06-07 01:25:04,310376000,9229659,ZCDF4,CORAL PRINCESS,58.98409,-135.2063,12.2,346.9
2012-06-07 10:26:04,2012-06-07 01:26:04,310376000,9229659,ZCDF4,CORAL PRINCESS,58.98736,-135.2078,12.2,346.9
2012-06-07 10:27:04,2012-06-07 01:27:04,310376000,9229659,ZCDF4,CORAL PRINCESS,58.99068,-135.2094,12.2,346.0
2012-06-07 10:28:04,2012-06-07 01:28:04,310376000,9229659,ZCDF4,CORAL PRINCESS,58.99395,-135.2109,12.2,345.5
2012-06-07 10:29:04,2012-06-07 01:29:04,310376000,9229659,ZCDF4,CORAL PRINCESS,58.99722,-135.2125,12.2,345.5
2012-06-07 10:30:12,2012-06-07 01:30:12,310376000,9229659,ZCDF4,CORAL PRINCESS,59.00098,-135.2143,12.3,345.5
2012-06-07 10:31:03,2012-06-07 01:31:03,310376000,9229659,ZCDF4,CORAL PRINCESS,59.00373,-135.2156,12.3,345.5
2012-06-07 10:32:03,2012-06-07 01:32:03,310376000,9229659,ZCDF4,CORAL PRINCESS,59.00702,-135.2172,12.3,345.5
2012-06-07 10:33:14,2012-06-07 01:33:14,310376000,9229659,ZCDF4,CORAL PRINCESS,59.01096,-135.2192,12.3,346.0
2012-06-07 10:34:03,2012-06-07 01:34:03,310376000,9229659,ZCDF4,CORAL PRINCESS,59.01365,-135.2206,12.4,345.0
2012-06-07 10:35:04,2012-06-07 01:35:04,310376000,9229659,ZCDF4,CORAL PRINCESS,59.01705,-135.2223,12.4,345.0
2012-06-07 10:36:05,2012-06-07 01:36:05,310376000,9229659,ZCDF4,CORAL PRINCESS,59.02035,-135.224,12.3,346.5
2012-06-07 10:37:04,2012-06-07 01:37:04,310376000,9229659,ZCDF4,CORAL PRINCESS,59.02365,-135.2255,12.3,345.5
2012-06-07 10:38:04,2012-06-07 01:38:04,310376000,9229659,ZCDF4,CORAL PRINCESS,59.02697,-135.2271,12.3,346.9
2012-06-07 10:39:04,2012-06-07 01:39:04,310376000,9229659,ZCDF4,CORAL PRINCESS,59.03032,-135.2286,12.3,346.4
2012-06-07 10:40:03,2012-06-07 01:40:03,310376000,9229659,ZCDF4,CORAL PRINCESS,59.03359,-135.2301,12.4,346.9
2012-06-07 10:41:03,2012-06-07 01:41:03,310376000,9229659,ZCDF4,CORAL PRINCESS,59.0369,-135.2316,12.4,346.0
2012-06-07 10:42:04,2012-06-07 01:42:04,310376000,9229659,ZCDF4,CORAL PRINCESS,59.04029,-135.2332,12.4,346.0
2012-06-07 10:43:03,2012-06-07 01:43:03,310376000,9229659,ZCDF4,CORAL PRINCESS,59.04362,-135.2348,12.4,346.0
2012-06-07 10:44:05,2012-06-07 01:44:05,310376000,9229659,ZCDF4,CORAL PRINCESS,59.04701,-135.2364,12.4,346.0
2012-06-07 10:45:05,2012-06-07 01:45:05,310376000,9229659,ZCDF4,CORAL PRINCESS,59.0504,-135.238,12.4,346.0
2012-06-07 10:46:04,2012-06-07 01:46:04,310376000,9229659,ZCDF4,CORAL PRINCESS,59.05373,-135.2396,12.4,346.0
2012-06-07 10:47:04,2012-06-07 01:47:04,310376000,9229659,ZCDF4,CORAL PRINCESS,59.05711,-135.2412,12.4,346.0
2012-06-07 10:48:05,2012-06-07 01:48:05,310376000,9229659,ZCDF4,CORAL PRINCESS,59.06045,-135.2428,12.4,346.9
2012-06-07 10:49:03,2012-06-07 01:49:03,310376000,9229659,ZCDF4,CORAL PRINCESS,59.06367,-135.2442,12.4,346.9
2012-06-07 10:50:03,2012-06-07 01:50:03,310376000,9229659,ZCDF4,CORAL PRINCESS,59.06705,-135.2458,12.4,346.9
2012-06-07 10:51:03,2012-06-07 01:51:03,310376000,9229659,ZCDF4,CORAL PRINCESS,59.07037,-135.2473,12.4,346.0
2012-06-07 10:52:03,2012-06-07 01:52:03,310376000,9229659,ZCDF4,CORAL PRINCESS,59.07367,-135.2489,12.3,346.9
2012-06-07 10:53:03,2012-06-07 01:53:03,310376000,9229659,ZCDF4,CORAL PRINCESS,59.07702,-135.2504,12.3,346.9
2012-06-07 10:54:03,2012-06-07 01:54:03,310376000,9229659,ZCDF4,CORAL PRINCESS,59.08031,-135.2521,12.3,343.9
2012-06-07 10:55:03,2012-06-07 01:55:03,310376000,9229659,ZCDF4,CORAL PRINCESS,59.08349,-135.2542,12.2,340.4
2012-06-07 10:56:03,2012-06-07 01:56:03,310376000,9229659,ZCDF4,CORAL PRINCESS,59.08666,-135.2567,12.2,338.4
2012-06-07 10:57:04,2012-06-07 01:57:04,310376000,9229659,ZCDF4,CORAL PRINCESS,59.08978,-135.2592,12.2,337.0
2012-06-07 10:58:03,2012-06-07 01:58:03,310376000,9229659,ZCDF4,CORAL PRINCESS,59.0929,-135.2618,12.3,336.6
2012-06-07 10:59:03,2012-06-07 01:59:03,310376000,9229659,ZCDF4,CORAL PRINCESS,59.09606,-135.2643,12.3,338.0
2012-06-07 11:00:04,2012-06-07 02:00:04,310376000,9229659,ZCDF4,CORAL PRINCESS,59.0992,-135.2669,12.3,338.0
2012-06-07 11:01:04,2012-06-07 02:01:04,310376000,9229659,ZCDF4,CORAL PRINCESS,59.10238,-135.2694,12.3,338.0
2012-06-07 11:02:04,2012-06-07 02:02:04,310376000,9229659,ZCDF4,CORAL PRINCESS,59.10554,-135.2719,12.3,338.0
2012-06-07 11:03:03,2012-06-07 02:03:03,310376000,9229659,ZCDF4,CORAL PRINCESS,59.10871,-135.2744,12.4,338.0
2012-06-07 11:04:04,2012-06-07 02:04:04,310376000,9229659,ZCDF4,CORAL PRINCESS,59.1119,-135.277,12.4,338.0
2012-06-07 11:05:03,2012-06-07 02:05:03,310376000,9229659,ZCDF4,CORAL PRINCESS,59.11503,-135.2795,12.4,338.0
2012-06-07 11:06:03,2012-06-07 02:06:03,310376000,9229659,ZCDF4,CORAL PRINCESS,59.11818,-135.2821,12.4,337.0
2012-06-07 11:07:03,2012-06-07 02:07:03,310376000,9229659,ZCDF4,CORAL PRINCESS,59.12138,-135.2847,12.4,336.6
2012-06-07 11:08:03,2012-06-07 02:08:03,310376000,9229659,ZCDF4,CORAL PRINCESS,59.12453,-135.2872,12.4,337.0
2012-06-07 11:09:03,2012-06-07 02:09:03,310376000,9229659,ZCDF4,CORAL PRINCESS,59.1277,-135.2898,12.4,337.0
2012-06-07 11:10:03,2012-06-07 02:10:03,310376000,9229659,ZCDF4,CORAL PRINCESS,59.13086,-135.2923,12.4,338.0
2012-06-07 11:11:04,2012-06-07 02:11:04,310376000,9229659,ZCDF4,CORAL PRINCESS,59.13414,-135.295,12.4,338.0
2012-06-07 11:12:13,2012-06-07 02:12:13,310376000,9229659,ZCDF4,CORAL PRINCESS,59.13779,-135.2979,12.4,338.0
2012-06-07 11:13:04,2012-06-07 02:13:04,310376000,9229659,ZCDF4,CORAL PRINCESS,59.14049,-135.3,12.4,338.0
2012-06-07 11:14:04,2012-06-07 02:14:04,310376000,9229659,ZCDF4,CORAL PRINCESS,59.1437,-135.3026,12.4,338.0
2012-06-07 11:15:04,2012-06-07 02:15:04,310376000,9229659,ZCDF4,CORAL PRINCESS,59.14688,-135.3051,12.4,338.0
2012-06-07 11:16:04,2012-06-07 02:16:04,310376000,9229659,ZCDF4,CORAL PRINCESS,59.15001,-135.3076,12.4,338.0
2012-06-07 11:17:13,2012-06-07 02:17:13,310376000,9229659,ZCDF4,CORAL PRINCESS,59.15376,-135.3106,12.4,338.0
2012-06-07 11:18:04,2012-06-07 02:18:04,310376000,9229659,ZCDF4,CORAL PRINCESS,59.15647,-135.3127,12.4,338.0
2012-06-07 11:19:04,2012-06-07 02:19:04,310376000,9229659,ZCDF4,CORAL PRINCESS,59.15963,-135.3152,12.4,338.0
2012-06-07 11:20:05,2012-06-07 02:20:05,310376000,9229659,ZCDF4,CORAL PRINCESS,59.16285,-135.3178,12.3,338.0
2012-06-07 11:21:04,2012-06-07 02:21:04,310376000,9229659,ZCDF4,CORAL PRINCESS,59.16597,-135.3203,12.3,338.0
2012-06-07 11:22:13,2012-06-07 02:22:13,310376000,9229659,ZCDF4,CORAL PRINCESS,59.16949,-135.3231,12.2,338.0
2012-06-07 11:23:04,2012-06-07 02:23:04,310376000,9229659,ZCDF4,CORAL PRINCESS,59.17223,-135.3253,12.1,338.0
2012-06-07 11:24:04,2012-06-07 02:24:04,310376000,9229659,ZCDF4,CORAL PRINCESS,59.17533,-135.3278,12.1,338.0
2012-06-07 11:25:05,2012-06-07 02:25:05,310376000,9229659,ZCDF4,CORAL PRINCESS,59.17843,-135.3303,12.1,338.0
2012-06-07 11:26:03,2012-06-07 02:26:03,310376000,9229659,ZCDF4,CORAL PRINCESS,59.18147,-135.3327,12.1,338.0
2012-06-07 11:27:03,2012-06-07 02:27:03,310376000,9229659,ZCDF4,CORAL PRINCESS,59.18454,-135.3351,12.1,338.0
2012-06-07 11:28:03,2012-06-07 02:28:03,310376000,9229659,ZCDF4,CORAL PRINCESS,59.1877,-135.3376,12.2,338.0
2012-06-07 11:29:03,2012-06-07 02:29:03,310376000,9229659,ZCDF4,CORAL PRINCESS,59.19083,-135.34,12.2,338.9
2012-06-07 11:30:03,2012-06-07 02:30:03,310376000,9229659,ZCDF4,CORAL PRINCESS,59.19395,-135.3424,12.2,338.0
2012-06-07 11:31:03,2012-06-07 02:31:03,310376000,9229659,ZCDF4,CORAL PRINCESS,59.19717,-135.3446,12.2,342.0
2012-06-07 11:32:03,2012-06-07 02:32:03,310376000,9229659,ZCDF4,CORAL PRINCESS,59.20039,-135.3465,12.3,344.4
2012-06-07 11:33:03,2012-06-07 02:33:03,310376000,9229659,ZCDF4,CORAL PRINCESS,59.20368,-135.3483,12.5,344.9
2012-06-07 11:34:03,2012-06-07 02:34:03,310376000,9229659,ZCDF4,CORAL PRINCESS,59.20707,-135.3501,12.6,344.9
2012-06-07 11:35:03,2012-06-07 02:35:03,310376000,9229659,ZCDF4,CORAL PRINCESS,59.21043,-135.352,12.7,344.3
2012-06-07 11:36:03,2012-06-07 02:36:03,310376000,9229659,ZCDF4,CORAL PRINCESS,59.2138,-135.3538,12.7,343.9
2012-06-07 11:37:03,2012-06-07 02:37:03,310376000,9229659,ZCDF4,CORAL PRINCESS,59.21722,-135.3557,12.7,343.9
2012-06-07 11:38:04,2012-06-07 02:38:04,310376000,9229659,ZCDF4,CORAL PRINCESS,59.22059,-135.3576,12.7,343.9
2012-06-07 11:39:03,2012-06-07 02:39:03,310376000,9229659,ZCDF4,CORAL PRINCESS,59.22394,-135.3595,12.7,343.9
2012-06-07 11:40:13,2012-06-07 02:40:13,310376000,9229659,ZCDF4,CORAL PRINCESS,59.22791,-135.3618,12.7,343.9
2012-06-07 11:55:54,2012-06-07 02:55:54,310376000,9229659,ZCDF4,CORAL PRINCESS,59.28149,-135.3814,13.2,2.8
2012-06-07 11:56:05,2012-06-07 02:56:05,310376000,9229659,ZCDF4,CORAL PRINCESS,59.2821,-135.3814,13.3,2.8
2012-06-07 11:57:05,2012-06-07 02:57:05,310376000,9229659,ZCDF4,CORAL PRINCESS,59.2859,-135.381,14.0,2.8
2012-06-07 11:58:01,2012-06-07 02:58:01,310376000,9229659,ZCDF4,CORAL PRINCESS,59.28971,-135.3807,14.7,1.7
2012-06-07 11:59:01,2012-06-07 02:59:01,310376000,9229659,ZCDF4,CORAL PRINCESS,59.29388,-135.3806,15.3,0.7
2012-06-07 12:00:01,2012-06-07 03:00:01,310376000,9229659,ZCDF4,CORAL PRINCESS,59.2982,-135.3806,15.4,0.7
2012-06-07 12:01:01,2012-06-07 03:01:01,310376000,9229659,ZCDF4,CORAL PRINCESS,59.30241,-135.3805,15.2,0.7
2012-06-07 12:02:01,2012-06-07 03:02:01,310376000,9229659,ZCDF4,CORAL PRINCESS,59.3065,-135.3803,14.5,0.7
2012-06-07 12:03:02,2012-06-07 03:03:02,310376000,9229659,ZCDF4,CORAL PRINCESS,59.31037,-135.3802,13.5,0.8
2012-06-07 12:04:02,2012-06-07 03:04:02,310376000,9229659,ZCDF4,CORAL PRINCESS,59.31393,-135.3801,12.7,0.9
2012-06-07 12:05:02,2012-06-07 03:05:02,310376000,9229659,ZCDF4,CORAL PRINCESS,59.31738,-135.38,12.1,1.0
2012-06-07 12:06:02,2012-06-07 03:06:02,310376000,9229659,ZCDF4,CORAL PRINCESS,59.32065,-135.3797,11.8,4.0
2012-06-07 12:07:02,2012-06-07 03:07:02,310376000,9229659,ZCDF4,CORAL PRINCESS,59.32383,-135.3791,11.6,5.4
2012-06-07 12:08:02,2012-06-07 03:08:02,310376000,9229659,ZCDF4,CORAL PRINCESS,59.32703,-135.3784,11.5,5.9
2012-06-07 12:09:02,2012-06-07 03:09:02,310376000,9229659,ZCDF4,CORAL PRINCESS,59.33017,-135.3779,11.4,5.5
2012-06-07 12:10:02,2012-06-07 03:10:02,310376000,9229659,ZCDF4,CORAL PRINCESS,59.33331,-135.3772,11.4,5.5
2012-06-07 12:11:02,2012-06-07 03:11:02,310376000,9229659,ZCDF4,CORAL PRINCESS,59.33648,-135.3767,11.4,5.0
2012-06-07 12:12:02,2012-06-07 03:12:02,310376000,9229659,ZCDF4,CORAL PRINCESS,59.33956,-135.3761,11.4,4.4
2012-06-07 12:13:02,2012-06-07 03:13:02,310376000,9229659,ZCDF4,CORAL PRINCESS,59.3427,-135.3755,11.4,5.0
2012-06-07 12:14:01,2012-06-07 03:14:01,310376000,9229659,ZCDF4,CORAL PRINCESS,59.34589,-135.3749,11.4,5.0
2012-06-07 12:15:02,2012-06-07 03:15:02,310376000,9229659,ZCDF4,CORAL PRINCESS,59.34905,-135.3744,11.5,4.5
2012-06-07 12:16:01,2012-06-07 03:16:01,310376000,9229659,ZCDF4,CORAL PRINCESS,59.35218,-135.3738,11.5,5.9
2012-06-07 12:17:02,2012-06-07 03:17:02,310376000,9229659,ZCDF4,CORAL PRINCESS,59.35539,-135.3731,11.5,5.9
2012-06-07 12:18:01,2012-06-07 03:18:01,310376000,9229659,ZCDF4,CORAL PRINCESS,59.35854,-135.3724,11.5,7.0
2012-06-07 12:19:02,2012-06-07 03:19:02,310376000,9229659,ZCDF4,CORAL PRINCESS,59.3617,-135.3715,11.5,7.9
2012-06-07 12:20:02,2012-06-07 03:20:02,310376000,9229659,ZCDF4,CORAL PRINCESS,59.36485,-135.3707,11.6,7.9
2012-06-07 12:21:02,2012-06-07 03:21:02,310376000,9229659,ZCDF4,CORAL PRINCESS,59.36808,-135.3698,11.6,7.4
2012-06-07 12:22:01,2012-06-07 03:22:01,310376000,9229659,ZCDF4,CORAL PRINCESS,59.3712,-135.369,11.6,7.0
2012-06-07 12:23:01,2012-06-07 03:23:01,310376000,9229659,ZCDF4,CORAL PRINCESS,59.37436,-135.3682,11.6,7.0
2012-06-07 12:24:01,2012-06-07 03:24:01,310376000,9229659,ZCDF4,CORAL PRINCESS,59.37753,-135.3674,11.6,6.5
2012-06-07 12:25:01,2012-06-07 03:25:01,310376000,9229659,ZCDF4,CORAL PRINCESS,59.38074,-135.3665,11.6,7.0
2012-06-07 12:26:01,2012-06-07 03:26:01,310376000,9229659,ZCDF4,CORAL PRINCESS,59.38391,-135.3657,11.6,7.9
2012-06-07 12:27:01,2012-06-07 03:27:01,310376000,9229659,ZCDF4,CORAL PRINCESS,59.38708,-135.3648,11.6,7.4
2012-06-07 12:28:01,2012-06-07 03:28:01,310376000,9229659,ZCDF4,CORAL PRINCESS,59.39026,-135.3639,11.6,7.9
2012-06-07 12:29:01,2012-06-07 03:29:01,310376000,9229659,ZCDF4,CORAL PRINCESS,59.39349,-135.363,11.6,7.4
2012-06-07 12:30:01,2012-06-07 03:30:01,310376000,9229659,ZCDF4,CORAL PRINCESS,59.39662,-135.3621,11.6,9.0
2012-06-07 12:31:00,2012-06-07 03:31:00,310376000,9229659,ZCDF4,CORAL PRINCESS,59.39978,-135.361,11.6,9.5
2012-06-07 12:32:01,2012-06-07 03:32:01,310376000,9229659,ZCDF4,CORAL PRINCESS,59.40293,-135.3598,11.6,10.4
2012-06-07 12:33:01,2012-06-07 03:33:01,310376000,9229659,ZCDF4,CORAL PRINCESS,59.40609,-135.3587,11.5,10.0
2012-06-07 12:34:01,2012-06-07 03:34:01,310376000,9229659,ZCDF4,CORAL PRINCESS,59.40915,-135.3576,11.2,9.4
2012-06-07 12:35:01,2012-06-07 03:35:01,310376000,9229659,ZCDF4,CORAL PRINCESS,59.41217,-135.3565,10.9,9.4
2012-06-07 12:36:01,2012-06-07 03:36:01,310376000,9229659,ZCDF4,CORAL PRINCESS,59.41512,-135.3555,10.8,9.4
2012-06-07 12:37:01,2012-06-07 03:37:01,310376000,9229659,ZCDF4,CORAL PRINCESS,59.41793,-135.3544,10.2,12.5
2012-06-07 12:38:01,2012-06-07 03:38:01,310376000,9229659,ZCDF4,CORAL PRINCESS,59.42058,-135.3531,9.8,13.8
2012-06-07 12:39:02,2012-06-07 03:39:02,310376000,9229659,ZCDF4,CORAL PRINCESS,59.42318,-135.3518,9.4,15.0
2012-06-07 12:40:01,2012-06-07 03:40:01,310376000,9229659,ZCDF4,CORAL PRINCESS,59.42564,-135.3505,8.9,15.3
2012-06-07 12:41:01,2012-06-07 03:41:01,310376000,9229659,ZCDF4,CORAL PRINCESS,59.42784,-135.3491,8.4,19.3
2012-06-07 12:42:01,2012-06-07 03:42:01,310376000,9229659,ZCDF4,CORAL PRINCESS,59.42994,-135.3477,7.9,19.2
2012-06-07 12:43:02,2012-06-07 03:43:02,310376000,9229659,ZCDF4,CORAL PRINCESS,59.43191,-135.3463,7.4,19.2
2012-06-07 12:44:02,2012-06-07 03:44:02,310376000,9229659,ZCDF4,CORAL PRINCESS,59.4338,-135.3449,7.0,20.0
2012-06-07 12:45:01,2012-06-07 03:45:01,310376000,9229659,ZCDF4,CORAL PRINCESS,59.43553,-135.3435,6.7,23.0
2012-06-07 12:46:02,2012-06-07 03:46:02,310376000,9229659,ZCDF4,CORAL PRINCESS,59.43719,-135.342,6.4,28.0
2012-06-07 12:47:02,2012-06-07 03:47:02,310376000,9229659,ZCDF4,CORAL PRINCESS,59.43872,-135.3404,6.1,27.0
2012-06-07 12:48:02,2012-06-07 03:48:02,310376000,9229659,ZCDF4,CORAL PRINCESS,59.4401,-135.3388,5.6,31.9
2012-06-07 12:49:02,2012-06-07 03:49:02,310376000,9229659,ZCDF4,CORAL PRINCESS,59.44127,-135.3371,5.1,38.7
2012-06-07 12:50:02,2012-06-07 03:50:02,310376000,9229659,ZCDF4,CORAL PRINCESS,59.44224,-135.3353,4.7,42.3
2012-06-07 12:51:02,2012-06-07 03:51:02,310376000,9229659,ZCDF4,CORAL PRINCESS,59.44309,-135.3336,4.3,47.0
2012-06-07 12:52:02,2012-06-07 03:52:02,310376000,9229659,ZCDF4,CORAL PRINCESS,59.4438,-135.332,3.9,48.1
2012-06-07 12:53:02,2012-06-07 03:53:02,310376000,9229659,ZCDF4,CORAL PRINCESS,59.44446,-135.3305,3.5,51.1
2012-06-07 12:54:01,2012-06-07 03:54:01,310376000,9229659,ZCDF4,CORAL PRINCESS,59.44493,-135.3291,3.0,52.2
2012-06-07 12:55:01,2012-06-07 03:55:01,310376000,9229659,ZCDF4,CORAL PRINCESS,59.44528,-135.3278,2.4,62.7
2012-06-07 12:56:01,2012-06-07 03:56:01,310376000,9229659,ZCDF4,CORAL PRINCESS,59.44556,-135.3269,1.9,60.0
2012-06-07 12:57:01,2012-06-07 03:57:01,310376000,9229659,ZCDF4,CORAL PRINCESS,59.44578,-135.3261,1.5,62.5
2012-06-07 12:58:01,2012-06-07 03:58:01,310376000,9229659,ZCDF4,CORAL PRINCESS,59.44602,-135.3255,1.3,52.0
2012-06-07 12:59:01,2012-06-07 03:59:01,310376000,9229659,ZCDF4,CORAL PRINCESS,59.44625,-135.325,1.3,64.9
2012-06-07 13:00:01,2012-06-07 04:00:01,310376000,9229659,ZCDF4,CORAL PRINCESS,59.44644,-135.3244,1.1,65.2
2012-06-07 13:01:01,2012-06-07 04:01:01,310376000,9229659,ZCDF4,CORAL PRINCESS,59.44659,-135.324,0.9,66.4
2012-06-07 13:02:01,2012-06-07 04:02:01,310376000,9229659,ZCDF4,CORAL PRINCESS,59.44675,-135.3237,0.7,45.0
2012-06-07 13:03:01,2012-06-07 04:03:01,310376000,9229659,ZCDF4,CORAL PRINCESS,59.44686,-135.3235,0.6,35.5
2012-06-07 13:04:01,2012-06-07 04:04:01,310376000,9229659,ZCDF4,CORAL PRINCESS,59.44693,-135.3233,0.4,69.5
2012-06-07 13:05:01,2012-06-07 04:05:01,310376000,9229659,ZCDF4,CORAL PRINCESS,59.44701,-135.3232,0.5,63.8
2012-06-07 13:06:01,2012-06-07 04:06:01,310376000,9229659,ZCDF4,CORAL PRINCESS,59.44708,-135.323,0.4,75.6
2012-06-07 13:07:00,2012-06-07 04:07:00,310376000,9229659,ZCDF4,CORAL PRINCESS,59.44713,-135.3228,0.3,42.0
2012-06-07 13:08:01,2012-06-07 04:08:01,310376000,9229659,ZCDF4,CORAL PRINCESS,59.44717,-135.3227,0.2,42.0
2012-06-07 13:09:02,2012-06-07 04:09:02,310376000,9229659,ZCDF4,CORAL PRINCESS,59.4472,-135.3226,0.2,43.0
2012-06-07 13:10:02,2012-06-07 04:10:02,310376000,9229659,ZCDF4,CORAL PRINCESS,59.44725,-135.3226,0.2,69.5
2012-06-07 13:12:43,2012-06-07 04:12:43,310376000,9229659,ZCDF4,CORAL PRINCESS,59.44728,-135.3225,0.0,43.0
2012-06-07 13:15:42,2012-06-07 04:15:42,310376000,9229659,ZCDF4,CORAL PRINCESS,59.44728,-135.3225,0.0,43.0
2012-06-07 13:18:42,2012-06-07 04:18:42,310376000,9229659,ZCDF4,CORAL PRINCESS,59.44728,-135.3225,0.0,43.0
2012-06-07 13:21:41,2012-06-07 04:21:41,310376000,9229659,ZCDF4,CORAL PRINCESS,59.44727,-135.3224,0.0,43.0
2012-06-07 13:24:43,2012-06-07 04:24:43,310376000,9229659,ZCDF4,CORAL PRINCESS,59.44727,-135.3224,0.0,43.0
2012-06-07 13:27:42,2012-06-07 04:27:42,310376000,9229659,ZCDF4,CORAL PRINCESS,59.44728,-135.3224,0.0,43.0
2012-06-07 13:30:42,2012-06-07 04:30:42,310376000,9229659,ZCDF4,CORAL PRINCESS,59.44728,-135.3224,0.0,43.0
2012-06-07 13:33:43,2012-06-07 04:33:43,310376000,9229659,ZCDF4,CORAL PRINCESS,59.44728,-135.3224,0.0,43.0
2012-06-07 13:36:42,2012-06-07 04:36:42,310376000,9229659,ZCDF4,CORAL PRINCESS,59.44728,-135.3224,0.0,43.0
2012-06-07 13:39:42,2012-06-07 04:39:42,310376000,9229659,ZCDF4,CORAL PRINCESS,59.44728,-135.3225,0.0,43.0
2012-06-07 13:42:43,2012-06-07 04:42:43,310376000,9229659,ZCDF4,CORAL PRINCESS,59.4473,-135.3225,0.0,43.0
2012-06-07 13:45:42,2012-06-07 04:45:42,310376000,9229659,ZCDF4,CORAL PRINCESS,59.4473,-135.3225,0.0,43.0
2012-06-07 13:48:42,2012-06-07 04:48:42,310376000,9229659,ZCDF4,CORAL PRINCESS,59.4473,-135.3225,0.0,43.0
2012-06-07 13:51:42,2012-06-07 04:51:42,310376000,9229659,ZCDF4,CORAL PRINCESS,59.4473,-135.3225,0.0,43.0
2012-06-07 13:54:45,2012-06-07 04:54:45,310376000,9229659,ZCDF4,CORAL PRINCESS,59.4473,-135.3225,0.0,43.0
2012-06-07 13:57:45,2012-06-07 04:57:45,310376000,9229659,ZCDF4,CORAL PRINCESS,59.4473,-135.3225,0.0,43.0
2012-06-07 14:00:42,2012-06-07 05:00:42,310376000,9229659,ZCDF4,CORAL PRINCESS,59.4473,-135.3225,0.0,43.0
2012-06-07 14:03:42,2012-06-07 05:03:42,310376000,9229659,ZCDF4,CORAL PRINCESS,59.4473,-135.3225,0.0,43.0
2012-06-07 14:06:43,2012-06-07 05:06:43,310376000,9229659,ZCDF4,CORAL PRINCESS,59.4473,-135.3225,0.0,42.0
2012-06-07 14:09:43,2012-06-07 05:09:43,310376000,9229659,ZCDF4,CORAL PRINCESS,59.4473,-135.3225,0.0,43.0
2012-06-07 14:12:42,2012-06-07 05:12:42,310376000,9229659,ZCDF4,CORAL PRINCESS,59.4473,-135.3225,0.0,43.0
2012-06-07 14:15:42,2012-06-07 05:15:42,310376000,9229659,ZCDF4,CORAL PRINCESS,59.4473,-135.3225,0.0,43.0
2012-06-07 14:18:43,2012-06-07 05:18:43,310376000,9229659,ZCDF4,CORAL PRINCESS,59.44728,-135.3224,0.0,43.0
2012-06-07 14:21:43,2012-06-07 05:21:43,310376000,9229659,ZCDF4,CORAL PRINCESS,59.44728,-135.3224,0.0,43.0
2012-06-07 14:24:43,2012-06-07 05:24:43,310376000,9229659,ZCDF4,CORAL PRINCESS,59.44728,-135.3224,0.0,43.0
2012-06-07 14:27:43,2012-06-07 05:27:43,310376000,9229659,ZCDF4,CORAL PRINCESS,59.44728,-135.3225,0.0,42.0
2012-06-07 14:30:42,2012-06-07 05:30:42,310376000,9229659,ZCDF4,CORAL PRINCESS,59.44728,-135.3225,0.0,42.0
2012-06-07 14:33:42,2012-06-07 05:33:42,310376000,9229659,ZCDF4,CORAL PRINCESS,59.44728,-135.3225,0.0,42.0
2012-06-07 14:36:43,2012-06-07 05:36:43,310376000,9229659,ZCDF4,CORAL PRINCESS,59.44728,-135.3225,0.0,43.0
2012-06-07 14:39:41,2012-06-07 05:39:41,310376000,9229659,ZCDF4,CORAL PRINCESS,59.44728,-135.3225,0.0,43.0
2012-06-07 14:42:44,2012-06-07 05:42:44,310376000,9229659,ZCDF4,CORAL PRINCESS,59.44728,-135.3225,0.0,43.0
2012-06-07 14:45:43,2012-06-07 05:45:43,310376000,9229659,ZCDF4,CORAL PRINCESS,59.44728,-135.3225,0.0,42.0
2012-06-07 14:48:43,2012-06-07 05:48:43,310376000,9229659,ZCDF4,CORAL PRINCESS,59.44728,-135.3225,0.0,42.0
2012-06-07 14:51:43,2012-06-07 05:51:43,310376000,9229659,ZCDF4,CORAL PRINCESS,59.44728,-135.3224,0.0,43.0
2012-06-07 14:54:44,2012-06-07 05:54:44,310376000,9229659,ZCDF4,CORAL PRINCESS,59.44728,-135.3225,0.0,43.0
2012-06-07 14:57:42,2012-06-07 05:57:42,310376000,9229659,ZCDF4,CORAL PRINCESS,59.44728,-135.3224,0.0,43.0
2012-06-07 15:03:42,2012-06-07 06:03:42,310376000,9229659,ZCDF4,CORAL PRINCESS,59.44728,-135.3225,0.0,43.0
2012-06-07 15:06:42,2012-06-07 06:06:42,310376000,9229659,ZCDF4,CORAL PRINCESS,59.44728,-135.3225,0.0,42.0
2012-06-07 15:09:43,2012-06-07 06:09:43,310376000,9229659,ZCDF4,CORAL PRINCESS,59.44728,-135.3225,0.0,42.0
2012-06-07 15:12:43,2012-06-07 06:12:43,310376000,9229659,ZCDF4,CORAL PRINCESS,59.4473,-135.3225,0.0,42.0
2012-06-07 15:15:42,2012-06-07 06:15:42,310376000,9229659,ZCDF4,CORAL PRINCESS,59.4473,-135.3225,0.0,42.0
2012-06-07 15:18:42,2012-06-07 06:18:42,310376000,9229659,ZCDF4,CORAL PRINCESS,59.4473,-135.3225,0.0,42.0
2012-06-07 15:21:43,2012-06-07 06:21:43,310376000,9229659,ZCDF4,CORAL PRINCESS,59.4473,-135.3225,0.0,42.0
2012-06-07 15:24:43,2012-06-07 06:24:43,310376000,9229659,ZCDF4,CORAL PRINCESS,59.4473,-135.3225,0.0,42.0
2012-06-07 15:30:43,2012-06-07 06:30:43,310376000,9229659,ZCDF4,CORAL PRINCESS,59.4473,-135.3225,0.0,42.0
2012-06-07 15:33:43,2012-06-07 06:33:43,310376000,9229659,ZCDF4,CORAL PRINCESS,59.4473,-135.3225,0.0,42.0
2012-06-07 15:39:48,2012-06-07 06:39:48,310376000,9229659,ZCDF4,CORAL PRINCESS,59.44728,-135.3225,0.0,42.0
2012-06-07 15:42:42,2012-06-07 06:42:42,310376000,9229659,ZCDF4,CORAL PRINCESS,59.44728,-135.3225,0.0,42.0
2012-06-07 15:45:43,2012-06-07 06:45:43,310376000,9229659,ZCDF4,CORAL PRINCESS,59.44728,-135.3225,0.0,42.0
2012-06-07 15:48:42,2012-06-07 06:48:42,310376000,9229659,ZCDF4,CORAL PRINCESS,59.44728,-135.3225,0.0,42.0
2012-06-07 15:51:43,2012-06-07 06:51:43,310376000,9229659,ZCDF4,CORAL PRINCESS,59.44728,-135.3225,0.0,42.0
2012-06-07 15:54:43,2012-06-07 06:54:43,310376000,9229659,ZCDF4,CORAL PRINCESS,59.4473,-135.3225,0.0,42.0
2012-06-07 15:57:41,2012-06-07 06:57:41,310376000,9229659,ZCDF4,CORAL PRINCESS,59.4473,-135.3225,0.0,42.0
2012-06-07 16:00:42,2012-06-07 07:00:42,310376000,9229659,ZCDF4,CORAL PRINCESS,59.4473,-135.3225,0.0,42.0
2012-06-07 16:03:42,2012-06-07 07:03:42,310376000,9229659,ZCDF4,CORAL PRINCESS,59.4473,-135.3225,0.0,42.0
2012-06-07 16:06:43,2012-06-07 07:06:43,310376000,9229659,ZCDF4,CORAL PRINCESS,59.4473,-135.3225,0.0,42.0
2012-06-07 16:09:42,2012-06-07 07:09:42,310376000,9229659,ZCDF4,CORAL PRINCESS,59.4473,-135.3225,0.0,42.0
2012-06-07 16:12:43,2012-06-07 07:12:43,310376000,9229659,ZCDF4,CORAL PRINCESS,59.4473,-135.3225,0.0,42.0
2012-06-07 16:15:43,2012-06-07 07:15:43,310376000,9229659,ZCDF4,CORAL PRINCESS,59.4473,-135.3225,0.0,42.0
2012-06-07 16:18:42,2012-06-07 07:18:42,310376000,9229659,ZCDF4,CORAL PRINCESS,59.4473,-135.3225,0.0,42.0
2012-06-07 16:21:43,2012-06-07 07:21:43,310376000,9229659,ZCDF4,CORAL PRINCESS,59.4473,-135.3225,0.0,42.0
2012-06-07 16:24:42,2012-06-07 07:24:42,310376000,9229659,ZCDF4,CORAL PRINCESS,59.4473,-135.3225,0.0,42.0
2012-06-07 16:27:43,2012-06-07 07:27:43,310376000,9229659,ZCDF4,CORAL PRINCESS,59.4473,-135.3225,0.0,42.0
2012-06-07 16:30:43,2012-06-07 07:30:43,310376000,9229659,ZCDF4,CORAL PRINCESS,59.4473,-135.3225,0.0,42.0
2012-06-07 16:33:45,2012-06-07 07:33:45,310376000,9229659,ZCDF4,CORAL PRINCESS,59.4473,-135.3225,0.0,42.0
2012-06-07 16:36:43,2012-06-07 07:36:43,310376000,9229659,ZCDF4,CORAL PRINCESS,59.4473,-135.3225,0.0,42.0
2012-06-07 16:39:44,2012-06-07 07:39:44,310376000,9229659,ZCDF4,CORAL PRINCESS,59.4473,-135.3225,0.0,42.0
2012-06-07 16:42:43,2012-06-07 07:42:43,310376000,9229659,ZCDF4,CORAL PRINCESS,59.4473,-135.3225,0.0,42.0
2012-06-07 16:45:42,2012-06-07 07:45:42,310376000,9229659,ZCDF4,CORAL PRINCESS,59.44728,-135.3225,0.0,42.0
2012-06-07 16:48:45,2012-06-07 07:48:45,310376000,9229659,ZCDF4,CORAL PRINCESS,59.4473,-135.3225,0.0,42.0
2012-06-07 16:51:43,2012-06-07 07:51:43,310376000,9229659,ZCDF4,CORAL PRINCESS,59.4473,-135.3225,0.0,42.0
2012-06-07 16:54:43,2012-06-07 07:54:43,310376000,9229659,ZCDF4,CORAL PRINCESS,59.4473,-135.3225,0.0,42.0
2012-06-07 16:57:43,2012-06-07 07:57:43,310376000,9229659,ZCDF4,CORAL PRINCESS,59.4473,-135.3225,0.0,42.0
2012-06-07 17:00:42,2012-06-07 08:00:42,310376000,9229659,ZCDF4,CORAL PRINCESS,59.44728,-135.3225,0.0,42.0
2012-06-07 17:03:44,2012-06-07 08:03:44,310376000,9229659,ZCDF4,CORAL PRINCESS,59.44728,-135.3225,0.0,42.0
2012-06-07 17:06:42,2012-06-07 08:06:42,310376000,9229659,ZCDF4,CORAL PRINCESS,59.44728,-135.3225,0.0,43.0
2012-06-07 17:09:42,2012-06-07 08:09:42,310376000,9229659,ZCDF4,CORAL PRINCESS,59.44728,-135.3225,0.0,43.0
2012-06-07 17:12:43,2012-06-07 08:12:43,310376000,9229659,ZCDF4,CORAL PRINCESS,59.44728,-135.3225,0.0,43.0
2012-06-07 17:15:43,2012-06-07 08:15:43,310376000,9229659,ZCDF4,CORAL PRINCESS,59.44728,-135.3224,0.0,43.0
2012-06-07 17:18:43,2012-06-07 08:18:43,310376000,9229659,ZCDF4,CORAL PRINCESS,59.44728,-135.3225,0.0,43.0
2012-06-07 17:21:43,2012-06-07 08:21:43,310376000,9229659,ZCDF4,CORAL PRINCESS,59.4473,-135.3224,0.0,43.0
2012-06-07 17:24:43,2012-06-07 08:24:43,310376000,9229659,ZCDF4,CORAL PRINCESS,59.4473,-135.3224,0.0,42.0
2012-06-07 17:27:44,2012-06-07 08:27:44,310376000,9229659,ZCDF4,CORAL PRINCESS,59.4473,-135.3224,0.0,42.0
2012-06-07 17:30:44,2012-06-07 08:30:44,310376000,9229659,ZCDF4,CORAL PRINCESS,59.4473,-135.3224,0.0,42.0
2012-06-07 17:33:43,2012-06-07 08:33:43,310376000,9229659,ZCDF4,CORAL PRINCESS,59.44728,-135.3225,0.0,42.0
2012-06-07 17:36:42,2012-06-07 08:36:42,310376000,9229659,ZCDF4,CORAL PRINCESS,59.4473,-135.3224,0.0,42.0
2012-06-07 17:39:44,2012-06-07 08:39:44,310376000,9229659,ZCDF4,CORAL PRINCESS,59.4473,-135.3225,0.0,42.0
2012-06-07 17:42:43,2012-06-07 08:42:43,310376000,9229659,ZCDF4,CORAL PRINCESS,59.4473,-135.3225,0.0,42.0
2012-06-07 17:45:43,2012-06-07 08:45:43,310376000,9229659,ZCDF4,CORAL PRINCESS,59.4473,-135.3225,0.0,42.0
2012-06-07 17:48:44,2012-06-07 08:48:44,310376000,9229659,ZCDF4,CORAL PRINCESS,59.4473,-135.3225,0.0,42.0
2012-06-07 17:51:42,2012-06-07 08:51:42,310376000,9229659,ZCDF4,CORAL PRINCESS,59.4473,-135.3225,0.0,42.0
2012-06-07 17:54:42,2012-06-07 08:54:42,310376000,9229659,ZCDF4,CORAL PRINCESS,59.4473,-135.3224,0.0,42.0
2012-06-07 17:57:44,2012-06-07 08:57:44,310376000,9229659,ZCDF4,CORAL PRINCESS,59.4473,-135.3224,0.0,42.0
2012-06-07 18:00:42,2012-06-07 09:00:42,310376000,9229659,ZCDF4,CORAL PRINCESS,59.4473,-135.3224,0.0,42.0
2012-06-07 18:03:42,2012-06-07 09:03:42,310376000,9229659,ZCDF4,CORAL PRINCESS,59.4473,-135.3224,0.0,42.0
2012-06-07 18:06:43,2012-06-07 09:06:43,310376000,9229659,ZCDF4,CORAL PRINCESS,59.4473,-135.3224,0.0,42.0
2012-06-07 18:09:42,2012-06-07 09:09:42,310376000,9229659,ZCDF4,CORAL PRINCESS,59.4473,-135.3224,0.0,42.0
2012-06-07 18:12:42,2012-06-07 09:12:42,310376000,9229659,ZCDF4,CORAL PRINCESS,59.4473,-135.3224,0.0,42.0
2012-06-07 18:15:44,2012-06-07 09:15:44,310376000,9229659,ZCDF4,CORAL PRINCESS,59.4473,-135.3224,0.0,42.0
2012-06-07 18:18:42,2012-06-07 09:18:42,310376000,9229659,ZCDF4,CORAL PRINCESS,59.4473,-135.3224,0.0,42.0
2012-06-07 18:21:42,2012-06-07 09:21:42,310376000,9229659,ZCDF4,CORAL PRINCESS,59.4473,-135.3224,0.0,42.0
2012-06-07 18:24:43,2012-06-07 09:24:43,310376000,9229659,ZCDF4,CORAL PRINCESS,59.4473,-135.3224,0.0,42.0
2012-06-07 18:27:43,2012-06-07 09:27:43,310376000,9229659,ZCDF4,CORAL PRINCESS,59.4473,-135.3224,0.0,42.0
2012-06-07 18:30:43,2012-06-07 09:30:43,310376000,9229659,ZCDF4,CORAL PRINCESS,59.4473,-135.3224,0.0,42.0
2012-06-07 18:33:43,2012-06-07 09:33:43,310376000,9229659,ZCDF4,CORAL PRINCESS,59.4473,-135.3224,0.0,42.0
2012-06-07 18:36:43,2012-06-07 09:36:43,310376000,9229659,ZCDF4,CORAL PRINCESS,59.4473,-135.3224,0.0,43.0
2012-06-07 18:39:43,2012-06-07 09:39:43,310376000,9229659,ZCDF4,CORAL PRINCESS,59.4473,-135.3225,0.0,42.0
2012-06-07 18:42:42,2012-06-07 09:42:42,310376000,9229659,ZCDF4,CORAL PRINCESS,59.4473,-135.3225,0.0,42.0
2012-06-07 18:45:42,2012-06-07 09:45:42,310376000,9229659,ZCDF4,CORAL PRINCESS,59.4473,-135.3225,0.0,43.0
2012-06-07 18:48:43,2012-06-07 09:48:43,310376000,9229659,ZCDF4,CORAL PRINCESS,59.4473,-135.3225,0.0,43.0
2012-06-07 18:51:43,2012-06-07 09:51:43,310376000,9229659,ZCDF4,CORAL PRINCESS,59.44728,-135.3225,0.0,43.0
2012-06-07 18:54:43,2012-06-07 09:54:43,310376000,9229659,ZCDF4,CORAL PRINCESS,59.44728,-135.3225,0.0,43.0
2012-06-07 18:57:43,2012-06-07 09:57:43,310376000,9229659,ZCDF4,CORAL PRINCESS,59.44728,-135.3225,0.0,43.0
2012-06-07 19:00:42,2012-06-07 10:00:42,310376000,9229659,ZCDF4,CORAL PRINCESS,59.4473,-135.3225,0.0,43.0
2012-06-07 19:03:42,2012-06-07 10:03:42,310376000,9229659,ZCDF4,CORAL PRINCESS,59.4473,-135.3225,0.0,43.0
2012-06-07 19:06:42,2012-06-07 10:06:42,310376000,9229659,ZCDF4,CORAL PRINCESS,59.4473,-135.3224,0.0,43.0
2012-06-07 19:09:43,2012-06-07 10:09:43,310376000,9229659,ZCDF4,CORAL PRINCESS,59.44732,-135.3224,0.0,43.0
2012-06-07 19:12:44,2012-06-07 10:12:44,310376000,9229659,ZCDF4,CORAL PRINCESS,59.44732,-135.3225,0.0,43.0
2012-06-07 19:15:43,2012-06-07 10:15:43,310376000,9229659,ZCDF4,CORAL PRINCESS,59.44732,-135.3225,0.0,43.0
2012-06-07 19:18:43,2012-06-07 10:18:43,310376000,9229659,ZCDF4,CORAL PRINCESS,59.44732,-135.3225,0.0,43.0
2012-06-07 19:21:42,2012-06-07 10:21:42,310376000,9229659,ZCDF4,CORAL PRINCESS,59.4473,-135.3225,0.0,43.0
2012-06-07 19:24:43,2012-06-07 10:24:43,310376000,9229659,ZCDF4,CORAL PRINCESS,59.4473,-135.3225,0.0,43.0
2012-06-07 19:27:42,2012-06-07 10:27:42,310376000,9229659,ZCDF4,CORAL PRINCESS,59.4473,-135.3224,0.0,43.0
2012-06-07 19:30:44,2012-06-07 10:30:44,310376000,9229659,ZCDF4,CORAL PRINCESS,59.44732,-135.3225,0.0,43.0
2012-06-07 19:33:43,2012-06-07 10:33:43,310376000,9229659,ZCDF4,CORAL PRINCESS,59.44732,-135.3225,0.0,43.0
2012-06-07 19:36:43,2012-06-07 10:36:43,310376000,9229659,ZCDF4,CORAL PRINCESS,59.44732,-135.3224,0.0,43.0
2012-06-07 19:39:43,2012-06-07 10:39:43,310376000,9229659,ZCDF4,CORAL PRINCESS,59.44732,-135.3224,0.0,43.0
2012-06-07 19:42:43,2012-06-07 10:42:43,310376000,9229659,ZCDF4,CORAL PRINCESS,59.44733,-135.3225,0.0,43.0
2012-06-07 19:45:42,2012-06-07 10:45:42,310376000,9229659,ZCDF4,CORAL PRINCESS,59.44733,-135.3225,0.0,43.0
2012-06-07 19:48:43,2012-06-07 10:48:43,310376000,9229659,ZCDF4,CORAL PRINCESS,59.44733,-135.3225,0.0,43.0
2012-06-07 19:51:44,2012-06-07 10:51:44,310376000,9229659,ZCDF4,CORAL PRINCESS,59.44733,-135.3225,0.0,43.0
2012-06-07 19:54:44,2012-06-07 10:54:44,310376000,9229659,ZCDF4,CORAL PRINCESS,59.44733,-135.3225,0.0,43.0
2012-06-07 19:57:43,2012-06-07 10:57:43,310376000,9229659,ZCDF4,CORAL PRINCESS,59.44732,-135.3225,0.0,43.0
2012-06-07 20:00:43,2012-06-07 11:00:43,310376000,9229659,ZCDF4,CORAL PRINCESS,59.44732,-135.3225,0.0,43.0
2012-06-07 20:03:43,2012-06-07 11:03:43,310376000,9229659,ZCDF4,CORAL PRINCESS,59.44732,-135.3225,0.0,43.0
2012-06-07 20:06:42,2012-06-07 11:06:42,310376000,9229659,ZCDF4,CORAL PRINCESS,59.4473,-135.3225,0.0,43.0
2012-06-07 20:09:42,2012-06-07 11:09:42,310376000,9229659,ZCDF4,CORAL PRINCESS,59.4473,-135.3225,0.0,43.0
2012-06-07 20:12:44,2012-06-07 11:12:44,310376000,9229659,ZCDF4,CORAL PRINCESS,59.4473,-135.3225,0.0,43.0
2012-06-07 20:15:42,2012-06-07 11:15:42,310376000,9229659,ZCDF4,CORAL PRINCESS,59.4473,-135.3225,0.0,43.0
2012-06-07 20:18:43,2012-06-07 11:18:43,310376000,9229659,ZCDF4,CORAL PRINCESS,59.44728,-135.3224,0.0,43.0
2012-06-07 20:21:42,2012-06-07 11:21:42,310376000,9229659,ZCDF4,CORAL PRINCESS,59.44728,-135.3224,0.0,43.0
2012-06-07 20:24:43,2012-06-07 11:24:43,310376000,9229659,ZCDF4,CORAL PRINCESS,59.44728,-135.3224,0.0,43.0
2012-06-07 20:27:43,2012-06-07 11:27:43,310376000,9229659,ZCDF4,CORAL PRINCESS,59.44728,-135.3224,0.0,43.0
2012-06-07 20:30:42,2012-06-07 11:30:42,310376000,9229659,ZCDF4,CORAL PRINCESS,59.44728,-135.3224,0.0,43.0
2012-06-07 20:33:43,2012-06-07 11:33:43,310376000,9229659,ZCDF4,CORAL PRINCESS,59.44728,-135.3224,0.0,43.0
2012-06-07 20:36:43,2012-06-07 11:36:43,310376000,9229659,ZCDF4,CORAL PRINCESS,59.44728,-135.3224,0.0,43.0
2012-06-07 20:39:44,2012-06-07 11:39:44,310376000,9229659,ZCDF4,CORAL PRINCESS,59.44728,-135.3224,0.0,43.0
2012-06-07 20:42:43,2012-06-07 11:42:43,310376000,9229659,ZCDF4,CORAL PRINCESS,59.44728,-135.3224,0.0,43.0
2012-06-07 20:45:44,2012-06-07 11:45:44,310376000,9229659,ZCDF4,CORAL PRINCESS,59.4473,-135.3224,0.0,43.0
2012-06-07 20:48:42,2012-06-07 11:48:42,310376000,9229659,ZCDF4,CORAL PRINCESS,59.4473,-135.3225,0.0,43.0
2012-06-07 20:51:43,2012-06-07 11:51:43,310376000,9229659,ZCDF4,CORAL PRINCESS,59.4473,-135.3225,0.0,43.0
2012-06-07 20:54:42,2012-06-07 11:54:42,310376000,9229659,ZCDF4,CORAL PRINCESS,59.4473,-135.3224,0.0,43.0
2012-06-07 20:57:43,2012-06-07 11:57:43,310376000,9229659,ZCDF4,CORAL PRINCESS,59.4473,-135.3224,0.0,43.0
2012-06-07 21:00:42,2012-06-07 12:00:42,310376000,9229659,ZCDF4,CORAL PRINCESS,59.4473,-135.3224,0.0,43.0
2012-06-07 21:03:42,2012-06-07 12:03:42,310376000,9229659,ZCDF4,CORAL PRINCESS,59.4473,-135.3225,0.0,43.0
2012-06-07 21:06:43,2012-06-07 12:06:43,310376000,9229659,ZCDF4,CORAL PRINCESS,59.4473,-135.3225,0.0,43.0
2012-06-07 21:09:42,2012-06-07 12:09:42,310376000,9229659,ZCDF4,CORAL PRINCESS,59.4473,-135.3225,0.0,43.0
2012-06-07 21:15:44,2012-06-07 12:15:44,310376000,9229659,ZCDF4,CORAL PRINCESS,59.4473,-135.3225,0.0,43.0
2012-06-07 21:18:42,2012-06-07 12:18:42,310376000,9229659,ZCDF4,CORAL PRINCESS,59.4473,-135.3224,0.0,43.0
2012-06-07 21:21:44,2012-06-07 12:21:44,310376000,9229659,ZCDF4,CORAL PRINCESS,59.4473,-135.3224,0.0,43.0
2012-06-07 21:24:44,2012-06-07 12:24:44,310376000,9229659,ZCDF4,CORAL PRINCESS,59.4473,-135.3224,0.0,43.0
2012-06-07 21:27:43,2012-06-07 12:27:43,310376000,9229659,ZCDF4,CORAL PRINCESS,59.4473,-135.3224,0.0,43.0
2012-06-07 21:51:44,2012-06-07 12:51:44,310376000,9229659,ZCDF4,CORAL PRINCESS,59.44728,-135.3224,0.0,43.0
2012-06-07 21:54:44,2012-06-07 12:54:44,310376000,9229659,ZCDF4,CORAL PRINCESS,59.44728,-135.3224,0.0,43.0
2012-06-07 21:57:43,2012-06-07 12:57:43,310376000,9229659,ZCDF4,CORAL PRINCESS,59.44728,-135.3224,0.0,43.0
2012-06-07 22:00:46,2012-06-07 13:00:46,310376000,9229659,ZCDF4,CORAL PRINCESS,59.44728,-135.3224,0.0,43.0
2012-06-07 22:03:42,2012-06-07 13:03:42,310376000,9229659,ZCDF4,CORAL PRINCESS,59.44728,-135.3224,0.0,43.0
2012-06-07 22:06:43,2012-06-07 13:06:43,310376000,9229659,ZCDF4,CORAL PRINCESS,59.44728,-135.3224,0.0,43.0
2012-06-07 22:09:42,2012-06-07 13:09:42,310376000,9229659,ZCDF4,CORAL PRINCESS,59.4473,-135.3224,0.0,43.0
2012-06-07 22:15:44,2012-06-07 13:15:44,310376000,9229659,ZCDF4,CORAL PRINCESS,59.4473,-135.3225,0.0,43.0
2012-06-07 22:18:43,2012-06-07 13:18:43,310376000,9229659,ZCDF4,CORAL PRINCESS,59.4473,-135.3224,0.0,43.0
2012-06-07 22:21:44,2012-06-07 13:21:44,310376000,9229659,ZCDF4,CORAL PRINCESS,59.4473,-135.3224,0.0,43.0
2012-06-07 22:24:43,2012-06-07 13:24:43,310376000,9229659,ZCDF4,CORAL PRINCESS,59.4473,-135.3224,0.0,43.0
2012-06-07 22:27:44,2012-06-07 13:27:44,310376000,9229659,ZCDF4,CORAL PRINCESS,59.4473,-135.3224,0.0,43.0
2012-06-07 22:30:43,2012-06-07 13:30:43,310376000,9229659,ZCDF4,CORAL PRINCESS,59.4473,-135.3224,0.0,43.0
2012-06-07 22:33:44,2012-06-07 13:33:44,310376000,9229659,ZCDF4,CORAL PRINCESS,59.44728,-135.3224,0.0,43.0
2012-06-07 22:36:43,2012-06-07 13:36:43,310376000,9229659,ZCDF4,CORAL PRINCESS,59.44728,-135.3224,0.0,43.0
2012-06-07 22:39:44,2012-06-07 13:39:44,310376000,9229659,ZCDF4,CORAL PRINCESS,59.4473,-135.3224,0.0,43.0
2012-06-07 22:42:42,2012-06-07 13:42:42,310376000,9229659,ZCDF4,CORAL PRINCESS,59.44732,-135.3224,0.0,43.0
2012-06-07 22:45:44,2012-06-07 13:45:44,310376000,9229659,ZCDF4,CORAL PRINCESS,59.4473,-135.3224,0.0,43.0
2012-06-07 22:48:43,2012-06-07 13:48:43,310376000,9229659,ZCDF4,CORAL PRINCESS,59.4473,-135.3224,0.0,43.0
2012-06-07 22:51:43,2012-06-07 13:51:43,310376000,9229659,ZCDF4,CORAL PRINCESS,59.4473,-135.3224,0.0,43.0
2012-06-07 22:54:44,2012-06-07 13:54:44,310376000,9229659,ZCDF4,CORAL PRINCESS,59.4473,-135.3224,0.0,43.0
2012-06-07 22:57:44,2012-06-07 13:57:44,310376000,9229659,ZCDF4,CORAL PRINCESS,59.4473,-135.3224,0.0,43.0
2012-06-07 23:00:44,2012-06-07 14:00:44,310376000,9229659,ZCDF4,CORAL PRINCESS,59.4473,-135.3224,0.0,43.0
2012-06-07 23:03:42,2012-06-07 14:03:42,310376000,9229659,ZCDF4,CORAL PRINCESS,59.4473,-135.3224,0.0,43.0
2012-06-07 23:06:44,2012-06-07 14:06:44,310376000,9229659,ZCDF4,CORAL PRINCESS,59.4473,-135.3224,0.0,43.0
2012-06-07 23:09:43,2012-06-07 14:09:43,310376000,9229659,ZCDF4,CORAL PRINCESS,59.4473,-135.3224,0.0,43.0
2012-06-07 23:12:44,2012-06-07 14:12:44,310376000,9229659,ZCDF4,CORAL PRINCESS,59.44728,-135.3224,0.0,43.0
2012-06-07 23:15:44,2012-06-07 14:15:44,310376000,9229659,ZCDF4,CORAL PRINCESS,59.44728,-135.3224,0.0,43.0
2012-06-07 23:18:44,2012-06-07 14:18:44,310376000,9229659,ZCDF4,CORAL PRINCESS,59.44728,-135.3224,0.0,43.0
2012-06-07 23:21:44,2012-06-07 14:21:44,310376000,9229659,ZCDF4,CORAL PRINCESS,59.44727,-135.3224,0.0,43.0
2012-06-07 23:24:43,2012-06-07 14:24:43,310376000,9229659,ZCDF4,CORAL PRINCESS,59.44727,-135.3224,0.0,43.0
2012-06-07 23:27:44,2012-06-07 14:27:44,310376000,9229659,ZCDF4,CORAL PRINCESS,59.44727,-135.3224,0.0,43.0
2012-06-07 23:30:43,2012-06-07 14:30:43,310376000,9229659,ZCDF4,CORAL PRINCESS,59.44727,-135.3224,0.0,43.0
2012-06-07 23:33:43,2012-06-07 14:33:43,310376000,9229659,ZCDF4,CORAL PRINCESS,59.44727,-135.3224,0.0,43.0
2012-06-07 23:36:43,2012-06-07 14:36:43,310376000,9229659,ZCDF4,CORAL PRINCESS,59.44727,-135.3225,0.0,43.0
2012-06-07 23:39:43,2012-06-07 14:39:43,310376000,9229659,ZCDF4,CORAL PRINCESS,59.44727,-135.3225,0.0,43.0
2012-06-07 23:42:43,2012-06-07 14:42:43,310376000,9229659,ZCDF4,CORAL PRINCESS,59.44727,-135.3224,0.0,43.0
2012-06-07 23:45:43,2012-06-07 14:45:43,310376000,9229659,ZCDF4,CORAL PRINCESS,59.44728,-135.3224,0.0,43.0
2012-06-07 23:51:44,2012-06-07 14:51:44,310376000,9229659,ZCDF4,CORAL PRINCESS,59.44728,-135.3225,0.0,43.0
2012-06-07 23:54:43,2012-06-07 14:54:43,310376000,9229659,ZCDF4,CORAL PRINCESS,59.44728,-135.3224,0.0,43.0
2012-06-07 23:57:43,2012-06-07 14:57:43,310376000,9229659,ZCDF4,CORAL PRINCESS,59.44727,-135.3225,0.0,43.0
2012-06-08 00:00:44,2012-06-07 15:00:44,310376000,9229659,ZCDF4,CORAL PRINCESS,59.44728,-135.3224,0.0,43.0
2012-06-08 00:03:44,2012-06-07 15:03:44,310376000,9229659,ZCDF4,CORAL PRINCESS,59.44728,-135.3224,0.0,43.0
2012-06-08 00:06:43,2012-06-07 15:06:43,310376000,9229659,ZCDF4,CORAL PRINCESS,59.44728,-135.3224,0.0,43.0
2012-06-08 00:24:45,2012-06-07 15:24:45,310376000,9229659,ZCDF4,CORAL PRINCESS,59.44728,-135.3224,0.0,43.0
2012-06-08 00:27:43,2012-06-07 15:27:43,310376000,9229659,ZCDF4,CORAL PRINCESS,59.44728,-135.3224,0.0,43.0
2012-06-08 00:30:44,2012-06-07 15:30:44,310376000,9229659,ZCDF4,CORAL PRINCESS,59.44728,-135.3224,0.0,43.0
2012-06-08 00:33:44,2012-06-07 15:33:44,310376000,9229659,ZCDF4,CORAL PRINCESS,59.44728,-135.3224,0.0,43.0
2012-06-08 00:36:43,2012-06-07 15:36:43,310376000,9229659,ZCDF4,CORAL PRINCESS,59.44728,-135.3224,0.0,43.0
2012-06-08 00:39:44,2012-06-07 15:39:44,310376000,9229659,ZCDF4,CORAL PRINCESS,59.44728,-135.3224,0.0,43.0
2012-06-08 00:42:43,2012-06-07 15:42:43,310376000,9229659,ZCDF4,CORAL PRINCESS,59.44728,-135.3224,0.0,43.0
2012-06-08 00:45:44,2012-06-07 15:45:44,310376000,9229659,ZCDF4,CORAL PRINCESS,59.44728,-135.3224,0.0,43.0
2012-06-08 00:48:44,2012-06-07 15:48:44,310376000,9229659,ZCDF4,CORAL PRINCESS,59.44728,-135.3224,0.0,43.0
2012-06-08 00:51:42,2012-06-07 15:51:42,310376000,9229659,ZCDF4,CORAL PRINCESS,59.44727,-135.3224,0.0,43.0
2012-06-08 00:57:43,2012-06-07 15:57:43,310376000,9229659,ZCDF4,CORAL PRINCESS,59.44727,-135.3224,0.0,43.0
2012-06-08 01:00:43,2012-06-07 16:00:43,310376000,9229659,ZCDF4,CORAL PRINCESS,59.44727,-135.3224,0.0,43.0
2012-06-08 01:03:44,2012-06-07 16:03:44,310376000,9229659,ZCDF4,CORAL PRINCESS,59.44728,-135.3224,0.0,43.0
2012-06-08 01:06:43,2012-06-07 16:06:43,310376000,9229659,ZCDF4,CORAL PRINCESS,59.44727,-135.3224,0.0,43.0
2012-06-08 01:09:43,2012-06-07 16:09:43,310376000,9229659,ZCDF4,CORAL PRINCESS,59.44727,-135.3224,0.0,43.0
2012-06-08 01:12:43,2012-06-07 16:12:43,310376000,9229659,ZCDF4,CORAL PRINCESS,59.44728,-135.3224,0.0,43.0
2012-06-08 01:15:43,2012-06-07 16:15:43,310376000,9229659,ZCDF4,CORAL PRINCESS,59.44728,-135.3224,0.0,43.0
2012-06-08 01:18:43,2012-06-07 16:18:43,310376000,9229659,ZCDF4,CORAL PRINCESS,59.44728,-135.3224,0.0,43.0
2012-06-08 01:21:43,2012-06-07 16:21:43,310376000,9229659,ZCDF4,CORAL PRINCESS,59.44728,-135.3224,0.0,43.0
2012-06-08 01:24:43,2012-06-07 16:24:43,310376000,9229659,ZCDF4,CORAL PRINCESS,59.44728,-135.3224,0.0,43.0
2012-06-08 01:27:43,2012-06-07 16:27:43,310376000,9229659,ZCDF4,CORAL PRINCESS,59.44728,-135.3224,0.0,43.0
2012-06-08 01:30:44,2012-06-07 16:30:44,310376000,9229659,ZCDF4,CORAL PRINCESS,59.44728,-135.3224,0.0,43.0
2012-06-08 01:33:43,2012-06-07 16:33:43,310376000,9229659,ZCDF4,CORAL PRINCESS,59.44728,-135.3224,0.0,43.0
2012-06-08 01:36:43,2012-06-07 16:36:43,310376000,9229659,ZCDF4,CORAL PRINCESS,59.44728,-135.3224,0.0,43.0
2012-06-08 01:39:43,2012-06-07 16:39:43,310376000,9229659,ZCDF4,CORAL PRINCESS,59.44728,-135.3224,0.0,43.0
2012-06-08 01:42:43,2012-06-07 16:42:43,310376000,9229659,ZCDF4,CORAL PRINCESS,59.44728,-135.3224,0.0,43.0
2012-06-08 01:45:43,2012-06-07 16:45:43,310376000,9229659,ZCDF4,CORAL PRINCESS,59.44727,-135.3224,0.1,177.9
2012-06-08 01:48:42,2012-06-07 16:48:42,310376000,9229659,ZCDF4,CORAL PRINCESS,59.44727,-135.3224,0.0,43.0
2012-06-08 01:51:42,2012-06-07 16:51:42,310376000,9229659,ZCDF4,CORAL PRINCESS,59.44727,-135.3224,0.0,43.0
2012-06-08 01:54:44,2012-06-07 16:54:44,310376000,9229659,ZCDF4,CORAL PRINCESS,59.44728,-135.3224,0.0,43.0
2012-06-08 01:57:43,2012-06-07 16:57:43,310376000,9229659,ZCDF4,CORAL PRINCESS,59.44728,-135.3224,0.0,43.0
2012-06-08 02:00:43,2012-06-07 17:00:43,310376000,9229659,ZCDF4,CORAL PRINCESS,59.44728,-135.3224,0.0,43.0
2012-06-08 02:03:44,2012-06-07 17:03:44,310376000,9229659,ZCDF4,CORAL PRINCESS,59.4473,-135.3224,0.0,43.0
2012-06-08 02:06:43,2012-06-07 17:06:43,310376000,9229659,ZCDF4,CORAL PRINCESS,59.4473,-135.3224,0.0,43.0
2012-06-08 02:09:44,2012-06-07 17:09:44,310376000,9229659,ZCDF4,CORAL PRINCESS,59.4473,-135.3224,0.0,43.0
2012-06-08 02:12:43,2012-06-07 17:12:43,310376000,9229659,ZCDF4,CORAL PRINCESS,59.44732,-135.3224,0.0,43.0
2012-06-08 02:15:44,2012-06-07 17:15:44,310376000,9229659,ZCDF4,CORAL PRINCESS,59.44733,-135.3225,0.0,43.0
2012-06-08 02:18:42,2012-06-07 17:18:42,310376000,9229659,ZCDF4,CORAL PRINCESS,59.44733,-135.3225,0.0,43.0
2012-06-08 02:21:44,2012-06-07 17:21:44,310376000,9229659,ZCDF4,CORAL PRINCESS,59.44733,-135.3225,0.0,43.0
2012-06-08 02:24:43,2012-06-07 17:24:43,310376000,9229659,ZCDF4,CORAL PRINCESS,59.44732,-135.3224,0.0,43.0
2012-06-08 02:27:43,2012-06-07 17:27:43,310376000,9229659,ZCDF4,CORAL PRINCESS,59.44732,-135.3224,0.0,43.0
2012-06-08 02:30:43,2012-06-07 17:30:43,310376000,9229659,ZCDF4,CORAL PRINCESS,59.44732,-135.3224,0.0,43.0
2012-06-08 02:33:44,2012-06-07 17:33:44,310376000,9229659,ZCDF4,CORAL PRINCESS,59.4473,-135.3224,0.0,43.0
2012-06-08 02:36:43,2012-06-07 17:36:43,310376000,9229659,ZCDF4,CORAL PRINCESS,59.4473,-135.3224,0.0,43.0
2012-06-08 02:39:44,2012-06-07 17:39:44,310376000,9229659,ZCDF4,CORAL PRINCESS,59.4473,-135.3224,0.0,43.0
2012-06-08 02:42:43,2012-06-07 17:42:43,310376000,9229659,ZCDF4,CORAL PRINCESS,59.4473,-135.3224,0.0,43.0
2012-06-08 02:45:43,2012-06-07 17:45:43,310376000,9229659,ZCDF4,CORAL PRINCESS,59.4473,-135.3224,0.0,43.0
2012-06-08 02:48:43,2012-06-07 17:48:43,310376000,9229659,ZCDF4,CORAL PRINCESS,59.4473,-135.3224,0.0,43.0
2012-06-08 02:51:42,2012-06-07 17:51:42,310376000,9229659,ZCDF4,CORAL PRINCESS,59.4473,-135.3224,0.0,43.0
2012-06-08 02:54:43,2012-06-07 17:54:43,310376000,9229659,ZCDF4,CORAL PRINCESS,59.4473,-135.3224,0.0,43.0
2012-06-08 02:57:43,2012-06-07 17:57:43,310376000,9229659,ZCDF4,CORAL PRINCESS,59.4473,-135.3224,0.0,43.0
2012-06-08 03:00:43,2012-06-07 18:00:43,310376000,9229659,ZCDF4,CORAL PRINCESS,59.4473,-135.3224,0.0,43.0
2012-06-08 03:03:43,2012-06-07 18:03:43,310376000,9229659,ZCDF4,CORAL PRINCESS,59.4473,-135.3224,0.0,43.0
2012-06-08 03:06:43,2012-06-07 18:06:43,310376000,9229659,ZCDF4,CORAL PRINCESS,59.4473,-135.3224,0.0,43.0
2012-06-08 03:09:43,2012-06-07 18:09:43,310376000,9229659,ZCDF4,CORAL PRINCESS,59.4473,-135.3224,0.0,43.0
2012-06-08 03:15:43,2012-06-07 18:15:43,310376000,9229659,ZCDF4,CORAL PRINCESS,59.4473,-135.3224,0.0,43.0
2012-06-08 03:18:44,2012-06-07 18:18:44,310376000,9229659,ZCDF4,CORAL PRINCESS,59.4473,-135.3224,0.0,43.0
2012-06-08 03:21:43,2012-06-07 18:21:43,310376000,9229659,ZCDF4,CORAL PRINCESS,59.4473,-135.3224,0.0,43.0
2012-06-08 03:24:44,2012-06-07 18:24:44,310376000,9229659,ZCDF4,CORAL PRINCESS,59.4473,-135.3224,0.0,43.0
2012-06-08 03:27:44,2012-06-07 18:27:44,310376000,9229659,ZCDF4,CORAL PRINCESS,59.44732,-135.3224,0.0,43.0
2012-06-08 03:30:44,2012-06-07 18:30:44,310376000,9229659,ZCDF4,CORAL PRINCESS,59.44728,-135.3224,0.0,43.0
2012-06-08 03:33:43,2012-06-07 18:33:43,310376000,9229659,ZCDF4,CORAL PRINCESS,59.4473,-135.3224,0.0,43.0
2012-06-08 03:36:44,2012-06-07 18:36:44,310376000,9229659,ZCDF4,CORAL PRINCESS,59.4473,-135.3224,0.0,43.0
2012-06-08 03:39:43,2012-06-07 18:39:43,310376000,9229659,ZCDF4,CORAL PRINCESS,59.4473,-135.3224,0.0,43.0
2012-06-08 03:42:44,2012-06-07 18:42:44,310376000,9229659,ZCDF4,CORAL PRINCESS,59.44728,-135.3225,0.0,43.0
2012-06-08 03:45:43,2012-06-07 18:45:43,310376000,9229659,ZCDF4,CORAL PRINCESS,59.44728,-135.3224,0.0,43.0
2012-06-08 03:48:44,2012-06-07 18:48:44,310376000,9229659,ZCDF4,CORAL PRINCESS,59.44728,-135.3224,0.0,43.0
2012-06-08 03:51:44,2012-06-07 18:51:44,310376000,9229659,ZCDF4,CORAL PRINCESS,59.44728,-135.3224,0.0,43.0
2012-06-08 03:54:44,2012-06-07 18:54:44,310376000,9229659,ZCDF4,CORAL PRINCESS,59.44728,-135.3224,0.0,43.0
2012-06-08 03:57:43,2012-06-07 18:57:43,310376000,9229659,ZCDF4,CORAL PRINCESS,59.44728,-135.3224,0.0,43.0
2012-06-08 04:00:44,2012-06-07 19:00:44,310376000,9229659,ZCDF4,CORAL PRINCESS,59.44728,-135.3224,0.0,43.0
2012-06-08 04:03:44,2012-06-07 19:03:44,310376000,9229659,ZCDF4,CORAL PRINCESS,59.44728,-135.3224,0.0,43.0
2012-06-08 04:07:53,2012-06-07 19:07:53,310376000,9229659,ZCDF4,CORAL PRINCESS,59.44728,-135.3224,0.0,43.0
2012-06-08 04:08:03,2012-06-07 19:08:03,310376000,9229659,ZCDF4,CORAL PRINCESS,59.44728,-135.3224,0.0,43.0
2012-06-08 04:09:02,2012-06-07 19:09:02,310376000,9229659,ZCDF4,CORAL PRINCESS,59.44728,-135.3224,0.0,43.0
2012-06-08 04:10:03,2012-06-07 19:10:03,310376000,9229659,ZCDF4,CORAL PRINCESS,59.44728,-135.3224,0.0,43.0
2012-06-08 04:11:02,2012-06-07 19:11:02,310376000,9229659,ZCDF4,CORAL PRINCESS,59.44732,-135.3225,0.4,314.0
2012-06-08 04:12:03,2012-06-07 19:12:03,310376000,9229659,ZCDF4,CORAL PRINCESS,59.44729,-135.3227,0.4,242.0
2012-06-08 04:13:02,2012-06-07 19:13:02,310376000,9229659,ZCDF4,CORAL PRINCESS,59.44717,-135.323,1.1,229.0
2012-06-08 04:14:02,2012-06-07 19:14:02,310376000,9229659,ZCDF4,CORAL PRINCESS,59.4469,-135.3237,1.9,233.0
2012-06-08 04:15:03,2012-06-07 19:15:03,310376000,9229659,ZCDF4,CORAL PRINCESS,59.44652,-135.3247,2.5,233.5
2012-06-08 04:16:03,2012-06-07 19:16:03,310376000,9229659,ZCDF4,CORAL PRINCESS,59.44602,-135.3259,2.8,225.9
2012-06-08 04:17:03,2012-06-07 19:17:03,310376000,9229659,ZCDF4,CORAL PRINCESS,59.44545,-135.3271,3.2,230.2
2012-06-08 04:18:02,2012-06-07 19:18:02,310376000,9229659,ZCDF4,CORAL PRINCESS,59.44488,-135.3286,3.5,231.7
2012-06-08 04:19:02,2012-06-07 19:19:02,310376000,9229659,ZCDF4,CORAL PRINCESS,59.44426,-135.3302,3.8,235.4
2012-06-08 04:20:02,2012-06-07 19:20:02,310376000,9229659,ZCDF4,CORAL PRINCESS,59.44368,-135.332,4.0,240.2
2012-06-08 04:21:02,2012-06-07 19:21:02,310376000,9229659,ZCDF4,CORAL PRINCESS,59.44322,-135.3339,4.0,247.4
2012-06-08 04:22:03,2012-06-07 19:22:03,310376000,9229659,ZCDF4,CORAL PRINCESS,59.44292,-135.3359,3.7,260.3
2012-06-08 04:23:03,2012-06-07 19:23:03,310376000,9229659,ZCDF4,CORAL PRINCESS,59.44271,-135.3379,3.6,260.5
2012-06-08 04:24:03,2012-06-07 19:24:03,310376000,9229659,ZCDF4,CORAL PRINCESS,59.44267,-135.3396,2.9,272.7
2012-06-08 04:25:03,2012-06-07 19:25:03,310376000,9229659,ZCDF4,CORAL PRINCESS,59.44271,-135.3409,2.2,278.5
2012-06-08 04:26:03,2012-06-07 19:26:03,310376000,9229659,ZCDF4,CORAL PRINCESS,59.44278,-135.342,1.9,276.8
2012-06-08 04:27:03,2012-06-07 19:27:03,310376000,9229659,ZCDF4,CORAL PRINCESS,59.44277,-135.3431,1.8,268.6
2012-06-08 04:28:03,2012-06-07 19:28:03,310376000,9229659,ZCDF4,CORAL PRINCESS,59.44252,-135.3437,1.5,207.3
2012-06-08 04:29:03,2012-06-07 19:29:03,310376000,9229659,ZCDF4,CORAL PRINCESS,59.4419,-135.344,2.7,195.0
2012-06-08 04:30:03,2012-06-07 19:30:03,310376000,9229659,ZCDF4,CORAL PRINCESS,59.4409,-135.3445,4.2,193.6
2012-06-08 04:31:03,2012-06-07 19:31:03,310376000,9229659,ZCDF4,CORAL PRINCESS,59.43948,-135.3453,5.9,196.0
2012-06-08 04:32:03,2012-06-07 19:32:03,310376000,9229659,ZCDF4,CORAL PRINCESS,59.43767,-135.3463,7.2,197.5
2012-06-08 04:33:06,2012-06-07 19:33:06,310376000,9229659,ZCDF4,CORAL PRINCESS,59.43542,-135.3478,8.6,197.6
2012-06-08 04:34:06,2012-06-07 19:34:06,310376000,9229659,ZCDF4,CORAL PRINCESS,59.43291,-135.3493,9.7,197.9
2012-06-08 04:35:06,2012-06-07 19:35:06,310376000,9229659,ZCDF4,CORAL PRINCESS,59.43017,-135.3508,10.5,194.8
2012-06-08 04:36:06,2012-06-07 19:36:06,310376000,9229659,ZCDF4,CORAL PRINCESS,59.42724,-135.352,11.0,190.6
2012-06-08 04:37:06,2012-06-07 19:37:06,310376000,9229659,ZCDF4,CORAL PRINCESS,59.42416,-135.3529,11.3,187.5
2012-06-08 04:38:05,2012-06-07 19:38:05,310376000,9229659,ZCDF4,CORAL PRINCESS,59.42105,-135.3538,11.5,187.9
2012-06-08 04:39:05,2012-06-07 19:39:05,310376000,9229659,ZCDF4,CORAL PRINCESS,59.41784,-135.3547,11.6,187.9
2012-06-08 04:40:05,2012-06-07 19:40:05,310376000,9229659,ZCDF4,CORAL PRINCESS,59.41464,-135.3555,11.7,186.9
2012-06-08 04:41:05,2012-06-07 19:41:05,310376000,9229659,ZCDF4,CORAL PRINCESS,59.41145,-135.3563,11.6,187.9
2012-06-08 04:42:05,2012-06-07 19:42:05,310376000,9229659,ZCDF4,CORAL PRINCESS,59.40828,-135.3572,11.6,187.9
2012-06-08 04:43:05,2012-06-07 19:43:05,310376000,9229659,ZCDF4,CORAL PRINCESS,59.40513,-135.3581,11.5,187.9
2012-06-08 04:44:06,2012-06-07 19:44:06,310376000,9229659,ZCDF4,CORAL PRINCESS,59.40194,-135.3589,11.4,187.0
2012-06-08 04:45:06,2012-06-07 19:45:06,310376000,9229659,ZCDF4,CORAL PRINCESS,59.39882,-135.3597,11.3,187.0
2012-06-08 04:46:06,2012-06-07 19:46:06,310376000,9229659,ZCDF4,CORAL PRINCESS,59.39567,-135.3604,11.3,185.9
2012-06-08 04:47:07,2012-06-07 19:47:07,310376000,9229659,ZCDF4,CORAL PRINCESS,59.39259,-135.3612,11.2,187.9
2012-06-08 04:48:06,2012-06-07 19:48:06,310376000,9229659,ZCDF4,CORAL PRINCESS,59.38953,-135.3621,11.2,188.4
2012-06-08 04:49:06,2012-06-07 19:49:06,310376000,9229659,ZCDF4,CORAL PRINCESS,59.38653,-135.363,11.1,190.5
2012-06-08 04:50:06,2012-06-07 19:50:06,310376000,9229659,ZCDF4,CORAL PRINCESS,59.38348,-135.3641,11.2,189.5
2012-06-08 04:51:06,2012-06-07 19:51:06,310376000,9229659,ZCDF4,CORAL PRINCESS,59.38046,-135.3651,11.1,190.0
2012-06-08 04:52:06,2012-06-07 19:52:06,310376000,9229659,ZCDF4,CORAL PRINCESS,59.37737,-135.3659,11.1,187.0
2012-06-08 04:53:05,2012-06-07 19:53:05,310376000,9229659,ZCDF4,CORAL PRINCESS,59.37438,-135.3666,11.1,185.5
2012-06-08 04:54:05,2012-06-07 19:54:05,310376000,9229659,ZCDF4,CORAL PRINCESS,59.37132,-135.3672,11.1,186.0
2012-06-08 04:55:06,2012-06-07 19:55:06,310376000,9229659,ZCDF4,CORAL PRINCESS,59.36827,-135.3678,11.1,186.0
2012-06-08 04:56:05,2012-06-07 19:56:05,310376000,9229659,ZCDF4,CORAL PRINCESS,59.36521,-135.3683,11.1,185.0
2012-06-08 04:57:05,2012-06-07 19:57:05,310376000,9229659,ZCDF4,CORAL PRINCESS,59.36217,-135.3689,11.1,185.4
2012-06-08 04:58:05,2012-06-07 19:58:05,310376000,9229659,ZCDF4,CORAL PRINCESS,59.35904,-135.3695,11.2,186.0
2012-06-08 04:59:05,2012-06-07 19:59:05,310376000,9229659,ZCDF4,CORAL PRINCESS,59.35593,-135.3701,11.3,186.0
2012-06-08 05:00:05,2012-06-07 20:00:05,310376000,9229659,ZCDF4,CORAL PRINCESS,59.3528,-135.3706,11.4,184.4
2012-06-08 05:01:05,2012-06-07 20:01:05,310376000,9229659,ZCDF4,CORAL PRINCESS,59.34967,-135.3713,11.4,186.4
2012-06-08 05:02:05,2012-06-07 20:02:05,310376000,9229659,ZCDF4,CORAL PRINCESS,59.34651,-135.3721,11.5,187.0
2012-06-08 05:03:05,2012-06-07 20:03:05,310376000,9229659,ZCDF4,CORAL PRINCESS,59.3433,-135.3728,11.5,186.5
2012-06-08 05:04:05,2012-06-07 20:04:05,310376000,9229659,ZCDF4,CORAL PRINCESS,59.34014,-135.3736,11.6,186.5
2012-06-08 05:05:05,2012-06-07 20:05:05,310376000,9229659,ZCDF4,CORAL PRINCESS,59.33701,-135.3743,11.6,187.0
2012-06-08 05:06:05,2012-06-07 20:06:05,310376000,9229659,ZCDF4,CORAL PRINCESS,59.33384,-135.3751,11.6,187.0
2012-06-08 05:07:05,2012-06-07 20:07:05,310376000,9229659,ZCDF4,CORAL PRINCESS,59.33064,-135.3758,11.6,186.0
2012-06-08 05:08:05,2012-06-07 20:08:05,310376000,9229659,ZCDF4,CORAL PRINCESS,59.32748,-135.3765,11.5,186.0
2012-06-08 05:09:05,2012-06-07 20:09:05,310376000,9229659,ZCDF4,CORAL PRINCESS,59.32425,-135.3772,11.5,186.0
2012-06-08 05:10:05,2012-06-07 20:10:05,310376000,9229659,ZCDF4,CORAL PRINCESS,59.32109,-135.3779,11.5,186.0
2012-06-08 05:11:05,2012-06-07 20:11:05,310376000,9229659,ZCDF4,CORAL PRINCESS,59.31794,-135.3786,11.5,187.0
2012-06-08 05:12:05,2012-06-07 20:12:05,310376000,9229659,ZCDF4,CORAL PRINCESS,59.3148,-135.3792,11.4,184.9
2012-06-08 05:13:05,2012-06-07 20:13:05,310376000,9229659,ZCDF4,CORAL PRINCESS,59.31168,-135.3796,11.3,183.9
2012-06-08 05:14:05,2012-06-07 20:14:05,310376000,9229659,ZCDF4,CORAL PRINCESS,59.30852,-135.3801,11.3,183.9
2012-06-08 05:15:05,2012-06-07 20:15:05,310376000,9229659,ZCDF4,CORAL PRINCESS,59.30546,-135.3805,11.3,183.9
2012-06-08 05:16:05,2012-06-07 20:16:05,310376000,9229659,ZCDF4,CORAL PRINCESS,59.30236,-135.3809,11.2,183.9
2012-06-08 05:17:05,2012-06-07 20:17:05,310376000,9229659,ZCDF4,CORAL PRINCESS,59.29929,-135.3814,11.2,183.9
2012-06-08 05:18:05,2012-06-07 20:18:05,310376000,9229659,ZCDF4,CORAL PRINCESS,59.29622,-135.3819,11.1,184.9
2012-06-08 05:19:05,2012-06-07 20:19:05,310376000,9229659,ZCDF4,CORAL PRINCESS,59.29315,-135.3825,11.2,185.4
2012-06-08 05:20:06,2012-06-07 20:20:06,310376000,9229659,ZCDF4,CORAL PRINCESS,59.28994,-135.3832,11.1,186.5
2012-06-08 05:21:06,2012-06-07 20:21:06,310376000,9229659,ZCDF4,CORAL PRINCESS,59.2869,-135.3839,11.1,186.5
2012-06-08 05:22:06,2012-06-07 20:22:06,310376000,9229659,ZCDF4,CORAL PRINCESS,59.28384,-135.3846,11.1,185.0
2012-06-08 05:23:06,2012-06-07 20:23:06,310376000,9229659,ZCDF4,CORAL PRINCESS,59.28078,-135.3848,11.1,181.5
2012-06-08 05:24:07,2012-06-07 20:24:07,310376000,9229659,ZCDF4,CORAL PRINCESS,59.27769,-135.3851,11.2,182.5
2012-06-08 05:25:06,2012-06-07 20:25:06,310376000,9229659,ZCDF4,CORAL PRINCESS,59.27458,-135.3853,11.3,182.0
2012-06-08 05:26:06,2012-06-07 20:26:06,310376000,9229659,ZCDF4,CORAL PRINCESS,59.27145,-135.3852,11.3,177.5
2012-06-08 05:27:06,2012-06-07 20:27:06,310376000,9229659,ZCDF4,CORAL PRINCESS,59.26836,-135.3846,11.2,173.0
2012-06-08 05:28:06,2012-06-07 20:28:06,310376000,9229659,ZCDF4,CORAL PRINCESS,59.26532,-135.3835,11.2,166.5
2012-06-08 05:29:06,2012-06-07 20:29:06,310376000,9229659,ZCDF4,CORAL PRINCESS,59.26232,-135.3818,11.3,163.5
2012-06-08 05:30:06,2012-06-07 20:30:06,310376000,9229659,ZCDF4,CORAL PRINCESS,59.25929,-135.38,11.5,162.9
2012-06-08 05:31:06,2012-06-07 20:31:06,310376000,9229659,ZCDF4,CORAL PRINCESS,59.25624,-135.3781,11.6,162.4
2012-06-08 05:32:08,2012-06-07 20:32:08,310376000,9229659,ZCDF4,CORAL PRINCESS,59.25315,-135.3764,11.7,163.9
2012-06-08 05:33:09,2012-06-07 20:33:09,310376000,9229659,ZCDF4,CORAL PRINCESS,59.24999,-135.3746,11.7,163.9
2012-06-08 05:34:06,2012-06-07 20:34:06,310376000,9229659,ZCDF4,CORAL PRINCESS,59.24686,-135.3728,11.8,163.9
2012-06-08 05:35:06,2012-06-07 20:35:06,310376000,9229659,ZCDF4,CORAL PRINCESS,59.24371,-135.371,11.9,163.8
2012-06-08 05:36:08,2012-06-07 20:36:08,310376000,9229659,ZCDF4,CORAL PRINCESS,59.24054,-135.3692,12.0,163.8
2012-06-08 05:37:06,2012-06-07 20:37:06,310376000,9229659,ZCDF4,CORAL PRINCESS,59.23735,-135.3674,12.0,163.8
2012-06-08 05:38:06,2012-06-07 20:38:06,310376000,9229659,ZCDF4,CORAL PRINCESS,59.23414,-135.3656,12.1,164.3
2012-06-08 05:39:06,2012-06-07 20:39:06,310376000,9229659,ZCDF4,CORAL PRINCESS,59.2309,-135.3637,12.1,162.8
2012-06-08 05:40:07,2012-06-07 20:40:07,310376000,9229659,ZCDF4,CORAL PRINCESS,59.22766,-135.3618,12.1,163.8
2012-06-08 05:41:07,2012-06-07 20:41:07,310376000,9229659,ZCDF4,CORAL PRINCESS,59.22446,-135.3601,12.0,163.9
2012-06-08 05:42:06,2012-06-07 20:42:06,310376000,9229659,ZCDF4,CORAL PRINCESS,59.22129,-135.3583,12.0,163.9
2012-06-08 05:43:07,2012-06-07 20:43:07,310376000,9229659,ZCDF4,CORAL PRINCESS,59.21812,-135.3565,11.9,163.9
2012-06-08 05:44:07,2012-06-07 20:44:07,310376000,9229659,ZCDF4,CORAL PRINCESS,59.21495,-135.3546,11.8,163.9
2012-06-08 05:45:06,2012-06-07 20:45:06,310376000,9229659,ZCDF4,CORAL PRINCESS,59.21184,-135.3528,11.8,162.9
2012-06-08 05:46:05,2012-06-07 20:46:05,310376000,9229659,ZCDF4,CORAL PRINCESS,59.20883,-135.351,11.8,162.9
2012-06-08 05:47:05,2012-06-07 20:47:05,310376000,9229659,ZCDF4,CORAL PRINCESS,59.20572,-135.3491,11.8,162.0
2012-06-08 05:48:05,2012-06-07 20:48:05,310376000,9229659,ZCDF4,CORAL PRINCESS,59.20261,-135.3472,11.8,162.9
2012-06-08 05:49:05,2012-06-07 20:49:05,310376000,9229659,ZCDF4,CORAL PRINCESS,59.19944,-135.3452,11.8,162.0
2012-06-08 05:50:05,2012-06-07 20:50:05,310376000,9229659,ZCDF4,CORAL PRINCESS,59.19634,-135.3433,11.7,162.0
2012-06-08 05:51:05,2012-06-07 20:51:05,310376000,9229659,ZCDF4,CORAL PRINCESS,59.19326,-135.3413,11.7,162.0
2012-06-08 05:52:06,2012-06-07 20:52:06,310376000,9229659,ZCDF4,CORAL PRINCESS,59.19012,-135.3394,11.7,162.9
2012-06-08 05:53:07,2012-06-07 20:53:07,310376000,9229659,ZCDF4,CORAL PRINCESS,59.18701,-135.3376,11.8,162.9
2012-06-08 05:54:07,2012-06-07 20:54:07,310376000,9229659,ZCDF4,CORAL PRINCESS,59.18387,-135.3355,11.8,159.4
2012-06-08 05:55:06,2012-06-07 20:55:06,310376000,9229659,ZCDF4,CORAL PRINCESS,59.18083,-135.3332,11.8,157.9
2012-06-08 05:56:05,2012-06-07 20:56:05,310376000,9229659,ZCDF4,CORAL PRINCESS,59.17791,-135.3308,11.8,156.9
2012-06-08 05:57:05,2012-06-07 20:57:05,310376000,9229659,ZCDF4,CORAL PRINCESS,59.1749,-135.3284,11.8,156.9
2012-06-08 05:58:05,2012-06-07 20:58:05,310376000,9229659,ZCDF4,CORAL PRINCESS,59.17189,-135.3259,11.9,156.4
2012-06-08 05:59:05,2012-06-07 20:59:05,310376000,9229659,ZCDF4,CORAL PRINCESS,59.16883,-135.3235,12.0,157.9
2012-06-08 06:00:05,2012-06-07 21:00:05,310376000,9229659,ZCDF4,CORAL PRINCESS,59.16572,-135.3209,12.0,157.0
2012-06-08 06:01:05,2012-06-07 21:01:05,310376000,9229659,ZCDF4,CORAL PRINCESS,59.16266,-135.3185,12.0,156.5
2012-06-08 06:02:05,2012-06-07 21:02:05,310376000,9229659,ZCDF4,CORAL PRINCESS,59.15957,-135.316,12.0,157.5
2012-06-08 06:03:05,2012-06-07 21:03:05,310376000,9229659,ZCDF4,CORAL PRINCESS,59.15649,-135.3136,12.0,157.5
2012-06-08 06:04:06,2012-06-07 21:04:06,310376000,9229659,ZCDF4,CORAL PRINCESS,59.15332,-135.3111,12.0,158.5
2012-06-08 06:05:07,2012-06-07 21:05:07,310376000,9229659,ZCDF4,CORAL PRINCESS,59.15025,-135.3087,11.9,157.5
2012-06-08 06:06:08,2012-06-07 21:06:08,310376000,9229659,ZCDF4,CORAL PRINCESS,59.14716,-135.3062,11.9,157.5
2012-06-08 06:07:07,2012-06-07 21:07:07,310376000,9229659,ZCDF4,CORAL PRINCESS,59.14417,-135.3038,11.9,157.5
2012-06-08 06:08:06,2012-06-07 21:08:06,310376000,9229659,ZCDF4,CORAL PRINCESS,59.14112,-135.3014,11.9,158.0
2012-06-08 06:09:06,2012-06-07 21:09:06,310376000,9229659,ZCDF4,CORAL PRINCESS,59.13806,-135.2991,11.9,158.0
2012-06-08 06:10:05,2012-06-07 21:10:05,310376000,9229659,ZCDF4,CORAL PRINCESS,59.13506,-135.2968,11.9,158.9
2012-06-08 06:11:05,2012-06-07 21:11:05,310376000,9229659,ZCDF4,CORAL PRINCESS,59.13202,-135.2944,11.8,158.0
2012-06-08 06:12:05,2012-06-07 21:12:05,310376000,9229659,ZCDF4,CORAL PRINCESS,59.12893,-135.292,11.9,158.0
2012-06-08 06:13:05,2012-06-07 21:13:05,310376000,9229659,ZCDF4,CORAL PRINCESS,59.12589,-135.2896,11.9,158.0
2012-06-08 06:14:05,2012-06-07 21:14:05,310376000,9229659,ZCDF4,CORAL PRINCESS,59.12288,-135.2871,11.9,157.0
2012-06-08 06:15:05,2012-06-07 21:15:05,310376000,9229659,ZCDF4,CORAL PRINCESS,59.11985,-135.2846,11.9,157.0
2012-06-08 06:16:05,2012-06-07 21:16:05,310376000,9229659,ZCDF4,CORAL PRINCESS,59.11681,-135.2821,11.9,157.0
2012-06-08 06:17:05,2012-06-07 21:17:05,310376000,9229659,ZCDF4,CORAL PRINCESS,59.11371,-135.2797,11.9,158.5
2012-06-08 06:18:06,2012-06-07 21:18:06,310376000,9229659,ZCDF4,CORAL PRINCESS,59.11065,-135.2773,11.9,158.0
2012-06-08 06:19:06,2012-06-07 21:19:06,310376000,9229659,ZCDF4,CORAL PRINCESS,59.10761,-135.2749,11.8,158.0
2012-06-08 06:20:06,2012-06-07 21:20:06,310376000,9229659,ZCDF4,CORAL PRINCESS,59.10458,-135.2725,11.8,158.0
2012-06-08 06:21:06,2012-06-07 21:21:06,310376000,9229659,ZCDF4,CORAL PRINCESS,59.10159,-135.2701,11.7,157.0
2012-06-08 06:22:06,2012-06-07 21:22:06,310376000,9229659,ZCDF4,CORAL PRINCESS,59.09861,-135.2677,11.6,156.5
2012-06-08 06:23:06,2012-06-07 21:23:06,310376000,9229659,ZCDF4,CORAL PRINCESS,59.0956,-135.2652,11.6,157.0
2012-06-08 06:24:06,2012-06-07 21:24:06,310376000,9229659,ZCDF4,CORAL PRINCESS,59.09266,-135.2628,11.6,156.5
2012-06-08 06:25:06,2012-06-07 21:25:06,310376000,9229659,ZCDF4,CORAL PRINCESS,59.08969,-135.2604,11.6,156.5
2012-06-08 06:26:06,2012-06-07 21:26:06,310376000,9229659,ZCDF4,CORAL PRINCESS,59.08673,-135.2579,11.6,156.5
2012-06-08 06:27:06,2012-06-07 21:27:06,310376000,9229659,ZCDF4,CORAL PRINCESS,59.08374,-135.2556,11.6,159.5
2012-06-08 06:28:16,2012-06-07 21:28:16,310376000,9229659,ZCDF4,CORAL PRINCESS,59.08017,-135.2534,11.6,164.0
2012-06-08 06:29:06,2012-06-07 21:29:06,310376000,9229659,ZCDF4,CORAL PRINCESS,59.07753,-135.2522,11.6,166.0
2012-06-08 06:30:06,2012-06-07 21:30:06,310376000,9229659,ZCDF4,CORAL PRINCESS,59.0744,-135.2508,11.6,166.5
2012-06-08 06:31:06,2012-06-07 21:31:06,310376000,9229659,ZCDF4,CORAL PRINCESS,59.07128,-135.2494,11.6,167.0
2012-06-08 06:32:07,2012-06-07 21:32:07,310376000,9229659,ZCDF4,CORAL PRINCESS,59.06813,-135.248,11.6,167.0
2012-06-08 06:33:06,2012-06-07 21:33:06,310376000,9229659,ZCDF4,CORAL PRINCESS,59.065,-135.2466,11.6,167.0
2012-06-08 06:34:06,2012-06-07 21:34:06,310376000,9229659,ZCDF4,CORAL PRINCESS,59.06183,-135.2451,11.6,166.0
2012-06-08 06:35:17,2012-06-07 21:35:17,310376000,9229659,ZCDF4,CORAL PRINCESS,59.05818,-135.2434,11.6,166.0
2012-06-08 06:36:07,2012-06-07 21:36:07,310376000,9229659,ZCDF4,CORAL PRINCESS,59.05559,-135.2422,11.6,167.0
2012-06-08 06:37:06,2012-06-07 21:37:06,310376000,9229659,ZCDF4,CORAL PRINCESS,59.05247,-135.2407,11.6,166.0
2012-06-08 06:38:06,2012-06-07 21:38:06,310376000,9229659,ZCDF4,CORAL PRINCESS,59.04939,-135.2393,11.5,166.0
2012-06-08 06:39:35,2012-06-07 21:39:35,310376000,9229659,ZCDF4,CORAL PRINCESS,59.04479,-135.2371,11.5,166.0
2012-06-08 06:40:06,2012-06-07 21:40:06,310376000,9229659,ZCDF4,CORAL PRINCESS,59.04321,-135.2363,11.5,166.0
2012-06-08 06:41:06,2012-06-07 21:41:06,310376000,9229659,ZCDF4,CORAL PRINCESS,59.04015,-135.2348,11.4,165.9
2012-06-08 06:42:06,2012-06-07 21:42:06,310376000,9229659,ZCDF4,CORAL PRINCESS,59.03711,-135.2333,11.4,165.9
2012-06-08 06:43:06,2012-06-07 21:43:06,310376000,9229659,ZCDF4,CORAL PRINCESS,59.03406,-135.2318,11.3,165.9
2012-06-08 06:44:06,2012-06-07 21:44:06,310376000,9229659,ZCDF4,CORAL PRINCESS,59.03103,-135.2303,11.3,165.9
2012-06-08 06:45:06,2012-06-07 21:45:06,310376000,9229659,ZCDF4,CORAL PRINCESS,59.02799,-135.2288,11.4,165.9
2012-06-08 06:46:06,2012-06-07 21:46:06,310376000,9229659,ZCDF4,CORAL PRINCESS,59.02489,-135.2273,11.4,165.9
2012-06-08 06:47:06,2012-06-07 21:47:06,310376000,9229659,ZCDF4,CORAL PRINCESS,59.02185,-135.2258,11.3,165.9
2012-06-08 06:48:06,2012-06-07 21:48:06,310376000,9229659,ZCDF4,CORAL PRINCESS,59.01881,-135.2243,11.3,164.9
2012-06-08 06:49:06,2012-06-07 21:49:06,310376000,9229659,ZCDF4,CORAL PRINCESS,59.01577,-135.2228,11.3,165.9
2012-06-08 06:50:06,2012-06-07 21:50:06,310376000,9229659,ZCDF4,CORAL PRINCESS,59.01272,-135.2213,11.4,165.9
2012-06-08 06:51:06,2012-06-07 21:51:06,310376000,9229659,ZCDF4,CORAL PRINCESS,59.00971,-135.2199,11.4,165.9
2012-06-08 06:52:06,2012-06-07 21:52:06,310376000,9229659,ZCDF4,CORAL PRINCESS,59.00668,-135.2184,11.3,165.9
2012-06-08 06:53:06,2012-06-07 21:53:06,310376000,9229659,ZCDF4,CORAL PRINCESS,59.0036,-135.2168,11.3,165.9
2012-06-08 06:54:06,2012-06-07 21:54:06,310376000,9229659,ZCDF4,CORAL PRINCESS,59.00061,-135.2154,11.2,164.9
2012-06-08 06:55:06,2012-06-07 21:55:06,310376000,9229659,ZCDF4,CORAL PRINCESS,58.99762,-135.2139,11.1,164.9
2012-06-08 06:56:06,2012-06-07 21:56:06,310376000,9229659,ZCDF4,CORAL PRINCESS,58.99465,-135.2124,11.1,164.9
2012-06-08 06:57:06,2012-06-07 21:57:06,310376000,9229659,ZCDF4,CORAL PRINCESS,58.9917,-135.2108,11.0,164.9
2012-06-08 06:58:06,2012-06-07 21:58:06,310376000,9229659,ZCDF4,CORAL PRINCESS,58.98877,-135.2092,11.0,163.8
2012-06-08 06:59:08,2012-06-07 21:59:08,310376000,9229659,ZCDF4,CORAL PRINCESS,58.98586,-135.2076,10.9,163.8
2012-06-08 07:00:06,2012-06-07 22:00:06,310376000,9229659,ZCDF4,CORAL PRINCESS,58.98289,-135.2061,10.9,164.8
2012-06-08 07:01:06,2012-06-07 22:01:06,310376000,9229659,ZCDF4,CORAL PRINCESS,58.97996,-135.2046,11.0,164.9
2012-06-08 07:02:06,2012-06-07 22:02:06,310376000,9229659,ZCDF4,CORAL PRINCESS,58.97702,-135.203,11.0,164.3
2012-06-08 07:03:06,2012-06-07 22:03:06,310376000,9229659,ZCDF4,CORAL PRINCESS,58.97406,-135.2018,11.0,169.3
2012-06-08 07:04:07,2012-06-07 22:04:07,310376000,9229659,ZCDF4,CORAL PRINCESS,58.97113,-135.201,10.8,173.8
2012-06-08 07:05:06,2012-06-07 22:05:06,310376000,9229659,ZCDF4,CORAL PRINCESS,58.96815,-135.2008,10.8,178.8
2012-06-08 07:06:06,2012-06-07 22:06:06,310376000,9229659,ZCDF4,CORAL PRINCESS,58.96515,-135.201,10.7,182.9
2012-06-08 07:07:06,2012-06-07 22:07:06,310376000,9229659,ZCDF4,CORAL PRINCESS,58.96218,-135.2014,10.8,184.0
2012-06-08 07:08:06,2012-06-07 22:08:06,310376000,9229659,ZCDF4,CORAL PRINCESS,58.95919,-135.2018,10.8,184.0
2012-06-08 07:09:06,2012-06-07 22:09:06,310376000,9229659,ZCDF4,CORAL PRINCESS,58.9562,-135.2022,10.9,184.0
2012-06-08 07:10:06,2012-06-07 22:10:06,310376000,9229659,ZCDF4,CORAL PRINCESS,58.95315,-135.2026,10.9,184.0
2012-06-08 07:11:06,2012-06-07 22:11:06,310376000,9229659,ZCDF4,CORAL PRINCESS,58.95017,-135.2031,10.9,185.0
2012-06-08 07:12:07,2012-06-07 22:12:07,310376000,9229659,ZCDF4,CORAL PRINCESS,58.94713,-135.2036,10.8,185.0
2012-06-08 07:13:06,2012-06-07 22:13:06,310376000,9229659,ZCDF4,CORAL PRINCESS,58.94415,-135.2041,10.8,185.0
2012-06-08 07:14:07,2012-06-07 22:14:07,310376000,9229659,ZCDF4,CORAL PRINCESS,58.94117,-135.2047,10.8,186.1
2012-06-08 07:15:06,2012-06-07 22:15:06,310376000,9229659,ZCDF4,CORAL PRINCESS,58.9382,-135.2052,10.8,185.1
2012-06-08 07:16:06,2012-06-07 22:16:06,310376000,9229659,ZCDF4,CORAL PRINCESS,58.93521,-135.2057,10.8,184.1
2012-06-08 07:17:07,2012-06-07 22:17:07,310376000,9229659,ZCDF4,CORAL PRINCESS,58.93224,-135.2061,10.8,184.1
2012-06-08 07:18:06,2012-06-07 22:18:06,310376000,9229659,ZCDF4,CORAL PRINCESS,58.92924,-135.2066,10.8,185.1
2012-06-08 07:19:07,2012-06-07 22:19:07,310376000,9229659,ZCDF4,CORAL PRINCESS,58.92625,-135.207,10.9,185.1
2012-06-08 07:20:06,2012-06-07 22:20:06,310376000,9229659,ZCDF4,CORAL PRINCESS,58.92324,-135.2076,10.9,184.6
2012-06-08 07:21:06,2012-06-07 22:21:06,310376000,9229659,ZCDF4,CORAL PRINCESS,58.92022,-135.2081,10.9,184.6
2012-06-08 07:22:06,2012-06-07 22:22:06,310376000,9229659,ZCDF4,CORAL PRINCESS,58.91719,-135.2085,11.0,184.1
2012-06-08 07:23:06,2012-06-07 22:23:06,310376000,9229659,ZCDF4,CORAL PRINCESS,58.91414,-135.2088,11.1,184.1
2012-06-08 07:24:05,2012-06-07 22:24:05,310376000,9229659,ZCDF4,CORAL PRINCESS,58.91112,-135.2093,11.2,184.0
2012-06-08 07:25:06,2012-06-07 22:25:06,310376000,9229659,ZCDF4,CORAL PRINCESS,58.90797,-135.2097,11.2,184.0
2012-06-08 07:26:05,2012-06-07 22:26:05,310376000,9229659,ZCDF4,CORAL PRINCESS,58.90488,-135.2101,11.3,184.0
2012-06-08 07:27:05,2012-06-07 22:27:05,310376000,9229659,ZCDF4,CORAL PRINCESS,58.90174,-135.2105,11.3,182.5
2012-06-08 07:28:05,2012-06-07 22:28:05,310376000,9229659,ZCDF4,CORAL PRINCESS,58.89861,-135.2109,11.4,183.0
2012-06-08 07:29:05,2012-06-07 22:29:05,310376000,9229659,ZCDF4,CORAL PRINCESS,58.89546,-135.2112,11.4,182.0
2012-06-08 07:30:06,2012-06-07 22:30:06,310376000,9229659,ZCDF4,CORAL PRINCESS,58.89238,-135.2114,11.4,182.0
2012-06-08 07:31:05,2012-06-07 22:31:05,310376000,9229659,ZCDF4,CORAL PRINCESS,58.88921,-135.2117,11.3,182.0
2012-06-08 07:32:05,2012-06-07 22:32:05,310376000,9229659,ZCDF4,CORAL PRINCESS,58.88608,-135.2119,11.3,182.0
2012-06-08 07:33:07,2012-06-07 22:33:07,310376000,9229659,ZCDF4,CORAL PRINCESS,58.88297,-135.2123,11.3,184.0
2012-06-08 07:34:05,2012-06-07 22:34:05,310376000,9229659,ZCDF4,CORAL PRINCESS,58.87987,-135.2127,11.2,184.0
2012-06-08 07:35:06,2012-06-07 22:35:06,310376000,9229659,ZCDF4,CORAL PRINCESS,58.87668,-135.2132,11.2,183.5
2012-06-08 07:36:06,2012-06-07 22:36:06,310376000,9229659,ZCDF4,CORAL PRINCESS,58.8736,-135.2136,11.1,183.5
2012-06-08 07:37:07,2012-06-07 22:37:07,310376000,9229659,ZCDF4,CORAL PRINCESS,58.87052,-135.2139,11.1,183.5
2012-06-08 07:38:06,2012-06-07 22:38:06,310376000,9229659,ZCDF4,CORAL PRINCESS,58.86742,-135.2143,11.1,183.5
2012-06-08 07:39:07,2012-06-07 22:39:07,310376000,9229659,ZCDF4,CORAL PRINCESS,58.86434,-135.2147,11.1,184.0
2012-06-08 07:40:06,2012-06-07 22:40:06,310376000,9229659,ZCDF4,CORAL PRINCESS,58.86131,-135.2151,11.1,184.0
2012-06-08 07:41:06,2012-06-07 22:41:06,310376000,9229659,ZCDF4,CORAL PRINCESS,58.85825,-135.2156,11.1,184.0
2012-06-08 07:42:06,2012-06-07 22:42:06,310376000,9229659,ZCDF4,CORAL PRINCESS,58.85519,-135.2157,11.1,180.0
2012-06-08 07:43:06,2012-06-07 22:43:06,310376000,9229659,ZCDF4,CORAL PRINCESS,58.8521,-135.2153,11.0,174.6
2012-06-08 07:44:06,2012-06-07 22:44:06,310376000,9229659,ZCDF4,CORAL PRINCESS,58.84909,-135.2143,11.0,169.0
2012-06-08 07:45:06,2012-06-07 22:45:06,310376000,9229659,ZCDF4,CORAL PRINCESS,58.84609,-135.213,11.1,168.0
2012-06-08 07:46:06,2012-06-07 22:46:06,310376000,9229659,ZCDF4,CORAL PRINCESS,58.84308,-135.2117,11.2,167.0
2012-06-08 07:47:15,2012-06-07 22:47:15,310376000,9229659,ZCDF4,CORAL PRINCESS,58.83962,-135.2102,11.2,167.0
2012-06-08 07:48:06,2012-06-07 22:48:06,310376000,9229659,ZCDF4,CORAL PRINCESS,58.83701,-135.209,11.2,167.0
2012-06-08 07:49:06,2012-06-07 22:49:06,310376000,9229659,ZCDF4,CORAL PRINCESS,58.834,-135.2076,11.2,167.0
2012-06-08 07:50:07,2012-06-07 22:50:07,310376000,9229659,ZCDF4,CORAL PRINCESS,58.83097,-135.2062,11.2,167.0
2012-06-08 07:51:07,2012-06-07 22:51:07,310376000,9229659,ZCDF4,CORAL PRINCESS,58.82795,-135.2049,11.3,167.0
2012-06-08 07:52:06,2012-06-07 22:52:06,310376000,9229659,ZCDF4,CORAL PRINCESS,58.82497,-135.2035,11.3,167.0
2012-06-08 07:53:06,2012-06-07 22:53:06,310376000,9229659,ZCDF4,CORAL PRINCESS,58.82193,-135.2021,11.3,167.0
2012-06-08 07:54:06,2012-06-07 22:54:06,310376000,9229659,ZCDF4,CORAL PRINCESS,58.81889,-135.2007,11.3,167.0
2012-06-08 07:55:06,2012-06-07 22:55:06,310376000,9229659,ZCDF4,CORAL PRINCESS,58.81579,-135.1993,11.3,166.4
2012-06-08 07:56:06,2012-06-07 22:56:06,310376000,9229659,ZCDF4,CORAL PRINCESS,58.81275,-135.198,11.3,167.0
2012-06-08 07:57:06,2012-06-07 22:57:06,310376000,9229659,ZCDF4,CORAL PRINCESS,58.80968,-135.1966,11.3,167.0
2012-06-08 07:58:06,2012-06-07 22:58:06,310376000,9229659,ZCDF4,CORAL PRINCESS,58.80669,-135.1952,11.3,167.0
2012-06-08 07:59:05,2012-06-07 22:59:05,310376000,9229659,ZCDF4,CORAL PRINCESS,58.80363,-135.1938,11.3,165.9
2012-06-08 08:00:07,2012-06-07 23:00:07,310376000,9229659,ZCDF4,CORAL PRINCESS,58.80059,-135.1924,11.3,166.4
2012-06-08 08:01:05,2012-06-07 23:01:05,310376000,9229659,ZCDF4,CORAL PRINCESS,58.79754,-135.191,11.3,166.4
2012-06-08 08:02:05,2012-06-07 23:02:05,310376000,9229659,ZCDF4,CORAL PRINCESS,58.79445,-135.1897,11.3,167.9
2012-06-08 08:03:06,2012-06-07 23:03:06,310376000,9229659,ZCDF4,CORAL PRINCESS,58.79139,-135.1885,11.3,168.4
2012-06-08 08:04:06,2012-06-07 23:04:06,310376000,9229659,ZCDF4,CORAL PRINCESS,58.78833,-135.1873,11.3,169.0
2012-06-08 08:05:05,2012-06-07 23:05:05,310376000,9229659,ZCDF4,CORAL PRINCESS,58.78527,-135.1861,11.3,167.4
2012-06-08 08:06:06,2012-06-07 23:06:06,310376000,9229659,ZCDF4,CORAL PRINCESS,58.7822,-135.1848,11.3,167.9
2012-06-08 08:07:06,2012-06-07 23:07:06,310376000,9229659,ZCDF4,CORAL PRINCESS,58.77913,-135.1835,11.2,168.4
2012-06-08 08:08:06,2012-06-07 23:08:06,310376000,9229659,ZCDF4,CORAL PRINCESS,58.77611,-135.1823,11.1,167.4
2012-06-08 08:09:06,2012-06-07 23:09:06,310376000,9229659,ZCDF4,CORAL PRINCESS,58.77313,-135.1811,10.9,168.4
2012-06-08 08:10:06,2012-06-07 23:10:06,310376000,9229659,ZCDF4,CORAL PRINCESS,58.77019,-135.1799,10.8,167.9
2012-06-08 08:11:06,2012-06-07 23:11:06,310376000,9229659,ZCDF4,CORAL PRINCESS,58.76728,-135.1788,10.7,168.4
2012-06-08 08:12:06,2012-06-07 23:12:06,310376000,9229659,ZCDF4,CORAL PRINCESS,58.76437,-135.1777,10.7,169.0
2012-06-08 08:13:06,2012-06-07 23:13:06,310376000,9229659,ZCDF4,CORAL PRINCESS,58.76146,-135.1766,10.7,169.0
2012-06-08 08:14:06,2012-06-07 23:14:06,310376000,9229659,ZCDF4,CORAL PRINCESS,58.75847,-135.1755,10.7,169.0
2012-06-08 08:15:07,2012-06-07 23:15:07,310376000,9229659,ZCDF4,CORAL PRINCESS,58.75556,-135.1744,10.7,169.0
2012-06-08 08:16:07,2012-06-07 23:16:07,310376000,9229659,ZCDF4,CORAL PRINCESS,58.75265,-135.1734,10.7,169.0
2012-06-08 08:17:07,2012-06-07 23:17:07,310376000,9229659,ZCDF4,CORAL PRINCESS,58.74978,-135.1723,10.7,169.0
2012-06-08 08:18:07,2012-06-07 23:18:07,310376000,9229659,ZCDF4,CORAL PRINCESS,58.74688,-135.1712,10.7,169.0
2012-06-08 08:19:05,2012-06-07 23:19:05,310376000,9229659,ZCDF4,CORAL PRINCESS,58.74398,-135.1701,10.7,168.0
2012-06-08 08:20:05,2012-06-07 23:20:05,310376000,9229659,ZCDF4,CORAL PRINCESS,58.7411,-135.1689,10.7,167.4
2012-06-08 08:21:05,2012-06-07 23:21:05,310376000,9229659,ZCDF4,CORAL PRINCESS,58.73823,-135.1678,10.6,168.0
2012-06-08 08:22:05,2012-06-07 23:22:05,310376000,9229659,ZCDF4,CORAL PRINCESS,58.73535,-135.1666,10.6,168.4
2012-06-08 08:23:05,2012-06-07 23:23:05,310376000,9229659,ZCDF4,CORAL PRINCESS,58.73251,-135.1655,10.6,167.4
2012-06-08 08:24:05,2012-06-07 23:24:05,310376000,9229659,ZCDF4,CORAL PRINCESS,58.72965,-135.1643,10.6,168.0
2012-06-08 08:25:05,2012-06-07 23:25:05,310376000,9229659,ZCDF4,CORAL PRINCESS,58.72679,-135.1631,10.6,166.9
2012-06-08 08:26:05,2012-06-07 23:26:05,310376000,9229659,ZCDF4,CORAL PRINCESS,58.7239,-135.1618,10.6,165.9
2012-06-08 08:27:07,2012-06-07 23:27:07,310376000,9229659,ZCDF4,CORAL PRINCESS,58.72095,-135.1604,10.6,165.3
2012-06-08 08:28:07,2012-06-07 23:28:07,310376000,9229659,ZCDF4,CORAL PRINCESS,58.71812,-135.1591,10.6,167.4
2012-06-08 08:29:07,2012-06-07 23:29:07,310376000,9229659,ZCDF4,CORAL PRINCESS,58.71526,-135.1578,10.6,166.4
2012-06-08 08:30:07,2012-06-07 23:30:07,310376000,9229659,ZCDF4,CORAL PRINCESS,58.71243,-135.1566,10.4,166.4
2012-06-08 08:31:07,2012-06-07 23:31:07,310376000,9229659,ZCDF4,CORAL PRINCESS,58.70961,-135.1553,10.4,166.4
2012-06-08 08:32:07,2012-06-07 23:32:07,310376000,9229659,ZCDF4,CORAL PRINCESS,58.70683,-135.154,10.3,167.4
2012-06-08 08:33:07,2012-06-07 23:33:07,310376000,9229659,ZCDF4,CORAL PRINCESS,58.70407,-135.1528,10.2,167.0
2012-06-08 08:34:08,2012-06-07 23:34:08,310376000,9229659,ZCDF4,CORAL PRINCESS,58.70131,-135.1516,10.2,167.0
2012-06-08 08:35:05,2012-06-07 23:35:05,310376000,9229659,ZCDF4,CORAL PRINCESS,58.69866,-135.1504,10.2,168.5
2012-06-08 08:36:05,2012-06-07 23:36:05,310376000,9229659,ZCDF4,CORAL PRINCESS,58.69587,-135.1492,10.1,167.0
2012-06-08 08:37:05,2012-06-07 23:37:05,310376000,9229659,ZCDF4,CORAL PRINCESS,58.69315,-135.148,10.1,167.0
2012-06-08 08:38:05,2012-06-07 23:38:05,310376000,9229659,ZCDF4,CORAL PRINCESS,58.69042,-135.1468,10.1,167.0
2012-06-08 08:39:05,2012-06-07 23:39:05,310376000,9229659,ZCDF4,CORAL PRINCESS,58.68769,-135.1456,10.1,167.0
2012-06-08 08:40:06,2012-06-07 23:40:06,310376000,9229659,ZCDF4,CORAL PRINCESS,58.68496,-135.1444,10.1,167.0
2012-06-08 08:41:06,2012-06-07 23:41:06,310376000,9229659,ZCDF4,CORAL PRINCESS,58.68223,-135.1432,10.1,167.0
2012-06-08 08:42:05,2012-06-07 23:42:05,310376000,9229659,ZCDF4,CORAL PRINCESS,58.67952,-135.142,10.1,166.4
2012-06-08 08:43:07,2012-06-07 23:43:07,310376000,9229659,ZCDF4,CORAL PRINCESS,58.6767,-135.1407,10.1,167.4
2012-06-08 08:44:07,2012-06-07 23:44:07,310376000,9229659,ZCDF4,CORAL PRINCESS,58.67397,-135.1395,10.1,167.4
2012-06-08 08:45:07,2012-06-07 23:45:07,310376000,9229659,ZCDF4,CORAL PRINCESS,58.67124,-135.1383,10.1,167.0
2012-06-08 08:46:06,2012-06-07 23:46:06,310376000,9229659,ZCDF4,CORAL PRINCESS,58.66851,-135.1371,10.1,167.4
2012-06-08 08:47:06,2012-06-07 23:47:06,310376000,9229659,ZCDF4,CORAL PRINCESS,58.66582,-135.1359,10.2,167.0
2012-06-08 08:48:06,2012-06-07 23:48:06,310376000,9229659,ZCDF4,CORAL PRINCESS,58.66305,-135.1346,10.2,167.4
2012-06-08 08:49:06,2012-06-07 23:49:06,310376000,9229659,ZCDF4,CORAL PRINCESS,58.66034,-135.1335,10.1,167.4
2012-06-08 08:50:06,2012-06-07 23:50:06,310376000,9229659,ZCDF4,CORAL PRINCESS,58.65759,-135.1323,10.1,168.0
2012-06-08 08:51:06,2012-06-07 23:51:06,310376000,9229659,ZCDF4,CORAL PRINCESS,58.65488,-135.1312,10.0,166.8
2012-06-08 08:52:06,2012-06-07 23:52:06,310376000,9229659,ZCDF4,CORAL PRINCESS,58.65219,-135.13,10.0,166.8
2012-06-08 08:53:06,2012-06-07 23:53:06,310376000,9229659,ZCDF4,CORAL PRINCESS,58.64946,-135.1288,10.0,166.8
2012-06-08 08:54:06,2012-06-07 23:54:06,310376000,9229659,ZCDF4,CORAL PRINCESS,58.64677,-135.1276,10.0,166.8
2012-06-08 08:55:06,2012-06-07 23:55:06,310376000,9229659,ZCDF4,CORAL PRINCESS,58.64408,-135.1264,10.0,166.8
2012-06-08 08:56:06,2012-06-07 23:56:06,310376000,9229659,ZCDF4,CORAL PRINCESS,58.64135,-135.1252,10.0,166.8
2012-06-08 08:57:50,2012-06-07 23:57:50,310376000,9229659,ZCDF4,CORAL PRINCESS,58.63869,-135.1241,10.0,168.0
2012-06-08 08:58:01,2012-06-07 23:58:01,310376000,9229659,ZCDF4,CORAL PRINCESS,58.63909,-135.1243,10.0,168.0
2012-06-08 08:59:46,2012-06-07 23:59:46,310376000,9229659,ZCDF4,CORAL PRINCESS,58.63423,-135.1222,10.0,166.8
2012-06-08 09:00:12,2012-06-08 00:00:12,310376000,9229659,ZCDF4,CORAL PRINCESS,58.63061,-135.1207,10.0,168.0
2012-06-08 09:01:05,2012-06-08 00:01:05,310376000,9229659,ZCDF4,CORAL PRINCESS,58.62831,-135.1197,10.0,166.8
2012-06-08 09:02:06,2012-06-08 00:02:06,310376000,9229659,ZCDF4,CORAL PRINCESS,58.62517,-135.1184,10.0,166.8
2012-06-08 09:03:06,2012-06-08 00:03:06,310376000,9229659,ZCDF4,CORAL PRINCESS,58.62248,-135.1172,10.0,166.8
2012-06-08 09:04:06,2012-06-08 00:04:06,310376000,9229659,ZCDF4,CORAL PRINCESS,58.6198,-135.116,10.0,167.4
2012-06-08 09:05:06,2012-06-08 00:05:06,310376000,9229659,ZCDF4,CORAL PRINCESS,58.61713,-135.1148,10.0,166.8
2012-06-08 09:06:05,2012-06-08 00:06:05,310376000,9229659,ZCDF4,CORAL PRINCESS,58.61446,-135.1136,9.9,166.8
2012-06-08 09:07:05,2012-06-08 00:07:05,310376000,9229659,ZCDF4,CORAL PRINCESS,58.6118,-135.1124,9.9,166.8
2012-06-08 09:08:05,2012-06-08 00:08:05,310376000,9229659,ZCDF4,CORAL PRINCESS,58.60909,-135.1111,9.9,166.8
2012-06-08 09:09:16,2012-06-08 00:09:16,310376000,9229659,ZCDF4,CORAL PRINCESS,58.60593,-135.1097,9.9,166.2
2012-06-08 09:10:16,2012-06-08 00:10:16,310376000,9229659,ZCDF4,CORAL PRINCESS,58.60328,-135.1084,9.9,165.6
2012-06-08 09:11:05,2012-06-08 00:11:05,310376000,9229659,ZCDF4,CORAL PRINCESS,58.60111,-135.1074,9.9,166.2
2012-06-08 09:12:05,2012-06-08 00:12:05,310376000,9229659,ZCDF4,CORAL PRINCESS,58.59841,-135.1062,9.9,165.6
2012-06-08 09:13:05,2012-06-08 00:13:05,310376000,9229659,ZCDF4,CORAL PRINCESS,58.59573,-135.1049,9.9,165.6
2012-06-08 09:14:06,2012-06-08 00:14:06,310376000,9229659,ZCDF4,CORAL PRINCESS,58.59306,-135.1037,10.0,165.7
2012-06-08 09:15:06,2012-06-08 00:15:06,310376000,9229659,ZCDF4,CORAL PRINCESS,58.59035,-135.1024,10.0,165.7
2012-06-08 09:16:06,2012-06-08 00:16:06,310376000,9229659,ZCDF4,CORAL PRINCESS,58.58766,-135.1012,10.0,165.7
2012-06-08 09:17:05,2012-06-08 00:17:05,310376000,9229659,ZCDF4,CORAL PRINCESS,58.58499,-135.0999,10.0,166.2
2012-06-08 09:18:06,2012-06-08 00:18:06,310376000,9229659,ZCDF4,CORAL PRINCESS,58.58224,-135.0986,10.0,165.7
2012-06-08 09:19:11,2012-06-08 00:19:11,310376000,9229659,ZCDF4,CORAL PRINCESS,58.57957,-135.0974,9.9,167.2
2012-06-08 09:20:07,2012-06-08 00:20:07,310376000,9229659,ZCDF4,CORAL PRINCESS,58.5769,-135.0963,9.9,166.8
2012-06-08 09:21:06,2012-06-08 00:21:06,310376000,9229659,ZCDF4,CORAL PRINCESS,58.57423,-135.0951,10.0,166.8
2012-06-08 09:22:06,2012-06-08 00:22:06,310376000,9229659,ZCDF4,CORAL PRINCESS,58.57154,-135.0939,10.0,166.8
2012-06-08 09:23:06,2012-06-08 00:23:06,310376000,9229659,ZCDF4,CORAL PRINCESS,58.56882,-135.0928,9.9,168.4
2012-06-08 09:24:06,2012-06-08 00:24:06,310376000,9229659,ZCDF4,CORAL PRINCESS,58.56621,-135.0917,9.6,168.0
2012-06-08 09:25:05,2012-06-08 00:25:05,310376000,9229659,ZCDF4,CORAL PRINCESS,58.56367,-135.0907,9.5,168.0
2012-06-08 09:26:05,2012-06-08 00:26:05,310376000,9229659,ZCDF4,CORAL PRINCESS,58.56109,-135.0896,9.4,168.0
2012-06-08 09:27:05,2012-06-08 00:27:05,310376000,9229659,ZCDF4,CORAL PRINCESS,58.55855,-135.0886,9.4,168.0
2012-06-08 09:28:05,2012-06-08 00:28:05,310376000,9229659,ZCDF4,CORAL PRINCESS,58.55594,-135.0876,9.6,168.5
2012-06-08 09:29:05,2012-06-08 00:29:05,310376000,9229659,ZCDF4,CORAL PRINCESS,58.55333,-135.0865,9.7,168.0
2012-06-08 09:30:26,2012-06-08 00:30:26,310376000,9229659,ZCDF4,CORAL PRINCESS,58.54978,-135.085,9.8,168.0
2012-06-08 09:31:05,2012-06-08 00:31:05,310376000,9229659,ZCDF4,CORAL PRINCESS,58.54802,-135.0843,9.8,166.8
2012-06-08 09:32:05,2012-06-08 00:32:05,310376000,9229659,ZCDF4,CORAL PRINCESS,58.54536,-135.0831,9.9,166.8
2012-06-08 09:33:06,2012-06-08 00:33:06,310376000,9229659,ZCDF4,CORAL PRINCESS,58.54271,-135.0819,9.9,166.8
2012-06-08 09:34:06,2012-06-08 00:34:06,310376000,9229659,ZCDF4,CORAL PRINCESS,58.54004,-135.0806,9.9,165.6
2012-06-08 09:35:06,2012-06-08 00:35:06,310376000,9229659,ZCDF4,CORAL PRINCESS,58.53741,-135.0793,9.8,165.6
2012-06-08 09:36:06,2012-06-08 00:36:06,310376000,9229659,ZCDF4,CORAL PRINCESS,58.53477,-135.0781,9.9,165.6
2012-06-08 09:37:06,2012-06-08 00:37:06,310376000,9229659,ZCDF4,CORAL PRINCESS,58.53208,-135.0768,9.9,165.6
2012-06-08 09:38:06,2012-06-08 00:38:06,310376000,9229659,ZCDF4,CORAL PRINCESS,58.52944,-135.0755,9.9,166.2
2012-06-08 09:39:05,2012-06-08 00:39:05,310376000,9229659,ZCDF4,CORAL PRINCESS,58.52678,-135.0743,9.9,165.6
2012-06-08 09:40:06,2012-06-08 00:40:06,310376000,9229659,ZCDF4,CORAL PRINCESS,58.52408,-135.0731,9.9,166.2
2012-06-08 09:41:06,2012-06-08 00:41:06,310376000,9229659,ZCDF4,CORAL PRINCESS,58.52145,-135.0715,9.9,162.2
2012-06-08 09:42:05,2012-06-08 00:42:05,310376000,9229659,ZCDF4,CORAL PRINCESS,58.51887,-135.0696,10.0,157.2
2012-06-08 09:43:05,2012-06-08 00:43:05,310376000,9229659,ZCDF4,CORAL PRINCESS,58.51635,-135.0674,10.0,155.1
2012-06-08 09:44:06,2012-06-08 00:44:06,310376000,9229659,ZCDF4,CORAL PRINCESS,58.51382,-135.0652,10.1,155.7
2012-06-08 09:45:16,2012-06-08 00:45:16,310376000,9229659,ZCDF4,CORAL PRINCESS,58.51081,-135.0627,10.2,155.7
2012-06-08 09:46:07,2012-06-08 00:46:07,310376000,9229659,ZCDF4,CORAL PRINCESS,58.50857,-135.0608,10.4,156.8
2012-06-08 09:47:07,2012-06-08 00:47:07,310376000,9229659,ZCDF4,CORAL PRINCESS,58.50586,-135.0586,10.7,156.9
2012-06-08 09:48:16,2012-06-08 00:48:16,310376000,9229659,ZCDF4,CORAL PRINCESS,58.50259,-135.0559,11.2,156.9
2012-06-08 09:49:16,2012-06-08 00:49:16,310376000,9229659,ZCDF4,CORAL PRINCESS,58.49968,-135.0536,11.5,157.0
2012-06-08 09:50:07,2012-06-08 00:50:07,310376000,9229659,ZCDF4,CORAL PRINCESS,58.4972,-135.0516,11.5,157.0
2012-06-08 09:51:07,2012-06-08 00:51:07,310376000,9229659,ZCDF4,CORAL PRINCESS,58.49421,-135.0492,11.6,158.0
2012-06-08 09:52:07,2012-06-08 00:52:07,310376000,9229659,ZCDF4,CORAL PRINCESS,58.49121,-135.047,11.7,158.9
2012-06-08 09:53:06,2012-06-08 00:53:06,310376000,9229659,ZCDF4,CORAL PRINCESS,58.48816,-135.0447,11.8,158.9
2012-06-08 09:54:06,2012-06-08 00:54:06,310376000,9229659,ZCDF4,CORAL PRINCESS,58.48513,-135.0424,11.9,157.9
2012-06-08 09:55:06,2012-06-08 00:55:06,310376000,9229659,ZCDF4,CORAL PRINCESS,58.48212,-135.0398,12.0,155.9
2012-06-08 09:56:06,2012-06-08 00:56:06,310376000,9229659,ZCDF4,CORAL PRINCESS,58.47905,-135.0371,12.0,155.0
2012-06-08 09:57:06,2012-06-08 00:57:06,310376000,9229659,ZCDF4,CORAL PRINCESS,58.47604,-135.0345,12.1,155.0
2012-06-08 09:58:06,2012-06-08 00:58:06,310376000,9229659,ZCDF4,CORAL PRINCESS,58.473,-135.0318,12.1,154.5
2012-06-08 09:59:06,2012-06-08 00:59:06,310376000,9229659,ZCDF4,CORAL PRINCESS,58.46997,-135.0291,12.2,155.0
2012-06-08 10:00:06,2012-06-08 01:00:06,310376000,9229659,ZCDF4,CORAL PRINCESS,58.46694,-135.0263,12.2,154.5
2012-06-08 10:01:06,2012-06-08 01:01:06,310376000,9229659,ZCDF4,CORAL PRINCESS,58.46383,-135.0235,12.3,155.0
2012-06-08 10:02:06,2012-06-08 01:02:06,310376000,9229659,ZCDF4,CORAL PRINCESS,58.46078,-135.0207,12.3,155.0
2012-06-08 10:03:06,2012-06-08 01:03:06,310376000,9229659,ZCDF4,CORAL PRINCESS,58.4577,-135.0179,12.4,154.0
2012-06-08 10:04:05,2012-06-08 01:04:05,310376000,9229659,ZCDF4,CORAL PRINCESS,58.4547,-135.0147,12.4,149.5
2012-06-08 10:05:05,2012-06-08 01:05:05,310376000,9229659,ZCDF4,CORAL PRINCESS,58.4518,-135.0112,12.5,146.4
2012-06-08 10:06:06,2012-06-08 01:06:06,310376000,9229659,ZCDF4,CORAL PRINCESS,58.44907,-135.0072,12.5,141.4
2012-06-08 10:07:05,2012-06-08 01:07:05,310376000,9229659,ZCDF4,CORAL PRINCESS,58.44646,-135.0026,12.6,136.0
2012-06-08 10:08:05,2012-06-08 01:08:05,310376000,9229659,ZCDF4,CORAL PRINCESS,58.44415,-134.9977,12.6,130.5
2012-06-08 10:09:06,2012-06-08 01:09:06,310376000,9229659,ZCDF4,CORAL PRINCESS,58.44202,-134.9924,12.7,125.5
2012-06-08 10:10:05,2012-06-08 01:10:05,310376000,9229659,ZCDF4,CORAL PRINCESS,58.44008,-134.9868,12.7,122.4
2012-06-08 10:11:05,2012-06-08 01:11:05,310376000,9229659,ZCDF4,CORAL PRINCESS,58.43843,-134.9809,12.6,117.4
2012-06-08 10:12:05,2012-06-08 01:12:05,310376000,9229659,ZCDF4,CORAL PRINCESS,58.43703,-134.9747,12.7,112.0
2012-06-08 10:13:05,2012-06-08 01:13:05,310376000,9229659,ZCDF4,CORAL PRINCESS,58.43584,-134.9684,12.6,109.1
2012-06-08 10:14:05,2012-06-08 01:14:05,310376000,9229659,ZCDF4,CORAL PRINCESS,58.43475,-134.9622,12.3,108.6
2012-06-08 10:15:05,2012-06-08 01:15:05,310376000,9229659,ZCDF4,CORAL PRINCESS,58.43363,-134.9561,12.0,109.0
2012-06-08 10:16:05,2012-06-08 01:16:05,310376000,9229659,ZCDF4,CORAL PRINCESS,58.43257,-134.9502,11.9,109.0
2012-06-08 10:17:07,2012-06-08 01:17:07,310376000,9229659,ZCDF4,CORAL PRINCESS,58.43139,-134.9443,11.8,112.0
2012-06-08 10:18:07,2012-06-08 01:18:07,310376000,9229659,ZCDF4,CORAL PRINCESS,58.43001,-134.9387,11.7,116.5
2012-06-08 10:19:07,2012-06-08 01:19:07,310376000,9229659,ZCDF4,CORAL PRINCESS,58.42834,-134.9333,11.6,122.5
2012-06-08 10:20:07,2012-06-08 01:20:07,310376000,9229659,ZCDF4,CORAL PRINCESS,58.42647,-134.9284,11.5,127.0
2012-06-08 10:21:07,2012-06-08 01:21:07,310376000,9229659,ZCDF4,CORAL PRINCESS,58.4244,-134.9239,11.5,132.5
2012-06-08 10:22:07,2012-06-08 01:22:07,310376000,9229659,ZCDF4,CORAL PRINCESS,58.42216,-134.9194,11.5,135.5
2012-06-08 10:23:25,2012-06-08 01:23:25,310376000,9229659,ZCDF4,CORAL PRINCESS,58.41925,-134.9138,11.6,134.5
2012-06-08 10:24:07,2012-06-08 01:24:07,310376000,9229659,ZCDF4,CORAL PRINCESS,58.41761,-134.9107,11.7,135.5
2012-06-08 10:25:25,2012-06-08 01:25:25,310376000,9229659,ZCDF4,CORAL PRINCESS,58.41449,-134.9055,11.6,141.0
2012-06-08 10:26:06,2012-06-08 01:26:06,310376000,9229659,ZCDF4,CORAL PRINCESS,58.41272,-134.903,11.6,145.5
2012-06-08 10:27:06,2012-06-08 01:27:06,310376000,9229659,ZCDF4,CORAL PRINCESS,58.40995,-134.8998,11.6,150.5
2012-06-08 10:28:06,2012-06-08 01:28:06,310376000,9229659,ZCDF4,CORAL PRINCESS,58.40708,-134.8972,11.6,155.0
2012-06-08 10:29:37,2012-06-08 01:29:37,310376000,9229659,ZCDF4,CORAL PRINCESS,58.40267,-134.8935,11.7,156.5
2012-06-08 10:30:06,2012-06-08 01:30:06,310376000,9229659,ZCDF4,CORAL PRINCESS,58.40117,-134.8923,11.6,157.5
2012-06-08 10:31:06,2012-06-08 01:31:06,310376000,9229659,ZCDF4,CORAL PRINCESS,58.3982,-134.8899,11.6,157.0
2012-06-08 10:32:07,2012-06-08 01:32:07,310376000,9229659,ZCDF4,CORAL PRINCESS,58.39521,-134.8875,11.7,156.5
2012-06-08 10:33:06,2012-06-08 01:33:06,310376000,9229659,ZCDF4,CORAL PRINCESS,58.39225,-134.8851,11.7,156.5
2012-06-08 10:34:06,2012-06-08 01:34:06,310376000,9229659,ZCDF4,CORAL PRINCESS,58.38926,-134.8828,11.7,157.9
2012-06-08 10:35:07,2012-06-08 01:35:07,310376000,9229659,ZCDF4,CORAL PRINCESS,58.38622,-134.8804,11.8,157.9
2012-06-08 10:36:07,2012-06-08 01:36:07,310376000,9229659,ZCDF4,CORAL PRINCESS,58.38321,-134.8781,11.8,157.9
2012-06-08 10:37:06,2012-06-08 01:37:06,310376000,9229659,ZCDF4,CORAL PRINCESS,58.38021,-134.8758,11.7,157.4
2012-06-08 10:38:07,2012-06-08 01:38:07,310376000,9229659,ZCDF4,CORAL PRINCESS,58.37723,-134.8734,11.6,156.4
2012-06-08 10:39:07,2012-06-08 01:39:07,310376000,9229659,ZCDF4,CORAL PRINCESS,58.37439,-134.8706,11.5,151.9
2012-06-08 10:40:07,2012-06-08 01:40:07,310376000,9229659,ZCDF4,CORAL PRINCESS,58.37166,-134.8674,11.5,146.4
2012-06-08 10:41:07,2012-06-08 01:41:07,310376000,9229659,ZCDF4,CORAL PRINCESS,58.36916,-134.8637,11.5,139.9
2012-06-08 10:42:07,2012-06-08 01:42:07,310376000,9229659,ZCDF4,CORAL PRINCESS,58.36698,-134.8594,11.3,132.0
2012-06-08 10:43:07,2012-06-08 01:43:07,310376000,9229659,ZCDF4,CORAL PRINCESS,58.36492,-134.8548,11.5,129.5
2012-06-08 10:44:07,2012-06-08 01:44:07,310376000,9229659,ZCDF4,CORAL PRINCESS,58.36289,-134.85,11.7,128.5
2012-06-08 10:45:05,2012-06-08 01:45:05,310376000,9229659,ZCDF4,CORAL PRINCESS,58.36095,-134.8454,11.6,129.0
2012-06-08 10:46:05,2012-06-08 01:46:05,310376000,9229659,ZCDF4,CORAL PRINCESS,58.35893,-134.8405,11.7,128.0
2012-06-08 10:47:06,2012-06-08 01:47:06,310376000,9229659,ZCDF4,CORAL PRINCESS,58.35694,-134.8356,11.9,127.6
2012-06-08 10:48:05,2012-06-08 01:48:05,310376000,9229659,ZCDF4,CORAL PRINCESS,58.35486,-134.8307,11.9,128.6
2012-06-08 10:49:05,2012-06-08 01:49:05,310376000,9229659,ZCDF4,CORAL PRINCESS,58.35272,-134.8259,11.9,130.6
2012-06-08 10:50:05,2012-06-08 01:50:05,310376000,9229659,ZCDF4,CORAL PRINCESS,58.35051,-134.8213,11.7,132.6
2012-06-08 10:51:07,2012-06-08 01:51:07,310376000,9229659,ZCDF4,CORAL PRINCESS,58.34823,-134.8168,11.7,134.0
2012-06-08 10:52:06,2012-06-08 01:52:06,310376000,9229659,ZCDF4,CORAL PRINCESS,58.34598,-134.8123,11.8,134.1
2012-06-08 10:53:07,2012-06-08 01:53:07,310376000,9229659,ZCDF4,CORAL PRINCESS,58.34373,-134.8078,11.9,133.6
2012-06-08 10:54:06,2012-06-08 01:54:06,310376000,9229659,ZCDF4,CORAL PRINCESS,58.34141,-134.8033,11.8,134.6
2012-06-08 10:55:07,2012-06-08 01:55:07,310376000,9229659,ZCDF4,CORAL PRINCESS,58.33913,-134.799,11.6,135.0
2012-06-08 10:56:07,2012-06-08 01:56:07,310376000,9229659,ZCDF4,CORAL PRINCESS,58.33691,-134.7946,11.5,133.5
2012-06-08 10:57:06,2012-06-08 01:57:06,310376000,9229659,ZCDF4,CORAL PRINCESS,58.33468,-134.7905,11.2,136.4
2012-06-08 10:58:06,2012-06-08 01:58:06,310376000,9229659,ZCDF4,CORAL PRINCESS,58.33247,-134.7865,10.9,137.3
2012-06-08 10:59:05,2012-06-08 01:59:05,310376000,9229659,ZCDF4,CORAL PRINCESS,58.33028,-134.7826,10.8,136.8
2012-06-08 11:00:06,2012-06-08 02:00:06,310376000,9229659,ZCDF4,CORAL PRINCESS,58.32806,-134.7787,10.8,137.8
2012-06-08 11:01:07,2012-06-08 02:01:07,310376000,9229659,ZCDF4,CORAL PRINCESS,58.32581,-134.7749,10.8,137.8
2012-06-08 11:02:07,2012-06-08 02:02:07,310376000,9229659,ZCDF4,CORAL PRINCESS,58.32355,-134.7711,10.9,137.8
2012-06-08 11:03:07,2012-06-08 02:03:07,310376000,9229659,ZCDF4,CORAL PRINCESS,58.32129,-134.7672,10.9,137.8
2012-06-08 11:04:07,2012-06-08 02:04:07,310376000,9229659,ZCDF4,CORAL PRINCESS,58.3191,-134.7635,10.9,136.8
2012-06-08 11:05:07,2012-06-08 02:05:07,310376000,9229659,ZCDF4,CORAL PRINCESS,58.31686,-134.7595,11.0,136.9
2012-06-08 11:06:07,2012-06-08 02:06:07,310376000,9229659,ZCDF4,CORAL PRINCESS,58.31466,-134.7555,11.0,136.9
2012-06-08 11:07:07,2012-06-08 02:07:07,310376000,9229659,ZCDF4,CORAL PRINCESS,58.31242,-134.7516,11.0,137.9
2012-06-08 11:08:05,2012-06-08 02:08:05,310376000,9229659,ZCDF4,CORAL PRINCESS,58.31014,-134.7477,11.1,137.9
2012-06-08 11:09:05,2012-06-08 02:09:05,310376000,9229659,ZCDF4,CORAL PRINCESS,58.30787,-134.7438,11.1,137.9
2012-06-08 11:10:05,2012-06-08 02:10:05,310376000,9229659,ZCDF4,CORAL PRINCESS,58.3056,-134.7399,11.1,137.9
2012-06-08 11:11:05,2012-06-08 02:11:05,310376000,9229659,ZCDF4,CORAL PRINCESS,58.30329,-134.7359,11.1,136.9
2012-06-08 11:12:07,2012-06-08 02:12:07,310376000,9229659,ZCDF4,CORAL PRINCESS,58.30097,-134.7319,11.1,137.9
2012-06-08 11:13:07,2012-06-08 02:13:07,310376000,9229659,ZCDF4,CORAL PRINCESS,58.29865,-134.728,11.1,137.9
2012-06-08 11:14:07,2012-06-08 02:14:07,310376000,9229659,ZCDF4,CORAL PRINCESS,58.29637,-134.7241,11.1,137.9
2012-06-08 11:15:07,2012-06-08 02:15:07,310376000,9229659,ZCDF4,CORAL PRINCESS,58.29408,-134.7202,11.1,138.4
2012-06-08 11:16:07,2012-06-08 02:16:07,310376000,9229659,ZCDF4,CORAL PRINCESS,58.29176,-134.7162,11.1,137.9
2012-06-08 11:17:07,2012-06-08 02:17:07,310376000,9229659,ZCDF4,CORAL PRINCESS,58.28949,-134.7123,11.1,137.9
2012-06-08 11:18:07,2012-06-08 02:18:07,310376000,9229659,ZCDF4,CORAL PRINCESS,58.28721,-134.7084,11.1,137.9
2012-06-08 11:19:07,2012-06-08 02:19:07,310376000,9229659,ZCDF4,CORAL PRINCESS,58.28491,-134.7045,11.1,137.9
2012-06-08 11:20:07,2012-06-08 02:20:07,310376000,9229659,ZCDF4,CORAL PRINCESS,58.28263,-134.7006,11.1,137.9
2012-06-08 11:21:07,2012-06-08 02:21:07,310376000,9229659,ZCDF4,CORAL PRINCESS,58.28032,-134.6967,11.1,139.4
2012-06-08 11:22:06,2012-06-08 02:22:06,310376000,9229659,ZCDF4,CORAL PRINCESS,58.27789,-134.6933,11.0,144.4
2012-06-08 11:23:06,2012-06-08 02:23:06,310376000,9229659,ZCDF4,CORAL PRINCESS,58.27536,-134.6901,11.0,148.0
2012-06-08 11:24:06,2012-06-08 02:24:06,310376000,9229659,ZCDF4,CORAL PRINCESS,58.27272,-134.687,11.1,149.0
2012-06-08 11:25:06,2012-06-08 02:25:06,310376000,9229659,ZCDF4,CORAL PRINCESS,58.27007,-134.6841,11.1,150.0
2012-06-08 11:26:07,2012-06-08 02:26:07,310376000,9229659,ZCDF4,CORAL PRINCESS,58.26749,-134.681,11.0,148.0
2012-06-08 11:27:08,2012-06-08 02:27:08,310376000,9229659,ZCDF4,CORAL PRINCESS,58.26488,-134.6779,11.0,148.0
2012-06-08 11:28:07,2012-06-08 02:28:07,310376000,9229659,ZCDF4,CORAL PRINCESS,58.26229,-134.6749,11.0,148.0
2012-06-08 11:29:07,2012-06-08 02:29:07,310376000,9229659,ZCDF4,CORAL PRINCESS,58.25974,-134.6717,11.0,147.1
2012-06-08 11:30:07,2012-06-08 02:30:07,310376000,9229659,ZCDF4,CORAL PRINCESS,58.25716,-134.6684,11.0,146.0
2012-06-08 11:31:07,2012-06-08 02:31:07,310376000,9229659,ZCDF4,CORAL PRINCESS,58.25461,-134.6653,11.1,147.0
2012-06-08 11:32:07,2012-06-08 02:32:07,310376000,9229659,ZCDF4,CORAL PRINCESS,58.25201,-134.6621,11.0,147.1
2012-06-08 11:33:08,2012-06-08 02:33:08,310376000,9229659,ZCDF4,CORAL PRINCESS,58.24944,-134.659,11.0,148.1
2012-06-08 11:34:07,2012-06-08 02:34:07,310376000,9229659,ZCDF4,CORAL PRINCESS,58.24686,-134.6559,11.1,147.6
2012-06-08 11:35:05,2012-06-08 02:35:05,310376000,9229659,ZCDF4,CORAL PRINCESS,58.24443,-134.6526,11.0,143.1
2012-06-08 11:36:05,2012-06-08 02:36:05,310376000,9229659,ZCDF4,CORAL PRINCESS,58.24211,-134.649,10.9,139.1
2012-06-08 11:37:05,2012-06-08 02:37:05,310376000,9229659,ZCDF4,CORAL PRINCESS,58.23994,-134.645,10.9,135.1
2012-06-08 11:38:05,2012-06-08 02:38:05,310376000,9229659,ZCDF4,CORAL PRINCESS,58.23786,-134.6408,10.9,133.1
2012-06-08 11:39:05,2012-06-08 02:39:05,310376000,9229659,ZCDF4,CORAL PRINCESS,58.2358,-134.6366,11.1,133.0
2012-06-08 11:40:06,2012-06-08 02:40:06,310376000,9229659,ZCDF4,CORAL PRINCESS,58.23368,-134.6322,11.2,133.0
2012-06-08 11:41:05,2012-06-08 02:41:05,310376000,9229659,ZCDF4,CORAL PRINCESS,58.23155,-134.6279,11.3,132.5
2012-06-08 11:42:05,2012-06-08 02:42:05,310376000,9229659,ZCDF4,CORAL PRINCESS,58.22943,-134.6234,11.5,132.9
2012-06-08 11:43:07,2012-06-08 02:43:07,310376000,9229659,ZCDF4,CORAL PRINCESS,58.22728,-134.6187,11.8,128.9
2012-06-08 11:44:05,2012-06-08 02:44:05,310376000,9229659,ZCDF4,CORAL PRINCESS,58.22537,-134.6136,12.0,123.8
2012-06-08 11:45:07,2012-06-08 02:45:07,310376000,9229659,ZCDF4,CORAL PRINCESS,58.22353,-134.6082,12.6,122.2
2012-06-08 11:46:06,2012-06-08 02:46:06,310376000,9229659,ZCDF4,CORAL PRINCESS,58.22163,-134.6023,13.2,122.1
2012-06-08 11:47:05,2012-06-08 02:47:05,310376000,9229659,ZCDF4,CORAL PRINCESS,58.21965,-134.5963,13.9,121.2
2012-06-08 11:48:01,2012-06-08 02:48:01,310376000,9229659,ZCDF4,CORAL PRINCESS,58.21787,-134.5901,14.3,118.4
2012-06-08 11:49:01,2012-06-08 02:49:01,310376000,9229659,ZCDF4,CORAL PRINCESS,58.21612,-134.5833,14.6,115.3
2012-06-08 11:50:01,2012-06-08 02:50:01,310376000,9229659,ZCDF4,CORAL PRINCESS,58.21465,-134.5761,14.8,110.3
2012-06-08 11:51:01,2012-06-08 02:51:01,310376000,9229659,ZCDF4,CORAL PRINCESS,58.21332,-134.5686,15.0,108.1
2012-06-08 11:52:07,2012-06-08 02:52:07,310376000,9229659,ZCDF4,CORAL PRINCESS,58.21194,-134.5603,15.2,107.0
2012-06-08 11:53:02,2012-06-08 02:53:02,310376000,9229659,ZCDF4,CORAL PRINCESS,58.21083,-134.5535,15.3,107.0
2012-06-08 11:54:02,2012-06-08 02:54:02,310376000,9229659,ZCDF4,CORAL PRINCESS,58.20967,-134.5458,15.0,104.6
2012-06-08 11:55:01,2012-06-08 02:55:01,310376000,9229659,ZCDF4,CORAL PRINCESS,58.2086,-134.5384,14.6,105.0
2012-06-08 11:56:01,2012-06-08 02:56:01,310376000,9229659,ZCDF4,CORAL PRINCESS,58.20752,-134.5312,14.1,105.8
2012-06-08 11:57:01,2012-06-08 02:57:01,310376000,9229659,ZCDF4,CORAL PRINCESS,58.20646,-134.5243,13.2,105.8
2012-06-08 11:58:01,2012-06-08 02:58:01,310376000,9229659,ZCDF4,CORAL PRINCESS,58.20545,-134.518,12.5,106.8
2012-06-08 11:59:01,2012-06-08 02:59:01,310376000,9229659,ZCDF4,CORAL PRINCESS,58.20445,-134.5117,12.2,106.8
2012-06-08 12:00:01,2012-06-08 03:00:01,310376000,9229659,ZCDF4,CORAL PRINCESS,58.20354,-134.5057,11.8,105.9
2012-06-08 12:01:01,2012-06-08 03:01:01,310376000,9229659,ZCDF4,CORAL PRINCESS,58.20266,-134.4998,11.7,105.9
2012-06-08 12:02:01,2012-06-08 03:02:01,310376000,9229659,ZCDF4,CORAL PRINCESS,58.20177,-134.4939,11.6,105.4
2012-06-08 12:03:01,2012-06-08 03:03:01,310376000,9229659,ZCDF4,CORAL PRINCESS,58.20092,-134.488,11.6,104.9
2012-06-08 12:04:01,2012-06-08 03:04:01,310376000,9229659,ZCDF4,CORAL PRINCESS,58.20006,-134.4822,11.7,105.9
2012-06-08 12:05:01,2012-06-08 03:05:01,310376000,9229659,ZCDF4,CORAL PRINCESS,58.1992,-134.4763,11.6,104.9
2012-06-08 12:06:01,2012-06-08 03:06:01,310376000,9229659,ZCDF4,CORAL PRINCESS,58.19838,-134.4705,11.6,104.9
2012-06-08 12:07:01,2012-06-08 03:07:01,310376000,9229659,ZCDF4,CORAL PRINCESS,58.19753,-134.4646,11.6,105.4
2012-06-08 12:08:01,2012-06-08 03:08:01,310376000,9229659,ZCDF4,CORAL PRINCESS,58.19665,-134.4587,11.6,104.9
2012-06-08 12:09:01,2012-06-08 03:09:01,310376000,9229659,ZCDF4,CORAL PRINCESS,58.19582,-134.4528,11.6,104.9
2012-06-08 12:10:01,2012-06-08 03:10:01,310376000,9229659,ZCDF4,CORAL PRINCESS,58.19508,-134.447,11.5,102.4
2012-06-08 12:11:01,2012-06-08 03:11:01,310376000,9229659,ZCDF4,CORAL PRINCESS,58.19435,-134.441,11.6,102.9
2012-06-08 12:12:01,2012-06-08 03:12:01,310376000,9229659,ZCDF4,CORAL PRINCESS,58.19363,-134.4351,11.6,102.9
2012-06-08 12:13:01,2012-06-08 03:13:01,310376000,9229659,ZCDF4,CORAL PRINCESS,58.1929,-134.4291,11.6,102.4
2012-06-08 12:14:01,2012-06-08 03:14:01,310376000,9229659,ZCDF4,CORAL PRINCESS,58.1922,-134.4231,11.6,102.0
2012-06-08 12:15:00,2012-06-08 03:15:00,310376000,9229659,ZCDF4,CORAL PRINCESS,58.19157,-134.4173,11.7,101.5
2012-06-08 12:16:01,2012-06-08 03:16:01,310376000,9229659,ZCDF4,CORAL PRINCESS,58.19091,-134.4112,11.6,100.5
2012-06-08 12:17:01,2012-06-08 03:17:01,310376000,9229659,ZCDF4,CORAL PRINCESS,58.1903,-134.4052,11.7,101.5
2012-06-08 12:18:01,2012-06-08 03:18:01,310376000,9229659,ZCDF4,CORAL PRINCESS,58.18965,-134.3993,11.7,101.5
2012-06-08 12:19:01,2012-06-08 03:19:01,310376000,9229659,ZCDF4,CORAL PRINCESS,58.1889,-134.3932,11.7,102.5
2012-06-08 12:20:01,2012-06-08 03:20:01,310376000,9229659,ZCDF4,CORAL PRINCESS,58.18814,-134.3873,11.8,103.5
2012-06-08 12:21:01,2012-06-08 03:21:01,310376000,9229659,ZCDF4,CORAL PRINCESS,58.18735,-134.3812,11.8,103.5
2012-06-08 12:22:01,2012-06-08 03:22:01,310376000,9229659,ZCDF4,CORAL PRINCESS,58.18653,-134.3751,11.8,104.0
2012-06-08 12:23:01,2012-06-08 03:23:01,310376000,9229659,ZCDF4,CORAL PRINCESS,58.18574,-134.3691,11.9,104.0
2012-06-08 12:24:02,2012-06-08 03:24:02,310376000,9229659,ZCDF4,CORAL PRINCESS,58.18493,-134.363,11.9,103.5
2012-06-08 12:25:01,2012-06-08 03:25:01,310376000,9229659,ZCDF4,CORAL PRINCESS,58.18412,-134.357,11.9,103.5
2012-06-08 12:26:01,2012-06-08 03:26:01,310376000,9229659,ZCDF4,CORAL PRINCESS,58.18333,-134.351,12.0,104.0
2012-06-08 12:27:01,2012-06-08 03:27:01,310376000,9229659,ZCDF4,CORAL PRINCESS,58.1825,-134.3448,12.0,104.0
2012-06-08 12:28:01,2012-06-08 03:28:01,310376000,9229659,ZCDF4,CORAL PRINCESS,58.18178,-134.3388,12.0,102.0
2012-06-08 12:29:01,2012-06-08 03:29:01,310376000,9229659,ZCDF4,CORAL PRINCESS,58.18108,-134.3327,12.0,101.5
2012-06-08 12:30:00,2012-06-08 03:30:00,310376000,9229659,ZCDF4,CORAL PRINCESS,58.18035,-134.3265,12.0,102.0
2012-06-08 12:31:00,2012-06-08 03:31:00,310376000,9229659,ZCDF4,CORAL PRINCESS,58.17966,-134.3204,11.9,102.0
2012-06-08 12:32:01,2012-06-08 03:32:01,310376000,9229659,ZCDF4,CORAL PRINCESS,58.17896,-134.3142,11.9,101.5
2012-06-08 12:33:00,2012-06-08 03:33:00,310376000,9229659,ZCDF4,CORAL PRINCESS,58.17836,-134.3082,11.9,100.4
2012-06-08 12:34:10,2012-06-08 03:34:10,310376000,9229659,ZCDF4,CORAL PRINCESS,58.17788,-134.301,11.8,95.4
2012-06-08 12:35:00,2012-06-08 03:35:00,310376000,9229659,ZCDF4,CORAL PRINCESS,58.17767,-134.2958,11.8,94.0
2012-06-08 12:36:00,2012-06-08 03:36:00,310376000,9229659,ZCDF4,CORAL PRINCESS,58.17756,-134.2897,11.7,91.4
2012-06-08 12:37:03,2012-06-08 03:37:03,310376000,9229659,ZCDF4,CORAL PRINCESS,58.17758,-134.2833,11.8,89.0
2012-06-08 12:38:02,2012-06-08 03:38:02,310376000,9229659,ZCDF4,CORAL PRINCESS,58.17767,-134.2771,11.7,87.0
2012-06-08 12:39:02,2012-06-08 03:39:02,310376000,9229659,ZCDF4,CORAL PRINCESS,58.17801,-134.271,11.8,82.0
2012-06-08 12:40:02,2012-06-08 03:40:02,310376000,9229659,ZCDF4,CORAL PRINCESS,58.17871,-134.265,12.0,76.5
2012-06-08 12:41:03,2012-06-08 03:41:03,310376000,9229659,ZCDF4,CORAL PRINCESS,58.1798,-134.2589,12.1,69.0
2012-06-08 12:42:02,2012-06-08 03:42:02,310376000,9229659,ZCDF4,CORAL PRINCESS,58.18132,-134.2533,12.1,60.4
2012-06-08 12:43:01,2012-06-08 03:43:01,310376000,9229659,ZCDF4,CORAL PRINCESS,58.18335,-134.2484,12.0,48.4
2012-06-08 12:44:01,2012-06-08 03:44:01,310376000,9229659,ZCDF4,CORAL PRINCESS,58.186,-134.2444,12.1,34.5
2012-06-08 12:45:01,2012-06-08 03:45:01,310376000,9229659,ZCDF4,CORAL PRINCESS,58.18898,-134.2416,12.1,22.5
2012-06-08 12:46:01,2012-06-08 03:46:01,310376000,9229659,ZCDF4,CORAL PRINCESS,58.19221,-134.2399,12.2,13.0
2012-06-08 12:47:01,2012-06-08 03:47:01,310376000,9229659,ZCDF4,CORAL PRINCESS,58.1956,-134.2392,12.2,4.0
2012-06-08 12:48:01,2012-06-08 03:48:01,310376000,9229659,ZCDF4,CORAL PRINCESS,58.19892,-134.2394,12.3,355.0
2012-06-08 12:49:00,2012-06-08 03:49:00,310376000,9229659,ZCDF4,CORAL PRINCESS,58.20217,-134.2406,12.2,346.4
2012-06-08 12:50:00,2012-06-08 03:50:00,310376000,9229659,ZCDF4,CORAL PRINCESS,58.20523,-134.2428,11.5,336.9
2012-06-08 12:51:00,2012-06-08 03:51:00,310376000,9229659,ZCDF4,CORAL PRINCESS,58.2079,-134.2456,11.0,328.5
2012-06-08 12:52:00,2012-06-08 03:52:00,310376000,9229659,ZCDF4,CORAL PRINCESS,58.21018,-134.2491,10.4,320.2
2012-06-08 12:53:00,2012-06-08 03:53:00,310376000,9229659,ZCDF4,CORAL PRINCESS,58.21228,-134.2528,10.2,315.5
2012-06-08 12:54:00,2012-06-08 03:54:00,310376000,9229659,ZCDF4,CORAL PRINCESS,58.21426,-134.2565,10.1,315.4
2012-06-08 12:55:00,2012-06-08 03:55:00,310376000,9229659,ZCDF4,CORAL PRINCESS,58.2162,-134.2602,9.9,315.0
2012-06-08 12:56:00,2012-06-08 03:56:00,310376000,9229659,ZCDF4,CORAL PRINCESS,58.21816,-134.2639,9.8,315.0
2012-06-08 12:57:00,2012-06-08 03:57:00,310376000,9229659,ZCDF4,CORAL PRINCESS,58.22008,-134.2675,9.8,314.4
2012-06-08 12:58:01,2012-06-08 03:58:01,310376000,9229659,ZCDF4,CORAL PRINCESS,58.222,-134.2712,9.8,314.4
2012-06-08 12:59:11,2012-06-08 03:59:11,310376000,9229659,ZCDF4,CORAL PRINCESS,58.22426,-134.2755,9.8,314.4
2012-06-08 13:00:01,2012-06-08 04:00:01,310376000,9229659,ZCDF4,CORAL PRINCESS,58.22583,-134.2784,9.8,316.0
2012-06-08 13:01:00,2012-06-08 04:01:00,310376000,9229659,ZCDF4,CORAL PRINCESS,58.2278,-134.282,9.8,315.4
2012-06-08 13:02:00,2012-06-08 04:02:00,310376000,9229659,ZCDF4,CORAL PRINCESS,58.22976,-134.2855,9.8,316.0
2012-06-08 13:03:00,2012-06-08 04:03:00,310376000,9229659,ZCDF4,CORAL PRINCESS,58.23171,-134.289,9.8,316.0
2012-06-08 13:04:00,2012-06-08 04:04:00,310376000,9229659,ZCDF4,CORAL PRINCESS,58.2337,-134.2926,9.9,317.1
2012-06-08 13:05:00,2012-06-08 04:05:00,310376000,9229659,ZCDF4,CORAL PRINCESS,58.23568,-134.2962,9.9,316.0
2012-06-08 13:06:00,2012-06-08 04:06:00,310376000,9229659,ZCDF4,CORAL PRINCESS,58.23766,-134.2997,9.9,316.0
2012-06-08 13:07:00,2012-06-08 04:07:00,310376000,9229659,ZCDF4,CORAL PRINCESS,58.23964,-134.3033,9.9,315.4
2012-06-08 13:08:01,2012-06-08 04:08:01,310376000,9229659,ZCDF4,CORAL PRINCESS,58.24165,-134.307,9.9,316.0
2012-06-08 13:09:01,2012-06-08 04:09:01,310376000,9229659,ZCDF4,CORAL PRINCESS,58.24363,-134.3106,9.9,316.0
2012-06-08 13:10:01,2012-06-08 04:10:01,310376000,9229659,ZCDF4,CORAL PRINCESS,58.24562,-134.3143,9.9,316.0
2012-06-08 13:11:01,2012-06-08 04:11:01,310376000,9229659,ZCDF4,CORAL PRINCESS,58.24759,-134.3179,9.9,316.0
2012-06-08 13:12:00,2012-06-08 04:12:00,310376000,9229659,ZCDF4,CORAL PRINCESS,58.24957,-134.3216,10.0,316.0
2012-06-08 13:13:01,2012-06-08 04:13:01,310376000,9229659,ZCDF4,CORAL PRINCESS,58.25156,-134.3252,10.0,316.0
2012-06-08 13:14:01,2012-06-08 04:14:01,310376000,9229659,ZCDF4,CORAL PRINCESS,58.25355,-134.3289,10.0,316.0
2012-06-08 13:15:01,2012-06-08 04:15:01,310376000,9229659,ZCDF4,CORAL PRINCESS,58.25551,-134.3326,10.0,314.0
2012-06-08 13:16:01,2012-06-08 04:16:01,310376000,9229659,ZCDF4,CORAL PRINCESS,58.25742,-134.3364,10.0,314.0
2012-06-08 13:17:01,2012-06-08 04:17:01,310376000,9229659,ZCDF4,CORAL PRINCESS,58.25933,-134.3402,10.0,314.0
2012-06-08 13:18:01,2012-06-08 04:18:01,310376000,9229659,ZCDF4,CORAL PRINCESS,58.26126,-134.3439,10.0,314.0
2012-06-08 13:19:01,2012-06-08 04:19:01,310376000,9229659,ZCDF4,CORAL PRINCESS,58.26317,-134.3478,10.1,313.5
2012-06-08 13:20:00,2012-06-08 04:20:00,310376000,9229659,ZCDF4,CORAL PRINCESS,58.26498,-134.3516,9.4,311.0
2012-06-08 13:21:00,2012-06-08 04:21:00,310376000,9229659,ZCDF4,CORAL PRINCESS,58.26659,-134.3551,8.6,311.0
2012-06-08 13:22:00,2012-06-08 04:22:00,310376000,9229659,ZCDF4,CORAL PRINCESS,58.26806,-134.3584,8.1,310.0
2012-06-08 13:23:00,2012-06-08 04:23:00,310376000,9229659,ZCDF4,CORAL PRINCESS,58.26946,-134.3615,7.7,310.0
2012-06-08 13:24:01,2012-06-08 04:24:01,310376000,9229659,ZCDF4,CORAL PRINCESS,58.27081,-134.3645,7.4,310.0
2012-06-08 13:25:00,2012-06-08 04:25:00,310376000,9229659,ZCDF4,CORAL PRINCESS,58.2721,-134.3675,7.2,310.0
2012-06-08 13:26:00,2012-06-08 04:26:00,310376000,9229659,ZCDF4,CORAL PRINCESS,58.27335,-134.3703,7.0,310.0
2012-06-08 13:27:00,2012-06-08 04:27:00,310376000,9229659,ZCDF4,CORAL PRINCESS,58.27457,-134.3731,6.9,310.0
2012-06-08 13:28:00,2012-06-08 04:28:00,310376000,9229659,ZCDF4,CORAL PRINCESS,58.27576,-134.3759,6.8,308.1
2012-06-08 13:29:00,2012-06-08 04:29:00,310376000,9229659,ZCDF4,CORAL PRINCESS,58.27689,-134.3789,6.7,306.8
2012-06-08 13:30:00,2012-06-08 04:30:00,310376000,9229659,ZCDF4,CORAL PRINCESS,58.27798,-134.3817,6.7,306.0
2012-06-08 13:31:01,2012-06-08 04:31:01,310376000,9229659,ZCDF4,CORAL PRINCESS,58.27909,-134.3845,6.6,306.8
2012-06-08 13:32:01,2012-06-08 04:32:01,310376000,9229659,ZCDF4,CORAL PRINCESS,58.28019,-134.3873,6.6,306.8
2012-06-08 13:33:01,2012-06-08 04:33:01,310376000,9229659,ZCDF4,CORAL PRINCESS,58.28122,-134.3899,6.2,306.9
2012-06-08 13:34:01,2012-06-08 04:34:01,310376000,9229659,ZCDF4,CORAL PRINCESS,58.28222,-134.3924,5.9,306.9
2012-06-08 13:35:01,2012-06-08 04:35:01,310376000,9229659,ZCDF4,CORAL PRINCESS,58.28318,-134.3949,5.6,306.0
2012-06-08 13:36:01,2012-06-08 04:36:01,310376000,9229659,ZCDF4,CORAL PRINCESS,58.2841,-134.3971,5.2,309.1
2012-06-08 13:37:01,2012-06-08 04:37:01,310376000,9229659,ZCDF4,CORAL PRINCESS,58.28506,-134.399,4.9,315.1
2012-06-08 13:38:01,2012-06-08 04:38:01,310376000,9229659,ZCDF4,CORAL PRINCESS,58.28608,-134.4006,4.6,323.2
2012-06-08 13:39:02,2012-06-08 04:39:02,310376000,9229659,ZCDF4,CORAL PRINCESS,58.28714,-134.4019,4.4,328.0
2012-06-08 13:40:02,2012-06-08 04:40:02,310376000,9229659,ZCDF4,CORAL PRINCESS,58.28814,-134.403,4.1,327.2
2012-06-08 13:41:02,2012-06-08 04:41:02,310376000,9229659,ZCDF4,CORAL PRINCESS,58.28905,-134.4041,3.8,327.9
2012-06-08 13:42:01,2012-06-08 04:42:01,310376000,9229659,ZCDF4,CORAL PRINCESS,58.28991,-134.405,3.5,333.0
2012-06-08 13:43:01,2012-06-08 04:43:01,310376000,9229659,ZCDF4,CORAL PRINCESS,58.29083,-134.4055,3.4,352.3
2012-06-08 13:44:01,2012-06-08 04:44:01,310376000,9229659,ZCDF4,CORAL PRINCESS,58.2916,-134.4052,2.6,18.3
2012-06-08 13:45:01,2012-06-08 04:45:01,310376000,9229659,ZCDF4,CORAL PRINCESS,58.29206,-134.4045,1.8,37.0
2012-06-08 13:46:01,2012-06-08 04:46:01,310376000,9229659,ZCDF4,CORAL PRINCESS,58.29231,-134.4037,1.7,59.3
2012-06-08 13:47:01,2012-06-08 04:47:01,310376000,9229659,ZCDF4,CORAL PRINCESS,58.29243,-134.4029,1.7,74.0
2012-06-08 13:48:01,2012-06-08 04:48:01,310376000,9229659,ZCDF4,CORAL PRINCESS,58.29252,-134.402,1.8,87.0
2012-06-08 13:49:01,2012-06-08 04:49:01,310376000,9229659,ZCDF4,CORAL PRINCESS,58.29245,-134.4011,1.8,96.0
2012-06-08 13:50:01,2012-06-08 04:50:01,310376000,9229659,ZCDF4,CORAL PRINCESS,58.29241,-134.4002,1.7,99.0
2012-06-08 13:51:01,2012-06-08 04:51:01,310376000,9229659,ZCDF4,CORAL PRINCESS,58.29237,-134.3993,1.5,83.3
2012-06-08 13:52:01,2012-06-08 04:52:01,310376000,9229659,ZCDF4,CORAL PRINCESS,58.2923,-134.3987,1.2,90.9
2012-06-08 13:53:01,2012-06-08 04:53:01,310376000,9229659,ZCDF4,CORAL PRINCESS,58.29224,-134.3982,0.9,100.6
2012-06-08 13:54:01,2012-06-08 04:54:01,310376000,9229659,ZCDF4,CORAL PRINCESS,58.29217,-134.3978,0.9,119.3
2012-06-08 13:55:01,2012-06-08 04:55:01,310376000,9229659,ZCDF4,CORAL PRINCESS,58.29215,-134.3973,0.8,114.0
2012-06-08 13:56:02,2012-06-08 04:56:02,310376000,9229659,ZCDF4,CORAL PRINCESS,58.29209,-134.397,0.5,129.3
2012-06-08 13:57:01,2012-06-08 04:57:01,310376000,9229659,ZCDF4,CORAL PRINCESS,58.29214,-134.3969,0.3,28.0
2012-06-08 13:58:01,2012-06-08 04:58:01,310376000,9229659,ZCDF4,CORAL PRINCESS,58.29216,-134.3969,0.1,343.0
2012-06-08 13:59:01,2012-06-08 04:59:01,310376000,9229659,ZCDF4,CORAL PRINCESS,58.29219,-134.397,0.2,1.4
2012-06-08 14:00:01,2012-06-08 05:00:01,310376000,9229659,ZCDF4,CORAL PRINCESS,58.29222,-134.397,0.1,342.0
2012-06-08 14:01:01,2012-06-08 05:01:01,310376000,9229659,ZCDF4,CORAL PRINCESS,58.29228,-134.3969,0.3,68.9
2012-06-08 14:02:01,2012-06-08 05:02:01,310376000,9229659,ZCDF4,CORAL PRINCESS,58.2923,-134.3968,0.1,113.0
2012-06-08 14:03:00,2012-06-08 05:03:00,310376000,9229659,ZCDF4,CORAL PRINCESS,58.29226,-134.3967,0.3,133.4
2012-06-08 14:04:00,2012-06-08 05:04:00,310376000,9229659,ZCDF4,CORAL PRINCESS,58.29221,-134.3965,0.6,118.0
2012-06-08 14:05:00,2012-06-08 05:05:00,310376000,9229659,ZCDF4,CORAL PRINCESS,58.29208,-134.3962,0.6,123.0
2012-06-08 14:06:00,2012-06-08 05:06:00,310376000,9229659,ZCDF4,CORAL PRINCESS,58.29201,-134.396,0.5,138.3
2012-06-08 14:07:00,2012-06-08 05:07:00,310376000,9229659,ZCDF4,CORAL PRINCESS,58.29192,-134.3959,0.4,157.5
2012-06-08 14:08:00,2012-06-08 05:08:00,310376000,9229659,ZCDF4,CORAL PRINCESS,58.29187,-134.3958,0.2,160.5
2012-06-08 14:09:00,2012-06-08 05:09:00,310376000,9229659,ZCDF4,CORAL PRINCESS,58.29179,-134.3958,0.4,151.0
2012-06-08 14:11:41,2012-06-08 05:11:41,310376000,9229659,ZCDF4,CORAL PRINCESS,58.29165,-134.3956,0.3,143.0
2012-06-08 14:14:40,2012-06-08 05:14:40,310376000,9229659,ZCDF4,CORAL PRINCESS,58.29164,-134.3955,0.1,144.0
2012-06-08 14:17:40,2012-06-08 05:17:40,310376000,9229659,ZCDF4,CORAL PRINCESS,58.29162,-134.3955,0.0,144.0
2012-06-08 14:20:41,2012-06-08 05:20:41,310376000,9229659,ZCDF4,CORAL PRINCESS,58.2916,-134.3955,0.0,144.0
2012-06-08 14:23:41,2012-06-08 05:23:41,310376000,9229659,ZCDF4,CORAL PRINCESS,58.2916,-134.3955,0.0,144.0
2012-06-08 14:26:41,2012-06-08 05:26:41,310376000,9229659,ZCDF4,CORAL PRINCESS,58.2916,-134.3955,0.0,144.0
2012-06-08 14:29:40,2012-06-08 05:29:40,310376000,9229659,ZCDF4,CORAL PRINCESS,58.2916,-134.3955,0.0,144.0
2012-06-08 14:32:42,2012-06-08 05:32:42,310376000,9229659,ZCDF4,CORAL PRINCESS,58.2916,-134.3955,0.0,144.0
2012-06-08 14:35:41,2012-06-08 05:35:41,310376000,9229659,ZCDF4,CORAL PRINCESS,58.2916,-134.3954,0.0,144.0
2012-06-08 14:38:42,2012-06-08 05:38:42,310376000,9229659,ZCDF4,CORAL PRINCESS,58.2916,-134.3954,0.0,144.0
2012-06-08 14:41:40,2012-06-08 05:41:40,310376000,9229659,ZCDF4,CORAL PRINCESS,58.29162,-134.3954,0.0,144.0
2012-06-08 14:44:40,2012-06-08 05:44:40,310376000,9229659,ZCDF4,CORAL PRINCESS,58.29162,-134.3954,0.0,144.0
2012-06-08 14:47:41,2012-06-08 05:47:41,310376000,9229659,ZCDF4,CORAL PRINCESS,58.29162,-134.3954,0.0,144.0
2012-06-08 14:50:41,2012-06-08 05:50:41,310376000,9229659,ZCDF4,CORAL PRINCESS,58.29162,-134.3954,0.0,144.0
2012-06-08 14:53:40,2012-06-08 05:53:40,310376000,9229659,ZCDF4,CORAL PRINCESS,58.29162,-134.3954,0.0,144.0
2012-06-08 14:56:42,2012-06-08 05:56:42,310376000,9229659,ZCDF4,CORAL PRINCESS,58.29162,-134.3954,0.0,144.0
2012-06-08 14:59:41,2012-06-08 05:59:41,310376000,9229659,ZCDF4,CORAL PRINCESS,58.2916,-134.3954,0.0,144.0
2012-06-08 15:02:42,2012-06-08 06:02:42,310376000,9229659,ZCDF4,CORAL PRINCESS,58.29162,-134.3954,0.0,144.0
2012-06-08 15:05:40,2012-06-08 06:05:40,310376000,9229659,ZCDF4,CORAL PRINCESS,58.2916,-134.3954,0.0,144.0
2012-06-08 15:08:40,2012-06-08 06:08:40,310376000,9229659,ZCDF4,CORAL PRINCESS,58.2916,-134.3954,0.0,144.0
2012-06-08 15:11:40,2012-06-08 06:11:40,310376000,9229659,ZCDF4,CORAL PRINCESS,58.2916,-134.3954,0.0,144.0
2012-06-08 15:14:41,2012-06-08 06:14:41,310376000,9229659,ZCDF4,CORAL PRINCESS,58.2916,-134.3955,0.0,144.0
2012-06-08 15:17:40,2012-06-08 06:17:40,310376000,9229659,ZCDF4,CORAL PRINCESS,58.2916,-134.3954,0.0,144.0
2012-06-08 15:20:41,2012-06-08 06:20:41,310376000,9229659,ZCDF4,CORAL PRINCESS,58.29159,-134.3954,0.0,144.0
2012-06-08 15:23:41,2012-06-08 06:23:41,310376000,9229659,ZCDF4,CORAL PRINCESS,58.2916,-134.3954,0.0,144.0
2012-06-08 15:26:41,2012-06-08 06:26:41,310376000,9229659,ZCDF4,CORAL PRINCESS,58.2916,-134.3954,0.0,144.0
2012-06-08 15:29:41,2012-06-08 06:29:41,310376000,9229659,ZCDF4,CORAL PRINCESS,58.29162,-134.3954,0.0,144.0
2012-06-08 15:32:41,2012-06-08 06:32:41,310376000,9229659,ZCDF4,CORAL PRINCESS,58.29162,-134.3954,0.0,144.0
2012-06-08 15:35:40,2012-06-08 06:35:40,310376000,9229659,ZCDF4,CORAL PRINCESS,58.29162,-134.3954,0.0,144.0
2012-06-08 15:38:41,2012-06-08 06:38:41,310376000,9229659,ZCDF4,CORAL PRINCESS,58.2916,-134.3954,0.0,144.0
2012-06-08 15:41:41,2012-06-08 06:41:41,310376000,9229659,ZCDF4,CORAL PRINCESS,58.29162,-134.3954,0.0,144.0
2012-06-08 15:44:42,2012-06-08 06:44:42,310376000,9229659,ZCDF4,CORAL PRINCESS,58.29162,-134.3954,0.0,144.0
2012-06-08 15:47:40,2012-06-08 06:47:40,310376000,9229659,ZCDF4,CORAL PRINCESS,58.29162,-134.3954,0.0,144.0
2012-06-08 15:50:40,2012-06-08 06:50:40,310376000,9229659,ZCDF4,CORAL PRINCESS,58.2916,-134.3954,0.0,144.0
2012-06-08 15:53:41,2012-06-08 06:53:41,310376000,9229659,ZCDF4,CORAL PRINCESS,58.29162,-134.3955,0.0,144.0
2012-06-08 15:56:41,2012-06-08 06:56:41,310376000,9229659,ZCDF4,CORAL PRINCESS,58.29162,-134.3955,0.0,144.0
2012-06-08 15:59:40,2012-06-08 06:59:40,310376000,9229659,ZCDF4,CORAL PRINCESS,58.29162,-134.3955,0.0,144.0
2012-06-08 16:02:40,2012-06-08 07:02:40,310376000,9229659,ZCDF4,CORAL PRINCESS,58.29162,-134.3955,0.0,144.0
2012-06-08 16:05:41,2012-06-08 07:05:41,310376000,9229659,ZCDF4,CORAL PRINCESS,58.29162,-134.3955,0.0,144.0
2012-06-08 16:08:40,2012-06-08 07:08:40,310376000,9229659,ZCDF4,CORAL PRINCESS,58.29162,-134.3955,0.0,144.0
2012-06-08 16:11:40,2012-06-08 07:11:40,310376000,9229659,ZCDF4,CORAL PRINCESS,58.29162,-134.3955,0.0,144.0
2012-06-08 16:14:41,2012-06-08 07:14:41,310376000,9229659,ZCDF4,CORAL PRINCESS,58.29162,-134.3955,0.0,144.0
2012-06-08 16:17:41,2012-06-08 07:17:41,310376000,9229659,ZCDF4,CORAL PRINCESS,58.29162,-134.3955,0.0,144.0
2012-06-08 16:20:42,2012-06-08 07:20:42,310376000,9229659,ZCDF4,CORAL PRINCESS,58.29162,-134.3955,0.0,144.0
2012-06-08 16:23:41,2012-06-08 07:23:41,310376000,9229659,ZCDF4,CORAL PRINCESS,58.29162,-134.3955,0.0,144.0
2012-06-08 16:26:41,2012-06-08 07:26:41,310376000,9229659,ZCDF4,CORAL PRINCESS,58.29162,-134.3955,0.0,144.0
2012-06-08 16:29:40,2012-06-08 07:29:40,310376000,9229659,ZCDF4,CORAL PRINCESS,58.29162,-134.3955,0.0,144.0
2012-06-08 16:32:41,2012-06-08 07:32:41,310376000,9229659,ZCDF4,CORAL PRINCESS,58.29162,-134.3955,0.0,144.0
2012-06-08 16:35:41,2012-06-08 07:35:41,310376000,9229659,ZCDF4,CORAL PRINCESS,58.29162,-134.3955,0.0,144.0
2012-06-08 16:38:41,2012-06-08 07:38:41,310376000,9229659,ZCDF4,CORAL PRINCESS,58.29162,-134.3955,0.0,144.0
2012-06-08 16:41:40,2012-06-08 07:41:40,310376000,9229659,ZCDF4,CORAL PRINCESS,58.29162,-134.3955,0.0,144.0
2012-06-08 16:44:42,2012-06-08 07:44:42,310376000,9229659,ZCDF4,CORAL PRINCESS,58.29162,-134.3955,0.0,144.0
2012-06-08 16:47:41,2012-06-08 07:47:41,310376000,9229659,ZCDF4,CORAL PRINCESS,58.29162,-134.3954,0.0,144.0
2012-06-08 16:50:41,2012-06-08 07:50:41,310376000,9229659,ZCDF4,CORAL PRINCESS,58.29162,-134.3954,0.0,144.0
2012-06-08 16:53:41,2012-06-08 07:53:41,310376000,9229659,ZCDF4,CORAL PRINCESS,58.2916,-134.3955,0.0,144.0
2012-06-08 16:56:42,2012-06-08 07:56:42,310376000,9229659,ZCDF4,CORAL PRINCESS,58.2916,-134.3955,0.0,144.0
2012-06-08 16:59:42,2012-06-08 07:59:42,310376000,9229659,ZCDF4,CORAL PRINCESS,58.2916,-134.3955,0.0,144.0
2012-06-08 17:02:42,2012-06-08 08:02:42,310376000,9229659,ZCDF4,CORAL PRINCESS,58.2916,-134.3955,0.0,144.0
2012-06-08 17:05:41,2012-06-08 08:05:41,310376000,9229659,ZCDF4,CORAL PRINCESS,58.2916,-134.3955,0.0,144.0
2012-06-08 17:08:42,2012-06-08 08:08:42,310376000,9229659,ZCDF4,CORAL PRINCESS,58.2916,-134.3955,0.0,144.0
2012-06-08 17:11:41,2012-06-08 08:11:41,310376000,9229659,ZCDF4,CORAL PRINCESS,58.2916,-134.3955,0.0,144.0
2012-06-08 17:14:42,2012-06-08 08:14:42,310376000,9229659,ZCDF4,CORAL PRINCESS,58.2916,-134.3955,0.0,144.0
2012-06-08 17:17:40,2012-06-08 08:17:40,310376000,9229659,ZCDF4,CORAL PRINCESS,58.2916,-134.3955,0.0,144.0
2012-06-08 17:20:41,2012-06-08 08:20:41,310376000,9229659,ZCDF4,CORAL PRINCESS,58.2916,-134.3955,0.0,144.0
2012-06-08 17:23:42,2012-06-08 08:23:42,310376000,9229659,ZCDF4,CORAL PRINCESS,58.2916,-134.3955,0.0,144.0
2012-06-08 17:26:40,2012-06-08 08:26:40,310376000,9229659,ZCDF4,CORAL PRINCESS,58.2916,-134.3955,0.0,144.0
2012-06-08 17:29:40,2012-06-08 08:29:40,310376000,9229659,ZCDF4,CORAL PRINCESS,58.2916,-134.3955,0.0,144.0
2012-06-08 17:32:42,2012-06-08 08:32:42,310376000,9229659,ZCDF4,CORAL PRINCESS,58.2916,-134.3955,0.0,144.0
2012-06-08 17:35:40,2012-06-08 08:35:40,310376000,9229659,ZCDF4,CORAL PRINCESS,58.2916,-134.3955,0.0,144.0
2012-06-08 17:38:41,2012-06-08 08:38:41,310376000,9229659,ZCDF4,CORAL PRINCESS,58.2916,-134.3955,0.0,144.0
2012-06-08 17:41:40,2012-06-08 08:41:40,310376000,9229659,ZCDF4,CORAL PRINCESS,58.29162,-134.3955,0.0,144.0
2012-06-08 17:44:42,2012-06-08 08:44:42,310376000,9229659,ZCDF4,CORAL PRINCESS,58.29162,-134.3955,0.0,144.0
2012-06-08 17:47:41,2012-06-08 08:47:41,310376000,9229659,ZCDF4,CORAL PRINCESS,58.29162,-134.3955,0.0,144.0
2012-06-08 17:50:42,2012-06-08 08:50:42,310376000,9229659,ZCDF4,CORAL PRINCESS,58.29162,-134.3955,0.0,144.0
2012-06-08 17:53:40,2012-06-08 08:53:40,310376000,9229659,ZCDF4,CORAL PRINCESS,58.29162,-134.3955,0.0,144.0
2012-06-08 17:56:43,2012-06-08 08:56:43,310376000,9229659,ZCDF4,CORAL PRINCESS,58.29162,-134.3955,0.0,144.0
2012-06-08 17:59:40,2012-06-08 08:59:40,310376000,9229659,ZCDF4,CORAL PRINCESS,58.29162,-134.3955,0.0,144.0
2012-06-08 18:02:42,2012-06-08 09:02:42,310376000,9229659,ZCDF4,CORAL PRINCESS,58.29162,-134.3955,0.0,144.0
2012-06-08 18:05:41,2012-06-08 09:05:41,310376000,9229659,ZCDF4,CORAL PRINCESS,58.29162,-134.3955,0.0,144.0
2012-06-08 18:08:42,2012-06-08 09:08:42,310376000,9229659,ZCDF4,CORAL PRINCESS,58.29162,-134.3955,0.0,144.0
2012-06-08 18:11:41,2012-06-08 09:11:41,310376000,9229659,ZCDF4,CORAL PRINCESS,58.29162,-134.3955,0.0,144.0
2012-06-08 18:14:41,2012-06-08 09:14:41,310376000,9229659,ZCDF4,CORAL PRINCESS,58.29162,-134.3955,0.0,144.0
2012-06-08 18:17:42,2012-06-08 09:17:42,310376000,9229659,ZCDF4,CORAL PRINCESS,58.29162,-134.3955,0.0,144.0
2012-06-08 18:20:41,2012-06-08 09:20:41,310376000,9229659,ZCDF4,CORAL PRINCESS,58.29162,-134.3955,0.0,144.0
2012-06-08 18:23:40,2012-06-08 09:23:40,310376000,9229659,ZCDF4,CORAL PRINCESS,58.29162,-134.3955,0.0,144.0
2012-06-08 18:26:42,2012-06-08 09:26:42,310376000,9229659,ZCDF4,CORAL PRINCESS,58.29162,-134.3955,0.0,144.0
2012-06-08 18:29:42,2012-06-08 09:29:42,310376000,9229659,ZCDF4,CORAL PRINCESS,58.29162,-134.3955,0.0,144.0
2012-06-08 18:32:42,2012-06-08 09:32:42,310376000,9229659,ZCDF4,CORAL PRINCESS,58.29162,-134.3955,0.0,144.0
2012-06-08 18:35:40,2012-06-08 09:35:40,310376000,9229659,ZCDF4,CORAL PRINCESS,58.29162,-134.3955,0.0,144.0
2012-06-08 18:38:42,2012-06-08 09:38:42,310376000,9229659,ZCDF4,CORAL PRINCESS,58.29162,-134.3955,0.0,144.0
2012-06-08 18:41:41,2012-06-08 09:41:41,310376000,9229659,ZCDF4,CORAL PRINCESS,58.2916,-134.3955,0.0,144.0
2012-06-08 18:44:42,2012-06-08 09:44:42,310376000,9229659,ZCDF4,CORAL PRINCESS,58.2916,-134.3955,0.0,144.0
2012-06-08 18:47:42,2012-06-08 09:47:42,310376000,9229659,ZCDF4,CORAL PRINCESS,58.2916,-134.3955,0.0,144.0
2012-06-08 18:50:40,2012-06-08 09:50:40,310376000,9229659,ZCDF4,CORAL PRINCESS,58.29162,-134.3955,0.0,144.0
2012-06-08 18:53:42,2012-06-08 09:53:42,310376000,9229659,ZCDF4,CORAL PRINCESS,58.2916,-134.3955,0.0,144.0
2012-06-08 18:56:42,2012-06-08 09:56:42,310376000,9229659,ZCDF4,CORAL PRINCESS,58.29162,-134.3955,0.0,144.0
2012-06-08 18:59:40,2012-06-08 09:59:40,310376000,9229659,ZCDF4,CORAL PRINCESS,58.2916,-134.3955,0.0,144.0
2012-06-08 19:02:41,2012-06-08 10:02:41,310376000,9229659,ZCDF4,CORAL PRINCESS,58.2916,-134.3955,0.0,144.0
2012-06-08 19:05:41,2012-06-08 10:05:41,310376000,9229659,ZCDF4,CORAL PRINCESS,58.2916,-134.3955,0.0,144.0
2012-06-08 19:08:41,2012-06-08 10:08:41,310376000,9229659,ZCDF4,CORAL PRINCESS,58.2916,-134.3955,0.0,144.0
2012-06-08 19:11:41,2012-06-08 10:11:41,310376000,9229659,ZCDF4,CORAL PRINCESS,58.2916,-134.3955,0.0,144.0
2012-06-08 19:14:42,2012-06-08 10:14:42,310376000,9229659,ZCDF4,CORAL PRINCESS,58.2916,-134.3955,0.0,144.0
2012-06-08 19:17:41,2012-06-08 10:17:41,310376000,9229659,ZCDF4,CORAL PRINCESS,58.29162,-134.3955,0.0,144.0
2012-06-08 19:20:41,2012-06-08 10:20:41,310376000,9229659,ZCDF4,CORAL PRINCESS,58.2916,-134.3955,0.0,144.0
2012-06-08 19:23:41,2012-06-08 10:23:41,310376000,9229659,ZCDF4,CORAL PRINCESS,58.2916,-134.3955,0.0,144.0
2012-06-08 19:26:42,2012-06-08 10:26:42,310376000,9229659,ZCDF4,CORAL PRINCESS,58.2916,-134.3955,0.0,144.0
2012-06-08 19:29:41,2012-06-08 10:29:41,310376000,9229659,ZCDF4,CORAL PRINCESS,58.2916,-134.3954,0.0,144.0
2012-06-08 19:32:41,2012-06-08 10:32:41,310376000,9229659,ZCDF4,CORAL PRINCESS,58.29162,-134.3954,0.0,144.0
2012-06-08 19:35:42,2012-06-08 10:35:42,310376000,9229659,ZCDF4,CORAL PRINCESS,58.29162,-134.3954,0.0,144.0
2012-06-08 19:38:41,2012-06-08 10:38:41,310376000,9229659,ZCDF4,CORAL PRINCESS,58.29162,-134.3954,0.0,144.0
2012-06-08 19:41:41,2012-06-08 10:41:41,310376000,9229659,ZCDF4,CORAL PRINCESS,58.29162,-134.3955,0.0,144.0
2012-06-08 19:44:42,2012-06-08 10:44:42,310376000,9229659,ZCDF4,CORAL PRINCESS,58.2916,-134.3955,0.0,144.0
2012-06-08 19:47:41,2012-06-08 10:47:41,310376000,9229659,ZCDF4,CORAL PRINCESS,58.2916,-134.3955,0.0,144.0
2012-06-08 19:50:42,2012-06-08 10:50:42,310376000,9229659,ZCDF4,CORAL PRINCESS,58.2916,-134.3955,0.0,144.0
2012-06-08 19:53:42,2012-06-08 10:53:42,310376000,9229659,ZCDF4,CORAL PRINCESS,58.2916,-134.3955,0.0,144.0
2012-06-08 19:56:42,2012-06-08 10:56:42,310376000,9229659,ZCDF4,CORAL PRINCESS,58.2916,-134.3955,0.0,144.0
2012-06-08 19:59:42,2012-06-08 10:59:42,310376000,9229659,ZCDF4,CORAL PRINCESS,58.2916,-134.3955,0.0,144.0
2012-06-08 20:02:42,2012-06-08 11:02:42,310376000,9229659,ZCDF4,CORAL PRINCESS,58.2916,-134.3955,0.0,144.0
2012-06-08 20:05:40,2012-06-08 11:05:40,310376000,9229659,ZCDF4,CORAL PRINCESS,58.29159,-134.3955,0.0,144.0
2012-06-08 20:08:41,2012-06-08 11:08:41,310376000,9229659,ZCDF4,CORAL PRINCESS,58.29159,-134.3955,0.0,144.0
2012-06-08 20:11:42,2012-06-08 11:11:42,310376000,9229659,ZCDF4,CORAL PRINCESS,58.2916,-134.3955,0.0,144.0
2012-06-08 20:14:41,2012-06-08 11:14:41,310376000,9229659,ZCDF4,CORAL PRINCESS,58.2916,-134.3955,0.0,144.0
2012-06-08 20:17:40,2012-06-08 11:17:40,310376000,9229659,ZCDF4,CORAL PRINCESS,58.2916,-134.3955,0.0,144.0
2012-06-08 20:20:43,2012-06-08 11:20:43,310376000,9229659,ZCDF4,CORAL PRINCESS,58.2916,-134.3955,0.0,144.0
2012-06-08 20:23:42,2012-06-08 11:23:42,310376000,9229659,ZCDF4,CORAL PRINCESS,58.2916,-134.3955,0.0,144.0
2012-06-08 20:26:41,2012-06-08 11:26:41,310376000,9229659,ZCDF4,CORAL PRINCESS,58.2916,-134.3955,0.0,144.0
2012-06-08 20:29:41,2012-06-08 11:29:41,310376000,9229659,ZCDF4,CORAL PRINCESS,58.2916,-134.3955,0.0,144.0
2012-06-08 20:32:42,2012-06-08 11:32:42,310376000,9229659,ZCDF4,CORAL PRINCESS,58.29162,-134.3955,0.0,144.0
2012-06-08 20:35:42,2012-06-08 11:35:42,310376000,9229659,ZCDF4,CORAL PRINCESS,58.29162,-134.3955,0.0,144.0
2012-06-08 20:38:41,2012-06-08 11:38:41,310376000,9229659,ZCDF4,CORAL PRINCESS,58.29162,-134.3955,0.0,144.0
2012-06-08 20:41:42,2012-06-08 11:41:42,310376000,9229659,ZCDF4,CORAL PRINCESS,58.29162,-134.3955,0.0,144.0
2012-06-08 20:44:41,2012-06-08 11:44:41,310376000,9229659,ZCDF4,CORAL PRINCESS,58.29162,-134.3955,0.0,144.0
2012-06-08 20:47:41,2012-06-08 11:47:41,310376000,9229659,ZCDF4,CORAL PRINCESS,58.29162,-134.3955,0.0,144.0
2012-06-08 20:50:41,2012-06-08 11:50:41,310376000,9229659,ZCDF4,CORAL PRINCESS,58.29162,-134.3955,0.0,144.0
2012-06-08 20:53:42,2012-06-08 11:53:42,310376000,9229659,ZCDF4,CORAL PRINCESS,58.29164,-134.3955,0.0,144.0
2012-06-08 20:56:42,2012-06-08 11:56:42,310376000,9229659,ZCDF4,CORAL PRINCESS,58.29164,-134.3955,0.0,144.0
2012-06-08 20:59:41,2012-06-08 11:59:41,310376000,9229659,ZCDF4,CORAL PRINCESS,58.29162,-134.3955,0.0,144.0
2012-06-08 21:02:41,2012-06-08 12:02:41,310376000,9229659,ZCDF4,CORAL PRINCESS,58.29162,-134.3955,0.0,144.0
2012-06-08 21:05:42,2012-06-08 12:05:42,310376000,9229659,ZCDF4,CORAL PRINCESS,58.29162,-134.3955,0.0,144.0
2012-06-08 21:08:41,2012-06-08 12:08:41,310376000,9229659,ZCDF4,CORAL PRINCESS,58.29162,-134.3955,0.0,144.0
2012-06-08 21:11:42,2012-06-08 12:11:42,310376000,9229659,ZCDF4,CORAL PRINCESS,58.29162,-134.3955,0.0,144.0
2012-06-08 21:14:41,2012-06-08 12:14:41,310376000,9229659,ZCDF4,CORAL PRINCESS,58.29164,-134.3954,0.0,144.0
2012-06-08 21:17:41,2012-06-08 12:17:41,310376000,9229659,ZCDF4,CORAL PRINCESS,58.29164,-134.3954,0.0,144.0
2012-06-08 21:20:43,2012-06-08 12:20:43,310376000,9229659,ZCDF4,CORAL PRINCESS,58.29162,-134.3954,0.0,144.0
2012-06-08 21:23:41,2012-06-08 12:23:41,310376000,9229659,ZCDF4,CORAL PRINCESS,58.29162,-134.3954,0.0,144.0
2012-06-08 21:26:41,2012-06-08 12:26:41,310376000,9229659,ZCDF4,CORAL PRINCESS,58.29162,-134.3954,0.0,144.0
2012-06-08 21:29:40,2012-06-08 12:29:40,310376000,9229659,ZCDF4,CORAL PRINCESS,58.29162,-134.3954,0.0,144.0
2012-06-08 21:32:42,2012-06-08 12:32:42,310376000,9229659,ZCDF4,CORAL PRINCESS,58.2916,-134.3954,0.0,144.0
2012-06-08 21:35:40,2012-06-08 12:35:40,310376000,9229659,ZCDF4,CORAL PRINCESS,58.2916,-134.3954,0.0,144.0
2012-06-08 21:38:41,2012-06-08 12:38:41,310376000,9229659,ZCDF4,CORAL PRINCESS,58.2916,-134.3954,0.0,144.0
2012-06-08 21:41:40,2012-06-08 12:41:40,310376000,9229659,ZCDF4,CORAL PRINCESS,58.2916,-134.3954,0.0,144.0
2012-06-08 21:44:42,2012-06-08 12:44:42,310376000,9229659,ZCDF4,CORAL PRINCESS,58.2916,-134.3954,0.0,144.0
2012-06-08 21:47:42,2012-06-08 12:47:42,310376000,9229659,ZCDF4,CORAL PRINCESS,58.2916,-134.3954,0.0,144.0
2012-06-08 21:50:42,2012-06-08 12:50:42,310376000,9229659,ZCDF4,CORAL PRINCESS,58.2916,-134.3954,0.0,144.0
2012-06-08 21:53:41,2012-06-08 12:53:41,310376000,9229659,ZCDF4,CORAL PRINCESS,58.2916,-134.3954,0.0,144.0
2012-06-08 21:56:42,2012-06-08 12:56:42,310376000,9229659,ZCDF4,CORAL PRINCESS,58.2916,-134.3954,0.0,144.0
2012-06-08 21:59:42,2012-06-08 12:59:42,310376000,9229659,ZCDF4,CORAL PRINCESS,58.2916,-134.3954,0.0,144.0
2012-06-08 22:02:42,2012-06-08 13:02:42,310376000,9229659,ZCDF4,CORAL PRINCESS,58.29162,-134.3954,0.0,144.0
2012-06-08 22:05:41,2012-06-08 13:05:41,310376000,9229659,ZCDF4,CORAL PRINCESS,58.29162,-134.3954,0.0,144.0
2012-06-08 22:08:42,2012-06-08 13:08:42,310376000,9229659,ZCDF4,CORAL PRINCESS,58.29162,-134.3954,0.0,144.0
2012-06-08 22:11:41,2012-06-08 13:11:41,310376000,9229659,ZCDF4,CORAL PRINCESS,58.29162,-134.3954,0.0,144.0
2012-06-08 22:14:41,2012-06-08 13:14:41,310376000,9229659,ZCDF4,CORAL PRINCESS,58.29162,-134.3954,0.0,144.0
2012-06-08 22:17:40,2012-06-08 13:17:40,310376000,9229659,ZCDF4,CORAL PRINCESS,58.29162,-134.3954,0.0,144.0
2012-06-08 22:20:42,2012-06-08 13:20:42,310376000,9229659,ZCDF4,CORAL PRINCESS,58.29162,-134.3954,0.0,144.0
2012-06-08 22:23:41,2012-06-08 13:23:41,310376000,9229659,ZCDF4,CORAL PRINCESS,58.29162,-134.3954,0.0,144.0
2012-06-08 22:26:42,2012-06-08 13:26:42,310376000,9229659,ZCDF4,CORAL PRINCESS,58.29162,-134.3954,0.0,144.0
2012-06-08 22:29:42,2012-06-08 13:29:42,310376000,9229659,ZCDF4,CORAL PRINCESS,58.29162,-134.3954,0.0,144.0
2012-06-08 22:32:42,2012-06-08 13:32:42,310376000,9229659,ZCDF4,CORAL PRINCESS,58.2916,-134.3954,0.0,144.0
2012-06-08 22:35:42,2012-06-08 13:35:42,310376000,9229659,ZCDF4,CORAL PRINCESS,58.2916,-134.3955,0.0,144.0
2012-06-08 22:38:42,2012-06-08 13:38:42,310376000,9229659,ZCDF4,CORAL PRINCESS,58.29162,-134.3955,0.0,144.0
2012-06-08 22:41:40,2012-06-08 13:41:40,310376000,9229659,ZCDF4,CORAL PRINCESS,58.29162,-134.3955,0.0,144.0
2012-06-08 22:44:41,2012-06-08 13:44:41,310376000,9229659,ZCDF4,CORAL PRINCESS,58.29162,-134.3955,0.0,144.0
2012-06-08 22:47:41,2012-06-08 13:47:41,310376000,9229659,ZCDF4,CORAL PRINCESS,58.29162,-134.3955,0.0,144.0
2012-06-08 22:50:42,2012-06-08 13:50:42,310376000,9229659,ZCDF4,CORAL PRINCESS,58.29162,-134.3954,0.0,144.0
2012-06-08 22:53:42,2012-06-08 13:53:42,310376000,9229659,ZCDF4,CORAL PRINCESS,58.29162,-134.3954,0.0,144.0
2012-06-08 22:56:43,2012-06-08 13:56:43,310376000,9229659,ZCDF4,CORAL PRINCESS,58.29162,-134.3954,0.0,144.0
2012-06-08 22:59:42,2012-06-08 13:59:42,310376000,9229659,ZCDF4,CORAL PRINCESS,58.29164,-134.3954,0.0,144.0
2012-06-08 23:02:40,2012-06-08 14:02:40,310376000,9229659,ZCDF4,CORAL PRINCESS,58.29164,-134.3954,0.0,144.0
2012-06-08 23:05:41,2012-06-08 14:05:41,310376000,9229659,ZCDF4,CORAL PRINCESS,58.29162,-134.3954,0.0,144.0
2012-06-08 23:08:41,2012-06-08 14:08:41,310376000,9229659,ZCDF4,CORAL PRINCESS,58.29162,-134.3954,0.0,144.0
2012-06-08 23:11:42,2012-06-08 14:11:42,310376000,9229659,ZCDF4,CORAL PRINCESS,58.29162,-134.3954,0.0,144.0
2012-06-08 23:14:42,2012-06-08 14:14:42,310376000,9229659,ZCDF4,CORAL PRINCESS,58.29162,-134.3954,0.0,144.0
2012-06-08 23:17:43,2012-06-08 14:17:43,310376000,9229659,ZCDF4,CORAL PRINCESS,58.29162,-134.3954,0.0,144.0
2012-06-08 23:20:41,2012-06-08 14:20:41,310376000,9229659,ZCDF4,CORAL PRINCESS,58.29162,-134.3954,0.0,144.0
2012-06-08 23:23:41,2012-06-08 14:23:41,310376000,9229659,ZCDF4,CORAL PRINCESS,58.29162,-134.3954,0.0,144.0
2012-06-08 23:26:42,2012-06-08 14:26:42,310376000,9229659,ZCDF4,CORAL PRINCESS,58.29162,-134.3954,0.0,144.0
2012-06-08 23:29:42,2012-06-08 14:29:42,310376000,9229659,ZCDF4,CORAL PRINCESS,58.29162,-134.3954,0.0,144.0
2012-06-08 23:32:41,2012-06-08 14:32:41,310376000,9229659,ZCDF4,CORAL PRINCESS,58.29162,-134.3954,0.0,144.0
2012-06-08 23:35:41,2012-06-08 14:35:41,310376000,9229659,ZCDF4,CORAL PRINCESS,58.29162,-134.3954,0.0,144.0
2012-06-08 23:38:41,2012-06-08 14:38:41,310376000,9229659,ZCDF4,CORAL PRINCESS,58.29162,-134.3954,0.0,144.0
2012-06-08 23:41:40,2012-06-08 14:41:40,310376000,9229659,ZCDF4,CORAL PRINCESS,58.29162,-134.3954,0.0,144.0
2012-06-08 23:44:42,2012-06-08 14:44:42,310376000,9229659,ZCDF4,CORAL PRINCESS,58.2916,-134.3954,0.0,144.0
2012-06-08 23:47:40,2012-06-08 14:47:40,310376000,9229659,ZCDF4,CORAL PRINCESS,58.2916,-134.3955,0.0,144.0
2012-06-08 23:50:42,2012-06-08 14:50:42,310376000,9229659,ZCDF4,CORAL PRINCESS,58.2916,-134.3955,0.0,144.0
2012-06-08 23:53:41,2012-06-08 14:53:41,310376000,9229659,ZCDF4,CORAL PRINCESS,58.2916,-134.3955,0.0,144.0
2012-06-08 23:56:07,2012-06-08 14:56:07,310376000,9229659,ZCDF4,CORAL PRINCESS,58.2916,-134.3955,0.1,234.0
2012-06-08 23:57:07,2012-06-08 14:57:07,310376000,9229659,ZCDF4,CORAL PRINCESS,58.29159,-134.3955,0.0,143.0
2012-06-08 23:58:07,2012-06-08 14:58:07,310376000,9229659,ZCDF4,CORAL PRINCESS,58.29157,-134.3956,0.3,249.4
2012-06-08 23:59:07,2012-06-08 14:59:07,310376000,9229659,ZCDF4,CORAL PRINCESS,58.29161,-134.3958,0.4,316.0
2012-06-09 00:00:07,2012-06-08 15:00:07,310376000,9229659,ZCDF4,CORAL PRINCESS,58.29176,-134.396,0.8,318.1
2012-06-09 00:01:07,2012-06-08 15:01:07,310376000,9229659,ZCDF4,CORAL PRINCESS,58.29197,-134.3965,1.3,301.6
2012-06-09 00:02:07,2012-06-08 15:02:07,310376000,9229659,ZCDF4,CORAL PRINCESS,58.29222,-134.3971,1.6,313.6
2012-06-09 00:03:06,2012-06-08 15:03:06,310376000,9229659,ZCDF4,CORAL PRINCESS,58.29262,-134.3977,1.9,314.4
2012-06-09 00:04:06,2012-06-08 15:04:06,310376000,9229659,ZCDF4,CORAL PRINCESS,58.29291,-134.3985,1.9,301.8
2012-06-09 00:05:06,2012-06-08 15:05:06,310376000,9229659,ZCDF4,CORAL PRINCESS,58.29316,-134.3994,1.9,292.0
2012-06-09 00:06:06,2012-06-08 15:06:06,310376000,9229659,ZCDF4,CORAL PRINCESS,58.29333,-134.4003,1.8,283.8
2012-06-09 00:07:06,2012-06-08 15:07:06,310376000,9229659,ZCDF4,CORAL PRINCESS,58.2935,-134.4012,1.8,284.0
2012-06-09 00:08:06,2012-06-08 15:08:06,310376000,9229659,ZCDF4,CORAL PRINCESS,58.29349,-134.4021,1.7,264.3
2012-06-09 00:09:06,2012-06-08 15:09:06,310376000,9229659,ZCDF4,CORAL PRINCESS,58.2934,-134.4028,1.2,252.3
2012-06-09 00:10:06,2012-06-08 15:10:06,310376000,9229659,ZCDF4,CORAL PRINCESS,58.29321,-134.4034,1.3,232.4
2012-06-09 00:11:05,2012-06-08 15:11:05,310376000,9229659,ZCDF4,CORAL PRINCESS,58.29292,-134.404,1.5,228.1
2012-06-09 00:12:05,2012-06-08 15:12:05,310376000,9229659,ZCDF4,CORAL PRINCESS,58.29264,-134.4043,0.9,180.5
2012-06-09 00:13:07,2012-06-08 15:13:07,310376000,9229659,ZCDF4,CORAL PRINCESS,58.29215,-134.4041,2.2,160.0
2012-06-09 00:14:07,2012-06-08 15:14:07,310376000,9229659,ZCDF4,CORAL PRINCESS,58.29134,-134.4036,3.4,166.6
2012-06-09 00:15:07,2012-06-08 15:15:07,310376000,9229659,ZCDF4,CORAL PRINCESS,58.29021,-134.4031,4.6,166.2
2012-06-09 00:16:07,2012-06-08 15:16:07,310376000,9229659,ZCDF4,CORAL PRINCESS,58.2888,-134.4024,5.6,164.0
2012-06-09 00:17:07,2012-06-08 15:17:07,310376000,9229659,ZCDF4,CORAL PRINCESS,58.28717,-134.4013,6.4,159.0
2012-06-09 00:18:07,2012-06-08 15:18:07,310376000,9229659,ZCDF4,CORAL PRINCESS,58.2856,-134.3996,6.5,147.0
2012-06-09 00:19:07,2012-06-08 15:19:07,310376000,9229659,ZCDF4,CORAL PRINCESS,58.28423,-134.3974,6.6,135.8
2012-06-09 00:20:07,2012-06-08 15:20:07,310376000,9229659,ZCDF4,CORAL PRINCESS,58.28303,-134.3946,6.9,127.8
2012-06-09 00:21:07,2012-06-08 15:21:07,310376000,9229659,ZCDF4,CORAL PRINCESS,58.28194,-134.3916,7.1,124.8
2012-06-09 00:22:07,2012-06-08 15:22:07,310376000,9229659,ZCDF4,CORAL PRINCESS,58.28084,-134.3884,7.2,122.2
2012-06-09 00:23:07,2012-06-08 15:23:07,310376000,9229659,ZCDF4,CORAL PRINCESS,58.27973,-134.3851,7.3,123.0
2012-06-09 00:24:07,2012-06-08 15:24:07,310376000,9229659,ZCDF4,CORAL PRINCESS,58.27856,-134.382,7.4,126.2
2012-06-09 00:25:07,2012-06-08 15:25:07,310376000,9229659,ZCDF4,CORAL PRINCESS,58.2772,-134.3788,7.9,129.5
2012-06-09 00:26:08,2012-06-08 15:26:08,310376000,9229659,ZCDF4,CORAL PRINCESS,58.27566,-134.3755,8.6,132.0
2012-06-09 00:27:06,2012-06-08 15:27:06,310376000,9229659,ZCDF4,CORAL PRINCESS,58.27404,-134.3721,9.1,132.0
2012-06-09 00:28:06,2012-06-08 15:28:06,310376000,9229659,ZCDF4,CORAL PRINCESS,58.27226,-134.3684,9.6,132.0
2012-06-09 00:29:06,2012-06-08 15:29:06,310376000,9229659,ZCDF4,CORAL PRINCESS,58.27043,-134.3646,9.9,132.5
2012-06-09 00:30:06,2012-06-08 15:30:06,310376000,9229659,ZCDF4,CORAL PRINCESS,58.26859,-134.3608,9.8,132.5
2012-06-09 00:31:07,2012-06-08 15:31:07,310376000,9229659,ZCDF4,CORAL PRINCESS,58.2667,-134.3568,9.8,132.0
2012-06-09 00:32:08,2012-06-08 15:32:08,310376000,9229659,ZCDF4,CORAL PRINCESS,58.2649,-134.353,9.8,132.0
2012-06-09 00:33:07,2012-06-08 15:33:07,310376000,9229659,ZCDF4,CORAL PRINCESS,58.26308,-134.3492,9.9,131.4
2012-06-09 00:34:07,2012-06-08 15:34:07,310376000,9229659,ZCDF4,CORAL PRINCESS,58.26123,-134.3453,9.9,131.4
2012-06-09 00:35:06,2012-06-08 15:35:06,310376000,9229659,ZCDF4,CORAL PRINCESS,58.25943,-134.3415,10.0,131.8
2012-06-09 00:36:06,2012-06-08 15:36:06,310376000,9229659,ZCDF4,CORAL PRINCESS,58.25746,-134.3377,10.3,133.8
2012-06-09 00:37:06,2012-06-08 15:37:06,310376000,9229659,ZCDF4,CORAL PRINCESS,58.2554,-134.3337,10.7,135.0
2012-06-09 00:38:07,2012-06-08 15:38:07,310376000,9229659,ZCDF4,CORAL PRINCESS,58.25323,-134.3296,11.2,135.0
2012-06-09 00:39:06,2012-06-08 15:39:06,310376000,9229659,ZCDF4,CORAL PRINCESS,58.25092,-134.3252,11.8,134.5
2012-06-09 00:40:07,2012-06-08 15:40:07,310376000,9229659,ZCDF4,CORAL PRINCESS,58.24853,-134.3207,12.5,135.0
2012-06-09 00:41:06,2012-06-08 15:41:06,310376000,9229659,ZCDF4,CORAL PRINCESS,58.24597,-134.3159,13.2,134.5
2012-06-09 00:42:06,2012-06-08 15:42:06,310376000,9229659,ZCDF4,CORAL PRINCESS,58.24329,-134.3108,13.9,134.5
2012-06-09 00:43:04,2012-06-08 15:43:04,310376000,9229659,ZCDF4,CORAL PRINCESS,58.24066,-134.3058,14.1,134.5
2012-06-09 00:44:04,2012-06-08 15:44:04,310376000,9229659,ZCDF4,CORAL PRINCESS,58.23788,-134.3007,14.1,136.0
2012-06-09 00:45:04,2012-06-08 15:45:04,310376000,9229659,ZCDF4,CORAL PRINCESS,58.235,-134.2955,14.1,136.8
2012-06-09 00:46:04,2012-06-08 15:46:04,310376000,9229659,ZCDF4,CORAL PRINCESS,58.23214,-134.2904,14.2,136.0
2012-06-09 00:47:04,2012-06-08 15:47:04,310376000,9229659,ZCDF4,CORAL PRINCESS,58.22926,-134.2852,14.4,136.7
2012-06-09 00:48:04,2012-06-08 15:48:04,310376000,9229659,ZCDF4,CORAL PRINCESS,58.2263,-134.28,14.7,136.7
2012-06-09 00:49:04,2012-06-08 15:49:04,310376000,9229659,ZCDF4,CORAL PRINCESS,58.22331,-134.2746,15.0,136.7
2012-06-09 00:50:04,2012-06-08 15:50:04,310376000,9229659,ZCDF4,CORAL PRINCESS,58.22022,-134.2691,15.4,136.7
2012-06-09 00:51:04,2012-06-08 15:51:04,310376000,9229659,ZCDF4,CORAL PRINCESS,58.21702,-134.2635,15.8,137.2
2012-06-09 00:52:04,2012-06-08 15:52:04,310376000,9229659,ZCDF4,CORAL PRINCESS,58.21365,-134.258,16.0,139.6
2012-06-09 00:53:04,2012-06-08 15:53:04,310376000,9229659,ZCDF4,CORAL PRINCESS,58.21023,-134.2526,16.2,140.0
2012-06-09 00:54:04,2012-06-08 15:54:04,310376000,9229659,ZCDF4,CORAL PRINCESS,58.20673,-134.2471,16.5,140.0
2012-06-09 00:55:04,2012-06-08 15:55:04,310376000,9229659,ZCDF4,CORAL PRINCESS,58.20315,-134.2416,16.8,140.6
2012-06-09 00:56:04,2012-06-08 15:56:04,310376000,9229659,ZCDF4,CORAL PRINCESS,58.1995,-134.236,17.1,140.6
2012-06-09 00:57:03,2012-06-08 15:57:03,310376000,9229659,ZCDF4,CORAL PRINCESS,58.19601,-134.2299,17.1,137.3
2012-06-09 00:58:03,2012-06-08 15:58:03,310376000,9229659,ZCDF4,CORAL PRINCESS,58.19263,-134.2236,17.2,134.9
2012-06-09 00:59:03,2012-06-08 15:59:03,310376000,9229659,ZCDF4,CORAL PRINCESS,58.18924,-134.2172,17.3,134.9
2012-06-09 01:00:03,2012-06-08 16:00:03,310376000,9229659,ZCDF4,CORAL PRINCESS,58.18597,-134.2106,17.3,131.9
2012-06-09 01:01:04,2012-06-08 16:01:04,310376000,9229659,ZCDF4,CORAL PRINCESS,58.183,-134.2035,17.2,126.9
2012-06-09 01:02:03,2012-06-08 16:02:03,310376000,9229659,ZCDF4,CORAL PRINCESS,58.18035,-134.1959,17.1,121.6
2012-06-09 01:03:03,2012-06-08 16:03:03,310376000,9229659,ZCDF4,CORAL PRINCESS,58.17791,-134.1882,17.1,121.6
2012-06-09 01:04:03,2012-06-08 16:04:03,310376000,9229659,ZCDF4,CORAL PRINCESS,58.1753,-134.1808,17.1,125.6
2012-06-09 01:05:03,2012-06-08 16:05:03,310376000,9229659,ZCDF4,CORAL PRINCESS,58.17243,-134.1739,17.0,130.0
2012-06-09 01:06:04,2012-06-08 16:06:04,310376000,9229659,ZCDF4,CORAL PRINCESS,58.16923,-134.1674,17.0,135.0
2012-06-09 01:07:03,2012-06-08 16:07:03,310376000,9229659,ZCDF4,CORAL PRINCESS,58.1657,-134.1614,17.3,139.3
2012-06-09 01:08:03,2012-06-08 16:08:03,310376000,9229659,ZCDF4,CORAL PRINCESS,58.16176,-134.1557,17.7,143.6
2012-06-09 01:09:04,2012-06-08 16:09:04,310376000,9229659,ZCDF4,CORAL PRINCESS,58.15753,-134.1505,18.2,148.3
2012-06-09 01:10:04,2012-06-08 16:10:04,310376000,9229659,ZCDF4,CORAL PRINCESS,58.15316,-134.1456,18.5,148.7
2012-06-09 01:11:04,2012-06-08 16:11:04,310376000,9229659,ZCDF4,CORAL PRINCESS,58.14876,-134.1405,18.6,148.7
2012-06-09 01:12:04,2012-06-08 16:12:04,310376000,9229659,ZCDF4,CORAL PRINCESS,58.14434,-134.1354,18.7,147.8
2012-06-09 01:13:04,2012-06-08 16:13:04,310376000,9229659,ZCDF4,CORAL PRINCESS,58.1399,-134.1302,19.0,147.8
2012-06-09 01:14:04,2012-06-08 16:14:04,310376000,9229659,ZCDF4,CORAL PRINCESS,58.13541,-134.125,19.2,148.8
2012-06-09 01:15:03,2012-06-08 16:15:03,310376000,9229659,ZCDF4,CORAL PRINCESS,58.13083,-134.1197,19.4,148.8
2012-06-09 01:16:04,2012-06-08 16:16:04,310376000,9229659,ZCDF4,CORAL PRINCESS,58.12617,-134.1145,19.6,150.0
2012-06-09 01:17:03,2012-06-08 16:17:03,310376000,9229659,ZCDF4,CORAL PRINCESS,58.12143,-134.1095,19.9,150.8
2012-06-09 01:18:03,2012-06-08 16:18:03,310376000,9229659,ZCDF4,CORAL PRINCESS,58.11657,-134.1044,20.1,151.5
2012-06-09 01:19:05,2012-06-08 16:19:05,310376000,9229659,ZCDF4,CORAL PRINCESS,58.11151,-134.0997,20.1,155.1
2012-06-09 01:20:04,2012-06-08 16:20:04,310376000,9229659,ZCDF4,CORAL PRINCESS,58.1064,-134.0958,19.9,158.9
2012-06-09 01:21:04,2012-06-08 16:21:04,310376000,9229659,ZCDF4,CORAL PRINCESS,58.10119,-134.0927,19.7,164.1
2012-06-09 01:22:04,2012-06-08 16:22:04,310376000,9229659,ZCDF4,CORAL PRINCESS,58.09597,-134.0901,19.6,165.0
2012-06-09 01:23:05,2012-06-08 16:23:05,310376000,9229659,ZCDF4,CORAL PRINCESS,58.09072,-134.0874,19.6,164.1
2012-06-09 01:24:04,2012-06-08 16:24:04,310376000,9229659,ZCDF4,CORAL PRINCESS,58.08551,-134.0846,19.7,163.8
2012-06-09 01:25:04,2012-06-08 16:25:04,310376000,9229659,ZCDF4,CORAL PRINCESS,58.08022,-134.0818,19.8,165.0
2012-06-09 01:26:04,2012-06-08 16:26:04,310376000,9229659,ZCDF4,CORAL PRINCESS,58.07483,-134.079,19.9,165.0
2012-06-09 01:27:03,2012-06-08 16:27:03,310376000,9229659,ZCDF4,CORAL PRINCESS,58.06957,-134.0764,20.0,165.0
2012-06-09 01:28:03,2012-06-08 16:28:03,310376000,9229659,ZCDF4,CORAL PRINCESS,58.06423,-134.0737,20.0,165.0
2012-06-09 01:29:03,2012-06-08 16:29:03,310376000,9229659,ZCDF4,CORAL PRINCESS,58.05893,-134.071,19.8,164.0
2012-06-09 01:30:03,2012-06-08 16:30:03,310376000,9229659,ZCDF4,CORAL PRINCESS,58.05378,-134.0674,19.7,159.0
2012-06-09 01:31:03,2012-06-08 16:31:03,310376000,9229659,ZCDF4,CORAL PRINCESS,58.04881,-134.0632,19.7,154.7
2012-06-09 01:32:03,2012-06-08 16:32:03,310376000,9229659,ZCDF4,CORAL PRINCESS,58.04391,-134.0586,19.8,153.2
2012-06-09 01:33:04,2012-06-08 16:33:04,310376000,9229659,ZCDF4,CORAL PRINCESS,58.03895,-134.0539,19.8,153.8
2012-06-09 01:34:03,2012-06-08 16:34:03,310376000,9229659,ZCDF4,CORAL PRINCESS,58.03408,-134.0493,19.8,153.0
2012-06-09 01:35:10,2012-06-08 16:35:10,310376000,9229659,ZCDF4,CORAL PRINCESS,58.02871,-134.0441,19.8,153.0
2012-06-09 01:36:04,2012-06-08 16:36:04,310376000,9229659,ZCDF4,CORAL PRINCESS,58.02432,-134.0399,19.8,153.0
2012-06-09 01:37:03,2012-06-08 16:37:03,310376000,9229659,ZCDF4,CORAL PRINCESS,58.01949,-134.0353,19.7,153.0
2012-06-09 01:38:04,2012-06-08 16:38:04,310376000,9229659,ZCDF4,CORAL PRINCESS,58.01455,-134.0305,19.7,153.0
2012-06-09 01:39:03,2012-06-08 16:39:03,310376000,9229659,ZCDF4,CORAL PRINCESS,58.00969,-134.0259,19.7,153.0
2012-06-09 01:40:03,2012-06-08 16:40:03,310376000,9229659,ZCDF4,CORAL PRINCESS,58.00481,-134.0213,19.6,153.0
2012-06-09 01:41:04,2012-06-08 16:41:04,310376000,9229659,ZCDF4,CORAL PRINCESS,58.00009,-134.0168,19.4,153.8
2012-06-09 01:42:04,2012-06-08 16:42:04,310376000,9229659,ZCDF4,CORAL PRINCESS,57.99525,-134.0123,19.2,153.8
2012-06-09 01:43:03,2012-06-08 16:43:03,310376000,9229659,ZCDF4,CORAL PRINCESS,57.99054,-134.0078,19.1,153.0
2012-06-09 01:44:03,2012-06-08 16:44:03,310376000,9229659,ZCDF4,CORAL PRINCESS,57.98582,-134.0034,19.1,153.0
2012-06-09 01:45:04,2012-06-08 16:45:04,310376000,9229659,ZCDF4,CORAL PRINCESS,57.98111,-133.9989,19.1,153.0
2012-06-09 01:46:04,2012-06-08 16:46:04,310376000,9229659,ZCDF4,CORAL PRINCESS,57.97632,-133.9944,19.1,153.8
2012-06-09 01:47:04,2012-06-08 16:47:04,310376000,9229659,ZCDF4,CORAL PRINCESS,57.97161,-133.9899,19.1,153.0
2012-06-09 01:48:04,2012-06-08 16:48:04,310376000,9229659,ZCDF4,CORAL PRINCESS,57.96685,-133.9854,19.1,153.2
2012-06-09 01:49:04,2012-06-08 16:49:04,310376000,9229659,ZCDF4,CORAL PRINCESS,57.96214,-133.9809,19.1,153.0
2012-06-09 01:50:03,2012-06-08 16:50:03,310376000,9229659,ZCDF4,CORAL PRINCESS,57.95744,-133.9764,19.1,153.0
2012-06-09 01:51:04,2012-06-08 16:51:04,310376000,9229659,ZCDF4,CORAL PRINCESS,57.9527,-133.9719,19.0,153.0
2012-06-09 01:52:00,2012-06-08 16:52:00,310376000,9229659,ZCDF4,CORAL PRINCESS,57.94845,-133.968,19.0,155.3
2012-06-09 01:53:05,2012-06-08 16:53:05,310376000,9229659,ZCDF4,CORAL PRINCESS,57.94313,-133.9635,19.0,156.0
2012-06-09 01:54:04,2012-06-08 16:54:04,310376000,9229659,ZCDF4,CORAL PRINCESS,57.93834,-133.9595,19.0,156.0
2012-06-09 01:55:00,2012-06-08 16:55:00,310376000,9229659,ZCDF4,CORAL PRINCESS,57.93393,-133.9559,19.2,156.0
2012-06-09 01:56:04,2012-06-08 16:56:04,310376000,9229659,ZCDF4,CORAL PRINCESS,57.92858,-133.9515,19.3,156.0
2012-06-09 01:57:03,2012-06-08 16:57:03,310376000,9229659,ZCDF4,CORAL PRINCESS,57.92366,-133.9474,19.5,156.0
2012-06-09 01:58:11,2012-06-08 16:58:11,310376000,9229659,ZCDF4,CORAL PRINCESS,57.91816,-133.9429,19.6,156.8
2012-06-09 01:59:11,2012-06-08 16:59:11,310376000,9229659,ZCDF4,CORAL PRINCESS,57.91319,-133.9389,19.6,156.5
2012-06-09 02:00:03,2012-06-08 17:00:03,310376000,9229659,ZCDF4,CORAL PRINCESS,57.90881,-133.9354,19.6,156.5
2012-06-09 02:01:17,2012-06-08 17:01:17,310376000,9229659,ZCDF4,CORAL PRINCESS,57.90268,-133.9305,19.6,156.5
2012-06-09 02:02:05,2012-06-08 17:02:05,310376000,9229659,ZCDF4,CORAL PRINCESS,57.89868,-133.9274,19.6,158.4
2012-06-09 02:03:04,2012-06-08 17:03:04,310376000,9229659,ZCDF4,CORAL PRINCESS,57.89369,-133.9235,19.6,157.7
2012-06-09 02:04:10,2012-06-08 17:04:10,310376000,9229659,ZCDF4,CORAL PRINCESS,57.88811,-133.9192,19.6,156.8
2012-06-09 02:05:16,2012-06-08 17:05:16,310376000,9229659,ZCDF4,CORAL PRINCESS,57.88264,-133.9149,19.6,157.7
2012-06-09 02:06:45,2012-06-08 17:06:45,310376000,9229659,ZCDF4,CORAL PRINCESS,57.87514,-133.909,19.7,156.8
2012-06-09 02:07:05,2012-06-08 17:07:05,310376000,9229659,ZCDF4,CORAL PRINCESS,57.87355,-133.9078,19.7,156.8
2012-06-09 02:08:10,2012-06-08 17:08:10,310376000,9229659,ZCDF4,CORAL PRINCESS,57.86806,-133.9034,19.6,156.5
2012-06-09 02:09:05,2012-06-08 17:09:05,310376000,9229659,ZCDF4,CORAL PRINCESS,57.86359,-133.8999,19.6,156.8
2012-06-09 02:10:04,2012-06-08 17:10:04,310376000,9229659,ZCDF4,CORAL PRINCESS,57.85863,-133.8959,19.6,156.8
2012-06-09 02:11:04,2012-06-08 17:11:04,310376000,9229659,ZCDF4,CORAL PRINCESS,57.85368,-133.892,19.6,156.5
2012-06-09 02:12:04,2012-06-08 17:12:04,310376000,9229659,ZCDF4,CORAL PRINCESS,57.8486,-133.888,19.6,158.5
2012-06-09 02:13:04,2012-06-08 17:13:04,310376000,9229659,ZCDF4,CORAL PRINCESS,57.84351,-133.8846,19.6,161.0
2012-06-09 02:14:04,2012-06-08 17:14:04,310376000,9229659,ZCDF4,CORAL PRINCESS,57.83824,-133.8817,19.6,165.4
2012-06-09 02:15:22,2012-06-08 17:15:22,310376000,9229659,ZCDF4,CORAL PRINCESS,57.83143,-133.8782,19.8,164.8
2012-06-09 02:16:17,2012-06-08 17:16:17,310376000,9229659,ZCDF4,CORAL PRINCESS,57.82667,-133.8757,19.9,164.0
2012-06-09 02:17:10,2012-06-08 17:17:10,310376000,9229659,ZCDF4,CORAL PRINCESS,57.8218,-133.8731,20.0,163.7
2012-06-09 02:18:03,2012-06-08 17:18:03,310376000,9229659,ZCDF4,CORAL PRINCESS,57.81701,-133.8706,20.0,163.7
2012-06-09 02:19:04,2012-06-08 17:19:04,310376000,9229659,ZCDF4,CORAL PRINCESS,57.81182,-133.8678,19.9,164.4
2012-06-09 02:20:04,2012-06-08 17:20:04,310376000,9229659,ZCDF4,CORAL PRINCESS,57.80646,-133.865,19.9,163.7
2012-06-09 02:21:03,2012-06-08 17:21:03,310376000,9229659,ZCDF4,CORAL PRINCESS,57.80119,-133.8622,19.8,163.7
2012-06-09 02:22:04,2012-06-08 17:22:04,310376000,9229659,ZCDF4,CORAL PRINCESS,57.79594,-133.8594,19.8,163.7
2012-06-09 02:23:05,2012-06-08 17:23:05,310376000,9229659,ZCDF4,CORAL PRINCESS,57.79063,-133.8566,19.7,163.7
2012-06-09 02:24:04,2012-06-08 17:24:04,310376000,9229659,ZCDF4,CORAL PRINCESS,57.7854,-133.8538,19.7,163.7
2012-06-09 02:25:05,2012-06-08 17:25:05,310376000,9229659,ZCDF4,CORAL PRINCESS,57.78004,-133.8508,19.7,163.7
2012-06-09 02:26:05,2012-06-08 17:26:05,310376000,9229659,ZCDF4,CORAL PRINCESS,57.77482,-133.848,19.7,163.7
2012-06-09 02:27:04,2012-06-08 17:27:04,310376000,9229659,ZCDF4,CORAL PRINCESS,57.7696,-133.8452,19.7,163.7
2012-06-09 02:28:05,2012-06-08 17:28:05,310376000,9229659,ZCDF4,CORAL PRINCESS,57.76429,-133.8423,19.8,163.7
2012-06-09 02:29:04,2012-06-08 17:29:04,310376000,9229659,ZCDF4,CORAL PRINCESS,57.75905,-133.8395,19.8,163.7
2012-06-09 02:30:05,2012-06-08 17:30:05,310376000,9229659,ZCDF4,CORAL PRINCESS,57.7537,-133.8366,19.8,163.7
2012-06-09 02:31:04,2012-06-08 17:31:04,310376000,9229659,ZCDF4,CORAL PRINCESS,57.74854,-133.8338,19.9,164.0
2012-06-09 02:32:03,2012-06-08 17:32:03,310376000,9229659,ZCDF4,CORAL PRINCESS,57.74325,-133.831,19.9,163.7
2012-06-09 02:33:05,2012-06-08 17:33:05,310376000,9229659,ZCDF4,CORAL PRINCESS,57.73787,-133.8282,19.9,163.7
2012-06-09 02:34:04,2012-06-08 17:34:04,310376000,9229659,ZCDF4,CORAL PRINCESS,57.73262,-133.8254,19.8,164.0
2012-06-09 02:35:05,2012-06-08 17:35:05,310376000,9229659,ZCDF4,CORAL PRINCESS,57.72728,-133.8226,19.8,164.5
2012-06-09 02:36:11,2012-06-08 17:36:11,310376000,9229659,ZCDF4,CORAL PRINCESS,57.72148,-133.8196,19.7,164.8
2012-06-09 02:37:06,2012-06-08 17:37:06,310376000,9229659,ZCDF4,CORAL PRINCESS,57.71675,-133.8173,19.7,164.8
2012-06-09 02:38:00,2012-06-08 17:38:00,310376000,9229659,ZCDF4,CORAL PRINCESS,57.71194,-133.8149,19.7,164.5
2012-06-09 02:39:05,2012-06-08 17:39:05,310376000,9229659,ZCDF4,CORAL PRINCESS,57.70618,-133.8121,19.7,165.1
2012-06-09 02:40:05,2012-06-08 17:40:05,310376000,9229659,ZCDF4,CORAL PRINCESS,57.70097,-133.8094,19.7,164.5
2012-06-09 02:41:05,2012-06-08 17:41:05,310376000,9229659,ZCDF4,CORAL PRINCESS,57.69567,-133.8067,19.6,164.5
2012-06-09 02:42:06,2012-06-08 17:42:06,310376000,9229659,ZCDF4,CORAL PRINCESS,57.69044,-133.804,19.6,165.5
2012-06-09 02:43:04,2012-06-08 17:43:04,310376000,9229659,ZCDF4,CORAL PRINCESS,57.68513,-133.8013,19.6,164.5
2012-06-09 02:44:05,2012-06-08 17:44:05,310376000,9229659,ZCDF4,CORAL PRINCESS,57.67992,-133.7986,19.6,164.5
2012-06-09 02:45:05,2012-06-08 17:45:05,310376000,9229659,ZCDF4,CORAL PRINCESS,57.67468,-133.796,19.7,164.5
2012-06-09 02:46:05,2012-06-08 17:46:05,310376000,9229659,ZCDF4,CORAL PRINCESS,57.66931,-133.7933,19.8,164.8
2012-06-09 02:47:05,2012-06-08 17:47:05,310376000,9229659,ZCDF4,CORAL PRINCESS,57.66402,-133.7906,19.9,164.8
2012-06-09 02:48:05,2012-06-08 17:48:05,310376000,9229659,ZCDF4,CORAL PRINCESS,57.65872,-133.7879,19.9,164.5
2012-06-09 02:49:05,2012-06-08 17:49:05,310376000,9229659,ZCDF4,CORAL PRINCESS,57.65333,-133.7852,19.9,164.8
2012-06-09 02:50:17,2012-06-08 17:50:17,310376000,9229659,ZCDF4,CORAL PRINCESS,57.64693,-133.782,20.0,164.5
2012-06-09 02:51:05,2012-06-08 17:51:05,310376000,9229659,ZCDF4,CORAL PRINCESS,57.64267,-133.7798,20.0,164.8
2012-06-09 02:52:05,2012-06-08 17:52:05,310376000,9229659,ZCDF4,CORAL PRINCESS,57.63734,-133.7772,20.0,164.8
2012-06-09 02:53:05,2012-06-08 17:53:05,310376000,9229659,ZCDF4,CORAL PRINCESS,57.63192,-133.7744,19.9,164.8
2012-06-09 02:54:06,2012-06-08 17:54:06,310376000,9229659,ZCDF4,CORAL PRINCESS,57.62672,-133.7718,19.9,164.8
2012-06-09 02:55:05,2012-06-08 17:55:05,310376000,9229659,ZCDF4,CORAL PRINCESS,57.6214,-133.769,19.8,164.5
2012-06-09 02:56:04,2012-06-08 17:56:04,310376000,9229659,ZCDF4,CORAL PRINCESS,57.61615,-133.7663,19.7,164.8
2012-06-09 02:57:05,2012-06-08 17:57:05,310376000,9229659,ZCDF4,CORAL PRINCESS,57.61089,-133.7636,19.7,164.0
2012-06-09 02:58:04,2012-06-08 17:58:04,310376000,9229659,ZCDF4,CORAL PRINCESS,57.6056,-133.7609,19.7,164.0
2012-06-09 02:59:04,2012-06-08 17:59:04,310376000,9229659,ZCDF4,CORAL PRINCESS,57.60041,-133.7582,19.8,164.0
2012-06-09 03:00:05,2012-06-08 18:00:05,310376000,9229659,ZCDF4,CORAL PRINCESS,57.59515,-133.7554,19.9,164.0
2012-06-09 03:01:18,2012-06-08 18:01:18,310376000,9229659,ZCDF4,CORAL PRINCESS,57.58864,-133.7521,19.9,164.0
2012-06-09 03:02:05,2012-06-08 18:02:05,310376000,9229659,ZCDF4,CORAL PRINCESS,57.58441,-133.7499,19.9,164.2
2012-06-09 03:03:05,2012-06-08 18:03:05,310376000,9229659,ZCDF4,CORAL PRINCESS,57.57913,-133.7471,19.8,164.0
2012-06-09 03:04:05,2012-06-08 18:04:05,310376000,9229659,ZCDF4,CORAL PRINCESS,57.57384,-133.7444,19.8,164.0
2012-06-09 03:05:01,2012-06-08 18:05:01,310376000,9229659,ZCDF4,CORAL PRINCESS,57.56902,-133.7419,19.8,164.0
2012-06-09 03:06:05,2012-06-08 18:06:05,310376000,9229659,ZCDF4,CORAL PRINCESS,57.56324,-133.7389,19.8,164.0
2012-06-09 03:07:05,2012-06-08 18:07:05,310376000,9229659,ZCDF4,CORAL PRINCESS,57.55793,-133.7365,19.8,168.4
2012-06-09 03:08:05,2012-06-08 18:08:05,310376000,9229659,ZCDF4,CORAL PRINCESS,57.55252,-133.735,19.8,173.4
2012-06-09 03:09:00,2012-06-08 18:09:00,310376000,9229659,ZCDF4,CORAL PRINCESS,57.54753,-133.7344,19.8,179.1
2012-06-09 03:10:00,2012-06-08 18:10:00,310376000,9229659,ZCDF4,CORAL PRINCESS,57.54202,-133.735,19.7,185.8
2012-06-09 03:11:06,2012-06-08 18:11:06,310376000,9229659,ZCDF4,CORAL PRINCESS,57.53628,-133.7372,19.6,193.8
2012-06-09 03:12:05,2012-06-08 18:12:05,310376000,9229659,ZCDF4,CORAL PRINCESS,57.53107,-133.74,19.6,195.7
2012-06-09 03:13:11,2012-06-08 18:13:11,310376000,9229659,ZCDF4,CORAL PRINCESS,57.52526,-133.7431,19.8,196.0
2012-06-09 03:14:11,2012-06-08 18:14:11,310376000,9229659,ZCDF4,CORAL PRINCESS,57.52,-133.746,19.9,196.8
2012-06-09 03:15:04,2012-06-08 18:15:04,310376000,9229659,ZCDF4,CORAL PRINCESS,57.51536,-133.7486,19.9,196.8
2012-06-09 03:16:05,2012-06-08 18:16:05,310376000,9229659,ZCDF4,CORAL PRINCESS,57.51002,-133.7515,19.9,196.8
2012-06-09 03:17:05,2012-06-08 18:17:05,310376000,9229659,ZCDF4,CORAL PRINCESS,57.50477,-133.7544,19.9,196.0
2012-06-09 03:18:05,2012-06-08 18:18:05,310376000,9229659,ZCDF4,CORAL PRINCESS,57.49952,-133.7573,19.9,197.1
2012-06-09 03:19:05,2012-06-08 18:19:05,310376000,9229659,ZCDF4,CORAL PRINCESS,57.49413,-133.7602,20.0,196.8
2012-06-09 03:20:11,2012-06-08 18:20:11,310376000,9229659,ZCDF4,CORAL PRINCESS,57.48822,-133.7635,19.9,196.0
2012-06-09 03:21:04,2012-06-08 18:21:04,310376000,9229659,ZCDF4,CORAL PRINCESS,57.48355,-133.766,20.0,197.1
2012-06-09 03:22:00,2012-06-08 18:22:00,310376000,9229659,ZCDF4,CORAL PRINCESS,57.47862,-133.7688,20.0,197.1
2012-06-09 03:23:05,2012-06-08 18:23:05,310376000,9229659,ZCDF4,CORAL PRINCESS,57.47279,-133.772,20.1,197.1
2012-06-09 03:24:17,2012-06-08 18:24:17,310376000,9229659,ZCDF4,CORAL PRINCESS,57.46642,-133.7756,20.1,197.1
2012-06-09 03:25:05,2012-06-08 18:25:05,310376000,9229659,ZCDF4,CORAL PRINCESS,57.46207,-133.7781,20.1,196.8
2012-06-09 03:26:05,2012-06-08 18:26:05,310376000,9229659,ZCDF4,CORAL PRINCESS,57.45677,-133.7811,20.1,197.1
2012-06-09 03:27:05,2012-06-08 18:27:05,310376000,9229659,ZCDF4,CORAL PRINCESS,57.4515,-133.7836,20.1,192.8
2012-06-09 03:28:05,2012-06-08 18:28:05,310376000,9229659,ZCDF4,CORAL PRINCESS,57.44598,-133.7855,20.0,188.8
2012-06-09 03:29:05,2012-06-08 18:29:05,310376000,9229659,ZCDF4,CORAL PRINCESS,57.44053,-133.7871,20.1,190.0
2012-06-09 03:30:05,2012-06-08 18:30:05,310376000,9229659,ZCDF4,CORAL PRINCESS,57.43514,-133.7894,20.0,194.1
2012-06-09 03:31:05,2012-06-08 18:31:05,310376000,9229659,ZCDF4,CORAL PRINCESS,57.42981,-133.7924,19.8,197.8
2012-06-09 03:32:06,2012-06-08 18:32:06,310376000,9229659,ZCDF4,CORAL PRINCESS,57.4246,-133.7956,19.8,198.1
2012-06-09 03:33:05,2012-06-08 18:33:05,310376000,9229659,ZCDF4,CORAL PRINCESS,57.4194,-133.7987,19.9,197.8
2012-06-09 03:34:00,2012-06-08 18:34:00,310376000,9229659,ZCDF4,CORAL PRINCESS,57.41461,-133.8015,19.9,197.8
2012-06-09 03:35:05,2012-06-08 18:35:05,310376000,9229659,ZCDF4,CORAL PRINCESS,57.40887,-133.8049,19.9,197.8
2012-06-09 03:36:00,2012-06-08 18:36:00,310376000,9229659,ZCDF4,CORAL PRINCESS,57.40415,-133.8076,19.9,197.2
2012-06-09 03:37:05,2012-06-08 18:37:05,310376000,9229659,ZCDF4,CORAL PRINCESS,57.3983,-133.811,20.0,197.0
2012-06-09 03:38:00,2012-06-08 18:38:00,310376000,9229659,ZCDF4,CORAL PRINCESS,57.39352,-133.8137,20.1,197.0
2012-06-09 03:39:05,2012-06-08 18:39:05,310376000,9229659,ZCDF4,CORAL PRINCESS,57.38768,-133.817,20.2,197.0
2012-06-09 03:40:05,2012-06-08 18:40:05,310376000,9229659,ZCDF4,CORAL PRINCESS,57.38228,-133.8202,20.3,197.8
2012-06-09 03:41:05,2012-06-08 18:41:05,310376000,9229659,ZCDF4,CORAL PRINCESS,57.37701,-133.8233,20.3,198.1
2012-06-09 03:42:05,2012-06-08 18:42:05,310376000,9229659,ZCDF4,CORAL PRINCESS,57.37167,-133.8263,20.3,197.2
2012-06-09 03:43:04,2012-06-08 18:43:04,310376000,9229659,ZCDF4,CORAL PRINCESS,57.36628,-133.8295,20.2,197.0
2012-06-09 03:44:05,2012-06-08 18:44:05,310376000,9229659,ZCDF4,CORAL PRINCESS,57.36097,-133.8329,20.0,200.7
2012-06-09 03:45:00,2012-06-08 18:45:00,310376000,9229659,ZCDF4,CORAL PRINCESS,57.35648,-133.8365,20.0,204.7
2012-06-09 03:46:06,2012-06-08 18:46:06,310376000,9229659,ZCDF4,CORAL PRINCESS,57.35107,-133.8418,19.9,209.2
2012-06-09 03:47:05,2012-06-08 18:47:05,310376000,9229659,ZCDF4,CORAL PRINCESS,57.34646,-133.8472,19.9,213.8
2012-06-09 03:48:04,2012-06-08 18:48:04,310376000,9229659,ZCDF4,CORAL PRINCESS,57.34204,-133.8533,20.0,217.8
2012-06-09 03:49:04,2012-06-08 18:49:04,310376000,9229659,ZCDF4,CORAL PRINCESS,57.33769,-133.8599,20.1,220.1
2012-06-09 03:50:04,2012-06-08 18:50:04,310376000,9229659,ZCDF4,CORAL PRINCESS,57.3334,-133.8665,20.2,219.7
2012-06-09 03:51:04,2012-06-08 18:51:04,310376000,9229659,ZCDF4,CORAL PRINCESS,57.32912,-133.8731,20.2,220.0
2012-06-09 03:52:05,2012-06-08 18:52:05,310376000,9229659,ZCDF4,CORAL PRINCESS,57.32487,-133.8797,20.2,220.0
2012-06-09 03:53:04,2012-06-08 18:53:04,310376000,9229659,ZCDF4,CORAL PRINCESS,57.32051,-133.8864,20.3,220.0
2012-06-09 03:54:06,2012-06-08 18:54:06,310376000,9229659,ZCDF4,CORAL PRINCESS,57.3162,-133.8931,20.4,220.0
2012-06-09 03:55:05,2012-06-08 18:55:05,310376000,9229659,ZCDF4,CORAL PRINCESS,57.31181,-133.8999,20.5,220.0
2012-06-09 03:56:04,2012-06-08 18:56:04,310376000,9229659,ZCDF4,CORAL PRINCESS,57.30747,-133.9066,20.5,220.0
2012-06-09 03:57:05,2012-06-08 18:57:05,310376000,9229659,ZCDF4,CORAL PRINCESS,57.30313,-133.9133,20.6,219.7
2012-06-09 03:58:05,2012-06-08 18:58:05,310376000,9229659,ZCDF4,CORAL PRINCESS,57.29877,-133.9201,20.6,220.0
2012-06-09 03:59:05,2012-06-08 18:59:05,310376000,9229659,ZCDF4,CORAL PRINCESS,57.29426,-133.9267,20.6,218.5
2012-06-09 04:00:05,2012-06-08 19:00:05,310376000,9229659,ZCDF4,CORAL PRINCESS,57.28968,-133.933,20.7,215.8
2012-06-09 04:01:04,2012-06-08 19:01:04,310376000,9229659,ZCDF4,CORAL PRINCESS,57.2851,-133.939,20.8,215.8
2012-06-09 04:02:04,2012-06-08 19:02:04,310376000,9229659,ZCDF4,CORAL PRINCESS,57.28036,-133.9454,20.9,215.5
2012-06-09 04:03:04,2012-06-08 19:03:04,310376000,9229659,ZCDF4,CORAL PRINCESS,57.27573,-133.9517,20.8,216.1
2012-06-09 04:04:04,2012-06-08 19:04:04,310376000,9229659,ZCDF4,CORAL PRINCESS,57.27105,-133.9581,20.9,215.8
2012-06-09 04:05:04,2012-06-08 19:05:04,310376000,9229659,ZCDF4,CORAL PRINCESS,57.26639,-133.9644,20.9,215.8
2012-06-09 04:06:04,2012-06-08 19:06:04,310376000,9229659,ZCDF4,CORAL PRINCESS,57.26177,-133.9707,20.8,216.9
2012-06-09 04:07:04,2012-06-08 19:07:04,310376000,9229659,ZCDF4,CORAL PRINCESS,57.25711,-133.9772,20.8,216.9
2012-06-09 04:08:04,2012-06-08 19:08:04,310376000,9229659,ZCDF4,CORAL PRINCESS,57.25254,-133.9836,20.7,216.9
2012-06-09 04:09:04,2012-06-08 19:09:04,310376000,9229659,ZCDF4,CORAL PRINCESS,57.24802,-133.9899,20.5,216.9
2012-06-09 04:10:05,2012-06-08 19:10:05,310376000,9229659,ZCDF4,CORAL PRINCESS,57.24339,-133.9961,20.4,216.0
2012-06-09 04:11:11,2012-06-08 19:11:11,310376000,9229659,ZCDF4,CORAL PRINCESS,57.2383,-134.0026,20.3,213.8
2012-06-09 04:12:05,2012-06-08 19:12:05,310376000,9229659,ZCDF4,CORAL PRINCESS,57.23409,-134.0079,20.6,213.8
2012-06-09 04:13:04,2012-06-08 19:13:04,310376000,9229659,ZCDF4,CORAL PRINCESS,57.22929,-134.0139,20.7,213.8
2012-06-09 04:14:04,2012-06-08 19:14:04,310376000,9229659,ZCDF4,CORAL PRINCESS,57.22456,-134.0197,20.7,213.8
2012-06-09 04:15:05,2012-06-08 19:15:05,310376000,9229659,ZCDF4,CORAL PRINCESS,57.21984,-134.0257,20.7,215.1
2012-06-09 04:16:05,2012-06-08 19:16:05,310376000,9229659,ZCDF4,CORAL PRINCESS,57.2151,-134.0318,20.7,214.8
2012-06-09 04:17:04,2012-06-08 19:17:04,310376000,9229659,ZCDF4,CORAL PRINCESS,57.2104,-134.0379,20.8,215.1
2012-06-09 04:18:05,2012-06-08 19:18:05,310376000,9229659,ZCDF4,CORAL PRINCESS,57.20567,-134.0438,20.7,214.0
2012-06-09 04:19:06,2012-06-08 19:19:06,310376000,9229659,ZCDF4,CORAL PRINCESS,57.20091,-134.0496,20.7,213.7
2012-06-09 04:20:05,2012-06-08 19:20:05,310376000,9229659,ZCDF4,CORAL PRINCESS,57.19617,-134.0555,20.7,213.7
2012-06-09 04:21:04,2012-06-08 19:21:04,310376000,9229659,ZCDF4,CORAL PRINCESS,57.19135,-134.0615,20.8,213.7
2012-06-09 04:22:00,2012-06-08 19:22:00,310376000,9229659,ZCDF4,CORAL PRINCESS,57.18698,-134.067,20.9,214.8
2012-06-09 04:23:04,2012-06-08 19:23:04,310376000,9229659,ZCDF4,CORAL PRINCESS,57.18172,-134.0736,21.1,213.7
2012-06-09 04:24:10,2012-06-08 19:24:10,310376000,9229659,ZCDF4,CORAL PRINCESS,57.17644,-134.0803,21.0,214.8
2012-06-09 04:25:10,2012-06-08 19:25:10,310376000,9229659,ZCDF4,CORAL PRINCESS,57.17175,-134.0864,20.7,214.8
2012-06-09 04:26:04,2012-06-08 19:26:04,310376000,9229659,ZCDF4,CORAL PRINCESS,57.16751,-134.0918,20.5,214.8
2012-06-09 04:27:05,2012-06-08 19:27:05,310376000,9229659,ZCDF4,CORAL PRINCESS,57.16291,-134.0978,20.3,215.5
2012-06-09 04:28:05,2012-06-08 19:28:05,310376000,9229659,ZCDF4,CORAL PRINCESS,57.1584,-134.1038,20.0,215.7
2012-06-09 04:29:06,2012-06-08 19:29:06,310376000,9229659,ZCDF4,CORAL PRINCESS,57.15403,-134.1097,19.4,216.6
2012-06-09 04:30:11,2012-06-08 19:30:11,310376000,9229659,ZCDF4,CORAL PRINCESS,57.1493,-134.1162,19.0,217.0
2012-06-09 04:31:05,2012-06-08 19:31:05,310376000,9229659,ZCDF4,CORAL PRINCESS,57.14553,-134.1212,18.8,214.7
2012-06-09 04:32:05,2012-06-08 19:32:05,310376000,9229659,ZCDF4,CORAL PRINCESS,57.14126,-134.1268,18.7,214.7
2012-06-09 04:33:00,2012-06-08 19:33:00,310376000,9229659,ZCDF4,CORAL PRINCESS,57.13742,-134.1318,18.8,215.0
2012-06-09 04:34:05,2012-06-08 19:34:05,310376000,9229659,ZCDF4,CORAL PRINCESS,57.13268,-134.1377,18.9,212.9
2012-06-09 04:35:11,2012-06-08 19:35:11,310376000,9229659,ZCDF4,CORAL PRINCESS,57.12798,-134.1434,18.9,213.8
2012-06-09 04:36:10,2012-06-08 19:36:10,310376000,9229659,ZCDF4,CORAL PRINCESS,57.12357,-134.1488,18.9,214.1
2012-06-09 04:37:12,2012-06-08 19:37:12,310376000,9229659,ZCDF4,CORAL PRINCESS,57.11929,-134.1541,18.4,213.9
2012-06-09 04:38:05,2012-06-08 19:38:05,310376000,9229659,ZCDF4,CORAL PRINCESS,57.11557,-134.1588,17.8,214.9
2012-06-09 04:39:05,2012-06-08 19:39:05,310376000,9229659,ZCDF4,CORAL PRINCESS,57.11153,-134.164,17.4,214.6
2012-06-09 04:40:05,2012-06-08 19:40:05,310376000,9229659,ZCDF4,CORAL PRINCESS,57.10763,-134.1691,17.3,214.9
2012-06-09 04:41:05,2012-06-08 19:41:05,310376000,9229659,ZCDF4,CORAL PRINCESS,57.10375,-134.174,17.0,214.0
2012-06-09 04:42:04,2012-06-08 19:42:04,310376000,9229659,ZCDF4,CORAL PRINCESS,57.09985,-134.1789,16.8,214.7
2012-06-09 04:43:05,2012-06-08 19:43:05,310376000,9229659,ZCDF4,CORAL PRINCESS,57.09612,-134.1836,16.7,214.0
2012-06-09 04:44:05,2012-06-08 19:44:05,310376000,9229659,ZCDF4,CORAL PRINCESS,57.09232,-134.1885,16.8,214.7
2012-06-09 04:45:17,2012-06-08 19:45:17,310376000,9229659,ZCDF4,CORAL PRINCESS,57.08761,-134.1946,17.5,215.9
2012-06-09 04:46:11,2012-06-08 19:46:11,310376000,9229659,ZCDF4,CORAL PRINCESS,57.08402,-134.1993,17.7,214.9
2012-06-09 04:47:05,2012-06-08 19:47:05,310376000,9229659,ZCDF4,CORAL PRINCESS,57.08049,-134.204,17.5,215.9
2012-06-09 04:48:10,2012-06-08 19:48:10,310376000,9229659,ZCDF4,CORAL PRINCESS,57.07619,-134.2097,17.5,215.6
2012-06-09 04:49:05,2012-06-08 19:49:05,310376000,9229659,ZCDF4,CORAL PRINCESS,57.07259,-134.2146,17.8,216.8
2012-06-09 04:50:00,2012-06-08 19:50:00,310376000,9229659,ZCDF4,CORAL PRINCESS,57.06909,-134.2195,18.1,217.1
2012-06-09 04:51:06,2012-06-08 19:51:06,310376000,9229659,ZCDF4,CORAL PRINCESS,57.06453,-134.2258,18.5,217.0
2012-06-09 04:52:05,2012-06-08 19:52:05,310376000,9229659,ZCDF4,CORAL PRINCESS,57.06042,-134.2314,18.6,216.3
2012-06-09 04:53:04,2012-06-08 19:53:04,310376000,9229659,ZCDF4,CORAL PRINCESS,57.05625,-134.2366,18.6,214.8
2012-06-09 04:54:04,2012-06-08 19:54:04,310376000,9229659,ZCDF4,CORAL PRINCESS,57.05195,-134.242,18.5,213.9
2012-06-09 04:55:11,2012-06-08 19:55:11,310376000,9229659,ZCDF4,CORAL PRINCESS,57.04722,-134.2478,18.5,213.9
2012-06-09 04:56:16,2012-06-08 19:56:16,310376000,9229659,ZCDF4,CORAL PRINCESS,57.04257,-134.2535,18.4,213.9
2012-06-09 04:57:04,2012-06-08 19:57:04,310376000,9229659,ZCDF4,CORAL PRINCESS,57.0392,-134.2576,18.4,213.6
2012-06-09 04:58:04,2012-06-08 19:58:04,310376000,9229659,ZCDF4,CORAL PRINCESS,57.03498,-134.2628,18.5,213.9
2012-06-09 04:59:00,2012-06-08 19:59:00,310376000,9229659,ZCDF4,CORAL PRINCESS,57.03101,-134.2677,18.6,213.9
2012-06-09 05:00:00,2012-06-08 20:00:00,310376000,9229659,ZCDF4,CORAL PRINCESS,57.02675,-134.273,18.7,213.6
2012-06-09 05:01:00,2012-06-08 20:01:00,310376000,9229659,ZCDF4,CORAL PRINCESS,57.02248,-134.2783,18.7,213.9
2012-06-09 05:02:05,2012-06-08 20:02:05,310376000,9229659,ZCDF4,CORAL PRINCESS,57.0177,-134.2843,18.9,213.9
2012-06-09 05:03:05,2012-06-08 20:03:05,310376000,9229659,ZCDF4,CORAL PRINCESS,57.01335,-134.2896,19.0,213.9
2012-06-09 05:04:04,2012-06-08 20:04:04,310376000,9229659,ZCDF4,CORAL PRINCESS,57.009,-134.2951,19.1,213.8
2012-06-09 05:05:18,2012-06-08 20:05:18,310376000,9229659,ZCDF4,CORAL PRINCESS,57.00378,-134.3016,19.1,213.8
2012-06-09 05:06:16,2012-06-08 20:06:16,310376000,9229659,ZCDF4,CORAL PRINCESS,56.99934,-134.307,19.1,213.5
2012-06-09 05:07:05,2012-06-08 20:07:05,310376000,9229659,ZCDF4,CORAL PRINCESS,56.99584,-134.3114,19.2,213.5
2012-06-09 05:08:04,2012-06-08 20:08:04,310376000,9229659,ZCDF4,CORAL PRINCESS,56.99149,-134.3169,19.2,214.7
2012-06-09 05:09:05,2012-06-08 20:09:05,310376000,9229659,ZCDF4,CORAL PRINCESS,56.98709,-134.3225,19.0,215.1
2012-06-09 05:10:05,2012-06-08 20:10:05,310376000,9229659,ZCDF4,CORAL PRINCESS,56.98278,-134.3279,18.9,214.8
2012-06-09 05:11:04,2012-06-08 20:11:04,310376000,9229659,ZCDF4,CORAL PRINCESS,56.9785,-134.3333,18.8,215.1
2012-06-09 05:12:04,2012-06-08 20:12:04,310376000,9229659,ZCDF4,CORAL PRINCESS,56.97416,-134.3388,18.9,214.8
2012-06-09 05:13:04,2012-06-08 20:13:04,310376000,9229659,ZCDF4,CORAL PRINCESS,56.96991,-134.3444,18.9,215.1
2012-06-09 05:14:16,2012-06-08 20:14:16,310376000,9229659,ZCDF4,CORAL PRINCESS,56.96486,-134.3509,18.9,214.8
2012-06-09 05:15:04,2012-06-08 20:15:04,310376000,9229659,ZCDF4,CORAL PRINCESS,56.96137,-134.3555,18.9,214.8
2012-06-09 05:16:05,2012-06-08 20:16:05,310376000,9229659,ZCDF4,CORAL PRINCESS,56.95709,-134.361,18.9,215.1
2012-06-09 05:17:10,2012-06-08 20:17:10,310376000,9229659,ZCDF4,CORAL PRINCESS,56.95244,-134.3669,18.9,214.8
2012-06-09 05:18:04,2012-06-08 20:18:04,310376000,9229659,ZCDF4,CORAL PRINCESS,56.94843,-134.372,18.9,215.1
2012-06-09 05:19:04,2012-06-08 20:19:04,310376000,9229659,ZCDF4,CORAL PRINCESS,56.94416,-134.3773,18.9,213.9
2012-06-09 05:20:05,2012-06-08 20:20:05,310376000,9229659,ZCDF4,CORAL PRINCESS,56.93982,-134.3827,18.9,213.9
2012-06-09 05:21:04,2012-06-08 20:21:04,310376000,9229659,ZCDF4,CORAL PRINCESS,56.93552,-134.388,18.9,215.5
2012-06-09 05:22:04,2012-06-08 20:22:04,310376000,9229659,ZCDF4,CORAL PRINCESS,56.93122,-134.3934,18.8,213.9
2012-06-09 05:23:04,2012-06-08 20:23:04,310376000,9229659,ZCDF4,CORAL PRINCESS,56.9269,-134.3989,18.8,215.5
2012-06-09 05:24:05,2012-06-08 20:24:05,310376000,9229659,ZCDF4,CORAL PRINCESS,56.9226,-134.4044,18.9,214.8
2012-06-09 05:25:05,2012-06-08 20:25:05,310376000,9229659,ZCDF4,CORAL PRINCESS,56.91829,-134.4098,18.9,214.2
2012-06-09 05:26:05,2012-06-08 20:26:05,310376000,9229659,ZCDF4,CORAL PRINCESS,56.91397,-134.4152,19.0,214.8
2012-06-09 05:27:05,2012-06-08 20:27:05,310376000,9229659,ZCDF4,CORAL PRINCESS,56.90963,-134.4207,19.0,214.2
2012-06-09 05:28:05,2012-06-08 20:28:05,310376000,9229659,ZCDF4,CORAL PRINCESS,56.9053,-134.4261,19.0,215.1
2012-06-09 05:29:04,2012-06-08 20:29:04,310376000,9229659,ZCDF4,CORAL PRINCESS,56.90097,-134.4315,19.0,213.9
2012-06-09 05:30:04,2012-06-08 20:30:04,310376000,9229659,ZCDF4,CORAL PRINCESS,56.89656,-134.437,19.0,213.9
2012-06-09 05:31:05,2012-06-08 20:31:05,310376000,9229659,ZCDF4,CORAL PRINCESS,56.8922,-134.4423,19.0,213.9
2012-06-09 05:32:04,2012-06-08 20:32:04,310376000,9229659,ZCDF4,CORAL PRINCESS,56.88784,-134.4476,19.0,213.9
2012-06-09 05:33:05,2012-06-08 20:33:05,310376000,9229659,ZCDF4,CORAL PRINCESS,56.88348,-134.453,19.0,213.0
2012-06-09 05:34:05,2012-06-08 20:34:05,310376000,9229659,ZCDF4,CORAL PRINCESS,56.8791,-134.4582,18.9,213.0
2012-06-09 05:35:00,2012-06-08 20:35:00,310376000,9229659,ZCDF4,CORAL PRINCESS,56.87523,-134.4628,18.7,213.0
2012-06-09 05:36:05,2012-06-08 20:36:05,310376000,9229659,ZCDF4,CORAL PRINCESS,56.87035,-134.4685,18.5,213.0
2012-06-09 05:37:05,2012-06-08 20:37:05,310376000,9229659,ZCDF4,CORAL PRINCESS,56.86606,-134.4734,18.2,210.3
2012-06-09 05:38:05,2012-06-08 20:38:05,310376000,9229659,ZCDF4,CORAL PRINCESS,56.86159,-134.4775,18.0,205.9
2012-06-09 05:39:05,2012-06-08 20:39:05,310376000,9229659,ZCDF4,CORAL PRINCESS,56.85703,-134.4809,17.8,200.9
2012-06-09 05:40:05,2012-06-08 20:40:05,310376000,9229659,ZCDF4,CORAL PRINCESS,56.85235,-134.4836,17.7,195.9
2012-06-09 05:41:05,2012-06-08 20:41:05,310376000,9229659,ZCDF4,CORAL PRINCESS,56.84758,-134.4855,17.7,190.9
2012-06-09 05:42:05,2012-06-08 20:42:05,310376000,9229659,ZCDF4,CORAL PRINCESS,56.84272,-134.4868,17.8,185.6
2012-06-09 05:43:05,2012-06-08 20:43:05,310376000,9229659,ZCDF4,CORAL PRINCESS,56.83777,-134.4872,18.0,181.0
2012-06-09 05:44:00,2012-06-08 20:44:00,310376000,9229659,ZCDF4,CORAL PRINCESS,56.83325,-134.4872,18.2,180.0
2012-06-09 05:45:05,2012-06-08 20:45:05,310376000,9229659,ZCDF4,CORAL PRINCESS,56.82769,-134.4871,18.4,179.0
2012-06-09 05:46:03,2012-06-08 20:46:03,310376000,9229659,ZCDF4,CORAL PRINCESS,56.82461,-134.487,18.6,179.0
2012-06-09 05:47:05,2012-06-08 20:47:05,310376000,9229659,ZCDF4,CORAL PRINCESS,56.81738,-134.4867,18.7,178.7
2012-06-09 05:48:04,2012-06-08 20:48:04,310376000,9229659,ZCDF4,CORAL PRINCESS,56.8123,-134.4866,18.6,178.7
2012-06-09 05:49:04,2012-06-08 20:49:04,310376000,9229659,ZCDF4,CORAL PRINCESS,56.80708,-134.4863,18.6,178.7
2012-06-09 05:50:04,2012-06-08 20:50:04,310376000,9229659,ZCDF4,CORAL PRINCESS,56.80196,-134.4862,18.6,178.4
2012-06-09 05:51:04,2012-06-08 20:51:04,310376000,9229659,ZCDF4,CORAL PRINCESS,56.79683,-134.4861,18.5,178.6
2012-06-09 05:52:04,2012-06-08 20:52:04,310376000,9229659,ZCDF4,CORAL PRINCESS,56.79168,-134.4855,18.6,175.6
2012-06-09 05:53:04,2012-06-08 20:53:04,310376000,9229659,ZCDF4,CORAL PRINCESS,56.78654,-134.4848,18.7,175.6
2012-06-09 05:54:04,2012-06-08 20:54:04,310376000,9229659,ZCDF4,CORAL PRINCESS,56.78136,-134.4842,18.8,176.0
2012-06-09 05:55:00,2012-06-08 20:55:00,310376000,9229659,ZCDF4,CORAL PRINCESS,56.78136,-134.4842,18.8,176.0
2012-06-09 05:56:04,2012-06-08 20:56:04,310376000,9229659,ZCDF4,CORAL PRINCESS,56.77087,-134.4828,18.9,175.6
2012-06-09 05:57:04,2012-06-08 20:57:04,310376000,9229659,ZCDF4,CORAL PRINCESS,56.76563,-134.4821,19.0,176.0
2012-06-09 05:58:04,2012-06-08 20:58:04,310376000,9229659,ZCDF4,CORAL PRINCESS,56.76038,-134.4814,19.0,176.0
2012-06-09 05:59:04,2012-06-08 20:59:04,310376000,9229659,ZCDF4,CORAL PRINCESS,56.75513,-134.4807,19.0,175.6
2012-06-09 06:00:04,2012-06-08 21:00:04,310376000,9229659,ZCDF4,CORAL PRINCESS,56.74989,-134.4801,19.1,176.0
2012-06-09 06:01:04,2012-06-08 21:01:04,310376000,9229659,ZCDF4,CORAL PRINCESS,56.74464,-134.4794,19.0,175.6
2012-06-09 06:02:04,2012-06-08 21:02:04,310376000,9229659,ZCDF4,CORAL PRINCESS,56.7393,-134.4788,19.0,176.9
2012-06-09 06:03:10,2012-06-08 21:03:10,310376000,9229659,ZCDF4,CORAL PRINCESS,56.7336,-134.4783,19.0,176.9
2012-06-09 06:04:05,2012-06-08 21:04:05,310376000,9229659,ZCDF4,CORAL PRINCESS,56.72887,-134.4778,19.0,176.9
2012-06-09 06:05:04,2012-06-08 21:05:04,310376000,9229659,ZCDF4,CORAL PRINCESS,56.72363,-134.4773,19.0,176.9
2012-06-09 06:06:04,2012-06-08 21:06:04,310376000,9229659,ZCDF4,CORAL PRINCESS,56.71839,-134.4767,19.0,176.0
2012-06-09 06:07:04,2012-06-08 21:07:04,310376000,9229659,ZCDF4,CORAL PRINCESS,56.71306,-134.4761,18.9,176.9
2012-06-09 06:08:02,2012-06-08 21:08:02,310376000,9229659,ZCDF4,CORAL PRINCESS,56.70836,-134.4756,18.9,176.9
2012-06-09 06:09:05,2012-06-08 21:09:05,310376000,9229659,ZCDF4,CORAL PRINCESS,56.70255,-134.475,18.8,176.0
2012-06-09 06:10:00,2012-06-08 21:10:00,310376000,9229659,ZCDF4,CORAL PRINCESS,56.69789,-134.4745,18.7,176.6
2012-06-09 06:11:04,2012-06-08 21:11:04,310376000,9229659,ZCDF4,CORAL PRINCESS,56.69221,-134.4739,18.6,176.9
2012-06-09 06:12:05,2012-06-08 21:12:05,310376000,9229659,ZCDF4,CORAL PRINCESS,56.68705,-134.4735,18.7,176.9
2012-06-09 06:13:05,2012-06-08 21:13:05,310376000,9229659,ZCDF4,CORAL PRINCESS,56.68191,-134.473,18.6,176.9
2012-06-09 06:14:05,2012-06-08 21:14:05,310376000,9229659,ZCDF4,CORAL PRINCESS,56.67679,-134.4727,18.5,178.9
2012-06-09 06:15:11,2012-06-08 21:15:11,310376000,9229659,ZCDF4,CORAL PRINCESS,56.67109,-134.4726,18.5,178.9
2012-06-09 06:16:04,2012-06-08 21:16:04,310376000,9229659,ZCDF4,CORAL PRINCESS,56.66658,-134.4725,18.4,180.0
2012-06-09 06:17:04,2012-06-08 21:17:04,310376000,9229659,ZCDF4,CORAL PRINCESS,56.66152,-134.4733,18.3,187.3
2012-06-09 06:18:04,2012-06-08 21:18:04,310376000,9229659,ZCDF4,CORAL PRINCESS,56.6565,-134.4745,18.3,187.1
2012-06-09 06:19:05,2012-06-08 21:19:05,310376000,9229659,ZCDF4,CORAL PRINCESS,56.65145,-134.475,18.3,182.1
2012-06-09 06:20:04,2012-06-08 21:20:04,310376000,9229659,ZCDF4,CORAL PRINCESS,56.64638,-134.4749,18.3,178.9
2012-06-09 06:21:04,2012-06-08 21:21:04,310376000,9229659,ZCDF4,CORAL PRINCESS,56.64121,-134.4746,18.5,178.0
2012-06-09 06:22:04,2012-06-08 21:22:04,310376000,9229659,ZCDF4,CORAL PRINCESS,56.63609,-134.4743,18.5,177.6
2012-06-09 06:23:04,2012-06-08 21:23:04,310376000,9229659,ZCDF4,CORAL PRINCESS,56.63094,-134.474,18.6,178.0
2012-06-09 06:24:04,2012-06-08 21:24:04,310376000,9229659,ZCDF4,CORAL PRINCESS,56.6258,-134.4738,18.6,177.6
2012-06-09 06:25:05,2012-06-08 21:25:05,310376000,9229659,ZCDF4,CORAL PRINCESS,56.62066,-134.4735,18.6,178.0
2012-06-09 06:26:05,2012-06-08 21:26:05,310376000,9229659,ZCDF4,CORAL PRINCESS,56.61552,-134.4733,18.6,178.9
2012-06-09 06:27:05,2012-06-08 21:27:05,310376000,9229659,ZCDF4,CORAL PRINCESS,56.61035,-134.473,18.6,178.0
2012-06-09 06:28:05,2012-06-08 21:28:05,310376000,9229659,ZCDF4,CORAL PRINCESS,56.60512,-134.4726,18.6,178.0
2012-06-09 06:29:05,2012-06-08 21:29:05,310376000,9229659,ZCDF4,CORAL PRINCESS,56.6,-134.4721,18.5,177.0
2012-06-09 06:30:05,2012-06-08 21:30:05,310376000,9229659,ZCDF4,CORAL PRINCESS,56.59489,-134.4716,18.5,176.7
2012-06-09 06:31:05,2012-06-08 21:31:05,310376000,9229659,ZCDF4,CORAL PRINCESS,56.58981,-134.4712,18.4,178.1
2012-06-09 06:32:11,2012-06-08 21:32:11,310376000,9229659,ZCDF4,CORAL PRINCESS,56.58428,-134.471,18.4,179.0
2012-06-09 06:33:05,2012-06-08 21:33:05,310376000,9229659,ZCDF4,CORAL PRINCESS,56.57962,-134.4708,18.5,178.7
2012-06-09 06:34:05,2012-06-08 21:34:05,310376000,9229659,ZCDF4,CORAL PRINCESS,56.57441,-134.4706,18.5,179.0
2012-06-09 06:35:05,2012-06-08 21:35:05,310376000,9229659,ZCDF4,CORAL PRINCESS,56.56929,-134.4704,18.6,178.7
2012-06-09 06:36:04,2012-06-08 21:36:04,310376000,9229659,ZCDF4,CORAL PRINCESS,56.56423,-134.4702,18.6,179.0
2012-06-09 06:37:04,2012-06-08 21:37:04,310376000,9229659,ZCDF4,CORAL PRINCESS,56.55907,-134.47,18.7,179.0
2012-06-09 06:38:04,2012-06-08 21:38:04,310376000,9229659,ZCDF4,CORAL PRINCESS,56.55391,-134.4699,18.6,179.0
2012-06-09 06:39:04,2012-06-08 21:39:04,310376000,9229659,ZCDF4,CORAL PRINCESS,56.54874,-134.4697,18.6,179.0
2012-06-09 06:40:04,2012-06-08 21:40:04,310376000,9229659,ZCDF4,CORAL PRINCESS,56.54369,-134.4696,18.6,179.0
2012-06-09 06:41:04,2012-06-08 21:41:04,310376000,9229659,ZCDF4,CORAL PRINCESS,56.53847,-134.4694,18.6,179.0
2012-06-09 06:42:04,2012-06-08 21:42:04,310376000,9229659,ZCDF4,CORAL PRINCESS,56.53332,-134.4693,18.5,178.7
2012-06-09 06:43:11,2012-06-08 21:43:11,310376000,9229659,ZCDF4,CORAL PRINCESS,56.52762,-134.4691,18.5,178.7
2012-06-09 06:44:04,2012-06-08 21:44:04,310376000,9229659,ZCDF4,CORAL PRINCESS,56.52309,-134.469,18.5,178.7
2012-06-09 06:45:04,2012-06-08 21:45:04,310376000,9229659,ZCDF4,CORAL PRINCESS,56.51796,-134.4689,18.5,179.6
2012-06-09 06:46:04,2012-06-08 21:46:04,310376000,9229659,ZCDF4,CORAL PRINCESS,56.51284,-134.4689,18.5,179.6
2012-06-09 06:47:04,2012-06-08 21:47:04,310376000,9229659,ZCDF4,CORAL PRINCESS,56.50773,-134.4689,18.5,180.0
2012-06-09 06:48:04,2012-06-08 21:48:04,310376000,9229659,ZCDF4,CORAL PRINCESS,56.50252,-134.4689,18.5,180.0
2012-06-09 06:49:04,2012-06-08 21:49:04,310376000,9229659,ZCDF4,CORAL PRINCESS,56.49739,-134.4689,18.5,180.0
2012-06-09 06:50:05,2012-06-08 21:50:05,310376000,9229659,ZCDF4,CORAL PRINCESS,56.49218,-134.4689,18.5,180.0
2012-06-09 06:51:05,2012-06-08 21:51:05,310376000,9229659,ZCDF4,CORAL PRINCESS,56.48708,-134.4689,18.4,179.6
2012-06-09 06:52:00,2012-06-08 21:52:00,310376000,9229659,ZCDF4,CORAL PRINCESS,56.48249,-134.4689,18.3,179.6
2012-06-09 06:53:05,2012-06-08 21:53:05,310376000,9229659,ZCDF4,CORAL PRINCESS,56.47692,-134.4689,18.3,179.6
2012-06-09 06:54:05,2012-06-08 21:54:05,310376000,9229659,ZCDF4,CORAL PRINCESS,56.47187,-134.4689,18.3,180.0
2012-06-09 06:55:05,2012-06-08 21:55:05,310376000,9229659,ZCDF4,CORAL PRINCESS,56.46673,-134.469,18.3,179.6
2012-06-09 06:56:04,2012-06-08 21:56:04,310376000,9229659,ZCDF4,CORAL PRINCESS,56.46175,-134.4691,18.3,180.0
2012-06-09 06:57:04,2012-06-08 21:57:04,310376000,9229659,ZCDF4,CORAL PRINCESS,56.4567,-134.4691,18.3,180.0
2012-06-09 06:58:04,2012-06-08 21:58:04,310376000,9229659,ZCDF4,CORAL PRINCESS,56.45161,-134.469,18.3,179.6
2012-06-09 06:59:04,2012-06-08 21:59:04,310376000,9229659,ZCDF4,CORAL PRINCESS,56.44662,-134.469,18.3,180.3
2012-06-09 07:00:04,2012-06-08 22:00:04,310376000,9229659,ZCDF4,CORAL PRINCESS,56.44156,-134.469,18.3,179.6
2012-06-09 07:01:05,2012-06-08 22:01:05,310376000,9229659,ZCDF4,CORAL PRINCESS,56.4365,-134.4689,18.2,179.6
2012-06-09 07:02:04,2012-06-08 22:02:04,310376000,9229659,ZCDF4,CORAL PRINCESS,56.43137,-134.4689,18.2,180.0
2012-06-09 07:03:05,2012-06-08 22:03:05,310376000,9229659,ZCDF4,CORAL PRINCESS,56.42625,-134.4689,18.2,180.0
2012-06-09 07:04:05,2012-06-08 22:04:05,310376000,9229659,ZCDF4,CORAL PRINCESS,56.42124,-134.4689,18.1,179.6
2012-06-09 07:05:05,2012-06-08 22:05:05,310376000,9229659,ZCDF4,CORAL PRINCESS,56.41622,-134.4689,18.1,179.6
2012-06-09 07:06:05,2012-06-08 22:06:05,310376000,9229659,ZCDF4,CORAL PRINCESS,56.41123,-134.4689,18.0,180.0
2012-06-09 07:07:01,2012-06-08 22:07:01,310376000,9229659,ZCDF4,CORAL PRINCESS,56.40673,-134.4689,18.0,179.0
2012-06-09 07:08:05,2012-06-08 22:08:05,310376000,9229659,ZCDF4,CORAL PRINCESS,56.4013,-134.4688,17.8,179.6
2012-06-09 07:09:05,2012-06-08 22:09:05,310376000,9229659,ZCDF4,CORAL PRINCESS,56.39631,-134.4687,17.7,178.7
2012-06-09 07:10:05,2012-06-08 22:10:05,310376000,9229659,ZCDF4,CORAL PRINCESS,56.39143,-134.4685,17.7,178.7
2012-06-09 07:11:04,2012-06-08 22:11:04,310376000,9229659,ZCDF4,CORAL PRINCESS,56.3866,-134.4684,17.8,179.0
2012-06-09 07:12:04,2012-06-08 22:12:04,310376000,9229659,ZCDF4,CORAL PRINCESS,56.38168,-134.4682,17.9,178.7
2012-06-09 07:13:05,2012-06-08 22:13:05,310376000,9229659,ZCDF4,CORAL PRINCESS,56.37673,-134.468,17.8,178.7
2012-06-09 07:14:07,2012-06-08 22:14:07,310376000,9229659,ZCDF4,CORAL PRINCESS,56.37179,-134.4679,17.8,179.0
2012-06-09 07:15:05,2012-06-08 22:15:05,310376000,9229659,ZCDF4,CORAL PRINCESS,56.36679,-134.4677,17.9,178.7
2012-06-09 07:16:04,2012-06-08 22:16:04,310376000,9229659,ZCDF4,CORAL PRINCESS,56.36183,-134.4675,17.9,180.3
2012-06-09 07:17:04,2012-06-08 22:17:04,310376000,9229659,ZCDF4,CORAL PRINCESS,56.35685,-134.4675,17.9,180.0
2012-06-09 07:18:05,2012-06-08 22:18:05,310376000,9229659,ZCDF4,CORAL PRINCESS,56.3519,-134.4675,17.9,180.0
2012-06-09 07:19:05,2012-06-08 22:19:05,310376000,9229659,ZCDF4,CORAL PRINCESS,56.34693,-134.4675,17.9,179.6
2012-06-09 07:20:02,2012-06-08 22:20:02,310376000,9229659,ZCDF4,CORAL PRINCESS,56.34257,-134.4675,17.9,180.0
2012-06-09 07:21:05,2012-06-08 22:21:05,310376000,9229659,ZCDF4,CORAL PRINCESS,56.33705,-134.4676,17.9,180.0
2012-06-09 07:22:05,2012-06-08 22:22:05,310376000,9229659,ZCDF4,CORAL PRINCESS,56.33203,-134.4676,17.9,180.0
2012-06-09 07:23:10,2012-06-08 22:23:10,310376000,9229659,ZCDF4,CORAL PRINCESS,56.32668,-134.4676,17.9,180.0
2012-06-09 07:24:04,2012-06-08 22:24:04,310376000,9229659,ZCDF4,CORAL PRINCESS,56.32216,-134.4677,17.9,180.0
2012-06-09 07:25:10,2012-06-08 22:25:10,310376000,9229659,ZCDF4,CORAL PRINCESS,56.3168,-134.4677,17.9,180.0
2012-06-09 07:26:04,2012-06-08 22:26:04,310376000,9229659,ZCDF4,CORAL PRINCESS,56.31236,-134.4677,17.9,180.0
2012-06-09 07:27:04,2012-06-08 22:27:04,310376000,9229659,ZCDF4,CORAL PRINCESS,56.30738,-134.4678,18.0,180.0
2012-06-09 07:28:04,2012-06-08 22:28:04,310376000,9229659,ZCDF4,CORAL PRINCESS,56.30238,-134.4678,18.1,180.2
2012-06-09 07:29:05,2012-06-08 22:29:05,310376000,9229659,ZCDF4,CORAL PRINCESS,56.29731,-134.4674,18.1,175.9
2012-06-09 07:30:05,2012-06-08 22:30:05,310376000,9229659,ZCDF4,CORAL PRINCESS,56.2923,-134.4667,18.1,174.9
2012-06-09 07:31:04,2012-06-08 22:31:04,310376000,9229659,ZCDF4,CORAL PRINCESS,56.28727,-134.4659,18.2,175.2
2012-06-09 07:32:05,2012-06-08 22:32:05,310376000,9229659,ZCDF4,CORAL PRINCESS,56.28223,-134.4651,18.3,174.6
2012-06-09 07:33:05,2012-06-08 22:33:05,310376000,9229659,ZCDF4,CORAL PRINCESS,56.27718,-134.4643,18.2,174.9
2012-06-09 07:34:05,2012-06-08 22:34:05,310376000,9229659,ZCDF4,CORAL PRINCESS,56.27217,-134.4636,18.1,174.9
2012-06-09 07:35:05,2012-06-08 22:35:05,310376000,9229659,ZCDF4,CORAL PRINCESS,56.26716,-134.4629,18.1,175.8
2012-06-09 07:36:05,2012-06-08 22:36:05,310376000,9229659,ZCDF4,CORAL PRINCESS,56.2621,-134.4621,18.1,174.6
2012-06-09 07:37:05,2012-06-08 22:37:05,310376000,9229659,ZCDF4,CORAL PRINCESS,56.25714,-134.4613,18.0,174.9
2012-06-09 07:38:05,2012-06-08 22:38:05,310376000,9229659,ZCDF4,CORAL PRINCESS,56.25219,-134.4605,17.9,174.9
2012-06-09 07:39:05,2012-06-08 22:39:05,310376000,9229659,ZCDF4,CORAL PRINCESS,56.24727,-134.4597,17.9,174.9
2012-06-09 07:40:04,2012-06-08 22:40:04,310376000,9229659,ZCDF4,CORAL PRINCESS,56.24234,-134.4589,17.8,174.9
2012-06-09 07:41:05,2012-06-08 22:41:05,310376000,9229659,ZCDF4,CORAL PRINCESS,56.23741,-134.4581,17.9,174.9
2012-06-09 07:42:05,2012-06-08 22:42:05,310376000,9229659,ZCDF4,CORAL PRINCESS,56.2325,-134.4574,17.8,174.9
2012-06-09 07:43:04,2012-06-08 22:43:04,310376000,9229659,ZCDF4,CORAL PRINCESS,56.22752,-134.4567,17.8,174.9
2012-06-09 07:44:04,2012-06-08 22:44:04,310376000,9229659,ZCDF4,CORAL PRINCESS,56.22268,-134.4561,17.8,175.9
2012-06-09 07:45:04,2012-06-08 22:45:04,310376000,9229659,ZCDF4,CORAL PRINCESS,56.21777,-134.4555,17.7,176.6
2012-06-09 07:46:04,2012-06-08 22:46:04,310376000,9229659,ZCDF4,CORAL PRINCESS,56.21287,-134.4549,17.7,175.9
2012-06-09 07:47:04,2012-06-08 22:47:04,310376000,9229659,ZCDF4,CORAL PRINCESS,56.20795,-134.4543,17.8,175.9
2012-06-09 07:48:04,2012-06-08 22:48:04,310376000,9229659,ZCDF4,CORAL PRINCESS,56.20304,-134.4537,17.8,174.6
2012-06-09 07:49:04,2012-06-08 22:49:04,310376000,9229659,ZCDF4,CORAL PRINCESS,56.19915,-134.4528,17.7,172.2
2012-06-09 07:50:04,2012-06-08 22:50:04,310376000,9229659,ZCDF4,CORAL PRINCESS,56.19339,-134.4507,17.7,166.9
2012-06-09 07:51:04,2012-06-08 22:51:04,310376000,9229659,ZCDF4,CORAL PRINCESS,56.18858,-134.4485,17.7,166.6
2012-06-09 07:52:05,2012-06-08 22:52:05,310376000,9229659,ZCDF4,CORAL PRINCESS,56.18385,-134.4464,17.6,165.9
2012-06-09 07:53:05,2012-06-08 22:53:05,310376000,9229659,ZCDF4,CORAL PRINCESS,56.17917,-134.444,17.5,162.9
2012-06-09 07:54:05,2012-06-08 22:54:05,310376000,9229659,ZCDF4,CORAL PRINCESS,56.17458,-134.4413,17.5,162.6
2012-06-09 07:55:04,2012-06-08 22:55:04,310376000,9229659,ZCDF4,CORAL PRINCESS,56.16998,-134.4385,17.5,161.6
2012-06-09 07:56:04,2012-06-08 22:56:04,310376000,9229659,ZCDF4,CORAL PRINCESS,56.16539,-134.4356,17.6,160.3
2012-06-09 07:57:05,2012-06-08 22:57:05,310376000,9229659,ZCDF4,CORAL PRINCESS,56.16078,-134.4327,17.6,161.3
2012-06-09 07:58:04,2012-06-08 22:58:04,310376000,9229659,ZCDF4,CORAL PRINCESS,56.15613,-134.4297,17.6,160.3
2012-06-09 07:59:05,2012-06-08 22:59:05,310376000,9229659,ZCDF4,CORAL PRINCESS,56.15162,-134.4267,17.6,160.6
2012-06-09 08:00:05,2012-06-08 23:00:05,310376000,9229659,ZCDF4,CORAL PRINCESS,56.14705,-134.4238,17.6,160.6
2012-06-09 08:01:00,2012-06-08 23:01:00,310376000,9229659,ZCDF4,CORAL PRINCESS,56.14294,-134.4211,17.6,159.6
2012-06-09 08:02:04,2012-06-08 23:02:04,310376000,9229659,ZCDF4,CORAL PRINCESS,56.13794,-134.4178,17.5,159.0
2012-06-09 08:03:04,2012-06-08 23:03:04,310376000,9229659,ZCDF4,CORAL PRINCESS,56.13333,-134.4148,17.4,159.6
2012-06-09 08:04:04,2012-06-08 23:04:04,310376000,9229659,ZCDF4,CORAL PRINCESS,56.12878,-134.4118,17.6,159.6
2012-06-09 08:05:04,2012-06-08 23:05:04,310376000,9229659,ZCDF4,CORAL PRINCESS,56.1242,-134.4087,17.7,159.6
2012-06-09 08:06:04,2012-06-08 23:06:04,310376000,9229659,ZCDF4,CORAL PRINCESS,56.11959,-134.4056,17.8,160.3
2012-06-09 08:07:05,2012-06-08 23:07:05,310376000,9229659,ZCDF4,CORAL PRINCESS,56.11491,-134.4025,17.9,159.6
2012-06-09 08:08:24,2012-06-08 23:08:24,310376000,9229659,ZCDF4,CORAL PRINCESS,56.11027,-134.3993,17.9,159.3
2012-06-09 08:09:05,2012-06-08 23:09:05,310376000,9229659,ZCDF4,CORAL PRINCESS,56.10561,-134.3962,18.0,158.4
2012-06-09 08:10:05,2012-06-08 23:10:05,310376000,9229659,ZCDF4,CORAL PRINCESS,56.10095,-134.3929,18.0,158.0
2012-06-09 08:11:04,2012-06-08 23:11:04,310376000,9229659,ZCDF4,CORAL PRINCESS,56.09634,-134.3896,18.0,158.0
2012-06-09 08:12:04,2012-06-08 23:12:04,310376000,9229659,ZCDF4,CORAL PRINCESS,56.09172,-134.3864,17.9,158.3
2012-06-09 08:13:04,2012-06-08 23:13:04,310376000,9229659,ZCDF4,CORAL PRINCESS,56.08718,-134.3831,18.0,158.3
2012-06-09 08:14:04,2012-06-08 23:14:04,310376000,9229659,ZCDF4,CORAL PRINCESS,56.08257,-134.3797,18.0,157.7
2012-06-09 08:15:00,2012-06-08 23:15:00,310376000,9229659,ZCDF4,CORAL PRINCESS,56.07834,-134.3768,18.0,157.7
2012-06-09 08:16:04,2012-06-08 23:16:04,310376000,9229659,ZCDF4,CORAL PRINCESS,56.07325,-134.3731,18.0,157.7
2012-06-09 08:17:05,2012-06-08 23:17:05,310376000,9229659,ZCDF4,CORAL PRINCESS,56.06859,-134.3698,18.2,158.4
2012-06-09 08:18:04,2012-06-08 23:18:04,310376000,9229659,ZCDF4,CORAL PRINCESS,56.06392,-134.3664,18.2,157.7
2012-06-09 08:19:04,2012-06-08 23:19:04,310376000,9229659,ZCDF4,CORAL PRINCESS,56.05926,-134.363,18.2,157.7
2012-06-09 08:20:04,2012-06-08 23:20:04,310376000,9229659,ZCDF4,CORAL PRINCESS,56.05457,-134.3597,18.3,158.4
2012-06-09 08:21:04,2012-06-08 23:21:04,310376000,9229659,ZCDF4,CORAL PRINCESS,56.04987,-134.3563,18.3,158.0
2012-06-09 08:22:04,2012-06-08 23:22:04,310376000,9229659,ZCDF4,CORAL PRINCESS,56.04518,-134.3529,18.3,158.0
2012-06-09 08:23:04,2012-06-08 23:23:04,310376000,9229659,ZCDF4,CORAL PRINCESS,56.04039,-134.3495,18.4,158.4
2012-06-09 08:24:05,2012-06-08 23:24:05,310376000,9229659,ZCDF4,CORAL PRINCESS,56.0357,-134.346,18.4,156.3
2012-06-09 08:25:04,2012-06-08 23:25:04,310376000,9229659,ZCDF4,CORAL PRINCESS,56.0311,-134.3421,18.4,154.3
2012-06-09 08:26:05,2012-06-08 23:26:05,310376000,9229659,ZCDF4,CORAL PRINCESS,56.02665,-134.3377,18.4,150.3
2012-06-09 08:27:04,2012-06-08 23:27:04,310376000,9229659,ZCDF4,CORAL PRINCESS,56.02236,-134.3329,18.3,146.0
2012-06-09 08:28:05,2012-06-08 23:28:05,310376000,9229659,ZCDF4,CORAL PRINCESS,56.01828,-134.3277,18.1,143.3
2012-06-09 08:29:04,2012-06-08 23:29:04,310376000,9229659,ZCDF4,CORAL PRINCESS,56.01433,-134.322,17.9,139.9
2012-06-09 08:30:04,2012-06-08 23:30:04,310376000,9229659,ZCDF4,CORAL PRINCESS,56.01071,-134.316,17.9,135.6
2012-06-09 08:31:04,2012-06-08 23:31:04,310376000,9229659,ZCDF4,CORAL PRINCESS,56.00715,-134.3098,17.9,135.6
2012-06-09 08:32:04,2012-06-08 23:32:04,310376000,9229659,ZCDF4,CORAL PRINCESS,56.00375,-134.3036,17.8,132.9
2012-06-09 08:33:04,2012-06-08 23:33:04,310376000,9229659,ZCDF4,CORAL PRINCESS,56.00056,-134.2969,17.8,128.6
2012-06-09 08:34:05,2012-06-08 23:34:05,310376000,9229659,ZCDF4,CORAL PRINCESS,55.99759,-134.2897,17.8,125.6
2012-06-09 08:35:05,2012-06-08 23:35:05,310376000,9229659,ZCDF4,CORAL PRINCESS,55.99474,-134.2826,17.7,124.6
2012-06-09 08:36:05,2012-06-08 23:36:05,310376000,9229659,ZCDF4,CORAL PRINCESS,55.99207,-134.2751,17.7,120.9
2012-06-09 08:37:05,2012-06-08 23:37:05,310376000,9229659,ZCDF4,CORAL PRINCESS,55.9898,-134.2674,17.6,116.9
2012-06-09 08:38:05,2012-06-08 23:38:05,310376000,9229659,ZCDF4,CORAL PRINCESS,55.98767,-134.2596,17.7,114.6
2012-06-09 08:39:05,2012-06-08 23:39:05,310376000,9229659,ZCDF4,CORAL PRINCESS,55.98592,-134.2514,17.6,108.9
2012-06-09 08:40:04,2012-06-08 23:40:04,310376000,9229659,ZCDF4,CORAL PRINCESS,55.98457,-134.2431,17.7,105.6
2012-06-09 08:41:04,2012-06-08 23:41:04,310376000,9229659,ZCDF4,CORAL PRINCESS,55.98344,-134.2346,17.8,102.2
2012-06-09 08:42:04,2012-06-08 23:42:04,310376000,9229659,ZCDF4,CORAL PRINCESS,55.9828,-134.2259,17.7,95.9
2012-06-09 08:43:04,2012-06-08 23:43:04,310376000,9229659,ZCDF4,CORAL PRINCESS,55.98244,-134.217,17.9,92.6
2012-06-09 08:44:04,2012-06-08 23:44:04,310376000,9229659,ZCDF4,CORAL PRINCESS,55.98257,-134.2082,17.9,86.3
2012-06-09 08:45:05,2012-06-08 23:45:05,310376000,9229659,ZCDF4,CORAL PRINCESS,55.98299,-134.1994,17.9,85.0
2012-06-09 08:46:00,2012-06-08 23:46:00,310376000,9229659,ZCDF4,CORAL PRINCESS,55.9835,-134.1912,18.0,82.9
2012-06-09 08:47:06,2012-06-08 23:47:06,310376000,9229659,ZCDF4,CORAL PRINCESS,55.98462,-134.1818,17.9,75.9
2012-06-09 08:48:04,2012-06-08 23:48:04,310376000,9229659,ZCDF4,CORAL PRINCESS,55.98589,-134.1732,18.0,75.0
2012-06-09 08:49:04,2012-06-08 23:49:04,310376000,9229659,ZCDF4,CORAL PRINCESS,55.98719,-134.1646,18.0,74.6
2012-06-09 08:50:04,2012-06-08 23:50:04,310376000,9229659,ZCDF4,CORAL PRINCESS,55.9885,-134.156,18.1,74.6
2012-06-09 08:51:05,2012-06-08 23:51:05,310376000,9229659,ZCDF4,CORAL PRINCESS,55.98982,-134.1472,18.2,74.6
2012-06-09 08:52:07,2012-06-08 23:52:07,310376000,9229659,ZCDF4,CORAL PRINCESS,55.9912,-134.1385,18.2,74.3
2012-06-09 08:53:10,2012-06-08 23:53:10,310376000,9229659,ZCDF4,CORAL PRINCESS,55.99284,-134.1292,18.2,72.6
2012-06-09 08:54:05,2012-06-08 23:54:05,310376000,9229659,ZCDF4,CORAL PRINCESS,55.99436,-134.1215,18.2,70.9
2012-06-09 08:55:05,2012-06-08 23:55:05,310376000,9229659,ZCDF4,CORAL PRINCESS,55.99611,-134.1129,18.4,70.0
2012-06-09 08:56:04,2012-06-08 23:56:04,310376000,9229659,ZCDF4,CORAL PRINCESS,55.99787,-134.1046,18.4,69.0
2012-06-09 08:57:04,2012-06-08 23:57:04,310376000,9229659,ZCDF4,CORAL PRINCESS,55.99968,-134.0961,18.2,69.4
2012-06-09 08:58:04,2012-06-08 23:58:04,310376000,9229659,ZCDF4,CORAL PRINCESS,56.00136,-134.0876,18.2,70.7
2012-06-09 08:59:05,2012-06-08 23:59:05,310376000,9229659,ZCDF4,CORAL PRINCESS,56.00299,-134.079,18.2,71.0
2012-06-09 09:00:04,2012-06-09 00:00:04,310376000,9229659,ZCDF4,CORAL PRINCESS,56.00459,-134.0704,18.3,72.0
2012-06-09 09:01:04,2012-06-09 00:01:04,310376000,9229659,ZCDF4,CORAL PRINCESS,56.00615,-134.0618,18.3,72.3
2012-06-09 09:02:04,2012-06-09 00:02:04,310376000,9229659,ZCDF4,CORAL PRINCESS,56.0077,-134.0532,18.4,72.0
2012-06-09 09:03:04,2012-06-09 00:03:04,310376000,9229659,ZCDF4,CORAL PRINCESS,56.00926,-134.0446,18.3,72.0
2012-06-09 09:04:05,2012-06-09 00:04:05,310376000,9229659,ZCDF4,CORAL PRINCESS,56.011,-134.036,18.3,69.2
2012-06-09 09:05:05,2012-06-09 00:05:05,310376000,9229659,ZCDF4,CORAL PRINCESS,56.01318,-134.0277,18.2,62.9
2012-06-09 09:06:05,2012-06-09 00:06:05,310376000,9229659,ZCDF4,CORAL PRINCESS,56.01549,-134.0198,18.4,62.0
2012-06-09 09:07:19,2012-06-09 00:07:19,310376000,9229659,ZCDF4,CORAL PRINCESS,56.01788,-134.0118,18.5,62.0
2012-06-09 09:08:00,2012-06-09 00:08:00,310376000,9229659,ZCDF4,CORAL PRINCESS,56.02007,-134.0045,18.5,62.3
2012-06-09 09:09:05,2012-06-09 00:09:05,310376000,9229659,ZCDF4,CORAL PRINCESS,56.02284,-133.9957,18.6,60.9
2012-06-09 09:10:01,2012-06-09 00:10:01,310376000,9229659,ZCDF4,CORAL PRINCESS,56.02411,-133.9917,18.6,60.0
2012-06-09 09:11:04,2012-06-09 00:11:04,310376000,9229659,ZCDF4,CORAL PRINCESS,56.02486,-133.9892,18.6,61.2
2012-06-09 09:12:04,2012-06-09 00:12:04,310376000,9229659,ZCDF4,CORAL PRINCESS,56.03043,-133.9714,18.8,61.2
2012-06-09 09:13:04,2012-06-09 00:13:04,310376000,9229659,ZCDF4,CORAL PRINCESS,56.03296,-133.9633,18.8,60.6
2012-06-09 09:14:04,2012-06-09 00:14:04,310376000,9229659,ZCDF4,CORAL PRINCESS,56.0355,-133.9552,18.9,60.9
2012-06-09 09:15:18,2012-06-09 00:15:18,310376000,9229659,ZCDF4,CORAL PRINCESS,56.03863,-133.9453,18.8,60.9
2012-06-09 09:16:11,2012-06-09 00:16:11,310376000,9229659,ZCDF4,CORAL PRINCESS,56.04091,-133.938,18.8,61.2
2012-06-09 09:17:04,2012-06-09 00:17:04,310376000,9229659,ZCDF4,CORAL PRINCESS,56.04314,-133.9308,18.8,60.9
2012-06-09 09:18:01,2012-06-09 00:18:01,310376000,9229659,ZCDF4,CORAL PRINCESS,56.04442,-133.9268,18.9,60.0
2012-06-09 09:19:05,2012-06-09 00:19:05,310376000,9229659,ZCDF4,CORAL PRINCESS,56.04842,-133.9145,18.9,58.2
2012-06-09 09:20:11,2012-06-09 00:20:11,310376000,9229659,ZCDF4,CORAL PRINCESS,56.05169,-133.9062,18.7,53.4
2012-06-09 09:21:17,2012-06-09 00:21:17,310376000,9229659,ZCDF4,CORAL PRINCESS,56.0555,-133.8985,18.6,46.1
2012-06-09 09:22:05,2012-06-09 00:22:05,310376000,9229659,ZCDF4,CORAL PRINCESS,56.05845,-133.8937,18.5,41.5
2012-06-09 09:23:04,2012-06-09 00:23:04,310376000,9229659,ZCDF4,CORAL PRINCESS,56.06246,-133.888,18.4,36.8
2012-06-09 09:24:05,2012-06-09 00:24:05,310376000,9229659,ZCDF4,CORAL PRINCESS,56.06665,-133.8826,18.4,36.2
2012-06-09 09:25:04,2012-06-09 00:25:04,310376000,9229659,ZCDF4,CORAL PRINCESS,56.07076,-133.8773,18.3,35.9
2012-06-09 09:26:04,2012-06-09 00:26:04,310376000,9229659,ZCDF4,CORAL PRINCESS,56.07487,-133.872,18.4,36.2
2012-06-09 09:27:04,2012-06-09 00:27:04,310376000,9229659,ZCDF4,CORAL PRINCESS,56.07901,-133.8667,18.4,35.0
2012-06-09 09:28:16,2012-06-09 00:28:16,310376000,9229659,ZCDF4,CORAL PRINCESS,56.08392,-133.8606,18.3,35.0
2012-06-09 09:29:05,2012-06-09 00:29:05,310376000,9229659,ZCDF4,CORAL PRINCESS,56.08735,-133.8563,18.2,35.3
2012-06-09 09:30:05,2012-06-09 00:30:05,310376000,9229659,ZCDF4,CORAL PRINCESS,56.09157,-133.8515,18.1,30.9
2012-06-09 09:31:05,2012-06-09 00:31:05,310376000,9229659,ZCDF4,CORAL PRINCESS,56.09584,-133.847,18.0,30.9
2012-06-09 09:32:05,2012-06-09 00:32:05,310376000,9229659,ZCDF4,CORAL PRINCESS,56.10018,-133.8424,18.0,30.0
2012-06-09 09:33:05,2012-06-09 00:33:05,310376000,9229659,ZCDF4,CORAL PRINCESS,56.10445,-133.8379,18.0,30.9
2012-06-09 09:34:05,2012-06-09 00:34:05,310376000,9229659,ZCDF4,CORAL PRINCESS,56.10883,-133.8335,18.0,28.9
2012-06-09 09:35:06,2012-06-09 00:35:06,310376000,9229659,ZCDF4,CORAL PRINCESS,56.11321,-133.8293,18.0,28.0
2012-06-09 09:36:10,2012-06-09 00:36:10,310376000,9229659,ZCDF4,CORAL PRINCESS,56.11804,-133.8247,18.0,28.0
2012-06-09 09:37:04,2012-06-09 00:37:04,310376000,9229659,ZCDF4,CORAL PRINCESS,56.12197,-133.8209,18.0,28.0
2012-06-09 09:38:05,2012-06-09 00:38:05,310376000,9229659,ZCDF4,CORAL PRINCESS,56.12633,-133.8167,18.1,28.9
2012-06-09 09:39:17,2012-06-09 00:39:17,310376000,9229659,ZCDF4,CORAL PRINCESS,56.12809,-133.815,18.1,28.9
2012-06-09 09:40:04,2012-06-09 00:40:04,310376000,9229659,ZCDF4,CORAL PRINCESS,56.13518,-133.8081,18.1,28.0
2012-06-09 09:41:04,2012-06-09 00:41:04,310376000,9229659,ZCDF4,CORAL PRINCESS,56.13958,-133.8039,18.1,28.0
2012-06-09 09:42:02,2012-06-09 00:42:02,310376000,9229659,ZCDF4,CORAL PRINCESS,56.14274,-133.8008,18.2,27.6
2012-06-09 09:43:04,2012-06-09 00:43:04,310376000,9229659,ZCDF4,CORAL PRINCESS,56.14865,-133.7959,18.2,23.2
2012-06-09 09:44:04,2012-06-09 00:44:04,310376000,9229659,ZCDF4,CORAL PRINCESS,56.1534,-133.7929,18.3,17.8
2012-06-09 09:45:00,2012-06-09 00:45:00,310376000,9229659,ZCDF4,CORAL PRINCESS,56.15784,-133.7908,18.3,14.5
2012-06-09 09:46:05,2012-06-09 00:46:05,310376000,9229659,ZCDF4,CORAL PRINCESS,56.1633,-133.7888,18.4,10.9
2012-06-09 09:47:05,2012-06-09 00:47:05,310376000,9229659,ZCDF4,CORAL PRINCESS,56.1683,-133.787,18.5,10.9
2012-06-09 09:48:04,2012-06-09 00:48:04,310376000,9229659,ZCDF4,CORAL PRINCESS,56.17336,-133.7851,18.5,12.1
2012-06-09 09:49:04,2012-06-09 00:49:04,310376000,9229659,ZCDF4,CORAL PRINCESS,56.17836,-133.7832,18.5,11.8
2012-06-09 09:50:04,2012-06-09 00:50:04,310376000,9229659,ZCDF4,CORAL PRINCESS,56.18344,-133.7813,18.5,11.8
2012-06-09 09:51:05,2012-06-09 00:51:05,310376000,9229659,ZCDF4,CORAL PRINCESS,56.18845,-133.7794,18.6,12.1
2012-06-09 09:52:10,2012-06-09 00:52:10,310376000,9229659,ZCDF4,CORAL PRINCESS,56.19388,-133.7773,18.5,12.1
2012-06-09 09:53:04,2012-06-09 00:53:04,310376000,9229659,ZCDF4,CORAL PRINCESS,56.19846,-133.7757,18.5,11.5
2012-06-09 09:54:04,2012-06-09 00:54:04,310376000,9229659,ZCDF4,CORAL PRINCESS,56.20346,-133.774,18.5,10.0
2012-06-09 09:55:04,2012-06-09 00:55:04,310376000,9229659,ZCDF4,CORAL PRINCESS,56.20848,-133.7725,18.5,10.0
2012-06-09 09:56:04,2012-06-09 00:56:04,310376000,9229659,ZCDF4,CORAL PRINCESS,56.21358,-133.7708,18.5,9.6
2012-06-09 09:57:04,2012-06-09 00:57:04,310376000,9229659,ZCDF4,CORAL PRINCESS,56.2186,-133.7691,18.6,10.9
2012-06-09 09:58:05,2012-06-09 00:58:05,310376000,9229659,ZCDF4,CORAL PRINCESS,56.2237,-133.7674,18.5,10.9
2012-06-09 09:59:05,2012-06-09 00:59:05,310376000,9229659,ZCDF4,CORAL PRINCESS,56.22869,-133.7657,18.4,10.9
2012-06-09 10:00:05,2012-06-09 01:00:05,310376000,9229659,ZCDF4,CORAL PRINCESS,56.23366,-133.764,18.4,10.6
2012-06-09 10:01:05,2012-06-09 01:01:05,310376000,9229659,ZCDF4,CORAL PRINCESS,56.23874,-133.7623,18.4,10.3
2012-06-09 10:02:05,2012-06-09 01:02:05,310376000,9229659,ZCDF4,CORAL PRINCESS,56.24377,-133.7607,18.5,10.6
2012-06-09 10:03:05,2012-06-09 01:03:05,310376000,9229659,ZCDF4,CORAL PRINCESS,56.24881,-133.759,18.6,10.3
2012-06-09 10:04:05,2012-06-09 01:04:05,310376000,9229659,ZCDF4,CORAL PRINCESS,56.25396,-133.7573,18.7,10.0
2012-06-09 10:05:05,2012-06-09 01:05:05,310376000,9229659,ZCDF4,CORAL PRINCESS,56.25905,-133.7557,18.7,10.3
2012-06-09 10:06:05,2012-06-09 01:06:05,310376000,9229659,ZCDF4,CORAL PRINCESS,56.26411,-133.754,18.7,10.6
2012-06-09 10:07:05,2012-06-09 01:07:05,310376000,9229659,ZCDF4,CORAL PRINCESS,56.26923,-133.7522,18.6,10.6
2012-06-09 10:08:05,2012-06-09 01:08:05,310376000,9229659,ZCDF4,CORAL PRINCESS,56.27428,-133.7505,18.5,10.9
2012-06-09 10:09:05,2012-06-09 01:09:05,310376000,9229659,ZCDF4,CORAL PRINCESS,56.27931,-133.7488,18.6,10.9
2012-06-09 10:10:05,2012-06-09 01:10:05,310376000,9229659,ZCDF4,CORAL PRINCESS,56.28437,-133.7468,18.5,13.3
2012-06-09 10:11:05,2012-06-09 01:11:05,310376000,9229659,ZCDF4,CORAL PRINCESS,56.28926,-133.7442,18.4,18.3
2012-06-09 10:12:05,2012-06-09 01:12:05,310376000,9229659,ZCDF4,CORAL PRINCESS,56.29407,-133.7412,18.5,19.6
2012-06-09 10:13:05,2012-06-09 01:13:05,310376000,9229659,ZCDF4,CORAL PRINCESS,56.29893,-133.738,18.6,19.6
2012-06-09 10:14:05,2012-06-09 01:14:05,310376000,9229659,ZCDF4,CORAL PRINCESS,56.30378,-133.7349,18.7,18.6
2012-06-09 10:15:04,2012-06-09 01:15:04,310376000,9229659,ZCDF4,CORAL PRINCESS,56.30872,-133.732,18.8,17.6
2012-06-09 10:16:00,2012-06-09 01:16:00,310376000,9229659,ZCDF4,CORAL PRINCESS,56.31319,-133.7295,18.9,17.6
2012-06-09 10:17:04,2012-06-09 01:17:04,310376000,9229659,ZCDF4,CORAL PRINCESS,56.31868,-133.7263,19.0,17.9
2012-06-09 10:18:04,2012-06-09 01:18:04,310376000,9229659,ZCDF4,CORAL PRINCESS,56.32374,-133.7235,18.9,17.0
2012-06-09 10:19:04,2012-06-09 01:19:04,310376000,9229659,ZCDF4,CORAL PRINCESS,56.32862,-133.7208,18.4,17.3
2012-06-09 10:20:05,2012-06-09 01:20:05,310376000,9229659,ZCDF4,CORAL PRINCESS,56.33353,-133.7181,18.2,16.6
2012-06-09 10:21:05,2012-06-09 01:21:05,310376000,9229659,ZCDF4,CORAL PRINCESS,56.33828,-133.7152,18.1,19.6
2012-06-09 10:22:05,2012-06-09 01:22:05,310376000,9229659,ZCDF4,CORAL PRINCESS,56.34287,-133.7117,18.1,24.0
2012-06-09 10:23:06,2012-06-09 01:23:06,310376000,9229659,ZCDF4,CORAL PRINCESS,56.34736,-133.7076,17.9,28.3
2012-06-09 10:24:05,2012-06-09 01:24:05,310376000,9229659,ZCDF4,CORAL PRINCESS,56.35151,-133.7029,17.7,34.3
2012-06-09 10:25:05,2012-06-09 01:25:05,310376000,9229659,ZCDF4,CORAL PRINCESS,56.35534,-133.6974,17.7,39.6
2012-06-09 10:26:05,2012-06-09 01:26:05,310376000,9229659,ZCDF4,CORAL PRINCESS,56.35888,-133.6912,17.7,46.6
2012-06-09 10:27:05,2012-06-09 01:27:05,310376000,9229659,ZCDF4,CORAL PRINCESS,56.36211,-133.6845,18.0,49.9
2012-06-09 10:28:04,2012-06-09 01:28:04,310376000,9229659,ZCDF4,CORAL PRINCESS,56.36518,-133.6774,18.3,52.5
2012-06-09 10:29:05,2012-06-09 01:29:05,310376000,9229659,ZCDF4,CORAL PRINCESS,56.36817,-133.6696,18.7,56.1
2012-06-09 10:30:05,2012-06-09 01:30:05,310376000,9229659,ZCDF4,CORAL PRINCESS,56.36846,-133.6689,18.8,55.8
2012-06-09 10:31:05,2012-06-09 01:31:05,310376000,9229659,ZCDF4,CORAL PRINCESS,56.37393,-133.6535,19.6,58.3
2012-06-09 10:32:00,2012-06-09 01:32:00,310376000,9229659,ZCDF4,CORAL PRINCESS,56.3765,-133.6459,19.7,59.4
2012-06-09 10:33:05,2012-06-09 01:33:05,310376000,9229659,ZCDF4,CORAL PRINCESS,56.37952,-133.6368,19.1,59.2
2012-06-09 10:34:05,2012-06-09 01:34:05,310376000,9229659,ZCDF4,CORAL PRINCESS,56.38211,-133.6286,18.5,61.0
2012-06-09 10:35:00,2012-06-09 01:35:00,310376000,9229659,ZCDF4,CORAL PRINCESS,56.38405,-133.6211,18.4,66.1
2012-06-09 10:36:00,2012-06-09 01:36:00,310376000,9229659,ZCDF4,CORAL PRINCESS,56.38567,-133.6126,18.1,72.7
2012-06-09 10:37:05,2012-06-09 01:37:05,310376000,9229659,ZCDF4,CORAL PRINCESS,56.38686,-133.6029,17.7,79.4
2012-06-09 10:38:05,2012-06-09 01:38:05,310376000,9229659,ZCDF4,CORAL PRINCESS,56.38712,-133.5943,17.3,90.0
2012-06-09 10:39:05,2012-06-09 01:39:05,310376000,9229659,ZCDF4,CORAL PRINCESS,56.38673,-133.5858,17.2,94.6
2012-06-09 10:40:12,2012-06-09 01:40:12,310376000,9229659,ZCDF4,CORAL PRINCESS,56.38615,-133.5763,17.4,97.0
2012-06-09 10:41:05,2012-06-09 01:41:05,310376000,9229659,ZCDF4,CORAL PRINCESS,56.38554,-133.5684,17.6,97.6
2012-06-09 10:42:05,2012-06-09 01:42:05,310376000,9229659,ZCDF4,CORAL PRINCESS,56.38487,-133.5597,17.7,97.7
2012-06-09 10:43:05,2012-06-09 01:43:05,310376000,9229659,ZCDF4,CORAL PRINCESS,56.38414,-133.551,17.7,98.6
2012-06-09 10:44:05,2012-06-09 01:44:05,310376000,9229659,ZCDF4,CORAL PRINCESS,56.3834,-133.5423,17.7,99.0
2012-06-09 10:45:05,2012-06-09 01:45:05,310376000,9229659,ZCDF4,CORAL PRINCESS,56.38266,-133.5334,17.8,99.0
2012-06-09 10:46:05,2012-06-09 01:46:05,310376000,9229659,ZCDF4,CORAL PRINCESS,56.38193,-133.5247,17.9,97.7
2012-06-09 10:47:05,2012-06-09 01:47:05,310376000,9229659,ZCDF4,CORAL PRINCESS,56.38117,-133.5157,17.9,98.6
2012-06-09 10:48:05,2012-06-09 01:48:05,310376000,9229659,ZCDF4,CORAL PRINCESS,56.38044,-133.5069,18.0,99.0
2012-06-09 10:49:05,2012-06-09 01:49:05,310376000,9229659,ZCDF4,CORAL PRINCESS,56.37971,-133.498,18.0,98.0
2012-06-09 10:50:05,2012-06-09 01:50:05,310376000,9229659,ZCDF4,CORAL PRINCESS,56.37897,-133.4892,18.0,98.6
2012-06-09 10:51:05,2012-06-09 01:51:05,310376000,9229659,ZCDF4,CORAL PRINCESS,56.3782,-133.4803,18.1,98.6
2012-06-09 10:52:07,2012-06-09 01:52:07,310376000,9229659,ZCDF4,CORAL PRINCESS,56.37746,-133.4714,18.1,99.0
2012-06-09 10:53:10,2012-06-09 01:53:10,310376000,9229659,ZCDF4,CORAL PRINCESS,56.37665,-133.4615,18.1,97.7
2012-06-09 10:54:04,2012-06-09 01:54:04,310376000,9229659,ZCDF4,CORAL PRINCESS,56.37597,-133.4535,18.1,98.6
2012-06-09 10:55:05,2012-06-09 01:55:05,310376000,9229659,ZCDF4,CORAL PRINCESS,56.3752,-133.4444,18.1,99.0
2012-06-09 10:56:05,2012-06-09 01:56:05,310376000,9229659,ZCDF4,CORAL PRINCESS,56.37445,-133.4355,18.1,99.0
2012-06-09 10:57:05,2012-06-09 01:57:05,310376000,9229659,ZCDF4,CORAL PRINCESS,56.37371,-133.4266,18.1,99.0
2012-06-09 10:58:05,2012-06-09 01:58:05,310376000,9229659,ZCDF4,CORAL PRINCESS,56.37291,-133.4176,18.1,99.0
2012-06-09 10:59:00,2012-06-09 01:59:00,310376000,9229659,ZCDF4,CORAL PRINCESS,56.3722,-133.4094,18.1,99.0
2012-06-09 11:00:00,2012-06-09 02:00:00,310376000,9229659,ZCDF4,CORAL PRINCESS,56.37142,-133.4004,18.1,99.0
2012-06-09 11:01:00,2012-06-09 02:01:00,310376000,9229659,ZCDF4,CORAL PRINCESS,56.37066,-133.3915,18.1,99.0
2012-06-09 11:02:05,2012-06-09 02:02:05,310376000,9229659,ZCDF4,CORAL PRINCESS,56.36985,-133.3819,18.1,98.3
2012-06-09 11:03:04,2012-06-09 02:03:04,310376000,9229659,ZCDF4,CORAL PRINCESS,56.36909,-133.373,18.2,99.0
2012-06-09 11:04:04,2012-06-09 02:04:04,310376000,9229659,ZCDF4,CORAL PRINCESS,56.3683,-133.364,18.2,99.3
2012-06-09 11:05:12,2012-06-09 02:05:12,310376000,9229659,ZCDF4,CORAL PRINCESS,56.3674,-133.3539,18.2,99.0
2012-06-09 11:06:05,2012-06-09 02:06:05,310376000,9229659,ZCDF4,CORAL PRINCESS,56.36671,-133.3461,18.1,99.0
2012-06-09 11:07:04,2012-06-09 02:07:04,310376000,9229659,ZCDF4,CORAL PRINCESS,56.36593,-133.3372,18.0,99.0
2012-06-09 11:08:00,2012-06-09 02:08:00,310376000,9229659,ZCDF4,CORAL PRINCESS,56.3652,-133.329,18.0,99.0
2012-06-09 11:09:04,2012-06-09 02:09:04,310376000,9229659,ZCDF4,CORAL PRINCESS,56.36439,-133.3194,18.0,98.0
2012-06-09 11:10:05,2012-06-09 02:10:05,310376000,9229659,ZCDF4,CORAL PRINCESS,56.36363,-133.3104,18.1,98.0
2012-06-09 11:11:05,2012-06-09 02:11:05,310376000,9229659,ZCDF4,CORAL PRINCESS,56.3629,-133.3013,18.3,98.6
2012-06-09 11:12:05,2012-06-09 02:12:05,310376000,9229659,ZCDF4,CORAL PRINCESS,56.36211,-133.2923,18.3,99.3
2012-06-09 11:13:11,2012-06-09 02:13:11,310376000,9229659,ZCDF4,CORAL PRINCESS,56.36118,-133.2825,18.2,99.9
2012-06-09 11:14:06,2012-06-09 02:14:06,310376000,9229659,ZCDF4,CORAL PRINCESS,56.3604,-133.2744,18.1,99.9
2012-06-09 11:15:06,2012-06-09 02:15:06,310376000,9229659,ZCDF4,CORAL PRINCESS,56.35949,-133.2654,18.1,99.9
2012-06-09 11:16:05,2012-06-09 02:16:05,310376000,9229659,ZCDF4,CORAL PRINCESS,56.3586,-133.2567,18.2,101.2
2012-06-09 11:17:06,2012-06-09 02:17:06,310376000,9229659,ZCDF4,CORAL PRINCESS,56.35767,-133.2477,18.3,100.2
2012-06-09 11:18:00,2012-06-09 02:18:00,310376000,9229659,ZCDF4,CORAL PRINCESS,56.35684,-133.2393,18.4,100.2
2012-06-09 11:19:05,2012-06-09 02:19:05,310376000,9229659,ZCDF4,CORAL PRINCESS,56.35592,-133.2296,18.5,100.2
2012-06-09 11:20:05,2012-06-09 02:20:05,310376000,9229659,ZCDF4,CORAL PRINCESS,56.35507,-133.2205,18.5,98.6
2012-06-09 11:21:04,2012-06-09 02:21:04,310376000,9229659,ZCDF4,CORAL PRINCESS,56.35438,-133.2113,18.4,98.2
2012-06-09 11:22:05,2012-06-09 02:22:05,310376000,9229659,ZCDF4,CORAL PRINCESS,56.35382,-133.2022,18.3,96.0
2012-06-09 11:23:05,2012-06-09 02:23:05,310376000,9229659,ZCDF4,CORAL PRINCESS,56.35326,-133.193,18.3,96.6
2012-06-09 11:24:05,2012-06-09 02:24:05,310376000,9229659,ZCDF4,CORAL PRINCESS,56.35263,-133.1839,18.5,97.0
2012-06-09 11:25:04,2012-06-09 02:25:04,310376000,9229659,ZCDF4,CORAL PRINCESS,56.35184,-133.175,18.5,100.1
2012-06-09 11:26:05,2012-06-09 02:26:05,310376000,9229659,ZCDF4,CORAL PRINCESS,56.35052,-133.1658,18.3,105.8
2012-06-09 11:27:05,2012-06-09 02:27:05,310376000,9229659,ZCDF4,CORAL PRINCESS,56.34868,-133.1574,18.3,114.4
2012-06-09 11:28:05,2012-06-09 02:28:05,310376000,9229659,ZCDF4,CORAL PRINCESS,56.34626,-133.1494,18.3,121.1
2012-06-09 11:29:05,2012-06-09 02:29:05,310376000,9229659,ZCDF4,CORAL PRINCESS,56.34329,-133.142,18.0,128.1
2012-06-09 11:30:05,2012-06-09 02:30:05,310376000,9229659,ZCDF4,CORAL PRINCESS,56.33991,-133.1355,17.9,135.3
2012-06-09 11:31:05,2012-06-09 02:31:05,310376000,9229659,ZCDF4,CORAL PRINCESS,56.33625,-133.1293,18.0,137.0
2012-06-09 11:32:05,2012-06-09 02:32:05,310376000,9229659,ZCDF4,CORAL PRINCESS,56.3326,-133.1231,18.3,137.0
2012-06-09 11:33:05,2012-06-09 02:33:05,310376000,9229659,ZCDF4,CORAL PRINCESS,56.32894,-133.1169,18.2,136.0
2012-06-09 11:34:04,2012-06-09 02:34:04,310376000,9229659,ZCDF4,CORAL PRINCESS,56.32542,-133.1104,18.2,134.0
2012-06-09 11:35:04,2012-06-09 02:35:04,310376000,9229659,ZCDF4,CORAL PRINCESS,56.32198,-133.1038,18.3,132.6
2012-06-09 11:36:04,2012-06-09 02:36:04,310376000,9229659,ZCDF4,CORAL PRINCESS,56.31873,-133.0969,18.3,129.2
2012-06-09 11:37:05,2012-06-09 02:37:05,310376000,9229659,ZCDF4,CORAL PRINCESS,56.31573,-133.0894,18.3,124.1
2012-06-09 11:38:05,2012-06-09 02:38:05,310376000,9229659,ZCDF4,CORAL PRINCESS,56.31323,-133.0816,18.1,118.1
2012-06-09 11:39:04,2012-06-09 02:39:04,310376000,9229659,ZCDF4,CORAL PRINCESS,56.31119,-133.0734,17.7,112.9
2012-06-09 11:40:04,2012-06-09 02:40:04,310376000,9229659,ZCDF4,CORAL PRINCESS,56.30944,-133.0653,17.3,111.3
2012-06-09 11:41:04,2012-06-09 02:41:04,310376000,9229659,ZCDF4,CORAL PRINCESS,56.30779,-133.0574,16.9,110.0
2012-06-09 11:42:05,2012-06-09 02:42:05,310376000,9229659,ZCDF4,CORAL PRINCESS,56.30619,-133.0496,16.3,110.0
2012-06-09 11:43:04,2012-06-09 02:43:04,310376000,9229659,ZCDF4,CORAL PRINCESS,56.30465,-133.0424,15.5,112.0
2012-06-09 11:44:05,2012-06-09 02:44:05,310376000,9229659,ZCDF4,CORAL PRINCESS,56.30303,-133.0354,15.0,112.0
2012-06-09 11:45:05,2012-06-09 02:45:05,310376000,9229659,ZCDF4,CORAL PRINCESS,56.30146,-133.0285,14.5,112.7
2012-06-09 11:46:05,2012-06-09 02:46:05,310376000,9229659,ZCDF4,CORAL PRINCESS,56.29993,-133.022,14.2,112.8
2012-06-09 11:47:05,2012-06-09 02:47:05,310376000,9229659,ZCDF4,CORAL PRINCESS,56.29841,-133.0155,14.1,113.2
2012-06-09 11:48:05,2012-06-09 02:48:05,310376000,9229659,ZCDF4,CORAL PRINCESS,56.29689,-133.009,14.2,112.0
2012-06-09 11:49:05,2012-06-09 02:49:05,310376000,9229659,ZCDF4,CORAL PRINCESS,56.29538,-133.0024,14.3,112.8
2012-06-09 11:50:05,2012-06-09 02:50:05,310376000,9229659,ZCDF4,CORAL PRINCESS,56.29383,-132.9958,14.3,112.0
2012-06-09 11:51:05,2012-06-09 02:51:05,310376000,9229659,ZCDF4,CORAL PRINCESS,56.29234,-132.9893,14.0,112.0
2012-06-09 11:52:06,2012-06-09 02:52:06,310376000,9229659,ZCDF4,CORAL PRINCESS,56.29087,-132.9829,13.9,113.4
2012-06-09 11:53:05,2012-06-09 02:53:05,310376000,9229659,ZCDF4,CORAL PRINCESS,56.28919,-132.9767,14.1,117.1
2012-06-09 11:54:05,2012-06-09 02:54:05,310376000,9229659,ZCDF4,CORAL PRINCESS,56.28719,-132.9706,14.6,121.8
2012-06-09 11:55:05,2012-06-09 02:55:05,310376000,9229659,ZCDF4,CORAL PRINCESS,56.28475,-132.9648,14.7,129.2
2012-06-09 11:56:05,2012-06-09 02:56:05,310376000,9229659,ZCDF4,CORAL PRINCESS,56.28191,-132.9594,14.6,136.6
2012-06-09 11:57:00,2012-06-09 02:57:00,310376000,9229659,ZCDF4,CORAL PRINCESS,56.27907,-132.9552,14.5,142.0
2012-06-09 11:58:05,2012-06-09 02:58:05,310376000,9229659,ZCDF4,CORAL PRINCESS,56.2754,-132.9512,14.1,151.7
2012-06-09 11:59:05,2012-06-09 02:59:05,310376000,9229659,ZCDF4,CORAL PRINCESS,56.27185,-132.9487,13.7,161.4
2012-06-09 12:00:05,2012-06-09 03:00:05,310376000,9229659,ZCDF4,CORAL PRINCESS,56.2682,-132.9466,14.1,162.4
2012-06-09 12:01:05,2012-06-09 03:01:05,310376000,9229659,ZCDF4,CORAL PRINCESS,56.2644,-132.9442,14.6,159.7
2012-06-09 12:02:05,2012-06-09 03:02:05,310376000,9229659,ZCDF4,CORAL PRINCESS,56.2606,-132.9413,15.2,154.6
2012-06-09 12:03:05,2012-06-09 03:03:05,310376000,9229659,ZCDF4,CORAL PRINCESS,56.25665,-132.9377,16.0,153.6
2012-06-09 12:04:05,2012-06-09 03:04:05,310376000,9229659,ZCDF4,CORAL PRINCESS,56.25261,-132.9339,16.9,151.6
2012-06-09 12:05:05,2012-06-09 03:05:05,310376000,9229659,ZCDF4,CORAL PRINCESS,56.24839,-132.93,17.4,152.6
2012-06-09 12:06:05,2012-06-09 03:06:05,310376000,9229659,ZCDF4,CORAL PRINCESS,56.24405,-132.9259,17.5,151.6
2012-06-09 12:07:05,2012-06-09 03:07:05,310376000,9229659,ZCDF4,CORAL PRINCESS,56.23973,-132.922,17.4,153.9
2012-06-09 12:08:04,2012-06-09 03:08:04,310376000,9229659,ZCDF4,CORAL PRINCESS,56.23544,-132.9182,17.4,153.0
2012-06-09 12:09:04,2012-06-09 03:09:04,310376000,9229659,ZCDF4,CORAL PRINCESS,56.23117,-132.9143,17.4,152.6
2012-06-09 12:10:04,2012-06-09 03:10:04,310376000,9229659,ZCDF4,CORAL PRINCESS,56.22687,-132.9104,17.5,152.6
2012-06-09 12:11:06,2012-06-09 03:11:06,310376000,9229659,ZCDF4,CORAL PRINCESS,56.2225,-132.9065,17.5,153.0
2012-06-09 12:12:05,2012-06-09 03:12:05,310376000,9229659,ZCDF4,CORAL PRINCESS,56.2182,-132.9025,17.5,152.6
2012-06-09 12:13:04,2012-06-09 03:13:04,310376000,9229659,ZCDF4,CORAL PRINCESS,56.21383,-132.8985,17.6,152.6
2012-06-09 12:14:05,2012-06-09 03:14:05,310376000,9229659,ZCDF4,CORAL PRINCESS,56.2095,-132.8945,17.7,153.0
2012-06-09 12:15:05,2012-06-09 03:15:05,310376000,9229659,ZCDF4,CORAL PRINCESS,56.20515,-132.8905,17.7,152.6
2012-06-09 12:16:05,2012-06-09 03:16:05,310376000,9229659,ZCDF4,CORAL PRINCESS,56.20074,-132.8864,17.7,152.6
2012-06-09 12:17:05,2012-06-09 03:17:05,310376000,9229659,ZCDF4,CORAL PRINCESS,56.1964,-132.8824,17.6,152.6
2012-06-09 12:18:05,2012-06-09 03:18:05,310376000,9229659,ZCDF4,CORAL PRINCESS,56.19207,-132.8784,17.6,152.6
2012-06-09 12:19:00,2012-06-09 03:19:00,310376000,9229659,ZCDF4,CORAL PRINCESS,56.18819,-132.8749,17.6,153.0
2012-06-09 12:20:04,2012-06-09 03:20:04,310376000,9229659,ZCDF4,CORAL PRINCESS,56.1834,-132.8705,17.5,152.6
2012-06-09 12:21:05,2012-06-09 03:21:05,310376000,9229659,ZCDF4,CORAL PRINCESS,56.17911,-132.8666,17.4,153.0
2012-06-09 12:22:05,2012-06-09 03:22:05,310376000,9229659,ZCDF4,CORAL PRINCESS,56.17484,-132.8627,17.4,153.0
2012-06-09 12:23:05,2012-06-09 03:23:05,310376000,9229659,ZCDF4,CORAL PRINCESS,56.17057,-132.8588,17.4,152.6
2012-06-09 12:24:05,2012-06-09 03:24:05,310376000,9229659,ZCDF4,CORAL PRINCESS,56.16617,-132.8548,17.4,152.6
2012-06-09 12:25:05,2012-06-09 03:25:05,310376000,9229659,ZCDF4,CORAL PRINCESS,56.16193,-132.8507,17.4,151.3
2012-06-09 12:26:05,2012-06-09 03:26:05,310376000,9229659,ZCDF4,CORAL PRINCESS,56.15783,-132.8463,17.3,147.6
2012-06-09 12:27:05,2012-06-09 03:27:05,310376000,9229659,ZCDF4,CORAL PRINCESS,56.15377,-132.8418,17.2,148.6
2012-06-09 12:28:05,2012-06-09 03:28:05,310376000,9229659,ZCDF4,CORAL PRINCESS,56.14965,-132.8373,17.2,147.6
2012-06-09 12:29:05,2012-06-09 03:29:05,310376000,9229659,ZCDF4,CORAL PRINCESS,56.14561,-132.8328,17.3,147.6
2012-06-09 12:30:05,2012-06-09 03:30:05,310376000,9229659,ZCDF4,CORAL PRINCESS,56.14145,-132.8282,17.3,147.6
2012-06-09 12:31:05,2012-06-09 03:31:05,310376000,9229659,ZCDF4,CORAL PRINCESS,56.13744,-132.8238,17.3,147.6
2012-06-09 12:32:05,2012-06-09 03:32:05,310376000,9229659,ZCDF4,CORAL PRINCESS,56.13337,-132.8193,17.3,147.6
2012-06-09 12:33:05,2012-06-09 03:33:05,310376000,9229659,ZCDF4,CORAL PRINCESS,56.12925,-132.8148,17.3,147.6
2012-06-09 12:34:05,2012-06-09 03:34:05,310376000,9229659,ZCDF4,CORAL PRINCESS,56.1252,-132.8103,17.3,147.6
2012-06-09 12:35:05,2012-06-09 03:35:05,310376000,9229659,ZCDF4,CORAL PRINCESS,56.12112,-132.8057,17.4,147.6
2012-06-09 12:36:05,2012-06-09 03:36:05,310376000,9229659,ZCDF4,CORAL PRINCESS,56.11696,-132.8011,17.5,147.6
2012-06-09 12:37:05,2012-06-09 03:37:05,310376000,9229659,ZCDF4,CORAL PRINCESS,56.11283,-132.7965,17.6,147.6
2012-06-09 12:38:05,2012-06-09 03:38:05,310376000,9229659,ZCDF4,CORAL PRINCESS,56.10879,-132.7916,17.6,145.3
2012-06-09 12:39:00,2012-06-09 03:39:00,310376000,9229659,ZCDF4,CORAL PRINCESS,56.10521,-132.7869,17.7,144.3
2012-06-09 12:40:05,2012-06-09 03:40:05,310376000,9229659,ZCDF4,CORAL PRINCESS,56.10077,-132.7815,17.7,147.3
2012-06-09 12:41:05,2012-06-09 03:41:05,310376000,9229659,ZCDF4,CORAL PRINCESS,56.09655,-132.7767,17.8,148.0
2012-06-09 12:42:11,2012-06-09 03:42:11,310376000,9229659,ZCDF4,CORAL PRINCESS,56.09193,-132.7717,17.8,147.6
2012-06-09 12:43:05,2012-06-09 03:43:05,310376000,9229659,ZCDF4,CORAL PRINCESS,56.08815,-132.7675,17.9,147.6
2012-06-09 12:44:05,2012-06-09 03:44:05,310376000,9229659,ZCDF4,CORAL PRINCESS,56.08401,-132.7629,17.9,147.6
2012-06-09 12:45:05,2012-06-09 03:45:05,310376000,9229659,ZCDF4,CORAL PRINCESS,56.07972,-132.7582,17.9,147.6
2012-06-09 12:46:04,2012-06-09 03:46:04,310376000,9229659,ZCDF4,CORAL PRINCESS,56.07552,-132.7535,17.9,147.6
2012-06-09 12:47:05,2012-06-09 03:47:05,310376000,9229659,ZCDF4,CORAL PRINCESS,56.07134,-132.7489,17.9,147.6
2012-06-09 12:48:05,2012-06-09 03:48:05,310376000,9229659,ZCDF4,CORAL PRINCESS,56.06709,-132.7441,17.8,147.6
2012-06-09 12:49:05,2012-06-09 03:49:05,310376000,9229659,ZCDF4,CORAL PRINCESS,56.06291,-132.7394,17.9,147.6
2012-06-09 12:50:05,2012-06-09 03:50:05,310376000,9229659,ZCDF4,CORAL PRINCESS,56.05875,-132.7347,17.9,148.0
2012-06-09 12:51:06,2012-06-09 03:51:06,310376000,9229659,ZCDF4,CORAL PRINCESS,56.05449,-132.73,17.9,147.6
2012-06-09 12:52:11,2012-06-09 03:52:11,310376000,9229659,ZCDF4,CORAL PRINCESS,56.04985,-132.7248,17.9,147.6
2012-06-09 12:53:05,2012-06-09 03:53:05,310376000,9229659,ZCDF4,CORAL PRINCESS,56.04609,-132.7206,17.9,147.6
2012-06-09 12:54:05,2012-06-09 03:54:05,310376000,9229659,ZCDF4,CORAL PRINCESS,56.04184,-132.7158,17.9,147.6
2012-06-09 12:55:11,2012-06-09 03:55:11,310376000,9229659,ZCDF4,CORAL PRINCESS,56.03721,-132.7106,17.9,147.6
2012-06-09 12:56:05,2012-06-09 03:56:05,310376000,9229659,ZCDF4,CORAL PRINCESS,56.03345,-132.7065,17.9,147.6
2012-06-09 12:57:06,2012-06-09 03:57:06,310376000,9229659,ZCDF4,CORAL PRINCESS,56.02922,-132.7017,17.8,148.0
2012-06-09 12:58:06,2012-06-09 03:58:06,310376000,9229659,ZCDF4,CORAL PRINCESS,56.02504,-132.697,17.9,147.0
2012-06-09 12:59:05,2012-06-09 03:59:05,310376000,9229659,ZCDF4,CORAL PRINCESS,56.02081,-132.6922,17.9,147.6
2012-06-09 13:00:11,2012-06-09 04:00:11,310376000,9229659,ZCDF4,CORAL PRINCESS,56.01619,-132.6871,17.9,148.0
2012-06-09 13:01:05,2012-06-09 04:01:05,310376000,9229659,ZCDF4,CORAL PRINCESS,56.01243,-132.6829,17.9,148.0
2012-06-09 13:02:00,2012-06-09 04:02:00,310376000,9229659,ZCDF4,CORAL PRINCESS,56.00855,-132.6786,18.0,148.0
2012-06-09 13:03:05,2012-06-09 04:03:05,310376000,9229659,ZCDF4,CORAL PRINCESS,56.0039,-132.6735,18.0,148.9
2012-06-09 13:04:05,2012-06-09 04:04:05,310376000,9229659,ZCDF4,CORAL PRINCESS,55.99971,-132.669,18.0,148.9
2012-06-09 13:05:05,2012-06-09 04:05:05,310376000,9229659,ZCDF4,CORAL PRINCESS,55.99538,-132.6643,18.1,148.9
2012-06-09 13:06:05,2012-06-09 04:06:05,310376000,9229659,ZCDF4,CORAL PRINCESS,55.99113,-132.6596,18.2,148.0
2012-06-09 13:07:05,2012-06-09 04:07:05,310376000,9229659,ZCDF4,CORAL PRINCESS,55.98679,-132.6548,18.2,148.0
2012-06-09 13:08:00,2012-06-09 04:08:00,310376000,9229659,ZCDF4,CORAL PRINCESS,55.98288,-132.6505,18.3,148.0
2012-06-09 13:09:06,2012-06-09 04:09:06,310376000,9229659,ZCDF4,CORAL PRINCESS,55.97824,-132.6454,18.3,148.0
2012-06-09 13:10:01,2012-06-09 04:10:01,310376000,9229659,ZCDF4,CORAL PRINCESS,55.97422,-132.641,18.3,148.0
2012-06-09 13:11:05,2012-06-09 04:11:05,310376000,9229659,ZCDF4,CORAL PRINCESS,55.96957,-132.6359,18.3,148.9
2012-06-09 13:12:04,2012-06-09 04:12:04,310376000,9229659,ZCDF4,CORAL PRINCESS,55.96535,-132.6313,18.3,148.9
2012-06-09 13:13:04,2012-06-09 04:13:04,310376000,9229659,ZCDF4,CORAL PRINCESS,55.96096,-132.6266,18.3,148.9
2012-06-09 13:14:00,2012-06-09 04:14:00,310376000,9229659,ZCDF4,CORAL PRINCESS,55.95699,-132.6224,18.3,148.9
2012-06-09 13:15:00,2012-06-09 04:15:00,310376000,9229659,ZCDF4,CORAL PRINCESS,55.95258,-132.6176,18.4,148.9
2012-06-09 13:16:04,2012-06-09 04:16:04,310376000,9229659,ZCDF4,CORAL PRINCESS,55.94793,-132.6125,18.4,148.0
2012-06-09 13:17:04,2012-06-09 04:17:04,310376000,9229659,ZCDF4,CORAL PRINCESS,55.94353,-132.6077,18.4,148.0
2012-06-09 13:18:05,2012-06-09 04:18:05,310376000,9229659,ZCDF4,CORAL PRINCESS,55.93914,-132.6028,18.4,148.0
2012-06-09 13:19:05,2012-06-09 04:19:05,310376000,9229659,ZCDF4,CORAL PRINCESS,55.93482,-132.598,18.5,148.0
2012-06-09 13:20:10,2012-06-09 04:20:10,310376000,9229659,ZCDF4,CORAL PRINCESS,55.92995,-132.5927,18.6,148.0
2012-06-09 13:21:05,2012-06-09 04:21:05,310376000,9229659,ZCDF4,CORAL PRINCESS,55.92604,-132.5884,18.6,148.0
2012-06-09 13:22:05,2012-06-09 04:22:05,310376000,9229659,ZCDF4,CORAL PRINCESS,55.92168,-132.5836,18.6,148.0
2012-06-09 13:23:29,2012-06-09 04:23:29,310376000,9229659,ZCDF4,CORAL PRINCESS,55.91557,-132.5769,18.6,148.0
2012-06-09 13:24:07,2012-06-09 04:24:07,310376000,9229659,ZCDF4,CORAL PRINCESS,55.91296,-132.574,18.6,148.0
2012-06-09 13:25:35,2012-06-09 04:25:35,310376000,9229659,ZCDF4,CORAL PRINCESS,55.90639,-132.5667,18.5,148.0
2012-06-09 13:26:18,2012-06-09 04:26:18,310376000,9229659,ZCDF4,CORAL PRINCESS,55.90327,-132.5632,18.6,148.0
2012-06-09 13:27:12,2012-06-09 04:27:12,310376000,9229659,ZCDF4,CORAL PRINCESS,55.89937,-132.5589,18.5,148.0
2012-06-09 13:28:00,2012-06-09 04:28:00,310376000,9229659,ZCDF4,CORAL PRINCESS,55.89597,-132.5551,18.6,148.0
2012-06-09 13:29:05,2012-06-09 04:29:05,310376000,9229659,ZCDF4,CORAL PRINCESS,55.89104,-132.5496,18.6,148.0
2012-06-09 13:30:05,2012-06-09 04:30:05,310376000,9229659,ZCDF4,CORAL PRINCESS,55.88668,-132.5448,18.6,148.0
2012-06-09 13:31:05,2012-06-09 04:31:05,310376000,9229659,ZCDF4,CORAL PRINCESS,55.88231,-132.5399,18.7,148.0
2012-06-09 13:32:11,2012-06-09 04:32:11,310376000,9229659,ZCDF4,CORAL PRINCESS,55.87749,-132.5347,18.7,148.0
2012-06-09 13:33:00,2012-06-09 04:33:00,310376000,9229659,ZCDF4,CORAL PRINCESS,55.87405,-132.5309,18.7,148.0
2012-06-09 13:34:05,2012-06-09 04:34:05,310376000,9229659,ZCDF4,CORAL PRINCESS,55.86909,-132.5254,18.7,148.0
2012-06-09 13:35:34,2012-06-09 04:35:34,310376000,9229659,ZCDF4,CORAL PRINCESS,55.8626,-132.5182,18.7,148.0
2012-06-09 13:36:05,2012-06-09 04:36:05,310376000,9229659,ZCDF4,CORAL PRINCESS,55.86034,-132.5156,18.7,148.0
2012-06-09 13:37:00,2012-06-09 04:37:00,310376000,9229659,ZCDF4,CORAL PRINCESS,55.8563,-132.5112,18.7,148.0
2012-06-09 13:38:00,2012-06-09 04:38:00,310376000,9229659,ZCDF4,CORAL PRINCESS,55.85189,-132.5063,18.7,148.0
2012-06-09 13:39:05,2012-06-09 04:39:05,310376000,9229659,ZCDF4,CORAL PRINCESS,55.84707,-132.501,18.7,148.0
2012-06-09 13:40:17,2012-06-09 04:40:17,310376000,9229659,ZCDF4,CORAL PRINCESS,55.84182,-132.4952,18.7,148.0
2012-06-09 13:41:06,2012-06-09 04:41:06,310376000,9229659,ZCDF4,CORAL PRINCESS,55.83826,-132.4912,18.6,147.6
2012-06-09 13:42:36,2012-06-09 04:42:36,310376000,9229659,ZCDF4,CORAL PRINCESS,55.83173,-132.4839,18.6,148.0
2012-06-09 13:43:23,2012-06-09 04:43:23,310376000,9229659,ZCDF4,CORAL PRINCESS,55.82828,-132.4801,18.6,148.0
2012-06-09 13:44:00,2012-06-09 04:44:00,310376000,9229659,ZCDF4,CORAL PRINCESS,55.82559,-132.4771,18.6,148.0
2012-06-09 13:45:11,2012-06-09 04:45:11,310376000,9229659,ZCDF4,CORAL PRINCESS,55.82046,-132.4713,18.6,148.0
2012-06-09 13:46:04,2012-06-09 04:46:04,310376000,9229659,ZCDF4,CORAL PRINCESS,55.81648,-132.4669,18.5,148.0
2012-06-09 13:47:04,2012-06-09 04:47:04,310376000,9229659,ZCDF4,CORAL PRINCESS,55.81215,-132.4621,18.5,148.0
2012-06-09 13:48:06,2012-06-09 04:48:06,310376000,9229659,ZCDF4,CORAL PRINCESS,55.8078,-132.4574,18.4,147.6
2012-06-09 13:49:12,2012-06-09 04:49:12,310376000,9229659,ZCDF4,CORAL PRINCESS,55.80299,-132.4521,18.4,148.0
2012-06-09 13:50:17,2012-06-09 04:50:17,310376000,9229659,ZCDF4,CORAL PRINCESS,55.79828,-132.4469,18.3,148.0
2012-06-09 13:51:11,2012-06-09 04:51:11,310376000,9229659,ZCDF4,CORAL PRINCESS,55.79436,-132.4426,18.3,148.0
2012-06-09 13:52:04,2012-06-09 04:52:04,310376000,9229659,ZCDF4,CORAL PRINCESS,55.7906,-132.4383,18.2,148.0
2012-06-09 13:53:04,2012-06-09 04:53:04,310376000,9229659,ZCDF4,CORAL PRINCESS,55.78636,-132.4335,18.2,148.0
2012-06-09 13:54:05,2012-06-09 04:54:05,310376000,9229659,ZCDF4,CORAL PRINCESS,55.78204,-132.4287,18.2,147.6
2012-06-09 13:55:06,2012-06-09 04:55:06,310376000,9229659,ZCDF4,CORAL PRINCESS,55.7778,-132.424,18.2,148.0
2012-06-09 13:56:04,2012-06-09 04:56:04,310376000,9229659,ZCDF4,CORAL PRINCESS,55.77358,-132.4192,18.2,148.0
2012-06-09 13:57:04,2012-06-09 04:57:04,310376000,9229659,ZCDF4,CORAL PRINCESS,55.76924,-132.4145,18.2,149.0
2012-06-09 13:58:04,2012-06-09 04:58:04,310376000,9229659,ZCDF4,CORAL PRINCESS,55.7648,-132.41,18.2,150.6
2012-06-09 13:59:04,2012-06-09 04:59:04,310376000,9229659,ZCDF4,CORAL PRINCESS,55.7604,-132.4057,18.2,151.0
2012-06-09 14:00:04,2012-06-09 05:00:04,310376000,9229659,ZCDF4,CORAL PRINCESS,55.75598,-132.4015,18.3,150.6
2012-06-09 14:01:05,2012-06-09 05:01:05,310376000,9229659,ZCDF4,CORAL PRINCESS,55.75148,-132.3971,18.3,151.0
2012-06-09 14:02:04,2012-06-09 05:02:04,310376000,9229659,ZCDF4,CORAL PRINCESS,55.74706,-132.3927,18.3,151.0
2012-06-09 14:03:05,2012-06-09 05:03:05,310376000,9229659,ZCDF4,CORAL PRINCESS,55.74259,-132.3883,18.3,151.0
2012-06-09 14:04:05,2012-06-09 05:04:05,310376000,9229659,ZCDF4,CORAL PRINCESS,55.73818,-132.3839,18.3,150.6
2012-06-09 14:05:05,2012-06-09 05:05:05,310376000,9229659,ZCDF4,CORAL PRINCESS,55.73378,-132.3796,18.2,150.6
2012-06-09 14:06:05,2012-06-09 05:06:05,310376000,9229659,ZCDF4,CORAL PRINCESS,55.72934,-132.3752,18.2,149.7
2012-06-09 14:07:00,2012-06-09 05:07:00,310376000,9229659,ZCDF4,CORAL PRINCESS,55.72538,-132.3712,18.3,150.6
2012-06-09 14:08:05,2012-06-09 05:08:05,310376000,9229659,ZCDF4,CORAL PRINCESS,55.7205,-132.3663,18.3,149.7
2012-06-09 14:09:05,2012-06-09 05:09:05,310376000,9229659,ZCDF4,CORAL PRINCESS,55.71612,-132.3619,18.3,149.7
2012-06-09 14:10:05,2012-06-09 05:10:05,310376000,9229659,ZCDF4,CORAL PRINCESS,55.7117,-132.3575,18.3,149.7
2012-06-09 14:11:05,2012-06-09 05:11:05,310376000,9229659,ZCDF4,CORAL PRINCESS,55.70726,-132.353,18.3,150.6
2012-06-09 14:12:05,2012-06-09 05:12:05,310376000,9229659,ZCDF4,CORAL PRINCESS,55.70285,-132.3485,18.3,150.0
2012-06-09 14:13:04,2012-06-09 05:13:04,310376000,9229659,ZCDF4,CORAL PRINCESS,55.69835,-132.3441,18.4,150.6
2012-06-09 14:14:05,2012-06-09 05:14:05,310376000,9229659,ZCDF4,CORAL PRINCESS,55.69393,-132.3396,18.4,150.0
2012-06-09 14:15:05,2012-06-09 05:15:05,310376000,9229659,ZCDF4,CORAL PRINCESS,55.68953,-132.3352,18.4,149.7
2012-06-09 14:16:11,2012-06-09 05:16:11,310376000,9229659,ZCDF4,CORAL PRINCESS,55.68459,-132.3302,18.4,150.6
2012-06-09 14:17:05,2012-06-09 05:17:05,310376000,9229659,ZCDF4,CORAL PRINCESS,55.68063,-132.3263,18.3,149.7
2012-06-09 14:18:05,2012-06-09 05:18:05,310376000,9229659,ZCDF4,CORAL PRINCESS,55.67624,-132.3219,18.3,150.6
2012-06-09 14:19:05,2012-06-09 05:19:05,310376000,9229659,ZCDF4,CORAL PRINCESS,55.67186,-132.3175,18.2,149.7
2012-06-09 14:20:05,2012-06-09 05:20:05,310376000,9229659,ZCDF4,CORAL PRINCESS,55.66749,-132.3132,18.2,150.6
2012-06-09 14:21:04,2012-06-09 05:21:04,310376000,9229659,ZCDF4,CORAL PRINCESS,55.66304,-132.3087,18.2,150.6
2012-06-09 14:22:04,2012-06-09 05:22:04,310376000,9229659,ZCDF4,CORAL PRINCESS,55.65868,-132.3044,18.2,151.0
2012-06-09 14:23:05,2012-06-09 05:23:05,310376000,9229659,ZCDF4,CORAL PRINCESS,55.65422,-132.3,18.3,151.0
2012-06-09 14:24:01,2012-06-09 05:24:01,310376000,9229659,ZCDF4,CORAL PRINCESS,55.6502,-132.296,18.2,150.6
2012-06-09 14:25:00,2012-06-09 05:25:00,310376000,9229659,ZCDF4,CORAL PRINCESS,55.64574,-132.2917,18.2,151.0
2012-06-09 14:26:05,2012-06-09 05:26:05,310376000,9229659,ZCDF4,CORAL PRINCESS,55.64099,-132.287,18.1,150.6
2012-06-09 14:27:04,2012-06-09 05:27:04,310376000,9229659,ZCDF4,CORAL PRINCESS,55.63662,-132.2828,18.1,151.0
2012-06-09 14:28:04,2012-06-09 05:28:04,310376000,9229659,ZCDF4,CORAL PRINCESS,55.63219,-132.2785,18.1,151.0
2012-06-09 14:29:05,2012-06-09 05:29:05,310376000,9229659,ZCDF4,CORAL PRINCESS,55.62777,-132.2742,18.2,151.9
2012-06-09 14:30:04,2012-06-09 05:30:04,310376000,9229659,ZCDF4,CORAL PRINCESS,55.62336,-132.27,18.2,151.9
2012-06-09 14:31:04,2012-06-09 05:31:04,310376000,9229659,ZCDF4,CORAL PRINCESS,55.61896,-132.2658,18.2,151.9
2012-06-09 14:32:05,2012-06-09 05:32:05,310376000,9229659,ZCDF4,CORAL PRINCESS,55.61447,-132.2615,18.3,151.0
2012-06-09 14:33:05,2012-06-09 05:33:05,310376000,9229659,ZCDF4,CORAL PRINCESS,55.60995,-132.2572,18.4,151.9
2012-06-09 14:34:05,2012-06-09 05:34:05,310376000,9229659,ZCDF4,CORAL PRINCESS,55.60546,-132.2529,18.5,151.9
2012-06-09 14:35:05,2012-06-09 05:35:05,310376000,9229659,ZCDF4,CORAL PRINCESS,55.60087,-132.2485,18.6,151.6
2012-06-09 14:36:05,2012-06-09 05:36:05,310376000,9229659,ZCDF4,CORAL PRINCESS,55.59634,-132.2442,18.6,151.6
2012-06-09 14:37:05,2012-06-09 05:37:05,310376000,9229659,ZCDF4,CORAL PRINCESS,55.5918,-132.24,18.6,151.9
2012-06-09 14:38:05,2012-06-09 05:38:05,310376000,9229659,ZCDF4,CORAL PRINCESS,55.58722,-132.2356,18.6,151.5
2012-06-09 14:39:04,2012-06-09 05:39:04,310376000,9229659,ZCDF4,CORAL PRINCESS,55.58289,-132.231,18.6,147.2
2012-06-09 14:40:04,2012-06-09 05:40:04,310376000,9229659,ZCDF4,CORAL PRINCESS,55.57872,-132.2257,18.6,143.1
2012-06-09 14:41:04,2012-06-09 05:41:04,310376000,9229659,ZCDF4,CORAL PRINCESS,55.57475,-132.2197,18.5,138.4
2012-06-09 14:42:05,2012-06-09 05:42:05,310376000,9229659,ZCDF4,CORAL PRINCESS,55.57116,-132.2133,18.5,133.5
2012-06-09 14:43:05,2012-06-09 05:43:05,310376000,9229659,ZCDF4,CORAL PRINCESS,55.56765,-132.2067,18.6,132.6
2012-06-09 14:44:05,2012-06-09 05:44:05,310376000,9229659,ZCDF4,CORAL PRINCESS,55.5641,-132.1999,18.6,132.9
2012-06-09 14:45:05,2012-06-09 05:45:05,310376000,9229659,ZCDF4,CORAL PRINCESS,55.56061,-132.1933,18.7,132.9
2012-06-09 14:46:05,2012-06-09 05:46:05,310376000,9229659,ZCDF4,CORAL PRINCESS,55.55707,-132.1865,18.7,132.9
2012-06-09 14:47:05,2012-06-09 05:47:05,310376000,9229659,ZCDF4,CORAL PRINCESS,55.55357,-132.1798,18.7,132.6
2012-06-09 14:48:05,2012-06-09 05:48:05,310376000,9229659,ZCDF4,CORAL PRINCESS,55.55009,-132.1731,18.6,132.9
2012-06-09 14:49:05,2012-06-09 05:49:05,310376000,9229659,ZCDF4,CORAL PRINCESS,55.54659,-132.1663,18.6,132.0
2012-06-09 14:50:05,2012-06-09 05:50:05,310376000,9229659,ZCDF4,CORAL PRINCESS,55.54312,-132.1597,18.6,131.6
2012-06-09 14:51:05,2012-06-09 05:51:05,310376000,9229659,ZCDF4,CORAL PRINCESS,55.53962,-132.1529,18.6,132.0
2012-06-09 14:52:05,2012-06-09 05:52:05,310376000,9229659,ZCDF4,CORAL PRINCESS,55.5362,-132.1461,18.5,131.0
2012-06-09 14:53:05,2012-06-09 05:53:05,310376000,9229659,ZCDF4,CORAL PRINCESS,55.53302,-132.1391,18.4,128.2
2012-06-09 14:54:05,2012-06-09 05:54:05,310376000,9229659,ZCDF4,CORAL PRINCESS,55.5301,-132.1318,18.2,124.6
2012-06-09 14:55:05,2012-06-09 05:55:05,310376000,9229659,ZCDF4,CORAL PRINCESS,55.52728,-132.1244,18.2,123.6
2012-06-09 14:56:05,2012-06-09 05:56:05,310376000,9229659,ZCDF4,CORAL PRINCESS,55.52449,-132.1171,18.1,123.6
2012-06-09 14:57:05,2012-06-09 05:57:05,310376000,9229659,ZCDF4,CORAL PRINCESS,55.52164,-132.1096,18.1,123.6
2012-06-09 14:58:05,2012-06-09 05:58:05,310376000,9229659,ZCDF4,CORAL PRINCESS,55.51886,-132.1024,18.1,124.6
2012-06-09 14:59:05,2012-06-09 05:59:05,310376000,9229659,ZCDF4,CORAL PRINCESS,55.51606,-132.0951,18.0,124.0
2012-06-09 15:00:05,2012-06-09 06:00:05,310376000,9229659,ZCDF4,CORAL PRINCESS,55.51326,-132.0878,18.0,124.0
2012-06-09 15:01:05,2012-06-09 06:01:05,310376000,9229659,ZCDF4,CORAL PRINCESS,55.51048,-132.0806,18.0,124.0
2012-06-09 15:02:05,2012-06-09 06:02:05,310376000,9229659,ZCDF4,CORAL PRINCESS,55.50769,-132.0734,18.0,124.0
2012-06-09 15:03:04,2012-06-09 06:03:04,310376000,9229659,ZCDF4,CORAL PRINCESS,55.50486,-132.066,18.0,123.6
2012-06-09 15:04:00,2012-06-09 06:04:00,310376000,9229659,ZCDF4,CORAL PRINCESS,55.50234,-132.0594,18.1,123.6
2012-06-09 15:05:05,2012-06-09 06:05:05,310376000,9229659,ZCDF4,CORAL PRINCESS,55.49925,-132.0514,18.1,124.0
2012-06-09 15:06:05,2012-06-09 06:06:05,310376000,9229659,ZCDF4,CORAL PRINCESS,55.49642,-132.044,18.1,124.0
2012-06-09 15:07:05,2012-06-09 06:07:05,310376000,9229659,ZCDF4,CORAL PRINCESS,55.49368,-132.0367,18.0,122.9
2012-06-09 15:08:05,2012-06-09 06:08:05,310376000,9229659,ZCDF4,CORAL PRINCESS,55.49112,-132.0291,18.0,119.9
2012-06-09 15:09:05,2012-06-09 06:09:05,310376000,9229659,ZCDF4,CORAL PRINCESS,55.48889,-132.0213,18.0,115.2
2012-06-09 15:10:05,2012-06-09 06:10:05,310376000,9229659,ZCDF4,CORAL PRINCESS,55.487,-132.0132,17.9,110.6
2012-06-09 15:11:05,2012-06-09 06:11:05,310376000,9229659,ZCDF4,CORAL PRINCESS,55.48545,-132.0048,17.9,107.2
2012-06-09 15:12:05,2012-06-09 06:12:05,310376000,9229659,ZCDF4,CORAL PRINCESS,55.48408,-131.9965,17.9,105.9
2012-06-09 15:13:05,2012-06-09 06:13:05,310376000,9229659,ZCDF4,CORAL PRINCESS,55.48272,-131.9883,17.9,105.9
2012-06-09 15:14:04,2012-06-09 06:14:04,310376000,9229659,ZCDF4,CORAL PRINCESS,55.48133,-131.9798,17.9,105.9
2012-06-09 15:15:05,2012-06-09 06:15:05,310376000,9229659,ZCDF4,CORAL PRINCESS,55.47996,-131.9715,17.9,106.2
2012-06-09 15:16:05,2012-06-09 06:16:05,310376000,9229659,ZCDF4,CORAL PRINCESS,55.47859,-131.9629,18.0,105.9
2012-06-09 15:17:04,2012-06-09 06:17:04,310376000,9229659,ZCDF4,CORAL PRINCESS,55.47721,-131.9545,18.0,105.9
2012-06-09 15:18:04,2012-06-09 06:18:04,310376000,9229659,ZCDF4,CORAL PRINCESS,55.47575,-131.9462,18.0,107.9
2012-06-09 15:19:05,2012-06-09 06:19:05,310376000,9229659,ZCDF4,CORAL PRINCESS,55.47399,-131.9378,17.6,110.9
2012-06-09 15:20:05,2012-06-09 06:20:05,310376000,9229659,ZCDF4,CORAL PRINCESS,55.47204,-131.9301,17.2,114.9
2012-06-09 15:21:05,2012-06-09 06:21:05,310376000,9229659,ZCDF4,CORAL PRINCESS,55.46988,-131.9227,16.7,117.7
2012-06-09 15:22:05,2012-06-09 06:22:05,310376000,9229659,ZCDF4,CORAL PRINCESS,55.46778,-131.9157,16.2,117.7
2012-06-09 15:23:05,2012-06-09 06:23:05,310376000,9229659,ZCDF4,CORAL PRINCESS,55.46579,-131.909,15.6,117.1
2012-06-09 15:24:05,2012-06-09 06:24:05,310376000,9229659,ZCDF4,CORAL PRINCESS,55.46382,-131.9024,14.9,117.9
2012-06-09 15:25:05,2012-06-09 06:25:05,310376000,9229659,ZCDF4,CORAL PRINCESS,55.462,-131.8961,14.2,117.2
2012-06-09 15:26:05,2012-06-09 06:26:05,310376000,9229659,ZCDF4,CORAL PRINCESS,55.46029,-131.8903,13.3,116.8
2012-06-09 15:27:05,2012-06-09 06:27:05,310376000,9229659,ZCDF4,CORAL PRINCESS,55.45863,-131.8848,12.3,118.4
2012-06-09 15:28:05,2012-06-09 06:28:05,310376000,9229659,ZCDF4,CORAL PRINCESS,55.45691,-131.8799,11.6,123.4
2012-06-09 15:29:07,2012-06-09 06:29:07,310376000,9229659,ZCDF4,CORAL PRINCESS,55.45498,-131.8754,11.1,129.0
2012-06-09 15:30:07,2012-06-09 06:30:07,310376000,9229659,ZCDF4,CORAL PRINCESS,55.45296,-131.8713,10.8,131.5
2012-06-09 15:31:07,2012-06-09 06:31:07,310376000,9229659,ZCDF4,CORAL PRINCESS,55.45096,-131.8675,10.7,131.6
2012-06-09 15:32:07,2012-06-09 06:32:07,310376000,9229659,ZCDF4,CORAL PRINCESS,55.44898,-131.8635,10.8,131.1
2012-06-09 15:33:07,2012-06-09 06:33:07,310376000,9229659,ZCDF4,CORAL PRINCESS,55.44704,-131.8594,10.9,129.6
2012-06-09 15:34:08,2012-06-09 06:34:08,310376000,9229659,ZCDF4,CORAL PRINCESS,55.44519,-131.8553,10.9,128.1
2012-06-09 15:35:07,2012-06-09 06:35:07,310376000,9229659,ZCDF4,CORAL PRINCESS,55.4433,-131.851,10.9,128.1
2012-06-09 15:36:06,2012-06-09 06:36:06,310376000,9229659,ZCDF4,CORAL PRINCESS,55.44151,-131.8469,10.9,127.0
2012-06-09 15:37:06,2012-06-09 06:37:06,310376000,9229659,ZCDF4,CORAL PRINCESS,55.43972,-131.8427,10.9,127.0
2012-06-09 15:38:06,2012-06-09 06:38:06,310376000,9229659,ZCDF4,CORAL PRINCESS,55.43789,-131.8383,10.9,126.0
2012-06-09 15:39:06,2012-06-09 06:39:06,310376000,9229659,ZCDF4,CORAL PRINCESS,55.43608,-131.8341,10.9,127.5
2012-06-09 15:40:06,2012-06-09 06:40:06,310376000,9229659,ZCDF4,CORAL PRINCESS,55.43423,-131.8299,10.9,128.0
2012-06-09 15:41:00,2012-06-09 06:41:00,310376000,9229659,ZCDF4,CORAL PRINCESS,55.43392,-131.8292,10.9,128.0
2012-06-09 15:42:06,2012-06-09 06:42:06,310376000,9229659,ZCDF4,CORAL PRINCESS,55.4304,-131.8217,10.9,130.0
2012-06-09 15:43:06,2012-06-09 06:43:06,310376000,9229659,ZCDF4,CORAL PRINCESS,55.42844,-131.8176,11.0,130.0
2012-06-09 15:44:07,2012-06-09 06:44:07,310376000,9229659,ZCDF4,CORAL PRINCESS,55.42644,-131.8134,11.0,130.0
2012-06-09 15:45:07,2012-06-09 06:45:07,310376000,9229659,ZCDF4,CORAL PRINCESS,55.42448,-131.8093,11.0,130.0
2012-06-09 15:46:07,2012-06-09 06:46:07,310376000,9229659,ZCDF4,CORAL PRINCESS,55.42255,-131.8053,11.0,129.4
2012-06-09 15:47:07,2012-06-09 06:47:07,310376000,9229659,ZCDF4,CORAL PRINCESS,55.42045,-131.8013,10.9,133.9
2012-06-09 15:48:07,2012-06-09 06:48:07,310376000,9229659,ZCDF4,CORAL PRINCESS,55.41827,-131.7977,10.8,138.4
2012-06-09 15:49:07,2012-06-09 06:49:07,310376000,9229659,ZCDF4,CORAL PRINCESS,55.41595,-131.7944,10.8,142.8
2012-06-09 15:50:07,2012-06-09 06:50:07,310376000,9229659,ZCDF4,CORAL PRINCESS,55.41344,-131.7915,10.7,147.8
2012-06-09 15:51:07,2012-06-09 06:51:07,310376000,9229659,ZCDF4,CORAL PRINCESS,55.41086,-131.7891,10.6,152.8
2012-06-09 15:52:07,2012-06-09 06:52:07,310376000,9229659,ZCDF4,CORAL PRINCESS,55.40825,-131.7868,10.5,154.4
2012-06-09 15:53:07,2012-06-09 06:53:07,310376000,9229659,ZCDF4,CORAL PRINCESS,55.40562,-131.7847,10.4,155.0
2012-06-09 15:54:07,2012-06-09 06:54:07,310376000,9229659,ZCDF4,CORAL PRINCESS,55.40299,-131.7825,10.4,153.0
2012-06-09 15:55:07,2012-06-09 06:55:07,310376000,9229659,ZCDF4,CORAL PRINCESS,55.40057,-131.7802,9.7,150.1
2012-06-09 15:56:07,2012-06-09 06:56:07,310376000,9229659,ZCDF4,CORAL PRINCESS,55.39845,-131.7777,9.2,146.8
2012-06-09 15:57:07,2012-06-09 06:57:07,310376000,9229659,ZCDF4,CORAL PRINCESS,55.39644,-131.7752,8.8,142.0
2012-06-09 15:58:06,2012-06-09 06:58:06,310376000,9229659,ZCDF4,CORAL PRINCESS,55.39465,-131.7724,8.4,137.0
2012-06-09 15:59:07,2012-06-09 06:59:07,310376000,9229659,ZCDF4,CORAL PRINCESS,55.3931,-131.7695,8.2,132.0
2012-06-09 16:00:07,2012-06-09 07:00:07,310376000,9229659,ZCDF4,CORAL PRINCESS,55.39162,-131.7665,8.1,130.7
2012-06-09 16:01:06,2012-06-09 07:01:06,310376000,9229659,ZCDF4,CORAL PRINCESS,55.39024,-131.7637,7.3,130.7
2012-06-09 16:02:07,2012-06-09 07:02:07,310376000,9229659,ZCDF4,CORAL PRINCESS,55.38899,-131.7612,6.7,130.8
2012-06-09 16:03:07,2012-06-09 07:03:07,310376000,9229659,ZCDF4,CORAL PRINCESS,55.38775,-131.7587,6.8,130.8
2012-06-09 16:04:06,2012-06-09 07:04:06,310376000,9229659,ZCDF4,CORAL PRINCESS,55.38646,-131.7562,6.9,132.0
2012-06-09 16:05:06,2012-06-09 07:05:06,310376000,9229659,ZCDF4,CORAL PRINCESS,55.38517,-131.7537,7.0,132.8
2012-06-09 16:06:07,2012-06-09 07:06:07,310376000,9229659,ZCDF4,CORAL PRINCESS,55.38383,-131.7512,7.1,132.8
2012-06-09 16:07:07,2012-06-09 07:07:07,310376000,9229659,ZCDF4,CORAL PRINCESS,55.38247,-131.7487,7.1,132.8
2012-06-09 16:08:07,2012-06-09 07:08:07,310376000,9229659,ZCDF4,CORAL PRINCESS,55.3811,-131.7462,7.2,132.7
2012-06-09 16:09:07,2012-06-09 07:09:07,310376000,9229659,ZCDF4,CORAL PRINCESS,55.37972,-131.7437,7.3,133.5
2012-06-09 16:10:07,2012-06-09 07:10:07,310376000,9229659,ZCDF4,CORAL PRINCESS,55.37833,-131.7411,7.3,133.5
2012-06-09 16:11:06,2012-06-09 07:11:06,310376000,9229659,ZCDF4,CORAL PRINCESS,55.37691,-131.7385,7.4,135.5
2012-06-09 16:12:06,2012-06-09 07:12:06,310376000,9229659,ZCDF4,CORAL PRINCESS,55.37543,-131.736,7.4,135.0
2012-06-09 16:13:06,2012-06-09 07:13:06,310376000,9229659,ZCDF4,CORAL PRINCESS,55.37398,-131.7335,7.3,134.7
2012-06-09 16:14:06,2012-06-09 07:14:06,310376000,9229659,ZCDF4,CORAL PRINCESS,55.37255,-131.731,7.3,134.7
2012-06-09 16:15:06,2012-06-09 07:15:06,310376000,9229659,ZCDF4,CORAL PRINCESS,55.37115,-131.7285,7.2,134.7
2012-06-09 16:16:06,2012-06-09 07:16:06,310376000,9229659,ZCDF4,CORAL PRINCESS,55.36971,-131.726,7.2,134.7
2012-06-09 16:17:06,2012-06-09 07:17:06,310376000,9229659,ZCDF4,CORAL PRINCESS,55.36831,-131.7236,7.2,134.7
2012-06-09 16:18:06,2012-06-09 07:18:06,310376000,9229659,ZCDF4,CORAL PRINCESS,55.36691,-131.7211,7.1,134.8
2012-06-09 16:19:06,2012-06-09 07:19:06,310376000,9229659,ZCDF4,CORAL PRINCESS,55.36551,-131.7187,7.1,136.6
2012-06-09 16:20:06,2012-06-09 07:20:06,310376000,9229659,ZCDF4,CORAL PRINCESS,55.36406,-131.7163,7.1,137.0
2012-06-09 16:21:06,2012-06-09 07:21:06,310376000,9229659,ZCDF4,CORAL PRINCESS,55.36263,-131.7139,7.1,136.8
2012-06-09 16:22:06,2012-06-09 07:22:06,310376000,9229659,ZCDF4,CORAL PRINCESS,55.36122,-131.7116,7.1,136.8
2012-06-09 16:23:06,2012-06-09 07:23:06,310376000,9229659,ZCDF4,CORAL PRINCESS,55.35975,-131.7092,7.1,136.0
2012-06-09 16:24:06,2012-06-09 07:24:06,310376000,9229659,ZCDF4,CORAL PRINCESS,55.35834,-131.7068,7.1,136.0
2012-06-09 16:25:06,2012-06-09 07:25:06,310376000,9229659,ZCDF4,CORAL PRINCESS,55.35691,-131.7044,7.1,136.8
2012-06-09 16:26:07,2012-06-09 07:26:07,310376000,9229659,ZCDF4,CORAL PRINCESS,55.35546,-131.702,7.2,136.7
2012-06-09 16:27:06,2012-06-09 07:27:06,310376000,9229659,ZCDF4,CORAL PRINCESS,55.35403,-131.6995,7.2,135.5
2012-06-09 16:28:06,2012-06-09 07:28:06,310376000,9229659,ZCDF4,CORAL PRINCESS,55.35264,-131.6971,7.2,134.5
2012-06-09 16:29:06,2012-06-09 07:29:06,310376000,9229659,ZCDF4,CORAL PRINCESS,55.35126,-131.6945,7.1,132.8
2012-06-09 16:30:06,2012-06-09 07:30:06,310376000,9229659,ZCDF4,CORAL PRINCESS,55.34998,-131.692,6.9,131.6
2012-06-09 16:31:07,2012-06-09 07:31:07,310376000,9229659,ZCDF4,CORAL PRINCESS,55.3488,-131.6895,6.5,126.2
2012-06-09 16:32:06,2012-06-09 07:32:06,310376000,9229659,ZCDF4,CORAL PRINCESS,55.34774,-131.687,6.2,127.8
2012-06-09 16:33:07,2012-06-09 07:33:07,310376000,9229659,ZCDF4,CORAL PRINCESS,55.34671,-131.6846,6.0,126.9
2012-06-09 16:34:06,2012-06-09 07:34:06,310376000,9229659,ZCDF4,CORAL PRINCESS,55.34581,-131.6823,5.6,122.0
2012-06-09 16:35:06,2012-06-09 07:35:06,310376000,9229659,ZCDF4,CORAL PRINCESS,55.34501,-131.6801,5.4,123.1
2012-06-09 16:36:07,2012-06-09 07:36:07,310376000,9229659,ZCDF4,CORAL PRINCESS,55.34436,-131.6779,5.1,114.1
2012-06-09 16:37:06,2012-06-09 07:37:06,310376000,9229659,ZCDF4,CORAL PRINCESS,55.34395,-131.6756,4.8,105.3
2012-06-09 16:38:06,2012-06-09 07:38:06,310376000,9229659,ZCDF4,CORAL PRINCESS,55.3437,-131.6734,4.6,99.7
2012-06-09 16:39:07,2012-06-09 07:39:07,310376000,9229659,ZCDF4,CORAL PRINCESS,55.34352,-131.6712,4.4,98.1
2012-06-09 16:40:07,2012-06-09 07:40:07,310376000,9229659,ZCDF4,CORAL PRINCESS,55.34341,-131.6691,4.3,94.9
2012-06-09 16:41:07,2012-06-09 07:41:07,310376000,9229659,ZCDF4,CORAL PRINCESS,55.34332,-131.667,4.1,94.7
2012-06-09 16:42:07,2012-06-09 07:42:07,310376000,9229659,ZCDF4,CORAL PRINCESS,55.34322,-131.6651,3.8,94.5
2012-06-09 16:43:07,2012-06-09 07:43:07,310376000,9229659,ZCDF4,CORAL PRINCESS,55.34315,-131.6634,3.6,95.5
2012-06-09 16:44:06,2012-06-09 07:44:06,310376000,9229659,ZCDF4,CORAL PRINCESS,55.34303,-131.6618,3.3,97.7
2012-06-09 16:45:06,2012-06-09 07:45:06,310376000,9229659,ZCDF4,CORAL PRINCESS,55.34291,-131.6603,3.0,98.9
2012-06-09 16:46:06,2012-06-09 07:46:06,310376000,9229659,ZCDF4,CORAL PRINCESS,55.34277,-131.659,2.5,101.2
2012-06-09 16:47:06,2012-06-09 07:47:06,310376000,9229659,ZCDF4,CORAL PRINCESS,55.34264,-131.6579,2.3,102.4
2012-06-09 16:48:06,2012-06-09 07:48:06,310376000,9229659,ZCDF4,CORAL PRINCESS,55.34253,-131.6568,2.0,97.1
2012-06-09 16:49:07,2012-06-09 07:49:07,310376000,9229659,ZCDF4,CORAL PRINCESS,55.3425,-131.6559,1.9,93.9
2012-06-09 16:50:06,2012-06-09 07:50:06,310376000,9229659,ZCDF4,CORAL PRINCESS,55.34245,-131.6549,2.0,96.8
2012-06-09 16:51:16,2012-06-09 07:51:16,310376000,9229659,ZCDF4,CORAL PRINCESS,55.34235,-131.654,1.5,102.5
2012-06-09 16:52:06,2012-06-09 07:52:06,310376000,9229659,ZCDF4,CORAL PRINCESS,55.34232,-131.6534,1.3,89.6
2012-06-09 16:53:16,2012-06-09 07:53:16,310376000,9229659,ZCDF4,CORAL PRINCESS,55.3423,-131.6529,1.0,80.3
2012-06-09 16:54:06,2012-06-09 07:54:06,310376000,9229659,ZCDF4,CORAL PRINCESS,55.34227,-131.6525,0.8,92.8
2012-06-09 16:55:06,2012-06-09 07:55:06,310376000,9229659,ZCDF4,CORAL PRINCESS,55.34224,-131.6521,1.0,80.0
2012-06-09 16:56:06,2012-06-09 07:56:06,310376000,9229659,ZCDF4,CORAL PRINCESS,55.34221,-131.6517,1.0,94.6
2012-06-09 16:57:06,2012-06-09 07:57:06,310376000,9229659,ZCDF4,CORAL PRINCESS,55.34217,-131.6512,0.9,102.6
2012-06-09 16:58:06,2012-06-09 07:58:06,310376000,9229659,ZCDF4,CORAL PRINCESS,55.34219,-131.6508,0.8,86.8
2012-06-09 16:59:06,2012-06-09 07:59:06,310376000,9229659,ZCDF4,CORAL PRINCESS,55.34222,-131.6505,0.5,88.1
2012-06-09 17:00:06,2012-06-09 08:00:06,310376000,9229659,ZCDF4,CORAL PRINCESS,55.34222,-131.6504,0.2,84.4
2012-06-09 17:01:07,2012-06-09 08:01:07,310376000,9229659,ZCDF4,CORAL PRINCESS,55.34221,-131.6503,0.2,111.0
2012-06-09 17:02:06,2012-06-09 08:02:06,310376000,9229659,ZCDF4,CORAL PRINCESS,55.34222,-131.6502,0.3,66.9
2012-06-09 17:03:06,2012-06-09 08:03:06,310376000,9229659,ZCDF4,CORAL PRINCESS,55.34218,-131.6501,0.2,139.5
2012-06-09 17:04:07,2012-06-09 08:04:07,310376000,9229659,ZCDF4,CORAL PRINCESS,55.34217,-131.65,0.2,113.0
2012-06-09 17:05:07,2012-06-09 08:05:07,310376000,9229659,ZCDF4,CORAL PRINCESS,55.34217,-131.6499,0.2,86.4
2012-06-09 17:06:06,2012-06-09 08:06:06,310376000,9229659,ZCDF4,CORAL PRINCESS,55.34217,-131.6499,0.0,113.0
2012-06-09 17:07:06,2012-06-09 08:07:06,310376000,9229659,ZCDF4,CORAL PRINCESS,55.34217,-131.6499,0.1,23.0
2012-06-09 17:09:18,2012-06-09 08:09:18,310376000,9229659,ZCDF4,CORAL PRINCESS,55.34217,-131.6499,0.0,113.0
2012-06-09 17:12:18,2012-06-09 08:12:18,310376000,9229659,ZCDF4,CORAL PRINCESS,55.34217,-131.6499,0.0,113.0
2012-06-09 17:15:17,2012-06-09 08:15:17,310376000,9229659,ZCDF4,CORAL PRINCESS,55.34215,-131.6499,0.0,113.0
2012-06-09 17:18:17,2012-06-09 08:18:17,310376000,9229659,ZCDF4,CORAL PRINCESS,55.34215,-131.6499,0.0,113.0
2012-06-09 17:21:18,2012-06-09 08:21:18,310376000,9229659,ZCDF4,CORAL PRINCESS,55.34215,-131.6499,0.0,113.0
2012-06-09 17:24:17,2012-06-09 08:24:17,310376000,9229659,ZCDF4,CORAL PRINCESS,55.34215,-131.6499,0.0,113.0
2012-06-09 17:27:17,2012-06-09 08:27:17,310376000,9229659,ZCDF4,CORAL PRINCESS,55.34215,-131.6499,0.0,113.0
2012-06-09 17:30:19,2012-06-09 08:30:19,310376000,9229659,ZCDF4,CORAL PRINCESS,55.34215,-131.6499,0.0,113.0
2012-06-09 17:33:18,2012-06-09 08:33:18,310376000,9229659,ZCDF4,CORAL PRINCESS,55.34215,-131.6499,0.0,113.0
2012-06-09 17:36:18,2012-06-09 08:36:18,310376000,9229659,ZCDF4,CORAL PRINCESS,55.34215,-131.6499,0.0,113.0
2012-06-09 17:39:19,2012-06-09 08:39:19,310376000,9229659,ZCDF4,CORAL PRINCESS,55.34215,-131.6499,0.0,113.0
2012-06-09 17:42:18,2012-06-09 08:42:18,310376000,9229659,ZCDF4,CORAL PRINCESS,55.34215,-131.6499,0.0,113.0
2012-06-09 17:45:18,2012-06-09 08:45:18,310376000,9229659,ZCDF4,CORAL PRINCESS,55.34215,-131.6499,0.0,113.0
2012-06-09 17:48:18,2012-06-09 08:48:18,310376000,9229659,ZCDF4,CORAL PRINCESS,55.34215,-131.6499,0.0,113.0
2012-06-09 17:51:18,2012-06-09 08:51:18,310376000,9229659,ZCDF4,CORAL PRINCESS,55.34215,-131.6499,0.0,113.0
2012-06-09 17:54:17,2012-06-09 08:54:17,310376000,9229659,ZCDF4,CORAL PRINCESS,55.34215,-131.6499,0.0,113.0
2012-06-09 17:57:18,2012-06-09 08:57:18,310376000,9229659,ZCDF4,CORAL PRINCESS,55.34215,-131.6499,0.0,113.0
2012-06-09 18:00:19,2012-06-09 09:00:19,310376000,9229659,ZCDF4,CORAL PRINCESS,55.34215,-131.6499,0.0,113.0
2012-06-09 18:03:17,2012-06-09 09:03:17,310376000,9229659,ZCDF4,CORAL PRINCESS,55.34215,-131.6499,0.0,113.0
2012-06-09 18:06:18,2012-06-09 09:06:18,310376000,9229659,ZCDF4,CORAL PRINCESS,55.34213,-131.6499,0.0,113.0
2012-06-09 18:09:17,2012-06-09 09:09:17,310376000,9229659,ZCDF4,CORAL PRINCESS,55.34215,-131.6499,0.0,113.0
2012-06-09 18:12:19,2012-06-09 09:12:19,310376000,9229659,ZCDF4,CORAL PRINCESS,55.34215,-131.6499,0.0,113.0
2012-06-09 18:15:19,2012-06-09 09:15:19,310376000,9229659,ZCDF4,CORAL PRINCESS,55.34215,-131.6499,0.0,113.0
2012-06-09 18:18:19,2012-06-09 09:18:19,310376000,9229659,ZCDF4,CORAL PRINCESS,55.34215,-131.6499,0.0,113.0
2012-06-09 18:21:17,2012-06-09 09:21:17,310376000,9229659,ZCDF4,CORAL PRINCESS,55.34217,-131.6499,0.0,113.0
2012-06-09 18:24:17,2012-06-09 09:24:17,310376000,9229659,ZCDF4,CORAL PRINCESS,55.34217,-131.6499,0.0,113.0
2012-06-09 18:27:19,2012-06-09 09:27:19,310376000,9229659,ZCDF4,CORAL PRINCESS,55.34217,-131.6499,0.0,113.0
2012-06-09 18:30:18,2012-06-09 09:30:18,310376000,9229659,ZCDF4,CORAL PRINCESS,55.34215,-131.6499,0.0,113.0
2012-06-09 18:33:18,2012-06-09 09:33:18,310376000,9229659,ZCDF4,CORAL PRINCESS,55.34215,-131.6499,0.0,113.0
2012-06-09 18:36:18,2012-06-09 09:36:18,310376000,9229659,ZCDF4,CORAL PRINCESS,55.34215,-131.6499,0.0,113.0
2012-06-09 18:39:19,2012-06-09 09:39:19,310376000,9229659,ZCDF4,CORAL PRINCESS,55.34215,-131.6499,0.0,113.0
2012-06-09 18:42:17,2012-06-09 09:42:17,310376000,9229659,ZCDF4,CORAL PRINCESS,55.34215,-131.6499,0.0,113.0
2012-06-09 18:45:18,2012-06-09 09:45:18,310376000,9229659,ZCDF4,CORAL PRINCESS,55.34215,-131.6499,0.0,113.0
2012-06-09 18:48:18,2012-06-09 09:48:18,310376000,9229659,ZCDF4,CORAL PRINCESS,55.34215,-131.6499,0.0,113.0
2012-06-09 18:51:18,2012-06-09 09:51:18,310376000,9229659,ZCDF4,CORAL PRINCESS,55.34215,-131.6499,0.0,113.0
2012-06-09 18:54:18,2012-06-09 09:54:18,310376000,9229659,ZCDF4,CORAL PRINCESS,55.34217,-131.6499,0.0,113.0
2012-06-09 18:57:17,2012-06-09 09:57:17,310376000,9229659,ZCDF4,CORAL PRINCESS,55.34217,-131.6499,0.0,113.0
2012-06-09 19:00:18,2012-06-09 10:00:18,310376000,9229659,ZCDF4,CORAL PRINCESS,55.34217,-131.6499,0.0,113.0
2012-06-09 19:03:17,2012-06-09 10:03:17,310376000,9229659,ZCDF4,CORAL PRINCESS,55.34215,-131.6499,0.0,113.0
2012-06-09 19:06:18,2012-06-09 10:06:18,310376000,9229659,ZCDF4,CORAL PRINCESS,55.34217,-131.6499,0.0,113.0
2012-06-09 19:09:18,2012-06-09 10:09:18,310376000,9229659,ZCDF4,CORAL PRINCESS,55.34215,-131.6499,0.0,113.0
2012-06-09 19:12:18,2012-06-09 10:12:18,310376000,9229659,ZCDF4,CORAL PRINCESS,55.34215,-131.6499,0.0,113.0
2012-06-09 19:15:19,2012-06-09 10:15:19,310376000,9229659,ZCDF4,CORAL PRINCESS,55.34215,-131.6499,0.0,113.0
2012-06-09 19:18:18,2012-06-09 10:18:18,310376000,9229659,ZCDF4,CORAL PRINCESS,55.34215,-131.6499,0.0,113.0
2012-06-09 19:21:18,2012-06-09 10:21:18,310376000,9229659,ZCDF4,CORAL PRINCESS,55.34215,-131.6499,0.0,113.0
2012-06-09 19:24:19,2012-06-09 10:24:19,310376000,9229659,ZCDF4,CORAL PRINCESS,55.34215,-131.6499,0.0,113.0
2012-06-09 19:27:19,2012-06-09 10:27:19,310376000,9229659,ZCDF4,CORAL PRINCESS,55.34215,-131.6499,0.0,113.0
2012-06-09 19:30:18,2012-06-09 10:30:18,310376000,9229659,ZCDF4,CORAL PRINCESS,55.34215,-131.6499,0.0,113.0
2012-06-09 19:33:17,2012-06-09 10:33:17,310376000,9229659,ZCDF4,CORAL PRINCESS,55.34215,-131.6499,0.0,113.0
2012-06-09 19:36:18,2012-06-09 10:36:18,310376000,9229659,ZCDF4,CORAL PRINCESS,55.34215,-131.6499,0.0,113.0
2012-06-09 19:39:19,2012-06-09 10:39:19,310376000,9229659,ZCDF4,CORAL PRINCESS,55.34215,-131.6499,0.0,113.0
2012-06-09 19:42:19,2012-06-09 10:42:19,310376000,9229659,ZCDF4,CORAL PRINCESS,55.34215,-131.6499,0.0,113.0
2012-06-09 19:45:18,2012-06-09 10:45:18,310376000,9229659,ZCDF4,CORAL PRINCESS,55.34215,-131.6499,0.0,113.0
2012-06-09 19:48:18,2012-06-09 10:48:18,310376000,9229659,ZCDF4,CORAL PRINCESS,55.34215,-131.6499,0.0,113.0
2012-06-09 19:51:18,2012-06-09 10:51:18,310376000,9229659,ZCDF4,CORAL PRINCESS,55.34215,-131.6499,0.0,113.0
2012-06-09 19:54:18,2012-06-09 10:54:18,310376000,9229659,ZCDF4,CORAL PRINCESS,55.34215,-131.6499,0.0,113.0
2012-06-09 19:57:18,2012-06-09 10:57:18,310376000,9229659,ZCDF4,CORAL PRINCESS,55.34215,-131.6499,0.0,113.0
2012-06-09 20:00:19,2012-06-09 11:00:19,310376000,9229659,ZCDF4,CORAL PRINCESS,55.34215,-131.6499,0.0,113.0
2012-06-09 20:03:18,2012-06-09 11:03:18,310376000,9229659,ZCDF4,CORAL PRINCESS,55.34215,-131.6499,0.0,113.0
2012-06-09 20:06:17,2012-06-09 11:06:17,310376000,9229659,ZCDF4,CORAL PRINCESS,55.34215,-131.6499,0.0,113.0
2012-06-09 20:09:18,2012-06-09 11:09:18,310376000,9229659,ZCDF4,CORAL PRINCESS,55.34215,-131.6499,0.0,113.0
2012-06-09 20:12:17,2012-06-09 11:12:17,310376000,9229659,ZCDF4,CORAL PRINCESS,55.34215,-131.6499,0.0,113.0
2012-06-09 20:15:19,2012-06-09 11:15:19,310376000,9229659,ZCDF4,CORAL PRINCESS,55.34215,-131.6499,0.0,113.0
2012-06-09 20:18:18,2012-06-09 11:18:18,310376000,9229659,ZCDF4,CORAL PRINCESS,55.34215,-131.6499,0.0,113.0
2012-06-09 20:21:18,2012-06-09 11:21:18,310376000,9229659,ZCDF4,CORAL PRINCESS,55.34215,-131.6499,0.0,113.0
2012-06-09 20:24:18,2012-06-09 11:24:18,310376000,9229659,ZCDF4,CORAL PRINCESS,55.34215,-131.6499,0.0,113.0
2012-06-09 20:27:17,2012-06-09 11:27:17,310376000,9229659,ZCDF4,CORAL PRINCESS,55.34215,-131.6499,0.0,113.0
2012-06-09 20:30:19,2012-06-09 11:30:19,310376000,9229659,ZCDF4,CORAL PRINCESS,55.34215,-131.6499,0.0,113.0
2012-06-09 20:33:19,2012-06-09 11:33:19,310376000,9229659,ZCDF4,CORAL PRINCESS,55.34215,-131.6499,0.0,113.0
2012-06-09 20:36:19,2012-06-09 11:36:19,310376000,9229659,ZCDF4,CORAL PRINCESS,55.34215,-131.6499,0.0,113.0
2012-06-09 20:39:18,2012-06-09 11:39:18,310376000,9229659,ZCDF4,CORAL PRINCESS,55.34215,-131.6499,0.0,113.0
2012-06-09 20:42:18,2012-06-09 11:42:18,310376000,9229659,ZCDF4,CORAL PRINCESS,55.34215,-131.6499,0.0,113.0
2012-06-09 20:43:22,2012-06-09 11:43:22,310376000,9229659,ZCDF4,CORAL PRINCESS,55.34215,-131.6499,0.0,113.0
2012-06-09 20:45:18,2012-06-09 11:45:18,310376000,9229659,ZCDF4,CORAL PRINCESS,55.34215,-131.6499,0.0,113.0
2012-06-09 20:48:17,2012-06-09 11:48:17,310376000,9229659,ZCDF4,CORAL PRINCESS,55.34215,-131.6499,0.0,113.0
2012-06-09 20:51:17,2012-06-09 11:51:17,310376000,9229659,ZCDF4,CORAL PRINCESS,55.34215,-131.6499,0.0,113.0
2012-06-09 20:54:17,2012-06-09 11:54:17,310376000,9229659,ZCDF4,CORAL PRINCESS,55.34215,-131.6499,0.0,113.0
2012-06-09 20:57:18,2012-06-09 11:57:18,310376000,9229659,ZCDF4,CORAL PRINCESS,55.34215,-131.6499,0.0,113.0
2012-06-09 21:00:18,2012-06-09 12:00:18,310376000,9229659,ZCDF4,CORAL PRINCESS,55.34215,-131.6499,0.0,113.0
2012-06-09 21:03:18,2012-06-09 12:03:18,310376000,9229659,ZCDF4,CORAL PRINCESS,55.34215,-131.6499,0.0,113.0
2012-06-09 21:06:17,2012-06-09 12:06:17,310376000,9229659,ZCDF4,CORAL PRINCESS,55.34215,-131.6499,0.0,113.0
2012-06-09 21:09:18,2012-06-09 12:09:18,310376000,9229659,ZCDF4,CORAL PRINCESS,55.34215,-131.6499,0.0,113.0
2012-06-09 21:12:19,2012-06-09 12:12:19,310376000,9229659,ZCDF4,CORAL PRINCESS,55.34215,-131.6499,0.0,113.0
2012-06-09 21:15:18,2012-06-09 12:15:18,310376000,9229659,ZCDF4,CORAL PRINCESS,55.34215,-131.6499,0.0,113.0
2012-06-09 21:18:19,2012-06-09 12:18:19,310376000,9229659,ZCDF4,CORAL PRINCESS,55.34215,-131.6499,0.0,113.0
2012-06-09 21:21:19,2012-06-09 12:21:19,310376000,9229659,ZCDF4,CORAL PRINCESS,55.34215,-131.6499,0.0,113.0
2012-06-09 21:24:18,2012-06-09 12:24:18,310376000,9229659,ZCDF4,CORAL PRINCESS,55.34215,-131.6499,0.0,113.0
2012-06-09 21:27:18,2012-06-09 12:27:18,310376000,9229659,ZCDF4,CORAL PRINCESS,55.34215,-131.6499,0.0,113.0
2012-06-09 21:30:18,2012-06-09 12:30:18,310376000,9229659,ZCDF4,CORAL PRINCESS,55.34215,-131.6499,0.0,113.0
2012-06-09 21:33:17,2012-06-09 12:33:17,310376000,9229659,ZCDF4,CORAL PRINCESS,55.34215,-131.6499,0.0,113.0
2012-06-09 21:36:18,2012-06-09 12:36:18,310376000,9229659,ZCDF4,CORAL PRINCESS,55.34213,-131.6499,0.0,113.0
2012-06-09 21:39:19,2012-06-09 12:39:19,310376000,9229659,ZCDF4,CORAL PRINCESS,55.34213,-131.6499,0.0,113.0
2012-06-09 21:42:17,2012-06-09 12:42:17,310376000,9229659,ZCDF4,CORAL PRINCESS,55.34213,-131.6499,0.0,113.0
2012-06-09 21:45:18,2012-06-09 12:45:18,310376000,9229659,ZCDF4,CORAL PRINCESS,55.34214,-131.6499,0.0,113.0
2012-06-09 21:48:18,2012-06-09 12:48:18,310376000,9229659,ZCDF4,CORAL PRINCESS,55.34214,-131.6499,0.0,113.0
2012-06-09 21:51:19,2012-06-09 12:51:19,310376000,9229659,ZCDF4,CORAL PRINCESS,55.34214,-131.6499,0.0,113.0
2012-06-09 21:54:18,2012-06-09 12:54:18,310376000,9229659,ZCDF4,CORAL PRINCESS,55.34214,-131.6499,0.0,113.0
2012-06-09 21:57:19,2012-06-09 12:57:19,310376000,9229659,ZCDF4,CORAL PRINCESS,55.34214,-131.6499,0.0,113.0
2012-06-09 22:00:17,2012-06-09 13:00:17,310376000,9229659,ZCDF4,CORAL PRINCESS,55.34214,-131.6499,0.0,113.0
2012-06-09 22:03:18,2012-06-09 13:03:18,310376000,9229659,ZCDF4,CORAL PRINCESS,55.34214,-131.6499,0.0,113.0
2012-06-09 22:06:19,2012-06-09 13:06:19,310376000,9229659,ZCDF4,CORAL PRINCESS,55.34215,-131.6499,0.0,113.0
2012-06-09 22:09:18,2012-06-09 13:09:18,310376000,9229659,ZCDF4,CORAL PRINCESS,55.34215,-131.6499,0.0,113.0
2012-06-09 22:12:18,2012-06-09 13:12:18,310376000,9229659,ZCDF4,CORAL PRINCESS,55.34215,-131.6499,0.0,113.0
2012-06-09 22:15:17,2012-06-09 13:15:17,310376000,9229659,ZCDF4,CORAL PRINCESS,55.34215,-131.6499,0.0,113.0
2012-06-09 22:18:18,2012-06-09 13:18:18,310376000,9229659,ZCDF4,CORAL PRINCESS,55.34215,-131.6499,0.0,113.0
2012-06-09 22:21:19,2012-06-09 13:21:19,310376000,9229659,ZCDF4,CORAL PRINCESS,55.34215,-131.6499,0.0,113.0
2012-06-09 22:24:19,2012-06-09 13:24:19,310376000,9229659,ZCDF4,CORAL PRINCESS,55.34215,-131.6499,0.0,113.0
2012-06-09 22:27:19,2012-06-09 13:27:19,310376000,9229659,ZCDF4,CORAL PRINCESS,55.34215,-131.6499,0.0,112.0
2012-06-09 22:30:18,2012-06-09 13:30:18,310376000,9229659,ZCDF4,CORAL PRINCESS,55.34217,-131.6499,0.0,112.0
2012-06-09 22:33:18,2012-06-09 13:33:18,310376000,9229659,ZCDF4,CORAL PRINCESS,55.34217,-131.6499,0.0,112.0
2012-06-09 22:36:18,2012-06-09 13:36:18,310376000,9229659,ZCDF4,CORAL PRINCESS,55.34217,-131.6499,0.0,112.0
2012-06-09 22:39:19,2012-06-09 13:39:19,310376000,9229659,ZCDF4,CORAL PRINCESS,55.34217,-131.6499,0.0,112.0
2012-06-09 22:42:18,2012-06-09 13:42:18,310376000,9229659,ZCDF4,CORAL PRINCESS,55.34217,-131.6499,0.0,112.0
2012-06-09 22:45:17,2012-06-09 13:45:17,310376000,9229659,ZCDF4,CORAL PRINCESS,55.34215,-131.6499,0.0,112.0
2012-06-09 22:48:17,2012-06-09 13:48:17,310376000,9229659,ZCDF4,CORAL PRINCESS,55.34215,-131.6499,0.0,112.0
2012-06-09 22:51:18,2012-06-09 13:51:18,310376000,9229659,ZCDF4,CORAL PRINCESS,55.34217,-131.6499,0.0,112.0
2012-06-09 22:54:17,2012-06-09 13:54:17,310376000,9229659,ZCDF4,CORAL PRINCESS,55.34217,-131.6499,0.0,112.0
2012-06-09 22:57:19,2012-06-09 13:57:19,310376000,9229659,ZCDF4,CORAL PRINCESS,55.34217,-131.6499,0.0,112.0
2012-06-09 23:00:18,2012-06-09 14:00:18,310376000,9229659,ZCDF4,CORAL PRINCESS,55.34217,-131.6499,0.0,112.0
2012-06-09 23:03:19,2012-06-09 14:03:19,310376000,9229659,ZCDF4,CORAL PRINCESS,55.34217,-131.6499,0.0,112.0
2012-06-09 23:06:18,2012-06-09 14:06:18,310376000,9229659,ZCDF4,CORAL PRINCESS,55.34217,-131.6499,0.0,112.0
2012-06-09 23:09:18,2012-06-09 14:09:18,310376000,9229659,ZCDF4,CORAL PRINCESS,55.34217,-131.6499,0.0,112.0
2012-06-09 23:12:18,2012-06-09 14:12:18,310376000,9229659,ZCDF4,CORAL PRINCESS,55.34217,-131.6499,0.0,112.0
2012-06-09 23:15:18,2012-06-09 14:15:18,310376000,9229659,ZCDF4,CORAL PRINCESS,55.34217,-131.6499,0.0,112.0
2012-06-09 23:18:19,2012-06-09 14:18:19,310376000,9229659,ZCDF4,CORAL PRINCESS,55.34215,-131.6499,0.0,112.0
2012-06-09 23:21:19,2012-06-09 14:21:19,310376000,9229659,ZCDF4,CORAL PRINCESS,55.34215,-131.6499,0.0,112.0
2012-06-09 23:24:18,2012-06-09 14:24:18,310376000,9229659,ZCDF4,CORAL PRINCESS,55.34215,-131.6499,0.0,112.0
2012-06-09 23:27:19,2012-06-09 14:27:19,310376000,9229659,ZCDF4,CORAL PRINCESS,55.34215,-131.6499,0.0,112.0
2012-06-09 23:30:19,2012-06-09 14:30:19,310376000,9229659,ZCDF4,CORAL PRINCESS,55.34215,-131.6499,0.0,112.0
2012-06-09 23:33:17,2012-06-09 14:33:17,310376000,9229659,ZCDF4,CORAL PRINCESS,55.34215,-131.6499,0.0,112.0
2012-06-09 23:36:18,2012-06-09 14:36:18,310376000,9229659,ZCDF4,CORAL PRINCESS,55.34215,-131.6499,0.0,112.0
2012-06-09 23:39:19,2012-06-09 14:39:19,310376000,9229659,ZCDF4,CORAL PRINCESS,55.34215,-131.6499,0.0,112.0
2012-06-09 23:42:19,2012-06-09 14:42:19,310376000,9229659,ZCDF4,CORAL PRINCESS,55.34215,-131.6499,0.0,112.0
2012-06-09 23:45:18,2012-06-09 14:45:18,310376000,9229659,ZCDF4,CORAL PRINCESS,55.34215,-131.6499,0.0,112.0
2012-06-09 23:48:18,2012-06-09 14:48:18,310376000,9229659,ZCDF4,CORAL PRINCESS,55.34215,-131.6499,0.0,112.0
2012-06-09 23:51:17,2012-06-09 14:51:17,310376000,9229659,ZCDF4,CORAL PRINCESS,55.34215,-131.6499,0.0,112.0
2012-06-09 23:54:17,2012-06-09 14:54:17,310376000,9229659,ZCDF4,CORAL PRINCESS,55.34215,-131.6499,0.0,112.0
2012-06-09 23:57:18,2012-06-09 14:57:18,310376000,9229659,ZCDF4,CORAL PRINCESS,55.34215,-131.6499,0.0,112.0
2012-06-10 00:00:18,2012-06-09 15:00:18,310376000,9229659,ZCDF4,CORAL PRINCESS,55.34215,-131.6499,0.0,112.0
2012-06-10 00:03:19,2012-06-09 15:03:19,310376000,9229659,ZCDF4,CORAL PRINCESS,55.34215,-131.6499,0.0,112.0
2012-06-10 00:06:18,2012-06-09 15:06:18,310376000,9229659,ZCDF4,CORAL PRINCESS,55.34215,-131.6499,0.0,112.0
2012-06-10 00:09:18,2012-06-09 15:09:18,310376000,9229659,ZCDF4,CORAL PRINCESS,55.34215,-131.6499,0.0,112.0
2012-06-10 00:12:18,2012-06-09 15:12:18,310376000,9229659,ZCDF4,CORAL PRINCESS,55.34217,-131.6499,0.0,112.0
2012-06-10 00:15:19,2012-06-09 15:15:19,310376000,9229659,ZCDF4,CORAL PRINCESS,55.34217,-131.6499,0.0,112.0
2012-06-10 00:18:18,2012-06-09 15:18:18,310376000,9229659,ZCDF4,CORAL PRINCESS,55.34217,-131.6499,0.0,112.0
2012-06-10 00:21:18,2012-06-09 15:21:18,310376000,9229659,ZCDF4,CORAL PRINCESS,55.34217,-131.6499,0.0,112.0
2012-06-10 00:24:18,2012-06-09 15:24:18,310376000,9229659,ZCDF4,CORAL PRINCESS,55.34217,-131.6499,0.0,112.0
2012-06-10 00:27:18,2012-06-09 15:27:18,310376000,9229659,ZCDF4,CORAL PRINCESS,55.34217,-131.6499,0.0,112.0
2012-06-10 00:30:18,2012-06-09 15:30:18,310376000,9229659,ZCDF4,CORAL PRINCESS,55.34217,-131.6499,0.0,112.0
2012-06-10 00:33:19,2012-06-09 15:33:19,310376000,9229659,ZCDF4,CORAL PRINCESS,55.34215,-131.6499,0.0,112.0
2012-06-10 00:36:19,2012-06-09 15:36:19,310376000,9229659,ZCDF4,CORAL PRINCESS,55.34215,-131.6499,0.0,112.0
2012-06-10 00:39:18,2012-06-09 15:39:18,310376000,9229659,ZCDF4,CORAL PRINCESS,55.34215,-131.6499,0.0,112.0
2012-06-10 00:42:18,2012-06-09 15:42:18,310376000,9229659,ZCDF4,CORAL PRINCESS,55.34215,-131.6499,0.0,112.0
2012-06-10 00:45:18,2012-06-09 15:45:18,310376000,9229659,ZCDF4,CORAL PRINCESS,55.34215,-131.6499,0.0,112.0
2012-06-10 00:48:19,2012-06-09 15:48:19,310376000,9229659,ZCDF4,CORAL PRINCESS,55.34215,-131.6499,0.0,112.0
2012-06-10 00:51:18,2012-06-09 15:51:18,310376000,9229659,ZCDF4,CORAL PRINCESS,55.34215,-131.6499,0.0,112.0
2012-06-10 00:54:18,2012-06-09 15:54:18,310376000,9229659,ZCDF4,CORAL PRINCESS,55.34217,-131.6499,0.0,112.0
2012-06-10 00:57:18,2012-06-09 15:57:18,310376000,9229659,ZCDF4,CORAL PRINCESS,55.34217,-131.6499,0.0,112.0
2012-06-10 01:00:18,2012-06-09 16:00:18,310376000,9229659,ZCDF4,CORAL PRINCESS,55.34217,-131.6499,0.0,112.0
2012-06-10 01:03:18,2012-06-09 16:03:18,310376000,9229659,ZCDF4,CORAL PRINCESS,55.34217,-131.6499,0.0,112.0
2012-06-10 01:06:19,2012-06-09 16:06:19,310376000,9229659,ZCDF4,CORAL PRINCESS,55.34215,-131.6499,0.0,112.0
2012-06-10 01:09:19,2012-06-09 16:09:19,310376000,9229659,ZCDF4,CORAL PRINCESS,55.34215,-131.6499,0.0,112.0
2012-06-10 01:12:18,2012-06-09 16:12:18,310376000,9229659,ZCDF4,CORAL PRINCESS,55.34215,-131.6499,0.0,112.0
2012-06-10 01:15:19,2012-06-09 16:15:19,310376000,9229659,ZCDF4,CORAL PRINCESS,55.34214,-131.6499,0.0,112.0
2012-06-10 01:18:18,2012-06-09 16:18:18,310376000,9229659,ZCDF4,CORAL PRINCESS,55.34215,-131.6499,0.0,112.0
2012-06-10 01:21:18,2012-06-09 16:21:18,310376000,9229659,ZCDF4,CORAL PRINCESS,55.34215,-131.6499,0.0,112.0
2012-06-10 01:24:19,2012-06-09 16:24:19,310376000,9229659,ZCDF4,CORAL PRINCESS,55.34215,-131.6499,0.0,112.0
2012-06-10 01:27:17,2012-06-09 16:27:17,310376000,9229659,ZCDF4,CORAL PRINCESS,55.34215,-131.6499,0.0,112.0
2012-06-10 01:30:20,2012-06-09 16:30:20,310376000,9229659,ZCDF4,CORAL PRINCESS,55.34215,-131.6499,0.0,112.0
2012-06-10 01:33:19,2012-06-09 16:33:19,310376000,9229659,ZCDF4,CORAL PRINCESS,55.34215,-131.6499,0.0,112.0
2012-06-10 01:36:19,2012-06-09 16:36:19,310376000,9229659,ZCDF4,CORAL PRINCESS,55.34215,-131.6499,0.0,112.0
2012-06-10 01:39:18,2012-06-09 16:39:18,310376000,9229659,ZCDF4,CORAL PRINCESS,55.34215,-131.6499,0.0,112.0
2012-06-10 01:42:19,2012-06-09 16:42:19,310376000,9229659,ZCDF4,CORAL PRINCESS,55.34217,-131.6499,0.0,112.0
2012-06-10 01:45:19,2012-06-09 16:45:19,310376000,9229659,ZCDF4,CORAL PRINCESS,55.34215,-131.6499,0.0,112.0
2012-06-10 01:46:28,2012-06-09 16:46:28,310376000,9229659,ZCDF4,CORAL PRINCESS,55.34215,-131.6499,0.1,22.0
2012-06-10 01:47:04,2012-06-09 16:47:04,310376000,9229659,ZCDF4,CORAL PRINCESS,55.34215,-131.6499,0.0,112.0
2012-06-10 01:48:04,2012-06-09 16:48:04,310376000,9229659,ZCDF4,CORAL PRINCESS,55.34207,-131.65,0.6,202.0
2012-06-10 01:49:04,2012-06-09 16:49:04,310376000,9229659,ZCDF4,CORAL PRINCESS,55.34179,-131.6502,1.3,201.6
2012-06-10 01:50:04,2012-06-09 16:50:04,310376000,9229659,ZCDF4,CORAL PRINCESS,55.34152,-131.6503,1.0,175.1
2012-06-10 01:51:04,2012-06-09 16:51:04,310376000,9229659,ZCDF4,CORAL PRINCESS,55.34114,-131.6498,2.0,140.7
2012-06-10 01:52:04,2012-06-09 16:52:04,310376000,9229659,ZCDF4,CORAL PRINCESS,55.34061,-131.6489,3.1,133.6
2012-06-10 01:53:04,2012-06-09 16:53:04,310376000,9229659,ZCDF4,CORAL PRINCESS,55.33984,-131.6475,4.5,134.0
2012-06-10 01:54:04,2012-06-09 16:54:04,310376000,9229659,ZCDF4,CORAL PRINCESS,55.33876,-131.6458,5.5,137.9
2012-06-10 01:55:04,2012-06-09 16:55:04,310376000,9229659,ZCDF4,CORAL PRINCESS,55.33751,-131.6439,6.3,139.0
2012-06-10 01:56:04,2012-06-09 16:56:04,310376000,9229659,ZCDF4,CORAL PRINCESS,55.33624,-131.6417,6.5,133.1
2012-06-10 01:57:04,2012-06-09 16:57:04,310376000,9229659,ZCDF4,CORAL PRINCESS,55.33517,-131.6391,6.5,124.8
2012-06-10 01:58:04,2012-06-09 16:58:04,310376000,9229659,ZCDF4,CORAL PRINCESS,55.3341,-131.6364,6.8,125.8
2012-06-10 01:59:04,2012-06-09 16:59:04,310376000,9229659,ZCDF4,CORAL PRINCESS,55.33297,-131.6338,6.9,126.0
2012-06-10 02:00:04,2012-06-09 17:00:04,310376000,9229659,ZCDF4,CORAL PRINCESS,55.33181,-131.6312,6.9,129.6
2012-06-10 02:01:04,2012-06-09 17:01:04,310376000,9229659,ZCDF4,CORAL PRINCESS,55.33055,-131.6287,6.9,131.8
2012-06-10 02:02:04,2012-06-09 17:02:04,310376000,9229659,ZCDF4,CORAL PRINCESS,55.32929,-131.6262,6.9,131.8
2012-06-10 02:03:04,2012-06-09 17:03:04,310376000,9229659,ZCDF4,CORAL PRINCESS,55.32798,-131.6237,6.8,133.0
2012-06-10 02:04:05,2012-06-09 17:04:05,310376000,9229659,ZCDF4,CORAL PRINCESS,55.32667,-131.6213,6.8,133.8
2012-06-10 02:05:05,2012-06-09 17:05:05,310376000,9229659,ZCDF4,CORAL PRINCESS,55.32535,-131.619,6.8,133.8
2012-06-10 02:06:05,2012-06-09 17:06:05,310376000,9229659,ZCDF4,CORAL PRINCESS,55.32401,-131.6165,6.9,134.6
2012-06-10 02:07:05,2012-06-09 17:07:05,310376000,9229659,ZCDF4,CORAL PRINCESS,55.32265,-131.6142,6.9,134.8
2012-06-10 02:08:05,2012-06-09 17:08:05,310376000,9229659,ZCDF4,CORAL PRINCESS,55.32131,-131.6118,7.0,134.0
2012-06-10 02:09:05,2012-06-09 17:09:05,310376000,9229659,ZCDF4,CORAL PRINCESS,55.31995,-131.6094,7.0,133.1
2012-06-10 02:10:05,2012-06-09 17:10:05,310376000,9229659,ZCDF4,CORAL PRINCESS,55.31856,-131.6069,7.1,135.8
2012-06-10 02:11:03,2012-06-09 17:11:03,310376000,9229659,ZCDF4,CORAL PRINCESS,55.31714,-131.6046,7.1,136.0
2012-06-10 02:12:03,2012-06-09 17:12:03,310376000,9229659,ZCDF4,CORAL PRINCESS,55.31567,-131.6021,7.5,136.7
2012-06-10 02:13:04,2012-06-09 17:13:04,310376000,9229659,ZCDF4,CORAL PRINCESS,55.31404,-131.5995,8.3,139.0
2012-06-10 02:14:03,2012-06-09 17:14:03,310376000,9229659,ZCDF4,CORAL PRINCESS,55.3122,-131.5967,9.0,138.3
2012-06-10 02:15:03,2012-06-09 17:15:03,310376000,9229659,ZCDF4,CORAL PRINCESS,55.3102,-131.5938,9.7,139.5
2012-06-10 02:16:04,2012-06-09 17:16:04,310376000,9229659,ZCDF4,CORAL PRINCESS,55.30803,-131.5909,9.9,144.8
2012-06-10 02:17:03,2012-06-09 17:17:03,310376000,9229659,ZCDF4,CORAL PRINCESS,55.30568,-131.5884,9.9,150.1
2012-06-10 02:18:04,2012-06-09 17:18:04,310376000,9229659,ZCDF4,CORAL PRINCESS,55.30326,-131.5861,10.0,150.8
2012-06-10 02:19:04,2012-06-09 17:19:04,310376000,9229659,ZCDF4,CORAL PRINCESS,55.30088,-131.5833,10.3,144.1
2012-06-10 02:20:04,2012-06-09 17:20:04,310376000,9229659,ZCDF4,CORAL PRINCESS,55.29875,-131.5799,10.5,135.1
2012-06-10 02:21:03,2012-06-09 17:21:03,310376000,9229659,ZCDF4,CORAL PRINCESS,55.29688,-131.5759,10.8,127.6
2012-06-10 02:22:04,2012-06-09 17:22:04,310376000,9229659,ZCDF4,CORAL PRINCESS,55.29497,-131.5714,11.3,126.5
2012-06-10 02:23:04,2012-06-09 17:23:04,310376000,9229659,ZCDF4,CORAL PRINCESS,55.29314,-131.5669,11.7,124.4
2012-06-10 02:24:04,2012-06-09 17:24:04,310376000,9229659,ZCDF4,CORAL PRINCESS,55.29132,-131.5621,11.9,122.9
2012-06-10 02:25:05,2012-06-09 17:25:05,310376000,9229659,ZCDF4,CORAL PRINCESS,55.28965,-131.557,12.0,118.9
2012-06-10 02:26:04,2012-06-09 17:26:04,310376000,9229659,ZCDF4,CORAL PRINCESS,55.28823,-131.5518,12.3,113.8
2012-06-10 02:27:03,2012-06-09 17:27:03,310376000,9229659,ZCDF4,CORAL PRINCESS,55.28697,-131.5463,12.5,111.4
2012-06-10 02:28:03,2012-06-09 17:28:03,310376000,9229659,ZCDF4,CORAL PRINCESS,55.28569,-131.5405,12.9,110.8
2012-06-10 02:29:03,2012-06-09 17:29:03,310376000,9229659,ZCDF4,CORAL PRINCESS,55.2844,-131.5346,13.2,110.8
2012-06-10 02:30:03,2012-06-09 17:30:03,310376000,9229659,ZCDF4,CORAL PRINCESS,55.28307,-131.5286,13.4,110.8
2012-06-10 02:31:03,2012-06-09 17:31:03,310376000,9229659,ZCDF4,CORAL PRINCESS,55.28169,-131.5224,13.6,110.8
2012-06-10 02:32:03,2012-06-09 17:32:03,310376000,9229659,ZCDF4,CORAL PRINCESS,55.28033,-131.5161,13.9,110.8
2012-06-10 02:33:00,2012-06-09 17:33:00,310376000,9229659,ZCDF4,CORAL PRINCESS,55.27895,-131.51,14.1,112.1
2012-06-10 02:34:00,2012-06-09 17:34:00,310376000,9229659,ZCDF4,CORAL PRINCESS,55.27729,-131.504,14.2,117.1
2012-06-10 02:35:00,2012-06-09 17:35:00,310376000,9229659,ZCDF4,CORAL PRINCESS,55.27532,-131.4981,14.2,122.1
2012-06-10 02:36:00,2012-06-09 17:36:00,310376000,9229659,ZCDF4,CORAL PRINCESS,55.273,-131.4924,14.2,127.3
2012-06-10 02:37:00,2012-06-09 17:37:00,310376000,9229659,ZCDF4,CORAL PRINCESS,55.27045,-131.4872,14.2,131.7
2012-06-10 02:38:00,2012-06-09 17:38:00,310376000,9229659,ZCDF4,CORAL PRINCESS,55.2676,-131.4824,14.2,138.1
2012-06-10 02:39:00,2012-06-09 17:39:00,310376000,9229659,ZCDF4,CORAL PRINCESS,55.26451,-131.478,14.3,141.0
2012-06-10 02:40:00,2012-06-09 17:40:00,310376000,9229659,ZCDF4,CORAL PRINCESS,55.26141,-131.4736,14.5,141.0
2012-06-10 02:41:00,2012-06-09 17:41:00,310376000,9229659,ZCDF4,CORAL PRINCESS,55.25826,-131.4692,14.7,140.6
2012-06-10 02:42:00,2012-06-09 17:42:00,310376000,9229659,ZCDF4,CORAL PRINCESS,55.25494,-131.4645,15.0,140.6
2012-06-10 02:43:00,2012-06-09 17:43:00,310376000,9229659,ZCDF4,CORAL PRINCESS,55.25171,-131.46,15.1,140.6
2012-06-10 02:44:00,2012-06-09 17:44:00,310376000,9229659,ZCDF4,CORAL PRINCESS,55.24846,-131.4554,15.1,141.7
2012-06-10 02:45:00,2012-06-09 17:45:00,310376000,9229659,ZCDF4,CORAL PRINCESS,55.24519,-131.4509,15.2,141.7
2012-06-10 02:46:00,2012-06-09 17:46:00,310376000,9229659,ZCDF4,CORAL PRINCESS,55.24176,-131.4463,15.3,141.7
2012-06-10 02:47:00,2012-06-09 17:47:00,310376000,9229659,ZCDF4,CORAL PRINCESS,55.23854,-131.4416,15.4,140.2
2012-06-10 02:48:01,2012-06-09 17:48:01,310376000,9229659,ZCDF4,CORAL PRINCESS,55.23548,-131.4365,15.4,134.8
2012-06-10 02:49:01,2012-06-09 17:49:01,310376000,9229659,ZCDF4,CORAL PRINCESS,55.23262,-131.4308,15.5,129.8
2012-06-10 02:50:00,2012-06-09 17:50:00,310376000,9229659,ZCDF4,CORAL PRINCESS,55.23009,-131.4248,15.5,124.8
2012-06-10 02:51:01,2012-06-09 17:51:01,310376000,9229659,ZCDF4,CORAL PRINCESS,55.22781,-131.4183,15.6,119.8
2012-06-10 02:52:01,2012-06-09 17:52:01,310376000,9229659,ZCDF4,CORAL PRINCESS,55.22592,-131.4115,15.6,114.7
2012-06-10 02:53:01,2012-06-09 17:53:01,310376000,9229659,ZCDF4,CORAL PRINCESS,55.2241,-131.4045,15.7,114.0
2012-06-10 02:54:01,2012-06-09 17:54:01,310376000,9229659,ZCDF4,CORAL PRINCESS,55.22245,-131.3975,15.8,111.0
2012-06-10 02:55:01,2012-06-09 17:55:01,310376000,9229659,ZCDF4,CORAL PRINCESS,55.2209,-131.3902,15.9,109.6
2012-06-10 02:56:00,2012-06-09 17:56:00,310376000,9229659,ZCDF4,CORAL PRINCESS,55.2194,-131.383,15.9,110.0
2012-06-10 02:57:00,2012-06-09 17:57:00,310376000,9229659,ZCDF4,CORAL PRINCESS,55.21787,-131.3758,15.9,109.6
2012-06-10 02:58:00,2012-06-09 17:58:00,310376000,9229659,ZCDF4,CORAL PRINCESS,55.21631,-131.3685,16.0,110.0
2012-06-10 02:59:00,2012-06-09 17:59:00,310376000,9229659,ZCDF4,CORAL PRINCESS,55.21478,-131.3613,15.9,110.0
2012-06-10 03:00:00,2012-06-09 18:00:00,310376000,9229659,ZCDF4,CORAL PRINCESS,55.21329,-131.3542,15.6,110.0
2012-06-10 03:01:00,2012-06-09 18:01:00,310376000,9229659,ZCDF4,CORAL PRINCESS,55.2118,-131.3474,14.9,112.0
2012-06-10 03:02:00,2012-06-09 18:02:00,310376000,9229659,ZCDF4,CORAL PRINCESS,55.21033,-131.341,13.9,112.0
2012-06-10 03:03:00,2012-06-09 18:03:00,310376000,9229659,ZCDF4,CORAL PRINCESS,55.20894,-131.3349,13.1,112.0
2012-06-10 03:04:00,2012-06-09 18:04:00,310376000,9229659,ZCDF4,CORAL PRINCESS,55.2076,-131.3295,12.0,114.0
2012-06-10 03:05:00,2012-06-09 18:05:00,310376000,9229659,ZCDF4,CORAL PRINCESS,55.20642,-131.3245,10.8,112.0
2012-06-10 03:06:10,2012-06-09 18:06:10,310376000,9229659,ZCDF4,CORAL PRINCESS,55.20519,-131.3191,10.1,111.4
2012-06-10 03:07:09,2012-06-09 18:07:09,310376000,9229659,ZCDF4,CORAL PRINCESS,55.20433,-131.3146,9.7,107.5
2012-06-10 03:08:09,2012-06-09 18:08:09,310376000,9229659,ZCDF4,CORAL PRINCESS,55.20359,-131.31,9.7,105.0
2012-06-10 03:09:09,2012-06-09 18:09:09,310376000,9229659,ZCDF4,CORAL PRINCESS,55.20287,-131.3056,9.7,107.4
2012-06-10 03:10:09,2012-06-09 18:10:09,310376000,9229659,ZCDF4,CORAL PRINCESS,55.20187,-131.3012,9.7,112.6
2012-06-10 03:11:09,2012-06-09 18:11:09,310376000,9229659,ZCDF4,CORAL PRINCESS,55.20051,-131.297,10.0,121.7
2012-06-10 03:12:09,2012-06-09 18:12:09,310376000,9229659,ZCDF4,CORAL PRINCESS,55.19884,-131.293,10.4,126.8
2012-06-10 03:13:09,2012-06-09 18:13:09,310376000,9229659,ZCDF4,CORAL PRINCESS,55.19694,-131.2888,11.2,128.0
2012-06-10 03:14:09,2012-06-09 18:14:09,310376000,9229659,ZCDF4,CORAL PRINCESS,55.19491,-131.2843,12.1,128.9
2012-06-10 03:15:09,2012-06-09 18:15:09,310376000,9229659,ZCDF4,CORAL PRINCESS,55.19278,-131.2796,12.9,128.8
2012-06-10 03:16:00,2012-06-09 18:16:00,310376000,9229659,ZCDF4,CORAL PRINCESS,55.19088,-131.2754,13.6,128.8
2012-06-10 03:17:01,2012-06-09 18:17:01,310376000,9229659,ZCDF4,CORAL PRINCESS,55.1883,-131.2697,14.4,128.0
2012-06-10 03:18:02,2012-06-09 18:18:02,310376000,9229659,ZCDF4,CORAL PRINCESS,55.18579,-131.264,15.2,128.0
2012-06-10 03:19:01,2012-06-09 18:19:01,310376000,9229659,ZCDF4,CORAL PRINCESS,55.18312,-131.258,15.7,128.0
2012-06-10 03:20:01,2012-06-09 18:20:01,310376000,9229659,ZCDF4,CORAL PRINCESS,55.18044,-131.2519,16.0,128.0
2012-06-10 03:21:01,2012-06-09 18:21:01,310376000,9229659,ZCDF4,CORAL PRINCESS,55.17768,-131.2457,16.5,128.3
2012-06-10 03:22:01,2012-06-09 18:22:01,310376000,9229659,ZCDF4,CORAL PRINCESS,55.17485,-131.2393,16.9,128.0
2012-06-10 03:23:02,2012-06-09 18:23:02,310376000,9229659,ZCDF4,CORAL PRINCESS,55.17194,-131.2327,17.2,128.0
2012-06-10 03:24:02,2012-06-09 18:24:02,310376000,9229659,ZCDF4,CORAL PRINCESS,55.169,-131.2261,17.4,128.0
2012-06-10 03:25:02,2012-06-09 18:25:02,310376000,9229659,ZCDF4,CORAL PRINCESS,55.16599,-131.2194,17.5,128.0
2012-06-10 03:26:02,2012-06-09 18:26:02,310376000,9229659,ZCDF4,CORAL PRINCESS,55.16299,-131.2127,17.6,128.0
2012-06-10 03:27:01,2012-06-09 18:27:01,310376000,9229659,ZCDF4,CORAL PRINCESS,55.15998,-131.2061,17.7,128.3
2012-06-10 03:28:01,2012-06-09 18:28:01,310376000,9229659,ZCDF4,CORAL PRINCESS,55.15685,-131.1996,17.6,130.6
2012-06-10 03:29:01,2012-06-09 18:29:01,310376000,9229659,ZCDF4,CORAL PRINCESS,55.15339,-131.1934,17.6,136.0
2012-06-10 03:30:01,2012-06-09 18:30:01,310376000,9229659,ZCDF4,CORAL PRINCESS,55.14971,-131.1879,17.6,141.3
2012-06-10 03:31:02,2012-06-09 18:31:02,310376000,9229659,ZCDF4,CORAL PRINCESS,55.14577,-131.1828,17.6,144.3
2012-06-10 03:32:02,2012-06-09 18:32:02,310376000,9229659,ZCDF4,CORAL PRINCESS,55.14166,-131.1779,17.6,146.6
2012-06-10 03:33:02,2012-06-09 18:33:02,310376000,9229659,ZCDF4,CORAL PRINCESS,55.13752,-131.1735,17.7,149.6
2012-06-10 03:34:02,2012-06-09 18:34:02,310376000,9229659,ZCDF4,CORAL PRINCESS,55.13322,-131.1695,17.7,152.0
2012-06-10 03:35:02,2012-06-09 18:35:02,310376000,9229659,ZCDF4,CORAL PRINCESS,55.12879,-131.1658,17.8,156.0
2012-06-10 03:36:02,2012-06-09 18:36:02,310376000,9229659,ZCDF4,CORAL PRINCESS,55.12427,-131.1626,17.8,158.3
2012-06-10 03:37:02,2012-06-09 18:37:02,310376000,9229659,ZCDF4,CORAL PRINCESS,55.11956,-131.1596,17.8,161.3
2012-06-10 03:38:02,2012-06-09 18:38:02,310376000,9229659,ZCDF4,CORAL PRINCESS,55.11485,-131.1572,17.8,164.0
2012-06-10 03:39:01,2012-06-09 18:39:01,310376000,9229659,ZCDF4,CORAL PRINCESS,55.11006,-131.1553,17.8,167.6
2012-06-10 03:40:01,2012-06-09 18:40:01,310376000,9229659,ZCDF4,CORAL PRINCESS,55.10523,-131.1536,17.9,169.0
2012-06-10 03:41:02,2012-06-09 18:41:02,310376000,9229659,ZCDF4,CORAL PRINCESS,55.10038,-131.152,17.9,169.0
2012-06-10 03:42:01,2012-06-09 18:42:01,310376000,9229659,ZCDF4,CORAL PRINCESS,55.09545,-131.1504,17.9,169.0
2012-06-10 03:43:01,2012-06-09 18:43:01,310376000,9229659,ZCDF4,CORAL PRINCESS,55.0906,-131.1487,17.9,169.0
2012-06-10 03:44:01,2012-06-09 18:44:01,310376000,9229659,ZCDF4,CORAL PRINCESS,55.08565,-131.1471,18.0,169.0
2012-06-10 03:45:02,2012-06-09 18:45:02,310376000,9229659,ZCDF4,CORAL PRINCESS,55.08067,-131.1458,18.0,172.0
2012-06-10 03:46:01,2012-06-09 18:46:01,310376000,9229659,ZCDF4,CORAL PRINCESS,55.07581,-131.1451,18.0,177.0
2012-06-10 03:47:01,2012-06-09 18:47:01,310376000,9229659,ZCDF4,CORAL PRINCESS,55.0708,-131.1447,17.9,177.2
2012-06-10 03:48:01,2012-06-09 18:48:01,310376000,9229659,ZCDF4,CORAL PRINCESS,55.06588,-131.144,17.9,173.6
2012-06-10 03:49:01,2012-06-09 18:49:01,310376000,9229659,ZCDF4,CORAL PRINCESS,55.06094,-131.1426,17.8,170.2
2012-06-10 03:50:01,2012-06-09 18:50:01,310376000,9229659,ZCDF4,CORAL PRINCESS,55.05615,-131.1407,17.8,167.6
2012-06-10 03:51:01,2012-06-09 18:51:01,310376000,9229659,ZCDF4,CORAL PRINCESS,55.05138,-131.1386,17.8,165.9
2012-06-10 03:52:01,2012-06-09 18:52:01,310376000,9229659,ZCDF4,CORAL PRINCESS,55.04652,-131.1364,17.9,165.3
2012-06-10 03:53:01,2012-06-09 18:53:01,310376000,9229659,ZCDF4,CORAL PRINCESS,55.04183,-131.1343,17.9,165.9
2012-06-10 03:54:01,2012-06-09 18:54:01,310376000,9229659,ZCDF4,CORAL PRINCESS,55.03699,-131.1322,17.8,166.0
2012-06-10 03:55:01,2012-06-09 18:55:01,310376000,9229659,ZCDF4,CORAL PRINCESS,55.0322,-131.1303,17.8,167.0
2012-06-10 03:56:01,2012-06-09 18:56:01,310376000,9229659,ZCDF4,CORAL PRINCESS,55.02739,-131.1284,17.8,167.0
2012-06-10 03:57:01,2012-06-09 18:57:01,310376000,9229659,ZCDF4,CORAL PRINCESS,55.02251,-131.1264,17.9,167.0
2012-06-10 03:58:02,2012-06-09 18:58:02,310376000,9229659,ZCDF4,CORAL PRINCESS,55.01768,-131.1245,17.9,167.0
2012-06-10 03:59:01,2012-06-09 18:59:01,310376000,9229659,ZCDF4,CORAL PRINCESS,55.01277,-131.1228,17.9,169.0
2012-06-10 04:00:01,2012-06-09 19:00:01,310376000,9229659,ZCDF4,CORAL PRINCESS,55.00792,-131.1211,17.9,168.6
2012-06-10 04:01:01,2012-06-09 19:01:01,310376000,9229659,ZCDF4,CORAL PRINCESS,55.00304,-131.1196,18.0,168.6
2012-06-10 04:02:01,2012-06-09 19:02:01,310376000,9229659,ZCDF4,CORAL PRINCESS,54.9981,-131.1179,18.0,168.6
2012-06-10 04:03:01,2012-06-09 19:03:01,310376000,9229659,ZCDF4,CORAL PRINCESS,54.99323,-131.1164,18.0,169.6
2012-06-10 04:04:02,2012-06-09 19:04:02,310376000,9229659,ZCDF4,CORAL PRINCESS,54.98829,-131.1147,18.0,169.6
2012-06-10 04:05:01,2012-06-09 19:05:01,310376000,9229659,ZCDF4,CORAL PRINCESS,54.9834,-131.1131,18.1,168.6
2012-06-10 04:06:01,2012-06-09 19:06:01,310376000,9229659,ZCDF4,CORAL PRINCESS,54.97849,-131.1115,18.0,168.6
2012-06-10 04:07:01,2012-06-09 19:07:01,310376000,9229659,ZCDF4,CORAL PRINCESS,54.97355,-131.1099,18.0,168.6
2012-06-10 04:08:01,2012-06-09 19:08:01,310376000,9229659,ZCDF4,CORAL PRINCESS,54.96867,-131.1083,18.0,169.6
2012-06-10 04:09:01,2012-06-09 19:09:01,310376000,9229659,ZCDF4,CORAL PRINCESS,54.96368,-131.1066,18.1,169.0
2012-06-10 04:10:02,2012-06-09 19:10:02,310376000,9229659,ZCDF4,CORAL PRINCESS,54.95879,-131.105,18.1,168.6
2012-06-10 04:11:04,2012-06-09 19:11:04,310376000,9229659,ZCDF4,CORAL PRINCESS,54.95363,-131.1033,18.1,169.0
2012-06-10 04:12:01,2012-06-09 19:12:01,310376000,9229659,ZCDF4,CORAL PRINCESS,54.94896,-131.1018,18.1,169.0
2012-06-10 04:13:00,2012-06-09 19:13:00,310376000,9229659,ZCDF4,CORAL PRINCESS,54.94418,-131.1002,18.1,169.0
2012-06-10 04:14:00,2012-06-09 19:14:00,310376000,9229659,ZCDF4,CORAL PRINCESS,54.93917,-131.0985,18.1,169.0
2012-06-10 04:15:01,2012-06-09 19:15:01,310376000,9229659,ZCDF4,CORAL PRINCESS,54.93429,-131.0968,18.1,169.0
2012-06-10 04:16:00,2012-06-09 19:16:00,310376000,9229659,ZCDF4,CORAL PRINCESS,54.9293,-131.0952,18.1,168.6
2012-06-10 04:17:01,2012-06-09 19:17:01,310376000,9229659,ZCDF4,CORAL PRINCESS,54.92434,-131.0935,18.1,168.6
2012-06-10 04:18:01,2012-06-09 19:18:01,310376000,9229659,ZCDF4,CORAL PRINCESS,54.91944,-131.0919,18.0,169.0
2012-06-10 04:19:01,2012-06-09 19:19:01,310376000,9229659,ZCDF4,CORAL PRINCESS,54.91448,-131.0902,18.0,169.0
2012-06-10 04:20:02,2012-06-09 19:20:02,310376000,9229659,ZCDF4,CORAL PRINCESS,54.9096,-131.0886,18.0,169.0
2012-06-10 04:21:06,2012-06-09 19:21:06,310376000,9229659,ZCDF4,CORAL PRINCESS,54.9043,-131.0869,18.0,169.0
2012-06-10 04:22:06,2012-06-09 19:22:06,310376000,9229659,ZCDF4,CORAL PRINCESS,54.89934,-131.0852,18.1,169.0
2012-06-10 04:23:00,2012-06-09 19:23:00,310376000,9229659,ZCDF4,CORAL PRINCESS,54.89491,-131.0836,18.1,168.6
2012-06-10 04:24:00,2012-06-09 19:24:00,310376000,9229659,ZCDF4,CORAL PRINCESS,54.89003,-131.082,18.0,168.6
2012-06-10 04:25:01,2012-06-09 19:25:01,310376000,9229659,ZCDF4,CORAL PRINCESS,54.88508,-131.0802,18.0,168.6
2012-06-10 04:26:00,2012-06-09 19:26:00,310376000,9229659,ZCDF4,CORAL PRINCESS,54.8802,-131.0787,18.0,169.7
2012-06-10 04:27:00,2012-06-09 19:27:00,310376000,9229659,ZCDF4,CORAL PRINCESS,54.87518,-131.0776,18.0,174.3
2012-06-10 04:28:00,2012-06-09 19:28:00,310376000,9229659,ZCDF4,CORAL PRINCESS,54.87023,-131.077,18.1,177.0
2012-06-10 04:29:00,2012-06-09 19:29:00,310376000,9229659,ZCDF4,CORAL PRINCESS,54.86524,-131.0769,18.1,181.3
2012-06-10 04:30:01,2012-06-09 19:30:01,310376000,9229659,ZCDF4,CORAL PRINCESS,54.86017,-131.0774,18.1,184.0
2012-06-10 04:31:00,2012-06-09 19:31:00,310376000,9229659,ZCDF4,CORAL PRINCESS,54.85518,-131.0782,18.2,185.6
2012-06-10 04:32:00,2012-06-09 19:32:00,310376000,9229659,ZCDF4,CORAL PRINCESS,54.85017,-131.0791,18.2,185.9
2012-06-10 04:33:00,2012-06-09 19:33:00,310376000,9229659,ZCDF4,CORAL PRINCESS,54.84505,-131.08,18.3,185.6
2012-06-10 04:34:00,2012-06-09 19:34:00,310376000,9229659,ZCDF4,CORAL PRINCESS,54.84002,-131.0812,18.3,188.6
2012-06-10 04:35:00,2012-06-09 19:35:00,310376000,9229659,ZCDF4,CORAL PRINCESS,54.83504,-131.0828,18.3,192.3
2012-06-10 04:36:01,2012-06-09 19:36:01,310376000,9229659,ZCDF4,CORAL PRINCESS,54.83012,-131.085,18.3,195.3
2012-06-10 04:37:01,2012-06-09 19:37:01,310376000,9229659,ZCDF4,CORAL PRINCESS,54.82528,-131.0876,18.3,198.6
2012-06-10 04:38:06,2012-06-09 19:38:06,310376000,9229659,ZCDF4,CORAL PRINCESS,54.82017,-131.0909,18.2,201.9
2012-06-10 04:39:12,2012-06-09 19:39:12,310376000,9229659,ZCDF4,CORAL PRINCESS,54.81512,-131.0948,18.2,204.9
2012-06-10 04:40:13,2012-06-09 19:40:13,310376000,9229659,ZCDF4,CORAL PRINCESS,54.81061,-131.0988,18.1,209.2
2012-06-10 04:41:01,2012-06-09 19:41:01,310376000,9229659,ZCDF4,CORAL PRINCESS,54.80714,-131.1024,18.1,210.9
2012-06-10 04:42:00,2012-06-09 19:42:00,310376000,9229659,ZCDF4,CORAL PRINCESS,54.80288,-131.1071,18.2,211.8
2012-06-10 04:43:01,2012-06-09 19:43:01,310376000,9229659,ZCDF4,CORAL PRINCESS,54.79863,-131.1118,18.2,212.8
2012-06-10 04:44:01,2012-06-09 19:44:01,310376000,9229659,ZCDF4,CORAL PRINCESS,54.79439,-131.1165,18.2,213.1
2012-06-10 04:45:01,2012-06-09 19:45:01,310376000,9229659,ZCDF4,CORAL PRINCESS,54.79016,-131.1212,18.2,213.1
2012-06-10 04:46:01,2012-06-09 19:46:01,310376000,9229659,ZCDF4,CORAL PRINCESS,54.78588,-131.1258,18.2,211.5
2012-06-10 04:47:24,2012-06-09 19:47:24,310376000,9229659,ZCDF4,CORAL PRINCESS,54.77988,-131.1319,18.2,210.1
2012-06-10 04:48:00,2012-06-09 19:48:00,310376000,9229659,ZCDF4,CORAL PRINCESS,54.77711,-131.1346,18.2,209.2
2012-06-10 04:49:01,2012-06-09 19:49:01,310376000,9229659,ZCDF4,CORAL PRINCESS,54.77272,-131.1389,18.2,208.8
2012-06-10 04:50:01,2012-06-09 19:50:01,310376000,9229659,ZCDF4,CORAL PRINCESS,54.76831,-131.1431,18.2,208.8
2012-06-10 04:51:01,2012-06-09 19:51:01,310376000,9229659,ZCDF4,CORAL PRINCESS,54.7639,-131.1473,18.1,209.2
2012-06-10 04:52:00,2012-06-09 19:52:00,310376000,9229659,ZCDF4,CORAL PRINCESS,54.75948,-131.1514,18.2,207.9
2012-06-10 04:53:01,2012-06-09 19:53:01,310376000,9229659,ZCDF4,CORAL PRINCESS,54.75504,-131.1555,18.2,207.9
2012-06-10 04:54:01,2012-06-09 19:54:01,310376000,9229659,ZCDF4,CORAL PRINCESS,54.75057,-131.1596,18.2,207.9
2012-06-10 04:55:17,2012-06-09 19:55:17,310376000,9229659,ZCDF4,CORAL PRINCESS,54.74475,-131.1647,18.2,207.0
2012-06-10 04:56:03,2012-06-09 19:56:03,310376000,9229659,ZCDF4,CORAL PRINCESS,54.74333,-131.166,18.2,207.0
2012-06-10 04:57:00,2012-06-09 19:57:00,310376000,9229659,ZCDF4,CORAL PRINCESS,54.73713,-131.1715,18.1,207.6
2012-06-10 04:58:07,2012-06-09 19:58:07,310376000,9229659,ZCDF4,CORAL PRINCESS,54.73274,-131.1756,18.0,208.3
2012-06-10 04:59:00,2012-06-09 19:59:00,310376000,9229659,ZCDF4,CORAL PRINCESS,54.72833,-131.1796,18.1,208.3
2012-06-10 05:00:13,2012-06-09 20:00:13,310376000,9229659,ZCDF4,CORAL PRINCESS,54.72311,-131.1847,18.1,209.6
2012-06-10 05:01:01,2012-06-09 20:01:01,310376000,9229659,ZCDF4,CORAL PRINCESS,54.71964,-131.1882,18.1,210.0
2012-06-10 05:02:01,2012-06-09 20:02:01,310376000,9229659,ZCDF4,CORAL PRINCESS,54.71532,-131.1925,18.0,210.0
2012-06-10 05:03:01,2012-06-09 20:03:01,310376000,9229659,ZCDF4,CORAL PRINCESS,54.71095,-131.1969,18.0,211.6
2012-06-10 05:04:07,2012-06-09 20:04:07,310376000,9229659,ZCDF4,CORAL PRINCESS,54.70626,-131.2018,18.0,210.9
2012-06-10 05:05:42,2012-06-09 20:05:42,310376000,9229659,ZCDF4,CORAL PRINCESS,54.69949,-131.2088,18.0,211.2
2012-06-10 05:06:01,2012-06-09 20:06:01,310376000,9229659,ZCDF4,CORAL PRINCESS,54.69812,-131.2102,18.0,210.9
2012-06-10 05:07:01,2012-06-09 20:07:01,310376000,9229659,ZCDF4,CORAL PRINCESS,54.69387,-131.2147,18.0,211.5
2012-06-10 05:08:12,2012-06-09 20:08:12,310376000,9229659,ZCDF4,CORAL PRINCESS,54.68884,-131.22,18.0,211.2
2012-06-10 05:09:01,2012-06-09 20:09:01,310376000,9229659,ZCDF4,CORAL PRINCESS,54.68535,-131.2237,18.1,211.2
2012-06-10 05:10:24,2012-06-09 20:10:24,310376000,9229659,ZCDF4,CORAL PRINCESS,54.6811,-131.2283,18.1,211.5
2012-06-10 05:11:05,2012-06-09 20:11:05,310376000,9229659,ZCDF4,CORAL PRINCESS,54.67724,-131.2326,18.1,213.2
2012-06-10 05:12:19,2012-06-09 20:12:19,310376000,9229659,ZCDF4,CORAL PRINCESS,54.67138,-131.2393,18.1,213.2
2012-06-10 05:13:00,2012-06-09 20:13:00,310376000,9229659,ZCDF4,CORAL PRINCESS,54.66855,-131.2425,18.0,213.8
2012-06-10 05:14:21,2012-06-09 20:14:21,310376000,9229659,ZCDF4,CORAL PRINCESS,54.66565,-131.2459,18.0,213.8
2012-06-10 05:15:21,2012-06-09 20:15:21,310376000,9229659,ZCDF4,CORAL PRINCESS,54.66359,-131.2483,18.0,213.5
2012-06-10 05:16:37,2012-06-09 20:16:37,310376000,9229659,ZCDF4,CORAL PRINCESS,54.65371,-131.2599,17.8,214.2
2012-06-10 05:17:00,2012-06-09 20:17:00,310376000,9229659,ZCDF4,CORAL PRINCESS,54.65215,-131.2618,17.8,215.1
2012-06-10 05:18:00,2012-06-09 20:18:00,310376000,9229659,ZCDF4,CORAL PRINCESS,54.64801,-131.2667,17.9,215.1
2012-06-10 05:19:00,2012-06-09 20:19:00,310376000,9229659,ZCDF4,CORAL PRINCESS,54.64397,-131.2716,17.9,215.1
2012-06-10 05:20:00,2012-06-09 20:20:00,310376000,9229659,ZCDF4,CORAL PRINCESS,54.63989,-131.2764,17.9,214.1
2012-06-10 05:21:18,2012-06-09 20:21:18,310376000,9229659,ZCDF4,CORAL PRINCESS,54.63458,-131.2828,17.9,214.8
2012-06-10 05:22:37,2012-06-09 20:22:37,310376000,9229659,ZCDF4,CORAL PRINCESS,54.62929,-131.2892,18.0,215.4
2012-06-10 05:25:02,2012-06-09 20:25:02,310376000,9229659,ZCDF4,CORAL PRINCESS,54.62193,-131.298,18.0,214.8
2012-06-10 05:26:08,2012-06-09 20:26:08,310376000,9229659,ZCDF4,CORAL PRINCESS,54.61533,-131.3059,18.1,214.7
2012-06-10 05:27:07,2012-06-09 20:27:07,310376000,9229659,ZCDF4,CORAL PRINCESS,54.61072,-131.3113,17.9,212.8
2012-06-10 05:28:00,2012-06-09 20:28:00,310376000,9229659,ZCDF4,CORAL PRINCESS,54.60703,-131.3152,17.6,211.2
2012-06-10 05:29:18,2012-06-09 20:29:18,310376000,9229659,ZCDF4,CORAL PRINCESS,54.60138,-131.3202,17.4,205.6
2012-06-10 05:30:30,2012-06-09 20:30:30,310376000,9229659,ZCDF4,CORAL PRINCESS,54.59619,-131.3241,17.3,203.9
2012-06-10 05:31:06,2012-06-09 20:31:06,310376000,9229659,ZCDF4,CORAL PRINCESS,54.59355,-131.3261,17.3,203.3
2012-06-10 05:32:22,2012-06-09 20:32:22,310376000,9229659,ZCDF4,CORAL PRINCESS,54.58945,-131.3287,17.2,198.9
2012-06-10 05:33:01,2012-06-09 20:33:01,310376000,9229659,ZCDF4,CORAL PRINCESS,54.58497,-131.3308,17.0,193.7
2012-06-10 05:34:01,2012-06-09 20:34:01,310376000,9229659,ZCDF4,CORAL PRINCESS,54.58034,-131.3322,16.9,188.3
2012-06-10 05:35:06,2012-06-09 20:35:06,310376000,9229659,ZCDF4,CORAL PRINCESS,54.57514,-131.3328,16.9,181.7
2012-06-10 05:36:07,2012-06-09 20:36:07,310376000,9229659,ZCDF4,CORAL PRINCESS,54.57095,-131.3327,16.7,178.0
2012-06-10 05:37:01,2012-06-09 20:37:01,310376000,9229659,ZCDF4,CORAL PRINCESS,54.56633,-131.3324,16.7,178.4
2012-06-10 05:38:07,2012-06-09 20:38:07,310376000,9229659,ZCDF4,CORAL PRINCESS,54.56128,-131.3321,16.6,178.1
2012-06-10 05:39:07,2012-06-09 20:39:07,310376000,9229659,ZCDF4,CORAL PRINCESS,54.55668,-131.3318,16.6,178.4
2012-06-10 05:45:37,2012-06-09 20:45:37,310376000,9229659,ZCDF4,CORAL PRINCESS,54.52673,-131.33,16.6,174.5
2012-06-10 05:46:01,2012-06-09 20:46:01,310376000,9229659,ZCDF4,CORAL PRINCESS,54.52491,-131.3296,16.6,173.5
2012-06-10 05:47:01,2012-06-09 20:47:01,310376000,9229659,ZCDF4,CORAL PRINCESS,54.52042,-131.3282,16.4,167.5
2012-06-10 05:48:01,2012-06-09 20:48:01,310376000,9229659,ZCDF4,CORAL PRINCESS,54.51607,-131.326,16.4,162.1
2012-06-10 05:49:24,2012-06-09 20:49:24,310376000,9229659,ZCDF4,CORAL PRINCESS,54.51229,-131.3235,16.3,157.5
2012-06-10 05:50:13,2012-06-09 20:50:13,310376000,9229659,ZCDF4,CORAL PRINCESS,54.50708,-131.3189,16.2,150.5
2012-06-10 05:51:06,2012-06-09 20:51:06,310376000,9229659,ZCDF4,CORAL PRINCESS,54.50372,-131.3151,16.2,144.8
2012-06-10 05:52:01,2012-06-09 20:52:01,310376000,9229659,ZCDF4,CORAL PRINCESS,54.50056,-131.3108,16.2,140.1
2012-06-10 05:53:00,2012-06-09 20:53:00,310376000,9229659,ZCDF4,CORAL PRINCESS,54.4972,-131.3057,16.2,138.7
2012-06-10 05:54:00,2012-06-09 20:54:00,310376000,9229659,ZCDF4,CORAL PRINCESS,54.49384,-131.3006,16.2,137.7
2012-06-10 05:55:01,2012-06-09 20:55:01,310376000,9229659,ZCDF4,CORAL PRINCESS,54.49049,-131.2955,16.2,137.7
2012-06-10 05:56:00,2012-06-09 20:56:00,310376000,9229659,ZCDF4,CORAL PRINCESS,54.48714,-131.2903,16.3,138.0
2012-06-10 05:57:06,2012-06-09 20:57:06,310376000,9229659,ZCDF4,CORAL PRINCESS,54.48345,-131.2845,16.3,137.0
2012-06-10 05:58:00,2012-06-09 20:58:00,310376000,9229659,ZCDF4,CORAL PRINCESS,54.48043,-131.2798,16.3,138.0
2012-06-10 05:59:19,2012-06-09 20:59:19,310376000,9229659,ZCDF4,CORAL PRINCESS,54.47609,-131.273,16.4,137.0
2012-06-10 06:00:00,2012-06-09 21:00:00,310376000,9229659,ZCDF4,CORAL PRINCESS,54.47374,-131.2693,16.4,137.0
2012-06-10 06:01:07,2012-06-09 21:01:07,310376000,9229659,ZCDF4,CORAL PRINCESS,54.47013,-131.2635,16.5,137.3
2012-06-10 06:02:01,2012-06-09 21:02:01,310376000,9229659,ZCDF4,CORAL PRINCESS,54.46707,-131.2586,16.5,137.0
2012-06-10 06:03:03,2012-06-09 21:03:03,310376000,9229659,ZCDF4,CORAL PRINCESS,54.46372,-131.2532,16.6,137.0
2012-06-10 06:05:49,2012-06-09 21:05:49,310376000,9229659,ZCDF4,CORAL PRINCESS,54.4541,-131.2383,16.6,138.6
2012-06-10 06:06:30,2012-06-09 21:06:30,310376000,9229659,ZCDF4,CORAL PRINCESS,54.45174,-131.2348,16.6,139.3
2012-06-10 06:07:01,2012-06-09 21:07:01,310376000,9229659,ZCDF4,CORAL PRINCESS,54.45002,-131.2321,16.6,138.2
2012-06-10 06:08:06,2012-06-09 21:08:06,310376000,9229659,ZCDF4,CORAL PRINCESS,54.4466,-131.2269,16.4,138.8
2012-06-10 06:09:12,2012-06-09 21:09:12,310376000,9229659,ZCDF4,CORAL PRINCESS,54.44244,-131.2211,16.2,139.8
2012-06-10 06:10:12,2012-06-09 21:10:12,310376000,9229659,ZCDF4,CORAL PRINCESS,54.43904,-131.2161,16.1,138.5
2012-06-10 06:11:01,2012-06-09 21:11:01,310376000,9229659,ZCDF4,CORAL PRINCESS,54.43631,-131.2121,16.1,139.8
2012-06-10 06:12:01,2012-06-09 21:12:01,310376000,9229659,ZCDF4,CORAL PRINCESS,54.43286,-131.207,16.1,139.8
2012-06-10 06:13:02,2012-06-09 21:13:02,310376000,9229659,ZCDF4,CORAL PRINCESS,54.42947,-131.2021,16.1,139.8
2012-06-10 06:14:15,2012-06-09 21:14:15,310376000,9229659,ZCDF4,CORAL PRINCESS,54.42607,-131.1972,16.0,140.2
2012-06-10 06:15:07,2012-06-09 21:15:07,310376000,9229659,ZCDF4,CORAL PRINCESS,54.42235,-131.1918,16.0,139.8
2012-06-10 06:16:01,2012-06-09 21:16:01,310376000,9229659,ZCDF4,CORAL PRINCESS,54.4193,-131.1874,16.0,139.8
2012-06-10 06:17:00,2012-06-09 21:17:00,310376000,9229659,ZCDF4,CORAL PRINCESS,54.41584,-131.1827,15.9,143.1
2012-06-10 06:18:36,2012-06-09 21:18:36,310376000,9229659,ZCDF4,CORAL PRINCESS,54.41043,-131.176,15.9,143.8
2012-06-10 06:18:36,2012-06-09 21:18:36,310376000,9229659,ZCDF4,CORAL PRINCESS,54.41043,-131.176,15.9,143.8
