bs_ts,ak_dt,mmsi,imo,call_sign,name,lat,lon,sog,cog
2012-05-28 08:03:40,2012-05-28 00:03:40,310404000,9228198,ZCDF8,DIAMOND PRINCESS,54.14219,-131.007,15.5,351.0
2012-05-28 08:09:57,2012-05-28 00:09:57,310404000,9228198,ZCDF8,DIAMOND PRINCESS,54.16894,-131.0142,15.6,351.0
2012-05-28 08:10:51,2012-05-28 00:10:51,310404000,9228198,ZCDF8,DIAMOND PRINCESS,54.17279,-131.0153,15.6,351.4
2012-05-28 08:11:58,2012-05-28 00:11:58,310404000,9228198,ZCDF8,DIAMOND PRINCESS,54.17753,-131.0167,15.6,350.3
2012-05-28 08:15:15,2012-05-28 00:15:15,310404000,9228198,ZCDF8,DIAMOND PRINCESS,54.19158,-131.0208,15.6,349.7
2012-05-28 08:18:10,2012-05-28 00:18:10,310404000,9228198,ZCDF8,DIAMOND PRINCESS,54.204,-131.0247,15.6,350.0
2012-05-28 08:19:45,2012-05-28 00:19:45,310404000,9228198,ZCDF8,DIAMOND PRINCESS,54.21072,-131.0268,15.5,349.2
2012-05-28 08:20:57,2012-05-28 00:20:57,310404000,9228198,ZCDF8,DIAMOND PRINCESS,54.21579,-131.0284,15.5,348.8
2012-05-28 08:22:16,2012-05-28 00:22:16,310404000,9228198,ZCDF8,DIAMOND PRINCESS,54.2213,-131.0301,15.5,350.0
2012-05-28 08:24:33,2012-05-28 00:24:33,310404000,9228198,ZCDF8,DIAMOND PRINCESS,54.23107,-131.0329,15.6,350.7
2012-05-28 08:28:48,2012-05-28 00:28:48,310404000,9228198,ZCDF8,DIAMOND PRINCESS,54.24903,-131.0383,15.7,350.0
2012-05-28 08:29:33,2012-05-28 00:29:33,310404000,9228198,ZCDF8,DIAMOND PRINCESS,54.25245,-131.0393,15.6,350.0
2012-05-28 08:30:15,2012-05-28 00:30:15,310404000,9228198,ZCDF8,DIAMOND PRINCESS,54.25537,-131.0402,15.6,349.6
2012-05-28 08:31:15,2012-05-28 00:31:15,310404000,9228198,ZCDF8,DIAMOND PRINCESS,54.25967,-131.0414,15.7,351.3
2012-05-28 08:33:10,2012-05-28 00:33:10,310404000,9228198,ZCDF8,DIAMOND PRINCESS,54.26792,-131.0438,15.7,350.0
2012-05-28 08:34:03,2012-05-28 00:34:03,310404000,9228198,ZCDF8,DIAMOND PRINCESS,54.27179,-131.0449,15.7,351.0
2012-05-28 08:35:07,2012-05-28 00:35:07,310404000,9228198,ZCDF8,DIAMOND PRINCESS,54.27603,-131.0461,15.7,351.0
2012-05-28 08:36:03,2012-05-28 00:36:03,310404000,9228198,ZCDF8,DIAMOND PRINCESS,54.2804,-131.0473,15.8,350.3
2012-05-28 08:37:03,2012-05-28 00:37:03,310404000,9228198,ZCDF8,DIAMOND PRINCESS,54.28462,-131.0486,15.8,349.7
2012-05-28 08:38:03,2012-05-28 00:38:03,310404000,9228198,ZCDF8,DIAMOND PRINCESS,54.28891,-131.0498,15.7,350.4
2012-05-28 08:39:27,2012-05-28 00:39:27,310404000,9228198,ZCDF8,DIAMOND PRINCESS,54.29501,-131.0516,15.7,350.4
2012-05-28 08:40:52,2012-05-28 00:40:52,310404000,9228198,ZCDF8,DIAMOND PRINCESS,54.30091,-131.0539,15.5,345.3
2012-05-28 08:41:03,2012-05-28 00:41:03,310404000,9228198,ZCDF8,DIAMOND PRINCESS,54.30166,-131.0543,15.5,344.3
2012-05-28 08:42:57,2012-05-28 00:42:57,310404000,9228198,ZCDF8,DIAMOND PRINCESS,54.30918,-131.0593,15.3,337.2
2012-05-28 08:43:11,2012-05-28 00:43:11,310404000,9228198,ZCDF8,DIAMOND PRINCESS,54.31002,-131.0599,15.1,336.5
2012-05-28 08:44:14,2012-05-28 00:44:14,310404000,9228198,ZCDF8,DIAMOND PRINCESS,54.31421,-131.063,15.2,337.1
2012-05-28 08:45:27,2012-05-28 00:45:27,310404000,9228198,ZCDF8,DIAMOND PRINCESS,54.31897,-131.0664,15.4,337.3
2012-05-28 08:46:33,2012-05-28 00:46:33,310404000,9228198,ZCDF8,DIAMOND PRINCESS,54.3232,-131.0695,15.2,337.8
2012-05-28 08:47:03,2012-05-28 00:47:03,310404000,9228198,ZCDF8,DIAMOND PRINCESS,54.32521,-131.0709,15.0,338.5
2012-05-28 08:48:03,2012-05-28 00:48:03,310404000,9228198,ZCDF8,DIAMOND PRINCESS,54.32895,-131.0735,14.3,336.8
2012-05-28 08:49:27,2012-05-28 00:49:27,310404000,9228198,ZCDF8,DIAMOND PRINCESS,54.33357,-131.0768,12.0,336.9
2012-05-28 08:50:09,2012-05-28 00:50:09,310404000,9228198,ZCDF8,DIAMOND PRINCESS,54.33563,-131.0782,10.8,338.6
2012-05-28 08:51:03,2012-05-28 00:51:03,310404000,9228198,ZCDF8,DIAMOND PRINCESS,54.33793,-131.0798,9.4,337.4
2012-05-28 08:52:01,2012-05-28 00:52:01,310404000,9228198,ZCDF8,DIAMOND PRINCESS,54.34023,-131.0813,9.2,337.8
2012-05-28 08:53:11,2012-05-28 00:53:11,310404000,9228198,ZCDF8,DIAMOND PRINCESS,54.34312,-131.0833,10.0,338.2
2012-05-28 08:54:02,2012-05-28 00:54:02,310404000,9228198,ZCDF8,DIAMOND PRINCESS,54.34536,-131.0849,10.7,337.6
2012-05-28 08:55:02,2012-05-28 00:55:02,310404000,9228198,ZCDF8,DIAMOND PRINCESS,54.34825,-131.0869,11.6,336.9
2012-05-28 08:56:01,2012-05-28 00:56:01,310404000,9228198,ZCDF8,DIAMOND PRINCESS,54.35132,-131.0891,12.5,337.8
2012-05-28 08:57:04,2012-05-28 00:57:04,310404000,9228198,ZCDF8,DIAMOND PRINCESS,54.35471,-131.0916,13.3,335.5
2012-05-28 08:58:31,2012-05-28 00:58:31,310404000,9228198,ZCDF8,DIAMOND PRINCESS,54.35997,-131.0954,14.3,337.2
2012-05-28 08:59:23,2012-05-28 00:59:23,310404000,9228198,ZCDF8,DIAMOND PRINCESS,54.36248,-131.0972,14.5,336.7
2012-05-28 09:00:00,2012-05-28 01:00:00,310404000,9228198,ZCDF8,DIAMOND PRINCESS,54.36553,-131.0995,14.7,337.1
2012-05-28 09:01:06,2012-05-28 01:01:06,310404000,9228198,ZCDF8,DIAMOND PRINCESS,54.36964,-131.1025,15.1,337.3
2012-05-28 09:02:00,2012-05-28 01:02:00,310404000,9228198,ZCDF8,DIAMOND PRINCESS,54.37319,-131.1051,15.3,337.3
2012-05-28 09:03:07,2012-05-28 01:03:07,310404000,9228198,ZCDF8,DIAMOND PRINCESS,54.37752,-131.1082,15.4,338.1
2012-05-28 09:04:01,2012-05-28 01:04:01,310404000,9228198,ZCDF8,DIAMOND PRINCESS,54.3811,-131.1107,15.6,337.3
2012-05-28 09:05:12,2012-05-28 01:05:12,310404000,9228198,ZCDF8,DIAMOND PRINCESS,54.38589,-131.1141,15.8,338.3
2012-05-28 09:06:30,2012-05-28 01:06:30,310404000,9228198,ZCDF8,DIAMOND PRINCESS,54.39003,-131.1169,15.9,338.0
2012-05-28 09:07:11,2012-05-28 01:07:11,310404000,9228198,ZCDF8,DIAMOND PRINCESS,54.39403,-131.1197,15.9,338.0
2012-05-28 09:08:06,2012-05-28 01:08:06,310404000,9228198,ZCDF8,DIAMOND PRINCESS,54.39776,-131.1223,15.8,338.0
2012-05-28 09:09:06,2012-05-28 01:09:06,310404000,9228198,ZCDF8,DIAMOND PRINCESS,54.40177,-131.1251,15.9,338.0
2012-05-28 09:10:06,2012-05-28 01:10:06,310404000,9228198,ZCDF8,DIAMOND PRINCESS,54.40591,-131.128,15.8,337.3
2012-05-28 09:11:00,2012-05-28 01:11:00,310404000,9228198,ZCDF8,DIAMOND PRINCESS,54.4095,-131.1305,15.8,338.4
2012-05-28 09:12:00,2012-05-28 01:12:00,310404000,9228198,ZCDF8,DIAMOND PRINCESS,54.41356,-131.1334,15.9,337.3
2012-05-28 09:13:07,2012-05-28 01:13:07,310404000,9228198,ZCDF8,DIAMOND PRINCESS,54.41816,-131.1367,16.0,336.7
2012-05-28 09:14:00,2012-05-28 01:14:00,310404000,9228198,ZCDF8,DIAMOND PRINCESS,54.4217,-131.1392,15.9,337.3
2012-05-28 09:15:12,2012-05-28 01:15:12,310404000,9228198,ZCDF8,DIAMOND PRINCESS,54.42665,-131.1428,15.9,338.4
2012-05-28 09:16:00,2012-05-28 01:16:00,310404000,9228198,ZCDF8,DIAMOND PRINCESS,54.42992,-131.1451,16.0,336.7
2012-05-28 09:17:00,2012-05-28 01:17:00,310404000,9228198,ZCDF8,DIAMOND PRINCESS,54.43394,-131.148,16.0,336.7
2012-05-28 09:18:06,2012-05-28 01:18:06,310404000,9228198,ZCDF8,DIAMOND PRINCESS,54.43852,-131.1514,16.0,337.7
2012-05-28 09:20:13,2012-05-28 01:20:13,310404000,9228198,ZCDF8,DIAMOND PRINCESS,54.4471,-131.1574,16.1,339.4
2012-05-28 09:21:00,2012-05-28 01:21:00,310404000,9228198,ZCDF8,DIAMOND PRINCESS,54.45043,-131.1597,15.9,337.8
2012-05-28 09:22:05,2012-05-28 01:22:05,310404000,9228198,ZCDF8,DIAMOND PRINCESS,54.45491,-131.1629,16.0,337.0
2012-05-28 09:24:17,2012-05-28 01:24:17,310404000,9228198,ZCDF8,DIAMOND PRINCESS,54.46399,-131.1694,16.2,337.7
2012-05-28 09:25:24,2012-05-28 01:25:24,310404000,9228198,ZCDF8,DIAMOND PRINCESS,54.46812,-131.1723,16.0,337.7
2012-05-28 09:28:23,2012-05-28 01:28:23,310404000,9228198,ZCDF8,DIAMOND PRINCESS,54.48088,-131.1812,16.0,337.4
2012-05-28 09:29:00,2012-05-28 01:29:00,310404000,9228198,ZCDF8,DIAMOND PRINCESS,54.48343,-131.1829,16.0,338.5
2012-05-28 09:30:17,2012-05-28 01:30:17,310404000,9228198,ZCDF8,DIAMOND PRINCESS,54.4888,-131.1867,16.1,338.4
2012-05-28 09:31:00,2012-05-28 01:31:00,310404000,9228198,ZCDF8,DIAMOND PRINCESS,54.49169,-131.1887,16.1,337.4
2012-05-28 09:32:41,2012-05-28 01:32:41,310404000,9228198,ZCDF8,DIAMOND PRINCESS,54.4986,-131.1937,16.0,337.5
2012-05-28 09:33:06,2012-05-28 01:33:06,310404000,9228198,ZCDF8,DIAMOND PRINCESS,54.50023,-131.1949,16.0,337.1
2012-05-28 09:35:06,2012-05-28 01:35:06,310404000,9228198,ZCDF8,DIAMOND PRINCESS,54.50832,-131.2008,15.7,337.5
2012-05-28 09:36:01,2012-05-28 01:36:01,310404000,9228198,ZCDF8,DIAMOND PRINCESS,54.5104,-131.2023,15.8,337.5
2012-05-28 09:37:26,2012-05-28 01:37:26,310404000,9228198,ZCDF8,DIAMOND PRINCESS,54.51362,-131.2047,15.8,336.0
2012-05-28 09:40:05,2012-05-28 01:40:05,310404000,9228198,ZCDF8,DIAMOND PRINCESS,54.52857,-131.2157,15.9,337.4
2012-05-28 09:42:54,2012-05-28 01:42:54,310404000,9228198,ZCDF8,DIAMOND PRINCESS,54.53989,-131.2239,15.9,337.4
2012-05-28 09:43:07,2012-05-28 01:43:07,310404000,9228198,ZCDF8,DIAMOND PRINCESS,54.54036,-131.2242,15.9,339.2
2012-05-28 09:44:03,2012-05-28 01:44:03,310404000,9228198,ZCDF8,DIAMOND PRINCESS,54.5436,-131.2265,15.9,338.1
2012-05-28 09:45:00,2012-05-28 01:45:00,310404000,9228198,ZCDF8,DIAMOND PRINCESS,54.54637,-131.2285,15.9,337.4
2012-05-28 09:46:06,2012-05-28 01:46:06,310404000,9228198,ZCDF8,DIAMOND PRINCESS,54.55298,-131.2333,16.0,336.7
2012-05-28 09:47:09,2012-05-28 01:47:09,310404000,9228198,ZCDF8,DIAMOND PRINCESS,54.55706,-131.2363,16.0,336.7
2012-05-28 09:48:01,2012-05-28 01:48:01,310404000,9228198,ZCDF8,DIAMOND PRINCESS,54.56081,-131.239,16.0,337.7
2012-05-28 09:49:17,2012-05-28 01:49:17,310404000,9228198,ZCDF8,DIAMOND PRINCESS,54.56434,-131.2415,16.0,337.7
2012-05-28 09:50:23,2012-05-28 01:50:23,310404000,9228198,ZCDF8,DIAMOND PRINCESS,54.5705,-131.2458,15.8,338.7
2012-05-28 09:51:27,2012-05-28 01:51:27,310404000,9228198,ZCDF8,DIAMOND PRINCESS,54.57173,-131.2466,15.9,340.0
2012-05-28 09:52:17,2012-05-28 01:52:17,310404000,9228198,ZCDF8,DIAMOND PRINCESS,54.5785,-131.2499,15.9,347.9
2012-05-28 09:53:00,2012-05-28 01:53:00,310404000,9228198,ZCDF8,DIAMOND PRINCESS,54.5817,-131.2507,15.9,351.9
2012-05-28 09:57:30,2012-05-28 01:57:30,310404000,9228198,ZCDF8,DIAMOND PRINCESS,54.60143,-131.2487,16.1,10.5
2012-05-28 09:58:00,2012-05-28 01:58:00,310404000,9228198,ZCDF8,DIAMOND PRINCESS,54.60361,-131.2479,16.1,13.2
2012-05-28 09:59:01,2012-05-28 01:59:01,310404000,9228198,ZCDF8,DIAMOND PRINCESS,54.60799,-131.2463,16.1,12.0
2012-05-28 10:00:05,2012-05-28 02:00:05,310404000,9228198,ZCDF8,DIAMOND PRINCESS,54.61236,-131.2446,16.1,13.3
2012-05-28 10:01:00,2012-05-28 02:01:00,310404000,9228198,ZCDF8,DIAMOND PRINCESS,54.61663,-131.243,16.0,12.0
2012-05-28 10:02:00,2012-05-28 02:02:00,310404000,9228198,ZCDF8,DIAMOND PRINCESS,54.62104,-131.2415,15.9,10.1
2012-05-28 10:03:36,2012-05-28 02:03:36,310404000,9228198,ZCDF8,DIAMOND PRINCESS,54.6279,-131.2391,15.8,13.0
2012-05-28 10:04:24,2012-05-28 02:04:24,310404000,9228198,ZCDF8,DIAMOND PRINCESS,54.63137,-131.2378,15.7,11.5
2012-05-28 10:05:00,2012-05-28 02:05:00,310404000,9228198,ZCDF8,DIAMOND PRINCESS,54.63383,-131.2368,15.7,11.5
2012-05-28 10:06:12,2012-05-28 02:06:12,310404000,9228198,ZCDF8,DIAMOND PRINCESS,54.63899,-131.2349,15.7,11.9
2012-05-28 10:07:24,2012-05-28 02:07:24,310404000,9228198,ZCDF8,DIAMOND PRINCESS,54.64408,-131.2329,15.6,11.8
2012-05-28 10:08:29,2012-05-28 02:08:29,310404000,9228198,ZCDF8,DIAMOND PRINCESS,54.64868,-131.2312,15.7,14.4
2012-05-28 10:09:12,2012-05-28 02:09:12,310404000,9228198,ZCDF8,DIAMOND PRINCESS,54.6517,-131.23,15.6,12.2
2012-05-28 10:11:12,2012-05-28 02:11:12,310404000,9228198,ZCDF8,DIAMOND PRINCESS,54.66002,-131.2269,15.3,10.8
2012-05-28 10:12:00,2012-05-28 02:12:00,310404000,9228198,ZCDF8,DIAMOND PRINCESS,54.66341,-131.2257,15.3,11.1
2012-05-28 10:13:36,2012-05-28 02:13:36,310404000,9228198,ZCDF8,DIAMOND PRINCESS,54.6671,-131.2243,15.4,12.2
2012-05-28 10:14:17,2012-05-28 02:14:17,310404000,9228198,ZCDF8,DIAMOND PRINCESS,54.67298,-131.2221,15.5,12.2
2012-05-28 10:15:05,2012-05-28 02:15:05,310404000,9228198,ZCDF8,DIAMOND PRINCESS,54.67626,-131.2209,15.4,12.2
2012-05-28 10:17:29,2012-05-28 02:17:29,310404000,9228198,ZCDF8,DIAMOND PRINCESS,54.68641,-131.2171,15.6,13.1
2012-05-28 10:18:48,2012-05-28 02:18:48,310404000,9228198,ZCDF8,DIAMOND PRINCESS,54.69195,-131.2151,15.5,12.3
2012-05-28 10:19:12,2012-05-28 02:19:12,310404000,9228198,ZCDF8,DIAMOND PRINCESS,54.69357,-131.2145,15.6,13.1
2012-05-28 10:20:03,2012-05-28 02:20:03,310404000,9228198,ZCDF8,DIAMOND PRINCESS,54.69693,-131.2131,15.6,13.2
2012-05-28 10:21:27,2012-05-28 02:21:27,310404000,9228198,ZCDF8,DIAMOND PRINCESS,54.69867,-131.2124,15.7,13.6
2012-05-28 10:23:36,2012-05-28 02:23:36,310404000,9228198,ZCDF8,DIAMOND PRINCESS,54.71224,-131.2066,15.9,15.3
2012-05-28 10:24:06,2012-05-28 02:24:06,310404000,9228198,ZCDF8,DIAMOND PRINCESS,54.71436,-131.2057,15.8,13.6
2012-05-28 10:25:41,2012-05-28 02:25:41,310404000,9228198,ZCDF8,DIAMOND PRINCESS,54.72117,-131.203,15.8,12.5
2012-05-28 10:26:30,2012-05-28 02:26:30,310404000,9228198,ZCDF8,DIAMOND PRINCESS,54.72459,-131.2016,15.8,13.1
2012-05-28 10:27:12,2012-05-28 02:27:12,310404000,9228198,ZCDF8,DIAMOND PRINCESS,54.72757,-131.2004,15.8,12.8
2012-05-28 10:28:06,2012-05-28 02:28:06,310404000,9228198,ZCDF8,DIAMOND PRINCESS,54.73135,-131.1989,15.9,12.8
2012-05-28 10:29:00,2012-05-28 02:29:00,310404000,9228198,ZCDF8,DIAMOND PRINCESS,54.73519,-131.1973,15.8,13.8
2012-05-28 10:30:11,2012-05-28 02:30:11,310404000,9228198,ZCDF8,DIAMOND PRINCESS,54.74032,-131.1951,15.9,14.1
2012-05-28 10:31:11,2012-05-28 02:31:11,310404000,9228198,ZCDF8,DIAMOND PRINCESS,54.74461,-131.1933,15.9,14.1
2012-05-28 10:32:06,2012-05-28 02:32:06,310404000,9228198,ZCDF8,DIAMOND PRINCESS,54.74855,-131.1917,16.0,13.4
2012-05-28 10:33:05,2012-05-28 02:33:05,310404000,9228198,ZCDF8,DIAMOND PRINCESS,54.75285,-131.1897,16.0,15.1
2012-05-28 10:34:17,2012-05-28 02:34:17,310404000,9228198,ZCDF8,DIAMOND PRINCESS,54.75792,-131.1874,16.0,14.8
2012-05-28 10:35:05,2012-05-28 02:35:05,310404000,9228198,ZCDF8,DIAMOND PRINCESS,54.76145,-131.1859,16.1,13.0
2012-05-28 10:36:00,2012-05-28 02:36:00,310404000,9228198,ZCDF8,DIAMOND PRINCESS,54.76536,-131.1842,16.3,15.1
2012-05-28 10:37:00,2012-05-28 02:37:00,310404000,9228198,ZCDF8,DIAMOND PRINCESS,54.76976,-131.1823,16.3,13.7
2012-05-28 10:38:00,2012-05-28 02:38:00,310404000,9228198,ZCDF8,DIAMOND PRINCESS,54.77423,-131.1803,16.4,13.7
2012-05-28 10:39:00,2012-05-28 02:39:00,310404000,9228198,ZCDF8,DIAMOND PRINCESS,54.77854,-131.1783,16.3,14.7
2012-05-28 10:40:05,2012-05-28 02:40:05,310404000,9228198,ZCDF8,DIAMOND PRINCESS,54.78333,-131.176,16.2,15.8
2012-05-28 10:41:05,2012-05-28 02:41:05,310404000,9228198,ZCDF8,DIAMOND PRINCESS,54.78764,-131.1739,16.1,16.1
2012-05-28 10:42:05,2012-05-28 02:42:05,310404000,9228198,ZCDF8,DIAMOND PRINCESS,54.79188,-131.1719,16.1,15.1
2012-05-28 10:43:05,2012-05-28 02:43:05,310404000,9228198,ZCDF8,DIAMOND PRINCESS,54.79626,-131.1699,16.1,16.5
2012-05-28 10:44:00,2012-05-28 02:44:00,310404000,9228198,ZCDF8,DIAMOND PRINCESS,54.80014,-131.168,16.1,15.8
2012-05-28 10:45:01,2012-05-28 02:45:01,310404000,9228198,ZCDF8,DIAMOND PRINCESS,54.80409,-131.1662,16.2,15.8
2012-05-28 10:46:01,2012-05-28 02:46:01,310404000,9228198,ZCDF8,DIAMOND PRINCESS,54.80568,-131.1655,16.1,15.5
2012-05-28 10:47:00,2012-05-28 02:47:00,310404000,9228198,ZCDF8,DIAMOND PRINCESS,54.81313,-131.162,16.2,15.1
2012-05-28 10:48:00,2012-05-28 02:48:00,310404000,9228198,ZCDF8,DIAMOND PRINCESS,54.81754,-131.16,16.2,14.5
2012-05-28 10:49:00,2012-05-28 02:49:00,310404000,9228198,ZCDF8,DIAMOND PRINCESS,54.82183,-131.158,16.2,13.8
2012-05-28 10:50:11,2012-05-28 02:50:11,310404000,9228198,ZCDF8,DIAMOND PRINCESS,54.82698,-131.1556,16.3,13.8
2012-05-28 10:51:05,2012-05-28 02:51:05,310404000,9228198,ZCDF8,DIAMOND PRINCESS,54.83097,-131.1539,16.2,13.5
2012-05-28 10:52:00,2012-05-28 02:52:00,310404000,9228198,ZCDF8,DIAMOND PRINCESS,54.83492,-131.1522,16.2,14.5
2012-05-28 10:53:00,2012-05-28 02:53:00,310404000,9228198,ZCDF8,DIAMOND PRINCESS,54.83934,-131.1503,16.2,14.2
2012-05-28 10:54:00,2012-05-28 02:54:00,310404000,9228198,ZCDF8,DIAMOND PRINCESS,54.84364,-131.1484,16.2,13.5
2012-05-28 10:55:11,2012-05-28 02:55:11,310404000,9228198,ZCDF8,DIAMOND PRINCESS,54.8488,-131.1462,16.2,14.2
2012-05-28 10:56:00,2012-05-28 02:56:00,310404000,9228198,ZCDF8,DIAMOND PRINCESS,54.85197,-131.1449,16.2,14.2
2012-05-28 10:57:06,2012-05-28 02:57:06,310404000,9228198,ZCDF8,DIAMOND PRINCESS,54.85714,-131.1427,16.2,12.5
2012-05-28 10:58:00,2012-05-28 02:58:00,310404000,9228198,ZCDF8,DIAMOND PRINCESS,54.85973,-131.1416,16.2,14.0
2012-05-28 10:59:06,2012-05-28 02:59:06,310404000,9228198,ZCDF8,DIAMOND PRINCESS,54.86591,-131.139,16.1,13.2
2012-05-28 11:00:06,2012-05-28 03:00:06,310404000,9228198,ZCDF8,DIAMOND PRINCESS,54.87018,-131.1373,16.1,13.0
2012-05-28 11:01:00,2012-05-28 03:01:00,310404000,9228198,ZCDF8,DIAMOND PRINCESS,54.87409,-131.1357,16.1,14.0
2012-05-28 11:02:06,2012-05-28 03:02:06,310404000,9228198,ZCDF8,DIAMOND PRINCESS,54.87894,-131.1337,16.0,13.3
2012-05-28 11:03:05,2012-05-28 03:03:05,310404000,9228198,ZCDF8,DIAMOND PRINCESS,54.88318,-131.1319,16.0,12.7
2012-05-28 11:04:05,2012-05-28 03:04:05,310404000,9228198,ZCDF8,DIAMOND PRINCESS,54.88749,-131.1302,15.9,13.4
2012-05-28 11:05:05,2012-05-28 03:05:05,310404000,9228198,ZCDF8,DIAMOND PRINCESS,54.89179,-131.1287,15.8,9.5
2012-05-28 11:06:05,2012-05-28 03:06:05,310404000,9228198,ZCDF8,DIAMOND PRINCESS,54.89613,-131.1278,15.7,5.1
2012-05-28 11:07:01,2012-05-28 03:07:01,310404000,9228198,ZCDF8,DIAMOND PRINCESS,54.90026,-131.1275,15.6,0.5
2012-05-28 11:08:06,2012-05-28 03:08:06,310404000,9228198,ZCDF8,DIAMOND PRINCESS,54.90489,-131.1277,15.6,357.8
2012-05-28 11:09:06,2012-05-28 03:09:06,310404000,9228198,ZCDF8,DIAMOND PRINCESS,54.90921,-131.128,15.7,357.7
2012-05-28 11:10:06,2012-05-28 03:10:06,310404000,9228198,ZCDF8,DIAMOND PRINCESS,54.91356,-131.1282,15.7,358.6
2012-05-28 11:11:06,2012-05-28 03:11:06,310404000,9228198,ZCDF8,DIAMOND PRINCESS,54.91792,-131.1283,15.7,358.2
2012-05-28 11:12:06,2012-05-28 03:12:06,310404000,9228198,ZCDF8,DIAMOND PRINCESS,54.92225,-131.1286,15.7,357.6
2012-05-28 11:13:06,2012-05-28 03:13:06,310404000,9228198,ZCDF8,DIAMOND PRINCESS,54.92663,-131.1289,15.8,357.5
2012-05-28 11:14:00,2012-05-28 03:14:00,310404000,9228198,ZCDF8,DIAMOND PRINCESS,54.93058,-131.1291,15.8,358.6
2012-05-28 11:15:00,2012-05-28 03:15:00,310404000,9228198,ZCDF8,DIAMOND PRINCESS,54.93489,-131.1293,15.8,358.2
2012-05-28 11:16:06,2012-05-28 03:16:06,310404000,9228198,ZCDF8,DIAMOND PRINCESS,54.93978,-131.1295,15.8,358.2
2012-05-28 11:17:00,2012-05-28 03:17:00,310404000,9228198,ZCDF8,DIAMOND PRINCESS,54.94373,-131.1297,15.9,357.9
2012-05-28 11:18:06,2012-05-28 03:18:06,310404000,9228198,ZCDF8,DIAMOND PRINCESS,54.94858,-131.1299,15.9,358.5
2012-05-28 11:19:00,2012-05-28 03:19:00,310404000,9228198,ZCDF8,DIAMOND PRINCESS,54.95256,-131.13,16.0,358.5
2012-05-28 11:20:01,2012-05-28 03:20:01,310404000,9228198,ZCDF8,DIAMOND PRINCESS,54.95699,-131.1301,16.0,359.5
2012-05-28 11:21:01,2012-05-28 03:21:01,310404000,9228198,ZCDF8,DIAMOND PRINCESS,54.96152,-131.1301,16.1,0.2
2012-05-28 11:22:01,2012-05-28 03:22:01,310404000,9228198,ZCDF8,DIAMOND PRINCESS,54.96598,-131.1301,16.1,0.9
2012-05-28 11:23:01,2012-05-28 03:23:01,310404000,9228198,ZCDF8,DIAMOND PRINCESS,54.97044,-131.13,16.0,0.9
2012-05-28 11:24:01,2012-05-28 03:24:01,310404000,9228198,ZCDF8,DIAMOND PRINCESS,54.97488,-131.13,16.0,0.5
2012-05-28 11:25:01,2012-05-28 03:25:01,310404000,9228198,ZCDF8,DIAMOND PRINCESS,54.97925,-131.13,16.0,0.0
2012-05-28 11:26:01,2012-05-28 03:26:01,310404000,9228198,ZCDF8,DIAMOND PRINCESS,54.98375,-131.13,16.0,0.2
2012-05-28 11:27:02,2012-05-28 03:27:02,310404000,9228198,ZCDF8,DIAMOND PRINCESS,54.98819,-131.13,16.0,359.7
2012-05-28 11:28:01,2012-05-28 03:28:01,310404000,9228198,ZCDF8,DIAMOND PRINCESS,54.9926,-131.1301,16.0,358.6
2012-05-28 11:29:01,2012-05-28 03:29:01,310404000,9228198,ZCDF8,DIAMOND PRINCESS,54.99702,-131.1302,16.0,358.6
2012-05-28 11:30:01,2012-05-28 03:30:01,310404000,9228198,ZCDF8,DIAMOND PRINCESS,55.00138,-131.1303,16.0,359.0
2012-05-28 11:31:01,2012-05-28 03:31:01,310404000,9228198,ZCDF8,DIAMOND PRINCESS,55.0059,-131.1304,16.1,358.6
2012-05-28 11:32:01,2012-05-28 03:32:01,310404000,9228198,ZCDF8,DIAMOND PRINCESS,55.01034,-131.1305,16.1,359.0
2012-05-28 11:33:01,2012-05-28 03:33:01,310404000,9228198,ZCDF8,DIAMOND PRINCESS,55.0148,-131.1306,16.1,359.0
2012-05-28 11:34:01,2012-05-28 03:34:01,310404000,9228198,ZCDF8,DIAMOND PRINCESS,55.01927,-131.1307,16.1,359.3
2012-05-28 11:35:01,2012-05-28 03:35:01,310404000,9228198,ZCDF8,DIAMOND PRINCESS,55.02373,-131.1308,16.1,359.3
2012-05-28 11:36:00,2012-05-28 03:36:00,310404000,9228198,ZCDF8,DIAMOND PRINCESS,55.02811,-131.131,15.6,359.3
2012-05-28 11:37:01,2012-05-28 03:37:01,310404000,9228198,ZCDF8,DIAMOND PRINCESS,55.03237,-131.1311,15.3,357.8
2012-05-28 11:38:00,2012-05-28 03:38:00,310404000,9228198,ZCDF8,DIAMOND PRINCESS,55.0365,-131.1314,15.0,357.8
2012-05-28 11:39:01,2012-05-28 03:39:01,310404000,9228198,ZCDF8,DIAMOND PRINCESS,55.04068,-131.1317,14.8,358.5
2012-05-28 11:40:01,2012-05-28 03:40:01,310404000,9228198,ZCDF8,DIAMOND PRINCESS,55.04474,-131.1323,14.6,353.8
2012-05-28 11:41:01,2012-05-28 03:41:01,310404000,9228198,ZCDF8,DIAMOND PRINCESS,55.04871,-131.1334,14.5,350.2
2012-05-28 11:42:00,2012-05-28 03:42:00,310404000,9228198,ZCDF8,DIAMOND PRINCESS,55.05267,-131.1348,14.5,348.4
2012-05-28 11:43:03,2012-05-28 03:43:03,310404000,9228198,ZCDF8,DIAMOND PRINCESS,55.05673,-131.1361,14.5,349.0
2012-05-28 11:44:02,2012-05-28 03:44:02,310404000,9228198,ZCDF8,DIAMOND PRINCESS,55.06066,-131.1374,14.3,348.9
2012-05-28 11:45:03,2012-05-28 03:45:03,310404000,9228198,ZCDF8,DIAMOND PRINCESS,55.06459,-131.1387,14.4,349.0
2012-05-28 11:46:03,2012-05-28 03:46:03,310404000,9228198,ZCDF8,DIAMOND PRINCESS,55.06845,-131.14,14.4,349.4
2012-05-28 11:47:03,2012-05-28 03:47:03,310404000,9228198,ZCDF8,DIAMOND PRINCESS,55.07244,-131.1414,14.5,349.4
2012-05-28 11:48:03,2012-05-28 03:48:03,310404000,9228198,ZCDF8,DIAMOND PRINCESS,55.07638,-131.1427,14.5,349.0
2012-05-28 11:49:02,2012-05-28 03:49:02,310404000,9228198,ZCDF8,DIAMOND PRINCESS,55.08033,-131.144,14.5,348.6
2012-05-28 11:50:02,2012-05-28 03:50:02,310404000,9228198,ZCDF8,DIAMOND PRINCESS,55.08423,-131.1453,14.6,348.6
2012-05-28 11:51:01,2012-05-28 03:51:01,310404000,9228198,ZCDF8,DIAMOND PRINCESS,55.08813,-131.1466,14.6,348.6
2012-05-28 11:52:02,2012-05-28 03:52:02,310404000,9228198,ZCDF8,DIAMOND PRINCESS,55.09218,-131.1479,14.6,349.8
2012-05-28 11:53:02,2012-05-28 03:53:02,310404000,9228198,ZCDF8,DIAMOND PRINCESS,55.09612,-131.1491,14.6,349.0
2012-05-28 11:54:01,2012-05-28 03:54:01,310404000,9228198,ZCDF8,DIAMOND PRINCESS,55.1002,-131.1505,14.8,349.8
2012-05-28 11:55:02,2012-05-28 03:55:02,310404000,9228198,ZCDF8,DIAMOND PRINCESS,55.10424,-131.1517,14.8,349.8
2012-05-28 11:56:01,2012-05-28 03:56:01,310404000,9228198,ZCDF8,DIAMOND PRINCESS,55.10822,-131.153,14.8,349.8
2012-05-28 11:57:01,2012-05-28 03:57:01,310404000,9228198,ZCDF8,DIAMOND PRINCESS,55.11234,-131.1542,14.8,350.2
2012-05-28 11:58:02,2012-05-28 03:58:02,310404000,9228198,ZCDF8,DIAMOND PRINCESS,55.11631,-131.1556,14.8,349.2
2012-05-28 11:59:02,2012-05-28 03:59:02,310404000,9228198,ZCDF8,DIAMOND PRINCESS,55.1204,-131.1571,14.8,347.8
2012-05-28 12:00:02,2012-05-28 04:00:02,310404000,9228198,ZCDF8,DIAMOND PRINCESS,55.12439,-131.1587,14.8,346.4
2012-05-28 12:01:02,2012-05-28 04:01:02,310404000,9228198,ZCDF8,DIAMOND PRINCESS,55.12833,-131.1607,14.8,341.6
2012-05-28 12:02:02,2012-05-28 04:02:02,310404000,9228198,ZCDF8,DIAMOND PRINCESS,55.13217,-131.1632,14.7,338.2
2012-05-28 12:03:02,2012-05-28 04:03:02,310404000,9228198,ZCDF8,DIAMOND PRINCESS,55.13585,-131.166,14.8,335.2
2012-05-28 12:04:02,2012-05-28 04:04:02,310404000,9228198,ZCDF8,DIAMOND PRINCESS,55.13956,-131.1693,14.8,332.2
2012-05-28 12:05:02,2012-05-28 04:05:02,310404000,9228198,ZCDF8,DIAMOND PRINCESS,55.14304,-131.1728,14.8,329.6
2012-05-28 12:06:02,2012-05-28 04:06:02,310404000,9228198,ZCDF8,DIAMOND PRINCESS,55.14644,-131.177,14.7,321.7
2012-05-28 12:07:02,2012-05-28 04:07:02,310404000,9228198,ZCDF8,DIAMOND PRINCESS,55.14931,-131.1821,14.6,311.7
2012-05-28 12:08:02,2012-05-28 04:08:02,310404000,9228198,ZCDF8,DIAMOND PRINCESS,55.15169,-131.1873,13.9,306.7
2012-05-28 12:09:02,2012-05-28 04:09:02,310404000,9228198,ZCDF8,DIAMOND PRINCESS,55.15392,-131.1926,12.8,307.6
2012-05-28 12:10:02,2012-05-28 04:10:02,310404000,9228198,ZCDF8,DIAMOND PRINCESS,55.15594,-131.1972,11.7,308.0
2012-05-28 12:11:02,2012-05-28 04:11:02,310404000,9228198,ZCDF8,DIAMOND PRINCESS,55.15784,-131.2015,10.8,306.8
2012-05-28 12:12:06,2012-05-28 04:12:06,310404000,9228198,ZCDF8,DIAMOND PRINCESS,55.15979,-131.2058,10.3,308.1
2012-05-28 12:13:06,2012-05-28 04:13:06,310404000,9228198,ZCDF8,DIAMOND PRINCESS,55.16153,-131.2097,10.3,308.6
2012-05-28 12:14:06,2012-05-28 04:14:06,310404000,9228198,ZCDF8,DIAMOND PRINCESS,55.16332,-131.2136,10.5,307.6
2012-05-28 12:15:06,2012-05-28 04:15:06,310404000,9228198,ZCDF8,DIAMOND PRINCESS,55.16518,-131.2177,10.8,307.7
2012-05-28 12:16:06,2012-05-28 04:16:06,310404000,9228198,ZCDF8,DIAMOND PRINCESS,55.16703,-131.2219,11.2,306.9
2012-05-28 12:17:06,2012-05-28 04:17:06,310404000,9228198,ZCDF8,DIAMOND PRINCESS,55.16902,-131.2264,11.7,307.5
2012-05-28 12:18:06,2012-05-28 04:18:06,310404000,9228198,ZCDF8,DIAMOND PRINCESS,55.17103,-131.231,12.3,307.6
2012-05-28 12:19:06,2012-05-28 04:19:06,310404000,9228198,ZCDF8,DIAMOND PRINCESS,55.17316,-131.2358,13.0,306.9
2012-05-28 12:20:06,2012-05-28 04:20:06,310404000,9228198,ZCDF8,DIAMOND PRINCESS,55.17538,-131.2409,13.6,307.8
2012-05-28 12:21:06,2012-05-28 04:21:06,310404000,9228198,ZCDF8,DIAMOND PRINCESS,55.1777,-131.2463,14.0,306.7
2012-05-28 12:22:01,2012-05-28 04:22:01,310404000,9228198,ZCDF8,DIAMOND PRINCESS,55.17989,-131.2514,14.2,306.7
2012-05-28 12:23:01,2012-05-28 04:23:01,310404000,9228198,ZCDF8,DIAMOND PRINCESS,55.18218,-131.257,14.4,304.8
2012-05-28 12:24:01,2012-05-28 04:24:01,310404000,9228198,ZCDF8,DIAMOND PRINCESS,55.18441,-131.2628,14.5,302.6
2012-05-28 12:25:01,2012-05-28 04:25:01,310404000,9228198,ZCDF8,DIAMOND PRINCESS,55.18644,-131.2689,14.5,299.0
2012-05-28 12:26:01,2012-05-28 04:26:01,310404000,9228198,ZCDF8,DIAMOND PRINCESS,55.18839,-131.2751,14.6,299.0
2012-05-28 12:27:01,2012-05-28 04:27:01,310404000,9228198,ZCDF8,DIAMOND PRINCESS,55.19036,-131.2815,14.7,299.0
2012-05-28 12:28:01,2012-05-28 04:28:01,310404000,9228198,ZCDF8,DIAMOND PRINCESS,55.19229,-131.2877,14.8,299.0
2012-05-28 12:29:01,2012-05-28 04:29:01,310404000,9228198,ZCDF8,DIAMOND PRINCESS,55.19427,-131.294,14.9,299.0
2012-05-28 12:30:01,2012-05-28 04:30:01,310404000,9228198,ZCDF8,DIAMOND PRINCESS,55.19625,-131.3004,15.0,299.0
2012-05-28 12:31:02,2012-05-28 04:31:02,310404000,9228198,ZCDF8,DIAMOND PRINCESS,55.19827,-131.3069,15.1,299.0
2012-05-28 12:32:02,2012-05-28 04:32:02,310404000,9228198,ZCDF8,DIAMOND PRINCESS,55.20026,-131.3132,15.4,299.0
2012-05-28 12:33:01,2012-05-28 04:33:01,310404000,9228198,ZCDF8,DIAMOND PRINCESS,55.20235,-131.3199,15.9,299.0
2012-05-28 12:34:02,2012-05-28 04:34:02,310404000,9228198,ZCDF8,DIAMOND PRINCESS,55.20454,-131.3269,16.4,299.0
2012-05-28 12:35:02,2012-05-28 04:35:02,310404000,9228198,ZCDF8,DIAMOND PRINCESS,55.20672,-131.3339,16.9,299.0
2012-05-28 12:36:02,2012-05-28 04:36:02,310404000,9228198,ZCDF8,DIAMOND PRINCESS,55.20905,-131.3413,17.4,299.0
2012-05-28 12:37:02,2012-05-28 04:37:02,310404000,9228198,ZCDF8,DIAMOND PRINCESS,55.2112,-131.3489,17.6,295.9
2012-05-28 12:38:02,2012-05-28 04:38:02,310404000,9228198,ZCDF8,DIAMOND PRINCESS,55.2133,-131.3567,17.9,295.0
2012-05-28 12:39:02,2012-05-28 04:39:02,310404000,9228198,ZCDF8,DIAMOND PRINCESS,55.21541,-131.3646,18.0,295.0
2012-05-28 12:40:02,2012-05-28 04:40:02,310404000,9228198,ZCDF8,DIAMOND PRINCESS,55.21742,-131.3725,18.1,294.0
2012-05-28 12:41:01,2012-05-28 04:41:01,310404000,9228198,ZCDF8,DIAMOND PRINCESS,55.21949,-131.3805,18.2,293.7
2012-05-28 12:42:01,2012-05-28 04:42:01,310404000,9228198,ZCDF8,DIAMOND PRINCESS,55.22155,-131.3885,18.4,293.7
2012-05-28 12:43:01,2012-05-28 04:43:01,310404000,9228198,ZCDF8,DIAMOND PRINCESS,55.22369,-131.3968,18.6,293.7
2012-05-28 12:44:01,2012-05-28 04:44:01,310404000,9228198,ZCDF8,DIAMOND PRINCESS,55.22581,-131.405,18.8,293.7
2012-05-28 12:45:01,2012-05-28 04:45:01,310404000,9228198,ZCDF8,DIAMOND PRINCESS,55.22796,-131.4134,18.9,293.7
2012-05-28 12:46:01,2012-05-28 04:46:01,310404000,9228198,ZCDF8,DIAMOND PRINCESS,55.23029,-131.4216,18.9,297.8
2012-05-28 12:47:01,2012-05-28 04:47:01,310404000,9228198,ZCDF8,DIAMOND PRINCESS,55.23296,-131.4293,18.9,304.1
2012-05-28 12:48:01,2012-05-28 04:48:01,310404000,9228198,ZCDF8,DIAMOND PRINCESS,55.23617,-131.4367,18.9,309.2
2012-05-28 12:49:02,2012-05-28 04:49:02,310404000,9228198,ZCDF8,DIAMOND PRINCESS,55.23979,-131.4435,18.8,314.8
2012-05-28 12:50:02,2012-05-28 04:50:02,310404000,9228198,ZCDF8,DIAMOND PRINCESS,55.2437,-131.4496,18.8,318.8
2012-05-28 12:51:02,2012-05-28 04:51:02,310404000,9228198,ZCDF8,DIAMOND PRINCESS,55.24767,-131.4554,18.8,320.4
2012-05-28 12:52:02,2012-05-28 04:52:02,310404000,9228198,ZCDF8,DIAMOND PRINCESS,55.25167,-131.461,18.7,321.7
2012-05-28 12:53:02,2012-05-28 04:53:02,310404000,9228198,ZCDF8,DIAMOND PRINCESS,55.25584,-131.4666,18.7,321.7
2012-05-28 12:54:02,2012-05-28 04:54:02,310404000,9228198,ZCDF8,DIAMOND PRINCESS,55.25995,-131.4722,18.7,321.7
2012-05-28 12:55:02,2012-05-28 04:55:02,310404000,9228198,ZCDF8,DIAMOND PRINCESS,55.26402,-131.4778,18.6,321.7
2012-05-28 12:56:02,2012-05-28 04:56:02,310404000,9228198,ZCDF8,DIAMOND PRINCESS,55.26796,-131.4836,18.6,317.6
2012-05-28 12:57:02,2012-05-28 04:57:02,310404000,9228198,ZCDF8,DIAMOND PRINCESS,55.27148,-131.4898,18.2,313.0
2012-05-28 12:58:02,2012-05-28 04:58:02,310404000,9228198,ZCDF8,DIAMOND PRINCESS,55.27466,-131.4964,17.0,308.3
2012-05-28 12:59:02,2012-05-28 04:59:02,310404000,9228198,ZCDF8,DIAMOND PRINCESS,55.27721,-131.5029,16.0,301.6
2012-05-28 13:00:02,2012-05-28 05:00:02,310404000,9228198,ZCDF8,DIAMOND PRINCESS,55.27923,-131.5095,15.3,297.2
2012-05-28 13:01:02,2012-05-28 05:01:02,310404000,9228198,ZCDF8,DIAMOND PRINCESS,55.28091,-131.5162,14.5,292.4
2012-05-28 13:02:02,2012-05-28 05:02:02,310404000,9228198,ZCDF8,DIAMOND PRINCESS,55.2823,-131.5224,13.9,290.9
2012-05-28 13:03:02,2012-05-28 05:03:02,310404000,9228198,ZCDF8,DIAMOND PRINCESS,55.28365,-131.5286,13.3,290.4
2012-05-28 13:04:02,2012-05-28 05:04:02,310404000,9228198,ZCDF8,DIAMOND PRINCESS,55.28495,-131.5346,12.9,290.7
2012-05-28 13:05:00,2012-05-28 05:05:00,310404000,9228198,ZCDF8,DIAMOND PRINCESS,55.28614,-131.54,12.5,290.7
2012-05-28 13:06:00,2012-05-28 05:06:00,310404000,9228198,ZCDF8,DIAMOND PRINCESS,55.2874,-131.5457,12.2,291.1
2012-05-28 13:07:00,2012-05-28 05:07:00,310404000,9228198,ZCDF8,DIAMOND PRINCESS,55.28863,-131.551,12.1,293.1
2012-05-28 13:08:00,2012-05-28 05:08:00,310404000,9228198,ZCDF8,DIAMOND PRINCESS,55.29002,-131.5564,11.9,294.0
2012-05-28 13:09:00,2012-05-28 05:09:00,310404000,9228198,ZCDF8,DIAMOND PRINCESS,55.29141,-131.5617,11.9,295.0
2012-05-28 13:10:00,2012-05-28 05:10:00,310404000,9228198,ZCDF8,DIAMOND PRINCESS,55.29284,-131.5667,11.8,297.5
2012-05-28 13:11:00,2012-05-28 05:11:00,310404000,9228198,ZCDF8,DIAMOND PRINCESS,55.29458,-131.5716,11.5,306.0
2012-05-28 13:12:00,2012-05-28 05:12:00,310404000,9228198,ZCDF8,DIAMOND PRINCESS,55.29663,-131.5756,11.0,314.8
2012-05-28 13:13:00,2012-05-28 05:13:00,310404000,9228198,ZCDF8,DIAMOND PRINCESS,55.29895,-131.579,10.6,321.7
2012-05-28 13:14:00,2012-05-28 05:14:00,310404000,9228198,ZCDF8,DIAMOND PRINCESS,55.30131,-131.582,10.4,323.6
2012-05-28 13:15:00,2012-05-28 05:15:00,310404000,9228198,ZCDF8,DIAMOND PRINCESS,55.30361,-131.5848,9.9,325.8
2012-05-28 13:16:00,2012-05-28 05:16:00,310404000,9228198,ZCDF8,DIAMOND PRINCESS,55.30585,-131.5874,9.5,325.5
2012-05-28 13:17:00,2012-05-28 05:17:00,310404000,9228198,ZCDF8,DIAMOND PRINCESS,55.30788,-131.5899,9.1,325.1
2012-05-28 13:18:00,2012-05-28 05:18:00,310404000,9228198,ZCDF8,DIAMOND PRINCESS,55.30984,-131.5926,8.8,319.6
2012-05-28 13:19:00,2012-05-28 05:19:00,310404000,9228198,ZCDF8,DIAMOND PRINCESS,55.31164,-131.5954,8.6,318.0
2012-05-28 13:20:01,2012-05-28 05:20:01,310404000,9228198,ZCDF8,DIAMOND PRINCESS,55.31338,-131.5982,8.4,317.0
2012-05-28 13:21:01,2012-05-28 05:21:01,310404000,9228198,ZCDF8,DIAMOND PRINCESS,55.31507,-131.601,8.0,317.2
2012-05-28 13:22:01,2012-05-28 05:22:01,310404000,9228198,ZCDF8,DIAMOND PRINCESS,55.31664,-131.6035,7.7,317.2
2012-05-28 13:23:01,2012-05-28 05:23:01,310404000,9228198,ZCDF8,DIAMOND PRINCESS,55.31816,-131.6061,7.6,316.2
2012-05-28 13:24:01,2012-05-28 05:24:01,310404000,9228198,ZCDF8,DIAMOND PRINCESS,55.31969,-131.6086,7.4,316.0
2012-05-28 13:25:10,2012-05-28 05:25:10,310404000,9228198,ZCDF8,DIAMOND PRINCESS,55.3213,-131.6116,7.2,314.0
2012-05-28 13:26:10,2012-05-28 05:26:10,310404000,9228198,ZCDF8,DIAMOND PRINCESS,55.32264,-131.6141,7.0,312.1
2012-05-28 13:27:10,2012-05-28 05:27:10,310404000,9228198,ZCDF8,DIAMOND PRINCESS,55.3239,-131.6165,6.7,312.0
2012-05-28 13:28:11,2012-05-28 05:28:11,310404000,9228198,ZCDF8,DIAMOND PRINCESS,55.32513,-131.6188,6.4,313.0
2012-05-28 13:29:10,2012-05-28 05:29:10,310404000,9228198,ZCDF8,DIAMOND PRINCESS,55.32634,-131.6211,6.2,313.0
2012-05-28 13:30:10,2012-05-28 05:30:10,310404000,9228198,ZCDF8,DIAMOND PRINCESS,55.32749,-131.6232,6.0,314.0
2012-05-28 13:31:09,2012-05-28 05:31:09,310404000,9228198,ZCDF8,DIAMOND PRINCESS,55.32861,-131.6252,5.9,314.0
2012-05-28 13:32:00,2012-05-28 05:32:00,310404000,9228198,ZCDF8,DIAMOND PRINCESS,55.32951,-131.6269,5.6,312.9
2012-05-28 13:33:00,2012-05-28 05:33:00,310404000,9228198,ZCDF8,DIAMOND PRINCESS,55.33057,-131.6289,5.4,311.8
2012-05-28 13:34:00,2012-05-28 05:34:00,310404000,9228198,ZCDF8,DIAMOND PRINCESS,55.33147,-131.6309,5.2,307.8
2012-05-28 13:35:00,2012-05-28 05:35:00,310404000,9228198,ZCDF8,DIAMOND PRINCESS,55.3323,-131.633,5.0,305.1
2012-05-28 13:36:00,2012-05-28 05:36:00,310404000,9228198,ZCDF8,DIAMOND PRINCESS,55.33308,-131.6349,4.9,305.1
2012-05-28 13:37:01,2012-05-28 05:37:01,310404000,9228198,ZCDF8,DIAMOND PRINCESS,55.33382,-131.6369,4.8,304.0
2012-05-28 13:38:01,2012-05-28 05:38:01,310404000,9228198,ZCDF8,DIAMOND PRINCESS,55.33455,-131.6387,4.6,303.7
2012-05-28 13:39:01,2012-05-28 05:39:01,310404000,9228198,ZCDF8,DIAMOND PRINCESS,55.33533,-131.6404,4.4,312.0
2012-05-28 13:40:00,2012-05-28 05:40:00,310404000,9228198,ZCDF8,DIAMOND PRINCESS,55.33612,-131.642,4.3,310.6
2012-05-28 13:41:00,2012-05-28 05:41:00,310404000,9228198,ZCDF8,DIAMOND PRINCESS,55.33691,-131.6436,4.3,313.0
2012-05-28 13:42:00,2012-05-28 05:42:00,310404000,9228198,ZCDF8,DIAMOND PRINCESS,55.33774,-131.6451,4.2,313.5
2012-05-28 13:43:01,2012-05-28 05:43:01,310404000,9228198,ZCDF8,DIAMOND PRINCESS,55.33855,-131.6464,4.2,317.9
2012-05-28 13:44:10,2012-05-28 05:44:10,310404000,9228198,ZCDF8,DIAMOND PRINCESS,55.33953,-131.6479,4.0,321.7
2012-05-28 13:45:10,2012-05-28 05:45:10,310404000,9228198,ZCDF8,DIAMOND PRINCESS,55.34039,-131.6492,3.8,317.9
2012-05-28 13:46:00,2012-05-28 05:46:00,310404000,9228198,ZCDF8,DIAMOND PRINCESS,55.34101,-131.6502,3.7,314.3
2012-05-28 13:47:10,2012-05-28 05:47:10,310404000,9228198,ZCDF8,DIAMOND PRINCESS,55.34181,-131.6517,3.4,311.6
2012-05-28 13:48:09,2012-05-28 05:48:09,310404000,9228198,ZCDF8,DIAMOND PRINCESS,55.34237,-131.6529,3.2,306.4
2012-05-28 13:49:09,2012-05-28 05:49:09,310404000,9228198,ZCDF8,DIAMOND PRINCESS,55.34278,-131.6542,2.8,297.8
2012-05-28 13:50:00,2012-05-28 05:50:00,310404000,9228198,ZCDF8,DIAMOND PRINCESS,55.34309,-131.6551,2.6,299.6
2012-05-28 13:51:00,2012-05-28 05:51:00,310404000,9228198,ZCDF8,DIAMOND PRINCESS,55.34343,-131.6562,2.4,299.6
2012-05-28 13:52:00,2012-05-28 05:52:00,310404000,9228198,ZCDF8,DIAMOND PRINCESS,55.34369,-131.6571,1.8,300.1
2012-05-28 13:53:00,2012-05-28 05:53:00,310404000,9228198,ZCDF8,DIAMOND PRINCESS,55.34388,-131.6578,1.2,296.7
2012-05-28 13:54:00,2012-05-28 05:54:00,310404000,9228198,ZCDF8,DIAMOND PRINCESS,55.34399,-131.6581,0.6,317.9
2012-05-28 13:55:00,2012-05-28 05:55:00,310404000,9228198,ZCDF8,DIAMOND PRINCESS,55.34407,-131.6582,0.4,299.0
2012-05-28 13:56:00,2012-05-28 05:56:00,310404000,9228198,ZCDF8,DIAMOND PRINCESS,55.34409,-131.6584,0.3,265.5
2012-05-28 13:57:00,2012-05-28 05:57:00,310404000,9228198,ZCDF8,DIAMOND PRINCESS,55.34411,-131.6586,0.3,284.0
2012-05-28 13:58:01,2012-05-28 05:58:01,310404000,9228198,ZCDF8,DIAMOND PRINCESS,55.34415,-131.6587,0.2,283.0
2012-05-28 13:59:01,2012-05-28 05:59:01,310404000,9228198,ZCDF8,DIAMOND PRINCESS,55.34416,-131.6587,0.1,328.0
2012-05-28 14:00:00,2012-05-28 06:00:00,310404000,9228198,ZCDF8,DIAMOND PRINCESS,55.34417,-131.6587,0.0,283.0
2012-05-28 14:02:32,2012-05-28 06:02:32,310404000,9228198,ZCDF8,DIAMOND PRINCESS,55.34418,-131.6587,0.0,283.0
2012-05-28 14:05:31,2012-05-28 06:05:31,310404000,9228198,ZCDF8,DIAMOND PRINCESS,55.3442,-131.6587,0.0,283.0
2012-05-28 14:08:33,2012-05-28 06:08:33,310404000,9228198,ZCDF8,DIAMOND PRINCESS,55.34419,-131.6587,0.0,283.0
2012-05-28 14:11:35,2012-05-28 06:11:35,310404000,9228198,ZCDF8,DIAMOND PRINCESS,55.34418,-131.6587,0.0,283.0
2012-05-28 14:14:38,2012-05-28 06:14:38,310404000,9228198,ZCDF8,DIAMOND PRINCESS,55.34417,-131.6587,0.0,283.0
2012-05-28 14:17:39,2012-05-28 06:17:39,310404000,9228198,ZCDF8,DIAMOND PRINCESS,55.34418,-131.6587,0.0,283.0
2012-05-28 14:20:39,2012-05-28 06:20:39,310404000,9228198,ZCDF8,DIAMOND PRINCESS,55.34418,-131.6587,0.0,283.0
2012-05-28 14:23:40,2012-05-28 06:23:40,310404000,9228198,ZCDF8,DIAMOND PRINCESS,55.34418,-131.6587,0.0,283.0
2012-05-28 14:26:43,2012-05-28 06:26:43,310404000,9228198,ZCDF8,DIAMOND PRINCESS,55.34418,-131.6587,0.0,283.0
2012-05-28 14:29:42,2012-05-28 06:29:42,310404000,9228198,ZCDF8,DIAMOND PRINCESS,55.34418,-131.6587,0.0,283.0
2012-05-28 14:32:46,2012-05-28 06:32:46,310404000,9228198,ZCDF8,DIAMOND PRINCESS,55.34418,-131.6587,0.0,283.0
2012-05-28 14:35:45,2012-05-28 06:35:45,310404000,9228198,ZCDF8,DIAMOND PRINCESS,55.34418,-131.6587,0.0,283.0
2012-05-28 14:38:48,2012-05-28 06:38:48,310404000,9228198,ZCDF8,DIAMOND PRINCESS,55.34419,-131.6587,0.0,283.0
2012-05-28 14:41:48,2012-05-28 06:41:48,310404000,9228198,ZCDF8,DIAMOND PRINCESS,55.34417,-131.6587,0.0,283.0
2012-05-28 14:44:52,2012-05-28 06:44:52,310404000,9228198,ZCDF8,DIAMOND PRINCESS,55.34417,-131.6587,0.0,283.0
2012-05-28 14:47:52,2012-05-28 06:47:52,310404000,9228198,ZCDF8,DIAMOND PRINCESS,55.34417,-131.6587,0.0,283.0
2012-05-28 14:50:53,2012-05-28 06:50:53,310404000,9228198,ZCDF8,DIAMOND PRINCESS,55.34418,-131.6587,0.0,283.0
2012-05-28 14:53:54,2012-05-28 06:53:54,310404000,9228198,ZCDF8,DIAMOND PRINCESS,55.34418,-131.6587,0.0,283.0
2012-05-28 14:56:58,2012-05-28 06:56:58,310404000,9228198,ZCDF8,DIAMOND PRINCESS,55.34417,-131.6587,0.0,283.0
2012-05-28 14:59:58,2012-05-28 06:59:58,310404000,9228198,ZCDF8,DIAMOND PRINCESS,55.34418,-131.6587,0.0,283.0
2012-05-28 15:03:01,2012-05-28 07:03:01,310404000,9228198,ZCDF8,DIAMOND PRINCESS,55.34418,-131.6587,0.0,283.0
2012-05-28 15:06:01,2012-05-28 07:06:01,310404000,9228198,ZCDF8,DIAMOND PRINCESS,55.34418,-131.6587,0.0,283.0
2012-05-28 15:09:04,2012-05-28 07:09:04,310404000,9228198,ZCDF8,DIAMOND PRINCESS,55.34418,-131.6587,0.0,283.0
2012-05-28 15:12:04,2012-05-28 07:12:04,310404000,9228198,ZCDF8,DIAMOND PRINCESS,55.34417,-131.6587,0.0,283.0
2012-05-28 15:15:05,2012-05-28 07:15:05,310404000,9228198,ZCDF8,DIAMOND PRINCESS,55.34417,-131.6587,0.0,283.0
2012-05-28 15:18:08,2012-05-28 07:18:08,310404000,9228198,ZCDF8,DIAMOND PRINCESS,55.34417,-131.6587,0.0,283.0
2012-05-28 15:21:07,2012-05-28 07:21:07,310404000,9228198,ZCDF8,DIAMOND PRINCESS,55.34417,-131.6587,0.0,283.0
2012-05-28 15:24:08,2012-05-28 07:24:08,310404000,9228198,ZCDF8,DIAMOND PRINCESS,55.34417,-131.6587,0.0,283.0
2012-05-28 15:27:11,2012-05-28 07:27:11,310404000,9228198,ZCDF8,DIAMOND PRINCESS,55.34418,-131.6587,0.0,283.0
2012-05-28 15:30:09,2012-05-28 07:30:09,310404000,9228198,ZCDF8,DIAMOND PRINCESS,55.34418,-131.6587,0.0,283.0
2012-05-28 15:33:14,2012-05-28 07:33:14,310404000,9228198,ZCDF8,DIAMOND PRINCESS,55.34418,-131.6587,0.0,283.0
2012-05-28 15:36:14,2012-05-28 07:36:14,310404000,9228198,ZCDF8,DIAMOND PRINCESS,55.34418,-131.6587,0.0,283.0
2012-05-28 15:39:15,2012-05-28 07:39:15,310404000,9228198,ZCDF8,DIAMOND PRINCESS,55.34418,-131.6587,0.0,283.0
2012-05-28 15:42:15,2012-05-28 07:42:15,310404000,9228198,ZCDF8,DIAMOND PRINCESS,55.34418,-131.6587,0.0,283.0
2012-05-28 15:45:17,2012-05-28 07:45:17,310404000,9228198,ZCDF8,DIAMOND PRINCESS,55.34417,-131.6587,0.0,283.0
2012-05-28 15:48:20,2012-05-28 07:48:20,310404000,9228198,ZCDF8,DIAMOND PRINCESS,55.34417,-131.6587,0.0,283.0
2012-05-28 15:51:22,2012-05-28 07:51:22,310404000,9228198,ZCDF8,DIAMOND PRINCESS,55.34417,-131.6587,0.0,283.0
2012-05-28 15:54:22,2012-05-28 07:54:22,310404000,9228198,ZCDF8,DIAMOND PRINCESS,55.34417,-131.6587,0.0,283.0
2012-05-28 15:57:22,2012-05-28 07:57:22,310404000,9228198,ZCDF8,DIAMOND PRINCESS,55.34417,-131.6587,0.0,283.0
2012-05-28 16:00:23,2012-05-28 08:00:23,310404000,9228198,ZCDF8,DIAMOND PRINCESS,55.34417,-131.6587,0.0,283.0
2012-05-28 16:03:25,2012-05-28 08:03:25,310404000,9228198,ZCDF8,DIAMOND PRINCESS,55.34417,-131.6587,0.0,283.0
2012-05-28 16:06:25,2012-05-28 08:06:25,310404000,9228198,ZCDF8,DIAMOND PRINCESS,55.34417,-131.6587,0.0,283.0
2012-05-28 16:09:28,2012-05-28 08:09:28,310404000,9228198,ZCDF8,DIAMOND PRINCESS,55.34418,-131.6587,0.0,283.0
2012-05-28 16:12:30,2012-05-28 08:12:30,310404000,9228198,ZCDF8,DIAMOND PRINCESS,55.34417,-131.6587,0.0,283.0
2012-05-28 16:15:30,2012-05-28 08:15:30,310404000,9228198,ZCDF8,DIAMOND PRINCESS,55.34417,-131.6587,0.0,283.0
2012-05-28 16:18:32,2012-05-28 08:18:32,310404000,9228198,ZCDF8,DIAMOND PRINCESS,55.34417,-131.6587,0.0,283.0
2012-05-28 16:21:35,2012-05-28 08:21:35,310404000,9228198,ZCDF8,DIAMOND PRINCESS,55.34418,-131.6587,0.0,283.0
2012-05-28 16:24:35,2012-05-28 08:24:35,310404000,9228198,ZCDF8,DIAMOND PRINCESS,55.34418,-131.6587,0.0,283.0
2012-05-28 16:27:36,2012-05-28 08:27:36,310404000,9228198,ZCDF8,DIAMOND PRINCESS,55.34418,-131.6587,0.0,283.0
2012-05-28 16:30:38,2012-05-28 08:30:38,310404000,9228198,ZCDF8,DIAMOND PRINCESS,55.34418,-131.6587,0.0,283.0
2012-05-28 16:33:40,2012-05-28 08:33:40,310404000,9228198,ZCDF8,DIAMOND PRINCESS,55.34418,-131.6587,0.0,283.0
2012-05-28 16:36:41,2012-05-28 08:36:41,310404000,9228198,ZCDF8,DIAMOND PRINCESS,55.34418,-131.6587,0.0,283.0
2012-05-28 16:39:41,2012-05-28 08:39:41,310404000,9228198,ZCDF8,DIAMOND PRINCESS,55.34418,-131.6587,0.0,283.0
2012-05-28 16:42:42,2012-05-28 08:42:42,310404000,9228198,ZCDF8,DIAMOND PRINCESS,55.34417,-131.6587,0.0,283.0
2012-05-28 16:45:42,2012-05-28 08:45:42,310404000,9228198,ZCDF8,DIAMOND PRINCESS,55.34418,-131.6587,0.0,283.0
2012-05-28 16:48:47,2012-05-28 08:48:47,310404000,9228198,ZCDF8,DIAMOND PRINCESS,55.34418,-131.6587,0.0,283.0
2012-05-28 16:51:48,2012-05-28 08:51:48,310404000,9228198,ZCDF8,DIAMOND PRINCESS,55.34418,-131.6587,0.0,283.0
2012-05-28 16:54:48,2012-05-28 08:54:48,310404000,9228198,ZCDF8,DIAMOND PRINCESS,55.34419,-131.6587,0.0,283.0
2012-05-28 16:57:47,2012-05-28 08:57:47,310404000,9228198,ZCDF8,DIAMOND PRINCESS,55.34419,-131.6587,0.0,283.0
2012-05-28 17:00:52,2012-05-28 09:00:52,310404000,9228198,ZCDF8,DIAMOND PRINCESS,55.3442,-131.6587,0.0,283.0
2012-05-28 17:03:50,2012-05-28 09:03:50,310404000,9228198,ZCDF8,DIAMOND PRINCESS,55.34419,-131.6587,0.0,283.0
2012-05-28 17:06:51,2012-05-28 09:06:51,310404000,9228198,ZCDF8,DIAMOND PRINCESS,55.34418,-131.6587,0.0,283.0
2012-05-28 17:09:55,2012-05-28 09:09:55,310404000,9228198,ZCDF8,DIAMOND PRINCESS,55.3442,-131.6587,0.0,283.0
2012-05-28 17:12:54,2012-05-28 09:12:54,310404000,9228198,ZCDF8,DIAMOND PRINCESS,55.3442,-131.6587,0.0,283.0
2012-05-28 17:15:58,2012-05-28 09:15:58,310404000,9228198,ZCDF8,DIAMOND PRINCESS,55.34421,-131.6587,0.0,283.0
2012-05-28 17:18:56,2012-05-28 09:18:56,310404000,9228198,ZCDF8,DIAMOND PRINCESS,55.3442,-131.6587,0.0,283.0
2012-05-28 17:22:00,2012-05-28 09:22:00,310404000,9228198,ZCDF8,DIAMOND PRINCESS,55.3442,-131.6587,0.0,283.0
2012-05-28 17:25:02,2012-05-28 09:25:02,310404000,9228198,ZCDF8,DIAMOND PRINCESS,55.34421,-131.6587,0.2,193.0
2012-05-28 17:28:04,2012-05-28 09:28:04,310404000,9228198,ZCDF8,DIAMOND PRINCESS,55.34421,-131.6587,0.0,283.0
2012-05-28 17:31:04,2012-05-28 09:31:04,310404000,9228198,ZCDF8,DIAMOND PRINCESS,55.3442,-131.6587,0.0,283.0
2012-05-28 17:34:07,2012-05-28 09:34:07,310404000,9228198,ZCDF8,DIAMOND PRINCESS,55.3442,-131.6587,0.0,283.0
2012-05-28 17:37:06,2012-05-28 09:37:06,310404000,9228198,ZCDF8,DIAMOND PRINCESS,55.34419,-131.6587,0.0,283.0
2012-05-28 17:40:06,2012-05-28 09:40:06,310404000,9228198,ZCDF8,DIAMOND PRINCESS,55.3442,-131.6587,0.0,283.0
2012-05-28 17:43:11,2012-05-28 09:43:11,310404000,9228198,ZCDF8,DIAMOND PRINCESS,55.3442,-131.6587,0.0,283.0
2012-05-28 17:46:09,2012-05-28 09:46:09,310404000,9228198,ZCDF8,DIAMOND PRINCESS,55.34421,-131.6587,0.0,283.0
2012-05-28 17:49:13,2012-05-28 09:49:13,310404000,9228198,ZCDF8,DIAMOND PRINCESS,55.3442,-131.6587,0.0,283.0
2012-05-28 17:52:11,2012-05-28 09:52:11,310404000,9228198,ZCDF8,DIAMOND PRINCESS,55.3442,-131.6587,0.0,283.0
2012-05-28 17:55:13,2012-05-28 09:55:13,310404000,9228198,ZCDF8,DIAMOND PRINCESS,55.34418,-131.6587,0.0,283.0
2012-05-28 17:58:15,2012-05-28 09:58:15,310404000,9228198,ZCDF8,DIAMOND PRINCESS,55.34419,-131.6587,0.0,283.0
2012-05-28 18:01:18,2012-05-28 10:01:18,310404000,9228198,ZCDF8,DIAMOND PRINCESS,55.34418,-131.6587,0.0,283.0
2012-05-28 18:04:20,2012-05-28 10:04:20,310404000,9228198,ZCDF8,DIAMOND PRINCESS,55.34418,-131.6587,0.0,283.0
2012-05-28 18:07:20,2012-05-28 10:07:20,310404000,9228198,ZCDF8,DIAMOND PRINCESS,55.34418,-131.6587,0.0,283.0
2012-05-28 18:10:20,2012-05-28 10:10:20,310404000,9228198,ZCDF8,DIAMOND PRINCESS,55.34418,-131.6588,0.0,283.0
2012-05-28 18:13:21,2012-05-28 10:13:21,310404000,9228198,ZCDF8,DIAMOND PRINCESS,55.34418,-131.6587,0.0,283.0
2012-05-28 18:16:23,2012-05-28 10:16:23,310404000,9228198,ZCDF8,DIAMOND PRINCESS,55.34418,-131.6587,0.0,283.0
2012-05-28 18:19:25,2012-05-28 10:19:25,310404000,9228198,ZCDF8,DIAMOND PRINCESS,55.34418,-131.6587,0.0,283.0
2012-05-28 18:22:27,2012-05-28 10:22:27,310404000,9228198,ZCDF8,DIAMOND PRINCESS,55.34419,-131.6588,0.0,283.0
2012-05-28 18:25:26,2012-05-28 10:25:26,310404000,9228198,ZCDF8,DIAMOND PRINCESS,55.34417,-131.6587,0.0,283.0
2012-05-28 18:28:27,2012-05-28 10:28:27,310404000,9228198,ZCDF8,DIAMOND PRINCESS,55.34417,-131.6587,0.0,283.0
2012-05-28 18:31:29,2012-05-28 10:31:29,310404000,9228198,ZCDF8,DIAMOND PRINCESS,55.34418,-131.6587,0.0,283.0
2012-05-28 18:34:31,2012-05-28 10:34:31,310404000,9228198,ZCDF8,DIAMOND PRINCESS,55.34418,-131.6587,0.0,283.0
2012-05-28 18:37:32,2012-05-28 10:37:32,310404000,9228198,ZCDF8,DIAMOND PRINCESS,55.34418,-131.6587,0.0,283.0
2012-05-28 18:40:35,2012-05-28 10:40:35,310404000,9228198,ZCDF8,DIAMOND PRINCESS,55.34418,-131.6587,0.0,283.0
2012-05-28 18:46:38,2012-05-28 10:46:38,310404000,9228198,ZCDF8,DIAMOND PRINCESS,55.34419,-131.6587,0.0,283.0
2012-05-28 18:48:36,2012-05-28 10:48:36,310404000,9228198,ZCDF8,DIAMOND PRINCESS,55.34418,-131.6587,0.0,283.0
2012-05-28 18:49:39,2012-05-28 10:49:39,310404000,9228198,ZCDF8,DIAMOND PRINCESS,55.34418,-131.6587,0.0,283.0
2012-05-28 18:52:41,2012-05-28 10:52:41,310404000,9228198,ZCDF8,DIAMOND PRINCESS,55.34418,-131.6587,0.0,283.0
2012-05-28 18:55:39,2012-05-28 10:55:39,310404000,9228198,ZCDF8,DIAMOND PRINCESS,55.34418,-131.6587,0.0,283.0
2012-05-28 18:58:43,2012-05-28 10:58:43,310404000,9228198,ZCDF8,DIAMOND PRINCESS,55.34418,-131.6587,0.0,283.0
2012-05-28 19:04:45,2012-05-28 11:04:45,310404000,9228198,ZCDF8,DIAMOND PRINCESS,55.34416,-131.6587,0.0,283.0
2012-05-28 19:07:45,2012-05-28 11:07:45,310404000,9228198,ZCDF8,DIAMOND PRINCESS,55.34417,-131.6587,0.0,283.0
2012-05-28 19:10:49,2012-05-28 11:10:49,310404000,9228198,ZCDF8,DIAMOND PRINCESS,55.34414,-131.6587,0.0,283.0
2012-05-28 19:13:49,2012-05-28 11:13:49,310404000,9228198,ZCDF8,DIAMOND PRINCESS,55.34415,-131.6587,0.0,283.0
2012-05-28 19:16:48,2012-05-28 11:16:48,310404000,9228198,ZCDF8,DIAMOND PRINCESS,55.34418,-131.6587,0.0,283.0
2012-05-28 19:19:50,2012-05-28 11:19:50,310404000,9228198,ZCDF8,DIAMOND PRINCESS,55.3442,-131.6587,0.0,283.0
2012-05-28 19:22:54,2012-05-28 11:22:54,310404000,9228198,ZCDF8,DIAMOND PRINCESS,55.34419,-131.6587,0.0,283.0
2012-05-28 19:25:53,2012-05-28 11:25:53,310404000,9228198,ZCDF8,DIAMOND PRINCESS,55.34418,-131.6587,0.0,283.0
2012-05-28 19:28:56,2012-05-28 11:28:56,310404000,9228198,ZCDF8,DIAMOND PRINCESS,55.34418,-131.6587,0.0,283.0
2012-05-28 19:31:54,2012-05-28 11:31:54,310404000,9228198,ZCDF8,DIAMOND PRINCESS,55.34418,-131.6587,0.0,283.0
2012-05-28 19:34:58,2012-05-28 11:34:58,310404000,9228198,ZCDF8,DIAMOND PRINCESS,55.34418,-131.6587,0.0,283.0
2012-05-28 19:37:57,2012-05-28 11:37:57,310404000,9228198,ZCDF8,DIAMOND PRINCESS,55.34419,-131.6587,0.0,283.0
2012-05-28 19:41:02,2012-05-28 11:41:02,310404000,9228198,ZCDF8,DIAMOND PRINCESS,55.3442,-131.6587,0.0,283.0
2012-05-28 19:44:02,2012-05-28 11:44:02,310404000,9228198,ZCDF8,DIAMOND PRINCESS,55.34419,-131.6587,0.0,283.0
2012-05-28 19:47:03,2012-05-28 11:47:03,310404000,9228198,ZCDF8,DIAMOND PRINCESS,55.34418,-131.6587,0.0,283.0
2012-05-28 19:50:05,2012-05-28 11:50:05,310404000,9228198,ZCDF8,DIAMOND PRINCESS,55.34419,-131.6587,0.0,283.0
2012-05-28 19:53:05,2012-05-28 11:53:05,310404000,9228198,ZCDF8,DIAMOND PRINCESS,55.34418,-131.6587,0.0,283.0
2012-05-28 19:56:05,2012-05-28 11:56:05,310404000,9228198,ZCDF8,DIAMOND PRINCESS,55.3442,-131.6587,0.0,283.0
2012-05-28 19:59:07,2012-05-28 11:59:07,310404000,9228198,ZCDF8,DIAMOND PRINCESS,55.3442,-131.6587,0.0,283.0
2012-05-28 20:02:11,2012-05-28 12:02:11,310404000,9228198,ZCDF8,DIAMOND PRINCESS,55.34418,-131.6587,0.0,283.0
2012-05-28 20:05:10,2012-05-28 12:05:10,310404000,9228198,ZCDF8,DIAMOND PRINCESS,55.34418,-131.6587,0.0,283.0
2012-05-28 20:08:13,2012-05-28 12:08:13,310404000,9228198,ZCDF8,DIAMOND PRINCESS,55.34418,-131.6587,0.0,283.0
2012-05-28 20:11:14,2012-05-28 12:11:14,310404000,9228198,ZCDF8,DIAMOND PRINCESS,55.34419,-131.6587,0.0,283.0
2012-05-28 20:14:14,2012-05-28 12:14:14,310404000,9228198,ZCDF8,DIAMOND PRINCESS,55.34419,-131.6587,0.0,283.0
2012-05-28 20:17:15,2012-05-28 12:17:15,310404000,9228198,ZCDF8,DIAMOND PRINCESS,55.34419,-131.6587,0.0,283.0
2012-05-28 20:20:17,2012-05-28 12:20:17,310404000,9228198,ZCDF8,DIAMOND PRINCESS,55.34419,-131.6587,0.0,283.0
2012-05-28 20:23:17,2012-05-28 12:23:17,310404000,9228198,ZCDF8,DIAMOND PRINCESS,55.34419,-131.6587,0.0,282.0
2012-05-28 20:26:19,2012-05-28 12:26:19,310404000,9228198,ZCDF8,DIAMOND PRINCESS,55.3442,-131.6587,0.0,282.0
2012-05-28 20:29:20,2012-05-28 12:29:20,310404000,9228198,ZCDF8,DIAMOND PRINCESS,55.3442,-131.6587,0.0,282.0
2012-05-28 20:32:22,2012-05-28 12:32:22,310404000,9228198,ZCDF8,DIAMOND PRINCESS,55.34419,-131.6587,0.0,282.0
2012-05-28 20:35:23,2012-05-28 12:35:23,310404000,9228198,ZCDF8,DIAMOND PRINCESS,55.34419,-131.6587,0.0,282.0
2012-05-28 20:41:26,2012-05-28 12:41:26,310404000,9228198,ZCDF8,DIAMOND PRINCESS,55.34419,-131.6587,0.0,282.0
2012-05-28 20:44:27,2012-05-28 12:44:27,310404000,9228198,ZCDF8,DIAMOND PRINCESS,55.34418,-131.6587,0.0,282.0
2012-05-28 20:47:29,2012-05-28 12:47:29,310404000,9228198,ZCDF8,DIAMOND PRINCESS,55.34418,-131.6587,0.0,282.0
2012-05-28 20:50:30,2012-05-28 12:50:30,310404000,9228198,ZCDF8,DIAMOND PRINCESS,55.34418,-131.6587,0.0,282.0
2012-05-28 20:53:33,2012-05-28 12:53:33,310404000,9228198,ZCDF8,DIAMOND PRINCESS,55.34419,-131.6587,0.0,282.0
2012-05-28 20:56:34,2012-05-28 12:56:34,310404000,9228198,ZCDF8,DIAMOND PRINCESS,55.34418,-131.6587,0.0,282.0
2012-05-28 20:59:35,2012-05-28 12:59:35,310404000,9228198,ZCDF8,DIAMOND PRINCESS,55.34418,-131.6587,0.0,282.0
2012-05-28 21:02:34,2012-05-28 13:02:34,310404000,9228198,ZCDF8,DIAMOND PRINCESS,55.34419,-131.6587,0.0,282.0
2012-05-28 21:05:36,2012-05-28 13:05:36,310404000,9228198,ZCDF8,DIAMOND PRINCESS,55.34418,-131.6587,0.0,282.0
2012-05-28 21:08:37,2012-05-28 13:08:37,310404000,9228198,ZCDF8,DIAMOND PRINCESS,55.34418,-131.6587,0.0,282.0
2012-05-28 21:11:40,2012-05-28 13:11:40,310404000,9228198,ZCDF8,DIAMOND PRINCESS,55.34418,-131.6587,0.0,282.0
2012-05-28 21:14:40,2012-05-28 13:14:40,310404000,9228198,ZCDF8,DIAMOND PRINCESS,55.34418,-131.6587,0.0,282.0
2012-05-28 21:17:42,2012-05-28 13:17:42,310404000,9228198,ZCDF8,DIAMOND PRINCESS,55.34418,-131.6587,0.0,282.0
2012-05-28 21:20:41,2012-05-28 13:20:41,310404000,9228198,ZCDF8,DIAMOND PRINCESS,55.34418,-131.6587,0.0,282.0
2012-05-28 21:23:45,2012-05-28 13:23:45,310404000,9228198,ZCDF8,DIAMOND PRINCESS,55.34418,-131.6587,0.0,282.0
2012-05-28 21:26:47,2012-05-28 13:26:47,310404000,9228198,ZCDF8,DIAMOND PRINCESS,55.34418,-131.6587,0.0,282.0
2012-05-28 21:29:49,2012-05-28 13:29:49,310404000,9228198,ZCDF8,DIAMOND PRINCESS,55.34418,-131.6587,0.0,282.0
2012-05-28 21:32:50,2012-05-28 13:32:50,310404000,9228198,ZCDF8,DIAMOND PRINCESS,55.34418,-131.6587,0.0,283.0
2012-05-28 21:35:52,2012-05-28 13:35:52,310404000,9228198,ZCDF8,DIAMOND PRINCESS,55.34418,-131.6587,0.0,283.0
2012-05-28 21:38:50,2012-05-28 13:38:50,310404000,9228198,ZCDF8,DIAMOND PRINCESS,55.34418,-131.6587,0.1,283.0
2012-05-28 21:41:53,2012-05-28 13:41:53,310404000,9228198,ZCDF8,DIAMOND PRINCESS,55.34418,-131.6587,0.0,283.0
2012-05-28 21:44:53,2012-05-28 13:44:53,310404000,9228198,ZCDF8,DIAMOND PRINCESS,55.34418,-131.6587,0.0,283.0
2012-05-28 21:47:54,2012-05-28 13:47:54,310404000,9228198,ZCDF8,DIAMOND PRINCESS,55.34418,-131.6587,0.0,283.0
2012-05-28 21:50:56,2012-05-28 13:50:56,310404000,9228198,ZCDF8,DIAMOND PRINCESS,55.34418,-131.6587,0.0,283.0
2012-05-28 21:54:00,2012-05-28 13:54:00,310404000,9228198,ZCDF8,DIAMOND PRINCESS,55.34418,-131.6587,0.0,283.0
2012-05-28 21:56:59,2012-05-28 13:56:59,310404000,9228198,ZCDF8,DIAMOND PRINCESS,55.34418,-131.6587,0.0,283.0
2012-05-28 21:59:59,2012-05-28 13:59:59,310404000,9228198,ZCDF8,DIAMOND PRINCESS,55.34418,-131.6587,0.0,283.0
2012-05-28 22:03:00,2012-05-28 14:03:00,310404000,9228198,ZCDF8,DIAMOND PRINCESS,55.34418,-131.6587,0.0,283.0
2012-05-28 22:06:03,2012-05-28 14:06:03,310404000,9228198,ZCDF8,DIAMOND PRINCESS,55.34418,-131.6587,0.0,283.0
2012-05-28 22:09:04,2012-05-28 14:09:04,310404000,9228198,ZCDF8,DIAMOND PRINCESS,55.34418,-131.6587,0.0,283.0
2012-05-28 22:12:06,2012-05-28 14:12:06,310404000,9228198,ZCDF8,DIAMOND PRINCESS,55.34418,-131.6587,0.0,283.0
2012-05-28 22:15:05,2012-05-28 14:15:05,310404000,9228198,ZCDF8,DIAMOND PRINCESS,55.34418,-131.6587,0.0,283.0
2012-05-28 22:18:08,2012-05-28 14:18:08,310404000,9228198,ZCDF8,DIAMOND PRINCESS,55.34418,-131.6587,0.0,283.0
2012-05-28 22:21:09,2012-05-28 14:21:09,310404000,9228198,ZCDF8,DIAMOND PRINCESS,55.34409,-131.6588,0.5,202.3
2012-05-28 22:23:07,2012-05-28 14:23:07,310404000,9228198,ZCDF8,DIAMOND PRINCESS,55.34378,-131.659,0.7,203.9
2012-05-28 22:24:08,2012-05-28 14:24:08,310404000,9228198,ZCDF8,DIAMOND PRINCESS,55.34359,-131.6592,0.9,212.5
2012-05-28 22:25:07,2012-05-28 14:25:07,310404000,9228198,ZCDF8,DIAMOND PRINCESS,55.34329,-131.6595,1.4,220.2
2012-05-28 22:26:08,2012-05-28 14:26:08,310404000,9228198,ZCDF8,DIAMOND PRINCESS,55.34301,-131.6602,1.9,241.7
2012-05-28 22:27:08,2012-05-28 14:27:08,310404000,9228198,ZCDF8,DIAMOND PRINCESS,55.34283,-131.6613,2.9,263.9
2012-05-28 22:28:08,2012-05-28 14:28:08,310404000,9228198,ZCDF8,DIAMOND PRINCESS,55.34277,-131.6631,4.1,268.3
2012-05-28 22:29:08,2012-05-28 14:29:08,310404000,9228198,ZCDF8,DIAMOND PRINCESS,55.34271,-131.6655,5.4,267.3
2012-05-28 22:30:08,2012-05-28 14:30:08,310404000,9228198,ZCDF8,DIAMOND PRINCESS,55.34263,-131.6684,6.4,268.1
2012-05-28 22:31:08,2012-05-28 14:31:08,310404000,9228198,ZCDF8,DIAMOND PRINCESS,55.34271,-131.6717,7.0,274.7
2012-05-28 22:32:08,2012-05-28 14:32:08,310404000,9228198,ZCDF8,DIAMOND PRINCESS,55.34307,-131.6751,7.3,282.9
2012-05-28 22:33:08,2012-05-28 14:33:08,310404000,9228198,ZCDF8,DIAMOND PRINCESS,55.34377,-131.6785,7.5,292.2
2012-05-28 22:34:07,2012-05-28 14:34:07,310404000,9228198,ZCDF8,DIAMOND PRINCESS,55.34471,-131.6818,7.7,298.4
2012-05-28 22:35:07,2012-05-28 14:35:07,310404000,9228198,ZCDF8,DIAMOND PRINCESS,55.3459,-131.6849,7.8,305.7
2012-05-28 22:36:07,2012-05-28 14:36:07,310404000,9228198,ZCDF8,DIAMOND PRINCESS,55.3473,-131.6878,7.9,313.2
2012-05-28 22:37:07,2012-05-28 14:37:07,310404000,9228198,ZCDF8,DIAMOND PRINCESS,55.34887,-131.6906,8.0,314.5
2012-05-28 22:38:07,2012-05-28 14:38:07,310404000,9228198,ZCDF8,DIAMOND PRINCESS,55.35046,-131.6933,8.0,316.0
2012-05-28 22:39:09,2012-05-28 14:39:09,310404000,9228198,ZCDF8,DIAMOND PRINCESS,55.35205,-131.696,7.8,316.0
2012-05-28 22:40:09,2012-05-28 14:40:09,310404000,9228198,ZCDF8,DIAMOND PRINCESS,55.35358,-131.6987,7.6,315.0
2012-05-28 22:41:09,2012-05-28 14:41:09,310404000,9228198,ZCDF8,DIAMOND PRINCESS,55.35505,-131.7013,7.5,315.7
2012-05-28 22:42:09,2012-05-28 14:42:09,310404000,9228198,ZCDF8,DIAMOND PRINCESS,55.35656,-131.7038,7.4,316.0
2012-05-28 22:43:09,2012-05-28 14:43:09,310404000,9228198,ZCDF8,DIAMOND PRINCESS,55.35805,-131.7062,7.4,316.7
2012-05-28 22:44:09,2012-05-28 14:44:09,310404000,9228198,ZCDF8,DIAMOND PRINCESS,55.35952,-131.7086,7.4,316.7
2012-05-28 22:45:09,2012-05-28 14:45:09,310404000,9228198,ZCDF8,DIAMOND PRINCESS,55.36102,-131.7112,7.4,316.0
2012-05-28 22:46:09,2012-05-28 14:46:09,310404000,9228198,ZCDF8,DIAMOND PRINCESS,55.36246,-131.7136,7.4,316.0
2012-05-28 22:47:08,2012-05-28 14:47:08,310404000,9228198,ZCDF8,DIAMOND PRINCESS,55.36394,-131.7162,7.5,316.0
2012-05-28 22:48:08,2012-05-28 14:48:08,310404000,9228198,ZCDF8,DIAMOND PRINCESS,55.36542,-131.7186,7.4,316.7
2012-05-28 22:49:08,2012-05-28 14:49:08,310404000,9228198,ZCDF8,DIAMOND PRINCESS,55.36692,-131.7211,7.4,316.7
2012-05-28 22:50:08,2012-05-28 14:50:08,310404000,9228198,ZCDF8,DIAMOND PRINCESS,55.36843,-131.7236,7.4,316.0
2012-05-28 22:51:08,2012-05-28 14:51:08,310404000,9228198,ZCDF8,DIAMOND PRINCESS,55.36988,-131.726,7.3,317.7
2012-05-28 22:52:08,2012-05-28 14:52:08,310404000,9228198,ZCDF8,DIAMOND PRINCESS,55.37138,-131.7285,7.3,317.0
2012-05-28 22:53:08,2012-05-28 14:53:08,310404000,9228198,ZCDF8,DIAMOND PRINCESS,55.37282,-131.7309,7.3,317.0
2012-05-28 22:54:08,2012-05-28 14:54:08,310404000,9228198,ZCDF8,DIAMOND PRINCESS,55.37431,-131.7332,7.3,317.7
2012-05-28 22:55:09,2012-05-28 14:55:09,310404000,9228198,ZCDF8,DIAMOND PRINCESS,55.37584,-131.7357,7.2,317.7
2012-05-28 22:56:09,2012-05-28 14:56:09,310404000,9228198,ZCDF8,DIAMOND PRINCESS,55.37732,-131.738,7.2,317.7
2012-05-28 22:57:09,2012-05-28 14:57:09,310404000,9228198,ZCDF8,DIAMOND PRINCESS,55.37875,-131.7404,7.1,313.6
2012-05-28 22:58:09,2012-05-28 14:58:09,310404000,9228198,ZCDF8,DIAMOND PRINCESS,55.38012,-131.7429,7.0,313.6
2012-05-28 22:59:09,2012-05-28 14:59:09,310404000,9228198,ZCDF8,DIAMOND PRINCESS,55.38142,-131.7453,6.8,312.5
2012-05-28 23:00:09,2012-05-28 15:00:09,310404000,9228198,ZCDF8,DIAMOND PRINCESS,55.38264,-131.7478,6.8,309.5
2012-05-28 23:01:09,2012-05-28 15:01:09,310404000,9228198,ZCDF8,DIAMOND PRINCESS,55.38382,-131.7504,6.7,308.5
2012-05-28 23:02:09,2012-05-28 15:02:09,310404000,9228198,ZCDF8,DIAMOND PRINCESS,55.38497,-131.7529,6.7,307.5
2012-05-28 23:03:09,2012-05-28 15:03:09,310404000,9228198,ZCDF8,DIAMOND PRINCESS,55.38613,-131.7554,6.7,309.2
2012-05-28 23:04:09,2012-05-28 15:04:09,310404000,9228198,ZCDF8,DIAMOND PRINCESS,55.38731,-131.758,6.8,310.2
2012-05-28 23:05:07,2012-05-28 15:05:07,310404000,9228198,ZCDF8,DIAMOND PRINCESS,55.38856,-131.7605,7.5,309.7
2012-05-28 23:06:07,2012-05-28 15:06:07,310404000,9228198,ZCDF8,DIAMOND PRINCESS,55.39002,-131.7635,8.4,311.0
2012-05-28 23:07:07,2012-05-28 15:07:07,310404000,9228198,ZCDF8,DIAMOND PRINCESS,55.39165,-131.7668,9.4,311.2
2012-05-28 23:08:07,2012-05-28 15:08:07,310404000,9228198,ZCDF8,DIAMOND PRINCESS,55.39348,-131.7705,10.2,313.0
2012-05-28 23:09:07,2012-05-28 15:09:07,310404000,9228198,ZCDF8,DIAMOND PRINCESS,55.39566,-131.7741,10.9,319.4
2012-05-28 23:10:07,2012-05-28 15:10:07,310404000,9228198,ZCDF8,DIAMOND PRINCESS,55.39816,-131.7771,11.2,327.9
2012-05-28 23:11:07,2012-05-28 15:11:07,310404000,9228198,ZCDF8,DIAMOND PRINCESS,55.40091,-131.7798,11.5,332.0
2012-05-28 23:12:09,2012-05-28 15:12:09,310404000,9228198,ZCDF8,DIAMOND PRINCESS,55.40391,-131.7825,11.9,334.0
2012-05-28 23:13:09,2012-05-28 15:13:09,310404000,9228198,ZCDF8,DIAMOND PRINCESS,55.40689,-131.7852,12.1,333.0
2012-05-28 23:14:09,2012-05-28 15:14:09,310404000,9228198,ZCDF8,DIAMOND PRINCESS,55.40993,-131.7878,12.3,333.0
2012-05-28 23:15:09,2012-05-28 15:15:09,310404000,9228198,ZCDF8,DIAMOND PRINCESS,55.41294,-131.7907,12.5,330.4
2012-05-28 23:16:08,2012-05-28 15:16:08,310404000,9228198,ZCDF8,DIAMOND PRINCESS,55.41586,-131.794,12.9,326.3
2012-05-28 23:17:08,2012-05-28 15:17:08,310404000,9228198,ZCDF8,DIAMOND PRINCESS,55.4187,-131.7979,13.2,321.3
2012-05-28 23:18:07,2012-05-28 15:18:07,310404000,9228198,ZCDF8,DIAMOND PRINCESS,55.421,-131.8015,13.5,316.6
2012-05-28 23:19:08,2012-05-28 15:19:08,310404000,9228198,ZCDF8,DIAMOND PRINCESS,55.42408,-131.8073,14.2,311.8
2012-05-28 23:20:01,2012-05-28 15:20:01,310404000,9228198,ZCDF8,DIAMOND PRINCESS,55.42647,-131.8121,14.7,311.0
2012-05-28 23:21:02,2012-05-28 15:21:02,310404000,9228198,ZCDF8,DIAMOND PRINCESS,55.42921,-131.8176,14.9,310.6
2012-05-28 23:22:01,2012-05-28 15:22:01,310404000,9228198,ZCDF8,DIAMOND PRINCESS,55.4319,-131.823,15.1,310.6
2012-05-28 23:23:02,2012-05-28 15:23:02,310404000,9228198,ZCDF8,DIAMOND PRINCESS,55.43478,-131.8287,15.4,310.6
2012-05-28 23:24:01,2012-05-28 15:24:01,310404000,9228198,ZCDF8,DIAMOND PRINCESS,55.43753,-131.8344,15.7,310.6
2012-05-28 23:25:02,2012-05-28 15:25:02,310404000,9228198,ZCDF8,DIAMOND PRINCESS,55.4405,-131.8402,15.9,310.6
2012-05-28 23:26:02,2012-05-28 15:26:02,310404000,9228198,ZCDF8,DIAMOND PRINCESS,55.44343,-131.8462,15.9,311.0
2012-05-28 23:27:02,2012-05-28 15:27:02,310404000,9228198,ZCDF8,DIAMOND PRINCESS,55.44631,-131.8519,16.0,311.7
2012-05-28 23:28:02,2012-05-28 15:28:02,310404000,9228198,ZCDF8,DIAMOND PRINCESS,55.44926,-131.8578,16.1,311.7
2012-05-28 23:29:02,2012-05-28 15:29:02,310404000,9228198,ZCDF8,DIAMOND PRINCESS,55.45226,-131.8636,16.1,311.7
2012-05-28 23:30:02,2012-05-28 15:30:02,310404000,9228198,ZCDF8,DIAMOND PRINCESS,55.45525,-131.8695,16.2,309.7
2012-05-28 23:31:02,2012-05-28 15:31:02,310404000,9228198,ZCDF8,DIAMOND PRINCESS,55.45807,-131.8758,16.1,305.8
2012-05-28 23:32:02,2012-05-28 15:32:02,310404000,9228198,ZCDF8,DIAMOND PRINCESS,55.46045,-131.8823,16.1,301.9
2012-05-28 23:33:02,2012-05-28 15:33:02,310404000,9228198,ZCDF8,DIAMOND PRINCESS,55.46262,-131.8892,16.2,296.8
2012-05-28 23:34:02,2012-05-28 15:34:02,310404000,9228198,ZCDF8,DIAMOND PRINCESS,55.46449,-131.8963,16.5,293.4
2012-05-28 23:35:02,2012-05-28 15:35:02,310404000,9228198,ZCDF8,DIAMOND PRINCESS,55.46634,-131.9039,17.0,293.0
2012-05-28 23:36:02,2012-05-28 15:36:02,310404000,9228198,ZCDF8,DIAMOND PRINCESS,55.46819,-131.9117,17.5,292.9
2012-05-28 23:37:02,2012-05-28 15:37:02,310404000,9228198,ZCDF8,DIAMOND PRINCESS,55.47004,-131.9197,17.8,291.8
2012-05-28 23:38:02,2012-05-28 15:38:02,310404000,9228198,ZCDF8,DIAMOND PRINCESS,55.47161,-131.928,18.0,286.5
2012-05-28 23:39:02,2012-05-28 15:39:02,310404000,9228198,ZCDF8,DIAMOND PRINCESS,55.47303,-131.9363,18.3,285.8
2012-05-28 23:40:01,2012-05-28 15:40:01,310404000,9228198,ZCDF8,DIAMOND PRINCESS,55.47444,-131.945,18.6,285.8
2012-05-28 23:41:01,2012-05-28 15:41:01,310404000,9228198,ZCDF8,DIAMOND PRINCESS,55.47589,-131.954,19.0,285.8
2012-05-28 23:42:01,2012-05-28 15:42:01,310404000,9228198,ZCDF8,DIAMOND PRINCESS,55.47731,-131.9629,19.3,286.0
2012-05-28 23:43:01,2012-05-28 15:43:01,310404000,9228198,ZCDF8,DIAMOND PRINCESS,55.47874,-131.972,19.4,286.0
2012-05-28 23:44:02,2012-05-28 15:44:02,310404000,9228198,ZCDF8,DIAMOND PRINCESS,55.48021,-131.9812,19.7,285.7
2012-05-28 23:45:02,2012-05-28 15:45:02,310404000,9228198,ZCDF8,DIAMOND PRINCESS,55.48178,-131.9906,19.9,287.4
2012-05-28 23:46:02,2012-05-28 15:46:02,310404000,9228198,ZCDF8,DIAMOND PRINCESS,55.48364,-131.9998,20.1,292.4
2012-05-28 23:47:02,2012-05-28 15:47:02,310404000,9228198,ZCDF8,DIAMOND PRINCESS,55.48599,-132.0088,20.5,296.0
2012-05-28 23:48:02,2012-05-28 15:48:02,310404000,9228198,ZCDF8,DIAMOND PRINCESS,55.48885,-132.0175,20.7,301.5
2012-05-28 23:49:14,2012-05-28 15:49:14,310404000,9228198,ZCDF8,DIAMOND PRINCESS,55.49246,-132.0277,20.8,301.8
2012-05-28 23:50:02,2012-05-28 15:50:02,310404000,9228198,ZCDF8,DIAMOND PRINCESS,55.49498,-132.0347,20.8,301.8
2012-05-28 23:51:02,2012-05-28 15:51:02,310404000,9228198,ZCDF8,DIAMOND PRINCESS,55.49805,-132.0433,20.7,302.1
2012-05-28 23:52:02,2012-05-28 15:52:02,310404000,9228198,ZCDF8,DIAMOND PRINCESS,55.50105,-132.0517,20.8,302.1
2012-05-28 23:53:02,2012-05-28 15:53:02,310404000,9228198,ZCDF8,DIAMOND PRINCESS,55.50413,-132.0604,20.8,302.1
2012-05-28 23:54:02,2012-05-28 15:54:02,310404000,9228198,ZCDF8,DIAMOND PRINCESS,55.50732,-132.0692,20.9,302.0
2012-05-28 23:55:02,2012-05-28 15:55:02,310404000,9228198,ZCDF8,DIAMOND PRINCESS,55.51033,-132.0777,21.0,302.0
2012-05-28 23:56:02,2012-05-28 15:56:02,310404000,9228198,ZCDF8,DIAMOND PRINCESS,55.51346,-132.0864,21.0,301.8
2012-05-28 23:57:08,2012-05-28 15:57:08,310404000,9228198,ZCDF8,DIAMOND PRINCESS,55.51685,-132.0959,21.0,302.0
2012-05-28 23:58:02,2012-05-28 15:58:02,310404000,9228198,ZCDF8,DIAMOND PRINCESS,55.51965,-132.1038,21.1,301.8
2012-05-28 23:59:05,2012-05-28 15:59:05,310404000,9228198,ZCDF8,DIAMOND PRINCESS,55.52269,-132.1124,21.1,302.0
2012-05-29 00:00:02,2012-05-28 16:00:02,310404000,9228198,ZCDF8,DIAMOND PRINCESS,55.52582,-132.1213,21.1,301.8
2012-05-29 00:01:08,2012-05-28 16:01:08,310404000,9228198,ZCDF8,DIAMOND PRINCESS,55.52922,-132.1309,21.1,301.5
2012-05-29 00:02:02,2012-05-28 16:02:02,310404000,9228198,ZCDF8,DIAMOND PRINCESS,55.53196,-132.1386,21.1,302.5
2012-05-29 00:03:02,2012-05-28 16:03:02,310404000,9228198,ZCDF8,DIAMOND PRINCESS,55.53531,-132.1472,21.1,306.4
2012-05-29 00:04:02,2012-05-28 16:04:02,310404000,9228198,ZCDF8,DIAMOND PRINCESS,55.53895,-132.1551,21.2,310.9
2012-05-29 00:05:02,2012-05-28 16:05:02,310404000,9228198,ZCDF8,DIAMOND PRINCESS,55.54302,-132.1628,21.2,314.0
2012-05-29 00:06:05,2012-05-28 16:06:05,310404000,9228198,ZCDF8,DIAMOND PRINCESS,55.54708,-132.1703,21.3,312.9
2012-05-29 00:07:02,2012-05-28 16:07:02,310404000,9228198,ZCDF8,DIAMOND PRINCESS,55.55127,-132.1777,21.3,316.9
2012-05-29 00:08:02,2012-05-28 16:08:02,310404000,9228198,ZCDF8,DIAMOND PRINCESS,55.55578,-132.1844,21.3,321.1
2012-05-29 00:09:08,2012-05-28 16:09:08,310404000,9228198,ZCDF8,DIAMOND PRINCESS,55.56081,-132.1915,21.4,320.9
2012-05-29 00:10:08,2012-05-28 16:10:08,310404000,9228198,ZCDF8,DIAMOND PRINCESS,55.56556,-132.1981,21.5,322.0
2012-05-29 00:11:02,2012-05-28 16:11:02,310404000,9228198,ZCDF8,DIAMOND PRINCESS,55.56985,-132.2041,21.5,322.0
2012-05-29 00:12:02,2012-05-28 16:12:02,310404000,9228198,ZCDF8,DIAMOND PRINCESS,55.57447,-132.2104,21.5,322.0
2012-05-29 00:13:02,2012-05-28 16:13:02,310404000,9228198,ZCDF8,DIAMOND PRINCESS,55.57915,-132.2169,21.4,321.6
2012-05-29 00:14:02,2012-05-28 16:14:02,310404000,9228198,ZCDF8,DIAMOND PRINCESS,55.58403,-132.2228,21.3,327.1
2012-05-29 00:15:03,2012-05-28 16:15:03,310404000,9228198,ZCDF8,DIAMOND PRINCESS,55.58905,-132.2283,21.3,328.9
2012-05-29 00:16:05,2012-05-28 16:16:05,310404000,9228198,ZCDF8,DIAMOND PRINCESS,55.59414,-132.2336,21.4,328.9
2012-05-29 00:17:02,2012-05-28 16:17:02,310404000,9228198,ZCDF8,DIAMOND PRINCESS,55.59927,-132.239,21.5,330.0
2012-05-29 00:18:02,2012-05-28 16:18:02,310404000,9228198,ZCDF8,DIAMOND PRINCESS,55.60442,-132.2443,21.6,330.0
2012-05-29 00:19:06,2012-05-28 16:19:06,310404000,9228198,ZCDF8,DIAMOND PRINCESS,55.60959,-132.2496,21.6,330.0
2012-05-29 00:20:02,2012-05-28 16:20:02,310404000,9228198,ZCDF8,DIAMOND PRINCESS,55.61478,-132.2549,21.6,330.0
2012-05-29 00:21:04,2012-05-28 16:21:04,310404000,9228198,ZCDF8,DIAMOND PRINCESS,55.61987,-132.26,21.5,330.2
2012-05-29 00:22:02,2012-05-28 16:22:02,310404000,9228198,ZCDF8,DIAMOND PRINCESS,55.62506,-132.2655,21.4,328.9
2012-05-29 00:23:02,2012-05-28 16:23:02,310404000,9228198,ZCDF8,DIAMOND PRINCESS,55.63015,-132.2709,21.5,328.9
2012-05-29 00:24:01,2012-05-28 16:24:01,310404000,9228198,ZCDF8,DIAMOND PRINCESS,55.6352,-132.2762,21.5,330.0
2012-05-29 00:25:01,2012-05-28 16:25:01,310404000,9228198,ZCDF8,DIAMOND PRINCESS,55.64044,-132.2815,21.5,330.0
2012-05-29 00:26:02,2012-05-28 16:26:02,310404000,9228198,ZCDF8,DIAMOND PRINCESS,55.64553,-132.2867,21.5,330.0
2012-05-29 00:27:02,2012-05-28 16:27:02,310404000,9228198,ZCDF8,DIAMOND PRINCESS,55.65071,-132.2919,21.5,330.0
2012-05-29 00:28:02,2012-05-28 16:28:02,310404000,9228198,ZCDF8,DIAMOND PRINCESS,55.65595,-132.2972,21.5,330.0
2012-05-29 00:29:02,2012-05-28 16:29:02,310404000,9228198,ZCDF8,DIAMOND PRINCESS,55.66113,-132.3024,21.5,330.0
2012-05-29 00:30:02,2012-05-28 16:30:02,310404000,9228198,ZCDF8,DIAMOND PRINCESS,55.66631,-132.3076,21.5,331.0
2012-05-29 00:31:02,2012-05-28 16:31:02,310404000,9228198,ZCDF8,DIAMOND PRINCESS,55.67142,-132.3127,21.5,331.0
2012-05-29 00:32:02,2012-05-28 16:32:02,310404000,9228198,ZCDF8,DIAMOND PRINCESS,55.6767,-132.3179,21.4,331.0
2012-05-29 00:33:02,2012-05-28 16:33:02,310404000,9228198,ZCDF8,DIAMOND PRINCESS,55.68178,-132.323,21.4,330.0
2012-05-29 00:34:01,2012-05-28 16:34:01,310404000,9228198,ZCDF8,DIAMOND PRINCESS,55.68689,-132.3282,21.2,330.0
2012-05-29 00:35:01,2012-05-28 16:35:01,310404000,9228198,ZCDF8,DIAMOND PRINCESS,55.69197,-132.3335,21.2,330.0
2012-05-29 00:36:02,2012-05-28 16:36:02,310404000,9228198,ZCDF8,DIAMOND PRINCESS,55.69706,-132.3387,21.2,330.0
2012-05-29 00:37:01,2012-05-28 16:37:01,310404000,9228198,ZCDF8,DIAMOND PRINCESS,55.70212,-132.344,21.2,330.0
2012-05-29 00:38:02,2012-05-28 16:38:02,310404000,9228198,ZCDF8,DIAMOND PRINCESS,55.70723,-132.3492,21.3,330.0
2012-05-29 00:39:02,2012-05-28 16:39:02,310404000,9228198,ZCDF8,DIAMOND PRINCESS,55.71245,-132.3546,21.4,330.0
2012-05-29 00:40:02,2012-05-28 16:40:02,310404000,9228198,ZCDF8,DIAMOND PRINCESS,55.71758,-132.3598,21.4,330.0
2012-05-29 00:41:02,2012-05-28 16:41:02,310404000,9228198,ZCDF8,DIAMOND PRINCESS,55.72273,-132.365,21.4,330.0
2012-05-29 00:42:02,2012-05-28 16:42:02,310404000,9228198,ZCDF8,DIAMOND PRINCESS,55.7279,-132.3701,21.3,331.0
2012-05-29 00:43:08,2012-05-28 16:43:08,310404000,9228198,ZCDF8,DIAMOND PRINCESS,55.73354,-132.3758,21.2,331.0
2012-05-29 00:44:02,2012-05-28 16:44:02,310404000,9228198,ZCDF8,DIAMOND PRINCESS,55.73814,-132.3804,21.1,330.0
2012-05-29 00:45:02,2012-05-28 16:45:02,310404000,9228198,ZCDF8,DIAMOND PRINCESS,55.74311,-132.3854,21.0,330.0
2012-05-29 00:46:03,2012-05-28 16:46:03,310404000,9228198,ZCDF8,DIAMOND PRINCESS,55.74814,-132.3905,20.9,330.0
2012-05-29 00:47:02,2012-05-28 16:47:02,310404000,9228198,ZCDF8,DIAMOND PRINCESS,55.75324,-132.3955,21.0,330.0
2012-05-29 00:48:02,2012-05-28 16:48:02,310404000,9228198,ZCDF8,DIAMOND PRINCESS,55.75826,-132.4007,21.0,330.0
2012-05-29 00:49:02,2012-05-28 16:49:02,310404000,9228198,ZCDF8,DIAMOND PRINCESS,55.7633,-132.4058,21.0,330.0
2012-05-29 00:50:02,2012-05-28 16:50:02,310404000,9228198,ZCDF8,DIAMOND PRINCESS,55.76834,-132.411,21.0,330.0
2012-05-29 00:51:02,2012-05-28 16:51:02,310404000,9228198,ZCDF8,DIAMOND PRINCESS,55.77339,-132.4161,21.0,330.0
2012-05-29 00:52:02,2012-05-28 16:52:02,310404000,9228198,ZCDF8,DIAMOND PRINCESS,55.77843,-132.4213,21.0,330.0
2012-05-29 00:53:03,2012-05-28 16:53:03,310404000,9228198,ZCDF8,DIAMOND PRINCESS,55.78347,-132.4265,21.0,330.0
2012-05-29 00:54:02,2012-05-28 16:54:02,310404000,9228198,ZCDF8,DIAMOND PRINCESS,55.78852,-132.4317,21.1,330.0
2012-05-29 00:55:01,2012-05-28 16:55:01,310404000,9228198,ZCDF8,DIAMOND PRINCESS,55.79351,-132.4368,21.1,330.0
2012-05-29 00:56:03,2012-05-28 16:56:03,310404000,9228198,ZCDF8,DIAMOND PRINCESS,55.79868,-132.442,21.1,330.0
2012-05-29 00:57:02,2012-05-28 16:57:02,310404000,9228198,ZCDF8,DIAMOND PRINCESS,55.80378,-132.4471,21.2,330.0
2012-05-29 00:58:02,2012-05-28 16:58:02,310404000,9228198,ZCDF8,DIAMOND PRINCESS,55.8089,-132.4523,21.2,330.0
2012-05-29 00:59:02,2012-05-28 16:59:02,310404000,9228198,ZCDF8,DIAMOND PRINCESS,55.81402,-132.4574,21.3,330.0
2012-05-29 01:00:03,2012-05-28 17:00:03,310404000,9228198,ZCDF8,DIAMOND PRINCESS,55.81914,-132.4626,21.3,330.0
2012-05-29 01:01:03,2012-05-28 17:01:03,310404000,9228198,ZCDF8,DIAMOND PRINCESS,55.82435,-132.4678,21.3,330.8
2012-05-29 01:02:05,2012-05-28 17:02:05,310404000,9228198,ZCDF8,DIAMOND PRINCESS,55.8294,-132.4729,21.3,330.2
2012-05-29 01:03:11,2012-05-28 17:03:11,310404000,9228198,ZCDF8,DIAMOND PRINCESS,55.83512,-132.4787,21.2,330.5
2012-05-29 01:04:03,2012-05-28 17:04:03,310404000,9228198,ZCDF8,DIAMOND PRINCESS,55.83962,-132.4833,21.2,329.8
2012-05-29 01:05:02,2012-05-28 17:05:02,310404000,9228198,ZCDF8,DIAMOND PRINCESS,55.84458,-132.4885,21.1,329.0
2012-05-29 01:06:02,2012-05-28 17:06:02,310404000,9228198,ZCDF8,DIAMOND PRINCESS,55.84969,-132.4939,21.1,329.2
2012-05-29 01:07:09,2012-05-28 17:07:09,310404000,9228198,ZCDF8,DIAMOND PRINCESS,55.8546,-132.4992,21.0,328.0
2012-05-29 01:08:01,2012-05-28 17:08:01,310404000,9228198,ZCDF8,DIAMOND PRINCESS,55.85963,-132.5048,21.0,328.0
2012-05-29 01:09:03,2012-05-28 17:09:03,310404000,9228198,ZCDF8,DIAMOND PRINCESS,55.86456,-132.5103,21.0,328.0
2012-05-29 01:10:02,2012-05-28 17:10:02,310404000,9228198,ZCDF8,DIAMOND PRINCESS,55.86948,-132.5157,20.9,328.0
2012-05-29 01:11:02,2012-05-28 17:11:02,310404000,9228198,ZCDF8,DIAMOND PRINCESS,55.87439,-132.5212,20.9,328.0
2012-05-29 01:12:03,2012-05-28 17:12:03,310404000,9228198,ZCDF8,DIAMOND PRINCESS,55.87929,-132.5267,20.9,328.0
2012-05-29 01:13:03,2012-05-28 17:13:03,310404000,9228198,ZCDF8,DIAMOND PRINCESS,55.88419,-132.5322,20.9,328.0
2012-05-29 01:14:02,2012-05-28 17:14:02,310404000,9228198,ZCDF8,DIAMOND PRINCESS,55.889,-132.5376,20.9,327.0
2012-05-29 01:15:02,2012-05-28 17:15:02,310404000,9228198,ZCDF8,DIAMOND PRINCESS,55.89384,-132.5433,20.9,326.0
2012-05-29 01:16:02,2012-05-28 17:16:02,310404000,9228198,ZCDF8,DIAMOND PRINCESS,55.89872,-132.5491,21.0,326.0
2012-05-29 01:17:09,2012-05-28 17:17:09,310404000,9228198,ZCDF8,DIAMOND PRINCESS,55.90405,-132.5555,21.0,326.0
2012-05-29 01:18:03,2012-05-28 17:18:03,310404000,9228198,ZCDF8,DIAMOND PRINCESS,55.90841,-132.5607,21.0,326.0
2012-05-29 01:19:10,2012-05-28 17:19:10,310404000,9228198,ZCDF8,DIAMOND PRINCESS,55.91381,-132.5672,21.0,325.8
2012-05-29 01:20:02,2012-05-28 17:20:02,310404000,9228198,ZCDF8,DIAMOND PRINCESS,55.91796,-132.5723,21.0,325.0
2012-05-29 01:21:02,2012-05-28 17:21:02,310404000,9228198,ZCDF8,DIAMOND PRINCESS,55.92282,-132.5784,21.1,324.7
2012-05-29 01:22:03,2012-05-28 17:22:03,310404000,9228198,ZCDF8,DIAMOND PRINCESS,55.92757,-132.5842,21.1,324.7
2012-05-29 01:23:03,2012-05-28 17:23:03,310404000,9228198,ZCDF8,DIAMOND PRINCESS,55.93248,-132.5902,21.2,325.0
2012-05-29 01:24:04,2012-05-28 17:24:04,310404000,9228198,ZCDF8,DIAMOND PRINCESS,55.93722,-132.5961,21.2,325.0
2012-05-29 01:25:02,2012-05-28 17:25:02,310404000,9228198,ZCDF8,DIAMOND PRINCESS,55.94213,-132.6022,21.2,324.7
2012-05-29 01:26:05,2012-05-28 17:26:05,310404000,9228198,ZCDF8,DIAMOND PRINCESS,55.94698,-132.6082,21.3,324.7
2012-05-29 01:27:02,2012-05-28 17:27:02,310404000,9228198,ZCDF8,DIAMOND PRINCESS,55.95175,-132.6141,21.3,325.0
2012-05-29 01:28:02,2012-05-28 17:28:02,310404000,9228198,ZCDF8,DIAMOND PRINCESS,55.95665,-132.6202,21.2,325.0
2012-05-29 01:29:02,2012-05-28 17:29:02,310404000,9228198,ZCDF8,DIAMOND PRINCESS,55.96136,-132.626,21.1,325.0
2012-05-29 01:30:02,2012-05-28 17:30:02,310404000,9228198,ZCDF8,DIAMOND PRINCESS,55.96621,-132.6321,21.1,325.0
2012-05-29 01:31:05,2012-05-28 17:31:05,310404000,9228198,ZCDF8,DIAMOND PRINCESS,55.97097,-132.6381,21.0,324.7
2012-05-29 01:32:03,2012-05-28 17:32:03,310404000,9228198,ZCDF8,DIAMOND PRINCESS,55.97572,-132.644,20.9,325.0
2012-05-29 01:33:04,2012-05-28 17:33:04,310404000,9228198,ZCDF8,DIAMOND PRINCESS,55.98044,-132.65,20.9,324.1
2012-05-29 01:34:03,2012-05-28 17:34:03,310404000,9228198,ZCDF8,DIAMOND PRINCESS,55.98515,-132.656,20.8,325.0
2012-05-29 01:35:03,2012-05-28 17:35:03,310404000,9228198,ZCDF8,DIAMOND PRINCESS,55.98985,-132.662,20.8,325.0
2012-05-29 01:36:02,2012-05-28 17:36:02,310404000,9228198,ZCDF8,DIAMOND PRINCESS,55.99446,-132.6678,20.8,323.8
2012-05-29 01:37:02,2012-05-28 17:37:02,310404000,9228198,ZCDF8,DIAMOND PRINCESS,55.99923,-132.674,20.9,323.9
2012-05-29 01:38:02,2012-05-28 17:38:02,310404000,9228198,ZCDF8,DIAMOND PRINCESS,56.00395,-132.68,20.9,323.9
2012-05-29 01:39:02,2012-05-28 17:39:02,310404000,9228198,ZCDF8,DIAMOND PRINCESS,56.00858,-132.6859,21.0,323.9
2012-05-29 01:40:02,2012-05-28 17:40:02,310404000,9228198,ZCDF8,DIAMOND PRINCESS,56.01331,-132.692,21.0,323.9
2012-05-29 01:41:02,2012-05-28 17:41:02,310404000,9228198,ZCDF8,DIAMOND PRINCESS,56.01813,-132.6982,21.1,323.9
2012-05-29 01:42:02,2012-05-28 17:42:02,310404000,9228198,ZCDF8,DIAMOND PRINCESS,56.0228,-132.7042,21.2,323.9
2012-05-29 01:43:02,2012-05-28 17:43:02,310404000,9228198,ZCDF8,DIAMOND PRINCESS,56.02771,-132.7104,21.3,325.4
2012-05-29 01:44:02,2012-05-28 17:44:02,310404000,9228198,ZCDF8,DIAMOND PRINCESS,56.03248,-132.7164,21.3,324.4
2012-05-29 01:45:02,2012-05-28 17:45:02,310404000,9228198,ZCDF8,DIAMOND PRINCESS,56.03727,-132.7225,21.4,324.7
2012-05-29 01:46:02,2012-05-28 17:46:02,310404000,9228198,ZCDF8,DIAMOND PRINCESS,56.04213,-132.7287,21.5,324.9
2012-05-29 01:47:04,2012-05-28 17:47:04,310404000,9228198,ZCDF8,DIAMOND PRINCESS,56.0473,-132.7345,21.5,328.9
2012-05-29 01:48:02,2012-05-28 17:48:02,310404000,9228198,ZCDF8,DIAMOND PRINCESS,56.05242,-132.7399,21.4,329.7
2012-05-29 01:49:03,2012-05-28 17:49:03,310404000,9228198,ZCDF8,DIAMOND PRINCESS,56.05752,-132.7452,21.3,330.0
2012-05-29 01:50:03,2012-05-28 17:50:03,310404000,9228198,ZCDF8,DIAMOND PRINCESS,56.06262,-132.7505,21.3,329.7
2012-05-29 01:51:03,2012-05-28 17:51:03,310404000,9228198,ZCDF8,DIAMOND PRINCESS,56.06771,-132.7558,21.2,330.0
2012-05-29 01:52:03,2012-05-28 17:52:03,310404000,9228198,ZCDF8,DIAMOND PRINCESS,56.07277,-132.7611,21.1,330.0
2012-05-29 01:53:03,2012-05-28 17:53:03,310404000,9228198,ZCDF8,DIAMOND PRINCESS,56.07775,-132.7663,21.1,330.0
2012-05-29 01:54:04,2012-05-28 17:54:04,310404000,9228198,ZCDF8,DIAMOND PRINCESS,56.0829,-132.7717,21.1,329.7
2012-05-29 01:55:02,2012-05-28 17:55:02,310404000,9228198,ZCDF8,DIAMOND PRINCESS,56.08792,-132.777,21.1,329.7
2012-05-29 01:56:03,2012-05-28 17:56:03,310404000,9228198,ZCDF8,DIAMOND PRINCESS,56.09288,-132.7822,21.1,330.0
2012-05-29 01:57:02,2012-05-28 17:57:02,310404000,9228198,ZCDF8,DIAMOND PRINCESS,56.09803,-132.7875,21.1,330.0
2012-05-29 01:58:04,2012-05-28 17:58:04,310404000,9228198,ZCDF8,DIAMOND PRINCESS,56.10305,-132.7928,21.2,330.0
2012-05-29 01:59:03,2012-05-28 17:59:03,310404000,9228198,ZCDF8,DIAMOND PRINCESS,56.10823,-132.7982,21.3,330.0
2012-05-29 02:00:02,2012-05-28 18:00:02,310404000,9228198,ZCDF8,DIAMOND PRINCESS,56.11335,-132.8035,21.3,330.0
2012-05-29 02:01:03,2012-05-28 18:01:03,310404000,9228198,ZCDF8,DIAMOND PRINCESS,56.11834,-132.8088,21.2,328.9
2012-05-29 02:02:02,2012-05-28 18:02:02,310404000,9228198,ZCDF8,DIAMOND PRINCESS,56.12339,-132.8141,21.1,330.0
2012-05-29 02:03:02,2012-05-28 18:03:02,310404000,9228198,ZCDF8,DIAMOND PRINCESS,56.12842,-132.8194,21.0,330.0
2012-05-29 02:04:01,2012-05-28 18:04:01,310404000,9228198,ZCDF8,DIAMOND PRINCESS,56.12891,-132.8199,20.9,328.9
2012-05-29 02:05:02,2012-05-28 18:05:02,310404000,9228198,ZCDF8,DIAMOND PRINCESS,56.13848,-132.83,20.8,330.1
2012-05-29 02:06:02,2012-05-28 18:06:02,310404000,9228198,ZCDF8,DIAMOND PRINCESS,56.14348,-132.8349,20.8,330.8
2012-05-29 02:07:03,2012-05-28 18:07:03,310404000,9228198,ZCDF8,DIAMOND PRINCESS,56.14857,-132.8398,20.8,330.8
2012-05-29 02:08:02,2012-05-28 18:08:02,310404000,9228198,ZCDF8,DIAMOND PRINCESS,56.15362,-132.8448,20.9,332.0
2012-05-29 02:09:01,2012-05-28 18:09:01,310404000,9228198,ZCDF8,DIAMOND PRINCESS,56.15871,-132.8497,20.9,330.9
2012-05-29 02:10:01,2012-05-28 18:10:01,310404000,9228198,ZCDF8,DIAMOND PRINCESS,56.1638,-132.8547,20.9,332.0
2012-05-29 02:11:01,2012-05-28 18:11:01,310404000,9228198,ZCDF8,DIAMOND PRINCESS,56.1689,-132.8596,20.9,332.0
2012-05-29 02:12:03,2012-05-28 18:12:03,310404000,9228198,ZCDF8,DIAMOND PRINCESS,56.17401,-132.8645,20.9,332.0
2012-05-29 02:13:03,2012-05-28 18:13:03,310404000,9228198,ZCDF8,DIAMOND PRINCESS,56.17911,-132.8694,20.9,332.0
2012-05-29 02:14:03,2012-05-28 18:14:03,310404000,9228198,ZCDF8,DIAMOND PRINCESS,56.18423,-132.8744,20.9,332.0
2012-05-29 02:15:03,2012-05-28 18:15:03,310404000,9228198,ZCDF8,DIAMOND PRINCESS,56.18925,-132.8792,21.0,332.0
2012-05-29 02:16:04,2012-05-28 18:16:04,310404000,9228198,ZCDF8,DIAMOND PRINCESS,56.19444,-132.8841,20.7,330.8
2012-05-29 02:17:03,2012-05-28 18:17:03,310404000,9228198,ZCDF8,DIAMOND PRINCESS,56.1996,-132.8889,20.9,334.0
2012-05-29 02:18:02,2012-05-28 18:18:02,310404000,9228198,ZCDF8,DIAMOND PRINCESS,56.20479,-132.8934,20.8,333.7
2012-05-29 02:19:02,2012-05-28 18:19:02,310404000,9228198,ZCDF8,DIAMOND PRINCESS,56.20999,-132.8978,20.6,335.0
2012-05-29 02:20:00,2012-05-28 18:20:00,310404000,9228198,ZCDF8,DIAMOND PRINCESS,56.21452,-132.9016,20.3,335.0
2012-05-29 02:21:02,2012-05-28 18:21:02,310404000,9228198,ZCDF8,DIAMOND PRINCESS,56.22003,-132.9063,19.0,333.3
2012-05-29 02:22:02,2012-05-28 18:22:02,310404000,9228198,ZCDF8,DIAMOND PRINCESS,56.22436,-132.9104,17.4,331.9
2012-05-29 02:23:02,2012-05-28 18:23:02,310404000,9228198,ZCDF8,DIAMOND PRINCESS,56.22831,-132.9144,15.8,330.2
2012-05-29 02:24:02,2012-05-28 18:24:02,310404000,9228198,ZCDF8,DIAMOND PRINCESS,56.2321,-132.9179,14.8,334.4
2012-05-29 02:25:03,2012-05-28 18:25:03,310404000,9228198,ZCDF8,DIAMOND PRINCESS,56.23569,-132.921,14.4,334.8
2012-05-29 02:26:05,2012-05-28 18:26:05,310404000,9228198,ZCDF8,DIAMOND PRINCESS,56.23938,-132.9239,14.4,336.0
2012-05-29 02:27:05,2012-05-28 18:27:05,310404000,9228198,ZCDF8,DIAMOND PRINCESS,56.24295,-132.9269,14.5,334.8
2012-05-29 02:28:06,2012-05-28 18:28:06,310404000,9228198,ZCDF8,DIAMOND PRINCESS,56.24668,-132.93,14.6,334.8
2012-05-29 02:29:02,2012-05-28 18:29:02,310404000,9228198,ZCDF8,DIAMOND PRINCESS,56.25032,-132.933,14.4,336.0
2012-05-29 02:30:02,2012-05-28 18:30:02,310404000,9228198,ZCDF8,DIAMOND PRINCESS,56.25395,-132.9359,14.3,336.0
2012-05-29 02:31:03,2012-05-28 18:31:03,310404000,9228198,ZCDF8,DIAMOND PRINCESS,56.25758,-132.9386,14.2,338.0
2012-05-29 02:32:02,2012-05-28 18:32:02,310404000,9228198,ZCDF8,DIAMOND PRINCESS,56.26119,-132.9411,14.1,339.0
2012-05-29 02:33:03,2012-05-28 18:33:03,310404000,9228198,ZCDF8,DIAMOND PRINCESS,56.26493,-132.9436,14.2,339.8
2012-05-29 02:34:03,2012-05-28 18:34:03,310404000,9228198,ZCDF8,DIAMOND PRINCESS,56.26863,-132.9461,14.3,340.2
2012-05-29 02:35:02,2012-05-28 18:35:02,310404000,9228198,ZCDF8,DIAMOND PRINCESS,56.27224,-132.9488,14.5,335.2
2012-05-29 02:36:02,2012-05-28 18:36:02,310404000,9228198,ZCDF8,DIAMOND PRINCESS,56.27588,-132.9523,14.7,328.9
2012-05-29 02:37:02,2012-05-28 18:37:02,310404000,9228198,ZCDF8,DIAMOND PRINCESS,56.27911,-132.9565,14.6,320.9
2012-05-29 02:38:02,2012-05-28 18:38:02,310404000,9228198,ZCDF8,DIAMOND PRINCESS,56.28201,-132.9618,14.6,312.5
2012-05-29 02:39:03,2012-05-28 18:39:03,310404000,9228198,ZCDF8,DIAMOND PRINCESS,56.28428,-132.9677,14.4,300.7
2012-05-29 02:40:03,2012-05-28 18:40:03,310404000,9228198,ZCDF8,DIAMOND PRINCESS,56.28609,-132.974,14.6,295.9
2012-05-29 02:41:02,2012-05-28 18:41:02,310404000,9228198,ZCDF8,DIAMOND PRINCESS,56.28786,-132.9809,15.1,294.0
2012-05-29 02:42:00,2012-05-28 18:42:00,310404000,9228198,ZCDF8,DIAMOND PRINCESS,56.28939,-132.9872,15.6,292.8
2012-05-29 02:43:02,2012-05-28 18:43:02,310404000,9228198,ZCDF8,DIAMOND PRINCESS,56.29132,-132.9953,16.2,292.9
2012-05-29 02:44:02,2012-05-28 18:44:02,310404000,9228198,ZCDF8,DIAMOND PRINCESS,56.29316,-133.0029,16.9,292.9
2012-05-29 02:45:02,2012-05-28 18:45:02,310404000,9228198,ZCDF8,DIAMOND PRINCESS,56.29509,-133.0108,17.5,293.9
2012-05-29 02:46:02,2012-05-28 18:46:02,310404000,9228198,ZCDF8,DIAMOND PRINCESS,56.29697,-133.0189,17.8,291.9
2012-05-29 02:47:02,2012-05-28 18:47:02,310404000,9228198,ZCDF8,DIAMOND PRINCESS,56.29881,-133.0272,18.3,291.9
2012-05-29 02:48:02,2012-05-28 18:48:02,310404000,9228198,ZCDF8,DIAMOND PRINCESS,56.30074,-133.0359,18.7,291.9
2012-05-29 02:49:02,2012-05-28 18:49:02,310404000,9228198,ZCDF8,DIAMOND PRINCESS,56.30267,-133.0445,19.0,291.9
2012-05-29 02:50:03,2012-05-28 18:50:03,310404000,9228198,ZCDF8,DIAMOND PRINCESS,56.30465,-133.0535,19.2,291.8
2012-05-29 02:51:02,2012-05-28 18:51:02,310404000,9228198,ZCDF8,DIAMOND PRINCESS,56.30663,-133.0625,19.4,291.8
2012-05-29 02:52:02,2012-05-28 18:52:02,310404000,9228198,ZCDF8,DIAMOND PRINCESS,56.30875,-133.0712,19.7,295.4
2012-05-29 02:53:02,2012-05-28 18:53:02,310404000,9228198,ZCDF8,DIAMOND PRINCESS,56.3114,-133.08,19.8,299.8
2012-05-29 02:54:02,2012-05-28 18:54:02,310404000,9228198,ZCDF8,DIAMOND PRINCESS,56.31442,-133.0882,19.8,305.2
2012-05-29 02:55:02,2012-05-28 18:55:02,310404000,9228198,ZCDF8,DIAMOND PRINCESS,56.31787,-133.0959,19.9,310.8
2012-05-29 02:56:03,2012-05-28 18:56:03,310404000,9228198,ZCDF8,DIAMOND PRINCESS,56.32169,-133.1032,20.2,314.0
2012-05-29 02:57:03,2012-05-28 18:57:03,310404000,9228198,ZCDF8,DIAMOND PRINCESS,56.32564,-133.1106,20.7,314.0
2012-05-29 02:58:03,2012-05-28 18:58:03,310404000,9228198,ZCDF8,DIAMOND PRINCESS,56.32962,-133.1182,20.9,312.9
2012-05-29 02:59:03,2012-05-28 18:59:03,310404000,9228198,ZCDF8,DIAMOND PRINCESS,56.33361,-133.1257,20.8,313.1
2012-05-29 03:00:01,2012-05-28 19:00:01,310404000,9228198,ZCDF8,DIAMOND PRINCESS,56.33718,-133.1325,20.8,312.8
2012-05-29 03:01:03,2012-05-28 19:01:03,310404000,9228198,ZCDF8,DIAMOND PRINCESS,56.34151,-133.1406,20.8,314.0
2012-05-29 03:02:03,2012-05-28 19:02:03,310404000,9228198,ZCDF8,DIAMOND PRINCESS,56.34549,-133.1483,20.7,312.3
2012-05-29 03:03:02,2012-05-28 19:03:02,310404000,9228198,ZCDF8,DIAMOND PRINCESS,56.34903,-133.1562,20.7,306.6
2012-05-29 03:04:02,2012-05-28 19:04:02,310404000,9228198,ZCDF8,DIAMOND PRINCESS,56.35212,-133.1651,20.6,299.3
2012-05-29 03:05:05,2012-05-28 19:05:05,310404000,9228198,ZCDF8,DIAMOND PRINCESS,56.35418,-133.1745,20.0,288.0
2012-05-29 03:06:02,2012-05-28 19:06:02,310404000,9228198,ZCDF8,DIAMOND PRINCESS,56.35537,-133.184,19.7,278.9
2012-05-29 03:07:02,2012-05-28 19:07:02,310404000,9228198,ZCDF8,DIAMOND PRINCESS,56.35605,-133.1939,19.9,276.0
2012-05-29 03:08:02,2012-05-28 19:08:02,310404000,9228198,ZCDF8,DIAMOND PRINCESS,56.35659,-133.2039,20.1,274.7
2012-05-29 03:09:03,2012-05-28 19:09:03,310404000,9228198,ZCDF8,DIAMOND PRINCESS,56.35699,-133.2138,20.3,272.8
2012-05-29 03:10:02,2012-05-28 19:10:02,310404000,9228198,ZCDF8,DIAMOND PRINCESS,56.35721,-133.2242,20.5,272.0
2012-05-29 03:11:04,2012-05-28 19:11:04,310404000,9228198,ZCDF8,DIAMOND PRINCESS,56.35744,-133.2344,20.6,272.0
2012-05-29 03:12:04,2012-05-28 19:12:04,310404000,9228198,ZCDF8,DIAMOND PRINCESS,56.35765,-133.2447,20.7,273.4
2012-05-29 03:13:03,2012-05-28 19:13:03,310404000,9228198,ZCDF8,DIAMOND PRINCESS,56.35812,-133.2552,20.6,275.0
2012-05-29 03:14:03,2012-05-28 19:14:03,310404000,9228198,ZCDF8,DIAMOND PRINCESS,56.35859,-133.2653,20.7,275.0
2012-05-29 03:15:04,2012-05-28 19:15:04,310404000,9228198,ZCDF8,DIAMOND PRINCESS,56.35909,-133.2756,20.9,275.0
2012-05-29 03:16:03,2012-05-28 19:16:03,310404000,9228198,ZCDF8,DIAMOND PRINCESS,56.35965,-133.286,20.9,276.0
2012-05-29 03:17:03,2012-05-28 19:17:03,310404000,9228198,ZCDF8,DIAMOND PRINCESS,56.36023,-133.2964,20.8,276.0
2012-05-29 03:18:03,2012-05-28 19:18:03,310404000,9228198,ZCDF8,DIAMOND PRINCESS,56.36079,-133.3065,20.8,274.8
2012-05-29 03:19:03,2012-05-28 19:19:03,310404000,9228198,ZCDF8,DIAMOND PRINCESS,56.36137,-133.3171,21.0,276.0
2012-05-29 03:20:03,2012-05-28 19:20:03,310404000,9228198,ZCDF8,DIAMOND PRINCESS,56.36198,-133.3276,21.1,276.0
2012-05-29 03:21:03,2012-05-28 19:21:03,310404000,9228198,ZCDF8,DIAMOND PRINCESS,56.36256,-133.3381,21.2,276.0
2012-05-29 03:22:01,2012-05-28 19:22:01,310404000,9228198,ZCDF8,DIAMOND PRINCESS,56.3631,-133.3475,21.1,275.7
2012-05-29 03:23:02,2012-05-28 19:23:02,310404000,9228198,ZCDF8,DIAMOND PRINCESS,56.36375,-133.3588,21.0,276.0
2012-05-29 03:24:03,2012-05-28 19:24:03,310404000,9228198,ZCDF8,DIAMOND PRINCESS,56.36435,-133.3693,21.0,276.0
2012-05-29 03:25:02,2012-05-28 19:25:02,310404000,9228198,ZCDF8,DIAMOND PRINCESS,56.36497,-133.3799,21.0,276.0
2012-05-29 03:26:02,2012-05-28 19:26:02,310404000,9228198,ZCDF8,DIAMOND PRINCESS,56.36555,-133.3901,21.0,276.0
2012-05-29 03:27:02,2012-05-28 19:27:02,310404000,9228198,ZCDF8,DIAMOND PRINCESS,56.36611,-133.4008,21.0,275.1
2012-05-29 03:28:03,2012-05-28 19:28:03,310404000,9228198,ZCDF8,DIAMOND PRINCESS,56.36664,-133.411,20.9,274.9
2012-05-29 03:29:02,2012-05-28 19:29:02,310404000,9228198,ZCDF8,DIAMOND PRINCESS,56.36731,-133.4214,20.9,277.6
2012-05-29 03:30:03,2012-05-28 19:30:03,310404000,9228198,ZCDF8,DIAMOND PRINCESS,56.36823,-133.4319,20.8,278.8
2012-05-29 03:31:02,2012-05-28 19:31:02,310404000,9228198,ZCDF8,DIAMOND PRINCESS,56.36919,-133.4421,20.7,280.0
2012-05-29 03:32:03,2012-05-28 19:32:03,310404000,9228198,ZCDF8,DIAMOND PRINCESS,56.37014,-133.4523,20.7,279.1
2012-05-29 03:33:03,2012-05-28 19:33:03,310404000,9228198,ZCDF8,DIAMOND PRINCESS,56.3711,-133.4623,20.8,280.0
2012-05-29 03:34:03,2012-05-28 19:34:03,310404000,9228198,ZCDF8,DIAMOND PRINCESS,56.37209,-133.4727,20.8,278.8
2012-05-29 03:35:03,2012-05-28 19:35:03,310404000,9228198,ZCDF8,DIAMOND PRINCESS,56.37301,-133.4829,20.9,279.7
2012-05-29 03:36:03,2012-05-28 19:36:03,310404000,9228198,ZCDF8,DIAMOND PRINCESS,56.37403,-133.4933,21.0,280.0
2012-05-29 03:37:03,2012-05-28 19:37:03,310404000,9228198,ZCDF8,DIAMOND PRINCESS,56.375,-133.5037,21.0,279.7
2012-05-29 03:38:03,2012-05-28 19:38:03,310404000,9228198,ZCDF8,DIAMOND PRINCESS,56.37594,-133.5139,21.0,278.6
2012-05-29 03:39:03,2012-05-28 19:39:03,310404000,9228198,ZCDF8,DIAMOND PRINCESS,56.37693,-133.5244,21.0,280.0
2012-05-29 03:40:02,2012-05-28 19:40:02,310404000,9228198,ZCDF8,DIAMOND PRINCESS,56.3779,-133.5346,21.0,280.0
2012-05-29 03:41:02,2012-05-28 19:41:02,310404000,9228198,ZCDF8,DIAMOND PRINCESS,56.37889,-133.545,21.1,280.0
2012-05-29 03:42:02,2012-05-28 19:42:02,310404000,9228198,ZCDF8,DIAMOND PRINCESS,56.37989,-133.5554,21.2,280.0
2012-05-29 03:43:02,2012-05-28 19:43:02,310404000,9228198,ZCDF8,DIAMOND PRINCESS,56.38089,-133.5658,21.1,279.7
2012-05-29 03:44:02,2012-05-28 19:44:02,310404000,9228198,ZCDF8,DIAMOND PRINCESS,56.38204,-133.576,20.7,280.6
2012-05-29 03:45:02,2012-05-28 19:45:02,310404000,9228198,ZCDF8,DIAMOND PRINCESS,56.38275,-133.5862,20.4,274.5
2012-05-29 03:46:04,2012-05-28 19:46:04,310404000,9228198,ZCDF8,DIAMOND PRINCESS,56.38274,-133.5963,20.2,266.8
2012-05-29 03:47:02,2012-05-28 19:47:02,310404000,9228198,ZCDF8,DIAMOND PRINCESS,56.38211,-133.6064,20.4,261.5
2012-05-29 03:48:02,2012-05-28 19:48:02,310404000,9228198,ZCDF8,DIAMOND PRINCESS,56.38092,-133.6165,20.8,256.1
2012-05-29 03:49:02,2012-05-28 19:49:02,310404000,9228198,ZCDF8,DIAMOND PRINCESS,56.37923,-133.6265,21.0,251.4
2012-05-29 03:50:02,2012-05-28 19:50:02,310404000,9228198,ZCDF8,DIAMOND PRINCESS,56.37702,-133.6363,21.3,246.0
2012-05-29 03:51:02,2012-05-28 19:51:02,310404000,9228198,ZCDF8,DIAMOND PRINCESS,56.37432,-133.6458,21.3,240.5
2012-05-29 03:52:02,2012-05-28 19:52:02,310404000,9228198,ZCDF8,DIAMOND PRINCESS,56.37119,-133.6546,21.4,235.2
2012-05-29 03:53:02,2012-05-28 19:53:02,310404000,9228198,ZCDF8,DIAMOND PRINCESS,56.36741,-133.6632,21.6,229.7
2012-05-29 03:54:03,2012-05-28 19:54:03,310404000,9228198,ZCDF8,DIAMOND PRINCESS,56.36334,-133.671,21.8,225.0
2012-05-29 03:55:02,2012-05-28 19:55:02,310404000,9228198,ZCDF8,DIAMOND PRINCESS,56.35879,-133.6784,21.8,221.3
2012-05-29 03:56:02,2012-05-28 19:56:02,310404000,9228198,ZCDF8,DIAMOND PRINCESS,56.35402,-133.6851,21.8,215.8
2012-05-29 03:57:03,2012-05-28 19:57:03,310404000,9228198,ZCDF8,DIAMOND PRINCESS,56.34907,-133.6908,21.6,211.1
2012-05-29 03:58:02,2012-05-28 19:58:02,310404000,9228198,ZCDF8,DIAMOND PRINCESS,56.34369,-133.6957,21.2,203.6
2012-05-29 03:59:02,2012-05-28 19:59:02,310404000,9228198,ZCDF8,DIAMOND PRINCESS,56.33838,-133.6996,21.1,201.8
2012-05-29 04:00:01,2012-05-28 20:00:01,310404000,9228198,ZCDF8,DIAMOND PRINCESS,56.33291,-133.7034,21.2,201.0
2012-05-29 04:01:03,2012-05-28 20:01:03,310404000,9228198,ZCDF8,DIAMOND PRINCESS,56.32742,-133.7072,21.4,200.7
2012-05-29 04:02:03,2012-05-28 20:02:03,310404000,9228198,ZCDF8,DIAMOND PRINCESS,56.32183,-133.7113,21.4,201.8
2012-05-29 04:03:02,2012-05-28 20:03:02,310404000,9228198,ZCDF8,DIAMOND PRINCESS,56.31634,-133.7153,21.5,202.0
2012-05-29 04:04:03,2012-05-28 20:04:03,310404000,9228198,ZCDF8,DIAMOND PRINCESS,56.31084,-133.7192,21.2,201.0
2012-05-29 04:05:03,2012-05-28 20:05:03,310404000,9228198,ZCDF8,DIAMOND PRINCESS,56.30543,-133.723,20.9,201.8
2012-05-29 04:06:03,2012-05-28 20:06:03,310404000,9228198,ZCDF8,DIAMOND PRINCESS,56.30005,-133.7269,20.8,201.0
2012-05-29 04:07:03,2012-05-28 20:07:03,310404000,9228198,ZCDF8,DIAMOND PRINCESS,56.2947,-133.7308,20.8,201.8
2012-05-29 04:08:03,2012-05-28 20:08:03,310404000,9228198,ZCDF8,DIAMOND PRINCESS,56.28946,-133.7345,20.7,201.8
2012-05-29 04:09:09,2012-05-28 20:09:09,310404000,9228198,ZCDF8,DIAMOND PRINCESS,56.28349,-133.7388,20.8,202.1
2012-05-29 04:10:02,2012-05-28 20:10:02,310404000,9228198,ZCDF8,DIAMOND PRINCESS,56.27874,-133.7422,20.9,201.8
2012-05-29 04:11:02,2012-05-28 20:11:02,310404000,9228198,ZCDF8,DIAMOND PRINCESS,56.27337,-133.746,20.9,201.0
2012-05-29 04:12:02,2012-05-28 20:12:02,310404000,9228198,ZCDF8,DIAMOND PRINCESS,56.26796,-133.7498,20.9,201.0
2012-05-29 04:13:03,2012-05-28 20:13:03,310404000,9228198,ZCDF8,DIAMOND PRINCESS,56.2625,-133.7532,20.9,197.6
2012-05-29 04:14:08,2012-05-28 20:14:08,310404000,9228198,ZCDF8,DIAMOND PRINCESS,56.25638,-133.7563,20.9,195.0
2012-05-29 04:15:02,2012-05-28 20:15:02,310404000,9228198,ZCDF8,DIAMOND PRINCESS,56.25134,-133.7588,21.2,195.8
2012-05-29 04:16:04,2012-05-28 20:16:04,310404000,9228198,ZCDF8,DIAMOND PRINCESS,56.24571,-133.7615,21.0,195.0
2012-05-29 04:17:02,2012-05-28 20:17:02,310404000,9228198,ZCDF8,DIAMOND PRINCESS,56.24009,-133.7642,21.0,195.0
2012-05-29 04:18:08,2012-05-28 20:18:08,310404000,9228198,ZCDF8,DIAMOND PRINCESS,56.23391,-133.7672,21.0,194.7
2012-05-29 04:19:02,2012-05-28 20:19:02,310404000,9228198,ZCDF8,DIAMOND PRINCESS,56.22883,-133.7697,21.0,194.7
2012-05-29 04:20:02,2012-05-28 20:20:02,310404000,9228198,ZCDF8,DIAMOND PRINCESS,56.22321,-133.7724,21.0,195.0
2012-05-29 04:21:02,2012-05-28 20:21:02,310404000,9228198,ZCDF8,DIAMOND PRINCESS,56.21761,-133.7751,21.0,194.7
2012-05-29 04:22:02,2012-05-28 20:22:02,310404000,9228198,ZCDF8,DIAMOND PRINCESS,56.21199,-133.7778,21.0,195.0
2012-05-29 04:23:02,2012-05-28 20:23:02,310404000,9228198,ZCDF8,DIAMOND PRINCESS,56.20636,-133.7805,21.0,195.0
2012-05-29 04:24:02,2012-05-28 20:24:02,310404000,9228198,ZCDF8,DIAMOND PRINCESS,56.20073,-133.7831,21.0,194.7
2012-05-29 04:25:03,2012-05-28 20:25:03,310404000,9228198,ZCDF8,DIAMOND PRINCESS,56.1951,-133.7858,21.0,193.9
2012-05-29 04:26:03,2012-05-28 20:26:03,310404000,9228198,ZCDF8,DIAMOND PRINCESS,56.18936,-133.7884,21.0,193.9
2012-05-29 04:27:04,2012-05-28 20:27:04,310404000,9228198,ZCDF8,DIAMOND PRINCESS,56.18369,-133.791,21.2,194.7
2012-05-29 04:28:08,2012-05-28 20:28:08,310404000,9228198,ZCDF8,DIAMOND PRINCESS,56.17752,-133.7939,21.3,195.0
2012-05-29 04:29:03,2012-05-28 20:29:03,310404000,9228198,ZCDF8,DIAMOND PRINCESS,56.1723,-133.7964,21.3,194.7
2012-05-29 04:30:03,2012-05-28 20:30:03,310404000,9228198,ZCDF8,DIAMOND PRINCESS,56.16674,-133.7993,21.3,197.4
2012-05-29 04:31:03,2012-05-28 20:31:03,310404000,9228198,ZCDF8,DIAMOND PRINCESS,56.1611,-133.803,21.2,203.4
2012-05-29 04:32:02,2012-05-28 20:32:02,310404000,9228198,ZCDF8,DIAMOND PRINCESS,56.156,-133.8076,21.3,207.9
2012-05-29 04:33:02,2012-05-28 20:33:02,310404000,9228198,ZCDF8,DIAMOND PRINCESS,56.15077,-133.8128,21.2,209.0
2012-05-29 04:34:03,2012-05-28 20:34:03,310404000,9228198,ZCDF8,DIAMOND PRINCESS,56.14564,-133.8179,21.1,209.0
2012-05-29 04:35:02,2012-05-28 20:35:02,310404000,9228198,ZCDF8,DIAMOND PRINCESS,56.14052,-133.8229,21.0,209.0
2012-05-29 04:36:02,2012-05-28 20:36:02,310404000,9228198,ZCDF8,DIAMOND PRINCESS,56.13539,-133.8279,21.0,207.9
2012-05-29 04:37:03,2012-05-28 20:37:03,310404000,9228198,ZCDF8,DIAMOND PRINCESS,56.13028,-133.8329,21.0,208.7
2012-05-29 04:38:02,2012-05-28 20:38:02,310404000,9228198,ZCDF8,DIAMOND PRINCESS,56.12521,-133.838,20.9,208.7
2012-05-29 04:39:02,2012-05-28 20:39:02,310404000,9228198,ZCDF8,DIAMOND PRINCESS,56.12008,-133.8431,20.8,208.7
2012-05-29 04:40:03,2012-05-28 20:40:03,310404000,9228198,ZCDF8,DIAMOND PRINCESS,56.11509,-133.848,20.8,209.0
2012-05-29 04:41:02,2012-05-28 20:41:02,310404000,9228198,ZCDF8,DIAMOND PRINCESS,56.10995,-133.853,20.8,208.7
2012-05-29 04:42:02,2012-05-28 20:42:02,310404000,9228198,ZCDF8,DIAMOND PRINCESS,56.10498,-133.8579,20.8,209.0
2012-05-29 04:43:02,2012-05-28 20:43:02,310404000,9228198,ZCDF8,DIAMOND PRINCESS,56.09991,-133.8629,20.8,209.0
2012-05-29 04:44:02,2012-05-28 20:44:02,310404000,9228198,ZCDF8,DIAMOND PRINCESS,56.09485,-133.8678,20.8,209.0
2012-05-29 04:45:02,2012-05-28 20:45:02,310404000,9228198,ZCDF8,DIAMOND PRINCESS,56.08979,-133.8728,20.8,208.7
2012-05-29 04:46:03,2012-05-28 20:46:03,310404000,9228198,ZCDF8,DIAMOND PRINCESS,56.08475,-133.8778,20.8,209.8
2012-05-29 04:47:00,2012-05-28 20:47:00,310404000,9228198,ZCDF8,DIAMOND PRINCESS,56.0801,-133.8833,20.8,215.0
2012-05-29 04:48:00,2012-05-28 20:48:00,310404000,9228198,ZCDF8,DIAMOND PRINCESS,56.07563,-133.8898,20.8,221.3
2012-05-29 04:49:02,2012-05-28 20:49:02,310404000,9228198,ZCDF8,DIAMOND PRINCESS,56.07141,-133.8973,20.7,227.3
2012-05-29 04:50:00,2012-05-28 20:50:00,310404000,9228198,ZCDF8,DIAMOND PRINCESS,56.06789,-133.905,20.7,231.8
2012-05-29 04:51:00,2012-05-28 20:51:00,310404000,9228198,ZCDF8,DIAMOND PRINCESS,56.06447,-133.9131,20.8,233.0
2012-05-29 04:52:02,2012-05-28 20:52:02,310404000,9228198,ZCDF8,DIAMOND PRINCESS,56.06084,-133.9217,20.8,232.7
2012-05-29 04:53:02,2012-05-28 20:53:02,310404000,9228198,ZCDF8,DIAMOND PRINCESS,56.05746,-133.9298,20.8,233.0
2012-05-29 04:54:09,2012-05-28 20:54:09,310404000,9228198,ZCDF8,DIAMOND PRINCESS,56.05372,-133.9392,20.7,235.0
2012-05-29 04:55:02,2012-05-28 20:55:02,310404000,9228198,ZCDF8,DIAMOND PRINCESS,56.05077,-133.9468,20.7,234.7
2012-05-29 04:56:00,2012-05-28 20:56:00,310404000,9228198,ZCDF8,DIAMOND PRINCESS,56.04765,-133.9549,20.6,235.5
2012-05-29 04:57:03,2012-05-28 20:57:03,310404000,9228198,ZCDF8,DIAMOND PRINCESS,56.04428,-133.9636,20.6,235.0
2012-05-29 04:58:00,2012-05-28 20:58:00,310404000,9228198,ZCDF8,DIAMOND PRINCESS,56.04407,-133.9642,20.6,235.0
2012-05-29 04:59:01,2012-05-28 20:59:01,310404000,9228198,ZCDF8,DIAMOND PRINCESS,56.03796,-133.9803,20.8,236.7
2012-05-29 05:00:01,2012-05-28 21:00:01,310404000,9228198,ZCDF8,DIAMOND PRINCESS,56.03497,-133.9889,20.7,238.7
2012-05-29 05:01:00,2012-05-28 21:01:00,310404000,9228198,ZCDF8,DIAMOND PRINCESS,56.03201,-133.9978,20.6,239.0
2012-05-29 05:02:02,2012-05-28 21:02:02,310404000,9228198,ZCDF8,DIAMOND PRINCESS,56.02901,-134.0069,20.4,239.8
2012-05-29 05:03:02,2012-05-28 21:03:02,310404000,9228198,ZCDF8,DIAMOND PRINCESS,56.02625,-134.0153,20.0,239.8
2012-05-29 05:04:01,2012-05-28 21:04:01,310404000,9228198,ZCDF8,DIAMOND PRINCESS,56.02348,-134.0236,19.7,238.7
2012-05-29 05:05:01,2012-05-28 21:05:01,310404000,9228198,ZCDF8,DIAMOND PRINCESS,56.02068,-134.0319,19.4,240.4
2012-05-29 05:06:03,2012-05-28 21:06:03,310404000,9228198,ZCDF8,DIAMOND PRINCESS,56.01805,-134.0406,19.1,241.8
2012-05-29 05:07:07,2012-05-28 21:07:07,310404000,9228198,ZCDF8,DIAMOND PRINCESS,56.01553,-134.0493,18.8,243.0
2012-05-29 05:08:00,2012-05-28 21:08:00,310404000,9228198,ZCDF8,DIAMOND PRINCESS,56.01345,-134.0566,18.6,242.6
2012-05-29 05:09:05,2012-05-28 21:09:05,310404000,9228198,ZCDF8,DIAMOND PRINCESS,56.01096,-134.0656,18.5,243.9
2012-05-29 05:10:02,2012-05-28 21:10:02,310404000,9228198,ZCDF8,DIAMOND PRINCESS,56.00888,-134.0732,18.2,243.9
2012-05-29 05:11:01,2012-05-28 21:11:01,310404000,9228198,ZCDF8,DIAMOND PRINCESS,56.00668,-134.0813,17.9,243.9
2012-05-29 05:12:00,2012-05-28 21:12:00,310404000,9228198,ZCDF8,DIAMOND PRINCESS,56.00559,-134.0852,17.8,243.6
2012-05-29 05:13:23,2012-05-28 21:13:23,310404000,9228198,ZCDF8,DIAMOND PRINCESS,56.0016,-134.0993,17.2,242.6
2012-05-29 05:14:00,2012-05-28 21:14:00,310404000,9228198,ZCDF8,DIAMOND PRINCESS,56.0007,-134.1025,17.0,242.6
2012-05-29 05:15:02,2012-05-28 21:15:02,310404000,9228198,ZCDF8,DIAMOND PRINCESS,55.99804,-134.1118,16.8,242.6
2012-05-29 05:16:02,2012-05-28 21:16:02,310404000,9228198,ZCDF8,DIAMOND PRINCESS,55.99618,-134.1194,16.6,247.6
2012-05-29 05:17:07,2012-05-28 21:17:07,310404000,9228198,ZCDF8,DIAMOND PRINCESS,55.99465,-134.1278,16.5,253.6
2012-05-29 05:18:01,2012-05-28 21:18:01,310404000,9228198,ZCDF8,DIAMOND PRINCESS,55.99367,-134.1351,16.5,257.2
2012-05-29 05:19:01,2012-05-28 21:19:01,310404000,9228198,ZCDF8,DIAMOND PRINCESS,55.9929,-134.1431,16.6,261.5
2012-05-29 05:20:02,2012-05-28 21:20:02,310404000,9228198,ZCDF8,DIAMOND PRINCESS,55.99258,-134.1515,17.1,267.6
2012-05-29 05:21:01,2012-05-28 21:21:01,310404000,9228198,ZCDF8,DIAMOND PRINCESS,55.99282,-134.1598,17.2,275.6
2012-05-29 05:22:01,2012-05-28 21:22:01,310404000,9228198,ZCDF8,DIAMOND PRINCESS,55.99366,-134.1684,17.5,282.3
2012-05-29 05:23:01,2012-05-28 21:23:01,310404000,9228198,ZCDF8,DIAMOND PRINCESS,55.9949,-134.1769,17.7,285.6
2012-05-29 05:24:01,2012-05-28 21:24:01,310404000,9228198,ZCDF8,DIAMOND PRINCESS,55.99655,-134.1851,18.0,292.0
2012-05-29 05:25:02,2012-05-28 21:25:02,310404000,9228198,ZCDF8,DIAMOND PRINCESS,55.99875,-134.1933,18.2,298.0
2012-05-29 05:26:03,2012-05-28 21:26:03,310404000,9228198,ZCDF8,DIAMOND PRINCESS,56.00138,-134.2013,18.3,302.3
2012-05-29 05:27:00,2012-05-28 21:27:00,310404000,9228198,ZCDF8,DIAMOND PRINCESS,56.00129,-134.201,18.4,301.6
2012-05-29 05:28:01,2012-05-28 21:28:01,310404000,9228198,ZCDF8,DIAMOND PRINCESS,56.00759,-134.2156,19.0,309.6
2012-05-29 05:29:01,2012-05-28 21:29:01,310404000,9228198,ZCDF8,DIAMOND PRINCESS,56.01096,-134.2229,19.2,309.5
2012-05-29 05:30:01,2012-05-28 21:30:01,310404000,9228198,ZCDF8,DIAMOND PRINCESS,56.01446,-134.2305,19.6,310.1
2012-05-29 05:31:01,2012-05-28 21:31:01,310404000,9228198,ZCDF8,DIAMOND PRINCESS,56.01791,-134.2379,20.0,308.7
2012-05-29 05:32:01,2012-05-28 21:32:01,310404000,9228198,ZCDF8,DIAMOND PRINCESS,56.02146,-134.2456,20.1,309.8
2012-05-29 05:33:01,2012-05-28 21:33:01,310404000,9228198,ZCDF8,DIAMOND PRINCESS,56.02497,-134.2531,20.1,309.8
2012-05-29 05:34:01,2012-05-28 21:34:01,310404000,9228198,ZCDF8,DIAMOND PRINCESS,56.02859,-134.2609,20.2,309.0
2012-05-29 05:35:01,2012-05-28 21:35:01,310404000,9228198,ZCDF8,DIAMOND PRINCESS,56.03216,-134.2686,20.1,309.2
2012-05-29 05:36:01,2012-05-28 21:36:01,310404000,9228198,ZCDF8,DIAMOND PRINCESS,56.03572,-134.2762,20.1,309.8
2012-05-29 05:37:01,2012-05-28 21:37:01,310404000,9228198,ZCDF8,DIAMOND PRINCESS,56.03928,-134.2839,20.0,310.5
2012-05-29 05:38:01,2012-05-28 21:38:01,310404000,9228198,ZCDF8,DIAMOND PRINCESS,56.04282,-134.2915,19.9,309.0
2012-05-29 05:39:01,2012-05-28 21:39:01,310404000,9228198,ZCDF8,DIAMOND PRINCESS,56.04633,-134.2991,19.9,310.5
2012-05-29 05:40:01,2012-05-28 21:40:01,310404000,9228198,ZCDF8,DIAMOND PRINCESS,56.04984,-134.3067,19.9,309.0
2012-05-29 05:41:01,2012-05-28 21:41:01,310404000,9228198,ZCDF8,DIAMOND PRINCESS,56.05335,-134.3143,20.0,308.7
2012-05-29 05:42:01,2012-05-28 21:42:01,310404000,9228198,ZCDF8,DIAMOND PRINCESS,56.05689,-134.3219,20.1,309.5
2012-05-29 05:43:01,2012-05-28 21:43:01,310404000,9228198,ZCDF8,DIAMOND PRINCESS,56.06044,-134.3296,20.1,309.0
2012-05-29 05:44:01,2012-05-28 21:44:01,310404000,9228198,ZCDF8,DIAMOND PRINCESS,56.064,-134.3373,20.1,309.0
2012-05-29 05:45:01,2012-05-28 21:45:01,310404000,9228198,ZCDF8,DIAMOND PRINCESS,56.0675,-134.3448,20.2,310.4
2012-05-29 05:46:01,2012-05-28 21:46:01,310404000,9228198,ZCDF8,DIAMOND PRINCESS,56.07141,-134.3521,20.0,315.7
2012-05-29 05:47:07,2012-05-28 21:47:07,310404000,9228198,ZCDF8,DIAMOND PRINCESS,56.07607,-134.3592,20.1,322.1
2012-05-29 05:48:01,2012-05-28 21:48:01,310404000,9228198,ZCDF8,DIAMOND PRINCESS,56.08022,-134.3642,20.0,327.5
2012-05-29 05:49:01,2012-05-28 21:49:01,310404000,9228198,ZCDF8,DIAMOND PRINCESS,56.08511,-134.369,20.1,333.8
2012-05-29 05:50:01,2012-05-28 21:50:01,310404000,9228198,ZCDF8,DIAMOND PRINCESS,56.09016,-134.3727,20.1,338.5
2012-05-29 05:51:01,2012-05-28 21:51:01,310404000,9228198,ZCDF8,DIAMOND PRINCESS,56.0956,-134.3758,20.3,344.0
2012-05-29 05:52:02,2012-05-28 21:52:02,310404000,9228198,ZCDF8,DIAMOND PRINCESS,56.10112,-134.3778,20.5,350.2
2012-05-29 05:53:02,2012-05-28 21:53:02,310404000,9228198,ZCDF8,DIAMOND PRINCESS,56.10676,-134.3791,20.5,353.0
2012-05-29 05:54:02,2012-05-28 21:54:02,310404000,9228198,ZCDF8,DIAMOND PRINCESS,56.11253,-134.3802,20.6,353.2
2012-05-29 05:55:02,2012-05-28 21:55:02,310404000,9228198,ZCDF8,DIAMOND PRINCESS,56.11811,-134.3813,20.5,354.1
2012-05-29 05:56:02,2012-05-28 21:56:02,310404000,9228198,ZCDF8,DIAMOND PRINCESS,56.12388,-134.3823,20.6,353.7
2012-05-29 05:57:01,2012-05-28 21:57:01,310404000,9228198,ZCDF8,DIAMOND PRINCESS,56.12948,-134.3834,20.6,354.0
2012-05-29 05:58:01,2012-05-28 21:58:01,310404000,9228198,ZCDF8,DIAMOND PRINCESS,56.13518,-134.3845,20.7,353.1
2012-05-29 05:59:01,2012-05-28 21:59:01,310404000,9228198,ZCDF8,DIAMOND PRINCESS,56.14079,-134.3856,20.8,354.1
2012-05-29 06:00:01,2012-05-28 22:00:01,310404000,9228198,ZCDF8,DIAMOND PRINCESS,56.14661,-134.3867,20.8,354.2
2012-05-29 06:01:01,2012-05-28 22:01:01,310404000,9228198,ZCDF8,DIAMOND PRINCESS,56.15235,-134.3878,20.8,354.4
2012-05-29 06:02:01,2012-05-28 22:02:01,310404000,9228198,ZCDF8,DIAMOND PRINCESS,56.15799,-134.3889,20.9,353.0
2012-05-29 06:03:01,2012-05-28 22:03:01,310404000,9228198,ZCDF8,DIAMOND PRINCESS,56.16375,-134.3901,20.9,353.7
2012-05-29 06:04:01,2012-05-28 22:04:01,310404000,9228198,ZCDF8,DIAMOND PRINCESS,56.16953,-134.3913,20.9,353.7
2012-05-29 06:05:01,2012-05-28 22:05:01,310404000,9228198,ZCDF8,DIAMOND PRINCESS,56.17529,-134.3925,20.9,353.1
2012-05-29 06:06:01,2012-05-28 22:06:01,310404000,9228198,ZCDF8,DIAMOND PRINCESS,56.18115,-134.3938,20.9,352.9
2012-05-29 06:07:08,2012-05-28 22:07:08,310404000,9228198,ZCDF8,DIAMOND PRINCESS,56.18738,-134.3951,20.8,352.8
2012-05-29 06:08:02,2012-05-28 22:08:02,310404000,9228198,ZCDF8,DIAMOND PRINCESS,56.19254,-134.3962,20.8,352.4
2012-05-29 06:09:01,2012-05-28 22:09:01,310404000,9228198,ZCDF8,DIAMOND PRINCESS,56.19827,-134.3975,20.8,352.3
2012-05-29 06:10:01,2012-05-28 22:10:01,310404000,9228198,ZCDF8,DIAMOND PRINCESS,56.20401,-134.3988,20.9,352.9
2012-05-29 06:11:01,2012-05-28 22:11:01,310404000,9228198,ZCDF8,DIAMOND PRINCESS,56.20972,-134.4,20.8,354.4
2012-05-29 06:12:01,2012-05-28 22:12:01,310404000,9228198,ZCDF8,DIAMOND PRINCESS,56.21542,-134.4013,20.7,352.7
2012-05-29 06:13:03,2012-05-28 22:13:03,310404000,9228198,ZCDF8,DIAMOND PRINCESS,56.2212,-134.4025,20.6,353.4
2012-05-29 06:14:02,2012-05-28 22:14:02,310404000,9228198,ZCDF8,DIAMOND PRINCESS,56.22686,-134.4037,20.4,353.1
2012-05-29 06:15:02,2012-05-28 22:15:02,310404000,9228198,ZCDF8,DIAMOND PRINCESS,56.23252,-134.4049,20.6,352.6
2012-05-29 06:16:01,2012-05-28 22:16:01,310404000,9228198,ZCDF8,DIAMOND PRINCESS,56.23813,-134.4061,20.7,353.1
2012-05-29 06:17:02,2012-05-28 22:17:02,310404000,9228198,ZCDF8,DIAMOND PRINCESS,56.24393,-134.4074,20.7,353.1
2012-05-29 06:18:01,2012-05-28 22:18:01,310404000,9228198,ZCDF8,DIAMOND PRINCESS,56.24964,-134.4087,20.7,352.6
2012-05-29 06:19:02,2012-05-28 22:19:02,310404000,9228198,ZCDF8,DIAMOND PRINCESS,56.25525,-134.4099,20.7,353.1
2012-05-29 06:20:01,2012-05-28 22:20:01,310404000,9228198,ZCDF8,DIAMOND PRINCESS,56.2611,-134.4112,20.9,353.7
2012-05-29 06:21:02,2012-05-28 22:21:02,310404000,9228198,ZCDF8,DIAMOND PRINCESS,56.26677,-134.4123,20.9,353.7
2012-05-29 06:22:01,2012-05-28 22:22:01,310404000,9228198,ZCDF8,DIAMOND PRINCESS,56.27261,-134.4135,20.9,354.0
2012-05-29 06:23:01,2012-05-28 22:23:01,310404000,9228198,ZCDF8,DIAMOND PRINCESS,56.27827,-134.4146,20.8,354.0
2012-05-29 06:24:01,2012-05-28 22:24:01,310404000,9228198,ZCDF8,DIAMOND PRINCESS,56.28399,-134.4157,20.6,354.0
2012-05-29 06:25:01,2012-05-28 22:25:01,310404000,9228198,ZCDF8,DIAMOND PRINCESS,56.2897,-134.4167,20.2,354.5
2012-05-29 06:26:01,2012-05-28 22:26:01,310404000,9228198,ZCDF8,DIAMOND PRINCESS,56.2951,-134.4176,19.7,354.5
2012-05-29 06:27:01,2012-05-28 22:27:01,310404000,9228198,ZCDF8,DIAMOND PRINCESS,56.30046,-134.4185,19.2,354.0
2012-05-29 06:28:01,2012-05-28 22:28:01,310404000,9228198,ZCDF8,DIAMOND PRINCESS,56.30573,-134.4194,19.0,354.9
2012-05-29 06:29:01,2012-05-28 22:29:01,310404000,9228198,ZCDF8,DIAMOND PRINCESS,56.31093,-134.4201,18.7,355.2
2012-05-29 06:30:02,2012-05-28 22:30:02,310404000,9228198,ZCDF8,DIAMOND PRINCESS,56.31614,-134.421,18.4,354.9
2012-05-29 06:31:02,2012-05-28 22:31:02,310404000,9228198,ZCDF8,DIAMOND PRINCESS,56.32119,-134.4218,18.2,354.9
2012-05-29 06:32:02,2012-05-28 22:32:02,310404000,9228198,ZCDF8,DIAMOND PRINCESS,56.32612,-134.4227,17.7,354.0
2012-05-29 06:33:01,2012-05-28 22:33:01,310404000,9228198,ZCDF8,DIAMOND PRINCESS,56.33088,-134.4235,17.4,355.3
2012-05-29 06:34:02,2012-05-28 22:34:02,310404000,9228198,ZCDF8,DIAMOND PRINCESS,56.33572,-134.4243,16.8,354.3
2012-05-29 06:35:02,2012-05-28 22:35:02,310404000,9228198,ZCDF8,DIAMOND PRINCESS,56.34039,-134.4253,16.8,353.6
2012-05-29 06:36:01,2012-05-28 22:36:01,310404000,9228198,ZCDF8,DIAMOND PRINCESS,56.34489,-134.4261,16.5,355.3
2012-05-29 06:37:01,2012-05-28 22:37:01,310404000,9228198,ZCDF8,DIAMOND PRINCESS,56.34949,-134.427,16.3,354.0
2012-05-29 06:38:01,2012-05-28 22:38:01,310404000,9228198,ZCDF8,DIAMOND PRINCESS,56.35388,-134.4278,16.2,354.3
2012-05-29 06:39:01,2012-05-28 22:39:01,310404000,9228198,ZCDF8,DIAMOND PRINCESS,56.35829,-134.4286,15.9,354.3
2012-05-29 06:40:01,2012-05-28 22:40:01,310404000,9228198,ZCDF8,DIAMOND PRINCESS,56.36263,-134.4295,15.6,353.6
2012-05-29 06:41:01,2012-05-28 22:41:01,310404000,9228198,ZCDF8,DIAMOND PRINCESS,56.36692,-134.4302,15.4,353.6
2012-05-29 06:42:01,2012-05-28 22:42:01,310404000,9228198,ZCDF8,DIAMOND PRINCESS,56.37121,-134.431,15.1,354.7
2012-05-29 06:43:01,2012-05-28 22:43:01,310404000,9228198,ZCDF8,DIAMOND PRINCESS,56.37526,-134.4317,14.8,353.7
2012-05-29 06:44:01,2012-05-28 22:44:01,310404000,9228198,ZCDF8,DIAMOND PRINCESS,56.37926,-134.4325,14.4,354.3
2012-05-29 06:45:01,2012-05-28 22:45:01,310404000,9228198,ZCDF8,DIAMOND PRINCESS,56.38309,-134.4332,14.1,355.0
2012-05-29 06:46:01,2012-05-28 22:46:01,310404000,9228198,ZCDF8,DIAMOND PRINCESS,56.38702,-134.4338,13.9,354.0
2012-05-29 06:47:02,2012-05-28 22:47:02,310404000,9228198,ZCDF8,DIAMOND PRINCESS,56.39082,-134.4346,13.9,354.0
2012-05-29 06:48:02,2012-05-28 22:48:02,310404000,9228198,ZCDF8,DIAMOND PRINCESS,56.39471,-134.4353,13.9,353.1
2012-05-29 06:49:02,2012-05-28 22:49:02,310404000,9228198,ZCDF8,DIAMOND PRINCESS,56.39857,-134.4361,14.0,354.5
2012-05-29 06:50:04,2012-05-28 22:50:04,310404000,9228198,ZCDF8,DIAMOND PRINCESS,56.40258,-134.4368,14.0,355.1
2012-05-29 06:51:05,2012-05-28 22:51:05,310404000,9228198,ZCDF8,DIAMOND PRINCESS,56.40647,-134.4373,14.1,356.1
2012-05-29 06:52:04,2012-05-28 22:52:04,310404000,9228198,ZCDF8,DIAMOND PRINCESS,56.41035,-134.4379,14.1,355.1
2012-05-29 06:53:05,2012-05-28 22:53:05,310404000,9228198,ZCDF8,DIAMOND PRINCESS,56.41425,-134.4384,14.1,355.1
2012-05-29 06:54:04,2012-05-28 22:54:04,310404000,9228198,ZCDF8,DIAMOND PRINCESS,56.41822,-134.439,14.2,355.1
2012-05-29 06:55:04,2012-05-28 22:55:04,310404000,9228198,ZCDF8,DIAMOND PRINCESS,56.42211,-134.4396,14.3,354.7
2012-05-29 06:56:05,2012-05-28 22:56:05,310404000,9228198,ZCDF8,DIAMOND PRINCESS,56.42617,-134.4403,14.6,355.2
2012-05-29 06:57:05,2012-05-28 22:57:05,310404000,9228198,ZCDF8,DIAMOND PRINCESS,56.43015,-134.441,14.7,354.4
2012-05-29 06:58:01,2012-05-28 22:58:01,310404000,9228198,ZCDF8,DIAMOND PRINCESS,56.42928,-134.4408,14.7,354.0
2012-05-29 06:59:05,2012-05-28 22:59:05,310404000,9228198,ZCDF8,DIAMOND PRINCESS,56.43831,-134.4419,14.6,358.1
2012-05-29 07:00:04,2012-05-28 23:00:04,310404000,9228198,ZCDF8,DIAMOND PRINCESS,56.44229,-134.4422,14.6,356.8
2012-05-29 07:01:04,2012-05-28 23:01:04,310404000,9228198,ZCDF8,DIAMOND PRINCESS,56.44633,-134.4425,14.6,357.8
2012-05-29 07:02:04,2012-05-28 23:02:04,310404000,9228198,ZCDF8,DIAMOND PRINCESS,56.45031,-134.4428,14.6,357.8
2012-05-29 07:03:04,2012-05-28 23:03:04,310404000,9228198,ZCDF8,DIAMOND PRINCESS,56.45445,-134.4431,14.7,357.8
2012-05-29 07:04:04,2012-05-28 23:04:04,310404000,9228198,ZCDF8,DIAMOND PRINCESS,56.45854,-134.4433,14.8,357.8
2012-05-29 07:05:05,2012-05-28 23:05:05,310404000,9228198,ZCDF8,DIAMOND PRINCESS,56.46265,-134.4436,14.9,357.8
2012-05-29 07:06:05,2012-05-28 23:06:05,310404000,9228198,ZCDF8,DIAMOND PRINCESS,56.46685,-134.4439,14.9,357.0
2012-05-29 07:07:05,2012-05-28 23:07:05,310404000,9228198,ZCDF8,DIAMOND PRINCESS,56.47092,-134.4442,14.9,357.0
2012-05-29 07:08:05,2012-05-28 23:08:05,310404000,9228198,ZCDF8,DIAMOND PRINCESS,56.47512,-134.4445,14.9,359.1
2012-05-29 07:09:04,2012-05-28 23:09:04,310404000,9228198,ZCDF8,DIAMOND PRINCESS,56.47912,-134.4446,14.9,359.4
2012-05-29 07:10:04,2012-05-28 23:10:04,310404000,9228198,ZCDF8,DIAMOND PRINCESS,56.48326,-134.4448,14.9,359.1
2012-05-29 07:11:04,2012-05-28 23:11:04,310404000,9228198,ZCDF8,DIAMOND PRINCESS,56.48746,-134.445,14.9,359.1
2012-05-29 07:12:04,2012-05-28 23:12:04,310404000,9228198,ZCDF8,DIAMOND PRINCESS,56.49152,-134.4451,14.9,359.1
2012-05-29 07:13:04,2012-05-28 23:13:04,310404000,9228198,ZCDF8,DIAMOND PRINCESS,56.49573,-134.4453,14.8,359.1
2012-05-29 07:14:04,2012-05-28 23:14:04,310404000,9228198,ZCDF8,DIAMOND PRINCESS,56.49977,-134.4455,14.8,359.5
2012-05-29 07:15:04,2012-05-28 23:15:04,310404000,9228198,ZCDF8,DIAMOND PRINCESS,56.50388,-134.4456,14.8,358.7
2012-05-29 07:16:04,2012-05-28 23:16:04,310404000,9228198,ZCDF8,DIAMOND PRINCESS,56.50797,-134.4457,14.7,359.9
2012-05-29 07:17:04,2012-05-28 23:17:04,310404000,9228198,ZCDF8,DIAMOND PRINCESS,56.51212,-134.4457,14.7,0.2
2012-05-29 07:18:04,2012-05-28 23:18:04,310404000,9228198,ZCDF8,DIAMOND PRINCESS,56.51621,-134.4458,14.7,359.1
2012-05-29 07:19:04,2012-05-28 23:19:04,310404000,9228198,ZCDF8,DIAMOND PRINCESS,56.5203,-134.4459,14.7,359.1
2012-05-29 07:20:05,2012-05-28 23:20:05,310404000,9228198,ZCDF8,DIAMOND PRINCESS,56.52436,-134.446,14.7,359.5
2012-05-29 07:21:05,2012-05-28 23:21:05,310404000,9228198,ZCDF8,DIAMOND PRINCESS,56.52846,-134.4461,14.8,359.1
2012-05-29 07:22:08,2012-05-28 23:22:08,310404000,9228198,ZCDF8,DIAMOND PRINCESS,56.53258,-134.4462,14.9,359.1
2012-05-29 07:23:06,2012-05-28 23:23:06,310404000,9228198,ZCDF8,DIAMOND PRINCESS,56.53665,-134.4463,14.9,358.7
2012-05-29 07:24:04,2012-05-28 23:24:04,310404000,9228198,ZCDF8,DIAMOND PRINCESS,56.54088,-134.4464,15.0,359.1
2012-05-29 07:25:05,2012-05-28 23:25:05,310404000,9228198,ZCDF8,DIAMOND PRINCESS,56.54505,-134.4465,15.0,359.1
2012-05-29 07:26:05,2012-05-28 23:26:05,310404000,9228198,ZCDF8,DIAMOND PRINCESS,56.54924,-134.4465,15.1,359.2
2012-05-29 07:27:05,2012-05-28 23:27:05,310404000,9228198,ZCDF8,DIAMOND PRINCESS,56.55342,-134.4467,15.1,359.2
2012-05-29 07:28:00,2012-05-28 23:28:00,310404000,9228198,ZCDF8,DIAMOND PRINCESS,56.55724,-134.447,15.1,356.1
2012-05-29 07:29:05,2012-05-28 23:29:05,310404000,9228198,ZCDF8,DIAMOND PRINCESS,56.56178,-134.4476,15.1,356.1
2012-05-29 07:30:05,2012-05-28 23:30:05,310404000,9228198,ZCDF8,DIAMOND PRINCESS,56.56588,-134.4481,15.1,357.4
2012-05-29 07:31:10,2012-05-28 23:31:10,310404000,9228198,ZCDF8,DIAMOND PRINCESS,56.57047,-134.4486,15.0,356.8
2012-05-29 07:32:05,2012-05-28 23:32:05,310404000,9228198,ZCDF8,DIAMOND PRINCESS,56.57429,-134.449,15.1,356.1
2012-05-29 07:33:04,2012-05-28 23:33:04,310404000,9228198,ZCDF8,DIAMOND PRINCESS,56.57838,-134.4494,15.0,357.2
2012-05-29 07:34:04,2012-05-28 23:34:04,310404000,9228198,ZCDF8,DIAMOND PRINCESS,56.58254,-134.4499,15.0,357.2
2012-05-29 07:35:08,2012-05-28 23:35:08,310404000,9228198,ZCDF8,DIAMOND PRINCESS,56.58664,-134.4504,15.1,356.1
2012-05-29 07:36:04,2012-05-28 23:36:04,310404000,9228198,ZCDF8,DIAMOND PRINCESS,56.59088,-134.4508,15.1,356.8
2012-05-29 07:37:04,2012-05-28 23:37:04,310404000,9228198,ZCDF8,DIAMOND PRINCESS,56.59507,-134.4512,15.1,357.2
2012-05-29 07:38:05,2012-05-28 23:38:05,310404000,9228198,ZCDF8,DIAMOND PRINCESS,56.59933,-134.4516,15.1,357.2
2012-05-29 07:39:05,2012-05-28 23:39:05,310404000,9228198,ZCDF8,DIAMOND PRINCESS,56.60352,-134.452,15.2,357.2
2012-05-29 07:40:05,2012-05-28 23:40:05,310404000,9228198,ZCDF8,DIAMOND PRINCESS,56.60765,-134.4523,15.1,356.8
2012-05-29 07:41:05,2012-05-28 23:41:05,310404000,9228198,ZCDF8,DIAMOND PRINCESS,56.61192,-134.4527,15.2,356.4
2012-05-29 07:42:05,2012-05-28 23:42:05,310404000,9228198,ZCDF8,DIAMOND PRINCESS,56.61603,-134.4532,15.1,356.6
2012-05-29 07:43:04,2012-05-28 23:43:04,310404000,9228198,ZCDF8,DIAMOND PRINCESS,56.62022,-134.4537,15.1,356.2
2012-05-29 07:44:04,2012-05-28 23:44:04,310404000,9228198,ZCDF8,DIAMOND PRINCESS,56.6244,-134.4541,15.1,357.0
2012-05-29 07:45:04,2012-05-28 23:45:04,310404000,9228198,ZCDF8,DIAMOND PRINCESS,56.62858,-134.4546,15.4,355.8
2012-05-29 07:46:04,2012-05-28 23:46:04,310404000,9228198,ZCDF8,DIAMOND PRINCESS,56.63275,-134.455,14.9,357.0
2012-05-29 07:47:04,2012-05-28 23:47:04,310404000,9228198,ZCDF8,DIAMOND PRINCESS,56.63684,-134.4555,15.0,356.2
2012-05-29 07:48:04,2012-05-28 23:48:04,310404000,9228198,ZCDF8,DIAMOND PRINCESS,56.64108,-134.456,15.1,355.8
2012-05-29 07:49:05,2012-05-28 23:49:05,310404000,9228198,ZCDF8,DIAMOND PRINCESS,56.64524,-134.4565,15.0,355.4
2012-05-29 07:50:05,2012-05-28 23:50:05,310404000,9228198,ZCDF8,DIAMOND PRINCESS,56.64942,-134.4569,15.0,356.6
2012-05-29 07:51:05,2012-05-28 23:51:05,310404000,9228198,ZCDF8,DIAMOND PRINCESS,56.65366,-134.4574,15.0,355.8
2012-05-29 07:52:05,2012-05-28 23:52:05,310404000,9228198,ZCDF8,DIAMOND PRINCESS,56.65775,-134.4579,15.1,355.8
2012-05-29 07:53:05,2012-05-28 23:53:05,310404000,9228198,ZCDF8,DIAMOND PRINCESS,56.66192,-134.4585,15.1,355.8
2012-05-29 07:54:05,2012-05-28 23:54:05,310404000,9228198,ZCDF8,DIAMOND PRINCESS,56.66602,-134.459,15.1,355.8
2012-05-29 07:55:04,2012-05-28 23:55:04,310404000,9228198,ZCDF8,DIAMOND PRINCESS,56.67026,-134.4596,15.1,355.8
2012-05-29 07:56:04,2012-05-28 23:56:04,310404000,9228198,ZCDF8,DIAMOND PRINCESS,56.67437,-134.4602,15.2,356.2
2012-05-29 07:57:04,2012-05-28 23:57:04,310404000,9228198,ZCDF8,DIAMOND PRINCESS,56.67859,-134.4607,15.2,355.8
2012-05-29 07:58:04,2012-05-28 23:58:04,310404000,9228198,ZCDF8,DIAMOND PRINCESS,56.68288,-134.4613,15.3,355.8
2012-05-29 07:59:10,2012-05-28 23:59:10,310404000,9228198,ZCDF8,DIAMOND PRINCESS,56.68747,-134.4619,15.4,355.8
2012-05-29 08:00:04,2012-05-29 00:00:04,310404000,9228198,ZCDF8,DIAMOND PRINCESS,56.69136,-134.4624,15.4,356.2
2012-05-29 08:01:04,2012-05-29 00:01:04,310404000,9228198,ZCDF8,DIAMOND PRINCESS,56.69555,-134.463,15.4,354.8
2012-05-29 08:02:05,2012-05-29 00:02:05,310404000,9228198,ZCDF8,DIAMOND PRINCESS,56.69987,-134.4638,15.4,353.6
2012-05-29 08:03:04,2012-05-29 00:03:04,310404000,9228198,ZCDF8,DIAMOND PRINCESS,56.70412,-134.4646,15.4,353.8
2012-05-29 08:04:04,2012-05-29 00:04:04,310404000,9228198,ZCDF8,DIAMOND PRINCESS,56.70827,-134.4654,15.3,353.8
2012-05-29 08:05:04,2012-05-29 00:05:04,310404000,9228198,ZCDF8,DIAMOND PRINCESS,56.71259,-134.4662,15.3,353.8
2012-05-29 08:06:04,2012-05-29 00:06:04,310404000,9228198,ZCDF8,DIAMOND PRINCESS,56.71673,-134.4669,15.3,353.8
2012-05-29 08:07:04,2012-05-29 00:07:04,310404000,9228198,ZCDF8,DIAMOND PRINCESS,56.72103,-134.4678,15.3,353.8
2012-05-29 08:08:04,2012-05-29 00:08:04,310404000,9228198,ZCDF8,DIAMOND PRINCESS,56.72517,-134.4686,15.3,354.2
2012-05-29 08:09:05,2012-05-29 00:09:05,310404000,9228198,ZCDF8,DIAMOND PRINCESS,56.72939,-134.4694,15.3,353.8
2012-05-29 08:10:04,2012-05-29 00:10:04,310404000,9228198,ZCDF8,DIAMOND PRINCESS,56.73368,-134.4702,15.3,354.2
2012-05-29 08:11:04,2012-05-29 00:11:04,310404000,9228198,ZCDF8,DIAMOND PRINCESS,56.73784,-134.471,15.3,353.1
2012-05-29 08:12:04,2012-05-29 00:12:04,310404000,9228198,ZCDF8,DIAMOND PRINCESS,56.74215,-134.4719,15.4,353.1
2012-05-29 08:13:04,2012-05-29 00:13:04,310404000,9228198,ZCDF8,DIAMOND PRINCESS,56.7463,-134.4727,15.3,353.8
2012-05-29 08:14:05,2012-05-29 00:14:05,310404000,9228198,ZCDF8,DIAMOND PRINCESS,56.75059,-134.4736,15.3,354.2
2012-05-29 08:15:05,2012-05-29 00:15:05,310404000,9228198,ZCDF8,DIAMOND PRINCESS,56.75472,-134.4744,15.4,354.2
2012-05-29 08:16:05,2012-05-29 00:16:05,310404000,9228198,ZCDF8,DIAMOND PRINCESS,56.75899,-134.4752,15.2,353.8
2012-05-29 08:17:05,2012-05-29 00:17:05,310404000,9228198,ZCDF8,DIAMOND PRINCESS,56.76318,-134.476,15.2,353.8
2012-05-29 08:18:04,2012-05-29 00:18:04,310404000,9228198,ZCDF8,DIAMOND PRINCESS,56.7673,-134.4768,15.2,354.6
2012-05-29 08:19:04,2012-05-29 00:19:04,310404000,9228198,ZCDF8,DIAMOND PRINCESS,56.77157,-134.4775,15.2,354.4
2012-05-29 08:20:05,2012-05-29 00:20:05,310404000,9228198,ZCDF8,DIAMOND PRINCESS,56.77569,-134.4782,15.2,355.6
2012-05-29 08:21:04,2012-05-29 00:21:04,310404000,9228198,ZCDF8,DIAMOND PRINCESS,56.77988,-134.479,15.2,353.8
2012-05-29 08:22:04,2012-05-29 00:22:04,310404000,9228198,ZCDF8,DIAMOND PRINCESS,56.78413,-134.4798,15.2,354.6
2012-05-29 08:23:05,2012-05-29 00:23:05,310404000,9228198,ZCDF8,DIAMOND PRINCESS,56.78833,-134.4805,15.2,354.4
2012-05-29 08:24:05,2012-05-29 00:24:05,310404000,9228198,ZCDF8,DIAMOND PRINCESS,56.79255,-134.4812,15.3,355.8
2012-05-29 08:25:05,2012-05-29 00:25:05,310404000,9228198,ZCDF8,DIAMOND PRINCESS,56.7967,-134.4817,15.3,356.5
2012-05-29 08:26:05,2012-05-29 00:26:05,310404000,9228198,ZCDF8,DIAMOND PRINCESS,56.80099,-134.4822,15.2,355.4
2012-05-29 08:27:05,2012-05-29 00:27:05,310404000,9228198,ZCDF8,DIAMOND PRINCESS,56.80519,-134.4826,15.2,357.2
2012-05-29 08:28:04,2012-05-29 00:28:04,310404000,9228198,ZCDF8,DIAMOND PRINCESS,56.80931,-134.483,15.2,357.0
2012-05-29 08:29:05,2012-05-29 00:29:05,310404000,9228198,ZCDF8,DIAMOND PRINCESS,56.81355,-134.4835,15.1,355.8
2012-05-29 08:30:04,2012-05-29 00:30:04,310404000,9228198,ZCDF8,DIAMOND PRINCESS,56.81765,-134.4839,15.0,356.6
2012-05-29 08:31:05,2012-05-29 00:31:05,310404000,9228198,ZCDF8,DIAMOND PRINCESS,56.8218,-134.4843,15.0,356.8
2012-05-29 08:32:05,2012-05-29 00:32:05,310404000,9228198,ZCDF8,DIAMOND PRINCESS,56.82595,-134.4843,14.9,2.4
2012-05-29 08:33:05,2012-05-29 00:33:05,310404000,9228198,ZCDF8,DIAMOND PRINCESS,56.83013,-134.4836,14.8,6.6
2012-05-29 08:34:05,2012-05-29 00:34:05,310404000,9228198,ZCDF8,DIAMOND PRINCESS,56.83416,-134.4822,14.7,12.2
2012-05-29 08:35:05,2012-05-29 00:35:05,310404000,9228198,ZCDF8,DIAMOND PRINCESS,56.83802,-134.4802,14.7,17.6
2012-05-29 08:36:06,2012-05-29 00:36:06,310404000,9228198,ZCDF8,DIAMOND PRINCESS,56.84185,-134.4774,14.6,23.6
2012-05-29 08:37:05,2012-05-29 00:37:05,310404000,9228198,ZCDF8,DIAMOND PRINCESS,56.84539,-134.4741,14.6,29.0
2012-05-29 08:38:04,2012-05-29 00:38:04,310404000,9228198,ZCDF8,DIAMOND PRINCESS,56.8489,-134.4704,14.6,29.6
2012-05-29 08:39:05,2012-05-29 00:39:05,310404000,9228198,ZCDF8,DIAMOND PRINCESS,56.85245,-134.4666,14.7,30.4
2012-05-29 08:40:04,2012-05-29 00:40:04,310404000,9228198,ZCDF8,DIAMOND PRINCESS,56.85588,-134.4628,14.7,31.2
2012-05-29 08:41:05,2012-05-29 00:41:05,310404000,9228198,ZCDF8,DIAMOND PRINCESS,56.85939,-134.4589,14.8,30.6
2012-05-29 08:42:04,2012-05-29 00:42:04,310404000,9228198,ZCDF8,DIAMOND PRINCESS,56.86287,-134.455,14.8,31.6
2012-05-29 08:43:04,2012-05-29 00:43:04,310404000,9228198,ZCDF8,DIAMOND PRINCESS,56.86639,-134.451,14.9,33.0
2012-05-29 08:44:05,2012-05-29 00:44:05,310404000,9228198,ZCDF8,DIAMOND PRINCESS,56.86984,-134.4469,14.8,32.3
2012-05-29 08:45:05,2012-05-29 00:45:05,310404000,9228198,ZCDF8,DIAMOND PRINCESS,56.87337,-134.443,14.9,32.0
2012-05-29 08:46:05,2012-05-29 00:46:05,310404000,9228198,ZCDF8,DIAMOND PRINCESS,56.87691,-134.4389,14.9,33.3
2012-05-29 08:47:05,2012-05-29 00:47:05,310404000,9228198,ZCDF8,DIAMOND PRINCESS,56.88035,-134.4348,15.0,31.6
2012-05-29 08:48:05,2012-05-29 00:48:05,310404000,9228198,ZCDF8,DIAMOND PRINCESS,56.88391,-134.4306,15.1,32.7
2012-05-29 08:49:05,2012-05-29 00:49:05,310404000,9228198,ZCDF8,DIAMOND PRINCESS,56.88739,-134.4266,15.1,31.7
2012-05-29 08:50:05,2012-05-29 00:50:05,310404000,9228198,ZCDF8,DIAMOND PRINCESS,56.89096,-134.4226,15.1,32.3
2012-05-29 08:51:05,2012-05-29 00:51:05,310404000,9228198,ZCDF8,DIAMOND PRINCESS,56.89458,-134.4185,15.2,32.0
2012-05-29 08:52:06,2012-05-29 00:52:06,310404000,9228198,ZCDF8,DIAMOND PRINCESS,56.89818,-134.4145,15.2,31.2
2012-05-29 08:53:05,2012-05-29 00:53:05,310404000,9228198,ZCDF8,DIAMOND PRINCESS,56.90179,-134.4104,15.3,30.8
2012-05-29 08:54:05,2012-05-29 00:54:05,310404000,9228198,ZCDF8,DIAMOND PRINCESS,56.90541,-134.4064,15.2,30.8
2012-05-29 08:55:06,2012-05-29 00:55:06,310404000,9228198,ZCDF8,DIAMOND PRINCESS,56.909,-134.4024,15.2,30.8
2012-05-29 08:56:06,2012-05-29 00:56:06,310404000,9228198,ZCDF8,DIAMOND PRINCESS,56.91262,-134.3984,15.2,31.4
2012-05-29 08:57:06,2012-05-29 00:57:06,310404000,9228198,ZCDF8,DIAMOND PRINCESS,56.91616,-134.3943,15.2,31.7
2012-05-29 08:58:00,2012-05-29 00:58:00,310404000,9228198,ZCDF8,DIAMOND PRINCESS,56.91931,-134.3907,15.2,31.7
2012-05-29 08:59:06,2012-05-29 00:59:06,310404000,9228198,ZCDF8,DIAMOND PRINCESS,56.92331,-134.3862,15.2,31.7
2012-05-29 09:00:11,2012-05-29 01:00:11,310404000,9228198,ZCDF8,DIAMOND PRINCESS,56.92727,-134.3818,15.1,31.5
2012-05-29 09:01:06,2012-05-29 01:01:06,310404000,9228198,ZCDF8,DIAMOND PRINCESS,56.93049,-134.3782,15.2,30.6
2012-05-29 09:02:11,2012-05-29 01:02:11,310404000,9228198,ZCDF8,DIAMOND PRINCESS,56.93438,-134.3739,15.2,30.6
2012-05-29 09:03:06,2012-05-29 01:03:06,310404000,9228198,ZCDF8,DIAMOND PRINCESS,56.93771,-134.3701,15.1,32.9
2012-05-29 09:04:06,2012-05-29 01:04:06,310404000,9228198,ZCDF8,DIAMOND PRINCESS,56.94114,-134.3659,15.1,34.3
2012-05-29 09:05:06,2012-05-29 01:05:06,310404000,9228198,ZCDF8,DIAMOND PRINCESS,56.94469,-134.3617,15.1,33.3
2012-05-29 09:06:06,2012-05-29 01:06:06,310404000,9228198,ZCDF8,DIAMOND PRINCESS,56.94816,-134.3577,15.1,31.5
2012-05-29 09:07:11,2012-05-29 01:07:11,310404000,9228198,ZCDF8,DIAMOND PRINCESS,56.95205,-134.3531,15.1,32.9
2012-05-29 09:08:06,2012-05-29 01:08:06,310404000,9228198,ZCDF8,DIAMOND PRINCESS,56.95525,-134.3493,15.1,32.9
2012-05-29 09:09:00,2012-05-29 01:09:00,310404000,9228198,ZCDF8,DIAMOND PRINCESS,56.95829,-134.3457,15.0,32.9
2012-05-29 09:10:06,2012-05-29 01:10:06,310404000,9228198,ZCDF8,DIAMOND PRINCESS,56.96224,-134.341,15.0,32.9
2012-05-29 09:11:06,2012-05-29 01:11:06,310404000,9228198,ZCDF8,DIAMOND PRINCESS,56.96566,-134.3369,15.0,33.3
2012-05-29 09:12:00,2012-05-29 01:12:00,310404000,9228198,ZCDF8,DIAMOND PRINCESS,56.9688,-134.3331,15.1,33.3
2012-05-29 09:13:00,2012-05-29 01:13:00,310404000,9228198,ZCDF8,DIAMOND PRINCESS,56.97234,-134.329,15.2,33.3
2012-05-29 09:14:00,2012-05-29 01:14:00,310404000,9228198,ZCDF8,DIAMOND PRINCESS,56.97589,-134.3248,15.2,32.9
2012-05-29 09:15:00,2012-05-29 01:15:00,310404000,9228198,ZCDF8,DIAMOND PRINCESS,56.97945,-134.3206,15.2,32.9
2012-05-29 09:16:00,2012-05-29 01:16:00,310404000,9228198,ZCDF8,DIAMOND PRINCESS,56.98301,-134.3164,15.3,33.0
2012-05-29 09:17:00,2012-05-29 01:17:00,310404000,9228198,ZCDF8,DIAMOND PRINCESS,56.9865,-134.3121,15.2,33.6
2012-05-29 09:18:12,2012-05-29 01:18:12,310404000,9228198,ZCDF8,DIAMOND PRINCESS,56.99077,-134.3068,15.3,34.7
2012-05-29 09:19:06,2012-05-29 01:19:06,310404000,9228198,ZCDF8,DIAMOND PRINCESS,56.99384,-134.3029,15.3,35.5
2012-05-29 09:20:06,2012-05-29 01:20:06,310404000,9228198,ZCDF8,DIAMOND PRINCESS,56.99735,-134.2986,15.3,33.7
2012-05-29 09:21:05,2012-05-29 01:21:05,310404000,9228198,ZCDF8,DIAMOND PRINCESS,57.00087,-134.2943,15.3,34.0
2012-05-29 09:22:06,2012-05-29 01:22:06,310404000,9228198,ZCDF8,DIAMOND PRINCESS,57.00436,-134.2898,15.3,35.3
2012-05-29 09:23:05,2012-05-29 01:23:05,310404000,9228198,ZCDF8,DIAMOND PRINCESS,57.00782,-134.2854,15.2,35.3
2012-05-29 09:24:06,2012-05-29 01:24:06,310404000,9228198,ZCDF8,DIAMOND PRINCESS,57.01132,-134.2811,15.2,34.3
2012-05-29 09:25:06,2012-05-29 01:25:06,310404000,9228198,ZCDF8,DIAMOND PRINCESS,57.01479,-134.2768,15.2,33.9
2012-05-29 09:26:05,2012-05-29 01:26:05,310404000,9228198,ZCDF8,DIAMOND PRINCESS,57.01822,-134.2725,15.1,33.9
2012-05-29 09:27:05,2012-05-29 01:27:05,310404000,9228198,ZCDF8,DIAMOND PRINCESS,57.02168,-134.2682,15.1,34.7
2012-05-29 09:28:05,2012-05-29 01:28:05,310404000,9228198,ZCDF8,DIAMOND PRINCESS,57.02523,-134.2639,15.1,34.3
2012-05-29 09:29:11,2012-05-29 01:29:11,310404000,9228198,ZCDF8,DIAMOND PRINCESS,57.02898,-134.2593,15.0,33.9
2012-05-29 09:30:05,2012-05-29 01:30:05,310404000,9228198,ZCDF8,DIAMOND PRINCESS,57.03215,-134.2554,15.0,33.1
2012-05-29 09:31:05,2012-05-29 01:31:05,310404000,9228198,ZCDF8,DIAMOND PRINCESS,57.03559,-134.2513,15.1,32.8
2012-05-29 09:32:05,2012-05-29 01:32:05,310404000,9228198,ZCDF8,DIAMOND PRINCESS,57.03908,-134.247,15.0,33.4
2012-05-29 09:33:00,2012-05-29 01:33:00,310404000,9228198,ZCDF8,DIAMOND PRINCESS,57.04224,-134.2432,15.2,32.4
2012-05-29 09:34:06,2012-05-29 01:34:06,310404000,9228198,ZCDF8,DIAMOND PRINCESS,57.04621,-134.2385,15.3,32.5
2012-05-29 09:35:06,2012-05-29 01:35:06,310404000,9228198,ZCDF8,DIAMOND PRINCESS,57.04974,-134.2342,15.3,32.8
2012-05-29 09:36:05,2012-05-29 01:36:05,310404000,9228198,ZCDF8,DIAMOND PRINCESS,57.05322,-134.23,15.2,33.2
2012-05-29 09:37:00,2012-05-29 01:37:00,310404000,9228198,ZCDF8,DIAMOND PRINCESS,57.05642,-134.2262,15.3,33.6
2012-05-29 09:38:05,2012-05-29 01:38:05,310404000,9228198,ZCDF8,DIAMOND PRINCESS,57.06038,-134.2215,15.3,33.2
2012-05-29 09:39:11,2012-05-29 01:39:11,310404000,9228198,ZCDF8,DIAMOND PRINCESS,57.06427,-134.2169,15.4,33.2
2012-05-29 09:40:05,2012-05-29 01:40:05,310404000,9228198,ZCDF8,DIAMOND PRINCESS,57.06755,-134.213,15.3,32.8
2012-05-29 09:41:05,2012-05-29 01:41:05,310404000,9228198,ZCDF8,DIAMOND PRINCESS,57.07113,-134.2088,15.4,32.9
2012-05-29 09:42:05,2012-05-29 01:42:05,310404000,9228198,ZCDF8,DIAMOND PRINCESS,57.07471,-134.2046,15.3,32.8
2012-05-29 09:43:06,2012-05-29 01:43:06,310404000,9228198,ZCDF8,DIAMOND PRINCESS,57.07818,-134.2002,15.1,35.2
2012-05-29 09:44:06,2012-05-29 01:44:06,310404000,9228198,ZCDF8,DIAMOND PRINCESS,57.0816,-134.1958,15.1,34.9
2012-05-29 09:45:12,2012-05-29 01:45:12,310404000,9228198,ZCDF8,DIAMOND PRINCESS,57.08535,-134.1909,15.1,35.3
2012-05-29 09:46:06,2012-05-29 01:46:06,310404000,9228198,ZCDF8,DIAMOND PRINCESS,57.08846,-134.1869,15.2,35.3
2012-05-29 09:47:06,2012-05-29 01:47:06,310404000,9228198,ZCDF8,DIAMOND PRINCESS,57.09191,-134.1824,15.2,35.3
2012-05-29 09:48:06,2012-05-29 01:48:06,310404000,9228198,ZCDF8,DIAMOND PRINCESS,57.09542,-134.178,15.3,34.2
2012-05-29 09:49:06,2012-05-29 01:49:06,310404000,9228198,ZCDF8,DIAMOND PRINCESS,57.09888,-134.1735,15.4,35.2
2012-05-29 09:50:12,2012-05-29 01:50:12,310404000,9228198,ZCDF8,DIAMOND PRINCESS,57.10274,-134.1686,15.4,34.6
2012-05-29 09:51:06,2012-05-29 01:51:06,310404000,9228198,ZCDF8,DIAMOND PRINCESS,57.10588,-134.1645,15.4,35.0
2012-05-29 09:52:06,2012-05-29 01:52:06,310404000,9228198,ZCDF8,DIAMOND PRINCESS,57.10938,-134.1599,15.4,35.0
2012-05-29 09:53:06,2012-05-29 01:53:06,310404000,9228198,ZCDF8,DIAMOND PRINCESS,57.11287,-134.1554,15.5,36.1
2012-05-29 09:54:06,2012-05-29 01:54:06,310404000,9228198,ZCDF8,DIAMOND PRINCESS,57.11636,-134.1508,15.5,36.1
2012-05-29 09:55:18,2012-05-29 01:55:18,310404000,9228198,ZCDF8,DIAMOND PRINCESS,57.12057,-134.1452,15.5,34.7
2012-05-29 09:56:06,2012-05-29 01:56:06,310404000,9228198,ZCDF8,DIAMOND PRINCESS,57.12344,-134.1417,15.6,33.4
2012-05-29 09:57:11,2012-05-29 01:57:11,310404000,9228198,ZCDF8,DIAMOND PRINCESS,57.12742,-134.1369,15.6,33.4
2012-05-29 09:58:06,2012-05-29 01:58:06,310404000,9228198,ZCDF8,DIAMOND PRINCESS,57.13068,-134.133,15.8,32.7
2012-05-29 09:59:06,2012-05-29 01:59:06,310404000,9228198,ZCDF8,DIAMOND PRINCESS,57.13425,-134.1286,15.5,34.0
2012-05-29 10:00:11,2012-05-29 02:00:11,310404000,9228198,ZCDF8,DIAMOND PRINCESS,57.13816,-134.1237,15.5,34.1
2012-05-29 10:01:07,2012-05-29 02:01:07,310404000,9228198,ZCDF8,DIAMOND PRINCESS,57.14134,-134.1198,15.4,34.5
2012-05-29 10:02:12,2012-05-29 02:02:12,310404000,9228198,ZCDF8,DIAMOND PRINCESS,57.14523,-134.115,15.2,32.7
2012-05-29 10:03:06,2012-05-29 02:03:06,310404000,9228198,ZCDF8,DIAMOND PRINCESS,57.14838,-134.1112,15.1,33.7
2012-05-29 10:04:05,2012-05-29 02:04:05,310404000,9228198,ZCDF8,DIAMOND PRINCESS,57.15181,-134.107,15.2,33.3
2012-05-29 10:05:05,2012-05-29 02:05:05,310404000,9228198,ZCDF8,DIAMOND PRINCESS,57.15535,-134.1028,15.2,32.6
2012-05-29 10:06:05,2012-05-29 02:06:05,310404000,9228198,ZCDF8,DIAMOND PRINCESS,57.15887,-134.0985,15.2,34.3
2012-05-29 10:07:05,2012-05-29 02:07:05,310404000,9228198,ZCDF8,DIAMOND PRINCESS,57.1624,-134.0943,15.2,32.6
2012-05-29 10:08:05,2012-05-29 02:08:05,310404000,9228198,ZCDF8,DIAMOND PRINCESS,57.16598,-134.0901,15.3,32.2
2012-05-29 10:09:00,2012-05-29 02:09:00,310404000,9228198,ZCDF8,DIAMOND PRINCESS,57.16922,-134.0862,15.2,32.6
2012-05-29 10:10:06,2012-05-29 02:10:06,310404000,9228198,ZCDF8,DIAMOND PRINCESS,57.17301,-134.0816,15.2,33.9
2012-05-29 10:11:00,2012-05-29 02:11:00,310404000,9228198,ZCDF8,DIAMOND PRINCESS,57.1762,-134.0776,15.1,34.3
2012-05-29 10:12:00,2012-05-29 02:12:00,310404000,9228198,ZCDF8,DIAMOND PRINCESS,57.17964,-134.0733,15.2,33.9
2012-05-29 10:13:00,2012-05-29 02:13:00,310404000,9228198,ZCDF8,DIAMOND PRINCESS,57.18309,-134.069,15.2,35.1
2012-05-29 10:14:05,2012-05-29 02:14:05,310404000,9228198,ZCDF8,DIAMOND PRINCESS,57.18695,-134.0641,15.2,35.1
2012-05-29 10:15:06,2012-05-29 02:15:06,310404000,9228198,ZCDF8,DIAMOND PRINCESS,57.19036,-134.0597,15.2,35.1
2012-05-29 10:16:05,2012-05-29 02:16:05,310404000,9228198,ZCDF8,DIAMOND PRINCESS,57.19381,-134.0552,15.0,35.8
2012-05-29 10:17:05,2012-05-29 02:17:05,310404000,9228198,ZCDF8,DIAMOND PRINCESS,57.19733,-134.0506,15.4,35.5
2012-05-29 10:18:06,2012-05-29 02:18:06,310404000,9228198,ZCDF8,DIAMOND PRINCESS,57.20083,-134.0461,15.5,35.1
2012-05-29 10:19:06,2012-05-29 02:19:06,310404000,9228198,ZCDF8,DIAMOND PRINCESS,57.20432,-134.0416,15.5,35.5
2012-05-29 10:20:05,2012-05-29 02:20:05,310404000,9228198,ZCDF8,DIAMOND PRINCESS,57.2078,-134.0371,15.5,35.1
2012-05-29 10:21:05,2012-05-29 02:21:05,310404000,9228198,ZCDF8,DIAMOND PRINCESS,57.21138,-134.0326,15.5,35.4
2012-05-29 10:22:06,2012-05-29 02:22:06,310404000,9228198,ZCDF8,DIAMOND PRINCESS,57.21487,-134.028,15.4,36.1
2012-05-29 10:23:06,2012-05-29 02:23:06,310404000,9228198,ZCDF8,DIAMOND PRINCESS,57.21834,-134.0234,15.4,35.5
2012-05-29 10:24:06,2012-05-29 02:24:06,310404000,9228198,ZCDF8,DIAMOND PRINCESS,57.22187,-134.0191,15.3,34.5
2012-05-29 10:25:06,2012-05-29 02:25:06,310404000,9228198,ZCDF8,DIAMOND PRINCESS,57.22532,-134.0148,15.1,34.3
2012-05-29 10:26:06,2012-05-29 02:26:06,310404000,9228198,ZCDF8,DIAMOND PRINCESS,57.22881,-134.0104,15.1,34.8
2012-05-29 10:27:05,2012-05-29 02:27:05,310404000,9228198,ZCDF8,DIAMOND PRINCESS,57.23225,-134.006,15.2,34.8
2012-05-29 10:28:05,2012-05-29 02:28:05,310404000,9228198,ZCDF8,DIAMOND PRINCESS,57.23573,-134.0016,15.3,33.7
2012-05-29 10:29:06,2012-05-29 02:29:06,310404000,9228198,ZCDF8,DIAMOND PRINCESS,57.23921,-133.9971,15.3,34.5
2012-05-29 10:30:05,2012-05-29 02:30:05,310404000,9228198,ZCDF8,DIAMOND PRINCESS,57.24266,-133.9927,15.4,34.5
2012-05-29 10:31:05,2012-05-29 02:31:05,310404000,9228198,ZCDF8,DIAMOND PRINCESS,57.24622,-133.9883,15.4,33.8
2012-05-29 10:32:05,2012-05-29 02:32:05,310404000,9228198,ZCDF8,DIAMOND PRINCESS,57.24978,-133.9839,15.5,33.5
2012-05-29 10:33:05,2012-05-29 02:33:05,310404000,9228198,ZCDF8,DIAMOND PRINCESS,57.25335,-133.9796,15.5,33.5
2012-05-29 10:34:05,2012-05-29 02:34:05,310404000,9228198,ZCDF8,DIAMOND PRINCESS,57.25698,-133.9751,15.6,33.8
2012-05-29 10:35:05,2012-05-29 02:35:05,310404000,9228198,ZCDF8,DIAMOND PRINCESS,57.26052,-133.9707,15.7,33.5
2012-05-29 10:36:05,2012-05-29 02:36:05,310404000,9228198,ZCDF8,DIAMOND PRINCESS,57.26406,-133.966,15.7,37.1
2012-05-29 10:37:06,2012-05-29 02:37:06,310404000,9228198,ZCDF8,DIAMOND PRINCESS,57.26746,-133.961,15.7,39.4
2012-05-29 10:38:06,2012-05-29 02:38:06,310404000,9228198,ZCDF8,DIAMOND PRINCESS,57.27084,-133.9557,15.7,39.8
2012-05-29 10:39:06,2012-05-29 02:39:06,310404000,9228198,ZCDF8,DIAMOND PRINCESS,57.27412,-133.9506,15.7,40.4
2012-05-29 10:40:06,2012-05-29 02:40:06,310404000,9228198,ZCDF8,DIAMOND PRINCESS,57.27749,-133.9453,15.8,39.4
2012-05-29 10:41:06,2012-05-29 02:41:06,310404000,9228198,ZCDF8,DIAMOND PRINCESS,57.28086,-133.9401,15.8,39.8
2012-05-29 10:42:06,2012-05-29 02:42:06,310404000,9228198,ZCDF8,DIAMOND PRINCESS,57.28425,-133.9349,16.0,39.4
2012-05-29 10:43:06,2012-05-29 02:43:06,310404000,9228198,ZCDF8,DIAMOND PRINCESS,57.28762,-133.9295,16.0,41.5
2012-05-29 10:44:06,2012-05-29 02:44:06,310404000,9228198,ZCDF8,DIAMOND PRINCESS,57.29089,-133.9242,16.0,42.2
2012-05-29 10:45:06,2012-05-29 02:45:06,310404000,9228198,ZCDF8,DIAMOND PRINCESS,57.29423,-133.9187,15.9,41.9
2012-05-29 10:46:07,2012-05-29 02:46:07,310404000,9228198,ZCDF8,DIAMOND PRINCESS,57.29748,-133.9132,15.9,43.0
2012-05-29 10:47:06,2012-05-29 02:47:06,310404000,9228198,ZCDF8,DIAMOND PRINCESS,57.30069,-133.9078,15.9,42.0
2012-05-29 10:48:13,2012-05-29 02:48:13,310404000,9228198,ZCDF8,DIAMOND PRINCESS,57.30434,-133.9019,15.9,41.0
2012-05-29 10:49:06,2012-05-29 02:49:06,310404000,9228198,ZCDF8,DIAMOND PRINCESS,57.30733,-133.8972,15.9,41.0
2012-05-29 10:50:05,2012-05-29 02:50:05,310404000,9228198,ZCDF8,DIAMOND PRINCESS,57.31067,-133.8919,15.7,39.5
2012-05-29 10:51:05,2012-05-29 02:51:05,310404000,9228198,ZCDF8,DIAMOND PRINCESS,57.31398,-133.8867,15.5,40.6
2012-05-29 10:52:06,2012-05-29 02:52:06,310404000,9228198,ZCDF8,DIAMOND PRINCESS,57.3173,-133.8816,15.6,39.8
2012-05-29 10:53:05,2012-05-29 02:53:05,310404000,9228198,ZCDF8,DIAMOND PRINCESS,57.32062,-133.8766,15.5,38.7
2012-05-29 10:54:06,2012-05-29 02:54:06,310404000,9228198,ZCDF8,DIAMOND PRINCESS,57.32393,-133.8716,15.4,39.1
2012-05-29 10:55:06,2012-05-29 02:55:06,310404000,9228198,ZCDF8,DIAMOND PRINCESS,57.32731,-133.8666,15.4,38.7
2012-05-29 10:56:07,2012-05-29 02:56:07,310404000,9228198,ZCDF8,DIAMOND PRINCESS,57.33065,-133.8616,15.4,38.3
2012-05-29 10:57:06,2012-05-29 02:57:06,310404000,9228198,ZCDF8,DIAMOND PRINCESS,57.33399,-133.8567,15.4,38.7
2012-05-29 10:58:05,2012-05-29 02:58:05,310404000,9228198,ZCDF8,DIAMOND PRINCESS,57.33726,-133.8518,15.4,38.7
2012-05-29 10:59:06,2012-05-29 02:59:06,310404000,9228198,ZCDF8,DIAMOND PRINCESS,57.34058,-133.8468,15.5,38.7
2012-05-29 11:00:06,2012-05-29 03:00:06,310404000,9228198,ZCDF8,DIAMOND PRINCESS,57.34391,-133.8418,15.6,39.8
2012-05-29 11:01:06,2012-05-29 03:01:06,310404000,9228198,ZCDF8,DIAMOND PRINCESS,57.34729,-133.8368,15.6,37.6
2012-05-29 11:02:06,2012-05-29 03:02:06,310404000,9228198,ZCDF8,DIAMOND PRINCESS,57.35096,-133.8326,15.5,29.4
2012-05-29 11:03:00,2012-05-29 03:03:00,310404000,9228198,ZCDF8,DIAMOND PRINCESS,57.35448,-133.8298,15.3,20.8
2012-05-29 11:04:06,2012-05-29 03:04:06,310404000,9228198,ZCDF8,DIAMOND PRINCESS,57.35892,-133.827,15.5,18.0
2012-05-29 11:05:06,2012-05-29 03:05:06,310404000,9228198,ZCDF8,DIAMOND PRINCESS,57.36309,-133.8245,15.6,17.6
2012-05-29 11:06:11,2012-05-29 03:06:11,310404000,9228198,ZCDF8,DIAMOND PRINCESS,57.36759,-133.8218,15.8,18.0
2012-05-29 11:07:12,2012-05-29 03:07:12,310404000,9228198,ZCDF8,DIAMOND PRINCESS,57.37176,-133.8192,15.9,18.0
2012-05-29 11:08:06,2012-05-29 03:08:06,310404000,9228198,ZCDF8,DIAMOND PRINCESS,57.37551,-133.8169,15.9,18.0
2012-05-29 11:09:00,2012-05-29 03:09:00,310404000,9228198,ZCDF8,DIAMOND PRINCESS,57.37921,-133.8147,15.9,17.6
2012-05-29 11:10:00,2012-05-29 03:10:00,310404000,9228198,ZCDF8,DIAMOND PRINCESS,57.38338,-133.8121,15.9,18.0
2012-05-29 11:11:06,2012-05-29 03:11:06,310404000,9228198,ZCDF8,DIAMOND PRINCESS,57.38804,-133.8092,15.7,18.0
2012-05-29 11:12:12,2012-05-29 03:12:12,310404000,9228198,ZCDF8,DIAMOND PRINCESS,57.39262,-133.8064,15.8,18.0
2012-05-29 11:13:06,2012-05-29 03:13:06,310404000,9228198,ZCDF8,DIAMOND PRINCESS,57.39638,-133.8041,15.9,18.0
2012-05-29 11:14:06,2012-05-29 03:14:06,310404000,9228198,ZCDF8,DIAMOND PRINCESS,57.40056,-133.8015,15.9,18.0
2012-05-29 11:15:00,2012-05-29 03:15:00,310404000,9228198,ZCDF8,DIAMOND PRINCESS,57.40425,-133.7993,15.9,18.0
2012-05-29 11:16:06,2012-05-29 03:16:06,310404000,9228198,ZCDF8,DIAMOND PRINCESS,57.40889,-133.7965,16.0,18.0
2012-05-29 11:17:00,2012-05-29 03:17:00,310404000,9228198,ZCDF8,DIAMOND PRINCESS,57.41267,-133.7942,16.0,18.0
2012-05-29 11:18:06,2012-05-29 03:18:06,310404000,9228198,ZCDF8,DIAMOND PRINCESS,57.41745,-133.7912,16.0,18.0
2012-05-29 11:19:06,2012-05-29 03:19:06,310404000,9228198,ZCDF8,DIAMOND PRINCESS,57.42162,-133.7887,16.1,18.0
2012-05-29 11:20:07,2012-05-29 03:20:07,310404000,9228198,ZCDF8,DIAMOND PRINCESS,57.42593,-133.786,16.2,18.0
2012-05-29 11:21:18,2012-05-29 03:21:18,310404000,9228198,ZCDF8,DIAMOND PRINCESS,57.43089,-133.783,16.2,18.0
2012-05-29 11:22:12,2012-05-29 03:22:12,310404000,9228198,ZCDF8,DIAMOND PRINCESS,57.43478,-133.7806,16.1,18.0
2012-05-29 11:23:07,2012-05-29 03:23:07,310404000,9228198,ZCDF8,DIAMOND PRINCESS,57.43865,-133.7782,16.1,18.0
2012-05-29 11:24:00,2012-05-29 03:24:00,310404000,9228198,ZCDF8,DIAMOND PRINCESS,57.4423,-133.776,16.0,18.0
2012-05-29 11:25:07,2012-05-29 03:25:07,310404000,9228198,ZCDF8,DIAMOND PRINCESS,57.44706,-133.7731,15.9,18.0
2012-05-29 11:26:06,2012-05-29 03:26:06,310404000,9228198,ZCDF8,DIAMOND PRINCESS,57.45112,-133.7706,16.0,18.0
2012-05-29 11:27:05,2012-05-29 03:27:05,310404000,9228198,ZCDF8,DIAMOND PRINCESS,57.45531,-133.7681,15.9,17.6
2012-05-29 11:28:12,2012-05-29 03:28:12,310404000,9228198,ZCDF8,DIAMOND PRINCESS,57.46006,-133.7652,15.9,18.0
2012-05-29 11:29:17,2012-05-29 03:29:17,310404000,9228198,ZCDF8,DIAMOND PRINCESS,57.46449,-133.7624,15.8,17.6
2012-05-29 11:30:05,2012-05-29 03:30:05,310404000,9228198,ZCDF8,DIAMOND PRINCESS,57.46789,-133.7604,15.8,18.0
2012-05-29 11:31:12,2012-05-29 03:31:12,310404000,9228198,ZCDF8,DIAMOND PRINCESS,57.47245,-133.7576,15.7,17.6
2012-05-29 11:32:05,2012-05-29 03:32:05,310404000,9228198,ZCDF8,DIAMOND PRINCESS,57.47611,-133.7554,15.7,17.6
2012-05-29 11:33:00,2012-05-29 03:33:00,310404000,9228198,ZCDF8,DIAMOND PRINCESS,57.47982,-133.7531,15.7,18.0
2012-05-29 11:34:13,2012-05-29 03:34:13,310404000,9228198,ZCDF8,DIAMOND PRINCESS,57.48486,-133.75,15.8,18.0
2012-05-29 11:35:07,2012-05-29 03:35:07,310404000,9228198,ZCDF8,DIAMOND PRINCESS,57.48867,-133.7477,15.8,18.0
2012-05-29 11:36:06,2012-05-29 03:36:06,310404000,9228198,ZCDF8,DIAMOND PRINCESS,57.49276,-133.7452,15.8,18.2
2012-05-29 11:37:00,2012-05-29 03:37:00,310404000,9228198,ZCDF8,DIAMOND PRINCESS,57.49652,-133.743,15.7,17.4
2012-05-29 11:38:00,2012-05-29 03:38:00,310404000,9228198,ZCDF8,DIAMOND PRINCESS,57.50066,-133.741,15.7,14.0
2012-05-29 11:39:00,2012-05-29 03:39:00,310404000,9228198,ZCDF8,DIAMOND PRINCESS,57.50488,-133.739,15.7,14.6
2012-05-29 11:40:00,2012-05-29 03:40:00,310404000,9228198,ZCDF8,DIAMOND PRINCESS,57.50915,-133.7369,15.7,14.2
2012-05-29 11:41:00,2012-05-29 03:41:00,310404000,9228198,ZCDF8,DIAMOND PRINCESS,57.51331,-133.7349,15.7,15.3
2012-05-29 11:42:00,2012-05-29 03:42:00,310404000,9228198,ZCDF8,DIAMOND PRINCESS,57.51759,-133.7329,15.7,13.6
2012-05-29 11:43:00,2012-05-29 03:43:00,310404000,9228198,ZCDF8,DIAMOND PRINCESS,57.52173,-133.731,15.7,13.6
2012-05-29 11:44:06,2012-05-29 03:44:06,310404000,9228198,ZCDF8,DIAMOND PRINCESS,57.52644,-133.7288,15.6,14.0
2012-05-29 11:45:06,2012-05-29 03:45:06,310404000,9228198,ZCDF8,DIAMOND PRINCESS,57.53065,-133.7269,15.6,13.6
2012-05-29 11:46:00,2012-05-29 03:46:00,310404000,9228198,ZCDF8,DIAMOND PRINCESS,57.53439,-133.7255,15.6,9.6
2012-05-29 11:47:00,2012-05-29 03:47:00,310404000,9228198,ZCDF8,DIAMOND PRINCESS,57.53874,-133.7243,15.5,6.8
2012-05-29 11:48:00,2012-05-29 03:48:00,310404000,9228198,ZCDF8,DIAMOND PRINCESS,57.54294,-133.7233,15.6,7.5
2012-05-29 11:49:00,2012-05-29 03:49:00,310404000,9228198,ZCDF8,DIAMOND PRINCESS,57.54729,-133.7223,15.5,6.5
2012-05-29 11:50:00,2012-05-29 03:50:00,310404000,9228198,ZCDF8,DIAMOND PRINCESS,57.55149,-133.7214,15.5,6.5
2012-05-29 11:51:00,2012-05-29 03:51:00,310404000,9228198,ZCDF8,DIAMOND PRINCESS,57.55585,-133.7209,15.5,2.0
2012-05-29 11:52:13,2012-05-29 03:52:13,310404000,9228198,ZCDF8,DIAMOND PRINCESS,57.56099,-133.7213,15.4,354.7
2012-05-29 11:53:04,2012-05-29 03:53:04,310404000,9228198,ZCDF8,DIAMOND PRINCESS,57.56472,-133.7224,15.4,349.0
2012-05-29 11:54:05,2012-05-29 03:54:05,310404000,9228198,ZCDF8,DIAMOND PRINCESS,57.56886,-133.7243,15.4,345.0
2012-05-29 11:55:05,2012-05-29 03:55:05,310404000,9228198,ZCDF8,DIAMOND PRINCESS,57.57295,-133.7266,15.4,343.0
2012-05-29 11:56:05,2012-05-29 03:56:05,310404000,9228198,ZCDF8,DIAMOND PRINCESS,57.57703,-133.729,15.4,341.8
2012-05-29 11:57:05,2012-05-29 03:57:05,310404000,9228198,ZCDF8,DIAMOND PRINCESS,57.58111,-133.7314,15.4,343.0
2012-05-29 11:58:05,2012-05-29 03:58:05,310404000,9228198,ZCDF8,DIAMOND PRINCESS,57.58517,-133.7338,15.4,341.8
2012-05-29 11:59:00,2012-05-29 03:59:00,310404000,9228198,ZCDF8,DIAMOND PRINCESS,57.58883,-133.7359,15.4,341.8
2012-05-29 12:00:05,2012-05-29 04:00:05,310404000,9228198,ZCDF8,DIAMOND PRINCESS,57.59328,-133.7386,15.2,341.8
2012-05-29 12:01:05,2012-05-29 04:01:05,310404000,9228198,ZCDF8,DIAMOND PRINCESS,57.59733,-133.7411,15.4,341.8
2012-05-29 12:02:12,2012-05-29 04:02:12,310404000,9228198,ZCDF8,DIAMOND PRINCESS,57.60178,-133.7438,15.4,341.8
2012-05-29 12:03:05,2012-05-29 04:03:05,310404000,9228198,ZCDF8,DIAMOND PRINCESS,57.60548,-133.746,15.4,341.8
2012-05-29 12:04:06,2012-05-29 04:04:06,310404000,9228198,ZCDF8,DIAMOND PRINCESS,57.60952,-133.7485,15.4,341.8
2012-05-29 12:05:06,2012-05-29 04:05:06,310404000,9228198,ZCDF8,DIAMOND PRINCESS,57.61361,-133.7509,15.4,341.8
2012-05-29 12:06:05,2012-05-29 04:06:05,310404000,9228198,ZCDF8,DIAMOND PRINCESS,57.61767,-133.7534,15.5,341.8
2012-05-29 12:07:11,2012-05-29 04:07:11,310404000,9228198,ZCDF8,DIAMOND PRINCESS,57.62204,-133.756,15.5,341.8
2012-05-29 12:08:05,2012-05-29 04:08:05,310404000,9228198,ZCDF8,DIAMOND PRINCESS,57.62586,-133.7583,15.5,341.8
2012-05-29 12:09:06,2012-05-29 04:09:06,310404000,9228198,ZCDF8,DIAMOND PRINCESS,57.62995,-133.7607,15.5,341.8
2012-05-29 12:10:07,2012-05-29 04:10:07,310404000,9228198,ZCDF8,DIAMOND PRINCESS,57.63399,-133.7631,15.6,341.8
2012-05-29 12:11:05,2012-05-29 04:11:05,310404000,9228198,ZCDF8,DIAMOND PRINCESS,57.63818,-133.7656,15.6,341.8
2012-05-29 12:12:05,2012-05-29 04:12:05,310404000,9228198,ZCDF8,DIAMOND PRINCESS,57.64224,-133.768,15.7,341.9
2012-05-29 12:13:04,2012-05-29 04:13:04,310404000,9228198,ZCDF8,DIAMOND PRINCESS,57.6464,-133.7705,15.7,341.9
2012-05-29 12:14:05,2012-05-29 04:14:05,310404000,9228198,ZCDF8,DIAMOND PRINCESS,57.65049,-133.7729,15.8,343.0
2012-05-29 12:15:13,2012-05-29 04:15:13,310404000,9228198,ZCDF8,DIAMOND PRINCESS,57.65521,-133.7756,15.8,343.0
2012-05-29 12:16:05,2012-05-29 04:16:05,310404000,9228198,ZCDF8,DIAMOND PRINCESS,57.65897,-133.7779,15.8,341.9
2012-05-29 12:17:06,2012-05-29 04:17:06,310404000,9228198,ZCDF8,DIAMOND PRINCESS,57.66314,-133.7803,15.8,341.9
2012-05-29 12:18:06,2012-05-29 04:18:06,310404000,9228198,ZCDF8,DIAMOND PRINCESS,57.6673,-133.7828,15.8,341.9
2012-05-29 12:19:12,2012-05-29 04:19:12,310404000,9228198,ZCDF8,DIAMOND PRINCESS,57.67181,-133.7856,15.8,341.9
2012-05-29 12:20:12,2012-05-29 04:20:12,310404000,9228198,ZCDF8,DIAMOND PRINCESS,57.67604,-133.7881,15.8,341.9
2012-05-29 12:21:06,2012-05-29 04:21:06,310404000,9228198,ZCDF8,DIAMOND PRINCESS,57.6797,-133.7904,15.7,341.9
2012-05-29 12:22:06,2012-05-29 04:22:06,310404000,9228198,ZCDF8,DIAMOND PRINCESS,57.6839,-133.793,15.7,341.9
2012-05-29 12:23:05,2012-05-29 04:23:05,310404000,9228198,ZCDF8,DIAMOND PRINCESS,57.68795,-133.7955,15.7,341.9
2012-05-29 12:24:05,2012-05-29 04:24:05,310404000,9228198,ZCDF8,DIAMOND PRINCESS,57.692,-133.798,15.7,341.1
2012-05-29 12:25:05,2012-05-29 04:25:05,310404000,9228198,ZCDF8,DIAMOND PRINCESS,57.69617,-133.8007,15.6,340.7
2012-05-29 12:26:05,2012-05-29 04:26:05,310404000,9228198,ZCDF8,DIAMOND PRINCESS,57.7002,-133.8033,15.6,340.7
2012-05-29 12:27:05,2012-05-29 04:27:05,310404000,9228198,ZCDF8,DIAMOND PRINCESS,57.70437,-133.8057,15.5,343.7
2012-05-29 12:28:05,2012-05-29 04:28:05,310404000,9228198,ZCDF8,DIAMOND PRINCESS,57.70845,-133.8078,15.5,344.7
2012-05-29 12:29:05,2012-05-29 04:29:05,310404000,9228198,ZCDF8,DIAMOND PRINCESS,57.7126,-133.8099,15.5,344.7
2012-05-29 12:30:05,2012-05-29 04:30:05,310404000,9228198,ZCDF8,DIAMOND PRINCESS,57.71681,-133.812,15.5,344.7
2012-05-29 12:31:05,2012-05-29 04:31:05,310404000,9228198,ZCDF8,DIAMOND PRINCESS,57.72096,-133.8141,15.5,345.0
2012-05-29 12:32:06,2012-05-29 04:32:06,310404000,9228198,ZCDF8,DIAMOND PRINCESS,57.72514,-133.816,15.5,347.0
2012-05-29 12:33:05,2012-05-29 04:33:05,310404000,9228198,ZCDF8,DIAMOND PRINCESS,57.72928,-133.8177,15.5,347.7
2012-05-29 12:34:05,2012-05-29 04:34:05,310404000,9228198,ZCDF8,DIAMOND PRINCESS,57.73355,-133.8194,15.5,347.7
2012-05-29 12:35:05,2012-05-29 04:35:05,310404000,9228198,ZCDF8,DIAMOND PRINCESS,57.73777,-133.8211,15.6,347.7
2012-05-29 12:36:06,2012-05-29 04:36:06,310404000,9228198,ZCDF8,DIAMOND PRINCESS,57.742,-133.8228,15.6,347.7
2012-05-29 12:37:06,2012-05-29 04:37:06,310404000,9228198,ZCDF8,DIAMOND PRINCESS,57.74616,-133.8244,15.6,347.7
2012-05-29 12:38:05,2012-05-29 04:38:05,310404000,9228198,ZCDF8,DIAMOND PRINCESS,57.75048,-133.8261,15.7,348.1
2012-05-29 12:39:12,2012-05-29 04:39:12,310404000,9228198,ZCDF8,DIAMOND PRINCESS,57.75512,-133.8283,15.7,344.2
2012-05-29 12:40:05,2012-05-29 04:40:05,310404000,9228198,ZCDF8,DIAMOND PRINCESS,57.75878,-133.8304,15.7,341.6
2012-05-29 12:41:05,2012-05-29 04:41:05,310404000,9228198,ZCDF8,DIAMOND PRINCESS,57.76297,-133.8331,15.7,340.9
2012-05-29 12:42:05,2012-05-29 04:42:05,310404000,9228198,ZCDF8,DIAMOND PRINCESS,57.76704,-133.8357,15.8,340.9
2012-05-29 12:43:05,2012-05-29 04:43:05,310404000,9228198,ZCDF8,DIAMOND PRINCESS,57.77119,-133.8383,15.8,340.9
2012-05-29 12:44:05,2012-05-29 04:44:05,310404000,9228198,ZCDF8,DIAMOND PRINCESS,57.77534,-133.8409,15.8,342.0
2012-05-29 12:45:06,2012-05-29 04:45:06,310404000,9228198,ZCDF8,DIAMOND PRINCESS,57.7795,-133.8435,15.8,342.0
2012-05-29 12:46:05,2012-05-29 04:46:05,310404000,9228198,ZCDF8,DIAMOND PRINCESS,57.78363,-133.8462,15.7,339.3
2012-05-29 12:47:05,2012-05-29 04:47:05,310404000,9228198,ZCDF8,DIAMOND PRINCESS,57.78768,-133.8492,15.7,338.0
2012-05-29 12:48:05,2012-05-29 04:48:05,310404000,9228198,ZCDF8,DIAMOND PRINCESS,57.79172,-133.8523,15.7,338.0
2012-05-29 12:49:05,2012-05-29 04:49:05,310404000,9228198,ZCDF8,DIAMOND PRINCESS,57.79568,-133.8552,15.7,338.0
2012-05-29 12:50:06,2012-05-29 04:50:06,310404000,9228198,ZCDF8,DIAMOND PRINCESS,57.79978,-133.8584,15.7,338.0
2012-05-29 12:51:04,2012-05-29 04:51:04,310404000,9228198,ZCDF8,DIAMOND PRINCESS,57.80374,-133.8614,15.7,338.0
2012-05-29 12:52:06,2012-05-29 04:52:06,310404000,9228198,ZCDF8,DIAMOND PRINCESS,57.80788,-133.8646,15.7,338.0
2012-05-29 12:53:06,2012-05-29 04:53:06,310404000,9228198,ZCDF8,DIAMOND PRINCESS,57.8119,-133.8677,15.7,338.0
2012-05-29 12:54:06,2012-05-29 04:54:06,310404000,9228198,ZCDF8,DIAMOND PRINCESS,57.81583,-133.8708,15.7,336.9
2012-05-29 12:55:06,2012-05-29 04:55:06,310404000,9228198,ZCDF8,DIAMOND PRINCESS,57.8199,-133.874,15.7,336.9
2012-05-29 12:56:06,2012-05-29 04:56:06,310404000,9228198,ZCDF8,DIAMOND PRINCESS,57.82383,-133.8771,15.7,336.9
2012-05-29 12:57:06,2012-05-29 04:57:06,310404000,9228198,ZCDF8,DIAMOND PRINCESS,57.82792,-133.8803,15.7,336.9
2012-05-29 12:58:06,2012-05-29 04:58:06,310404000,9228198,ZCDF8,DIAMOND PRINCESS,57.83189,-133.8834,15.7,336.9
2012-05-29 12:59:06,2012-05-29 04:59:06,310404000,9228198,ZCDF8,DIAMOND PRINCESS,57.83589,-133.8866,15.6,336.8
2012-05-29 13:00:05,2012-05-29 05:00:05,310404000,9228198,ZCDF8,DIAMOND PRINCESS,57.83996,-133.8898,15.7,336.9
2012-05-29 13:01:05,2012-05-29 05:01:05,310404000,9228198,ZCDF8,DIAMOND PRINCESS,57.8439,-133.8929,15.7,336.9
2012-05-29 13:02:05,2012-05-29 05:02:05,310404000,9228198,ZCDF8,DIAMOND PRINCESS,57.84797,-133.8961,15.6,337.2
2012-05-29 13:03:06,2012-05-29 05:03:06,310404000,9228198,ZCDF8,DIAMOND PRINCESS,57.85187,-133.8994,15.6,335.6
2012-05-29 13:04:05,2012-05-29 05:04:05,310404000,9228198,ZCDF8,DIAMOND PRINCESS,57.85579,-133.9027,15.6,334.8
2012-05-29 13:05:05,2012-05-29 05:05:05,310404000,9228198,ZCDF8,DIAMOND PRINCESS,57.85972,-133.9061,15.5,334.8
2012-05-29 13:06:05,2012-05-29 05:06:05,310404000,9228198,ZCDF8,DIAMOND PRINCESS,57.86355,-133.9094,15.5,334.8
2012-05-29 13:07:05,2012-05-29 05:07:05,310404000,9228198,ZCDF8,DIAMOND PRINCESS,57.86754,-133.9128,15.5,334.8
2012-05-29 13:08:05,2012-05-29 05:08:05,310404000,9228198,ZCDF8,DIAMOND PRINCESS,57.87135,-133.9161,15.4,334.8
2012-05-29 13:09:05,2012-05-29 05:09:05,310404000,9228198,ZCDF8,DIAMOND PRINCESS,57.87529,-133.9195,15.4,334.8
2012-05-29 13:10:05,2012-05-29 05:10:05,310404000,9228198,ZCDF8,DIAMOND PRINCESS,57.87907,-133.9227,15.1,336.0
2012-05-29 13:11:05,2012-05-29 05:11:05,310404000,9228198,ZCDF8,DIAMOND PRINCESS,57.88284,-133.9259,14.9,336.0
2012-05-29 13:12:05,2012-05-29 05:12:05,310404000,9228198,ZCDF8,DIAMOND PRINCESS,57.88657,-133.9291,14.7,334.8
2012-05-29 13:13:05,2012-05-29 05:13:05,310404000,9228198,ZCDF8,DIAMOND PRINCESS,57.89024,-133.9323,14.6,335.6
2012-05-29 13:14:05,2012-05-29 05:14:05,310404000,9228198,ZCDF8,DIAMOND PRINCESS,57.89393,-133.9353,14.5,335.6
2012-05-29 13:15:05,2012-05-29 05:15:05,310404000,9228198,ZCDF8,DIAMOND PRINCESS,57.89759,-133.9384,14.5,336.0
2012-05-29 13:16:05,2012-05-29 05:16:05,310404000,9228198,ZCDF8,DIAMOND PRINCESS,57.90126,-133.9416,14.6,336.0
2012-05-29 13:17:05,2012-05-29 05:17:05,310404000,9228198,ZCDF8,DIAMOND PRINCESS,57.90493,-133.9447,14.7,336.0
2012-05-29 13:18:06,2012-05-29 05:18:06,310404000,9228198,ZCDF8,DIAMOND PRINCESS,57.90868,-133.948,14.7,336.0
2012-05-29 13:19:05,2012-05-29 05:19:05,310404000,9228198,ZCDF8,DIAMOND PRINCESS,57.91238,-133.951,14.7,334.8
2012-05-29 13:20:06,2012-05-29 05:20:06,310404000,9228198,ZCDF8,DIAMOND PRINCESS,57.91616,-133.9543,14.7,334.8
2012-05-29 13:21:05,2012-05-29 05:21:05,310404000,9228198,ZCDF8,DIAMOND PRINCESS,57.9198,-133.9575,14.8,334.8
2012-05-29 13:22:06,2012-05-29 05:22:06,310404000,9228198,ZCDF8,DIAMOND PRINCESS,57.92359,-133.9608,14.8,334.8
2012-05-29 13:23:06,2012-05-29 05:23:06,310404000,9228198,ZCDF8,DIAMOND PRINCESS,57.92731,-133.964,14.8,334.8
2012-05-29 13:24:06,2012-05-29 05:24:06,310404000,9228198,ZCDF8,DIAMOND PRINCESS,57.93103,-133.9673,14.8,334.4
2012-05-29 13:25:07,2012-05-29 05:25:07,310404000,9228198,ZCDF8,DIAMOND PRINCESS,57.93473,-133.9706,14.8,335.4
2012-05-29 13:26:00,2012-05-29 05:26:00,310404000,9228198,ZCDF8,DIAMOND PRINCESS,57.938,-133.9736,14.8,334.6
2012-05-29 13:27:06,2012-05-29 05:27:06,310404000,9228198,ZCDF8,DIAMOND PRINCESS,57.94212,-133.9774,14.9,332.9
2012-05-29 13:28:05,2012-05-29 05:28:05,310404000,9228198,ZCDF8,DIAMOND PRINCESS,57.94574,-133.9808,14.8,333.6
2012-05-29 13:29:00,2012-05-29 05:29:00,310404000,9228198,ZCDF8,DIAMOND PRINCESS,57.94905,-133.9839,14.9,332.9
2012-05-29 13:30:11,2012-05-29 05:30:11,310404000,9228198,ZCDF8,DIAMOND PRINCESS,57.95348,-133.9881,14.9,332.9
2012-05-29 13:31:05,2012-05-29 05:31:05,310404000,9228198,ZCDF8,DIAMOND PRINCESS,57.95682,-133.9912,14.9,334.0
2012-05-29 13:32:06,2012-05-29 05:32:06,310404000,9228198,ZCDF8,DIAMOND PRINCESS,57.96054,-133.9947,15.0,334.0
2012-05-29 13:33:05,2012-05-29 05:33:05,310404000,9228198,ZCDF8,DIAMOND PRINCESS,57.96429,-133.9981,15.0,334.0
2012-05-29 13:34:06,2012-05-29 05:34:06,310404000,9228198,ZCDF8,DIAMOND PRINCESS,57.96805,-134.0015,15.1,333.7
2012-05-29 13:35:07,2012-05-29 05:35:07,310404000,9228198,ZCDF8,DIAMOND PRINCESS,57.97182,-134.005,15.0,333.7
2012-05-29 13:36:06,2012-05-29 05:36:06,310404000,9228198,ZCDF8,DIAMOND PRINCESS,57.97557,-134.0083,15.0,334.0
2012-05-29 13:37:00,2012-05-29 05:37:00,310404000,9228198,ZCDF8,DIAMOND PRINCESS,57.97889,-134.0113,15.0,334.8
2012-05-29 13:38:00,2012-05-29 05:38:00,310404000,9228198,ZCDF8,DIAMOND PRINCESS,57.98264,-134.0146,15.0,334.8
2012-05-29 13:39:00,2012-05-29 05:39:00,310404000,9228198,ZCDF8,DIAMOND PRINCESS,57.9864,-134.0179,15.0,334.8
2012-05-29 13:40:06,2012-05-29 05:40:06,310404000,9228198,ZCDF8,DIAMOND PRINCESS,57.99062,-134.0215,15.0,336.0
2012-05-29 13:41:06,2012-05-29 05:41:06,310404000,9228198,ZCDF8,DIAMOND PRINCESS,57.9944,-134.0247,15.0,336.0
2012-05-29 13:42:05,2012-05-29 05:42:05,310404000,9228198,ZCDF8,DIAMOND PRINCESS,57.99812,-134.0279,14.9,336.0
2012-05-29 13:43:05,2012-05-29 05:43:05,310404000,9228198,ZCDF8,DIAMOND PRINCESS,58.00189,-134.0311,14.9,336.0
2012-05-29 13:44:05,2012-05-29 05:44:05,310404000,9228198,ZCDF8,DIAMOND PRINCESS,58.00566,-134.0343,14.9,335.6
2012-05-29 13:45:05,2012-05-29 05:45:05,310404000,9228198,ZCDF8,DIAMOND PRINCESS,58.00949,-134.0373,14.9,339.2
2012-05-29 13:46:05,2012-05-29 05:46:05,310404000,9228198,ZCDF8,DIAMOND PRINCESS,58.01342,-134.04,14.9,339.8
2012-05-29 13:47:05,2012-05-29 05:47:05,310404000,9228198,ZCDF8,DIAMOND PRINCESS,58.01728,-134.0425,14.8,341.0
2012-05-29 13:48:05,2012-05-29 05:48:05,310404000,9228198,ZCDF8,DIAMOND PRINCESS,58.02116,-134.0451,14.8,341.0
2012-05-29 13:49:06,2012-05-29 05:49:06,310404000,9228198,ZCDF8,DIAMOND PRINCESS,58.025,-134.0477,14.8,340.2
2012-05-29 13:50:05,2012-05-29 05:50:05,310404000,9228198,ZCDF8,DIAMOND PRINCESS,58.02886,-134.0503,14.8,339.8
2012-05-29 13:51:05,2012-05-29 05:51:05,310404000,9228198,ZCDF8,DIAMOND PRINCESS,58.03271,-134.053,14.7,339.8
2012-05-29 13:52:06,2012-05-29 05:52:06,310404000,9228198,ZCDF8,DIAMOND PRINCESS,58.03652,-134.0556,14.7,339.4
2012-05-29 13:53:06,2012-05-29 05:53:06,310404000,9228198,ZCDF8,DIAMOND PRINCESS,58.04048,-134.0581,14.7,341.6
2012-05-29 13:54:23,2012-05-29 05:54:23,310404000,9228198,ZCDF8,DIAMOND PRINCESS,58.04543,-134.061,14.7,342.8
2012-05-29 13:55:05,2012-05-29 05:55:05,310404000,9228198,ZCDF8,DIAMOND PRINCESS,58.04823,-134.0626,14.8,342.8
2012-05-29 13:56:06,2012-05-29 05:56:06,310404000,9228198,ZCDF8,DIAMOND PRINCESS,58.05213,-134.0648,14.7,342.8
2012-05-29 13:57:06,2012-05-29 05:57:06,310404000,9228198,ZCDF8,DIAMOND PRINCESS,58.05612,-134.0671,14.8,343.8
2012-05-29 13:58:06,2012-05-29 05:58:06,310404000,9228198,ZCDF8,DIAMOND PRINCESS,58.06001,-134.0692,14.8,343.8
2012-05-29 13:59:06,2012-05-29 05:59:06,310404000,9228198,ZCDF8,DIAMOND PRINCESS,58.06399,-134.0713,14.7,342.6
2012-05-29 14:00:00,2012-05-29 06:00:00,310404000,9228198,ZCDF8,DIAMOND PRINCESS,58.06733,-134.0736,14.7,340.0
2012-05-29 14:01:06,2012-05-29 06:01:06,310404000,9228198,ZCDF8,DIAMOND PRINCESS,58.07162,-134.0764,14.7,342.2
2012-05-29 14:02:06,2012-05-29 06:02:06,310404000,9228198,ZCDF8,DIAMOND PRINCESS,58.07562,-134.0785,14.7,344.8
2012-05-29 14:03:05,2012-05-29 06:03:05,310404000,9228198,ZCDF8,DIAMOND PRINCESS,58.07944,-134.0804,14.7,346.0
2012-05-29 14:04:05,2012-05-29 06:04:05,310404000,9228198,ZCDF8,DIAMOND PRINCESS,58.08346,-134.0823,14.7,346.0
2012-05-29 14:05:05,2012-05-29 06:05:05,310404000,9228198,ZCDF8,DIAMOND PRINCESS,58.08736,-134.0841,14.8,346.0
2012-05-29 14:06:05,2012-05-29 06:06:05,310404000,9228198,ZCDF8,DIAMOND PRINCESS,58.09136,-134.086,14.9,346.0
2012-05-29 14:07:05,2012-05-29 06:07:05,310404000,9228198,ZCDF8,DIAMOND PRINCESS,58.09542,-134.0879,15.0,345.2
2012-05-29 14:08:05,2012-05-29 06:08:05,310404000,9228198,ZCDF8,DIAMOND PRINCESS,58.09931,-134.0902,14.8,341.3
2012-05-29 14:09:05,2012-05-29 06:09:05,310404000,9228198,ZCDF8,DIAMOND PRINCESS,58.10315,-134.0931,14.6,335.7
2012-05-29 14:10:05,2012-05-29 06:10:05,310404000,9228198,ZCDF8,DIAMOND PRINCESS,58.10667,-134.0965,14.4,331.1
2012-05-29 14:11:05,2012-05-29 06:11:05,310404000,9228198,ZCDF8,DIAMOND PRINCESS,58.1101,-134.1005,14.2,326.8
2012-05-29 14:12:05,2012-05-29 06:12:05,310404000,9228198,ZCDF8,DIAMOND PRINCESS,58.11335,-134.1046,14.2,326.0
2012-05-29 14:13:05,2012-05-29 06:13:05,310404000,9228198,ZCDF8,DIAMOND PRINCESS,58.11668,-134.1088,14.2,326.1
2012-05-29 14:14:06,2012-05-29 06:14:06,310404000,9228198,ZCDF8,DIAMOND PRINCESS,58.12,-134.1128,14.2,328.8
2012-05-29 14:15:06,2012-05-29 06:15:06,310404000,9228198,ZCDF8,DIAMOND PRINCESS,58.12329,-134.1166,14.2,328.1
2012-05-29 14:16:05,2012-05-29 06:16:05,310404000,9228198,ZCDF8,DIAMOND PRINCESS,58.12671,-134.1205,14.1,329.0
2012-05-29 14:17:06,2012-05-29 06:17:06,310404000,9228198,ZCDF8,DIAMOND PRINCESS,58.13007,-134.1243,14.1,329.0
2012-05-29 14:18:06,2012-05-29 06:18:06,310404000,9228198,ZCDF8,DIAMOND PRINCESS,58.13342,-134.1282,14.1,329.0
2012-05-29 14:19:06,2012-05-29 06:19:06,310404000,9228198,ZCDF8,DIAMOND PRINCESS,58.13678,-134.132,14.2,329.0
2012-05-29 14:20:06,2012-05-29 06:20:06,310404000,9228198,ZCDF8,DIAMOND PRINCESS,58.14018,-134.1358,14.3,329.0
2012-05-29 14:21:06,2012-05-29 06:21:06,310404000,9228198,ZCDF8,DIAMOND PRINCESS,58.14359,-134.1397,14.4,329.0
2012-05-29 14:22:06,2012-05-29 06:22:06,310404000,9228198,ZCDF8,DIAMOND PRINCESS,58.14701,-134.1436,14.4,329.0
2012-05-29 14:23:06,2012-05-29 06:23:06,310404000,9228198,ZCDF8,DIAMOND PRINCESS,58.15044,-134.1475,14.4,329.0
2012-05-29 14:24:06,2012-05-29 06:24:06,310404000,9228198,ZCDF8,DIAMOND PRINCESS,58.15378,-134.1514,14.4,329.0
2012-05-29 14:25:06,2012-05-29 06:25:06,310404000,9228198,ZCDF8,DIAMOND PRINCESS,58.15727,-134.1554,14.4,329.0
2012-05-29 14:26:06,2012-05-29 06:26:06,310404000,9228198,ZCDF8,DIAMOND PRINCESS,58.16061,-134.1593,14.5,328.2
2012-05-29 14:27:06,2012-05-29 06:27:06,310404000,9228198,ZCDF8,DIAMOND PRINCESS,58.16397,-134.1637,14.4,323.4
2012-05-29 14:28:06,2012-05-29 06:28:06,310404000,9228198,ZCDF8,DIAMOND PRINCESS,58.16707,-134.1686,14.6,319.2
2012-05-29 14:29:06,2012-05-29 06:29:06,310404000,9228198,ZCDF8,DIAMOND PRINCESS,58.16992,-134.1739,14.6,315.4
2012-05-29 14:30:06,2012-05-29 06:30:06,310404000,9228198,ZCDF8,DIAMOND PRINCESS,58.17279,-134.1795,14.7,312.8
2012-05-29 14:31:05,2012-05-29 06:31:05,310404000,9228198,ZCDF8,DIAMOND PRINCESS,58.17557,-134.185,14.7,313.8
2012-05-29 14:32:06,2012-05-29 06:32:06,310404000,9228198,ZCDF8,DIAMOND PRINCESS,58.1784,-134.1905,14.7,313.8
2012-05-29 14:33:06,2012-05-29 06:33:06,310404000,9228198,ZCDF8,DIAMOND PRINCESS,58.18126,-134.196,14.7,315.0
2012-05-29 14:34:05,2012-05-29 06:34:05,310404000,9228198,ZCDF8,DIAMOND PRINCESS,58.18414,-134.2015,14.7,314.6
2012-05-29 14:35:05,2012-05-29 06:35:05,310404000,9228198,ZCDF8,DIAMOND PRINCESS,58.18703,-134.207,14.8,314.6
2012-05-29 14:36:05,2012-05-29 06:36:05,310404000,9228198,ZCDF8,DIAMOND PRINCESS,58.18993,-134.2124,14.8,315.8
2012-05-29 14:37:06,2012-05-29 06:37:06,310404000,9228198,ZCDF8,DIAMOND PRINCESS,58.19284,-134.2178,14.8,315.8
2012-05-29 14:38:06,2012-05-29 06:38:06,310404000,9228198,ZCDF8,DIAMOND PRINCESS,58.19577,-134.2233,14.7,314.8
2012-05-29 14:39:06,2012-05-29 06:39:06,310404000,9228198,ZCDF8,DIAMOND PRINCESS,58.19866,-134.2287,14.6,314.8
2012-05-29 14:40:06,2012-05-29 06:40:06,310404000,9228198,ZCDF8,DIAMOND PRINCESS,58.2015,-134.234,14.6,315.2
2012-05-29 14:41:06,2012-05-29 06:41:06,310404000,9228198,ZCDF8,DIAMOND PRINCESS,58.20443,-134.2394,14.5,316.0
2012-05-29 14:42:06,2012-05-29 06:42:06,310404000,9228198,ZCDF8,DIAMOND PRINCESS,58.2073,-134.2448,14.5,316.0
2012-05-29 14:43:05,2012-05-29 06:43:05,310404000,9228198,ZCDF8,DIAMOND PRINCESS,58.21012,-134.25,14.4,316.0
2012-05-29 14:44:05,2012-05-29 06:44:05,310404000,9228198,ZCDF8,DIAMOND PRINCESS,58.21303,-134.2553,14.4,316.0
2012-05-29 14:45:05,2012-05-29 06:45:05,310404000,9228198,ZCDF8,DIAMOND PRINCESS,58.21581,-134.2605,14.1,316.0
2012-05-29 14:46:05,2012-05-29 06:46:05,310404000,9228198,ZCDF8,DIAMOND PRINCESS,58.21859,-134.2656,13.9,316.0
2012-05-29 14:47:05,2012-05-29 06:47:05,310404000,9228198,ZCDF8,DIAMOND PRINCESS,58.22134,-134.2707,13.8,316.0
2012-05-29 14:48:05,2012-05-29 06:48:05,310404000,9228198,ZCDF8,DIAMOND PRINCESS,58.22407,-134.2757,13.7,316.0
2012-05-29 14:49:04,2012-05-29 06:49:04,310404000,9228198,ZCDF8,DIAMOND PRINCESS,58.22679,-134.2808,13.7,316.0
2012-05-29 14:50:04,2012-05-29 06:50:04,310404000,9228198,ZCDF8,DIAMOND PRINCESS,58.22945,-134.2857,13.7,316.0
2012-05-29 14:51:04,2012-05-29 06:51:04,310404000,9228198,ZCDF8,DIAMOND PRINCESS,58.23215,-134.2907,13.7,315.5
2012-05-29 14:52:04,2012-05-29 06:52:04,310404000,9228198,ZCDF8,DIAMOND PRINCESS,58.23484,-134.2959,13.8,315.0
2012-05-29 14:53:04,2012-05-29 06:53:04,310404000,9228198,ZCDF8,DIAMOND PRINCESS,58.23753,-134.301,13.8,315.0
2012-05-29 14:54:04,2012-05-29 06:54:04,310404000,9228198,ZCDF8,DIAMOND PRINCESS,58.24025,-134.3062,13.9,315.0
2012-05-29 14:55:04,2012-05-29 06:55:04,310404000,9228198,ZCDF8,DIAMOND PRINCESS,58.24299,-134.3115,14.0,315.0
2012-05-29 14:56:00,2012-05-29 06:56:00,310404000,9228198,ZCDF8,DIAMOND PRINCESS,58.24548,-134.3163,13.9,314.5
2012-05-29 14:57:00,2012-05-29 06:57:00,310404000,9228198,ZCDF8,DIAMOND PRINCESS,58.24824,-134.3214,13.4,316.0
2012-05-29 14:58:00,2012-05-29 06:58:00,310404000,9228198,ZCDF8,DIAMOND PRINCESS,58.25073,-134.3261,12.3,315.0
2012-05-29 14:59:00,2012-05-29 06:59:00,310404000,9228198,ZCDF8,DIAMOND PRINCESS,58.25303,-134.3304,11.5,315.0
2012-05-29 15:00:03,2012-05-29 07:00:03,310404000,9228198,ZCDF8,DIAMOND PRINCESS,58.25538,-134.3348,10.9,314.9
2012-05-29 15:01:03,2012-05-29 07:01:03,310404000,9228198,ZCDF8,DIAMOND PRINCESS,58.25747,-134.3387,10.4,314.8
2012-05-29 15:02:03,2012-05-29 07:02:03,310404000,9228198,ZCDF8,DIAMOND PRINCESS,58.25944,-134.3424,9.6,314.8
2012-05-29 15:03:03,2012-05-29 07:03:03,310404000,9228198,ZCDF8,DIAMOND PRINCESS,58.26121,-134.3454,8.5,318.3
2012-05-29 15:04:03,2012-05-29 07:04:03,310404000,9228198,ZCDF8,DIAMOND PRINCESS,58.26296,-134.3487,8.8,315.0
2012-05-29 15:05:03,2012-05-29 07:05:03,310404000,9228198,ZCDF8,DIAMOND PRINCESS,58.26463,-134.3521,8.9,313.6
2012-05-29 15:06:03,2012-05-29 07:06:03,310404000,9228198,ZCDF8,DIAMOND PRINCESS,58.26626,-134.3555,8.8,312.0
2012-05-29 15:07:02,2012-05-29 07:07:02,310404000,9228198,ZCDF8,DIAMOND PRINCESS,58.26786,-134.3589,8.8,312.0
2012-05-29 15:08:02,2012-05-29 07:08:02,310404000,9228198,ZCDF8,DIAMOND PRINCESS,58.26949,-134.3624,8.8,312.0
2012-05-29 15:09:03,2012-05-29 07:09:03,310404000,9228198,ZCDF8,DIAMOND PRINCESS,58.27106,-134.3658,8.7,310.3
2012-05-29 15:10:02,2012-05-29 07:10:02,310404000,9228198,ZCDF8,DIAMOND PRINCESS,58.2726,-134.3693,8.7,310.0
2012-05-29 15:11:02,2012-05-29 07:11:02,310404000,9228198,ZCDF8,DIAMOND PRINCESS,58.27417,-134.3728,8.6,309.0
2012-05-29 15:12:02,2012-05-29 07:12:02,310404000,9228198,ZCDF8,DIAMOND PRINCESS,58.27562,-134.3763,8.2,309.0
2012-05-29 15:13:02,2012-05-29 07:13:02,310404000,9228198,ZCDF8,DIAMOND PRINCESS,58.27695,-134.3796,7.9,305.7
2012-05-29 15:14:02,2012-05-29 07:14:02,310404000,9228198,ZCDF8,DIAMOND PRINCESS,58.27817,-134.3829,7.7,304.7
2012-05-29 15:15:02,2012-05-29 07:15:02,310404000,9228198,ZCDF8,DIAMOND PRINCESS,58.27939,-134.3862,7.5,304.7
2012-05-29 15:16:02,2012-05-29 07:16:02,310404000,9228198,ZCDF8,DIAMOND PRINCESS,58.28051,-134.3893,7.0,304.0
2012-05-29 15:17:02,2012-05-29 07:17:02,310404000,9228198,ZCDF8,DIAMOND PRINCESS,58.28153,-134.3922,6.5,304.0
2012-05-29 15:18:02,2012-05-29 07:18:02,310404000,9228198,ZCDF8,DIAMOND PRINCESS,58.28252,-134.3949,6.0,306.0
2012-05-29 15:19:02,2012-05-29 07:19:02,310404000,9228198,ZCDF8,DIAMOND PRINCESS,58.28355,-134.3972,5.5,312.9
2012-05-29 15:20:02,2012-05-29 07:20:02,310404000,9228198,ZCDF8,DIAMOND PRINCESS,58.28464,-134.399,5.0,320.7
2012-05-29 15:21:03,2012-05-29 07:21:03,310404000,9228198,ZCDF8,DIAMOND PRINCESS,58.28573,-134.4005,4.7,324.3
2012-05-29 15:22:02,2012-05-29 07:22:02,310404000,9228198,ZCDF8,DIAMOND PRINCESS,58.28674,-134.4019,4.5,325.4
2012-05-29 15:23:02,2012-05-29 07:23:02,310404000,9228198,ZCDF8,DIAMOND PRINCESS,58.28776,-134.4032,4.3,326.6
2012-05-29 15:24:02,2012-05-29 07:24:02,310404000,9228198,ZCDF8,DIAMOND PRINCESS,58.2887,-134.4043,4.1,328.0
2012-05-29 15:25:02,2012-05-29 07:25:02,310404000,9228198,ZCDF8,DIAMOND PRINCESS,58.2897,-134.4054,4.2,334.7
2012-05-29 15:26:02,2012-05-29 07:26:02,310404000,9228198,ZCDF8,DIAMOND PRINCESS,58.29086,-134.406,4.2,348.3
2012-05-29 15:27:02,2012-05-29 07:27:02,310404000,9228198,ZCDF8,DIAMOND PRINCESS,58.2919,-134.406,3.5,4.3
2012-05-29 15:28:01,2012-05-29 07:28:01,310404000,9228198,ZCDF8,DIAMOND PRINCESS,58.29258,-134.4052,2.4,43.4
2012-05-29 15:29:02,2012-05-29 07:29:02,310404000,9228198,ZCDF8,DIAMOND PRINCESS,58.29289,-134.4044,1.8,50.6
2012-05-29 15:30:01,2012-05-29 07:30:01,310404000,9228198,ZCDF8,DIAMOND PRINCESS,58.29318,-134.4034,2.4,64.2
2012-05-29 15:31:01,2012-05-29 07:31:01,310404000,9228198,ZCDF8,DIAMOND PRINCESS,58.29331,-134.4022,2.3,83.0
2012-05-29 15:32:01,2012-05-29 07:32:01,310404000,9228198,ZCDF8,DIAMOND PRINCESS,58.29329,-134.4011,2.1,93.2
2012-05-29 15:33:02,2012-05-29 07:33:02,310404000,9228198,ZCDF8,DIAMOND PRINCESS,58.29318,-134.4,2.0,102.1
2012-05-29 15:34:03,2012-05-29 07:34:03,310404000,9228198,ZCDF8,DIAMOND PRINCESS,58.293,-134.3991,1.7,109.6
2012-05-29 15:35:02,2012-05-29 07:35:02,310404000,9228198,ZCDF8,DIAMOND PRINCESS,58.29283,-134.3983,1.6,120.5
2012-05-29 15:36:03,2012-05-29 07:36:03,310404000,9228198,ZCDF8,DIAMOND PRINCESS,58.2926,-134.3976,1.4,120.0
2012-05-29 15:37:03,2012-05-29 07:37:03,310404000,9228198,ZCDF8,DIAMOND PRINCESS,58.29239,-134.397,1.3,123.0
2012-05-29 15:38:03,2012-05-29 07:38:03,310404000,9228198,ZCDF8,DIAMOND PRINCESS,58.29219,-134.3965,1.0,104.0
2012-05-29 15:39:02,2012-05-29 07:39:02,310404000,9228198,ZCDF8,DIAMOND PRINCESS,58.29202,-134.3962,0.8,120.9
2012-05-29 15:40:03,2012-05-29 07:40:03,310404000,9228198,ZCDF8,DIAMOND PRINCESS,58.29191,-134.3959,0.7,138.0
2012-05-29 15:41:02,2012-05-29 07:41:02,310404000,9228198,ZCDF8,DIAMOND PRINCESS,58.29177,-134.3957,0.6,140.0
2012-05-29 15:42:02,2012-05-29 07:42:02,310404000,9228198,ZCDF8,DIAMOND PRINCESS,58.29166,-134.3956,0.3,142.0
2012-05-29 15:43:02,2012-05-29 07:43:02,310404000,9228198,ZCDF8,DIAMOND PRINCESS,58.29161,-134.3955,0.2,169.5
2012-05-29 15:45:44,2012-05-29 07:45:44,310404000,9228198,ZCDF8,DIAMOND PRINCESS,58.29159,-134.3955,0.0,145.0
2012-05-29 15:48:47,2012-05-29 07:48:47,310404000,9228198,ZCDF8,DIAMOND PRINCESS,58.29159,-134.3955,0.0,145.0
2012-05-29 15:51:46,2012-05-29 07:51:46,310404000,9228198,ZCDF8,DIAMOND PRINCESS,58.29159,-134.3954,0.0,145.0
2012-05-29 15:54:49,2012-05-29 07:54:49,310404000,9228198,ZCDF8,DIAMOND PRINCESS,58.2916,-134.3954,0.0,145.0
2012-05-29 15:57:52,2012-05-29 07:57:52,310404000,9228198,ZCDF8,DIAMOND PRINCESS,58.2916,-134.3954,0.0,145.0
2012-05-29 16:00:51,2012-05-29 08:00:51,310404000,9228198,ZCDF8,DIAMOND PRINCESS,58.29159,-134.3954,0.0,145.0
2012-05-29 16:03:52,2012-05-29 08:03:52,310404000,9228198,ZCDF8,DIAMOND PRINCESS,58.2916,-134.3955,0.0,145.0
2012-05-29 16:06:54,2012-05-29 08:06:54,310404000,9228198,ZCDF8,DIAMOND PRINCESS,58.2916,-134.3954,0.0,145.0
2012-05-29 16:09:57,2012-05-29 08:09:57,310404000,9228198,ZCDF8,DIAMOND PRINCESS,58.29162,-134.3954,0.0,145.0
2012-05-29 16:12:56,2012-05-29 08:12:56,310404000,9228198,ZCDF8,DIAMOND PRINCESS,58.29162,-134.3954,0.0,145.0
2012-05-29 16:15:56,2012-05-29 08:15:56,310404000,9228198,ZCDF8,DIAMOND PRINCESS,58.2916,-134.3955,0.0,145.0
2012-05-29 16:18:58,2012-05-29 08:18:58,310404000,9228198,ZCDF8,DIAMOND PRINCESS,58.2916,-134.3955,0.0,145.0
2012-05-29 16:22:01,2012-05-29 08:22:01,310404000,9228198,ZCDF8,DIAMOND PRINCESS,58.2916,-134.3955,0.0,145.0
2012-05-29 16:28:05,2012-05-29 08:28:05,310404000,9228198,ZCDF8,DIAMOND PRINCESS,58.29161,-134.3955,0.0,145.0
2012-05-29 16:30:02,2012-05-29 08:30:02,310404000,9228198,ZCDF8,DIAMOND PRINCESS,58.29161,-134.3955,0.0,145.0
2012-05-29 16:31:03,2012-05-29 08:31:03,310404000,9228198,ZCDF8,DIAMOND PRINCESS,58.29161,-134.3955,0.0,145.0
2012-05-29 16:34:04,2012-05-29 08:34:04,310404000,9228198,ZCDF8,DIAMOND PRINCESS,58.2916,-134.3955,0.0,145.0
2012-05-29 16:37:06,2012-05-29 08:37:06,310404000,9228198,ZCDF8,DIAMOND PRINCESS,58.2916,-134.3955,0.0,145.0
2012-05-29 16:40:06,2012-05-29 08:40:06,310404000,9228198,ZCDF8,DIAMOND PRINCESS,58.2916,-134.3955,0.0,145.0
2012-05-29 16:43:10,2012-05-29 08:43:10,310404000,9228198,ZCDF8,DIAMOND PRINCESS,58.2916,-134.3955,0.0,145.0
2012-05-29 16:46:09,2012-05-29 08:46:09,310404000,9228198,ZCDF8,DIAMOND PRINCESS,58.29161,-134.3955,0.0,145.0
2012-05-29 16:49:11,2012-05-29 08:49:11,310404000,9228198,ZCDF8,DIAMOND PRINCESS,58.29161,-134.3955,0.0,145.0
2012-05-29 16:52:13,2012-05-29 08:52:13,310404000,9228198,ZCDF8,DIAMOND PRINCESS,58.29161,-134.3955,0.0,145.0
2012-05-29 16:55:14,2012-05-29 08:55:14,310404000,9228198,ZCDF8,DIAMOND PRINCESS,58.29161,-134.3955,0.0,145.0
2012-05-29 16:58:15,2012-05-29 08:58:15,310404000,9228198,ZCDF8,DIAMOND PRINCESS,58.29161,-134.3955,0.0,145.0
2012-05-29 17:01:15,2012-05-29 09:01:15,310404000,9228198,ZCDF8,DIAMOND PRINCESS,58.29161,-134.3955,0.0,145.0
2012-05-29 17:04:21,2012-05-29 09:04:21,310404000,9228198,ZCDF8,DIAMOND PRINCESS,58.2916,-134.3955,0.0,145.0
2012-05-29 17:07:19,2012-05-29 09:07:19,310404000,9228198,ZCDF8,DIAMOND PRINCESS,58.29161,-134.3955,0.0,145.0
2012-05-29 17:10:23,2012-05-29 09:10:23,310404000,9228198,ZCDF8,DIAMOND PRINCESS,58.29161,-134.3955,0.0,145.0
2012-05-29 17:13:24,2012-05-29 09:13:24,310404000,9228198,ZCDF8,DIAMOND PRINCESS,58.2916,-134.3955,0.0,145.0
2012-05-29 17:16:23,2012-05-29 09:16:23,310404000,9228198,ZCDF8,DIAMOND PRINCESS,58.2916,-134.3955,0.0,145.0
2012-05-29 17:19:25,2012-05-29 09:19:25,310404000,9228198,ZCDF8,DIAMOND PRINCESS,58.2916,-134.3955,0.0,145.0
2012-05-29 17:22:28,2012-05-29 09:22:28,310404000,9228198,ZCDF8,DIAMOND PRINCESS,58.29161,-134.3955,0.0,145.0
2012-05-29 17:25:30,2012-05-29 09:25:30,310404000,9228198,ZCDF8,DIAMOND PRINCESS,58.2916,-134.3955,0.0,145.0
2012-05-29 17:28:30,2012-05-29 09:28:30,310404000,9228198,ZCDF8,DIAMOND PRINCESS,58.29159,-134.3955,0.0,145.0
2012-05-29 17:31:29,2012-05-29 09:31:29,310404000,9228198,ZCDF8,DIAMOND PRINCESS,58.29157,-134.3955,0.0,145.0
2012-05-29 17:34:31,2012-05-29 09:34:31,310404000,9228198,ZCDF8,DIAMOND PRINCESS,58.2916,-134.3955,0.0,145.0
2012-05-29 17:37:32,2012-05-29 09:37:32,310404000,9228198,ZCDF8,DIAMOND PRINCESS,58.29161,-134.3955,0.0,145.0
2012-05-29 17:40:34,2012-05-29 09:40:34,310404000,9228198,ZCDF8,DIAMOND PRINCESS,58.29161,-134.3955,0.0,145.0
2012-05-29 17:43:34,2012-05-29 09:43:34,310404000,9228198,ZCDF8,DIAMOND PRINCESS,58.2916,-134.3955,0.0,145.0
2012-05-29 17:46:36,2012-05-29 09:46:36,310404000,9228198,ZCDF8,DIAMOND PRINCESS,58.2916,-134.3955,0.0,145.0
2012-05-29 17:49:39,2012-05-29 09:49:39,310404000,9228198,ZCDF8,DIAMOND PRINCESS,58.29159,-134.3955,0.0,145.0
2012-05-29 17:52:40,2012-05-29 09:52:40,310404000,9228198,ZCDF8,DIAMOND PRINCESS,58.29158,-134.3955,0.0,145.0
2012-05-29 17:55:40,2012-05-29 09:55:40,310404000,9228198,ZCDF8,DIAMOND PRINCESS,58.29158,-134.3955,0.0,145.0
2012-05-29 17:58:40,2012-05-29 09:58:40,310404000,9228198,ZCDF8,DIAMOND PRINCESS,58.29158,-134.3955,0.0,145.0
2012-05-29 18:01:44,2012-05-29 10:01:44,310404000,9228198,ZCDF8,DIAMOND PRINCESS,58.29158,-134.3955,0.0,145.0
2012-05-29 18:04:47,2012-05-29 10:04:47,310404000,9228198,ZCDF8,DIAMOND PRINCESS,58.29159,-134.3954,0.0,145.0
2012-05-29 18:07:47,2012-05-29 10:07:47,310404000,9228198,ZCDF8,DIAMOND PRINCESS,58.2916,-134.3955,0.0,145.0
2012-05-29 18:10:47,2012-05-29 10:10:47,310404000,9228198,ZCDF8,DIAMOND PRINCESS,58.29159,-134.3955,0.0,145.0
2012-05-29 18:13:49,2012-05-29 10:13:49,310404000,9228198,ZCDF8,DIAMOND PRINCESS,58.2916,-134.3955,0.0,145.0
2012-05-29 18:16:49,2012-05-29 10:16:49,310404000,9228198,ZCDF8,DIAMOND PRINCESS,58.2916,-134.3955,0.0,145.0
2012-05-29 18:19:50,2012-05-29 10:19:50,310404000,9228198,ZCDF8,DIAMOND PRINCESS,58.2916,-134.3955,0.0,145.0
2012-05-29 18:22:54,2012-05-29 10:22:54,310404000,9228198,ZCDF8,DIAMOND PRINCESS,58.2916,-134.3954,0.0,145.0
2012-05-29 18:25:53,2012-05-29 10:25:53,310404000,9228198,ZCDF8,DIAMOND PRINCESS,58.29161,-134.3954,0.0,145.0
2012-05-29 18:28:55,2012-05-29 10:28:55,310404000,9228198,ZCDF8,DIAMOND PRINCESS,58.2916,-134.3954,0.0,145.0
2012-05-29 18:31:57,2012-05-29 10:31:57,310404000,9228198,ZCDF8,DIAMOND PRINCESS,58.2916,-134.3955,0.0,145.0
2012-05-29 18:34:56,2012-05-29 10:34:56,310404000,9228198,ZCDF8,DIAMOND PRINCESS,58.2916,-134.3955,0.0,145.0
2012-05-29 18:38:00,2012-05-29 10:38:00,310404000,9228198,ZCDF8,DIAMOND PRINCESS,58.29161,-134.3955,0.0,145.0
2012-05-29 18:40:59,2012-05-29 10:40:59,310404000,9228198,ZCDF8,DIAMOND PRINCESS,58.2916,-134.3955,0.0,145.0
2012-05-29 18:44:01,2012-05-29 10:44:01,310404000,9228198,ZCDF8,DIAMOND PRINCESS,58.2916,-134.3955,0.0,145.0
2012-05-29 18:47:03,2012-05-29 10:47:03,310404000,9228198,ZCDF8,DIAMOND PRINCESS,58.29159,-134.3955,0.0,145.0
2012-05-29 18:50:06,2012-05-29 10:50:06,310404000,9228198,ZCDF8,DIAMOND PRINCESS,58.2916,-134.3955,0.0,145.0
2012-05-29 18:53:05,2012-05-29 10:53:05,310404000,9228198,ZCDF8,DIAMOND PRINCESS,58.2916,-134.3955,0.0,145.0
2012-05-29 18:56:07,2012-05-29 10:56:07,310404000,9228198,ZCDF8,DIAMOND PRINCESS,58.29159,-134.3955,0.0,145.0
2012-05-29 18:59:09,2012-05-29 10:59:09,310404000,9228198,ZCDF8,DIAMOND PRINCESS,58.29158,-134.3955,0.0,145.0
2012-05-29 19:02:09,2012-05-29 11:02:09,310404000,9228198,ZCDF8,DIAMOND PRINCESS,58.2916,-134.3955,0.0,145.0
2012-05-29 19:05:12,2012-05-29 11:05:12,310404000,9228198,ZCDF8,DIAMOND PRINCESS,58.29159,-134.3955,0.0,145.0
2012-05-29 19:08:13,2012-05-29 11:08:13,310404000,9228198,ZCDF8,DIAMOND PRINCESS,58.29159,-134.3955,0.0,145.0
2012-05-29 19:11:16,2012-05-29 11:11:16,310404000,9228198,ZCDF8,DIAMOND PRINCESS,58.29159,-134.3955,0.0,145.0
2012-05-29 19:14:14,2012-05-29 11:14:14,310404000,9228198,ZCDF8,DIAMOND PRINCESS,58.29159,-134.3955,0.1,235.0
2012-05-29 19:17:15,2012-05-29 11:17:15,310404000,9228198,ZCDF8,DIAMOND PRINCESS,58.29159,-134.3955,0.0,145.0
2012-05-29 19:20:16,2012-05-29 11:20:16,310404000,9228198,ZCDF8,DIAMOND PRINCESS,58.29159,-134.3955,0.0,145.0
2012-05-29 19:23:18,2012-05-29 11:23:18,310404000,9228198,ZCDF8,DIAMOND PRINCESS,58.29158,-134.3955,0.0,145.0
2012-05-29 19:26:20,2012-05-29 11:26:20,310404000,9228198,ZCDF8,DIAMOND PRINCESS,58.2916,-134.3955,0.0,145.0
2012-05-29 19:29:20,2012-05-29 11:29:20,310404000,9228198,ZCDF8,DIAMOND PRINCESS,58.2916,-134.3955,0.0,145.0
2012-05-29 19:32:21,2012-05-29 11:32:21,310404000,9228198,ZCDF8,DIAMOND PRINCESS,58.2916,-134.3955,0.0,145.0
2012-05-29 19:35:26,2012-05-29 11:35:26,310404000,9228198,ZCDF8,DIAMOND PRINCESS,58.2916,-134.3955,0.0,145.0
2012-05-29 19:38:26,2012-05-29 11:38:26,310404000,9228198,ZCDF8,DIAMOND PRINCESS,58.29161,-134.3955,0.0,145.0
2012-05-29 19:41:28,2012-05-29 11:41:28,310404000,9228198,ZCDF8,DIAMOND PRINCESS,58.29161,-134.3954,0.0,145.0
2012-05-29 19:44:29,2012-05-29 11:44:29,310404000,9228198,ZCDF8,DIAMOND PRINCESS,58.2916,-134.3955,0.0,145.0
2012-05-29 19:47:30,2012-05-29 11:47:30,310404000,9228198,ZCDF8,DIAMOND PRINCESS,58.29161,-134.3955,0.0,145.0
2012-05-29 19:50:30,2012-05-29 11:50:30,310404000,9228198,ZCDF8,DIAMOND PRINCESS,58.29161,-134.3955,0.0,145.0
2012-05-29 19:53:33,2012-05-29 11:53:33,310404000,9228198,ZCDF8,DIAMOND PRINCESS,58.29161,-134.3955,0.0,145.0
2012-05-29 19:56:35,2012-05-29 11:56:35,310404000,9228198,ZCDF8,DIAMOND PRINCESS,58.2916,-134.3955,0.0,145.0
2012-05-29 19:59:33,2012-05-29 11:59:33,310404000,9228198,ZCDF8,DIAMOND PRINCESS,58.2916,-134.3955,0.0,145.0
2012-05-29 20:02:36,2012-05-29 12:02:36,310404000,9228198,ZCDF8,DIAMOND PRINCESS,58.2916,-134.3955,0.0,145.0
2012-05-29 20:05:36,2012-05-29 12:05:36,310404000,9228198,ZCDF8,DIAMOND PRINCESS,58.2916,-134.3955,0.0,145.0
2012-05-29 20:08:39,2012-05-29 12:08:39,310404000,9228198,ZCDF8,DIAMOND PRINCESS,58.29161,-134.3955,0.0,145.0
2012-05-29 20:11:38,2012-05-29 12:11:38,310404000,9228198,ZCDF8,DIAMOND PRINCESS,58.2916,-134.3955,0.0,145.0
2012-05-29 20:14:42,2012-05-29 12:14:42,310404000,9228198,ZCDF8,DIAMOND PRINCESS,58.2916,-134.3955,0.0,145.0
2012-05-29 20:17:41,2012-05-29 12:17:41,310404000,9228198,ZCDF8,DIAMOND PRINCESS,58.29162,-134.3954,0.0,145.0
2012-05-29 20:20:43,2012-05-29 12:20:43,310404000,9228198,ZCDF8,DIAMOND PRINCESS,58.29162,-134.3954,0.0,145.0
2012-05-29 20:23:47,2012-05-29 12:23:47,310404000,9228198,ZCDF8,DIAMOND PRINCESS,58.29162,-134.3954,0.0,145.0
2012-05-29 20:26:47,2012-05-29 12:26:47,310404000,9228198,ZCDF8,DIAMOND PRINCESS,58.29162,-134.3954,0.0,145.0
2012-05-29 20:29:49,2012-05-29 12:29:49,310404000,9228198,ZCDF8,DIAMOND PRINCESS,58.29161,-134.3954,0.0,145.0
2012-05-29 20:32:48,2012-05-29 12:32:48,310404000,9228198,ZCDF8,DIAMOND PRINCESS,58.29162,-134.3954,0.0,145.0
2012-05-29 20:35:52,2012-05-29 12:35:52,310404000,9228198,ZCDF8,DIAMOND PRINCESS,58.29162,-134.3954,0.0,145.0
2012-05-29 20:38:50,2012-05-29 12:38:50,310404000,9228198,ZCDF8,DIAMOND PRINCESS,58.29163,-134.3954,0.0,145.0
2012-05-29 20:41:52,2012-05-29 12:41:52,310404000,9228198,ZCDF8,DIAMOND PRINCESS,58.29162,-134.3954,0.0,145.0
2012-05-29 20:44:53,2012-05-29 12:44:53,310404000,9228198,ZCDF8,DIAMOND PRINCESS,58.29163,-134.3954,0.0,144.0
2012-05-29 20:47:57,2012-05-29 12:47:57,310404000,9228198,ZCDF8,DIAMOND PRINCESS,58.29164,-134.3954,0.0,145.0
2012-05-29 20:50:57,2012-05-29 12:50:57,310404000,9228198,ZCDF8,DIAMOND PRINCESS,58.29162,-134.3954,0.0,145.0
2012-05-29 20:54:00,2012-05-29 12:54:00,310404000,9228198,ZCDF8,DIAMOND PRINCESS,58.29163,-134.3954,0.0,145.0
2012-05-29 20:56:59,2012-05-29 12:56:59,310404000,9228198,ZCDF8,DIAMOND PRINCESS,58.29163,-134.3954,0.0,145.0
2012-05-29 20:59:59,2012-05-29 12:59:59,310404000,9228198,ZCDF8,DIAMOND PRINCESS,58.29163,-134.3954,0.0,145.0
2012-05-29 21:03:02,2012-05-29 13:03:02,310404000,9228198,ZCDF8,DIAMOND PRINCESS,58.29163,-134.3954,0.0,145.0
2012-05-29 21:06:03,2012-05-29 13:06:03,310404000,9228198,ZCDF8,DIAMOND PRINCESS,58.29162,-134.3954,0.0,145.0
2012-05-29 21:09:03,2012-05-29 13:09:03,310404000,9228198,ZCDF8,DIAMOND PRINCESS,58.29162,-134.3955,0.0,145.0
2012-05-29 21:12:07,2012-05-29 13:12:07,310404000,9228198,ZCDF8,DIAMOND PRINCESS,58.29161,-134.3955,0.0,145.0
2012-05-29 21:15:09,2012-05-29 13:15:09,310404000,9228198,ZCDF8,DIAMOND PRINCESS,58.29161,-134.3955,0.0,145.0
2012-05-29 21:18:08,2012-05-29 13:18:08,310404000,9228198,ZCDF8,DIAMOND PRINCESS,58.2916,-134.3955,0.0,145.0
2012-05-29 21:21:10,2012-05-29 13:21:10,310404000,9228198,ZCDF8,DIAMOND PRINCESS,58.2916,-134.3955,0.0,145.0
2012-05-29 21:24:09,2012-05-29 13:24:09,310404000,9228198,ZCDF8,DIAMOND PRINCESS,58.2916,-134.3955,0.0,145.0
2012-05-29 21:27:12,2012-05-29 13:27:12,310404000,9228198,ZCDF8,DIAMOND PRINCESS,58.29159,-134.3955,0.0,145.0
2012-05-29 21:30:12,2012-05-29 13:30:12,310404000,9228198,ZCDF8,DIAMOND PRINCESS,58.2916,-134.3955,0.0,144.0
2012-05-29 21:33:17,2012-05-29 13:33:17,310404000,9228198,ZCDF8,DIAMOND PRINCESS,58.2916,-134.3955,0.0,144.0
2012-05-29 21:36:15,2012-05-29 13:36:15,310404000,9228198,ZCDF8,DIAMOND PRINCESS,58.29159,-134.3955,0.0,144.0
2012-05-29 21:39:16,2012-05-29 13:39:16,310404000,9228198,ZCDF8,DIAMOND PRINCESS,58.2916,-134.3955,0.0,144.0
2012-05-29 21:42:21,2012-05-29 13:42:21,310404000,9228198,ZCDF8,DIAMOND PRINCESS,58.2916,-134.3955,0.0,144.0
2012-05-29 21:45:21,2012-05-29 13:45:21,310404000,9228198,ZCDF8,DIAMOND PRINCESS,58.2916,-134.3955,0.0,144.0
2012-05-29 21:48:22,2012-05-29 13:48:22,310404000,9228198,ZCDF8,DIAMOND PRINCESS,58.2916,-134.3955,0.0,144.0
2012-05-29 21:51:22,2012-05-29 13:51:22,310404000,9228198,ZCDF8,DIAMOND PRINCESS,58.2916,-134.3955,0.0,144.0
2012-05-29 21:54:23,2012-05-29 13:54:23,310404000,9228198,ZCDF8,DIAMOND PRINCESS,58.2916,-134.3955,0.0,144.0
2012-05-29 21:57:27,2012-05-29 13:57:27,310404000,9228198,ZCDF8,DIAMOND PRINCESS,58.2916,-134.3955,0.1,98.9
2012-05-29 22:00:27,2012-05-29 14:00:27,310404000,9228198,ZCDF8,DIAMOND PRINCESS,58.29159,-134.3955,0.0,144.0
2012-05-29 22:06:28,2012-05-29 14:06:28,310404000,9228198,ZCDF8,DIAMOND PRINCESS,58.2916,-134.3955,0.0,144.0
2012-05-29 22:07:12,2012-05-29 14:07:12,310404000,9228198,ZCDF8,DIAMOND PRINCESS,58.2916,-134.3955,0.0,144.0
2012-05-29 22:09:32,2012-05-29 14:09:32,310404000,9228198,ZCDF8,DIAMOND PRINCESS,58.2916,-134.3955,0.0,144.0
2012-05-29 22:12:32,2012-05-29 14:12:32,310404000,9228198,ZCDF8,DIAMOND PRINCESS,58.2916,-134.3955,0.0,144.0
2012-05-29 22:15:33,2012-05-29 14:15:33,310404000,9228198,ZCDF8,DIAMOND PRINCESS,58.29159,-134.3955,0.0,144.0
2012-05-29 22:18:33,2012-05-29 14:18:33,310404000,9228198,ZCDF8,DIAMOND PRINCESS,58.29158,-134.3955,0.0,144.0
2012-05-29 22:21:34,2012-05-29 14:21:34,310404000,9228198,ZCDF8,DIAMOND PRINCESS,58.29158,-134.3955,0.0,144.0
2012-05-29 22:24:36,2012-05-29 14:24:36,310404000,9228198,ZCDF8,DIAMOND PRINCESS,58.29157,-134.3955,0.0,144.0
2012-05-29 22:27:38,2012-05-29 14:27:38,310404000,9228198,ZCDF8,DIAMOND PRINCESS,58.29158,-134.3955,0.0,144.0
2012-05-29 22:30:40,2012-05-29 14:30:40,310404000,9228198,ZCDF8,DIAMOND PRINCESS,58.29158,-134.3955,0.0,144.0
2012-05-29 22:33:43,2012-05-29 14:33:43,310404000,9228198,ZCDF8,DIAMOND PRINCESS,58.29158,-134.3955,0.0,144.0
2012-05-29 22:36:42,2012-05-29 14:36:42,310404000,9228198,ZCDF8,DIAMOND PRINCESS,58.29158,-134.3955,0.0,144.0
2012-05-29 22:39:43,2012-05-29 14:39:43,310404000,9228198,ZCDF8,DIAMOND PRINCESS,58.29158,-134.3955,0.0,144.0
2012-05-29 22:42:44,2012-05-29 14:42:44,310404000,9228198,ZCDF8,DIAMOND PRINCESS,58.29157,-134.3955,0.0,144.0
2012-05-29 22:45:46,2012-05-29 14:45:46,310404000,9228198,ZCDF8,DIAMOND PRINCESS,58.29156,-134.3955,0.0,144.0
2012-05-29 22:48:50,2012-05-29 14:48:50,310404000,9228198,ZCDF8,DIAMOND PRINCESS,58.29156,-134.3955,0.0,144.0
2012-05-29 22:51:51,2012-05-29 14:51:51,310404000,9228198,ZCDF8,DIAMOND PRINCESS,58.29158,-134.3955,0.0,144.0
2012-05-29 22:54:50,2012-05-29 14:54:50,310404000,9228198,ZCDF8,DIAMOND PRINCESS,58.29158,-134.3955,0.0,144.0
2012-05-29 22:57:52,2012-05-29 14:57:52,310404000,9228198,ZCDF8,DIAMOND PRINCESS,58.29158,-134.3955,0.0,144.0
2012-05-29 23:00:54,2012-05-29 15:00:54,310404000,9228198,ZCDF8,DIAMOND PRINCESS,58.29157,-134.3955,0.0,144.0
2012-05-29 23:03:55,2012-05-29 15:03:55,310404000,9228198,ZCDF8,DIAMOND PRINCESS,58.29157,-134.3955,0.0,144.0
2012-05-29 23:06:55,2012-05-29 15:06:55,310404000,9228198,ZCDF8,DIAMOND PRINCESS,58.29158,-134.3955,0.0,144.0
2012-05-29 23:09:58,2012-05-29 15:09:58,310404000,9228198,ZCDF8,DIAMOND PRINCESS,58.29158,-134.3955,0.0,144.0
2012-05-29 23:12:59,2012-05-29 15:12:59,310404000,9228198,ZCDF8,DIAMOND PRINCESS,58.29157,-134.3955,0.0,144.0
2012-05-29 23:16:00,2012-05-29 15:16:00,310404000,9228198,ZCDF8,DIAMOND PRINCESS,58.29156,-134.3955,0.0,144.0
2012-05-29 23:19:01,2012-05-29 15:19:01,310404000,9228198,ZCDF8,DIAMOND PRINCESS,58.29156,-134.3955,0.0,144.0
2012-05-29 23:22:03,2012-05-29 15:22:03,310404000,9228198,ZCDF8,DIAMOND PRINCESS,58.29157,-134.3955,0.0,144.0
2012-05-29 23:25:06,2012-05-29 15:25:06,310404000,9228198,ZCDF8,DIAMOND PRINCESS,58.29157,-134.3955,0.0,144.0
2012-05-29 23:28:04,2012-05-29 15:28:04,310404000,9228198,ZCDF8,DIAMOND PRINCESS,58.29158,-134.3955,0.0,144.0
2012-05-29 23:31:06,2012-05-29 15:31:06,310404000,9228198,ZCDF8,DIAMOND PRINCESS,58.29158,-134.3955,0.0,144.0
2012-05-29 23:34:09,2012-05-29 15:34:09,310404000,9228198,ZCDF8,DIAMOND PRINCESS,58.29159,-134.3955,0.0,144.0
2012-05-29 23:37:10,2012-05-29 15:37:10,310404000,9228198,ZCDF8,DIAMOND PRINCESS,58.2916,-134.3955,0.0,144.0
2012-05-29 23:40:12,2012-05-29 15:40:12,310404000,9228198,ZCDF8,DIAMOND PRINCESS,58.2916,-134.3955,0.0,144.0
2012-05-29 23:43:13,2012-05-29 15:43:13,310404000,9228198,ZCDF8,DIAMOND PRINCESS,58.29159,-134.3955,0.0,144.0
2012-05-29 23:46:14,2012-05-29 15:46:14,310404000,9228198,ZCDF8,DIAMOND PRINCESS,58.29159,-134.3955,0.0,144.0
2012-05-29 23:49:14,2012-05-29 15:49:14,310404000,9228198,ZCDF8,DIAMOND PRINCESS,58.2916,-134.3955,0.0,144.0
2012-05-29 23:52:16,2012-05-29 15:52:16,310404000,9228198,ZCDF8,DIAMOND PRINCESS,58.2916,-134.3955,0.0,144.0
2012-05-29 23:55:17,2012-05-29 15:55:17,310404000,9228198,ZCDF8,DIAMOND PRINCESS,58.29159,-134.3955,0.0,144.0
2012-05-29 23:58:20,2012-05-29 15:58:20,310404000,9228198,ZCDF8,DIAMOND PRINCESS,58.29159,-134.3955,0.0,144.0
2012-05-30 00:00:28,2012-05-29 16:00:28,310404000,9228198,ZCDF8,DIAMOND PRINCESS,58.2916,-134.3955,0.0,144.0
2012-05-30 00:01:19,2012-05-29 16:01:19,310404000,9228198,ZCDF8,DIAMOND PRINCESS,58.2916,-134.3955,0.0,144.0
2012-05-30 00:04:22,2012-05-29 16:04:22,310404000,9228198,ZCDF8,DIAMOND PRINCESS,58.2916,-134.3955,0.0,144.0
2012-05-30 00:07:23,2012-05-29 16:07:23,310404000,9228198,ZCDF8,DIAMOND PRINCESS,58.2916,-134.3955,0.0,144.0
2012-05-30 00:10:23,2012-05-29 16:10:23,310404000,9228198,ZCDF8,DIAMOND PRINCESS,58.2916,-134.3955,0.0,144.0
2012-05-30 00:22:30,2012-05-29 16:22:30,310404000,9228198,ZCDF8,DIAMOND PRINCESS,58.2916,-134.3955,0.0,144.0
2012-05-30 00:25:30,2012-05-29 16:25:30,310404000,9228198,ZCDF8,DIAMOND PRINCESS,58.29159,-134.3955,0.0,144.0
2012-05-30 00:28:33,2012-05-29 16:28:33,310404000,9228198,ZCDF8,DIAMOND PRINCESS,58.29159,-134.3955,0.0,144.0
2012-05-30 00:31:33,2012-05-29 16:31:33,310404000,9228198,ZCDF8,DIAMOND PRINCESS,58.2916,-134.3955,0.0,144.0
2012-05-30 00:34:34,2012-05-29 16:34:34,310404000,9228198,ZCDF8,DIAMOND PRINCESS,58.2916,-134.3955,0.1,9.0
2012-05-30 00:43:38,2012-05-29 16:43:38,310404000,9228198,ZCDF8,DIAMOND PRINCESS,58.2916,-134.3955,0.0,144.0
2012-05-30 00:46:38,2012-05-29 16:46:38,310404000,9228198,ZCDF8,DIAMOND PRINCESS,58.2916,-134.3955,0.0,144.0
2012-05-30 00:49:41,2012-05-29 16:49:41,310404000,9228198,ZCDF8,DIAMOND PRINCESS,58.2916,-134.3955,0.0,144.0
2012-05-30 00:52:43,2012-05-29 16:52:43,310404000,9228198,ZCDF8,DIAMOND PRINCESS,58.29158,-134.3955,0.0,144.0
2012-05-30 00:55:45,2012-05-29 16:55:45,310404000,9228198,ZCDF8,DIAMOND PRINCESS,58.29158,-134.3955,0.0,144.0
2012-05-30 00:58:44,2012-05-29 16:58:44,310404000,9228198,ZCDF8,DIAMOND PRINCESS,58.29159,-134.3955,0.0,144.0
2012-05-30 01:01:45,2012-05-29 17:01:45,310404000,9228198,ZCDF8,DIAMOND PRINCESS,58.29159,-134.3955,0.0,144.0
2012-05-30 01:04:47,2012-05-29 17:04:47,310404000,9228198,ZCDF8,DIAMOND PRINCESS,58.29158,-134.3955,0.0,144.0
2012-05-30 01:07:49,2012-05-29 17:07:49,310404000,9228198,ZCDF8,DIAMOND PRINCESS,58.29159,-134.3955,0.0,144.0
2012-05-30 01:10:49,2012-05-29 17:10:49,310404000,9228198,ZCDF8,DIAMOND PRINCESS,58.29159,-134.3955,0.0,144.0
2012-05-30 01:13:53,2012-05-29 17:13:53,310404000,9228198,ZCDF8,DIAMOND PRINCESS,58.29159,-134.3955,0.0,144.0
2012-05-30 01:16:54,2012-05-29 17:16:54,310404000,9228198,ZCDF8,DIAMOND PRINCESS,58.29159,-134.3955,0.0,144.0
2012-05-30 01:19:55,2012-05-29 17:19:55,310404000,9228198,ZCDF8,DIAMOND PRINCESS,58.29159,-134.3955,0.0,144.0
2012-05-30 01:22:56,2012-05-29 17:22:56,310404000,9228198,ZCDF8,DIAMOND PRINCESS,58.29159,-134.3955,0.0,144.0
2012-05-30 01:25:58,2012-05-29 17:25:58,310404000,9228198,ZCDF8,DIAMOND PRINCESS,58.29159,-134.3955,0.0,144.0
2012-05-30 01:28:56,2012-05-29 17:28:56,310404000,9228198,ZCDF8,DIAMOND PRINCESS,58.2916,-134.3955,0.0,144.0
2012-05-30 01:32:01,2012-05-29 17:32:01,310404000,9228198,ZCDF8,DIAMOND PRINCESS,58.29161,-134.3955,0.0,144.0
2012-05-30 01:35:01,2012-05-29 17:35:01,310404000,9228198,ZCDF8,DIAMOND PRINCESS,58.2916,-134.3955,0.0,144.0
2012-05-30 01:38:03,2012-05-29 17:38:03,310404000,9228198,ZCDF8,DIAMOND PRINCESS,58.2916,-134.3955,0.0,144.0
2012-05-30 01:41:03,2012-05-29 17:41:03,310404000,9228198,ZCDF8,DIAMOND PRINCESS,58.2916,-134.3955,0.0,144.0
2012-05-30 01:44:05,2012-05-29 17:44:05,310404000,9228198,ZCDF8,DIAMOND PRINCESS,58.29159,-134.3955,0.0,144.0
2012-05-30 01:47:07,2012-05-29 17:47:07,310404000,9228198,ZCDF8,DIAMOND PRINCESS,58.29159,-134.3955,0.0,144.0
2012-05-30 01:50:06,2012-05-29 17:50:06,310404000,9228198,ZCDF8,DIAMOND PRINCESS,58.29159,-134.3955,0.0,144.0
2012-05-30 01:53:08,2012-05-29 17:53:08,310404000,9228198,ZCDF8,DIAMOND PRINCESS,58.2916,-134.3955,0.0,144.0
2012-05-30 01:56:08,2012-05-29 17:56:08,310404000,9228198,ZCDF8,DIAMOND PRINCESS,58.29161,-134.3955,0.0,144.0
2012-05-30 01:59:12,2012-05-29 17:59:12,310404000,9228198,ZCDF8,DIAMOND PRINCESS,58.29162,-134.3955,0.0,144.0
2012-05-30 02:02:11,2012-05-29 18:02:11,310404000,9228198,ZCDF8,DIAMOND PRINCESS,58.29161,-134.3955,0.0,144.0
2012-05-30 02:05:15,2012-05-29 18:05:15,310404000,9228198,ZCDF8,DIAMOND PRINCESS,58.29162,-134.3955,0.0,144.0
2012-05-30 02:08:14,2012-05-29 18:08:14,310404000,9228198,ZCDF8,DIAMOND PRINCESS,58.2916,-134.3955,0.0,144.0
2012-05-30 02:11:17,2012-05-29 18:11:17,310404000,9228198,ZCDF8,DIAMOND PRINCESS,58.29161,-134.3955,0.0,144.0
2012-05-30 02:14:17,2012-05-29 18:14:17,310404000,9228198,ZCDF8,DIAMOND PRINCESS,58.29159,-134.3955,0.0,144.0
2012-05-30 02:17:18,2012-05-29 18:17:18,310404000,9228198,ZCDF8,DIAMOND PRINCESS,58.2916,-134.3955,0.0,144.0
2012-05-30 02:20:20,2012-05-29 18:20:20,310404000,9228198,ZCDF8,DIAMOND PRINCESS,58.29162,-134.3955,0.0,144.0
2012-05-30 02:23:21,2012-05-29 18:23:21,310404000,9228198,ZCDF8,DIAMOND PRINCESS,58.29161,-134.3955,0.0,144.0
2012-05-30 02:26:25,2012-05-29 18:26:25,310404000,9228198,ZCDF8,DIAMOND PRINCESS,58.2916,-134.3955,0.0,144.0
2012-05-30 02:29:26,2012-05-29 18:29:26,310404000,9228198,ZCDF8,DIAMOND PRINCESS,58.29165,-134.3955,0.0,144.0
2012-05-30 02:32:24,2012-05-29 18:32:24,310404000,9228198,ZCDF8,DIAMOND PRINCESS,58.29159,-134.3955,0.0,144.0
2012-05-30 02:35:29,2012-05-29 18:35:29,310404000,9228198,ZCDF8,DIAMOND PRINCESS,58.2916,-134.3955,0.0,144.0
2012-05-30 02:38:28,2012-05-29 18:38:28,310404000,9228198,ZCDF8,DIAMOND PRINCESS,58.2916,-134.3955,0.0,144.0
2012-05-30 02:41:28,2012-05-29 18:41:28,310404000,9228198,ZCDF8,DIAMOND PRINCESS,58.2916,-134.3955,0.0,144.0
2012-05-30 02:44:31,2012-05-29 18:44:31,310404000,9228198,ZCDF8,DIAMOND PRINCESS,58.2916,-134.3955,0.0,144.0
2012-05-30 02:47:31,2012-05-29 18:47:31,310404000,9228198,ZCDF8,DIAMOND PRINCESS,58.29161,-134.3955,0.0,144.0
2012-05-30 02:50:35,2012-05-29 18:50:35,310404000,9228198,ZCDF8,DIAMOND PRINCESS,58.29161,-134.3955,0.0,144.0
2012-05-30 02:53:35,2012-05-29 18:53:35,310404000,9228198,ZCDF8,DIAMOND PRINCESS,58.2916,-134.3955,0.0,144.0
2012-05-30 02:56:38,2012-05-29 18:56:38,310404000,9228198,ZCDF8,DIAMOND PRINCESS,58.29161,-134.3955,0.0,144.0
2012-05-30 02:59:37,2012-05-29 18:59:37,310404000,9228198,ZCDF8,DIAMOND PRINCESS,58.29161,-134.3955,0.0,144.0
2012-05-30 03:02:37,2012-05-29 19:02:37,310404000,9228198,ZCDF8,DIAMOND PRINCESS,58.29161,-134.3955,0.0,144.0
2012-05-30 03:05:41,2012-05-29 19:05:41,310404000,9228198,ZCDF8,DIAMOND PRINCESS,58.29161,-134.3955,0.0,144.0
2012-05-30 03:08:41,2012-05-29 19:08:41,310404000,9228198,ZCDF8,DIAMOND PRINCESS,58.2916,-134.3955,0.0,144.0
2012-05-30 03:11:42,2012-05-29 19:11:42,310404000,9228198,ZCDF8,DIAMOND PRINCESS,58.2916,-134.3955,0.0,144.0
2012-05-30 03:14:43,2012-05-29 19:14:43,310404000,9228198,ZCDF8,DIAMOND PRINCESS,58.2916,-134.3955,0.0,144.0
2012-05-30 03:17:45,2012-05-29 19:17:45,310404000,9228198,ZCDF8,DIAMOND PRINCESS,58.2916,-134.3955,0.0,144.0
2012-05-30 03:20:48,2012-05-29 19:20:48,310404000,9228198,ZCDF8,DIAMOND PRINCESS,58.29161,-134.3955,0.0,144.0
2012-05-30 03:23:48,2012-05-29 19:23:48,310404000,9228198,ZCDF8,DIAMOND PRINCESS,58.29162,-134.3955,0.0,144.0
2012-05-30 03:26:51,2012-05-29 19:26:51,310404000,9228198,ZCDF8,DIAMOND PRINCESS,58.29162,-134.3954,0.0,144.0
2012-05-30 03:29:52,2012-05-29 19:29:52,310404000,9228198,ZCDF8,DIAMOND PRINCESS,58.29161,-134.3954,0.0,144.0
2012-05-30 03:32:51,2012-05-29 19:32:51,310404000,9228198,ZCDF8,DIAMOND PRINCESS,58.29162,-134.3954,0.0,144.0
2012-05-30 03:35:55,2012-05-29 19:35:55,310404000,9228198,ZCDF8,DIAMOND PRINCESS,58.29161,-134.3955,0.0,144.0
2012-05-30 03:38:55,2012-05-29 19:38:55,310404000,9228198,ZCDF8,DIAMOND PRINCESS,58.29161,-134.3955,0.0,144.0
2012-05-30 03:41:55,2012-05-29 19:41:55,310404000,9228198,ZCDF8,DIAMOND PRINCESS,58.29161,-134.3955,0.0,144.0
2012-05-30 03:44:58,2012-05-29 19:44:58,310404000,9228198,ZCDF8,DIAMOND PRINCESS,58.29162,-134.3955,0.0,144.0
2012-05-30 03:47:59,2012-05-29 19:47:59,310404000,9228198,ZCDF8,DIAMOND PRINCESS,58.29162,-134.3955,0.0,144.0
2012-05-30 03:51:02,2012-05-29 19:51:02,310404000,9228198,ZCDF8,DIAMOND PRINCESS,58.29161,-134.3955,0.0,144.0
2012-05-30 03:54:02,2012-05-29 19:54:02,310404000,9228198,ZCDF8,DIAMOND PRINCESS,58.29161,-134.3955,0.0,144.0
2012-05-30 03:57:01,2012-05-29 19:57:01,310404000,9228198,ZCDF8,DIAMOND PRINCESS,58.29161,-134.3955,0.0,144.0
2012-05-30 04:00:06,2012-05-29 20:00:06,310404000,9228198,ZCDF8,DIAMOND PRINCESS,58.29161,-134.3955,0.0,144.0
2012-05-30 04:03:04,2012-05-29 20:03:04,310404000,9228198,ZCDF8,DIAMOND PRINCESS,58.29162,-134.3955,0.0,144.0
2012-05-30 04:06:07,2012-05-29 20:06:07,310404000,9228198,ZCDF8,DIAMOND PRINCESS,58.29162,-134.3955,0.0,144.0
2012-05-30 04:09:07,2012-05-29 20:09:07,310404000,9228198,ZCDF8,DIAMOND PRINCESS,58.29162,-134.3955,0.0,144.0
2012-05-30 04:12:11,2012-05-29 20:12:11,310404000,9228198,ZCDF8,DIAMOND PRINCESS,58.29162,-134.3955,0.0,144.0
2012-05-30 04:18:12,2012-05-29 20:18:12,310404000,9228198,ZCDF8,DIAMOND PRINCESS,58.29161,-134.3955,0.0,144.0
2012-05-30 04:19:50,2012-05-29 20:19:50,310404000,9228198,ZCDF8,DIAMOND PRINCESS,58.29161,-134.3955,0.0,144.0
2012-05-30 04:21:14,2012-05-29 20:21:14,310404000,9228198,ZCDF8,DIAMOND PRINCESS,58.29161,-134.3955,0.0,144.0
2012-05-30 04:24:16,2012-05-29 20:24:16,310404000,9228198,ZCDF8,DIAMOND PRINCESS,58.29161,-134.3955,0.0,144.0
2012-05-30 04:27:18,2012-05-29 20:27:18,310404000,9228198,ZCDF8,DIAMOND PRINCESS,58.29161,-134.3955,0.0,144.0
2012-05-30 04:30:19,2012-05-29 20:30:19,310404000,9228198,ZCDF8,DIAMOND PRINCESS,58.29161,-134.3955,0.0,144.0
2012-05-30 04:33:18,2012-05-29 20:33:18,310404000,9228198,ZCDF8,DIAMOND PRINCESS,58.29161,-134.3955,0.0,144.0
2012-05-30 04:36:20,2012-05-29 20:36:20,310404000,9228198,ZCDF8,DIAMOND PRINCESS,58.2916,-134.3955,0.0,144.0
2012-05-30 04:39:20,2012-05-29 20:39:20,310404000,9228198,ZCDF8,DIAMOND PRINCESS,58.2916,-134.3955,0.1,189.0
2012-05-30 04:42:22,2012-05-29 20:42:22,310404000,9228198,ZCDF8,DIAMOND PRINCESS,58.29159,-134.3955,0.0,144.0
2012-05-30 04:45:25,2012-05-29 20:45:25,310404000,9228198,ZCDF8,DIAMOND PRINCESS,58.29159,-134.3955,0.0,144.0
2012-05-30 04:48:27,2012-05-29 20:48:27,310404000,9228198,ZCDF8,DIAMOND PRINCESS,58.29161,-134.3955,0.0,144.0
2012-05-30 04:51:26,2012-05-29 20:51:26,310404000,9228198,ZCDF8,DIAMOND PRINCESS,58.2916,-134.3955,0.0,144.0
2012-05-30 04:54:28,2012-05-29 20:54:28,310404000,9228198,ZCDF8,DIAMOND PRINCESS,58.29158,-134.3955,0.0,144.0
2012-05-30 04:57:30,2012-05-29 20:57:30,310404000,9228198,ZCDF8,DIAMOND PRINCESS,58.29158,-134.3955,0.0,144.0
2012-05-30 05:00:29,2012-05-29 21:00:29,310404000,9228198,ZCDF8,DIAMOND PRINCESS,58.29159,-134.3955,0.0,144.0
2012-05-30 05:03:31,2012-05-29 21:03:31,310404000,9228198,ZCDF8,DIAMOND PRINCESS,58.29159,-134.3955,0.0,144.0
2012-05-30 05:06:32,2012-05-29 21:06:32,310404000,9228198,ZCDF8,DIAMOND PRINCESS,58.29157,-134.3955,0.1,324.0
2012-05-30 05:07:31,2012-05-29 21:07:31,310404000,9228198,ZCDF8,DIAMOND PRINCESS,58.29158,-134.3955,0.0,143.0
2012-05-30 05:08:05,2012-05-29 21:08:05,310404000,9228198,ZCDF8,DIAMOND PRINCESS,58.29158,-134.3955,0.0,143.0
2012-05-30 05:09:05,2012-05-29 21:09:05,310404000,9228198,ZCDF8,DIAMOND PRINCESS,58.29157,-134.3954,0.1,143.0
2012-05-30 05:10:05,2012-05-29 21:10:05,310404000,9228198,ZCDF8,DIAMOND PRINCESS,58.29153,-134.3955,0.3,213.5
2012-05-30 05:11:05,2012-05-29 21:11:05,310404000,9228198,ZCDF8,DIAMOND PRINCESS,58.29146,-134.3956,0.3,230.0
2012-05-30 05:12:05,2012-05-29 21:12:05,310404000,9228198,ZCDF8,DIAMOND PRINCESS,58.29148,-134.3957,0.3,267.9
2012-05-30 05:13:06,2012-05-29 21:13:06,310404000,9228198,ZCDF8,DIAMOND PRINCESS,58.29152,-134.3959,0.5,305.0
2012-05-30 05:14:05,2012-05-29 21:14:05,310404000,9228198,ZCDF8,DIAMOND PRINCESS,58.29171,-134.3961,0.9,311.4
2012-05-30 05:15:05,2012-05-29 21:15:05,310404000,9228198,ZCDF8,DIAMOND PRINCESS,58.29185,-134.3967,1.4,288.0
2012-05-30 05:16:05,2012-05-29 21:16:05,310404000,9228198,ZCDF8,DIAMOND PRINCESS,58.29198,-134.3976,1.9,284.9
2012-05-30 05:17:05,2012-05-29 21:17:05,310404000,9228198,ZCDF8,DIAMOND PRINCESS,58.29214,-134.3987,2.3,288.0
2012-05-30 05:18:05,2012-05-29 21:18:05,310404000,9228198,ZCDF8,DIAMOND PRINCESS,58.29235,-134.3999,2.5,289.0
2012-05-30 05:19:04,2012-05-29 21:19:04,310404000,9228198,ZCDF8,DIAMOND PRINCESS,58.29256,-134.4011,2.3,289.0
2012-05-30 05:20:04,2012-05-29 21:20:04,310404000,9228198,ZCDF8,DIAMOND PRINCESS,58.29274,-134.4021,1.9,290.0
2012-05-30 05:21:04,2012-05-29 21:21:04,310404000,9228198,ZCDF8,DIAMOND PRINCESS,58.29287,-134.4029,1.5,281.6
2012-05-30 05:22:04,2012-05-29 21:22:04,310404000,9228198,ZCDF8,DIAMOND PRINCESS,58.29289,-134.4036,1.1,277.1
2012-05-30 05:23:04,2012-05-29 21:23:04,310404000,9228198,ZCDF8,DIAMOND PRINCESS,58.29285,-134.4041,1.1,250.6
2012-05-30 05:24:04,2012-05-29 21:24:04,310404000,9228198,ZCDF8,DIAMOND PRINCESS,58.29266,-134.4047,1.0,235.7
2012-05-30 05:25:04,2012-05-29 21:25:04,310404000,9228198,ZCDF8,DIAMOND PRINCESS,58.2925,-134.4051,1.0,226.6
2012-05-30 05:26:04,2012-05-29 21:26:04,310404000,9228198,ZCDF8,DIAMOND PRINCESS,58.29225,-134.4055,1.1,204.0
2012-05-30 05:27:05,2012-05-29 21:27:05,310404000,9228198,ZCDF8,DIAMOND PRINCESS,58.29182,-134.4055,2.0,172.5
2012-05-30 05:28:04,2012-05-29 21:28:04,310404000,9228198,ZCDF8,DIAMOND PRINCESS,58.29103,-134.4052,3.5,165.6
2012-05-30 05:29:04,2012-05-29 21:29:04,310404000,9228198,ZCDF8,DIAMOND PRINCESS,58.2899,-134.4045,4.8,164.0
2012-05-30 05:30:04,2012-05-29 21:30:04,310404000,9228198,ZCDF8,DIAMOND PRINCESS,58.28849,-134.4036,5.7,158.9
2012-05-30 05:31:04,2012-05-29 21:31:04,310404000,9228198,ZCDF8,DIAMOND PRINCESS,58.28695,-134.4022,6.4,152.7
2012-05-30 05:32:06,2012-05-29 21:32:06,310404000,9228198,ZCDF8,DIAMOND PRINCESS,58.28544,-134.4002,6.8,142.3
2012-05-30 05:33:06,2012-05-29 21:33:06,310404000,9228198,ZCDF8,DIAMOND PRINCESS,58.284,-134.3976,7.2,134.5
2012-05-30 05:34:06,2012-05-29 21:34:06,310404000,9228198,ZCDF8,DIAMOND PRINCESS,58.28268,-134.3947,7.4,128.5
2012-05-30 05:35:06,2012-05-29 21:35:06,310404000,9228198,ZCDF8,DIAMOND PRINCESS,58.28149,-134.3916,7.2,126.7
2012-05-30 05:36:06,2012-05-29 21:36:06,310404000,9228198,ZCDF8,DIAMOND PRINCESS,58.28036,-134.3886,6.8,125.0
2012-05-30 05:37:06,2012-05-29 21:37:06,310404000,9228198,ZCDF8,DIAMOND PRINCESS,58.27928,-134.3857,6.6,125.0
2012-05-30 05:38:06,2012-05-29 21:38:06,310404000,9228198,ZCDF8,DIAMOND PRINCESS,58.27821,-134.3828,7.0,125.0
2012-05-30 05:39:05,2012-05-29 21:39:05,310404000,9228198,ZCDF8,DIAMOND PRINCESS,58.277,-134.3797,7.7,127.2
2012-05-30 05:40:05,2012-05-29 21:40:05,310404000,9228198,ZCDF8,DIAMOND PRINCESS,58.27557,-134.3763,8.3,128.9
2012-05-30 05:41:06,2012-05-29 21:41:06,310404000,9228198,ZCDF8,DIAMOND PRINCESS,58.27404,-134.3729,8.8,129.6
2012-05-30 05:42:05,2012-05-29 21:42:05,310404000,9228198,ZCDF8,DIAMOND PRINCESS,58.27242,-134.3692,9.1,129.7
2012-05-30 05:43:04,2012-05-29 21:43:04,310404000,9228198,ZCDF8,DIAMOND PRINCESS,58.27077,-134.3656,9.3,131.0
2012-05-30 05:44:04,2012-05-29 21:44:04,310404000,9228198,ZCDF8,DIAMOND PRINCESS,58.26908,-134.3619,9.5,131.0
2012-05-30 05:45:04,2012-05-29 21:45:04,310404000,9228198,ZCDF8,DIAMOND PRINCESS,58.26731,-134.358,9.7,131.0
2012-05-30 05:46:04,2012-05-29 21:46:04,310404000,9228198,ZCDF8,DIAMOND PRINCESS,58.26559,-134.3542,9.8,131.0
2012-05-30 05:47:04,2012-05-29 21:47:04,310404000,9228198,ZCDF8,DIAMOND PRINCESS,58.26376,-134.3502,9.9,132.0
2012-05-30 05:48:04,2012-05-29 21:48:04,310404000,9228198,ZCDF8,DIAMOND PRINCESS,58.26194,-134.3463,9.9,132.0
2012-05-30 05:49:04,2012-05-29 21:49:04,310404000,9228198,ZCDF8,DIAMOND PRINCESS,58.26008,-134.3425,9.9,133.0
2012-05-30 05:50:04,2012-05-29 21:50:04,310404000,9228198,ZCDF8,DIAMOND PRINCESS,58.25816,-134.3387,10.1,134.0
2012-05-30 05:51:05,2012-05-29 21:51:05,310404000,9228198,ZCDF8,DIAMOND PRINCESS,58.25622,-134.3349,10.2,134.0
2012-05-30 05:52:05,2012-05-29 21:52:05,310404000,9228198,ZCDF8,DIAMOND PRINCESS,58.25415,-134.331,10.4,135.0
2012-05-30 05:53:05,2012-05-29 21:53:05,310404000,9228198,ZCDF8,DIAMOND PRINCESS,58.25212,-134.3272,10.5,135.0
2012-05-30 05:54:06,2012-05-29 21:54:06,310404000,9228198,ZCDF8,DIAMOND PRINCESS,58.25,-134.3231,10.7,135.0
2012-05-30 05:55:05,2012-05-29 21:55:05,310404000,9228198,ZCDF8,DIAMOND PRINCESS,58.24788,-134.3191,11.0,135.0
2012-05-30 05:56:06,2012-05-29 21:56:06,310404000,9228198,ZCDF8,DIAMOND PRINCESS,58.24573,-134.3149,11.1,133.9
2012-05-30 05:57:06,2012-05-29 21:57:06,310404000,9228198,ZCDF8,DIAMOND PRINCESS,58.24358,-134.3107,11.2,133.4
2012-05-30 05:58:05,2012-05-29 21:58:05,310404000,9228198,ZCDF8,DIAMOND PRINCESS,58.24142,-134.3064,11.3,133.9
2012-05-30 05:59:06,2012-05-29 21:59:06,310404000,9228198,ZCDF8,DIAMOND PRINCESS,58.23925,-134.3021,11.4,133.9
2012-05-30 06:00:05,2012-05-29 22:00:05,310404000,9228198,ZCDF8,DIAMOND PRINCESS,58.23705,-134.2977,11.5,134.0
2012-05-30 06:01:06,2012-05-29 22:01:06,310404000,9228198,ZCDF8,DIAMOND PRINCESS,58.2348,-134.2934,11.6,135.0
2012-05-30 06:02:05,2012-05-29 22:02:05,310404000,9228198,ZCDF8,DIAMOND PRINCESS,58.23254,-134.2892,11.6,136.0
2012-05-30 06:03:04,2012-05-29 22:03:04,310404000,9228198,ZCDF8,DIAMOND PRINCESS,58.2302,-134.285,11.6,136.0
2012-05-30 06:04:05,2012-05-29 22:04:05,310404000,9228198,ZCDF8,DIAMOND PRINCESS,58.22789,-134.2809,11.6,137.0
2012-05-30 06:05:04,2012-05-29 22:05:04,310404000,9228198,ZCDF8,DIAMOND PRINCESS,58.22546,-134.2767,11.7,137.0
2012-05-30 06:06:04,2012-05-29 22:06:04,310404000,9228198,ZCDF8,DIAMOND PRINCESS,58.22311,-134.2725,11.8,137.0
2012-05-30 06:07:04,2012-05-29 22:07:04,310404000,9228198,ZCDF8,DIAMOND PRINCESS,58.2207,-134.2683,11.9,137.0
2012-05-30 06:08:04,2012-05-29 22:08:04,310404000,9228198,ZCDF8,DIAMOND PRINCESS,58.21829,-134.264,11.9,137.0
2012-05-30 06:09:04,2012-05-29 22:09:04,310404000,9228198,ZCDF8,DIAMOND PRINCESS,58.21587,-134.2597,12.0,137.0
2012-05-30 06:10:04,2012-05-29 22:10:04,310404000,9228198,ZCDF8,DIAMOND PRINCESS,58.21339,-134.2554,12.0,138.4
2012-05-30 06:11:04,2012-05-29 22:11:04,310404000,9228198,ZCDF8,DIAMOND PRINCESS,58.21085,-134.2515,12.0,141.5
2012-05-30 06:12:05,2012-05-29 22:12:05,310404000,9228198,ZCDF8,DIAMOND PRINCESS,58.20803,-134.2479,12.0,148.0
2012-05-30 06:13:05,2012-05-29 22:13:05,310404000,9228198,ZCDF8,DIAMOND PRINCESS,58.20511,-134.2449,12.1,153.0
2012-05-30 06:14:05,2012-05-29 22:14:05,310404000,9228198,ZCDF8,DIAMOND PRINCESS,58.202,-134.2424,12.1,158.5
2012-05-30 06:15:05,2012-05-29 22:15:05,310404000,9228198,ZCDF8,DIAMOND PRINCESS,58.19883,-134.2405,12.1,165.1
2012-05-30 06:16:05,2012-05-29 22:16:05,310404000,9228198,ZCDF8,DIAMOND PRINCESS,58.19552,-134.2395,12.1,175.1
2012-05-30 06:17:05,2012-05-29 22:17:05,310404000,9228198,ZCDF8,DIAMOND PRINCESS,58.19222,-134.2397,12.0,185.0
2012-05-30 06:18:05,2012-05-29 22:18:05,310404000,9228198,ZCDF8,DIAMOND PRINCESS,58.18894,-134.241,11.9,196.0
2012-05-30 06:19:05,2012-05-29 22:19:05,310404000,9228198,ZCDF8,DIAMOND PRINCESS,58.186,-134.2435,11.9,208.0
2012-05-30 06:20:05,2012-05-29 22:20:05,310404000,9228198,ZCDF8,DIAMOND PRINCESS,58.1833,-134.2472,11.9,220.1
2012-05-30 06:21:05,2012-05-29 22:21:05,310404000,9228198,ZCDF8,DIAMOND PRINCESS,58.18112,-134.2518,11.9,232.1
2012-05-30 06:22:05,2012-05-29 22:22:05,310404000,9228198,ZCDF8,DIAMOND PRINCESS,58.17958,-134.2572,11.8,245.0
2012-05-30 06:23:05,2012-05-29 22:23:05,310404000,9228198,ZCDF8,DIAMOND PRINCESS,58.1786,-134.2631,11.8,256.5
2012-05-30 06:24:05,2012-05-29 22:24:05,310404000,9228198,ZCDF8,DIAMOND PRINCESS,58.17827,-134.2692,11.7,267.5
2012-05-30 06:25:05,2012-05-29 22:25:05,310404000,9228198,ZCDF8,DIAMOND PRINCESS,58.17851,-134.2753,11.7,277.0
2012-05-30 06:26:05,2012-05-29 22:26:05,310404000,9228198,ZCDF8,DIAMOND PRINCESS,58.17901,-134.2813,11.8,279.0
2012-05-30 06:27:05,2012-05-29 22:27:05,310404000,9228198,ZCDF8,DIAMOND PRINCESS,58.17953,-134.2876,12.0,279.5
2012-05-30 06:28:05,2012-05-29 22:28:05,310404000,9228198,ZCDF8,DIAMOND PRINCESS,58.18008,-134.2937,12.0,280.0
2012-05-30 06:29:06,2012-05-29 22:29:06,310404000,9228198,ZCDF8,DIAMOND PRINCESS,58.18066,-134.3,12.1,280.0
2012-05-30 06:30:05,2012-05-29 22:30:05,310404000,9228198,ZCDF8,DIAMOND PRINCESS,58.18124,-134.3062,12.2,280.0
2012-05-30 06:31:05,2012-05-29 22:31:05,310404000,9228198,ZCDF8,DIAMOND PRINCESS,58.18184,-134.3126,12.2,280.0
2012-05-30 06:32:05,2012-05-29 22:32:05,310404000,9228198,ZCDF8,DIAMOND PRINCESS,58.18244,-134.3189,12.2,280.0
2012-05-30 06:33:07,2012-05-29 22:33:07,310404000,9228198,ZCDF8,DIAMOND PRINCESS,58.18307,-134.3253,12.2,280.0
2012-05-30 06:34:05,2012-05-29 22:34:05,310404000,9228198,ZCDF8,DIAMOND PRINCESS,58.18363,-134.3315,12.2,281.0
2012-05-30 06:35:05,2012-05-29 22:35:05,310404000,9228198,ZCDF8,DIAMOND PRINCESS,58.18431,-134.3377,12.1,282.0
2012-05-30 06:36:05,2012-05-29 22:36:05,310404000,9228198,ZCDF8,DIAMOND PRINCESS,58.18502,-134.344,12.1,282.0
2012-05-30 06:37:05,2012-05-29 22:37:05,310404000,9228198,ZCDF8,DIAMOND PRINCESS,58.1857,-134.3502,12.1,282.0
2012-05-30 06:38:05,2012-05-29 22:38:05,310404000,9228198,ZCDF8,DIAMOND PRINCESS,58.18641,-134.3565,12.1,282.0
2012-05-30 06:39:05,2012-05-29 22:39:05,310404000,9228198,ZCDF8,DIAMOND PRINCESS,58.1871,-134.3626,12.1,282.0
2012-05-30 06:40:05,2012-05-29 22:40:05,310404000,9228198,ZCDF8,DIAMOND PRINCESS,58.18782,-134.3688,12.1,283.0
2012-05-30 06:41:05,2012-05-29 22:41:05,310404000,9228198,ZCDF8,DIAMOND PRINCESS,58.18858,-134.375,12.1,283.0
2012-05-30 06:42:05,2012-05-29 22:42:05,310404000,9228198,ZCDF8,DIAMOND PRINCESS,58.18938,-134.3812,12.1,283.0
2012-05-30 06:43:05,2012-05-29 22:43:05,310404000,9228198,ZCDF8,DIAMOND PRINCESS,58.19015,-134.3874,12.1,283.9
2012-05-30 06:44:06,2012-05-29 22:44:06,310404000,9228198,ZCDF8,DIAMOND PRINCESS,58.19092,-134.3935,12.1,283.0
2012-05-30 06:45:05,2012-05-29 22:45:05,310404000,9228198,ZCDF8,DIAMOND PRINCESS,58.19173,-134.3998,12.1,283.9
2012-05-30 06:46:06,2012-05-29 22:46:06,310404000,9228198,ZCDF8,DIAMOND PRINCESS,58.1925,-134.4059,12.2,283.9
2012-05-30 06:47:05,2012-05-29 22:47:05,310404000,9228198,ZCDF8,DIAMOND PRINCESS,58.19329,-134.4122,12.2,283.0
2012-05-30 06:48:05,2012-05-29 22:48:05,310404000,9228198,ZCDF8,DIAMOND PRINCESS,58.19407,-134.4184,12.2,283.0
2012-05-30 06:49:05,2012-05-29 22:49:05,310404000,9228198,ZCDF8,DIAMOND PRINCESS,58.19482,-134.4246,12.2,283.0
2012-05-30 06:50:06,2012-05-29 22:50:06,310404000,9228198,ZCDF8,DIAMOND PRINCESS,58.19556,-134.4308,12.2,283.0
2012-05-30 06:51:05,2012-05-29 22:51:05,310404000,9228198,ZCDF8,DIAMOND PRINCESS,58.1963,-134.437,12.2,283.0
2012-05-30 06:52:06,2012-05-29 22:52:06,310404000,9228198,ZCDF8,DIAMOND PRINCESS,58.19703,-134.4433,12.1,281.5
2012-05-30 06:53:06,2012-05-29 22:53:06,310404000,9228198,ZCDF8,DIAMOND PRINCESS,58.19773,-134.4495,12.1,282.0
2012-05-30 06:54:05,2012-05-29 22:54:05,310404000,9228198,ZCDF8,DIAMOND PRINCESS,58.19844,-134.4557,12.1,281.5
2012-05-30 06:55:05,2012-05-29 22:55:05,310404000,9228198,ZCDF8,DIAMOND PRINCESS,58.19914,-134.4619,12.2,281.5
2012-05-30 06:56:04,2012-05-29 22:56:04,310404000,9228198,ZCDF8,DIAMOND PRINCESS,58.19984,-134.4681,12.2,281.6
2012-05-30 06:57:04,2012-05-29 22:57:04,310404000,9228198,ZCDF8,DIAMOND PRINCESS,58.20058,-134.4744,12.3,283.0
2012-05-30 06:58:04,2012-05-29 22:58:04,310404000,9228198,ZCDF8,DIAMOND PRINCESS,58.20133,-134.4807,12.3,282.6
2012-05-30 06:59:04,2012-05-29 22:59:04,310404000,9228198,ZCDF8,DIAMOND PRINCESS,58.20206,-134.4869,12.3,282.6
2012-05-30 07:00:04,2012-05-29 23:00:04,310404000,9228198,ZCDF8,DIAMOND PRINCESS,58.20291,-134.4933,12.3,285.6
2012-05-30 07:01:04,2012-05-29 23:01:04,310404000,9228198,ZCDF8,DIAMOND PRINCESS,58.20393,-134.4995,12.3,286.6
2012-05-30 07:02:04,2012-05-29 23:02:04,310404000,9228198,ZCDF8,DIAMOND PRINCESS,58.20496,-134.5056,12.4,287.6
2012-05-30 07:03:04,2012-05-29 23:03:04,310404000,9228198,ZCDF8,DIAMOND PRINCESS,58.20603,-134.5119,12.4,287.6
2012-05-30 07:04:05,2012-05-29 23:04:05,310404000,9228198,ZCDF8,DIAMOND PRINCESS,58.20709,-134.5179,12.5,287.6
2012-05-30 07:05:06,2012-05-29 23:05:06,310404000,9228198,ZCDF8,DIAMOND PRINCESS,58.20822,-134.5243,12.4,288.5
2012-05-30 07:06:06,2012-05-29 23:06:06,310404000,9228198,ZCDF8,DIAMOND PRINCESS,58.2093,-134.5304,12.3,289.0
2012-05-30 07:07:06,2012-05-29 23:07:06,310404000,9228198,ZCDF8,DIAMOND PRINCESS,58.2104,-134.5366,12.3,289.0
2012-05-30 07:08:06,2012-05-29 23:08:06,310404000,9228198,ZCDF8,DIAMOND PRINCESS,58.2115,-134.5427,12.3,288.5
2012-05-30 07:09:06,2012-05-29 23:09:06,310404000,9228198,ZCDF8,DIAMOND PRINCESS,58.2126,-134.5489,12.3,289.4
2012-05-30 07:10:06,2012-05-29 23:10:06,310404000,9228198,ZCDF8,DIAMOND PRINCESS,58.2137,-134.555,12.4,289.0
2012-05-30 07:11:05,2012-05-29 23:11:05,310404000,9228198,ZCDF8,DIAMOND PRINCESS,58.21476,-134.5609,12.4,287.6
2012-05-30 07:12:04,2012-05-29 23:12:04,310404000,9228198,ZCDF8,DIAMOND PRINCESS,58.21589,-134.5672,12.4,288.5
2012-05-30 07:13:05,2012-05-29 23:13:05,310404000,9228198,ZCDF8,DIAMOND PRINCESS,58.21697,-134.5732,12.4,288.5
2012-05-30 07:14:05,2012-05-29 23:14:05,310404000,9228198,ZCDF8,DIAMOND PRINCESS,58.21808,-134.5795,12.4,288.5
2012-05-30 07:15:05,2012-05-29 23:15:05,310404000,9228198,ZCDF8,DIAMOND PRINCESS,58.21916,-134.5856,12.4,288.5
2012-05-30 07:16:05,2012-05-29 23:16:05,310404000,9228198,ZCDF8,DIAMOND PRINCESS,58.22031,-134.5917,12.4,291.5
2012-05-30 07:17:06,2012-05-29 23:17:06,310404000,9228198,ZCDF8,DIAMOND PRINCESS,58.22174,-134.5978,12.3,296.1
2012-05-30 07:18:06,2012-05-29 23:18:06,310404000,9228198,ZCDF8,DIAMOND PRINCESS,58.22342,-134.6033,12.2,302.1
2012-05-30 07:19:06,2012-05-29 23:19:06,310404000,9228198,ZCDF8,DIAMOND PRINCESS,58.22538,-134.6086,12.1,305.6
2012-05-30 07:20:06,2012-05-29 23:20:06,310404000,9228198,ZCDF8,DIAMOND PRINCESS,58.22745,-134.6134,12.0,309.0
2012-05-30 07:21:06,2012-05-29 23:21:06,310404000,9228198,ZCDF8,DIAMOND PRINCESS,58.22961,-134.6184,12.1,309.5
2012-05-30 07:22:06,2012-05-29 23:22:06,310404000,9228198,ZCDF8,DIAMOND PRINCESS,58.23166,-134.6232,12.2,309.5
2012-05-30 07:23:06,2012-05-29 23:23:06,310404000,9228198,ZCDF8,DIAMOND PRINCESS,58.23393,-134.6282,12.3,310.0
2012-05-30 07:24:06,2012-05-29 23:24:06,310404000,9228198,ZCDF8,DIAMOND PRINCESS,58.23616,-134.6331,12.3,310.5
2012-05-30 07:25:05,2012-05-29 23:25:05,310404000,9228198,ZCDF8,DIAMOND PRINCESS,58.23846,-134.6378,12.4,315.1
2012-05-30 07:26:04,2012-05-29 23:26:04,310404000,9228198,ZCDF8,DIAMOND PRINCESS,58.24102,-134.642,12.4,321.1
2012-05-30 07:27:04,2012-05-29 23:27:04,310404000,9228198,ZCDF8,DIAMOND PRINCESS,58.24376,-134.6459,12.4,324.6
2012-05-30 07:28:04,2012-05-29 23:28:04,310404000,9228198,ZCDF8,DIAMOND PRINCESS,58.24665,-134.6496,12.4,325.6
2012-05-30 07:29:04,2012-05-29 23:29:04,310404000,9228198,ZCDF8,DIAMOND PRINCESS,58.24946,-134.6532,12.4,325.6
2012-05-30 07:30:04,2012-05-29 23:30:04,310404000,9228198,ZCDF8,DIAMOND PRINCESS,58.25237,-134.6569,12.4,325.6
2012-05-30 07:31:04,2012-05-29 23:31:04,310404000,9228198,ZCDF8,DIAMOND PRINCESS,58.2552,-134.6604,12.4,326.5
2012-05-30 07:32:05,2012-05-29 23:32:05,310404000,9228198,ZCDF8,DIAMOND PRINCESS,58.25814,-134.6642,12.3,325.6
2012-05-30 07:33:05,2012-05-29 23:33:05,310404000,9228198,ZCDF8,DIAMOND PRINCESS,58.26092,-134.6677,12.2,325.5
2012-05-30 07:34:06,2012-05-29 23:34:06,310404000,9228198,ZCDF8,DIAMOND PRINCESS,58.26374,-134.6713,12.2,325.5
2012-05-30 07:35:05,2012-05-29 23:35:05,310404000,9228198,ZCDF8,DIAMOND PRINCESS,58.26655,-134.6748,12.1,325.5
2012-05-30 07:36:06,2012-05-29 23:36:06,310404000,9228198,ZCDF8,DIAMOND PRINCESS,58.26934,-134.6783,12.0,326.0
2012-05-30 07:37:06,2012-05-29 23:37:06,310404000,9228198,ZCDF8,DIAMOND PRINCESS,58.27211,-134.6818,11.9,326.5
2012-05-30 07:38:06,2012-05-29 23:38:06,310404000,9228198,ZCDF8,DIAMOND PRINCESS,58.27488,-134.6853,11.7,326.0
2012-05-30 07:39:06,2012-05-29 23:39:06,310404000,9228198,ZCDF8,DIAMOND PRINCESS,58.27753,-134.6886,11.5,327.0
2012-05-30 07:40:06,2012-05-29 23:40:06,310404000,9228198,ZCDF8,DIAMOND PRINCESS,58.28017,-134.6918,11.3,327.0
2012-05-30 07:41:05,2012-05-29 23:41:05,310404000,9228198,ZCDF8,DIAMOND PRINCESS,58.28273,-134.695,11.1,327.0
2012-05-30 07:42:05,2012-05-29 23:42:05,310404000,9228198,ZCDF8,DIAMOND PRINCESS,58.28524,-134.6981,10.9,327.0
2012-05-30 07:43:07,2012-05-29 23:43:07,310404000,9228198,ZCDF8,DIAMOND PRINCESS,58.2878,-134.7012,10.7,328.0
2012-05-30 07:44:05,2012-05-29 23:44:05,310404000,9228198,ZCDF8,DIAMOND PRINCESS,58.29027,-134.7042,10.6,327.0
2012-05-30 07:45:06,2012-05-29 23:45:06,310404000,9228198,ZCDF8,DIAMOND PRINCESS,58.2928,-134.7072,10.6,329.1
2012-05-30 07:46:06,2012-05-29 23:46:06,310404000,9228198,ZCDF8,DIAMOND PRINCESS,58.29525,-134.7101,10.5,327.5
2012-05-30 07:47:06,2012-05-29 23:47:06,310404000,9228198,ZCDF8,DIAMOND PRINCESS,58.29773,-134.7131,10.4,328.1
2012-05-30 07:48:05,2012-05-29 23:48:05,310404000,9228198,ZCDF8,DIAMOND PRINCESS,58.30014,-134.716,10.4,328.1
2012-05-30 07:49:05,2012-05-29 23:49:05,310404000,9228198,ZCDF8,DIAMOND PRINCESS,58.30258,-134.7189,10.4,327.5
2012-05-30 07:50:05,2012-05-29 23:50:05,310404000,9228198,ZCDF8,DIAMOND PRINCESS,58.30505,-134.7218,10.3,328.1
2012-05-30 07:51:05,2012-05-29 23:51:05,310404000,9228198,ZCDF8,DIAMOND PRINCESS,58.30745,-134.7246,10.3,328.1
2012-05-30 07:52:05,2012-05-29 23:52:05,310404000,9228198,ZCDF8,DIAMOND PRINCESS,58.30992,-134.7276,10.3,328.1
2012-05-30 07:53:04,2012-05-29 23:53:04,310404000,9228198,ZCDF8,DIAMOND PRINCESS,58.31226,-134.7303,10.3,327.5
2012-05-30 07:54:04,2012-05-29 23:54:04,310404000,9228198,ZCDF8,DIAMOND PRINCESS,58.31467,-134.7332,10.3,327.6
2012-05-30 07:55:04,2012-05-29 23:55:04,310404000,9228198,ZCDF8,DIAMOND PRINCESS,58.31709,-134.7361,10.2,328.1
2012-05-30 07:56:04,2012-05-29 23:56:04,310404000,9228198,ZCDF8,DIAMOND PRINCESS,58.31949,-134.739,10.2,328.1
2012-05-30 07:57:06,2012-05-29 23:57:06,310404000,9228198,ZCDF8,DIAMOND PRINCESS,58.32195,-134.7419,10.4,328.1
2012-05-30 07:58:06,2012-05-29 23:58:06,310404000,9228198,ZCDF8,DIAMOND PRINCESS,58.32441,-134.7448,10.5,328.0
2012-05-30 07:59:06,2012-05-29 23:59:06,310404000,9228198,ZCDF8,DIAMOND PRINCESS,58.3269,-134.748,10.7,325.6
2012-05-30 08:00:06,2012-05-30 00:00:06,310404000,9228198,ZCDF8,DIAMOND PRINCESS,58.32933,-134.7512,11.0,324.5
2012-05-30 08:01:06,2012-05-30 00:01:06,310404000,9228198,ZCDF8,DIAMOND PRINCESS,58.33192,-134.7547,11.4,323.4
2012-05-30 08:02:06,2012-05-30 00:02:06,310404000,9228198,ZCDF8,DIAMOND PRINCESS,58.33448,-134.7583,11.8,323.5
2012-05-30 08:03:06,2012-05-30 00:03:06,310404000,9228198,ZCDF8,DIAMOND PRINCESS,58.33723,-134.7621,12.2,324.5
2012-05-30 08:04:06,2012-05-30 00:04:06,310404000,9228198,ZCDF8,DIAMOND PRINCESS,58.33995,-134.7658,12.4,325.0
2012-05-30 08:05:06,2012-05-30 00:05:06,310404000,9228198,ZCDF8,DIAMOND PRINCESS,58.34288,-134.7692,12.4,330.1
2012-05-30 08:06:06,2012-05-30 00:06:06,310404000,9228198,ZCDF8,DIAMOND PRINCESS,58.34598,-134.7721,12.5,335.2
2012-05-30 08:07:06,2012-05-30 00:07:06,310404000,9228198,ZCDF8,DIAMOND PRINCESS,58.34921,-134.7745,12.5,339.7
2012-05-30 08:08:06,2012-05-30 00:08:06,310404000,9228198,ZCDF8,DIAMOND PRINCESS,58.35243,-134.7767,12.5,341.6
2012-05-30 08:09:06,2012-05-30 00:09:06,310404000,9228198,ZCDF8,DIAMOND PRINCESS,58.35581,-134.7787,12.6,341.7
2012-05-30 08:10:05,2012-05-30 00:10:05,310404000,9228198,ZCDF8,DIAMOND PRINCESS,58.35913,-134.7807,12.6,342.6
2012-05-30 08:11:06,2012-05-30 00:11:06,310404000,9228198,ZCDF8,DIAMOND PRINCESS,58.36242,-134.7826,12.6,342.6
2012-05-30 08:12:06,2012-05-30 00:12:06,310404000,9228198,ZCDF8,DIAMOND PRINCESS,58.36582,-134.7846,12.6,343.0
2012-05-30 08:13:06,2012-05-30 00:13:06,310404000,9228198,ZCDF8,DIAMOND PRINCESS,58.36911,-134.7865,12.6,343.6
2012-05-30 08:14:05,2012-05-30 00:14:05,310404000,9228198,ZCDF8,DIAMOND PRINCESS,58.37251,-134.7885,12.6,343.1
2012-05-30 08:15:15,2012-05-30 00:15:15,310404000,9228198,ZCDF8,DIAMOND PRINCESS,58.37627,-134.7909,12.6,340.4
2012-05-30 08:16:05,2012-05-30 00:16:05,310404000,9228198,ZCDF8,DIAMOND PRINCESS,58.37895,-134.793,12.6,336.4
2012-05-30 08:17:05,2012-05-30 00:17:05,310404000,9228198,ZCDF8,DIAMOND PRINCESS,58.38215,-134.7957,12.6,336.0
2012-05-30 08:18:05,2012-05-30 00:18:05,310404000,9228198,ZCDF8,DIAMOND PRINCESS,58.38535,-134.7984,12.6,335.5
2012-05-30 08:19:05,2012-05-30 00:19:05,310404000,9228198,ZCDF8,DIAMOND PRINCESS,58.38856,-134.8011,12.8,335.5
2012-05-30 08:20:04,2012-05-30 00:20:04,310404000,9228198,ZCDF8,DIAMOND PRINCESS,58.39177,-134.8039,12.7,336.0
2012-05-30 08:21:04,2012-05-30 00:21:04,310404000,9228198,ZCDF8,DIAMOND PRINCESS,58.39498,-134.8066,12.7,336.0
2012-05-30 08:22:05,2012-05-30 00:22:05,310404000,9228198,ZCDF8,DIAMOND PRINCESS,58.3982,-134.8094,12.7,335.5
2012-05-30 08:23:06,2012-05-30 00:23:06,310404000,9228198,ZCDF8,DIAMOND PRINCESS,58.40147,-134.8121,12.7,335.5
2012-05-30 08:24:05,2012-05-30 00:24:05,310404000,9228198,ZCDF8,DIAMOND PRINCESS,58.40467,-134.8148,12.6,336.0
2012-05-30 08:25:14,2012-05-30 00:25:14,310404000,9228198,ZCDF8,DIAMOND PRINCESS,58.40836,-134.8179,12.6,335.5
2012-05-30 08:26:07,2012-05-30 00:26:07,310404000,9228198,ZCDF8,DIAMOND PRINCESS,58.41106,-134.8201,12.5,336.0
2012-05-30 08:27:06,2012-05-30 00:27:06,310404000,9228198,ZCDF8,DIAMOND PRINCESS,58.41423,-134.8228,12.5,336.0
2012-05-30 08:28:06,2012-05-30 00:28:06,310404000,9228198,ZCDF8,DIAMOND PRINCESS,58.4174,-134.8255,12.4,336.0
2012-05-30 08:29:06,2012-05-30 00:29:06,310404000,9228198,ZCDF8,DIAMOND PRINCESS,58.42053,-134.8281,12.3,337.4
2012-05-30 08:30:06,2012-05-30 00:30:06,310404000,9228198,ZCDF8,DIAMOND PRINCESS,58.42363,-134.8307,12.2,336.4
2012-05-30 08:31:05,2012-05-30 00:31:05,310404000,9228198,ZCDF8,DIAMOND PRINCESS,58.42667,-134.8333,12.2,336.0
2012-05-30 08:32:05,2012-05-30 00:32:05,310404000,9228198,ZCDF8,DIAMOND PRINCESS,58.42976,-134.8359,12.1,336.0
2012-05-30 08:33:05,2012-05-30 00:33:05,310404000,9228198,ZCDF8,DIAMOND PRINCESS,58.43284,-134.8386,12.2,336.0
2012-05-30 08:34:05,2012-05-30 00:34:05,310404000,9228198,ZCDF8,DIAMOND PRINCESS,58.43593,-134.8412,12.2,336.0
2012-05-30 08:35:15,2012-05-30 00:35:15,310404000,9228198,ZCDF8,DIAMOND PRINCESS,58.43954,-134.8443,12.2,336.0
2012-05-30 08:36:05,2012-05-30 00:36:05,310404000,9228198,ZCDF8,DIAMOND PRINCESS,58.44212,-134.8465,12.2,336.0
2012-05-30 08:37:05,2012-05-30 00:37:05,310404000,9228198,ZCDF8,DIAMOND PRINCESS,58.44522,-134.8493,12.2,333.5
2012-05-30 08:38:05,2012-05-30 00:38:05,310404000,9228198,ZCDF8,DIAMOND PRINCESS,58.44827,-134.8521,12.2,334.0
2012-05-30 08:39:05,2012-05-30 00:39:05,310404000,9228198,ZCDF8,DIAMOND PRINCESS,58.45124,-134.8549,12.1,334.0
2012-05-30 08:40:05,2012-05-30 00:40:05,310404000,9228198,ZCDF8,DIAMOND PRINCESS,58.45432,-134.8577,12.1,333.5
2012-05-30 08:41:06,2012-05-30 00:41:06,310404000,9228198,ZCDF8,DIAMOND PRINCESS,58.45728,-134.8605,12.1,334.0
2012-05-30 08:42:05,2012-05-30 00:42:05,310404000,9228198,ZCDF8,DIAMOND PRINCESS,58.46028,-134.8633,12.1,334.0
2012-05-30 08:43:05,2012-05-30 00:43:05,310404000,9228198,ZCDF8,DIAMOND PRINCESS,58.46333,-134.8661,12.1,333.5
2012-05-30 08:44:05,2012-05-30 00:44:05,310404000,9228198,ZCDF8,DIAMOND PRINCESS,58.46631,-134.8689,12.2,334.5
2012-05-30 08:45:05,2012-05-30 00:45:05,310404000,9228198,ZCDF8,DIAMOND PRINCESS,58.46943,-134.8717,12.3,334.0
2012-05-30 08:46:05,2012-05-30 00:46:05,310404000,9228198,ZCDF8,DIAMOND PRINCESS,58.47245,-134.8745,12.4,334.0
2012-05-30 08:47:05,2012-05-30 00:47:05,310404000,9228198,ZCDF8,DIAMOND PRINCESS,58.47555,-134.8774,12.5,333.5
2012-05-30 08:48:05,2012-05-30 00:48:05,310404000,9228198,ZCDF8,DIAMOND PRINCESS,58.47871,-134.8803,12.5,333.5
2012-05-30 08:49:16,2012-05-30 00:49:16,310404000,9228198,ZCDF8,DIAMOND PRINCESS,58.48228,-134.8837,12.5,332.0
2012-05-30 08:50:06,2012-05-30 00:50:06,310404000,9228198,ZCDF8,DIAMOND PRINCESS,58.48487,-134.8866,12.5,327.9
2012-05-30 08:51:06,2012-05-30 00:51:06,310404000,9228198,ZCDF8,DIAMOND PRINCESS,58.48761,-134.8904,12.3,321.9
2012-05-30 08:52:06,2012-05-30 00:52:06,310404000,9228198,ZCDF8,DIAMOND PRINCESS,58.49023,-134.8947,12.3,316.9
2012-05-30 08:53:05,2012-05-30 00:53:05,310404000,9228198,ZCDF8,DIAMOND PRINCESS,58.49271,-134.8992,12.4,316.0
2012-05-30 08:54:05,2012-05-30 00:54:05,310404000,9228198,ZCDF8,DIAMOND PRINCESS,58.49505,-134.9038,12.5,313.5
2012-05-30 08:55:05,2012-05-30 00:55:05,310404000,9228198,ZCDF8,DIAMOND PRINCESS,58.4975,-134.9086,12.5,313.5
2012-05-30 08:56:05,2012-05-30 00:56:05,310404000,9228198,ZCDF8,DIAMOND PRINCESS,58.49989,-134.9134,12.6,314.0
2012-05-30 08:57:05,2012-05-30 00:57:05,310404000,9228198,ZCDF8,DIAMOND PRINCESS,58.50229,-134.9182,12.6,314.0
2012-05-30 08:58:04,2012-05-30 00:58:04,310404000,9228198,ZCDF8,DIAMOND PRINCESS,58.50467,-134.923,12.6,313.0
2012-05-30 08:59:04,2012-05-30 00:59:04,310404000,9228198,ZCDF8,DIAMOND PRINCESS,58.5071,-134.9277,12.6,314.0
2012-05-30 09:00:04,2012-05-30 01:00:04,310404000,9228198,ZCDF8,DIAMOND PRINCESS,58.50955,-134.9326,12.6,314.0
2012-05-30 09:01:05,2012-05-30 01:01:05,310404000,9228198,ZCDF8,DIAMOND PRINCESS,58.51193,-134.9374,12.6,313.5
2012-05-30 09:02:05,2012-05-30 01:02:05,310404000,9228198,ZCDF8,DIAMOND PRINCESS,58.51437,-134.9423,12.6,314.0
2012-05-30 09:03:14,2012-05-30 01:03:14,310404000,9228198,ZCDF8,DIAMOND PRINCESS,58.51722,-134.9477,12.5,316.6
2012-05-30 09:04:05,2012-05-30 01:04:05,310404000,9228198,ZCDF8,DIAMOND PRINCESS,58.51938,-134.9513,12.5,317.7
2012-05-30 09:05:05,2012-05-30 01:05:05,310404000,9228198,ZCDF8,DIAMOND PRINCESS,58.52209,-134.9558,12.5,320.0
2012-05-30 09:06:06,2012-05-30 01:06:06,310404000,9228198,ZCDF8,DIAMOND PRINCESS,58.52468,-134.96,12.5,320.0
2012-05-30 09:07:06,2012-05-30 01:07:06,310404000,9228198,ZCDF8,DIAMOND PRINCESS,58.52736,-134.9644,12.5,319.0
2012-05-30 09:08:25,2012-05-30 01:08:25,310404000,9228198,ZCDF8,DIAMOND PRINCESS,58.53083,-134.97,12.5,319.5
2012-05-30 09:09:05,2012-05-30 01:09:05,310404000,9228198,ZCDF8,DIAMOND PRINCESS,58.53259,-134.9729,12.5,320.0
2012-05-30 09:10:05,2012-05-30 01:10:05,310404000,9228198,ZCDF8,DIAMOND PRINCESS,58.53529,-134.9772,12.5,319.5
2012-05-30 09:11:06,2012-05-30 01:11:06,310404000,9228198,ZCDF8,DIAMOND PRINCESS,58.5379,-134.9814,12.5,320.0
2012-05-30 09:12:05,2012-05-30 01:12:05,310404000,9228198,ZCDF8,DIAMOND PRINCESS,58.54061,-134.9858,12.6,320.0
2012-05-30 09:13:05,2012-05-30 01:13:05,310404000,9228198,ZCDF8,DIAMOND PRINCESS,58.54323,-134.9901,12.6,320.0
2012-05-30 09:14:06,2012-05-30 01:14:06,310404000,9228198,ZCDF8,DIAMOND PRINCESS,58.54589,-134.9944,12.6,319.5
2012-05-30 09:15:06,2012-05-30 01:15:06,310404000,9228198,ZCDF8,DIAMOND PRINCESS,58.54859,-134.9988,12.5,320.0
2012-05-30 09:16:05,2012-05-30 01:16:05,310404000,9228198,ZCDF8,DIAMOND PRINCESS,58.55119,-135.003,12.5,320.5
2012-05-30 09:17:06,2012-05-30 01:17:06,310404000,9228198,ZCDF8,DIAMOND PRINCESS,58.55387,-135.0074,12.5,320.0
2012-05-30 09:18:06,2012-05-30 01:18:06,310404000,9228198,ZCDF8,DIAMOND PRINCESS,58.55651,-135.0116,12.5,320.0
2012-05-30 09:19:06,2012-05-30 01:19:06,310404000,9228198,ZCDF8,DIAMOND PRINCESS,58.55913,-135.0159,12.4,319.0
2012-05-30 09:20:06,2012-05-30 01:20:06,310404000,9228198,ZCDF8,DIAMOND PRINCESS,58.56177,-135.0203,12.4,318.6
2012-05-30 09:21:06,2012-05-30 01:21:06,310404000,9228198,ZCDF8,DIAMOND PRINCESS,58.56432,-135.0244,12.3,318.6
2012-05-30 09:22:06,2012-05-30 01:22:06,310404000,9228198,ZCDF8,DIAMOND PRINCESS,58.56689,-135.0287,12.2,319.0
2012-05-30 09:23:06,2012-05-30 01:23:06,310404000,9228198,ZCDF8,DIAMOND PRINCESS,58.56939,-135.0328,12.1,318.5
2012-05-30 09:24:06,2012-05-30 01:24:06,310404000,9228198,ZCDF8,DIAMOND PRINCESS,58.57198,-135.0371,12.1,320.1
2012-05-30 09:25:06,2012-05-30 01:25:06,310404000,9228198,ZCDF8,DIAMOND PRINCESS,58.57464,-135.0408,12.2,324.6
2012-05-30 09:26:05,2012-05-30 01:26:05,310404000,9228198,ZCDF8,DIAMOND PRINCESS,58.57752,-135.0442,12.2,329.7
2012-05-30 09:27:16,2012-05-30 01:27:16,310404000,9228198,ZCDF8,DIAMOND PRINCESS,58.58115,-135.0476,12.2,336.6
2012-05-30 09:28:06,2012-05-30 01:28:06,310404000,9228198,ZCDF8,DIAMOND PRINCESS,58.58372,-135.0495,12.3,339.6
2012-05-30 09:29:06,2012-05-30 01:29:06,310404000,9228198,ZCDF8,DIAMOND PRINCESS,58.58698,-135.0519,12.4,338.6
2012-05-30 09:30:06,2012-05-30 01:30:06,310404000,9228198,ZCDF8,DIAMOND PRINCESS,58.5902,-135.0542,12.4,340.0
2012-05-30 09:31:06,2012-05-30 01:31:06,310404000,9228198,ZCDF8,DIAMOND PRINCESS,58.5934,-135.0565,12.3,339.0
2012-05-30 09:32:06,2012-05-30 01:32:06,310404000,9228198,ZCDF8,DIAMOND PRINCESS,58.59655,-135.0587,12.3,338.6
2012-05-30 09:33:06,2012-05-30 01:33:06,310404000,9228198,ZCDF8,DIAMOND PRINCESS,58.59978,-135.0611,12.3,338.6
2012-05-30 09:34:06,2012-05-30 01:34:06,310404000,9228198,ZCDF8,DIAMOND PRINCESS,58.60296,-135.0634,12.2,338.5
2012-05-30 09:35:06,2012-05-30 01:35:06,310404000,9228198,ZCDF8,DIAMOND PRINCESS,58.60613,-135.0657,12.1,340.0
2012-05-30 09:36:06,2012-05-30 01:36:06,310404000,9228198,ZCDF8,DIAMOND PRINCESS,58.60927,-135.068,12.2,339.0
2012-05-30 09:37:06,2012-05-30 01:37:06,310404000,9228198,ZCDF8,DIAMOND PRINCESS,58.61237,-135.0702,12.1,338.5
2012-05-30 09:38:04,2012-05-30 01:38:04,310404000,9228198,ZCDF8,DIAMOND PRINCESS,58.61546,-135.0724,12.0,338.5
2012-05-30 09:39:05,2012-05-30 01:39:05,310404000,9228198,ZCDF8,DIAMOND PRINCESS,58.61857,-135.0747,12.0,339.0
2012-05-30 09:40:05,2012-05-30 01:40:05,310404000,9228198,ZCDF8,DIAMOND PRINCESS,58.62168,-135.0769,12.0,339.0
2012-05-30 09:41:05,2012-05-30 01:41:05,310404000,9228198,ZCDF8,DIAMOND PRINCESS,58.62481,-135.0791,12.1,339.5
2012-05-30 09:42:05,2012-05-30 01:42:05,310404000,9228198,ZCDF8,DIAMOND PRINCESS,58.62796,-135.0814,12.2,340.0
2012-05-30 09:43:05,2012-05-30 01:43:05,310404000,9228198,ZCDF8,DIAMOND PRINCESS,58.63119,-135.0836,12.3,339.5
2012-05-30 09:44:05,2012-05-30 01:44:05,310404000,9228198,ZCDF8,DIAMOND PRINCESS,58.63433,-135.0859,12.3,340.0
2012-05-30 09:45:05,2012-05-30 01:45:05,310404000,9228198,ZCDF8,DIAMOND PRINCESS,58.63755,-135.0881,12.4,340.0
2012-05-30 09:46:05,2012-05-30 01:46:05,310404000,9228198,ZCDF8,DIAMOND PRINCESS,58.64083,-135.0904,12.4,339.5
2012-05-30 09:47:05,2012-05-30 01:47:05,310404000,9228198,ZCDF8,DIAMOND PRINCESS,58.644,-135.0925,12.4,340.9
2012-05-30 09:48:06,2012-05-30 01:48:06,310404000,9228198,ZCDF8,DIAMOND PRINCESS,58.64731,-135.0948,12.4,340.0
2012-05-30 09:49:06,2012-05-30 01:49:06,310404000,9228198,ZCDF8,DIAMOND PRINCESS,58.65054,-135.097,12.4,340.9
2012-05-30 09:50:06,2012-05-30 01:50:06,310404000,9228198,ZCDF8,DIAMOND PRINCESS,58.65377,-135.0992,12.4,340.0
2012-05-30 09:51:06,2012-05-30 01:51:06,310404000,9228198,ZCDF8,DIAMOND PRINCESS,58.65707,-135.1015,12.5,340.0
2012-05-30 09:52:06,2012-05-30 01:52:06,310404000,9228198,ZCDF8,DIAMOND PRINCESS,58.66032,-135.1037,12.5,340.5
2012-05-30 09:53:05,2012-05-30 01:53:05,310404000,9228198,ZCDF8,DIAMOND PRINCESS,58.66352,-135.1059,12.5,340.0
2012-05-30 09:54:05,2012-05-30 01:54:05,310404000,9228198,ZCDF8,DIAMOND PRINCESS,58.66677,-135.1083,12.5,339.1
2012-05-30 09:55:05,2012-05-30 01:55:05,310404000,9228198,ZCDF8,DIAMOND PRINCESS,58.66998,-135.1107,12.4,338.6
2012-05-30 09:56:05,2012-05-30 01:56:05,310404000,9228198,ZCDF8,DIAMOND PRINCESS,58.6733,-135.1127,12.3,343.6
2012-05-30 09:57:05,2012-05-30 01:57:05,310404000,9228198,ZCDF8,DIAMOND PRINCESS,58.67653,-135.1141,12.1,348.6
2012-05-30 09:58:06,2012-05-30 01:58:06,310404000,9228198,ZCDF8,DIAMOND PRINCESS,58.67998,-135.115,12.0,353.6
2012-05-30 09:59:06,2012-05-30 01:59:06,310404000,9228198,ZCDF8,DIAMOND PRINCESS,58.68324,-135.1157,12.1,354.5
2012-05-30 10:00:06,2012-05-30 02:00:06,310404000,9228198,ZCDF8,DIAMOND PRINCESS,58.68664,-135.1164,12.2,353.5
2012-05-30 10:01:06,2012-05-30 02:01:06,310404000,9228198,ZCDF8,DIAMOND PRINCESS,58.69002,-135.1171,12.3,354.0
2012-05-30 10:02:06,2012-05-30 02:02:06,310404000,9228198,ZCDF8,DIAMOND PRINCESS,58.6934,-135.1178,12.3,354.0
2012-05-30 10:03:06,2012-05-30 02:03:06,310404000,9228198,ZCDF8,DIAMOND PRINCESS,58.69678,-135.1185,12.3,354.0
2012-05-30 10:04:06,2012-05-30 02:04:06,310404000,9228198,ZCDF8,DIAMOND PRINCESS,58.70011,-135.1192,12.3,354.0
2012-05-30 10:05:06,2012-05-30 02:05:06,310404000,9228198,ZCDF8,DIAMOND PRINCESS,58.70352,-135.1198,12.4,354.0
2012-05-30 10:06:06,2012-05-30 02:06:06,310404000,9228198,ZCDF8,DIAMOND PRINCESS,58.70694,-135.1205,12.4,354.0
2012-05-30 10:07:06,2012-05-30 02:07:06,310404000,9228198,ZCDF8,DIAMOND PRINCESS,58.71034,-135.1212,12.4,354.0
2012-05-30 10:08:06,2012-05-30 02:08:06,310404000,9228198,ZCDF8,DIAMOND PRINCESS,58.71377,-135.1218,12.4,355.5
2012-05-30 10:09:06,2012-05-30 02:09:06,310404000,9228198,ZCDF8,DIAMOND PRINCESS,58.7172,-135.1225,12.4,355.5
2012-05-30 10:10:06,2012-05-30 02:10:06,310404000,9228198,ZCDF8,DIAMOND PRINCESS,58.72063,-135.1231,12.4,355.0
2012-05-30 10:11:06,2012-05-30 02:11:06,310404000,9228198,ZCDF8,DIAMOND PRINCESS,58.7241,-135.1237,12.4,355.0
2012-05-30 10:12:06,2012-05-30 02:12:06,310404000,9228198,ZCDF8,DIAMOND PRINCESS,58.72744,-135.1243,12.4,354.0
2012-05-30 10:13:06,2012-05-30 02:13:06,310404000,9228198,ZCDF8,DIAMOND PRINCESS,58.73091,-135.1249,12.4,355.0
2012-05-30 10:14:06,2012-05-30 02:14:06,310404000,9228198,ZCDF8,DIAMOND PRINCESS,58.73426,-135.1255,12.4,355.0
2012-05-30 10:15:05,2012-05-30 02:15:05,310404000,9228198,ZCDF8,DIAMOND PRINCESS,58.73759,-135.1263,12.3,351.9
2012-05-30 10:16:04,2012-05-30 02:16:04,310404000,9228198,ZCDF8,DIAMOND PRINCESS,58.74098,-135.1273,12.4,350.9
2012-05-30 10:17:05,2012-05-30 02:17:05,310404000,9228198,ZCDF8,DIAMOND PRINCESS,58.74435,-135.1284,12.4,350.0
2012-05-30 10:18:04,2012-05-30 02:18:04,310404000,9228198,ZCDF8,DIAMOND PRINCESS,58.74771,-135.1298,12.4,346.4
2012-05-30 10:19:05,2012-05-30 02:19:05,310404000,9228198,ZCDF8,DIAMOND PRINCESS,58.75099,-135.1315,12.4,345.0
2012-05-30 10:20:05,2012-05-30 02:20:05,310404000,9228198,ZCDF8,DIAMOND PRINCESS,58.75437,-135.1332,12.5,345.0
2012-05-30 10:21:05,2012-05-30 02:21:05,310404000,9228198,ZCDF8,DIAMOND PRINCESS,58.7577,-135.1349,12.4,345.0
2012-05-30 10:22:06,2012-05-30 02:22:06,310404000,9228198,ZCDF8,DIAMOND PRINCESS,58.76105,-135.1367,12.2,345.0
2012-05-30 10:23:06,2012-05-30 02:23:06,310404000,9228198,ZCDF8,DIAMOND PRINCESS,58.76435,-135.1384,12.1,345.0
2012-05-30 10:24:06,2012-05-30 02:24:06,310404000,9228198,ZCDF8,DIAMOND PRINCESS,58.76753,-135.14,12.0,345.0
2012-05-30 10:25:06,2012-05-30 02:25:06,310404000,9228198,ZCDF8,DIAMOND PRINCESS,58.77074,-135.1417,12.0,345.0
2012-05-30 10:26:06,2012-05-30 02:26:06,310404000,9228198,ZCDF8,DIAMOND PRINCESS,58.77396,-135.1435,11.9,343.0
2012-05-30 10:27:06,2012-05-30 02:27:06,310404000,9228198,ZCDF8,DIAMOND PRINCESS,58.77704,-135.1454,11.8,341.4
2012-05-30 10:28:07,2012-05-30 02:28:07,310404000,9228198,ZCDF8,DIAMOND PRINCESS,58.78021,-135.1474,11.8,341.0
2012-05-30 10:29:06,2012-05-30 02:29:06,310404000,9228198,ZCDF8,DIAMOND PRINCESS,58.78324,-135.1494,11.8,340.5
2012-05-30 10:30:07,2012-05-30 02:30:07,310404000,9228198,ZCDF8,DIAMOND PRINCESS,58.7864,-135.1515,11.9,340.5
2012-05-30 10:31:06,2012-05-30 02:31:06,310404000,9228198,ZCDF8,DIAMOND PRINCESS,58.78955,-135.1535,12.0,341.4
2012-05-30 10:32:07,2012-05-30 02:32:07,310404000,9228198,ZCDF8,DIAMOND PRINCESS,58.79272,-135.1555,12.1,341.0
2012-05-30 10:33:07,2012-05-30 02:33:07,310404000,9228198,ZCDF8,DIAMOND PRINCESS,58.79589,-135.1576,12.1,341.0
2012-05-30 10:34:06,2012-05-30 02:34:06,310404000,9228198,ZCDF8,DIAMOND PRINCESS,58.79903,-135.1597,12.2,341.0
2012-05-30 10:35:06,2012-05-30 02:35:06,310404000,9228198,ZCDF8,DIAMOND PRINCESS,58.80222,-135.1618,12.2,341.0
2012-05-30 10:36:06,2012-05-30 02:36:06,310404000,9228198,ZCDF8,DIAMOND PRINCESS,58.80545,-135.1639,12.2,341.0
2012-05-30 10:37:06,2012-05-30 02:37:06,310404000,9228198,ZCDF8,DIAMOND PRINCESS,58.80857,-135.166,12.1,341.0
2012-05-30 10:38:06,2012-05-30 02:38:06,310404000,9228198,ZCDF8,DIAMOND PRINCESS,58.81176,-135.1682,12.1,341.5
2012-05-30 10:39:06,2012-05-30 02:39:06,310404000,9228198,ZCDF8,DIAMOND PRINCESS,58.81494,-135.1703,12.1,341.5
2012-05-30 10:40:06,2012-05-30 02:40:06,310404000,9228198,ZCDF8,DIAMOND PRINCESS,58.81812,-135.1724,12.1,341.5
2012-05-30 10:41:05,2012-05-30 02:41:05,310404000,9228198,ZCDF8,DIAMOND PRINCESS,58.82129,-135.1746,12.2,340.1
2012-05-30 10:42:05,2012-05-30 02:42:05,310404000,9228198,ZCDF8,DIAMOND PRINCESS,58.82441,-135.1767,12.2,340.5
2012-05-30 10:43:05,2012-05-30 02:43:05,310404000,9228198,ZCDF8,DIAMOND PRINCESS,58.82764,-135.1789,12.2,341.5
2012-05-30 10:44:05,2012-05-30 02:44:05,310404000,9228198,ZCDF8,DIAMOND PRINCESS,58.83076,-135.181,12.1,341.0
2012-05-30 10:45:05,2012-05-30 02:45:05,310404000,9228198,ZCDF8,DIAMOND PRINCESS,58.83393,-135.1832,12.1,340.5
2012-05-30 10:46:05,2012-05-30 02:46:05,310404000,9228198,ZCDF8,DIAMOND PRINCESS,58.83715,-135.1854,12.1,340.5
2012-05-30 10:47:05,2012-05-30 02:47:05,310404000,9228198,ZCDF8,DIAMOND PRINCESS,58.84027,-135.1875,12.1,341.5
2012-05-30 10:48:05,2012-05-30 02:48:05,310404000,9228198,ZCDF8,DIAMOND PRINCESS,58.84348,-135.1893,12.1,345.0
2012-05-30 10:49:05,2012-05-30 02:49:05,310404000,9228198,ZCDF8,DIAMOND PRINCESS,58.84672,-135.1908,12.1,347.0
2012-05-30 10:50:05,2012-05-30 02:50:05,310404000,9228198,ZCDF8,DIAMOND PRINCESS,58.85005,-135.192,12.1,351.0
2012-05-30 10:51:05,2012-05-30 02:51:05,310404000,9228198,ZCDF8,DIAMOND PRINCESS,58.8533,-135.1928,12.0,354.5
2012-05-30 10:52:05,2012-05-30 02:52:05,310404000,9228198,ZCDF8,DIAMOND PRINCESS,58.85665,-135.1932,12.0,356.5
2012-05-30 10:53:05,2012-05-30 02:53:05,310404000,9228198,ZCDF8,DIAMOND PRINCESS,58.85997,-135.1935,12.0,356.5
2012-05-30 10:54:06,2012-05-30 02:54:06,310404000,9228198,ZCDF8,DIAMOND PRINCESS,58.86336,-135.1938,12.0,357.0
2012-05-30 10:55:06,2012-05-30 02:55:06,310404000,9228198,ZCDF8,DIAMOND PRINCESS,58.8667,-135.194,12.0,357.5
2012-05-30 10:56:06,2012-05-30 02:56:06,310404000,9228198,ZCDF8,DIAMOND PRINCESS,58.86998,-135.1943,12.1,356.5
2012-05-30 10:57:05,2012-05-30 02:57:05,310404000,9228198,ZCDF8,DIAMOND PRINCESS,58.87336,-135.1946,12.1,356.5
2012-05-30 10:58:06,2012-05-30 02:58:06,310404000,9228198,ZCDF8,DIAMOND PRINCESS,58.8767,-135.1949,12.1,356.5
2012-05-30 10:59:06,2012-05-30 02:59:06,310404000,9228198,ZCDF8,DIAMOND PRINCESS,58.88002,-135.1952,12.0,356.5
2012-05-30 11:00:06,2012-05-30 03:00:06,310404000,9228198,ZCDF8,DIAMOND PRINCESS,58.88334,-135.1955,12.0,356.5
2012-05-30 11:01:06,2012-05-30 03:01:06,310404000,9228198,ZCDF8,DIAMOND PRINCESS,58.88659,-135.1958,11.9,358.0
2012-05-30 11:02:06,2012-05-30 03:02:06,310404000,9228198,ZCDF8,DIAMOND PRINCESS,58.88995,-135.1961,11.9,357.5
2012-05-30 11:03:06,2012-05-30 03:03:06,310404000,9228198,ZCDF8,DIAMOND PRINCESS,58.89329,-135.1963,11.9,358.0
2012-05-30 11:04:07,2012-05-30 03:04:07,310404000,9228198,ZCDF8,DIAMOND PRINCESS,58.89652,-135.1965,11.8,357.5
2012-05-30 11:05:06,2012-05-30 03:05:06,310404000,9228198,ZCDF8,DIAMOND PRINCESS,58.8998,-135.1967,11.8,358.0
2012-05-30 11:06:06,2012-05-30 03:06:06,310404000,9228198,ZCDF8,DIAMOND PRINCESS,58.90306,-135.197,11.8,358.0
2012-05-30 11:07:05,2012-05-30 03:07:05,310404000,9228198,ZCDF8,DIAMOND PRINCESS,58.90628,-135.1973,11.8,358.5
2012-05-30 11:08:05,2012-05-30 03:08:05,310404000,9228198,ZCDF8,DIAMOND PRINCESS,58.90961,-135.1975,11.9,358.0
2012-05-30 11:09:05,2012-05-30 03:09:05,310404000,9228198,ZCDF8,DIAMOND PRINCESS,58.91284,-135.1977,11.9,357.5
2012-05-30 11:10:05,2012-05-30 03:10:05,310404000,9228198,ZCDF8,DIAMOND PRINCESS,58.91619,-135.198,11.9,358.0
2012-05-30 11:11:05,2012-05-30 03:11:05,310404000,9228198,ZCDF8,DIAMOND PRINCESS,58.91945,-135.1982,12.0,357.5
2012-05-30 11:12:06,2012-05-30 03:12:06,310404000,9228198,ZCDF8,DIAMOND PRINCESS,58.92281,-135.1984,12.0,358.0
2012-05-30 11:13:05,2012-05-30 03:13:05,310404000,9228198,ZCDF8,DIAMOND PRINCESS,58.92614,-135.1986,12.0,357.5
2012-05-30 11:14:06,2012-05-30 03:14:06,310404000,9228198,ZCDF8,DIAMOND PRINCESS,58.92939,-135.1988,12.0,358.0
2012-05-30 11:15:06,2012-05-30 03:15:06,310404000,9228198,ZCDF8,DIAMOND PRINCESS,58.93275,-135.1991,11.9,357.5
2012-05-30 11:16:05,2012-05-30 03:16:05,310404000,9228198,ZCDF8,DIAMOND PRINCESS,58.936,-135.1993,11.9,358.0
2012-05-30 11:17:06,2012-05-30 03:17:06,310404000,9228198,ZCDF8,DIAMOND PRINCESS,58.93938,-135.1995,12.0,357.5
2012-05-30 11:18:05,2012-05-30 03:18:05,310404000,9228198,ZCDF8,DIAMOND PRINCESS,58.9427,-135.1998,12.0,358.5
2012-05-30 11:19:05,2012-05-30 03:19:05,310404000,9228198,ZCDF8,DIAMOND PRINCESS,58.94596,-135.2,12.0,357.5
2012-05-30 11:20:05,2012-05-30 03:20:05,310404000,9228198,ZCDF8,DIAMOND PRINCESS,58.94935,-135.2003,12.0,358.5
2012-05-30 11:21:05,2012-05-30 03:21:05,310404000,9228198,ZCDF8,DIAMOND PRINCESS,58.95263,-135.2005,12.1,356.5
2012-05-30 11:22:05,2012-05-30 03:22:05,310404000,9228198,ZCDF8,DIAMOND PRINCESS,58.95598,-135.2008,12.1,357.5
2012-05-30 11:23:05,2012-05-30 03:23:05,310404000,9228198,ZCDF8,DIAMOND PRINCESS,58.95938,-135.2011,12.1,358.5
2012-05-30 11:24:05,2012-05-30 03:24:05,310404000,9228198,ZCDF8,DIAMOND PRINCESS,58.96268,-135.2014,12.1,357.5
2012-05-30 11:25:05,2012-05-30 03:25:05,310404000,9228198,ZCDF8,DIAMOND PRINCESS,58.96608,-135.2017,12.1,357.0
2012-05-30 11:26:06,2012-05-30 03:26:06,310404000,9228198,ZCDF8,DIAMOND PRINCESS,58.96944,-135.2019,12.1,358.0
2012-05-30 11:27:07,2012-05-30 03:27:07,310404000,9228198,ZCDF8,DIAMOND PRINCESS,58.97281,-135.2022,12.1,358.0
2012-05-30 11:28:06,2012-05-30 03:28:06,310404000,9228198,ZCDF8,DIAMOND PRINCESS,58.97622,-135.2025,12.1,356.5
2012-05-30 11:29:06,2012-05-30 03:29:06,310404000,9228198,ZCDF8,DIAMOND PRINCESS,58.97949,-135.2033,12.1,350.4
2012-05-30 11:30:06,2012-05-30 03:30:06,310404000,9228198,ZCDF8,DIAMOND PRINCESS,58.98279,-135.2047,12.0,345.9
2012-05-30 11:31:05,2012-05-30 03:31:05,310404000,9228198,ZCDF8,DIAMOND PRINCESS,58.9859,-135.2063,12.0,345.0
2012-05-30 11:32:05,2012-05-30 03:32:05,310404000,9228198,ZCDF8,DIAMOND PRINCESS,58.98914,-135.208,12.1,345.0
2012-05-30 11:33:05,2012-05-30 03:33:05,310404000,9228198,ZCDF8,DIAMOND PRINCESS,58.99237,-135.2097,12.1,344.5
2012-05-30 11:34:05,2012-05-30 03:34:05,310404000,9228198,ZCDF8,DIAMOND PRINCESS,58.99562,-135.2114,12.1,345.0
2012-05-30 11:35:06,2012-05-30 03:35:06,310404000,9228198,ZCDF8,DIAMOND PRINCESS,58.99891,-135.2131,12.1,345.0
2012-05-30 11:36:06,2012-05-30 03:36:06,310404000,9228198,ZCDF8,DIAMOND PRINCESS,59.00215,-135.2148,12.1,345.0
2012-05-30 11:37:06,2012-05-30 03:37:06,310404000,9228198,ZCDF8,DIAMOND PRINCESS,59.0054,-135.2166,12.1,345.0
2012-05-30 11:38:06,2012-05-30 03:38:06,310404000,9228198,ZCDF8,DIAMOND PRINCESS,59.00858,-135.2182,12.1,345.0
2012-05-30 11:39:16,2012-05-30 03:39:16,310404000,9228198,ZCDF8,DIAMOND PRINCESS,59.01241,-135.2203,12.1,344.5
2012-05-30 11:40:07,2012-05-30 03:40:07,310404000,9228198,ZCDF8,DIAMOND PRINCESS,59.01514,-135.2217,12.1,345.0
2012-05-30 11:41:06,2012-05-30 03:41:06,310404000,9228198,ZCDF8,DIAMOND PRINCESS,59.01832,-135.2234,12.0,344.5
2012-05-30 11:42:07,2012-05-30 03:42:07,310404000,9228198,ZCDF8,DIAMOND PRINCESS,59.02159,-135.2251,12.0,345.0
2012-05-30 11:43:05,2012-05-30 03:43:05,310404000,9228198,ZCDF8,DIAMOND PRINCESS,59.02468,-135.2268,12.0,344.0
2012-05-30 11:44:05,2012-05-30 03:44:05,310404000,9228198,ZCDF8,DIAMOND PRINCESS,59.02789,-135.2285,12.0,344.5
2012-05-30 11:45:05,2012-05-30 03:45:05,310404000,9228198,ZCDF8,DIAMOND PRINCESS,59.03115,-135.2303,12.0,344.0
2012-05-30 11:46:05,2012-05-30 03:46:05,310404000,9228198,ZCDF8,DIAMOND PRINCESS,59.03431,-135.232,12.0,344.5
2012-05-30 11:47:05,2012-05-30 03:47:05,310404000,9228198,ZCDF8,DIAMOND PRINCESS,59.03754,-135.2337,12.1,344.5
2012-05-30 11:48:05,2012-05-30 03:48:05,310404000,9228198,ZCDF8,DIAMOND PRINCESS,59.04076,-135.2354,12.1,343.5
2012-05-30 11:49:06,2012-05-30 03:49:06,310404000,9228198,ZCDF8,DIAMOND PRINCESS,59.04399,-135.2372,12.1,343.5
2012-05-30 11:50:06,2012-05-30 03:50:06,310404000,9228198,ZCDF8,DIAMOND PRINCESS,59.04729,-135.239,12.2,343.5
2012-05-30 11:51:05,2012-05-30 03:51:05,310404000,9228198,ZCDF8,DIAMOND PRINCESS,59.05047,-135.2408,12.2,344.5
2012-05-30 11:52:05,2012-05-30 03:52:05,310404000,9228198,ZCDF8,DIAMOND PRINCESS,59.05376,-135.2427,12.1,344.0
2012-05-30 11:53:06,2012-05-30 03:53:06,310404000,9228198,ZCDF8,DIAMOND PRINCESS,59.05691,-135.2445,12.1,344.0
2012-05-30 11:54:05,2012-05-30 03:54:05,310404000,9228198,ZCDF8,DIAMOND PRINCESS,59.06011,-135.2462,12.0,344.0
2012-05-30 11:55:05,2012-05-30 03:55:05,310404000,9228198,ZCDF8,DIAMOND PRINCESS,59.06329,-135.248,12.0,344.0
2012-05-30 11:56:05,2012-05-30 03:56:05,310404000,9228198,ZCDF8,DIAMOND PRINCESS,59.06649,-135.2499,12.0,344.0
2012-05-30 11:57:05,2012-05-30 03:57:05,310404000,9228198,ZCDF8,DIAMOND PRINCESS,59.06971,-135.2516,12.0,344.0
2012-05-30 11:58:05,2012-05-30 03:58:05,310404000,9228198,ZCDF8,DIAMOND PRINCESS,59.07289,-135.2535,12.0,344.0
2012-05-30 11:59:06,2012-05-30 03:59:06,310404000,9228198,ZCDF8,DIAMOND PRINCESS,59.07607,-135.2553,12.0,344.0
2012-05-30 12:00:06,2012-05-30 04:00:06,310404000,9228198,ZCDF8,DIAMOND PRINCESS,59.07932,-135.2571,12.0,344.0
2012-05-30 12:01:05,2012-05-30 04:01:05,310404000,9228198,ZCDF8,DIAMOND PRINCESS,59.08244,-135.2589,11.9,344.0
2012-05-30 12:02:05,2012-05-30 04:02:05,310404000,9228198,ZCDF8,DIAMOND PRINCESS,59.08563,-135.2609,11.9,339.5
2012-05-30 12:03:05,2012-05-30 04:03:05,310404000,9228198,ZCDF8,DIAMOND PRINCESS,59.08864,-135.2632,11.9,338.0
2012-05-30 12:04:06,2012-05-30 04:04:06,310404000,9228198,ZCDF8,DIAMOND PRINCESS,59.09168,-135.2657,11.9,337.0
2012-05-30 12:05:06,2012-05-30 04:05:06,310404000,9228198,ZCDF8,DIAMOND PRINCESS,59.09477,-135.2682,11.9,337.0
2012-05-30 12:06:06,2012-05-30 04:06:06,310404000,9228198,ZCDF8,DIAMOND PRINCESS,59.09781,-135.2706,11.9,337.0
2012-05-30 12:07:06,2012-05-30 04:07:06,310404000,9228198,ZCDF8,DIAMOND PRINCESS,59.10085,-135.2731,11.9,338.0
2012-05-30 12:08:06,2012-05-30 04:08:06,310404000,9228198,ZCDF8,DIAMOND PRINCESS,59.10384,-135.2755,11.8,338.0
2012-05-30 12:09:06,2012-05-30 04:09:06,310404000,9228198,ZCDF8,DIAMOND PRINCESS,59.10693,-135.278,11.9,338.0
2012-05-30 12:10:06,2012-05-30 04:10:06,310404000,9228198,ZCDF8,DIAMOND PRINCESS,59.10992,-135.2803,11.9,338.0
2012-05-30 12:11:06,2012-05-30 04:11:06,310404000,9228198,ZCDF8,DIAMOND PRINCESS,59.11303,-135.2828,11.9,338.0
2012-05-30 12:12:06,2012-05-30 04:12:06,310404000,9228198,ZCDF8,DIAMOND PRINCESS,59.11604,-135.2852,11.9,338.0
2012-05-30 12:13:06,2012-05-30 04:13:06,310404000,9228198,ZCDF8,DIAMOND PRINCESS,59.11909,-135.2876,11.9,338.0
2012-05-30 12:14:06,2012-05-30 04:14:06,310404000,9228198,ZCDF8,DIAMOND PRINCESS,59.12215,-135.29,11.9,338.0
2012-05-30 12:15:06,2012-05-30 04:15:06,310404000,9228198,ZCDF8,DIAMOND PRINCESS,59.1252,-135.2925,11.9,338.0
2012-05-30 12:16:06,2012-05-30 04:16:06,310404000,9228198,ZCDF8,DIAMOND PRINCESS,59.1283,-135.295,12.0,338.0
2012-05-30 12:17:06,2012-05-30 04:17:06,310404000,9228198,ZCDF8,DIAMOND PRINCESS,59.13134,-135.2974,12.0,338.0
2012-05-30 12:18:06,2012-05-30 04:18:06,310404000,9228198,ZCDF8,DIAMOND PRINCESS,59.13448,-135.2999,12.0,338.0
2012-05-30 12:19:06,2012-05-30 04:19:06,310404000,9228198,ZCDF8,DIAMOND PRINCESS,59.1375,-135.3024,12.1,337.0
2012-05-30 12:20:05,2012-05-30 04:20:05,310404000,9228198,ZCDF8,DIAMOND PRINCESS,59.14059,-135.3049,12.1,337.0
2012-05-30 12:21:05,2012-05-30 04:21:05,310404000,9228198,ZCDF8,DIAMOND PRINCESS,59.14362,-135.3073,12.1,337.0
2012-05-30 12:22:05,2012-05-30 04:22:05,310404000,9228198,ZCDF8,DIAMOND PRINCESS,59.14671,-135.3098,12.1,338.0
2012-05-30 12:23:05,2012-05-30 04:23:05,310404000,9228198,ZCDF8,DIAMOND PRINCESS,59.14981,-135.3122,12.0,339.0
2012-05-30 12:24:05,2012-05-30 04:24:05,310404000,9228198,ZCDF8,DIAMOND PRINCESS,59.15292,-135.3146,12.0,339.0
2012-05-30 12:25:05,2012-05-30 04:25:05,310404000,9228198,ZCDF8,DIAMOND PRINCESS,59.15602,-135.317,12.0,339.0
2012-05-30 12:26:05,2012-05-30 04:26:05,310404000,9228198,ZCDF8,DIAMOND PRINCESS,59.15913,-135.3193,12.0,338.0
2012-05-30 12:27:05,2012-05-30 04:27:05,310404000,9228198,ZCDF8,DIAMOND PRINCESS,59.16221,-135.3218,12.0,338.0
2012-05-30 12:28:05,2012-05-30 04:28:05,310404000,9228198,ZCDF8,DIAMOND PRINCESS,59.16528,-135.3242,12.0,338.0
2012-05-30 12:29:05,2012-05-30 04:29:05,310404000,9228198,ZCDF8,DIAMOND PRINCESS,59.16837,-135.3265,11.9,339.0
2012-05-30 12:30:06,2012-05-30 04:30:06,310404000,9228198,ZCDF8,DIAMOND PRINCESS,59.17146,-135.3288,11.9,339.0
2012-05-30 12:31:06,2012-05-30 04:31:06,310404000,9228198,ZCDF8,DIAMOND PRINCESS,59.17454,-135.3311,11.9,339.0
2012-05-30 12:32:06,2012-05-30 04:32:06,310404000,9228198,ZCDF8,DIAMOND PRINCESS,59.17762,-135.3334,11.9,339.0
2012-05-30 12:33:06,2012-05-30 04:33:06,310404000,9228198,ZCDF8,DIAMOND PRINCESS,59.18072,-135.3357,12.0,340.0
2012-05-30 12:34:06,2012-05-30 04:34:06,310404000,9228198,ZCDF8,DIAMOND PRINCESS,59.18385,-135.3379,12.0,340.0
2012-05-30 12:35:06,2012-05-30 04:35:06,310404000,9228198,ZCDF8,DIAMOND PRINCESS,59.187,-135.3402,12.1,340.0
2012-05-30 12:36:05,2012-05-30 04:36:05,310404000,9228198,ZCDF8,DIAMOND PRINCESS,59.19017,-135.3424,12.2,340.0
2012-05-30 12:37:06,2012-05-30 04:37:06,310404000,9228198,ZCDF8,DIAMOND PRINCESS,59.19337,-135.3445,12.2,341.0
2012-05-30 12:38:06,2012-05-30 04:38:06,310404000,9228198,ZCDF8,DIAMOND PRINCESS,59.19662,-135.3465,12.2,343.0
2012-05-30 12:39:05,2012-05-30 04:39:05,310404000,9228198,ZCDF8,DIAMOND PRINCESS,59.19989,-135.3483,12.3,344.5
2012-05-30 12:40:06,2012-05-30 04:40:06,310404000,9228198,ZCDF8,DIAMOND PRINCESS,59.20319,-135.3501,12.3,345.0
2012-05-30 12:41:06,2012-05-30 04:41:06,310404000,9228198,ZCDF8,DIAMOND PRINCESS,59.20649,-135.3518,12.3,345.0
2012-05-30 12:42:06,2012-05-30 04:42:06,310404000,9228198,ZCDF8,DIAMOND PRINCESS,59.2098,-135.3536,12.3,345.0
2012-05-30 12:43:06,2012-05-30 04:43:06,310404000,9228198,ZCDF8,DIAMOND PRINCESS,59.21304,-135.3552,12.3,345.0
2012-05-30 12:44:06,2012-05-30 04:44:06,310404000,9228198,ZCDF8,DIAMOND PRINCESS,59.21639,-135.357,12.3,345.0
2012-05-30 12:45:06,2012-05-30 04:45:06,310404000,9228198,ZCDF8,DIAMOND PRINCESS,59.21966,-135.3586,12.2,345.0
2012-05-30 12:46:06,2012-05-30 04:46:06,310404000,9228198,ZCDF8,DIAMOND PRINCESS,59.22287,-135.3603,12.1,345.0
2012-05-30 12:47:06,2012-05-30 04:47:06,310404000,9228198,ZCDF8,DIAMOND PRINCESS,59.22615,-135.362,12.1,345.0
2012-05-30 12:48:05,2012-05-30 04:48:05,310404000,9228198,ZCDF8,DIAMOND PRINCESS,59.22931,-135.3637,12.0,345.0
2012-05-30 12:49:06,2012-05-30 04:49:06,310404000,9228198,ZCDF8,DIAMOND PRINCESS,59.23251,-135.3655,12.0,345.0
2012-05-30 12:50:05,2012-05-30 04:50:05,310404000,9228198,ZCDF8,DIAMOND PRINCESS,59.23571,-135.3672,11.9,345.0
2012-05-30 12:51:05,2012-05-30 04:51:05,310404000,9228198,ZCDF8,DIAMOND PRINCESS,59.23889,-135.3689,11.9,345.0
2012-05-30 12:52:06,2012-05-30 04:52:06,310404000,9228198,ZCDF8,DIAMOND PRINCESS,59.24208,-135.3706,11.9,345.0
2012-05-30 12:53:06,2012-05-30 04:53:06,310404000,9228198,ZCDF8,DIAMOND PRINCESS,59.24533,-135.3723,11.9,345.0
2012-05-30 12:54:06,2012-05-30 04:54:06,310404000,9228198,ZCDF8,DIAMOND PRINCESS,59.24847,-135.3739,11.9,345.0
2012-05-30 12:55:06,2012-05-30 04:55:06,310404000,9228198,ZCDF8,DIAMOND PRINCESS,59.25173,-135.3757,12.0,345.0
2012-05-30 12:56:06,2012-05-30 04:56:06,310404000,9228198,ZCDF8,DIAMOND PRINCESS,59.25489,-135.3773,12.0,345.5
2012-05-30 12:57:06,2012-05-30 04:57:06,310404000,9228198,ZCDF8,DIAMOND PRINCESS,59.25812,-135.379,12.0,346.0
2012-05-30 12:58:05,2012-05-30 04:58:05,310404000,9228198,ZCDF8,DIAMOND PRINCESS,59.26129,-135.3805,12.0,346.5
2012-05-30 12:59:05,2012-05-30 04:59:05,310404000,9228198,ZCDF8,DIAMOND PRINCESS,59.26456,-135.3817,12.0,350.0
2012-05-30 13:00:05,2012-05-30 05:00:05,310404000,9228198,ZCDF8,DIAMOND PRINCESS,59.26786,-135.3824,12.0,356.0
2012-05-30 13:01:05,2012-05-30 05:01:05,310404000,9228198,ZCDF8,DIAMOND PRINCESS,59.27114,-135.3826,11.9,0.0
2012-05-30 13:02:05,2012-05-30 05:02:05,310404000,9228198,ZCDF8,DIAMOND PRINCESS,59.27445,-135.3826,11.9,1.0
2012-05-30 13:03:05,2012-05-30 05:03:05,310404000,9228198,ZCDF8,DIAMOND PRINCESS,59.2777,-135.3825,11.9,0.0
2012-05-30 13:04:05,2012-05-30 05:04:05,310404000,9228198,ZCDF8,DIAMOND PRINCESS,59.28105,-135.3825,11.9,359.6
2012-05-30 13:05:05,2012-05-30 05:05:05,310404000,9228198,ZCDF8,DIAMOND PRINCESS,59.28429,-135.3825,11.9,0.0
2012-05-30 13:06:05,2012-05-30 05:06:05,310404000,9228198,ZCDF8,DIAMOND PRINCESS,59.28764,-135.3825,11.9,0.0
2012-05-30 13:07:05,2012-05-30 05:07:05,310404000,9228198,ZCDF8,DIAMOND PRINCESS,59.29087,-135.3825,11.8,0.0
2012-05-30 13:08:05,2012-05-30 05:08:05,310404000,9228198,ZCDF8,DIAMOND PRINCESS,59.29419,-135.3825,11.7,0.0
2012-05-30 13:09:05,2012-05-30 05:09:05,310404000,9228198,ZCDF8,DIAMOND PRINCESS,59.29749,-135.3824,11.7,0.0
2012-05-30 13:10:05,2012-05-30 05:10:05,310404000,9228198,ZCDF8,DIAMOND PRINCESS,59.30066,-135.3824,11.6,1.0
2012-05-30 13:11:06,2012-05-30 05:11:06,310404000,9228198,ZCDF8,DIAMOND PRINCESS,59.30387,-135.3821,11.6,3.0
2012-05-30 13:12:06,2012-05-30 05:12:06,310404000,9228198,ZCDF8,DIAMOND PRINCESS,59.3071,-135.3817,11.7,4.0
2012-05-30 13:13:06,2012-05-30 05:13:06,310404000,9228198,ZCDF8,DIAMOND PRINCESS,59.31035,-135.3812,11.8,4.0
2012-05-30 13:14:06,2012-05-30 05:14:06,310404000,9228198,ZCDF8,DIAMOND PRINCESS,59.31361,-135.3808,11.8,4.0
2012-05-30 13:15:06,2012-05-30 05:15:06,310404000,9228198,ZCDF8,DIAMOND PRINCESS,59.31688,-135.3803,11.9,4.0
2012-05-30 13:16:06,2012-05-30 05:16:06,310404000,9228198,ZCDF8,DIAMOND PRINCESS,59.32016,-135.3799,11.9,3.5
2012-05-30 13:17:06,2012-05-30 05:17:06,310404000,9228198,ZCDF8,DIAMOND PRINCESS,59.32347,-135.3795,11.9,3.5
2012-05-30 13:18:06,2012-05-30 05:18:06,310404000,9228198,ZCDF8,DIAMOND PRINCESS,59.32677,-135.3791,11.9,4.0
2012-05-30 13:19:06,2012-05-30 05:19:06,310404000,9228198,ZCDF8,DIAMOND PRINCESS,59.33007,-135.3787,12.0,4.0
2012-05-30 13:20:06,2012-05-30 05:20:06,310404000,9228198,ZCDF8,DIAMOND PRINCESS,59.33338,-135.3782,11.9,4.0
2012-05-30 13:21:06,2012-05-30 05:21:06,310404000,9228198,ZCDF8,DIAMOND PRINCESS,59.3367,-135.3778,12.0,4.0
2012-05-30 13:22:06,2012-05-30 05:22:06,310404000,9228198,ZCDF8,DIAMOND PRINCESS,59.34003,-135.3774,12.0,4.0
2012-05-30 13:23:06,2012-05-30 05:23:06,310404000,9228198,ZCDF8,DIAMOND PRINCESS,59.34336,-135.377,12.0,4.0
2012-05-30 13:24:05,2012-05-30 05:24:05,310404000,9228198,ZCDF8,DIAMOND PRINCESS,59.34663,-135.3765,12.0,4.0
2012-05-30 13:25:05,2012-05-30 05:25:05,310404000,9228198,ZCDF8,DIAMOND PRINCESS,59.34996,-135.3761,12.0,4.0
2012-05-30 13:26:05,2012-05-30 05:26:05,310404000,9228198,ZCDF8,DIAMOND PRINCESS,59.35326,-135.3757,12.0,4.5
2012-05-30 13:27:05,2012-05-30 05:27:05,310404000,9228198,ZCDF8,DIAMOND PRINCESS,59.35658,-135.375,12.0,7.0
2012-05-30 13:28:05,2012-05-30 05:28:05,310404000,9228198,ZCDF8,DIAMOND PRINCESS,59.35985,-135.3741,12.0,8.0
2012-05-30 13:29:05,2012-05-30 05:29:05,310404000,9228198,ZCDF8,DIAMOND PRINCESS,59.36313,-135.3731,11.9,8.0
2012-05-30 13:30:06,2012-05-30 05:30:06,310404000,9228198,ZCDF8,DIAMOND PRINCESS,59.3664,-135.3722,11.9,8.0
2012-05-30 13:31:05,2012-05-30 05:31:05,310404000,9228198,ZCDF8,DIAMOND PRINCESS,59.36966,-135.3713,11.9,8.0
2012-05-30 13:32:06,2012-05-30 05:32:06,310404000,9228198,ZCDF8,DIAMOND PRINCESS,59.37293,-135.3703,11.9,10.5
2012-05-30 13:33:06,2012-05-30 05:33:06,310404000,9228198,ZCDF8,DIAMOND PRINCESS,59.37617,-135.3691,11.9,10.0
2012-05-30 13:34:07,2012-05-30 05:34:07,310404000,9228198,ZCDF8,DIAMOND PRINCESS,59.37948,-135.368,11.9,10.0
2012-05-30 13:35:06,2012-05-30 05:35:06,310404000,9228198,ZCDF8,DIAMOND PRINCESS,59.38274,-135.3668,11.9,9.5
2012-05-30 13:36:07,2012-05-30 05:36:07,310404000,9228198,ZCDF8,DIAMOND PRINCESS,59.38594,-135.3657,11.9,11.0
2012-05-30 13:37:07,2012-05-30 05:37:07,310404000,9228198,ZCDF8,DIAMOND PRINCESS,59.38921,-135.3643,11.9,12.0
2012-05-30 13:38:07,2012-05-30 05:38:07,310404000,9228198,ZCDF8,DIAMOND PRINCESS,59.39238,-135.363,11.9,12.0
2012-05-30 13:39:07,2012-05-30 05:39:07,310404000,9228198,ZCDF8,DIAMOND PRINCESS,59.39566,-135.3615,11.9,13.0
2012-05-30 13:40:07,2012-05-30 05:40:07,310404000,9228198,ZCDF8,DIAMOND PRINCESS,59.39883,-135.3601,12.0,12.0
2012-05-30 13:41:07,2012-05-30 05:41:07,310404000,9228198,ZCDF8,DIAMOND PRINCESS,59.40207,-135.3587,12.0,13.0
2012-05-30 13:42:05,2012-05-30 05:42:05,310404000,9228198,ZCDF8,DIAMOND PRINCESS,59.40525,-135.3573,12.0,13.0
2012-05-30 13:43:05,2012-05-30 05:43:05,310404000,9228198,ZCDF8,DIAMOND PRINCESS,59.4085,-135.3558,12.0,13.0
2012-05-30 13:44:06,2012-05-30 05:44:06,310404000,9228198,ZCDF8,DIAMOND PRINCESS,59.41171,-135.3544,12.0,12.0
2012-05-30 13:45:06,2012-05-30 05:45:06,310404000,9228198,ZCDF8,DIAMOND PRINCESS,59.41504,-135.353,12.1,13.0
2012-05-30 13:46:05,2012-05-30 05:46:05,310404000,9228198,ZCDF8,DIAMOND PRINCESS,59.4183,-135.3515,12.1,12.0
2012-05-30 13:47:06,2012-05-30 05:47:06,310404000,9228198,ZCDF8,DIAMOND PRINCESS,59.42155,-135.3501,12.0,12.0
2012-05-30 13:48:05,2012-05-30 05:48:05,310404000,9228198,ZCDF8,DIAMOND PRINCESS,59.42474,-135.3488,11.7,12.0
2012-05-30 13:49:05,2012-05-30 05:49:05,310404000,9228198,ZCDF8,DIAMOND PRINCESS,59.42775,-135.3475,10.9,11.9
2012-05-30 13:50:06,2012-05-30 05:50:06,310404000,9228198,ZCDF8,DIAMOND PRINCESS,59.43053,-135.3462,9.4,13.7
2012-05-30 13:51:06,2012-05-30 05:51:06,310404000,9228198,ZCDF8,DIAMOND PRINCESS,59.43283,-135.3449,8.4,17.9
2012-05-30 13:52:06,2012-05-30 05:52:06,310404000,9228198,ZCDF8,DIAMOND PRINCESS,59.43482,-135.3434,7.3,22.4
2012-05-30 13:53:06,2012-05-30 05:53:06,310404000,9228198,ZCDF8,DIAMOND PRINCESS,59.43663,-135.3416,7.3,28.2
2012-05-30 13:54:06,2012-05-30 05:54:06,310404000,9228198,ZCDF8,DIAMOND PRINCESS,59.43837,-135.3395,7.4,34.0
2012-05-30 13:55:06,2012-05-30 05:55:06,310404000,9228198,ZCDF8,DIAMOND PRINCESS,59.43998,-135.3372,7.1,39.1
2012-05-30 13:56:06,2012-05-30 05:56:06,310404000,9228198,ZCDF8,DIAMOND PRINCESS,59.44137,-135.3348,6.5,41.3
2012-05-30 13:57:06,2012-05-30 05:57:06,310404000,9228198,ZCDF8,DIAMOND PRINCESS,59.44258,-135.3325,5.9,45.0
2012-05-30 13:58:05,2012-05-30 05:58:05,310404000,9228198,ZCDF8,DIAMOND PRINCESS,59.44365,-135.3303,5.4,45.9
2012-05-30 13:59:05,2012-05-30 05:59:05,310404000,9228198,ZCDF8,DIAMOND PRINCESS,59.44462,-135.3283,4.8,45.6
2012-05-30 14:00:05,2012-05-30 06:00:05,310404000,9228198,ZCDF8,DIAMOND PRINCESS,59.44542,-135.3266,4.0,48.1
2012-05-30 14:01:05,2012-05-30 06:01:05,310404000,9228198,ZCDF8,DIAMOND PRINCESS,59.446,-135.3253,2.5,49.7
2012-05-30 14:02:05,2012-05-30 06:02:05,310404000,9228198,ZCDF8,DIAMOND PRINCESS,59.44633,-135.3245,2.0,39.6
2012-05-30 14:03:05,2012-05-30 06:03:05,310404000,9228198,ZCDF8,DIAMOND PRINCESS,59.44663,-135.3239,1.5,55.5
2012-05-30 14:04:06,2012-05-30 06:04:06,310404000,9228198,ZCDF8,DIAMOND PRINCESS,59.4469,-135.3234,1.2,31.9
2012-05-30 14:05:06,2012-05-30 06:05:06,310404000,9228198,ZCDF8,DIAMOND PRINCESS,59.4471,-135.323,0.9,45.0
2012-05-30 14:06:06,2012-05-30 06:06:06,310404000,9228198,ZCDF8,DIAMOND PRINCESS,59.44718,-135.3228,0.3,45.0
2012-05-30 14:07:06,2012-05-30 06:07:06,310404000,9228198,ZCDF8,DIAMOND PRINCESS,59.44725,-135.3227,0.3,62.4
2012-05-30 14:08:06,2012-05-30 06:08:06,310404000,9228198,ZCDF8,DIAMOND PRINCESS,59.44729,-135.3226,0.1,43.0
2012-05-30 14:09:06,2012-05-30 06:09:06,310404000,9228198,ZCDF8,DIAMOND PRINCESS,59.44729,-135.3226,0.1,43.0
2012-05-30 14:10:06,2012-05-30 06:10:06,310404000,9228198,ZCDF8,DIAMOND PRINCESS,59.4473,-135.3225,0.1,177.9
2012-05-30 14:12:38,2012-05-30 06:12:38,310404000,9228198,ZCDF8,DIAMOND PRINCESS,59.4473,-135.3225,0.1,313.0
2012-05-30 14:15:41,2012-05-30 06:15:41,310404000,9228198,ZCDF8,DIAMOND PRINCESS,59.44729,-135.3225,0.0,43.0
2012-05-30 14:18:40,2012-05-30 06:18:40,310404000,9228198,ZCDF8,DIAMOND PRINCESS,59.44728,-135.3225,0.0,43.0
2012-05-30 14:21:43,2012-05-30 06:21:43,310404000,9228198,ZCDF8,DIAMOND PRINCESS,59.44728,-135.3225,0.0,43.0
2012-05-30 14:24:45,2012-05-30 06:24:45,310404000,9228198,ZCDF8,DIAMOND PRINCESS,59.44727,-135.3225,0.0,43.0
2012-05-30 14:27:45,2012-05-30 06:27:45,310404000,9228198,ZCDF8,DIAMOND PRINCESS,59.44727,-135.3225,0.0,43.0
2012-05-30 14:30:45,2012-05-30 06:30:45,310404000,9228198,ZCDF8,DIAMOND PRINCESS,59.44727,-135.3225,0.0,43.0
2012-05-30 14:33:46,2012-05-30 06:33:46,310404000,9228198,ZCDF8,DIAMOND PRINCESS,59.44727,-135.3225,0.0,43.0
2012-05-30 14:36:49,2012-05-30 06:36:49,310404000,9228198,ZCDF8,DIAMOND PRINCESS,59.44726,-135.3225,0.0,43.0
2012-05-30 14:39:52,2012-05-30 06:39:52,310404000,9228198,ZCDF8,DIAMOND PRINCESS,59.44728,-135.3225,0.0,43.0
2012-05-30 14:42:52,2012-05-30 06:42:52,310404000,9228198,ZCDF8,DIAMOND PRINCESS,59.44728,-135.3225,0.0,43.0
2012-05-30 14:45:53,2012-05-30 06:45:53,310404000,9228198,ZCDF8,DIAMOND PRINCESS,59.44728,-135.3225,0.0,43.0
2012-05-30 14:48:55,2012-05-30 06:48:55,310404000,9228198,ZCDF8,DIAMOND PRINCESS,59.44728,-135.3225,0.0,43.0
2012-05-30 14:51:55,2012-05-30 06:51:55,310404000,9228198,ZCDF8,DIAMOND PRINCESS,59.4473,-135.3225,0.0,43.0
2012-05-30 14:54:57,2012-05-30 06:54:57,310404000,9228198,ZCDF8,DIAMOND PRINCESS,59.44725,-135.3224,0.0,43.0
2012-05-30 14:57:57,2012-05-30 06:57:57,310404000,9228198,ZCDF8,DIAMOND PRINCESS,59.44725,-135.3224,0.0,43.0
2012-05-30 15:00:58,2012-05-30 07:00:58,310404000,9228198,ZCDF8,DIAMOND PRINCESS,59.44726,-135.3225,0.0,43.0
2012-05-30 15:03:59,2012-05-30 07:03:59,310404000,9228198,ZCDF8,DIAMOND PRINCESS,59.44726,-135.3225,0.0,43.0
2012-05-30 15:07:01,2012-05-30 07:07:01,310404000,9228198,ZCDF8,DIAMOND PRINCESS,59.44727,-135.3225,0.0,44.0
2012-05-30 15:10:05,2012-05-30 07:10:05,310404000,9228198,ZCDF8,DIAMOND PRINCESS,59.44728,-135.3225,0.0,44.0
2012-05-30 15:13:04,2012-05-30 07:13:04,310404000,9228198,ZCDF8,DIAMOND PRINCESS,59.44728,-135.3225,0.0,44.0
2012-05-30 15:16:05,2012-05-30 07:16:05,310404000,9228198,ZCDF8,DIAMOND PRINCESS,59.4473,-135.3225,0.0,44.0
2012-05-30 15:19:07,2012-05-30 07:19:07,310404000,9228198,ZCDF8,DIAMOND PRINCESS,59.44729,-135.3225,0.0,44.0
2012-05-30 15:22:07,2012-05-30 07:22:07,310404000,9228198,ZCDF8,DIAMOND PRINCESS,59.44728,-135.3225,0.0,44.0
2012-05-30 15:25:11,2012-05-30 07:25:11,310404000,9228198,ZCDF8,DIAMOND PRINCESS,59.44728,-135.3225,0.0,44.0
2012-05-30 15:28:09,2012-05-30 07:28:09,310404000,9228198,ZCDF8,DIAMOND PRINCESS,59.44729,-135.3225,0.0,44.0
2012-05-30 15:31:12,2012-05-30 07:31:12,310404000,9228198,ZCDF8,DIAMOND PRINCESS,59.44729,-135.3225,0.0,44.0
2012-05-30 15:34:15,2012-05-30 07:34:15,310404000,9228198,ZCDF8,DIAMOND PRINCESS,59.44728,-135.3225,0.0,44.0
2012-05-30 15:37:14,2012-05-30 07:37:14,310404000,9228198,ZCDF8,DIAMOND PRINCESS,59.4473,-135.3225,0.0,44.0
2012-05-30 15:40:18,2012-05-30 07:40:18,310404000,9228198,ZCDF8,DIAMOND PRINCESS,59.44729,-135.3225,0.0,44.0
2012-05-30 15:43:16,2012-05-30 07:43:16,310404000,9228198,ZCDF8,DIAMOND PRINCESS,59.44729,-135.3225,0.0,44.0
2012-05-30 15:46:18,2012-05-30 07:46:18,310404000,9228198,ZCDF8,DIAMOND PRINCESS,59.44728,-135.3224,0.0,44.0
2012-05-30 15:49:21,2012-05-30 07:49:21,310404000,9228198,ZCDF8,DIAMOND PRINCESS,59.44729,-135.3225,0.0,44.0
2012-05-30 15:52:22,2012-05-30 07:52:22,310404000,9228198,ZCDF8,DIAMOND PRINCESS,59.44729,-135.3225,0.0,44.0
2012-05-30 15:55:23,2012-05-30 07:55:23,310404000,9228198,ZCDF8,DIAMOND PRINCESS,59.44729,-135.3225,0.0,44.0
2012-05-30 15:58:25,2012-05-30 07:58:25,310404000,9228198,ZCDF8,DIAMOND PRINCESS,59.44729,-135.3225,0.0,44.0
2012-05-30 16:01:26,2012-05-30 08:01:26,310404000,9228198,ZCDF8,DIAMOND PRINCESS,59.44729,-135.3225,0.0,44.0
2012-05-30 16:04:25,2012-05-30 08:04:25,310404000,9228198,ZCDF8,DIAMOND PRINCESS,59.4473,-135.3225,0.0,44.0
2012-05-30 16:07:28,2012-05-30 08:07:28,310404000,9228198,ZCDF8,DIAMOND PRINCESS,59.44729,-135.3225,0.0,44.0
2012-05-30 16:10:29,2012-05-30 08:10:29,310404000,9228198,ZCDF8,DIAMOND PRINCESS,59.4473,-135.3225,0.0,44.0
2012-05-30 16:13:32,2012-05-30 08:13:32,310404000,9228198,ZCDF8,DIAMOND PRINCESS,59.44729,-135.3225,0.1,134.0
2012-05-30 16:16:33,2012-05-30 08:16:33,310404000,9228198,ZCDF8,DIAMOND PRINCESS,59.4473,-135.3225,0.0,44.0
2012-05-30 16:19:33,2012-05-30 08:19:33,310404000,9228198,ZCDF8,DIAMOND PRINCESS,59.4473,-135.3225,0.0,44.0
2012-05-30 16:22:33,2012-05-30 08:22:33,310404000,9228198,ZCDF8,DIAMOND PRINCESS,59.4473,-135.3225,0.0,44.0
2012-05-30 16:25:35,2012-05-30 08:25:35,310404000,9228198,ZCDF8,DIAMOND PRINCESS,59.4473,-135.3225,0.0,44.0
2012-05-30 16:28:36,2012-05-30 08:28:36,310404000,9228198,ZCDF8,DIAMOND PRINCESS,59.44729,-135.3225,0.0,44.0
2012-05-30 16:31:41,2012-05-30 08:31:41,310404000,9228198,ZCDF8,DIAMOND PRINCESS,59.4473,-135.3225,0.0,44.0
2012-05-30 16:34:40,2012-05-30 08:34:40,310404000,9228198,ZCDF8,DIAMOND PRINCESS,59.4473,-135.3225,0.0,44.0
2012-05-30 16:37:43,2012-05-30 08:37:43,310404000,9228198,ZCDF8,DIAMOND PRINCESS,59.4473,-135.3225,0.0,44.0
2012-05-30 16:40:43,2012-05-30 08:40:43,310404000,9228198,ZCDF8,DIAMOND PRINCESS,59.4473,-135.3225,0.0,44.0
2012-05-30 16:43:46,2012-05-30 08:43:46,310404000,9228198,ZCDF8,DIAMOND PRINCESS,59.44728,-135.3225,0.0,44.0
2012-05-30 16:46:47,2012-05-30 08:46:47,310404000,9228198,ZCDF8,DIAMOND PRINCESS,59.4473,-135.3225,0.0,44.0
2012-05-30 16:49:47,2012-05-30 08:49:47,310404000,9228198,ZCDF8,DIAMOND PRINCESS,59.44732,-135.3225,0.0,44.0
2012-05-30 16:52:46,2012-05-30 08:52:46,310404000,9228198,ZCDF8,DIAMOND PRINCESS,59.44728,-135.3225,0.0,44.0
2012-05-30 16:55:51,2012-05-30 08:55:51,310404000,9228198,ZCDF8,DIAMOND PRINCESS,59.44728,-135.3225,0.0,43.0
2012-05-30 16:58:49,2012-05-30 08:58:49,310404000,9228198,ZCDF8,DIAMOND PRINCESS,59.44729,-135.3225,0.0,43.0
2012-05-30 17:01:51,2012-05-30 09:01:51,310404000,9228198,ZCDF8,DIAMOND PRINCESS,59.44729,-135.3225,0.0,43.0
2012-05-30 17:04:52,2012-05-30 09:04:52,310404000,9228198,ZCDF8,DIAMOND PRINCESS,59.4473,-135.3225,0.0,43.0
2012-05-30 17:07:55,2012-05-30 09:07:55,310404000,9228198,ZCDF8,DIAMOND PRINCESS,59.4473,-135.3225,0.0,43.0
2012-05-30 17:10:57,2012-05-30 09:10:57,310404000,9228198,ZCDF8,DIAMOND PRINCESS,59.4473,-135.3225,0.0,43.0
2012-05-30 17:13:57,2012-05-30 09:13:57,310404000,9228198,ZCDF8,DIAMOND PRINCESS,59.4473,-135.3225,0.0,43.0
2012-05-30 17:16:59,2012-05-30 09:16:59,310404000,9228198,ZCDF8,DIAMOND PRINCESS,59.4473,-135.3225,0.0,43.0
2012-05-30 17:20:01,2012-05-30 09:20:01,310404000,9228198,ZCDF8,DIAMOND PRINCESS,59.4473,-135.3225,0.0,43.0
2012-05-30 17:23:02,2012-05-30 09:23:02,310404000,9228198,ZCDF8,DIAMOND PRINCESS,59.4473,-135.3225,0.0,43.0
2012-05-30 17:26:02,2012-05-30 09:26:02,310404000,9228198,ZCDF8,DIAMOND PRINCESS,59.4473,-135.3225,0.0,43.0
2012-05-30 17:29:02,2012-05-30 09:29:02,310404000,9228198,ZCDF8,DIAMOND PRINCESS,59.4473,-135.3225,0.0,43.0
2012-05-30 17:32:07,2012-05-30 09:32:07,310404000,9228198,ZCDF8,DIAMOND PRINCESS,59.4473,-135.3225,0.0,43.0
2012-05-30 17:35:07,2012-05-30 09:35:07,310404000,9228198,ZCDF8,DIAMOND PRINCESS,59.4473,-135.3225,0.0,43.0
2012-05-30 17:38:06,2012-05-30 09:38:06,310404000,9228198,ZCDF8,DIAMOND PRINCESS,59.4473,-135.3225,0.0,43.0
2012-05-30 17:41:11,2012-05-30 09:41:11,310404000,9228198,ZCDF8,DIAMOND PRINCESS,59.4473,-135.3225,0.0,43.0
2012-05-30 17:47:13,2012-05-30 09:47:13,310404000,9228198,ZCDF8,DIAMOND PRINCESS,59.4473,-135.3225,0.0,43.0
2012-05-30 17:50:13,2012-05-30 09:50:13,310404000,9228198,ZCDF8,DIAMOND PRINCESS,59.44729,-135.3225,0.0,43.0
2012-05-30 17:51:01,2012-05-30 09:51:01,310404000,9228198,ZCDF8,DIAMOND PRINCESS,59.44729,-135.3225,0.0,43.0
2012-05-30 17:53:16,2012-05-30 09:53:16,310404000,9228198,ZCDF8,DIAMOND PRINCESS,59.4473,-135.3225,0.0,43.0
2012-05-30 17:56:14,2012-05-30 09:56:14,310404000,9228198,ZCDF8,DIAMOND PRINCESS,59.4473,-135.3225,0.0,43.0
2012-05-30 17:59:16,2012-05-30 09:59:16,310404000,9228198,ZCDF8,DIAMOND PRINCESS,59.44729,-135.3225,0.0,43.0
2012-05-30 18:02:18,2012-05-30 10:02:18,310404000,9228198,ZCDF8,DIAMOND PRINCESS,59.44729,-135.3225,0.0,43.0
2012-05-30 18:05:18,2012-05-30 10:05:18,310404000,9228198,ZCDF8,DIAMOND PRINCESS,59.44729,-135.3225,0.0,43.0
2012-05-30 18:08:21,2012-05-30 10:08:21,310404000,9228198,ZCDF8,DIAMOND PRINCESS,59.44729,-135.3225,0.0,43.0
2012-05-30 18:11:22,2012-05-30 10:11:22,310404000,9228198,ZCDF8,DIAMOND PRINCESS,59.44729,-135.3225,0.0,43.0
2012-05-30 18:14:23,2012-05-30 10:14:23,310404000,9228198,ZCDF8,DIAMOND PRINCESS,59.44728,-135.3225,0.0,43.0
2012-05-30 18:17:23,2012-05-30 10:17:23,310404000,9228198,ZCDF8,DIAMOND PRINCESS,59.44727,-135.3225,0.0,43.0
2012-05-30 18:20:26,2012-05-30 10:20:26,310404000,9228198,ZCDF8,DIAMOND PRINCESS,59.44727,-135.3225,0.0,43.0
2012-05-30 18:23:26,2012-05-30 10:23:26,310404000,9228198,ZCDF8,DIAMOND PRINCESS,59.44727,-135.3225,0.0,43.0
2012-05-30 18:26:28,2012-05-30 10:26:28,310404000,9228198,ZCDF8,DIAMOND PRINCESS,59.44726,-135.3225,0.0,43.0
2012-05-30 18:29:30,2012-05-30 10:29:30,310404000,9228198,ZCDF8,DIAMOND PRINCESS,59.44726,-135.3225,0.0,43.0
2012-05-30 18:32:33,2012-05-30 10:32:33,310404000,9228198,ZCDF8,DIAMOND PRINCESS,59.44725,-135.3225,0.0,43.0
2012-05-30 18:35:32,2012-05-30 10:35:32,310404000,9228198,ZCDF8,DIAMOND PRINCESS,59.44727,-135.3225,0.0,43.0
2012-05-30 18:38:33,2012-05-30 10:38:33,310404000,9228198,ZCDF8,DIAMOND PRINCESS,59.44728,-135.3225,0.0,43.0
2012-05-30 18:41:35,2012-05-30 10:41:35,310404000,9228198,ZCDF8,DIAMOND PRINCESS,59.44728,-135.3225,0.0,43.0
2012-05-30 18:44:38,2012-05-30 10:44:38,310404000,9228198,ZCDF8,DIAMOND PRINCESS,59.44728,-135.3225,0.0,43.0
2012-05-30 18:47:39,2012-05-30 10:47:39,310404000,9228198,ZCDF8,DIAMOND PRINCESS,59.44728,-135.3225,0.0,43.0
2012-05-30 18:50:38,2012-05-30 10:50:38,310404000,9228198,ZCDF8,DIAMOND PRINCESS,59.44728,-135.3225,0.0,43.0
2012-05-30 18:53:41,2012-05-30 10:53:41,310404000,9228198,ZCDF8,DIAMOND PRINCESS,59.44728,-135.3225,0.0,43.0
2012-05-30 18:56:43,2012-05-30 10:56:43,310404000,9228198,ZCDF8,DIAMOND PRINCESS,59.44729,-135.3225,0.0,43.0
2012-05-30 18:59:42,2012-05-30 10:59:42,310404000,9228198,ZCDF8,DIAMOND PRINCESS,59.44729,-135.3225,0.0,43.0
2012-05-30 19:02:43,2012-05-30 11:02:43,310404000,9228198,ZCDF8,DIAMOND PRINCESS,59.44728,-135.3225,0.0,43.0
2012-05-30 19:05:47,2012-05-30 11:05:47,310404000,9228198,ZCDF8,DIAMOND PRINCESS,59.44728,-135.3225,0.0,43.0
2012-05-30 19:08:47,2012-05-30 11:08:47,310404000,9228198,ZCDF8,DIAMOND PRINCESS,59.44728,-135.3225,0.0,43.0
2012-05-30 19:11:48,2012-05-30 11:11:48,310404000,9228198,ZCDF8,DIAMOND PRINCESS,59.44728,-135.3225,0.0,43.0
2012-05-30 19:14:51,2012-05-30 11:14:51,310404000,9228198,ZCDF8,DIAMOND PRINCESS,59.44729,-135.3225,0.0,43.0
2012-05-30 19:17:54,2012-05-30 11:17:54,310404000,9228198,ZCDF8,DIAMOND PRINCESS,59.44729,-135.3225,0.0,43.0
2012-05-30 19:20:54,2012-05-30 11:20:54,310404000,9228198,ZCDF8,DIAMOND PRINCESS,59.44728,-135.3225,0.0,43.0
2012-05-30 19:23:55,2012-05-30 11:23:55,310404000,9228198,ZCDF8,DIAMOND PRINCESS,59.44729,-135.3225,0.0,43.0
2012-05-30 19:26:56,2012-05-30 11:26:56,310404000,9228198,ZCDF8,DIAMOND PRINCESS,59.44727,-135.3225,0.0,43.0
2012-05-30 19:29:56,2012-05-30 11:29:56,310404000,9228198,ZCDF8,DIAMOND PRINCESS,59.44728,-135.3225,0.0,43.0
2012-05-30 19:33:00,2012-05-30 11:33:00,310404000,9228198,ZCDF8,DIAMOND PRINCESS,59.44727,-135.3224,0.0,43.0
2012-05-30 19:35:57,2012-05-30 11:35:57,310404000,9228198,ZCDF8,DIAMOND PRINCESS,59.44728,-135.3225,0.0,43.0
2012-05-30 19:39:00,2012-05-30 11:39:00,310404000,9228198,ZCDF8,DIAMOND PRINCESS,59.44729,-135.3225,0.0,43.0
2012-05-30 19:42:01,2012-05-30 11:42:01,310404000,9228198,ZCDF8,DIAMOND PRINCESS,59.44727,-135.3225,0.0,43.0
2012-05-30 19:45:01,2012-05-30 11:45:01,310404000,9228198,ZCDF8,DIAMOND PRINCESS,59.44728,-135.3225,0.0,43.0
2012-05-30 19:48:02,2012-05-30 11:48:02,310404000,9228198,ZCDF8,DIAMOND PRINCESS,59.44727,-135.3225,0.0,43.0
2012-05-30 19:51:04,2012-05-30 11:51:04,310404000,9228198,ZCDF8,DIAMOND PRINCESS,59.44727,-135.3224,0.0,43.0
2012-05-30 19:54:09,2012-05-30 11:54:09,310404000,9228198,ZCDF8,DIAMOND PRINCESS,59.44727,-135.3225,0.0,43.0
2012-05-30 19:57:10,2012-05-30 11:57:10,310404000,9228198,ZCDF8,DIAMOND PRINCESS,59.44727,-135.3225,0.0,43.0
2012-05-30 20:00:09,2012-05-30 12:00:09,310404000,9228198,ZCDF8,DIAMOND PRINCESS,59.4473,-135.3225,0.0,43.0
2012-05-30 20:03:12,2012-05-30 12:03:12,310404000,9228198,ZCDF8,DIAMOND PRINCESS,59.44729,-135.3225,0.0,43.0
2012-05-30 20:06:10,2012-05-30 12:06:10,310404000,9228198,ZCDF8,DIAMOND PRINCESS,59.44727,-135.3225,0.0,43.0
2012-05-30 20:09:15,2012-05-30 12:09:15,310404000,9228198,ZCDF8,DIAMOND PRINCESS,59.44726,-135.3224,0.0,43.0
2012-05-30 20:12:13,2012-05-30 12:12:13,310404000,9228198,ZCDF8,DIAMOND PRINCESS,59.44727,-135.3225,0.0,43.0
2012-05-30 20:15:18,2012-05-30 12:15:18,310404000,9228198,ZCDF8,DIAMOND PRINCESS,59.44727,-135.3225,0.0,43.0
2012-05-30 20:18:19,2012-05-30 12:18:19,310404000,9228198,ZCDF8,DIAMOND PRINCESS,59.44728,-135.3225,0.0,43.0
2012-05-30 20:21:18,2012-05-30 12:21:18,310404000,9228198,ZCDF8,DIAMOND PRINCESS,59.44729,-135.3225,0.0,43.0
2012-05-30 20:24:18,2012-05-30 12:24:18,310404000,9228198,ZCDF8,DIAMOND PRINCESS,59.4473,-135.3225,0.0,43.0
2012-05-30 20:27:22,2012-05-30 12:27:22,310404000,9228198,ZCDF8,DIAMOND PRINCESS,59.44728,-135.3225,0.0,43.0
2012-05-30 20:30:21,2012-05-30 12:30:21,310404000,9228198,ZCDF8,DIAMOND PRINCESS,59.4473,-135.3225,0.0,43.0
2012-05-30 20:33:24,2012-05-30 12:33:24,310404000,9228198,ZCDF8,DIAMOND PRINCESS,59.44731,-135.3225,0.0,43.0
2012-05-30 20:36:26,2012-05-30 12:36:26,310404000,9228198,ZCDF8,DIAMOND PRINCESS,59.44732,-135.3225,0.0,43.0
2012-05-30 20:39:29,2012-05-30 12:39:29,310404000,9228198,ZCDF8,DIAMOND PRINCESS,59.4473,-135.3225,0.0,43.0
2012-05-30 20:42:26,2012-05-30 12:42:26,310404000,9228198,ZCDF8,DIAMOND PRINCESS,59.44731,-135.3225,0.1,223.0
2012-05-30 20:45:28,2012-05-30 12:45:28,310404000,9228198,ZCDF8,DIAMOND PRINCESS,59.4473,-135.3225,0.0,43.0
2012-05-30 20:48:29,2012-05-30 12:48:29,310404000,9228198,ZCDF8,DIAMOND PRINCESS,59.4473,-135.3225,0.0,43.0
2012-05-30 20:51:31,2012-05-30 12:51:31,310404000,9228198,ZCDF8,DIAMOND PRINCESS,59.4473,-135.3225,0.0,43.0
2012-05-30 20:54:33,2012-05-30 12:54:33,310404000,9228198,ZCDF8,DIAMOND PRINCESS,59.4473,-135.3225,0.0,43.0
2012-05-30 20:57:33,2012-05-30 12:57:33,310404000,9228198,ZCDF8,DIAMOND PRINCESS,59.4473,-135.3225,0.0,43.0
2012-05-30 21:00:33,2012-05-30 13:00:33,310404000,9228198,ZCDF8,DIAMOND PRINCESS,59.4473,-135.3225,0.0,43.0
2012-05-30 21:03:38,2012-05-30 13:03:38,310404000,9228198,ZCDF8,DIAMOND PRINCESS,59.4473,-135.3225,0.0,43.0
2012-05-30 21:06:38,2012-05-30 13:06:38,310404000,9228198,ZCDF8,DIAMOND PRINCESS,59.44729,-135.3225,0.0,43.0
2012-05-30 21:09:38,2012-05-30 13:09:38,310404000,9228198,ZCDF8,DIAMOND PRINCESS,59.44729,-135.3225,0.0,43.0
2012-05-30 21:12:40,2012-05-30 13:12:40,310404000,9228198,ZCDF8,DIAMOND PRINCESS,59.44728,-135.3225,0.0,43.0
2012-05-30 21:15:45,2012-05-30 13:15:45,310404000,9228198,ZCDF8,DIAMOND PRINCESS,59.44729,-135.3225,0.0,43.0
2012-05-30 21:18:42,2012-05-30 13:18:42,310404000,9228198,ZCDF8,DIAMOND PRINCESS,59.4473,-135.3225,0.0,43.0
2012-05-30 21:21:46,2012-05-30 13:21:46,310404000,9228198,ZCDF8,DIAMOND PRINCESS,59.44729,-135.3225,0.0,43.0
2012-05-30 21:24:46,2012-05-30 13:24:46,310404000,9228198,ZCDF8,DIAMOND PRINCESS,59.44729,-135.3225,0.0,43.0
2012-05-30 21:27:48,2012-05-30 13:27:48,310404000,9228198,ZCDF8,DIAMOND PRINCESS,59.44728,-135.3225,0.0,43.0
2012-05-30 21:30:49,2012-05-30 13:30:49,310404000,9228198,ZCDF8,DIAMOND PRINCESS,59.44729,-135.3225,0.0,43.0
2012-05-30 21:33:53,2012-05-30 13:33:53,310404000,9228198,ZCDF8,DIAMOND PRINCESS,59.44728,-135.3225,0.0,43.0
2012-05-30 21:36:51,2012-05-30 13:36:51,310404000,9228198,ZCDF8,DIAMOND PRINCESS,59.4473,-135.3225,0.0,43.0
2012-05-30 21:39:55,2012-05-30 13:39:55,310404000,9228198,ZCDF8,DIAMOND PRINCESS,59.4473,-135.3225,0.0,43.0
2012-05-30 21:42:55,2012-05-30 13:42:55,310404000,9228198,ZCDF8,DIAMOND PRINCESS,59.4473,-135.3225,0.0,43.0
2012-05-30 21:45:57,2012-05-30 13:45:57,310404000,9228198,ZCDF8,DIAMOND PRINCESS,59.44729,-135.3225,0.0,43.0
2012-05-30 21:48:58,2012-05-30 13:48:58,310404000,9228198,ZCDF8,DIAMOND PRINCESS,59.4473,-135.3225,0.4,327.1
2012-05-30 21:51:59,2012-05-30 13:51:59,310404000,9228198,ZCDF8,DIAMOND PRINCESS,59.4473,-135.3225,0.0,43.0
2012-05-30 21:54:58,2012-05-30 13:54:58,310404000,9228198,ZCDF8,DIAMOND PRINCESS,59.44729,-135.3225,0.0,43.0
2012-05-30 21:58:03,2012-05-30 13:58:03,310404000,9228198,ZCDF8,DIAMOND PRINCESS,59.4473,-135.3225,0.0,43.0
2012-05-30 22:01:01,2012-05-30 14:01:01,310404000,9228198,ZCDF8,DIAMOND PRINCESS,59.44729,-135.3225,0.0,43.0
2012-05-30 22:04:06,2012-05-30 14:04:06,310404000,9228198,ZCDF8,DIAMOND PRINCESS,59.44729,-135.3225,0.0,43.0
2012-05-30 22:07:06,2012-05-30 14:07:06,310404000,9228198,ZCDF8,DIAMOND PRINCESS,59.4473,-135.3225,0.0,43.0
2012-05-30 22:10:08,2012-05-30 14:10:08,310404000,9228198,ZCDF8,DIAMOND PRINCESS,59.4473,-135.3225,0.0,43.0
2012-05-30 22:15:31,2012-05-30 14:15:31,310404000,9228198,ZCDF8,DIAMOND PRINCESS,59.4473,-135.3225,0.0,43.0
2012-05-30 22:16:09,2012-05-30 14:16:09,310404000,9228198,ZCDF8,DIAMOND PRINCESS,59.4473,-135.3225,0.0,43.0
2012-05-30 22:19:09,2012-05-30 14:19:09,310404000,9228198,ZCDF8,DIAMOND PRINCESS,59.44731,-135.3225,0.0,43.0
2012-05-30 22:22:11,2012-05-30 14:22:11,310404000,9228198,ZCDF8,DIAMOND PRINCESS,59.4473,-135.3225,0.0,43.0
2012-05-30 22:25:13,2012-05-30 14:25:13,310404000,9228198,ZCDF8,DIAMOND PRINCESS,59.4473,-135.3225,0.0,43.0
2012-05-30 22:28:13,2012-05-30 14:28:13,310404000,9228198,ZCDF8,DIAMOND PRINCESS,59.4473,-135.3225,0.0,43.0
2012-05-30 22:31:17,2012-05-30 14:31:17,310404000,9228198,ZCDF8,DIAMOND PRINCESS,59.4473,-135.3225,0.0,43.0
2012-05-30 22:34:16,2012-05-30 14:34:16,310404000,9228198,ZCDF8,DIAMOND PRINCESS,59.4473,-135.3225,0.0,43.0
2012-05-30 22:37:20,2012-05-30 14:37:20,310404000,9228198,ZCDF8,DIAMOND PRINCESS,59.44731,-135.3225,0.0,43.0
2012-05-30 22:40:19,2012-05-30 14:40:19,310404000,9228198,ZCDF8,DIAMOND PRINCESS,59.44731,-135.3225,0.0,43.0
2012-05-30 22:43:21,2012-05-30 14:43:21,310404000,9228198,ZCDF8,DIAMOND PRINCESS,59.44731,-135.3225,0.0,43.0
2012-05-30 22:46:21,2012-05-30 14:46:21,310404000,9228198,ZCDF8,DIAMOND PRINCESS,59.44728,-135.3224,0.0,43.0
2012-05-30 22:49:22,2012-05-30 14:49:22,310404000,9228198,ZCDF8,DIAMOND PRINCESS,59.44731,-135.3225,0.0,43.0
2012-05-30 22:52:26,2012-05-30 14:52:26,310404000,9228198,ZCDF8,DIAMOND PRINCESS,59.4473,-135.3225,0.0,43.0
2012-05-30 22:55:27,2012-05-30 14:55:27,310404000,9228198,ZCDF8,DIAMOND PRINCESS,59.44729,-135.3224,0.0,43.0
2012-05-30 22:58:26,2012-05-30 14:58:26,310404000,9228198,ZCDF8,DIAMOND PRINCESS,59.44731,-135.3225,0.0,43.0
2012-05-30 23:01:30,2012-05-30 15:01:30,310404000,9228198,ZCDF8,DIAMOND PRINCESS,59.44732,-135.3225,0.1,177.9
2012-05-30 23:04:31,2012-05-30 15:04:31,310404000,9228198,ZCDF8,DIAMOND PRINCESS,59.44732,-135.3225,0.0,43.0
2012-05-30 23:07:31,2012-05-30 15:07:31,310404000,9228198,ZCDF8,DIAMOND PRINCESS,59.44736,-135.3225,0.0,43.0
2012-05-30 23:10:32,2012-05-30 15:10:32,310404000,9228198,ZCDF8,DIAMOND PRINCESS,59.4474,-135.3225,0.0,43.0
2012-05-30 23:13:33,2012-05-30 15:13:33,310404000,9228198,ZCDF8,DIAMOND PRINCESS,59.44741,-135.3225,0.0,43.0
2012-05-30 23:16:34,2012-05-30 15:16:34,310404000,9228198,ZCDF8,DIAMOND PRINCESS,59.4474,-135.3225,0.0,43.0
2012-05-30 23:19:36,2012-05-30 15:19:36,310404000,9228198,ZCDF8,DIAMOND PRINCESS,59.44739,-135.3225,0.0,43.0
2012-05-30 23:22:39,2012-05-30 15:22:39,310404000,9228198,ZCDF8,DIAMOND PRINCESS,59.4474,-135.3225,0.0,43.0
2012-05-30 23:28:42,2012-05-30 15:28:42,310404000,9228198,ZCDF8,DIAMOND PRINCESS,59.4473,-135.3224,0.0,43.0
2012-05-30 23:31:42,2012-05-30 15:31:42,310404000,9228198,ZCDF8,DIAMOND PRINCESS,59.44722,-135.3225,0.0,43.0
2012-05-30 23:34:43,2012-05-30 15:34:43,310404000,9228198,ZCDF8,DIAMOND PRINCESS,59.44723,-135.3225,0.0,43.0
2012-05-30 23:37:44,2012-05-30 15:37:44,310404000,9228198,ZCDF8,DIAMOND PRINCESS,59.44727,-135.3225,0.0,43.0
2012-05-30 23:40:45,2012-05-30 15:40:45,310404000,9228198,ZCDF8,DIAMOND PRINCESS,59.44727,-135.3225,0.0,43.0
2012-05-30 23:43:48,2012-05-30 15:43:48,310404000,9228198,ZCDF8,DIAMOND PRINCESS,59.44727,-135.3225,0.0,43.0
2012-05-30 23:46:49,2012-05-30 15:46:49,310404000,9228198,ZCDF8,DIAMOND PRINCESS,59.44725,-135.3225,0.0,43.0
2012-05-30 23:49:48,2012-05-30 15:49:48,310404000,9228198,ZCDF8,DIAMOND PRINCESS,59.44725,-135.3225,0.0,43.0
2012-05-30 23:52:53,2012-05-30 15:52:53,310404000,9228198,ZCDF8,DIAMOND PRINCESS,59.44725,-135.3225,0.0,43.0
2012-05-30 23:55:38,2012-05-30 15:55:38,310404000,9228198,ZCDF8,DIAMOND PRINCESS,59.44726,-135.3225,0.0,43.0
2012-05-30 23:58:39,2012-05-30 15:58:39,310404000,9228198,ZCDF8,DIAMOND PRINCESS,59.44726,-135.3225,0.0,43.0
2012-05-31 00:01:37,2012-05-30 16:01:37,310404000,9228198,ZCDF8,DIAMOND PRINCESS,59.44726,-135.3225,0.0,43.0
2012-05-31 00:04:39,2012-05-30 16:04:39,310404000,9228198,ZCDF8,DIAMOND PRINCESS,59.44725,-135.3225,0.0,43.0
2012-05-31 00:07:41,2012-05-30 16:07:41,310404000,9228198,ZCDF8,DIAMOND PRINCESS,59.44726,-135.3225,0.0,43.0
2012-05-31 00:10:43,2012-05-30 16:10:43,310404000,9228198,ZCDF8,DIAMOND PRINCESS,59.44727,-135.3225,0.0,43.0
2012-05-31 00:13:46,2012-05-30 16:13:46,310404000,9228198,ZCDF8,DIAMOND PRINCESS,59.44727,-135.3225,0.0,43.0
2012-05-31 00:16:45,2012-05-30 16:16:45,310404000,9228198,ZCDF8,DIAMOND PRINCESS,59.44726,-135.3225,0.0,43.0
2012-05-31 00:19:47,2012-05-30 16:19:47,310404000,9228198,ZCDF8,DIAMOND PRINCESS,59.44727,-135.3225,0.0,43.0
2012-05-31 00:22:47,2012-05-30 16:22:47,310404000,9228198,ZCDF8,DIAMOND PRINCESS,59.44727,-135.3225,0.0,43.0
2012-05-31 00:25:50,2012-05-30 16:25:50,310404000,9228198,ZCDF8,DIAMOND PRINCESS,59.44727,-135.3225,0.0,43.0
2012-05-31 00:29:30,2012-05-30 16:29:30,310404000,9228198,ZCDF8,DIAMOND PRINCESS,59.44727,-135.3225,0.0,43.0
2012-05-31 00:31:51,2012-05-30 16:31:51,310404000,9228198,ZCDF8,DIAMOND PRINCESS,59.44727,-135.3225,0.0,43.0
2012-05-31 00:34:55,2012-05-30 16:34:55,310404000,9228198,ZCDF8,DIAMOND PRINCESS,59.44727,-135.3225,0.0,43.0
2012-05-31 00:37:57,2012-05-30 16:37:57,310404000,9228198,ZCDF8,DIAMOND PRINCESS,59.44727,-135.3225,0.0,43.0
2012-05-31 00:40:58,2012-05-30 16:40:58,310404000,9228198,ZCDF8,DIAMOND PRINCESS,59.44727,-135.3225,0.0,43.0
2012-05-31 00:43:58,2012-05-30 16:43:58,310404000,9228198,ZCDF8,DIAMOND PRINCESS,59.44727,-135.3225,0.0,43.0
2012-05-31 00:47:00,2012-05-30 16:47:00,310404000,9228198,ZCDF8,DIAMOND PRINCESS,59.44727,-135.3225,0.0,43.0
2012-05-31 00:50:02,2012-05-30 16:50:02,310404000,9228198,ZCDF8,DIAMOND PRINCESS,59.44727,-135.3225,0.0,43.0
2012-05-31 00:53:03,2012-05-30 16:53:03,310404000,9228198,ZCDF8,DIAMOND PRINCESS,59.44726,-135.3225,0.0,43.0
2012-05-31 00:56:02,2012-05-30 16:56:02,310404000,9228198,ZCDF8,DIAMOND PRINCESS,59.44727,-135.3225,0.0,43.0
2012-05-31 00:59:03,2012-05-30 16:59:03,310404000,9228198,ZCDF8,DIAMOND PRINCESS,59.44728,-135.3225,0.0,43.0
2012-05-31 01:02:04,2012-05-30 17:02:04,310404000,9228198,ZCDF8,DIAMOND PRINCESS,59.44728,-135.3225,0.0,43.0
2012-05-31 01:05:09,2012-05-30 17:05:09,310404000,9228198,ZCDF8,DIAMOND PRINCESS,59.44728,-135.3225,0.0,43.0
2012-05-31 01:08:07,2012-05-30 17:08:07,310404000,9228198,ZCDF8,DIAMOND PRINCESS,59.44728,-135.3225,0.0,43.0
2012-05-31 01:11:11,2012-05-30 17:11:11,310404000,9228198,ZCDF8,DIAMOND PRINCESS,59.44727,-135.3225,0.0,43.0
2012-05-31 01:14:11,2012-05-30 17:14:11,310404000,9228198,ZCDF8,DIAMOND PRINCESS,59.44727,-135.3225,0.0,43.0
2012-05-31 01:17:13,2012-05-30 17:17:13,310404000,9228198,ZCDF8,DIAMOND PRINCESS,59.44728,-135.3225,0.0,43.0
2012-05-31 01:20:15,2012-05-30 17:20:15,310404000,9228198,ZCDF8,DIAMOND PRINCESS,59.44728,-135.3225,0.0,43.0
2012-05-31 01:23:16,2012-05-30 17:23:16,310404000,9228198,ZCDF8,DIAMOND PRINCESS,59.44727,-135.3225,0.0,43.0
2012-05-31 01:26:16,2012-05-30 17:26:16,310404000,9228198,ZCDF8,DIAMOND PRINCESS,59.44727,-135.3225,0.0,43.0
2012-05-31 01:29:18,2012-05-30 17:29:18,310404000,9228198,ZCDF8,DIAMOND PRINCESS,59.44727,-135.3225,0.0,43.0
2012-05-31 01:32:20,2012-05-30 17:32:20,310404000,9228198,ZCDF8,DIAMOND PRINCESS,59.44727,-135.3225,0.0,43.0
2012-05-31 01:35:22,2012-05-30 17:35:22,310404000,9228198,ZCDF8,DIAMOND PRINCESS,59.44729,-135.3225,0.0,43.0
2012-05-31 01:38:19,2012-05-30 17:38:19,310404000,9228198,ZCDF8,DIAMOND PRINCESS,59.4473,-135.3225,0.0,43.0
2012-05-31 01:41:23,2012-05-30 17:41:23,310404000,9228198,ZCDF8,DIAMOND PRINCESS,59.4473,-135.3225,0.0,43.0
2012-05-31 01:44:24,2012-05-30 17:44:24,310404000,9228198,ZCDF8,DIAMOND PRINCESS,59.4473,-135.3225,0.0,43.0
2012-05-31 01:47:24,2012-05-30 17:47:24,310404000,9228198,ZCDF8,DIAMOND PRINCESS,59.4473,-135.3225,0.0,43.0
2012-05-31 01:50:27,2012-05-30 17:50:27,310404000,9228198,ZCDF8,DIAMOND PRINCESS,59.44729,-135.3225,0.0,43.0
2012-05-31 01:53:28,2012-05-30 17:53:28,310404000,9228198,ZCDF8,DIAMOND PRINCESS,59.4473,-135.3225,0.0,43.0
2012-05-31 01:56:30,2012-05-30 17:56:30,310404000,9228198,ZCDF8,DIAMOND PRINCESS,59.4473,-135.3225,0.0,43.0
2012-05-31 01:59:30,2012-05-30 17:59:30,310404000,9228198,ZCDF8,DIAMOND PRINCESS,59.44729,-135.3225,0.0,43.0
2012-05-31 02:02:30,2012-05-30 18:02:30,310404000,9228198,ZCDF8,DIAMOND PRINCESS,59.44729,-135.3225,0.0,43.0
2012-05-31 02:05:33,2012-05-30 18:05:33,310404000,9228198,ZCDF8,DIAMOND PRINCESS,59.44728,-135.3225,0.0,43.0
2012-05-31 02:08:36,2012-05-30 18:08:36,310404000,9228198,ZCDF8,DIAMOND PRINCESS,59.44728,-135.3225,0.0,43.0
2012-05-31 02:11:36,2012-05-30 18:11:36,310404000,9228198,ZCDF8,DIAMOND PRINCESS,59.44729,-135.3225,0.0,43.0
2012-05-31 02:14:36,2012-05-30 18:14:36,310404000,9228198,ZCDF8,DIAMOND PRINCESS,59.44729,-135.3225,0.0,43.0
2012-05-31 02:17:40,2012-05-30 18:17:40,310404000,9228198,ZCDF8,DIAMOND PRINCESS,59.4473,-135.3225,0.0,43.0
2012-05-31 02:20:39,2012-05-30 18:20:39,310404000,9228198,ZCDF8,DIAMOND PRINCESS,59.4473,-135.3225,0.0,43.0
2012-05-31 02:23:39,2012-05-30 18:23:39,310404000,9228198,ZCDF8,DIAMOND PRINCESS,59.44731,-135.3225,0.0,43.0
2012-05-31 02:26:42,2012-05-30 18:26:42,310404000,9228198,ZCDF8,DIAMOND PRINCESS,59.4473,-135.3225,0.0,43.0
2012-05-31 02:29:43,2012-05-30 18:29:43,310404000,9228198,ZCDF8,DIAMOND PRINCESS,59.44732,-135.3225,0.0,43.0
2012-05-31 02:32:45,2012-05-30 18:32:45,310404000,9228198,ZCDF8,DIAMOND PRINCESS,59.44732,-135.3225,0.0,43.0
2012-05-31 02:35:46,2012-05-30 18:35:46,310404000,9228198,ZCDF8,DIAMOND PRINCESS,59.44734,-135.3225,0.0,43.0
2012-05-31 02:38:49,2012-05-30 18:38:49,310404000,9228198,ZCDF8,DIAMOND PRINCESS,59.44735,-135.3225,0.0,43.0
2012-05-31 02:41:51,2012-05-30 18:41:51,310404000,9228198,ZCDF8,DIAMOND PRINCESS,59.44735,-135.3225,0.0,43.0
2012-05-31 02:44:51,2012-05-30 18:44:51,310404000,9228198,ZCDF8,DIAMOND PRINCESS,59.44733,-135.3225,0.0,43.0
2012-05-31 02:47:50,2012-05-30 18:47:50,310404000,9228198,ZCDF8,DIAMOND PRINCESS,59.44735,-135.3225,0.0,43.0
2012-05-31 02:50:53,2012-05-30 18:50:53,310404000,9228198,ZCDF8,DIAMOND PRINCESS,59.44736,-135.3225,0.0,43.0
2012-05-31 02:53:52,2012-05-30 18:53:52,310404000,9228198,ZCDF8,DIAMOND PRINCESS,59.44734,-135.3225,0.0,43.0
2012-05-31 02:56:57,2012-05-30 18:56:57,310404000,9228198,ZCDF8,DIAMOND PRINCESS,59.44733,-135.3225,0.0,43.0
2012-05-31 02:59:55,2012-05-30 18:59:55,310404000,9228198,ZCDF8,DIAMOND PRINCESS,59.44731,-135.3225,0.0,43.0
2012-05-31 03:02:55,2012-05-30 19:02:55,310404000,9228198,ZCDF8,DIAMOND PRINCESS,59.44731,-135.3225,0.0,43.0
2012-05-31 03:05:58,2012-05-30 19:05:58,310404000,9228198,ZCDF8,DIAMOND PRINCESS,59.44731,-135.3224,0.0,43.0
2012-05-31 03:09:00,2012-05-30 19:09:00,310404000,9228198,ZCDF8,DIAMOND PRINCESS,59.44731,-135.3225,0.0,43.0
2012-05-31 03:12:04,2012-05-30 19:12:04,310404000,9228198,ZCDF8,DIAMOND PRINCESS,59.44731,-135.3225,0.0,43.0
2012-05-31 03:15:03,2012-05-30 19:15:03,310404000,9228198,ZCDF8,DIAMOND PRINCESS,59.44731,-135.3225,0.0,43.0
2012-05-31 03:18:04,2012-05-30 19:18:04,310404000,9228198,ZCDF8,DIAMOND PRINCESS,59.4473,-135.3225,0.0,43.0
2012-05-31 03:21:05,2012-05-30 19:21:05,310404000,9228198,ZCDF8,DIAMOND PRINCESS,59.44732,-135.3226,0.0,43.0
2012-05-31 03:24:08,2012-05-30 19:24:08,310404000,9228198,ZCDF8,DIAMOND PRINCESS,59.44732,-135.3225,0.0,43.0
2012-05-31 03:27:08,2012-05-30 19:27:08,310404000,9228198,ZCDF8,DIAMOND PRINCESS,59.44732,-135.3226,0.0,43.0
2012-05-31 03:30:09,2012-05-30 19:30:09,310404000,9228198,ZCDF8,DIAMOND PRINCESS,59.44732,-135.3225,0.0,43.0
2012-05-31 03:33:10,2012-05-30 19:33:10,310404000,9228198,ZCDF8,DIAMOND PRINCESS,59.44733,-135.3226,0.0,43.0
2012-05-31 03:36:13,2012-05-30 19:36:13,310404000,9228198,ZCDF8,DIAMOND PRINCESS,59.44731,-135.3225,0.0,43.0
2012-05-31 03:39:15,2012-05-30 19:39:15,310404000,9228198,ZCDF8,DIAMOND PRINCESS,59.44733,-135.3226,0.0,43.0
2012-05-31 03:42:17,2012-05-30 19:42:17,310404000,9228198,ZCDF8,DIAMOND PRINCESS,59.44732,-135.3226,0.0,43.0
2012-05-31 03:45:17,2012-05-30 19:45:17,310404000,9228198,ZCDF8,DIAMOND PRINCESS,59.44728,-135.3225,0.0,43.0
2012-05-31 03:48:16,2012-05-30 19:48:16,310404000,9228198,ZCDF8,DIAMOND PRINCESS,59.44728,-135.3225,0.0,43.0
2012-05-31 03:51:18,2012-05-30 19:51:18,310404000,9228198,ZCDF8,DIAMOND PRINCESS,59.44729,-135.3225,0.0,43.0
2012-05-31 03:54:21,2012-05-30 19:54:21,310404000,9228198,ZCDF8,DIAMOND PRINCESS,59.44729,-135.3225,0.0,43.0
2012-05-31 03:57:22,2012-05-30 19:57:22,310404000,9228198,ZCDF8,DIAMOND PRINCESS,59.44729,-135.3225,0.0,43.0
2012-05-31 04:00:23,2012-05-30 20:00:23,310404000,9228198,ZCDF8,DIAMOND PRINCESS,59.44729,-135.3225,0.0,43.0
2012-05-31 04:03:22,2012-05-30 20:03:22,310404000,9228198,ZCDF8,DIAMOND PRINCESS,59.44729,-135.3225,0.0,43.0
2012-05-31 04:06:27,2012-05-30 20:06:27,310404000,9228198,ZCDF8,DIAMOND PRINCESS,59.44728,-135.3225,0.0,43.0
2012-05-31 04:09:27,2012-05-30 20:09:27,310404000,9228198,ZCDF8,DIAMOND PRINCESS,59.44728,-135.3225,0.0,44.0
2012-05-31 04:12:30,2012-05-30 20:12:30,310404000,9228198,ZCDF8,DIAMOND PRINCESS,59.44728,-135.3225,0.0,44.0
2012-05-31 04:15:30,2012-05-30 20:15:30,310404000,9228198,ZCDF8,DIAMOND PRINCESS,59.44728,-135.3225,0.0,44.0
2012-05-31 04:18:32,2012-05-30 20:18:32,310404000,9228198,ZCDF8,DIAMOND PRINCESS,59.44728,-135.3225,0.0,44.0
2012-05-31 04:21:32,2012-05-30 20:21:32,310404000,9228198,ZCDF8,DIAMOND PRINCESS,59.44728,-135.3225,0.0,44.0
2012-05-31 04:24:33,2012-05-30 20:24:33,310404000,9228198,ZCDF8,DIAMOND PRINCESS,59.44729,-135.3225,0.0,44.0
2012-05-31 04:27:35,2012-05-30 20:27:35,310404000,9228198,ZCDF8,DIAMOND PRINCESS,59.44728,-135.3225,0.1,133.0
2012-05-31 04:30:37,2012-05-30 20:30:37,310404000,9228198,ZCDF8,DIAMOND PRINCESS,59.44728,-135.3225,0.0,43.0
2012-05-31 04:33:38,2012-05-30 20:33:38,310404000,9228198,ZCDF8,DIAMOND PRINCESS,59.44727,-135.3225,0.0,43.0
2012-05-31 04:36:40,2012-05-30 20:36:40,310404000,9228198,ZCDF8,DIAMOND PRINCESS,59.44728,-135.3225,0.0,44.0
2012-05-31 04:37:19,2012-05-30 20:37:19,310404000,9228198,ZCDF8,DIAMOND PRINCESS,59.44728,-135.3225,0.0,44.0
2012-05-31 04:38:07,2012-05-30 20:38:07,310404000,9228198,ZCDF8,DIAMOND PRINCESS,59.44727,-135.3225,0.0,44.0
2012-05-31 04:39:07,2012-05-30 20:39:07,310404000,9228198,ZCDF8,DIAMOND PRINCESS,59.44727,-135.3225,0.1,315.0
2012-05-31 04:40:07,2012-05-30 20:40:07,310404000,9228198,ZCDF8,DIAMOND PRINCESS,59.44724,-135.3226,0.3,245.4
2012-05-31 04:41:07,2012-05-30 20:41:07,310404000,9228198,ZCDF8,DIAMOND PRINCESS,59.44707,-135.323,1.3,238.7
2012-05-31 04:42:07,2012-05-30 20:42:07,310404000,9228198,ZCDF8,DIAMOND PRINCESS,59.44681,-135.3237,2.0,230.0
2012-05-31 04:43:07,2012-05-30 20:43:07,310404000,9228198,ZCDF8,DIAMOND PRINCESS,59.44636,-135.3247,2.5,227.1
2012-05-31 04:44:07,2012-05-30 20:44:07,310404000,9228198,ZCDF8,DIAMOND PRINCESS,59.44583,-135.326,3.4,233.3
2012-05-31 04:45:07,2012-05-30 20:45:07,310404000,9228198,ZCDF8,DIAMOND PRINCESS,59.44524,-135.3277,4.1,237.7
2012-05-31 04:46:06,2012-05-30 20:46:06,310404000,9228198,ZCDF8,DIAMOND PRINCESS,59.44459,-135.3297,4.6,237.4
2012-05-31 04:47:06,2012-05-30 20:47:06,310404000,9228198,ZCDF8,DIAMOND PRINCESS,59.44389,-135.332,5.1,241.7
2012-05-31 04:48:06,2012-05-30 20:48:06,310404000,9228198,ZCDF8,DIAMOND PRINCESS,59.44327,-135.3343,4.5,238.5
2012-05-31 04:49:06,2012-05-30 20:49:06,310404000,9228198,ZCDF8,DIAMOND PRINCESS,59.44268,-135.3362,3.9,242.5
2012-05-31 04:50:07,2012-05-30 20:50:07,310404000,9228198,ZCDF8,DIAMOND PRINCESS,59.44225,-135.3382,3.7,251.9
2012-05-31 04:51:00,2012-05-30 20:51:00,310404000,9228198,ZCDF8,DIAMOND PRINCESS,59.44203,-135.3398,3.5,258.9
2012-05-31 04:52:00,2012-05-30 20:52:00,310404000,9228198,ZCDF8,DIAMOND PRINCESS,59.44186,-135.3416,3.3,266.9
2012-05-31 04:53:00,2012-05-30 20:53:00,310404000,9228198,ZCDF8,DIAMOND PRINCESS,59.4419,-135.3434,2.8,282.1
2012-05-31 04:54:00,2012-05-30 20:54:00,310404000,9228198,ZCDF8,DIAMOND PRINCESS,59.44196,-135.3447,1.9,273.2
2012-05-31 04:55:00,2012-05-30 20:55:00,310404000,9228198,ZCDF8,DIAMOND PRINCESS,59.44186,-135.3458,1.5,242.1
2012-05-31 04:56:07,2012-05-30 20:56:07,310404000,9228198,ZCDF8,DIAMOND PRINCESS,59.44134,-135.3463,2.3,193.0
2012-05-31 04:57:06,2012-05-30 20:57:06,310404000,9228198,ZCDF8,DIAMOND PRINCESS,59.44057,-135.3466,3.3,193.0
2012-05-31 04:58:06,2012-05-30 20:58:06,310404000,9228198,ZCDF8,DIAMOND PRINCESS,59.43953,-135.347,4.2,190.0
2012-05-31 04:59:06,2012-05-30 20:59:06,310404000,9228198,ZCDF8,DIAMOND PRINCESS,59.43822,-135.3476,5.3,192.1
2012-05-31 05:00:06,2012-05-30 21:00:06,310404000,9228198,ZCDF8,DIAMOND PRINCESS,59.43659,-135.3482,6.5,191.7
2012-05-31 05:01:06,2012-05-30 21:01:06,310404000,9228198,ZCDF8,DIAMOND PRINCESS,59.43465,-135.349,7.6,191.5
2012-05-31 05:02:06,2012-05-30 21:02:06,310404000,9228198,ZCDF8,DIAMOND PRINCESS,59.43242,-135.35,8.4,192.0
2012-05-31 05:03:07,2012-05-30 21:03:07,310404000,9228198,ZCDF8,DIAMOND PRINCESS,59.43002,-135.3509,9.0,189.9
2012-05-31 05:04:07,2012-05-30 21:04:07,310404000,9228198,ZCDF8,DIAMOND PRINCESS,59.42749,-135.3518,9.4,189.8
2012-05-31 05:05:07,2012-05-30 21:05:07,310404000,9228198,ZCDF8,DIAMOND PRINCESS,59.4248,-135.3526,10.1,189.1
2012-05-31 05:06:07,2012-05-30 21:06:07,310404000,9228198,ZCDF8,DIAMOND PRINCESS,59.42193,-135.3535,10.7,189.0
2012-05-31 05:07:07,2012-05-30 21:07:07,310404000,9228198,ZCDF8,DIAMOND PRINCESS,59.41896,-135.3544,11.1,189.0
2012-05-31 05:08:07,2012-05-30 21:08:07,310404000,9228198,ZCDF8,DIAMOND PRINCESS,59.41579,-135.3554,11.4,189.0
2012-05-31 05:09:07,2012-05-30 21:09:07,310404000,9228198,ZCDF8,DIAMOND PRINCESS,59.41267,-135.3564,11.7,188.9
2012-05-31 05:10:06,2012-05-30 21:10:06,310404000,9228198,ZCDF8,DIAMOND PRINCESS,59.40945,-135.3573,11.8,188.0
2012-05-31 05:11:06,2012-05-30 21:11:06,310404000,9228198,ZCDF8,DIAMOND PRINCESS,59.40622,-135.3582,11.9,188.0
2012-05-31 05:12:08,2012-05-30 21:12:08,310404000,9228198,ZCDF8,DIAMOND PRINCESS,59.40294,-135.359,12.0,188.0
2012-05-31 05:13:06,2012-05-30 21:13:06,310404000,9228198,ZCDF8,DIAMOND PRINCESS,59.39963,-135.3599,12.1,188.0
2012-05-31 05:14:07,2012-05-30 21:14:07,310404000,9228198,ZCDF8,DIAMOND PRINCESS,59.39626,-135.3608,12.1,188.0
2012-05-31 05:15:07,2012-05-30 21:15:07,310404000,9228198,ZCDF8,DIAMOND PRINCESS,59.39293,-135.3617,12.2,187.0
2012-05-31 05:16:07,2012-05-30 21:16:07,310404000,9228198,ZCDF8,DIAMOND PRINCESS,59.38959,-135.3625,12.2,187.0
2012-05-31 05:17:07,2012-05-30 21:17:07,310404000,9228198,ZCDF8,DIAMOND PRINCESS,59.38623,-135.3634,12.1,187.0
2012-05-31 05:18:06,2012-05-30 21:18:06,310404000,9228198,ZCDF8,DIAMOND PRINCESS,59.3829,-135.3642,12.1,187.0
2012-05-31 05:19:07,2012-05-30 21:19:07,310404000,9228198,ZCDF8,DIAMOND PRINCESS,59.37958,-135.3649,12.1,186.5
2012-05-31 05:20:06,2012-05-30 21:20:06,310404000,9228198,ZCDF8,DIAMOND PRINCESS,59.3763,-135.3657,12.0,186.5
2012-05-31 05:21:06,2012-05-30 21:21:06,310404000,9228198,ZCDF8,DIAMOND PRINCESS,59.37298,-135.3666,12.1,187.0
2012-05-31 05:22:06,2012-05-30 21:22:06,310404000,9228198,ZCDF8,DIAMOND PRINCESS,59.36971,-135.3674,12.1,188.0
2012-05-31 05:23:06,2012-05-30 21:23:06,310404000,9228198,ZCDF8,DIAMOND PRINCESS,59.36631,-135.3683,12.1,188.0
2012-05-31 05:24:06,2012-05-30 21:24:06,310404000,9228198,ZCDF8,DIAMOND PRINCESS,59.36301,-135.3691,12.2,186.0
2012-05-31 05:25:06,2012-05-30 21:25:06,310404000,9228198,ZCDF8,DIAMOND PRINCESS,59.35955,-135.3698,12.4,186.0
2012-05-31 05:26:06,2012-05-30 21:26:06,310404000,9228198,ZCDF8,DIAMOND PRINCESS,59.35617,-135.3704,12.4,186.0
2012-05-31 05:27:06,2012-05-30 21:27:06,310404000,9228198,ZCDF8,DIAMOND PRINCESS,59.35267,-135.371,12.5,185.0
2012-05-31 05:28:06,2012-05-30 21:28:06,310404000,9228198,ZCDF8,DIAMOND PRINCESS,59.34929,-135.3717,12.4,186.0
2012-05-31 05:29:06,2012-05-30 21:29:06,310404000,9228198,ZCDF8,DIAMOND PRINCESS,59.34586,-135.3724,12.4,186.0
2012-05-31 05:30:06,2012-05-30 21:30:06,310404000,9228198,ZCDF8,DIAMOND PRINCESS,59.34243,-135.3732,12.4,186.0
2012-05-31 05:31:06,2012-05-30 21:31:06,310404000,9228198,ZCDF8,DIAMOND PRINCESS,59.33899,-135.3739,12.5,185.6
2012-05-31 05:32:06,2012-05-30 21:32:06,310404000,9228198,ZCDF8,DIAMOND PRINCESS,59.33554,-135.3747,12.6,186.0
2012-05-31 05:33:06,2012-05-30 21:33:06,310404000,9228198,ZCDF8,DIAMOND PRINCESS,59.33206,-135.3754,12.6,186.0
2012-05-31 05:34:06,2012-05-30 21:34:06,310404000,9228198,ZCDF8,DIAMOND PRINCESS,59.32852,-135.3761,12.7,185.6
2012-05-31 05:35:06,2012-05-30 21:35:06,310404000,9228198,ZCDF8,DIAMOND PRINCESS,59.32507,-135.3768,12.7,186.0
2012-05-31 05:36:06,2012-05-30 21:36:06,310404000,9228198,ZCDF8,DIAMOND PRINCESS,59.32156,-135.3775,12.8,185.6
2012-05-31 05:37:06,2012-05-30 21:37:06,310404000,9228198,ZCDF8,DIAMOND PRINCESS,59.31802,-135.3782,12.8,185.6
2012-05-31 05:38:06,2012-05-30 21:38:06,310404000,9228198,ZCDF8,DIAMOND PRINCESS,59.31448,-135.3789,12.9,186.1
2012-05-31 05:39:06,2012-05-30 21:39:06,310404000,9228198,ZCDF8,DIAMOND PRINCESS,59.31096,-135.3796,12.8,186.1
2012-05-31 05:40:07,2012-05-30 21:40:07,310404000,9228198,ZCDF8,DIAMOND PRINCESS,59.30736,-135.3804,12.8,186.1
2012-05-31 05:41:07,2012-05-30 21:41:07,310404000,9228198,ZCDF8,DIAMOND PRINCESS,59.3039,-135.3811,12.7,187.0
2012-05-31 05:42:07,2012-05-30 21:42:07,310404000,9228198,ZCDF8,DIAMOND PRINCESS,59.30032,-135.3819,12.7,186.5
2012-05-31 05:43:07,2012-05-30 21:43:07,310404000,9228198,ZCDF8,DIAMOND PRINCESS,59.29687,-135.3827,12.7,186.0
2012-05-31 05:44:07,2012-05-30 21:44:07,310404000,9228198,ZCDF8,DIAMOND PRINCESS,59.29329,-135.3834,12.8,185.6
2012-05-31 05:45:07,2012-05-30 21:45:07,310404000,9228198,ZCDF8,DIAMOND PRINCESS,59.28983,-135.3841,12.8,185.6
2012-05-31 05:46:08,2012-05-30 21:46:08,310404000,9228198,ZCDF8,DIAMOND PRINCESS,59.28625,-135.3849,12.8,186.1
2012-05-31 05:47:07,2012-05-30 21:47:07,310404000,9228198,ZCDF8,DIAMOND PRINCESS,59.28279,-135.3856,12.8,186.5
2012-05-31 05:48:07,2012-05-30 21:48:07,310404000,9228198,ZCDF8,DIAMOND PRINCESS,59.27924,-135.3863,12.7,185.4
2012-05-31 05:49:08,2012-05-30 21:49:08,310404000,9228198,ZCDF8,DIAMOND PRINCESS,59.27571,-135.3865,12.7,179.9
2012-05-31 05:50:08,2012-05-30 21:50:08,310404000,9228198,ZCDF8,DIAMOND PRINCESS,59.27219,-135.3862,12.6,174.9
2012-05-31 05:51:07,2012-05-30 21:51:07,310404000,9228198,ZCDF8,DIAMOND PRINCESS,59.26869,-135.3852,12.5,169.9
2012-05-31 05:52:06,2012-05-30 21:52:06,310404000,9228198,ZCDF8,DIAMOND PRINCESS,59.26545,-135.3837,12.4,165.8
2012-05-31 05:53:07,2012-05-30 21:53:07,310404000,9228198,ZCDF8,DIAMOND PRINCESS,59.26212,-135.3819,12.5,164.0
2012-05-31 05:54:06,2012-05-30 21:54:06,310404000,9228198,ZCDF8,DIAMOND PRINCESS,59.25883,-135.3801,12.5,164.0
2012-05-31 05:55:06,2012-05-30 21:55:06,310404000,9228198,ZCDF8,DIAMOND PRINCESS,59.25542,-135.3783,12.6,164.0
2012-05-31 05:56:07,2012-05-30 21:56:07,310404000,9228198,ZCDF8,DIAMOND PRINCESS,59.2521,-135.3764,12.7,164.0
2012-05-31 05:57:07,2012-05-30 21:57:07,310404000,9228198,ZCDF8,DIAMOND PRINCESS,59.24856,-135.3745,12.8,164.0
2012-05-31 05:58:07,2012-05-30 21:58:07,310404000,9228198,ZCDF8,DIAMOND PRINCESS,59.24523,-135.3727,12.8,164.8
2012-05-31 05:59:07,2012-05-30 21:59:07,310404000,9228198,ZCDF8,DIAMOND PRINCESS,59.24179,-135.3709,12.8,164.8
2012-05-31 06:00:07,2012-05-30 22:00:07,310404000,9228198,ZCDF8,DIAMOND PRINCESS,59.23834,-135.3691,12.8,164.8
2012-05-31 06:01:08,2012-05-30 22:01:08,310404000,9228198,ZCDF8,DIAMOND PRINCESS,59.23491,-135.3673,12.8,164.8
2012-05-31 06:02:07,2012-05-30 22:02:07,310404000,9228198,ZCDF8,DIAMOND PRINCESS,59.23149,-135.3655,12.7,164.9
2012-05-31 06:03:07,2012-05-30 22:03:07,310404000,9228198,ZCDF8,DIAMOND PRINCESS,59.22809,-135.3637,12.7,165.3
2012-05-31 06:04:07,2012-05-30 22:04:07,310404000,9228198,ZCDF8,DIAMOND PRINCESS,59.22472,-135.362,12.6,164.9
2012-05-31 06:05:07,2012-05-30 22:05:07,310404000,9228198,ZCDF8,DIAMOND PRINCESS,59.22135,-135.3602,12.6,165.3
2012-05-31 06:06:06,2012-05-30 22:06:06,310404000,9228198,ZCDF8,DIAMOND PRINCESS,59.2181,-135.3584,12.5,163.9
2012-05-31 06:07:06,2012-05-30 22:07:06,310404000,9228198,ZCDF8,DIAMOND PRINCESS,59.21475,-135.3566,12.5,163.9
2012-05-31 06:08:06,2012-05-30 22:08:06,310404000,9228198,ZCDF8,DIAMOND PRINCESS,59.21134,-135.3548,12.5,163.9
2012-05-31 06:09:06,2012-05-30 22:09:06,310404000,9228198,ZCDF8,DIAMOND PRINCESS,59.20805,-135.3529,12.5,163.9
2012-05-31 06:10:06,2012-05-30 22:10:06,310404000,9228198,ZCDF8,DIAMOND PRINCESS,59.20472,-135.3511,12.5,164.8
2012-05-31 06:11:06,2012-05-30 22:11:06,310404000,9228198,ZCDF8,DIAMOND PRINCESS,59.20144,-135.3491,12.4,162.3
2012-05-31 06:12:06,2012-05-30 22:12:06,310404000,9228198,ZCDF8,DIAMOND PRINCESS,59.1982,-135.3468,12.3,158.8
2012-05-31 06:13:06,2012-05-30 22:13:06,310404000,9228198,ZCDF8,DIAMOND PRINCESS,59.19501,-135.3443,12.4,158.8
2012-05-31 06:14:07,2012-05-30 22:14:07,310404000,9228198,ZCDF8,DIAMOND PRINCESS,59.19175,-135.3418,12.4,156.9
2012-05-31 06:15:07,2012-05-30 22:15:07,310404000,9228198,ZCDF8,DIAMOND PRINCESS,59.18857,-135.3393,12.4,157.8
2012-05-31 06:16:07,2012-05-30 22:16:07,310404000,9228198,ZCDF8,DIAMOND PRINCESS,59.18538,-135.3367,12.5,157.8
2012-05-31 06:17:07,2012-05-30 22:17:07,310404000,9228198,ZCDF8,DIAMOND PRINCESS,59.18219,-135.3341,12.5,157.3
2012-05-31 06:18:07,2012-05-30 22:18:07,310404000,9228198,ZCDF8,DIAMOND PRINCESS,59.179,-135.3315,12.6,156.9
2012-05-31 06:19:08,2012-05-30 22:19:08,310404000,9228198,ZCDF8,DIAMOND PRINCESS,59.17587,-135.3287,12.6,156.9
2012-05-31 06:20:08,2012-05-30 22:20:08,310404000,9228198,ZCDF8,DIAMOND PRINCESS,59.17255,-135.3262,12.6,158.9
2012-05-31 06:21:08,2012-05-30 22:21:08,310404000,9228198,ZCDF8,DIAMOND PRINCESS,59.16924,-135.3238,12.7,158.9
2012-05-31 06:22:08,2012-05-30 22:22:08,310404000,9228198,ZCDF8,DIAMOND PRINCESS,59.16601,-135.3213,12.7,158.9
2012-05-31 06:23:08,2012-05-30 22:23:08,310404000,9228198,ZCDF8,DIAMOND PRINCESS,59.16282,-135.3188,12.7,158.0
2012-05-31 06:24:08,2012-05-30 22:24:08,310404000,9228198,ZCDF8,DIAMOND PRINCESS,59.15949,-135.3162,12.6,158.0
2012-05-31 06:25:08,2012-05-30 22:25:08,310404000,9228198,ZCDF8,DIAMOND PRINCESS,59.15625,-135.3136,12.6,157.0
2012-05-31 06:26:08,2012-05-30 22:26:08,310404000,9228198,ZCDF8,DIAMOND PRINCESS,59.15303,-135.3109,12.6,157.0
2012-05-31 06:27:08,2012-05-30 22:27:08,310404000,9228198,ZCDF8,DIAMOND PRINCESS,59.14983,-135.3082,12.6,156.5
2012-05-31 06:28:08,2012-05-30 22:28:08,310404000,9228198,ZCDF8,DIAMOND PRINCESS,59.14672,-135.3054,12.6,156.0
2012-05-31 06:29:08,2012-05-30 22:29:08,310404000,9228198,ZCDF8,DIAMOND PRINCESS,59.14344,-135.3028,12.6,157.0
2012-05-31 06:30:08,2012-05-30 22:30:08,310404000,9228198,ZCDF8,DIAMOND PRINCESS,59.14026,-135.3002,12.6,157.0
2012-05-31 06:31:08,2012-05-30 22:31:08,310404000,9228198,ZCDF8,DIAMOND PRINCESS,59.13698,-135.2975,12.6,157.0
2012-05-31 06:32:08,2012-05-30 22:32:08,310404000,9228198,ZCDF8,DIAMOND PRINCESS,59.13386,-135.2949,12.6,157.0
2012-05-31 06:33:07,2012-05-30 22:33:07,310404000,9228198,ZCDF8,DIAMOND PRINCESS,59.13063,-135.2923,12.6,157.0
2012-05-31 06:34:07,2012-05-30 22:34:07,310404000,9228198,ZCDF8,DIAMOND PRINCESS,59.12749,-135.2896,12.6,157.0
2012-05-31 06:35:07,2012-05-30 22:35:07,310404000,9228198,ZCDF8,DIAMOND PRINCESS,59.1242,-135.2869,12.6,157.0
2012-05-31 06:36:07,2012-05-30 22:36:07,310404000,9228198,ZCDF8,DIAMOND PRINCESS,59.12109,-135.2843,12.5,157.0
2012-05-31 06:37:07,2012-05-30 22:37:07,310404000,9228198,ZCDF8,DIAMOND PRINCESS,59.11786,-135.2816,12.5,155.6
2012-05-31 06:38:07,2012-05-30 22:38:07,310404000,9228198,ZCDF8,DIAMOND PRINCESS,59.1147,-135.2789,12.4,156.5
2012-05-31 06:39:07,2012-05-30 22:39:07,310404000,9228198,ZCDF8,DIAMOND PRINCESS,59.11155,-135.2763,12.4,157.0
2012-05-31 06:40:07,2012-05-30 22:40:07,310404000,9228198,ZCDF8,DIAMOND PRINCESS,59.10844,-135.2737,12.4,157.0
2012-05-31 06:41:07,2012-05-30 22:41:07,310404000,9228198,ZCDF8,DIAMOND PRINCESS,59.10521,-135.271,12.4,156.6
2012-05-31 06:42:07,2012-05-30 22:42:07,310404000,9228198,ZCDF8,DIAMOND PRINCESS,59.10205,-135.2684,12.4,156.6
2012-05-31 06:43:07,2012-05-30 22:43:07,310404000,9228198,ZCDF8,DIAMOND PRINCESS,59.0989,-135.2659,12.4,156.6
2012-05-31 06:44:07,2012-05-30 22:44:07,310404000,9228198,ZCDF8,DIAMOND PRINCESS,59.09571,-135.2632,12.4,155.6
2012-05-31 06:45:07,2012-05-30 22:45:07,310404000,9228198,ZCDF8,DIAMOND PRINCESS,59.09259,-135.2605,12.4,156.6
2012-05-31 06:46:06,2012-05-30 22:46:06,310404000,9228198,ZCDF8,DIAMOND PRINCESS,59.08942,-135.2579,12.4,156.6
2012-05-31 06:47:07,2012-05-30 22:47:07,310404000,9228198,ZCDF8,DIAMOND PRINCESS,59.08625,-135.2553,12.4,158.0
2012-05-31 06:48:06,2012-05-30 22:48:06,310404000,9228198,ZCDF8,DIAMOND PRINCESS,59.08301,-135.253,12.4,160.6
2012-05-31 06:49:06,2012-05-30 22:49:06,310404000,9228198,ZCDF8,DIAMOND PRINCESS,59.07975,-135.2513,12.4,165.6
2012-05-31 06:50:07,2012-05-30 22:50:07,310404000,9228198,ZCDF8,DIAMOND PRINCESS,59.07635,-135.2497,12.4,167.0
2012-05-31 06:51:07,2012-05-30 22:51:07,310404000,9228198,ZCDF8,DIAMOND PRINCESS,59.073,-135.2481,12.4,167.0
2012-05-31 06:52:07,2012-05-30 22:52:07,310404000,9228198,ZCDF8,DIAMOND PRINCESS,59.06966,-135.2466,12.4,165.6
2012-05-31 06:53:07,2012-05-30 22:53:07,310404000,9228198,ZCDF8,DIAMOND PRINCESS,59.06629,-135.245,12.4,166.5
2012-05-31 06:54:07,2012-05-30 22:54:07,310404000,9228198,ZCDF8,DIAMOND PRINCESS,59.06295,-135.2434,12.5,165.6
2012-05-31 06:55:07,2012-05-30 22:55:07,310404000,9228198,ZCDF8,DIAMOND PRINCESS,59.05964,-135.2418,12.5,165.6
2012-05-31 06:56:07,2012-05-30 22:56:07,310404000,9228198,ZCDF8,DIAMOND PRINCESS,59.05629,-135.2402,12.5,166.6
2012-05-31 06:57:06,2012-05-30 22:57:06,310404000,9228198,ZCDF8,DIAMOND PRINCESS,59.05288,-135.2385,12.5,165.6
2012-05-31 06:58:06,2012-05-30 22:58:06,310404000,9228198,ZCDF8,DIAMOND PRINCESS,59.0496,-135.2368,12.4,165.6
2012-05-31 06:59:06,2012-05-30 22:59:06,310404000,9228198,ZCDF8,DIAMOND PRINCESS,59.0462,-135.2352,12.4,165.6
2012-05-31 07:00:18,2012-05-30 23:00:18,310404000,9228198,ZCDF8,DIAMOND PRINCESS,59.0423,-135.2332,12.4,165.6
2012-05-31 07:01:07,2012-05-30 23:01:07,310404000,9228198,ZCDF8,DIAMOND PRINCESS,59.03954,-135.2318,12.4,164.6
2012-05-31 07:02:07,2012-05-30 23:02:07,310404000,9228198,ZCDF8,DIAMOND PRINCESS,59.03619,-135.2302,12.3,165.6
2012-05-31 07:03:07,2012-05-30 23:03:07,310404000,9228198,ZCDF8,DIAMOND PRINCESS,59.03285,-135.2287,12.4,166.6
2012-05-31 07:04:07,2012-05-30 23:04:07,310404000,9228198,ZCDF8,DIAMOND PRINCESS,59.02956,-135.2273,12.4,168.0
2012-05-31 07:05:18,2012-05-30 23:05:18,310404000,9228198,ZCDF8,DIAMOND PRINCESS,59.02557,-135.2256,12.4,168.0
2012-05-31 07:06:07,2012-05-30 23:06:07,310404000,9228198,ZCDF8,DIAMOND PRINCESS,59.02282,-135.2245,12.4,168.0
2012-05-31 07:07:07,2012-05-30 23:07:07,310404000,9228198,ZCDF8,DIAMOND PRINCESS,59.01942,-135.223,12.4,166.6
2012-05-31 07:08:07,2012-05-30 23:08:07,310404000,9228198,ZCDF8,DIAMOND PRINCESS,59.0161,-135.2216,12.5,168.0
2012-05-31 07:09:07,2012-05-30 23:09:07,310404000,9228198,ZCDF8,DIAMOND PRINCESS,59.01269,-135.2202,12.6,168.0
2012-05-31 07:10:07,2012-05-30 23:10:07,310404000,9228198,ZCDF8,DIAMOND PRINCESS,59.0093,-135.2187,12.6,166.5
2012-05-31 07:11:07,2012-05-30 23:11:07,310404000,9228198,ZCDF8,DIAMOND PRINCESS,59.00591,-135.2172,12.6,166.5
2012-05-31 07:12:07,2012-05-30 23:12:07,310404000,9228198,ZCDF8,DIAMOND PRINCESS,59.00251,-135.2157,12.7,167.0
2012-05-31 07:13:07,2012-05-30 23:13:07,310404000,9228198,ZCDF8,DIAMOND PRINCESS,58.99901,-135.2142,12.8,167.0
2012-05-31 07:14:07,2012-05-30 23:14:07,310404000,9228198,ZCDF8,DIAMOND PRINCESS,58.99559,-135.2127,13.1,167.0
2012-05-31 07:15:07,2012-05-30 23:15:07,310404000,9228198,ZCDF8,DIAMOND PRINCESS,58.99203,-135.2111,13.0,167.0
2012-05-31 07:16:07,2012-05-30 23:16:07,310404000,9228198,ZCDF8,DIAMOND PRINCESS,58.98858,-135.2096,13.0,167.0
2012-05-31 07:17:08,2012-05-30 23:17:08,310404000,9228198,ZCDF8,DIAMOND PRINCESS,58.98501,-135.208,13.0,167.0
2012-05-31 07:18:08,2012-05-30 23:18:08,310404000,9228198,ZCDF8,DIAMOND PRINCESS,58.98151,-135.2065,12.9,167.0
2012-05-31 07:19:08,2012-05-30 23:19:08,310404000,9228198,ZCDF8,DIAMOND PRINCESS,58.97804,-135.205,12.8,168.4
2012-05-31 07:20:08,2012-05-30 23:20:08,310404000,9228198,ZCDF8,DIAMOND PRINCESS,58.97455,-135.2038,12.7,172.0
2012-05-31 07:21:08,2012-05-30 23:21:08,310404000,9228198,ZCDF8,DIAMOND PRINCESS,58.97105,-135.2032,12.6,177.0
2012-05-31 07:22:08,2012-05-30 23:22:08,310404000,9228198,ZCDF8,DIAMOND PRINCESS,58.96755,-135.203,12.6,178.0
2012-05-31 07:23:06,2012-05-30 23:23:06,310404000,9228198,ZCDF8,DIAMOND PRINCESS,58.96416,-135.2027,12.7,178.0
2012-05-31 07:24:06,2012-05-30 23:24:06,310404000,9228198,ZCDF8,DIAMOND PRINCESS,58.96059,-135.2025,12.7,178.9
2012-05-31 07:25:06,2012-05-30 23:25:06,310404000,9228198,ZCDF8,DIAMOND PRINCESS,58.95713,-135.2023,12.7,178.0
2012-05-31 07:26:07,2012-05-30 23:26:07,310404000,9228198,ZCDF8,DIAMOND PRINCESS,58.95361,-135.2022,12.7,178.9
2012-05-31 07:27:07,2012-05-30 23:27:07,310404000,9228198,ZCDF8,DIAMOND PRINCESS,58.9501,-135.202,12.7,178.0
2012-05-31 07:28:07,2012-05-30 23:28:07,310404000,9228198,ZCDF8,DIAMOND PRINCESS,58.9466,-135.2017,12.6,178.0
2012-05-31 07:29:07,2012-05-30 23:29:07,310404000,9228198,ZCDF8,DIAMOND PRINCESS,58.9431,-135.2014,12.6,177.0
2012-05-31 07:30:07,2012-05-30 23:30:07,310404000,9228198,ZCDF8,DIAMOND PRINCESS,58.93956,-135.2011,12.6,177.0
2012-05-31 07:31:07,2012-05-30 23:31:07,310404000,9228198,ZCDF8,DIAMOND PRINCESS,58.93614,-135.2007,12.5,177.0
2012-05-31 07:32:16,2012-05-30 23:32:16,310404000,9228198,ZCDF8,DIAMOND PRINCESS,58.93209,-135.2002,12.5,176.0
2012-05-31 07:33:08,2012-05-30 23:33:08,310404000,9228198,ZCDF8,DIAMOND PRINCESS,58.9292,-135.1999,12.6,176.0
2012-05-31 07:38:18,2012-05-30 23:38:18,310404000,9228198,ZCDF8,DIAMOND PRINCESS,58.91109,-135.1978,12.7,175.6
2012-05-31 07:39:07,2012-05-30 23:39:07,310404000,9228198,ZCDF8,DIAMOND PRINCESS,58.90815,-135.1974,12.7,176.0
2012-05-31 07:40:07,2012-05-30 23:40:07,310404000,9228198,ZCDF8,DIAMOND PRINCESS,58.90467,-135.1969,12.6,176.0
2012-05-31 07:41:07,2012-05-30 23:41:07,310404000,9228198,ZCDF8,DIAMOND PRINCESS,58.9012,-135.1964,12.6,174.7
2012-05-31 07:42:08,2012-05-30 23:42:08,310404000,9228198,ZCDF8,DIAMOND PRINCESS,58.89772,-135.1959,12.6,175.6
2012-05-31 07:43:08,2012-05-30 23:43:08,310404000,9228198,ZCDF8,DIAMOND PRINCESS,58.89418,-135.1954,12.5,175.6
2012-05-31 07:44:08,2012-05-30 23:44:08,310404000,9228198,ZCDF8,DIAMOND PRINCESS,58.89077,-135.1949,12.6,175.6
2012-05-31 07:45:08,2012-05-30 23:45:08,310404000,9228198,ZCDF8,DIAMOND PRINCESS,58.88729,-135.1945,12.5,175.6
2012-05-31 07:46:08,2012-05-30 23:46:08,310404000,9228198,ZCDF8,DIAMOND PRINCESS,58.88382,-135.1941,12.5,176.6
2012-05-31 07:47:08,2012-05-30 23:47:08,310404000,9228198,ZCDF8,DIAMOND PRINCESS,58.88035,-135.1938,12.5,177.6
2012-05-31 07:48:08,2012-05-30 23:48:08,310404000,9228198,ZCDF8,DIAMOND PRINCESS,58.87688,-135.1935,12.5,177.0
2012-05-31 07:49:08,2012-05-30 23:49:08,310404000,9228198,ZCDF8,DIAMOND PRINCESS,58.87342,-135.1931,12.5,176.6
2012-05-31 07:50:06,2012-05-30 23:50:06,310404000,9228198,ZCDF8,DIAMOND PRINCESS,58.87009,-135.1928,12.5,176.6
2012-05-31 07:51:06,2012-05-30 23:51:06,310404000,9228198,ZCDF8,DIAMOND PRINCESS,58.86663,-135.1925,12.5,177.0
2012-05-31 07:52:07,2012-05-30 23:52:07,310404000,9228198,ZCDF8,DIAMOND PRINCESS,58.86318,-135.1922,12.4,177.5
2012-05-31 07:53:07,2012-05-30 23:53:07,310404000,9228198,ZCDF8,DIAMOND PRINCESS,58.85974,-135.1919,12.4,177.5
2012-05-31 07:54:06,2012-05-30 23:54:06,310404000,9228198,ZCDF8,DIAMOND PRINCESS,58.85638,-135.1915,12.4,174.9
2012-05-31 07:55:07,2012-05-30 23:55:07,310404000,9228198,ZCDF8,DIAMOND PRINCESS,58.85294,-135.1905,12.3,170.0
2012-05-31 07:56:08,2012-05-30 23:56:08,310404000,9228198,ZCDF8,DIAMOND PRINCESS,58.84946,-135.1892,12.4,169.0
2012-05-31 07:57:08,2012-05-30 23:57:08,310404000,9228198,ZCDF8,DIAMOND PRINCESS,58.84615,-135.188,12.4,169.0
2012-05-31 07:58:08,2012-05-30 23:58:08,310404000,9228198,ZCDF8,DIAMOND PRINCESS,58.84272,-135.1866,12.4,169.0
2012-05-31 07:59:08,2012-05-30 23:59:08,310404000,9228198,ZCDF8,DIAMOND PRINCESS,58.8394,-135.1853,12.5,169.5
2012-05-31 08:00:08,2012-05-31 00:00:08,310404000,9228198,ZCDF8,DIAMOND PRINCESS,58.83599,-135.1841,12.5,169.0
2012-05-31 08:01:08,2012-05-31 00:01:08,310404000,9228198,ZCDF8,DIAMOND PRINCESS,58.83259,-135.1828,12.5,168.5
2012-05-31 08:02:08,2012-05-31 00:02:08,310404000,9228198,ZCDF8,DIAMOND PRINCESS,58.82919,-135.1815,12.5,169.0
2012-05-31 08:03:08,2012-05-31 00:03:08,310404000,9228198,ZCDF8,DIAMOND PRINCESS,58.82578,-135.1802,12.5,169.0
2012-05-31 08:04:08,2012-05-31 00:04:08,310404000,9228198,ZCDF8,DIAMOND PRINCESS,58.82238,-135.1789,12.5,169.0
2012-05-31 08:05:08,2012-05-31 00:05:08,310404000,9228198,ZCDF8,DIAMOND PRINCESS,58.81898,-135.1776,12.5,169.0
2012-05-31 08:06:08,2012-05-31 00:06:08,310404000,9228198,ZCDF8,DIAMOND PRINCESS,58.81557,-135.1763,12.5,169.0
2012-05-31 08:07:08,2012-05-31 00:07:08,310404000,9228198,ZCDF8,DIAMOND PRINCESS,58.81222,-135.175,12.5,169.0
2012-05-31 08:08:06,2012-05-31 00:08:06,310404000,9228198,ZCDF8,DIAMOND PRINCESS,58.80886,-135.1737,12.5,169.0
2012-05-31 08:09:06,2012-05-31 00:09:06,310404000,9228198,ZCDF8,DIAMOND PRINCESS,58.8055,-135.1724,12.6,169.0
2012-05-31 08:10:06,2012-05-31 00:10:06,310404000,9228198,ZCDF8,DIAMOND PRINCESS,58.80202,-135.1711,12.6,168.0
2012-05-31 08:11:07,2012-05-31 00:11:07,310404000,9228198,ZCDF8,DIAMOND PRINCESS,58.79865,-135.1698,12.6,168.0
2012-05-31 08:12:08,2012-05-31 00:12:08,310404000,9228198,ZCDF8,DIAMOND PRINCESS,58.79512,-135.1684,12.6,168.0
2012-05-31 08:13:08,2012-05-31 00:13:08,310404000,9228198,ZCDF8,DIAMOND PRINCESS,58.79169,-135.167,12.6,168.0
2012-05-31 08:14:08,2012-05-31 00:14:08,310404000,9228198,ZCDF8,DIAMOND PRINCESS,58.78827,-135.1656,12.6,167.6
2012-05-31 08:15:08,2012-05-31 00:15:08,310404000,9228198,ZCDF8,DIAMOND PRINCESS,58.78477,-135.1641,12.7,168.1
2012-05-31 08:16:08,2012-05-31 00:16:08,310404000,9228198,ZCDF8,DIAMOND PRINCESS,58.7814,-135.1628,12.6,167.6
2012-05-31 08:17:08,2012-05-31 00:17:08,310404000,9228198,ZCDF8,DIAMOND PRINCESS,58.77797,-135.1613,12.6,168.0
2012-05-31 08:18:08,2012-05-31 00:18:08,310404000,9228198,ZCDF8,DIAMOND PRINCESS,58.77454,-135.1599,12.6,168.0
2012-05-31 08:19:08,2012-05-31 00:19:08,310404000,9228198,ZCDF8,DIAMOND PRINCESS,58.77112,-135.1585,12.6,168.0
2012-05-31 08:20:08,2012-05-31 00:20:08,310404000,9228198,ZCDF8,DIAMOND PRINCESS,58.76777,-135.1571,12.6,168.0
2012-05-31 08:21:08,2012-05-31 00:21:08,310404000,9228198,ZCDF8,DIAMOND PRINCESS,58.76431,-135.1557,12.6,168.0
2012-05-31 08:22:08,2012-05-31 00:22:08,310404000,9228198,ZCDF8,DIAMOND PRINCESS,58.76096,-135.1543,12.6,168.0
2012-05-31 08:23:08,2012-05-31 00:23:08,310404000,9228198,ZCDF8,DIAMOND PRINCESS,58.75755,-135.153,12.6,168.0
2012-05-31 08:24:08,2012-05-31 00:24:08,310404000,9228198,ZCDF8,DIAMOND PRINCESS,58.75413,-135.1516,12.6,168.5
2012-05-31 08:25:08,2012-05-31 00:25:08,310404000,9228198,ZCDF8,DIAMOND PRINCESS,58.75068,-135.1502,12.8,167.0
2012-05-31 08:26:07,2012-05-31 00:26:07,310404000,9228198,ZCDF8,DIAMOND PRINCESS,58.74729,-135.1486,13.1,166.5
2012-05-31 08:27:06,2012-05-31 00:27:06,310404000,9228198,ZCDF8,DIAMOND PRINCESS,58.74367,-135.147,13.3,167.0
2012-05-31 08:28:07,2012-05-31 00:28:07,310404000,9228198,ZCDF8,DIAMOND PRINCESS,58.74003,-135.1453,13.7,166.5
2012-05-31 08:29:06,2012-05-31 00:29:06,310404000,9228198,ZCDF8,DIAMOND PRINCESS,58.73628,-135.1437,14.0,167.0
2012-05-31 08:30:00,2012-05-31 00:30:00,310404000,9228198,ZCDF8,DIAMOND PRINCESS,58.73294,-135.1422,14.1,167.0
2012-05-31 08:31:05,2012-05-31 00:31:05,310404000,9228198,ZCDF8,DIAMOND PRINCESS,58.72878,-135.1403,14.3,167.0
2012-05-31 08:32:05,2012-05-31 00:32:05,310404000,9228198,ZCDF8,DIAMOND PRINCESS,58.72489,-135.1386,14.4,167.7
2012-05-31 08:33:05,2012-05-31 00:33:05,310404000,9228198,ZCDF8,DIAMOND PRINCESS,58.72104,-135.137,14.5,167.0
2012-05-31 08:34:00,2012-05-31 00:34:00,310404000,9228198,ZCDF8,DIAMOND PRINCESS,58.71737,-135.1355,14.6,168.1
2012-05-31 08:35:05,2012-05-31 00:35:05,310404000,9228198,ZCDF8,DIAMOND PRINCESS,58.71315,-135.1337,14.6,168.1
2012-05-31 08:36:00,2012-05-31 00:36:00,310404000,9228198,ZCDF8,DIAMOND PRINCESS,58.7095,-135.1322,14.6,168.1
2012-05-31 08:37:05,2012-05-31 00:37:05,310404000,9228198,ZCDF8,DIAMOND PRINCESS,58.7052,-135.1306,14.6,168.1
2012-05-31 08:38:00,2012-05-31 00:38:00,310404000,9228198,ZCDF8,DIAMOND PRINCESS,58.70156,-135.1291,14.7,168.9
2012-05-31 08:39:05,2012-05-31 00:39:05,310404000,9228198,ZCDF8,DIAMOND PRINCESS,58.69724,-135.1274,14.7,168.1
2012-05-31 08:40:05,2012-05-31 00:40:05,310404000,9228198,ZCDF8,DIAMOND PRINCESS,58.69324,-135.1258,14.7,168.1
2012-05-31 08:41:05,2012-05-31 00:41:05,310404000,9228198,ZCDF8,DIAMOND PRINCESS,58.68923,-135.1242,14.7,167.7
2012-05-31 08:42:05,2012-05-31 00:42:05,310404000,9228198,ZCDF8,DIAMOND PRINCESS,58.68523,-135.1226,14.8,168.1
2012-05-31 08:43:05,2012-05-31 00:43:05,310404000,9228198,ZCDF8,DIAMOND PRINCESS,58.68129,-135.121,14.8,167.7
2012-05-31 08:44:05,2012-05-31 00:44:05,310404000,9228198,ZCDF8,DIAMOND PRINCESS,58.67722,-135.1193,14.8,167.7
2012-05-31 08:45:05,2012-05-31 00:45:05,310404000,9228198,ZCDF8,DIAMOND PRINCESS,58.67316,-135.1176,14.8,168.1
2012-05-31 08:46:05,2012-05-31 00:46:05,310404000,9228198,ZCDF8,DIAMOND PRINCESS,58.66924,-135.1159,14.8,168.1
2012-05-31 08:47:05,2012-05-31 00:47:05,310404000,9228198,ZCDF8,DIAMOND PRINCESS,58.66523,-135.1142,14.8,167.0
2012-05-31 08:48:05,2012-05-31 00:48:05,310404000,9228198,ZCDF8,DIAMOND PRINCESS,58.66122,-135.1125,14.8,167.0
2012-05-31 08:49:05,2012-05-31 00:49:05,310404000,9228198,ZCDF8,DIAMOND PRINCESS,58.65722,-135.1108,14.8,167.0
2012-05-31 08:50:05,2012-05-31 00:50:05,310404000,9228198,ZCDF8,DIAMOND PRINCESS,58.65324,-135.109,14.8,167.0
2012-05-31 08:51:05,2012-05-31 00:51:05,310404000,9228198,ZCDF8,DIAMOND PRINCESS,58.64919,-135.1073,14.8,166.6
2012-05-31 08:52:05,2012-05-31 00:52:05,310404000,9228198,ZCDF8,DIAMOND PRINCESS,58.64527,-135.1055,14.8,166.6
2012-05-31 08:53:11,2012-05-31 00:53:11,310404000,9228198,ZCDF8,DIAMOND PRINCESS,58.64085,-135.1035,14.8,166.4
2012-05-31 08:54:05,2012-05-31 00:54:05,310404000,9228198,ZCDF8,DIAMOND PRINCESS,58.63728,-135.1018,14.9,167.6
2012-05-31 08:55:05,2012-05-31 00:55:05,310404000,9228198,ZCDF8,DIAMOND PRINCESS,58.63328,-135.1,14.8,166.6
2012-05-31 08:56:05,2012-05-31 00:56:05,310404000,9228198,ZCDF8,DIAMOND PRINCESS,58.62933,-135.0983,14.8,166.6
2012-05-31 08:57:04,2012-05-31 00:57:04,310404000,9228198,ZCDF8,DIAMOND PRINCESS,58.62524,-135.0964,14.9,166.6
2012-05-31 08:58:04,2012-05-31 00:58:04,310404000,9228198,ZCDF8,DIAMOND PRINCESS,58.62132,-135.0946,14.9,167.0
2012-05-31 08:59:04,2012-05-31 00:59:04,310404000,9228198,ZCDF8,DIAMOND PRINCESS,58.61726,-135.0929,14.9,167.0
2012-05-31 09:00:05,2012-05-31 01:00:05,310404000,9228198,ZCDF8,DIAMOND PRINCESS,58.61317,-135.0911,15.0,166.6
2012-05-31 09:01:04,2012-05-31 01:01:04,310404000,9228198,ZCDF8,DIAMOND PRINCESS,58.60913,-135.0895,15.0,167.6
2012-05-31 09:02:04,2012-05-31 01:02:04,310404000,9228198,ZCDF8,DIAMOND PRINCESS,58.605,-135.0877,15.0,166.6
2012-05-31 09:03:00,2012-05-31 01:03:00,310404000,9228198,ZCDF8,DIAMOND PRINCESS,58.60135,-135.0863,14.9,169.6
2012-05-31 09:04:04,2012-05-31 01:04:04,310404000,9228198,ZCDF8,DIAMOND PRINCESS,58.59697,-135.0849,14.3,169.5
2012-05-31 09:05:05,2012-05-31 01:05:05,310404000,9228198,ZCDF8,DIAMOND PRINCESS,58.59318,-135.0837,13.9,170.0
2012-05-31 09:06:05,2012-05-31 01:06:05,310404000,9228198,ZCDF8,DIAMOND PRINCESS,58.58939,-135.0825,13.6,170.0
2012-05-31 09:07:05,2012-05-31 01:07:05,310404000,9228198,ZCDF8,DIAMOND PRINCESS,58.58579,-135.0814,13.3,173.0
2012-05-31 09:08:01,2012-05-31 01:08:01,310404000,9228198,ZCDF8,DIAMOND PRINCESS,58.58235,-135.0807,13.1,174.0
2012-05-31 09:09:01,2012-05-31 01:09:01,310404000,9228198,ZCDF8,DIAMOND PRINCESS,58.57876,-135.0802,13.0,174.8
2012-05-31 09:10:01,2012-05-31 01:10:01,310404000,9228198,ZCDF8,DIAMOND PRINCESS,58.57513,-135.0796,12.9,177.4
2012-05-31 09:11:01,2012-05-31 01:11:01,310404000,9228198,ZCDF8,DIAMOND PRINCESS,58.57166,-135.0794,12.8,180.0
2012-05-31 09:12:01,2012-05-31 01:12:01,310404000,9228198,ZCDF8,DIAMOND PRINCESS,58.5681,-135.0795,12.7,180.9
2012-05-31 09:13:01,2012-05-31 01:13:01,310404000,9228198,ZCDF8,DIAMOND PRINCESS,58.56455,-135.0796,12.6,180.9
2012-05-31 09:14:01,2012-05-31 01:14:01,310404000,9228198,ZCDF8,DIAMOND PRINCESS,58.56114,-135.0798,12.5,180.9
2012-05-31 09:15:01,2012-05-31 01:15:01,310404000,9228198,ZCDF8,DIAMOND PRINCESS,58.55766,-135.0798,12.4,179.8
2012-05-31 09:16:02,2012-05-31 01:16:02,310404000,9228198,ZCDF8,DIAMOND PRINCESS,58.55427,-135.0798,12.4,179.8
2012-05-31 09:17:02,2012-05-31 01:17:02,310404000,9228198,ZCDF8,DIAMOND PRINCESS,58.55077,-135.0799,12.3,179.8
2012-05-31 09:18:02,2012-05-31 01:18:02,310404000,9228198,ZCDF8,DIAMOND PRINCESS,58.54737,-135.0798,12.3,177.7
2012-05-31 09:19:02,2012-05-31 01:19:02,310404000,9228198,ZCDF8,DIAMOND PRINCESS,58.54398,-135.0795,12.2,176.8
2012-05-31 09:20:01,2012-05-31 01:20:01,310404000,9228198,ZCDF8,DIAMOND PRINCESS,58.54058,-135.0791,12.3,176.7
2012-05-31 09:21:01,2012-05-31 01:21:01,310404000,9228198,ZCDF8,DIAMOND PRINCESS,58.53724,-135.0787,12.4,175.8
2012-05-31 09:22:01,2012-05-31 01:22:01,310404000,9228198,ZCDF8,DIAMOND PRINCESS,58.53379,-135.0782,12.5,174.9
2012-05-31 09:23:01,2012-05-31 01:23:01,310404000,9228198,ZCDF8,DIAMOND PRINCESS,58.53028,-135.0773,12.6,172.0
2012-05-31 09:24:01,2012-05-31 01:24:01,310404000,9228198,ZCDF8,DIAMOND PRINCESS,58.52686,-135.0763,12.6,170.6
2012-05-31 09:25:01,2012-05-31 01:25:01,310404000,9228198,ZCDF8,DIAMOND PRINCESS,58.52343,-135.0752,12.5,170.6
2012-05-31 09:26:01,2012-05-31 01:26:01,310404000,9228198,ZCDF8,DIAMOND PRINCESS,58.52008,-135.0741,12.2,169.6
2012-05-31 09:27:02,2012-05-31 01:27:02,310404000,9228198,ZCDF8,DIAMOND PRINCESS,58.51674,-135.073,12.1,169.6
2012-05-31 09:28:01,2012-05-31 01:28:01,310404000,9228198,ZCDF8,DIAMOND PRINCESS,58.51352,-135.0719,11.9,169.5
2012-05-31 09:29:01,2012-05-31 01:29:01,310404000,9228198,ZCDF8,DIAMOND PRINCESS,58.5103,-135.0708,11.8,169.5
2012-05-31 09:30:01,2012-05-31 01:30:01,310404000,9228198,ZCDF8,DIAMOND PRINCESS,58.50702,-135.0698,11.7,170.0
2012-05-31 09:31:01,2012-05-31 01:31:01,310404000,9228198,ZCDF8,DIAMOND PRINCESS,58.50393,-135.0685,11.6,168.0
2012-05-31 09:32:01,2012-05-31 01:32:01,310404000,9228198,ZCDF8,DIAMOND PRINCESS,58.50072,-135.0673,11.6,168.5
2012-05-31 09:33:01,2012-05-31 01:33:01,310404000,9228198,ZCDF8,DIAMOND PRINCESS,58.49757,-135.0661,11.6,169.0
2012-05-31 09:34:01,2012-05-31 01:34:01,310404000,9228198,ZCDF8,DIAMOND PRINCESS,58.49446,-135.065,11.6,169.0
2012-05-31 09:35:01,2012-05-31 01:35:01,310404000,9228198,ZCDF8,DIAMOND PRINCESS,58.49123,-135.0638,11.7,169.0
2012-05-31 09:36:01,2012-05-31 01:36:01,310404000,9228198,ZCDF8,DIAMOND PRINCESS,58.48808,-135.0626,11.9,169.0
2012-05-31 09:37:01,2012-05-31 01:37:01,310404000,9228198,ZCDF8,DIAMOND PRINCESS,58.48477,-135.0614,12.0,168.5
2012-05-31 09:38:01,2012-05-31 01:38:01,310404000,9228198,ZCDF8,DIAMOND PRINCESS,58.48149,-135.0603,12.1,169.0
2012-05-31 09:39:01,2012-05-31 01:39:01,310404000,9228198,ZCDF8,DIAMOND PRINCESS,58.47828,-135.0591,12.1,170.0
2012-05-31 09:40:01,2012-05-31 01:40:01,310404000,9228198,ZCDF8,DIAMOND PRINCESS,58.47488,-135.058,12.1,170.0
2012-05-31 09:41:01,2012-05-31 01:41:01,310404000,9228198,ZCDF8,DIAMOND PRINCESS,58.47161,-135.057,12.2,170.9
2012-05-31 09:42:01,2012-05-31 01:42:01,310404000,9228198,ZCDF8,DIAMOND PRINCESS,58.46828,-135.0559,12.2,170.9
2012-05-31 09:43:01,2012-05-31 01:43:01,310404000,9228198,ZCDF8,DIAMOND PRINCESS,58.46501,-135.0548,12.2,170.0
2012-05-31 09:44:01,2012-05-31 01:44:01,310404000,9228198,ZCDF8,DIAMOND PRINCESS,58.46162,-135.0537,12.2,170.0
2012-05-31 09:45:01,2012-05-31 01:45:01,310404000,9228198,ZCDF8,DIAMOND PRINCESS,58.45829,-135.0526,12.2,169.5
2012-05-31 09:46:01,2012-05-31 01:46:01,310404000,9228198,ZCDF8,DIAMOND PRINCESS,58.45494,-135.0515,12.3,170.0
2012-05-31 09:47:01,2012-05-31 01:47:01,310404000,9228198,ZCDF8,DIAMOND PRINCESS,58.45159,-135.0504,12.3,170.0
2012-05-31 09:48:00,2012-05-31 01:48:00,310404000,9228198,ZCDF8,DIAMOND PRINCESS,58.4483,-135.0493,12.2,170.9
2012-05-31 09:49:00,2012-05-31 01:49:00,310404000,9228198,ZCDF8,DIAMOND PRINCESS,58.44494,-135.0483,12.3,170.9
2012-05-31 09:50:00,2012-05-31 01:50:00,310404000,9228198,ZCDF8,DIAMOND PRINCESS,58.44153,-135.0472,12.2,170.9
2012-05-31 09:51:00,2012-05-31 01:51:00,310404000,9228198,ZCDF8,DIAMOND PRINCESS,58.43823,-135.0462,12.2,170.9
2012-05-31 09:52:00,2012-05-31 01:52:00,310404000,9228198,ZCDF8,DIAMOND PRINCESS,58.4349,-135.0451,12.2,170.0
2012-05-31 09:53:00,2012-05-31 01:53:00,310404000,9228198,ZCDF8,DIAMOND PRINCESS,58.43157,-135.044,12.2,169.5
2012-05-31 09:54:00,2012-05-31 01:54:00,310404000,9228198,ZCDF8,DIAMOND PRINCESS,58.42825,-135.0428,12.2,168.5
2012-05-31 09:55:00,2012-05-31 01:55:00,310404000,9228198,ZCDF8,DIAMOND PRINCESS,58.42488,-135.0416,12.1,168.5
2012-05-31 09:56:02,2012-05-31 01:56:02,310404000,9228198,ZCDF8,DIAMOND PRINCESS,58.42153,-135.0404,12.1,169.0
2012-05-31 09:57:02,2012-05-31 01:57:02,310404000,9228198,ZCDF8,DIAMOND PRINCESS,58.41824,-135.0391,12.1,169.5
2012-05-31 09:58:02,2012-05-31 01:58:02,310404000,9228198,ZCDF8,DIAMOND PRINCESS,58.415,-135.0378,12.1,167.6
2012-05-31 09:59:01,2012-05-31 01:59:01,310404000,9228198,ZCDF8,DIAMOND PRINCESS,58.41165,-135.0365,12.2,167.6
2012-05-31 10:00:01,2012-05-31 02:00:01,310404000,9228198,ZCDF8,DIAMOND PRINCESS,58.40836,-135.0351,12.1,167.6
2012-05-31 10:01:01,2012-05-31 02:01:01,310404000,9228198,ZCDF8,DIAMOND PRINCESS,58.40513,-135.0338,12.1,166.6
2012-05-31 10:02:01,2012-05-31 02:02:01,310404000,9228198,ZCDF8,DIAMOND PRINCESS,58.40186,-135.0324,12.1,167.6
2012-05-31 10:03:01,2012-05-31 02:03:01,310404000,9228198,ZCDF8,DIAMOND PRINCESS,58.39857,-135.031,12.1,166.6
2012-05-31 10:04:01,2012-05-31 02:04:01,310404000,9228198,ZCDF8,DIAMOND PRINCESS,58.39528,-135.0296,12.1,167.6
2012-05-31 10:05:01,2012-05-31 02:05:01,310404000,9228198,ZCDF8,DIAMOND PRINCESS,58.39195,-135.0282,12.1,168.1
2012-05-31 10:06:01,2012-05-31 02:06:01,310404000,9228198,ZCDF8,DIAMOND PRINCESS,58.38872,-135.0269,12.1,168.1
2012-05-31 10:07:01,2012-05-31 02:07:01,310404000,9228198,ZCDF8,DIAMOND PRINCESS,58.38538,-135.0256,12.1,167.6
2012-05-31 10:08:01,2012-05-31 02:08:01,310404000,9228198,ZCDF8,DIAMOND PRINCESS,58.38217,-135.0243,12.0,169.5
2012-05-31 10:09:01,2012-05-31 02:09:01,310404000,9228198,ZCDF8,DIAMOND PRINCESS,58.37888,-135.0232,12.1,170.6
2012-05-31 10:10:02,2012-05-31 02:10:02,310404000,9228198,ZCDF8,DIAMOND PRINCESS,58.37553,-135.0223,12.0,172.0
2012-05-31 10:11:01,2012-05-31 02:11:01,310404000,9228198,ZCDF8,DIAMOND PRINCESS,58.37228,-135.0214,12.1,171.5
2012-05-31 10:12:02,2012-05-31 02:12:02,310404000,9228198,ZCDF8,DIAMOND PRINCESS,58.36889,-135.0205,12.1,171.5
2012-05-31 10:13:02,2012-05-31 02:13:02,310404000,9228198,ZCDF8,DIAMOND PRINCESS,58.36558,-135.0197,12.1,172.0
2012-05-31 10:14:02,2012-05-31 02:14:02,310404000,9228198,ZCDF8,DIAMOND PRINCESS,58.36225,-135.0188,12.1,172.0
2012-05-31 10:15:01,2012-05-31 02:15:01,310404000,9228198,ZCDF8,DIAMOND PRINCESS,58.35894,-135.0179,12.1,172.0
2012-05-31 10:16:01,2012-05-31 02:16:01,310404000,9228198,ZCDF8,DIAMOND PRINCESS,58.35568,-135.0171,12.1,172.0
2012-05-31 10:17:01,2012-05-31 02:17:01,310404000,9228198,ZCDF8,DIAMOND PRINCESS,58.35235,-135.0162,12.1,173.0
2012-05-31 10:18:01,2012-05-31 02:18:01,310404000,9228198,ZCDF8,DIAMOND PRINCESS,58.34906,-135.0155,12.1,173.4
2012-05-31 10:19:01,2012-05-31 02:19:01,310404000,9228198,ZCDF8,DIAMOND PRINCESS,58.34566,-135.0148,12.1,173.9
2012-05-31 10:20:01,2012-05-31 02:20:01,310404000,9228198,ZCDF8,DIAMOND PRINCESS,58.34233,-135.0142,12.1,173.9
2012-05-31 10:21:01,2012-05-31 02:21:01,310404000,9228198,ZCDF8,DIAMOND PRINCESS,58.33902,-135.0135,12.0,173.9
2012-05-31 10:22:01,2012-05-31 02:22:01,310404000,9228198,ZCDF8,DIAMOND PRINCESS,58.33569,-135.0128,12.1,173.9
2012-05-31 10:23:01,2012-05-31 02:23:01,310404000,9228198,ZCDF8,DIAMOND PRINCESS,58.33242,-135.0122,12.1,174.8
2012-05-31 10:24:00,2012-05-31 02:24:00,310404000,9228198,ZCDF8,DIAMOND PRINCESS,58.32909,-135.0116,12.1,174.8
2012-05-31 10:25:00,2012-05-31 02:25:00,310404000,9228198,ZCDF8,DIAMOND PRINCESS,58.32571,-135.0111,12.0,174.9
2012-05-31 10:26:01,2012-05-31 02:26:01,310404000,9228198,ZCDF8,DIAMOND PRINCESS,58.32245,-135.0106,12.0,174.9
2012-05-31 10:27:00,2012-05-31 02:27:00,310404000,9228198,ZCDF8,DIAMOND PRINCESS,58.3191,-135.01,12.0,174.9
2012-05-31 10:28:00,2012-05-31 02:28:00,310404000,9228198,ZCDF8,DIAMOND PRINCESS,58.31585,-135.0096,11.9,175.8
2012-05-31 10:29:01,2012-05-31 02:29:01,310404000,9228198,ZCDF8,DIAMOND PRINCESS,58.31249,-135.009,11.9,174.9
2012-05-31 10:30:01,2012-05-31 02:30:01,310404000,9228198,ZCDF8,DIAMOND PRINCESS,58.3092,-135.0085,11.9,175.4
2012-05-31 10:31:00,2012-05-31 02:31:00,310404000,9228198,ZCDF8,DIAMOND PRINCESS,58.30589,-135.008,12.0,176.3
2012-05-31 10:32:01,2012-05-31 02:32:01,310404000,9228198,ZCDF8,DIAMOND PRINCESS,58.30257,-135.0074,12.1,175.3
2012-05-31 10:33:00,2012-05-31 02:33:00,310404000,9228198,ZCDF8,DIAMOND PRINCESS,58.29927,-135.0069,12.1,174.8
2012-05-31 10:34:01,2012-05-31 02:34:01,310404000,9228198,ZCDF8,DIAMOND PRINCESS,58.29587,-135.0063,12.2,174.8
2012-05-31 10:35:00,2012-05-31 02:35:00,310404000,9228198,ZCDF8,DIAMOND PRINCESS,58.2925,-135.0058,12.2,175.3
2012-05-31 10:36:00,2012-05-31 02:36:00,310404000,9228198,ZCDF8,DIAMOND PRINCESS,58.28917,-135.0053,12.2,175.8
2012-05-31 10:37:00,2012-05-31 02:37:00,310404000,9228198,ZCDF8,DIAMOND PRINCESS,58.28576,-135.0048,12.2,176.2
2012-05-31 10:38:00,2012-05-31 02:38:00,310404000,9228198,ZCDF8,DIAMOND PRINCESS,58.28245,-135.0043,12.1,175.8
2012-05-31 10:39:01,2012-05-31 02:39:01,310404000,9228198,ZCDF8,DIAMOND PRINCESS,58.27905,-135.0038,12.1,174.8
2012-05-31 10:40:01,2012-05-31 02:40:01,310404000,9228198,ZCDF8,DIAMOND PRINCESS,58.27565,-135.0032,12.1,174.8
2012-05-31 10:41:01,2012-05-31 02:41:01,310404000,9228198,ZCDF8,DIAMOND PRINCESS,58.27236,-135.0026,12.2,174.8
2012-05-31 10:42:01,2012-05-31 02:42:01,310404000,9228198,ZCDF8,DIAMOND PRINCESS,58.269,-135.0019,12.2,173.9
2012-05-31 10:43:01,2012-05-31 02:43:01,310404000,9228198,ZCDF8,DIAMOND PRINCESS,58.26562,-135.0013,12.3,173.9
2012-05-31 10:44:01,2012-05-31 02:44:01,310404000,9228198,ZCDF8,DIAMOND PRINCESS,58.26223,-135.0005,12.3,173.0
2012-05-31 10:45:01,2012-05-31 02:45:01,310404000,9228198,ZCDF8,DIAMOND PRINCESS,58.25879,-134.9997,12.3,173.0
2012-05-31 10:46:01,2012-05-31 02:46:01,310404000,9228198,ZCDF8,DIAMOND PRINCESS,58.25543,-134.999,12.4,173.0
2012-05-31 10:47:01,2012-05-31 02:47:01,310404000,9228198,ZCDF8,DIAMOND PRINCESS,58.25197,-134.9981,12.4,173.0
2012-05-31 10:48:01,2012-05-31 02:48:01,310404000,9228198,ZCDF8,DIAMOND PRINCESS,58.24861,-134.9973,12.4,172.5
2012-05-31 10:49:01,2012-05-31 02:49:01,310404000,9228198,ZCDF8,DIAMOND PRINCESS,58.24518,-134.9965,12.5,172.5
2012-05-31 10:50:01,2012-05-31 02:50:01,310404000,9228198,ZCDF8,DIAMOND PRINCESS,58.24173,-134.9957,12.5,172.5
2012-05-31 10:51:01,2012-05-31 02:51:01,310404000,9228198,ZCDF8,DIAMOND PRINCESS,58.23833,-134.9949,12.6,172.5
2012-05-31 10:52:00,2012-05-31 02:52:00,310404000,9228198,ZCDF8,DIAMOND PRINCESS,58.23483,-134.9941,12.5,173.0
2012-05-31 10:53:00,2012-05-31 02:53:00,310404000,9228198,ZCDF8,DIAMOND PRINCESS,58.23145,-134.9933,12.5,172.5
2012-05-31 10:54:01,2012-05-31 02:54:01,310404000,9228198,ZCDF8,DIAMOND PRINCESS,58.22794,-134.9925,12.5,172.5
2012-05-31 10:55:01,2012-05-31 02:55:01,310404000,9228198,ZCDF8,DIAMOND PRINCESS,58.22452,-134.9917,12.4,173.0
2012-05-31 10:56:01,2012-05-31 02:56:01,310404000,9228198,ZCDF8,DIAMOND PRINCESS,58.22109,-134.991,12.4,172.5
2012-05-31 10:57:02,2012-05-31 02:57:02,310404000,9228198,ZCDF8,DIAMOND PRINCESS,58.21761,-134.9902,12.4,173.9
2012-05-31 10:58:01,2012-05-31 02:58:01,310404000,9228198,ZCDF8,DIAMOND PRINCESS,58.21425,-134.9894,12.4,173.0
2012-05-31 10:59:01,2012-05-31 02:59:01,310404000,9228198,ZCDF8,DIAMOND PRINCESS,58.21082,-134.9887,12.4,174.4
2012-05-31 11:00:02,2012-05-31 03:00:02,310404000,9228198,ZCDF8,DIAMOND PRINCESS,58.20739,-134.9884,12.4,179.1
2012-05-31 11:01:02,2012-05-31 03:01:02,310404000,9228198,ZCDF8,DIAMOND PRINCESS,58.20398,-134.9889,12.3,187.1
2012-05-31 11:02:01,2012-05-31 03:02:01,310404000,9228198,ZCDF8,DIAMOND PRINCESS,58.20057,-134.9899,12.3,189.5
2012-05-31 11:03:11,2012-05-31 03:03:11,310404000,9228198,ZCDF8,DIAMOND PRINCESS,58.19668,-134.9912,12.4,190.0
2012-05-31 11:04:01,2012-05-31 03:04:01,310404000,9228198,ZCDF8,DIAMOND PRINCESS,58.19384,-134.9922,12.5,190.0
2012-05-31 11:05:01,2012-05-31 03:05:01,310404000,9228198,ZCDF8,DIAMOND PRINCESS,58.19046,-134.9933,12.4,189.5
2012-05-31 11:06:01,2012-05-31 03:06:01,310404000,9228198,ZCDF8,DIAMOND PRINCESS,58.18713,-134.9945,12.1,192.0
2012-05-31 11:07:02,2012-05-31 03:07:02,310404000,9228198,ZCDF8,DIAMOND PRINCESS,58.18387,-134.9962,11.9,198.0
2012-05-31 11:08:01,2012-05-31 03:08:01,310404000,9228198,ZCDF8,DIAMOND PRINCESS,58.18092,-134.9986,11.7,204.0
2012-05-31 11:09:00,2012-05-31 03:09:00,310404000,9228198,ZCDF8,DIAMOND PRINCESS,58.17809,-135.0014,11.7,209.0
2012-05-31 11:10:00,2012-05-31 03:10:00,310404000,9228198,ZCDF8,DIAMOND PRINCESS,58.17532,-135.0047,11.8,214.5
2012-05-31 11:11:00,2012-05-31 03:11:00,310404000,9228198,ZCDF8,DIAMOND PRINCESS,58.17272,-135.0085,11.9,220.0
2012-05-31 11:12:00,2012-05-31 03:12:00,310404000,9228198,ZCDF8,DIAMOND PRINCESS,58.17029,-135.013,12.0,226.0
2012-05-31 11:13:00,2012-05-31 03:13:00,310404000,9228198,ZCDF8,DIAMOND PRINCESS,58.16817,-135.0177,12.1,232.5
2012-05-31 11:14:02,2012-05-31 03:14:02,310404000,9228198,ZCDF8,DIAMOND PRINCESS,58.16621,-135.0231,12.2,236.5
2012-05-31 11:15:01,2012-05-31 03:15:01,310404000,9228198,ZCDF8,DIAMOND PRINCESS,58.16458,-135.0286,12.2,243.5
2012-05-31 11:16:01,2012-05-31 03:16:01,310404000,9228198,ZCDF8,DIAMOND PRINCESS,58.1631,-135.0344,12.3,245.0
2012-05-31 11:17:01,2012-05-31 03:17:01,310404000,9228198,ZCDF8,DIAMOND PRINCESS,58.16169,-135.0403,12.4,247.0
2012-05-31 11:18:01,2012-05-31 03:18:01,310404000,9228198,ZCDF8,DIAMOND PRINCESS,58.16049,-135.0465,12.5,250.6
2012-05-31 11:19:01,2012-05-31 03:19:01,310404000,9228198,ZCDF8,DIAMOND PRINCESS,58.1596,-135.0527,12.5,256.1
2012-05-31 11:20:01,2012-05-31 03:20:01,310404000,9228198,ZCDF8,DIAMOND PRINCESS,58.15897,-135.0592,12.5,262.1
2012-05-31 11:21:01,2012-05-31 03:21:01,310404000,9228198,ZCDF8,DIAMOND PRINCESS,58.15869,-135.0658,12.5,266.7
2012-05-31 11:22:02,2012-05-31 03:22:02,310404000,9228198,ZCDF8,DIAMOND PRINCESS,58.15875,-135.0724,12.5,272.7
2012-05-31 11:23:02,2012-05-31 03:23:02,310404000,9228198,ZCDF8,DIAMOND PRINCESS,58.15914,-135.0789,12.6,277.8
2012-05-31 11:24:02,2012-05-31 03:24:02,310404000,9228198,ZCDF8,DIAMOND PRINCESS,58.15989,-135.0854,12.6,284.2
2012-05-31 11:25:02,2012-05-31 03:25:02,310404000,9228198,ZCDF8,DIAMOND PRINCESS,58.16095,-135.0916,12.4,289.2
2012-05-31 11:26:02,2012-05-31 03:26:02,310404000,9228198,ZCDF8,DIAMOND PRINCESS,58.16213,-135.0977,12.4,290.6
2012-05-31 11:27:01,2012-05-31 03:27:01,310404000,9228198,ZCDF8,DIAMOND PRINCESS,58.16335,-135.1038,12.4,290.6
2012-05-31 11:28:02,2012-05-31 03:28:02,310404000,9228198,ZCDF8,DIAMOND PRINCESS,58.16458,-135.1099,12.4,291.0
2012-05-31 11:29:02,2012-05-31 03:29:02,310404000,9228198,ZCDF8,DIAMOND PRINCESS,58.16582,-135.1159,12.3,291.0
2012-05-31 11:30:01,2012-05-31 03:30:01,310404000,9228198,ZCDF8,DIAMOND PRINCESS,58.1671,-135.1219,12.3,292.0
2012-05-31 11:31:01,2012-05-31 03:31:01,310404000,9228198,ZCDF8,DIAMOND PRINCESS,58.16839,-135.1279,12.3,292.0
2012-05-31 11:32:01,2012-05-31 03:32:01,310404000,9228198,ZCDF8,DIAMOND PRINCESS,58.1697,-135.1338,12.3,292.5
2012-05-31 11:33:02,2012-05-31 03:33:02,310404000,9228198,ZCDF8,DIAMOND PRINCESS,58.17099,-135.1398,12.3,292.0
2012-05-31 11:34:02,2012-05-31 03:34:02,310404000,9228198,ZCDF8,DIAMOND PRINCESS,58.17226,-135.1457,12.3,292.0
2012-05-31 11:35:02,2012-05-31 03:35:02,310404000,9228198,ZCDF8,DIAMOND PRINCESS,58.17351,-135.1517,12.2,291.5
2012-05-31 11:36:02,2012-05-31 03:36:02,310404000,9228198,ZCDF8,DIAMOND PRINCESS,58.17473,-135.1575,12.1,292.0
2012-05-31 11:37:01,2012-05-31 03:37:01,310404000,9228198,ZCDF8,DIAMOND PRINCESS,58.17598,-135.1635,12.0,290.6
2012-05-31 11:38:01,2012-05-31 03:38:01,310404000,9228198,ZCDF8,DIAMOND PRINCESS,58.17721,-135.1693,12.0,291.5
2012-05-31 11:39:01,2012-05-31 03:39:01,310404000,9228198,ZCDF8,DIAMOND PRINCESS,58.17844,-135.1752,11.9,291.0
2012-05-31 11:40:01,2012-05-31 03:40:01,310404000,9228198,ZCDF8,DIAMOND PRINCESS,58.17968,-135.1811,12.1,290.6
2012-05-31 11:41:01,2012-05-31 03:41:01,310404000,9228198,ZCDF8,DIAMOND PRINCESS,58.18092,-135.1869,12.2,291.5
2012-05-31 11:42:01,2012-05-31 03:42:01,310404000,9228198,ZCDF8,DIAMOND PRINCESS,58.18215,-135.1929,12.3,291.1
2012-05-31 11:43:01,2012-05-31 03:43:01,310404000,9228198,ZCDF8,DIAMOND PRINCESS,58.18343,-135.199,12.3,290.6
2012-05-31 11:44:01,2012-05-31 03:44:01,310404000,9228198,ZCDF8,DIAMOND PRINCESS,58.18467,-135.205,12.4,290.6
2012-05-31 11:45:02,2012-05-31 03:45:02,310404000,9228198,ZCDF8,DIAMOND PRINCESS,58.18597,-135.2112,12.5,291.6
2012-05-31 11:46:02,2012-05-31 03:46:02,310404000,9228198,ZCDF8,DIAMOND PRINCESS,58.18726,-135.2173,12.6,291.6
2012-05-31 11:47:02,2012-05-31 03:47:02,310404000,9228198,ZCDF8,DIAMOND PRINCESS,58.18858,-135.2234,12.6,292.0
2012-05-31 11:48:02,2012-05-31 03:48:02,310404000,9228198,ZCDF8,DIAMOND PRINCESS,58.18995,-135.2295,12.5,292.0
2012-05-31 11:49:02,2012-05-31 03:49:02,310404000,9228198,ZCDF8,DIAMOND PRINCESS,58.19122,-135.2355,12.4,292.0
2012-05-31 11:50:02,2012-05-31 03:50:02,310404000,9228198,ZCDF8,DIAMOND PRINCESS,58.19254,-135.2415,12.4,293.0
2012-05-31 11:51:02,2012-05-31 03:51:02,310404000,9228198,ZCDF8,DIAMOND PRINCESS,58.19383,-135.2474,12.4,292.0
2012-05-31 11:52:01,2012-05-31 03:52:01,310404000,9228198,ZCDF8,DIAMOND PRINCESS,58.19518,-135.2535,12.4,292.0
2012-05-31 11:53:12,2012-05-31 03:53:12,310404000,9228198,ZCDF8,DIAMOND PRINCESS,58.19672,-135.2605,12.4,293.0
2012-05-31 11:54:02,2012-05-31 03:54:02,310404000,9228198,ZCDF8,DIAMOND PRINCESS,58.19783,-135.2654,12.4,293.0
2012-05-31 11:55:02,2012-05-31 03:55:02,310404000,9228198,ZCDF8,DIAMOND PRINCESS,58.19918,-135.2714,12.4,293.0
2012-05-31 11:56:01,2012-05-31 03:56:01,310404000,9228198,ZCDF8,DIAMOND PRINCESS,58.20052,-135.2774,12.4,293.0
2012-05-31 11:57:01,2012-05-31 03:57:01,310404000,9228198,ZCDF8,DIAMOND PRINCESS,58.20184,-135.2834,12.4,293.0
2012-05-31 11:58:01,2012-05-31 03:58:01,310404000,9228198,ZCDF8,DIAMOND PRINCESS,58.2032,-135.2894,12.3,293.0
2012-05-31 11:59:01,2012-05-31 03:59:01,310404000,9228198,ZCDF8,DIAMOND PRINCESS,58.20451,-135.2953,12.3,293.0
2012-05-31 12:00:01,2012-05-31 04:00:01,310404000,9228198,ZCDF8,DIAMOND PRINCESS,58.20588,-135.3013,12.3,293.0
2012-05-31 12:01:02,2012-05-31 04:01:02,310404000,9228198,ZCDF8,DIAMOND PRINCESS,58.2072,-135.3071,12.3,293.0
2012-05-31 12:02:01,2012-05-31 04:02:01,310404000,9228198,ZCDF8,DIAMOND PRINCESS,58.20854,-135.3132,12.3,293.0
2012-05-31 12:03:01,2012-05-31 04:03:01,310404000,9228198,ZCDF8,DIAMOND PRINCESS,58.20983,-135.3191,12.2,292.0
2012-05-31 12:04:01,2012-05-31 04:04:01,310404000,9228198,ZCDF8,DIAMOND PRINCESS,58.2111,-135.3249,12.2,292.0
2012-05-31 12:05:01,2012-05-31 04:05:01,310404000,9228198,ZCDF8,DIAMOND PRINCESS,58.21238,-135.3308,12.2,292.0
2012-05-31 12:06:01,2012-05-31 04:06:01,310404000,9228198,ZCDF8,DIAMOND PRINCESS,58.21366,-135.3368,12.2,292.0
2012-05-31 12:07:00,2012-05-31 04:07:00,310404000,9228198,ZCDF8,DIAMOND PRINCESS,58.21496,-135.3427,12.2,293.0
2012-05-31 12:08:01,2012-05-31 04:08:01,310404000,9228198,ZCDF8,DIAMOND PRINCESS,58.21627,-135.3486,12.2,293.0
2012-05-31 12:09:01,2012-05-31 04:09:01,310404000,9228198,ZCDF8,DIAMOND PRINCESS,58.2176,-135.3545,12.2,293.0
2012-05-31 12:10:01,2012-05-31 04:10:01,310404000,9228198,ZCDF8,DIAMOND PRINCESS,58.2189,-135.3604,12.3,293.0
2012-05-31 12:11:01,2012-05-31 04:11:01,310404000,9228198,ZCDF8,DIAMOND PRINCESS,58.22024,-135.3664,12.3,293.0
2012-05-31 12:12:01,2012-05-31 04:12:01,310404000,9228198,ZCDF8,DIAMOND PRINCESS,58.22157,-135.3723,12.3,293.0
2012-05-31 12:13:01,2012-05-31 04:13:01,310404000,9228198,ZCDF8,DIAMOND PRINCESS,58.22294,-135.3783,12.4,293.0
2012-05-31 12:14:01,2012-05-31 04:14:01,310404000,9228198,ZCDF8,DIAMOND PRINCESS,58.22429,-135.3842,12.4,293.9
2012-05-31 12:15:01,2012-05-31 04:15:01,310404000,9228198,ZCDF8,DIAMOND PRINCESS,58.22566,-135.3902,12.4,293.9
2012-05-31 12:16:01,2012-05-31 04:16:01,310404000,9228198,ZCDF8,DIAMOND PRINCESS,58.22705,-135.3963,12.4,293.0
2012-05-31 12:17:02,2012-05-31 04:17:02,310404000,9228198,ZCDF8,DIAMOND PRINCESS,58.22841,-135.4022,12.5,293.9
2012-05-31 12:18:01,2012-05-31 04:18:01,310404000,9228198,ZCDF8,DIAMOND PRINCESS,58.2298,-135.4083,12.5,293.9
2012-05-31 12:19:01,2012-05-31 04:19:01,310404000,9228198,ZCDF8,DIAMOND PRINCESS,58.23116,-135.4143,12.5,293.0
2012-05-31 12:20:01,2012-05-31 04:20:01,310404000,9228198,ZCDF8,DIAMOND PRINCESS,58.23255,-135.4204,12.5,293.0
2012-05-31 12:21:00,2012-05-31 04:21:00,310404000,9228198,ZCDF8,DIAMOND PRINCESS,58.23388,-135.4263,12.5,293.0
2012-05-31 12:22:00,2012-05-31 04:22:00,310404000,9228198,ZCDF8,DIAMOND PRINCESS,58.23525,-135.4323,12.6,293.9
2012-05-31 12:23:00,2012-05-31 04:23:00,310404000,9228198,ZCDF8,DIAMOND PRINCESS,58.23666,-135.4384,12.6,293.9
2012-05-31 12:24:01,2012-05-31 04:24:01,310404000,9228198,ZCDF8,DIAMOND PRINCESS,58.23808,-135.4444,12.6,293.9
2012-05-31 12:25:01,2012-05-31 04:25:01,310404000,9228198,ZCDF8,DIAMOND PRINCESS,58.23951,-135.4505,12.6,293.9
2012-05-31 12:26:00,2012-05-31 04:26:00,310404000,9228198,ZCDF8,DIAMOND PRINCESS,58.24095,-135.4566,12.6,293.9
2012-05-31 12:27:01,2012-05-31 04:27:01,310404000,9228198,ZCDF8,DIAMOND PRINCESS,58.24238,-135.4626,12.6,293.9
2012-05-31 12:28:01,2012-05-31 04:28:01,310404000,9228198,ZCDF8,DIAMOND PRINCESS,58.24375,-135.4687,12.5,293.0
2012-05-31 12:29:01,2012-05-31 04:29:01,310404000,9228198,ZCDF8,DIAMOND PRINCESS,58.2451,-135.4747,12.4,293.0
2012-05-31 12:30:01,2012-05-31 04:30:01,310404000,9228198,ZCDF8,DIAMOND PRINCESS,58.24646,-135.4807,12.4,293.0
2012-05-31 12:31:01,2012-05-31 04:31:01,310404000,9228198,ZCDF8,DIAMOND PRINCESS,58.24781,-135.4867,12.3,293.0
2012-05-31 12:32:01,2012-05-31 04:32:01,310404000,9228198,ZCDF8,DIAMOND PRINCESS,58.24916,-135.4926,12.3,293.0
2012-05-31 12:33:00,2012-05-31 04:33:00,310404000,9228198,ZCDF8,DIAMOND PRINCESS,58.25048,-135.4985,12.2,293.0
2012-05-31 12:34:01,2012-05-31 04:34:01,310404000,9228198,ZCDF8,DIAMOND PRINCESS,58.25185,-135.5045,12.2,293.0
2012-05-31 12:35:01,2012-05-31 04:35:01,310404000,9228198,ZCDF8,DIAMOND PRINCESS,58.25321,-135.5104,12.2,293.9
2012-05-31 12:36:01,2012-05-31 04:36:01,310404000,9228198,ZCDF8,DIAMOND PRINCESS,58.25456,-135.5163,12.2,293.9
2012-05-31 12:37:01,2012-05-31 04:37:01,310404000,9228198,ZCDF8,DIAMOND PRINCESS,58.2559,-135.5222,12.1,293.0
2012-05-31 12:38:01,2012-05-31 04:38:01,310404000,9228198,ZCDF8,DIAMOND PRINCESS,58.25721,-135.5281,12.1,293.0
2012-05-31 12:39:01,2012-05-31 04:39:01,310404000,9228198,ZCDF8,DIAMOND PRINCESS,58.25855,-135.5339,12.1,293.0
2012-05-31 12:40:01,2012-05-31 04:40:01,310404000,9228198,ZCDF8,DIAMOND PRINCESS,58.25987,-135.5398,12.2,293.0
2012-05-31 12:41:01,2012-05-31 04:41:01,310404000,9228198,ZCDF8,DIAMOND PRINCESS,58.26119,-135.5457,12.2,291.9
2012-05-31 12:42:02,2012-05-31 04:42:02,310404000,9228198,ZCDF8,DIAMOND PRINCESS,58.26243,-135.5517,12.2,290.9
2012-05-31 12:43:01,2012-05-31 04:43:01,310404000,9228198,ZCDF8,DIAMOND PRINCESS,58.26366,-135.5577,12.2,290.9
2012-05-31 12:44:01,2012-05-31 04:44:01,310404000,9228198,ZCDF8,DIAMOND PRINCESS,58.26487,-135.5637,12.2,290.9
2012-05-31 12:45:01,2012-05-31 04:45:01,310404000,9228198,ZCDF8,DIAMOND PRINCESS,58.26606,-135.5696,12.2,290.9
2012-05-31 12:46:00,2012-05-31 04:46:00,310404000,9228198,ZCDF8,DIAMOND PRINCESS,58.26722,-135.5755,12.2,290.0
2012-05-31 12:47:00,2012-05-31 04:47:00,310404000,9228198,ZCDF8,DIAMOND PRINCESS,58.26841,-135.5816,12.2,290.0
2012-05-31 12:48:00,2012-05-31 04:48:00,310404000,9228198,ZCDF8,DIAMOND PRINCESS,58.26956,-135.5876,12.3,290.0
2012-05-31 12:49:00,2012-05-31 04:49:00,310404000,9228198,ZCDF8,DIAMOND PRINCESS,58.27073,-135.5937,12.3,290.0
2012-05-31 12:50:01,2012-05-31 04:50:01,310404000,9228198,ZCDF8,DIAMOND PRINCESS,58.27192,-135.5998,12.4,290.0
2012-05-31 12:51:01,2012-05-31 04:51:01,310404000,9228198,ZCDF8,DIAMOND PRINCESS,58.27312,-135.606,12.3,290.0
2012-05-31 12:52:01,2012-05-31 04:52:01,310404000,9228198,ZCDF8,DIAMOND PRINCESS,58.27426,-135.612,12.4,290.0
2012-05-31 12:53:01,2012-05-31 04:53:01,310404000,9228198,ZCDF8,DIAMOND PRINCESS,58.27547,-135.6182,12.4,290.9
2012-05-31 12:54:01,2012-05-31 04:54:01,310404000,9228198,ZCDF8,DIAMOND PRINCESS,58.27667,-135.6241,12.3,290.9
2012-05-31 12:55:01,2012-05-31 04:55:01,310404000,9228198,ZCDF8,DIAMOND PRINCESS,58.27788,-135.6302,12.3,291.3
2012-05-31 12:56:01,2012-05-31 04:56:01,310404000,9228198,ZCDF8,DIAMOND PRINCESS,58.27907,-135.6362,12.2,290.0
2012-05-31 12:57:02,2012-05-31 04:57:02,310404000,9228198,ZCDF8,DIAMOND PRINCESS,58.28026,-135.6423,12.2,290.0
2012-05-31 12:58:02,2012-05-31 04:58:02,310404000,9228198,ZCDF8,DIAMOND PRINCESS,58.28141,-135.6483,12.1,290.0
2012-05-31 12:59:02,2012-05-31 04:59:02,310404000,9228198,ZCDF8,DIAMOND PRINCESS,58.28257,-135.6543,12.0,290.0
2012-05-31 13:00:03,2012-05-31 05:00:03,310404000,9228198,ZCDF8,DIAMOND PRINCESS,58.2837,-135.6602,12.0,290.0
2012-05-31 13:01:02,2012-05-31 05:01:02,310404000,9228198,ZCDF8,DIAMOND PRINCESS,58.28482,-135.6662,12.1,290.0
2012-05-31 13:02:02,2012-05-31 05:02:02,310404000,9228198,ZCDF8,DIAMOND PRINCESS,58.28594,-135.6722,12.2,289.0
2012-05-31 13:03:00,2012-05-31 05:03:00,310404000,9228198,ZCDF8,DIAMOND PRINCESS,58.28705,-135.6782,12.3,289.0
2012-05-31 13:04:11,2012-05-31 05:04:11,310404000,9228198,ZCDF8,DIAMOND PRINCESS,58.28841,-135.6854,12.4,289.5
2012-05-31 13:05:00,2012-05-31 05:05:00,310404000,9228198,ZCDF8,DIAMOND PRINCESS,58.28936,-135.6904,12.4,289.5
2012-05-31 13:06:01,2012-05-31 05:06:01,310404000,9228198,ZCDF8,DIAMOND PRINCESS,58.29051,-135.6966,12.4,290.0
2012-05-31 13:07:00,2012-05-31 05:07:00,310404000,9228198,ZCDF8,DIAMOND PRINCESS,58.29168,-135.7027,12.4,290.0
2012-05-31 13:08:01,2012-05-31 05:08:01,310404000,9228198,ZCDF8,DIAMOND PRINCESS,58.29284,-135.7089,12.4,289.0
2012-05-31 13:09:11,2012-05-31 05:09:11,310404000,9228198,ZCDF8,DIAMOND PRINCESS,58.29419,-135.7161,12.4,290.0
2012-05-31 13:10:01,2012-05-31 05:10:01,310404000,9228198,ZCDF8,DIAMOND PRINCESS,58.2952,-135.7212,12.5,290.4
2012-05-31 13:11:01,2012-05-31 05:11:01,310404000,9228198,ZCDF8,DIAMOND PRINCESS,58.29642,-135.7273,12.5,290.9
2012-05-31 13:12:01,2012-05-31 05:12:01,310404000,9228198,ZCDF8,DIAMOND PRINCESS,58.29763,-135.7335,12.5,290.0
2012-05-31 13:13:01,2012-05-31 05:13:01,310404000,9228198,ZCDF8,DIAMOND PRINCESS,58.29885,-135.7397,12.5,290.0
2012-05-31 13:14:01,2012-05-31 05:14:01,310404000,9228198,ZCDF8,DIAMOND PRINCESS,58.30007,-135.7458,12.4,290.0
2012-05-31 13:15:01,2012-05-31 05:15:01,310404000,9228198,ZCDF8,DIAMOND PRINCESS,58.30126,-135.7519,12.3,290.0
2012-05-31 13:16:02,2012-05-31 05:16:02,310404000,9228198,ZCDF8,DIAMOND PRINCESS,58.30243,-135.758,12.1,290.4
2012-05-31 13:17:03,2012-05-31 05:17:03,310404000,9228198,ZCDF8,DIAMOND PRINCESS,58.30339,-135.7639,11.9,285.4
2012-05-31 13:18:02,2012-05-31 05:18:02,310404000,9228198,ZCDF8,DIAMOND PRINCESS,58.30426,-135.7701,11.9,284.0
2012-05-31 13:19:02,2012-05-31 05:19:02,310404000,9228198,ZCDF8,DIAMOND PRINCESS,58.30495,-135.7761,11.9,281.9
2012-05-31 13:20:02,2012-05-31 05:20:02,310404000,9228198,ZCDF8,DIAMOND PRINCESS,58.30559,-135.7823,12.0,281.0
2012-05-31 13:21:02,2012-05-31 05:21:02,310404000,9228198,ZCDF8,DIAMOND PRINCESS,58.3062,-135.7886,12.1,280.0
2012-05-31 13:22:02,2012-05-31 05:22:02,310404000,9228198,ZCDF8,DIAMOND PRINCESS,58.30679,-135.7948,12.1,279.5
2012-05-31 13:23:02,2012-05-31 05:23:02,310404000,9228198,ZCDF8,DIAMOND PRINCESS,58.30742,-135.8011,12.2,280.5
2012-05-31 13:24:00,2012-05-31 05:24:00,310404000,9228198,ZCDF8,DIAMOND PRINCESS,58.30805,-135.8073,12.3,282.4
2012-05-31 13:25:00,2012-05-31 05:25:00,310404000,9228198,ZCDF8,DIAMOND PRINCESS,58.30873,-135.8136,12.4,281.9
2012-05-31 13:26:00,2012-05-31 05:26:00,310404000,9228198,ZCDF8,DIAMOND PRINCESS,58.30947,-135.8199,12.4,282.3
2012-05-31 13:27:09,2012-05-31 05:27:09,310404000,9228198,ZCDF8,DIAMOND PRINCESS,58.31034,-135.8273,12.3,282.3
2012-05-31 13:28:09,2012-05-31 05:28:09,310404000,9228198,ZCDF8,DIAMOND PRINCESS,58.3111,-135.8337,12.3,282.8
2012-05-31 13:29:09,2012-05-31 05:29:09,310404000,9228198,ZCDF8,DIAMOND PRINCESS,58.31185,-135.84,12.5,282.3
2012-05-31 13:30:00,2012-05-31 05:30:00,310404000,9228198,ZCDF8,DIAMOND PRINCESS,58.31236,-135.8455,12.5,279.1
2012-05-31 13:31:01,2012-05-31 05:31:01,310404000,9228198,ZCDF8,DIAMOND PRINCESS,58.3129,-135.8522,12.6,278.7
2012-05-31 13:32:00,2012-05-31 05:32:00,310404000,9228198,ZCDF8,DIAMOND PRINCESS,58.31343,-135.8586,12.6,278.7
2012-05-31 13:33:05,2012-05-31 05:33:05,310404000,9228198,ZCDF8,DIAMOND PRINCESS,58.31402,-135.8658,12.7,278.7
2012-05-31 13:34:06,2012-05-31 05:34:06,310404000,9228198,ZCDF8,DIAMOND PRINCESS,58.31453,-135.8724,12.7,277.8
2012-05-31 13:35:16,2012-05-31 05:35:16,310404000,9228198,ZCDF8,DIAMOND PRINCESS,58.31511,-135.8802,12.7,277.8
2012-05-31 13:36:06,2012-05-31 05:36:06,310404000,9228198,ZCDF8,DIAMOND PRINCESS,58.3155,-135.8857,12.7,278.0
2012-05-31 13:37:06,2012-05-31 05:37:06,310404000,9228198,ZCDF8,DIAMOND PRINCESS,58.31624,-135.8923,12.5,283.9
2012-05-31 13:38:06,2012-05-31 05:38:06,310404000,9228198,ZCDF8,DIAMOND PRINCESS,58.31727,-135.8984,12.2,289.8
2012-05-31 13:39:06,2012-05-31 05:39:06,310404000,9228198,ZCDF8,DIAMOND PRINCESS,58.31874,-135.9042,12.0,297.6
2012-05-31 13:40:06,2012-05-31 05:40:06,310404000,9228198,ZCDF8,DIAMOND PRINCESS,58.3205,-135.9094,11.9,305.0
2012-05-31 13:41:06,2012-05-31 05:41:06,310404000,9228198,ZCDF8,DIAMOND PRINCESS,58.32259,-135.9143,11.9,311.0
2012-05-31 13:42:06,2012-05-31 05:42:06,310404000,9228198,ZCDF8,DIAMOND PRINCESS,58.32494,-135.9188,12.2,317.0
2012-05-31 13:43:06,2012-05-31 05:43:06,310404000,9228198,ZCDF8,DIAMOND PRINCESS,58.3275,-135.9231,12.4,320.0
2012-05-31 13:44:06,2012-05-31 05:44:06,310404000,9228198,ZCDF8,DIAMOND PRINCESS,58.33018,-135.9273,12.8,320.0
2012-05-31 13:45:05,2012-05-31 05:45:05,310404000,9228198,ZCDF8,DIAMOND PRINCESS,58.3329,-135.9317,13.2,320.0
2012-05-31 13:46:05,2012-05-31 05:46:05,310404000,9228198,ZCDF8,DIAMOND PRINCESS,58.33589,-135.9361,13.7,322.8
2012-05-31 13:47:05,2012-05-31 05:47:05,310404000,9228198,ZCDF8,DIAMOND PRINCESS,58.33913,-135.9404,14.3,327.4
2012-05-31 13:48:00,2012-05-31 05:48:00,310404000,9228198,ZCDF8,DIAMOND PRINCESS,58.34226,-135.9439,14.8,330.6
2012-05-31 13:49:06,2012-05-31 05:49:06,310404000,9228198,ZCDF8,DIAMOND PRINCESS,58.3465,-135.9478,15.3,335.6
2012-05-31 13:50:00,2012-05-31 05:50:00,310404000,9228198,ZCDF8,DIAMOND PRINCESS,58.34996,-135.9504,15.6,340.0
2012-05-31 13:51:00,2012-05-31 05:51:00,310404000,9228198,ZCDF8,DIAMOND PRINCESS,58.35417,-135.9528,15.8,344.9
2012-05-31 13:52:01,2012-05-31 05:52:01,310404000,9228198,ZCDF8,DIAMOND PRINCESS,58.35847,-135.9546,15.8,348.9
2012-05-31 13:53:00,2012-05-31 05:53:00,310404000,9228198,ZCDF8,DIAMOND PRINCESS,58.3629,-135.956,16.0,352.5
2012-05-31 13:54:04,2012-05-31 05:54:04,310404000,9228198,ZCDF8,DIAMOND PRINCESS,58.3675,-135.957,15.9,354.5
2012-05-31 13:55:04,2012-05-31 05:55:04,310404000,9228198,ZCDF8,DIAMOND PRINCESS,58.37185,-135.9574,15.6,357.8
2012-05-31 13:56:04,2012-05-31 05:56:04,310404000,9228198,ZCDF8,DIAMOND PRINCESS,58.37616,-135.9577,15.4,359.0
2012-05-31 13:57:04,2012-05-31 05:57:04,310404000,9228198,ZCDF8,DIAMOND PRINCESS,58.38042,-135.9579,15.3,359.0
2012-05-31 13:58:04,2012-05-31 05:58:04,310404000,9228198,ZCDF8,DIAMOND PRINCESS,58.38469,-135.958,15.4,359.0
2012-05-31 13:59:04,2012-05-31 05:59:04,310404000,9228198,ZCDF8,DIAMOND PRINCESS,58.38896,-135.9582,15.4,358.6
2012-05-31 14:00:04,2012-05-31 06:00:04,310404000,9228198,ZCDF8,DIAMOND PRINCESS,58.39308,-135.9583,14.9,359.0
2012-05-31 14:01:04,2012-05-31 06:01:04,310404000,9228198,ZCDF8,DIAMOND PRINCESS,58.39713,-135.9583,14.0,359.8
2012-05-31 14:02:05,2012-05-31 06:02:05,310404000,9228198,ZCDF8,DIAMOND PRINCESS,58.40084,-135.9583,12.9,359.0
2012-05-31 14:03:05,2012-05-31 06:03:05,310404000,9228198,ZCDF8,DIAMOND PRINCESS,58.40427,-135.9584,12.0,359.0
2012-05-31 14:04:05,2012-05-31 06:04:05,310404000,9228198,ZCDF8,DIAMOND PRINCESS,58.40742,-135.9588,11.1,355.0
2012-05-31 14:05:05,2012-05-31 06:05:05,310404000,9228198,ZCDF8,DIAMOND PRINCESS,58.41034,-135.9599,10.4,346.8
2012-05-31 14:06:05,2012-05-31 06:06:05,310404000,9228198,ZCDF8,DIAMOND PRINCESS,58.4129,-135.9616,9.8,337.6
2012-05-31 14:07:05,2012-05-31 06:07:05,310404000,9228198,ZCDF8,DIAMOND PRINCESS,58.41525,-135.9639,9.2,330.8
2012-05-31 14:08:05,2012-05-31 06:08:05,310404000,9228198,ZCDF8,DIAMOND PRINCESS,58.41745,-135.9664,9.0,327.0
2012-05-31 14:09:05,2012-05-31 06:09:05,310404000,9228198,ZCDF8,DIAMOND PRINCESS,58.41946,-135.969,8.8,325.1
2012-05-31 14:10:04,2012-05-31 06:10:04,310404000,9228198,ZCDF8,DIAMOND PRINCESS,58.42138,-135.9716,8.8,324.1
2012-05-31 14:11:15,2012-05-31 06:11:15,310404000,9228198,ZCDF8,DIAMOND PRINCESS,58.42374,-135.975,9.0,322.8
2012-05-31 14:12:04,2012-05-31 06:12:04,310404000,9228198,ZCDF8,DIAMOND PRINCESS,58.42541,-135.9774,9.5,322.0
2012-05-31 14:13:04,2012-05-31 06:13:04,310404000,9228198,ZCDF8,DIAMOND PRINCESS,58.42758,-135.9808,10.4,321.2
2012-05-31 14:14:04,2012-05-31 06:14:04,310404000,9228198,ZCDF8,DIAMOND PRINCESS,58.4299,-135.9845,11.3,319.0
2012-05-31 14:15:04,2012-05-31 06:15:04,310404000,9228198,ZCDF8,DIAMOND PRINCESS,58.43234,-135.9885,12.1,319.1
2012-05-31 14:16:04,2012-05-31 06:16:04,310404000,9228198,ZCDF8,DIAMOND PRINCESS,58.43505,-135.9929,13.0,319.7
2012-05-31 14:17:05,2012-05-31 06:17:05,310404000,9228198,ZCDF8,DIAMOND PRINCESS,58.43795,-135.9975,13.9,321.1
2012-05-31 14:18:03,2012-05-31 06:18:03,310404000,9228198,ZCDF8,DIAMOND PRINCESS,58.44101,-136.0021,14.8,322.0
2012-05-31 14:19:02,2012-05-31 06:19:02,310404000,9228198,ZCDF8,DIAMOND PRINCESS,58.44434,-136.007,15.8,322.4
2012-05-31 14:20:02,2012-05-31 06:20:02,310404000,9228198,ZCDF8,DIAMOND PRINCESS,58.44809,-136.0123,16.9,324.6
2012-05-31 14:21:08,2012-05-31 06:21:08,310404000,9228198,ZCDF8,DIAMOND PRINCESS,58.45247,-136.0179,18.0,326.7
2012-05-31 14:22:02,2012-05-31 06:22:02,310404000,9228198,ZCDF8,DIAMOND PRINCESS,58.45642,-136.0226,19.0,329.1
2012-05-31 14:23:03,2012-05-31 06:23:03,310404000,9228198,ZCDF8,DIAMOND PRINCESS,58.46112,-136.0278,19.8,330.8
2012-05-31 14:24:02,2012-05-31 06:24:02,310404000,9228198,ZCDF8,DIAMOND PRINCESS,58.46604,-136.0329,20.4,331.5
2012-05-31 14:25:09,2012-05-31 06:25:09,310404000,9228198,ZCDF8,DIAMOND PRINCESS,58.47163,-136.0381,20.8,336.2
2012-05-31 14:26:03,2012-05-31 06:26:03,310404000,9228198,ZCDF8,DIAMOND PRINCESS,58.47644,-136.042,20.3,337.9
2012-05-31 14:27:02,2012-05-31 06:27:02,310404000,9228198,ZCDF8,DIAMOND PRINCESS,58.4814,-136.0459,19.3,337.8
2012-05-31 14:28:02,2012-05-31 06:28:02,310404000,9228198,ZCDF8,DIAMOND PRINCESS,58.48626,-136.0493,18.3,339.6
2012-05-31 14:29:02,2012-05-31 06:29:02,310404000,9228198,ZCDF8,DIAMOND PRINCESS,58.49079,-136.0523,17.2,340.9
2012-05-31 14:30:02,2012-05-31 06:30:02,310404000,9228198,ZCDF8,DIAMOND PRINCESS,58.49529,-136.0552,16.5,341.0
2012-05-31 14:31:02,2012-05-31 06:31:02,310404000,9228198,ZCDF8,DIAMOND PRINCESS,58.49946,-136.0579,16.0,340.7
2012-05-31 14:32:01,2012-05-31 06:32:01,310404000,9228198,ZCDF8,DIAMOND PRINCESS,58.50355,-136.0604,15.7,343.2
2012-05-31 14:33:00,2012-05-31 06:33:00,310404000,9228198,ZCDF8,DIAMOND PRINCESS,58.50771,-136.0626,15.4,345.7
2012-05-31 14:34:00,2012-05-31 06:34:00,310404000,9228198,ZCDF8,DIAMOND PRINCESS,58.51185,-136.0641,15.1,351.3
2012-05-31 14:35:03,2012-05-31 06:35:03,310404000,9228198,ZCDF8,DIAMOND PRINCESS,58.51608,-136.0652,14.7,352.8
2012-05-31 14:36:03,2012-05-31 06:36:03,310404000,9228198,ZCDF8,DIAMOND PRINCESS,58.5201,-136.0659,14.5,354.0
2012-05-31 14:37:03,2012-05-31 06:37:03,310404000,9228198,ZCDF8,DIAMOND PRINCESS,58.52414,-136.0666,14.3,355.3
2012-05-31 14:38:02,2012-05-31 06:38:02,310404000,9228198,ZCDF8,DIAMOND PRINCESS,58.52802,-136.067,14.2,356.5
2012-05-31 14:39:02,2012-05-31 06:39:02,310404000,9228198,ZCDF8,DIAMOND PRINCESS,58.53191,-136.0673,14.1,357.7
2012-05-31 14:40:02,2012-05-31 06:40:02,310404000,9228198,ZCDF8,DIAMOND PRINCESS,58.53573,-136.0676,14.0,358.1
2012-05-31 14:41:02,2012-05-31 06:41:02,310404000,9228198,ZCDF8,DIAMOND PRINCESS,58.53965,-136.0678,13.9,357.7
2012-05-31 14:42:02,2012-05-31 06:42:02,310404000,9228198,ZCDF8,DIAMOND PRINCESS,58.54344,-136.0679,13.9,358.5
2012-05-31 14:43:03,2012-05-31 06:43:03,310404000,9228198,ZCDF8,DIAMOND PRINCESS,58.54734,-136.068,13.8,359.0
2012-05-31 14:44:09,2012-05-31 06:44:09,310404000,9228198,ZCDF8,DIAMOND PRINCESS,58.55149,-136.0681,13.8,359.8
2012-05-31 14:45:08,2012-05-31 06:45:08,310404000,9228198,ZCDF8,DIAMOND PRINCESS,58.55539,-136.0681,13.8,359.8
2012-05-31 14:46:20,2012-05-31 06:46:20,310404000,9228198,ZCDF8,DIAMOND PRINCESS,58.55981,-136.0682,13.9,359.0
2012-05-31 14:47:08,2012-05-31 06:47:08,310404000,9228198,ZCDF8,DIAMOND PRINCESS,58.56302,-136.0683,13.9,359.0
2012-05-31 14:48:07,2012-05-31 06:48:07,310404000,9228198,ZCDF8,DIAMOND PRINCESS,58.5668,-136.0683,13.8,359.0
2012-05-31 14:49:19,2012-05-31 06:49:19,310404000,9228198,ZCDF8,DIAMOND PRINCESS,58.5714,-136.0685,13.8,359.0
2012-05-31 14:50:07,2012-05-31 06:50:07,310404000,9228198,ZCDF8,DIAMOND PRINCESS,58.57445,-136.0686,13.7,359.0
2012-05-31 14:51:07,2012-05-31 06:51:07,310404000,9228198,ZCDF8,DIAMOND PRINCESS,58.57825,-136.0688,13.7,357.7
2012-05-31 14:52:01,2012-05-31 06:52:01,310404000,9228198,ZCDF8,DIAMOND PRINCESS,58.58157,-136.0691,13.5,356.4
2012-05-31 14:53:01,2012-05-31 06:53:01,310404000,9228198,ZCDF8,DIAMOND PRINCESS,58.58524,-136.07,13.2,350.8
2012-05-31 14:54:01,2012-05-31 06:54:01,310404000,9228198,ZCDF8,DIAMOND PRINCESS,58.58876,-136.0713,13.1,347.4
2012-05-31 14:55:01,2012-05-31 06:55:01,310404000,9228198,ZCDF8,DIAMOND PRINCESS,58.59235,-136.0728,13.0,347.0
2012-05-31 14:56:01,2012-05-31 06:56:01,310404000,9228198,ZCDF8,DIAMOND PRINCESS,58.59582,-136.0743,13.0,347.0
2012-05-31 14:57:08,2012-05-31 06:57:08,310404000,9228198,ZCDF8,DIAMOND PRINCESS,58.59979,-136.0761,12.9,346.0
2012-05-31 14:58:09,2012-05-31 06:58:09,310404000,9228198,ZCDF8,DIAMOND PRINCESS,58.60322,-136.078,12.8,342.3
2012-05-31 14:59:01,2012-05-31 06:59:01,310404000,9228198,ZCDF8,DIAMOND PRINCESS,58.60608,-136.0801,12.7,336.9
2012-05-31 15:00:02,2012-05-31 07:00:02,310404000,9228198,ZCDF8,DIAMOND PRINCESS,58.60925,-136.0831,12.7,331.9
2012-05-31 15:01:03,2012-05-31 07:01:03,310404000,9228198,ZCDF8,DIAMOND PRINCESS,58.61224,-136.0865,12.6,326.4
2012-05-31 15:02:01,2012-05-31 07:02:01,310404000,9228198,ZCDF8,DIAMOND PRINCESS,58.61509,-136.0904,12.6,323.9
2012-05-31 15:03:11,2012-05-31 07:03:11,310404000,9228198,ZCDF8,DIAMOND PRINCESS,58.61837,-136.0951,12.7,323.0
2012-05-31 15:04:01,2012-05-31 07:04:01,310404000,9228198,ZCDF8,DIAMOND PRINCESS,58.62067,-136.0985,12.8,323.0
2012-05-31 15:05:19,2012-05-31 07:05:19,310404000,9228198,ZCDF8,DIAMOND PRINCESS,58.62446,-136.104,12.9,323.0
2012-05-31 15:06:01,2012-05-31 07:06:01,310404000,9228198,ZCDF8,DIAMOND PRINCESS,58.62642,-136.1069,13.0,322.5
2012-05-31 15:07:11,2012-05-31 07:07:11,310404000,9228198,ZCDF8,DIAMOND PRINCESS,58.62979,-136.1117,13.1,323.0
2012-05-31 15:08:01,2012-05-31 07:08:01,310404000,9228198,ZCDF8,DIAMOND PRINCESS,58.63221,-136.1152,13.2,323.0
2012-05-31 15:09:11,2012-05-31 07:09:11,310404000,9228198,ZCDF8,DIAMOND PRINCESS,58.63564,-136.1202,13.2,323.0
2012-05-31 15:10:01,2012-05-31 07:10:01,310404000,9228198,ZCDF8,DIAMOND PRINCESS,58.63814,-136.1238,13.3,322.4
2012-05-31 15:11:01,2012-05-31 07:11:01,310404000,9228198,ZCDF8,DIAMOND PRINCESS,58.64101,-136.128,13.3,321.8
2012-05-31 15:12:01,2012-05-31 07:12:01,310404000,9228198,ZCDF8,DIAMOND PRINCESS,58.64391,-136.1324,13.3,321.8
2012-05-31 15:13:02,2012-05-31 07:13:02,310404000,9228198,ZCDF8,DIAMOND PRINCESS,58.64679,-136.1369,13.3,321.0
2012-05-31 15:14:20,2012-05-31 07:14:20,310404000,9228198,ZCDF8,DIAMOND PRINCESS,58.65059,-136.1427,13.3,321.8
2012-05-31 15:15:02,2012-05-31 07:15:02,310404000,9228198,ZCDF8,DIAMOND PRINCESS,58.65256,-136.1457,13.3,321.0
2012-05-31 15:16:00,2012-05-31 07:16:00,310404000,9228198,ZCDF8,DIAMOND PRINCESS,58.65536,-136.1499,13.3,321.8
2012-05-31 15:17:01,2012-05-31 07:17:01,310404000,9228198,ZCDF8,DIAMOND PRINCESS,58.65828,-136.1544,13.5,321.0
2012-05-31 15:18:11,2012-05-31 07:18:11,310404000,9228198,ZCDF8,DIAMOND PRINCESS,58.66177,-136.1597,13.7,321.8
2012-05-31 15:19:00,2012-05-31 07:19:00,310404000,9228198,ZCDF8,DIAMOND PRINCESS,58.6642,-136.1634,13.8,321.8
2012-05-31 15:20:00,2012-05-31 07:20:00,310404000,9228198,ZCDF8,DIAMOND PRINCESS,58.66726,-136.168,14.0,322.0
2012-05-31 15:21:00,2012-05-31 07:21:00,310404000,9228198,ZCDF8,DIAMOND PRINCESS,58.67033,-136.1725,14.4,322.0
2012-05-31 15:22:05,2012-05-31 07:22:05,310404000,9228198,ZCDF8,DIAMOND PRINCESS,58.67381,-136.1779,14.8,321.0
2012-05-31 15:23:17,2012-05-31 07:23:17,310404000,9228198,ZCDF8,DIAMOND PRINCESS,58.67764,-136.184,15.3,320.0
2012-05-31 15:24:05,2012-05-31 07:24:05,310404000,9228198,ZCDF8,DIAMOND PRINCESS,58.68033,-136.1883,15.6,320.0
2012-05-31 15:25:05,2012-05-31 07:25:05,310404000,9228198,ZCDF8,DIAMOND PRINCESS,58.68362,-136.1937,15.9,320.0
2012-05-31 15:26:11,2012-05-31 07:26:11,310404000,9228198,ZCDF8,DIAMOND PRINCESS,58.68738,-136.1998,16.1,320.0
2012-05-31 15:27:01,2012-05-31 07:27:01,310404000,9228198,ZCDF8,DIAMOND PRINCESS,58.69025,-136.2044,16.3,320.0
2012-05-31 15:28:01,2012-05-31 07:28:01,310404000,9228198,ZCDF8,DIAMOND PRINCESS,58.69373,-136.21,16.4,319.6
2012-05-31 15:29:02,2012-05-31 07:29:02,310404000,9228198,ZCDF8,DIAMOND PRINCESS,58.69728,-136.2158,16.6,320.0
2012-05-31 15:30:05,2012-05-31 07:30:05,310404000,9228198,ZCDF8,DIAMOND PRINCESS,58.70107,-136.222,16.8,320.0
2012-05-31 15:31:05,2012-05-31 07:31:05,310404000,9228198,ZCDF8,DIAMOND PRINCESS,58.70462,-136.2277,17.1,321.0
2012-05-31 15:32:00,2012-05-31 07:32:00,310404000,9228198,ZCDF8,DIAMOND PRINCESS,58.70804,-136.233,17.4,320.6
2012-05-31 15:33:05,2012-05-31 07:33:05,310404000,9228198,ZCDF8,DIAMOND PRINCESS,58.71199,-136.2392,17.5,321.0
2012-05-31 15:34:04,2012-05-31 07:34:04,310404000,9228198,ZCDF8,DIAMOND PRINCESS,58.71585,-136.2452,17.7,321.0
2012-05-31 15:35:02,2012-05-31 07:35:02,310404000,9228198,ZCDF8,DIAMOND PRINCESS,58.71949,-136.2509,17.9,321.0
2012-05-31 15:36:00,2012-05-31 07:36:00,310404000,9228198,ZCDF8,DIAMOND PRINCESS,58.72324,-136.2568,18.0,321.0
2012-05-31 15:37:00,2012-05-31 07:37:00,310404000,9228198,ZCDF8,DIAMOND PRINCESS,58.72712,-136.2629,18.1,321.0
2012-05-31 15:38:00,2012-05-31 07:38:00,310404000,9228198,ZCDF8,DIAMOND PRINCESS,58.7309,-136.2693,18.2,316.9
2012-05-31 15:39:00,2012-05-31 07:39:00,310404000,9228198,ZCDF8,DIAMOND PRINCESS,58.73438,-136.2763,18.2,311.6
2012-05-31 15:40:01,2012-05-31 07:40:01,310404000,9228198,ZCDF8,DIAMOND PRINCESS,58.73764,-136.2838,18.3,309.9
2012-05-31 15:41:02,2012-05-31 07:41:02,310404000,9228198,ZCDF8,DIAMOND PRINCESS,58.74092,-136.2915,18.4,309.0
2012-05-31 15:42:09,2012-05-31 07:42:09,310404000,9228198,ZCDF8,DIAMOND PRINCESS,58.74455,-136.3003,18.6,307.3
2012-05-31 15:43:00,2012-05-31 07:43:00,310404000,9228198,ZCDF8,DIAMOND PRINCESS,58.74694,-136.3065,18.6,307.0
2012-05-31 15:44:09,2012-05-31 07:44:09,310404000,9228198,ZCDF8,DIAMOND PRINCESS,58.75082,-136.3158,18.6,308.6
2012-05-31 15:45:02,2012-05-31 07:45:02,310404000,9228198,ZCDF8,DIAMOND PRINCESS,58.75372,-136.3227,18.7,309.0
2012-05-31 15:46:02,2012-05-31 07:46:02,310404000,9228198,ZCDF8,DIAMOND PRINCESS,58.75702,-136.3306,18.7,309.0
2012-05-31 15:47:02,2012-05-31 07:47:02,310404000,9228198,ZCDF8,DIAMOND PRINCESS,58.76022,-136.3382,18.8,309.0
2012-05-31 15:48:02,2012-05-31 07:48:02,310404000,9228198,ZCDF8,DIAMOND PRINCESS,58.76358,-136.3462,18.8,309.0
2012-05-31 15:49:02,2012-05-31 07:49:02,310404000,9228198,ZCDF8,DIAMOND PRINCESS,58.76679,-136.3539,18.8,309.0
2012-05-31 15:50:02,2012-05-31 07:50:02,310404000,9228198,ZCDF8,DIAMOND PRINCESS,58.77007,-136.3617,18.8,309.0
2012-05-31 15:51:01,2012-05-31 07:51:01,310404000,9228198,ZCDF8,DIAMOND PRINCESS,58.77328,-136.3694,18.9,309.0
2012-05-31 15:52:02,2012-05-31 07:52:02,310404000,9228198,ZCDF8,DIAMOND PRINCESS,58.77664,-136.3773,18.9,309.0
2012-05-31 15:53:01,2012-05-31 07:53:01,310404000,9228198,ZCDF8,DIAMOND PRINCESS,58.77987,-136.3851,18.9,309.0
2012-05-31 15:54:01,2012-05-31 07:54:01,310404000,9228198,ZCDF8,DIAMOND PRINCESS,58.78317,-136.3929,18.9,309.0
2012-05-31 15:55:08,2012-05-31 07:55:08,310404000,9228198,ZCDF8,DIAMOND PRINCESS,58.78689,-136.4019,18.9,309.0
2012-05-31 15:56:01,2012-05-31 07:56:01,310404000,9228198,ZCDF8,DIAMOND PRINCESS,58.78972,-136.4087,18.9,308.6
2012-05-31 15:57:08,2012-05-31 07:57:08,310404000,9228198,ZCDF8,DIAMOND PRINCESS,58.79338,-136.4175,18.9,309.0
2012-05-31 15:58:01,2012-05-31 07:58:01,310404000,9228198,ZCDF8,DIAMOND PRINCESS,58.79625,-136.4245,18.9,307.7
2012-05-31 15:59:20,2012-05-31 07:59:20,310404000,9228198,ZCDF8,DIAMOND PRINCESS,58.80059,-136.4349,19.0,309.0
2012-05-31 16:00:44,2012-05-31 08:00:44,310404000,9228198,ZCDF8,DIAMOND PRINCESS,58.80517,-136.4459,19.0,307.7
2012-05-31 16:01:02,2012-05-31 08:01:02,310404000,9228198,ZCDF8,DIAMOND PRINCESS,58.80616,-136.4483,19.0,309.0
2012-05-31 16:02:02,2012-05-31 08:02:02,310404000,9228198,ZCDF8,DIAMOND PRINCESS,58.80938,-136.4562,19.0,307.7
2012-05-31 16:03:08,2012-05-31 08:03:08,310404000,9228198,ZCDF8,DIAMOND PRINCESS,58.81305,-136.465,19.0,307.7
2012-05-31 16:04:14,2012-05-31 08:04:14,310404000,9228198,ZCDF8,DIAMOND PRINCESS,58.81662,-136.4737,19.0,308.6
2012-05-31 16:05:02,2012-05-31 08:05:02,310404000,9228198,ZCDF8,DIAMOND PRINCESS,58.8193,-136.4802,19.0,307.7
2012-05-31 16:06:04,2012-05-31 08:06:04,310404000,9228198,ZCDF8,DIAMOND PRINCESS,58.82254,-136.488,19.1,308.7
2012-05-31 16:07:04,2012-05-31 08:07:04,310404000,9228198,ZCDF8,DIAMOND PRINCESS,58.82592,-136.4962,19.1,309.0
2012-05-31 16:08:03,2012-05-31 08:08:03,310404000,9228198,ZCDF8,DIAMOND PRINCESS,58.82911,-136.5039,19.1,309.0
2012-05-31 16:09:02,2012-05-31 08:09:02,310404000,9228198,ZCDF8,DIAMOND PRINCESS,58.83248,-136.5121,19.1,308.7
2012-05-31 16:10:01,2012-05-31 08:10:01,310404000,9228198,ZCDF8,DIAMOND PRINCESS,58.83572,-136.5199,19.1,309.0
2012-05-31 16:11:02,2012-05-31 08:11:02,310404000,9228198,ZCDF8,DIAMOND PRINCESS,58.83908,-136.528,19.1,309.0
2012-05-31 16:12:01,2012-05-31 08:12:01,310404000,9228198,ZCDF8,DIAMOND PRINCESS,58.84233,-136.5358,19.0,309.0
2012-05-31 16:13:02,2012-05-31 08:13:02,310404000,9228198,ZCDF8,DIAMOND PRINCESS,58.84565,-136.5438,19.0,308.6
2012-05-31 16:14:07,2012-05-31 08:14:07,310404000,9228198,ZCDF8,DIAMOND PRINCESS,58.84922,-136.5524,18.9,309.0
2012-05-31 16:15:07,2012-05-31 08:15:07,310404000,9228198,ZCDF8,DIAMOND PRINCESS,58.85252,-136.5604,18.8,308.6
2012-05-31 16:16:51,2012-05-31 08:16:51,310404000,9228198,ZCDF8,DIAMOND PRINCESS,58.85802,-136.5736,18.5,308.6
2012-05-31 16:17:07,2012-05-31 08:17:07,310404000,9228198,ZCDF8,DIAMOND PRINCESS,58.85898,-136.5759,18.4,309.0
2012-05-31 16:18:02,2012-05-31 08:18:02,310404000,9228198,ZCDF8,DIAMOND PRINCESS,58.8618,-136.5827,18.1,308.6
2012-05-31 16:19:02,2012-05-31 08:19:02,310404000,9228198,ZCDF8,DIAMOND PRINCESS,58.86462,-136.5905,17.6,303.0
2012-05-31 16:20:08,2012-05-31 08:20:08,310404000,9228198,ZCDF8,DIAMOND PRINCESS,58.86718,-136.5993,17.2,297.3
2012-05-31 16:21:02,2012-05-31 08:21:02,310404000,9228198,ZCDF8,DIAMOND PRINCESS,58.86893,-136.6069,16.7,291.6
2012-05-31 16:22:03,2012-05-31 08:22:03,310404000,9228198,ZCDF8,DIAMOND PRINCESS,58.87048,-136.6153,16.4,287.6
2012-05-31 16:23:02,2012-05-31 08:23:02,310404000,9228198,ZCDF8,DIAMOND PRINCESS,58.8717,-136.6237,16.1,285.0
2012-05-31 16:24:08,2012-05-31 08:24:08,310404000,9228198,ZCDF8,DIAMOND PRINCESS,58.87286,-136.6328,15.7,284.0
2012-05-31 16:25:02,2012-05-31 08:25:02,310404000,9228198,ZCDF8,DIAMOND PRINCESS,58.87374,-136.64,15.2,284.0
2012-05-31 16:26:02,2012-05-31 08:26:02,310404000,9228198,ZCDF8,DIAMOND PRINCESS,58.87474,-136.6478,14.7,284.0
2012-05-31 16:27:01,2012-05-31 08:27:01,310404000,9228198,ZCDF8,DIAMOND PRINCESS,58.87559,-136.655,14.0,283.5
2012-05-31 16:28:01,2012-05-31 08:28:01,310404000,9228198,ZCDF8,DIAMOND PRINCESS,58.8765,-136.6621,13.3,282.7
2012-05-31 16:29:01,2012-05-31 08:29:01,310404000,9228198,ZCDF8,DIAMOND PRINCESS,58.87732,-136.6687,12.6,282.6
2012-05-31 16:30:01,2012-05-31 08:30:01,310404000,9228198,ZCDF8,DIAMOND PRINCESS,58.87809,-136.6752,11.9,283.0
2012-05-31 16:31:01,2012-05-31 08:31:01,310404000,9228198,ZCDF8,DIAMOND PRINCESS,58.87883,-136.6811,11.3,282.9
2012-05-31 16:32:02,2012-05-31 08:32:02,310404000,9228198,ZCDF8,DIAMOND PRINCESS,58.87951,-136.6869,10.8,282.9
2012-05-31 16:33:01,2012-05-31 08:33:01,310404000,9228198,ZCDF8,DIAMOND PRINCESS,58.8802,-136.6923,10.3,285.4
2012-05-31 16:34:01,2012-05-31 08:34:01,310404000,9228198,ZCDF8,DIAMOND PRINCESS,58.8809,-136.6975,9.9,283.8
2012-05-31 16:35:02,2012-05-31 08:35:02,310404000,9228198,ZCDF8,DIAMOND PRINCESS,58.88165,-136.7025,9.5,285.3
2012-05-31 16:36:02,2012-05-31 08:36:02,310404000,9228198,ZCDF8,DIAMOND PRINCESS,58.88235,-136.7074,9.2,285.6
2012-05-31 16:37:03,2012-05-31 08:37:03,310404000,9228198,ZCDF8,DIAMOND PRINCESS,58.88297,-136.7121,8.9,284.0
2012-05-31 16:38:03,2012-05-31 08:38:03,310404000,9228198,ZCDF8,DIAMOND PRINCESS,58.8835,-136.7167,8.7,280.9
2012-05-31 16:39:51,2012-05-31 08:39:51,310404000,9228198,ZCDF8,DIAMOND PRINCESS,58.8842,-136.7248,8.4,279.0
2012-05-31 16:40:11,2012-05-31 08:40:11,310404000,9228198,ZCDF8,DIAMOND PRINCESS,58.88432,-136.7262,8.4,279.0
2012-05-31 16:42:02,2012-05-31 08:42:02,310404000,9228198,ZCDF8,DIAMOND PRINCESS,58.88496,-136.7345,8.3,278.3
2012-05-31 17:42:22,2012-05-31 09:42:22,310404000,9228198,ZCDF8,DIAMOND PRINCESS,58.91556,-136.882,3.4,288.0
2012-05-31 18:48:32,2012-05-31 10:48:32,310404000,9228198,ZCDF8,DIAMOND PRINCESS,58.93259,-136.9018,11.8,5.0
2012-05-31 20:32:35,2012-05-31 12:32:35,310404000,9228198,ZCDF8,DIAMOND PRINCESS,59.01068,-136.987,12.6,149.0
2012-05-31 20:33:07,2012-05-31 12:33:07,310404000,9228198,ZCDF8,DIAMOND PRINCESS,59.00918,-136.9853,12.8,148.6
2012-05-31 20:34:17,2012-05-31 12:34:17,310404000,9228198,ZCDF8,DIAMOND PRINCESS,59.00552,-136.981,13.2,146.6
2012-05-31 20:35:16,2012-05-31 12:35:16,310404000,9228198,ZCDF8,DIAMOND PRINCESS,59.00252,-136.9769,13.6,144.0
2012-05-31 20:37:05,2012-05-31 12:37:05,310404000,9228198,ZCDF8,DIAMOND PRINCESS,58.99707,-136.9687,14.3,141.7
2012-05-31 20:38:27,2012-05-31 12:38:27,310404000,9228198,ZCDF8,DIAMOND PRINCESS,58.99253,-136.9619,14.8,141.8
2012-05-31 20:39:03,2012-05-31 12:39:03,310404000,9228198,ZCDF8,DIAMOND PRINCESS,58.99066,-136.959,15.0,141.8
2012-05-31 20:49:14,2012-05-31 12:49:14,310404000,9228198,ZCDF8,DIAMOND PRINCESS,58.95313,-136.9084,16.7,152.2
2012-05-31 20:51:08,2012-05-31 12:51:08,310404000,9228198,ZCDF8,DIAMOND PRINCESS,58.9453,-136.9011,16.4,155.0
2012-05-31 20:52:20,2012-05-31 12:52:20,310404000,9228198,ZCDF8,DIAMOND PRINCESS,58.94038,-136.8967,16.3,155.0
2012-05-31 20:53:02,2012-05-31 12:53:02,310404000,9228198,ZCDF8,DIAMOND PRINCESS,58.9375,-136.8941,16.3,156.0
2012-05-31 20:54:57,2012-05-31 12:54:57,310404000,9228198,ZCDF8,DIAMOND PRINCESS,58.92968,-136.8873,16.3,156.0
2012-05-31 20:55:20,2012-05-31 12:55:20,310404000,9228198,ZCDF8,DIAMOND PRINCESS,58.92811,-136.8859,16.2,156.0
2012-05-31 20:56:25,2012-05-31 12:56:25,310404000,9228198,ZCDF8,DIAMOND PRINCESS,58.92383,-136.8813,15.9,145.8
2012-05-31 20:57:33,2012-05-31 12:57:33,310404000,9228198,ZCDF8,DIAMOND PRINCESS,58.91988,-136.8757,15.8,144.0
2012-05-31 21:08:38,2012-05-31 13:08:38,310404000,9228198,ZCDF8,DIAMOND PRINCESS,58.89352,-136.7991,17.6,106.6
2012-05-31 21:13:03,2012-05-31 13:13:03,310404000,9228198,ZCDF8,DIAMOND PRINCESS,58.88727,-136.7584,18.1,104.7
2012-05-31 21:14:14,2012-05-31 13:14:14,310404000,9228198,ZCDF8,DIAMOND PRINCESS,58.88573,-136.7473,18.2,104.7
2012-05-31 21:16:02,2012-05-31 13:16:02,310404000,9228198,ZCDF8,DIAMOND PRINCESS,58.88337,-136.7303,18.3,104.7
2012-05-31 21:17:04,2012-05-31 13:17:04,310404000,9228198,ZCDF8,DIAMOND PRINCESS,58.88202,-136.7206,18.4,104.7
2012-05-31 21:18:03,2012-05-31 13:18:03,310404000,9228198,ZCDF8,DIAMOND PRINCESS,58.88068,-136.7111,18.4,105.0
2012-05-31 21:19:03,2012-05-31 13:19:03,310404000,9228198,ZCDF8,DIAMOND PRINCESS,58.87934,-136.7016,18.5,105.0
2012-05-31 21:20:03,2012-05-31 13:20:03,310404000,9228198,ZCDF8,DIAMOND PRINCESS,58.878,-136.692,18.6,104.7
2012-05-31 21:21:03,2012-05-31 13:21:03,310404000,9228198,ZCDF8,DIAMOND PRINCESS,58.87666,-136.6825,18.7,104.7
2012-05-31 21:22:03,2012-05-31 13:22:03,310404000,9228198,ZCDF8,DIAMOND PRINCESS,58.87526,-136.6726,18.7,104.7
2012-05-31 21:23:04,2012-05-31 13:23:04,310404000,9228198,ZCDF8,DIAMOND PRINCESS,58.87386,-136.6628,18.7,104.7
2012-05-31 21:24:03,2012-05-31 13:24:03,310404000,9228198,ZCDF8,DIAMOND PRINCESS,58.87252,-136.6533,18.8,104.7
2012-05-31 21:25:04,2012-05-31 13:25:04,310404000,9228198,ZCDF8,DIAMOND PRINCESS,58.87104,-136.6435,18.8,107.7
2012-05-31 21:26:04,2012-05-31 13:26:04,310404000,9228198,ZCDF8,DIAMOND PRINCESS,58.86928,-136.6342,18.8,110.7
2012-05-31 21:27:03,2012-05-31 13:27:03,310404000,9228198,ZCDF8,DIAMOND PRINCESS,58.86741,-136.6248,18.8,110.7
2012-05-31 21:28:04,2012-05-31 13:28:04,310404000,9228198,ZCDF8,DIAMOND PRINCESS,58.86548,-136.6155,18.8,112.7
2012-05-31 21:29:02,2012-05-31 13:29:02,310404000,9228198,ZCDF8,DIAMOND PRINCESS,58.86327,-136.6066,18.8,116.8
2012-05-31 21:30:02,2012-05-31 13:30:02,310404000,9228198,ZCDF8,DIAMOND PRINCESS,58.86072,-136.5976,18.8,118.7
2012-05-31 21:31:02,2012-05-31 13:31:02,310404000,9228198,ZCDF8,DIAMOND PRINCESS,58.85819,-136.589,18.8,120.0
2012-05-31 21:32:04,2012-05-31 13:32:04,310404000,9228198,ZCDF8,DIAMOND PRINCESS,58.85557,-136.5802,18.9,120.4
2012-05-31 21:33:02,2012-05-31 13:33:02,310404000,9228198,ZCDF8,DIAMOND PRINCESS,58.85265,-136.5719,18.8,125.1
2012-05-31 21:34:02,2012-05-31 13:34:02,310404000,9228198,ZCDF8,DIAMOND PRINCESS,58.84957,-136.5637,18.9,125.7
2012-05-31 21:35:03,2012-05-31 13:35:03,310404000,9228198,ZCDF8,DIAMOND PRINCESS,58.84642,-136.5555,18.9,126.0
2012-05-31 21:36:03,2012-05-31 13:36:03,310404000,9228198,ZCDF8,DIAMOND PRINCESS,58.84335,-136.5474,19.0,126.6
2012-05-31 21:37:02,2012-05-31 13:37:02,310404000,9228198,ZCDF8,DIAMOND PRINCESS,58.84018,-136.5391,19.0,125.7
2012-05-31 21:38:04,2012-05-31 13:38:04,310404000,9228198,ZCDF8,DIAMOND PRINCESS,58.83709,-136.5311,19.1,126.1
2012-05-31 21:39:02,2012-05-31 13:39:02,310404000,9228198,ZCDF8,DIAMOND PRINCESS,58.8339,-136.5227,19.1,127.0
2012-05-31 21:40:02,2012-05-31 13:40:02,310404000,9228198,ZCDF8,DIAMOND PRINCESS,58.83079,-136.5147,19.1,127.0
2012-05-31 21:41:02,2012-05-31 13:41:02,310404000,9228198,ZCDF8,DIAMOND PRINCESS,58.82762,-136.5065,19.1,127.0
2012-05-31 21:42:02,2012-05-31 13:42:02,310404000,9228198,ZCDF8,DIAMOND PRINCESS,58.82445,-136.4983,19.1,127.0
2012-05-31 21:43:02,2012-05-31 13:43:02,310404000,9228198,ZCDF8,DIAMOND PRINCESS,58.82125,-136.4901,19.2,127.0
2012-05-31 21:44:03,2012-05-31 13:44:03,310404000,9228198,ZCDF8,DIAMOND PRINCESS,58.81799,-136.4818,19.2,127.0
2012-05-31 21:45:05,2012-05-31 13:45:05,310404000,9228198,ZCDF8,DIAMOND PRINCESS,58.81485,-136.4737,19.2,127.0
2012-05-31 21:46:03,2012-05-31 13:46:03,310404000,9228198,ZCDF8,DIAMOND PRINCESS,58.8116,-136.4654,19.2,126.7
2012-05-31 21:47:03,2012-05-31 13:47:03,310404000,9228198,ZCDF8,DIAMOND PRINCESS,58.80842,-136.4572,19.2,127.0
2012-05-31 21:48:04,2012-05-31 13:48:04,310404000,9228198,ZCDF8,DIAMOND PRINCESS,58.80525,-136.449,19.2,127.0
2012-05-31 21:49:03,2012-05-31 13:49:03,310404000,9228198,ZCDF8,DIAMOND PRINCESS,58.80206,-136.4408,19.2,126.7
2012-05-31 21:50:03,2012-05-31 13:50:03,310404000,9228198,ZCDF8,DIAMOND PRINCESS,58.79893,-136.4327,19.2,126.7
2012-05-31 21:51:02,2012-05-31 13:51:02,310404000,9228198,ZCDF8,DIAMOND PRINCESS,58.79574,-136.4245,19.2,126.7
2012-05-31 21:52:02,2012-05-31 13:52:02,310404000,9228198,ZCDF8,DIAMOND PRINCESS,58.79251,-136.4162,19.2,127.0
2012-05-31 21:53:02,2012-05-31 13:53:02,310404000,9228198,ZCDF8,DIAMOND PRINCESS,58.7894,-136.4081,19.2,125.8
2012-05-31 21:54:02,2012-05-31 13:54:02,310404000,9228198,ZCDF8,DIAMOND PRINCESS,58.78625,-136.3999,19.2,125.8
2012-05-31 21:55:03,2012-05-31 13:55:03,310404000,9228198,ZCDF8,DIAMOND PRINCESS,58.78304,-136.3914,19.2,125.8
2012-05-31 21:56:03,2012-05-31 13:56:03,310404000,9228198,ZCDF8,DIAMOND PRINCESS,58.77991,-136.3832,19.2,125.8
2012-05-31 21:57:03,2012-05-31 13:57:03,310404000,9228198,ZCDF8,DIAMOND PRINCESS,58.77675,-136.375,19.2,125.8
2012-05-31 21:58:03,2012-05-31 13:58:03,310404000,9228198,ZCDF8,DIAMOND PRINCESS,58.7736,-136.3667,19.2,126.7
2012-05-31 21:59:03,2012-05-31 13:59:03,310404000,9228198,ZCDF8,DIAMOND PRINCESS,58.77044,-136.3585,19.2,125.8
2012-05-31 22:00:03,2012-05-31 14:00:03,310404000,9228198,ZCDF8,DIAMOND PRINCESS,58.76733,-136.3504,19.2,127.0
2012-05-31 22:01:05,2012-05-31 14:01:05,310404000,9228198,ZCDF8,DIAMOND PRINCESS,58.7641,-136.3421,19.2,127.0
2012-05-31 22:02:03,2012-05-31 14:02:03,310404000,9228198,ZCDF8,DIAMOND PRINCESS,58.76096,-136.3339,19.2,125.8
2012-05-31 22:03:03,2012-05-31 14:03:03,310404000,9228198,ZCDF8,DIAMOND PRINCESS,58.75786,-136.3258,19.2,125.8
2012-05-31 22:04:03,2012-05-31 14:04:03,310404000,9228198,ZCDF8,DIAMOND PRINCESS,58.75464,-136.3174,19.2,126.7
2012-05-31 22:05:02,2012-05-31 14:05:02,310404000,9228198,ZCDF8,DIAMOND PRINCESS,58.75153,-136.3092,19.3,125.8
2012-05-31 22:06:03,2012-05-31 14:06:03,310404000,9228198,ZCDF8,DIAMOND PRINCESS,58.74837,-136.3009,19.3,125.8
2012-05-31 22:07:08,2012-05-31 14:07:08,310404000,9228198,ZCDF8,DIAMOND PRINCESS,58.74485,-136.2916,19.3,125.5
2012-05-31 22:08:03,2012-05-31 14:08:03,310404000,9228198,ZCDF8,DIAMOND PRINCESS,58.7421,-136.2843,19.3,125.8
2012-05-31 22:09:02,2012-05-31 14:09:02,310404000,9228198,ZCDF8,DIAMOND PRINCESS,58.73886,-136.2761,19.2,129.3
2012-05-31 22:10:02,2012-05-31 14:10:02,310404000,9228198,ZCDF8,DIAMOND PRINCESS,58.7353,-136.2686,19.1,134.0
2012-05-31 22:11:02,2012-05-31 14:11:02,310404000,9228198,ZCDF8,DIAMOND PRINCESS,58.73151,-136.2616,18.8,137.5
2012-05-31 22:12:02,2012-05-31 14:12:02,310404000,9228198,ZCDF8,DIAMOND PRINCESS,58.72762,-136.2551,18.4,139.5
2012-05-31 22:13:02,2012-05-31 14:13:02,310404000,9228198,ZCDF8,DIAMOND PRINCESS,58.72375,-136.2489,18.1,139.7
2012-05-31 22:14:02,2012-05-31 14:14:02,310404000,9228198,ZCDF8,DIAMOND PRINCESS,58.71996,-136.2427,17.7,139.7
2012-05-31 22:15:02,2012-05-31 14:15:02,310404000,9228198,ZCDF8,DIAMOND PRINCESS,58.71624,-136.2367,17.4,139.6
2012-05-31 22:16:03,2012-05-31 14:16:03,310404000,9228198,ZCDF8,DIAMOND PRINCESS,58.71253,-136.2307,17.1,139.6
2012-05-31 22:17:03,2012-05-31 14:17:03,310404000,9228198,ZCDF8,DIAMOND PRINCESS,58.70892,-136.2249,16.8,139.9
2012-05-31 22:18:04,2012-05-31 14:18:04,310404000,9228198,ZCDF8,DIAMOND PRINCESS,58.70547,-136.2194,16.4,139.9
2012-05-31 22:19:03,2012-05-31 14:19:03,310404000,9228198,ZCDF8,DIAMOND PRINCESS,58.70198,-136.2138,16.0,139.8
2012-05-31 22:20:04,2012-05-31 14:20:04,310404000,9228198,ZCDF8,DIAMOND PRINCESS,58.69867,-136.2085,15.7,139.8
2012-05-31 22:21:03,2012-05-31 14:21:03,310404000,9228198,ZCDF8,DIAMOND PRINCESS,58.69532,-136.2032,15.2,140.8
2012-05-31 22:22:03,2012-05-31 14:22:03,310404000,9228198,ZCDF8,DIAMOND PRINCESS,58.69215,-136.1982,15.0,140.8
2012-05-31 22:23:03,2012-05-31 14:23:03,310404000,9228198,ZCDF8,DIAMOND PRINCESS,58.6889,-136.1931,14.8,140.8
2012-05-31 22:24:03,2012-05-31 14:24:03,310404000,9228198,ZCDF8,DIAMOND PRINCESS,58.68577,-136.1882,14.5,140.8
2012-05-31 22:25:02,2012-05-31 14:25:02,310404000,9228198,ZCDF8,DIAMOND PRINCESS,58.68274,-136.1834,14.2,140.7
2012-05-31 22:26:03,2012-05-31 14:26:03,310404000,9228198,ZCDF8,DIAMOND PRINCESS,58.67971,-136.1787,14.0,140.7
2012-05-31 22:27:09,2012-05-31 14:27:09,310404000,9228198,ZCDF8,DIAMOND PRINCESS,58.67638,-136.1734,13.8,139.5
2012-05-31 22:28:02,2012-05-31 14:28:02,310404000,9228198,ZCDF8,DIAMOND PRINCESS,58.67377,-136.1694,13.6,140.7
2012-05-31 22:29:03,2012-05-31 14:29:03,310404000,9228198,ZCDF8,DIAMOND PRINCESS,58.67083,-136.1647,13.4,140.7
2012-05-31 22:30:07,2012-05-31 14:30:07,310404000,9228198,ZCDF8,DIAMOND PRINCESS,58.66783,-136.16,13.3,140.7
2012-05-31 22:31:07,2012-05-31 14:31:07,310404000,9228198,ZCDF8,DIAMOND PRINCESS,58.66494,-136.1555,13.2,140.6
2012-05-31 22:32:07,2012-05-31 14:32:07,310404000,9228198,ZCDF8,DIAMOND PRINCESS,58.66211,-136.151,13.2,140.6
2012-05-31 22:33:07,2012-05-31 14:33:07,310404000,9228198,ZCDF8,DIAMOND PRINCESS,58.65937,-136.1467,13.1,139.8
2012-05-31 22:34:17,2012-05-31 14:34:17,310404000,9228198,ZCDF8,DIAMOND PRINCESS,58.65605,-136.1414,13.1,139.8
2012-05-31 22:35:07,2012-05-31 14:35:07,310404000,9228198,ZCDF8,DIAMOND PRINCESS,58.65377,-136.1377,13.1,139.8
2012-05-31 22:36:06,2012-05-31 14:36:06,310404000,9228198,ZCDF8,DIAMOND PRINCESS,58.65098,-136.1333,13.1,139.3
2012-05-31 22:37:06,2012-05-31 14:37:06,310404000,9228198,ZCDF8,DIAMOND PRINCESS,58.64804,-136.1291,13.0,143.3
2012-05-31 22:38:06,2012-05-31 14:38:06,310404000,9228198,ZCDF8,DIAMOND PRINCESS,58.64515,-136.1251,13.0,143.7
2012-05-31 22:39:06,2012-05-31 14:39:06,310404000,9228198,ZCDF8,DIAMOND PRINCESS,58.64219,-136.1211,13.1,144.6
2012-05-31 22:40:06,2012-05-31 14:40:06,310404000,9228198,ZCDF8,DIAMOND PRINCESS,58.63923,-136.1171,13.0,146.1
2012-05-31 22:41:06,2012-05-31 14:41:06,310404000,9228198,ZCDF8,DIAMOND PRINCESS,58.6362,-136.1134,13.0,147.6
2012-05-31 22:42:06,2012-05-31 14:42:06,310404000,9228198,ZCDF8,DIAMOND PRINCESS,58.63314,-136.1097,13.0,146.6
2012-05-31 22:43:06,2012-05-31 14:43:06,310404000,9228198,ZCDF8,DIAMOND PRINCESS,58.63017,-136.1058,13.0,144.4
2012-05-31 22:44:08,2012-05-31 14:44:08,310404000,9228198,ZCDF8,DIAMOND PRINCESS,58.6272,-136.1015,13.0,142.0
2012-05-31 22:45:08,2012-05-31 14:45:08,310404000,9228198,ZCDF8,DIAMOND PRINCESS,58.62438,-136.0975,13.0,144.1
2012-05-31 22:46:08,2012-05-31 14:46:08,310404000,9228198,ZCDF8,DIAMOND PRINCESS,58.6213,-136.0937,13.0,149.1
2012-05-31 22:47:08,2012-05-31 14:47:08,310404000,9228198,ZCDF8,DIAMOND PRINCESS,58.61819,-136.0905,13.0,152.6
2012-05-31 22:48:08,2012-05-31 14:48:08,310404000,9228198,ZCDF8,DIAMOND PRINCESS,58.61491,-136.0878,12.9,159.1
2012-05-31 22:49:08,2012-05-31 14:49:08,310404000,9228198,ZCDF8,DIAMOND PRINCESS,58.61148,-136.0853,13.0,160.0
2012-05-31 22:50:08,2012-05-31 14:50:08,310404000,9228198,ZCDF8,DIAMOND PRINCESS,58.60815,-136.083,13.0,160.5
2012-05-31 22:51:07,2012-05-31 14:51:07,310404000,9228198,ZCDF8,DIAMOND PRINCESS,58.6047,-136.081,13.0,163.6
2012-05-31 22:52:16,2012-05-31 14:52:16,310404000,9228198,ZCDF8,DIAMOND PRINCESS,58.60122,-136.0792,13.0,164.5
2012-05-31 22:53:08,2012-05-31 14:53:08,310404000,9228198,ZCDF8,DIAMOND PRINCESS,58.5977,-136.0774,13.1,167.4
2012-05-31 22:54:07,2012-05-31 14:54:07,310404000,9228198,ZCDF8,DIAMOND PRINCESS,58.59412,-136.0758,13.3,167.0
2012-05-31 22:55:06,2012-05-31 14:55:06,310404000,9228198,ZCDF8,DIAMOND PRINCESS,58.59059,-136.0742,13.4,167.0
2012-05-31 22:56:07,2012-05-31 14:56:07,310404000,9228198,ZCDF8,DIAMOND PRINCESS,58.58703,-136.0727,13.4,169.4
2012-05-31 22:57:06,2012-05-31 14:57:06,310404000,9228198,ZCDF8,DIAMOND PRINCESS,58.58332,-136.0714,13.4,170.0
2012-05-31 22:58:06,2012-05-31 14:58:06,310404000,9228198,ZCDF8,DIAMOND PRINCESS,58.57967,-136.0702,13.4,171.0
2012-05-31 22:59:06,2012-05-31 14:59:06,310404000,9228198,ZCDF8,DIAMOND PRINCESS,58.57598,-136.0692,13.5,172.8
2012-05-31 23:00:06,2012-05-31 15:00:06,310404000,9228198,ZCDF8,DIAMOND PRINCESS,58.57227,-136.0683,13.5,172.8
2012-05-31 23:01:01,2012-05-31 15:01:01,310404000,9228198,ZCDF8,DIAMOND PRINCESS,58.56925,-136.0676,13.5,172.8
2012-05-31 23:02:07,2012-05-31 15:02:07,310404000,9228198,ZCDF8,DIAMOND PRINCESS,58.56485,-136.0665,13.5,172.8
2012-05-31 23:03:07,2012-05-31 15:03:07,310404000,9228198,ZCDF8,DIAMOND PRINCESS,58.56109,-136.0654,13.5,172.0
2012-05-31 23:04:07,2012-05-31 15:04:07,310404000,9228198,ZCDF8,DIAMOND PRINCESS,58.55741,-136.0646,13.6,175.1
2012-05-31 23:05:07,2012-05-31 15:05:07,310404000,9228198,ZCDF8,DIAMOND PRINCESS,58.55365,-136.0644,13.6,178.7
2012-05-31 23:06:07,2012-05-31 15:06:07,310404000,9228198,ZCDF8,DIAMOND PRINCESS,58.54985,-136.0643,13.7,178.7
2012-05-31 23:07:07,2012-05-31 15:07:07,310404000,9228198,ZCDF8,DIAMOND PRINCESS,58.54606,-136.0643,13.6,180.0
2012-05-31 23:08:09,2012-05-31 15:08:09,310404000,9228198,ZCDF8,DIAMOND PRINCESS,58.54222,-136.0643,13.6,180.0
2012-05-31 23:09:08,2012-05-31 15:09:08,310404000,9228198,ZCDF8,DIAMOND PRINCESS,58.53848,-136.0643,13.5,180.0
2012-05-31 23:10:08,2012-05-31 15:10:08,310404000,9228198,ZCDF8,DIAMOND PRINCESS,58.53474,-136.0643,13.5,179.1
2012-05-31 23:11:09,2012-05-31 15:11:09,310404000,9228198,ZCDF8,DIAMOND PRINCESS,58.53102,-136.0641,13.5,178.1
2012-05-31 23:12:06,2012-05-31 15:12:06,310404000,9228198,ZCDF8,DIAMOND PRINCESS,58.52734,-136.0639,13.5,177.7
2012-05-31 23:13:07,2012-05-31 15:13:07,310404000,9228198,ZCDF8,DIAMOND PRINCESS,58.52364,-136.0636,13.6,177.7
2012-05-31 23:14:07,2012-05-31 15:14:07,310404000,9228198,ZCDF8,DIAMOND PRINCESS,58.5198,-136.0633,13.8,178.0
2012-05-31 23:15:07,2012-05-31 15:15:07,310404000,9228198,ZCDF8,DIAMOND PRINCESS,58.51596,-136.063,14.0,176.7
2012-05-31 23:16:03,2012-05-31 15:16:03,310404000,9228198,ZCDF8,DIAMOND PRINCESS,58.51229,-136.0627,14.3,177.5
2012-05-31 23:17:03,2012-05-31 15:17:03,310404000,9228198,ZCDF8,DIAMOND PRINCESS,58.50829,-136.0623,14.6,175.6
2012-05-31 23:18:03,2012-05-31 15:18:03,310404000,9228198,ZCDF8,DIAMOND PRINCESS,58.50421,-136.0616,14.9,174.3
2012-05-31 23:19:03,2012-05-31 15:19:03,310404000,9228198,ZCDF8,DIAMOND PRINCESS,58.50012,-136.0604,15.0,169.7
2012-05-31 23:20:03,2012-05-31 15:20:03,310404000,9228198,ZCDF8,DIAMOND PRINCESS,58.49597,-136.0586,15.1,165.8
2012-05-31 23:21:03,2012-05-31 15:21:03,310404000,9228198,ZCDF8,DIAMOND PRINCESS,58.49203,-136.0563,15.1,161.8
2012-05-31 23:22:03,2012-05-31 15:22:03,310404000,9228198,ZCDF8,DIAMOND PRINCESS,58.48808,-136.0535,15.3,158.4
2012-05-31 23:23:03,2012-05-31 15:23:03,310404000,9228198,ZCDF8,DIAMOND PRINCESS,58.48417,-136.0503,15.4,155.8
2012-05-31 23:24:04,2012-05-31 15:24:04,310404000,9228198,ZCDF8,DIAMOND PRINCESS,58.48024,-136.047,15.5,155.8
2012-05-31 23:25:03,2012-05-31 15:25:03,310404000,9228198,ZCDF8,DIAMOND PRINCESS,58.4763,-136.0435,15.5,153.8
2012-05-31 23:26:03,2012-05-31 15:26:03,310404000,9228198,ZCDF8,DIAMOND PRINCESS,58.47253,-136.04,15.3,154.2
2012-05-31 23:27:02,2012-05-31 15:27:02,310404000,9228198,ZCDF8,DIAMOND PRINCESS,58.46875,-136.0364,15.3,153.7
2012-05-31 23:28:02,2012-05-31 15:28:02,310404000,9228198,ZCDF8,DIAMOND PRINCESS,58.46503,-136.0328,15.1,153.0
2012-05-31 23:29:03,2012-05-31 15:29:03,310404000,9228198,ZCDF8,DIAMOND PRINCESS,58.46132,-136.0291,14.7,153.1
2012-05-31 23:30:08,2012-05-31 15:30:08,310404000,9228198,ZCDF8,DIAMOND PRINCESS,58.45746,-136.0253,14.2,152.8
2012-05-31 23:31:03,2012-05-31 15:31:03,310404000,9228198,ZCDF8,DIAMOND PRINCESS,58.45436,-136.0222,13.4,151.4
2012-05-31 23:32:03,2012-05-31 15:32:03,310404000,9228198,ZCDF8,DIAMOND PRINCESS,58.45128,-136.0188,12.6,149.9
2012-05-31 23:33:03,2012-05-31 15:33:03,310404000,9228198,ZCDF8,DIAMOND PRINCESS,58.44842,-136.0157,11.7,149.8
2012-05-31 23:34:28,2012-05-31 15:34:28,310404000,9228198,ZCDF8,DIAMOND PRINCESS,58.44296,-136.0098,10.1,151.2
2012-05-31 23:35:08,2012-05-31 15:35:08,310404000,9228198,ZCDF8,DIAMOND PRINCESS,58.44136,-136.0082,9.7,150.9
2012-05-31 23:36:08,2012-05-31 15:36:08,310404000,9228198,ZCDF8,DIAMOND PRINCESS,58.43911,-136.0059,9.0,150.7
2012-05-31 23:37:07,2012-05-31 15:37:07,310404000,9228198,ZCDF8,DIAMOND PRINCESS,58.43699,-136.0037,8.6,151.7
2012-05-31 23:38:08,2012-05-31 15:38:08,310404000,9228198,ZCDF8,DIAMOND PRINCESS,58.43494,-136.0016,8.2,154.2
2012-05-31 23:39:07,2012-05-31 15:39:07,310404000,9228198,ZCDF8,DIAMOND PRINCESS,58.43289,-136.0,8.0,156.8
2012-05-31 23:40:08,2012-05-31 15:40:08,310404000,9228198,ZCDF8,DIAMOND PRINCESS,58.43091,-135.9984,7.7,157.9
2012-05-31 23:41:07,2012-05-31 15:41:07,310404000,9228198,ZCDF8,DIAMOND PRINCESS,58.4289,-135.9968,8.1,156.4
2012-05-31 23:42:07,2012-05-31 15:42:07,310404000,9228198,ZCDF8,DIAMOND PRINCESS,58.4267,-135.995,9.0,156.2
2012-05-31 23:43:07,2012-05-31 15:43:07,310404000,9228198,ZCDF8,DIAMOND PRINCESS,58.42424,-135.993,10.0,155.5
2012-05-31 23:44:07,2012-05-31 15:44:07,310404000,9228198,ZCDF8,DIAMOND PRINCESS,58.42162,-135.9906,10.8,155.4
2012-05-31 23:45:07,2012-05-31 15:45:07,310404000,9228198,ZCDF8,DIAMOND PRINCESS,58.41868,-135.9885,11.6,160.0
2012-05-31 23:46:08,2012-05-31 15:46:08,310404000,9228198,ZCDF8,DIAMOND PRINCESS,58.41541,-135.9867,12.4,164.6
2012-05-31 23:47:07,2012-05-31 15:47:07,310404000,9228198,ZCDF8,DIAMOND PRINCESS,58.41198,-135.9854,13.1,171.2
2012-05-31 23:48:07,2012-05-31 15:48:07,310404000,9228198,ZCDF8,DIAMOND PRINCESS,58.40818,-135.9845,13.8,172.9
2012-05-31 23:49:02,2012-05-31 15:49:02,310404000,9228198,ZCDF8,DIAMOND PRINCESS,58.40468,-135.9837,14.4,174.2
2012-05-31 23:50:02,2012-05-31 15:50:02,310404000,9228198,ZCDF8,DIAMOND PRINCESS,58.4006,-135.9828,15.0,173.0
2012-05-31 23:51:02,2012-05-31 15:51:02,310404000,9228198,ZCDF8,DIAMOND PRINCESS,58.39645,-135.9818,15.6,174.0
2012-05-31 23:52:02,2012-05-31 15:52:02,310404000,9228198,ZCDF8,DIAMOND PRINCESS,58.39199,-135.9813,16.0,178.7
2012-05-31 23:52:21,2012-05-31 15:52:21,310404000,9228198,ZCDF8,DIAMOND PRINCESS,58.39064,-135.9814,16.2,179.6
2012-05-31 23:53:02,2012-05-31 15:53:02,310404000,9228198,ZCDF8,DIAMOND PRINCESS,58.38753,-135.9817,16.5,184.4
2012-05-31 23:54:03,2012-05-31 15:54:03,310404000,9228198,ZCDF8,DIAMOND PRINCESS,58.38289,-135.9831,16.8,191.2
2012-05-31 23:55:02,2012-05-31 15:55:02,310404000,9228198,ZCDF8,DIAMOND PRINCESS,58.37833,-135.9854,17.2,197.3
2012-05-31 23:56:03,2012-05-31 15:56:03,310404000,9228198,ZCDF8,DIAMOND PRINCESS,58.37378,-135.9887,17.7,203.4
2012-05-31 23:57:03,2012-05-31 15:57:03,310404000,9228198,ZCDF8,DIAMOND PRINCESS,58.36937,-135.9929,17.9,209.5
2012-05-31 23:58:03,2012-05-31 15:58:03,310404000,9228198,ZCDF8,DIAMOND PRINCESS,58.36518,-135.998,18.1,215.6
2012-05-31 23:59:03,2012-05-31 15:59:03,310404000,9228198,ZCDF8,DIAMOND PRINCESS,58.36135,-136.0042,18.2,222.6
2012-06-01 00:00:03,2012-05-31 16:00:03,310404000,9228198,ZCDF8,DIAMOND PRINCESS,58.35796,-136.0113,18.1,229.9
2012-06-01 00:01:03,2012-05-31 16:01:03,310404000,9228198,ZCDF8,DIAMOND PRINCESS,58.355,-136.0189,17.9,234.4
2012-06-01 00:02:02,2012-05-31 16:02:02,310404000,9228198,ZCDF8,DIAMOND PRINCESS,58.35223,-136.0266,18.0,236.0
2012-06-01 00:03:02,2012-05-31 16:03:02,310404000,9228198,ZCDF8,DIAMOND PRINCESS,58.34939,-136.0347,18.2,237.0
2012-06-01 00:04:02,2012-05-31 16:04:02,310404000,9228198,ZCDF8,DIAMOND PRINCESS,58.34663,-136.0426,18.5,236.7
2012-06-01 00:05:03,2012-05-31 16:05:03,310404000,9228198,ZCDF8,DIAMOND PRINCESS,58.34407,-136.0513,18.7,243.4
2012-06-01 00:06:03,2012-05-31 16:06:03,310404000,9228198,ZCDF8,DIAMOND PRINCESS,58.3419,-136.0603,18.8,246.3
2012-06-01 00:07:03,2012-05-31 16:07:03,310404000,9228198,ZCDF8,DIAMOND PRINCESS,58.33998,-136.0694,18.9,247.5
2012-06-01 00:08:02,2012-05-31 16:08:02,310404000,9228198,ZCDF8,DIAMOND PRINCESS,58.33799,-136.0788,19.3,247.7
2012-06-01 00:09:02,2012-05-31 16:09:02,310404000,9228198,ZCDF8,DIAMOND PRINCESS,58.33602,-136.0882,19.4,248.4
2012-06-01 00:10:02,2012-05-31 16:10:02,310404000,9228198,ZCDF8,DIAMOND PRINCESS,58.33403,-136.0977,19.5,247.4
2012-06-01 00:11:02,2012-05-31 16:11:02,310404000,9228198,ZCDF8,DIAMOND PRINCESS,58.33189,-136.1071,19.6,246.0
2012-06-01 00:12:02,2012-05-31 16:12:02,310404000,9228198,ZCDF8,DIAMOND PRINCESS,58.32961,-136.1166,19.8,244.9
2012-06-01 00:13:03,2012-05-31 16:13:03,310404000,9228198,ZCDF8,DIAMOND PRINCESS,58.32742,-136.1261,20.0,246.4
2012-06-01 00:14:03,2012-05-31 16:14:03,310404000,9228198,ZCDF8,DIAMOND PRINCESS,58.32519,-136.1359,20.0,246.7
2012-06-01 00:15:03,2012-05-31 16:15:03,310404000,9228198,ZCDF8,DIAMOND PRINCESS,58.32306,-136.1455,20.0,246.7
2012-06-01 00:16:02,2012-05-31 16:16:02,310404000,9228198,ZCDF8,DIAMOND PRINCESS,58.32091,-136.1553,20.0,248.2
2012-06-01 00:17:03,2012-05-31 16:17:03,310404000,9228198,ZCDF8,DIAMOND PRINCESS,58.31887,-136.1651,19.9,248.8
2012-06-01 00:18:04,2012-05-31 16:18:04,310404000,9228198,ZCDF8,DIAMOND PRINCESS,58.31691,-136.1749,19.8,249.2
2012-06-01 00:19:03,2012-05-31 16:19:03,310404000,9228198,ZCDF8,DIAMOND PRINCESS,58.31509,-136.1845,19.8,250.7
2012-06-01 00:20:03,2012-05-31 16:20:03,310404000,9228198,ZCDF8,DIAMOND PRINCESS,58.31327,-136.1945,19.6,250.7
2012-06-01 00:21:03,2012-05-31 16:21:03,310404000,9228198,ZCDF8,DIAMOND PRINCESS,58.31152,-136.2042,19.4,251.0
2012-06-01 00:22:03,2012-05-31 16:22:03,310404000,9228198,ZCDF8,DIAMOND PRINCESS,58.3098,-136.2139,19.3,250.7
2012-06-01 00:23:03,2012-05-31 16:23:03,310404000,9228198,ZCDF8,DIAMOND PRINCESS,58.30819,-136.2236,19.4,254.0
2012-06-01 00:24:04,2012-05-31 16:24:04,310404000,9228198,ZCDF8,DIAMOND PRINCESS,58.30683,-136.2333,19.4,254.7
2012-06-01 00:25:02,2012-05-31 16:25:02,310404000,9228198,ZCDF8,DIAMOND PRINCESS,58.30545,-136.2432,19.5,255.0
2012-06-01 00:26:03,2012-05-31 16:26:03,310404000,9228198,ZCDF8,DIAMOND PRINCESS,58.30405,-136.253,19.5,255.0
2012-06-01 00:27:02,2012-05-31 16:27:02,310404000,9228198,ZCDF8,DIAMOND PRINCESS,58.30264,-136.2631,19.5,255.4
2012-06-01 00:28:02,2012-05-31 16:28:02,310404000,9228198,ZCDF8,DIAMOND PRINCESS,58.30125,-136.2729,19.5,255.0
2012-06-01 00:29:02,2012-05-31 16:29:02,310404000,9228198,ZCDF8,DIAMOND PRINCESS,58.29976,-136.2829,19.5,253.8
2012-06-01 00:30:03,2012-05-31 16:30:03,310404000,9228198,ZCDF8,DIAMOND PRINCESS,58.29834,-136.2927,19.6,254.7
2012-06-01 00:31:03,2012-05-31 16:31:03,310404000,9228198,ZCDF8,DIAMOND PRINCESS,58.29689,-136.3028,19.6,255.0
2012-06-01 00:32:03,2012-05-31 16:32:03,310404000,9228198,ZCDF8,DIAMOND PRINCESS,58.29549,-136.3126,19.5,255.0
2012-06-01 00:33:03,2012-05-31 16:33:03,310404000,9228198,ZCDF8,DIAMOND PRINCESS,58.29399,-136.3226,19.4,254.1
2012-06-01 00:34:03,2012-05-31 16:34:03,310404000,9228198,ZCDF8,DIAMOND PRINCESS,58.29258,-136.3324,19.5,254.7
2012-06-01 00:35:03,2012-05-31 16:35:03,310404000,9228198,ZCDF8,DIAMOND PRINCESS,58.29112,-136.3423,19.5,254.7
2012-06-01 00:36:02,2012-05-31 16:36:02,310404000,9228198,ZCDF8,DIAMOND PRINCESS,58.28973,-136.3522,19.4,255.1
2012-06-01 00:37:02,2012-05-31 16:37:02,310404000,9228198,ZCDF8,DIAMOND PRINCESS,58.28833,-136.3621,19.4,254.4
2012-06-01 00:38:03,2012-05-31 16:38:03,310404000,9228198,ZCDF8,DIAMOND PRINCESS,58.28688,-136.3717,19.3,253.5
2012-06-01 00:39:03,2012-05-31 16:39:03,310404000,9228198,ZCDF8,DIAMOND PRINCESS,58.28539,-136.3815,19.1,253.8
2012-06-01 00:40:02,2012-05-31 16:40:02,310404000,9228198,ZCDF8,DIAMOND PRINCESS,58.2839,-136.391,18.9,252.3
2012-06-01 00:41:02,2012-05-31 16:41:02,310404000,9228198,ZCDF8,DIAMOND PRINCESS,58.28189,-136.4002,18.4,245.3
2012-06-01 00:42:03,2012-05-31 16:42:03,310404000,9228198,ZCDF8,DIAMOND PRINCESS,58.2794,-136.4085,17.6,238.0
2012-06-01 00:43:03,2012-05-31 16:43:03,310404000,9228198,ZCDF8,DIAMOND PRINCESS,58.27675,-136.4158,16.4,235.0
2012-06-01 00:44:06,2012-05-31 16:44:06,310404000,9228198,ZCDF8,DIAMOND PRINCESS,58.27409,-136.4222,14.8,230.2
2012-06-01 00:45:03,2012-05-31 16:45:03,310404000,9228198,ZCDF8,DIAMOND PRINCESS,58.2713,-136.4274,13.8,222.3
2012-06-01 00:46:03,2012-05-31 16:46:03,310404000,9228198,ZCDF8,DIAMOND PRINCESS,58.26836,-136.4317,13.1,214.4
2012-06-01 00:47:03,2012-05-31 16:47:03,310404000,9228198,ZCDF8,DIAMOND PRINCESS,58.26534,-136.435,12.3,208.2
2012-06-01 00:48:03,2012-05-31 16:48:03,310404000,9228198,ZCDF8,DIAMOND PRINCESS,58.26249,-136.438,11.4,209.5
2012-06-01 00:49:06,2012-05-31 16:49:06,310404000,9228198,ZCDF8,DIAMOND PRINCESS,58.25992,-136.4413,10.4,215.8
2012-06-01 00:50:06,2012-05-31 16:50:06,310404000,9228198,ZCDF8,DIAMOND PRINCESS,58.25787,-136.4449,9.7,225.6
2012-06-01 00:51:06,2012-05-31 16:51:06,310404000,9228198,ZCDF8,DIAMOND PRINCESS,58.25631,-136.4487,8.9,234.1
2012-06-01 00:52:06,2012-05-31 16:52:06,310404000,9228198,ZCDF8,DIAMOND PRINCESS,58.25499,-136.4525,8.5,236.6
2012-06-01 00:53:06,2012-05-31 16:53:06,310404000,9228198,ZCDF8,DIAMOND PRINCESS,58.25371,-136.4562,8.3,236.5
2012-06-01 00:54:06,2012-05-31 16:54:06,310404000,9228198,ZCDF8,DIAMOND PRINCESS,58.25249,-136.4597,8.0,235.9
2012-06-01 00:55:06,2012-05-31 16:55:06,310404000,9228198,ZCDF8,DIAMOND PRINCESS,58.25132,-136.4632,7.8,237.0
2012-06-01 00:56:06,2012-05-31 16:56:06,310404000,9228198,ZCDF8,DIAMOND PRINCESS,58.25012,-136.4667,7.7,237.7
2012-06-01 00:57:05,2012-05-31 16:57:05,310404000,9228198,ZCDF8,DIAMOND PRINCESS,58.24883,-136.47,8.1,232.2
2012-06-01 00:58:05,2012-05-31 16:58:05,310404000,9228198,ZCDF8,DIAMOND PRINCESS,58.2471,-136.4734,9.2,224.2
2012-06-01 00:59:05,2012-05-31 16:59:05,310404000,9228198,ZCDF8,DIAMOND PRINCESS,58.245,-136.4766,10.1,216.1
2012-06-01 01:00:06,2012-05-31 17:00:06,310404000,9228198,ZCDF8,DIAMOND PRINCESS,58.24257,-136.4798,11.0,215.0
2012-06-01 01:01:07,2012-05-31 17:01:07,310404000,9228198,ZCDF8,DIAMOND PRINCESS,58.23983,-136.4833,11.9,214.5
2012-06-01 01:02:06,2012-05-31 17:02:06,310404000,9228198,ZCDF8,DIAMOND PRINCESS,58.23697,-136.4869,12.8,215.2
2012-06-01 01:03:06,2012-05-31 17:03:06,310404000,9228198,ZCDF8,DIAMOND PRINCESS,58.2341,-136.4908,13.2,215.6
2012-06-01 01:04:06,2012-05-31 17:04:06,310404000,9228198,ZCDF8,DIAMOND PRINCESS,58.23097,-136.4951,14.1,215.7
2012-06-01 01:05:01,2012-05-31 17:05:01,310404000,9228198,ZCDF8,DIAMOND PRINCESS,58.22803,-136.4992,14.8,217.6
2012-06-01 01:06:01,2012-05-31 17:06:01,310404000,9228198,ZCDF8,DIAMOND PRINCESS,58.22466,-136.504,15.5,216.8
2012-06-01 01:07:01,2012-05-31 17:07:01,310404000,9228198,ZCDF8,DIAMOND PRINCESS,58.22121,-136.5091,16.3,217.6
2012-06-01 01:08:01,2012-05-31 17:08:01,310404000,9228198,ZCDF8,DIAMOND PRINCESS,58.21753,-136.5147,16.8,218.6
2012-06-01 01:09:01,2012-05-31 17:09:01,310404000,9228198,ZCDF8,DIAMOND PRINCESS,58.21391,-136.5201,17.0,218.6
2012-06-01 01:10:01,2012-05-31 17:10:01,310404000,9228198,ZCDF8,DIAMOND PRINCESS,58.21011,-136.5259,17.4,218.0
2012-06-01 01:11:01,2012-05-31 17:11:01,310404000,9228198,ZCDF8,DIAMOND PRINCESS,58.2064,-136.5316,17.6,218.9
2012-06-01 01:12:01,2012-05-31 17:12:01,310404000,9228198,ZCDF8,DIAMOND PRINCESS,58.20254,-136.5373,17.7,217.6
2012-06-01 01:13:01,2012-05-31 17:13:01,310404000,9228198,ZCDF8,DIAMOND PRINCESS,58.19855,-136.5432,17.9,217.3
2012-06-01 01:14:00,2012-05-31 17:14:00,310404000,9228198,ZCDF8,DIAMOND PRINCESS,58.19465,-136.5487,18.1,216.7
2012-06-01 01:15:00,2012-05-31 17:15:00,310404000,9228198,ZCDF8,DIAMOND PRINCESS,58.19068,-136.5544,17.9,216.7
2012-06-01 01:16:00,2012-05-31 17:16:00,310404000,9228198,ZCDF8,DIAMOND PRINCESS,58.18675,-136.5601,18.2,217.0
2012-06-01 01:17:00,2012-05-31 17:17:00,310404000,9228198,ZCDF8,DIAMOND PRINCESS,58.18261,-136.566,18.5,218.3
2012-06-01 01:18:00,2012-05-31 17:18:00,310404000,9228198,ZCDF8,DIAMOND PRINCESS,58.17863,-136.5719,18.5,218.7
2012-06-01 01:19:00,2012-05-31 17:19:00,310404000,9228198,ZCDF8,DIAMOND PRINCESS,58.17473,-136.5784,18.6,223.0
2012-06-01 01:20:00,2012-05-31 17:20:00,310404000,9228198,ZCDF8,DIAMOND PRINCESS,58.17112,-136.5852,18.6,225.1
2012-06-01 01:21:01,2012-05-31 17:21:01,310404000,9228198,ZCDF8,DIAMOND PRINCESS,58.16752,-136.5925,18.8,226.9
2012-06-01 01:22:01,2012-05-31 17:22:01,310404000,9228198,ZCDF8,DIAMOND PRINCESS,58.16418,-136.5998,19.0,230.8
2012-06-01 01:23:01,2012-05-31 17:23:01,310404000,9228198,ZCDF8,DIAMOND PRINCESS,58.16105,-136.6078,18.4,236.1
2012-06-01 01:24:01,2012-05-31 17:24:01,310404000,9228198,ZCDF8,DIAMOND PRINCESS,58.15853,-136.6158,17.8,242.3
2012-06-01 01:25:01,2012-05-31 17:25:01,310404000,9228198,ZCDF8,DIAMOND PRINCESS,58.15645,-136.6244,17.9,246.4
2012-06-01 01:26:01,2012-05-31 17:26:01,310404000,9228198,ZCDF8,DIAMOND PRINCESS,58.15486,-136.6335,18.3,254.4
2012-06-01 01:27:00,2012-05-31 17:27:00,310404000,9228198,ZCDF8,DIAMOND PRINCESS,58.15379,-136.6429,18.1,260.3
2012-06-01 01:28:01,2012-05-31 17:28:01,310404000,9228198,ZCDF8,DIAMOND PRINCESS,58.15316,-136.6523,18.2,264.1
2012-06-01 01:29:01,2012-05-31 17:29:01,310404000,9228198,ZCDF8,DIAMOND PRINCESS,58.15292,-136.6618,18.2,268.0
2012-06-01 01:30:01,2012-05-31 17:30:01,310404000,9228198,ZCDF8,DIAMOND PRINCESS,58.15295,-136.6714,18.2,270.4
2012-06-01 01:31:01,2012-05-31 17:31:01,310404000,9228198,ZCDF8,DIAMOND PRINCESS,58.15326,-136.6808,18.2,275.6
2012-06-01 01:32:00,2012-05-31 17:32:00,310404000,9228198,ZCDF8,DIAMOND PRINCESS,58.1538,-136.6902,18.1,278.3
2012-06-01 01:33:00,2012-05-31 17:33:00,310404000,9228198,ZCDF8,DIAMOND PRINCESS,58.15452,-136.6994,18.0,277.9
2012-06-01 01:34:00,2012-05-31 17:34:00,310404000,9228198,ZCDF8,DIAMOND PRINCESS,58.15526,-136.7089,18.3,277.6
2012-06-01 01:35:00,2012-05-31 17:35:00,310404000,9228198,ZCDF8,DIAMOND PRINCESS,58.15603,-136.7185,18.4,278.2
2012-06-01 01:36:00,2012-05-31 17:36:00,310404000,9228198,ZCDF8,DIAMOND PRINCESS,58.15676,-136.728,18.4,277.6
2012-06-01 01:37:01,2012-05-31 17:37:01,310404000,9228198,ZCDF8,DIAMOND PRINCESS,58.15748,-136.7375,18.3,279.2
2012-06-01 01:38:00,2012-05-31 17:38:00,310404000,9228198,ZCDF8,DIAMOND PRINCESS,58.1582,-136.7469,18.1,279.2
2012-06-01 01:39:00,2012-05-31 17:39:00,310404000,9228198,ZCDF8,DIAMOND PRINCESS,58.15894,-136.7562,18.0,278.9
2012-06-01 01:40:00,2012-05-31 17:40:00,310404000,9228198,ZCDF8,DIAMOND PRINCESS,58.1598,-136.7657,18.1,279.5
2012-06-01 01:41:00,2012-05-31 17:41:00,310404000,9228198,ZCDF8,DIAMOND PRINCESS,58.16059,-136.775,18.2,278.9
2012-06-01 01:42:01,2012-05-31 17:42:01,310404000,9228198,ZCDF8,DIAMOND PRINCESS,58.16147,-136.7845,18.2,279.8
2012-06-01 01:43:00,2012-05-31 17:43:00,310404000,9228198,ZCDF8,DIAMOND PRINCESS,58.16235,-136.7938,18.0,280.5
2012-06-01 01:44:00,2012-05-31 17:44:00,310404000,9228198,ZCDF8,DIAMOND PRINCESS,58.16326,-136.8031,18.1,279.8
2012-06-01 01:45:00,2012-05-31 17:45:00,310404000,9228198,ZCDF8,DIAMOND PRINCESS,58.16428,-136.8124,18.1,282.9
2012-06-01 01:46:00,2012-05-31 17:46:00,310404000,9228198,ZCDF8,DIAMOND PRINCESS,58.16561,-136.8215,18.1,287.5
2012-06-01 01:47:00,2012-05-31 17:47:00,310404000,9228198,ZCDF8,DIAMOND PRINCESS,58.16697,-136.8307,18.2,285.8
2012-06-01 01:48:01,2012-05-31 17:48:01,310404000,9228198,ZCDF8,DIAMOND PRINCESS,58.16837,-136.84,18.1,285.8
2012-06-01 01:49:01,2012-05-31 17:49:01,310404000,9228198,ZCDF8,DIAMOND PRINCESS,58.16977,-136.8491,18.1,288.4
2012-06-01 01:50:01,2012-05-31 17:50:01,310404000,9228198,ZCDF8,DIAMOND PRINCESS,58.17118,-136.8583,17.9,285.8
2012-06-01 01:51:01,2012-05-31 17:51:01,310404000,9228198,ZCDF8,DIAMOND PRINCESS,58.17251,-136.8672,18.1,284.9
2012-06-01 01:52:00,2012-05-31 17:52:00,310404000,9228198,ZCDF8,DIAMOND PRINCESS,58.174,-136.8763,18.1,288.8
2012-06-01 01:53:00,2012-05-31 17:53:00,310404000,9228198,ZCDF8,DIAMOND PRINCESS,58.1755,-136.8852,18.2,287.2
2012-06-01 01:54:00,2012-05-31 17:54:00,310404000,9228198,ZCDF8,DIAMOND PRINCESS,58.17708,-136.8945,18.4,288.8
2012-06-01 01:55:02,2012-05-31 17:55:02,310404000,9228198,ZCDF8,DIAMOND PRINCESS,58.17857,-136.9035,18.2,288.5
2012-06-01 01:56:00,2012-05-31 17:56:00,310404000,9228198,ZCDF8,DIAMOND PRINCESS,58.18014,-136.9126,18.3,287.8
2012-06-01 01:57:00,2012-05-31 17:57:00,310404000,9228198,ZCDF8,DIAMOND PRINCESS,58.18176,-136.9219,18.2,287.8
2012-06-01 01:58:00,2012-05-31 17:58:00,310404000,9228198,ZCDF8,DIAMOND PRINCESS,58.18326,-136.9307,18.0,287.9
2012-06-01 01:59:01,2012-05-31 17:59:01,310404000,9228198,ZCDF8,DIAMOND PRINCESS,58.18483,-136.9397,17.4,288.3
2012-06-01 02:00:01,2012-05-31 18:00:01,310404000,9228198,ZCDF8,DIAMOND PRINCESS,58.18628,-136.9483,17.1,288.3
2012-06-01 02:01:06,2012-05-31 18:01:06,310404000,9228198,ZCDF8,DIAMOND PRINCESS,58.18777,-136.9575,17.0,288.0
2012-06-01 02:01:06,2012-05-31 18:01:06,310404000,9228198,ZCDF8,DIAMOND PRINCESS,58.18777,-136.9575,17.0,288.0
