bs_ts,name,mmsi,lat,lon,nav_status,cog,sog,heading,imo,callsign,destination
2008-07-03T01:35:01,OOSTERDAM,245417000,57.01666,-135.3460417,0,263.0,12.2,263,9221281,PBKH,KETCHIKAN
2008-07-03T01:34:32,OOSTERDAM,245417000,57.016845,-135.343115,0,263.0,11.6,263,9221281,PBKH,KETCHIKAN
2008-07-03T01:33:20,OOSTERDAM,245417000,57.01726333,-135.3364917,0,263.8,10.1,265,9221281,PBKH,KETCHIKAN
2008-07-03T01:33:32,OOSTERDAM,245417000,57.01721333,-135.3374633,0,264.4,10.3,265,9221281,PBKH,KETCHIKAN
2008-07-03T01:32:20,OOSTERDAM,245417000,57.01754667,-135.3315917,0,261.0,8.8,263,9221281,PBKH,KETCHIKAN
2008-07-03T01:32:32,OOSTERDAM,245417000,57.01749667,-135.3324617,0,262.7,9.1,264,9221281,PBKH,KETCHIKAN
2008-07-03T01:31:01,OOSTERDAM,245417000,57.01813167,-135.32605,0,253.9,7.5,260,9221281,PBKH,KETCHIKAN
2008-07-03T01:31:20,OOSTERDAM,245417000,57.017965,-135.3272883,0,257.6,7.8,262,9221281,PBKH,KETCHIKAN
2008-07-03T01:30:08,OOSTERDAM,245417000,57.01869667,-135.3228433,0,240.6,7.2,247,9221281,PBKH,KETCHIKAN
2008-07-03T01:30:20,OOSTERDAM,245417000,57.01849667,-135.32358,0,243.7,7.3,250,9221281,PBKH,KETCHIKAN
2008-07-03T01:30:34,OOSTERDAM,245417000,57.01838,-135.32443,0,246.8,7.3,254,9221281,PBKH,KETCHIKAN
2008-07-03T01:30:48,OOSTERDAM,245417000,57.01823167,-135.325215,0,250.6,7.2,257,9221281,PBKH,KETCHIKAN
2008-07-03T01:29:11,OOSTERDAM,245417000,57.01969833,-135.319785,0,226.0,7.7,232,9221281,PBKH,KETCHIKAN
2008-07-03T01:29:18,OOSTERDAM,245417000,57.019565,-135.32017,0,227.4,7.9,234,9221281,PBKH,KETCHIKAN
2008-07-03T01:29:32,OOSTERDAM,245417000,57.019265,-135.3209383,0,231.9,7.6,238,9221281,PBKH,KETCHIKAN
2008-07-03T01:29:41,OOSTERDAM,245417000,57.01909833,-135.32144,0,233.9,7.5,240,9221281,PBKH,KETCHIKAN
2008-07-03T01:29:54,OOSTERDAM,245417000,57.01889667,-135.322175,0,236.0,7.5,244,9221281,PBKH,KETCHIKAN
2008-07-03T01:28:01,OOSTERDAM,245417000,57.021605,-135.31657,0,213.2,8.3,216,9221281,PBKH,KETCHIKAN
2008-07-03T01:28:21,OOSTERDAM,245417000,57.02097167,-135.3174417,0,215.8,8.3,220,9221281,PBKH,KETCHIKAN
2008-07-03T01:28:30,OOSTERDAM,245417000,57.02072333,-135.3180233,0,217.6,7.9,223,9221281,PBKH,KETCHIKAN
2008-07-03T01:28:51,OOSTERDAM,245417000,57.02015833,-135.3188467,0,221.2,8.0,227,9221281,PBKH,KETCHIKAN
2008-07-03T01:27:51,OOSTERDAM,245417000,57.02192167,-135.31615,0,211.3,8.7,214,9221281,PBKH,KETCHIKAN
2008-07-03T01:26:21,OOSTERDAM,245417000,57.02511333,-135.3127367,0,210.0,8.8,210,9221281,PBKH,KETCHIKAN
2008-07-03T01:25:20,OOSTERDAM,245417000,57.02720667,-135.3105267,0,211.2,7.7,212,9221281,PBKH,KETCHIKAN
2008-07-03T01:24:10,OOSTERDAM,245417000,57.02914667,-135.3083383,0,215.4,6.3,220,9221281,PBKH,KETCHIKAN
2008-07-03T01:24:51,OOSTERDAM,245417000,57.02804333,-135.309625,0,214.3,6.9,216,9221281,PBKH,KETCHIKAN
2008-07-03T01:23:30,OOSTERDAM,245417000,57.02996167,-135.3072217,0,207.4,5.3,215,9221281,PBKH,KETCHIKAN
2008-07-03T01:23:41,OOSTERDAM,245417000,57.02974833,-135.3074683,0,210.7,5.4,216,9221281,PBKH,KETCHIKAN
2008-07-03T01:23:50,OOSTERDAM,245417000,57.02953167,-135.3077517,0,211.9,5.7,217,9221281,PBKH,KETCHIKAN
2008-07-03T01:22:01,OOSTERDAM,245417000,57.03183333,-135.3055933,0,190.5,4.9,200,9221281,PBKH,KETCHIKAN
2008-07-03T01:22:10,OOSTERDAM,245417000,57.03165,-135.305745,0,193.5,4.9,204,9221281,PBKH,KETCHIKAN
2008-07-03T01:22:18,OOSTERDAM,245417000,57.03148333,-135.3058483,0,197.3,4.8,207,9221281,PBKH,KETCHIKAN
2008-07-03T01:22:27,OOSTERDAM,245417000,57.03126667,-135.30605,0,200.3,4.8,211,9221281,PBKH,KETCHIKAN
2008-07-03T01:22:38,OOSTERDAM,245417000,57.0311,-135.3062,0,203.5,4.9,213,9221281,PBKH,KETCHIKAN
2008-07-03T01:22:44,OOSTERDAM,245417000,57.03098167,-135.3063,0,204.3,4.8,214,9221281,PBKH,KETCHIKAN
2008-07-03T01:21:08,OOSTERDAM,245417000,57.03298667,-135.305215,0,169.5,5.5,179,9221281,PBKH,KETCHIKAN
2008-07-03T01:21:18,OOSTERDAM,245417000,57.032735,-135.3052333,0,173.3,5.4,183,9221281,PBKH,KETCHIKAN
2008-07-03T01:21:24,OOSTERDAM,245417000,57.032585,-135.305235,0,176.4,5.4,185,9221281,PBKH,KETCHIKAN
2008-07-03T01:21:34,OOSTERDAM,245417000,57.03236667,-135.3052867,0,180.4,5.4,189,9221281,PBKH,KETCHIKAN
2008-07-03T01:21:38,OOSTERDAM,245417000,57.03228333,-135.3053217,0,182.5,5.5,191,9221281,PBKH,KETCHIKAN
2008-07-03T01:21:48,OOSTERDAM,245417000,57.03208333,-135.3054233,0,185.2,5.3,195,9221281,PBKH,KETCHIKAN
2008-07-03T01:21:58,OOSTERDAM,245417000,57.03188333,-135.3055083,0,188.5,4.9,199,9221281,PBKH,KETCHIKAN
2008-07-03T01:20:11,OOSTERDAM,245417000,57.034475,-135.305725,0,149.3,6.1,155,9221281,PBKH,KETCHIKAN
2008-07-03T01:20:20,OOSTERDAM,245417000,57.03424,-135.30561,0,151.4,6.1,159,9221281,PBKH,KETCHIKAN
2008-07-03T01:20:27,OOSTERDAM,245417000,57.03405667,-135.3054767,0,156.1,5.8,163,9221281,PBKH,KETCHIKAN
2008-07-03T01:20:38,OOSTERDAM,245417000,57.03378833,-135.3053783,0,158.8,5.7,167,9221281,PBKH,KETCHIKAN
2008-07-03T01:20:45,OOSTERDAM,245417000,57.03360333,-135.305295,0,162.8,5.6,170,9221281,PBKH,KETCHIKAN
2008-07-03T01:20:58,OOSTERDAM,245417000,57.03327,-135.3052133,0,166.8,5.7,175,9221281,PBKH,KETCHIKAN
2008-07-03T01:19:01,OOSTERDAM,245417000,57.03614667,-135.3077783,0,133.2,6.2,136,9221281,PBKH,KETCHIKAN
2008-07-03T01:19:07,OOSTERDAM,245417000,57.03599667,-135.307545,0,134.2,6.2,138,9221281,PBKH,KETCHIKAN
2008-07-03T01:19:20,OOSTERDAM,245417000,57.03571167,-135.30711,0,137.3,6.2,141,9221281,PBKH,KETCHIKAN
2008-07-03T01:19:34,OOSTERDAM,245417000,57.03537833,-135.3066933,0,139.3,6.2,144,9221281,PBKH,KETCHIKAN
2008-07-03T01:19:44,OOSTERDAM,245417000,57.035145,-135.3063933,0,142.4,6.3,147,9221281,PBKH,KETCHIKAN
2008-07-03T01:19:58,OOSTERDAM,245417000,57.03481,-135.3059583,0,145.4,6.2,151,9221281,PBKH,KETCHIKAN
2008-07-03T01:18:41,OOSTERDAM,245417000,57.03654833,-135.30848,0,129.1,6.1,131,9221281,PBKH,KETCHIKAN
2008-07-03T01:16:50,OOSTERDAM,245417000,57.03832167,-135.3127883,0,126.8,5.1,128,9221281,PBKH,KETCHIKAN
2008-07-03T01:15:50,OOSTERDAM,245417000,57.03914167,-135.314825,0,123.7,4.6,125,9221281,PBKH,KETCHIKAN
2008-07-03T01:14:11,OOSTERDAM,245417000,57.04023,-135.3177383,0,124.3,3.5,126,9221281,PBKH,KETCHIKAN
2008-07-03T01:13:11,OOSTERDAM,245417000,57.04073,-135.3191267,0,126.1,3.0,130,9221281,PBKH,KETCHIKAN
2008-07-03T01:12:11,OOSTERDAM,245417000,57.041165,-135.3204283,0,127.1,2.6,138,9221281,PBKH,KETCHIKAN
2008-07-03T01:12:31,OOSTERDAM,245417000,57.04103167,-135.3199783,0,126.2,2.6,134,9221281,PBKH,KETCHIKAN
2008-07-03T01:11:20,OOSTERDAM,245417000,57.04151667,-135.321265,0,135.2,2.2,143,9221281,PBKH,KETCHIKAN
2008-07-03T01:11:50,OOSTERDAM,245417000,57.04129833,-135.3207967,0,129.6,2.5,141,9221281,PBKH,KETCHIKAN
2008-07-03T01:10:12,OOSTERDAM,245417000,57.04197833,-135.3220917,0,133.4,1.5,141,9221281,PBKH,KETCHIKAN
2008-07-03T01:10:31,OOSTERDAM,245417000,57.04187833,-135.3218567,0,131.5,1.8,141,9221281,PBKH,KETCHIKAN
2008-07-03T01:10:41,OOSTERDAM,245417000,57.04181,-135.3217383,0,135.2,2.0,141,9221281,PBKH,KETCHIKAN
2008-07-03T01:09:01,OOSTERDAM,245417000,57.04224833,-135.3226283,0,116.8,0.8,140,9221281,PBKH,KETCHIKAN
2008-07-03T01:09:22,OOSTERDAM,245417000,57.04219833,-135.3224767,0,123.3,1.0,140,9221281,PBKH,KETCHIKAN
2008-07-03T01:09:31,OOSTERDAM,245417000,57.04216333,-135.3223933,0,128.6,1.0,140,9221281,PBKH,KETCHIKAN
2008-07-03T01:08:52,OOSTERDAM,245417000,57.042265,-135.3226783,0,113.4,0.7,140,9221281,PBKH,KETCHIKAN
2008-07-03T01:05:51,OOSTERDAM,245417000,57.04231667,-135.3232983,0,82.6,0.4,139,9221281,PBKH,KETCHIKAN
2008-07-03T01:05:41,OOSTERDAM,245417000,57.04231667,-135.3233317,0,82.6,0.4,139,9221281,PBKH,KETCHIKAN
2008-07-03T01:03:11,OOSTERDAM,245417000,57.04231667,-135.3237483,0,143.0,0.2,143,9221281,PBKH,KETCHIKAN
2008-07-03T01:01:30,OOSTERDAM,245417000,57.0425,-135.3237333,0,188.0,0.3,143,9221281,PBKH,KETCHIKAN
2008-07-03T01:01:52,OOSTERDAM,245417000,57.04243333,-135.3238017,0,214.5,0.3,143,9221281,PBKH,KETCHIKAN
2008-07-03T00:59:36,OOSTERDAM,245417000,57.04268333,-135.3235333,1,222.5,0.6,142,9221281,PBKH,KETCHIKAN
2008-07-03T00:56:36,OOSTERDAM,245417000,57.04296667,-135.3229683,1,234.0,0.3,144,9221281,PBKH,KETCHIKAN
2008-07-03T00:50:32,OOSTERDAM,245417000,57.04306667,-135.3228,1,142.0,0.0,142,9221281,PBKH,KETCHIKAN
2008-07-03T00:44:31,OOSTERDAM,245417000,57.04308333,-135.3228333,1,142.0,0.0,142,9221281,PBKH,KETCHIKAN
2008-07-03T00:41:29,OOSTERDAM,245417000,57.04306667,-135.3228667,1,142.0,0.0,142,9221281,PBKH,KETCHIKAN
2008-07-03T00:38:26,OOSTERDAM,245417000,57.04305,-135.3228333,1,142.0,0.0,142,9221281,PBKH,KETCHIKAN
2008-07-03T00:35:25,OOSTERDAM,245417000,57.04306667,-135.3228167,1,142.0,0.0,142,9221281,PBKH,KETCHIKAN
2008-07-03T00:32:24,OOSTERDAM,245417000,57.0431,-135.3228,1,142.0,0.1,142,9221281,PBKH,KETCHIKAN
2008-07-03T00:23:21,OOSTERDAM,245417000,57.04306667,-135.3228333,1,142.0,0.0,142,9221281,PBKH,KETCHIKAN
2008-07-03T00:20:18,OOSTERDAM,245417000,57.04305,-135.3227333,1,322.0,0.1,142,9221281,PBKH,KETCHIKAN
2008-07-03T00:17:16,OOSTERDAM,245417000,57.04305,-135.3227167,1,142.0,0.0,142,9221281,PBKH,KETCHIKAN
2008-07-03T00:14:15,OOSTERDAM,245417000,57.04306667,-135.3227333,1,142.0,0.0,142,9221281,PBKH,KETCHIKAN
2008-07-03T00:08:13,OOSTERDAM,245417000,57.04311667,-135.3227833,1,142.0,0.0,142,9221281,PBKH,KETCHIKAN
2008-07-03T00:02:13,OOSTERDAM,245417000,57.04306667,-135.3227,1,142.0,0.0,142,9221281,PBKH,KETCHIKAN
2008-07-03T01:41:59,OOSTERDAM,245417000,57.01224833,-135.39884,0,260.3,17.1,260,9221281,PBKH,KETCHIKAN
2008-07-03T01:40:29,OOSTERDAM,245417000,57.01342333,-135.38611,0,260.3,16.4,260,9221281,PBKH,KETCHIKAN
2008-07-03T01:38:41,OOSTERDAM,245417000,57.01472667,-135.3718317,0,261.1,15.3,260,9221281,PBKH,KETCHIKAN
2008-07-03T01:38:47,OOSTERDAM,245417000,57.01466,-135.3726,0,260.7,15.3,260,9221281,PBKH,KETCHIKAN
2008-07-03T01:37:01,OOSTERDAM,245417000,57.01571333,-135.3595183,0,262.0,14.0,262,9221281,PBKH,KETCHIKAN
2008-07-03T01:37:17,OOSTERDAM,245417000,57.01559667,-135.3614417,0,262.4,14.2,262,9221281,PBKH,KETCHIKAN
2008-07-03T01:35:51,OOSTERDAM,245417000,57.01631667,-135.3513417,0,263.0,13.3,263,9221281,PBKH,KETCHIKAN
2008-07-03T01:47:22,OOSTERDAM,245417000,57.00701,-135.4489,0,253.0,19.6,251,9221281,PBKH,KETCHIKAN
2008-07-03T01:46:22,OOSTERDAM,245417000,57.00844833,-135.4393883,0,258.4,19.3,257,9221281,PBKH,KETCHIKAN
2008-07-03T01:46:53,OOSTERDAM,245417000,57.007815,-135.44413,0,255.1,19.6,254,9221281,PBKH,KETCHIKAN
2008-07-03T01:46:58,OOSTERDAM,245417000,57.00768167,-135.4450817,0,255.7,19.5,253,9221281,PBKH,KETCHIKAN
2008-07-03T01:44:35,OOSTERDAM,245417000,57.010075,-135.42228,0,260.3,18.7,260,9221281,PBKH,KETCHIKAN
2008-07-03T01:43:41,OOSTERDAM,245417000,57.01084333,-135.4139233,0,260.3,18.2,260,9221281,PBKH,KETCHIKAN
2008-07-03T01:49:05,OOSTERDAM,245417000,57.00327333,-135.464775,0,243.1,20.0,242,9221281,PBKH,KETCHIKAN
2008-07-03T01:49:47,OOSTERDAM,245417000,57.00138333,-135.4710433,0,240.5,20.0,240,9221281,PBKH,KETCHIKAN
2008-07-03T01:48:16,OOSTERDAM,245417000,57.00521833,-135.45733,0,246.4,19.9,245,9221281,PBKH,KETCHIKAN
2008-07-03T01:48:22,OOSTERDAM,245417000,57.00498333,-135.458265,0,246.4,19.9,245,9221281,PBKH,KETCHIKAN
2008-07-03T01:48:58,OOSTERDAM,245417000,57.00357667,-135.46372,0,243.1,20.0,242,9221281,PBKH,KETCHIKAN
2008-07-03T01:47:53,OOSTERDAM,245417000,57.00604,-135.4537983,0,250.3,19.8,248,9221281,PBKH,KETCHIKAN
2008-07-03T02:20:23,OOSTERDAM,245417000,56.8477,-135.5954233,0,203.0,20.2,203,9221281,PBKH,KETCHIKAN
2008-07-03T02:20:29,OOSTERDAM,245417000,56.84729833,-135.595725,0,203.0,20.1,203,9221281,PBKH,KETCHIKAN
2008-07-03T02:20:53,OOSTERDAM,245417000,56.84521167,-135.5974967,0,205.0,19.8,205,9221281,PBKH,KETCHIKAN
2008-07-03T02:19:59,OOSTERDAM,245417000,56.84977667,-135.5938767,0,199.4,19.9,200,9221281,PBKH,KETCHIKAN
2008-07-03T02:36:53,OOSTERDAM,245417000,56.80025833,-135.6202967,0,190.1,19.9,191,9221281,PBKH,KETCHIKAN
2008-07-03T02:35:03,OOSTERDAM,245417000,56.80202,-135.6196767,0,190.7,19.9,191,9221281,PBKH,KETCHIKAN
2008-07-03T02:35:47,OOSTERDAM,245417000,56.80146667,-135.619845,0,190.0,19.9,190,9221281,PBKH,KETCHIKAN
2008-07-03T02:33:24,OOSTERDAM,245417000,56.80309167,-135.619325,0,190.5,20.0,190,9221281,PBKH,KETCHIKAN
2008-07-03T02:29:59,OOSTERDAM,245417000,56.80581333,-135.61839,0,190.5,20.0,190,9221281,PBKH,KETCHIKAN
2008-07-03T02:27:35,OOSTERDAM,245417000,56.810165,-135.6168667,0,190.2,20.0,190,9221281,PBKH,KETCHIKAN
2008-07-03T02:26:17,OOSTERDAM,245417000,56.81723833,-135.6144217,0,191.1,19.8,190,9221281,PBKH,KETCHIKAN
2008-07-03T02:26:52,OOSTERDAM,245417000,56.814055,-135.6155267,0,190.5,19.9,190,9221281,PBKH,KETCHIKAN
2008-07-03T02:25:17,OOSTERDAM,245417000,56.82270667,-135.6124,0,191.1,19.7,190,9221281,PBKH,KETCHIKAN
2008-07-03T02:25:47,OOSTERDAM,245417000,56.81999833,-135.6133683,0,191.1,19.8,190,9221281,PBKH,KETCHIKAN
2008-07-03T02:24:11,OOSTERDAM,245417000,56.82854167,-135.6101283,0,194.8,19.8,192,9221281,PBKH,KETCHIKAN
2008-07-03T02:24:41,OOSTERDAM,245417000,56.82581333,-135.6112133,0,191.7,19.7,190,9221281,PBKH,KETCHIKAN
2008-07-03T02:23:11,OOSTERDAM,245417000,56.833745,-135.6073033,0,201.4,19.7,198,9221281,PBKH,KETCHIKAN
2008-07-03T02:23:41,OOSTERDAM,245417000,56.83120167,-135.608825,0,198.3,19.7,196,9221281,PBKH,KETCHIKAN
2008-07-03T02:22:53,OOSTERDAM,245417000,56.83523167,-135.6063333,0,203.8,19.8,201,9221281,PBKH,KETCHIKAN
2008-07-03T02:22:58,OOSTERDAM,245417000,56.83476333,-135.6066367,0,203.9,19.7,201,9221281,PBKH,KETCHIKAN
2008-07-03T02:21:35,OOSTERDAM,245417000,56.84175333,-135.6005733,0,206.1,19.8,205,9221281,PBKH,KETCHIKAN
2008-07-03T02:04:17,OOSTERDAM,245417000,56.93379667,-135.54811,0,201.1,20.5,200,9221281,PBKH,KETCHIKAN
2008-07-03T02:02:59,OOSTERDAM,245417000,56.940745,-135.543215,0,200.8,20.7,200,9221281,PBKH,KETCHIKAN
2008-07-03T02:10:10,OOSTERDAM,245417000,56.90244667,-135.567345,0,196.1,20.2,195,9221281,PBKH,KETCHIKAN
2008-07-03T02:07:59,OOSTERDAM,245417000,56.91418167,-135.5610267,0,196.7,20.2,195,9221281,PBKH,KETCHIKAN
2008-07-03T02:06:05,OOSTERDAM,245417000,56.92433167,-135.5547617,0,199.6,20.3,198,9221281,PBKH,KETCHIKAN
2008-07-03T02:06:35,OOSTERDAM,245417000,56.92164167,-135.556465,0,199.4,20.0,198,9221281,PBKH,KETCHIKAN
2008-07-03T02:05:23,OOSTERDAM,245417000,56.92801333,-135.55222,0,201.1,20.4,200,9221281,PBKH,KETCHIKAN
2008-07-03T02:46:29,OOSTERDAM,245417000,56.70632667,-135.6499933,0,189.4,20.2,190,9221281,PBKH,KETCHIKAN
2008-07-03T02:45:35,OOSTERDAM,245417000,56.71127667,-135.648505,0,189.4,20.2,190,9221281,PBKH,KETCHIKAN
2008-07-03T02:42:35,OOSTERDAM,245417000,56.72785833,-135.643695,0,189.4,20.2,190,9221281,PBKH,KETCHIKAN
2008-07-03T02:41:35,OOSTERDAM,245417000,56.73339167,-135.64199,0,189.7,20.2,190,9221281,PBKH,KETCHIKAN
2008-07-03T02:40:17,OOSTERDAM,245417000,56.74067833,-135.6396683,0,190.0,20.2,190,9221281,PBKH,KETCHIKAN
2008-07-03T01:53:05,OOSTERDAM,245417000,56.99081333,-135.4987533,0,226.2,20.1,224,9221281,PBKH,KETCHIKAN
2008-07-03T01:52:17,OOSTERDAM,245417000,56.99392167,-135.4925783,0,231.9,20.3,230,9221281,PBKH,KETCHIKAN
2008-07-03T01:52:34,OOSTERDAM,245417000,56.99286833,-135.4947833,0,229.9,20.2,228,9221281,PBKH,KETCHIKAN
2008-07-03T01:51:11,OOSTERDAM,245417000,56.997465,-135.483455,0,238.8,20.3,238,9221281,PBKH,KETCHIKAN
2008-07-03T01:51:28,OOSTERDAM,245417000,56.99654667,-135.4859233,0,237.9,20.5,236,9221281,PBKH,KETCHIKAN
2008-07-03T01:51:58,OOSTERDAM,245417000,56.99494167,-135.4901367,0,234.7,20.2,233,9221281,PBKH,KETCHIKAN
2008-07-03T02:01:11,OOSTERDAM,245417000,56.95031833,-135.5363917,0,200.8,20.5,200,9221281,PBKH,KETCHIKAN
2008-07-03T01:58:11,OOSTERDAM,245417000,56.96625333,-135.5252717,0,200.5,20.4,200,9221281,PBKH,KETCHIKAN
2008-07-03T01:57:05,OOSTERDAM,245417000,56.97214,-135.5210417,0,203.9,20.3,202,9221281,PBKH,KETCHIKAN
2008-07-03T01:57:35,OOSTERDAM,245417000,56.96951167,-135.5229983,0,201.4,20.4,200,9221281,PBKH,KETCHIKAN
2008-07-03T01:56:17,OOSTERDAM,245417000,56.97613667,-135.51761,0,207.9,20.4,206,9221281,PBKH,KETCHIKAN
2008-07-03T01:56:47,OOSTERDAM,245417000,56.97369833,-135.5198017,0,205.9,20.4,204,9221281,PBKH,KETCHIKAN
2008-07-03T01:55:17,OOSTERDAM,245417000,56.98104167,-135.51252,0,213.7,20.2,212,9221281,PBKH,KETCHIKAN
2008-07-03T01:55:47,OOSTERDAM,245417000,56.97869667,-135.5150917,0,210.6,20.3,209,9221281,PBKH,KETCHIKAN
2008-07-03T01:54:28,OOSTERDAM,245417000,56.98480833,-135.5077733,0,216.3,20.5,215,9221281,PBKH,KETCHIKAN
2008-07-03T01:53:35,OOSTERDAM,245417000,56.98875167,-135.5022333,0,221.9,20.2,220,9221281,PBKH,KETCHIKAN
2008-07-03T01:53:58,OOSTERDAM,245417000,56.98707833,-135.504705,0,218.6,20.3,217,9221281,PBKH,KETCHIKAN
2008-07-03T02:38:29,OOSTERDAM,245417000,56.75061,-135.6365233,0,189.7,20.2,190,9221281,PBKH,KETCHIKAN
2008-07-03T02:37:53,OOSTERDAM,245417000,56.75386,-135.6354683,0,190.0,20.2,190,9221281,PBKH,KETCHIKAN
2008-07-03T02:36:29,OOSTERDAM,245417000,56.76159333,-135.6330717,0,189.1,20.0,190,9221281,PBKH,KETCHIKAN
2008-07-03T02:35:35,OOSTERDAM,245417000,56.766505,-135.631535,0,189.4,20.1,190,9221281,PBKH,KETCHIKAN
2008-07-03T02:34:23,OOSTERDAM,245417000,56.77299833,-135.629495,0,189.7,20.0,190,9221281,PBKH,KETCHIKAN
2008-07-03T02:33:05,OOSTERDAM,245417000,56.78020667,-135.62712,0,190.2,20.0,190,9221281,PBKH,KETCHIKAN
2008-07-03T02:29:41,OOSTERDAM,245417000,56.79872,-135.6208333,0,190.7,20.0,191,9221281,PBKH,KETCHIKAN
2008-07-03T02:19:11,OOSTERDAM,245417000,56.85404167,-135.5912133,0,195.4,20.0,196,9221281,PBKH,KETCHIKAN
2008-07-03T02:19:41,OOSTERDAM,245417000,56.85129667,-135.5928233,0,198.4,19.9,199,9221281,PBKH,KETCHIKAN
2008-07-03T02:18:53,OOSTERDAM,245417000,56.85562833,-135.59036,0,193.7,20.0,195,9221281,PBKH,KETCHIKAN
2008-07-03T02:17:41,OOSTERDAM,245417000,56.86201,-135.5876367,0,192.5,20.0,192,9221281,PBKH,KETCHIKAN
2008-07-03T02:16:41,OOSTERDAM,245417000,56.86743167,-135.585315,0,194.1,19.8,193,9221281,PBKH,KETCHIKAN
2008-07-03T02:14:10,OOSTERDAM,245417000,56.880775,-135.5783967,0,196.1,20.1,195,9221281,PBKH,KETCHIKAN
2008-07-03T02:14:41,OOSTERDAM,245417000,56.878015,-135.5798517,0,195.8,20.0,195,9221281,PBKH,KETCHIKAN
2008-07-03T02:11:05,OOSTERDAM,245417000,56.89740333,-135.5699317,0,195.5,20.2,195,9221281,PBKH,KETCHIKAN
2008-07-03T03:06:05,OOSTERDAM,245417000,56.60187667,-135.6977083,0,189.1,19.8,188,9221281,PBKH,KETCHIKAN
2008-07-03T03:06:23,OOSTERDAM,245417000,56.600245,-135.698085,0,188.4,20.0,187,9221281,PBKH,KETCHIKAN
2008-07-03T03:05:17,OOSTERDAM,245417000,56.60614333,-135.6962967,0,193.5,19.8,193,9221281,PBKH,KETCHIKAN
2008-07-03T03:05:35,OOSTERDAM,245417000,56.604535,-135.6968783,0,191.2,19.8,191,9221281,PBKH,KETCHIKAN
2008-07-03T03:04:17,OOSTERDAM,245417000,56.61133333,-135.693665,0,199.8,19.8,199,9221281,PBKH,KETCHIKAN
2008-07-03T03:04:46,OOSTERDAM,245417000,56.60892333,-135.695065,0,197.5,19.8,196,9221281,PBKH,KETCHIKAN
2008-07-03T03:04:59,OOSTERDAM,245417000,56.60775,-135.6956167,0,195.8,19.8,195,9221281,PBKH,KETCHIKAN
2008-07-03T03:03:10,OOSTERDAM,245417000,56.61710333,-135.6894267,0,206.2,19.7,206,9221281,PBKH,KETCHIKAN
2008-07-03T03:03:35,OOSTERDAM,245417000,56.61509667,-135.6910783,0,204.8,19.8,204,9221281,PBKH,KETCHIKAN
2008-07-03T03:03:59,OOSTERDAM,245417000,56.61299,-135.6926133,0,201.8,19.8,201,9221281,PBKH,KETCHIKAN
2008-07-03T03:02:05,OOSTERDAM,245417000,56.622355,-135.6844283,0,210.4,19.7,211,9221281,PBKH,KETCHIKAN
2008-07-03T03:02:47,OOSTERDAM,245417000,56.61900667,-135.687725,0,208.2,19.7,208,9221281,PBKH,KETCHIKAN
2008-07-03T03:01:05,OOSTERDAM,245417000,56.62711167,-135.6796033,0,207.6,19.7,210,9221281,PBKH,KETCHIKAN
2008-07-03T03:00:05,OOSTERDAM,245417000,56.63203667,-135.675195,0,200.6,19.7,203,9221281,PBKH,KETCHIKAN
2008-07-03T03:00:28,OOSTERDAM,245417000,56.63014833,-135.6767067,0,203.6,19.7,206,9221281,PBKH,KETCHIKAN
2008-07-03T03:00:47,OOSTERDAM,245417000,56.62858,-135.6781483,0,205.6,19.7,209,9221281,PBKH,KETCHIKAN
2008-07-03T02:59:10,OOSTERDAM,245417000,56.63669167,-135.67223,0,194.6,19.9,197,9221281,PBKH,KETCHIKAN
2008-07-03T02:59:41,OOSTERDAM,245417000,56.634105,-135.6737383,0,198.3,19.7,201,9221281,PBKH,KETCHIKAN
2008-07-03T02:58:17,OOSTERDAM,245417000,56.64151,-135.67008,0,190.5,19.9,192,9221281,PBKH,KETCHIKAN
2008-07-03T02:58:34,OOSTERDAM,245417000,56.63998833,-135.6706667,0,190.9,19.8,193,9221281,PBKH,KETCHIKAN
2008-07-03T02:58:59,OOSTERDAM,245417000,56.63764667,-135.6716917,0,193.6,19.9,196,9221281,PBKH,KETCHIKAN
2008-07-03T02:57:34,OOSTERDAM,245417000,56.64535333,-135.6688433,0,189.4,20.0,190,9221281,PBKH,KETCHIKAN
2008-07-03T02:56:59,OOSTERDAM,245417000,56.64858167,-135.667905,0,189.7,19.9,190,9221281,PBKH,KETCHIKAN
2008-07-03T03:25:41,OOSTERDAM,245417000,56.50443333,-135.6361567,0,129.4,20.2,130,9221281,PBKH,KETCHIKAN
2008-07-03T03:23:11,OOSTERDAM,245417000,56.51343,-135.65589,0,130.0,20.3,130,9221281,PBKH,KETCHIKAN
2008-07-03T03:22:29,OOSTERDAM,245417000,56.51594,-135.6612617,0,131.1,20.2,130,9221281,PBKH,KETCHIKAN
2008-07-03T03:21:05,OOSTERDAM,245417000,56.52144833,-135.6713133,0,140.7,20.1,139,9221281,PBKH,KETCHIKAN
2008-07-03T03:21:11,OOSTERDAM,245417000,56.52103,-135.6706617,0,140.4,20.1,139,9221281,PBKH,KETCHIKAN
2008-07-03T03:21:35,OOSTERDAM,245417000,56.519395,-135.66794,0,137.4,20.2,136,9221281,PBKH,KETCHIKAN
2008-07-03T03:21:59,OOSTERDAM,245417000,56.51780833,-135.6650183,0,134.7,20.1,133,9221281,PBKH,KETCHIKAN
2008-07-03T03:20:16,OOSTERDAM,245417000,56.525085,-135.6763533,0,146.1,20.2,145,9221281,PBKH,KETCHIKAN
2008-07-03T03:20:35,OOSTERDAM,245417000,56.523565,-135.6743233,0,144.1,20.2,143,9221281,PBKH,KETCHIKAN
2008-07-03T03:19:29,OOSTERDAM,245417000,56.52876167,-135.6806583,0,150.7,20.1,149,9221281,PBKH,KETCHIKAN
2008-07-03T03:19:46,OOSTERDAM,245417000,56.52732333,-135.6790483,0,148.7,20.1,147,9221281,PBKH,KETCHIKAN
2008-07-03T03:18:11,OOSTERDAM,245417000,56.535265,-135.6866083,0,158.9,20.2,157,9221281,PBKH,KETCHIKAN
2008-07-03T03:18:34,OOSTERDAM,245417000,56.53327667,-135.6850833,0,155.7,20.1,154,9221281,PBKH,KETCHIKAN
2008-07-03T03:18:41,OOSTERDAM,245417000,56.53274,-135.6845967,0,155.4,20.1,153,9221281,PBKH,KETCHIKAN
2008-07-03T03:18:53,OOSTERDAM,245417000,56.53158833,-135.6834917,0,153.1,20.2,152,9221281,PBKH,KETCHIKAN
2008-07-03T03:17:05,OOSTERDAM,245417000,56.54102167,-135.690245,0,165.7,20.2,164,9221281,PBKH,KETCHIKAN
2008-07-03T03:17:17,OOSTERDAM,245417000,56.53995333,-135.68966,0,164.7,20.2,162,9221281,PBKH,KETCHIKAN
2008-07-03T03:17:34,OOSTERDAM,245417000,56.538365,-135.6887217,0,162.7,20.1,161,9221281,PBKH,KETCHIKAN
2008-07-03T03:17:59,OOSTERDAM,245417000,56.53631833,-135.6874117,0,159.7,20.0,158,9221281,PBKH,KETCHIKAN
2008-07-03T03:16:11,OOSTERDAM,245417000,56.54593,-135.6922883,0,170.1,20.4,169,9221281,PBKH,KETCHIKAN
2008-07-03T03:16:34,OOSTERDAM,245417000,56.54382667,-135.6914983,0,168.4,20.2,167,9221281,PBKH,KETCHIKAN
2008-07-03T03:15:41,OOSTERDAM,245417000,56.54867,-135.6931133,0,172.8,20.0,172,9221281,PBKH,KETCHIKAN
2008-07-03T03:52:59,OOSTERDAM,245417000,56.405555,-135.42176,0,132.1,20.3,131,9221281,PBKH,KETCHIKAN
2008-07-03T03:51:46,OOSTERDAM,245417000,56.40998833,-135.4310733,0,129.7,20.5,130,9221281,PBKH,KETCHIKAN
2008-07-03T03:49:35,OOSTERDAM,245417000,56.41801833,-135.4484433,0,128.8,20.6,130,9221281,PBKH,KETCHIKAN
2008-07-03T03:46:29,OOSTERDAM,245417000,56.42918167,-135.4730967,0,129.4,20.5,130,9221281,PBKH,KETCHIKAN
2008-07-03T03:43:22,OOSTERDAM,245417000,56.44042833,-135.497685,0,129.7,20.4,130,9221281,PBKH,KETCHIKAN
2008-07-03T03:41:35,OOSTERDAM,245417000,56.44688,-135.511675,0,129.4,20.4,130,9221281,PBKH,KETCHIKAN
2008-07-03T08:54:54,OOSTERDAM,245417000,56.30171333,-133.0290133,0,112.6,16.6,113,9221281,PBKH,KETCHIKAN
2008-07-03T08:52:42,OOSTERDAM,245417000,56.305345,-133.0460817,0,110.5,16.1,112,9221281,PBKH,KETCHIKAN
2008-07-03T08:50:47,OOSTERDAM,245417000,56.308315,-133.05991,0,110.4,14.9,112,9221281,PBKH,KETCHIKAN
2008-07-03T08:48:39,OOSTERDAM,245417000,56.31126167,-133.0743383,0,109.1,13.9,110,9221281,PBKH,KETCHIKAN
2008-07-03T08:47:11,OOSTERDAM,245417000,56.31315,-133.0837,0,110.8,13.2,110,9221281,PBKH,KETCHIKAN
2008-07-03T08:46:24,OOSTERDAM,245417000,56.31426667,-133.0885783,0,119.1,13.2,117,9221281,PBKH,KETCHIKAN
2008-07-03T08:46:47,OOSTERDAM,245417000,56.31366667,-133.086165,0,114.7,13.2,112,9221281,PBKH,KETCHIKAN
2008-07-03T08:45:06,OOSTERDAM,245417000,56.31687667,-133.0958183,0,132.0,13.7,130,9221281,PBKH,KETCHIKAN
2008-07-03T08:45:36,OOSTERDAM,245417000,56.31573833,-133.0931017,0,127.5,13.5,125,9221281,PBKH,KETCHIKAN
2008-07-03T08:45:53,OOSTERDAM,245417000,56.31516833,-133.0915733,0,124.1,13.3,122,9221281,PBKH,KETCHIKAN
2008-07-03T08:45:59,OOSTERDAM,245417000,56.31495167,-133.0909217,0,123.5,13.3,121,9221281,PBKH,KETCHIKAN
2008-07-03T08:44:41,OOSTERDAM,245417000,56.31788833,-133.0978833,0,135.6,14.0,134,9221281,PBKH,KETCHIKAN
2008-07-03T08:43:23,OOSTERDAM,245417000,56.32157333,-133.1043033,0,136.0,14.8,136,9221281,PBKH,KETCHIKAN
2008-07-03T08:42:23,OOSTERDAM,245417000,56.32462167,-133.109515,0,138.0,15.6,138,9221281,PBKH,KETCHIKAN
2008-07-03T08:41:36,OOSTERDAM,245417000,56.32728167,-133.1138,0,138.0,16.7,138,9221281,PBKH,KETCHIKAN
2008-07-03T08:40:24,OOSTERDAM,245417000,56.33150667,-133.1207533,0,136.1,18.2,138,9221281,PBKH,KETCHIKAN
2008-07-03T08:39:41,OOSTERDAM,245417000,56.33407667,-133.1252217,0,133.2,18.9,136,9221281,PBKH,KETCHIKAN
2008-07-03T08:38:05,OOSTERDAM,245417000,56.33990667,-133.13654,0,128.3,19.7,133,9221281,PBKH,KETCHIKAN
2008-07-03T08:38:17,OOSTERDAM,245417000,56.33920167,-133.1350333,0,129.3,19.8,134,9221281,PBKH,KETCHIKAN
2008-07-03T08:38:59,OOSTERDAM,245417000,56.336705,-133.1301467,0,132.4,19.3,136,9221281,PBKH,KETCHIKAN
2008-07-03T08:37:23,OOSTERDAM,245417000,56.34222167,-133.1421517,0,121.1,20.3,126,9221281,PBKH,KETCHIKAN
2008-07-03T08:37:54,OOSTERDAM,245417000,56.34059333,-133.1380767,0,126.1,20.0,131,9221281,PBKH,KETCHIKAN
2008-07-03T08:36:35,OOSTERDAM,245417000,56.34446167,-133.14923,0,114.1,20.6,118,9221281,PBKH,KETCHIKAN
2008-07-03T08:36:47,OOSTERDAM,245417000,56.34394833,-133.147425,0,115.8,20.6,120,9221281,PBKH,KETCHIKAN
2008-07-03T08:36:59,OOSTERDAM,245417000,56.34346167,-133.1457517,0,117.5,20.6,122,9221281,PBKH,KETCHIKAN
2008-07-03T08:36:06,OOSTERDAM,245417000,56.34560667,-133.153955,0,109.4,20.7,113,9221281,PBKH,KETCHIKAN
2008-07-03T08:35:29,OOSTERDAM,245417000,56.34673167,-133.16001,0,104.2,20.8,107,9221281,PBKH,KETCHIKAN
2008-07-03T08:35:47,OOSTERDAM,245417000,56.34621,-133.1570733,0,106.9,20.8,110,9221281,PBKH,KETCHIKAN
2008-07-03T08:34:23,OOSTERDAM,245417000,56.34807167,-133.1710417,0,100.1,20.9,101,9221281,PBKH,KETCHIKAN
2008-07-03T07:38:47,OOSTERDAM,245417000,56.33853,-133.6977367,0,23.4,21.3,24,9221281,PBKH,KETCHIKAN
2008-07-03T07:38:11,OOSTERDAM,245417000,56.33520167,-133.70043,0,23.9,21.4,25,9221281,PBKH,KETCHIKAN
2008-07-03T07:36:30,OOSTERDAM,245417000,56.32602667,-133.7079133,0,25.6,21.2,27,9221281,PBKH,KETCHIKAN
2008-07-03T07:34:41,OOSTERDAM,245417000,56.31644833,-133.7158383,0,23.8,21.2,26,9221281,PBKH,KETCHIKAN
2008-07-03T07:33:54,OOSTERDAM,245417000,56.31227333,-133.7192783,0,23.8,21.1,26,9221281,PBKH,KETCHIKAN
2008-07-03T07:31:41,OOSTERDAM,245417000,56.30054167,-133.728735,0,23.5,21.0,26,9221281,PBKH,KETCHIKAN
2008-07-03T04:19:46,OOSTERDAM,245417000,56.30694,-135.215045,0,129.4,20.1,130,9221281,PBKH,KETCHIKAN
2008-07-03T04:17:34,OOSTERDAM,245417000,56.31476667,-135.231975,0,129.7,20.1,130,9221281,PBKH,KETCHIKAN
2008-07-03T04:15:57,OOSTERDAM,245417000,56.33458,-135.274235,0,130.0,20.2,130,9221281,PBKH,KETCHIKAN
2008-07-03T04:11:04,OOSTERDAM,245417000,56.33817667,-135.2819333,0,130.5,20.2,130,9221281,PBKH,KETCHIKAN
2008-07-03T04:11:59,OOSTERDAM,245417000,56.33493333,-135.2749917,0,129.4,20.1,130,9221281,PBKH,KETCHIKAN
2008-07-03T04:08:28,OOSTERDAM,245417000,56.34795667,-135.30258,0,130.0,20.4,130,9221281,PBKH,KETCHIKAN
2008-07-03T02:55:05,OOSTERDAM,245417000,56.65899,-135.6647067,0,189.4,20.0,190,9221281,PBKH,KETCHIKAN
2008-07-03T02:55:29,OOSTERDAM,245417000,56.65678333,-135.66536,0,189.4,19.9,190,9221281,PBKH,KETCHIKAN
2008-07-03T02:54:17,OOSTERDAM,245417000,56.66337833,-135.6633167,0,189.4,20.0,190,9221281,PBKH,KETCHIKAN
2008-07-03T02:54:35,OOSTERDAM,245417000,56.6617,-135.6639883,0,189.4,20.0,190,9221281,PBKH,KETCHIKAN
2008-07-03T02:54:53,OOSTERDAM,245417000,56.66006,-135.6644567,0,189.4,19.9,190,9221281,PBKH,KETCHIKAN
2008-07-03T02:52:59,OOSTERDAM,245417000,56.67053667,-135.6611433,0,189.7,20.1,190,9221281,PBKH,KETCHIKAN
2008-07-03T02:49:29,OOSTERDAM,245417000,56.689795,-135.6551,0,189.1,20.0,190,9221281,PBKH,KETCHIKAN
2008-07-03T02:49:59,OOSTERDAM,245417000,56.687035,-135.6559383,0,190.0,20.2,190,9221281,PBKH,KETCHIKAN
2008-07-03T03:15:17,OOSTERDAM,245417000,56.550875,-135.6936867,0,175.1,20.2,173,9221281,PBKH,KETCHIKAN
2008-07-03T03:15:22,OOSTERDAM,245417000,56.55040667,-135.6935517,0,174.1,20.2,173,9221281,PBKH,KETCHIKAN
2008-07-03T03:12:11,OOSTERDAM,245417000,56.56811833,-135.69638,0,174.7,20.1,175,9221281,PBKH,KETCHIKAN
2008-07-03T03:11:47,OOSTERDAM,245417000,56.57034333,-135.696715,0,174.7,20.1,175,9221281,PBKH,KETCHIKAN
2008-07-03T03:10:05,OOSTERDAM,245417000,56.57975667,-135.6982583,0,176.2,20.0,176,9221281,PBKH,KETCHIKAN
2008-07-03T03:10:28,OOSTERDAM,245417000,56.57764833,-135.6979533,0,175.5,20.1,175,9221281,PBKH,KETCHIKAN
2008-07-03T03:09:23,OOSTERDAM,245417000,56.58362333,-135.69858,0,178.2,20.0,178,9221281,PBKH,KETCHIKAN
2008-07-03T03:08:05,OOSTERDAM,245417000,56.59083,-135.6987833,0,180.0,19.9,180,9221281,PBKH,KETCHIKAN
2008-07-03T03:07:05,OOSTERDAM,245417000,56.59636667,-135.698635,0,183.2,19.9,183,9221281,PBKH,KETCHIKAN
2008-07-03T03:07:35,OOSTERDAM,245417000,56.59359,-135.6987833,0,181.5,19.9,181,9221281,PBKH,KETCHIKAN
2008-07-03T03:06:46,OOSTERDAM,245417000,56.59810667,-135.6984517,0,185.8,19.8,185,9221281,PBKH,KETCHIKAN
2008-07-03T03:40:17,OOSTERDAM,245417000,56.45153667,-135.5217617,0,129.7,20.4,130,9221281,PBKH,KETCHIKAN
2008-07-03T03:37:47,OOSTERDAM,245417000,56.460715,-135.541545,0,129.7,20.4,130,9221281,PBKH,KETCHIKAN
2008-07-03T03:36:53,OOSTERDAM,245417000,56.46394333,-135.5483867,0,129.7,20.4,130,9221281,PBKH,KETCHIKAN
2008-07-03T03:35:04,OOSTERDAM,245417000,56.47061,-135.5627283,0,129.4,20.4,130,9221281,PBKH,KETCHIKAN
2008-07-03T03:35:47,OOSTERDAM,245417000,56.46796667,-135.5571417,0,130.0,20.4,130,9221281,PBKH,KETCHIKAN
2008-07-03T03:33:29,OOSTERDAM,245417000,56.47629333,-135.5751,0,129.7,20.3,130,9221281,PBKH,KETCHIKAN
2008-07-03T03:30:47,OOSTERDAM,245417000,56.48601833,-135.596145,0,129.7,20.4,130,9221281,PBKH,KETCHIKAN
2008-07-03T03:30:05,OOSTERDAM,245417000,56.48862667,-135.60173,0,129.4,20.3,130,9221281,PBKH,KETCHIKAN
2008-07-03T03:28:41,OOSTERDAM,245417000,56.493695,-135.6127517,0,129.7,20.4,130,9221281,PBKH,KETCHIKAN
2008-07-03T03:28:59,OOSTERDAM,245417000,56.49252333,-135.61026,0,129.7,20.4,130,9221281,PBKH,KETCHIKAN
2008-07-03T08:31:41,OOSTERDAM,245417000,56.35049833,-133.19881,0,98.7,20.9,99,9221281,PBKH,KETCHIKAN
2008-07-03T08:30:18,OOSTERDAM,245417000,56.35170333,-133.213285,0,97.4,20.7,98,9221281,PBKH,KETCHIKAN
2008-07-03T08:16:52,OOSTERDAM,245417000,56.36178167,-133.349045,0,100.0,20.2,100,9221281,PBKH,KETCHIKAN
2008-07-03T07:54:35,OOSTERDAM,245417000,56.38165167,-133.5785767,0,100.1,21.0,98,9221281,PBKH,KETCHIKAN
2008-07-03T07:53:11,OOSTERDAM,245417000,56.38299,-133.5929633,0,98.2,20.9,98,9221281,PBKH,KETCHIKAN
2008-07-03T07:53:59,OOSTERDAM,245417000,56.38228667,-133.5847067,0,98.6,21.0,97,9221281,PBKH,KETCHIKAN
2008-07-03T07:52:35,OOSTERDAM,245417000,56.38346,-133.5991467,0,97.0,20.8,97,9221281,PBKH,KETCHIKAN
2008-07-03T07:52:47,OOSTERDAM,245417000,56.383325,-133.59709,0,98.0,20.8,98,9221281,PBKH,KETCHIKAN
2008-07-03T07:52:22,OOSTERDAM,245417000,56.38361,-133.6012033,0,97.2,20.7,97,9221281,PBKH,KETCHIKAN
2008-07-03T07:49:23,OOSTERDAM,245417000,56.38417,-133.631815,0,78.5,20.3,80,9221281,PBKH,KETCHIKAN
2008-07-03T07:48:41,OOSTERDAM,245417000,56.38333833,-133.6385417,0,71.1,20.2,74,9221281,PBKH,KETCHIKAN
2008-07-03T07:47:59,OOSTERDAM,245417000,56.38188667,-133.64532,0,61.8,20.2,65,9221281,PBKH,KETCHIKAN
2008-07-03T07:47:47,OOSTERDAM,245417000,56.38138667,-133.6471533,0,59.8,20.3,63,9221281,PBKH,KETCHIKAN
2008-07-03T07:47:17,OOSTERDAM,245417000,56.37995333,-133.6515433,0,54.9,20.4,58,9221281,PBKH,KETCHIKAN
2008-07-03T07:46:54,OOSTERDAM,245417000,56.37869,-133.6547517,0,51.1,20.4,54,9221281,PBKH,KETCHIKAN
2008-07-03T07:46:30,OOSTERDAM,245417000,56.37719167,-133.6580867,0,45.9,20.4,50,9221281,PBKH,KETCHIKAN
2008-07-03T07:46:23,OOSTERDAM,245417000,56.37674333,-133.65899,0,44.9,20.4,48,9221281,PBKH,KETCHIKAN
2008-07-03T07:46:11,OOSTERDAM,245417000,56.37604333,-133.6603283,0,43.4,20.6,46,9221281,PBKH,KETCHIKAN
2008-07-03T07:46:00,OOSTERDAM,245417000,56.37529167,-133.66167,0,41.2,20.9,44,9221281,PBKH,KETCHIKAN
2008-07-03T07:45:17,OOSTERDAM,245417000,56.37212333,-133.6665233,0,36.6,21.2,38,9221281,PBKH,KETCHIKAN
2008-07-03T07:45:00,OOSTERDAM,245417000,56.37070333,-133.6684783,0,35.7,21.0,36,9221281,PBKH,KETCHIKAN
2008-07-03T07:44:30,OOSTERDAM,245417000,56.36845,-133.6714567,0,33.0,21.1,33,9221281,PBKH,KETCHIKAN
2008-07-03T07:44:05,OOSTERDAM,245417000,56.366415,-133.673865,0,30.0,21.0,30,9221281,PBKH,KETCHIKAN
2008-07-03T07:43:41,OOSTERDAM,245417000,56.36437833,-133.6759717,0,27.5,21.1,27,9221281,PBKH,KETCHIKAN
2008-07-03T07:42:17,OOSTERDAM,245417000,56.35704833,-133.6824567,0,25.3,21.0,24,9221281,PBKH,KETCHIKAN
2008-07-03T07:41:23,OOSTERDAM,245417000,56.352305,-133.686515,0,25.0,21.0,24,9221281,PBKH,KETCHIKAN
2008-07-03T04:05:14,OOSTERDAM,245417000,56.35976167,-135.3272683,0,130.8,20.6,130,9221281,PBKH,KETCHIKAN
2008-07-03T04:04:17,OOSTERDAM,245417000,56.36318667,-135.334405,0,131.1,20.5,130,9221281,PBKH,KETCHIKAN
2008-07-03T04:03:28,OOSTERDAM,245417000,56.36619333,-135.3405533,0,131.3,20.6,130,9221281,PBKH,KETCHIKAN
2008-07-03T04:01:28,OOSTERDAM,245417000,56.3738,-135.3560983,0,131.1,20.6,130,9221281,PBKH,KETCHIKAN
2008-07-03T03:59:11,OOSTERDAM,245417000,56.38236333,-135.37364,0,130.8,20.7,130,9221281,PBKH,KETCHIKAN
2008-07-03T03:56:11,OOSTERDAM,245417000,56.39366167,-135.39709,0,131.2,20.5,131,9221281,PBKH,KETCHIKAN
2008-07-03T09:21:06,OOSTERDAM,245417000,56.212725,-132.8967117,0,153.6,17.9,154,9221281,PBKH,KETCHIKAN
2008-07-03T09:18:36,OOSTERDAM,245417000,56.22384833,-132.9069167,0,152.0,17.8,152,9221281,PBKH,KETCHIKAN
2008-07-03T09:15:35,OOSTERDAM,245417000,56.23687,-132.919105,0,152.3,17.4,152,9221281,PBKH,KETCHIKAN
2008-07-03T09:12:30,OOSTERDAM,245417000,56.24990167,-132.9312533,0,152.6,16.6,152,9221281,PBKH,KETCHIKAN
2008-07-03T07:22:00,OOSTERDAM,245417000,56.24741167,-133.7609967,0,14.1,20.9,15,9221281,PBKH,KETCHIKAN
2008-07-03T07:18:48,OOSTERDAM,245417000,56.22950167,-133.7695,0,14.7,20.9,15,9221281,PBKH,KETCHIKAN
2008-07-03T07:15:47,OOSTERDAM,245417000,56.21260167,-133.77751,0,14.4,20.9,15,9221281,PBKH,KETCHIKAN
2008-07-03T07:14:12,OOSTERDAM,245417000,56.20368333,-133.7817017,0,14.4,21.1,15,9221281,PBKH,KETCHIKAN
2008-07-03T04:49:12,OOSTERDAM,245417000,56.20422667,-134.9957767,0,129.4,20.4,130,9221281,PBKH,KETCHIKAN
2008-07-03T04:46:06,OOSTERDAM,245417000,56.21138333,-135.0112783,0,130.0,20.4,130,9221281,PBKH,KETCHIKAN
2008-07-03T04:45:06,OOSTERDAM,245417000,56.21501167,-135.0190867,0,130.0,20.4,130,9221281,PBKH,KETCHIKAN
2008-07-03T04:45:19,OOSTERDAM,245417000,56.21434167,-135.017495,0,129.7,20.4,130,9221281,PBKH,KETCHIKAN
2008-07-03T04:45:52,OOSTERDAM,245417000,56.21215167,-135.0130167,0,131.0,20.4,131,9221281,PBKH,KETCHIKAN
2008-07-03T04:42:06,OOSTERDAM,245417000,56.22597667,-135.0423983,0,129.7,20.4,130,9221281,PBKH,KETCHIKAN
2008-07-03T04:42:47,OOSTERDAM,245417000,56.22351333,-135.0370017,0,129.7,20.5,130,9221281,PBKH,KETCHIKAN
2008-07-03T04:41:00,OOSTERDAM,245417000,56.229995,-135.050905,0,129.7,20.3,130,9221281,PBKH,KETCHIKAN
2008-07-03T04:39:36,OOSTERDAM,245417000,56.23502667,-135.06187,0,130.0,20.3,130,9221281,PBKH,KETCHIKAN
2008-07-03T04:36:29,OOSTERDAM,245417000,56.24626,-135.085835,0,130.0,20.2,130,9221281,PBKH,KETCHIKAN
2008-07-03T09:46:12,OOSTERDAM,245417000,56.10055333,-132.7871,0,147.3,18.8,147,9221281,PBKH,KETCHIKAN
2008-07-03T09:43:06,OOSTERDAM,245417000,56.11408,-132.8026367,0,147.0,18.6,147,9221281,PBKH,KETCHIKAN
2008-07-03T09:41:12,OOSTERDAM,245417000,56.122375,-132.8118733,0,148.6,18.5,148,9221281,PBKH,KETCHIKAN
2008-07-03T09:38:11,OOSTERDAM,245417000,56.13553333,-132.8262267,0,148.3,18.3,148,9221281,PBKH,KETCHIKAN
2008-07-03T09:36:23,OOSTERDAM,245417000,56.14335,-132.8347483,0,148.6,18.2,148,9221281,PBKH,KETCHIKAN
2008-07-03T09:35:36,OOSTERDAM,245417000,56.14676667,-132.83835,0,151.2,18.3,150,9221281,PBKH,KETCHIKAN
2008-07-03T07:04:52,OOSTERDAM,245417000,56.14365833,-133.8159433,0,26.7,21.3,27,9221281,PBKH,KETCHIKAN
2008-07-03T07:02:05,OOSTERDAM,245417000,56.13683,-133.8222583,0,27.2,21.4,27,9221281,PBKH,KETCHIKAN
2008-07-03T07:01:35,OOSTERDAM,245417000,56.13417167,-133.824715,0,27.5,21.5,27,9221281,PBKH,KETCHIKAN
2008-07-03T06:58:23,OOSTERDAM,245417000,56.11724,-133.8407283,0,27.2,21.4,27,9221281,PBKH,KETCHIKAN
2008-07-03T06:56:59,OOSTERDAM,245417000,56.10993167,-133.8476567,0,27.0,21.5,27,9221281,PBKH,KETCHIKAN
2008-07-03T05:17:17,OOSTERDAM,245417000,56.106215,-134.7588433,0,114.6,20.6,113,9221281,PBKH,KETCHIKAN
2008-07-03T05:14:11,OOSTERDAM,245417000,56.11361667,-134.78742,0,114.9,20.4,113,9221281,PBKH,KETCHIKAN
2008-07-03T05:11:11,OOSTERDAM,245417000,56.12069833,-134.814765,0,114.7,20.2,113,9221281,PBKH,KETCHIKAN
2008-07-03T05:10:17,OOSTERDAM,245417000,56.12292,-134.8229833,0,119.8,20.2,116,9221281,PBKH,KETCHIKAN
2008-07-03T05:10:41,OOSTERDAM,245417000,56.12187,-134.819305,0,117.1,20.1,114,9221281,PBKH,KETCHIKAN
2008-07-03T05:09:24,OOSTERDAM,245417000,56.125495,-134.8306083,0,124.8,20.3,122,9221281,PBKH,KETCHIKAN
2008-07-03T05:09:53,OOSTERDAM,245417000,56.12397167,-134.8263483,0,121.5,20.2,119,9221281,PBKH,KETCHIKAN
2008-07-03T05:08:05,OOSTERDAM,245417000,56.130025,-134.8409167,0,130.8,20.4,130,9221281,PBKH,KETCHIKAN
2008-07-03T05:08:54,OOSTERDAM,245417000,56.12713167,-134.8347083,0,128.2,20.3,126,9221281,PBKH,KETCHIKAN
2008-07-03T05:07:37,OOSTERDAM,245417000,56.13197833,-134.84484,0,130.8,20.4,130,9221281,PBKH,KETCHIKAN
2008-07-03T05:04:23,OOSTERDAM,245417000,56.14394333,-134.86925,0,130.2,20.3,130,9221281,PBKH,KETCHIKAN
2008-07-03T05:04:30,OOSTERDAM,245417000,56.14355833,-134.8684817,0,131.1,20.4,130,9221281,PBKH,KETCHIKAN
2008-07-03T10:07:42,OOSTERDAM,245417000,56.00803167,-132.6795817,0,148.3,18.6,147,9221281,PBKH,KETCHIKAN
2008-07-03T10:05:48,OOSTERDAM,245417000,56.016345,-132.688925,0,148.0,18.4,148,9221281,PBKH,KETCHIKAN
2008-07-03T10:04:35,OOSTERDAM,245417000,56.02153833,-132.6947467,0,147.3,18.5,147,9221281,PBKH,KETCHIKAN
2008-07-03T10:04:48,OOSTERDAM,245417000,56.02060167,-132.6936733,0,147.0,18.4,147,9221281,PBKH,KETCHIKAN
2008-07-03T10:01:29,OOSTERDAM,245417000,56.03487,-132.710115,0,146.3,18.5,147,9221281,PBKH,KETCHIKAN
2008-07-03T09:58:24,OOSTERDAM,245417000,56.04806167,-132.72556,0,146.3,18.4,147,9221281,PBKH,KETCHIKAN
2008-07-03T06:41:18,OOSTERDAM,245417000,56.04108167,-133.9571717,0,52.0,21.1,52,9221281,PBKH,KETCHIKAN
2008-07-03T06:40:06,OOSTERDAM,245417000,56.03681833,-133.9670717,0,52.0,21.1,52,9221281,PBKH,KETCHIKAN
2008-07-03T06:37:34,OOSTERDAM,245417000,56.02167333,-134.0032667,0,59.6,21.4,57,9221281,PBKH,KETCHIKAN
2008-07-03T06:35:11,OOSTERDAM,245417000,56.01983,-134.0089683,0,61.5,21.5,60,9221281,PBKH,KETCHIKAN
2008-07-03T06:34:41,OOSTERDAM,245417000,56.01847333,-134.0135167,0,64.5,21.5,63,9221281,PBKH,KETCHIKAN
2008-07-03T06:34:11,OOSTERDAM,245417000,56.01713333,-134.0183967,0,66.0,21.5,65,9221281,PBKH,KETCHIKAN
2008-07-03T06:33:47,OOSTERDAM,245417000,56.016145,-134.02233,0,67.7,21.6,67,9221281,PBKH,KETCHIKAN
2008-07-03T06:31:35,OOSTERDAM,245417000,56.01146333,-134.04406,0,68.6,21.2,70,9221281,PBKH,KETCHIKAN
2008-07-03T06:31:30,OOSTERDAM,245417000,56.01126333,-134.04503,0,69.3,21.3,70,9221281,PBKH,KETCHIKAN
2008-07-03T06:28:24,OOSTERDAM,245417000,56.00460667,-134.0753367,0,67.8,20.9,70,9221281,PBKH,KETCHIKAN
2008-07-03T06:27:11,OOSTERDAM,245417000,56.00206667,-134.0869433,0,69.4,21.2,70,9221281,PBKH,KETCHIKAN
2008-07-03T06:02:53,OOSTERDAM,245417000,56.00116,-134.331555,0,116.3,20.5,118,9221281,PBKH,KETCHIKAN
2008-07-03T06:01:24,OOSTERDAM,245417000,56.00497333,-134.3452183,0,117.0,20.6,119,9221281,PBKH,KETCHIKAN
2008-07-03T05:59:11,OOSTERDAM,245417000,56.01052,-134.3655183,0,116.7,20.6,119,9221281,PBKH,KETCHIKAN
2008-07-03T05:59:17,OOSTERDAM,245417000,56.01030333,-134.3644483,0,115.2,20.7,118,9221281,PBKH,KETCHIKAN
2008-07-03T05:58:53,OOSTERDAM,245417000,56.01127167,-134.367925,0,116.7,20.7,119,9221281,PBKH,KETCHIKAN
2008-07-03T05:57:17,OOSTERDAM,245417000,56.01529667,-134.38284,0,115.2,20.7,119,9221281,PBKH,KETCHIKAN
2008-07-03T05:55:53,OOSTERDAM,245417000,56.018775,-134.3956433,0,115.2,20.8,118,9221281,PBKH,KETCHIKAN
2008-07-03T05:55:52,OOSTERDAM,245417000,56.02293333,-134.41158,0,114.9,20.8,118,9221281,PBKH,KETCHIKAN
2008-07-03T05:52:48,OOSTERDAM,245417000,56.02631333,-134.4247217,0,114.1,20.8,118,9221281,PBKH,KETCHIKAN
2008-07-03T05:51:11,OOSTERDAM,245417000,56.03008167,-134.4397117,0,112.5,20.5,117,9221281,PBKH,KETCHIKAN
2008-07-03T05:51:29,OOSTERDAM,245417000,56.02941167,-134.43696,0,112.9,20.5,118,9221281,PBKH,KETCHIKAN
2008-07-03T05:50:35,OOSTERDAM,245417000,56.03146833,-134.4455333,0,113.3,20.4,117,9221281,PBKH,KETCHIKAN
2008-07-03T05:50:59,OOSTERDAM,245417000,56.03054833,-134.4416,0,112.7,20.5,117,9221281,PBKH,KETCHIKAN
2008-07-03T05:50:50,OOSTERDAM,245417000,56.03701833,-134.4720767,0,110.3,20.7,112,9221281,PBKH,KETCHIKAN
2008-07-03T05:50:05,OOSTERDAM,245417000,56.03252333,-134.450115,0,111.2,20.5,116,9221281,PBKH,KETCHIKAN
2008-07-03T05:47:53,OOSTERDAM,245417000,56.03681667,-134.47113,0,110.3,20.7,112,9221281,PBKH,KETCHIKAN
2008-07-03T05:46:17,OOSTERDAM,245417000,56.04013,-134.4865233,0,111.6,20.8,113,9221281,PBKH,KETCHIKAN
2008-07-03T05:46:59,OOSTERDAM,245417000,56.03863833,-134.4797933,0,111.8,20.8,113,9221281,PBKH,KETCHIKAN
2008-07-03T05:43:35,OOSTERDAM,245417000,56.04617167,-134.5122767,0,111.8,20.7,114,9221281,PBKH,KETCHIKAN
2008-07-03T10:30:54,OOSTERDAM,245417000,55.90355,-132.5652783,0,148.0,19.5,148,9221281,PBKH,KETCHIKAN
2008-07-03T10:27:48,OOSTERDAM,245417000,55.91759333,-132.580825,0,147.7,19.4,148,9221281,PBKH,KETCHIKAN
2008-07-03T10:24:42,OOSTERDAM,245417000,55.93169333,-132.5966167,0,147.4,19.4,148,9221281,PBKH,KETCHIKAN
2008-07-03T10:21:35,OOSTERDAM,245417000,55.94583,-132.61246,0,148.2,19.3,148,9221281,PBKH,KETCHIKAN
2008-07-03T09:10:29,OOSTERDAM,245417000,56.257985,-132.9386217,0,153.4,16.0,152,9221281,PBKH,KETCHIKAN
2008-07-03T09:09:35,OOSTERDAM,245417000,56.26153,-132.9417633,0,153.8,15.8,152,9221281,PBKH,KETCHIKAN
2008-07-03T09:08:23,OOSTERDAM,245417000,56.26630667,-132.9457183,0,157.8,15.6,156,9221281,PBKH,KETCHIKAN
2008-07-03T09:08:47,OOSTERDAM,245417000,56.26468,-132.94439,0,155.4,15.7,154,9221281,PBKH,KETCHIKAN
2008-07-03T09:07:18,OOSTERDAM,245417000,56.27067,-132.9489067,0,156.9,15.7,158,9221281,PBKH,KETCHIKAN
2008-07-03T09:07:29,OOSTERDAM,245417000,56.27,-132.9484033,0,155.9,15.7,157,9221281,PBKH,KETCHIKAN
2008-07-03T09:06:23,OOSTERDAM,245417000,56.27425833,-132.9519483,0,153.4,15.7,156,9221281,PBKH,KETCHIKAN
2008-07-03T09:06:36,OOSTERDAM,245417000,56.27339833,-132.9511983,0,153.4,15.7,156,9221281,PBKH,KETCHIKAN
2008-07-03T09:05:12,OOSTERDAM,245417000,56.27875333,-132.9566617,0,143.5,16.1,146,9221281,PBKH,KETCHIKAN
2008-07-03T09:05:18,OOSTERDAM,245417000,56.27845333,-132.9562617,0,143.1,16.0,146,9221281,PBKH,KETCHIKAN
2008-07-03T09:05:43,OOSTERDAM,245417000,56.27697667,-132.9545367,0,146.3,15.8,150,9221281,PBKH,KETCHIKAN
2008-07-03T09:05:59,OOSTERDAM,245417000,56.27582,-132.9534033,0,149.7,15.8,153,9221281,PBKH,KETCHIKAN
2008-07-03T09:04:06,OOSTERDAM,245417000,56.28266,-132.96234,0,138.0,16.4,138,9221281,PBKH,KETCHIKAN
2008-07-03T09:04:42,OOSTERDAM,245417000,56.28051667,-132.959125,0,139.8,16.3,142,9221281,PBKH,KETCHIKAN
2008-07-03T09:03:06,OOSTERDAM,245417000,56.28586167,-132.967955,0,130.3,16.4,131,9221281,PBKH,KETCHIKAN
2008-07-03T09:03:29,OOSTERDAM,245417000,56.28467,-132.9656483,0,134.0,16.4,134,9221281,PBKH,KETCHIKAN
2008-07-03T09:03:36,OOSTERDAM,245417000,56.28433167,-132.965075,0,135.0,16.4,135,9221281,PBKH,KETCHIKAN
2008-07-03T09:02:12,OOSTERDAM,245417000,56.28846667,-132.97377,0,121.9,16.5,124,9221281,PBKH,KETCHIKAN
2008-07-03T09:02:29,OOSTERDAM,245417000,56.28766,-132.9718267,0,125.6,16.5,127,9221281,PBKH,KETCHIKAN
2008-07-03T09:02:49,OOSTERDAM,245417000,56.28676833,-132.96978,0,127.9,16.5,129,9221281,PBKH,KETCHIKAN
2008-07-03T09:01:05,OOSTERDAM,245417000,56.29095167,-132.9816817,0,115.0,16.7,115,9221281,PBKH,KETCHIKAN
2008-07-03T09:01:36,OOSTERDAM,245417000,56.28991,-132.97798,0,117.6,16.6,119,9221281,PBKH,KETCHIKAN
2008-07-03T08:59:59,OOSTERDAM,245417000,56.29301667,-132.9900483,0,113.0,16.7,112,9221281,PBKH,KETCHIKAN
2008-07-03T08:58:05,OOSTERDAM,245417000,56.29630833,-133.004615,0,110.6,16.6,111,9221281,PBKH,KETCHIKAN
2008-07-03T07:30:05,OOSTERDAM,245417000,56.29197,-133.7352733,0,22.8,21.0,25,9221281,PBKH,KETCHIKAN
2008-07-03T07:29:35,OOSTERDAM,245417000,56.28917833,-133.7373467,0,21.2,21.0,24,9221281,PBKH,KETCHIKAN
2008-07-03T07:26:47,OOSTERDAM,245417000,56.269085,-133.7506733,0,15.8,20.8,17,9221281,PBKH,KETCHIKAN
2008-07-03T07:25:05,OOSTERDAM,245417000,56.26470167,-133.7528167,0,14.7,20.8,15,9221281,PBKH,KETCHIKAN
2008-07-03T04:33:29,OOSTERDAM,245417000,56.25708667,-135.1087833,0,130.1,20.3,131,9221281,PBKH,KETCHIKAN
2008-07-03T04:30:23,OOSTERDAM,245417000,56.26840333,-135.1328033,0,130.0,20.5,130,9221281,PBKH,KETCHIKAN
2008-07-03T04:27:17,OOSTERDAM,245417000,56.279755,-135.1570233,0,130.5,20.4,130,9221281,PBKH,KETCHIKAN
2008-07-03T04:24:12,OOSTERDAM,245417000,56.291065,-135.1810133,0,129.7,20.4,130,9221281,PBKH,KETCHIKAN
2008-07-03T04:22:47,OOSTERDAM,245417000,56.29615667,-135.1918417,0,130.0,20.2,130,9221281,PBKH,KETCHIKAN
2008-07-03T09:34:18,OOSTERDAM,245417000,56.15257,-132.8439383,0,152.3,18.3,152,9221281,PBKH,KETCHIKAN
2008-07-03T09:33:06,OOSTERDAM,245417000,56.15796833,-132.8489733,0,152.6,18.3,152,9221281,PBKH,KETCHIKAN
2008-07-03T09:32:12,OOSTERDAM,245417000,56.162035,-132.852655,0,154.3,18.3,154,9221281,PBKH,KETCHIKAN
2008-07-03T09:29:12,OOSTERDAM,245417000,56.17584167,-132.8646283,0,153.6,18.3,154,9221281,PBKH,KETCHIKAN
2008-07-03T09:28:12,OOSTERDAM,245417000,56.180365,-132.86869,0,154.0,18.4,154,9221281,PBKH,KETCHIKAN
2008-07-03T09:28:42,OOSTERDAM,245417000,56.17810667,-132.8666083,0,153.6,18.4,154,9221281,PBKH,KETCHIKAN
2008-07-03T09:25:06,OOSTERDAM,245417000,56.19472333,-132.880915,0,154.0,18.3,154,9221281,PBKH,KETCHIKAN
2008-07-03T09:24:11,OOSTERDAM,245417000,56.19886667,-132.8844383,0,154.3,18.3,155,9221281,PBKH,KETCHIKAN
2008-07-03T07:13:23,OOSTERDAM,245417000,56.19910167,-133.783925,0,14.1,21.2,15,9221281,PBKH,KETCHIKAN
2008-07-03T07:10:23,OOSTERDAM,245417000,56.182125,-133.7918467,0,14.7,21.0,15,9221281,PBKH,KETCHIKAN
2008-07-03T07:07:47,OOSTERDAM,245417000,56.167535,-133.7989833,0,15.0,20.9,15,9221281,PBKH,KETCHIKAN
2008-07-03T07:07:41,OOSTERDAM,245417000,56.16698333,-133.79925,0,15.2,20.9,15,9221281,PBKH,KETCHIKAN
2008-07-03T07:07:36,OOSTERDAM,245417000,56.16643,-133.799535,0,15.5,20.8,15,9221281,PBKH,KETCHIKAN
2008-07-03T07:07:23,OOSTERDAM,245417000,56.16530833,-133.8000867,0,16.5,21.0,16,9221281,PBKH,KETCHIKAN
2008-07-03T05:01:21,OOSTERDAM,245417000,56.15736333,-134.8968417,0,130.2,20.6,130,9221281,PBKH,KETCHIKAN
2008-07-03T04:58:17,OOSTERDAM,245417000,56.16660333,-134.9161533,0,130.5,20.7,130,9221281,PBKH,KETCHIKAN
2008-07-03T04:57:29,OOSTERDAM,245417000,56.16965,-134.922495,0,130.2,20.6,130,9221281,PBKH,KETCHIKAN
2008-07-03T04:55:26,OOSTERDAM,245417000,56.18261,-134.949785,0,130.5,20.5,130,9221281,PBKH,KETCHIKAN
2008-07-03T04:52:17,OOSTERDAM,245417000,56.18887833,-134.963015,0,129.4,20.5,130,9221281,PBKH,KETCHIKAN
2008-07-03T04:52:23,OOSTERDAM,245417000,56.188445,-134.9621017,0,131.0,20.5,131,9221281,PBKH,KETCHIKAN
2008-07-03T10:20:12,OOSTERDAM,245417000,55.952215,-132.6194933,0,148.8,19.3,148,9221281,PBKH,KETCHIKAN
2008-07-03T10:17:05,OOSTERDAM,245417000,55.96634333,-132.6346733,0,148.5,19.1,148,9221281,PBKH,KETCHIKAN
2008-07-03T10:15:12,OOSTERDAM,245417000,55.974845,-132.643795,0,149.5,18.9,148,9221281,PBKH,KETCHIKAN
2008-07-03T10:12:35,OOSTERDAM,245417000,55.98650333,-132.6561867,0,150.2,18.7,149,9221281,PBKH,KETCHIKAN
2008-07-03T10:11:24,OOSTERDAM,245417000,55.99186,-132.6618083,0,148.9,18.7,148,9221281,PBKH,KETCHIKAN
2008-07-03T10:10:43,OOSTERDAM,245417000,55.99493167,-132.6651283,0,148.5,18.6,147,9221281,PBKH,KETCHIKAN
2008-07-03T06:24:36,OOSTERDAM,245417000,55.99688,-134.112165,0,70.0,20.7,70,9221281,PBKH,KETCHIKAN
2008-07-03T06:23:53,OOSTERDAM,245417000,55.99555667,-134.11896,0,72.3,20.5,71,9221281,PBKH,KETCHIKAN
2008-07-03T06:23:23,OOSTERDAM,245417000,55.99467167,-134.124005,0,75.6,20.6,74,9221281,PBKH,KETCHIKAN
2008-07-03T06:23:05,OOSTERDAM,245417000,55.99418667,-134.1270433,0,77.9,20.7,76,9221281,PBKH,KETCHIKAN
2008-07-03T06:22:59,OOSTERDAM,245417000,55.99405167,-134.128,0,77.6,20.7,76,9221281,PBKH,KETCHIKAN
2008-07-03T06:22:23,OOSTERDAM,245417000,55.99343333,-134.1339583,0,81.1,20.8,80,9221281,PBKH,KETCHIKAN
2008-07-03T06:21:54,OOSTERDAM,245417000,55.99301,-134.1390217,0,84.6,20.8,83,9221281,PBKH,KETCHIKAN
2008-07-03T06:21:47,OOSTERDAM,245417000,55.992925,-134.1400217,0,84.3,20.8,83,9221281,PBKH,KETCHIKAN
2008-07-03T06:21:11,OOSTERDAM,245417000,55.99262,-134.1461867,0,87.5,20.9,87,9221281,PBKH,KETCHIKAN
2008-07-03T06:20:17,OOSTERDAM,245417000,55.99253333,-134.1556433,0,89.7,20.7,90,9221281,PBKH,KETCHIKAN
2008-07-03T06:18:05,OOSTERDAM,245417000,55.99248333,-134.1780983,0,89.7,20.8,90,9221281,PBKH,KETCHIKAN
2008-07-03T06:16:05,OOSTERDAM,245417000,55.99245,-134.1986683,0,88.9,20.9,90,9221281,PBKH,KETCHIKAN
2008-07-03T06:16:23,OOSTERDAM,245417000,55.992435,-134.1955833,0,88.6,21.0,90,9221281,PBKH,KETCHIKAN
2008-07-03T06:15:42,OOSTERDAM,245417000,55.99236667,-134.2027267,0,88.9,20.9,90,9221281,PBKH,KETCHIKAN
2008-07-03T06:15:05,OOSTERDAM,245417000,55.99231833,-134.2092083,0,88.0,20.9,90,9221281,PBKH,KETCHIKAN
2008-07-03T06:14:53,OOSTERDAM,245417000,55.992235,-134.211315,0,88.6,21.0,90,9221281,PBKH,KETCHIKAN
2008-07-03T06:13:53,OOSTERDAM,245417000,55.99225,-134.2214983,0,88.3,21.0,90,9221281,PBKH,KETCHIKAN
2008-07-03T06:13:11,OOSTERDAM,245417000,55.99216667,-134.22888,0,90.7,20.8,91,9221281,PBKH,KETCHIKAN
2008-07-03T06:10:35,OOSTERDAM,245417000,55.99296333,-134.2554783,0,93.4,20.7,94,9221281,PBKH,KETCHIKAN
2008-07-03T06:08:47,OOSTERDAM,245417000,55.99359833,-134.2736417,0,93.4,20.7,94,9221281,PBKH,KETCHIKAN
2008-07-03T06:07:17,OOSTERDAM,245417000,55.99421,-134.2889067,0,95.5,20.6,95,9221281,PBKH,KETCHIKAN
2008-07-03T06:07:59,OOSTERDAM,245417000,55.99394333,-134.2819183,0,93.4,20.6,94,9221281,PBKH,KETCHIKAN
2008-07-03T06:06:23,OOSTERDAM,245417000,55.99482333,-134.2981683,0,100.2,20.5,100,9221281,PBKH,KETCHIKAN
2008-07-03T06:06:47,OOSTERDAM,245417000,55.99450667,-134.29412,0,98.2,20.5,98,9221281,PBKH,KETCHIKAN
2008-07-03T06:06:12,OOSTERDAM,245417000,55.99500667,-134.3001717,0,101.0,20.5,101,9221281,PBKH,KETCHIKAN
2008-07-03T06:05:41,OOSTERDAM,245417000,55.99557333,-134.3051533,0,103.4,20.5,104,9221281,PBKH,KETCHIKAN
2008-07-03T06:05:47,OOSTERDAM,245417000,55.99542167,-134.3039817,0,104.2,20.5,104,9221281,PBKH,KETCHIKAN
2008-07-03T06:04:41,OOSTERDAM,245417000,55.99705833,-134.315025,0,110.0,20.5,110,9221281,PBKH,KETCHIKAN
2008-07-03T06:04:48,OOSTERDAM,245417000,55.99689,-134.3139983,0,108.7,20.5,109,9221281,PBKH,KETCHIKAN
2008-07-03T06:04:59,OOSTERDAM,245417000,55.99657333,-134.31203,0,107.7,20.5,108,9221281,PBKH,KETCHIKAN
2008-07-03T06:03:53,OOSTERDAM,245417000,55.99869667,-134.3222683,0,113.7,20.5,114,9221281,PBKH,KETCHIKAN
2008-07-03T06:03:59,OOSTERDAM,245417000,55.99848,-134.3213517,0,113.4,20.4,114,9221281,PBKH,KETCHIKAN
2008-07-03T09:56:24,OOSTERDAM,245417000,56.056595,-132.73569,0,146.0,18.4,147,9221281,PBKH,KETCHIKAN
2008-07-03T09:55:00,OOSTERDAM,245417000,56.062535,-132.7427583,0,146.7,18.3,148,9221281,PBKH,KETCHIKAN
2008-07-03T09:51:54,OOSTERDAM,245417000,56.07578667,-132.7583817,0,147.0,18.4,148,9221281,PBKH,KETCHIKAN
2008-07-03T09:49:35,OOSTERDAM,245417000,56.08575667,-132.7700167,0,147.0,18.7,147,9221281,PBKH,KETCHIKAN
2008-07-03T09:46:31,OOSTERDAM,245417000,56.09924333,-132.7855733,0,146.6,18.8,147,9221281,PBKH,KETCHIKAN
2008-07-03T06:54:41,OOSTERDAM,245417000,56.09767167,-133.85903,0,28.0,21.4,28,9221281,PBKH,KETCHIKAN
2008-07-03T06:52:53,OOSTERDAM,245417000,56.08827333,-133.8678267,0,28.8,21.3,28,9221281,PBKH,KETCHIKAN
2008-07-03T06:52:47,OOSTERDAM,245417000,56.08773667,-133.86833,0,29.0,21.3,28,9221281,PBKH,KETCHIKAN
2008-07-03T06:52:41,OOSTERDAM,245417000,56.08723667,-133.8687967,0,29.0,21.3,28,9221281,PBKH,KETCHIKAN
2008-07-03T06:52:29,OOSTERDAM,245417000,56.0862,-133.8697983,0,29.5,21.5,28,9221281,PBKH,KETCHIKAN
2008-07-03T06:52:01,OOSTERDAM,245417000,56.06911833,-133.8943933,0,50.5,21.8,49,9221281,PBKH,KETCHIKAN
2008-07-03T06:48:06,OOSTERDAM,245417000,56.06636667,-133.9003967,0,50.0,21.7,50,9221281,PBKH,KETCHIKAN
2008-07-03T06:45:05,OOSTERDAM,245417000,56.05489,-133.9252617,0,50.2,21.4,50,9221281,PBKH,KETCHIKAN
2008-07-03T06:44:23,OOSTERDAM,245417000,56.05229333,-133.9310217,0,52.2,21.5,52,9221281,PBKH,KETCHIKAN
2008-07-03T05:41:12,OOSTERDAM,245417000,56.05138,-134.5348017,0,113.1,20.7,114,9221281,PBKH,KETCHIKAN
2008-07-03T05:39:41,OOSTERDAM,245417000,56.05476,-134.5491633,0,111.8,20.6,113,9221281,PBKH,KETCHIKAN
2008-07-03T05:38:42,OOSTERDAM,245417000,56.05694833,-134.55862,0,111.8,20.7,113,9221281,PBKH,KETCHIKAN
2008-07-03T05:35:36,OOSTERDAM,245417000,56.06377667,-134.5878517,0,112.4,20.5,113,9221281,PBKH,KETCHIKAN
2008-07-03T05:32:53,OOSTERDAM,245417000,56.06980167,-134.6129383,0,113.5,20.3,113,9221281,PBKH,KETCHIKAN
2008-07-03T05:30:53,OOSTERDAM,245417000,56.07428833,-134.631555,0,113.5,20.5,113,9221281,PBKH,KETCHIKAN
2008-07-03T05:27:35,OOSTERDAM,245417000,56.08191667,-134.6623467,0,113.5,20.4,113,9221281,PBKH,KETCHIKAN
2008-07-03T05:25:55,OOSTERDAM,245417000,56.09074667,-134.6980567,0,114.1,20.7,113,9221281,PBKH,KETCHIKAN
2008-07-03T05:22:53,OOSTERDAM,245417000,56.09282167,-134.7063517,0,113.5,20.7,113,9221281,PBKH,KETCHIKAN
2008-07-03T05:20:18,OOSTERDAM,245417000,56.09894,-134.7307133,0,114.3,20.7,113,9221281,PBKH,KETCHIKAN
2008-07-03T05:20:59,OOSTERDAM,245417000,56.09726667,-134.7239667,0,114.1,20.7,113,9221281,PBKH,KETCHIKAN
2008-07-03T11:01:41,OOSTERDAM,245417000,55.76370667,-132.4187267,0,153.5,19.1,153,9221281,PBKH,KETCHIKAN
2008-07-03T10:59:30,OOSTERDAM,245417000,55.77418667,-132.4282233,0,152.2,19.2,152,9221281,PBKH,KETCHIKAN
2008-07-03T10:57:17,OOSTERDAM,245417000,55.784505,-132.4376433,0,153.0,19.2,153,9221281,PBKH,KETCHIKAN
2008-07-03T10:55:59,OOSTERDAM,245417000,55.79061833,-132.4433533,0,150.7,19.1,151,9221281,PBKH,KETCHIKAN
2008-07-03T11:26:53,OOSTERDAM,245417000,55.65562,-132.3106533,0,150.0,16.0,150,9221281,PBKH,KETCHIKAN
2008-07-03T11:23:47,OOSTERDAM,245417000,55.66745167,-132.3226183,0,150.0,15.4,150,9221281,PBKH,KETCHIKAN
2008-07-03T11:22:54,OOSTERDAM,245417000,55.67079333,-132.3259583,0,150.0,15.7,150,9221281,PBKH,KETCHIKAN
2008-07-03T11:21:54,OOSTERDAM,245417000,55.67462167,-132.3297383,0,150.3,16.2,150,9221281,PBKH,KETCHIKAN
2008-07-03T11:20:54,OOSTERDAM,245417000,55.67854333,-132.3337267,0,151.0,16.5,151,9221281,PBKH,KETCHIKAN
2008-07-03T11:18:59,OOSTERDAM,245417000,55.68640833,-132.3416083,0,150.0,17.6,150,9221281,PBKH,KETCHIKAN
2008-07-03T11:16:12,OOSTERDAM,245417000,55.69838833,-132.3539367,0,149.3,18.4,150,9221281,PBKH,KETCHIKAN
2008-07-03T11:57:05,OOSTERDAM,245417000,55.55021167,-132.1666483,0,128.8,15.8,127,9221281,PBKH,KETCHIKAN
2008-07-03T11:56:05,OOSTERDAM,245417000,55.55306,-132.1725583,0,135.8,15.7,134,9221281,PBKH,KETCHIKAN
2008-07-03T11:56:29,OOSTERDAM,245417000,55.551955,-132.1703267,0,132.4,15.8,131,9221281,PBKH,KETCHIKAN
2008-07-03T11:55:29,OOSTERDAM,245417000,55.55491833,-132.1757583,0,138.0,15.9,138,9221281,PBKH,KETCHIKAN
2008-07-03T11:55:59,OOSTERDAM,245417000,55.55336167,-132.1731117,0,135.4,15.8,134,9221281,PBKH,KETCHIKAN
2008-07-03T11:53:23,OOSTERDAM,245417000,55.56178667,-132.1866533,0,138.3,15.8,138,9221281,PBKH,KETCHIKAN
2008-07-03T11:50:11,OOSTERDAM,245417000,55.572335,-132.2032267,0,138.3,15.9,138,9221281,PBKH,KETCHIKAN
2008-07-03T11:48:48,OOSTERDAM,245417000,55.576865,-132.210285,0,138.0,15.9,138,9221281,PBKH,KETCHIKAN
2008-07-03T11:45:47,OOSTERDAM,245417000,55.58692,-132.2259283,0,139.0,16.1,138,9221281,PBKH,KETCHIKAN
2008-07-03T11:42:42,OOSTERDAM,245417000,55.597275,-132.241735,0,138.3,15.9,138,9221281,PBKH,KETCHIKAN
2008-07-03T10:53:28,OOSTERDAM,245417000,55.80211,-132.4553583,0,148.6,19.0,148,9221281,PBKH,KETCHIKAN
2008-07-03T10:48:06,OOSTERDAM,245417000,55.8264,-132.4812667,0,149.5,19.0,148,9221281,PBKH,KETCHIKAN
2008-07-03T10:44:48,OOSTERDAM,245417000,55.84125833,-132.4971367,0,148.9,19.0,148,9221281,PBKH,KETCHIKAN
2008-07-03T10:44:06,OOSTERDAM,245417000,55.84439333,-132.50049,0,148.6,18.9,148,9221281,PBKH,KETCHIKAN
2008-07-03T11:13:05,OOSTERDAM,245417000,55.71200333,-132.3682517,0,150.0,18.3,151,9221281,PBKH,KETCHIKAN
2008-07-03T11:12:05,OOSTERDAM,245417000,55.71639667,-132.3729433,0,149.1,18.3,151,9221281,PBKH,KETCHIKAN
2008-07-03T11:10:18,OOSTERDAM,245417000,55.72424167,-132.3811567,0,149.0,18.4,150,9221281,PBKH,KETCHIKAN
2008-07-03T11:09:17,OOSTERDAM,245417000,55.728615,-132.3858467,0,149.6,18.5,150,9221281,PBKH,KETCHIKAN
2008-07-03T11:08:18,OOSTERDAM,245417000,55.73306,-132.3904267,0,150.0,18.6,150,9221281,PBKH,KETCHIKAN
2008-07-03T11:07:53,OOSTERDAM,245417000,55.73485333,-132.39222,0,151.6,18.5,151,9221281,PBKH,KETCHIKAN
2008-07-03T11:04:41,OOSTERDAM,245417000,55.74962,-132.405825,0,152.0,19.0,152,9221281,PBKH,KETCHIKAN
2008-07-03T11:39:28,OOSTERDAM,245417000,55.60802333,-132.2581617,0,140.0,15.7,139,9221281,PBKH,KETCHIKAN
2008-07-03T11:39:36,OOSTERDAM,245417000,55.60763833,-132.2575417,0,140.0,15.8,139,9221281,PBKH,KETCHIKAN
2008-07-03T11:38:28,OOSTERDAM,245417000,55.611465,-132.26293,0,145.7,15.8,145,9221281,PBKH,KETCHIKAN
2008-07-03T11:38:59,OOSTERDAM,245417000,55.60965,-132.2605267,0,143.4,15.8,142,9221281,PBKH,KETCHIKAN
2008-07-03T11:37:12,OOSTERDAM,245417000,55.61618833,-132.268235,0,148.0,15.9,148,9221281,PBKH,KETCHIKAN
2008-07-03T11:34:48,OOSTERDAM,245417000,55.625225,-132.2781717,0,148.6,16.0,149,9221281,PBKH,KETCHIKAN
2008-07-03T11:31:47,OOSTERDAM,245417000,55.63655667,-132.2908033,0,147.2,16.3,148,9221281,PBKH,KETCHIKAN
2008-07-03T11:30:47,OOSTERDAM,245417000,55.640405,-132.295015,0,149.0,16.3,149,9221281,PBKH,KETCHIKAN
2008-07-03T11:29:53,OOSTERDAM,245417000,55.64390667,-132.298655,0,149.6,16.4,150,9221281,PBKH,KETCHIKAN
2008-07-03T10:41:18,OOSTERDAM,245417000,55.85694833,-132.5139433,0,148.3,18.9,148,9221281,PBKH,KETCHIKAN
2008-07-03T10:38:41,OOSTERDAM,245417000,55.86862167,-132.5266183,0,148.6,18.9,148,9221281,PBKH,KETCHIKAN
2008-07-03T10:34:12,OOSTERDAM,245417000,55.888695,-132.5486867,0,147.7,19.1,148,9221281,PBKH,KETCHIKAN
2008-07-03T12:42:06,OOSTERDAM,245417000,55.45154167,-131.8622117,0,130.0,15.9,130,9221281,PBKH,KETCHIKAN
2008-07-03T12:41:18,OOSTERDAM,245417000,55.45377333,-131.866975,0,128.5,15.8,130,9221281,PBKH,KETCHIKAN
2008-07-03T12:40:18,OOSTERDAM,245417000,55.45639333,-131.8731333,0,121.4,15.8,124,9221281,PBKH,KETCHIKAN
2008-07-03T12:40:41,OOSTERDAM,245417000,55.45542,-131.870715,0,125.1,15.8,128,9221281,PBKH,KETCHIKAN
2008-07-03T12:39:23,OOSTERDAM,245417000,55.458355,-131.8793417,0,114.1,15.9,116,9221281,PBKH,KETCHIKAN
2008-07-03T12:39:35,OOSTERDAM,245417000,55.457985,-131.877955,0,114.8,15.9,117,9221281,PBKH,KETCHIKAN
2008-07-03T12:39:59,OOSTERDAM,245417000,55.45718,-131.8753567,0,118.4,15.8,121,9221281,PBKH,KETCHIKAN
2008-07-03T12:37:23,OOSTERDAM,245417000,55.46165667,-131.89379,0,111.6,16.0,112,9221281,PBKH,KETCHIKAN
2008-07-03T12:36:41,OOSTERDAM,245417000,55.46276167,-131.8988933,0,110.9,15.9,112,9221281,PBKH,KETCHIKAN
2008-07-03T12:36:12,OOSTERDAM,245417000,55.463465,-131.90244,0,110.9,15.9,112,9221281,PBKH,KETCHIKAN
2008-07-03T12:35:29,OOSTERDAM,245417000,55.46458,-131.90764,0,110.9,15.9,112,9221281,PBKH,KETCHIKAN
2008-07-03T12:35:53,OOSTERDAM,245417000,55.46399,-131.9046983,0,111.2,15.9,112,9221281,PBKH,KETCHIKAN
2008-07-03T12:33:29,OOSTERDAM,245417000,55.46780833,-131.9220683,0,110.9,15.8,112,9221281,PBKH,KETCHIKAN
2008-07-03T12:30:48,OOSTERDAM,245417000,55.472275,-131.9414267,0,112.7,16.0,112,9221281,PBKH,KETCHIKAN
2008-07-03T12:28:29,OOSTERDAM,245417000,55.47628,-131.9581383,0,113.4,16.2,112,9221281,PBKH,KETCHIKAN
2008-07-03T12:27:29,OOSTERDAM,245417000,55.47804333,-131.96539,0,113.0,16.2,112,9221281,PBKH,KETCHIKAN
2008-07-03T12:25:58,OOSTERDAM,245417000,55.480725,-131.97643,0,112.7,16.1,112,9221281,PBKH,KETCHIKAN
2008-07-03T12:24:36,OOSTERDAM,245417000,55.48314167,-131.9864483,0,113.7,16.0,112,9221281,PBKH,KETCHIKAN
2008-07-03T12:23:24,OOSTERDAM,245417000,55.48540167,-131.9948183,0,119.4,16.0,118,9221281,PBKH,KETCHIKAN
2008-07-03T12:23:58,OOSTERDAM,245417000,55.48423,-131.990745,0,117.1,16.0,115,9221281,PBKH,KETCHIKAN
2008-07-03T12:22:58,OOSTERDAM,245417000,55.48632167,-131.9977667,0,121.4,16.1,120,9221281,PBKH,KETCHIKAN
2008-07-03T12:20:48,OOSTERDAM,245417000,55.49158,-132.0120617,0,123.3,16.1,123,9221281,PBKH,KETCHIKAN
2008-07-03T12:19:24,OOSTERDAM,245417000,55.49504333,-132.0212583,0,123.3,16.1,123,9221281,PBKH,KETCHIKAN
2008-07-03T12:17:29,OOSTERDAM,245417000,55.49980167,-132.0338117,0,124.0,16.1,123,9221281,PBKH,KETCHIKAN
2008-07-03T21:53:36,OOSTERDAM,245417000,55.25336833,-131.4603433,0,137.6,17.4,138,9221281,PBKH,VICTORIA
2008-07-03T21:50:36,OOSTERDAM,245417000,55.26427167,-131.4774167,0,137.6,17.5,138,9221281,PBKH,VICTORIA
2008-07-03T21:49:00,OOSTERDAM,245417000,55.26995167,-131.4868233,0,131.0,17.6,133,9221281,PBKH,VICTORIA
2008-07-03T21:49:12,OOSTERDAM,245417000,55.26927833,-131.48558,0,133.0,17.8,135,9221281,PBKH,VICTORIA
2008-07-03T21:49:36,OOSTERDAM,245417000,55.26787,-131.4831717,0,135.0,17.5,137,9221281,PBKH,VICTORIA
2008-07-03T21:48:06,OOSTERDAM,245417000,55.272835,-131.49288,0,125.4,17.7,128,9221281,PBKH,VICTORIA
2008-07-03T21:48:12,OOSTERDAM,245417000,55.272415,-131.49194,0,125.4,17.7,128,9221281,PBKH,VICTORIA
2008-07-03T21:48:30,OOSTERDAM,245417000,55.27151167,-131.490035,0,127.7,17.6,130,9221281,PBKH,VICTORIA
2008-07-03T21:47:24,OOSTERDAM,245417000,55.27464667,-131.497755,0,120.7,17.8,123,9221281,PBKH,VICTORIA
2008-07-03T21:47:37,OOSTERDAM,245417000,55.27412667,-131.4963,0,121.4,17.7,125,9221281,PBKH,VICTORIA
2008-07-03T21:46:18,OOSTERDAM,245417000,55.277355,-131.5060983,0,116.6,17.6,118,9221281,PBKH,VICTORIA
2008-07-03T21:46:48,OOSTERDAM,245417000,55.27614667,-131.5022133,0,118.3,17.8,119,9221281,PBKH,VICTORIA
2008-07-03T21:45:48,OOSTERDAM,245417000,55.27844333,-131.5099417,0,117.6,17.5,118,9221281,PBKH,VICTORIA
2008-07-03T21:43:18,OOSTERDAM,245417000,55.283515,-131.52886,0,113.3,16.7,114,9221281,PBKH,VICTORIA
2008-07-03T21:43:30,OOSTERDAM,245417000,55.28308,-131.5272217,0,113.9,16.8,115,9221281,PBKH,VICTORIA
2008-07-03T21:42:18,OOSTERDAM,245417000,55.285175,-131.53625,0,110.0,16.0,110,9221281,PBKH,VICTORIA
2008-07-03T21:41:25,OOSTERDAM,245417000,55.28659833,-131.542795,0,111.0,15.4,110,9221281,PBKH,VICTORIA
2008-07-03T21:39:42,OOSTERDAM,245417000,55.28904,-131.5543233,0,110.4,14.3,110,9221281,PBKH,VICTORIA
2008-07-03T21:38:06,OOSTERDAM,245417000,55.29138167,-131.5643617,0,115.5,13.5,113,9221281,PBKH,VICTORIA
2008-07-03T21:38:16,OOSTERDAM,245417000,55.29109667,-131.5632383,0,114.5,13.5,112,9221281,PBKH,VICTORIA
2008-07-03T21:38:47,OOSTERDAM,245417000,55.29036167,-131.5601967,0,112.8,13.6,112,9221281,PBKH,VICTORIA
2008-07-03T21:37:07,OOSTERDAM,245417000,55.29310333,-131.5700017,0,125.0,13.1,122,9221281,PBKH,VICTORIA
2008-07-03T21:37:27,OOSTERDAM,245417000,55.29246833,-131.5681733,0,122.0,13.2,119,9221281,PBKH,VICTORIA
2008-07-03T21:37:47,OOSTERDAM,245417000,55.29193333,-131.5663317,0,118.9,13.4,116,9221281,PBKH,VICTORIA
2008-07-03T21:36:07,OOSTERDAM,245417000,55.29525333,-131.5749917,0,134.1,12.7,131,9221281,PBKH,VICTORIA
2008-07-03T21:36:27,OOSTERDAM,245417000,55.29452,-131.5734867,0,130.6,12.8,128,9221281,PBKH,VICTORIA
2008-07-03T21:36:37,OOSTERDAM,245417000,55.29410167,-131.5724783,0,129.2,13.0,127,9221281,PBKH,VICTORIA
2008-07-03T21:36:57,OOSTERDAM,245417000,55.293385,-131.5707683,0,126.0,13.1,123,9221281,PBKH,VICTORIA
2008-07-03T21:35:07,OOSTERDAM,245417000,55.29767333,-131.5791633,0,142.9,12.0,141,9221281,PBKH,VICTORIA
2008-07-03T21:35:16,OOSTERDAM,245417000,55.297325,-131.578645,0,141.8,12.1,139,9221281,PBKH,VICTORIA
2008-07-03T21:35:37,OOSTERDAM,245417000,55.296455,-131.5772367,0,138.3,12.3,136,9221281,PBKH,VICTORIA
2008-07-03T21:35:57,OOSTERDAM,245417000,55.29565333,-131.5757633,0,134.7,12.5,132,9221281,PBKH,VICTORIA
2008-07-03T21:34:27,OOSTERDAM,245417000,55.29946167,-131.581525,0,148.5,11.4,148,9221281,PBKH,VICTORIA
2008-07-03T21:34:47,OOSTERDAM,245417000,55.29859167,-131.5804183,0,145.9,11.7,145,9221281,PBKH,VICTORIA
2008-07-03T13:35:42,OOSTERDAM,245417000,55.35112167,-131.6943767,0,131.4,6.9,129,9221281,PBKH,KETCHIKAN
2008-07-03T13:34:42,OOSTERDAM,245417000,55.35237333,-131.6968483,0,133.6,7.0,132,9221281,PBKH,KETCHIKAN
2008-07-03T13:31:40,OOSTERDAM,245417000,55.35658167,-131.704115,0,135.8,7.1,135,9221281,PBKH,KETCHIKAN
2008-07-03T13:30:02,OOSTERDAM,245417000,55.35886833,-131.7079733,0,136.6,7.0,135,9221281,PBKH,KETCHIKAN
2008-07-03T13:29:22,OOSTERDAM,245417000,55.35982167,-131.70948,0,137.8,6.9,137,9221281,PBKH,KETCHIKAN
2008-07-03T13:26:22,OOSTERDAM,245417000,55.36416667,-131.7162317,0,139.0,7.0,139,9221281,PBKH,KETCHIKAN
2008-07-03T13:23:22,OOSTERDAM,245417000,55.36859167,-131.72292,0,139.8,7.1,139,9221281,PBKH,KETCHIKAN
2008-07-03T13:20:42,OOSTERDAM,245417000,55.372545,-131.7290983,0,137.0,7.2,137,9221281,PBKH,KETCHIKAN
2008-07-03T13:18:01,OOSTERDAM,245417000,55.37634,-131.73578,0,132.2,7.6,133,9221281,PBKH,KETCHIKAN
2008-07-03T13:15:01,OOSTERDAM,245417000,55.38068,-131.74378,0,133.7,7.7,133,9221281,PBKH,KETCHIKAN
2008-07-03T13:14:51,OOSTERDAM,245417000,55.380915,-131.7442317,0,134.5,7.5,133,9221281,PBKH,KETCHIKAN
2008-07-03T13:11:50,OOSTERDAM,245417000,55.38527833,-131.7522783,0,133.7,7.5,133,9221281,PBKH,KETCHIKAN
2008-07-03T13:09:40,OOSTERDAM,245417000,55.38832833,-131.7579583,0,131.4,7.3,133,9221281,PBKH,KETCHIKAN
2008-07-03T13:08:51,OOSTERDAM,245417000,55.38945333,-131.7601533,0,128.4,7.3,130,9221281,PBKH,KETCHIKAN
2008-07-03T13:07:22,OOSTERDAM,245417000,55.39126,-131.7643183,0,125.8,6.9,125,9221281,PBKH,KETCHIKAN
2008-07-03T13:05:41,OOSTERDAM,245417000,55.39322,-131.7690833,0,126.5,7.3,125,9221281,PBKH,KETCHIKAN
2008-07-03T13:04:22,OOSTERDAM,245417000,55.39484667,-131.7728267,0,128.8,7.5,125,9221281,PBKH,KETCHIKAN
2008-07-03T13:03:22,OOSTERDAM,245417000,55.396215,-131.7756683,0,136.3,7.9,132,9221281,PBKH,KETCHIKAN
2008-07-03T13:03:52,OOSTERDAM,245417000,55.39549667,-131.7742567,0,132.4,7.7,128,9221281,PBKH,KETCHIKAN
2008-07-03T13:02:01,OOSTERDAM,245417000,55.39855833,-131.779125,0,148.9,8.7,145,9221281,PBKH,KETCHIKAN
2008-07-03T13:02:22,OOSTERDAM,245417000,55.39789,-131.7782867,0,146.0,8.5,141,9221281,PBKH,KETCHIKAN
2008-07-03T13:02:52,OOSTERDAM,245417000,55.39700167,-131.7770117,0,141.8,8.2,137,9221281,PBKH,KETCHIKAN
2008-07-03T13:01:41,OOSTERDAM,245417000,55.39921167,-131.7798433,0,152.1,9.0,149,9221281,PBKH,KETCHIKAN
2008-07-03T22:32:04,OOSTERDAM,245417000,55.158105,-131.20357,0,134.7,21.6,135,9221281,PBKH,VICTORIA
2008-07-03T22:29:46,OOSTERDAM,245417000,55.16729,-131.2203767,0,134.0,20.5,134,9221281,PBKH,VICTORIA
2008-07-03T22:26:23,OOSTERDAM,245417000,55.18025167,-131.24389,0,132.5,19.2,134,9221281,PBKH,VICTORIA
2008-07-03T22:26:58,OOSTERDAM,245417000,55.17806167,-131.2399417,0,133.4,19.4,134,9221281,PBKH,VICTORIA
2008-07-03T22:25:52,OOSTERDAM,245417000,55.18219833,-131.2475783,0,130.2,19.1,132,9221281,PBKH,VICTORIA
2008-07-03T22:25:17,OOSTERDAM,245417000,55.18415667,-131.2517067,0,126.8,18.9,129,9221281,PBKH,VICTORIA
2008-07-03T22:24:04,OOSTERDAM,245417000,55.18768167,-131.26098,0,119.4,18.9,122,9221281,PBKH,VICTORIA
2008-07-03T22:24:41,OOSTERDAM,245417000,55.18603667,-131.256215,0,123.1,18.9,125,9221281,PBKH,VICTORIA
2008-07-03T22:24:58,OOSTERDAM,245417000,55.185195,-131.25398,0,124.8,18.8,127,9221281,PBKH,VICTORIA
2008-07-03T22:23:41,OOSTERDAM,245417000,55.18871333,-131.26403,0,117.4,19.0,119,9221281,PBKH,VICTORIA
2008-07-03T22:22:29,OOSTERDAM,245417000,55.19149667,-131.2738783,0,115.6,19.0,116,9221281,PBKH,VICTORIA
2008-07-03T22:19:29,OOSTERDAM,245417000,55.19818667,-131.2988783,0,114.0,18.7,115,9221281,PBKH,VICTORIA
2008-07-03T12:14:35,OOSTERDAM,245417000,55.50705167,-132.0526083,0,124.0,16.0,123,9221281,PBKH,KETCHIKAN
2008-07-03T12:11:28,OOSTERDAM,245417000,55.51481333,-132.0729083,0,123.7,16.1,123,9221281,PBKH,KETCHIKAN
2008-07-03T12:10:53,OOSTERDAM,245417000,55.5163,-132.0767283,0,123.7,16.1,123,9221281,PBKH,KETCHIKAN
2008-07-03T12:07:48,OOSTERDAM,245417000,55.52395167,-132.0970817,0,123.7,16.1,123,9221281,PBKH,KETCHIKAN
2008-07-03T12:04:48,OOSTERDAM,245417000,55.53136333,-132.1167033,0,123.3,16.0,123,9221281,PBKH,KETCHIKAN
2008-07-03T12:01:42,OOSTERDAM,245417000,55.53895333,-132.1369033,0,123.3,16.0,123,9221281,PBKH,KETCHIKAN
2008-07-03T11:58:41,OOSTERDAM,245417000,55.54625833,-132.1564,0,123.7,15.8,123,9221281,PBKH,KETCHIKAN
2008-07-03T11:57:18,OOSTERDAM,245417000,55.54964333,-132.1652733,0,127.8,15.8,126,9221281,PBKH,KETCHIKAN
2008-07-03T11:57:47,OOSTERDAM,245417000,55.548445,-132.1622017,0,124.8,15.8,123,9221281,PBKH,KETCHIKAN
2008-07-03T13:01:20,OOSTERDAM,245417000,55.400015,-131.780615,0,155.8,9.1,153,9221281,PBKH,KETCHIKAN
2008-07-03T13:00:41,OOSTERDAM,245417000,55.40154667,-131.781825,0,158.1,9.6,157,9221281,PBKH,KETCHIKAN
2008-07-03T12:59:01,OOSTERDAM,245417000,55.40588667,-131.7848733,0,158.5,10.8,157,9221281,PBKH,KETCHIKAN
2008-07-03T12:57:21,OOSTERDAM,245417000,55.41074167,-131.7882367,0,157.9,11.7,157,9221281,PBKH,KETCHIKAN
2008-07-03T12:56:01,OOSTERDAM,245417000,55.41474167,-131.7912617,0,153.5,12.0,155,9221281,PBKH,KETCHIKAN
2008-07-03T12:56:21,OOSTERDAM,245417000,55.41376833,-131.7904933,0,157.4,12.4,157,9221281,PBKH,KETCHIKAN
2008-07-03T12:56:41,OOSTERDAM,245417000,55.412735,-131.789675,0,156.5,11.9,157,9221281,PBKH,KETCHIKAN
2008-07-03T12:55:01,OOSTERDAM,245417000,55.41769333,-131.7940267,0,143.6,12.2,146,9221281,PBKH,KETCHIKAN
2008-07-03T12:55:21,OOSTERDAM,245417000,55.41675333,-131.7930367,0,147.6,12.2,150,9221281,PBKH,KETCHIKAN
2008-07-03T12:55:41,OOSTERDAM,245417000,55.41574667,-131.7921317,0,151.0,12.0,153,9221281,PBKH,KETCHIKAN
2008-07-03T12:54:01,OOSTERDAM,245417000,55.42039833,-131.7977917,0,135.1,12.3,137,9221281,PBKH,KETCHIKAN
2008-07-03T12:54:21,OOSTERDAM,245417000,55.41954167,-131.796405,0,138.1,12.3,140,9221281,PBKH,KETCHIKAN
2008-07-03T12:54:41,OOSTERDAM,245417000,55.418615,-131.795165,0,141.1,12.4,143,9221281,PBKH,KETCHIKAN
2008-07-03T12:53:35,OOSTERDAM,245417000,55.42140667,-131.799485,0,132.5,12.5,133,9221281,PBKH,KETCHIKAN
2008-07-03T12:51:53,OOSTERDAM,245417000,55.42536167,-131.8075217,0,130.0,13.0,130,9221281,PBKH,KETCHIKAN
2008-07-03T12:49:17,OOSTERDAM,245417000,55.43167167,-131.820675,0,130.4,14.1,130,9221281,PBKH,KETCHIKAN
2008-07-03T12:47:06,OOSTERDAM,245417000,55.43739667,-131.8325583,0,130.0,15.2,130,9221281,PBKH,KETCHIKAN
2008-07-03T12:45:06,OOSTERDAM,245417000,55.44297833,-131.8442033,0,130.0,16.0,130,9221281,PBKH,KETCHIKAN
2008-07-03T22:17:47,OOSTERDAM,245417000,55.201755,-131.31276,0,114.0,18.6,115,9221281,PBKH,VICTORIA
2008-07-03T22:15:47,OOSTERDAM,245417000,55.205995,-131.3289633,0,114.6,18.2,115,9221281,PBKH,VICTORIA
2008-07-03T22:12:41,OOSTERDAM,245417000,55.212415,-131.3533583,0,115.0,17.2,115,9221281,PBKH,VICTORIA
2008-07-03T22:10:47,OOSTERDAM,245417000,55.21617167,-131.36729,0,114.6,16.1,115,9221281,PBKH,VICTORIA
2008-07-03T22:09:16,OOSTERDAM,245417000,55.21894333,-131.3776667,0,115.0,15.0,115,9221281,PBKH,VICTORIA
2008-07-03T22:07:54,OOSTERDAM,245417000,55.22136,-131.386545,0,115.8,13.9,115,9221281,PBKH,VICTORIA
2008-07-03T22:06:45,OOSTERDAM,245417000,55.22321,-131.3932167,0,116.3,12.8,115,9221281,PBKH,VICTORIA
2008-07-03T22:05:45,OOSTERDAM,245417000,55.224735,-131.3985833,0,116.9,11.5,115,9221281,PBKH,VICTORIA
2008-07-03T22:05:14,OOSTERDAM,245417000,55.22545667,-131.4011483,0,118.1,10.8,116,9221281,PBKH,VICTORIA
2008-07-03T22:02:12,OOSTERDAM,245417000,55.229575,-131.4142567,0,119.1,10.5,117,9221281,PBKH,VICTORIA
2008-07-03T22:01:30,OOSTERDAM,245417000,55.23054833,-131.41731,0,118.5,10.9,117,9221281,PBKH,VICTORIA
2008-07-03T22:00:18,OOSTERDAM,245417000,55.23241167,-131.4232667,0,118.8,12.5,117,9221281,PBKH,VICTORIA
2008-07-03T22:00:30,OOSTERDAM,245417000,55.232095,-131.422215,0,118.8,12.1,117,9221281,PBKH,VICTORIA
2008-07-03T21:59:13,OOSTERDAM,245417000,55.23438667,-131.4292317,0,125.6,14.3,122,9221281,PBKH,VICTORIA
2008-07-03T21:59:30,OOSTERDAM,245417000,55.233835,-131.4275917,0,122.3,13.8,119,9221281,PBKH,VICTORIA
2008-07-03T21:59:36,OOSTERDAM,245417000,55.233635,-131.4270233,0,120.9,13.6,118,9221281,PBKH,VICTORIA
2008-07-03T21:58:06,OOSTERDAM,245417000,55.237205,-131.435585,0,135.4,16.2,133,9221281,PBKH,VICTORIA
2008-07-03T21:58:30,OOSTERDAM,245417000,55.236115,-131.4333967,0,131.5,15.6,129,9221281,PBKH,VICTORIA
2008-07-03T21:58:48,OOSTERDAM,245417000,55.23532667,-131.4316333,0,129.0,15.1,126,9221281,PBKH,VICTORIA
2008-07-03T21:57:54,OOSTERDAM,245417000,55.23788833,-131.4367917,0,137.0,16.5,135,9221281,PBKH,VICTORIA
2008-07-03T21:55:42,OOSTERDAM,245417000,55.24579167,-131.448795,0,138.6,17.2,139,9221281,PBKH,VICTORIA
2008-07-03T21:33:47,OOSTERDAM,245417000,55.30129667,-131.5834483,0,150.9,11.1,152,9221281,PBKH,VICTORIA
2008-07-03T21:32:16,OOSTERDAM,245417000,55.30519167,-131.5874567,0,147.4,10.2,148,9221281,PBKH,VICTORIA
2008-07-03T21:32:27,OOSTERDAM,245417000,55.30472333,-131.5869733,0,148.4,10.4,149,9221281,PBKH,VICTORIA
2008-07-03T21:31:27,OOSTERDAM,245417000,55.30709667,-131.58968,0,144.0,9.5,144,9221281,PBKH,VICTORIA
2008-07-03T21:29:57,OOSTERDAM,245417000,55.31007,-131.5936083,0,141.0,8.8,141,9221281,PBKH,VICTORIA
2008-07-03T21:28:16,OOSTERDAM,245417000,55.313145,-131.5980333,0,139.6,8.2,139,9221281,PBKH,VICTORIA
2008-07-03T21:27:06,OOSTERDAM,245417000,55.31513167,-131.6010367,0,137.2,8.0,138,9221281,PBKH,VICTORIA
2008-07-03T21:25:27,OOSTERDAM,245417000,55.31773833,-131.60553,0,133.2,8.0,134,9221281,PBKH,VICTORIA
2008-07-03T21:23:56,OOSTERDAM,245417000,55.32006,-131.6097717,0,134.7,7.9,134,9221281,PBKH,VICTORIA
2008-07-03T21:20:56,OOSTERDAM,245417000,55.324715,-131.6179333,0,134.2,7.8,135,9221281,PBKH,VICTORIA
2008-07-03T21:18:16,OOSTERDAM,245417000,55.32867833,-131.62529,0,132.0,7.5,132,9221281,PBKH,VICTORIA
2008-07-03T21:16:56,OOSTERDAM,245417000,55.33061,-131.62902,0,131.0,7.7,131,9221281,PBKH,VICTORIA
2008-07-03T21:15:16,OOSTERDAM,245417000,55.33280167,-131.63373,0,126.4,7.6,128,9221281,PBKH,VICTORIA
2008-07-03T21:13:07,OOSTERDAM,245417000,55.33545833,-131.6400617,0,125.8,7.1,125,9221281,PBKH,VICTORIA
2008-07-03T21:12:07,OOSTERDAM,245417000,55.33662667,-131.6428517,0,130.6,6.9,129,9221281,PBKH,VICTORIA
2008-07-03T21:12:27,OOSTERDAM,245417000,55.33624167,-131.64203,0,127.6,7.0,126,9221281,PBKH,VICTORIA
2008-07-03T21:11:17,OOSTERDAM,245417000,55.33762833,-131.644975,0,134.8,6.5,134,9221281,PBKH,VICTORIA
2008-07-03T21:11:36,OOSTERDAM,245417000,55.33726,-131.644255,0,133.7,6.6,132,9221281,PBKH,VICTORIA
2008-07-03T21:10:06,OOSTERDAM,245417000,55.33908333,-131.6474883,0,136.0,5.4,136,9221281,PBKH,VICTORIA
2008-07-03T21:09:15,OOSTERDAM,245417000,55.339905,-131.6488967,0,135.3,4.3,134,9221281,PBKH,VICTORIA
2008-07-03T21:08:45,OOSTERDAM,245417000,55.340325,-131.6496033,0,134.0,3.5,134,9221281,PBKH,VICTORIA
2008-07-03T20:59:46,OOSTERDAM,245417000,55.34215,-131.6497833,0,67.9,0.1,113,9221281,PBKH,VICTORIA
2008-07-03T20:56:36,OOSTERDAM,245417000,55.34215,-131.64985,0,114.0,0.0,114,9221281,PBKH,VICTORIA
2008-07-03T20:53:26,OOSTERDAM,245417000,55.34215,-131.6498667,0,114.0,0.0,114,9221281,PBKH,VICTORIA
2008-07-03T20:50:17,OOSTERDAM,245417000,55.34211667,-131.6498,0,114.0,0.0,114,9221281,PBKH,VICTORIA
2008-07-03T20:47:17,OOSTERDAM,245417000,55.34213333,-131.6497667,0,204.0,0.1,114,9221281,PBKH,VICTORIA
2008-07-03T20:44:17,OOSTERDAM,245417000,55.34211667,-131.6498,0,114.0,0.0,114,9221281,PBKH,VICTORIA
2008-07-03T20:41:06,OOSTERDAM,245417000,55.34215,-131.6498,0,114.0,0.0,114,9221281,PBKH,VICTORIA
2008-07-03T20:38:06,OOSTERDAM,245417000,55.34213333,-131.6498167,0,113.0,0.0,113,9221281,PBKH,VICTORIA
2008-07-03T20:34:57,OOSTERDAM,245417000,55.34216667,-131.6497667,0,203.0,0.1,113,9221281,PBKH,VICTORIA
2008-07-03T20:31:52,OOSTERDAM,245417000,55.34215,-131.64975,0,113.0,0.0,113,9221281,PBKH,VICTORIA
2008-07-03T20:29:20,OOSTERDAM,245417000,55.34213333,-131.6497833,5,113.0,0.0,113,9221281,PBKH,VICTORIA
2008-07-03T20:26:18,OOSTERDAM,245417000,55.34213333,-131.6497833,5,113.0,0.0,113,9221281,PBKH,VICTORIA
2008-07-03T20:23:18,OOSTERDAM,245417000,55.34218333,-131.6497333,5,113.0,0.0,113,9221281,PBKH,VICTORIA
2008-07-03T20:20:17,OOSTERDAM,245417000,55.34216667,-131.6497167,5,112.0,0.0,112,9221281,PBKH,VICTORIA
2008-07-03T20:17:14,OOSTERDAM,245417000,55.34216667,-131.6497167,5,112.0,0.0,112,9221281,PBKH,VICTORIA
2008-07-03T20:11:14,OOSTERDAM,245417000,55.34213333,-131.6498,5,112.0,0.0,112,9221281,PBKH,VICTORIA
2008-07-03T20:08:11,OOSTERDAM,245417000,55.34213333,-131.6497667,5,112.0,0.0,112,9221281,PBKH,VICTORIA
2008-07-03T20:02:09,OOSTERDAM,245417000,55.34213333,-131.6498,5,112.0,0.0,112,9221281,PBKH,VICTORIA
2008-07-03T19:59:07,OOSTERDAM,245417000,55.34213333,-131.6497833,5,112.0,0.0,112,9221281,PBKH,VICTORIA
2008-07-03T19:56:05,OOSTERDAM,245417000,55.34213333,-131.6498,5,112.0,0.0,112,9221281,PBKH,VICTORIA
2008-07-03T19:50:04,OOSTERDAM,245417000,55.34215,-131.6497333,5,112.0,0.0,112,9221281,PBKH,VICTORIA
2008-07-03T19:47:01,OOSTERDAM,245417000,55.34213333,-131.6497833,5,112.0,0.0,112,9221281,PBKH,VICTORIA
2008-07-03T19:41:01,OOSTERDAM,245417000,55.34215,-131.6497833,5,112.0,0.0,112,9221281,PBKH,VICTORIA
2008-07-03T19:37:59,OOSTERDAM,245417000,55.34213333,-131.6497667,5,112.0,0.0,112,9221281,PBKH,VICTORIA
2008-07-03T19:34:56,OOSTERDAM,245417000,55.34215,-131.6497667,5,112.0,0.0,112,9221281,PBKH,VICTORIA
2008-07-03T19:28:56,OOSTERDAM,245417000,55.34213333,-131.6498,5,113.0,0.0,113,9221281,PBKH,VICTORIA
2008-07-03T19:22:53,OOSTERDAM,245417000,55.34211667,-131.6497833,5,113.0,0.0,113,9221281,PBKH,VICTORIA
2008-07-03T19:19:50,OOSTERDAM,245417000,55.34211667,-131.6498,5,113.0,0.0,113,9221281,PBKH,VICTORIA
2008-07-03T19:13:49,OOSTERDAM,245417000,55.34213333,-131.6497833,5,113.0,0.0,113,9221281,PBKH,VICTORIA
2008-07-03T19:10:49,OOSTERDAM,245417000,55.34215,-131.6498,5,113.0,0.0,113,9221281,PBKH,VICTORIA
2008-07-03T19:04:46,OOSTERDAM,245417000,55.34213333,-131.6497833,5,113.0,0.0,113,9221281,PBKH,VICTORIA
2008-07-03T19:01:43,OOSTERDAM,245417000,55.34213333,-131.6497833,5,113.0,0.0,113,9221281,PBKH,VICTORIA
2008-07-03T18:58:41,OOSTERDAM,245417000,55.34213333,-131.6497667,5,113.0,0.0,113,9221281,PBKH,VICTORIA
2008-07-03T18:55:40,OOSTERDAM,245417000,55.34211667,-131.64975,5,113.0,0.0,113,9221281,PBKH,VICTORIA
2008-07-03T18:52:38,OOSTERDAM,245417000,55.34213333,-131.6497833,5,113.0,0.0,113,9221281,PBKH,VICTORIA
2008-07-03T18:49:38,OOSTERDAM,245417000,55.34213333,-131.6497833,5,113.0,0.0,113,9221281,PBKH,VICTORIA
2008-07-03T18:46:37,OOSTERDAM,245417000,55.34213333,-131.6497833,5,113.0,0.0,113,9221281,PBKH,VICTORIA
2008-07-03T18:43:35,OOSTERDAM,245417000,55.34213333,-131.6497833,5,113.0,0.0,113,9221281,PBKH,VICTORIA
2008-07-03T18:40:35,OOSTERDAM,245417000,55.34213333,-131.6497833,5,113.0,0.0,113,9221281,PBKH,VICTORIA
2008-07-03T18:37:31,OOSTERDAM,245417000,55.34213333,-131.6497833,5,113.0,0.0,113,9221281,PBKH,VICTORIA
2008-07-03T18:34:30,OOSTERDAM,245417000,55.34213333,-131.6497833,5,113.0,0.0,113,9221281,PBKH,VICTORIA
2008-07-03T18:28:30,OOSTERDAM,245417000,55.34213333,-131.6497833,5,113.0,0.0,113,9221281,PBKH,VICTORIA
2008-07-03T18:22:26,OOSTERDAM,245417000,55.34213333,-131.6497833,5,113.0,0.0,113,9221281,PBKH,KETCHIKAN
2008-07-03T18:16:24,OOSTERDAM,245417000,55.34211667,-131.6498,5,113.0,0.0,113,9221281,PBKH,KETCHIKAN
2008-07-03T18:13:22,OOSTERDAM,245417000,55.34215,-131.6497833,5,112.0,0.0,112,9221281,PBKH,KETCHIKAN
2008-07-03T18:10:19,OOSTERDAM,245417000,55.34216667,-131.6498167,5,112.0,0.0,112,9221281,PBKH,KETCHIKAN
2008-07-03T18:04:20,OOSTERDAM,245417000,55.34213333,-131.6497667,5,112.0,0.0,112,9221281,PBKH,KETCHIKAN
2008-07-03T18:01:16,OOSTERDAM,245417000,55.34213333,-131.64975,5,112.0,0.0,112,9221281,PBKH,KETCHIKAN
2008-07-03T17:58:14,OOSTERDAM,245417000,55.3421,-131.64975,5,112.0,0.0,112,9221281,PBKH,KETCHIKAN
2008-07-03T17:55:14,OOSTERDAM,245417000,55.34211667,-131.6497667,5,112.0,0.0,112,9221281,PBKH,KETCHIKAN
2008-07-03T17:49:12,OOSTERDAM,245417000,55.34215,-131.6498167,5,112.0,0.0,112,9221281,PBKH,KETCHIKAN
2008-07-03T17:46:11,OOSTERDAM,245417000,55.34213333,-131.6497667,5,113.0,0.0,113,9221281,PBKH,KETCHIKAN
2008-07-03T17:43:08,OOSTERDAM,245417000,55.3421,-131.6497667,5,113.0,0.0,113,9221281,PBKH,KETCHIKAN
2008-07-03T17:40:07,OOSTERDAM,245417000,55.3421,-131.6497667,5,113.0,0.0,113,9221281,PBKH,KETCHIKAN
2008-07-03T17:37:05,OOSTERDAM,245417000,55.34213333,-131.6498,5,113.0,0.0,113,9221281,PBKH,KETCHIKAN
2008-07-03T17:34:04,OOSTERDAM,245417000,55.3421,-131.6497833,5,113.0,0.0,113,9221281,PBKH,KETCHIKAN
2008-07-03T17:31:02,OOSTERDAM,245417000,55.34206667,-131.6497333,5,113.0,0.0,113,9221281,PBKH,KETCHIKAN
2008-07-03T17:28:02,OOSTERDAM,245417000,55.34205,-131.6497167,5,113.0,0.0,113,9221281,PBKH,KETCHIKAN
2008-07-03T17:25:00,OOSTERDAM,245417000,55.3421,-131.6497833,5,113.0,0.0,113,9221281,PBKH,KETCHIKAN
2008-07-03T17:18:58,OOSTERDAM,245417000,55.34211667,-131.6497833,5,113.0,0.0,113,9221281,PBKH,KETCHIKAN
2008-07-03T17:12:57,OOSTERDAM,245417000,55.34211667,-131.6497833,5,113.0,0.0,113,9221281,PBKH,KETCHIKAN
2008-07-03T17:09:53,OOSTERDAM,245417000,55.34211667,-131.6497833,5,113.0,0.0,113,9221281,PBKH,KETCHIKAN
2008-07-03T17:06:51,OOSTERDAM,245417000,55.34213333,-131.6498,5,113.0,0.0,113,9221281,PBKH,KETCHIKAN
2008-07-03T17:03:50,OOSTERDAM,245417000,55.34213333,-131.6498167,5,113.0,0.0,113,9221281,PBKH,KETCHIKAN
2008-07-03T16:57:50,OOSTERDAM,245417000,55.3421,-131.6498167,5,113.0,0.0,113,9221281,PBKH,KETCHIKAN
2008-07-03T16:54:48,OOSTERDAM,245417000,55.34211667,-131.6497833,5,113.0,0.0,113,9221281,PBKH,KETCHIKAN
2008-07-03T16:51:47,OOSTERDAM,245417000,55.34211667,-131.6498,5,113.0,0.0,113,9221281,PBKH,KETCHIKAN
2008-07-03T16:48:46,OOSTERDAM,245417000,55.34211667,-131.6498,5,113.0,0.0,113,9221281,PBKH,KETCHIKAN
2008-07-03T16:45:44,OOSTERDAM,245417000,55.3421,-131.6497833,5,113.0,0.0,113,9221281,PBKH,KETCHIKAN
2008-07-03T16:39:42,OOSTERDAM,245417000,55.34211667,-131.6498,5,113.0,0.0,113,9221281,PBKH,KETCHIKAN
2008-07-03T16:33:40,OOSTERDAM,245417000,55.3421,-131.6498,5,113.0,0.0,113,9221281,PBKH,KETCHIKAN
2008-07-03T16:27:37,OOSTERDAM,245417000,55.3421,-131.6498,5,113.0,0.0,113,9221281,PBKH,KETCHIKAN
2008-07-03T16:24:35,OOSTERDAM,245417000,55.34213333,-131.6498,5,113.0,0.0,113,9221281,PBKH,KETCHIKAN
2008-07-03T16:18:32,OOSTERDAM,245417000,55.34211667,-131.6497667,5,113.0,0.0,113,9221281,PBKH,KETCHIKAN
2008-07-03T16:15:30,OOSTERDAM,245417000,55.34211667,-131.6497833,5,113.0,0.0,113,9221281,PBKH,KETCHIKAN
2008-07-03T16:09:30,OOSTERDAM,245417000,55.34211667,-131.6498,5,113.0,0.0,113,9221281,PBKH,KETCHIKAN
2008-07-03T16:03:27,OOSTERDAM,245417000,55.34211667,-131.6498,5,113.0,0.0,113,9221281,PBKH,KETCHIKAN
2008-07-03T16:00:23,OOSTERDAM,245417000,55.34211667,-131.6497833,5,113.0,0.0,113,9221281,PBKH,KETCHIKAN
2008-07-03T15:57:22,OOSTERDAM,245417000,55.3421,-131.6498,5,113.0,0.0,113,9221281,PBKH,KETCHIKAN
2008-07-03T15:54:21,OOSTERDAM,245417000,55.34211667,-131.6497667,5,203.0,0.1,113,9221281,PBKH,KETCHIKAN
2008-07-03T15:51:19,OOSTERDAM,245417000,55.3421,-131.6498,5,113.0,0.0,113,9221281,PBKH,KETCHIKAN
2008-07-03T15:45:18,OOSTERDAM,245417000,55.34211667,-131.6498167,5,113.0,0.0,113,9221281,PBKH,KETCHIKAN
2008-07-03T15:42:16,OOSTERDAM,245417000,55.34211667,-131.6498,5,113.0,0.0,113,9221281,PBKH,KETCHIKAN
2008-07-03T15:36:14,OOSTERDAM,245417000,55.34211667,-131.6497833,5,113.0,0.0,113,9221281,PBKH,KETCHIKAN
2008-07-03T15:33:14,OOSTERDAM,245417000,55.34213333,-131.6497833,5,113.0,0.0,113,9221281,PBKH,KETCHIKAN
2008-07-03T15:30:11,OOSTERDAM,245417000,55.34213333,-131.6497833,5,113.0,0.0,113,9221281,PBKH,KETCHIKAN
2008-07-03T15:27:08,OOSTERDAM,245417000,55.34213333,-131.6498,5,113.0,0.0,113,9221281,PBKH,KETCHIKAN
2008-07-03T15:21:08,OOSTERDAM,245417000,55.34213333,-131.6497833,5,113.0,0.0,113,9221281,PBKH,KETCHIKAN
2008-07-03T15:18:06,OOSTERDAM,245417000,55.34213333,-131.6498,5,113.0,0.0,113,9221281,PBKH,KETCHIKAN
2008-07-03T15:15:05,OOSTERDAM,245417000,55.34213333,-131.6497833,5,113.0,0.0,113,9221281,PBKH,KETCHIKAN
2008-07-03T15:09:02,OOSTERDAM,245417000,55.34215,-131.6498,5,113.0,0.0,113,9221281,PBKH,KETCHIKAN
2008-07-03T15:06:00,OOSTERDAM,245417000,55.34213333,-131.6498,5,113.0,0.0,113,9221281,PBKH,KETCHIKAN
2008-07-03T15:02:58,OOSTERDAM,245417000,55.34213333,-131.6498,5,113.0,0.0,113,9221281,PBKH,KETCHIKAN
2008-07-03T14:56:56,OOSTERDAM,245417000,55.34213333,-131.6498,5,113.0,0.0,113,9221281,PBKH,KETCHIKAN
2008-07-03T14:53:56,OOSTERDAM,245417000,55.34213333,-131.6498,5,113.0,0.0,113,9221281,PBKH,KETCHIKAN
2008-07-03T14:50:53,OOSTERDAM,245417000,55.34213333,-131.6497833,5,113.0,0.0,113,9221281,PBKH,KETCHIKAN
2008-07-03T14:44:52,OOSTERDAM,245417000,55.34213333,-131.6497833,5,113.0,0.0,113,9221281,PBKH,KETCHIKAN
2008-07-03T14:38:49,OOSTERDAM,245417000,55.34213333,-131.6498,5,113.0,0.0,113,9221281,PBKH,KETCHIKAN
2008-07-03T14:35:48,OOSTERDAM,245417000,55.34213333,-131.6497833,5,113.0,0.0,113,9221281,PBKH,KETCHIKAN
2008-07-03T14:32:45,OOSTERDAM,245417000,55.34213333,-131.6498,5,113.0,0.0,113,9221281,PBKH,KETCHIKAN
2008-07-03T14:29:42,OOSTERDAM,245417000,55.34213333,-131.6497833,5,113.0,0.0,113,9221281,PBKH,KETCHIKAN
2008-07-03T14:26:01,OOSTERDAM,245417000,55.34211667,-131.6498,0,113.0,0.0,113,9221281,PBKH,KETCHIKAN
2008-07-03T14:26:42,OOSTERDAM,245417000,55.34211667,-131.6498167,5,113.0,0.0,113,9221281,PBKH,KETCHIKAN
2008-07-03T14:23:01,OOSTERDAM,245417000,55.34211667,-131.6498333,0,113.0,0.0,113,9221281,PBKH,KETCHIKAN
2008-07-03T14:19:52,OOSTERDAM,245417000,55.3421,-131.64985,0,139.5,0.2,113,9221281,PBKH,KETCHIKAN
2008-07-03T21:08:06,OOSTERDAM,245417000,55.34074667,-131.6503417,0,132.6,2.4,135,9221281,PBKH,VICTORIA
2008-07-03T21:07:06,OOSTERDAM,245417000,55.34104833,-131.6509967,0,136.0,0.9,135,9221281,PBKH,VICTORIA
2008-07-03T21:07:16,OOSTERDAM,245417000,55.34103167,-131.6509467,0,124.6,1.1,135,9221281,PBKH,VICTORIA
2008-07-03T21:07:26,OOSTERDAM,245417000,55.34098167,-131.650795,0,130.6,1.3,135,9221281,PBKH,VICTORIA
2008-07-03T21:06:15,OOSTERDAM,245417000,55.341215,-131.6510517,0,215.8,0.7,134,9221281,PBKH,VICTORIA
2008-07-03T21:06:26,OOSTERDAM,245417000,55.341165,-131.651085,0,206.5,0.6,135,9221281,PBKH,VICTORIA
2008-07-03T21:06:36,OOSTERDAM,245417000,55.34114833,-131.6511333,0,188.1,0.5,135,9221281,PBKH,VICTORIA
2008-07-03T21:06:45,OOSTERDAM,245417000,55.341115,-131.6511,0,162.5,0.7,136,9221281,PBKH,VICTORIA
2008-07-03T21:06:56,OOSTERDAM,245417000,55.34108167,-131.6510817,0,151.9,0.7,136,9221281,PBKH,VICTORIA
2008-07-03T21:05:06,OOSTERDAM,245417000,55.34146667,-131.6507,0,223.1,0.8,126,9221281,PBKH,VICTORIA
2008-07-03T21:05:45,OOSTERDAM,245417000,55.3413,-131.650885,0,220.0,0.8,130,9221281,PBKH,VICTORIA
2008-07-03T21:04:06,OOSTERDAM,245417000,55.34164833,-131.6504883,0,226.9,0.7,121,9221281,PBKH,VICTORIA
2008-07-03T21:04:56,OOSTERDAM,245417000,55.3415,-131.6507,0,229.0,0.8,125,9221281,PBKH,VICTORIA
2008-07-03T21:03:06,OOSTERDAM,245417000,55.34179833,-131.6501517,0,217.4,0.6,118,9221281,PBKH,VICTORIA
2008-07-03T21:03:27,OOSTERDAM,245417000,55.341765,-131.65022,0,218.4,0.6,119,9221281,PBKH,VICTORIA
2008-07-03T21:03:36,OOSTERDAM,245417000,55.34174833,-131.6502867,0,227.4,0.6,119,9221281,PBKH,VICTORIA
2008-07-03T21:03:56,OOSTERDAM,245417000,55.341665,-131.6504217,0,234.1,0.8,121,9221281,PBKH,VICTORIA
2008-07-03T21:02:46,OOSTERDAM,245417000,55.34184833,-131.6500683,0,207.0,0.5,117,9221281,PBKH,VICTORIA
2008-07-03T21:02:56,OOSTERDAM,245417000,55.341815,-131.650135,0,207.0,0.6,117,9221281,PBKH,VICTORIA
2008-07-03T14:16:50,OOSTERDAM,245417000,55.34215,-131.6500667,0,85.4,0.2,112,9221281,PBKH,KETCHIKAN
2008-07-03T14:13:41,OOSTERDAM,245417000,55.34215,-131.6502833,0,66.9,0.1,112,9221281,PBKH,KETCHIKAN
2008-07-03T14:10:21,OOSTERDAM,245417000,55.3422,-131.6505817,0,111.0,0.3,111,9221281,PBKH,KETCHIKAN
2008-07-03T14:07:21,OOSTERDAM,245417000,55.34226667,-131.651015,0,94.9,0.4,110,9221281,PBKH,KETCHIKAN
2008-07-03T14:05:42,OOSTERDAM,245417000,55.34233333,-131.65135,0,96.6,0.5,108,9221281,PBKH,KETCHIKAN
2008-07-03T14:02:42,OOSTERDAM,245417000,55.34236667,-131.6519983,0,81.4,0.4,108,9221281,PBKH,KETCHIKAN
2008-07-03T14:02:21,OOSTERDAM,245417000,55.34235,-131.6520817,0,76.0,0.6,107,9221281,PBKH,KETCHIKAN
2008-07-03T14:01:50,OOSTERDAM,245417000,55.34233333,-131.6522317,0,84.1,0.5,106,9221281,PBKH,KETCHIKAN
2008-07-03T14:01:42,OOSTERDAM,245417000,55.34231667,-131.652265,0,94.6,0.5,106,9221281,PBKH,KETCHIKAN
2008-07-03T14:00:00,OOSTERDAM,245417000,55.34236667,-131.652615,0,93.5,0.6,103,9221281,PBKH,KETCHIKAN
2008-07-03T14:00:42,OOSTERDAM,245417000,55.34235,-131.6524817,0,90.9,0.4,105,9221281,PBKH,KETCHIKAN
2008-07-03T14:00:21,OOSTERDAM,245417000,55.34235,-131.6525483,0,104.0,0.5,104,9221281,PBKH,KETCHIKAN
2008-07-03T13:59:42,OOSTERDAM,245417000,55.34238333,-131.6526983,0,84.5,0.6,103,9221281,PBKH,KETCHIKAN
2008-07-03T13:59:21,OOSTERDAM,245417000,55.34236667,-131.652815,0,76.4,0.7,103,9221281,PBKH,KETCHIKAN
2008-07-03T13:58:00,OOSTERDAM,245417000,55.3424,-131.6533167,0,101.0,0.9,101,9221281,PBKH,KETCHIKAN
2008-07-03T13:58:50,OOSTERDAM,245417000,55.34235,-131.6529817,0,88.9,0.8,103,9221281,PBKH,KETCHIKAN
2008-07-03T13:58:42,OOSTERDAM,245417000,55.34235,-131.6530317,0,94.8,0.7,103,9221281,PBKH,KETCHIKAN
2008-07-03T13:57:00,OOSTERDAM,245417000,55.34246667,-131.6538083,0,97.0,1.0,97,9221281,PBKH,KETCHIKAN
2008-07-03T13:56:00,OOSTERDAM,245417000,55.342485,-131.6543433,0,77.0,1.2,97,9221281,PBKH,KETCHIKAN
2008-07-03T13:56:42,OOSTERDAM,245417000,55.34248333,-131.6539583,0,91.2,1.2,96,9221281,PBKH,KETCHIKAN
2008-07-03T13:56:20,OOSTERDAM,245417000,55.34248333,-131.6541433,0,80.3,1.0,97,9221281,PBKH,KETCHIKAN
2008-07-03T13:56:50,OOSTERDAM,245417000,55.34246667,-131.6538917,0,91.8,1.1,97,9221281,PBKH,KETCHIKAN
2008-07-03T13:55:50,OOSTERDAM,245417000,55.34246833,-131.6544433,0,69.3,1.3,98,9221281,PBKH,KETCHIKAN
2008-07-03T13:55:40,OOSTERDAM,245417000,55.34245167,-131.6545417,0,79.5,1.3,98,9221281,PBKH,KETCHIKAN
2008-07-03T13:55:00,OOSTERDAM,245417000,55.34238333,-131.6549433,0,81.5,1.3,100,9221281,PBKH,KETCHIKAN
2008-07-03T13:54:51,OOSTERDAM,245417000,55.34236667,-131.6550267,0,85.9,1.2,100,9221281,PBKH,KETCHIKAN
2008-07-03T13:54:40,OOSTERDAM,245417000,55.34236667,-131.6551433,0,81.5,1.3,100,9221281,PBKH,KETCHIKAN
2008-07-03T13:54:00,OOSTERDAM,245417000,55.34236667,-131.6555617,0,93.6,1.3,98,9221281,PBKH,KETCHIKAN
2008-07-03T13:54:20,OOSTERDAM,245417000,55.34233333,-131.6553783,0,90.2,1.3,99,9221281,PBKH,KETCHIKAN
2008-07-03T13:53:20,OOSTERDAM,245417000,55.34243167,-131.6560117,0,111.4,1.6,93,9221281,PBKH,KETCHIKAN
2008-07-03T13:53:40,OOSTERDAM,245417000,55.3424,-131.6557783,0,95.0,1.4,95,9221281,PBKH,KETCHIKAN
2008-07-03T13:53:51,OOSTERDAM,245417000,55.34238167,-131.655645,0,101.0,1.4,97,9221281,PBKH,KETCHIKAN
2008-07-03T13:52:01,OOSTERDAM,245417000,55.3426,-131.6570967,0,93.3,1.8,87,9221281,PBKH,KETCHIKAN
2008-07-03T13:52:20,OOSTERDAM,245417000,55.34256667,-131.6568133,0,101.2,1.7,88,9221281,PBKH,KETCHIKAN
2008-07-03T13:52:40,OOSTERDAM,245417000,55.34253333,-131.6565283,0,102.2,1.7,89,9221281,PBKH,KETCHIKAN
2008-07-03T13:51:20,OOSTERDAM,245417000,55.34263333,-131.6577133,0,92.1,2.4,85,9221281,PBKH,KETCHIKAN
2008-07-03T13:51:01,OOSTERDAM,245417000,55.34263333,-131.65808,0,88.5,2.5,84,9221281,PBKH,KETCHIKAN
2008-07-03T13:51:51,OOSTERDAM,245417000,55.34261667,-131.6572117,0,86.0,2.0,86,9221281,PBKH,KETCHIKAN
2008-07-03T13:50:51,OOSTERDAM,245417000,55.34263333,-131.658315,0,85.2,2.6,83,9221281,PBKH,KETCHIKAN
2008-07-03T13:48:41,OOSTERDAM,245417000,55.342385,-131.6615767,0,81.5,3.7,80,9221281,PBKH,KETCHIKAN
2008-07-03T13:47:41,OOSTERDAM,245417000,55.34221833,-131.6633967,0,83.0,3.8,80,9221281,PBKH,KETCHIKAN
2008-07-03T13:46:41,OOSTERDAM,245417000,55.3421,-131.6653167,0,86.5,4.1,81,9221281,PBKH,KETCHIKAN
2008-07-03T13:46:22,OOSTERDAM,245417000,55.34208333,-131.6659667,0,90.1,4.2,82,9221281,PBKH,KETCHIKAN
2008-07-03T13:46:01,OOSTERDAM,245417000,55.34205,-131.6667183,0,90.3,4.5,84,9221281,PBKH,KETCHIKAN
2008-07-03T13:45:01,OOSTERDAM,245417000,55.34208167,-131.6689883,0,100.4,5.2,95,9221281,PBKH,KETCHIKAN
2008-07-03T13:45:22,OOSTERDAM,245417000,55.34205,-131.6681367,0,96.7,5.0,91,9221281,PBKH,KETCHIKAN
2008-07-03T13:45:41,OOSTERDAM,245417000,55.34201667,-131.667435,0,94.0,4.7,87,9221281,PBKH,KETCHIKAN
2008-07-03T13:44:22,OOSTERDAM,245417000,55.34224833,-131.6707433,0,106.1,5.5,102,9221281,PBKH,KETCHIKAN
2008-07-03T13:44:52,OOSTERDAM,245417000,55.34209833,-131.6693567,0,102.3,5.3,97,9221281,PBKH,KETCHIKAN
2008-07-03T13:43:01,OOSTERDAM,245417000,55.34293833,-131.6743417,0,118.0,6.3,118,9221281,PBKH,KETCHIKAN
2008-07-03T13:43:22,OOSTERDAM,245417000,55.3427,-131.673365,0,116.8,6.1,114,9221281,PBKH,KETCHIKAN
2008-07-03T13:43:41,OOSTERDAM,245417000,55.342515,-131.6724783,0,112.8,6.0,109,9221281,PBKH,KETCHIKAN
2008-07-03T13:43:52,OOSTERDAM,245417000,55.34243333,-131.67198,0,109.9,5.8,107,9221281,PBKH,KETCHIKAN
2008-07-03T13:42:22,OOSTERDAM,245417000,55.343505,-131.6761,0,123.8,6.6,123,9221281,PBKH,KETCHIKAN
2008-07-03T13:42:52,OOSTERDAM,245417000,55.34302,-131.6747083,0,120.7,6.5,119,9221281,PBKH,KETCHIKAN
2008-07-03T13:41:22,OOSTERDAM,245417000,55.34457167,-131.678775,0,128.0,6.9,128,9221281,PBKH,KETCHIKAN
2008-07-03T13:40:22,OOSTERDAM,245417000,55.34577667,-131.6814333,0,125.0,7.0,125,9221281,PBKH,KETCHIKAN
2008-07-03T13:39:50,OOSTERDAM,245417000,55.34636,-131.6828833,0,125.0,7.2,125,9221281,PBKH,KETCHIKAN
2008-07-03T13:36:42,OOSTERDAM,245417000,55.34990333,-131.6915833,0,125.8,7.0,125,9221281,PBKH,KETCHIKAN
2008-07-03T22:46:52,OOSTERDAM,245417000,55.07849833,-131.1495183,0,183.0,22.5,183,9221281,PBKH,VICTORIA
2008-07-03T22:44:58,OOSTERDAM,245417000,55.09029167,-131.1484033,0,183.0,22.3,183,9221281,PBKH,VICTORIA
2008-07-03T22:51:04,OOSTERDAM,245417000,55.05256167,-131.151365,0,179.4,22.3,180,9221281,PBKH,VICTORIA
2008-07-03T22:50:41,OOSTERDAM,245417000,55.05493,-131.1513833,0,180.2,22.2,180,9221281,PBKH,VICTORIA
2008-07-03T22:49:59,OOSTERDAM,245417000,55.05929,-131.1512517,0,183.0,22.3,183,9221281,PBKH,VICTORIA
2008-07-03T23:07:04,OOSTERDAM,245417000,54.95290333,-131.1509817,0,178.7,22.4,179,9221281,PBKH,VICTORIA
2008-07-03T23:03:59,OOSTERDAM,245417000,54.972095,-131.15135,0,179.2,22.6,179,9221281,PBKH,VICTORIA
2008-07-03T23:01:58,OOSTERDAM,245417000,54.98470833,-131.1513683,0,180.2,22.6,180,9221281,PBKH,VICTORIA
2008-07-03T23:21:41,OOSTERDAM,245417000,54.86158667,-131.14775,0,179.0,22.7,179,9221281,PBKH,VICTORIA
2008-07-03T23:19:10,OOSTERDAM,245417000,54.87727167,-131.14805,0,179.0,22.5,179,9221281,PBKH,VICTORIA
2008-07-03T23:16:47,OOSTERDAM,245417000,54.89221167,-131.1485,0,178.7,22.5,179,9221281,PBKH,VICTORIA
2008-07-03T23:38:47,OOSTERDAM,245417000,54.75846167,-131.1800583,0,201.5,22.5,201,9221281,PBKH,VICTORIA
2008-07-03T23:35:59,OOSTERDAM,245417000,54.774595,-131.16947,0,201.5,22.2,201,9221281,PBKH,VICTORIA
2008-07-03T23:33:22,OOSTERDAM,245417000,54.78972833,-131.1594367,0,200.7,22.2,200,9221281,PBKH,VICTORIA
2008-07-03T23:32:23,OOSTERDAM,245417000,54.79552,-131.155575,0,200.2,22.4,200,9221281,PBKH,VICTORIA
2008-07-03T23:32:29,OOSTERDAM,245417000,54.79482833,-131.1560133,0,200.5,22.4,200,9221281,PBKH,VICTORIA
2008-07-03T23:31:58,OOSTERDAM,245417000,54.79784,-131.1540767,0,198.2,22.3,198,9221281,PBKH,VICTORIA
2008-07-03T22:43:17,OOSTERDAM,245417000,55.10067833,-131.1474417,0,183.4,22.3,184,9221281,PBKH,VICTORIA
2008-07-03T22:42:05,OOSTERDAM,245417000,55.10818833,-131.1468183,0,180.9,22.0,183,9221281,PBKH,VICTORIA
2008-07-03T22:41:11,OOSTERDAM,245417000,55.11355833,-131.146995,0,171.6,22.0,175,9221281,PBKH,VICTORIA
2008-07-03T22:41:23,OOSTERDAM,245417000,55.11230167,-131.1468117,0,174.1,21.8,177,9221281,PBKH,VICTORIA
2008-07-03T22:41:35,OOSTERDAM,245417000,55.11118167,-131.14673,0,175.8,21.9,179,9221281,PBKH,VICTORIA
2008-07-03T22:41:53,OOSTERDAM,245417000,55.10935833,-131.1467167,0,179.1,22.0,182,9221281,PBKH,VICTORIA
2008-07-03T22:40:11,OOSTERDAM,245417000,55.119595,-131.149175,0,160.6,22.0,164,9221281,PBKH,VICTORIA
2008-07-03T22:40:28,OOSTERDAM,245417000,55.11798,-131.1483917,0,163.6,21.9,167,9221281,PBKH,VICTORIA
2008-07-03T22:40:46,OOSTERDAM,245417000,55.11618,-131.147665,0,166.6,22.0,171,9221281,PBKH,VICTORIA
2008-07-03T22:40:58,OOSTERDAM,245417000,55.11501333,-131.1473267,0,168.8,22.0,173,9221281,PBKH,VICTORIA
2008-07-03T22:39:23,OOSTERDAM,245417000,55.12431167,-131.1523167,0,153.4,22.3,156,9221281,PBKH,VICTORIA
2008-07-03T22:39:40,OOSTERDAM,245417000,55.12254667,-131.1509767,0,156.1,22.2,159,9221281,PBKH,VICTORIA
2008-07-03T22:39:53,OOSTERDAM,245417000,55.12138833,-131.1502083,0,157.8,22.1,161,9221281,PBKH,VICTORIA
2008-07-03T22:38:11,OOSTERDAM,245417000,55.13058833,-131.158625,0,145.9,22.3,148,9221281,PBKH,VICTORIA
2008-07-03T22:38:47,OOSTERDAM,245417000,55.12744833,-131.1552817,0,149.9,22.3,152,9221281,PBKH,VICTORIA
2008-07-03T22:37:04,OOSTERDAM,245417000,55.13625833,-131.1656567,0,140.2,22.3,143,9221281,PBKH,VICTORIA
2008-07-03T22:37:35,OOSTERDAM,245417000,55.13372333,-131.16229,0,143.4,22.3,146,9221281,PBKH,VICTORIA
2008-07-03T22:37:40,OOSTERDAM,245417000,55.13329,-131.1617717,0,143.4,22.2,146,9221281,PBKH,VICTORIA
2008-07-03T22:36:23,OOSTERDAM,245417000,55.139475,-131.1703933,0,136.9,22.1,139,9221281,PBKH,VICTORIA
2008-07-03T22:36:35,OOSTERDAM,245417000,55.13857167,-131.16899,0,137.9,22.2,140,9221281,PBKH,VICTORIA
2008-07-03T22:35:10,OOSTERDAM,245417000,55.14471833,-131.1795167,0,133.4,22.3,134,9221281,PBKH,VICTORIA
2008-07-03T22:35:40,OOSTERDAM,245417000,55.14261167,-131.1757583,0,133.9,22.2,135,9221281,PBKH,VICTORIA
2008-07-03T22:58:47,OOSTERDAM,245417000,55.00459333,-131.1512,0,179.7,22.7,180,9221281,PBKH,VICTORIA
2008-07-03T22:57:34,OOSTERDAM,245417000,55.01213167,-131.1512,0,179.7,22.6,180,9221281,PBKH,VICTORIA
2008-07-03T22:56:47,OOSTERDAM,245417000,55.01715833,-131.1512683,0,179.7,22.6,180,9221281,PBKH,VICTORIA
2008-07-03T22:55:11,OOSTERDAM,245417000,55.027105,-131.1512167,0,179.7,22.3,180,9221281,PBKH,VICTORIA
2008-07-03T22:54:47,OOSTERDAM,245417000,55.02960167,-131.1512183,0,180.0,22.3,180,9221281,PBKH,VICTORIA
2008-07-03T22:51:34,OOSTERDAM,245417000,55.04941833,-131.1513333,0,180.7,21.6,181,9221281,PBKH,VICTORIA
2008-07-03T23:14:47,OOSTERDAM,245417000,54.90474667,-131.1488483,0,179.0,22.4,179,9221281,PBKH,VICTORIA
2008-07-03T23:12:26,OOSTERDAM,245417000,54.91946167,-131.1494967,0,177.9,22.2,179,9221281,PBKH,VICTORIA
2008-07-03T23:11:26,OOSTERDAM,245417000,54.92564,-131.1498483,0,177.7,22.4,179,9221281,PBKH,VICTORIA
2008-07-03T23:08:23,OOSTERDAM,245417000,54.94476,-131.1506833,0,178.4,22.4,179,9221281,PBKH,VICTORIA
2008-07-03T23:07:35,OOSTERDAM,245417000,54.94960667,-131.1508967,0,178.4,22.2,179,9221281,PBKH,VICTORIA
2008-07-03T23:30:35,OOSTERDAM,245417000,54.80621333,-131.1499683,0,191.0,22.3,191,9221281,PBKH,VICTORIA
2008-07-03T23:29:23,OOSTERDAM,245417000,54.81342667,-131.148075,0,183.7,22.3,184,9221281,PBKH,VICTORIA
2008-07-03T23:29:35,OOSTERDAM,245417000,54.81227167,-131.1482617,0,184.2,22.3,185,9221281,PBKH,VICTORIA
2008-07-03T23:27:22,OOSTERDAM,245417000,54.82598167,-131.1476833,0,180.7,22.5,180,9221281,PBKH,VICTORIA
2008-07-03T23:24:46,OOSTERDAM,245417000,54.84214333,-131.14765,0,179.7,22.6,179,9221281,PBKH,VICTORIA
2008-07-03T23:31:35,OOSTERDAM,245417000,54.80023333,-131.1526833,0,196.0,22.3,196,9221281,PBKH,VICTORIA
2008-07-04T00:00:16,OOSTERDAM,245417000,54.63415,-131.2631267,0,199.6,22.3,195,9221281,PBKH,VICTORIA
2008-07-04T00:00:40,OOSTERDAM,245417000,54.63180833,-131.26443,0,197.6,22.2,193,9221281,PBKH,VICTORIA
2008-07-03T23:58:05,OOSTERDAM,245417000,54.64669833,-131.2548067,0,200.8,22.0,198,9221281,PBKH,VICTORIA
2008-07-03T23:55:04,OOSTERDAM,245417000,54.66398333,-131.2432167,0,200.5,22.1,198,9221281,PBKH,VICTORIA
2008-07-03T23:54:52,OOSTERDAM,245417000,54.66510833,-131.2424767,0,200.8,22.1,198,9221281,PBKH,VICTORIA
2008-07-03T23:51:11,OOSTERDAM,245417000,54.686275,-131.2285683,0,202.0,22.3,200,9221281,PBKH,VICTORIA
2008-07-03T23:51:52,OOSTERDAM,245417000,54.68237,-131.2311967,0,200.5,22.1,198,9221281,PBKH,VICTORIA
2008-07-03T23:50:34,OOSTERDAM,245417000,54.689895,-131.2260133,0,202.0,22.4,200,9221281,PBKH,VICTORIA
