bs_ts,mmsi,name,destination,lat,lon,heading,cog,sog,nav_status,imo,callsign
2008-07-20T23:59:50,245026000,RYNDAM,KETCHIKAN,58.5145,-136.0643333,167,171,10.1,0,8919269,PHFV
2008-07-20T23:59:39,245026000,RYNDAM,KETCHIKAN,58.51483333,-136.0645,167,172,10.1,0,8919269,PHFV
2008-07-20T23:59:29,245026000,RYNDAM,KETCHIKAN,58.5155,-136.0646667,167,172,10.1,0,8919269,PHFV
2008-07-20T23:59:00,245026000,RYNDAM,KETCHIKAN,58.51683333,-136.065,167,173,10.1,0,8919269,PHFV
2008-07-20T23:58:50,245026000,RYNDAM,KETCHIKAN,58.51716667,-136.065,167,174,10.1,0,8919269,PHFV
2008-07-20T23:58:30,245026000,RYNDAM,KETCHIKAN,58.51816667,-136.0653333,167,175,10.1,0,8919269,PHFV
2008-07-20T23:58:19,245026000,RYNDAM,KETCHIKAN,58.51866667,-136.0653333,168,175,10.1,0,8919269,PHFV
2008-07-20T23:57:30,245026000,RYNDAM,KETCHIKAN,58.521,-136.0656667,170,178,10.1,0,8919269,PHFV
2008-07-20T23:56:30,245026000,RYNDAM,KETCHIKAN,58.52383333,-136.0658333,171,178,10.1,0,8919269,PHFV
2008-07-20T23:56:10,245026000,RYNDAM,KETCHIKAN,58.52466667,-136.0658333,170,177,10.1,0,8919269,PHFV
2008-07-20T23:55:39,245026000,RYNDAM,KETCHIKAN,58.52616667,-136.066,170,177,10.0,0,8919269,PHFV
2008-07-20T23:55:29,245026000,RYNDAM,KETCHIKAN,58.52666667,-136.0661667,170,177,10.0,0,8919269,PHFV
2008-07-20T23:55:01,245026000,RYNDAM,KETCHIKAN,58.52933333,-136.0665,0,0,0.0,0,8919269,PHFV
2008-07-20T23:54:30,245026000,RYNDAM,KETCHIKAN,58.52933333,-136.0665,171,177,9.9,0,8919269,PHFV
2008-07-20T23:53:39,245026000,RYNDAM,KETCHIKAN,58.53166667,-136.0665,173,178,10.0,0,8919269,PHFV
2008-07-20T23:53:19,245026000,RYNDAM,KETCHIKAN,58.53266667,-136.0666667,173,179,10.0,0,8919269,PHFV
2008-07-20T23:52:48,245026000,RYNDAM,KETCHIKAN,58.534,-136.0666667,174,180,10.1,0,8919269,PHFV
2008-07-20T23:52:39,245026000,RYNDAM,KETCHIKAN,58.5345,-136.0666667,175,180,10.1,0,8919269,PHFV
2008-07-20T23:52:19,245026000,RYNDAM,KETCHIKAN,58.53533333,-136.0666667,176,182,10.1,0,8919269,PHFV
2008-07-20T23:52:10,245026000,RYNDAM,KETCHIKAN,58.53583333,-136.0666667,177,182,10.2,0,8919269,PHFV
2008-07-20T23:52:00,245026000,RYNDAM,KETCHIKAN,58.53616667,-136.0666667,177,182,10.2,0,8919269,PHFV
2008-07-20T23:51:50,245026000,RYNDAM,KETCHIKAN,58.53666667,-136.0665,178,182,10.2,0,8919269,PHFV
2008-07-20T23:51:39,245026000,RYNDAM,KETCHIKAN,58.53716667,-136.0665,178,183,10.2,0,8919269,PHFV
2008-07-20T23:51:30,245026000,RYNDAM,KETCHIKAN,58.53766667,-136.0665,179,183,10.2,0,8919269,PHFV
2008-07-20T23:51:19,245026000,RYNDAM,KETCHIKAN,58.53816667,-136.0665,179,183,10.2,0,8919269,PHFV
2008-07-20T23:51:08,245026000,RYNDAM,KETCHIKAN,58.53866667,-136.0663333,179,183,10.2,0,8919269,PHFV
2008-07-20T23:50:39,245026000,RYNDAM,KETCHIKAN,58.54,-136.0663333,179,183,10.2,0,8919269,PHFV
2008-07-20T23:50:30,245026000,RYNDAM,KETCHIKAN,58.5405,-136.0661667,179,182,10.1,0,8919269,PHFV
2008-07-20T23:50:09,245026000,RYNDAM,KETCHIKAN,58.5415,-136.0661667,179,183,10.2,0,8919269,PHFV
2008-07-20T23:50:00,245026000,RYNDAM,KETCHIKAN,58.542,-136.0661667,180,182,10.1,0,8919269,PHFV
2008-07-20T23:49:49,245026000,RYNDAM,KETCHIKAN,58.5425,-136.066,179,182,10.1,0,8919269,PHFV
2008-07-20T23:49:40,245026000,RYNDAM,KETCHIKAN,58.54283333,-136.066,179,182,10.1,0,8919269,PHFV
2008-07-20T23:49:30,245026000,RYNDAM,KETCHIKAN,58.54333333,-136.066,179,182,10.1,0,8919269,PHFV
2008-07-20T23:49:19,245026000,RYNDAM,KETCHIKAN,58.54383333,-136.066,179,181,10.1,0,8919269,PHFV
2008-07-20T23:49:09,245026000,RYNDAM,KETCHIKAN,58.54433333,-136.066,179,181,10.0,0,8919269,PHFV
2008-07-20T23:48:58,245026000,RYNDAM,KETCHIKAN,58.54483333,-136.066,179,181,10.0,0,8919269,PHFV
2008-07-20T23:48:50,245026000,RYNDAM,KETCHIKAN,58.54516667,-136.066,179,181,10.0,0,8919269,PHFV
2008-07-20T23:48:40,245026000,RYNDAM,KETCHIKAN,58.54566667,-136.066,179,181,10.0,0,8919269,PHFV
2008-07-20T23:48:31,245026000,RYNDAM,KETCHIKAN,58.54616667,-136.0658333,179,180,10.0,0,8919269,PHFV
2008-07-20T23:48:09,245026000,RYNDAM,KETCHIKAN,58.547,-136.0658333,179,181,10.0,0,8919269,PHFV
2008-07-20T23:47:39,245026000,RYNDAM,KETCHIKAN,58.5485,-136.0658333,179,180,9.9,0,8919269,PHFV
2008-07-20T23:47:30,245026000,RYNDAM,KETCHIKAN,58.54883333,-136.0658333,179,180,9.9,0,8919269,PHFV
2008-07-20T23:47:22,245026000,RYNDAM,KETCHIKAN,58.54933333,-136.0658333,179,179,9.9,0,8919269,PHFV
2008-07-20T23:47:08,245026000,RYNDAM,KETCHIKAN,58.54983333,-136.0658333,178,178,9.9,0,8919269,PHFV
2008-07-20T23:46:59,245026000,RYNDAM,KETCHIKAN,58.55033333,-136.0658333,178,177,9.9,0,8919269,PHFV
2008-07-20T23:46:50,245026000,RYNDAM,KETCHIKAN,58.55066667,-136.0658333,177,177,10.0,0,8919269,PHFV
2008-07-20T23:46:30,245026000,RYNDAM,KETCHIKAN,58.5515,-136.066,177,176,10.0,0,8919269,PHFV
2008-07-20T23:45:58,245026000,RYNDAM,KETCHIKAN,58.553,-136.0661667,177,176,10.2,0,8919269,PHFV
2008-07-20T23:45:49,245026000,RYNDAM,KETCHIKAN,58.5535,-136.0663333,177,176,10.3,0,8919269,PHFV
2008-07-20T23:45:30,245026000,RYNDAM,KETCHIKAN,58.5545,-136.0663333,177,175,10.6,0,8919269,PHFV
2008-07-20T23:45:08,245026000,RYNDAM,KETCHIKAN,58.5555,-136.0665,177,175,11.0,0,8919269,PHFV
2008-07-20T23:44:49,245026000,RYNDAM,KETCHIKAN,58.5565,-136.0668333,177,174,11.3,0,8919269,PHFV
2008-07-20T23:44:21,245026000,RYNDAM,KETCHIKAN,58.558,-136.067,177,174,11.9,0,8919269,PHFV
2008-07-20T23:43:59,245026000,RYNDAM,KETCHIKAN,58.55916667,-136.0673333,177,175,12.1,0,8919269,PHFV
2008-07-20T23:43:49,245026000,RYNDAM,KETCHIKAN,58.55966667,-136.0673333,177,175,12.2,0,8919269,PHFV
2008-07-20T23:43:39,245026000,RYNDAM,KETCHIKAN,58.56016667,-136.0675,177,177,12.3,0,8919269,PHFV
2008-07-20T23:42:10,245026000,RYNDAM,KETCHIKAN,58.56516667,-136.068,177,176,12.3,0,8919269,PHFV
2008-07-20T23:42:00,245026000,RYNDAM,KETCHIKAN,58.56583333,-136.0681667,177,176,12.3,0,8919269,PHFV
2008-07-20T23:41:39,245026000,RYNDAM,KETCHIKAN,58.567,-136.0683333,177,176,12.3,0,8919269,PHFV
2008-07-20T23:41:29,245026000,RYNDAM,KETCHIKAN,58.56766667,-136.0683333,177,176,12.3,0,8919269,PHFV
2008-07-20T23:41:21,245026000,RYNDAM,KETCHIKAN,58.568,-136.0685,177,175,12.3,0,8919269,PHFV
2008-07-20T23:40:59,245026000,RYNDAM,KETCHIKAN,58.56916667,-136.0686667,177,175,12.3,0,8919269,PHFV
2008-07-20T23:40:39,245026000,RYNDAM,KETCHIKAN,58.5705,-136.0688333,176,173,12.3,0,8919269,PHFV
2008-07-20T23:40:20,245026000,RYNDAM,KETCHIKAN,58.5715,-136.0691667,174,171,12.3,0,8919269,PHFV
2008-07-20T23:40:10,245026000,RYNDAM,KETCHIKAN,58.572,-136.0691667,173,170,12.3,0,8919269,PHFV
2008-07-20T23:39:59,245026000,RYNDAM,KETCHIKAN,58.57266667,-136.0695,171,169,12.4,0,8919269,PHFV
2008-07-20T23:39:40,245026000,RYNDAM,KETCHIKAN,58.57383333,-136.0698333,169,168,12.4,0,8919269,PHFV
2008-07-20T23:39:30,245026000,RYNDAM,KETCHIKAN,58.57433333,-136.07,169,167,12.4,0,8919269,PHFV
2008-07-20T23:39:11,245026000,RYNDAM,KETCHIKAN,58.57533333,-136.0705,169,167,12.4,0,8919269,PHFV
2008-07-20T23:38:32,245026000,RYNDAM,KETCHIKAN,58.57766667,-136.0715,169,167,12.4,0,8919269,PHFV
2008-07-20T23:38:21,245026000,RYNDAM,KETCHIKAN,58.57833333,-136.0718333,169,167,12.4,0,8919269,PHFV
2008-07-20T23:38:11,245026000,RYNDAM,KETCHIKAN,58.57866667,-136.072,169,167,12.3,0,8919269,PHFV
2008-07-20T23:37:59,245026000,RYNDAM,KETCHIKAN,58.57933333,-136.0723333,169,167,12.3,0,8919269,PHFV
2008-07-20T23:37:49,245026000,RYNDAM,KETCHIKAN,58.58,-136.0726667,169,167,12.3,0,8919269,PHFV
2008-07-20T23:37:40,245026000,RYNDAM,KETCHIKAN,58.5805,-136.0728333,169,167,12.3,0,8919269,PHFV
2008-07-20T23:37:19,245026000,RYNDAM,KETCHIKAN,58.58166667,-136.0733333,169,167,12.2,0,8919269,PHFV
2008-07-20T23:37:10,245026000,RYNDAM,KETCHIKAN,58.582,-136.0735,169,167,12.2,0,8919269,PHFV
2008-07-20T23:36:59,245026000,RYNDAM,KETCHIKAN,58.58266667,-136.0738333,169,168,12.2,0,8919269,PHFV
2008-07-20T23:36:50,245026000,RYNDAM,KETCHIKAN,58.58316667,-136.074,169,168,12.2,0,8919269,PHFV
2008-07-20T23:36:31,245026000,RYNDAM,KETCHIKAN,58.58416667,-136.0745,169,168,12.2,0,8919269,PHFV
2008-07-20T23:36:20,245026000,RYNDAM,KETCHIKAN,58.58483333,-136.0746667,170,168,12.2,0,8919269,PHFV
2008-07-20T23:36:11,245026000,RYNDAM,KETCHIKAN,58.58533333,-136.0748333,170,168,12.2,0,8919269,PHFV
2008-07-20T23:35:39,245026000,RYNDAM,KETCHIKAN,58.58716667,-136.0756667,169,169,12.2,0,8919269,PHFV
2008-07-20T23:35:14,245026000,RYNDAM,KETCHIKAN,58.5885,-136.0761667,169,169,12.3,0,8919269,PHFV
2008-07-20T23:34:59,245026000,RYNDAM,KETCHIKAN,58.58933333,-136.0765,169,170,12.3,0,8919269,PHFV
2008-07-20T23:34:44,245026000,RYNDAM,KETCHIKAN,58.59016667,-136.0766667,169,170,12.4,0,8919269,PHFV
2008-07-20T23:34:40,245026000,RYNDAM,KETCHIKAN,58.5905,-136.0768333,169,170,12.4,0,8919269,PHFV
2008-07-20T23:34:39,245026000,RYNDAM,KETCHIKAN,58.5905,-136.0768333,169,170,12.4,0,8919269,PHFV
2008-07-20T23:34:33,245026000,RYNDAM,KETCHIKAN,58.59083333,-136.077,169,170,12.4,0,8919269,PHFV
2008-07-20T23:34:30,245026000,RYNDAM,KETCHIKAN,58.59083333,-136.077,169,170,12.4,0,8919269,PHFV
2008-07-20T23:34:19,245026000,RYNDAM,KETCHIKAN,58.5915,-136.0771667,169,170,12.5,0,8919269,PHFV
2008-07-20T23:34:14,245026000,RYNDAM,KETCHIKAN,58.59183333,-136.0773333,169,170,12.5,0,8919269,PHFV
2008-07-20T23:34:02,245026000,RYNDAM,KETCHIKAN,58.5925,-136.0775,169,170,12.5,0,8919269,PHFV
2008-07-20T23:33:56,245026000,RYNDAM,KETCHIKAN,58.59283333,-136.0776667,169,171,12.6,0,8919269,PHFV
2008-07-20T23:33:45,245026000,RYNDAM,KETCHIKAN,58.5935,-136.0778333,169,171,12.6,0,8919269,PHFV
2008-07-20T23:33:38,245026000,RYNDAM,KETCHIKAN,58.59383333,-136.078,169,171,12.7,0,8919269,PHFV
2008-07-20T23:33:26,245026000,RYNDAM,KETCHIKAN,58.59466667,-136.0781667,169,171,12.8,0,8919269,PHFV
2008-07-20T23:33:14,245026000,RYNDAM,KETCHIKAN,58.59516667,-136.0783333,169,171,12.9,0,8919269,PHFV
2008-07-20T23:33:09,245026000,RYNDAM,KETCHIKAN,58.59566667,-136.0785,169,171,13.0,0,8919269,PHFV
2008-07-20T23:33:03,245026000,RYNDAM,KETCHIKAN,58.596,-136.0786667,169,171,13.0,0,8919269,PHFV
2008-07-20T23:32:57,245026000,RYNDAM,KETCHIKAN,58.59633333,-136.0786667,169,171,13.1,0,8919269,PHFV
2008-07-20T23:32:50,245026000,RYNDAM,KETCHIKAN,58.59666667,-136.0788333,169,171,13.1,0,8919269,PHFV
2008-07-20T23:32:45,245026000,RYNDAM,KETCHIKAN,58.597,-136.079,169,171,13.2,0,8919269,PHFV
2008-07-20T23:32:40,245026000,RYNDAM,KETCHIKAN,58.59733333,-136.079,169,171,13.2,0,8919269,PHFV
2008-07-20T23:32:32,245026000,RYNDAM,KETCHIKAN,58.59766667,-136.0791667,169,171,13.3,0,8919269,PHFV
2008-07-20T23:32:26,245026000,RYNDAM,KETCHIKAN,58.598,-136.0793333,169,171,13.3,0,8919269,PHFV
2008-07-20T23:32:19,245026000,RYNDAM,KETCHIKAN,58.5985,-136.0795,169,171,13.4,0,8919269,PHFV
2008-07-20T23:32:15,245026000,RYNDAM,KETCHIKAN,58.59883333,-136.0795,169,171,13.5,0,8919269,PHFV
2008-07-20T23:32:07,245026000,RYNDAM,KETCHIKAN,58.59933333,-136.0796667,169,171,13.5,0,8919269,PHFV
2008-07-20T23:32:03,245026000,RYNDAM,KETCHIKAN,58.5995,-136.0796667,169,171,13.5,0,8919269,PHFV
2008-07-20T23:31:56,245026000,RYNDAM,KETCHIKAN,58.59983333,-136.0798333,169,171,13.6,0,8919269,PHFV
2008-07-20T23:31:50,245026000,RYNDAM,KETCHIKAN,58.60033333,-136.08,169,171,13.6,0,8919269,PHFV
2008-07-20T23:31:39,245026000,RYNDAM,KETCHIKAN,58.601,-136.0801667,169,171,13.7,0,8919269,PHFV
2008-07-20T23:31:32,245026000,RYNDAM,KETCHIKAN,58.60133333,-136.0803333,169,171,13.8,0,8919269,PHFV
2008-07-20T23:31:26,245026000,RYNDAM,KETCHIKAN,58.60183333,-136.0803333,169,171,13.8,0,8919269,PHFV
2008-07-20T23:31:03,245026000,RYNDAM,KETCHIKAN,58.60333333,-136.0808333,169,171,14.0,0,8919269,PHFV
2008-07-20T23:30:56,245026000,RYNDAM,KETCHIKAN,58.60366667,-136.081,169,171,14.1,0,8919269,PHFV
2008-07-20T23:30:50,245026000,RYNDAM,KETCHIKAN,58.604,-136.0811667,169,171,14.1,0,8919269,PHFV
2008-07-20T23:30:32,245026000,RYNDAM,KETCHIKAN,58.60533333,-136.0815,169,170,14.4,0,8919269,PHFV
2008-07-20T23:30:14,245026000,RYNDAM,KETCHIKAN,58.60633333,-136.0818333,168,169,14.6,0,8919269,PHFV
2008-07-20T23:30:08,245026000,RYNDAM,KETCHIKAN,58.607,-136.082,168,168,14.6,0,8919269,PHFV
2008-07-20T23:30:04,245026000,RYNDAM,KETCHIKAN,58.60716667,-136.0821667,168,168,14.7,0,8919269,PHFV
2008-07-20T23:29:58,245026000,RYNDAM,KETCHIKAN,58.6075,-136.0823333,167,168,14.7,0,8919269,PHFV
2008-07-20T23:29:47,245026000,RYNDAM,KETCHIKAN,58.60833333,-136.0826667,166,166,14.9,0,8919269,PHFV
2008-07-20T23:29:28,245026000,RYNDAM,KETCHIKAN,58.6095,-136.0831667,164,165,14.9,0,8919269,PHFV
2008-07-20T23:29:21,245026000,RYNDAM,KETCHIKAN,58.61,-136.0833333,164,164,14.9,0,8919269,PHFV
2008-07-20T23:29:15,245026000,RYNDAM,KETCHIKAN,58.61033333,-136.0835,163,163,14.9,0,8919269,PHFV
2008-07-20T23:29:03,245026000,RYNDAM,KETCHIKAN,58.61116667,-136.084,162,162,14.9,0,8919269,PHFV
2008-07-20T23:28:55,245026000,RYNDAM,KETCHIKAN,58.6115,-136.0843333,161,161,15.0,0,8919269,PHFV
2008-07-20T23:28:38,245026000,RYNDAM,KETCHIKAN,58.61266667,-136.085,160,159,15.0,0,8919269,PHFV
2008-07-20T23:28:32,245026000,RYNDAM,KETCHIKAN,58.61316667,-136.0853333,159,159,15.0,0,8919269,PHFV
2008-07-20T23:28:26,245026000,RYNDAM,KETCHIKAN,58.61366667,-136.0856667,158,158,15.1,0,8919269,PHFV
2008-07-20T23:28:19,245026000,RYNDAM,KETCHIKAN,58.61383333,-136.0858333,158,157,15.1,0,8919269,PHFV
2008-07-20T23:28:14,245026000,RYNDAM,KETCHIKAN,58.61433333,-136.0861667,157,157,15.1,0,8919269,PHFV
2008-07-20T23:28:03,245026000,RYNDAM,KETCHIKAN,58.615,-136.0868333,156,156,15.2,0,8919269,PHFV
2008-07-20T23:27:51,245026000,RYNDAM,KETCHIKAN,58.61583333,-136.0875,155,155,15.3,0,8919269,PHFV
2008-07-20T23:27:39,245026000,RYNDAM,KETCHIKAN,58.61666667,-136.0881667,154,153,15.4,0,8919269,PHFV
2008-07-20T23:27:31,245026000,RYNDAM,KETCHIKAN,58.61716667,-136.0886667,153,152,15.5,0,8919269,PHFV
2008-07-20T23:27:20,245026000,RYNDAM,KETCHIKAN,58.61783333,-136.0893333,152,151,15.6,0,8919269,PHFV
2008-07-20T23:27:08,245026000,RYNDAM,KETCHIKAN,58.6185,-136.09,150,150,15.7,0,8919269,PHFV
2008-07-20T23:27:03,245026000,RYNDAM,KETCHIKAN,58.61883333,-136.0905,150,149,15.7,0,8919269,PHFV
2008-07-20T23:26:57,245026000,RYNDAM,KETCHIKAN,58.61933333,-136.0908333,149,149,15.8,0,8919269,PHFV
2008-07-20T23:26:50,245026000,RYNDAM,KETCHIKAN,58.61966667,-136.0913333,149,148,15.8,0,8919269,PHFV
2008-07-20T23:26:44,245026000,RYNDAM,KETCHIKAN,58.62,-136.0916667,148,147,15.8,0,8919269,PHFV
2008-07-20T23:26:39,245026000,RYNDAM,KETCHIKAN,58.62033333,-136.0921667,147,147,15.8,0,8919269,PHFV
2008-07-20T23:26:26,245026000,RYNDAM,KETCHIKAN,58.62116667,-136.093,146,145,15.9,0,8919269,PHFV
2008-07-20T23:26:19,245026000,RYNDAM,KETCHIKAN,58.6215,-136.0935,145,145,16.0,0,8919269,PHFV
2008-07-20T23:26:14,245026000,RYNDAM,KETCHIKAN,58.62183333,-136.094,145,144,16.0,0,8919269,PHFV
2008-07-20T23:26:09,245026000,RYNDAM,KETCHIKAN,58.62216667,-136.0945,144,144,16.0,0,8919269,PHFV
2008-07-20T23:26:02,245026000,RYNDAM,KETCHIKAN,58.6225,-136.095,143,143,16.1,0,8919269,PHFV
2008-07-20T23:25:51,245026000,RYNDAM,KETCHIKAN,58.62333333,-136.096,142,142,16.2,0,8919269,PHFV
2008-07-20T23:25:44,245026000,RYNDAM,KETCHIKAN,58.62366667,-136.0965,142,142,16.3,0,8919269,PHFV
2008-07-20T23:25:38,245026000,RYNDAM,KETCHIKAN,58.624,-136.0971667,141,141,16.3,0,8919269,PHFV
2008-07-20T23:25:26,245026000,RYNDAM,KETCHIKAN,58.62466667,-136.0981667,140,141,16.4,0,8919269,PHFV
2008-07-20T23:25:15,245026000,RYNDAM,KETCHIKAN,58.62533333,-136.0993333,140,141,16.5,0,8919269,PHFV
2008-07-20T23:25:08,245026000,RYNDAM,KETCHIKAN,58.62583333,-136.0998333,140,141,16.5,0,8919269,PHFV
2008-07-20T23:25:02,245026000,RYNDAM,KETCHIKAN,58.62616667,-136.1003333,141,141,16.6,0,8919269,PHFV
2008-07-20T23:25:01,245026000,RYNDAM,KETCHIKAN,58.62666667,-136.1011667,0,0,0.0,0,8919269,PHFV
2008-07-20T23:24:56,245026000,RYNDAM,KETCHIKAN,58.62666667,-136.1011667,141,141,16.6,0,8919269,PHFV
2008-07-20T23:24:44,245026000,RYNDAM,KETCHIKAN,58.62716667,-136.102,141,141,16.6,0,8919269,PHFV
2008-07-20T23:24:40,245026000,RYNDAM,KETCHIKAN,58.6275,-136.1025,140,141,16.7,0,8919269,PHFV
2008-07-20T23:24:32,245026000,RYNDAM,KETCHIKAN,58.628,-136.1033333,140,141,16.7,0,8919269,PHFV
2008-07-20T23:24:26,245026000,RYNDAM,KETCHIKAN,58.62833333,-136.1036667,140,141,16.7,0,8919269,PHFV
2008-07-20T23:24:03,245026000,RYNDAM,KETCHIKAN,58.62966667,-136.106,140,141,16.9,0,8919269,PHFV
2008-07-20T23:23:56,245026000,RYNDAM,KETCHIKAN,58.63,-136.1065,140,141,16.9,0,8919269,PHFV
2008-07-20T23:23:50,245026000,RYNDAM,KETCHIKAN,58.6305,-136.107,140,141,16.9,0,8919269,PHFV
2008-07-20T23:23:44,245026000,RYNDAM,KETCHIKAN,58.63083333,-136.1076667,140,141,17.0,0,8919269,PHFV
2008-07-20T23:23:38,245026000,RYNDAM,KETCHIKAN,58.63116667,-136.1081667,140,141,17.0,0,8919269,PHFV
2008-07-20T23:23:08,245026000,RYNDAM,KETCHIKAN,58.633,-136.111,140,141,17.2,0,8919269,PHFV
2008-07-20T23:23:02,245026000,RYNDAM,KETCHIKAN,58.63333333,-136.1116667,140,141,17.3,0,8919269,PHFV
2008-07-20T23:22:51,245026000,RYNDAM,KETCHIKAN,58.63416667,-136.1128333,140,141,17.3,0,8919269,PHFV
2008-07-20T23:22:44,245026000,RYNDAM,KETCHIKAN,58.63466667,-136.1135,140,141,17.3,0,8919269,PHFV
2008-07-20T23:22:38,245026000,RYNDAM,KETCHIKAN,58.635,-136.1141667,140,141,17.3,0,8919269,PHFV
2008-07-20T23:22:26,245026000,RYNDAM,KETCHIKAN,58.63566667,-136.115,140,141,17.3,0,8919269,PHFV
2008-07-20T23:22:20,245026000,RYNDAM,KETCHIKAN,58.636,-136.1156667,140,141,17.2,0,8919269,PHFV
2008-07-20T23:22:14,245026000,RYNDAM,KETCHIKAN,58.63633333,-136.1161667,140,141,17.2,0,8919269,PHFV
2008-07-20T23:22:03,245026000,RYNDAM,KETCHIKAN,58.63716667,-136.1173333,141,141,17.2,0,8919269,PHFV
2008-07-20T23:21:55,245026000,RYNDAM,KETCHIKAN,58.63766667,-136.1181667,141,141,17.2,0,8919269,PHFV
2008-07-20T23:21:50,245026000,RYNDAM,KETCHIKAN,58.63783333,-136.1185,140,141,17.2,0,8919269,PHFV
2008-07-20T23:21:38,245026000,RYNDAM,KETCHIKAN,58.6385,-136.1196667,140,141,17.2,0,8919269,PHFV
2008-07-20T23:21:27,245026000,RYNDAM,KETCHIKAN,58.63933333,-136.1208333,140,141,17.2,0,8919269,PHFV
2008-07-20T23:21:20,245026000,RYNDAM,KETCHIKAN,58.63966667,-136.1213333,140,141,17.2,0,8919269,PHFV
2008-07-20T23:21:14,245026000,RYNDAM,KETCHIKAN,58.64,-136.122,140,141,17.2,0,8919269,PHFV
2008-07-20T23:21:10,245026000,RYNDAM,KETCHIKAN,58.6405,-136.1225,140,141,17.2,0,8919269,PHFV
2008-07-20T23:20:57,245026000,RYNDAM,KETCHIKAN,58.64116667,-136.1236667,140,141,17.2,0,8919269,PHFV
2008-07-20T23:20:51,245026000,RYNDAM,KETCHIKAN,58.6415,-136.1241667,140,141,17.2,0,8919269,PHFV
2008-07-20T23:20:45,245026000,RYNDAM,KETCHIKAN,58.64183333,-136.1248333,140,141,17.2,0,8919269,PHFV
2008-07-20T23:20:38,245026000,RYNDAM,KETCHIKAN,58.64233333,-136.1253333,140,141,17.2,0,8919269,PHFV
2008-07-20T23:20:33,245026000,RYNDAM,KETCHIKAN,58.64266667,-136.126,140,141,17.2,0,8919269,PHFV
2008-07-20T23:20:26,245026000,RYNDAM,KETCHIKAN,58.64316667,-136.1266667,140,141,17.3,0,8919269,PHFV
2008-07-20T23:20:20,245026000,RYNDAM,KETCHIKAN,58.64333333,-136.1271667,140,141,17.3,0,8919269,PHFV
2008-07-20T23:20:04,245026000,RYNDAM,KETCHIKAN,58.6445,-136.1288333,140,141,17.3,0,8919269,PHFV
2008-07-20T23:19:51,245026000,RYNDAM,KETCHIKAN,58.64533333,-136.13,140,141,17.3,0,8919269,PHFV
2008-07-20T23:19:27,245026000,RYNDAM,KETCHIKAN,58.64683333,-136.1323333,140,141,17.3,0,8919269,PHFV
2008-07-20T23:19:14,245026000,RYNDAM,KETCHIKAN,58.6475,-136.1335,140,141,17.3,0,8919269,PHFV
2008-07-20T23:19:09,245026000,RYNDAM,KETCHIKAN,58.64783333,-136.134,140,141,17.3,0,8919269,PHFV
2008-07-20T23:19:03,245026000,RYNDAM,KETCHIKAN,58.64833333,-136.1346667,140,141,17.3,0,8919269,PHFV
2008-07-20T23:18:51,245026000,RYNDAM,KETCHIKAN,58.649,-136.1358333,140,141,17.3,0,8919269,PHFV
2008-07-20T23:18:46,245026000,RYNDAM,KETCHIKAN,58.64933333,-136.1363333,140,141,17.3,0,8919269,PHFV
2008-07-20T23:18:40,245026000,RYNDAM,KETCHIKAN,58.64983333,-136.137,140,141,17.3,0,8919269,PHFV
2008-07-20T23:18:20,245026000,RYNDAM,KETCHIKAN,58.65083333,-136.1386667,140,141,17.3,0,8919269,PHFV
2008-07-20T23:18:09,245026000,RYNDAM,KETCHIKAN,58.65166667,-136.1398333,140,141,17.3,0,8919269,PHFV
2008-07-20T23:18:02,245026000,RYNDAM,KETCHIKAN,58.652,-136.1403333,140,141,17.3,0,8919269,PHFV
2008-07-20T23:17:56,245026000,RYNDAM,KETCHIKAN,58.6525,-136.1411667,140,141,17.3,0,8919269,PHFV
2008-07-20T23:17:44,245026000,RYNDAM,KETCHIKAN,58.65316667,-136.1421667,140,141,17.3,0,8919269,PHFV
2008-07-20T23:17:32,245026000,RYNDAM,KETCHIKAN,58.65383333,-136.1433333,140,141,17.3,0,8919269,PHFV
2008-07-20T23:17:14,245026000,RYNDAM,KETCHIKAN,58.655,-136.1451667,141,141,17.3,0,8919269,PHFV
2008-07-20T23:17:08,245026000,RYNDAM,KETCHIKAN,58.65533333,-136.1456667,141,141,17.3,0,8919269,PHFV
2008-07-20T23:17:02,245026000,RYNDAM,KETCHIKAN,58.65583333,-136.1463333,141,141,17.3,0,8919269,PHFV
2008-07-20T23:16:45,245026000,RYNDAM,KETCHIKAN,58.65683333,-136.1478333,140,141,17.3,0,8919269,PHFV
2008-07-20T23:16:38,245026000,RYNDAM,KETCHIKAN,58.65733333,-136.1486667,140,141,17.3,0,8919269,PHFV
2008-07-20T23:16:32,245026000,RYNDAM,KETCHIKAN,58.6575,-136.149,140,141,17.3,0,8919269,PHFV
2008-07-20T23:16:14,245026000,RYNDAM,KETCHIKAN,58.65866667,-136.1508333,140,141,17.3,0,8919269,PHFV
2008-07-20T23:15:50,245026000,RYNDAM,KETCHIKAN,58.66016667,-136.1533333,140,141,17.3,0,8919269,PHFV
2008-07-20T23:15:39,245026000,RYNDAM,KETCHIKAN,58.661,-136.1545,140,141,17.3,0,8919269,PHFV
2008-07-20T23:15:33,245026000,RYNDAM,KETCHIKAN,58.66133333,-136.155,140,141,17.3,0,8919269,PHFV
2008-07-20T23:15:26,245026000,RYNDAM,KETCHIKAN,58.66166667,-136.1556667,140,141,17.3,0,8919269,PHFV
2008-07-20T23:15:20,245026000,RYNDAM,KETCHIKAN,58.66216667,-136.1561667,140,141,17.3,0,8919269,PHFV
2008-07-20T23:15:10,245026000,RYNDAM,KETCHIKAN,58.66283333,-136.1573333,140,141,17.3,0,8919269,PHFV
2008-07-20T23:15:03,245026000,RYNDAM,KETCHIKAN,58.66316667,-136.158,140,141,17.3,0,8919269,PHFV
2008-07-20T23:14:56,245026000,RYNDAM,KETCHIKAN,58.6635,-136.1585,140,141,17.3,0,8919269,PHFV
2008-07-20T23:14:49,245026000,RYNDAM,KETCHIKAN,58.664,-136.1591667,140,141,17.3,0,8919269,PHFV
2008-07-20T23:14:39,245026000,RYNDAM,KETCHIKAN,58.66466667,-136.1603333,140,141,17.3,0,8919269,PHFV
2008-07-20T23:14:32,245026000,RYNDAM,KETCHIKAN,58.665,-136.1608333,140,141,17.3,0,8919269,PHFV
2008-07-20T23:14:26,245026000,RYNDAM,KETCHIKAN,58.6655,-136.1615,140,141,17.3,0,8919269,PHFV
2008-07-20T23:14:20,245026000,RYNDAM,KETCHIKAN,58.66583333,-136.162,140,141,17.3,0,8919269,PHFV
2008-07-20T23:14:14,245026000,RYNDAM,KETCHIKAN,58.66616667,-136.1626667,140,141,17.3,0,8919269,PHFV
2008-07-20T23:14:09,245026000,RYNDAM,KETCHIKAN,58.6665,-136.1631667,140,141,17.3,0,8919269,PHFV
2008-07-20T23:13:55,245026000,RYNDAM,KETCHIKAN,58.66733333,-136.1643333,141,141,17.3,0,8919269,PHFV
2008-07-20T23:13:45,245026000,RYNDAM,KETCHIKAN,58.668,-136.1655,141,141,17.3,0,8919269,PHFV
2008-07-20T23:13:33,245026000,RYNDAM,KETCHIKAN,58.66866667,-136.1665,140,141,17.3,0,8919269,PHFV
2008-07-20T23:13:27,245026000,RYNDAM,KETCHIKAN,58.669,-136.167,140,141,17.3,0,8919269,PHFV
2008-07-20T23:13:15,245026000,RYNDAM,KETCHIKAN,58.66983333,-136.1681667,141,141,17.3,0,8919269,PHFV
2008-07-20T23:13:03,245026000,RYNDAM,KETCHIKAN,58.67066667,-136.1696667,141,141,17.3,0,8919269,PHFV
2008-07-20T23:12:38,245026000,RYNDAM,KETCHIKAN,58.67216667,-136.172,140,141,17.3,0,8919269,PHFV
2008-07-20T23:12:27,245026000,RYNDAM,KETCHIKAN,58.67283333,-136.1731667,141,141,17.3,0,8919269,PHFV
2008-07-20T23:12:14,245026000,RYNDAM,KETCHIKAN,58.67366667,-136.1743333,141,141,17.3,0,8919269,PHFV
2008-07-20T23:12:02,245026000,RYNDAM,KETCHIKAN,58.67433333,-136.1755,140,140,17.3,0,8919269,PHFV
2008-07-20T23:11:56,245026000,RYNDAM,KETCHIKAN,58.67466667,-136.176,140,140,17.3,0,8919269,PHFV
2008-07-20T23:11:52,245026000,RYNDAM,KETCHIKAN,58.675,-136.1766667,140,140,17.3,0,8919269,PHFV
2008-07-20T23:11:44,245026000,RYNDAM,KETCHIKAN,58.6755,-136.1771667,140,140,17.3,0,8919269,PHFV
2008-07-20T23:11:26,245026000,RYNDAM,KETCHIKAN,58.6765,-136.179,140,140,17.3,0,8919269,PHFV
2008-07-20T23:11:16,245026000,RYNDAM,KETCHIKAN,58.67733333,-136.1801667,140,140,17.3,0,8919269,PHFV
2008-07-20T23:11:02,245026000,RYNDAM,KETCHIKAN,58.678,-136.1813333,140,140,17.3,0,8919269,PHFV
2008-07-20T23:10:52,245026000,RYNDAM,KETCHIKAN,58.67866667,-136.1823333,140,140,17.2,0,8919269,PHFV
2008-07-20T23:10:45,245026000,RYNDAM,KETCHIKAN,58.67916667,-136.183,140,140,17.2,0,8919269,PHFV
2008-07-20T23:10:38,245026000,RYNDAM,KETCHIKAN,58.6795,-136.1836667,140,140,17.2,0,8919269,PHFV
2008-07-20T23:10:15,245026000,RYNDAM,KETCHIKAN,58.681,-136.186,140,140,17.2,0,8919269,PHFV
2008-07-20T23:10:03,245026000,RYNDAM,KETCHIKAN,58.68166667,-136.1871667,140,140,17.2,0,8919269,PHFV
2008-07-20T23:09:56,245026000,RYNDAM,KETCHIKAN,58.682,-136.1878333,140,140,17.1,0,8919269,PHFV
2008-07-20T23:09:50,245026000,RYNDAM,KETCHIKAN,58.6825,-136.1883333,140,140,17.1,0,8919269,PHFV
2008-07-20T23:09:44,245026000,RYNDAM,KETCHIKAN,58.68283333,-136.189,140,140,17.1,0,8919269,PHFV
2008-07-20T23:09:40,245026000,RYNDAM,KETCHIKAN,58.68316667,-136.1895,140,140,17.1,0,8919269,PHFV
2008-07-20T23:09:26,245026000,RYNDAM,KETCHIKAN,58.68383333,-136.1906667,140,140,17.1,0,8919269,PHFV
2008-07-20T23:09:20,245026000,RYNDAM,KETCHIKAN,58.68416667,-136.1913333,140,140,17.1,0,8919269,PHFV
2008-07-20T23:09:14,245026000,RYNDAM,KETCHIKAN,58.68466667,-136.1918333,140,140,17.1,0,8919269,PHFV
2008-07-20T23:08:40,245026000,RYNDAM,KETCHIKAN,58.68666667,-136.1951667,140,140,17.0,0,8919269,PHFV
2008-07-20T23:08:32,245026000,RYNDAM,KETCHIKAN,58.687,-136.1958333,140,140,17.0,0,8919269,PHFV
2008-07-20T23:08:26,245026000,RYNDAM,KETCHIKAN,58.6875,-136.1965,140,140,17.0,0,8919269,PHFV
2008-07-20T23:08:20,245026000,RYNDAM,KETCHIKAN,58.68783333,-136.1971667,140,140,17.0,0,8919269,PHFV
2008-07-20T23:08:14,245026000,RYNDAM,KETCHIKAN,58.68816667,-136.1976667,140,140,17.0,0,8919269,PHFV
2008-07-20T23:08:09,245026000,RYNDAM,KETCHIKAN,58.6885,-136.1983333,140,140,17.0,0,8919269,PHFV
2008-07-20T23:08:02,245026000,RYNDAM,KETCHIKAN,58.689,-136.1988333,140,140,17.0,0,8919269,PHFV
2008-07-20T23:07:44,245026000,RYNDAM,KETCHIKAN,58.69,-136.2006667,140,140,16.9,0,8919269,PHFV
2008-07-20T23:07:26,245026000,RYNDAM,KETCHIKAN,58.69116667,-136.2023333,140,140,16.9,0,8919269,PHFV
2008-07-20T23:07:21,245026000,RYNDAM,KETCHIKAN,58.6915,-136.2028333,140,140,16.9,0,8919269,PHFV
2008-07-20T23:07:15,245026000,RYNDAM,KETCHIKAN,58.69183333,-136.2035,140,140,16.9,0,8919269,PHFV
2008-07-20T23:07:02,245026000,RYNDAM,KETCHIKAN,58.6925,-136.2046667,140,140,16.9,0,8919269,PHFV
2008-07-20T23:06:57,245026000,RYNDAM,KETCHIKAN,58.69283333,-136.2051667,140,140,16.9,0,8919269,PHFV
2008-07-20T23:06:51,245026000,RYNDAM,KETCHIKAN,58.69333333,-136.2058333,140,140,16.9,0,8919269,PHFV
2008-07-20T23:06:26,245026000,RYNDAM,KETCHIKAN,58.69466667,-136.2081667,140,140,16.9,0,8919269,PHFV
2008-07-20T23:06:09,245026000,RYNDAM,KETCHIKAN,58.69583333,-136.2098333,140,140,16.8,0,8919269,PHFV
2008-07-20T23:06:04,245026000,RYNDAM,KETCHIKAN,58.696,-136.2101667,140,140,16.8,0,8919269,PHFV
2008-07-20T23:05:51,245026000,RYNDAM,KETCHIKAN,58.69666667,-136.2113333,140,140,16.8,0,8919269,PHFV
2008-07-20T23:05:44,245026000,RYNDAM,KETCHIKAN,58.69716667,-136.2121667,140,140,16.8,0,8919269,PHFV
2008-07-20T23:05:39,245026000,RYNDAM,KETCHIKAN,58.6975,-136.2126667,140,140,16.8,0,8919269,PHFV
2008-07-20T23:05:32,245026000,RYNDAM,KETCHIKAN,58.69783333,-136.2133333,140,140,16.8,0,8919269,PHFV
2008-07-20T23:05:26,245026000,RYNDAM,KETCHIKAN,58.69833333,-136.2138333,140,140,16.8,0,8919269,PHFV
2008-07-20T23:04:57,245026000,RYNDAM,KETCHIKAN,58.70016667,-136.2168333,140,140,16.8,0,8919269,PHFV
2008-07-20T23:04:50,245026000,RYNDAM,KETCHIKAN,58.70033333,-136.2171667,140,140,16.8,0,8919269,PHFV
2008-07-20T23:04:44,245026000,RYNDAM,KETCHIKAN,58.70066667,-136.2178333,140,140,16.8,0,8919269,PHFV
2008-07-20T23:04:39,245026000,RYNDAM,KETCHIKAN,58.701,-136.2183333,140,140,16.8,0,8919269,PHFV
2008-07-20T23:04:32,245026000,RYNDAM,KETCHIKAN,58.70133333,-136.219,140,140,16.8,0,8919269,PHFV
2008-07-20T23:04:16,245026000,RYNDAM,KETCHIKAN,58.7025,-136.2206667,140,140,16.7,0,8919269,PHFV
2008-07-20T23:03:52,245026000,RYNDAM,KETCHIKAN,58.70383333,-136.223,140,140,16.7,0,8919269,PHFV
2008-07-20T23:03:38,245026000,RYNDAM,KETCHIKAN,58.70466667,-136.224,140,140,16.7,0,8919269,PHFV
2008-07-20T23:03:33,245026000,RYNDAM,KETCHIKAN,58.705,-136.2246667,140,140,16.7,0,8919269,PHFV
2008-07-20T23:03:02,245026000,RYNDAM,KETCHIKAN,58.70683333,-136.2275,140,140,16.7,0,8919269,PHFV
2008-07-20T23:02:51,245026000,RYNDAM,KETCHIKAN,58.7075,-136.2286667,140,140,16.7,0,8919269,PHFV
2008-07-20T23:01:57,245026000,RYNDAM,KETCHIKAN,58.71066667,-136.2338333,140,140,16.8,0,8919269,PHFV
2008-07-20T23:01:51,245026000,RYNDAM,KETCHIKAN,58.711,-136.2343333,140,140,16.8,0,8919269,PHFV
2008-07-20T23:01:08,245026000,RYNDAM,KETCHIKAN,58.7135,-136.2383333,140,141,16.8,0,8919269,PHFV
2008-07-20T23:01:04,245026000,RYNDAM,KETCHIKAN,58.71383333,-136.2388333,0,0,0.0,0,8919269,PHFV
2008-07-20T23:01:02,245026000,RYNDAM,KETCHIKAN,58.71383333,-136.2388333,140,141,16.8,0,8919269,PHFV
2008-07-20T23:00:32,245026000,RYNDAM,KETCHIKAN,58.71566667,-136.2418333,140,140,16.7,0,8919269,PHFV
2008-07-20T23:00:26,245026000,RYNDAM,KETCHIKAN,58.71616667,-136.2425,140,141,16.7,0,8919269,PHFV
2008-07-20T23:00:20,245026000,RYNDAM,KETCHIKAN,58.71633333,-136.2428333,140,141,16.7,0,8919269,PHFV
2008-07-20T23:00:14,245026000,RYNDAM,KETCHIKAN,58.71683333,-136.2435,140,141,16.7,0,8919269,PHFV
2008-07-20T23:00:09,245026000,RYNDAM,KETCHIKAN,58.71716667,-136.244,140,140,16.7,0,8919269,PHFV
2008-07-20T23:00:03,245026000,RYNDAM,KETCHIKAN,58.7175,-136.2446667,140,140,16.8,0,8919269,PHFV
2008-07-20T22:59:44,245026000,RYNDAM,KETCHIKAN,58.7185,-136.2463333,140,140,16.8,0,8919269,PHFV
2008-07-20T22:59:33,245026000,RYNDAM,KETCHIKAN,58.71933333,-136.2475,140,140,16.8,0,8919269,PHFV
2008-07-20T22:59:26,245026000,RYNDAM,KETCHIKAN,58.71966667,-136.248,140,140,16.8,0,8919269,PHFV
2008-07-20T22:59:21,245026000,RYNDAM,KETCHIKAN,58.72,-136.2485,140,140,16.8,0,8919269,PHFV
2008-07-20T22:59:06,245026000,RYNDAM,KETCHIKAN,58.721,-136.2503333,140,140,16.8,0,8919269,PHFV
2008-07-20T22:58:56,245026000,RYNDAM,KETCHIKAN,58.7215,-136.2508333,140,140,16.8,0,8919269,PHFV
2008-07-20T22:58:50,245026000,RYNDAM,KETCHIKAN,58.72183333,-136.2513333,140,140,16.8,0,8919269,PHFV
2008-07-20T22:58:39,245026000,RYNDAM,KETCHIKAN,58.7225,-136.2525,140,140,16.8,0,8919269,PHFV
2008-07-20T22:58:32,245026000,RYNDAM,KETCHIKAN,58.72283333,-136.2531667,140,140,16.8,0,8919269,PHFV
2008-07-20T22:58:14,245026000,RYNDAM,KETCHIKAN,58.724,-136.2548333,140,140,16.8,0,8919269,PHFV
2008-07-20T22:57:56,245026000,RYNDAM,KETCHIKAN,58.72516667,-136.2566667,140,140,16.8,0,8919269,PHFV
2008-07-20T22:57:52,245026000,RYNDAM,KETCHIKAN,58.72533333,-136.2571667,140,140,16.8,0,8919269,PHFV
2008-07-20T22:57:39,245026000,RYNDAM,KETCHIKAN,58.726,-136.2583333,140,140,16.8,0,8919269,PHFV
2008-07-20T22:57:20,245026000,RYNDAM,KETCHIKAN,58.72716667,-136.26,140,140,16.8,0,8919269,PHFV
2008-07-20T22:56:56,245026000,RYNDAM,KETCHIKAN,58.72866667,-136.2625,140,140,16.8,0,8919269,PHFV
2008-07-20T22:56:50,245026000,RYNDAM,KETCHIKAN,58.729,-136.2628333,140,140,16.8,0,8919269,PHFV
2008-07-20T22:56:27,245026000,RYNDAM,KETCHIKAN,58.73033333,-136.2651667,140,140,16.8,0,8919269,PHFV
2008-07-20T22:56:13,245026000,RYNDAM,KETCHIKAN,58.731,-136.2663333,140,140,16.8,0,8919269,PHFV
2008-07-20T22:56:08,245026000,RYNDAM,KETCHIKAN,58.7315,-136.2668333,140,139,16.8,0,8919269,PHFV
2008-07-20T22:56:02,245026000,RYNDAM,KETCHIKAN,58.73183333,-136.2675,139,138,16.8,0,8919269,PHFV
2008-07-20T22:55:39,245026000,RYNDAM,KETCHIKAN,58.73316667,-136.2698333,136,135,16.8,0,8919269,PHFV
2008-07-20T22:55:32,245026000,RYNDAM,KETCHIKAN,58.7335,-136.2705,135,134,16.9,0,8919269,PHFV
2008-07-20T22:55:27,245026000,RYNDAM,KETCHIKAN,58.73383333,-136.2711667,134,133,16.9,0,8919269,PHFV
2008-07-20T22:55:20,245026000,RYNDAM,KETCHIKAN,58.73416667,-136.2718333,133,132,16.9,0,8919269,PHFV
2008-07-20T22:55:09,245026000,RYNDAM,KETCHIKAN,58.73483333,-136.2731667,131,130,16.9,0,8919269,PHFV
2008-07-20T22:55:01,245026000,RYNDAM,KETCHIKAN,58.73516667,-136.274,130,128,16.9,0,8919269,PHFV
2008-07-20T22:54:45,245026000,RYNDAM,KETCHIKAN,58.736,-136.2758333,127,126,16.9,0,8919269,PHFV
2008-07-20T22:54:39,245026000,RYNDAM,KETCHIKAN,58.73616667,-136.2766667,126,125,17.0,0,8919269,PHFV
2008-07-20T22:53:58,245026000,RYNDAM,KETCHIKAN,58.738,-136.2818333,122,122,17.0,0,8919269,PHFV
2008-07-20T22:53:51,245026000,RYNDAM,KETCHIKAN,58.73833333,-136.2826667,122,122,17.0,0,8919269,PHFV
2008-07-20T22:53:44,245026000,RYNDAM,KETCHIKAN,58.7385,-136.2833333,122,122,17.0,0,8919269,PHFV
2008-07-20T22:53:33,245026000,RYNDAM,KETCHIKAN,58.739,-136.285,122,122,17.0,0,8919269,PHFV
2008-07-20T22:53:20,245026000,RYNDAM,KETCHIKAN,58.7395,-136.2865,122,122,17.0,0,8919269,PHFV
2008-07-20T22:53:08,245026000,RYNDAM,KETCHIKAN,58.74,-136.288,122,122,17.0,0,8919269,PHFV
2008-07-20T22:53:01,245026000,RYNDAM,KETCHIKAN,58.74033333,-136.289,122,122,17.0,0,8919269,PHFV
2008-07-20T22:52:57,245026000,RYNDAM,KETCHIKAN,58.7405,-136.2895,122,122,17.0,0,8919269,PHFV
2008-07-20T22:52:52,245026000,RYNDAM,KETCHIKAN,58.74083333,-136.2903333,122,122,17.1,0,8919269,PHFV
2008-07-20T22:52:38,245026000,RYNDAM,KETCHIKAN,58.74133333,-136.2918333,122,122,17.1,0,8919269,PHFV
2008-07-20T22:52:33,245026000,RYNDAM,KETCHIKAN,58.74166667,-136.2926667,122,122,17.1,0,8919269,PHFV
2008-07-20T22:52:26,245026000,RYNDAM,KETCHIKAN,58.74183333,-136.2933333,122,122,17.1,0,8919269,PHFV
2008-07-20T22:52:20,245026000,RYNDAM,KETCHIKAN,58.74216667,-136.2941667,122,123,17.1,0,8919269,PHFV
2008-07-20T22:52:14,245026000,RYNDAM,KETCHIKAN,58.74233333,-136.295,122,123,17.1,0,8919269,PHFV
2008-07-20T22:52:08,245026000,RYNDAM,KETCHIKAN,58.74266667,-136.2956667,122,123,17.1,0,8919269,PHFV
2008-07-20T22:51:44,245026000,RYNDAM,KETCHIKAN,58.74366667,-136.2988333,122,123,17.1,0,8919269,PHFV
2008-07-20T22:51:38,245026000,RYNDAM,KETCHIKAN,58.74383333,-136.2995,122,123,17.1,0,8919269,PHFV
2008-07-20T22:51:32,245026000,RYNDAM,KETCHIKAN,58.74416667,-136.3003333,122,123,17.1,0,8919269,PHFV
2008-07-20T22:51:26,245026000,RYNDAM,KETCHIKAN,58.74433333,-136.301,122,123,17.1,0,8919269,PHFV
2008-07-20T22:51:08,245026000,RYNDAM,KETCHIKAN,58.74516667,-136.3033333,122,122,17.1,0,8919269,PHFV
2008-07-20T22:51:02,245026000,RYNDAM,KETCHIKAN,58.74533333,-136.3041667,122,122,17.1,0,8919269,PHFV
2008-07-20T22:50:56,245026000,RYNDAM,KETCHIKAN,58.74566667,-136.305,122,122,17.1,0,8919269,PHFV
2008-07-20T22:50:51,245026000,RYNDAM,KETCHIKAN,58.74583333,-136.3056667,122,122,17.1,0,8919269,PHFV
2008-07-20T22:50:26,245026000,RYNDAM,KETCHIKAN,58.747,-136.309,122,122,17.1,0,8919269,PHFV
2008-07-20T22:50:14,245026000,RYNDAM,KETCHIKAN,58.7475,-136.3105,122,122,17.1,0,8919269,PHFV
2008-07-20T22:50:02,245026000,RYNDAM,KETCHIKAN,58.748,-136.3121667,122,122,17.2,0,8919269,PHFV
2008-07-20T22:49:50,245026000,RYNDAM,KETCHIKAN,58.7485,-136.3133333,122,122,17.2,0,8919269,PHFV
2008-07-20T22:49:26,245026000,RYNDAM,KETCHIKAN,58.7495,-136.3165,123,123,17.1,0,8919269,PHFV
2008-07-20T22:49:14,245026000,RYNDAM,KETCHIKAN,58.75,-136.318,122,122,17.1,0,8919269,PHFV
2008-07-20T22:49:10,245026000,RYNDAM,KETCHIKAN,58.75016667,-136.3188333,122,122,17.2,0,8919269,PHFV
2008-07-20T22:48:56,245026000,RYNDAM,KETCHIKAN,58.75083333,-136.3203333,122,122,17.2,0,8919269,PHFV
2008-07-20T22:48:50,245026000,RYNDAM,KETCHIKAN,58.751,-136.3211667,122,122,17.2,0,8919269,PHFV
2008-07-20T22:48:44,245026000,RYNDAM,KETCHIKAN,58.75133333,-136.3218333,122,123,17.2,0,8919269,PHFV
2008-07-20T22:48:38,245026000,RYNDAM,KETCHIKAN,58.7515,-136.3226667,122,123,17.2,0,8919269,PHFV
2008-07-20T22:48:26,245026000,RYNDAM,KETCHIKAN,58.752,-136.3241667,122,122,17.2,0,8919269,PHFV
2008-07-20T22:48:21,245026000,RYNDAM,KETCHIKAN,58.75233333,-136.325,122,122,17.2,0,8919269,PHFV
2008-07-20T22:48:08,245026000,RYNDAM,KETCHIKAN,58.75283333,-136.3268333,122,122,17.2,0,8919269,PHFV
2008-07-20T22:48:04,245026000,RYNDAM,KETCHIKAN,58.75316667,-136.3275,122,122,17.2,0,8919269,PHFV
2008-07-20T22:47:51,245026000,RYNDAM,KETCHIKAN,58.7535,-136.3288333,122,123,17.2,0,8919269,PHFV
2008-07-20T22:47:44,245026000,RYNDAM,KETCHIKAN,58.75383333,-136.3296667,122,123,17.2,0,8919269,PHFV
2008-07-20T22:47:38,245026000,RYNDAM,KETCHIKAN,58.754,-136.3303333,122,123,17.2,0,8919269,PHFV
2008-07-20T22:47:33,245026000,RYNDAM,KETCHIKAN,58.75433333,-136.3311667,122,123,17.2,0,8919269,PHFV
2008-07-20T22:47:27,245026000,RYNDAM,KETCHIKAN,58.75466667,-136.332,122,123,17.2,0,8919269,PHFV
2008-07-20T22:47:20,245026000,RYNDAM,KETCHIKAN,58.75483333,-136.3326667,122,123,17.2,0,8919269,PHFV
2008-07-20T22:47:14,245026000,RYNDAM,KETCHIKAN,58.75516667,-136.3335,122,123,17.2,0,8919269,PHFV
2008-07-20T22:47:07,245026000,RYNDAM,KETCHIKAN,58.7555,-136.3345,122,123,17.2,0,8919269,PHFV
2008-07-20T22:47:03,245026000,RYNDAM,KETCHIKAN,58.75566667,-136.3353333,122,123,17.2,0,8919269,PHFV
2008-07-20T22:46:51,245026000,RYNDAM,KETCHIKAN,58.75616667,-136.3365,122,123,17.2,0,8919269,PHFV
2008-07-20T22:46:14,245026000,RYNDAM,KETCHIKAN,58.75766667,-136.3411667,122,123,17.2,0,8919269,PHFV
2008-07-20T22:46:07,245026000,RYNDAM,KETCHIKAN,58.758,-136.342,122,123,17.2,0,8919269,PHFV
2008-07-20T22:46:01,245026000,RYNDAM,KETCHIKAN,58.75816667,-136.3426667,122,123,17.2,0,8919269,PHFV
2008-07-20T22:45:56,245026000,RYNDAM,KETCHIKAN,58.7585,-136.3435,122,123,17.2,0,8919269,PHFV
2008-07-20T22:45:45,245026000,RYNDAM,KETCHIKAN,58.759,-136.3453333,122,123,17.2,0,8919269,PHFV
2008-07-20T22:45:38,245026000,RYNDAM,KETCHIKAN,58.75933333,-136.346,122,123,17.2,0,8919269,PHFV
2008-07-20T22:45:31,245026000,RYNDAM,KETCHIKAN,58.75966667,-136.3468333,122,123,17.2,0,8919269,PHFV
2008-07-20T22:45:26,245026000,RYNDAM,KETCHIKAN,58.75983333,-136.3473333,122,123,17.2,0,8919269,PHFV
2008-07-20T22:45:14,245026000,RYNDAM,KETCHIKAN,58.76033333,-136.3488333,122,123,17.2,0,8919269,PHFV
2008-07-20T22:45:09,245026000,RYNDAM,KETCHIKAN,58.76066667,-136.3498333,122,123,17.2,0,8919269,PHFV
2008-07-20T22:45:02,245026000,RYNDAM,KETCHIKAN,58.76083333,-136.3506667,122,123,17.2,0,8919269,PHFV
2008-07-20T22:44:55,245026000,RYNDAM,KETCHIKAN,58.76116667,-136.3515,122,123,17.3,0,8919269,PHFV
2008-07-20T22:44:50,245026000,RYNDAM,KETCHIKAN,58.76133333,-136.352,122,123,17.3,0,8919269,PHFV
2008-07-20T22:44:31,245026000,RYNDAM,KETCHIKAN,58.76216667,-136.3545,122,123,17.3,0,8919269,PHFV
2008-07-20T22:44:27,245026000,RYNDAM,KETCHIKAN,58.76233333,-136.355,122,123,17.3,0,8919269,PHFV
2008-07-20T22:44:21,245026000,RYNDAM,KETCHIKAN,58.76266667,-136.3558333,122,124,17.3,0,8919269,PHFV
2008-07-20T22:44:15,245026000,RYNDAM,KETCHIKAN,58.76283333,-136.3565,122,124,17.3,0,8919269,PHFV
2008-07-20T22:44:08,245026000,RYNDAM,KETCHIKAN,58.76316667,-136.3573333,122,124,17.3,0,8919269,PHFV
2008-07-20T22:43:55,245026000,RYNDAM,KETCHIKAN,58.76366667,-136.3588333,122,125,17.3,0,8919269,PHFV
2008-07-20T22:43:50,245026000,RYNDAM,KETCHIKAN,58.764,-136.3596667,123,125,17.3,0,8919269,PHFV
2008-07-20T22:43:43,245026000,RYNDAM,KETCHIKAN,58.76416667,-136.3603333,123,125,17.3,0,8919269,PHFV
2008-07-20T22:43:31,245026000,RYNDAM,KETCHIKAN,58.76483333,-136.3618333,124,126,17.3,0,8919269,PHFV
2008-07-20T22:43:26,245026000,RYNDAM,KETCHIKAN,58.765,-136.3626667,124,126,17.3,0,8919269,PHFV
2008-07-20T22:43:15,245026000,RYNDAM,KETCHIKAN,58.76566667,-136.3641667,124,127,17.3,0,8919269,PHFV
2008-07-20T22:43:08,245026000,RYNDAM,KETCHIKAN,58.766,-136.3651667,125,127,17.3,0,8919269,PHFV
2008-07-20T22:43:01,245026000,RYNDAM,KETCHIKAN,58.76633333,-136.3658333,125,128,17.3,0,8919269,PHFV
2008-07-20T22:43:01,245026000,RYNDAM,KETCHIKAN,58.76683333,-136.3673333,0,0,0.0,0,8919269,PHFV
2008-07-20T22:42:50,245026000,RYNDAM,KETCHIKAN,58.76683333,-136.3673333,126,128,17.3,0,8919269,PHFV
2008-07-20T22:42:43,245026000,RYNDAM,KETCHIKAN,58.76716667,-136.368,126,128,17.3,0,8919269,PHFV
2008-07-20T22:42:33,245026000,RYNDAM,KETCHIKAN,58.76783333,-136.3695,126,128,17.4,0,8919269,PHFV
2008-07-20T22:42:08,245026000,RYNDAM,KETCHIKAN,58.76883333,-136.3721667,126,128,17.4,0,8919269,PHFV
2008-07-20T22:42:01,245026000,RYNDAM,KETCHIKAN,58.76933333,-136.3731667,126,128,17.3,0,8919269,PHFV
2008-07-20T22:41:55,245026000,RYNDAM,KETCHIKAN,58.7695,-136.3738333,126,128,17.3,0,8919269,PHFV
2008-07-20T22:41:50,245026000,RYNDAM,KETCHIKAN,58.76983333,-136.3743333,126,128,17.4,0,8919269,PHFV
2008-07-20T22:41:45,245026000,RYNDAM,KETCHIKAN,58.77016667,-136.3753333,126,128,17.4,0,8919269,PHFV
2008-07-20T22:41:38,245026000,RYNDAM,KETCHIKAN,58.77033333,-136.3758333,126,128,17.4,0,8919269,PHFV
2008-07-20T22:41:33,245026000,RYNDAM,KETCHIKAN,58.77066667,-136.3765,126,128,17.4,0,8919269,PHFV
2008-07-20T22:41:26,245026000,RYNDAM,KETCHIKAN,58.771,-136.3773333,126,128,17.4,0,8919269,PHFV
2008-07-20T22:41:20,245026000,RYNDAM,KETCHIKAN,58.77116667,-136.378,126,128,17.4,0,8919269,PHFV
2008-07-20T22:41:17,245026000,RYNDAM,KETCHIKAN,58.7715,-136.3788333,126,128,17.4,0,8919269,PHFV
2008-07-20T22:41:09,245026000,RYNDAM,KETCHIKAN,58.77183333,-136.3795,126,128,17.4,0,8919269,PHFV
2008-07-20T22:40:58,245026000,RYNDAM,KETCHIKAN,58.7725,-136.381,126,128,17.4,0,8919269,PHFV
2008-07-20T22:40:43,245026000,RYNDAM,KETCHIKAN,58.77316667,-136.3826667,126,128,17.4,0,8919269,PHFV
2008-07-20T22:39:56,245026000,RYNDAM,KETCHIKAN,58.77533333,-136.3883333,126,128,17.4,0,8919269,PHFV
2008-07-20T22:39:44,245026000,RYNDAM,KETCHIKAN,58.776,-136.39,126,127,17.4,0,8919269,PHFV
2008-07-20T22:39:33,245026000,RYNDAM,KETCHIKAN,58.7765,-136.3911667,126,128,17.5,0,8919269,PHFV
2008-07-20T22:39:25,245026000,RYNDAM,KETCHIKAN,58.77683333,-136.392,126,128,17.5,0,8919269,PHFV
2008-07-20T22:39:14,245026000,RYNDAM,KETCHIKAN,58.7775,-136.3935,126,128,17.5,0,8919269,PHFV
2008-07-20T22:39:08,245026000,RYNDAM,KETCHIKAN,58.77766667,-136.3941667,126,128,17.5,0,8919269,PHFV
2008-07-20T22:39:03,245026000,RYNDAM,KETCHIKAN,58.778,-136.395,126,127,17.5,0,8919269,PHFV
2008-07-20T22:38:58,245026000,RYNDAM,KETCHIKAN,58.77833333,-136.3956667,126,127,17.5,0,8919269,PHFV
2008-07-20T22:38:50,245026000,RYNDAM,KETCHIKAN,58.77866667,-136.3963333,126,128,17.5,0,8919269,PHFV
2008-07-20T22:38:43,245026000,RYNDAM,KETCHIKAN,58.77883333,-136.3971667,126,127,17.5,0,8919269,PHFV
2008-07-20T22:38:38,245026000,RYNDAM,KETCHIKAN,58.77916667,-136.3978333,126,127,17.5,0,8919269,PHFV
2008-07-20T22:38:35,245026000,RYNDAM,KETCHIKAN,58.7795,-136.3986667,126,128,17.5,0,8919269,PHFV
2008-07-20T22:38:21,245026000,RYNDAM,KETCHIKAN,58.78016667,-136.4001667,126,127,17.5,0,8919269,PHFV
2008-07-20T22:38:14,245026000,RYNDAM,KETCHIKAN,58.78033333,-136.4008333,126,127,17.5,0,8919269,PHFV
2008-07-20T22:37:58,245026000,RYNDAM,KETCHIKAN,58.78133333,-136.4031667,126,127,17.5,0,8919269,PHFV
2008-07-20T22:37:50,245026000,RYNDAM,KETCHIKAN,58.78166667,-136.404,126,127,17.5,0,8919269,PHFV
2008-07-20T22:37:44,245026000,RYNDAM,KETCHIKAN,58.78183333,-136.4045,126,127,17.5,0,8919269,PHFV
2008-07-20T22:37:38,245026000,RYNDAM,KETCHIKAN,58.78216667,-136.4053333,126,127,17.5,0,8919269,PHFV
2008-07-20T22:37:32,245026000,RYNDAM,KETCHIKAN,58.7825,-136.406,126,127,17.5,0,8919269,PHFV
2008-07-20T22:37:25,245026000,RYNDAM,KETCHIKAN,58.78283333,-136.407,126,127,17.5,0,8919269,PHFV
2008-07-20T22:37:20,245026000,RYNDAM,KETCHIKAN,58.783,-136.4075,126,127,17.6,0,8919269,PHFV
2008-07-20T22:37:15,245026000,RYNDAM,KETCHIKAN,58.78333333,-136.4083333,126,127,17.6,0,8919269,PHFV
2008-07-20T22:37:08,245026000,RYNDAM,KETCHIKAN,58.78366667,-136.409,126,127,17.6,0,8919269,PHFV
2008-07-20T22:37:03,245026000,RYNDAM,KETCHIKAN,58.784,-136.4098333,126,127,17.6,0,8919269,PHFV
2008-07-20T22:37:01,245026000,RYNDAM,KETCHIKAN,58.7845,-136.4113333,0,0,0.0,0,8919269,PHFV
2008-07-20T22:36:50,245026000,RYNDAM,KETCHIKAN,58.7845,-136.4113333,126,127,17.6,0,8919269,PHFV
2008-07-20T22:36:45,245026000,RYNDAM,KETCHIKAN,58.78483333,-136.412,126,127,17.6,0,8919269,PHFV
2008-07-20T22:36:39,245026000,RYNDAM,KETCHIKAN,58.78516667,-136.4128333,126,127,17.6,0,8919269,PHFV
2008-07-20T22:36:33,245026000,RYNDAM,KETCHIKAN,58.78533333,-136.4135,126,127,17.6,0,8919269,PHFV
2008-07-20T22:36:26,245026000,RYNDAM,KETCHIKAN,58.78566667,-136.4143333,126,127,17.6,0,8919269,PHFV
2008-07-20T22:36:21,245026000,RYNDAM,KETCHIKAN,58.786,-136.415,126,127,17.7,0,8919269,PHFV
2008-07-20T22:36:14,245026000,RYNDAM,KETCHIKAN,58.78633333,-136.4158333,126,127,17.7,0,8919269,PHFV
2008-07-20T22:36:08,245026000,RYNDAM,KETCHIKAN,58.78666667,-136.4165,126,127,17.7,0,8919269,PHFV
2008-07-20T22:35:57,245026000,RYNDAM,KETCHIKAN,58.78716667,-136.418,126,127,17.7,0,8919269,PHFV
2008-07-20T22:35:50,245026000,RYNDAM,KETCHIKAN,58.7875,-136.4188333,126,127,17.7,0,8919269,PHFV
2008-07-20T22:35:45,245026000,RYNDAM,KETCHIKAN,58.78783333,-136.4195,126,127,17.7,0,8919269,PHFV
2008-07-20T22:35:37,245026000,RYNDAM,KETCHIKAN,58.788,-136.4203333,126,127,17.7,0,8919269,PHFV
2008-07-20T22:35:32,245026000,RYNDAM,KETCHIKAN,58.78833333,-136.421,126,127,17.7,0,8919269,PHFV
2008-07-20T22:35:27,245026000,RYNDAM,KETCHIKAN,58.78883333,-136.422,126,127,17.7,0,8919269,PHFV
2008-07-20T22:35:21,245026000,RYNDAM,KETCHIKAN,58.789,-136.4225,126,127,17.7,0,8919269,PHFV
2008-07-20T22:35:14,245026000,RYNDAM,KETCHIKAN,58.78933333,-136.4235,126,127,17.7,0,8919269,PHFV
2008-07-20T22:35:08,245026000,RYNDAM,KETCHIKAN,58.78966667,-136.4243333,126,127,17.7,0,8919269,PHFV
2008-07-20T22:35:02,245026000,RYNDAM,KETCHIKAN,58.78983333,-136.4248333,126,127,17.7,0,8919269,PHFV
2008-07-20T22:34:58,245026000,RYNDAM,KETCHIKAN,58.79016667,-136.4255,126,127,17.7,0,8919269,PHFV
2008-07-20T22:34:51,245026000,RYNDAM,KETCHIKAN,58.7905,-136.4263333,126,127,17.7,0,8919269,PHFV
2008-07-20T22:34:41,245026000,RYNDAM,KETCHIKAN,58.79116667,-136.428,126,127,17.7,0,8919269,PHFV
2008-07-20T22:34:27,245026000,RYNDAM,KETCHIKAN,58.79166667,-136.4295,126,127,17.7,0,8919269,PHFV
2008-07-20T22:34:14,245026000,RYNDAM,KETCHIKAN,58.79216667,-136.4308333,126,126,17.7,0,8919269,PHFV
2008-07-20T22:34:02,245026000,RYNDAM,KETCHIKAN,58.79283333,-136.4323333,126,126,17.8,0,8919269,PHFV
2008-07-20T22:33:51,245026000,RYNDAM,KETCHIKAN,58.79333333,-136.4338333,126,127,17.8,0,8919269,PHFV
2008-07-20T22:33:39,245026000,RYNDAM,KETCHIKAN,58.794,-136.4355,126,127,17.8,0,8919269,PHFV
2008-07-20T22:33:21,245026000,RYNDAM,KETCHIKAN,58.79483333,-136.4376667,126,127,17.8,0,8919269,PHFV
2008-07-20T22:33:14,245026000,RYNDAM,KETCHIKAN,58.79516667,-136.4385,126,126,17.8,0,8919269,PHFV
2008-07-20T22:33:08,245026000,RYNDAM,KETCHIKAN,58.7955,-136.4395,126,126,17.8,0,8919269,PHFV
2008-07-20T22:33:02,245026000,RYNDAM,KETCHIKAN,58.79566667,-136.44,126,126,17.8,0,8919269,PHFV
2008-07-20T22:32:50,245026000,RYNDAM,KETCHIKAN,58.79633333,-136.4415,126,126,17.8,0,8919269,PHFV
2008-07-20T22:32:37,245026000,RYNDAM,KETCHIKAN,58.797,-136.4433333,126,127,17.8,0,8919269,PHFV
2008-07-20T22:32:25,245026000,RYNDAM,KETCHIKAN,58.7975,-136.4448333,126,127,17.8,0,8919269,PHFV
2008-07-20T22:32:14,245026000,RYNDAM,KETCHIKAN,58.798,-136.4461667,126,127,17.8,0,8919269,PHFV
2008-07-20T22:32:08,245026000,RYNDAM,KETCHIKAN,58.79833333,-136.4468333,126,127,17.8,0,8919269,PHFV
2008-07-20T22:32:03,245026000,RYNDAM,KETCHIKAN,58.79866667,-136.4476667,126,127,17.8,0,8919269,PHFV
2008-07-20T22:31:56,245026000,RYNDAM,KETCHIKAN,58.799,-136.4483333,126,127,17.8,0,8919269,PHFV
2008-07-20T22:31:50,245026000,RYNDAM,KETCHIKAN,58.79916667,-136.4491667,126,127,17.8,0,8919269,PHFV
2008-07-20T22:31:44,245026000,RYNDAM,KETCHIKAN,58.7995,-136.4498333,127,127,17.8,0,8919269,PHFV
2008-07-20T22:31:38,245026000,RYNDAM,KETCHIKAN,58.79983333,-136.4506667,127,127,17.8,0,8919269,PHFV
2008-07-20T22:31:32,245026000,RYNDAM,KETCHIKAN,58.80016667,-136.4515,127,127,17.8,0,8919269,PHFV
2008-07-20T22:31:27,245026000,RYNDAM,KETCHIKAN,58.8005,-136.4521667,126,126,17.8,0,8919269,PHFV
2008-07-20T22:31:20,245026000,RYNDAM,KETCHIKAN,58.80066667,-136.453,126,127,17.8,0,8919269,PHFV
2008-07-20T22:31:15,245026000,RYNDAM,KETCHIKAN,58.801,-136.4536667,126,127,17.8,0,8919269,PHFV
2008-07-20T22:30:32,245026000,RYNDAM,KETCHIKAN,58.803,-136.459,126,126,17.9,0,8919269,PHFV
2008-07-20T22:30:21,245026000,RYNDAM,KETCHIKAN,58.80366667,-136.4606667,126,126,17.9,0,8919269,PHFV
2008-07-20T22:30:14,245026000,RYNDAM,KETCHIKAN,58.804,-136.4616667,126,126,17.9,0,8919269,PHFV
2008-07-20T22:29:49,245026000,RYNDAM,KETCHIKAN,58.80516667,-136.4646667,126,126,17.8,0,8919269,PHFV
2008-07-20T22:28:15,245026000,RYNDAM,KETCHIKAN,58.80983333,-136.4766667,126,127,17.8,0,8919269,PHFV
2008-07-20T22:28:01,245026000,RYNDAM,KETCHIKAN,58.8105,-136.4781667,126,127,17.8,0,8919269,PHFV
2008-07-20T22:27:50,245026000,RYNDAM,KETCHIKAN,58.81116667,-136.48,126,127,17.8,0,8919269,PHFV
2008-07-20T22:27:15,245026000,RYNDAM,KETCHIKAN,58.81283333,-136.4843333,126,127,17.7,0,8919269,PHFV
2008-07-20T22:27:01,245026000,RYNDAM,KETCHIKAN,58.8135,-136.486,126,127,17.8,0,8919269,PHFV
2008-07-20T22:26:50,245026000,RYNDAM,KETCHIKAN,58.814,-136.4873333,126,127,17.8,0,8919269,PHFV
2008-07-20T22:26:38,245026000,RYNDAM,KETCHIKAN,58.8145,-136.4888333,126,127,17.7,0,8919269,PHFV
2008-07-20T22:26:33,245026000,RYNDAM,KETCHIKAN,58.81483333,-136.4895,126,127,17.7,0,8919269,PHFV
2008-07-20T22:26:08,245026000,RYNDAM,KETCHIKAN,58.816,-136.4926667,126,127,17.7,0,8919269,PHFV
2008-07-20T22:25:56,245026000,RYNDAM,KETCHIKAN,58.81666667,-136.4941667,126,127,17.7,0,8919269,PHFV
2008-07-20T22:25:44,245026000,RYNDAM,KETCHIKAN,58.81716667,-136.4956667,126,127,17.7,0,8919269,PHFV
2008-07-20T22:25:29,245026000,RYNDAM,KETCHIKAN,58.81816667,-136.4978333,126,127,17.7,0,8919269,PHFV
2008-07-20T22:22:45,245026000,RYNDAM,KETCHIKAN,58.82616667,-136.518,126,127,17.6,0,8919269,PHFV
2008-07-20T22:22:32,245026000,RYNDAM,KETCHIKAN,58.82683333,-136.5195,126,127,17.6,0,8919269,PHFV
2008-07-20T22:22:19,245026000,RYNDAM,KETCHIKAN,58.8275,-136.5213333,126,127,17.6,0,8919269,PHFV
2008-07-20T22:21:08,245026000,RYNDAM,KETCHIKAN,58.83083333,-136.53,126,127,17.5,0,8919269,PHFV
2008-07-20T22:20:57,245026000,RYNDAM,KETCHIKAN,58.8315,-136.5315,126,127,17.5,0,8919269,PHFV
2008-07-20T22:19:45,245026000,RYNDAM,KETCHIKAN,58.835,-136.5405,126,127,17.5,0,8919269,PHFV
2008-07-20T22:16:20,245026000,RYNDAM,KETCHIKAN,58.84483333,-136.5663333,126,126,17.6,0,8919269,PHFV
2008-07-20T22:15:39,245026000,RYNDAM,KETCHIKAN,58.84683333,-136.5713333,126,126,17.6,0,8919269,PHFV
2008-07-20T22:15:14,245026000,RYNDAM,KETCHIKAN,58.848,-136.5743333,126,125,17.6,0,8919269,PHFV
2008-07-20T22:15:04,245026000,RYNDAM,KETCHIKAN,58.8485,-136.576,125,124,17.6,0,8919269,PHFV
2008-07-20T22:14:51,245026000,RYNDAM,KETCHIKAN,58.84916667,-136.5775,124,123,17.6,0,8919269,PHFV
2008-07-20T22:14:38,245026000,RYNDAM,KETCHIKAN,58.84966667,-136.579,123,122,17.6,0,8919269,PHFV
2008-07-20T22:13:21,245026000,RYNDAM,KETCHIKAN,58.85266667,-136.5898333,114,113,17.6,0,8919269,PHFV
2008-07-20T22:13:08,245026000,RYNDAM,KETCHIKAN,58.85316667,-136.5918333,113,112,17.6,0,8919269,PHFV
2008-07-20T22:13:02,245026000,RYNDAM,KETCHIKAN,58.85316667,-136.5923333,113,112,17.6,0,8919269,PHFV
2008-07-20T22:11:09,245026000,RYNDAM,KETCHIKAN,58.8565,-136.6091667,110,111,17.6,0,8919269,PHFV
2008-07-20T22:10:57,245026000,RYNDAM,KETCHIKAN,58.85683333,-136.6108333,110,111,17.6,0,8919269,PHFV
2008-07-20T22:08:51,245026000,RYNDAM,KETCHIKAN,58.8605,-136.6293333,110,111,17.7,0,8919269,PHFV
2008-07-20T22:08:25,245026000,RYNDAM,KETCHIKAN,58.86116667,-136.633,110,111,17.7,0,8919269,PHFV
2008-07-20T22:07:39,245026000,RYNDAM,KETCHIKAN,58.86266667,-136.64,110,111,17.7,0,8919269,PHFV
2008-07-20T16:57:41,245026000,RYNDAM,KETCHIKAN,58.8675,-136.6278333,290,290,18.4,0,8919269,PHFV
2008-07-20T16:56:41,245026000,RYNDAM,KETCHIKAN,58.86583333,-136.6185,290,290,18.4,0,8919269,PHFV
2008-07-20T16:56:01,245026000,RYNDAM,KETCHIKAN,58.8645,-136.612,290,290,18.4,0,8919269,PHFV
2008-07-20T16:55:41,245026000,RYNDAM,KETCHIKAN,58.864,-136.6093333,290,290,18.4,0,8919269,PHFV
2008-07-20T16:55:29,245026000,RYNDAM,KETCHIKAN,58.86366667,-136.6075,290,290,18.4,0,8919269,PHFV
2008-07-20T16:55:17,245026000,RYNDAM,KETCHIKAN,58.86333333,-136.6056667,290,291,18.4,0,8919269,PHFV
2008-07-20T16:54:48,245026000,RYNDAM,KETCHIKAN,58.86233333,-136.601,290,290,18.4,0,8919269,PHFV
2008-07-20T16:54:36,245026000,RYNDAM,KETCHIKAN,58.862,-136.5991667,290,290,18.4,0,8919269,PHFV
2008-07-20T16:54:24,245026000,RYNDAM,KETCHIKAN,58.86166667,-136.5973333,290,290,18.4,0,8919269,PHFV
2008-07-20T16:54:11,245026000,RYNDAM,KETCHIKAN,58.86133333,-136.5955,290,290,18.4,0,8919269,PHFV
2008-07-20T16:44:35,245026000,RYNDAM,KETCHIKAN,58.837,-136.5143333,302,303,18.1,0,8919269,PHFV
2008-07-20T16:21:30,245026000,RYNDAM,KETCHIKAN,58.76533333,-136.3411667,306,307,18.0,0,8919269,PHFV
2008-07-20T16:18:11,245026000,RYNDAM,KETCHIKAN,58.75533333,-136.3158333,306,307,18.1,0,8919269,PHFV
2008-07-20T16:17:59,245026000,RYNDAM,KETCHIKAN,58.75483333,-136.3141667,306,307,18.1,0,8919269,PHFV
2008-07-20T16:16:59,245026000,RYNDAM,KETCHIKAN,58.75166667,-136.3065,306,307,18.1,0,8919269,PHFV
2008-07-20T16:16:47,245026000,RYNDAM,KETCHIKAN,58.75116667,-136.305,306,307,18.1,0,8919269,PHFV
2008-07-20T16:16:41,245026000,RYNDAM,KETCHIKAN,58.75083333,-136.3043333,306,307,18.1,0,8919269,PHFV
2008-07-20T16:16:36,245026000,RYNDAM,KETCHIKAN,58.7505,-136.3035,306,307,18.1,0,8919269,PHFV
2008-07-20T16:16:23,245026000,RYNDAM,KETCHIKAN,58.74983333,-136.302,306,307,18.1,0,8919269,PHFV
2008-07-20T16:16:17,245026000,RYNDAM,KETCHIKAN,58.74966667,-136.3011667,306,307,18.1,0,8919269,PHFV
2008-07-20T16:15:47,245026000,RYNDAM,KETCHIKAN,58.74816667,-136.2973333,306,307,18.2,0,8919269,PHFV
2008-07-20T16:15:23,245026000,RYNDAM,KETCHIKAN,58.74683333,-136.2941667,306,307,18.2,0,8919269,PHFV
2008-07-20T16:13:54,245026000,RYNDAM,KETCHIKAN,58.74233333,-136.2825,306,307,18.3,0,8919269,PHFV
2008-07-20T16:12:41,245026000,RYNDAM,KETCHIKAN,58.73866667,-136.2731667,306,307,18.3,0,8919269,PHFV
2008-07-20T16:07:17,245026000,RYNDAM,KETCHIKAN,58.71866667,-136.237,322,322,18.5,0,8919269,PHFV
2008-07-20T16:07:01,245026000,RYNDAM,KETCHIKAN,58.71666667,-136.234,0,0,0.0,0,8919269,PHFV
2008-07-20T16:06:47,245026000,RYNDAM,KETCHIKAN,58.71666667,-136.234,322,323,18.5,0,8919269,PHFV
2008-07-20T16:05:24,245026000,RYNDAM,KETCHIKAN,58.711,-136.2256667,322,323,18.5,0,8919269,PHFV
2008-07-20T16:04:11,245026000,RYNDAM,KETCHIKAN,58.70616667,-136.2185,322,322,18.5,0,8919269,PHFV
2008-07-20T16:02:11,245026000,RYNDAM,KETCHIKAN,58.69783333,-136.2063333,322,323,18.3,0,8919269,PHFV
2008-07-20T16:01:17,245026000,RYNDAM,KETCHIKAN,58.69433333,-136.2013333,322,323,18.2,0,8919269,PHFV
2008-07-20T16:01:05,245026000,RYNDAM,KETCHIKAN,58.69366667,-136.2001667,322,323,18.2,0,8919269,PHFV
2008-07-20T16:01:01,245026000,RYNDAM,KETCHIKAN,58.69316667,-136.1995,0,0,0.0,0,8919269,PHFV
2008-07-20T16:00:59,245026000,RYNDAM,KETCHIKAN,58.69316667,-136.1995,322,323,18.1,0,8919269,PHFV
2008-07-20T16:00:17,245026000,RYNDAM,KETCHIKAN,58.69033333,-136.1955,322,323,18.1,0,8919269,PHFV
2008-07-20T15:58:35,245026000,RYNDAM,KETCHIKAN,58.68366667,-136.1855,322,323,18.0,0,8919269,PHFV
2008-07-20T15:57:59,245026000,RYNDAM,KETCHIKAN,58.68133333,-136.182,322,322,17.9,0,8919269,PHFV
2008-07-20T15:57:11,245026000,RYNDAM,KETCHIKAN,58.678,-136.1771667,322,322,18.0,0,8919269,PHFV
2008-07-20T15:56:53,245026000,RYNDAM,KETCHIKAN,58.677,-136.1756667,322,322,18.0,0,8919269,PHFV
2008-07-20T15:56:29,245026000,RYNDAM,KETCHIKAN,58.67533333,-136.1733333,322,322,18.0,0,8919269,PHFV
2008-07-20T15:56:23,245026000,RYNDAM,KETCHIKAN,58.675,-136.1726667,322,322,18.0,0,8919269,PHFV
2008-07-20T15:55:06,245026000,RYNDAM,KETCHIKAN,58.66983333,-136.165,322,322,18.0,0,8919269,PHFV
2008-07-20T15:54:11,245026000,RYNDAM,KETCHIKAN,58.66616667,-136.1595,322,322,18.0,0,8919269,PHFV
2008-07-20T15:53:29,245026000,RYNDAM,KETCHIKAN,58.66366667,-136.1555,322,322,18.0,0,8919269,PHFV
2008-07-20T15:53:05,245026000,RYNDAM,KETCHIKAN,58.662,-136.1531667,322,322,18.0,0,8919269,PHFV
2008-07-20T15:52:42,245026000,RYNDAM,KETCHIKAN,58.6605,-136.1508333,322,322,18.0,0,8919269,PHFV
2008-07-20T15:52:29,245026000,RYNDAM,KETCHIKAN,58.65966667,-136.1496667,322,322,18.0,0,8919269,PHFV
2008-07-20T15:50:11,245026000,RYNDAM,KETCHIKAN,58.65066667,-136.136,322,322,18.0,0,8919269,PHFV
2008-07-20T15:49:55,245026000,RYNDAM,KETCHIKAN,58.6495,-136.1343333,322,322,18.0,0,8919269,PHFV
2008-07-20T15:49:18,245026000,RYNDAM,KETCHIKAN,58.64716667,-136.1308333,322,322,18.0,0,8919269,PHFV
2008-07-20T15:48:06,245026000,RYNDAM,KETCHIKAN,58.64233333,-136.1238333,322,322,18.0,0,8919269,PHFV
2008-07-20T15:47:59,245026000,RYNDAM,KETCHIKAN,58.642,-136.1231667,322,322,18.0,0,8919269,PHFV
2008-07-20T15:47:35,245026000,RYNDAM,KETCHIKAN,58.64033333,-136.1208333,322,322,17.9,0,8919269,PHFV
2008-07-20T15:46:54,245026000,RYNDAM,KETCHIKAN,58.63766667,-136.1168333,323,323,17.8,0,8919269,PHFV
2008-07-20T15:46:17,245026000,RYNDAM,KETCHIKAN,58.63533333,-136.1133333,324,324,17.7,0,8919269,PHFV
2008-07-20T15:46:05,245026000,RYNDAM,KETCHIKAN,58.6345,-136.1123333,324,324,17.6,0,8919269,PHFV
2008-07-20T15:44:35,245026000,RYNDAM,KETCHIKAN,58.6285,-136.104,324,324,17.2,0,8919269,PHFV
2008-07-20T15:44:23,245026000,RYNDAM,KETCHIKAN,58.62783333,-136.103,324,324,17.2,0,8919269,PHFV
2008-07-20T15:43:42,245026000,RYNDAM,KETCHIKAN,58.62516667,-136.0993333,324,324,17.0,0,8919269,PHFV
2008-07-20T15:43:35,245026000,RYNDAM,KETCHIKAN,58.62483333,-136.0988333,324,324,16.9,0,8919269,PHFV
2008-07-20T15:43:29,245026000,RYNDAM,KETCHIKAN,58.62433333,-136.0981667,324,324,16.9,0,8919269,PHFV
2008-07-20T15:43:23,245026000,RYNDAM,KETCHIKAN,58.624,-136.0976667,324,324,16.9,0,8919269,PHFV
2008-07-20T15:43:18,245026000,RYNDAM,KETCHIKAN,58.62366667,-136.0971667,324,324,16.9,0,8919269,PHFV
2008-07-20T15:43:11,245026000,RYNDAM,KETCHIKAN,58.62316667,-136.0966667,324,324,16.8,0,8919269,PHFV
2008-07-20T15:43:05,245026000,RYNDAM,KETCHIKAN,58.62283333,-136.0961667,324,324,16.8,0,8919269,PHFV
2008-07-20T15:43:01,245026000,RYNDAM,KETCHIKAN,58.6225,-136.0956667,0,0,0.0,0,8919269,PHFV
2008-07-20T15:42:59,245026000,RYNDAM,KETCHIKAN,58.6225,-136.0956667,324,324,16.8,0,8919269,PHFV
2008-07-20T15:42:18,245026000,RYNDAM,KETCHIKAN,58.61983333,-136.0918333,324,323,16.6,0,8919269,PHFV
2008-07-20T15:42:11,245026000,RYNDAM,KETCHIKAN,58.6195,-136.0913333,324,324,16.5,0,8919269,PHFV
2008-07-20T15:42:05,245026000,RYNDAM,KETCHIKAN,58.61916667,-136.0908333,324,324,16.5,0,8919269,PHFV
2008-07-20T15:41:48,245026000,RYNDAM,KETCHIKAN,58.618,-136.0893333,324,324,16.3,0,8919269,PHFV
2008-07-20T15:41:05,245026000,RYNDAM,KETCHIKAN,58.6155,-136.0856667,324,323,15.9,0,8919269,PHFV
2008-07-20T15:40:53,245026000,RYNDAM,KETCHIKAN,58.61483333,-136.0846667,324,323,15.8,0,8919269,PHFV
2008-07-20T15:40:48,245026000,RYNDAM,KETCHIKAN,58.6145,-136.0841667,324,323,15.7,0,8919269,PHFV
2008-07-20T15:40:42,245026000,RYNDAM,KETCHIKAN,58.61416667,-136.0836667,324,323,15.7,0,8919269,PHFV
2008-07-20T15:40:35,245026000,RYNDAM,KETCHIKAN,58.61366667,-136.0831667,324,323,15.6,0,8919269,PHFV
2008-07-20T15:40:11,245026000,RYNDAM,KETCHIKAN,58.61233333,-136.0811667,324,323,15.2,0,8919269,PHFV
2008-07-20T15:39:48,245026000,RYNDAM,KETCHIKAN,58.611,-136.0793333,324,323,14.8,0,8919269,PHFV
2008-07-20T15:39:32,245026000,RYNDAM,KETCHIKAN,58.61016667,-136.078,324,323,14.6,0,8919269,PHFV
2008-07-20T15:39:23,245026000,RYNDAM,KETCHIKAN,58.60966667,-136.0773333,324,324,14.4,0,8919269,PHFV
2008-07-20T15:39:17,245026000,RYNDAM,KETCHIKAN,58.60933333,-136.077,324,324,14.3,0,8919269,PHFV
2008-07-20T15:39:14,245026000,RYNDAM,KETCHIKAN,58.60916667,-136.0766667,324,324,14.3,0,8919269,PHFV
2008-07-20T15:38:59,245026000,RYNDAM,KETCHIKAN,58.6085,-136.0756667,324,324,14.1,0,8919269,PHFV
2008-07-20T15:38:32,245026000,RYNDAM,KETCHIKAN,58.607,-136.0736667,325,326,13.8,0,8919269,PHFV
2008-07-20T15:38:03,245026000,RYNDAM,KETCHIKAN,58.6055,-136.0718333,330,332,13.3,0,8919269,PHFV
2008-07-20T15:37:43,245026000,RYNDAM,KETCHIKAN,58.60433333,-136.0706667,333,336,13.1,0,8919269,PHFV
2008-07-20T15:37:03,245026000,RYNDAM,KETCHIKAN,58.602,-136.0688333,340,343,12.4,0,8919269,PHFV
2008-07-20T15:36:55,245026000,RYNDAM,KETCHIKAN,58.60166667,-136.0686667,341,344,12.3,0,8919269,PHFV
2008-07-20T15:36:44,245026000,RYNDAM,KETCHIKAN,58.601,-136.0683333,342,345,12.0,0,8919269,PHFV
2008-07-20T15:36:32,245026000,RYNDAM,KETCHIKAN,58.60033333,-136.068,343,347,11.7,0,8919269,PHFV
2008-07-20T15:36:22,245026000,RYNDAM,KETCHIKAN,58.59983333,-136.0676667,345,348,11.4,0,8919269,PHFV
2008-07-20T15:35:53,245026000,RYNDAM,KETCHIKAN,58.5985,-136.0671667,348,351,11.1,0,8919269,PHFV
2008-07-20T15:34:53,245026000,RYNDAM,KETCHIKAN,58.59533333,-136.0665,354,0,10.6,0,8919269,PHFV
2008-07-20T15:34:35,245026000,RYNDAM,KETCHIKAN,58.5945,-136.0665,356,0,10.6,0,8919269,PHFV
2008-07-20T15:34:13,245026000,RYNDAM,KETCHIKAN,58.5935,-136.0665,355,0,10.6,0,8919269,PHFV
2008-07-20T15:33:53,245026000,RYNDAM,KETCHIKAN,58.5925,-136.0665,356,0,10.6,0,8919269,PHFV
2008-07-20T15:33:34,245026000,RYNDAM,KETCHIKAN,58.5915,-136.0665,356,1,10.6,0,8919269,PHFV
2008-07-20T15:33:23,245026000,RYNDAM,KETCHIKAN,58.591,-136.0665,356,1,10.6,0,8919269,PHFV
2008-07-20T15:33:14,245026000,RYNDAM,KETCHIKAN,58.5905,-136.0665,356,1,10.6,0,8919269,PHFV
2008-07-20T15:33:03,245026000,RYNDAM,KETCHIKAN,58.59,-136.0665,356,1,10.6,0,8919269,PHFV
2008-07-20T15:32:43,245026000,RYNDAM,KETCHIKAN,58.589,-136.0666667,356,1,10.6,0,8919269,PHFV
2008-07-20T15:32:33,245026000,RYNDAM,KETCHIKAN,58.5885,-136.0666667,356,1,10.6,0,8919269,PHFV
2008-07-20T15:32:23,245026000,RYNDAM,KETCHIKAN,58.58816667,-136.0666667,356,1,10.5,0,8919269,PHFV
2008-07-20T15:32:14,245026000,RYNDAM,KETCHIKAN,58.58766667,-136.0666667,356,1,10.6,0,8919269,PHFV
2008-07-20T15:32:03,245026000,RYNDAM,KETCHIKAN,58.587,-136.0666667,356,1,10.6,0,8919269,PHFV
2008-07-20T15:31:42,245026000,RYNDAM,KETCHIKAN,58.586,-136.0666667,356,1,10.6,0,8919269,PHFV
2008-07-20T15:31:33,245026000,RYNDAM,KETCHIKAN,58.58566667,-136.0666667,356,1,10.6,0,8919269,PHFV
2008-07-20T15:31:23,245026000,RYNDAM,KETCHIKAN,58.58516667,-136.0666667,356,1,10.6,0,8919269,PHFV
2008-07-20T15:30:54,245026000,RYNDAM,KETCHIKAN,58.58366667,-136.0666667,356,0,10.6,0,8919269,PHFV
2008-07-20T15:30:14,245026000,RYNDAM,KETCHIKAN,58.58166667,-136.0668333,356,0,10.6,0,8919269,PHFV
2008-07-20T15:30:03,245026000,RYNDAM,KETCHIKAN,58.58133333,-136.0668333,356,0,10.6,0,8919269,PHFV
2008-07-20T15:29:53,245026000,RYNDAM,KETCHIKAN,58.58083333,-136.0668333,356,0,10.6,0,8919269,PHFV
2008-07-20T15:29:42,245026000,RYNDAM,KETCHIKAN,58.58033333,-136.0668333,356,0,10.6,0,8919269,PHFV
2008-07-20T15:29:34,245026000,RYNDAM,KETCHIKAN,58.57983333,-136.0668333,356,0,10.6,0,8919269,PHFV
2008-07-20T15:29:14,245026000,RYNDAM,KETCHIKAN,58.57883333,-136.0668333,356,0,10.6,0,8919269,PHFV
2008-07-20T15:28:53,245026000,RYNDAM,KETCHIKAN,58.57783333,-136.0668333,356,0,10.6,0,8919269,PHFV
2008-07-20T15:28:42,245026000,RYNDAM,KETCHIKAN,58.57733333,-136.0668333,356,0,10.6,0,8919269,PHFV
2008-07-20T15:28:33,245026000,RYNDAM,KETCHIKAN,58.57683333,-136.0668333,356,0,10.6,0,8919269,PHFV
2008-07-20T15:28:24,245026000,RYNDAM,KETCHIKAN,58.57633333,-136.0668333,356,0,10.6,0,8919269,PHFV
2008-07-20T15:28:14,245026000,RYNDAM,KETCHIKAN,58.57583333,-136.0668333,356,0,10.6,0,8919269,PHFV
2008-07-20T15:27:42,245026000,RYNDAM,KETCHIKAN,58.5745,-136.0668333,356,359,10.6,0,8919269,PHFV
2008-07-20T15:27:24,245026000,RYNDAM,KETCHIKAN,58.5735,-136.0666667,356,359,10.6,0,8919269,PHFV
2008-07-20T15:27:03,245026000,RYNDAM,KETCHIKAN,58.5725,-136.0666667,356,359,10.6,0,8919269,PHFV
2008-07-20T15:26:33,245026000,RYNDAM,KETCHIKAN,58.571,-136.0666667,356,358,10.6,0,8919269,PHFV
2008-07-20T15:25:33,245026000,RYNDAM,KETCHIKAN,58.568,-136.0665,356,358,10.6,0,8919269,PHFV
2008-07-20T15:25:13,245026000,RYNDAM,KETCHIKAN,58.56716667,-136.0665,356,358,10.6,0,8919269,PHFV
2008-07-20T15:25:03,245026000,RYNDAM,KETCHIKAN,58.56666667,-136.0663333,356,358,10.6,0,8919269,PHFV
2008-07-20T15:24:54,245026000,RYNDAM,KETCHIKAN,58.56616667,-136.0663333,356,358,10.6,0,8919269,PHFV
2008-07-20T15:24:14,245026000,RYNDAM,KETCHIKAN,58.56416667,-136.0661667,356,357,10.6,0,8919269,PHFV
2008-07-20T15:24:03,245026000,RYNDAM,KETCHIKAN,58.56366667,-136.0661667,356,357,10.6,0,8919269,PHFV
2008-07-20T15:23:43,245026000,RYNDAM,KETCHIKAN,58.56266667,-136.066,356,357,10.6,0,8919269,PHFV
2008-07-20T15:23:22,245026000,RYNDAM,KETCHIKAN,58.56166667,-136.066,356,357,10.6,0,8919269,PHFV
2008-07-20T15:23:04,245026000,RYNDAM,KETCHIKAN,58.56066667,-136.0658333,356,357,10.6,0,8919269,PHFV
2008-07-20T15:22:34,245026000,RYNDAM,KETCHIKAN,58.55933333,-136.0656667,356,356,10.6,0,8919269,PHFV
2008-07-20T15:22:14,245026000,RYNDAM,KETCHIKAN,58.55833333,-136.0656667,357,356,10.6,0,8919269,PHFV
2008-07-20T15:22:03,245026000,RYNDAM,KETCHIKAN,58.55783333,-136.0655,356,355,10.6,0,8919269,PHFV
2008-07-20T15:21:43,245026000,RYNDAM,KETCHIKAN,58.55666667,-136.0653333,356,355,10.6,0,8919269,PHFV
2008-07-20T15:21:34,245026000,RYNDAM,KETCHIKAN,58.55633333,-136.0653333,356,355,10.6,0,8919269,PHFV
2008-07-20T15:20:54,245026000,RYNDAM,KETCHIKAN,58.55433333,-136.065,356,355,10.5,0,8919269,PHFV
2008-07-20T15:20:43,245026000,RYNDAM,KETCHIKAN,58.55383333,-136.065,356,355,10.5,0,8919269,PHFV
2008-07-20T15:20:34,245026000,RYNDAM,KETCHIKAN,58.5535,-136.0648333,356,355,10.5,0,8919269,PHFV
2008-07-20T15:20:12,245026000,RYNDAM,KETCHIKAN,58.55233333,-136.0646667,356,355,10.5,0,8919269,PHFV
2008-07-20T15:19:53,245026000,RYNDAM,KETCHIKAN,58.5515,-136.0645,356,356,10.5,0,8919269,PHFV
2008-07-20T15:19:34,245026000,RYNDAM,KETCHIKAN,58.5505,-136.0643333,356,356,10.4,0,8919269,PHFV
2008-07-20T15:19:22,245026000,RYNDAM,KETCHIKAN,58.55,-136.0643333,356,356,10.4,0,8919269,PHFV
2008-07-20T15:19:12,245026000,RYNDAM,KETCHIKAN,58.5495,-136.0643333,356,356,10.4,0,8919269,PHFV
2008-07-20T15:19:03,245026000,RYNDAM,KETCHIKAN,58.54916667,-136.0641667,357,356,10.4,0,8919269,PHFV
2008-07-20T15:18:43,245026000,RYNDAM,KETCHIKAN,58.54816667,-136.064,356,356,10.4,0,8919269,PHFV
2008-07-20T15:18:12,245026000,RYNDAM,KETCHIKAN,58.54666667,-136.0638333,356,355,10.3,0,8919269,PHFV
2008-07-20T15:18:03,245026000,RYNDAM,KETCHIKAN,58.54616667,-136.0638333,356,355,10.3,0,8919269,PHFV
2008-07-20T15:17:53,245026000,RYNDAM,KETCHIKAN,58.54583333,-136.0636667,356,356,10.3,0,8919269,PHFV
2008-07-20T15:17:43,245026000,RYNDAM,KETCHIKAN,58.54533333,-136.0636667,356,355,10.3,0,8919269,PHFV
2008-07-20T15:17:22,245026000,RYNDAM,KETCHIKAN,58.54433333,-136.0635,356,355,10.3,0,8919269,PHFV
2008-07-20T15:17:12,245026000,RYNDAM,KETCHIKAN,58.54383333,-136.0635,356,355,10.3,0,8919269,PHFV
2008-07-20T15:17:03,245026000,RYNDAM,KETCHIKAN,58.54333333,-136.0633333,356,355,10.2,0,8919269,PHFV
2008-07-20T15:16:23,245026000,RYNDAM,KETCHIKAN,58.5415,-136.063,356,355,10.2,0,8919269,PHFV
2008-07-20T15:16:04,245026000,RYNDAM,KETCHIKAN,58.5405,-136.063,356,355,10.2,0,8919269,PHFV
2008-07-20T15:15:53,245026000,RYNDAM,KETCHIKAN,58.54016667,-136.0628333,356,355,10.1,0,8919269,PHFV
2008-07-20T15:15:43,245026000,RYNDAM,KETCHIKAN,58.53966667,-136.0628333,356,355,10.1,0,8919269,PHFV
2008-07-20T15:15:33,245026000,RYNDAM,KETCHIKAN,58.53916667,-136.0626667,356,355,10.1,0,8919269,PHFV
2008-07-20T15:15:12,245026000,RYNDAM,KETCHIKAN,58.53816667,-136.0625,356,356,10.1,0,8919269,PHFV
2008-07-20T15:14:53,245026000,RYNDAM,KETCHIKAN,58.53733333,-136.0625,356,356,10.0,0,8919269,PHFV
2008-07-20T15:14:33,245026000,RYNDAM,KETCHIKAN,58.53633333,-136.0623333,356,357,10.0,0,8919269,PHFV
2008-07-20T15:14:13,245026000,RYNDAM,KETCHIKAN,58.53533333,-136.0621667,356,358,10.0,0,8919269,PHFV
2008-07-20T15:14:03,245026000,RYNDAM,KETCHIKAN,58.535,-136.0621667,356,359,10.0,0,8919269,PHFV
2008-07-20T15:13:43,245026000,RYNDAM,KETCHIKAN,58.53416667,-136.0621667,357,2,10.0,0,8919269,PHFV
2008-07-20T15:13:23,245026000,RYNDAM,KETCHIKAN,58.533,-136.0621667,0,4,10.0,0,8919269,PHFV
2008-07-20T15:13:03,245026000,RYNDAM,KETCHIKAN,58.53216667,-136.0623333,0,4,10.0,0,8919269,PHFV
2008-07-20T15:12:52,245026000,RYNDAM,KETCHIKAN,58.53166667,-136.0623333,0,4,10.0,0,8919269,PHFV
2008-07-20T15:12:43,245026000,RYNDAM,KETCHIKAN,58.53133333,-136.0625,0,4,10.0,0,8919269,PHFV
2008-07-20T15:12:34,245026000,RYNDAM,KETCHIKAN,58.53083333,-136.0625,0,5,10.0,0,8919269,PHFV
2008-07-20T15:12:23,245026000,RYNDAM,KETCHIKAN,58.53033333,-136.0625,0,5,10.0,0,8919269,PHFV
2008-07-20T15:12:12,245026000,RYNDAM,KETCHIKAN,58.53,-136.0626667,0,5,10.0,0,8919269,PHFV
2008-07-20T15:11:43,245026000,RYNDAM,KETCHIKAN,58.5285,-136.0628333,0,5,10.0,0,8919269,PHFV
2008-07-20T15:11:33,245026000,RYNDAM,KETCHIKAN,58.52816667,-136.063,0,5,10.0,0,8919269,PHFV
2008-07-20T15:11:23,245026000,RYNDAM,KETCHIKAN,58.5275,-136.063,0,5,9.9,0,8919269,PHFV
2008-07-20T15:11:12,245026000,RYNDAM,KETCHIKAN,58.52716667,-136.0631667,0,5,9.9,0,8919269,PHFV
2008-07-20T15:10:52,245026000,RYNDAM,KETCHIKAN,58.52616667,-136.0633333,0,5,9.9,0,8919269,PHFV
2008-07-20T15:10:44,245026000,RYNDAM,KETCHIKAN,58.52583333,-136.0633333,0,5,9.9,0,8919269,PHFV
2008-07-20T15:10:34,245026000,RYNDAM,KETCHIKAN,58.52533333,-136.0635,0,5,9.9,0,8919269,PHFV
2008-07-20T15:10:03,245026000,RYNDAM,KETCHIKAN,58.524,-136.0636667,0,5,9.8,0,8919269,PHFV
2008-07-20T15:09:52,245026000,RYNDAM,KETCHIKAN,58.5235,-136.0638333,0,5,9.8,0,8919269,PHFV
2008-07-20T15:09:43,245026000,RYNDAM,KETCHIKAN,58.52316667,-136.0638333,0,4,9.8,0,8919269,PHFV
2008-07-20T15:09:33,245026000,RYNDAM,KETCHIKAN,58.52266667,-136.0638333,0,5,9.8,0,8919269,PHFV
2008-07-20T15:09:12,245026000,RYNDAM,KETCHIKAN,58.52166667,-136.064,0,5,9.7,0,8919269,PHFV
2008-07-20T15:08:32,245026000,RYNDAM,KETCHIKAN,58.51983333,-136.0643333,0,4,9.7,0,8919269,PHFV
2008-07-20T15:08:23,245026000,RYNDAM,KETCHIKAN,58.5195,-136.0643333,0,4,9.6,0,8919269,PHFV
2008-07-20T15:08:12,245026000,RYNDAM,KETCHIKAN,58.519,-136.0645,0,4,9.6,0,8919269,PHFV
2008-07-20T15:07:22,245026000,RYNDAM,KETCHIKAN,58.51683333,-136.0646667,0,4,9.5,0,8919269,PHFV
2008-07-20T15:07:13,245026000,RYNDAM,KETCHIKAN,58.5165,-136.0648333,359,3,9.5,0,8919269,PHFV
2008-07-20T15:07:00,245026000,RYNDAM,KETCHIKAN,58.515,-136.0648333,0,0,0.0,0,8919269,PHFV
2008-07-20T15:06:43,245026000,RYNDAM,KETCHIKAN,58.515,-136.0648333,358,0,9.5,0,8919269,PHFV
2008-07-20T15:06:23,245026000,RYNDAM,KETCHIKAN,58.51416667,-136.0648333,356,358,9.4,0,8919269,PHFV
2008-07-20T15:06:12,245026000,RYNDAM,KETCHIKAN,58.51366667,-136.0648333,355,356,9.4,0,8919269,PHFV
2008-07-20T15:06:03,245026000,RYNDAM,KETCHIKAN,58.51333333,-136.0648333,354,355,9.4,0,8919269,PHFV
2008-07-20T15:05:53,245026000,RYNDAM,KETCHIKAN,58.513,-136.0648333,353,354,9.4,0,8919269,PHFV
2008-07-20T15:05:43,245026000,RYNDAM,KETCHIKAN,58.5125,-136.0646667,352,353,9.3,0,8919269,PHFV
2008-07-20T15:05:23,245026000,RYNDAM,KETCHIKAN,58.51166667,-136.0645,350,350,9.3,0,8919269,PHFV
2008-07-20T15:05:13,245026000,RYNDAM,KETCHIKAN,58.51116667,-136.0643333,349,348,9.3,0,8919269,PHFV
2008-07-20T15:04:23,245026000,RYNDAM,KETCHIKAN,58.50916667,-136.0633333,344,343,9.2,0,8919269,PHFV
2008-07-20T15:03:53,245026000,RYNDAM,KETCHIKAN,58.508,-136.0626667,343,343,9.2,0,8919269,PHFV
2008-07-20T15:03:32,245026000,RYNDAM,KETCHIKAN,58.507,-136.0621667,343,343,9.2,0,8919269,PHFV
2008-07-20T15:03:23,245026000,RYNDAM,KETCHIKAN,58.50666667,-136.062,343,342,9.2,0,8919269,PHFV
2008-07-20T15:03:03,245026000,RYNDAM,KETCHIKAN,58.50583333,-136.0613333,343,343,9.1,0,8919269,PHFV
2008-07-20T15:02:42,245026000,RYNDAM,KETCHIKAN,58.50516667,-136.061,343,343,9.1,0,8919269,PHFV
2008-07-20T15:02:02,245026000,RYNDAM,KETCHIKAN,58.5035,-136.06,343,343,9.0,0,8919269,PHFV
2008-07-20T15:01:42,245026000,RYNDAM,KETCHIKAN,58.50266667,-136.0595,343,343,9.0,0,8919269,PHFV
2008-07-20T15:01:22,245026000,RYNDAM,KETCHIKAN,58.50183333,-136.059,343,343,9.0,0,8919269,PHFV
2008-07-20T15:00:33,245026000,RYNDAM,KETCHIKAN,58.49983333,-136.0578333,343,344,8.9,0,8919269,PHFV
2008-07-20T15:00:22,245026000,RYNDAM,KETCHIKAN,58.4995,-136.0576667,343,344,8.9,0,8919269,PHFV
2008-07-20T15:00:13,245026000,RYNDAM,KETCHIKAN,58.49916667,-136.0575,343,344,8.9,0,8919269,PHFV
2008-07-20T15:00:02,245026000,RYNDAM,KETCHIKAN,58.49866667,-136.0573333,343,344,8.9,0,8919269,PHFV
2008-07-20T14:59:52,245026000,RYNDAM,KETCHIKAN,58.49833333,-136.057,343,344,8.9,0,8919269,PHFV
2008-07-20T14:59:32,245026000,RYNDAM,KETCHIKAN,58.4975,-136.0566667,343,344,8.8,0,8919269,PHFV
2008-07-20T14:59:22,245026000,RYNDAM,KETCHIKAN,58.49716667,-136.0563333,343,344,8.8,0,8919269,PHFV
2008-07-20T14:59:14,245026000,RYNDAM,KETCHIKAN,58.49683333,-136.0561667,343,344,8.8,0,8919269,PHFV
2008-07-20T14:58:52,245026000,RYNDAM,KETCHIKAN,58.496,-136.0556667,343,344,8.7,0,8919269,PHFV
2008-07-20T14:58:22,245026000,RYNDAM,KETCHIKAN,58.49483333,-136.055,343,344,8.6,0,8919269,PHFV
2008-07-20T14:57:52,245026000,RYNDAM,KETCHIKAN,58.49366667,-136.0545,343,345,8.6,0,8919269,PHFV
2008-07-20T14:57:42,245026000,RYNDAM,KETCHIKAN,58.49316667,-136.0543333,343,345,8.6,0,8919269,PHFV
2008-07-20T14:57:03,245026000,RYNDAM,KETCHIKAN,58.49183333,-136.0535,343,343,8.5,0,8919269,PHFV
2008-07-20T14:56:52,245026000,RYNDAM,KETCHIKAN,58.49133333,-136.0533333,343,344,8.5,0,8919269,PHFV
2008-07-20T14:56:03,245026000,RYNDAM,KETCHIKAN,58.4895,-136.0521667,343,342,8.4,0,8919269,PHFV
2008-07-20T14:55:52,245026000,RYNDAM,KETCHIKAN,58.489,-136.052,343,342,8.4,0,8919269,PHFV
2008-07-20T14:55:42,245026000,RYNDAM,KETCHIKAN,58.48866667,-136.0516667,343,342,8.4,0,8919269,PHFV
2008-07-20T14:55:14,245026000,RYNDAM,KETCHIKAN,58.48766667,-136.0511667,343,342,8.4,0,8919269,PHFV
2008-07-20T14:54:52,245026000,RYNDAM,KETCHIKAN,58.48683333,-136.0506667,343,342,8.3,0,8919269,PHFV
2008-07-20T14:54:43,245026000,RYNDAM,KETCHIKAN,58.4865,-136.0503333,343,342,8.3,0,8919269,PHFV
2008-07-20T14:54:23,245026000,RYNDAM,KETCHIKAN,58.48583333,-136.05,343,342,8.3,0,8919269,PHFV
2008-07-20T14:54:14,245026000,RYNDAM,KETCHIKAN,58.4855,-136.0496667,343,342,8.2,0,8919269,PHFV
2008-07-20T14:53:52,245026000,RYNDAM,KETCHIKAN,58.48466667,-136.0493333,344,342,8.3,0,8919269,PHFV
2008-07-20T14:53:42,245026000,RYNDAM,KETCHIKAN,58.48433333,-136.049,344,341,8.3,0,8919269,PHFV
2008-07-20T14:53:33,245026000,RYNDAM,KETCHIKAN,58.484,-136.0488333,344,339,8.3,0,8919269,PHFV
2008-07-20T14:53:14,245026000,RYNDAM,KETCHIKAN,58.48333333,-136.0483333,343,338,8.3,0,8919269,PHFV
2008-07-20T14:53:02,245026000,RYNDAM,KETCHIKAN,58.48283333,-136.048,343,338,8.3,0,8919269,PHFV
2008-07-20T14:52:52,245026000,RYNDAM,KETCHIKAN,58.4825,-136.0476667,343,338,8.3,0,8919269,PHFV
2008-07-20T14:52:33,245026000,RYNDAM,KETCHIKAN,58.48183333,-136.0471667,343,338,8.3,0,8919269,PHFV
2008-07-20T14:52:02,245026000,RYNDAM,KETCHIKAN,58.48083333,-136.0463333,343,338,8.2,0,8919269,PHFV
2008-07-20T14:51:52,245026000,RYNDAM,KETCHIKAN,58.48033333,-136.0461667,343,338,8.2,0,8919269,PHFV
2008-07-20T14:51:43,245026000,RYNDAM,KETCHIKAN,58.48,-136.0458333,343,339,8.2,0,8919269,PHFV
2008-07-20T14:51:33,245026000,RYNDAM,KETCHIKAN,58.47983333,-136.0456667,343,339,8.1,0,8919269,PHFV
2008-07-20T14:51:14,245026000,RYNDAM,KETCHIKAN,58.47916667,-136.0451667,343,339,8.1,0,8919269,PHFV
2008-07-20T14:51:02,245026000,RYNDAM,KETCHIKAN,58.47866667,-136.0448333,343,339,8.1,0,8919269,PHFV
2008-07-20T14:50:52,245026000,RYNDAM,KETCHIKAN,58.47833333,-136.0445,343,339,8.1,0,8919269,PHFV
2008-07-20T14:50:23,245026000,RYNDAM,KETCHIKAN,58.47733333,-136.0438333,343,339,8.1,0,8919269,PHFV
2008-07-20T14:50:14,245026000,RYNDAM,KETCHIKAN,58.477,-136.0435,343,339,8.1,0,8919269,PHFV
2008-07-20T14:50:03,245026000,RYNDAM,KETCHIKAN,58.4765,-136.0431667,343,339,8.2,0,8919269,PHFV
2008-07-20T14:49:54,245026000,RYNDAM,KETCHIKAN,58.47633333,-136.043,343,339,8.2,0,8919269,PHFV
2008-07-20T14:49:34,245026000,RYNDAM,KETCHIKAN,58.4755,-136.0425,343,338,8.3,0,8919269,PHFV
2008-07-20T14:49:23,245026000,RYNDAM,KETCHIKAN,58.47516667,-136.0421667,343,339,8.3,0,8919269,PHFV
2008-07-20T14:49:13,245026000,RYNDAM,KETCHIKAN,58.47483333,-136.042,343,339,8.2,0,8919269,PHFV
2008-07-20T14:49:01,245026000,RYNDAM,KETCHIKAN,58.4735,-136.0408333,0,0,0.0,0,8919269,PHFV
2008-07-20T14:48:33,245026000,RYNDAM,KETCHIKAN,58.4735,-136.0408333,343,338,8.1,0,8919269,PHFV
2008-07-20T14:48:23,245026000,RYNDAM,KETCHIKAN,58.47316667,-136.0406667,343,338,8.1,0,8919269,PHFV
2008-07-20T14:48:13,245026000,RYNDAM,KETCHIKAN,58.47266667,-136.0403333,343,338,8.0,0,8919269,PHFV
2008-07-20T14:48:03,245026000,RYNDAM,KETCHIKAN,58.47233333,-136.04,343,337,8.0,0,8919269,PHFV
2008-07-20T14:47:44,245026000,RYNDAM,KETCHIKAN,58.47166667,-136.0395,341,336,8.0,0,8919269,PHFV
2008-07-20T14:47:34,245026000,RYNDAM,KETCHIKAN,58.47133333,-136.0393333,341,335,8.0,0,8919269,PHFV
2008-07-20T14:47:23,245026000,RYNDAM,KETCHIKAN,58.471,-136.039,340,334,8.1,0,8919269,PHFV
2008-07-20T14:47:02,245026000,RYNDAM,KETCHIKAN,58.47033333,-136.0383333,338,334,8.1,0,8919269,PHFV
2008-07-20T14:46:54,245026000,RYNDAM,KETCHIKAN,58.47,-136.038,338,334,8.1,0,8919269,PHFV
2008-07-20T14:46:43,245026000,RYNDAM,KETCHIKAN,58.46966667,-136.0376667,338,334,8.1,0,8919269,PHFV
2008-07-20T14:46:34,245026000,RYNDAM,KETCHIKAN,58.46933333,-136.0373333,338,334,8.1,0,8919269,PHFV
2008-07-20T14:46:14,245026000,RYNDAM,KETCHIKAN,58.46866667,-136.0368333,338,335,8.1,0,8919269,PHFV
2008-07-20T14:46:02,245026000,RYNDAM,KETCHIKAN,58.46833333,-136.0365,338,335,8.0,0,8919269,PHFV
2008-07-20T14:45:43,245026000,RYNDAM,KETCHIKAN,58.46766667,-136.0358333,338,336,8.0,0,8919269,PHFV
2008-07-20T14:45:34,245026000,RYNDAM,KETCHIKAN,58.46733333,-136.0356667,338,336,7.9,0,8919269,PHFV
2008-07-20T14:45:13,245026000,RYNDAM,KETCHIKAN,58.46666667,-136.035,338,336,7.9,0,8919269,PHFV
2008-07-20T14:45:02,245026000,RYNDAM,KETCHIKAN,58.46633333,-136.0346667,338,336,7.9,0,8919269,PHFV
2008-07-20T14:44:43,245026000,RYNDAM,KETCHIKAN,58.46566667,-136.0341667,338,336,7.9,0,8919269,PHFV
2008-07-20T14:43:53,245026000,RYNDAM,KETCHIKAN,58.464,-136.0326667,338,336,7.9,0,8919269,PHFV
2008-07-20T14:43:33,245026000,RYNDAM,KETCHIKAN,58.46333333,-136.0321667,338,336,7.9,0,8919269,PHFV
2008-07-20T14:43:23,245026000,RYNDAM,KETCHIKAN,58.463,-136.0318333,338,336,7.8,0,8919269,PHFV
2008-07-20T14:43:14,245026000,RYNDAM,KETCHIKAN,58.46266667,-136.0316667,338,336,7.8,0,8919269,PHFV
2008-07-20T14:43:03,245026000,RYNDAM,KETCHIKAN,58.46233333,-136.0313333,0,0,0.0,0,8919269,PHFV
2008-07-20T14:43:02,245026000,RYNDAM,KETCHIKAN,58.46233333,-136.0313333,338,336,7.8,0,8919269,PHFV
2008-07-20T14:42:53,245026000,RYNDAM,KETCHIKAN,58.462,-136.031,338,336,7.8,0,8919269,PHFV
2008-07-20T14:42:23,245026000,RYNDAM,KETCHIKAN,58.461,-136.0301667,338,336,7.7,0,8919269,PHFV
2008-07-20T14:42:14,245026000,RYNDAM,KETCHIKAN,58.46066667,-136.03,338,336,7.7,0,8919269,PHFV
2008-07-20T14:42:02,245026000,RYNDAM,KETCHIKAN,58.46033333,-136.0296667,338,336,7.7,0,8919269,PHFV
2008-07-20T14:41:33,245026000,RYNDAM,KETCHIKAN,58.45933333,-136.0288333,338,336,7.6,0,8919269,PHFV
2008-07-20T14:41:23,245026000,RYNDAM,KETCHIKAN,58.45916667,-136.0285,338,335,7.6,0,8919269,PHFV
2008-07-20T14:41:14,245026000,RYNDAM,KETCHIKAN,58.45883333,-136.0283333,338,336,7.6,0,8919269,PHFV
2008-07-20T14:40:54,245026000,RYNDAM,KETCHIKAN,58.45816667,-136.0276667,338,336,7.5,0,8919269,PHFV
2008-07-20T14:40:43,245026000,RYNDAM,KETCHIKAN,58.45783333,-136.0275,338,336,7.5,0,8919269,PHFV
2008-07-20T14:40:33,245026000,RYNDAM,KETCHIKAN,58.4575,-136.0271667,338,335,7.5,0,8919269,PHFV
2008-07-20T14:40:14,245026000,RYNDAM,KETCHIKAN,58.45683333,-136.0266667,338,335,7.5,0,8919269,PHFV
2008-07-20T14:39:53,245026000,RYNDAM,KETCHIKAN,58.45616667,-136.0261667,338,335,7.4,0,8919269,PHFV
2008-07-20T14:39:43,245026000,RYNDAM,KETCHIKAN,58.456,-136.0258333,338,335,7.4,0,8919269,PHFV
2008-07-20T14:39:33,245026000,RYNDAM,KETCHIKAN,58.45566667,-136.0255,338,335,7.3,0,8919269,PHFV
2008-07-20T14:39:23,245026000,RYNDAM,KETCHIKAN,58.45533333,-136.0253333,338,335,7.3,0,8919269,PHFV
2008-07-20T14:39:15,245026000,RYNDAM,KETCHIKAN,58.455,-136.025,338,335,7.3,0,8919269,PHFV
2008-07-20T14:38:53,245026000,RYNDAM,KETCHIKAN,58.45433333,-136.0245,338,334,7.2,0,8919269,PHFV
2008-07-20T14:38:43,245026000,RYNDAM,KETCHIKAN,58.45416667,-136.0241667,338,333,7.2,0,8919269,PHFV
2008-07-20T14:38:24,245026000,RYNDAM,KETCHIKAN,58.4535,-136.0235,338,332,7.2,0,8919269,PHFV
2008-07-20T14:37:33,245026000,RYNDAM,KETCHIKAN,58.452,-136.0221667,338,332,6.9,0,8919269,PHFV
2008-07-20T14:37:24,245026000,RYNDAM,KETCHIKAN,58.45183333,-136.0218333,338,332,6.9,0,8919269,PHFV
2008-07-20T14:37:13,245026000,RYNDAM,KETCHIKAN,58.4515,-136.0215,338,331,6.9,0,8919269,PHFV
2008-07-20T14:37:02,245026000,RYNDAM,KETCHIKAN,58.45116667,-136.0213333,338,330,6.9,0,8919269,PHFV
2008-07-20T14:37:00,245026000,RYNDAM,KETCHIKAN,58.45083333,-136.0208333,0,0,0.0,0,8919269,PHFV
2008-07-20T14:36:54,245026000,RYNDAM,KETCHIKAN,58.45083333,-136.0208333,337,329,7.0,0,8919269,PHFV
2008-07-20T14:36:43,245026000,RYNDAM,KETCHIKAN,58.45066667,-136.0206667,336,328,7.0,0,8919269,PHFV
2008-07-20T14:36:33,245026000,RYNDAM,KETCHIKAN,58.45033333,-136.0203333,336,327,7.0,0,8919269,PHFV
2008-07-20T14:36:13,245026000,RYNDAM,KETCHIKAN,58.44983333,-136.0196667,334,325,7.1,0,8919269,PHFV
2008-07-20T14:35:52,245026000,RYNDAM,KETCHIKAN,58.44933333,-136.0188333,332,324,7.1,0,8919269,PHFV
2008-07-20T14:35:43,245026000,RYNDAM,KETCHIKAN,58.449,-136.0185,332,324,7.1,0,8919269,PHFV
2008-07-20T14:35:35,245026000,RYNDAM,KETCHIKAN,58.44883333,-136.0181667,332,324,7.2,0,8919269,PHFV
2008-07-20T14:35:13,245026000,RYNDAM,KETCHIKAN,58.44833333,-136.0175,332,324,7.1,0,8919269,PHFV
2008-07-20T14:35:02,245026000,RYNDAM,KETCHIKAN,58.448,-136.017,332,325,7.1,0,8919269,PHFV
2008-07-20T14:34:52,245026000,RYNDAM,KETCHIKAN,58.44766667,-136.0166667,332,325,7.1,0,8919269,PHFV
2008-07-20T14:34:43,245026000,RYNDAM,KETCHIKAN,58.4475,-136.0163333,332,325,7.1,0,8919269,PHFV
2008-07-20T14:34:33,245026000,RYNDAM,KETCHIKAN,58.44716667,-136.016,332,325,7.1,0,8919269,PHFV
2008-07-20T14:34:23,245026000,RYNDAM,KETCHIKAN,58.447,-136.0156667,332,325,7.1,0,8919269,PHFV
2008-07-20T14:34:13,245026000,RYNDAM,KETCHIKAN,58.44666667,-136.0153333,332,325,7.2,0,8919269,PHFV
2008-07-20T14:34:02,245026000,RYNDAM,KETCHIKAN,58.44633333,-136.0148333,332,326,7.2,0,8919269,PHFV
2008-07-20T14:33:33,245026000,RYNDAM,KETCHIKAN,58.4455,-136.0138333,332,326,7.3,0,8919269,PHFV
2008-07-20T14:33:13,245026000,RYNDAM,KETCHIKAN,58.445,-136.0131667,332,326,7.3,0,8919269,PHFV
2008-07-20T14:33:02,245026000,RYNDAM,KETCHIKAN,58.44466667,-136.0126667,332,326,7.3,0,8919269,PHFV
2008-07-20T14:32:52,245026000,RYNDAM,KETCHIKAN,58.44433333,-136.0123333,332,325,7.4,0,8919269,PHFV
2008-07-20T14:32:13,245026000,RYNDAM,KETCHIKAN,58.44333333,-136.011,332,325,7.4,0,8919269,PHFV
2008-07-20T14:32:02,245026000,RYNDAM,KETCHIKAN,58.443,-136.0105,331,324,7.5,0,8919269,PHFV
2008-07-20T14:31:52,245026000,RYNDAM,KETCHIKAN,58.44283333,-136.0101667,331,323,7.5,0,8919269,PHFV
2008-07-20T14:31:33,245026000,RYNDAM,KETCHIKAN,58.44216667,-136.0093333,329,321,7.6,0,8919269,PHFV
2008-07-20T14:31:22,245026000,RYNDAM,KETCHIKAN,58.44183333,-136.0088333,328,321,7.6,0,8919269,PHFV
2008-07-20T14:31:02,245026000,RYNDAM,KETCHIKAN,58.44133333,-136.008,0,0,0.0,0,8919269,PHFV
2008-07-20T14:31:02,245026000,RYNDAM,KETCHIKAN,58.44133333,-136.008,326,319,7.7,0,8919269,PHFV
2008-07-20T14:30:52,245026000,RYNDAM,KETCHIKAN,58.441,-136.0076667,326,318,7.7,0,8919269,PHFV
2008-07-20T14:30:43,245026000,RYNDAM,KETCHIKAN,58.44083333,-136.0071667,325,317,7.7,0,8919269,PHFV
2008-07-20T14:30:32,245026000,RYNDAM,KETCHIKAN,58.4405,-136.0066667,324,316,7.7,0,8919269,PHFV
2008-07-20T14:30:22,245026000,RYNDAM,KETCHIKAN,58.44033333,-136.0063333,324,315,7.7,0,8919269,PHFV
2008-07-20T14:30:14,245026000,RYNDAM,KETCHIKAN,58.44,-136.0058333,323,315,7.7,0,8919269,PHFV
2008-07-20T14:30:03,245026000,RYNDAM,KETCHIKAN,58.43983333,-136.0053333,322,314,7.7,0,8919269,PHFV
2008-07-20T14:29:52,245026000,RYNDAM,KETCHIKAN,58.4395,-136.0048333,322,314,7.7,0,8919269,PHFV
2008-07-20T14:29:44,245026000,RYNDAM,KETCHIKAN,58.43933333,-136.0043333,322,314,7.6,0,8919269,PHFV
2008-07-20T14:29:32,245026000,RYNDAM,KETCHIKAN,58.43916667,-136.004,322,313,7.5,0,8919269,PHFV
2008-07-20T14:29:16,245026000,RYNDAM,KETCHIKAN,58.43866667,-136.003,322,313,7.6,0,8919269,PHFV
2008-07-20T14:29:03,245026000,RYNDAM,KETCHIKAN,58.43833333,-136.0023333,321,313,7.6,0,8919269,PHFV
2008-07-20T14:28:53,245026000,RYNDAM,KETCHIKAN,58.43816667,-136.002,321,313,7.7,0,8919269,PHFV
2008-07-20T14:28:03,245026000,RYNDAM,KETCHIKAN,58.43683333,-135.9995,320,315,7.9,0,8919269,PHFV
2008-07-20T14:27:53,245026000,RYNDAM,KETCHIKAN,58.43666667,-135.999,321,316,7.9,0,8919269,PHFV
2008-07-20T14:27:42,245026000,RYNDAM,KETCHIKAN,58.43633333,-135.9985,321,315,7.9,0,8919269,PHFV
2008-07-20T14:27:23,245026000,RYNDAM,KETCHIKAN,58.43583333,-135.9975,320,314,8.0,0,8919269,PHFV
2008-07-20T14:27:14,245026000,RYNDAM,KETCHIKAN,58.43566667,-135.997,320,314,8.1,0,8919269,PHFV
2008-07-20T14:27:03,245026000,RYNDAM,KETCHIKAN,58.43533333,-135.9965,320,315,8.1,0,8919269,PHFV
2008-07-20T14:26:53,245026000,RYNDAM,KETCHIKAN,58.43516667,-135.996,320,315,8.1,0,8919269,PHFV
2008-07-20T14:26:23,245026000,RYNDAM,KETCHIKAN,58.43433333,-135.9945,320,316,8.1,0,8919269,PHFV
2008-07-20T14:26:13,245026000,RYNDAM,KETCHIKAN,58.434,-135.994,320,316,8.1,0,8919269,PHFV
2008-07-20T14:25:53,245026000,RYNDAM,KETCHIKAN,58.4335,-135.993,320,316,8.2,0,8919269,PHFV
2008-07-20T14:25:42,245026000,RYNDAM,KETCHIKAN,58.43316667,-135.9923333,320,316,8.2,0,8919269,PHFV
2008-07-20T14:25:32,245026000,RYNDAM,KETCHIKAN,58.43283333,-135.9918333,320,317,8.2,0,8919269,PHFV
2008-07-20T14:25:24,245026000,RYNDAM,KETCHIKAN,58.43266667,-135.9915,320,317,8.2,0,8919269,PHFV
2008-07-20T14:25:03,245026000,RYNDAM,KETCHIKAN,58.43216667,-135.9905,320,317,8.2,0,8919269,PHFV
2008-07-20T14:24:14,245026000,RYNDAM,KETCHIKAN,58.43066667,-135.988,320,317,8.3,0,8919269,PHFV
2008-07-20T14:23:53,245026000,RYNDAM,KETCHIKAN,58.43016667,-135.987,320,317,8.3,0,8919269,PHFV
2008-07-20T14:23:32,245026000,RYNDAM,KETCHIKAN,58.4295,-135.986,320,317,8.4,0,8919269,PHFV
2008-07-20T14:23:23,245026000,RYNDAM,KETCHIKAN,58.42933333,-135.9855,320,317,8.4,0,8919269,PHFV
2008-07-20T14:23:13,245026000,RYNDAM,KETCHIKAN,58.429,-135.985,320,318,8.4,0,8919269,PHFV
2008-07-20T14:22:54,245026000,RYNDAM,KETCHIKAN,58.4285,-135.984,320,318,8.4,0,8919269,PHFV
2008-07-20T14:22:32,245026000,RYNDAM,KETCHIKAN,58.42783333,-135.983,320,318,8.4,0,8919269,PHFV
2008-07-20T14:22:23,245026000,RYNDAM,KETCHIKAN,58.42766667,-135.9826667,320,318,8.3,0,8919269,PHFV
2008-07-20T14:21:13,245026000,RYNDAM,KETCHIKAN,58.42566667,-135.9791667,320,319,8.3,0,8919269,PHFV
2008-07-20T14:20:54,245026000,RYNDAM,KETCHIKAN,58.425,-135.9781667,320,319,8.2,0,8919269,PHFV
2008-07-20T14:19:32,245026000,RYNDAM,KETCHIKAN,58.42266667,-135.9743333,320,319,7.9,0,8919269,PHFV
2008-07-20T14:19:22,245026000,RYNDAM,KETCHIKAN,58.4225,-135.974,320,319,7.9,0,8919269,PHFV
2008-07-20T14:19:13,245026000,RYNDAM,KETCHIKAN,58.42216667,-135.9735,320,319,7.8,0,8919269,PHFV
2008-07-20T14:19:03,245026000,RYNDAM,KETCHIKAN,58.42166667,-135.9726667,0,0,0.0,0,8919269,PHFV
2008-07-20T14:18:52,245026000,RYNDAM,KETCHIKAN,58.42166667,-135.9726667,320,318,7.7,0,8919269,PHFV
2008-07-20T14:18:32,245026000,RYNDAM,KETCHIKAN,58.421,-135.9716667,320,319,7.6,0,8919269,PHFV
2008-07-20T14:18:12,245026000,RYNDAM,KETCHIKAN,58.4205,-135.9708333,320,319,7.5,0,8919269,PHFV
2008-07-20T14:18:03,245026000,RYNDAM,KETCHIKAN,58.42033333,-135.9705,320,319,7.5,0,8919269,PHFV
2008-07-20T14:17:53,245026000,RYNDAM,KETCHIKAN,58.42,-135.97,320,319,7.5,0,8919269,PHFV
2008-07-20T14:17:43,245026000,RYNDAM,KETCHIKAN,58.41983333,-135.9696667,320,319,7.5,0,8919269,PHFV
2008-07-20T14:17:32,245026000,RYNDAM,KETCHIKAN,58.4195,-135.969,320,319,7.4,0,8919269,PHFV
2008-07-20T14:17:22,245026000,RYNDAM,KETCHIKAN,58.41916667,-135.9686667,320,320,7.4,0,8919269,PHFV
2008-07-20T14:17:12,245026000,RYNDAM,KETCHIKAN,58.419,-135.9681667,320,320,7.3,0,8919269,PHFV
2008-07-20T14:17:03,245026000,RYNDAM,KETCHIKAN,58.41883333,-135.9678333,320,320,7.3,0,8919269,PHFV
2008-07-20T14:16:43,245026000,RYNDAM,KETCHIKAN,58.41833333,-135.967,320,320,7.2,0,8919269,PHFV
2008-07-20T14:16:03,245026000,RYNDAM,KETCHIKAN,58.41733333,-135.9655,320,320,6.8,0,8919269,PHFV
2008-07-20T14:15:53,245026000,RYNDAM,KETCHIKAN,58.417,-135.965,320,320,6.7,0,8919269,PHFV
2008-07-20T14:15:33,245026000,RYNDAM,KETCHIKAN,58.4165,-135.9643333,320,320,6.5,0,8919269,PHFV
2008-07-20T14:15:23,245026000,RYNDAM,KETCHIKAN,58.41633333,-135.964,320,320,6.5,0,8919269,PHFV
2008-07-20T14:15:12,245026000,RYNDAM,KETCHIKAN,58.416,-135.9635,320,320,6.4,0,8919269,PHFV
2008-07-20T14:15:03,245026000,RYNDAM,KETCHIKAN,58.41583333,-135.9631667,320,320,6.4,0,8919269,PHFV
2008-07-20T14:14:53,245026000,RYNDAM,KETCHIKAN,58.41566667,-135.9628333,320,320,6.3,0,8919269,PHFV
2008-07-20T14:14:43,245026000,RYNDAM,KETCHIKAN,58.41533333,-135.9625,320,320,6.3,0,8919269,PHFV
2008-07-20T14:14:33,245026000,RYNDAM,KETCHIKAN,58.41516667,-135.9621667,320,320,6.2,0,8919269,PHFV
2008-07-20T14:14:23,245026000,RYNDAM,KETCHIKAN,58.415,-135.9618333,320,320,6.1,0,8919269,PHFV
2008-07-20T14:14:14,245026000,RYNDAM,KETCHIKAN,58.41466667,-135.9615,320,320,6.1,0,8919269,PHFV
2008-07-20T14:13:54,245026000,RYNDAM,KETCHIKAN,58.41433333,-135.9606667,320,320,6.1,0,8919269,PHFV
2008-07-20T14:13:43,245026000,RYNDAM,KETCHIKAN,58.41416667,-135.9603333,320,319,6.1,0,8919269,PHFV
2008-07-20T14:13:33,245026000,RYNDAM,KETCHIKAN,58.41383333,-135.96,320,319,6.1,0,8919269,PHFV
2008-07-20T14:13:03,245026000,RYNDAM,KETCHIKAN,58.41316667,-135.959,320,319,6.0,0,8919269,PHFV
2008-07-20T14:12:54,245026000,RYNDAM,KETCHIKAN,58.413,-135.9586667,320,319,6.0,0,8919269,PHFV
2008-07-20T14:12:33,245026000,RYNDAM,KETCHIKAN,58.41266667,-135.958,320,318,6.0,0,8919269,PHFV
2008-07-20T14:12:23,245026000,RYNDAM,KETCHIKAN,58.41233333,-135.9576667,320,318,6.0,0,8919269,PHFV
2008-07-20T14:12:03,245026000,RYNDAM,KETCHIKAN,58.412,-135.9568333,320,317,6.0,0,8919269,PHFV
2008-07-20T14:11:54,245026000,RYNDAM,KETCHIKAN,58.41183333,-135.9565,320,317,6.0,0,8919269,PHFV
2008-07-20T14:11:33,245026000,RYNDAM,KETCHIKAN,58.41133333,-135.9558333,320,317,6.0,0,8919269,PHFV
2008-07-20T14:11:23,245026000,RYNDAM,KETCHIKAN,58.41116667,-135.9553333,320,316,6.1,0,8919269,PHFV
2008-07-20T14:11:14,245026000,RYNDAM,KETCHIKAN,58.411,-135.9551667,320,316,6.1,0,8919269,PHFV
2008-07-20T14:11:03,245026000,RYNDAM,KETCHIKAN,58.41083333,-135.9546667,321,316,6.1,0,8919269,PHFV
2008-07-20T14:10:54,245026000,RYNDAM,KETCHIKAN,58.4105,-135.9543333,321,315,6.1,0,8919269,PHFV
2008-07-20T14:10:44,245026000,RYNDAM,KETCHIKAN,58.41033333,-135.954,321,315,6.1,0,8919269,PHFV
2008-07-20T14:10:22,245026000,RYNDAM,KETCHIKAN,58.41,-135.9531667,320,315,6.1,0,8919269,PHFV
2008-07-20T14:10:15,245026000,RYNDAM,KETCHIKAN,58.40983333,-135.9528333,320,315,6.2,0,8919269,PHFV
2008-07-20T14:10:04,245026000,RYNDAM,KETCHIKAN,58.4095,-135.9525,320,315,6.2,0,8919269,PHFV
2008-07-20T14:09:33,245026000,RYNDAM,KETCHIKAN,58.409,-135.9513333,322,318,6.2,0,8919269,PHFV
2008-07-20T14:09:04,245026000,RYNDAM,KETCHIKAN,58.40833333,-135.9501667,325,321,6.2,0,8919269,PHFV
2008-07-20T14:08:53,245026000,RYNDAM,KETCHIKAN,58.40816667,-135.9498333,326,322,6.2,0,8919269,PHFV
2008-07-20T14:08:43,245026000,RYNDAM,KETCHIKAN,58.40783333,-135.9495,326,324,6.2,0,8919269,PHFV
2008-07-20T14:08:22,245026000,RYNDAM,KETCHIKAN,58.40733333,-135.9488333,327,326,6.3,0,8919269,PHFV
2008-07-20T14:08:04,245026000,RYNDAM,KETCHIKAN,58.407,-135.9483333,328,328,6.4,0,8919269,PHFV
2008-07-20T14:07:43,245026000,RYNDAM,KETCHIKAN,58.4065,-135.9476667,330,332,6.6,0,8919269,PHFV
2008-07-20T14:07:02,245026000,RYNDAM,KETCHIKAN,58.40516667,-135.9466667,0,0,0.0,0,8919269,PHFV
2008-07-20T14:06:59,245026000,RYNDAM,KETCHIKAN,58.40516667,-135.9466667,340,346,7.3,0,8919269,PHFV
2008-07-20T14:06:13,245026000,RYNDAM,KETCHIKAN,58.4035,-135.9461667,354,0,8.2,0,8919269,PHFV
2008-07-20T14:05:23,245026000,RYNDAM,KETCHIKAN,58.40166667,-135.9463333,4,8,8.4,0,8919269,PHFV
2008-07-20T14:05:13,245026000,RYNDAM,KETCHIKAN,58.40133333,-135.9463333,5,10,8.5,0,8919269,PHFV
2008-07-20T14:04:44,245026000,RYNDAM,KETCHIKAN,58.40016667,-135.9468333,8,12,8.6,0,8919269,PHFV
2008-07-20T14:04:32,245026000,RYNDAM,KETCHIKAN,58.39983333,-135.947,8,12,8.6,0,8919269,PHFV
2008-07-20T14:04:23,245026000,RYNDAM,KETCHIKAN,58.39933333,-135.9471667,8,12,8.7,0,8919269,PHFV
2008-07-20T14:04:13,245026000,RYNDAM,KETCHIKAN,58.399,-135.9473333,8,12,8.8,0,8919269,PHFV
2008-07-20T14:03:13,245026000,RYNDAM,KETCHIKAN,58.3965,-135.9483333,8,12,9.1,0,8919269,PHFV
2008-07-20T14:03:04,245026000,RYNDAM,KETCHIKAN,58.39616667,-135.9485,8,12,9.2,0,8919269,PHFV
2008-07-20T14:02:53,245026000,RYNDAM,KETCHIKAN,58.39566667,-135.9486667,8,12,9.3,0,8919269,PHFV
2008-07-20T14:02:43,245026000,RYNDAM,KETCHIKAN,58.39533333,-135.9488333,8,11,9.4,0,8919269,PHFV
2008-07-20T14:02:33,245026000,RYNDAM,KETCHIKAN,58.39483333,-135.949,8,11,9.6,0,8919269,PHFV
2008-07-20T14:01:53,245026000,RYNDAM,KETCHIKAN,58.39316667,-135.9496667,8,11,9.5,0,8919269,PHFV
2008-07-20T14:01:33,245026000,RYNDAM,KETCHIKAN,58.39233333,-135.9498333,8,10,9.4,0,8919269,PHFV
2008-07-20T14:01:23,245026000,RYNDAM,KETCHIKAN,58.39183333,-135.95,8,10,9.4,0,8919269,PHFV
2008-07-20T14:01:02,245026000,RYNDAM,KETCHIKAN,58.39,-135.9506667,0,0,0.0,0,8919269,PHFV
2008-07-20T14:00:42,245026000,RYNDAM,KETCHIKAN,58.39,-135.9506667,8,10,9.4,0,8919269,PHFV
2008-07-20T14:00:33,245026000,RYNDAM,KETCHIKAN,58.38966667,-135.9508333,8,10,9.4,0,8919269,PHFV
2008-07-20T13:59:33,245026000,RYNDAM,KETCHIKAN,58.38716667,-135.9516667,8,10,9.3,0,8919269,PHFV
2008-07-20T13:59:25,245026000,RYNDAM,KETCHIKAN,58.38683333,-135.9518333,8,10,9.3,0,8919269,PHFV
2008-07-20T13:59:12,245026000,RYNDAM,KETCHIKAN,58.38633333,-135.952,8,10,9.3,0,8919269,PHFV
2008-07-20T13:58:53,245026000,RYNDAM,KETCHIKAN,58.3855,-135.9521667,8,10,9.3,0,8919269,PHFV
2008-07-20T13:58:43,245026000,RYNDAM,KETCHIKAN,58.385,-135.9523333,8,10,9.2,0,8919269,PHFV
2008-07-20T13:58:34,245026000,RYNDAM,KETCHIKAN,58.38466667,-135.9525,8,10,9.2,0,8919269,PHFV
2008-07-20T13:58:12,245026000,RYNDAM,KETCHIKAN,58.38366667,-135.9528333,8,10,9.2,0,8919269,PHFV
2008-07-20T13:57:53,245026000,RYNDAM,KETCHIKAN,58.383,-135.953,8,10,9.2,0,8919269,PHFV
2008-07-20T13:57:43,245026000,RYNDAM,KETCHIKAN,58.3825,-135.9531667,8,10,9.2,0,8919269,PHFV
2008-07-20T13:57:12,245026000,RYNDAM,KETCHIKAN,58.38116667,-135.9536667,8,10,9.2,0,8919269,PHFV
2008-07-20T13:57:02,245026000,RYNDAM,KETCHIKAN,58.38083333,-135.9538333,8,10,9.1,0,8919269,PHFV
2008-07-20T13:56:53,245026000,RYNDAM,KETCHIKAN,58.3805,-135.954,8,10,9.1,0,8919269,PHFV
2008-07-20T13:56:43,245026000,RYNDAM,KETCHIKAN,58.38,-135.954,8,10,9.1,0,8919269,PHFV
2008-07-20T13:55:53,245026000,RYNDAM,KETCHIKAN,58.378,-135.9548333,8,9,9.1,0,8919269,PHFV
2008-07-20T13:55:23,245026000,RYNDAM,KETCHIKAN,58.37666667,-135.9551667,8,8,9.1,0,8919269,PHFV
2008-07-20T13:55:12,245026000,RYNDAM,KETCHIKAN,58.37616667,-135.9553333,7,7,9.1,0,8919269,PHFV
2008-07-20T13:55:01,245026000,RYNDAM,KETCHIKAN,58.3755,-135.9555,0,0,0.0,0,8919269,PHFV
2008-07-20T13:54:53,245026000,RYNDAM,KETCHIKAN,58.3755,-135.9555,6,5,9.1,0,8919269,PHFV
2008-07-20T13:54:42,245026000,RYNDAM,KETCHIKAN,58.375,-135.9556667,4,4,9.1,0,8919269,PHFV
2008-07-20T13:54:12,245026000,RYNDAM,KETCHIKAN,58.37383333,-135.9556667,1,0,9.1,0,8919269,PHFV
2008-07-20T13:53:53,245026000,RYNDAM,KETCHIKAN,58.373,-135.9556667,359,358,9.2,0,8919269,PHFV
2008-07-20T13:53:42,245026000,RYNDAM,KETCHIKAN,58.3725,-135.9556667,358,357,9.2,0,8919269,PHFV
2008-07-20T13:53:34,245026000,RYNDAM,KETCHIKAN,58.37216667,-135.9556667,358,357,9.2,0,8919269,PHFV
2008-07-20T13:53:24,245026000,RYNDAM,KETCHIKAN,58.37166667,-135.9556667,357,357,9.2,0,8919269,PHFV
2008-07-20T13:53:12,245026000,RYNDAM,KETCHIKAN,58.37116667,-135.9556667,357,357,9.2,0,8919269,PHFV
2008-07-20T13:53:02,245026000,RYNDAM,KETCHIKAN,58.37083333,-135.9555,357,357,9.3,0,8919269,PHFV
2008-07-20T13:52:53,245026000,RYNDAM,KETCHIKAN,58.3705,-135.9555,357,357,9.3,0,8919269,PHFV
2008-07-20T13:52:42,245026000,RYNDAM,KETCHIKAN,58.36983333,-135.9555,357,357,9.3,0,8919269,PHFV
2008-07-20T13:52:33,245026000,RYNDAM,KETCHIKAN,58.3695,-135.9555,357,357,9.3,0,8919269,PHFV
2008-07-20T13:52:24,245026000,RYNDAM,KETCHIKAN,58.36916667,-135.9553333,357,357,9.3,0,8919269,PHFV
2008-07-20T13:51:53,245026000,RYNDAM,KETCHIKAN,58.36783333,-135.9553333,357,358,9.3,0,8919269,PHFV
2008-07-20T13:51:11,245026000,RYNDAM,KETCHIKAN,58.366,-135.9551667,357,358,9.4,0,8919269,PHFV
2008-07-20T13:51:03,245026000,RYNDAM,KETCHIKAN,58.36566667,-135.9551667,357,357,9.4,0,8919269,PHFV
2008-07-20T13:50:53,245026000,RYNDAM,KETCHIKAN,58.36533333,-135.955,357,358,9.5,0,8919269,PHFV
2008-07-20T13:50:32,245026000,RYNDAM,KETCHIKAN,58.36433333,-135.955,357,357,9.5,0,8919269,PHFV
2008-07-20T13:50:12,245026000,RYNDAM,KETCHIKAN,58.36333333,-135.955,357,357,9.7,0,8919269,PHFV
2008-07-20T13:50:03,245026000,RYNDAM,KETCHIKAN,58.363,-135.9548333,357,358,9.7,0,8919269,PHFV
2008-07-20T13:49:42,245026000,RYNDAM,KETCHIKAN,58.362,-135.9548333,357,358,9.8,0,8919269,PHFV
2008-07-20T13:49:32,245026000,RYNDAM,KETCHIKAN,58.36166667,-135.9548333,357,358,9.9,0,8919269,PHFV
2008-07-20T13:49:23,245026000,RYNDAM,KETCHIKAN,58.36116667,-135.9548333,357,358,10.0,0,8919269,PHFV
2008-07-20T13:49:03,245026000,RYNDAM,KETCHIKAN,58.36033333,-135.9546667,357,356,10.1,0,8919269,PHFV
2008-07-20T13:49:03,245026000,RYNDAM,KETCHIKAN,58.35983333,-135.9546667,0,0,0.0,0,8919269,PHFV
2008-07-20T13:48:52,245026000,RYNDAM,KETCHIKAN,58.35983333,-135.9546667,357,356,10.2,0,8919269,PHFV
2008-07-20T13:48:32,245026000,RYNDAM,KETCHIKAN,58.35883333,-135.9545,358,355,10.5,0,8919269,PHFV
2008-07-20T13:48:23,245026000,RYNDAM,KETCHIKAN,58.3585,-135.9545,358,354,10.6,0,8919269,PHFV
2008-07-20T13:48:12,245026000,RYNDAM,KETCHIKAN,58.35783333,-135.9543333,357,353,10.7,0,8919269,PHFV
2008-07-20T13:48:03,245026000,RYNDAM,KETCHIKAN,58.3575,-135.9543333,357,353,10.7,0,8919269,PHFV
2008-07-20T13:47:51,245026000,RYNDAM,KETCHIKAN,58.35683333,-135.9541667,357,352,10.8,0,8919269,PHFV
2008-07-20T13:47:43,245026000,RYNDAM,KETCHIKAN,58.3565,-135.954,357,352,10.9,0,8919269,PHFV
2008-07-20T13:47:23,245026000,RYNDAM,KETCHIKAN,58.3555,-135.9538333,356,351,11.0,0,8919269,PHFV
2008-07-20T13:47:11,245026000,RYNDAM,KETCHIKAN,58.35483333,-135.9536667,355,351,11.1,0,8919269,PHFV
2008-07-20T13:47:03,245026000,RYNDAM,KETCHIKAN,58.3545,-135.9535,355,350,11.2,0,8919269,PHFV
2008-07-20T13:46:51,245026000,RYNDAM,KETCHIKAN,58.35383333,-135.9533333,354,349,11.3,0,8919269,PHFV
2008-07-20T13:46:43,245026000,RYNDAM,KETCHIKAN,58.3535,-135.9531667,353,348,11.4,0,8919269,PHFV
2008-07-20T13:46:23,245026000,RYNDAM,KETCHIKAN,58.3525,-135.9526667,351,346,11.7,0,8919269,PHFV
2008-07-20T13:46:12,245026000,RYNDAM,KETCHIKAN,58.35183333,-135.9525,350,345,11.7,0,8919269,PHFV
2008-07-20T13:46:03,245026000,RYNDAM,KETCHIKAN,58.35133333,-135.9521667,349,344,11.7,0,8919269,PHFV
2008-07-20T13:45:42,245026000,RYNDAM,KETCHIKAN,58.35033333,-135.9516667,347,342,11.7,0,8919269,PHFV
2008-07-20T13:45:33,245026000,RYNDAM,KETCHIKAN,58.34966667,-135.9513333,346,342,11.7,0,8919269,PHFV
2008-07-20T13:45:24,245026000,RYNDAM,KETCHIKAN,58.34933333,-135.951,345,341,11.7,0,8919269,PHFV
2008-07-20T13:45:02,245026000,RYNDAM,KETCHIKAN,58.34833333,-135.9503333,345,341,11.7,0,8919269,PHFV
2008-07-20T13:44:52,245026000,RYNDAM,KETCHIKAN,58.34783333,-135.95,345,341,11.6,0,8919269,PHFV
2008-07-20T13:44:43,245026000,RYNDAM,KETCHIKAN,58.34733333,-135.9496667,345,341,11.6,0,8919269,PHFV
2008-07-20T13:44:32,245026000,RYNDAM,KETCHIKAN,58.34666667,-135.9493333,345,341,11.6,0,8919269,PHFV
2008-07-20T13:44:23,245026000,RYNDAM,KETCHIKAN,58.34616667,-135.9491667,345,341,11.6,0,8919269,PHFV
2008-07-20T13:44:11,245026000,RYNDAM,KETCHIKAN,58.34566667,-135.9486667,345,341,11.6,0,8919269,PHFV
2008-07-20T13:44:02,245026000,RYNDAM,KETCHIKAN,58.34516667,-135.9485,345,341,11.6,0,8919269,PHFV
2008-07-20T13:43:52,245026000,RYNDAM,KETCHIKAN,58.34466667,-135.9481667,345,341,11.5,0,8919269,PHFV
2008-07-20T13:43:42,245026000,RYNDAM,KETCHIKAN,58.34416667,-135.9478333,345,341,11.5,0,8919269,PHFV
2008-07-20T13:43:21,245026000,RYNDAM,KETCHIKAN,58.34316667,-135.947,345,341,11.5,0,8919269,PHFV
2008-07-20T13:43:12,245026000,RYNDAM,KETCHIKAN,58.34266667,-135.9466667,345,341,11.5,0,8919269,PHFV
2008-07-20T13:43:03,245026000,RYNDAM,KETCHIKAN,58.34216667,-135.9465,345,341,11.4,0,8919269,PHFV
2008-07-20T13:43:03,245026000,RYNDAM,KETCHIKAN,58.34166667,-135.9461667,0,0,0.0,0,8919269,PHFV
2008-07-20T13:42:52,245026000,RYNDAM,KETCHIKAN,58.34166667,-135.9461667,345,341,11.5,0,8919269,PHFV
2008-07-20T13:42:42,245026000,RYNDAM,KETCHIKAN,58.34116667,-135.9458333,345,340,11.4,0,8919269,PHFV
2008-07-20T13:42:32,245026000,RYNDAM,KETCHIKAN,58.34066667,-135.9455,345,340,11.4,0,8919269,PHFV
2008-07-20T13:42:21,245026000,RYNDAM,KETCHIKAN,58.34016667,-135.945,345,341,11.4,0,8919269,PHFV
2008-07-20T13:42:02,245026000,RYNDAM,KETCHIKAN,58.33916667,-135.9445,345,340,11.4,0,8919269,PHFV
2008-07-20T13:41:52,245026000,RYNDAM,KETCHIKAN,58.33866667,-135.9441667,345,340,11.4,0,8919269,PHFV
2008-07-20T13:41:43,245026000,RYNDAM,KETCHIKAN,58.33816667,-135.9438333,345,340,11.4,0,8919269,PHFV
2008-07-20T13:41:32,245026000,RYNDAM,KETCHIKAN,58.33766667,-135.9435,345,340,11.4,0,8919269,PHFV
2008-07-20T13:41:22,245026000,RYNDAM,KETCHIKAN,58.33716667,-135.943,345,339,11.5,0,8919269,PHFV
2008-07-20T13:41:12,245026000,RYNDAM,KETCHIKAN,58.33666667,-135.9426667,345,339,11.5,0,8919269,PHFV
2008-07-20T13:41:03,245026000,RYNDAM,KETCHIKAN,58.33616667,-135.9423333,345,338,11.5,0,8919269,PHFV
2008-07-20T13:40:52,245026000,RYNDAM,KETCHIKAN,58.33583333,-135.942,345,338,11.6,0,8919269,PHFV
2008-07-20T13:40:42,245026000,RYNDAM,KETCHIKAN,58.33533333,-135.9416667,345,336,11.6,0,8919269,PHFV
2008-07-20T13:40:32,245026000,RYNDAM,KETCHIKAN,58.33466667,-135.9411667,343,335,11.7,0,8919269,PHFV
2008-07-20T13:40:21,245026000,RYNDAM,KETCHIKAN,58.33416667,-135.9406667,342,333,11.8,0,8919269,PHFV
2008-07-20T13:40:12,245026000,RYNDAM,KETCHIKAN,58.33366667,-135.9403333,340,331,11.9,0,8919269,PHFV
2008-07-20T13:40:03,245026000,RYNDAM,KETCHIKAN,58.33333333,-135.9398333,338,329,12.0,0,8919269,PHFV
2008-07-20T13:39:43,245026000,RYNDAM,KETCHIKAN,58.33233333,-135.9388333,334,325,12.2,0,8919269,PHFV
2008-07-20T13:39:36,245026000,RYNDAM,KETCHIKAN,58.332,-135.9385,333,324,12.3,0,8919269,PHFV
2008-07-20T13:39:32,245026000,RYNDAM,KETCHIKAN,58.33183333,-135.9381667,332,323,12.3,0,8919269,PHFV
2008-07-20T13:39:30,245026000,RYNDAM,KETCHIKAN,58.33183333,-135.938,332,322,12.3,0,8919269,PHFV
2008-07-20T13:39:21,245026000,RYNDAM,KETCHIKAN,58.33133333,-135.9375,330,320,12.4,0,8919269,PHFV
2008-07-20T13:39:18,245026000,RYNDAM,KETCHIKAN,58.33133333,-135.9373333,330,319,12.5,0,8919269,PHFV
2008-07-20T13:39:12,245026000,RYNDAM,KETCHIKAN,58.331,-135.9368333,328,318,12.5,0,8919269,PHFV
2008-07-20T13:39:03,245026000,RYNDAM,KETCHIKAN,58.3305,-135.9361667,326,316,12.6,0,8919269,PHFV
2008-07-20T13:39:01,245026000,RYNDAM,KETCHIKAN,58.3305,-135.936,326,316,12.6,0,8919269,PHFV
2008-07-20T13:38:48,245026000,RYNDAM,KETCHIKAN,58.32983333,-135.935,323,314,12.7,0,8919269,PHFV
2008-07-20T13:38:36,245026000,RYNDAM,KETCHIKAN,58.3295,-135.9341667,321,311,12.8,0,8919269,PHFV
2008-07-20T13:38:30,245026000,RYNDAM,KETCHIKAN,58.32916667,-135.9335,320,310,12.9,0,8919269,PHFV
2008-07-20T13:38:22,245026000,RYNDAM,KETCHIKAN,58.32816667,-135.9313333,315,306,13.1,0,8919269,PHFV
2008-07-20T13:38:18,245026000,RYNDAM,KETCHIKAN,58.32866667,-135.9325,317,308,13.0,0,8919269,PHFV
2008-07-20T13:38:12,245026000,RYNDAM,KETCHIKAN,58.3285,-135.932,316,307,13.1,0,8919269,PHFV
2008-07-20T13:38:06,245026000,RYNDAM,KETCHIKAN,58.32816667,-135.9313333,315,306,13.1,0,8919269,PHFV
2008-07-20T13:38:00,245026000,RYNDAM,KETCHIKAN,58.328,-135.931,314,305,13.2,0,8919269,PHFV
2008-07-20T13:37:54,245026000,RYNDAM,KETCHIKAN,58.32783333,-135.9303333,313,304,13.2,0,8919269,PHFV
2008-07-20T13:37:48,245026000,RYNDAM,KETCHIKAN,58.32766667,-135.9296667,312,303,13.2,0,8919269,PHFV
2008-07-20T13:37:36,245026000,RYNDAM,KETCHIKAN,58.32716667,-135.9285,309,300,13.3,0,8919269,PHFV
2008-07-20T13:37:30,245026000,RYNDAM,KETCHIKAN,58.327,-135.928,308,299,13.4,0,8919269,PHFV
2008-07-20T13:37:24,245026000,RYNDAM,KETCHIKAN,58.32683333,-135.9275,307,299,13.4,0,8919269,PHFV
2008-07-20T13:37:18,245026000,RYNDAM,KETCHIKAN,58.32666667,-135.9266667,305,297,13.5,0,8919269,PHFV
2008-07-20T13:37:12,245026000,RYNDAM,KETCHIKAN,58.3265,-135.9261667,304,296,13.5,0,8919269,PHFV
2008-07-20T13:36:54,245026000,RYNDAM,KETCHIKAN,58.326,-135.9241667,301,293,13.6,0,8919269,PHFV
2008-07-20T13:36:48,245026000,RYNDAM,KETCHIKAN,58.32583333,-135.9235,299,292,13.7,0,8919269,PHFV
2008-07-20T13:36:43,245026000,RYNDAM,KETCHIKAN,58.32566667,-135.9231667,298,291,13.7,0,8919269,PHFV
2008-07-20T13:36:36,245026000,RYNDAM,KETCHIKAN,58.3255,-135.9225,297,290,13.8,0,8919269,PHFV
2008-07-20T13:36:30,245026000,RYNDAM,KETCHIKAN,58.3255,-135.9218333,296,289,13.8,0,8919269,PHFV
2008-07-20T13:35:54,245026000,RYNDAM,KETCHIKAN,58.32466667,-135.9173333,291,285,13.9,0,8919269,PHFV
2008-07-20T13:35:48,245026000,RYNDAM,KETCHIKAN,58.3245,-135.9166667,290,284,13.9,0,8919269,PHFV
2008-07-20T13:35:43,245026000,RYNDAM,KETCHIKAN,58.3245,-135.9161667,289,284,13.9,0,8919269,PHFV
2008-07-20T13:35:36,245026000,RYNDAM,KETCHIKAN,58.32433333,-135.9151667,289,283,14.0,0,8919269,PHFV
2008-07-20T13:35:30,245026000,RYNDAM,KETCHIKAN,58.32433333,-135.9145,288,283,14.0,0,8919269,PHFV
2008-07-20T13:35:24,245026000,RYNDAM,KETCHIKAN,58.32416667,-135.9138333,287,282,14.0,0,8919269,PHFV
2008-07-20T13:35:09,245026000,RYNDAM,KETCHIKAN,58.324,-135.9121667,286,281,14.0,0,8919269,PHFV
2008-07-20T13:35:06,245026000,RYNDAM,KETCHIKAN,58.324,-135.9116667,285,281,14.0,0,8919269,PHFV
2008-07-20T13:35:00,245026000,RYNDAM,KETCHIKAN,58.32383333,-135.9111667,285,281,14.0,0,8919269,PHFV
2008-07-20T13:35:00,245026000,RYNDAM,KETCHIKAN,58.32383333,-135.911,285,281,14.0,0,8919269,PHFV
2008-07-20T13:34:54,245026000,RYNDAM,KETCHIKAN,58.32383333,-135.9101667,284,280,14.0,0,8919269,PHFV
2008-07-20T13:34:50,245026000,RYNDAM,KETCHIKAN,58.32383333,-135.9096667,284,280,14.0,0,8919269,PHFV
2008-07-20T13:34:47,245026000,RYNDAM,KETCHIKAN,58.32366667,-135.9095,283,280,14.0,0,8919269,PHFV
2008-07-20T13:34:42,245026000,RYNDAM,KETCHIKAN,58.32366667,-135.909,283,280,14.0,0,8919269,PHFV
2008-07-20T13:34:39,245026000,RYNDAM,KETCHIKAN,58.32366667,-135.9085,283,280,14.0,0,8919269,PHFV
2008-07-20T13:34:36,245026000,RYNDAM,KETCHIKAN,58.32366667,-135.908,283,280,14.0,0,8919269,PHFV
2008-07-20T13:34:30,245026000,RYNDAM,KETCHIKAN,58.3235,-135.9075,283,280,14.0,0,8919269,PHFV
2008-07-20T13:34:09,245026000,RYNDAM,KETCHIKAN,58.32333333,-135.9048333,283,280,13.9,0,8919269,PHFV
2008-07-20T13:33:59,245026000,RYNDAM,KETCHIKAN,58.32316667,-135.9036667,283,281,13.9,0,8919269,PHFV
2008-07-20T13:33:50,245026000,RYNDAM,KETCHIKAN,58.32316667,-135.9028333,283,281,13.9,0,8919269,PHFV
2008-07-20T13:33:40,245026000,RYNDAM,KETCHIKAN,58.323,-135.9013333,283,281,13.9,0,8919269,PHFV
2008-07-20T13:33:31,245026000,RYNDAM,KETCHIKAN,58.32283333,-135.9001667,283,281,13.9,0,8919269,PHFV
2008-07-20T13:33:19,245026000,RYNDAM,KETCHIKAN,58.32266667,-135.899,283,281,13.9,0,8919269,PHFV
2008-07-20T13:33:10,245026000,RYNDAM,KETCHIKAN,58.32266667,-135.8976667,283,281,13.9,0,8919269,PHFV
2008-07-20T13:32:50,245026000,RYNDAM,KETCHIKAN,58.32233333,-135.8953333,283,281,13.9,0,8919269,PHFV
2008-07-20T13:32:39,245026000,RYNDAM,KETCHIKAN,58.32216667,-135.8941667,283,281,13.9,0,8919269,PHFV
2008-07-20T13:32:10,245026000,RYNDAM,KETCHIKAN,58.32183333,-135.8905,283,281,13.9,0,8919269,PHFV
2008-07-20T13:31:59,245026000,RYNDAM,KETCHIKAN,58.32183333,-135.8893333,283,281,13.9,0,8919269,PHFV
2008-07-20T13:31:50,245026000,RYNDAM,KETCHIKAN,58.32166667,-135.8881667,283,281,13.9,0,8919269,PHFV
2008-07-20T13:31:39,245026000,RYNDAM,KETCHIKAN,58.3215,-135.887,283,281,13.9,0,8919269,PHFV
2008-07-20T13:31:30,245026000,RYNDAM,KETCHIKAN,58.3215,-135.886,283,281,13.9,0,8919269,PHFV
2008-07-20T13:31:10,245026000,RYNDAM,KETCHIKAN,58.32116667,-135.8833333,283,281,13.9,0,8919269,PHFV
2008-07-20T13:31:01,245026000,RYNDAM,KETCHIKAN,58.321,-135.8821667,0,0,0.0,0,8919269,PHFV
2008-07-20T13:30:59,245026000,RYNDAM,KETCHIKAN,58.321,-135.8821667,283,281,13.9,0,8919269,PHFV
2008-07-20T13:30:50,245026000,RYNDAM,KETCHIKAN,58.321,-135.881,283,281,13.9,0,8919269,PHFV
2008-07-20T13:30:40,245026000,RYNDAM,KETCHIKAN,58.32083333,-135.8798333,283,281,13.9,0,8919269,PHFV
2008-07-20T13:30:30,245026000,RYNDAM,KETCHIKAN,58.32066667,-135.8786667,283,281,13.9,0,8919269,PHFV
2008-07-20T13:30:19,245026000,RYNDAM,KETCHIKAN,58.3205,-135.8773333,283,282,13.9,0,8919269,PHFV
2008-07-20T13:29:59,245026000,RYNDAM,KETCHIKAN,58.32033333,-135.875,283,282,13.9,0,8919269,PHFV
2008-07-20T13:29:49,245026000,RYNDAM,KETCHIKAN,58.32016667,-135.8738333,283,282,13.9,0,8919269,PHFV
2008-07-20T13:29:40,245026000,RYNDAM,KETCHIKAN,58.32,-135.8726667,283,282,13.9,0,8919269,PHFV
2008-07-20T13:29:20,245026000,RYNDAM,KETCHIKAN,58.31966667,-135.8701667,283,282,13.9,0,8919269,PHFV
2008-07-20T13:29:10,245026000,RYNDAM,KETCHIKAN,58.31966667,-135.8693333,283,282,13.9,0,8919269,PHFV
2008-07-20T13:28:59,245026000,RYNDAM,KETCHIKAN,58.3195,-135.8678333,283,282,13.9,0,8919269,PHFV
2008-07-20T13:28:50,245026000,RYNDAM,KETCHIKAN,58.31933333,-135.8666667,283,283,13.9,0,8919269,PHFV
2008-07-20T13:28:40,245026000,RYNDAM,KETCHIKAN,58.31916667,-135.8656667,283,283,13.9,0,8919269,PHFV
2008-07-20T13:28:29,245026000,RYNDAM,KETCHIKAN,58.319,-135.8643333,283,283,13.9,0,8919269,PHFV
2008-07-20T13:28:19,245026000,RYNDAM,KETCHIKAN,58.31883333,-135.8631667,283,283,13.9,0,8919269,PHFV
2008-07-20T13:28:10,245026000,RYNDAM,KETCHIKAN,58.31883333,-135.862,283,283,13.9,0,8919269,PHFV
2008-07-20T13:27:59,245026000,RYNDAM,KETCHIKAN,58.31866667,-135.8606667,283,283,13.9,0,8919269,PHFV
2008-07-20T13:27:49,245026000,RYNDAM,KETCHIKAN,58.3185,-135.8595,283,283,13.9,0,8919269,PHFV
2008-07-20T13:27:40,245026000,RYNDAM,KETCHIKAN,58.31833333,-135.8583333,283,283,13.9,0,8919269,PHFV
2008-07-20T13:27:28,245026000,RYNDAM,KETCHIKAN,58.31816667,-135.8571667,283,283,13.8,0,8919269,PHFV
2008-07-20T13:27:19,245026000,RYNDAM,KETCHIKAN,58.318,-135.856,283,283,13.8,0,8919269,PHFV
2008-07-20T13:27:10,245026000,RYNDAM,KETCHIKAN,58.31783333,-135.8548333,283,283,13.8,0,8919269,PHFV
2008-07-20T13:26:59,245026000,RYNDAM,KETCHIKAN,58.31783333,-135.8536667,283,283,13.8,0,8919269,PHFV
2008-07-20T13:26:49,245026000,RYNDAM,KETCHIKAN,58.31766667,-135.8525,283,283,13.8,0,8919269,PHFV
2008-07-20T13:26:40,245026000,RYNDAM,KETCHIKAN,58.3175,-135.8513333,283,283,13.8,0,8919269,PHFV
2008-07-20T13:26:28,245026000,RYNDAM,KETCHIKAN,58.31733333,-135.8501667,282,283,13.8,0,8919269,PHFV
2008-07-20T13:26:19,245026000,RYNDAM,KETCHIKAN,58.31716667,-135.8488333,282,283,13.8,0,8919269,PHFV
2008-07-20T13:26:10,245026000,RYNDAM,KETCHIKAN,58.317,-135.8476667,282,283,13.8,0,8919269,PHFV
2008-07-20T13:25:59,245026000,RYNDAM,KETCHIKAN,58.317,-135.8465,283,283,13.8,0,8919269,PHFV
2008-07-20T13:25:49,245026000,RYNDAM,KETCHIKAN,58.31683333,-135.8453333,283,283,13.8,0,8919269,PHFV
2008-07-20T13:25:39,245026000,RYNDAM,KETCHIKAN,58.31666667,-135.8441667,283,283,13.8,0,8919269,PHFV
2008-07-20T13:25:28,245026000,RYNDAM,KETCHIKAN,58.3165,-135.843,283,283,13.8,0,8919269,PHFV
2008-07-20T13:25:19,245026000,RYNDAM,KETCHIKAN,58.31633333,-135.8418333,283,283,13.9,0,8919269,PHFV
2008-07-20T13:25:01,245026000,RYNDAM,KETCHIKAN,58.316,-135.8395,0,0,0.0,0,8919269,PHFV
2008-07-20T13:24:59,245026000,RYNDAM,KETCHIKAN,58.316,-135.8395,283,284,13.9,0,8919269,PHFV
2008-07-20T13:24:49,245026000,RYNDAM,KETCHIKAN,58.31583333,-135.8381667,283,284,13.9,0,8919269,PHFV
2008-07-20T13:24:39,245026000,RYNDAM,KETCHIKAN,58.31566667,-135.837,283,284,13.9,0,8919269,PHFV
2008-07-20T13:24:28,245026000,RYNDAM,KETCHIKAN,58.31566667,-135.8358333,283,284,13.9,0,8919269,PHFV
2008-07-20T13:24:19,245026000,RYNDAM,KETCHIKAN,58.3155,-135.8346667,283,284,13.9,0,8919269,PHFV
2008-07-20T13:24:09,245026000,RYNDAM,KETCHIKAN,58.31533333,-135.8335,283,284,13.9,0,8919269,PHFV
2008-07-20T13:23:58,245026000,RYNDAM,KETCHIKAN,58.31516667,-135.8323333,283,284,13.9,0,8919269,PHFV
2008-07-20T13:23:49,245026000,RYNDAM,KETCHIKAN,58.315,-135.8311667,283,284,13.9,0,8919269,PHFV
2008-07-20T13:23:39,245026000,RYNDAM,KETCHIKAN,58.31483333,-135.83,283,284,13.9,0,8919269,PHFV
2008-07-20T13:23:19,245026000,RYNDAM,KETCHIKAN,58.3145,-135.8276667,283,284,13.9,0,8919269,PHFV
2008-07-20T13:23:10,245026000,RYNDAM,KETCHIKAN,58.31433333,-135.8265,283,284,13.9,0,8919269,PHFV
2008-07-20T13:22:58,245026000,RYNDAM,KETCHIKAN,58.31416667,-135.825,283,284,13.9,0,8919269,PHFV
2008-07-20T13:22:49,245026000,RYNDAM,KETCHIKAN,58.314,-135.824,283,284,13.9,0,8919269,PHFV
2008-07-20T13:22:39,245026000,RYNDAM,KETCHIKAN,58.31383333,-135.8228333,283,284,13.9,0,8919269,PHFV
2008-07-20T13:22:28,245026000,RYNDAM,KETCHIKAN,58.31366667,-135.8216667,283,284,13.9,0,8919269,PHFV
2008-07-20T13:22:18,245026000,RYNDAM,KETCHIKAN,58.31366667,-135.8205,283,284,13.9,0,8919269,PHFV
2008-07-20T13:22:09,245026000,RYNDAM,KETCHIKAN,58.3135,-135.8193333,283,284,13.9,0,8919269,PHFV
2008-07-20T13:21:58,245026000,RYNDAM,KETCHIKAN,58.31333333,-135.8181667,283,284,13.9,0,8919269,PHFV
2008-07-20T13:21:48,245026000,RYNDAM,KETCHIKAN,58.31316667,-135.817,283,284,13.9,0,8919269,PHFV
2008-07-20T13:21:39,245026000,RYNDAM,KETCHIKAN,58.313,-135.8158333,283,284,13.9,0,8919269,PHFV
2008-07-20T13:21:28,245026000,RYNDAM,KETCHIKAN,58.31283333,-135.8146667,283,285,13.9,0,8919269,PHFV
2008-07-20T13:21:18,245026000,RYNDAM,KETCHIKAN,58.31266667,-135.8135,283,285,13.9,0,8919269,PHFV
2008-07-20T13:21:09,245026000,RYNDAM,KETCHIKAN,58.3125,-135.8123333,283,285,13.9,0,8919269,PHFV
2008-07-20T13:20:58,245026000,RYNDAM,KETCHIKAN,58.31233333,-135.8108333,283,285,13.9,0,8919269,PHFV
2008-07-20T13:20:48,245026000,RYNDAM,KETCHIKAN,58.31216667,-135.8096667,283,284,13.9,0,8919269,PHFV
2008-07-20T13:20:39,245026000,RYNDAM,KETCHIKAN,58.312,-135.8086667,283,285,13.9,0,8919269,PHFV
2008-07-20T13:20:28,245026000,RYNDAM,KETCHIKAN,58.31183333,-135.8075,283,285,13.9,0,8919269,PHFV
2008-07-20T13:20:18,245026000,RYNDAM,KETCHIKAN,58.31166667,-135.8061667,283,285,13.9,0,8919269,PHFV
2008-07-20T13:20:09,245026000,RYNDAM,KETCHIKAN,58.3115,-135.8051667,283,285,13.9,0,8919269,PHFV
2008-07-20T13:19:58,245026000,RYNDAM,KETCHIKAN,58.31133333,-135.804,283,285,13.9,0,8919269,PHFV
2008-07-20T13:19:49,245026000,RYNDAM,KETCHIKAN,58.31116667,-135.8028333,283,285,13.9,0,8919269,PHFV
2008-07-20T13:19:39,245026000,RYNDAM,KETCHIKAN,58.311,-135.8016667,283,285,13.9,0,8919269,PHFV
2008-07-20T13:19:29,245026000,RYNDAM,KETCHIKAN,58.31083333,-135.8005,283,285,13.9,0,8919269,PHFV
2008-07-20T13:19:18,245026000,RYNDAM,KETCHIKAN,58.31066667,-135.7993333,283,285,13.9,0,8919269,PHFV
2008-07-20T13:19:02,245026000,RYNDAM,KETCHIKAN,58.31033333,-135.797,0,0,0.0,0,8919269,PHFV
2008-07-20T13:18:58,245026000,RYNDAM,KETCHIKAN,58.31033333,-135.797,283,285,13.9,0,8919269,PHFV
2008-07-20T13:18:49,245026000,RYNDAM,KETCHIKAN,58.31016667,-135.7958333,283,285,13.9,0,8919269,PHFV
2008-07-20T13:18:38,245026000,RYNDAM,KETCHIKAN,58.31,-135.7946667,283,285,13.8,0,8919269,PHFV
2008-07-20T13:18:28,245026000,RYNDAM,KETCHIKAN,58.30983333,-135.7935,283,285,13.8,0,8919269,PHFV
2008-07-20T13:18:09,245026000,RYNDAM,KETCHIKAN,58.3095,-135.791,283,285,13.8,0,8919269,PHFV
2008-07-20T13:17:59,245026000,RYNDAM,KETCHIKAN,58.30933333,-135.7898333,283,285,13.8,0,8919269,PHFV
2008-07-20T13:17:49,245026000,RYNDAM,KETCHIKAN,58.30916667,-135.7886667,283,286,13.8,0,8919269,PHFV
2008-07-20T13:17:38,245026000,RYNDAM,KETCHIKAN,58.309,-135.7873333,283,286,13.8,0,8919269,PHFV
2008-07-20T13:17:28,245026000,RYNDAM,KETCHIKAN,58.30883333,-135.7863333,283,286,13.8,0,8919269,PHFV
2008-07-20T13:17:20,245026000,RYNDAM,KETCHIKAN,58.30866667,-135.7851667,283,286,13.8,0,8919269,PHFV
2008-07-20T13:17:10,245026000,RYNDAM,KETCHIKAN,58.3085,-135.784,283,286,13.8,0,8919269,PHFV
2008-07-20T13:16:59,245026000,RYNDAM,KETCHIKAN,58.30833333,-135.7828333,283,286,13.8,0,8919269,PHFV
2008-07-20T13:16:38,245026000,RYNDAM,KETCHIKAN,58.308,-135.7805,283,286,13.7,0,8919269,PHFV
2008-07-20T13:16:29,245026000,RYNDAM,KETCHIKAN,58.30783333,-135.7793333,283,286,13.7,0,8919269,PHFV
2008-07-20T13:16:20,245026000,RYNDAM,KETCHIKAN,58.30766667,-135.7785,283,286,13.7,0,8919269,PHFV
2008-07-20T13:16:09,245026000,RYNDAM,KETCHIKAN,58.3075,-135.7771667,283,286,13.7,0,8919269,PHFV
2008-07-20T13:16:01,245026000,RYNDAM,KETCHIKAN,58.30733333,-135.776,283,286,13.7,0,8919269,PHFV
2008-07-20T13:15:49,245026000,RYNDAM,KETCHIKAN,58.30716667,-135.7748333,283,286,13.7,0,8919269,PHFV
2008-07-20T13:15:38,245026000,RYNDAM,KETCHIKAN,58.30683333,-135.7733333,283,286,13.7,0,8919269,PHFV
2008-07-20T13:15:29,245026000,RYNDAM,KETCHIKAN,58.30683333,-135.7725,283,286,13.7,0,8919269,PHFV
2008-07-20T13:15:20,245026000,RYNDAM,KETCHIKAN,58.30666667,-135.7713333,283,286,13.7,0,8919269,PHFV
2008-07-20T13:15:09,245026000,RYNDAM,KETCHIKAN,58.3065,-135.7701667,283,286,13.7,0,8919269,PHFV
2008-07-20T13:15:01,245026000,RYNDAM,KETCHIKAN,58.30616667,-135.769,283,286,13.7,0,8919269,PHFV
2008-07-20T13:14:49,245026000,RYNDAM,KETCHIKAN,58.306,-135.7678333,283,286,13.6,0,8919269,PHFV
2008-07-20T13:14:38,245026000,RYNDAM,KETCHIKAN,58.30583333,-135.7666667,283,286,13.6,0,8919269,PHFV
2008-07-20T13:14:19,245026000,RYNDAM,KETCHIKAN,58.3055,-135.7643333,283,286,13.6,0,8919269,PHFV
2008-07-20T13:14:09,245026000,RYNDAM,KETCHIKAN,58.30533333,-135.7631667,283,286,13.6,0,8919269,PHFV
2008-07-20T13:13:59,245026000,RYNDAM,KETCHIKAN,58.30516667,-135.7621667,283,286,13.6,0,8919269,PHFV
2008-07-20T13:13:49,245026000,RYNDAM,KETCHIKAN,58.305,-135.761,283,286,13.6,0,8919269,PHFV
2008-07-20T13:13:39,245026000,RYNDAM,KETCHIKAN,58.30483333,-135.7598333,283,286,13.6,0,8919269,PHFV
2008-07-20T13:13:19,245026000,RYNDAM,KETCHIKAN,58.3045,-135.7576667,283,286,13.6,0,8919269,PHFV
2008-07-20T13:13:09,245026000,RYNDAM,KETCHIKAN,58.30433333,-135.7563333,283,286,13.6,0,8919269,PHFV
2008-07-20T13:13:02,245026000,RYNDAM,KETCHIKAN,58.30416667,-135.7551667,0,0,0.0,0,8919269,PHFV
2008-07-20T13:12:59,245026000,RYNDAM,KETCHIKAN,58.30416667,-135.7551667,283,286,13.6,0,8919269,PHFV
2008-07-20T13:12:49,245026000,RYNDAM,KETCHIKAN,58.304,-135.754,283,286,13.6,0,8919269,PHFV
2008-07-20T13:12:39,245026000,RYNDAM,KETCHIKAN,58.30383333,-135.7528333,283,286,13.6,0,8919269,PHFV
2008-07-20T13:12:29,245026000,RYNDAM,KETCHIKAN,58.30366667,-135.7518333,283,286,13.6,0,8919269,PHFV
2008-07-20T13:12:19,245026000,RYNDAM,KETCHIKAN,58.3035,-135.7506667,283,286,13.6,0,8919269,PHFV
2008-07-20T13:12:09,245026000,RYNDAM,KETCHIKAN,58.30333333,-135.7495,283,286,13.6,0,8919269,PHFV
2008-07-20T13:11:59,245026000,RYNDAM,KETCHIKAN,58.30316667,-135.7483333,283,286,13.6,0,8919269,PHFV
2008-07-20T13:11:49,245026000,RYNDAM,KETCHIKAN,58.303,-135.7471667,283,286,13.6,0,8919269,PHFV
2008-07-20T13:11:39,245026000,RYNDAM,KETCHIKAN,58.30283333,-135.746,283,286,13.6,0,8919269,PHFV
2008-07-20T13:11:29,245026000,RYNDAM,KETCHIKAN,58.30266667,-135.7448333,283,286,13.6,0,8919269,PHFV
2008-07-20T13:11:19,245026000,RYNDAM,KETCHIKAN,58.30233333,-135.7436667,283,286,13.6,0,8919269,PHFV
2008-07-20T13:11:09,245026000,RYNDAM,KETCHIKAN,58.30216667,-135.7425,283,286,13.6,0,8919269,PHFV
2008-07-20T13:10:58,245026000,RYNDAM,KETCHIKAN,58.302,-135.7413333,283,286,13.6,0,8919269,PHFV
2008-07-20T13:10:49,245026000,RYNDAM,KETCHIKAN,58.30183333,-135.7403333,283,286,13.6,0,8919269,PHFV
2008-07-20T13:10:39,245026000,RYNDAM,KETCHIKAN,58.30166667,-135.7391667,283,286,13.6,0,8919269,PHFV
2008-07-20T13:10:30,245026000,RYNDAM,KETCHIKAN,58.3015,-135.738,283,286,13.6,0,8919269,PHFV
2008-07-20T13:10:19,245026000,RYNDAM,KETCHIKAN,58.30133333,-135.7368333,283,286,13.6,0,8919269,PHFV
2008-07-20T13:10:09,245026000,RYNDAM,KETCHIKAN,58.30116667,-135.7356667,283,286,13.6,0,8919269,PHFV
2008-07-20T13:09:58,245026000,RYNDAM,KETCHIKAN,58.301,-135.7345,283,286,13.6,0,8919269,PHFV
2008-07-20T13:09:49,245026000,RYNDAM,KETCHIKAN,58.30083333,-135.7333333,283,286,13.6,0,8919269,PHFV
2008-07-20T13:09:39,245026000,RYNDAM,KETCHIKAN,58.30066667,-135.7321667,283,286,13.6,0,8919269,PHFV
2008-07-20T13:09:30,245026000,RYNDAM,KETCHIKAN,58.3005,-135.731,283,286,13.6,0,8919269,PHFV
2008-07-20T13:09:19,245026000,RYNDAM,KETCHIKAN,58.30033333,-135.7298333,283,286,13.6,0,8919269,PHFV
2008-07-20T13:09:09,245026000,RYNDAM,KETCHIKAN,58.30016667,-135.7288333,283,286,13.6,0,8919269,PHFV
2008-07-20T13:08:58,245026000,RYNDAM,KETCHIKAN,58.3,-135.7276667,283,286,13.6,0,8919269,PHFV
2008-07-20T13:08:49,245026000,RYNDAM,KETCHIKAN,58.29983333,-135.7265,283,285,13.7,0,8919269,PHFV
2008-07-20T13:08:39,245026000,RYNDAM,KETCHIKAN,58.29966667,-135.7253333,283,285,13.7,0,8919269,PHFV
2008-07-20T13:08:30,245026000,RYNDAM,KETCHIKAN,58.2995,-135.7243333,283,285,13.7,0,8919269,PHFV
2008-07-20T13:08:20,245026000,RYNDAM,KETCHIKAN,58.29933333,-135.7231667,283,285,13.7,0,8919269,PHFV
2008-07-20T13:08:10,245026000,RYNDAM,KETCHIKAN,58.29916667,-135.7218333,283,285,13.7,0,8919269,PHFV
2008-07-20T13:07:58,245026000,RYNDAM,KETCHIKAN,58.299,-135.7206667,283,285,13.7,0,8919269,PHFV
2008-07-20T13:07:38,245026000,RYNDAM,KETCHIKAN,58.29866667,-135.7181667,283,285,13.7,0,8919269,PHFV
2008-07-20T13:07:30,245026000,RYNDAM,KETCHIKAN,58.2985,-135.7171667,283,285,13.7,0,8919269,PHFV
2008-07-20T13:07:19,245026000,RYNDAM,KETCHIKAN,58.29833333,-135.716,283,285,13.7,0,8919269,PHFV
2008-07-20T13:07:09,245026000,RYNDAM,KETCHIKAN,58.29816667,-135.7148333,283,285,13.7,0,8919269,PHFV
2008-07-20T13:06:58,245026000,RYNDAM,KETCHIKAN,58.298,-135.7136667,283,285,13.8,0,8919269,PHFV
2008-07-20T13:06:49,245026000,RYNDAM,KETCHIKAN,58.29783333,-135.7125,283,285,13.8,0,8919269,PHFV
2008-07-20T13:06:38,245026000,RYNDAM,KETCHIKAN,58.29766667,-135.7113333,283,284,13.8,0,8919269,PHFV
2008-07-20T13:06:31,245026000,RYNDAM,KETCHIKAN,58.2975,-135.7101667,283,284,13.8,0,8919269,PHFV
2008-07-20T13:06:19,245026000,RYNDAM,KETCHIKAN,58.29733333,-135.709,283,284,13.8,0,8919269,PHFV
2008-07-20T13:06:10,245026000,RYNDAM,KETCHIKAN,58.29716667,-135.7078333,283,284,13.8,0,8919269,PHFV
2008-07-20T13:05:58,245026000,RYNDAM,KETCHIKAN,58.297,-135.7066667,283,284,13.8,0,8919269,PHFV
2008-07-20T13:05:49,245026000,RYNDAM,KETCHIKAN,58.297,-135.7055,283,284,13.8,0,8919269,PHFV
2008-07-20T13:05:39,245026000,RYNDAM,KETCHIKAN,58.29666667,-135.704,283,284,13.8,0,8919269,PHFV
2008-07-20T13:05:19,245026000,RYNDAM,KETCHIKAN,58.2965,-135.702,283,284,13.9,0,8919269,PHFV
2008-07-20T13:05:09,245026000,RYNDAM,KETCHIKAN,58.29633333,-135.7008333,283,284,13.9,0,8919269,PHFV
2008-07-20T13:04:58,245026000,RYNDAM,KETCHIKAN,58.29616667,-135.6996667,283,284,13.9,0,8919269,PHFV
2008-07-20T13:04:49,245026000,RYNDAM,KETCHIKAN,58.296,-135.6985,283,284,13.9,0,8919269,PHFV
2008-07-20T13:04:38,245026000,RYNDAM,KETCHIKAN,58.29583333,-135.6971667,283,283,13.9,0,8919269,PHFV
2008-07-20T13:04:30,245026000,RYNDAM,KETCHIKAN,58.29566667,-135.696,283,283,13.9,0,8919269,PHFV
2008-07-20T13:04:19,245026000,RYNDAM,KETCHIKAN,58.2955,-135.6948333,283,283,13.9,0,8919269,PHFV
2008-07-20T13:04:09,245026000,RYNDAM,KETCHIKAN,58.29533333,-135.6936667,283,283,13.9,0,8919269,PHFV
2008-07-20T13:03:58,245026000,RYNDAM,KETCHIKAN,58.29516667,-135.6925,283,284,13.8,0,8919269,PHFV
2008-07-20T13:03:49,245026000,RYNDAM,KETCHIKAN,58.295,-135.6913333,283,284,13.8,0,8919269,PHFV
2008-07-20T13:03:39,245026000,RYNDAM,KETCHIKAN,58.295,-135.6901667,284,285,13.8,0,8919269,PHFV
2008-07-20T13:03:30,245026000,RYNDAM,KETCHIKAN,58.29483333,-135.6891667,284,286,13.9,0,8919269,PHFV
2008-07-20T13:03:19,245026000,RYNDAM,KETCHIKAN,58.29466667,-135.6878333,286,287,13.9,0,8919269,PHFV
2008-07-20T13:03:11,245026000,RYNDAM,KETCHIKAN,58.29433333,-135.6866667,287,288,13.9,0,8919269,PHFV
2008-07-20T13:02:58,245026000,RYNDAM,KETCHIKAN,58.29416667,-135.6853333,288,290,13.9,0,8919269,PHFV
2008-07-20T13:02:50,245026000,RYNDAM,KETCHIKAN,58.294,-135.6843333,289,291,13.9,0,8919269,PHFV
2008-07-20T13:02:30,245026000,RYNDAM,KETCHIKAN,58.2935,-135.682,291,292,13.8,0,8919269,PHFV
2008-07-20T13:01:58,245026000,RYNDAM,KETCHIKAN,58.29283333,-135.6786667,293,294,13.8,0,8919269,PHFV
2008-07-20T13:01:50,245026000,RYNDAM,KETCHIKAN,58.2925,-135.6776667,294,294,13.8,0,8919269,PHFV
2008-07-20T13:01:40,245026000,RYNDAM,KETCHIKAN,58.29233333,-135.6765,294,294,13.8,0,8919269,PHFV
2008-07-20T13:01:19,245026000,RYNDAM,KETCHIKAN,58.29183333,-135.6743333,294,294,13.7,0,8919269,PHFV
2008-07-20T13:00:40,245026000,RYNDAM,KETCHIKAN,58.29066667,-135.6698333,294,294,13.7,0,8919269,PHFV
2008-07-20T13:00:30,245026000,RYNDAM,KETCHIKAN,58.2905,-135.6688333,294,294,13.6,0,8919269,PHFV
2008-07-20T13:00:18,245026000,RYNDAM,KETCHIKAN,58.29016667,-135.6675,294,294,13.6,0,8919269,PHFV
2008-07-20T12:59:40,245026000,RYNDAM,KETCHIKAN,58.28916667,-135.6633333,295,295,13.5,0,8919269,PHFV
2008-07-20T12:59:19,245026000,RYNDAM,KETCHIKAN,58.28866667,-135.6611667,295,294,13.5,0,8919269,PHFV
2008-07-20T12:59:08,245026000,RYNDAM,KETCHIKAN,58.28833333,-135.6601667,295,294,13.5,0,8919269,PHFV
2008-07-20T12:58:58,245026000,RYNDAM,KETCHIKAN,58.28816667,-135.659,294,293,13.4,0,8919269,PHFV
2008-07-20T12:58:41,245026000,RYNDAM,KETCHIKAN,58.28766667,-135.6568333,294,293,13.4,0,8919269,PHFV
2008-07-20T12:58:30,245026000,RYNDAM,KETCHIKAN,58.2875,-135.656,294,293,13.4,0,8919269,PHFV
2008-07-20T12:58:19,245026000,RYNDAM,KETCHIKAN,58.28716667,-135.6545,294,294,13.4,0,8919269,PHFV
2008-07-20T12:58:08,245026000,RYNDAM,KETCHIKAN,58.28683333,-135.6535,294,294,13.4,0,8919269,PHFV
2008-07-20T12:57:59,245026000,RYNDAM,KETCHIKAN,58.28666667,-135.6523333,294,294,13.4,0,8919269,PHFV
2008-07-20T12:57:30,245026000,RYNDAM,KETCHIKAN,58.286,-135.6493333,293,293,13.3,0,8919269,PHFV
2008-07-20T12:57:18,245026000,RYNDAM,KETCHIKAN,58.28566667,-135.6483333,294,293,13.3,0,8919269,PHFV
2008-07-20T12:57:09,245026000,RYNDAM,KETCHIKAN,58.2855,-135.6471667,294,294,13.3,0,8919269,PHFV
2008-07-20T12:56:18,245026000,RYNDAM,KETCHIKAN,58.28416667,-135.6418333,294,293,13.4,0,8919269,PHFV
2008-07-20T12:56:09,245026000,RYNDAM,KETCHIKAN,58.284,-135.6408333,294,293,13.4,0,8919269,PHFV
2008-07-20T12:55:51,245026000,RYNDAM,KETCHIKAN,58.2835,-135.6386667,294,293,13.4,0,8919269,PHFV
2008-07-20T12:55:40,245026000,RYNDAM,KETCHIKAN,58.28333333,-135.6376667,294,293,13.4,0,8919269,PHFV
2008-07-20T12:55:09,245026000,RYNDAM,KETCHIKAN,58.2825,-135.6343333,294,293,13.4,0,8919269,PHFV
2008-07-20T12:54:59,245026000,RYNDAM,KETCHIKAN,58.28233333,-135.6331667,294,293,13.4,0,8919269,PHFV
2008-07-20T12:54:29,245026000,RYNDAM,KETCHIKAN,58.2815,-135.63,294,293,13.4,0,8919269,PHFV
2008-07-20T12:54:19,245026000,RYNDAM,KETCHIKAN,58.28133333,-135.6288333,294,294,13.5,0,8919269,PHFV
2008-07-20T12:53:58,245026000,RYNDAM,KETCHIKAN,58.28083333,-135.6266667,294,294,13.5,0,8919269,PHFV
2008-07-20T12:53:49,245026000,RYNDAM,KETCHIKAN,58.2805,-135.6256667,294,294,13.5,0,8919269,PHFV
2008-07-20T12:53:40,245026000,RYNDAM,KETCHIKAN,58.28033333,-135.6248333,294,294,13.5,0,8919269,PHFV
2008-07-20T12:51:59,245026000,RYNDAM,KETCHIKAN,58.27783333,-135.6136667,294,293,13.6,0,8919269,PHFV
2008-07-20T12:51:39,245026000,RYNDAM,KETCHIKAN,58.27733333,-135.6115,294,293,13.6,0,8919269,PHFV
2008-07-20T12:51:29,245026000,RYNDAM,KETCHIKAN,58.277,-135.6103333,294,294,13.6,0,8919269,PHFV
2008-07-20T12:51:08,245026000,RYNDAM,KETCHIKAN,58.2765,-135.6081667,294,294,13.6,0,8919269,PHFV
2008-07-20T12:50:59,245026000,RYNDAM,KETCHIKAN,58.27633333,-135.6071667,294,294,13.6,0,8919269,PHFV
2008-07-20T12:50:49,245026000,RYNDAM,KETCHIKAN,58.276,-135.606,294,293,13.6,0,8919269,PHFV
2008-07-20T12:50:38,245026000,RYNDAM,KETCHIKAN,58.27566667,-135.6046667,294,294,13.6,0,8919269,PHFV
2008-07-20T12:50:29,245026000,RYNDAM,KETCHIKAN,58.2755,-135.6038333,294,294,13.6,0,8919269,PHFV
2008-07-20T12:50:18,245026000,RYNDAM,KETCHIKAN,58.27516667,-135.6025,294,294,13.6,0,8919269,PHFV
2008-07-20T12:50:09,245026000,RYNDAM,KETCHIKAN,58.275,-135.6016667,294,294,13.6,0,8919269,PHFV
2008-07-20T12:49:59,245026000,RYNDAM,KETCHIKAN,58.27483333,-135.6005,294,293,13.6,0,8919269,PHFV
2008-07-20T12:49:48,245026000,RYNDAM,KETCHIKAN,58.2745,-135.5995,294,294,13.5,0,8919269,PHFV
2008-07-20T12:49:39,245026000,RYNDAM,KETCHIKAN,58.27416667,-135.5981667,294,293,13.5,0,8919269,PHFV
2008-07-20T12:49:29,245026000,RYNDAM,KETCHIKAN,58.274,-135.5973333,294,293,13.5,0,8919269,PHFV
2008-07-20T12:49:18,245026000,RYNDAM,KETCHIKAN,58.27383333,-135.5961667,294,293,13.5,0,8919269,PHFV
2008-07-20T12:49:09,245026000,RYNDAM,KETCHIKAN,58.2735,-135.5951667,294,293,13.5,0,8919269,PHFV
2008-07-20T12:49:02,245026000,RYNDAM,KETCHIKAN,58.27333333,-135.594,0,0,0.0,0,8919269,PHFV
2008-07-20T12:49:00,245026000,RYNDAM,KETCHIKAN,58.27333333,-135.594,294,294,13.5,0,8919269,PHFV
2008-07-20T12:48:29,245026000,RYNDAM,KETCHIKAN,58.2725,-135.5908333,294,294,13.5,0,8919269,PHFV
2008-07-20T12:48:09,245026000,RYNDAM,KETCHIKAN,58.272,-135.5886667,294,294,13.6,0,8919269,PHFV
2008-07-20T12:47:49,245026000,RYNDAM,KETCHIKAN,58.2715,-135.5863333,294,293,13.6,0,8919269,PHFV
2008-07-20T12:47:39,245026000,RYNDAM,KETCHIKAN,58.27116667,-135.5851667,294,293,13.6,0,8919269,PHFV
2008-07-20T12:47:18,245026000,RYNDAM,KETCHIKAN,58.27066667,-135.583,293,292,13.6,0,8919269,PHFV
2008-07-20T12:47:08,245026000,RYNDAM,KETCHIKAN,58.2705,-135.582,292,291,13.6,0,8919269,PHFV
2008-07-20T12:46:50,245026000,RYNDAM,KETCHIKAN,58.27,-135.58,291,290,13.6,0,8919269,PHFV
2008-07-20T12:46:39,245026000,RYNDAM,KETCHIKAN,58.26983333,-135.5788333,290,290,13.6,0,8919269,PHFV
2008-07-20T12:46:19,245026000,RYNDAM,KETCHIKAN,58.26933333,-135.5765,290,290,13.6,0,8919269,PHFV
2008-07-20T12:46:09,245026000,RYNDAM,KETCHIKAN,58.26916667,-135.5751667,290,290,13.6,0,8919269,PHFV
2008-07-20T12:46:00,245026000,RYNDAM,KETCHIKAN,58.269,-135.5743333,290,290,13.6,0,8919269,PHFV
2008-07-20T12:45:50,245026000,RYNDAM,KETCHIKAN,58.26883333,-135.5731667,290,291,13.5,0,8919269,PHFV
2008-07-20T12:45:39,245026000,RYNDAM,KETCHIKAN,58.2685,-135.5718333,290,291,13.5,0,8919269,PHFV
2008-07-20T12:45:00,245026000,RYNDAM,KETCHIKAN,58.26766667,-135.5676667,290,291,13.5,0,8919269,PHFV
2008-07-20T12:44:50,245026000,RYNDAM,KETCHIKAN,58.2675,-135.5666667,290,291,13.5,0,8919269,PHFV
2008-07-20T12:44:39,245026000,RYNDAM,KETCHIKAN,58.26716667,-135.5655,290,291,13.4,0,8919269,PHFV
2008-07-20T12:44:19,245026000,RYNDAM,KETCHIKAN,58.26666667,-135.563,290,291,13.4,0,8919269,PHFV
2008-07-20T12:44:10,245026000,RYNDAM,KETCHIKAN,58.2665,-135.5621667,290,291,13.4,0,8919269,PHFV
2008-07-20T12:44:00,245026000,RYNDAM,KETCHIKAN,58.26633333,-135.5611667,290,291,13.4,0,8919269,PHFV
2008-07-20T12:43:51,245026000,RYNDAM,KETCHIKAN,58.26616667,-135.56,290,291,13.4,0,8919269,PHFV
2008-07-20T12:43:39,245026000,RYNDAM,KETCHIKAN,58.26583333,-135.5588333,290,291,13.3,0,8919269,PHFV
2008-07-20T12:43:29,245026000,RYNDAM,KETCHIKAN,58.26566667,-135.5578333,290,291,13.3,0,8919269,PHFV
2008-07-20T12:43:19,245026000,RYNDAM,KETCHIKAN,58.2655,-135.5566667,290,291,13.3,0,8919269,PHFV
2008-07-20T12:43:09,245026000,RYNDAM,KETCHIKAN,58.26516667,-135.5555,290,291,13.3,0,8919269,PHFV
2008-07-20T12:43:00,245026000,RYNDAM,KETCHIKAN,58.265,-135.5545,0,0,0.0,0,8919269,PHFV
2008-07-20T12:43:00,245026000,RYNDAM,KETCHIKAN,58.265,-135.5545,290,291,13.3,0,8919269,PHFV
2008-07-20T12:42:50,245026000,RYNDAM,KETCHIKAN,58.26483333,-135.5535,290,291,13.2,0,8919269,PHFV
2008-07-20T12:42:39,245026000,RYNDAM,KETCHIKAN,58.2645,-135.5521667,290,291,13.2,0,8919269,PHFV
2008-07-20T12:42:30,245026000,RYNDAM,KETCHIKAN,58.26433333,-135.5511667,290,291,13.2,0,8919269,PHFV
2008-07-20T12:42:19,245026000,RYNDAM,KETCHIKAN,58.264,-135.55,290,291,13.2,0,8919269,PHFV
2008-07-20T12:42:10,245026000,RYNDAM,KETCHIKAN,58.26383333,-135.5491667,291,291,13.2,0,8919269,PHFV
2008-07-20T12:42:00,245026000,RYNDAM,KETCHIKAN,58.26366667,-135.548,290,291,13.2,0,8919269,PHFV
2008-07-20T12:41:50,245026000,RYNDAM,KETCHIKAN,58.2635,-135.547,290,291,13.2,0,8919269,PHFV
2008-07-20T12:41:39,245026000,RYNDAM,KETCHIKAN,58.26316667,-135.5458333,290,291,13.2,0,8919269,PHFV
2008-07-20T12:41:30,245026000,RYNDAM,KETCHIKAN,58.263,-135.5448333,290,291,13.2,0,8919269,PHFV
2008-07-20T12:41:19,245026000,RYNDAM,KETCHIKAN,58.26283333,-135.5436667,290,291,13.2,0,8919269,PHFV
2008-07-20T12:41:09,245026000,RYNDAM,KETCHIKAN,58.26266667,-135.5426667,290,291,13.2,0,8919269,PHFV
2008-07-20T12:40:58,245026000,RYNDAM,KETCHIKAN,58.26233333,-135.5413333,290,291,13.2,0,8919269,PHFV
2008-07-20T12:40:50,245026000,RYNDAM,KETCHIKAN,58.26216667,-135.5405,290,291,13.2,0,8919269,PHFV
2008-07-20T12:40:29,245026000,RYNDAM,KETCHIKAN,58.26166667,-135.5381667,290,291,13.2,0,8919269,PHFV
2008-07-20T12:40:09,245026000,RYNDAM,KETCHIKAN,58.26133333,-135.536,290,291,13.2,0,8919269,PHFV
2008-07-20T12:39:59,245026000,RYNDAM,KETCHIKAN,58.261,-135.5348333,290,291,13.2,0,8919269,PHFV
2008-07-20T12:39:29,245026000,RYNDAM,KETCHIKAN,58.2605,-135.5318333,291,292,13.2,0,8919269,PHFV
2008-07-20T12:39:19,245026000,RYNDAM,KETCHIKAN,58.26016667,-135.5308333,291,292,13.2,0,8919269,PHFV
2008-07-20T12:39:09,245026000,RYNDAM,KETCHIKAN,58.26,-135.5296667,291,292,13.2,0,8919269,PHFV
2008-07-20T12:38:58,245026000,RYNDAM,KETCHIKAN,58.25966667,-135.5285,291,292,13.2,0,8919269,PHFV
2008-07-20T12:38:50,245026000,RYNDAM,KETCHIKAN,58.2595,-135.5276667,291,292,13.2,0,8919269,PHFV
2008-07-20T12:38:39,245026000,RYNDAM,KETCHIKAN,58.25933333,-135.5265,291,292,13.2,0,8919269,PHFV
2008-07-20T12:38:29,245026000,RYNDAM,KETCHIKAN,58.259,-135.5255,291,292,13.2,0,8919269,PHFV
2008-07-20T12:38:19,245026000,RYNDAM,KETCHIKAN,58.25883333,-135.5243333,291,293,13.2,0,8919269,PHFV
2008-07-20T12:37:59,245026000,RYNDAM,KETCHIKAN,58.25833333,-135.522,292,293,13.2,0,8919269,PHFV
2008-07-20T12:37:50,245026000,RYNDAM,KETCHIKAN,58.25816667,-135.5211667,292,294,13.2,0,8919269,PHFV
2008-07-20T12:37:39,245026000,RYNDAM,KETCHIKAN,58.25783333,-135.5198333,293,294,13.2,0,8919269,PHFV
2008-07-20T12:37:29,245026000,RYNDAM,KETCHIKAN,58.2575,-135.5188333,293,294,13.2,0,8919269,PHFV
2008-07-20T12:37:20,245026000,RYNDAM,KETCHIKAN,58.25733333,-135.518,294,294,13.2,0,8919269,PHFV
2008-07-20T12:36:59,245026000,RYNDAM,KETCHIKAN,58.25683333,-135.5156667,294,295,13.2,0,8919269,PHFV
2008-07-20T12:36:50,245026000,RYNDAM,KETCHIKAN,58.25666667,-135.5148333,294,295,13.2,0,8919269,PHFV
2008-07-20T12:36:39,245026000,RYNDAM,KETCHIKAN,58.25633333,-135.5138333,294,295,13.1,0,8919269,PHFV
2008-07-20T12:36:30,245026000,RYNDAM,KETCHIKAN,58.25616667,-135.5128333,294,295,13.1,0,8919269,PHFV
2008-07-20T12:35:50,245026000,RYNDAM,KETCHIKAN,58.255,-135.5086667,294,295,13.1,0,8919269,PHFV
2008-07-20T12:35:39,245026000,RYNDAM,KETCHIKAN,58.25483333,-135.5075,294,295,13.1,0,8919269,PHFV
2008-07-20T12:35:30,245026000,RYNDAM,KETCHIKAN,58.2545,-135.5065,294,295,13.1,0,8919269,PHFV
2008-07-20T12:35:20,245026000,RYNDAM,KETCHIKAN,58.25433333,-135.5055,294,295,13.1,0,8919269,PHFV
2008-07-20T12:34:58,245026000,RYNDAM,KETCHIKAN,58.25383333,-135.5031667,294,295,13.1,0,8919269,PHFV
2008-07-20T12:34:39,245026000,RYNDAM,KETCHIKAN,58.25333333,-135.5011667,294,295,13.1,0,8919269,PHFV
2008-07-20T12:34:30,245026000,RYNDAM,KETCHIKAN,58.253,-135.5003333,294,295,13.1,0,8919269,PHFV
2008-07-20T12:34:19,245026000,RYNDAM,KETCHIKAN,58.25283333,-135.4991667,294,295,13.1,0,8919269,PHFV
2008-07-20T12:33:59,245026000,RYNDAM,KETCHIKAN,58.25216667,-135.497,294,295,13.1,0,8919269,PHFV
2008-07-20T12:33:50,245026000,RYNDAM,KETCHIKAN,58.252,-135.4961667,294,295,13.1,0,8919269,PHFV
2008-07-20T12:33:39,245026000,RYNDAM,KETCHIKAN,58.25183333,-135.495,294,295,13.1,0,8919269,PHFV
2008-07-20T12:33:30,245026000,RYNDAM,KETCHIKAN,58.2515,-135.494,294,295,13.1,0,8919269,PHFV
2008-07-20T12:32:59,245026000,RYNDAM,KETCHIKAN,58.25066667,-135.4906667,294,294,13.1,0,8919269,PHFV
2008-07-20T12:32:50,245026000,RYNDAM,KETCHIKAN,58.2505,-135.4898333,294,294,13.1,0,8919269,PHFV
2008-07-20T12:32:39,245026000,RYNDAM,KETCHIKAN,58.25016667,-135.4886667,294,294,13.1,0,8919269,PHFV
2008-07-20T12:32:29,245026000,RYNDAM,KETCHIKAN,58.25,-135.4878333,294,294,13.1,0,8919269,PHFV
2008-07-20T12:32:10,245026000,RYNDAM,KETCHIKAN,58.2495,-135.4856667,294,294,13.1,0,8919269,PHFV
2008-07-20T12:31:58,245026000,RYNDAM,KETCHIKAN,58.24916667,-135.4843333,294,294,13.1,0,8919269,PHFV
2008-07-20T12:31:49,245026000,RYNDAM,KETCHIKAN,58.249,-135.4833333,294,294,13.1,0,8919269,PHFV
2008-07-20T12:31:39,245026000,RYNDAM,KETCHIKAN,58.24866667,-135.4823333,294,294,13.1,0,8919269,PHFV
2008-07-20T12:31:19,245026000,RYNDAM,KETCHIKAN,58.24833333,-135.4805,294,294,13.1,0,8919269,PHFV
2008-07-20T12:31:10,245026000,RYNDAM,KETCHIKAN,58.248,-135.4793333,294,294,13.1,0,8919269,PHFV
2008-07-20T12:31:01,245026000,RYNDAM,KETCHIKAN,58.24766667,-135.4781667,0,0,0.0,0,8919269,PHFV
2008-07-20T12:30:59,245026000,RYNDAM,KETCHIKAN,58.24766667,-135.4781667,294,294,13.1,0,8919269,PHFV
2008-07-20T12:30:09,245026000,RYNDAM,KETCHIKAN,58.2465,-135.4731667,294,294,13.1,0,8919269,PHFV
2008-07-20T12:29:59,245026000,RYNDAM,KETCHIKAN,58.24633333,-135.4718333,294,294,13.1,0,8919269,PHFV
2008-07-20T12:29:49,245026000,RYNDAM,KETCHIKAN,58.246,-135.4708333,294,294,13.1,0,8919269,PHFV
2008-07-20T12:29:39,245026000,RYNDAM,KETCHIKAN,58.24583333,-135.4698333,294,294,13.1,0,8919269,PHFV
2008-07-20T12:29:29,245026000,RYNDAM,KETCHIKAN,58.2455,-135.469,294,294,13.1,0,8919269,PHFV
2008-07-20T12:29:10,245026000,RYNDAM,KETCHIKAN,58.245,-135.4668333,294,294,13.1,0,8919269,PHFV
2008-07-20T12:28:59,245026000,RYNDAM,KETCHIKAN,58.24483333,-135.4655,294,294,13.1,0,8919269,PHFV
2008-07-20T12:28:49,245026000,RYNDAM,KETCHIKAN,58.2445,-135.4645,294,294,13.1,0,8919269,PHFV
2008-07-20T12:28:39,245026000,RYNDAM,KETCHIKAN,58.24433333,-135.4636667,294,294,13.1,0,8919269,PHFV
2008-07-20T12:28:29,245026000,RYNDAM,KETCHIKAN,58.24416667,-135.4626667,294,294,13.0,0,8919269,PHFV
2008-07-20T12:28:19,245026000,RYNDAM,KETCHIKAN,58.24383333,-135.4616667,294,294,13.0,0,8919269,PHFV
2008-07-20T12:28:09,245026000,RYNDAM,KETCHIKAN,58.2435,-135.4603333,294,294,13.0,0,8919269,PHFV
2008-07-20T12:27:59,245026000,RYNDAM,KETCHIKAN,58.24333333,-135.4593333,294,294,13.0,0,8919269,PHFV
2008-07-20T12:27:49,245026000,RYNDAM,KETCHIKAN,58.243,-135.4581667,294,294,13.0,0,8919269,PHFV
2008-07-20T12:27:38,245026000,RYNDAM,KETCHIKAN,58.24283333,-135.4571667,294,294,13.0,0,8919269,PHFV
2008-07-20T12:27:28,245026000,RYNDAM,KETCHIKAN,58.24266667,-135.4561667,294,294,13.0,0,8919269,PHFV
2008-07-20T12:27:19,245026000,RYNDAM,KETCHIKAN,58.24233333,-135.4551667,294,294,13.0,0,8919269,PHFV
2008-07-20T12:27:09,245026000,RYNDAM,KETCHIKAN,58.24216667,-135.4543333,294,294,13.0,0,8919269,PHFV
2008-07-20T12:26:59,245026000,RYNDAM,KETCHIKAN,58.24183333,-135.453,294,294,12.9,0,8919269,PHFV
2008-07-20T12:26:49,245026000,RYNDAM,KETCHIKAN,58.24166667,-135.452,294,294,12.9,0,8919269,PHFV
2008-07-20T12:26:19,245026000,RYNDAM,KETCHIKAN,58.241,-135.449,294,294,12.9,0,8919269,PHFV
2008-07-20T12:26:09,245026000,RYNDAM,KETCHIKAN,58.24066667,-135.448,294,293,12.9,0,8919269,PHFV
2008-07-20T12:25:58,245026000,RYNDAM,KETCHIKAN,58.2405,-135.4468333,294,294,12.9,0,8919269,PHFV
2008-07-20T12:25:49,245026000,RYNDAM,KETCHIKAN,58.24033333,-135.446,294,293,12.9,0,8919269,PHFV
2008-07-20T12:25:38,245026000,RYNDAM,KETCHIKAN,58.24,-135.4446667,294,293,12.9,0,8919269,PHFV
2008-07-20T12:25:28,245026000,RYNDAM,KETCHIKAN,58.23966667,-135.4436667,294,293,12.9,0,8919269,PHFV
2008-07-20T12:25:19,245026000,RYNDAM,KETCHIKAN,58.2395,-135.4426667,294,294,12.9,0,8919269,PHFV
2008-07-20T12:25:10,245026000,RYNDAM,KETCHIKAN,58.23933333,-135.4418333,294,294,12.9,0,8919269,PHFV
2008-07-20T12:25:02,245026000,RYNDAM,KETCHIKAN,58.239,-135.4406667,0,0,0.0,0,8919269,PHFV
2008-07-20T12:24:59,245026000,RYNDAM,KETCHIKAN,58.239,-135.4406667,294,294,12.8,0,8919269,PHFV
2008-07-20T12:24:48,245026000,RYNDAM,KETCHIKAN,58.23883333,-135.4395,294,294,12.8,0,8919269,PHFV
2008-07-20T12:24:28,245026000,RYNDAM,KETCHIKAN,58.23833333,-135.4375,294,294,12.8,0,8919269,PHFV
2008-07-20T12:24:19,245026000,RYNDAM,KETCHIKAN,58.23816667,-135.4366667,294,293,12.8,0,8919269,PHFV
2008-07-20T12:24:10,245026000,RYNDAM,KETCHIKAN,58.23783333,-135.4356667,294,294,12.8,0,8919269,PHFV
2008-07-20T12:23:59,245026000,RYNDAM,KETCHIKAN,58.23766667,-135.4345,294,293,12.7,0,8919269,PHFV
2008-07-20T12:23:48,245026000,RYNDAM,KETCHIKAN,58.23733333,-135.4333333,294,293,12.7,0,8919269,PHFV
2008-07-20T12:23:38,245026000,RYNDAM,KETCHIKAN,58.23716667,-135.4323333,294,293,12.7,0,8919269,PHFV
2008-07-20T12:23:20,245026000,RYNDAM,KETCHIKAN,58.23666667,-135.4305,294,293,12.7,0,8919269,PHFV
2008-07-20T12:22:58,245026000,RYNDAM,KETCHIKAN,58.23616667,-135.4283333,294,293,12.7,0,8919269,PHFV
2008-07-20T12:22:48,245026000,RYNDAM,KETCHIKAN,58.236,-135.4273333,294,293,12.7,0,8919269,PHFV
2008-07-20T12:22:39,245026000,RYNDAM,KETCHIKAN,58.23566667,-135.4263333,294,293,12.7,0,8919269,PHFV
2008-07-20T12:22:28,245026000,RYNDAM,KETCHIKAN,58.2355,-135.4251667,294,293,12.7,0,8919269,PHFV
2008-07-20T12:22:20,245026000,RYNDAM,KETCHIKAN,58.23533333,-135.4241667,294,293,12.6,0,8919269,PHFV
2008-07-20T12:22:09,245026000,RYNDAM,KETCHIKAN,58.235,-135.4231667,294,293,12.6,0,8919269,PHFV
2008-07-20T12:21:58,245026000,RYNDAM,KETCHIKAN,58.23483333,-135.4221667,294,293,12.6,0,8919269,PHFV
2008-07-20T12:21:49,245026000,RYNDAM,KETCHIKAN,58.23466667,-135.4211667,294,293,12.6,0,8919269,PHFV
2008-07-20T12:21:40,245026000,RYNDAM,KETCHIKAN,58.23433333,-135.4201667,294,293,12.6,0,8919269,PHFV
2008-07-20T12:21:28,245026000,RYNDAM,KETCHIKAN,58.23416667,-135.4191667,294,293,12.6,0,8919269,PHFV
2008-07-20T12:21:20,245026000,RYNDAM,KETCHIKAN,58.234,-135.4183333,294,293,12.6,0,8919269,PHFV
2008-07-20T12:21:09,245026000,RYNDAM,KETCHIKAN,58.23366667,-135.4171667,294,293,12.6,0,8919269,PHFV
2008-07-20T12:20:58,245026000,RYNDAM,KETCHIKAN,58.2335,-135.4161667,294,293,12.6,0,8919269,PHFV
2008-07-20T12:20:48,245026000,RYNDAM,KETCHIKAN,58.23316667,-135.4151667,294,293,12.6,0,8919269,PHFV
2008-07-20T12:20:39,245026000,RYNDAM,KETCHIKAN,58.233,-135.4143333,294,293,12.6,0,8919269,PHFV
2008-07-20T12:20:09,245026000,RYNDAM,KETCHIKAN,58.23233333,-135.411,294,293,12.6,0,8919269,PHFV
2008-07-20T12:19:58,245026000,RYNDAM,KETCHIKAN,58.232,-135.41,294,294,12.6,0,8919269,PHFV
2008-07-20T12:19:48,245026000,RYNDAM,KETCHIKAN,58.23183333,-135.409,294,293,12.6,0,8919269,PHFV
2008-07-20T12:19:39,245026000,RYNDAM,KETCHIKAN,58.2315,-135.408,294,293,12.6,0,8919269,PHFV
2008-07-20T12:19:28,245026000,RYNDAM,KETCHIKAN,58.23133333,-135.407,294,293,12.6,0,8919269,PHFV
2008-07-20T12:19:19,245026000,RYNDAM,KETCHIKAN,58.23116667,-135.4061667,294,293,12.6,0,8919269,PHFV
2008-07-20T12:19:09,245026000,RYNDAM,KETCHIKAN,58.23083333,-135.405,294,293,12.6,0,8919269,PHFV
2008-07-20T12:19:01,245026000,RYNDAM,KETCHIKAN,58.23066667,-135.404,0,0,0.0,0,8919269,PHFV
2008-07-20T12:18:58,245026000,RYNDAM,KETCHIKAN,58.23066667,-135.404,294,293,12.6,0,8919269,PHFV
2008-07-20T12:18:48,245026000,RYNDAM,KETCHIKAN,58.2305,-135.403,294,293,12.5,0,8919269,PHFV
2008-07-20T12:18:39,245026000,RYNDAM,KETCHIKAN,58.23016667,-135.4021667,294,293,12.5,0,8919269,PHFV
2008-07-20T12:18:28,245026000,RYNDAM,KETCHIKAN,58.23,-135.401,294,293,12.5,0,8919269,PHFV
2008-07-20T12:18:19,245026000,RYNDAM,KETCHIKAN,58.22983333,-135.4001667,294,293,12.5,0,8919269,PHFV
2008-07-20T12:18:09,245026000,RYNDAM,KETCHIKAN,58.2295,-135.3988333,294,293,12.5,0,8919269,PHFV
2008-07-20T12:17:58,245026000,RYNDAM,KETCHIKAN,58.22933333,-135.3978333,294,293,12.5,0,8919269,PHFV
2008-07-20T12:17:48,245026000,RYNDAM,KETCHIKAN,58.229,-135.3968333,294,293,12.5,0,8919269,PHFV
2008-07-20T12:17:39,245026000,RYNDAM,KETCHIKAN,58.22883333,-135.3958333,294,293,12.5,0,8919269,PHFV
2008-07-20T12:17:28,245026000,RYNDAM,KETCHIKAN,58.22866667,-135.3948333,294,293,12.5,0,8919269,PHFV
2008-07-20T12:17:09,245026000,RYNDAM,KETCHIKAN,58.22816667,-135.3928333,294,293,12.5,0,8919269,PHFV
2008-07-20T12:16:58,245026000,RYNDAM,KETCHIKAN,58.228,-135.3918333,294,293,12.5,0,8919269,PHFV
2008-07-20T12:16:48,245026000,RYNDAM,KETCHIKAN,58.22766667,-135.3908333,294,293,12.4,0,8919269,PHFV
2008-07-20T12:16:39,245026000,RYNDAM,KETCHIKAN,58.2275,-135.3898333,294,293,12.5,0,8919269,PHFV
2008-07-20T12:16:28,245026000,RYNDAM,KETCHIKAN,58.22733333,-135.3888333,294,293,12.4,0,8919269,PHFV
2008-07-20T12:16:19,245026000,RYNDAM,KETCHIKAN,58.227,-135.388,294,293,12.4,0,8919269,PHFV
2008-07-20T12:15:58,245026000,RYNDAM,KETCHIKAN,58.2265,-135.3858333,294,293,12.5,0,8919269,PHFV
2008-07-20T12:15:48,245026000,RYNDAM,KETCHIKAN,58.22633333,-135.3848333,294,293,12.4,0,8919269,PHFV
2008-07-20T12:15:39,245026000,RYNDAM,KETCHIKAN,58.22616667,-135.384,294,293,12.4,0,8919269,PHFV
2008-07-20T12:15:28,245026000,RYNDAM,KETCHIKAN,58.22583333,-135.3828333,294,293,12.4,0,8919269,PHFV
2008-07-20T12:15:20,245026000,RYNDAM,KETCHIKAN,58.22566667,-135.382,295,294,12.4,0,8919269,PHFV
2008-07-20T12:15:08,245026000,RYNDAM,KETCHIKAN,58.2255,-135.3808333,295,294,12.4,0,8919269,PHFV
2008-07-20T12:14:59,245026000,RYNDAM,KETCHIKAN,58.22533333,-135.38,295,293,12.4,0,8919269,PHFV
2008-07-20T12:14:40,245026000,RYNDAM,KETCHIKAN,58.22483333,-135.378,294,293,12.5,0,8919269,PHFV
2008-07-20T12:14:28,245026000,RYNDAM,KETCHIKAN,58.2245,-135.3768333,294,293,12.5,0,8919269,PHFV
2008-07-20T12:14:00,245026000,RYNDAM,KETCHIKAN,58.224,-135.374,294,293,12.5,0,8919269,PHFV
2008-07-20T12:13:50,245026000,RYNDAM,KETCHIKAN,58.22366667,-135.373,294,293,12.5,0,8919269,PHFV
2008-07-20T12:13:39,245026000,RYNDAM,KETCHIKAN,58.2235,-135.372,294,293,12.5,0,8919269,PHFV
2008-07-20T12:13:29,245026000,RYNDAM,KETCHIKAN,58.22316667,-135.3708333,294,293,12.6,0,8919269,PHFV
2008-07-20T12:13:19,245026000,RYNDAM,KETCHIKAN,58.223,-135.37,294,293,12.6,0,8919269,PHFV
2008-07-20T12:13:08,245026000,RYNDAM,KETCHIKAN,58.22266667,-135.3688333,294,293,12.6,0,8919269,PHFV
2008-07-20T12:13:00,245026000,RYNDAM,KETCHIKAN,58.2225,-135.3678333,0,0,0.0,0,8919269,PHFV
2008-07-20T12:12:59,245026000,RYNDAM,KETCHIKAN,58.2225,-135.3678333,294,293,12.6,0,8919269,PHFV
2008-07-20T12:12:19,245026000,RYNDAM,KETCHIKAN,58.22166667,-135.364,294,293,12.7,0,8919269,PHFV
2008-07-20T12:12:09,245026000,RYNDAM,KETCHIKAN,58.2215,-135.3628333,294,293,12.7,0,8919269,PHFV
2008-07-20T12:12:00,245026000,RYNDAM,KETCHIKAN,58.22116667,-135.3618333,294,293,12.7,0,8919269,PHFV
2008-07-20T12:11:53,245026000,RYNDAM,KETCHIKAN,58.221,-135.3608333,295,293,12.7,0,8919269,PHFV
2008-07-20T12:11:29,245026000,RYNDAM,KETCHIKAN,58.2205,-135.3586667,294,293,12.8,0,8919269,PHFV
2008-07-20T12:11:18,245026000,RYNDAM,KETCHIKAN,58.22016667,-135.3576667,294,293,12.8,0,8919269,PHFV
2008-07-20T12:11:10,245026000,RYNDAM,KETCHIKAN,58.22,-135.3568333,294,293,12.8,0,8919269,PHFV
2008-07-20T12:11:00,245026000,RYNDAM,KETCHIKAN,58.21983333,-135.3556667,294,293,12.8,0,8919269,PHFV
2008-07-20T12:10:49,245026000,RYNDAM,KETCHIKAN,58.2195,-135.3546667,294,293,12.8,0,8919269,PHFV
2008-07-20T12:10:40,245026000,RYNDAM,KETCHIKAN,58.21933333,-135.3536667,293,293,12.8,0,8919269,PHFV
2008-07-20T12:10:29,245026000,RYNDAM,KETCHIKAN,58.219,-135.3525,293,293,12.8,0,8919269,PHFV
2008-07-20T12:10:18,245026000,RYNDAM,KETCHIKAN,58.21883333,-135.3516667,293,293,12.7,0,8919269,PHFV
2008-07-20T12:10:09,245026000,RYNDAM,KETCHIKAN,58.21866667,-135.3506667,293,293,12.7,0,8919269,PHFV
2008-07-20T12:10:00,245026000,RYNDAM,KETCHIKAN,58.2185,-135.3495,293,293,12.7,0,8919269,PHFV
2008-07-20T12:09:49,245026000,RYNDAM,KETCHIKAN,58.21816667,-135.3485,294,293,12.7,0,8919269,PHFV
2008-07-20T12:09:29,245026000,RYNDAM,KETCHIKAN,58.21766667,-135.3463333,294,294,12.7,0,8919269,PHFV
2008-07-20T12:09:19,245026000,RYNDAM,KETCHIKAN,58.2175,-135.3453333,294,294,12.6,0,8919269,PHFV
2008-07-20T12:09:09,245026000,RYNDAM,KETCHIKAN,58.21733333,-135.3445,294,294,12.6,0,8919269,PHFV
2008-07-20T12:09:00,245026000,RYNDAM,KETCHIKAN,58.217,-135.3435,294,294,12.6,0,8919269,PHFV
2008-07-20T12:08:49,245026000,RYNDAM,KETCHIKAN,58.21683333,-135.3425,294,294,12.6,0,8919269,PHFV
2008-07-20T12:08:19,245026000,RYNDAM,KETCHIKAN,58.216,-135.3391667,294,294,12.5,0,8919269,PHFV
2008-07-20T12:08:10,245026000,RYNDAM,KETCHIKAN,58.21583333,-135.3383333,294,294,12.5,0,8919269,PHFV
2008-07-20T12:08:00,245026000,RYNDAM,KETCHIKAN,58.21566667,-135.3373333,294,294,12.5,0,8919269,PHFV
2008-07-20T12:07:49,245026000,RYNDAM,KETCHIKAN,58.21533333,-135.3361667,294,294,12.5,0,8919269,PHFV
2008-07-20T12:07:39,245026000,RYNDAM,KETCHIKAN,58.21516667,-135.3351667,294,294,12.5,0,8919269,PHFV
2008-07-20T12:07:29,245026000,RYNDAM,KETCHIKAN,58.21483333,-135.3341667,293,293,12.5,0,8919269,PHFV
2008-07-20T12:07:19,245026000,RYNDAM,KETCHIKAN,58.21466667,-135.3331667,293,293,12.5,0,8919269,PHFV
2008-07-20T12:07:10,245026000,RYNDAM,KETCHIKAN,58.2145,-135.3323333,294,294,12.5,0,8919269,PHFV
2008-07-20T12:07:00,245026000,RYNDAM,KETCHIKAN,58.21416667,-135.3313333,294,294,12.4,0,8919269,PHFV
2008-07-20T12:06:50,245026000,RYNDAM,KETCHIKAN,58.214,-135.3303333,294,294,12.4,0,8919269,PHFV
2008-07-20T12:06:39,245026000,RYNDAM,KETCHIKAN,58.21366667,-135.3291667,294,294,12.4,0,8919269,PHFV
2008-07-20T12:06:29,245026000,RYNDAM,KETCHIKAN,58.2135,-135.3281667,294,294,12.4,0,8919269,PHFV
2008-07-20T12:06:19,245026000,RYNDAM,KETCHIKAN,58.21333333,-135.3271667,294,294,12.4,0,8919269,PHFV
2008-07-20T12:06:00,245026000,RYNDAM,KETCHIKAN,58.21283333,-135.3255,294,294,12.4,0,8919269,PHFV
2008-07-20T12:05:50,245026000,RYNDAM,KETCHIKAN,58.21266667,-135.3245,294,293,12.4,0,8919269,PHFV
2008-07-20T12:05:39,245026000,RYNDAM,KETCHIKAN,58.21233333,-135.3235,294,293,12.4,0,8919269,PHFV
2008-07-20T12:05:30,245026000,RYNDAM,KETCHIKAN,58.21216667,-135.3225,293,292,12.4,0,8919269,PHFV
2008-07-20T12:05:18,245026000,RYNDAM,KETCHIKAN,58.212,-135.3215,292,291,12.4,0,8919269,PHFV
2008-07-20T12:05:10,245026000,RYNDAM,KETCHIKAN,58.21166667,-135.3205,291,290,12.3,0,8919269,PHFV
2008-07-20T12:04:59,245026000,RYNDAM,KETCHIKAN,58.2115,-135.3193333,291,290,12.3,0,8919269,PHFV
2008-07-20T12:04:50,245026000,RYNDAM,KETCHIKAN,58.21133333,-135.3183333,290,290,12.3,0,8919269,PHFV
2008-07-20T12:04:39,245026000,RYNDAM,KETCHIKAN,58.21116667,-135.3171667,290,289,12.3,0,8919269,PHFV
2008-07-20T12:04:30,245026000,RYNDAM,KETCHIKAN,58.211,-135.3163333,290,289,12.3,0,8919269,PHFV
2008-07-20T12:04:18,245026000,RYNDAM,KETCHIKAN,58.21066667,-135.3151667,290,289,12.3,0,8919269,PHFV
2008-07-20T12:04:10,245026000,RYNDAM,KETCHIKAN,58.21066667,-135.3143333,290,290,12.3,0,8919269,PHFV
2008-07-20T12:03:50,245026000,RYNDAM,KETCHIKAN,58.21016667,-135.3123333,290,290,12.3,0,8919269,PHFV
2008-07-20T12:03:39,245026000,RYNDAM,KETCHIKAN,58.21,-135.3111667,290,290,12.3,0,8919269,PHFV
2008-07-20T12:03:30,245026000,RYNDAM,KETCHIKAN,58.20983333,-135.3103333,290,289,12.3,0,8919269,PHFV
2008-07-20T12:03:18,245026000,RYNDAM,KETCHIKAN,58.20966667,-135.309,290,289,12.2,0,8919269,PHFV
2008-07-20T12:03:10,245026000,RYNDAM,KETCHIKAN,58.2095,-135.3083333,290,290,12.2,0,8919269,PHFV
2008-07-20T12:02:59,245026000,RYNDAM,KETCHIKAN,58.20933333,-135.3073333,290,289,12.2,0,8919269,PHFV
2008-07-20T12:02:50,245026000,RYNDAM,KETCHIKAN,58.209,-135.3063333,290,289,12.2,0,8919269,PHFV
2008-07-20T12:02:39,245026000,RYNDAM,KETCHIKAN,58.20883333,-135.305,290,289,12.2,0,8919269,PHFV
2008-07-20T12:02:30,245026000,RYNDAM,KETCHIKAN,58.20866667,-135.3041667,290,289,12.2,0,8919269,PHFV
2008-07-20T12:02:18,245026000,RYNDAM,KETCHIKAN,58.2085,-135.303,290,289,12.2,0,8919269,PHFV
2008-07-20T12:02:10,245026000,RYNDAM,KETCHIKAN,58.20833333,-135.3021667,290,289,12.2,0,8919269,PHFV
2008-07-20T12:01:59,245026000,RYNDAM,KETCHIKAN,58.20816667,-135.3011667,290,289,12.2,0,8919269,PHFV
2008-07-20T12:01:50,245026000,RYNDAM,KETCHIKAN,58.208,-135.3001667,290,289,12.3,0,8919269,PHFV
2008-07-20T12:01:39,245026000,RYNDAM,KETCHIKAN,58.20766667,-135.299,290,289,12.3,0,8919269,PHFV
2008-07-20T12:01:30,245026000,RYNDAM,KETCHIKAN,58.20766667,-135.2981667,290,289,12.3,0,8919269,PHFV
2008-07-20T12:01:19,245026000,RYNDAM,KETCHIKAN,58.20733333,-135.297,290,289,12.3,0,8919269,PHFV
2008-07-20T12:01:10,245026000,RYNDAM,KETCHIKAN,58.20716667,-135.2961667,290,289,12.3,0,8919269,PHFV
2008-07-20T12:01:00,245026000,RYNDAM,KETCHIKAN,58.207,-135.2951667,0,0,0.0,0,8919269,PHFV
2008-07-20T12:00:59,245026000,RYNDAM,KETCHIKAN,58.207,-135.2951667,290,289,12.3,0,8919269,PHFV
2008-07-20T12:00:50,245026000,RYNDAM,KETCHIKAN,58.20683333,-135.2941667,290,289,12.3,0,8919269,PHFV
2008-07-20T12:00:39,245026000,RYNDAM,KETCHIKAN,58.20666667,-135.293,290,289,12.3,0,8919269,PHFV
2008-07-20T12:00:30,245026000,RYNDAM,KETCHIKAN,58.2065,-135.292,290,289,12.3,0,8919269,PHFV
2008-07-20T12:00:19,245026000,RYNDAM,KETCHIKAN,58.20633333,-135.291,290,289,12.3,0,8919269,PHFV
2008-07-20T12:00:10,245026000,RYNDAM,KETCHIKAN,58.20616667,-135.29,290,289,12.3,0,8919269,PHFV
2008-07-20T12:00:00,245026000,RYNDAM,KETCHIKAN,58.206,-135.289,290,289,12.3,0,8919269,PHFV
2008-07-20T11:59:50,245026000,RYNDAM,KETCHIKAN,58.20583333,-135.288,290,289,12.3,0,8919269,PHFV
2008-07-20T11:59:39,245026000,RYNDAM,KETCHIKAN,58.2055,-135.2868333,290,289,12.3,0,8919269,PHFV
2008-07-20T11:59:29,245026000,RYNDAM,KETCHIKAN,58.20533333,-135.286,290,289,12.3,0,8919269,PHFV
2008-07-20T11:59:19,245026000,RYNDAM,KETCHIKAN,58.20516667,-135.2848333,290,289,12.3,0,8919269,PHFV
2008-07-20T11:59:10,245026000,RYNDAM,KETCHIKAN,58.205,-135.2838333,290,289,12.3,0,8919269,PHFV
2008-07-20T11:59:00,245026000,RYNDAM,KETCHIKAN,58.20483333,-135.2828333,290,289,12.3,0,8919269,PHFV
2008-07-20T11:58:50,245026000,RYNDAM,KETCHIKAN,58.20466667,-135.282,290,289,12.3,0,8919269,PHFV
2008-07-20T11:58:39,245026000,RYNDAM,KETCHIKAN,58.2045,-135.2808333,290,289,12.3,0,8919269,PHFV
2008-07-20T11:58:29,245026000,RYNDAM,KETCHIKAN,58.20433333,-135.2796667,290,289,12.3,0,8919269,PHFV
2008-07-20T11:58:19,245026000,RYNDAM,KETCHIKAN,58.20416667,-135.2786667,290,289,12.3,0,8919269,PHFV
2008-07-20T11:58:10,245026000,RYNDAM,KETCHIKAN,58.204,-135.2778333,290,289,12.3,0,8919269,PHFV
2008-07-20T11:58:00,245026000,RYNDAM,KETCHIKAN,58.20383333,-135.2768333,290,289,12.3,0,8919269,PHFV
2008-07-20T11:57:50,245026000,RYNDAM,KETCHIKAN,58.2035,-135.2758333,290,289,12.3,0,8919269,PHFV
2008-07-20T11:57:39,245026000,RYNDAM,KETCHIKAN,58.20333333,-135.2746667,290,289,12.3,0,8919269,PHFV
2008-07-20T11:57:29,245026000,RYNDAM,KETCHIKAN,58.20316667,-135.2736667,290,289,12.2,0,8919269,PHFV
2008-07-20T11:57:19,245026000,RYNDAM,KETCHIKAN,58.203,-135.2726667,290,289,12.2,0,8919269,PHFV
2008-07-20T11:57:10,245026000,RYNDAM,KETCHIKAN,58.20283333,-135.2716667,290,289,12.2,0,8919269,PHFV
2008-07-20T11:57:00,245026000,RYNDAM,KETCHIKAN,58.20266667,-135.2706667,290,289,12.2,0,8919269,PHFV
2008-07-20T11:56:50,245026000,RYNDAM,KETCHIKAN,58.2025,-135.2696667,290,289,12.2,0,8919269,PHFV
2008-07-20T11:56:39,245026000,RYNDAM,KETCHIKAN,58.20216667,-135.2686667,290,289,12.1,0,8919269,PHFV
2008-07-20T11:56:29,245026000,RYNDAM,KETCHIKAN,58.202,-135.2675,290,289,12.1,0,8919269,PHFV
2008-07-20T11:56:20,245026000,RYNDAM,KETCHIKAN,58.20183333,-135.2665,290,289,12.1,0,8919269,PHFV
2008-07-20T11:56:10,245026000,RYNDAM,KETCHIKAN,58.20166667,-135.2655,290,289,12.1,0,8919269,PHFV
2008-07-20T11:56:00,245026000,RYNDAM,KETCHIKAN,58.2015,-135.2648333,290,289,12.1,0,8919269,PHFV
2008-07-20T11:55:50,245026000,RYNDAM,KETCHIKAN,58.20133333,-135.2638333,290,289,12.1,0,8919269,PHFV
2008-07-20T11:55:39,245026000,RYNDAM,KETCHIKAN,58.20116667,-135.2625,290,289,12.1,0,8919269,PHFV
2008-07-20T11:55:29,245026000,RYNDAM,KETCHIKAN,58.201,-135.2615,290,289,12.1,0,8919269,PHFV
2008-07-20T11:55:19,245026000,RYNDAM,KETCHIKAN,58.20083333,-135.2605,290,289,12.1,0,8919269,PHFV
2008-07-20T11:55:10,245026000,RYNDAM,KETCHIKAN,58.2005,-135.2595,290,289,12.0,0,8919269,PHFV
2008-07-20T11:55:00,245026000,RYNDAM,KETCHIKAN,58.20033333,-135.2586667,290,289,12.0,0,8919269,PHFV
2008-07-20T11:54:59,245026000,RYNDAM,KETCHIKAN,58.20016667,-135.2576667,0,0,0.0,0,8919269,PHFV
2008-07-20T11:54:49,245026000,RYNDAM,KETCHIKAN,58.20016667,-135.2576667,290,289,12.0,0,8919269,PHFV
2008-07-20T11:54:39,245026000,RYNDAM,KETCHIKAN,58.2,-135.2566667,290,289,12.0,0,8919269,PHFV
2008-07-20T11:54:30,245026000,RYNDAM,KETCHIKAN,58.19983333,-135.2556667,290,289,12.0,0,8919269,PHFV
2008-07-20T11:54:19,245026000,RYNDAM,KETCHIKAN,58.19966667,-135.2546667,290,289,12.0,0,8919269,PHFV
2008-07-20T11:54:10,245026000,RYNDAM,KETCHIKAN,58.1995,-135.2536667,290,289,12.0,0,8919269,PHFV
2008-07-20T11:54:00,245026000,RYNDAM,KETCHIKAN,58.19933333,-135.2526667,290,289,12.0,0,8919269,PHFV
2008-07-20T11:53:39,245026000,RYNDAM,KETCHIKAN,58.199,-135.2506667,290,289,12.0,0,8919269,PHFV
2008-07-20T11:53:30,245026000,RYNDAM,KETCHIKAN,58.19883333,-135.2498333,290,289,12.0,0,8919269,PHFV
2008-07-20T11:53:19,245026000,RYNDAM,KETCHIKAN,58.1985,-135.2486667,290,289,12.0,0,8919269,PHFV
2008-07-20T11:53:10,245026000,RYNDAM,KETCHIKAN,58.1985,-135.2478333,290,289,12.0,0,8919269,PHFV
2008-07-20T11:53:00,245026000,RYNDAM,KETCHIKAN,58.19816667,-135.2466667,290,289,12.0,0,8919269,PHFV
2008-07-20T11:52:49,245026000,RYNDAM,KETCHIKAN,58.198,-135.2456667,290,289,12.0,0,8919269,PHFV
2008-07-20T11:52:39,245026000,RYNDAM,KETCHIKAN,58.19783333,-135.2446667,290,289,12.0,0,8919269,PHFV
2008-07-20T11:52:30,245026000,RYNDAM,KETCHIKAN,58.19766667,-135.2436667,290,289,12.0,0,8919269,PHFV
2008-07-20T11:52:19,245026000,RYNDAM,KETCHIKAN,58.1975,-135.2428333,290,289,12.0,0,8919269,PHFV
2008-07-20T11:52:10,245026000,RYNDAM,KETCHIKAN,58.19733333,-135.2418333,290,289,12.0,0,8919269,PHFV
2008-07-20T11:51:58,245026000,RYNDAM,KETCHIKAN,58.19716667,-135.2408333,290,289,12.0,0,8919269,PHFV
2008-07-20T11:51:49,245026000,RYNDAM,KETCHIKAN,58.197,-135.2398333,290,289,12.0,0,8919269,PHFV
2008-07-20T11:51:38,245026000,RYNDAM,KETCHIKAN,58.19683333,-135.2388333,290,289,12.0,0,8919269,PHFV
2008-07-20T11:51:30,245026000,RYNDAM,KETCHIKAN,58.1965,-135.2378333,290,289,12.1,0,8919269,PHFV
2008-07-20T11:51:19,245026000,RYNDAM,KETCHIKAN,58.19633333,-135.2368333,290,289,12.1,0,8919269,PHFV
2008-07-20T11:51:10,245026000,RYNDAM,KETCHIKAN,58.19616667,-135.2358333,290,289,12.1,0,8919269,PHFV
2008-07-20T11:50:58,245026000,RYNDAM,KETCHIKAN,58.196,-135.2348333,290,289,12.1,0,8919269,PHFV
2008-07-20T11:50:49,245026000,RYNDAM,KETCHIKAN,58.19583333,-135.2338333,290,289,12.1,0,8919269,PHFV
2008-07-20T11:50:38,245026000,RYNDAM,KETCHIKAN,58.19566667,-135.2328333,290,289,12.1,0,8919269,PHFV
2008-07-20T11:50:19,245026000,RYNDAM,KETCHIKAN,58.19533333,-135.2308333,290,289,12.2,0,8919269,PHFV
2008-07-20T11:50:09,245026000,RYNDAM,KETCHIKAN,58.19516667,-135.2298333,290,288,12.2,0,8919269,PHFV
2008-07-20T11:49:58,245026000,RYNDAM,KETCHIKAN,58.195,-135.2288333,290,288,12.2,0,8919269,PHFV
2008-07-20T11:49:38,245026000,RYNDAM,KETCHIKAN,58.1945,-135.2265,290,288,12.2,0,8919269,PHFV
2008-07-20T11:49:29,245026000,RYNDAM,KETCHIKAN,58.19433333,-135.2256667,290,288,12.2,0,8919269,PHFV
2008-07-20T11:49:19,245026000,RYNDAM,KETCHIKAN,58.19416667,-135.2246667,290,288,12.2,0,8919269,PHFV
2008-07-20T11:49:09,245026000,RYNDAM,KETCHIKAN,58.194,-135.2236667,290,288,12.2,0,8919269,PHFV
2008-07-20T11:49:00,245026000,RYNDAM,KETCHIKAN,58.19383333,-135.2226667,0,0,0.0,0,8919269,PHFV
2008-07-20T11:48:58,245026000,RYNDAM,KETCHIKAN,58.19383333,-135.2226667,290,288,12.2,0,8919269,PHFV
2008-07-20T11:48:48,245026000,RYNDAM,KETCHIKAN,58.19366667,-135.2216667,290,288,12.2,0,8919269,PHFV
2008-07-20T11:48:38,245026000,RYNDAM,KETCHIKAN,58.1935,-135.2206667,290,288,12.2,0,8919269,PHFV
2008-07-20T11:48:29,245026000,RYNDAM,KETCHIKAN,58.19333333,-135.2196667,290,288,12.2,0,8919269,PHFV
2008-07-20T11:48:19,245026000,RYNDAM,KETCHIKAN,58.19316667,-135.2186667,290,288,12.2,0,8919269,PHFV
2008-07-20T11:48:09,245026000,RYNDAM,KETCHIKAN,58.193,-135.2176667,290,288,12.2,0,8919269,PHFV
2008-07-20T11:47:48,245026000,RYNDAM,KETCHIKAN,58.19266667,-135.2153333,290,288,12.3,0,8919269,PHFV
2008-07-20T11:47:39,245026000,RYNDAM,KETCHIKAN,58.1925,-135.2145,290,288,12.3,0,8919269,PHFV
2008-07-20T11:47:29,245026000,RYNDAM,KETCHIKAN,58.19233333,-135.2135,290,288,12.3,0,8919269,PHFV
2008-07-20T11:47:19,245026000,RYNDAM,KETCHIKAN,58.19216667,-135.2125,290,288,12.3,0,8919269,PHFV
2008-07-20T11:47:09,245026000,RYNDAM,KETCHIKAN,58.192,-135.2115,290,288,12.3,0,8919269,PHFV
2008-07-20T11:46:58,245026000,RYNDAM,KETCHIKAN,58.19183333,-135.2105,290,288,12.3,0,8919269,PHFV
2008-07-20T11:46:48,245026000,RYNDAM,KETCHIKAN,58.19166667,-135.2095,290,288,12.3,0,8919269,PHFV
2008-07-20T11:46:39,245026000,RYNDAM,KETCHIKAN,58.1915,-135.2083333,290,287,12.3,0,8919269,PHFV
2008-07-20T11:46:29,245026000,RYNDAM,KETCHIKAN,58.19133333,-135.2073333,290,288,12.3,0,8919269,PHFV
2008-07-20T11:46:19,245026000,RYNDAM,KETCHIKAN,58.19116667,-135.2063333,290,288,12.3,0,8919269,PHFV
2008-07-20T11:46:09,245026000,RYNDAM,KETCHIKAN,58.191,-135.2053333,291,288,12.3,0,8919269,PHFV
2008-07-20T11:45:59,245026000,RYNDAM,KETCHIKAN,58.19083333,-135.2043333,290,288,12.3,0,8919269,PHFV
2008-07-20T11:45:39,245026000,RYNDAM,KETCHIKAN,58.1905,-135.2021667,290,288,12.4,0,8919269,PHFV
2008-07-20T11:45:30,245026000,RYNDAM,KETCHIKAN,58.19033333,-135.2011667,290,288,12.4,0,8919269,PHFV
2008-07-20T11:45:19,245026000,RYNDAM,KETCHIKAN,58.19016667,-135.2001667,290,288,12.4,0,8919269,PHFV
2008-07-20T11:45:09,245026000,RYNDAM,KETCHIKAN,58.18983333,-135.1991667,290,288,12.4,0,8919269,PHFV
2008-07-20T11:44:58,245026000,RYNDAM,KETCHIKAN,58.18966667,-135.1981667,290,288,12.4,0,8919269,PHFV
2008-07-20T11:44:48,245026000,RYNDAM,KETCHIKAN,58.1895,-135.1968333,290,289,12.5,0,8919269,PHFV
2008-07-20T11:44:39,245026000,RYNDAM,KETCHIKAN,58.18933333,-135.196,290,289,12.5,0,8919269,PHFV
2008-07-20T11:44:29,245026000,RYNDAM,KETCHIKAN,58.18916667,-135.195,290,289,12.5,0,8919269,PHFV
2008-07-20T11:44:19,245026000,RYNDAM,KETCHIKAN,58.189,-135.194,290,289,12.6,0,8919269,PHFV
2008-07-20T11:44:09,245026000,RYNDAM,KETCHIKAN,58.18883333,-135.193,290,288,12.6,0,8919269,PHFV
2008-07-20T11:43:58,245026000,RYNDAM,KETCHIKAN,58.18866667,-135.1918333,290,288,12.7,0,8919269,PHFV
2008-07-20T11:43:49,245026000,RYNDAM,KETCHIKAN,58.1885,-135.1908333,290,288,12.7,0,8919269,PHFV
2008-07-20T11:43:39,245026000,RYNDAM,KETCHIKAN,58.18833333,-135.1898333,290,289,12.8,0,8919269,PHFV
2008-07-20T11:43:29,245026000,RYNDAM,KETCHIKAN,58.188,-135.1886667,290,289,12.8,0,8919269,PHFV
2008-07-20T11:43:19,245026000,RYNDAM,KETCHIKAN,58.18783333,-135.1876667,290,289,12.8,0,8919269,PHFV
2008-07-20T11:43:01,245026000,RYNDAM,KETCHIKAN,58.1875,-135.1855,0,0,0.0,0,8919269,PHFV
2008-07-20T11:42:58,245026000,RYNDAM,KETCHIKAN,58.1875,-135.1855,290,289,12.9,0,8919269,PHFV
2008-07-20T11:42:49,245026000,RYNDAM,KETCHIKAN,58.18733333,-135.1845,290,289,12.9,0,8919269,PHFV
2008-07-20T11:42:39,245026000,RYNDAM,KETCHIKAN,58.18716667,-135.1835,290,289,12.9,0,8919269,PHFV
2008-07-20T11:42:29,245026000,RYNDAM,KETCHIKAN,58.187,-135.1823333,290,289,12.9,0,8919269,PHFV
2008-07-20T11:42:19,245026000,RYNDAM,KETCHIKAN,58.18666667,-135.1813333,290,289,13.0,0,8919269,PHFV
2008-07-20T11:42:09,245026000,RYNDAM,KETCHIKAN,58.1865,-135.1801667,290,289,13.0,0,8919269,PHFV
2008-07-20T11:41:58,245026000,RYNDAM,KETCHIKAN,58.18633333,-135.1791667,290,289,13.0,0,8919269,PHFV
2008-07-20T11:41:49,245026000,RYNDAM,KETCHIKAN,58.18616667,-135.178,290,289,13.1,0,8919269,PHFV
2008-07-20T11:41:39,245026000,RYNDAM,KETCHIKAN,58.186,-135.177,290,289,13.1,0,8919269,PHFV
2008-07-20T11:41:29,245026000,RYNDAM,KETCHIKAN,58.18583333,-135.1758333,290,289,13.2,0,8919269,PHFV
2008-07-20T11:41:19,245026000,RYNDAM,KETCHIKAN,58.1855,-135.1748333,290,289,13.2,0,8919269,PHFV
2008-07-20T11:41:10,245026000,RYNDAM,KETCHIKAN,58.18533333,-135.1736667,290,289,13.2,0,8919269,PHFV
2008-07-20T11:40:58,245026000,RYNDAM,KETCHIKAN,58.18516667,-135.1726667,290,289,13.3,0,8919269,PHFV
2008-07-20T11:40:49,245026000,RYNDAM,KETCHIKAN,58.185,-135.1715,290,289,13.3,0,8919269,PHFV
2008-07-20T11:40:38,245026000,RYNDAM,KETCHIKAN,58.18466667,-135.1705,290,289,13.4,0,8919269,PHFV
2008-07-20T11:40:29,245026000,RYNDAM,KETCHIKAN,58.1845,-135.1693333,290,289,13.4,0,8919269,PHFV
2008-07-20T11:40:19,245026000,RYNDAM,KETCHIKAN,58.18433333,-135.1681667,290,289,13.4,0,8919269,PHFV
2008-07-20T11:40:10,245026000,RYNDAM,KETCHIKAN,58.18416667,-135.1673333,290,289,13.4,0,8919269,PHFV
2008-07-20T11:39:58,245026000,RYNDAM,KETCHIKAN,58.18383333,-135.1658333,290,289,13.4,0,8919269,PHFV
2008-07-20T11:39:49,245026000,RYNDAM,KETCHIKAN,58.18366667,-135.1648333,290,289,13.4,0,8919269,PHFV
2008-07-20T11:39:38,245026000,RYNDAM,KETCHIKAN,58.1835,-135.1636667,290,289,13.5,0,8919269,PHFV
2008-07-20T11:39:29,245026000,RYNDAM,KETCHIKAN,58.18333333,-135.1626667,290,289,13.5,0,8919269,PHFV
2008-07-20T11:39:19,245026000,RYNDAM,KETCHIKAN,58.18316667,-135.1615,290,289,13.5,0,8919269,PHFV
2008-07-20T11:38:59,245026000,RYNDAM,KETCHIKAN,58.18266667,-135.1593333,290,289,13.6,0,8919269,PHFV
2008-07-20T11:38:49,245026000,RYNDAM,KETCHIKAN,58.1825,-135.1581667,290,290,13.7,0,8919269,PHFV
2008-07-20T11:38:38,245026000,RYNDAM,KETCHIKAN,58.18233333,-135.1571667,290,290,13.8,0,8919269,PHFV
2008-07-20T11:38:29,245026000,RYNDAM,KETCHIKAN,58.182,-135.156,290,290,13.8,0,8919269,PHFV
2008-07-20T11:38:19,245026000,RYNDAM,KETCHIKAN,58.18183333,-135.1548333,290,290,13.9,0,8919269,PHFV
2008-07-20T11:38:10,245026000,RYNDAM,KETCHIKAN,58.18166667,-135.154,290,290,13.9,0,8919269,PHFV
2008-07-20T11:37:59,245026000,RYNDAM,KETCHIKAN,58.18133333,-135.1525,290,290,13.9,0,8919269,PHFV
2008-07-20T11:37:49,245026000,RYNDAM,KETCHIKAN,58.18116667,-135.1513333,290,290,13.9,0,8919269,PHFV
2008-07-20T11:37:38,245026000,RYNDAM,KETCHIKAN,58.181,-135.1503333,290,290,13.9,0,8919269,PHFV
2008-07-20T11:37:29,245026000,RYNDAM,KETCHIKAN,58.18083333,-135.1491667,290,290,13.9,0,8919269,PHFV
2008-07-20T11:37:20,245026000,RYNDAM,KETCHIKAN,58.1805,-135.148,290,290,13.9,0,8919269,PHFV
2008-07-20T11:37:10,245026000,RYNDAM,KETCHIKAN,58.18033333,-135.1468333,290,290,13.9,0,8919269,PHFV
2008-07-20T11:37:02,245026000,RYNDAM,KETCHIKAN,58.18016667,-135.1456667,0,0,0.0,0,8919269,PHFV
2008-07-20T11:36:59,245026000,RYNDAM,KETCHIKAN,58.18016667,-135.1456667,290,290,13.9,0,8919269,PHFV
2008-07-20T11:36:49,245026000,RYNDAM,KETCHIKAN,58.17983333,-135.1445,290,290,13.9,0,8919269,PHFV
2008-07-20T11:36:38,245026000,RYNDAM,KETCHIKAN,58.17966667,-135.1431667,290,290,13.9,0,8919269,PHFV
2008-07-20T11:36:19,245026000,RYNDAM,KETCHIKAN,58.17916667,-135.1411667,290,290,13.9,0,8919269,PHFV
2008-07-20T11:36:10,245026000,RYNDAM,KETCHIKAN,58.179,-135.14,290,290,13.9,0,8919269,PHFV
2008-07-20T11:35:59,245026000,RYNDAM,KETCHIKAN,58.17883333,-135.1388333,290,290,13.9,0,8919269,PHFV
2008-07-20T11:35:53,245026000,RYNDAM,KETCHIKAN,58.17866667,-135.1381667,290,290,13.9,0,8919269,PHFV
2008-07-20T11:35:49,245026000,RYNDAM,KETCHIKAN,58.1785,-135.1376667,290,290,13.9,0,8919269,PHFV
2008-07-20T11:35:48,245026000,RYNDAM,KETCHIKAN,58.1785,-135.1375,290,290,13.9,0,8919269,PHFV
2008-07-20T11:35:42,245026000,RYNDAM,KETCHIKAN,58.1785,-135.137,290,290,13.9,0,8919269,PHFV
2008-07-20T11:35:38,245026000,RYNDAM,KETCHIKAN,58.17833333,-135.1365,290,290,13.9,0,8919269,PHFV
2008-07-20T11:35:36,245026000,RYNDAM,KETCHIKAN,58.17833333,-135.1363333,290,290,13.9,0,8919269,PHFV
2008-07-20T11:35:29,245026000,RYNDAM,KETCHIKAN,58.17816667,-135.1355,290,290,13.9,0,8919269,PHFV
2008-07-20T11:35:23,245026000,RYNDAM,KETCHIKAN,58.178,-135.1346667,290,290,13.9,0,8919269,PHFV
2008-07-20T11:35:19,245026000,RYNDAM,KETCHIKAN,58.17783333,-135.1343333,290,290,13.9,0,8919269,PHFV
2008-07-20T11:35:17,245026000,RYNDAM,KETCHIKAN,58.17783333,-135.134,290,290,13.9,0,8919269,PHFV
2008-07-20T11:35:12,245026000,RYNDAM,KETCHIKAN,58.17766667,-135.1336667,290,290,13.9,0,8919269,PHFV
2008-07-20T11:35:10,245026000,RYNDAM,KETCHIKAN,58.17766667,-135.1333333,290,290,13.9,0,8919269,PHFV
2008-07-20T11:35:06,245026000,RYNDAM,KETCHIKAN,58.17766667,-135.133,290,290,13.9,0,8919269,PHFV
2008-07-20T11:34:59,245026000,RYNDAM,KETCHIKAN,58.1775,-135.132,290,290,13.9,0,8919269,PHFV
2008-07-20T11:34:53,245026000,RYNDAM,KETCHIKAN,58.17733333,-135.1313333,290,290,13.9,0,8919269,PHFV
2008-07-20T11:34:48,245026000,RYNDAM,KETCHIKAN,58.17716667,-135.1306667,290,290,13.9,0,8919269,PHFV
2008-07-20T11:34:42,245026000,RYNDAM,KETCHIKAN,58.177,-135.13,290,290,13.9,0,8919269,PHFV
2008-07-20T11:34:36,245026000,RYNDAM,KETCHIKAN,58.17683333,-135.1293333,290,290,13.9,0,8919269,PHFV
2008-07-20T11:34:29,245026000,RYNDAM,KETCHIKAN,58.17683333,-135.1286667,290,290,13.9,0,8919269,PHFV
2008-07-20T11:34:23,245026000,RYNDAM,KETCHIKAN,58.17666667,-135.1278333,290,290,13.9,0,8919269,PHFV
2008-07-20T11:34:17,245026000,RYNDAM,KETCHIKAN,58.1765,-135.1271667,290,290,13.9,0,8919269,PHFV
2008-07-20T11:34:12,245026000,RYNDAM,KETCHIKAN,58.17633333,-135.1265,290,290,13.9,0,8919269,PHFV
2008-07-20T11:34:06,245026000,RYNDAM,KETCHIKAN,58.17616667,-135.1258333,290,290,13.9,0,8919269,PHFV
2008-07-20T11:33:59,245026000,RYNDAM,KETCHIKAN,58.17616667,-135.1251667,290,290,13.9,0,8919269,PHFV
2008-07-20T11:33:53,245026000,RYNDAM,KETCHIKAN,58.176,-135.1245,290,290,13.9,0,8919269,PHFV
2008-07-20T11:33:48,245026000,RYNDAM,KETCHIKAN,58.17583333,-135.1238333,290,291,13.9,0,8919269,PHFV
2008-07-20T11:33:42,245026000,RYNDAM,KETCHIKAN,58.17566667,-135.1231667,290,291,13.9,0,8919269,PHFV
2008-07-20T11:33:36,245026000,RYNDAM,KETCHIKAN,58.1755,-135.1225,290,291,13.9,0,8919269,PHFV
2008-07-20T11:33:29,245026000,RYNDAM,KETCHIKAN,58.17533333,-135.1218333,290,291,13.9,0,8919269,PHFV
2008-07-20T11:33:23,245026000,RYNDAM,KETCHIKAN,58.17533333,-135.121,290,291,13.9,0,8919269,PHFV
2008-07-20T11:33:17,245026000,RYNDAM,KETCHIKAN,58.17516667,-135.1203333,290,291,13.9,0,8919269,PHFV
2008-07-20T11:33:12,245026000,RYNDAM,KETCHIKAN,58.175,-135.1196667,290,291,13.9,0,8919269,PHFV
2008-07-20T11:33:06,245026000,RYNDAM,KETCHIKAN,58.17483333,-135.1193333,290,291,13.9,0,8919269,PHFV
2008-07-20T11:32:59,245026000,RYNDAM,KETCHIKAN,58.17466667,-135.1183333,290,291,13.9,0,8919269,PHFV
2008-07-20T11:32:54,245026000,RYNDAM,KETCHIKAN,58.17466667,-135.1178333,290,291,13.9,0,8919269,PHFV
2008-07-20T11:32:48,245026000,RYNDAM,KETCHIKAN,58.1745,-135.1171667,290,291,13.9,0,8919269,PHFV
2008-07-20T11:32:42,245026000,RYNDAM,KETCHIKAN,58.17433333,-135.1165,290,291,13.9,0,8919269,PHFV
2008-07-20T11:32:36,245026000,RYNDAM,KETCHIKAN,58.17416667,-135.1156667,290,291,13.9,0,8919269,PHFV
2008-07-20T11:32:29,245026000,RYNDAM,KETCHIKAN,58.174,-135.115,290,291,13.9,0,8919269,PHFV
2008-07-20T11:32:23,245026000,RYNDAM,KETCHIKAN,58.17383333,-135.1143333,290,291,13.9,0,8919269,PHFV
2008-07-20T11:32:17,245026000,RYNDAM,KETCHIKAN,58.17383333,-135.1135,290,291,13.9,0,8919269,PHFV
2008-07-20T11:32:11,245026000,RYNDAM,KETCHIKAN,58.17366667,-135.1128333,290,291,13.9,0,8919269,PHFV
2008-07-20T11:32:06,245026000,RYNDAM,KETCHIKAN,58.1735,-135.1121667,290,291,13.9,0,8919269,PHFV
2008-07-20T11:31:59,245026000,RYNDAM,KETCHIKAN,58.17333333,-135.1115,290,291,13.9,0,8919269,PHFV
2008-07-20T11:31:54,245026000,RYNDAM,KETCHIKAN,58.17316667,-135.1108333,290,291,14.0,0,8919269,PHFV
2008-07-20T11:31:47,245026000,RYNDAM,KETCHIKAN,58.173,-135.1101667,290,291,14.0,0,8919269,PHFV
2008-07-20T11:31:42,245026000,RYNDAM,KETCHIKAN,58.173,-135.1095,290,291,14.0,0,8919269,PHFV
2008-07-20T11:31:36,245026000,RYNDAM,KETCHIKAN,58.17283333,-135.1088333,290,291,14.0,0,8919269,PHFV
2008-07-20T11:31:29,245026000,RYNDAM,KETCHIKAN,58.17266667,-135.1081667,290,291,14.0,0,8919269,PHFV
2008-07-20T11:31:23,245026000,RYNDAM,KETCHIKAN,58.1725,-135.1075,290,291,14.0,0,8919269,PHFV
2008-07-20T11:31:18,245026000,RYNDAM,KETCHIKAN,58.17233333,-135.1066667,290,291,14.0,0,8919269,PHFV
2008-07-20T11:31:11,245026000,RYNDAM,KETCHIKAN,58.17233333,-135.106,290,291,14.0,0,8919269,PHFV
2008-07-20T11:30:59,245026000,RYNDAM,KETCHIKAN,58.172,-135.1046667,290,291,14.0,0,8919269,PHFV
2008-07-20T11:30:47,245026000,RYNDAM,KETCHIKAN,58.17166667,-135.1033333,290,291,14.1,0,8919269,PHFV
2008-07-20T11:30:41,245026000,RYNDAM,KETCHIKAN,58.1715,-135.1026667,290,291,14.1,0,8919269,PHFV
2008-07-20T11:30:36,245026000,RYNDAM,KETCHIKAN,58.1715,-135.1018333,290,291,14.1,0,8919269,PHFV
2008-07-20T11:30:29,245026000,RYNDAM,KETCHIKAN,58.17133333,-135.1011667,290,291,14.1,0,8919269,PHFV
2008-07-20T11:30:23,245026000,RYNDAM,KETCHIKAN,58.17116667,-135.1005,290,291,14.1,0,8919269,PHFV
2008-07-20T11:30:18,245026000,RYNDAM,KETCHIKAN,58.171,-135.1,290,291,14.1,0,8919269,PHFV
2008-07-20T11:30:11,245026000,RYNDAM,KETCHIKAN,58.17083333,-135.0991667,290,291,14.1,0,8919269,PHFV
2008-07-20T11:30:05,245026000,RYNDAM,KETCHIKAN,58.17066667,-135.0985,290,291,14.1,0,8919269,PHFV
2008-07-20T11:29:59,245026000,RYNDAM,KETCHIKAN,58.17066667,-135.0978333,290,291,14.1,0,8919269,PHFV
2008-07-20T11:29:54,245026000,RYNDAM,KETCHIKAN,58.1705,-135.0973333,290,291,14.1,0,8919269,PHFV
2008-07-20T11:29:47,245026000,RYNDAM,KETCHIKAN,58.17033333,-135.0963333,290,291,14.1,0,8919269,PHFV
2008-07-20T11:29:41,245026000,RYNDAM,KETCHIKAN,58.17016667,-135.0956667,290,291,14.1,0,8919269,PHFV
2008-07-20T11:29:36,245026000,RYNDAM,KETCHIKAN,58.17,-135.095,290,291,14.1,0,8919269,PHFV
2008-07-20T11:29:29,245026000,RYNDAM,KETCHIKAN,58.16983333,-135.0943333,290,291,14.1,0,8919269,PHFV
2008-07-20T11:29:23,245026000,RYNDAM,KETCHIKAN,58.16983333,-135.0936667,290,291,14.1,0,8919269,PHFV
2008-07-20T11:29:18,245026000,RYNDAM,KETCHIKAN,58.16966667,-135.093,290,291,14.2,0,8919269,PHFV
2008-07-20T11:29:11,245026000,RYNDAM,KETCHIKAN,58.1695,-135.0921667,290,291,14.2,0,8919269,PHFV
2008-07-20T11:29:05,245026000,RYNDAM,KETCHIKAN,58.16933333,-135.0915,290,291,14.2,0,8919269,PHFV
2008-07-20T11:28:47,245026000,RYNDAM,KETCHIKAN,58.169,-135.0895,290,291,14.2,0,8919269,PHFV
2008-07-20T11:28:41,245026000,RYNDAM,KETCHIKAN,58.16883333,-135.0888333,290,291,14.2,0,8919269,PHFV
2008-07-20T11:28:36,245026000,RYNDAM,KETCHIKAN,58.16866667,-135.088,290,291,14.2,0,8919269,PHFV
2008-07-20T11:28:29,245026000,RYNDAM,KETCHIKAN,58.1685,-135.0873333,290,291,14.2,0,8919269,PHFV
2008-07-20T11:28:23,245026000,RYNDAM,KETCHIKAN,58.16833333,-135.0866667,290,291,14.2,0,8919269,PHFV
2008-07-20T11:28:18,245026000,RYNDAM,KETCHIKAN,58.16833333,-135.0861667,290,291,14.2,0,8919269,PHFV
2008-07-20T11:28:11,245026000,RYNDAM,KETCHIKAN,58.16816667,-135.0853333,290,291,14.2,0,8919269,PHFV
2008-07-20T11:28:06,245026000,RYNDAM,KETCHIKAN,58.168,-135.0846667,290,291,14.2,0,8919269,PHFV
2008-07-20T11:28:00,245026000,RYNDAM,KETCHIKAN,58.16783333,-135.084,290,291,14.2,0,8919269,PHFV
2008-07-20T11:27:53,245026000,RYNDAM,KETCHIKAN,58.16766667,-135.0831667,290,291,14.2,0,8919269,PHFV
2008-07-20T11:27:48,245026000,RYNDAM,KETCHIKAN,58.1675,-135.0828333,290,291,14.2,0,8919269,PHFV
2008-07-20T11:27:41,245026000,RYNDAM,KETCHIKAN,58.16733333,-135.0818333,290,291,14.2,0,8919269,PHFV
2008-07-20T11:27:35,245026000,RYNDAM,KETCHIKAN,58.16716667,-135.0811667,290,291,14.2,0,8919269,PHFV
2008-07-20T11:27:29,245026000,RYNDAM,KETCHIKAN,58.16716667,-135.0805,290,291,14.2,0,8919269,PHFV
2008-07-20T11:27:23,245026000,RYNDAM,KETCHIKAN,58.167,-135.0798333,290,291,14.2,0,8919269,PHFV
2008-07-20T11:27:17,245026000,RYNDAM,KETCHIKAN,58.16683333,-135.079,290,290,14.2,0,8919269,PHFV
2008-07-20T11:27:11,245026000,RYNDAM,KETCHIKAN,58.16666667,-135.0783333,290,290,14.2,0,8919269,PHFV
2008-07-20T11:26:59,245026000,RYNDAM,KETCHIKAN,58.16633333,-135.077,290,290,14.1,0,8919269,PHFV
2008-07-20T11:26:53,245026000,RYNDAM,KETCHIKAN,58.16633333,-135.0763333,290,290,14.1,0,8919269,PHFV
2008-07-20T11:26:48,245026000,RYNDAM,KETCHIKAN,58.16616667,-135.0755,290,290,14.1,0,8919269,PHFV
2008-07-20T11:26:35,245026000,RYNDAM,KETCHIKAN,58.16583333,-135.0741667,290,290,14.1,0,8919269,PHFV
2008-07-20T11:26:29,245026000,RYNDAM,KETCHIKAN,58.16566667,-135.0735,290,290,14.1,0,8919269,PHFV
2008-07-20T11:26:23,245026000,RYNDAM,KETCHIKAN,58.16566667,-135.0728333,290,289,14.1,0,8919269,PHFV
2008-07-20T11:26:11,245026000,RYNDAM,KETCHIKAN,58.16533333,-135.0713333,290,289,14.0,0,8919269,PHFV
2008-07-20T11:26:05,245026000,RYNDAM,KETCHIKAN,58.16516667,-135.0706667,290,288,14.0,0,8919269,PHFV
2008-07-20T11:25:59,245026000,RYNDAM,KETCHIKAN,58.16516667,-135.07,290,288,14.0,0,8919269,PHFV
2008-07-20T11:25:53,245026000,RYNDAM,KETCHIKAN,58.165,-135.0693333,290,288,14.0,0,8919269,PHFV
2008-07-20T11:25:48,245026000,RYNDAM,KETCHIKAN,58.16483333,-135.0688333,289,287,14.0,0,8919269,PHFV
2008-07-20T11:25:41,245026000,RYNDAM,KETCHIKAN,58.16466667,-135.068,289,286,14.0,0,8919269,PHFV
2008-07-20T11:25:35,245026000,RYNDAM,KETCHIKAN,58.16466667,-135.0671667,288,285,14.0,0,8919269,PHFV
2008-07-20T11:25:29,245026000,RYNDAM,KETCHIKAN,58.1645,-135.0665,287,284,14.0,0,8919269,PHFV
2008-07-20T11:25:23,245026000,RYNDAM,KETCHIKAN,58.1645,-135.0658333,287,284,14.0,0,8919269,PHFV
2008-07-20T11:25:17,245026000,RYNDAM,KETCHIKAN,58.16433333,-135.065,286,283,14.0,0,8919269,PHFV
2008-07-20T11:25:11,245026000,RYNDAM,KETCHIKAN,58.16416667,-135.0643333,285,282,14.0,0,8919269,PHFV
2008-07-20T11:25:05,245026000,RYNDAM,KETCHIKAN,58.16416667,-135.0636667,284,281,14.1,0,8919269,PHFV
2008-07-20T11:25:02,245026000,RYNDAM,KETCHIKAN,58.164,-135.063,0,0,0.0,0,8919269,PHFV
2008-07-20T11:24:59,245026000,RYNDAM,KETCHIKAN,58.164,-135.063,283,279,14.1,0,8919269,PHFV
2008-07-20T11:24:53,245026000,RYNDAM,KETCHIKAN,58.164,-135.0621667,282,278,14.1,0,8919269,PHFV
2008-07-20T11:24:48,245026000,RYNDAM,KETCHIKAN,58.164,-135.0615,281,277,14.1,0,8919269,PHFV
2008-07-20T11:24:41,245026000,RYNDAM,KETCHIKAN,58.16383333,-135.0606667,279,276,14.1,0,8919269,PHFV
2008-07-20T11:24:35,245026000,RYNDAM,KETCHIKAN,58.16383333,-135.06,278,274,14.1,0,8919269,PHFV
2008-07-20T11:24:29,245026000,RYNDAM,KETCHIKAN,58.16383333,-135.0593333,277,273,14.1,0,8919269,PHFV
2008-07-20T11:24:23,245026000,RYNDAM,KETCHIKAN,58.16383333,-135.0585,276,272,14.1,0,8919269,PHFV
2008-07-20T11:24:11,245026000,RYNDAM,KETCHIKAN,58.16366667,-135.057,273,269,14.2,0,8919269,PHFV
2008-07-20T11:23:59,245026000,RYNDAM,KETCHIKAN,58.16366667,-135.0555,271,267,14.2,0,8919269,PHFV
2008-07-20T11:23:53,245026000,RYNDAM,KETCHIKAN,58.16366667,-135.0548333,270,266,14.2,0,8919269,PHFV
2008-07-20T11:23:48,245026000,RYNDAM,KETCHIKAN,58.16383333,-135.054,269,265,14.2,0,8919269,PHFV
2008-07-20T11:23:41,245026000,RYNDAM,KETCHIKAN,58.16383333,-135.0533333,268,264,14.2,0,8919269,PHFV
2008-07-20T11:23:35,245026000,RYNDAM,KETCHIKAN,58.16383333,-135.0526667,267,263,14.2,0,8919269,PHFV
2008-07-20T11:23:29,245026000,RYNDAM,KETCHIKAN,58.16383333,-135.0518333,265,262,14.2,0,8919269,PHFV
2008-07-20T11:23:23,245026000,RYNDAM,KETCHIKAN,58.16383333,-135.0511667,264,261,14.2,0,8919269,PHFV
2008-07-20T11:23:17,245026000,RYNDAM,KETCHIKAN,58.164,-135.0503333,263,260,14.2,0,8919269,PHFV
2008-07-20T11:23:05,245026000,RYNDAM,KETCHIKAN,58.16416667,-135.0488333,261,258,14.2,0,8919269,PHFV
2008-07-20T11:22:59,245026000,RYNDAM,KETCHIKAN,58.16416667,-135.0481667,259,257,14.2,0,8919269,PHFV
2008-07-20T11:22:53,245026000,RYNDAM,KETCHIKAN,58.16433333,-135.0475,258,256,14.2,0,8919269,PHFV
2008-07-20T11:22:48,245026000,RYNDAM,KETCHIKAN,58.16433333,-135.0466667,257,255,14.2,0,8919269,PHFV
2008-07-20T11:22:41,245026000,RYNDAM,KETCHIKAN,58.1645,-135.046,256,254,14.2,0,8919269,PHFV
2008-07-20T11:22:35,245026000,RYNDAM,KETCHIKAN,58.1645,-135.0453333,255,252,14.2,0,8919269,PHFV
2008-07-20T11:22:30,245026000,RYNDAM,KETCHIKAN,58.16466667,-135.0445,253,252,14.2,0,8919269,PHFV
2008-07-20T11:22:23,245026000,RYNDAM,KETCHIKAN,58.16483333,-135.0438333,253,251,14.2,0,8919269,PHFV
2008-07-20T11:22:17,245026000,RYNDAM,KETCHIKAN,58.16483333,-135.0431667,252,250,14.2,0,8919269,PHFV
2008-07-20T11:22:11,245026000,RYNDAM,KETCHIKAN,58.165,-135.0425,251,249,14.2,0,8919269,PHFV
2008-07-20T11:22:05,245026000,RYNDAM,KETCHIKAN,58.16516667,-135.0416667,250,249,14.1,0,8919269,PHFV
2008-07-20T11:21:59,245026000,RYNDAM,KETCHIKAN,58.16533333,-135.041,250,248,14.1,0,8919269,PHFV
2008-07-20T11:21:54,245026000,RYNDAM,KETCHIKAN,58.1655,-135.0403333,249,248,14.1,0,8919269,PHFV
2008-07-20T11:21:53,245026000,RYNDAM,KETCHIKAN,58.1655,-135.0403333,249,248,14.1,0,8919269,PHFV
2008-07-20T11:21:45,245026000,RYNDAM,KETCHIKAN,58.16566667,-135.0395,248,247,14.1,0,8919269,PHFV
2008-07-20T11:21:41,245026000,RYNDAM,KETCHIKAN,58.16566667,-135.039,248,246,14.1,0,8919269,PHFV
2008-07-20T11:21:35,245026000,RYNDAM,KETCHIKAN,58.16583333,-135.0383333,247,246,14.0,0,8919269,PHFV
2008-07-20T11:21:34,245026000,RYNDAM,KETCHIKAN,58.166,-135.038,247,245,14.0,0,8919269,PHFV
2008-07-20T11:21:29,245026000,RYNDAM,KETCHIKAN,58.166,-135.0376667,246,245,14.0,0,8919269,PHFV
2008-07-20T11:21:25,245026000,RYNDAM,KETCHIKAN,58.16616667,-135.0371667,246,245,14.0,0,8919269,PHFV
2008-07-20T11:21:23,245026000,RYNDAM,KETCHIKAN,58.16616667,-135.037,246,244,14.0,0,8919269,PHFV
2008-07-20T11:21:17,245026000,RYNDAM,KETCHIKAN,58.16633333,-135.0363333,245,244,14.0,0,8919269,PHFV
2008-07-20T11:21:13,245026000,RYNDAM,KETCHIKAN,58.1665,-135.0358333,245,243,14.0,0,8919269,PHFV
2008-07-20T11:21:11,245026000,RYNDAM,KETCHIKAN,58.1665,-135.0356667,244,243,14.0,0,8919269,PHFV
2008-07-20T11:21:05,245026000,RYNDAM,KETCHIKAN,58.16666667,-135.035,244,242,14.0,0,8919269,PHFV
2008-07-20T11:20:54,245026000,RYNDAM,KETCHIKAN,58.167,-135.0336667,242,241,13.9,0,8919269,PHFV
2008-07-20T11:20:45,245026000,RYNDAM,KETCHIKAN,58.16733333,-135.0328333,242,240,13.9,0,8919269,PHFV
2008-07-20T11:20:34,245026000,RYNDAM,KETCHIKAN,58.16766667,-135.0316667,240,239,13.9,0,8919269,PHFV
2008-07-20T11:20:25,245026000,RYNDAM,KETCHIKAN,58.168,-135.0306667,239,238,13.8,0,8919269,PHFV
2008-07-20T11:20:05,245026000,RYNDAM,KETCHIKAN,58.16866667,-135.0286667,237,236,13.7,0,8919269,PHFV
2008-07-20T11:19:54,245026000,RYNDAM,KETCHIKAN,58.169,-135.0275,236,234,13.7,0,8919269,PHFV
2008-07-20T11:19:45,245026000,RYNDAM,KETCHIKAN,58.16933333,-135.0266667,235,233,13.7,0,8919269,PHFV
2008-07-20T11:19:34,245026000,RYNDAM,KETCHIKAN,58.16983333,-135.0255,233,231,13.6,0,8919269,PHFV
2008-07-20T11:19:13,245026000,RYNDAM,KETCHIKAN,58.17066667,-135.0236667,230,228,13.5,0,8919269,PHFV
2008-07-20T11:19:05,245026000,RYNDAM,KETCHIKAN,58.171,-135.023,228,226,13.5,0,8919269,PHFV
2008-07-20T11:19:00,245026000,RYNDAM,KETCHIKAN,58.1715,-135.0218333,0,0,0.0,0,8919269,PHFV
2008-07-20T11:18:54,245026000,RYNDAM,KETCHIKAN,58.1715,-135.0218333,226,224,13.4,0,8919269,PHFV
2008-07-20T11:18:45,245026000,RYNDAM,KETCHIKAN,58.17183333,-135.0211667,224,223,13.4,0,8919269,PHFV
2008-07-20T11:18:35,245026000,RYNDAM,KETCHIKAN,58.17216667,-135.0205,222,221,13.3,0,8919269,PHFV
2008-07-20T11:18:25,245026000,RYNDAM,KETCHIKAN,58.17266667,-135.0196667,220,220,13.3,0,8919269,PHFV
2008-07-20T11:18:13,245026000,RYNDAM,KETCHIKAN,58.17316667,-135.0188333,218,218,13.2,0,8919269,PHFV
2008-07-20T11:18:05,245026000,RYNDAM,KETCHIKAN,58.17366667,-135.0181667,217,217,13.2,0,8919269,PHFV
2008-07-20T11:17:54,245026000,RYNDAM,KETCHIKAN,58.17416667,-135.0175,215,215,13.1,0,8919269,PHFV
2008-07-20T11:17:45,245026000,RYNDAM,KETCHIKAN,58.17466667,-135.0168333,213,213,13.1,0,8919269,PHFV
2008-07-20T11:17:35,245026000,RYNDAM,KETCHIKAN,58.17516667,-135.0161667,211,212,13.0,0,8919269,PHFV
2008-07-20T11:17:25,245026000,RYNDAM,KETCHIKAN,58.17566667,-135.0155,210,210,13.0,0,8919269,PHFV
2008-07-20T11:17:15,245026000,RYNDAM,KETCHIKAN,58.17616667,-135.015,207,208,13.0,0,8919269,PHFV
2008-07-20T11:17:05,245026000,RYNDAM,KETCHIKAN,58.17666667,-135.0145,206,206,13.0,0,8919269,PHFV
2008-07-20T11:16:54,245026000,RYNDAM,KETCHIKAN,58.17733333,-135.0138333,203,204,13.0,0,8919269,PHFV
2008-07-20T11:16:45,245026000,RYNDAM,KETCHIKAN,58.17766667,-135.0135,202,202,12.9,0,8919269,PHFV
2008-07-20T11:16:35,245026000,RYNDAM,KETCHIKAN,58.17833333,-135.013,200,201,12.9,0,8919269,PHFV
2008-07-20T11:16:25,245026000,RYNDAM,KETCHIKAN,58.17883333,-135.0125,198,199,12.9,0,8919269,PHFV
2008-07-20T11:16:15,245026000,RYNDAM,KETCHIKAN,58.1795,-135.0121667,196,197,13.0,0,8919269,PHFV
2008-07-20T11:16:05,245026000,RYNDAM,KETCHIKAN,58.18,-135.0118333,194,195,13.0,0,8919269,PHFV
2008-07-20T11:15:54,245026000,RYNDAM,KETCHIKAN,58.18066667,-135.0115,192,193,13.0,0,8919269,PHFV
2008-07-20T11:15:45,245026000,RYNDAM,KETCHIKAN,58.18116667,-135.0113333,190,192,13.0,0,8919269,PHFV
2008-07-20T11:15:35,245026000,RYNDAM,KETCHIKAN,58.18166667,-135.011,189,190,13.0,0,8919269,PHFV
2008-07-20T11:15:25,245026000,RYNDAM,KETCHIKAN,58.18233333,-135.0108333,187,190,13.0,0,8919269,PHFV
2008-07-20T11:15:15,245026000,RYNDAM,KETCHIKAN,58.183,-135.0106667,187,190,13.0,0,8919269,PHFV
2008-07-20T11:14:54,245026000,RYNDAM,KETCHIKAN,58.18416667,-135.0103333,187,189,13.0,0,8919269,PHFV
2008-07-20T11:14:45,245026000,RYNDAM,KETCHIKAN,58.18466667,-135.01,187,189,13.0,0,8919269,PHFV
2008-07-20T11:14:33,245026000,RYNDAM,KETCHIKAN,58.18533333,-135.0098333,187,189,13.0,0,8919269,PHFV
2008-07-20T11:14:25,245026000,RYNDAM,KETCHIKAN,58.18583333,-135.0096667,187,189,13.0,0,8919269,PHFV
2008-07-20T11:14:15,245026000,RYNDAM,KETCHIKAN,58.1865,-135.0095,187,189,13.0,0,8919269,PHFV
2008-07-20T11:14:05,245026000,RYNDAM,KETCHIKAN,58.187,-135.0093333,187,189,13.0,0,8919269,PHFV
2008-07-20T11:13:54,245026000,RYNDAM,KETCHIKAN,58.18783333,-135.0091667,187,189,13.0,0,8919269,PHFV
2008-07-20T11:13:45,245026000,RYNDAM,KETCHIKAN,58.18816667,-135.009,187,189,13.0,0,8919269,PHFV
2008-07-20T11:13:33,245026000,RYNDAM,KETCHIKAN,58.189,-135.0088333,187,189,13.0,0,8919269,PHFV
2008-07-20T11:13:25,245026000,RYNDAM,KETCHIKAN,58.1895,-135.0086667,187,189,13.0,0,8919269,PHFV
2008-07-20T11:13:14,245026000,RYNDAM,KETCHIKAN,58.19,-135.0085,188,189,13.0,0,8919269,PHFV
2008-07-20T11:13:05,245026000,RYNDAM,KETCHIKAN,58.19066667,-135.0083333,188,189,13.0,0,8919269,PHFV
2008-07-20T11:13:03,245026000,RYNDAM,KETCHIKAN,58.19116667,-135.0081667,0,0,0.0,0,8919269,PHFV
2008-07-20T11:12:54,245026000,RYNDAM,KETCHIKAN,58.19116667,-135.0081667,187,189,13.0,0,8919269,PHFV
2008-07-20T11:12:33,245026000,RYNDAM,KETCHIKAN,58.1925,-135.0076667,187,189,13.0,0,8919269,PHFV
2008-07-20T11:12:25,245026000,RYNDAM,KETCHIKAN,58.193,-135.0076667,187,189,13.0,0,8919269,PHFV
2008-07-20T11:12:14,245026000,RYNDAM,KETCHIKAN,58.19366667,-135.0075,187,189,13.0,0,8919269,PHFV
2008-07-20T11:12:05,245026000,RYNDAM,KETCHIKAN,58.19416667,-135.0073333,187,189,13.0,0,8919269,PHFV
2008-07-20T11:11:54,245026000,RYNDAM,KETCHIKAN,58.19483333,-135.007,187,189,13.0,0,8919269,PHFV
2008-07-20T11:11:45,245026000,RYNDAM,KETCHIKAN,58.19533333,-135.0068333,187,189,13.0,0,8919269,PHFV
2008-07-20T11:11:33,245026000,RYNDAM,KETCHIKAN,58.19616667,-135.0066667,187,189,13.0,0,8919269,PHFV
2008-07-20T11:11:25,245026000,RYNDAM,KETCHIKAN,58.1965,-135.0065,187,189,13.1,0,8919269,PHFV
2008-07-20T11:11:14,245026000,RYNDAM,KETCHIKAN,58.19716667,-135.0063333,187,189,13.1,0,8919269,PHFV
2008-07-20T11:11:05,245026000,RYNDAM,KETCHIKAN,58.19783333,-135.0061667,187,189,13.1,0,8919269,PHFV
2008-07-20T11:10:54,245026000,RYNDAM,KETCHIKAN,58.1985,-135.006,187,188,13.1,0,8919269,PHFV
2008-07-20T11:10:45,245026000,RYNDAM,KETCHIKAN,58.199,-135.0058333,187,188,13.1,0,8919269,PHFV
2008-07-20T11:10:35,245026000,RYNDAM,KETCHIKAN,58.1995,-135.0056667,187,188,13.1,0,8919269,PHFV
2008-07-20T11:10:25,245026000,RYNDAM,KETCHIKAN,58.20016667,-135.0055,187,189,13.1,0,8919269,PHFV
2008-07-20T11:10:14,245026000,RYNDAM,KETCHIKAN,58.20066667,-135.0053333,187,189,13.1,0,8919269,PHFV
2008-07-20T11:10:05,245026000,RYNDAM,KETCHIKAN,58.20133333,-135.0051667,187,189,13.1,0,8919269,PHFV
2008-07-20T11:09:54,245026000,RYNDAM,KETCHIKAN,58.202,-135.005,187,189,13.1,0,8919269,PHFV
2008-07-20T11:09:45,245026000,RYNDAM,KETCHIKAN,58.2025,-135.0048333,187,189,13.1,0,8919269,PHFV
2008-07-20T11:09:35,245026000,RYNDAM,KETCHIKAN,58.20316667,-135.0046667,187,189,13.1,0,8919269,PHFV
2008-07-20T11:09:24,245026000,RYNDAM,KETCHIKAN,58.20383333,-135.0045,187,189,13.2,0,8919269,PHFV
2008-07-20T11:09:14,245026000,RYNDAM,KETCHIKAN,58.20433333,-135.0043333,187,189,13.2,0,8919269,PHFV
2008-07-20T11:09:05,245026000,RYNDAM,KETCHIKAN,58.205,-135.0041667,187,189,13.2,0,8919269,PHFV
2008-07-20T11:08:54,245026000,RYNDAM,KETCHIKAN,58.2055,-135.004,187,189,13.2,0,8919269,PHFV
2008-07-20T11:08:45,245026000,RYNDAM,KETCHIKAN,58.20616667,-135.0038333,187,189,13.2,0,8919269,PHFV
2008-07-20T11:08:35,245026000,RYNDAM,KETCHIKAN,58.20683333,-135.0036667,187,189,13.2,0,8919269,PHFV
2008-07-20T11:08:24,245026000,RYNDAM,KETCHIKAN,58.20733333,-135.0035,187,189,13.2,0,8919269,PHFV
2008-07-20T11:08:15,245026000,RYNDAM,KETCHIKAN,58.208,-135.0033333,187,188,13.2,0,8919269,PHFV
2008-07-20T11:07:54,245026000,RYNDAM,KETCHIKAN,58.20916667,-135.003,187,188,13.2,0,8919269,PHFV
2008-07-20T11:07:35,245026000,RYNDAM,KETCHIKAN,58.21033333,-135.0026667,185,187,13.2,0,8919269,PHFV
2008-07-20T11:07:24,245026000,RYNDAM,KETCHIKAN,58.21116667,-135.0025,185,187,13.2,0,8919269,PHFV
2008-07-20T11:07:15,245026000,RYNDAM,KETCHIKAN,58.2115,-135.0023333,185,187,13.2,0,8919269,PHFV
2008-07-20T11:07:04,245026000,RYNDAM,KETCHIKAN,58.21233333,-135.0021667,185,187,13.2,0,8919269,PHFV
2008-07-20T11:07:00,245026000,RYNDAM,KETCHIKAN,58.21283333,-135.002,0,0,0.0,0,8919269,PHFV
2008-07-20T11:06:54,245026000,RYNDAM,KETCHIKAN,58.21283333,-135.002,185,187,13.2,0,8919269,PHFV
2008-07-20T11:06:44,245026000,RYNDAM,KETCHIKAN,58.2135,-135.0018333,185,186,13.2,0,8919269,PHFV
2008-07-20T11:06:35,245026000,RYNDAM,KETCHIKAN,58.214,-135.0018333,185,186,13.2,0,8919269,PHFV
2008-07-20T11:06:24,245026000,RYNDAM,KETCHIKAN,58.21466667,-135.0016667,185,186,13.2,0,8919269,PHFV
2008-07-20T11:06:04,245026000,RYNDAM,KETCHIKAN,58.21583333,-135.0015,184,184,13.2,0,8919269,PHFV
2008-07-20T11:05:54,245026000,RYNDAM,KETCHIKAN,58.21633333,-135.0013333,183,183,13.2,0,8919269,PHFV
2008-07-20T11:05:44,245026000,RYNDAM,KETCHIKAN,58.217,-135.0013333,182,182,13.2,0,8919269,PHFV
2008-07-20T11:05:35,245026000,RYNDAM,KETCHIKAN,58.21766667,-135.0013333,181,181,13.2,0,8919269,PHFV
2008-07-20T11:05:24,245026000,RYNDAM,KETCHIKAN,58.21816667,-135.0011667,180,180,13.2,0,8919269,PHFV
2008-07-20T11:05:15,245026000,RYNDAM,KETCHIKAN,58.21883333,-135.0011667,179,179,13.2,0,8919269,PHFV
2008-07-20T11:05:04,245026000,RYNDAM,KETCHIKAN,58.2195,-135.0011667,178,178,13.2,0,8919269,PHFV
2008-07-20T11:04:54,245026000,RYNDAM,KETCHIKAN,58.22,-135.0011667,177,177,13.2,0,8919269,PHFV
2008-07-20T11:04:44,245026000,RYNDAM,KETCHIKAN,58.22083333,-135.0013333,176,176,13.2,0,8919269,PHFV
2008-07-20T11:04:35,245026000,RYNDAM,KETCHIKAN,58.22133333,-135.0013333,174,175,13.3,0,8919269,PHFV
2008-07-20T11:04:24,245026000,RYNDAM,KETCHIKAN,58.222,-135.0015,173,174,13.3,0,8919269,PHFV
2008-07-20T11:04:14,245026000,RYNDAM,KETCHIKAN,58.2225,-135.0016667,173,174,13.3,0,8919269,PHFV
2008-07-20T11:04:04,245026000,RYNDAM,KETCHIKAN,58.22316667,-135.0016667,173,174,13.3,0,8919269,PHFV
2008-07-20T11:03:54,245026000,RYNDAM,KETCHIKAN,58.22366667,-135.0018333,173,174,13.3,0,8919269,PHFV
2008-07-20T11:03:44,245026000,RYNDAM,KETCHIKAN,58.2245,-135.002,173,174,13.3,0,8919269,PHFV
2008-07-20T11:03:35,245026000,RYNDAM,KETCHIKAN,58.225,-135.002,173,174,13.3,0,8919269,PHFV
2008-07-20T11:03:24,245026000,RYNDAM,KETCHIKAN,58.2255,-135.0021667,173,174,13.3,0,8919269,PHFV
2008-07-20T11:03:14,245026000,RYNDAM,KETCHIKAN,58.22616667,-135.0023333,173,174,13.3,0,8919269,PHFV
2008-07-20T11:03:04,245026000,RYNDAM,KETCHIKAN,58.22683333,-135.0025,173,174,13.3,0,8919269,PHFV
2008-07-20T11:02:54,245026000,RYNDAM,KETCHIKAN,58.22733333,-135.0025,173,174,13.3,0,8919269,PHFV
2008-07-20T11:02:44,245026000,RYNDAM,KETCHIKAN,58.228,-135.0026667,173,173,13.3,0,8919269,PHFV
2008-07-20T11:02:35,245026000,RYNDAM,KETCHIKAN,58.22866667,-135.0028333,173,174,13.3,0,8919269,PHFV
2008-07-20T11:02:24,245026000,RYNDAM,KETCHIKAN,58.22933333,-135.003,173,174,13.3,0,8919269,PHFV
2008-07-20T11:02:14,245026000,RYNDAM,KETCHIKAN,58.23,-135.0031667,173,174,13.3,0,8919269,PHFV
2008-07-20T11:02:04,245026000,RYNDAM,KETCHIKAN,58.2305,-135.0031667,173,174,13.3,0,8919269,PHFV
2008-07-20T11:01:54,245026000,RYNDAM,KETCHIKAN,58.23116667,-135.0033333,173,174,13.3,0,8919269,PHFV
2008-07-20T11:01:44,245026000,RYNDAM,KETCHIKAN,58.23183333,-135.0035,173,174,13.3,0,8919269,PHFV
2008-07-20T11:01:35,245026000,RYNDAM,KETCHIKAN,58.23233333,-135.0036667,173,174,13.3,0,8919269,PHFV
2008-07-20T11:01:24,245026000,RYNDAM,KETCHIKAN,58.233,-135.0038333,173,174,13.3,0,8919269,PHFV
2008-07-20T11:01:14,245026000,RYNDAM,KETCHIKAN,58.2335,-135.0038333,173,174,13.3,0,8919269,PHFV
2008-07-20T11:01:05,245026000,RYNDAM,KETCHIKAN,58.23416667,-135.004,173,173,13.4,0,8919269,PHFV
2008-07-20T11:01:00,245026000,RYNDAM,KETCHIKAN,58.23483333,-135.0041667,0,0,0.0,0,8919269,PHFV
2008-07-20T11:00:54,245026000,RYNDAM,KETCHIKAN,58.23483333,-135.0041667,173,174,13.4,0,8919269,PHFV
2008-07-20T11:00:44,245026000,RYNDAM,KETCHIKAN,58.23533333,-135.0043333,173,174,13.4,0,8919269,PHFV
2008-07-20T11:00:24,245026000,RYNDAM,KETCHIKAN,58.2365,-135.0045,173,174,13.4,0,8919269,PHFV
2008-07-20T11:00:15,245026000,RYNDAM,KETCHIKAN,58.23716667,-135.0046667,173,173,13.4,0,8919269,PHFV
2008-07-20T11:00:05,245026000,RYNDAM,KETCHIKAN,58.23783333,-135.0048333,173,173,13.4,0,8919269,PHFV
2008-07-20T10:59:34,245026000,RYNDAM,KETCHIKAN,58.23983333,-135.0051667,173,173,13.5,0,8919269,PHFV
2008-07-20T10:59:24,245026000,RYNDAM,KETCHIKAN,58.24033333,-135.0053333,173,173,13.5,0,8919269,PHFV
2008-07-20T10:59:15,245026000,RYNDAM,KETCHIKAN,58.24083333,-135.0055,173,173,13.5,0,8919269,PHFV
2008-07-20T10:59:05,245026000,RYNDAM,KETCHIKAN,58.2415,-135.0055,173,174,13.5,0,8919269,PHFV
2008-07-20T10:58:54,245026000,RYNDAM,KETCHIKAN,58.24216667,-135.0056667,173,174,13.5,0,8919269,PHFV
2008-07-20T10:58:44,245026000,RYNDAM,KETCHIKAN,58.24266667,-135.0058333,174,174,13.6,0,8919269,PHFV
2008-07-20T10:58:34,245026000,RYNDAM,KETCHIKAN,58.24333333,-135.006,174,174,13.6,0,8919269,PHFV
2008-07-20T10:58:24,245026000,RYNDAM,KETCHIKAN,58.244,-135.0061667,173,173,13.6,0,8919269,PHFV
2008-07-20T10:58:15,245026000,RYNDAM,KETCHIKAN,58.24466667,-135.0061667,173,173,13.6,0,8919269,PHFV
2008-07-20T10:58:05,245026000,RYNDAM,KETCHIKAN,58.24516667,-135.0063333,173,173,13.6,0,8919269,PHFV
2008-07-20T10:57:54,245026000,RYNDAM,KETCHIKAN,58.24583333,-135.0065,173,173,13.6,0,8919269,PHFV
2008-07-20T10:57:44,245026000,RYNDAM,KETCHIKAN,58.2465,-135.0066667,173,173,13.6,0,8919269,PHFV
2008-07-20T10:57:34,245026000,RYNDAM,KETCHIKAN,58.24716667,-135.0068333,173,173,13.6,0,8919269,PHFV
2008-07-20T10:57:15,245026000,RYNDAM,KETCHIKAN,58.24833333,-135.007,173,174,13.6,0,8919269,PHFV
2008-07-20T10:57:05,245026000,RYNDAM,KETCHIKAN,58.249,-135.0071667,173,173,13.6,0,8919269,PHFV
2008-07-20T10:56:53,245026000,RYNDAM,KETCHIKAN,58.24966667,-135.0073333,173,174,13.6,0,8919269,PHFV
2008-07-20T10:56:34,245026000,RYNDAM,KETCHIKAN,58.25083333,-135.0076667,174,174,13.6,0,8919269,PHFV
2008-07-20T10:56:24,245026000,RYNDAM,KETCHIKAN,58.25166667,-135.0078333,173,173,13.6,0,8919269,PHFV
2008-07-20T10:56:15,245026000,RYNDAM,KETCHIKAN,58.25216667,-135.0078333,173,173,13.6,0,8919269,PHFV
2008-07-20T10:55:53,245026000,RYNDAM,KETCHIKAN,58.2535,-135.0081667,173,173,13.6,0,8919269,PHFV
2008-07-20T10:55:44,245026000,RYNDAM,KETCHIKAN,58.254,-135.0083333,173,173,13.6,0,8919269,PHFV
2008-07-20T10:55:34,245026000,RYNDAM,KETCHIKAN,58.25466667,-135.0085,173,173,13.6,0,8919269,PHFV
2008-07-20T10:55:24,245026000,RYNDAM,KETCHIKAN,58.25516667,-135.0085,174,174,13.6,0,8919269,PHFV
2008-07-20T10:55:15,245026000,RYNDAM,KETCHIKAN,58.25583333,-135.0086667,174,173,13.5,0,8919269,PHFV
2008-07-20T10:55:05,245026000,RYNDAM,KETCHIKAN,58.2565,-135.0088333,173,173,13.5,0,8919269,PHFV
2008-07-20T10:55:02,245026000,RYNDAM,KETCHIKAN,58.25716667,-135.009,0,0,0.0,0,8919269,PHFV
2008-07-20T10:54:53,245026000,RYNDAM,KETCHIKAN,58.25716667,-135.009,173,173,13.5,0,8919269,PHFV
2008-07-20T10:54:44,245026000,RYNDAM,KETCHIKAN,58.25783333,-135.0091667,173,173,13.5,0,8919269,PHFV
2008-07-20T10:54:35,245026000,RYNDAM,KETCHIKAN,58.25833333,-135.0093333,173,173,13.5,0,8919269,PHFV
2008-07-20T10:54:24,245026000,RYNDAM,KETCHIKAN,58.259,-135.0095,173,173,13.5,0,8919269,PHFV
2008-07-20T10:54:15,245026000,RYNDAM,KETCHIKAN,58.2595,-135.0095,173,173,13.5,0,8919269,PHFV
2008-07-20T10:54:05,245026000,RYNDAM,KETCHIKAN,58.26016667,-135.0096667,173,173,13.5,0,8919269,PHFV
2008-07-20T10:53:53,245026000,RYNDAM,KETCHIKAN,58.261,-135.0098333,173,174,13.5,0,8919269,PHFV
2008-07-20T10:53:45,245026000,RYNDAM,KETCHIKAN,58.26133333,-135.01,173,173,13.4,0,8919269,PHFV
2008-07-20T10:53:35,245026000,RYNDAM,KETCHIKAN,58.262,-135.0101667,173,174,13.4,0,8919269,PHFV
2008-07-20T10:53:24,245026000,RYNDAM,KETCHIKAN,58.26266667,-135.0101667,173,174,13.4,0,8919269,PHFV
2008-07-20T10:53:15,245026000,RYNDAM,KETCHIKAN,58.26333333,-135.0103333,173,174,13.4,0,8919269,PHFV
2008-07-20T10:53:05,245026000,RYNDAM,KETCHIKAN,58.26383333,-135.0105,173,174,13.4,0,8919269,PHFV
2008-07-20T10:52:53,245026000,RYNDAM,KETCHIKAN,58.26466667,-135.0106667,173,174,13.4,0,8919269,PHFV
2008-07-20T10:52:45,245026000,RYNDAM,KETCHIKAN,58.26516667,-135.0106667,173,174,13.4,0,8919269,PHFV
2008-07-20T10:52:35,245026000,RYNDAM,KETCHIKAN,58.26566667,-135.0108333,173,174,13.4,0,8919269,PHFV
2008-07-20T10:52:24,245026000,RYNDAM,KETCHIKAN,58.26633333,-135.011,174,175,13.4,0,8919269,PHFV
2008-07-20T10:52:15,245026000,RYNDAM,KETCHIKAN,58.267,-135.0111667,174,175,13.4,0,8919269,PHFV
2008-07-20T10:52:05,245026000,RYNDAM,KETCHIKAN,58.26766667,-135.0111667,174,175,13.4,0,8919269,PHFV
2008-07-20T10:51:54,245026000,RYNDAM,KETCHIKAN,58.26833333,-135.0113333,174,175,13.4,0,8919269,PHFV
2008-07-20T10:51:35,245026000,RYNDAM,KETCHIKAN,58.2695,-135.0115,174,175,13.4,0,8919269,PHFV
2008-07-20T10:51:24,245026000,RYNDAM,KETCHIKAN,58.27,-135.0116667,174,175,13.4,0,8919269,PHFV
2008-07-20T10:51:15,245026000,RYNDAM,KETCHIKAN,58.27066667,-135.0116667,174,175,13.4,0,8919269,PHFV
2008-07-20T10:51:05,245026000,RYNDAM,KETCHIKAN,58.27133333,-135.0118333,174,175,13.4,0,8919269,PHFV
2008-07-20T10:50:54,245026000,RYNDAM,KETCHIKAN,58.27183333,-135.0118333,174,175,13.4,0,8919269,PHFV
2008-07-20T10:50:45,245026000,RYNDAM,KETCHIKAN,58.2725,-135.012,174,175,13.4,0,8919269,PHFV
2008-07-20T10:50:34,245026000,RYNDAM,KETCHIKAN,58.27316667,-135.0121667,174,175,13.4,0,8919269,PHFV
2008-07-20T10:50:24,245026000,RYNDAM,KETCHIKAN,58.27383333,-135.0121667,174,175,13.4,0,8919269,PHFV
2008-07-20T10:50:15,245026000,RYNDAM,KETCHIKAN,58.27433333,-135.0123333,174,175,13.4,0,8919269,PHFV
2008-07-20T10:50:04,245026000,RYNDAM,KETCHIKAN,58.275,-135.0125,174,175,13.4,0,8919269,PHFV
2008-07-20T10:49:54,245026000,RYNDAM,KETCHIKAN,58.27566667,-135.0125,174,175,13.3,0,8919269,PHFV
2008-07-20T10:49:45,245026000,RYNDAM,KETCHIKAN,58.27616667,-135.0126667,174,175,13.3,0,8919269,PHFV
2008-07-20T10:49:34,245026000,RYNDAM,KETCHIKAN,58.277,-135.0128333,174,175,13.3,0,8919269,PHFV
2008-07-20T10:49:24,245026000,RYNDAM,KETCHIKAN,58.2775,-135.0128333,174,175,13.3,0,8919269,PHFV
2008-07-20T10:49:15,245026000,RYNDAM,KETCHIKAN,58.278,-135.013,174,175,13.3,0,8919269,PHFV
2008-07-20T10:49:04,245026000,RYNDAM,KETCHIKAN,58.27883333,-135.0131667,174,175,13.3,0,8919269,PHFV
2008-07-20T10:48:59,245026000,RYNDAM,KETCHIKAN,58.27933333,-135.0131667,0,0,0.0,0,8919269,PHFV
2008-07-20T10:48:55,245026000,RYNDAM,KETCHIKAN,58.27933333,-135.0131667,174,175,13.3,0,8919269,PHFV
2008-07-20T10:48:45,245026000,RYNDAM,KETCHIKAN,58.27983333,-135.0133333,174,175,13.3,0,8919269,PHFV
2008-07-20T10:48:34,245026000,RYNDAM,KETCHIKAN,58.28066667,-135.0133333,174,175,13.3,0,8919269,PHFV
2008-07-20T10:48:25,245026000,RYNDAM,KETCHIKAN,58.28116667,-135.0135,174,175,13.2,0,8919269,PHFV
2008-07-20T10:48:15,245026000,RYNDAM,KETCHIKAN,58.28166667,-135.0136667,174,175,13.2,0,8919269,PHFV
2008-07-20T10:48:04,245026000,RYNDAM,KETCHIKAN,58.28233333,-135.0136667,174,175,13.2,0,8919269,PHFV
2008-07-20T10:47:54,245026000,RYNDAM,KETCHIKAN,58.283,-135.0138333,174,175,13.2,0,8919269,PHFV
2008-07-20T10:47:45,245026000,RYNDAM,KETCHIKAN,58.2835,-135.0138333,174,175,13.1,0,8919269,PHFV
2008-07-20T10:47:34,245026000,RYNDAM,KETCHIKAN,58.28416667,-135.014,174,175,13.1,0,8919269,PHFV
2008-07-20T10:47:25,245026000,RYNDAM,KETCHIKAN,58.28483333,-135.014,174,175,13.1,0,8919269,PHFV
2008-07-20T10:47:14,245026000,RYNDAM,KETCHIKAN,58.28533333,-135.0141667,174,176,13.1,0,8919269,PHFV
2008-07-20T10:47:04,245026000,RYNDAM,KETCHIKAN,58.28616667,-135.0143333,174,176,13.1,0,8919269,PHFV
2008-07-20T10:46:54,245026000,RYNDAM,KETCHIKAN,58.2865,-135.0143333,174,176,13.1,0,8919269,PHFV
2008-07-20T10:46:45,245026000,RYNDAM,KETCHIKAN,58.28716667,-135.0145,174,176,13.0,0,8919269,PHFV
2008-07-20T10:46:34,245026000,RYNDAM,KETCHIKAN,58.28783333,-135.0145,174,176,13.0,0,8919269,PHFV
2008-07-20T10:46:25,245026000,RYNDAM,KETCHIKAN,58.28833333,-135.0146667,174,176,13.0,0,8919269,PHFV
2008-07-20T10:46:14,245026000,RYNDAM,KETCHIKAN,58.289,-135.0146667,174,176,13.0,0,8919269,PHFV
2008-07-20T10:45:54,245026000,RYNDAM,KETCHIKAN,58.29016667,-135.0148333,174,176,13.0,0,8919269,PHFV
2008-07-20T10:45:45,245026000,RYNDAM,KETCHIKAN,58.29083333,-135.015,174,176,13.0,0,8919269,PHFV
2008-07-20T10:45:34,245026000,RYNDAM,KETCHIKAN,58.29133333,-135.015,174,176,13.0,0,8919269,PHFV
2008-07-20T10:45:25,245026000,RYNDAM,KETCHIKAN,58.292,-135.0151667,174,176,13.0,0,8919269,PHFV
2008-07-20T10:45:14,245026000,RYNDAM,KETCHIKAN,58.2925,-135.0151667,174,176,12.9,0,8919269,PHFV
2008-07-20T10:45:05,245026000,RYNDAM,KETCHIKAN,58.29316667,-135.0151667,174,176,12.9,0,8919269,PHFV
2008-07-20T10:44:55,245026000,RYNDAM,KETCHIKAN,58.29383333,-135.0153333,174,176,12.9,0,8919269,PHFV
2008-07-20T10:44:45,245026000,RYNDAM,KETCHIKAN,58.29433333,-135.0153333,174,176,12.9,0,8919269,PHFV
2008-07-20T10:44:35,245026000,RYNDAM,KETCHIKAN,58.295,-135.0155,174,176,12.9,0,8919269,PHFV
2008-07-20T10:44:25,245026000,RYNDAM,KETCHIKAN,58.2955,-135.0155,174,176,12.9,0,8919269,PHFV
2008-07-20T10:44:14,245026000,RYNDAM,KETCHIKAN,58.29616667,-135.0156667,174,176,12.9,0,8919269,PHFV
2008-07-20T10:44:05,245026000,RYNDAM,KETCHIKAN,58.29666667,-135.0156667,174,176,12.9,0,8919269,PHFV
2008-07-20T10:43:55,245026000,RYNDAM,KETCHIKAN,58.29733333,-135.0158333,174,176,12.9,0,8919269,PHFV
2008-07-20T10:43:45,245026000,RYNDAM,KETCHIKAN,58.298,-135.0158333,174,176,12.9,0,8919269,PHFV
2008-07-20T10:43:35,245026000,RYNDAM,KETCHIKAN,58.2985,-135.0158333,174,176,12.9,0,8919269,PHFV
2008-07-20T10:43:25,245026000,RYNDAM,KETCHIKAN,58.29916667,-135.016,174,176,12.8,0,8919269,PHFV
2008-07-20T10:43:14,245026000,RYNDAM,KETCHIKAN,58.29966667,-135.016,174,176,12.8,0,8919269,PHFV
2008-07-20T10:43:05,245026000,RYNDAM,KETCHIKAN,58.30033333,-135.0161667,174,176,12.8,0,8919269,PHFV
2008-07-20T10:43:01,245026000,RYNDAM,KETCHIKAN,58.30083333,-135.0161667,0,0,0.0,0,8919269,PHFV
2008-07-20T10:42:55,245026000,RYNDAM,KETCHIKAN,58.30083333,-135.0161667,174,176,12.8,0,8919269,PHFV
2008-07-20T10:42:45,245026000,RYNDAM,KETCHIKAN,58.3015,-135.0163333,174,176,12.8,0,8919269,PHFV
2008-07-20T10:42:35,245026000,RYNDAM,KETCHIKAN,58.302,-135.0163333,174,176,12.8,0,8919269,PHFV
2008-07-20T10:42:25,245026000,RYNDAM,KETCHIKAN,58.30266667,-135.0165,174,176,12.8,0,8919269,PHFV
2008-07-20T10:42:14,245026000,RYNDAM,KETCHIKAN,58.30316667,-135.0165,174,176,12.8,0,8919269,PHFV
2008-07-20T10:41:55,245026000,RYNDAM,KETCHIKAN,58.3045,-135.0166667,174,176,12.8,0,8919269,PHFV
2008-07-20T10:41:45,245026000,RYNDAM,KETCHIKAN,58.305,-135.0168333,174,176,12.8,0,8919269,PHFV
2008-07-20T10:41:35,245026000,RYNDAM,KETCHIKAN,58.30566667,-135.0168333,174,176,12.8,0,8919269,PHFV
2008-07-20T10:41:25,245026000,RYNDAM,KETCHIKAN,58.30616667,-135.017,174,176,12.8,0,8919269,PHFV
2008-07-20T10:41:14,245026000,RYNDAM,KETCHIKAN,58.30683333,-135.017,174,176,12.8,0,8919269,PHFV
2008-07-20T10:41:04,245026000,RYNDAM,KETCHIKAN,58.30733333,-135.0171667,174,176,12.8,0,8919269,PHFV
2008-07-20T10:40:55,245026000,RYNDAM,KETCHIKAN,58.308,-135.0171667,174,176,12.8,0,8919269,PHFV
2008-07-20T10:40:45,245026000,RYNDAM,KETCHIKAN,58.3085,-135.0173333,174,176,12.8,0,8919269,PHFV
2008-07-20T10:40:35,245026000,RYNDAM,KETCHIKAN,58.30916667,-135.0173333,174,176,12.8,0,8919269,PHFV
2008-07-20T10:40:25,245026000,RYNDAM,KETCHIKAN,58.30966667,-135.0175,174,176,12.8,0,8919269,PHFV
2008-07-20T10:40:14,245026000,RYNDAM,KETCHIKAN,58.31033333,-135.0175,174,176,12.8,0,8919269,PHFV
2008-07-20T10:40:04,245026000,RYNDAM,KETCHIKAN,58.31083333,-135.0176667,174,176,12.8,0,8919269,PHFV
2008-07-20T10:39:55,245026000,RYNDAM,KETCHIKAN,58.3115,-135.0176667,174,176,12.8,0,8919269,PHFV
2008-07-20T10:39:45,245026000,RYNDAM,KETCHIKAN,58.312,-135.0178333,174,176,12.8,0,8919269,PHFV
2008-07-20T10:39:35,245026000,RYNDAM,KETCHIKAN,58.31266667,-135.018,174,176,12.9,0,8919269,PHFV
2008-07-20T10:39:25,245026000,RYNDAM,KETCHIKAN,58.31333333,-135.018,174,175,12.9,0,8919269,PHFV
2008-07-20T10:39:14,245026000,RYNDAM,KETCHIKAN,58.31383333,-135.0181667,174,175,12.9,0,8919269,PHFV
2008-07-20T10:39:04,245026000,RYNDAM,KETCHIKAN,58.3145,-135.0181667,174,175,12.9,0,8919269,PHFV
2008-07-20T10:38:55,245026000,RYNDAM,KETCHIKAN,58.315,-135.0183333,174,175,12.9,0,8919269,PHFV
2008-07-20T10:38:45,245026000,RYNDAM,KETCHIKAN,58.31566667,-135.0183333,174,175,12.9,0,8919269,PHFV
2008-07-20T10:38:35,245026000,RYNDAM,KETCHIKAN,58.31616667,-135.0185,174,175,13.0,0,8919269,PHFV
2008-07-20T10:38:25,245026000,RYNDAM,KETCHIKAN,58.31683333,-135.0186667,174,175,13.0,0,8919269,PHFV
2008-07-20T10:38:14,245026000,RYNDAM,KETCHIKAN,58.3175,-135.0186667,174,175,13.0,0,8919269,PHFV
2008-07-20T10:38:05,245026000,RYNDAM,KETCHIKAN,58.318,-135.0188333,174,175,13.0,0,8919269,PHFV
2008-07-20T10:37:55,245026000,RYNDAM,KETCHIKAN,58.31866667,-135.0188333,174,175,13.1,0,8919269,PHFV
2008-07-20T10:37:44,245026000,RYNDAM,KETCHIKAN,58.31916667,-135.019,174,174,13.1,0,8919269,PHFV
2008-07-20T10:37:34,245026000,RYNDAM,KETCHIKAN,58.31983333,-135.0191667,174,174,13.1,0,8919269,PHFV
2008-07-20T10:37:25,245026000,RYNDAM,KETCHIKAN,58.3205,-135.0191667,174,175,13.2,0,8919269,PHFV
2008-07-20T10:37:15,245026000,RYNDAM,KETCHIKAN,58.321,-135.0193333,174,174,13.2,0,8919269,PHFV
2008-07-20T10:37:05,245026000,RYNDAM,KETCHIKAN,58.32166667,-135.0195,174,174,13.3,0,8919269,PHFV
2008-07-20T10:36:54,245026000,RYNDAM,KETCHIKAN,58.32216667,-135.0195,174,174,13.3,0,8919269,PHFV
2008-07-20T10:36:44,245026000,RYNDAM,KETCHIKAN,58.32283333,-135.0196667,174,174,13.3,0,8919269,PHFV
2008-07-20T10:36:34,245026000,RYNDAM,KETCHIKAN,58.3235,-135.0198333,174,174,13.4,0,8919269,PHFV
2008-07-20T10:36:25,245026000,RYNDAM,KETCHIKAN,58.324,-135.0198333,174,175,13.4,0,8919269,PHFV
2008-07-20T10:36:15,245026000,RYNDAM,KETCHIKAN,58.32466667,-135.02,174,175,13.4,0,8919269,PHFV
2008-07-20T10:36:05,245026000,RYNDAM,KETCHIKAN,58.32533333,-135.0201667,174,175,13.4,0,8919269,PHFV
2008-07-20T10:35:54,245026000,RYNDAM,KETCHIKAN,58.326,-135.0201667,174,175,13.4,0,8919269,PHFV
2008-07-20T10:35:44,245026000,RYNDAM,KETCHIKAN,58.3265,-135.0203333,174,175,13.4,0,8919269,PHFV
2008-07-20T10:35:34,245026000,RYNDAM,KETCHIKAN,58.32716667,-135.0205,174,175,13.4,0,8919269,PHFV
2008-07-20T10:35:25,245026000,RYNDAM,KETCHIKAN,58.32783333,-135.0205,174,175,13.4,0,8919269,PHFV
2008-07-20T10:35:15,245026000,RYNDAM,KETCHIKAN,58.32833333,-135.0206667,174,175,13.4,0,8919269,PHFV
2008-07-20T10:35:05,245026000,RYNDAM,KETCHIKAN,58.329,-135.0208333,174,174,13.4,0,8919269,PHFV
2008-07-20T10:34:54,245026000,RYNDAM,KETCHIKAN,58.32966667,-135.0208333,174,174,13.4,0,8919269,PHFV
2008-07-20T10:34:34,245026000,RYNDAM,KETCHIKAN,58.331,-135.0211667,174,174,13.4,0,8919269,PHFV
2008-07-20T10:34:25,245026000,RYNDAM,KETCHIKAN,58.3315,-135.0211667,174,174,13.4,0,8919269,PHFV
2008-07-20T10:34:15,245026000,RYNDAM,KETCHIKAN,58.332,-135.0213333,174,174,13.4,0,8919269,PHFV
2008-07-20T10:34:05,245026000,RYNDAM,KETCHIKAN,58.33266667,-135.0215,174,174,13.4,0,8919269,PHFV
2008-07-20T10:33:54,245026000,RYNDAM,KETCHIKAN,58.33333333,-135.0216667,174,174,13.4,0,8919269,PHFV
2008-07-20T10:33:44,245026000,RYNDAM,KETCHIKAN,58.334,-135.0216667,174,174,13.4,0,8919269,PHFV
2008-07-20T10:33:35,245026000,RYNDAM,KETCHIKAN,58.3345,-135.0218333,174,174,13.4,0,8919269,PHFV
2008-07-20T10:33:24,245026000,RYNDAM,KETCHIKAN,58.33516667,-135.022,174,174,13.4,0,8919269,PHFV
2008-07-20T10:33:15,245026000,RYNDAM,KETCHIKAN,58.33583333,-135.0221667,174,174,13.4,0,8919269,PHFV
2008-07-20T10:33:05,245026000,RYNDAM,KETCHIKAN,58.33633333,-135.0221667,174,174,13.3,0,8919269,PHFV
2008-07-20T10:32:54,245026000,RYNDAM,KETCHIKAN,58.337,-135.0223333,174,174,13.3,0,8919269,PHFV
2008-07-20T10:32:44,245026000,RYNDAM,KETCHIKAN,58.33766667,-135.0225,174,174,13.3,0,8919269,PHFV
2008-07-20T10:32:35,245026000,RYNDAM,KETCHIKAN,58.33816667,-135.0225,174,174,13.3,0,8919269,PHFV
2008-07-20T10:32:24,245026000,RYNDAM,KETCHIKAN,58.339,-135.0226667,174,174,13.3,0,8919269,PHFV
2008-07-20T10:32:15,245026000,RYNDAM,KETCHIKAN,58.3395,-135.0228333,174,174,13.3,0,8919269,PHFV
2008-07-20T10:32:05,245026000,RYNDAM,KETCHIKAN,58.34,-135.0228333,174,174,13.3,0,8919269,PHFV
2008-07-20T10:31:54,245026000,RYNDAM,KETCHIKAN,58.34066667,-135.023,174,174,13.3,0,8919269,PHFV
2008-07-20T10:31:44,245026000,RYNDAM,KETCHIKAN,58.34133333,-135.0231667,174,174,13.3,0,8919269,PHFV
2008-07-20T10:31:35,245026000,RYNDAM,KETCHIKAN,58.34183333,-135.0233333,174,174,13.3,0,8919269,PHFV
2008-07-20T10:31:24,245026000,RYNDAM,KETCHIKAN,58.3425,-135.0233333,174,174,13.3,0,8919269,PHFV
2008-07-20T10:31:15,245026000,RYNDAM,KETCHIKAN,58.34316667,-135.0235,174,174,13.3,0,8919269,PHFV
2008-07-20T10:31:05,245026000,RYNDAM,KETCHIKAN,58.34366667,-135.0236667,174,174,13.3,0,8919269,PHFV
2008-07-20T10:31:00,245026000,RYNDAM,KETCHIKAN,58.34433333,-135.0236667,0,0,0.0,0,8919269,PHFV
2008-07-20T10:30:55,245026000,RYNDAM,KETCHIKAN,58.34433333,-135.0236667,174,174,13.3,0,8919269,PHFV
2008-07-20T10:30:44,245026000,RYNDAM,KETCHIKAN,58.345,-135.0238333,174,174,13.3,0,8919269,PHFV
2008-07-20T10:30:35,245026000,RYNDAM,KETCHIKAN,58.3455,-135.024,174,174,13.3,0,8919269,PHFV
2008-07-20T10:30:24,245026000,RYNDAM,KETCHIKAN,58.34616667,-135.024,174,174,13.3,0,8919269,PHFV
2008-07-20T10:30:15,245026000,RYNDAM,KETCHIKAN,58.34683333,-135.0241667,174,174,13.3,0,8919269,PHFV
2008-07-20T10:30:05,245026000,RYNDAM,KETCHIKAN,58.34733333,-135.0243333,174,174,13.3,0,8919269,PHFV
2008-07-20T10:29:55,245026000,RYNDAM,KETCHIKAN,58.348,-135.0243333,174,174,13.3,0,8919269,PHFV
2008-07-20T10:29:43,245026000,RYNDAM,KETCHIKAN,58.34866667,-135.0245,174,174,13.3,0,8919269,PHFV
2008-07-20T10:29:35,245026000,RYNDAM,KETCHIKAN,58.34916667,-135.0246667,174,173,13.3,0,8919269,PHFV
2008-07-20T10:29:24,245026000,RYNDAM,KETCHIKAN,58.34983333,-135.0248333,173,172,13.3,0,8919269,PHFV
2008-07-20T10:29:14,245026000,RYNDAM,KETCHIKAN,58.3505,-135.025,172,171,13.3,0,8919269,PHFV
2008-07-20T10:29:05,245026000,RYNDAM,KETCHIKAN,58.351,-135.0251667,171,170,13.3,0,8919269,PHFV
2008-07-20T10:28:55,245026000,RYNDAM,KETCHIKAN,58.35166667,-135.0253333,170,170,13.3,0,8919269,PHFV
2008-07-20T10:28:43,245026000,RYNDAM,KETCHIKAN,58.35233333,-135.0255,169,170,13.3,0,8919269,PHFV
2008-07-20T10:28:35,245026000,RYNDAM,KETCHIKAN,58.35283333,-135.0256667,169,169,13.3,0,8919269,PHFV
2008-07-20T10:28:24,245026000,RYNDAM,KETCHIKAN,58.3535,-135.026,169,169,13.3,0,8919269,PHFV
2008-07-20T10:28:14,245026000,RYNDAM,KETCHIKAN,58.354,-135.0261667,169,169,13.3,0,8919269,PHFV
2008-07-20T10:28:05,245026000,RYNDAM,KETCHIKAN,58.35466667,-135.0263333,169,169,13.3,0,8919269,PHFV
2008-07-20T10:27:55,245026000,RYNDAM,KETCHIKAN,58.35533333,-135.0266667,169,169,13.3,0,8919269,PHFV
2008-07-20T10:27:43,245026000,RYNDAM,KETCHIKAN,58.356,-135.0268333,169,169,13.3,0,8919269,PHFV
2008-07-20T10:27:35,245026000,RYNDAM,KETCHIKAN,58.3565,-135.027,169,169,13.3,0,8919269,PHFV
2008-07-20T10:27:24,245026000,RYNDAM,KETCHIKAN,58.35716667,-135.0271667,169,169,13.3,0,8919269,PHFV
2008-07-20T10:27:14,245026000,RYNDAM,KETCHIKAN,58.35766667,-135.0275,169,169,13.3,0,8919269,PHFV
2008-07-20T10:27:04,245026000,RYNDAM,KETCHIKAN,58.3585,-135.0276667,169,169,13.3,0,8919269,PHFV
2008-07-20T10:26:54,245026000,RYNDAM,KETCHIKAN,58.35883333,-135.0278333,169,169,13.3,0,8919269,PHFV
2008-07-20T10:26:43,245026000,RYNDAM,KETCHIKAN,58.35966667,-135.0281667,169,169,13.3,0,8919269,PHFV
2008-07-20T10:26:35,245026000,RYNDAM,KETCHIKAN,58.36016667,-135.0283333,169,169,13.3,0,8919269,PHFV
2008-07-20T10:26:24,245026000,RYNDAM,KETCHIKAN,58.36083333,-135.0286667,169,169,13.3,0,8919269,PHFV
2008-07-20T10:26:14,245026000,RYNDAM,KETCHIKAN,58.3615,-135.0288333,169,170,13.3,0,8919269,PHFV
2008-07-20T10:26:04,245026000,RYNDAM,KETCHIKAN,58.362,-135.029,169,170,13.3,0,8919269,PHFV
2008-07-20T10:25:55,245026000,RYNDAM,KETCHIKAN,58.3625,-135.0291667,169,169,13.3,0,8919269,PHFV
2008-07-20T10:25:44,245026000,RYNDAM,KETCHIKAN,58.36333333,-135.0295,169,169,13.3,0,8919269,PHFV
2008-07-20T10:25:35,245026000,RYNDAM,KETCHIKAN,58.36366667,-135.0296667,169,169,13.3,0,8919269,PHFV
2008-07-20T10:25:24,245026000,RYNDAM,KETCHIKAN,58.36433333,-135.0298333,169,169,13.3,0,8919269,PHFV
2008-07-20T10:25:14,245026000,RYNDAM,KETCHIKAN,58.365,-135.0301667,169,169,13.3,0,8919269,PHFV
2008-07-20T10:25:04,245026000,RYNDAM,KETCHIKAN,58.3655,-135.0303333,169,169,13.3,0,8919269,PHFV
2008-07-20T10:25:00,245026000,RYNDAM,KETCHIKAN,58.36616667,-135.0305,0,0,0.0,0,8919269,PHFV
2008-07-20T10:24:54,245026000,RYNDAM,KETCHIKAN,58.36616667,-135.0305,169,169,13.3,0,8919269,PHFV
2008-07-20T10:24:44,245026000,RYNDAM,KETCHIKAN,58.36683333,-135.0308333,169,169,13.3,0,8919269,PHFV
2008-07-20T10:24:35,245026000,RYNDAM,KETCHIKAN,58.36733333,-135.031,169,169,13.3,0,8919269,PHFV
2008-07-20T10:24:24,245026000,RYNDAM,KETCHIKAN,58.36816667,-135.0311667,169,170,13.3,0,8919269,PHFV
2008-07-20T10:24:15,245026000,RYNDAM,KETCHIKAN,58.3685,-135.0313333,169,170,13.3,0,8919269,PHFV
2008-07-20T10:24:04,245026000,RYNDAM,KETCHIKAN,58.36933333,-135.0316667,169,170,13.3,0,8919269,PHFV
2008-07-20T10:23:54,245026000,RYNDAM,KETCHIKAN,58.36983333,-135.0318333,169,170,13.3,0,8919269,PHFV
2008-07-20T10:23:44,245026000,RYNDAM,KETCHIKAN,58.37033333,-135.032,169,170,13.3,0,8919269,PHFV
2008-07-20T10:23:35,245026000,RYNDAM,KETCHIKAN,58.371,-135.0321667,169,170,13.4,0,8919269,PHFV
2008-07-20T10:23:24,245026000,RYNDAM,KETCHIKAN,58.37166667,-135.0325,169,170,13.4,0,8919269,PHFV
2008-07-20T10:23:15,245026000,RYNDAM,KETCHIKAN,58.37216667,-135.0326667,169,170,13.4,0,8919269,PHFV
2008-07-20T10:23:05,245026000,RYNDAM,KETCHIKAN,58.37283333,-135.0328333,169,170,13.4,0,8919269,PHFV
2008-07-20T10:22:55,245026000,RYNDAM,KETCHIKAN,58.3735,-135.033,169,170,13.4,0,8919269,PHFV
2008-07-20T10:22:44,245026000,RYNDAM,KETCHIKAN,58.374,-135.0333333,169,170,13.4,0,8919269,PHFV
2008-07-20T10:22:34,245026000,RYNDAM,KETCHIKAN,58.37466667,-135.0335,169,170,13.4,0,8919269,PHFV
2008-07-20T10:22:24,245026000,RYNDAM,KETCHIKAN,58.37533333,-135.0336667,169,170,13.4,0,8919269,PHFV
2008-07-20T10:22:15,245026000,RYNDAM,KETCHIKAN,58.37583333,-135.0338333,169,170,13.5,0,8919269,PHFV
2008-07-20T10:22:04,245026000,RYNDAM,KETCHIKAN,58.3765,-135.0341667,169,170,13.5,0,8919269,PHFV
2008-07-20T10:21:55,245026000,RYNDAM,KETCHIKAN,58.37716667,-135.0343333,169,170,13.5,0,8919269,PHFV
2008-07-20T10:21:44,245026000,RYNDAM,KETCHIKAN,58.37783333,-135.0345,169,170,13.5,0,8919269,PHFV
2008-07-20T10:21:34,245026000,RYNDAM,KETCHIKAN,58.37833333,-135.0346667,169,170,13.5,0,8919269,PHFV
2008-07-20T10:21:24,245026000,RYNDAM,KETCHIKAN,58.379,-135.035,169,170,13.5,0,8919269,PHFV
2008-07-20T10:21:15,245026000,RYNDAM,KETCHIKAN,58.3795,-135.0351667,169,170,13.6,0,8919269,PHFV
2008-07-20T10:21:04,245026000,RYNDAM,KETCHIKAN,58.38016667,-135.0353333,169,170,13.6,0,8919269,PHFV
2008-07-20T10:20:44,245026000,RYNDAM,KETCHIKAN,58.38133333,-135.0358333,169,169,13.6,0,8919269,PHFV
2008-07-20T10:20:34,245026000,RYNDAM,KETCHIKAN,58.382,-135.036,169,170,13.6,0,8919269,PHFV
2008-07-20T10:20:24,245026000,RYNDAM,KETCHIKAN,58.38266667,-135.0361667,169,170,13.7,0,8919269,PHFV
2008-07-20T10:20:15,245026000,RYNDAM,KETCHIKAN,58.38333333,-135.0365,169,170,13.7,0,8919269,PHFV
2008-07-20T10:20:04,245026000,RYNDAM,KETCHIKAN,58.38383333,-135.0366667,169,170,13.7,0,8919269,PHFV
2008-07-20T10:19:55,245026000,RYNDAM,KETCHIKAN,58.3845,-135.0368333,169,170,13.7,0,8919269,PHFV
2008-07-20T10:19:44,245026000,RYNDAM,KETCHIKAN,58.38533333,-135.0371667,169,170,13.7,0,8919269,PHFV
2008-07-20T10:19:34,245026000,RYNDAM,KETCHIKAN,58.38583333,-135.0373333,169,170,13.7,0,8919269,PHFV
2008-07-20T10:19:29,245026000,RYNDAM,KETCHIKAN,58.38616667,-135.0375,169,170,13.7,0,8919269,PHFV
2008-07-20T10:19:24,245026000,RYNDAM,KETCHIKAN,58.3865,-135.0376667,169,170,13.7,0,8919269,PHFV
2008-07-20T10:19:21,245026000,RYNDAM,KETCHIKAN,58.38666667,-135.0376667,169,170,13.8,0,8919269,PHFV
2008-07-20T10:19:16,245026000,RYNDAM,KETCHIKAN,58.38683333,-135.0376667,169,170,13.8,0,8919269,PHFV
2008-07-20T10:19:15,245026000,RYNDAM,KETCHIKAN,58.387,-135.0378333,169,170,13.8,0,8919269,PHFV
2008-07-20T10:19:09,245026000,RYNDAM,KETCHIKAN,58.38733333,-135.0378333,169,170,13.8,0,8919269,PHFV
2008-07-20T10:19:05,245026000,RYNDAM,KETCHIKAN,58.38766667,-135.038,169,170,13.8,0,8919269,PHFV
2008-07-20T10:19:00,245026000,RYNDAM,KETCHIKAN,58.388,-135.0381667,0,0,0.0,0,8919269,PHFV
2008-07-20T10:18:58,245026000,RYNDAM,KETCHIKAN,58.388,-135.0381667,169,170,13.8,0,8919269,PHFV
2008-07-20T10:18:52,245026000,RYNDAM,KETCHIKAN,58.38833333,-135.0381667,169,170,13.8,0,8919269,PHFV
2008-07-20T10:18:46,245026000,RYNDAM,KETCHIKAN,58.38883333,-135.0383333,169,170,13.8,0,8919269,PHFV
2008-07-20T10:18:44,245026000,RYNDAM,KETCHIKAN,58.38883333,-135.0385,169,170,13.8,0,8919269,PHFV
2008-07-20T10:18:40,245026000,RYNDAM,KETCHIKAN,58.38933333,-135.0385,169,170,13.8,0,8919269,PHFV
2008-07-20T10:18:34,245026000,RYNDAM,KETCHIKAN,58.3895,-135.0386667,169,170,13.8,0,8919269,PHFV
2008-07-20T10:18:28,245026000,RYNDAM,KETCHIKAN,58.38983333,-135.0388333,169,170,13.8,0,8919269,PHFV
2008-07-20T10:18:21,245026000,RYNDAM,KETCHIKAN,58.39033333,-135.039,169,170,13.8,0,8919269,PHFV
2008-07-20T10:18:17,245026000,RYNDAM,KETCHIKAN,58.39066667,-135.039,169,170,13.8,0,8919269,PHFV
2008-07-20T10:18:10,245026000,RYNDAM,KETCHIKAN,58.391,-135.0391667,169,170,13.8,0,8919269,PHFV
2008-07-20T10:18:05,245026000,RYNDAM,KETCHIKAN,58.39133333,-135.0393333,169,170,13.8,0,8919269,PHFV
2008-07-20T10:17:58,245026000,RYNDAM,KETCHIKAN,58.39183333,-135.0395,169,170,13.8,0,8919269,PHFV
2008-07-20T10:17:52,245026000,RYNDAM,KETCHIKAN,58.39216667,-135.0395,169,170,13.8,0,8919269,PHFV
2008-07-20T10:17:46,245026000,RYNDAM,KETCHIKAN,58.3925,-135.0396667,169,170,13.8,0,8919269,PHFV
2008-07-20T10:17:40,245026000,RYNDAM,KETCHIKAN,58.393,-135.0398333,169,170,13.8,0,8919269,PHFV
2008-07-20T10:17:34,245026000,RYNDAM,KETCHIKAN,58.39333333,-135.04,169,170,13.8,0,8919269,PHFV
2008-07-20T10:17:28,245026000,RYNDAM,KETCHIKAN,58.39383333,-135.0401667,169,170,13.8,0,8919269,PHFV
2008-07-20T10:17:21,245026000,RYNDAM,KETCHIKAN,58.39416667,-135.0403333,169,170,13.8,0,8919269,PHFV
2008-07-20T10:17:17,245026000,RYNDAM,KETCHIKAN,58.3945,-135.0403333,169,170,13.8,0,8919269,PHFV
2008-07-20T10:17:10,245026000,RYNDAM,KETCHIKAN,58.39483333,-135.0405,169,170,13.8,0,8919269,PHFV
2008-07-20T10:17:04,245026000,RYNDAM,KETCHIKAN,58.39533333,-135.0406667,169,170,13.8,0,8919269,PHFV
2008-07-20T10:16:58,245026000,RYNDAM,KETCHIKAN,58.39566667,-135.0408333,169,170,13.8,0,8919269,PHFV
2008-07-20T10:16:52,245026000,RYNDAM,KETCHIKAN,58.396,-135.0408333,169,170,13.9,0,8919269,PHFV
2008-07-20T10:16:46,245026000,RYNDAM,KETCHIKAN,58.39633333,-135.041,169,170,13.9,0,8919269,PHFV
2008-07-20T10:16:40,245026000,RYNDAM,KETCHIKAN,58.39683333,-135.0411667,169,170,13.9,0,8919269,PHFV
2008-07-20T10:16:34,245026000,RYNDAM,KETCHIKAN,58.39716667,-135.0413333,169,170,13.9,0,8919269,PHFV
2008-07-20T10:16:28,245026000,RYNDAM,KETCHIKAN,58.3975,-135.0413333,169,170,13.9,0,8919269,PHFV
2008-07-20T10:16:21,245026000,RYNDAM,KETCHIKAN,58.39783333,-135.0415,169,170,13.9,0,8919269,PHFV
2008-07-20T10:16:17,245026000,RYNDAM,KETCHIKAN,58.39816667,-135.0416667,169,170,13.9,0,8919269,PHFV
2008-07-20T10:16:10,245026000,RYNDAM,KETCHIKAN,58.39866667,-135.0418333,169,170,13.9,0,8919269,PHFV
2008-07-20T10:16:04,245026000,RYNDAM,KETCHIKAN,58.399,-135.042,169,170,13.9,0,8919269,PHFV
2008-07-20T10:15:58,245026000,RYNDAM,KETCHIKAN,58.39933333,-135.042,169,170,13.9,0,8919269,PHFV
2008-07-20T10:15:52,245026000,RYNDAM,KETCHIKAN,58.39966667,-135.0421667,169,170,13.9,0,8919269,PHFV
2008-07-20T10:15:46,245026000,RYNDAM,KETCHIKAN,58.40016667,-135.0423333,169,170,13.9,0,8919269,PHFV
2008-07-20T10:15:40,245026000,RYNDAM,KETCHIKAN,58.4005,-135.0425,169,170,13.9,0,8919269,PHFV
2008-07-20T10:15:34,245026000,RYNDAM,KETCHIKAN,58.40083333,-135.0425,169,170,13.9,0,8919269,PHFV
2008-07-20T10:15:28,245026000,RYNDAM,KETCHIKAN,58.40133333,-135.0426667,169,170,14.0,0,8919269,PHFV
2008-07-20T10:15:22,245026000,RYNDAM,KETCHIKAN,58.40166667,-135.0428333,169,170,14.0,0,8919269,PHFV
2008-07-20T10:15:16,245026000,RYNDAM,KETCHIKAN,58.402,-135.043,169,170,14.0,0,8919269,PHFV
2008-07-20T10:15:10,245026000,RYNDAM,KETCHIKAN,58.40233333,-135.043,169,170,14.0,0,8919269,PHFV
2008-07-20T10:15:04,245026000,RYNDAM,KETCHIKAN,58.40283333,-135.0431667,169,170,14.0,0,8919269,PHFV
2008-07-20T10:14:58,245026000,RYNDAM,KETCHIKAN,58.40316667,-135.0433333,169,170,14.0,0,8919269,PHFV
2008-07-20T10:14:52,245026000,RYNDAM,KETCHIKAN,58.4035,-135.0435,169,170,14.0,0,8919269,PHFV
2008-07-20T10:14:46,245026000,RYNDAM,KETCHIKAN,58.404,-135.0436667,169,170,14.0,0,8919269,PHFV
2008-07-20T10:14:40,245026000,RYNDAM,KETCHIKAN,58.40433333,-135.0436667,169,170,14.0,0,8919269,PHFV
2008-07-20T10:14:34,245026000,RYNDAM,KETCHIKAN,58.40466667,-135.0438333,169,170,14.0,0,8919269,PHFV
2008-07-20T10:14:28,245026000,RYNDAM,KETCHIKAN,58.405,-135.044,169,170,14.0,0,8919269,PHFV
2008-07-20T10:14:22,245026000,RYNDAM,KETCHIKAN,58.4055,-135.0441667,169,170,14.0,0,8919269,PHFV
2008-07-20T10:14:10,245026000,RYNDAM,KETCHIKAN,58.40616667,-135.0443333,169,170,14.0,0,8919269,PHFV
2008-07-20T10:14:04,245026000,RYNDAM,KETCHIKAN,58.40666667,-135.0445,169,170,14.0,0,8919269,PHFV
2008-07-20T10:13:58,245026000,RYNDAM,KETCHIKAN,58.407,-135.0446667,169,170,14.0,0,8919269,PHFV
2008-07-20T10:13:52,245026000,RYNDAM,KETCHIKAN,58.40733333,-135.0446667,169,170,14.0,0,8919269,PHFV
2008-07-20T10:13:46,245026000,RYNDAM,KETCHIKAN,58.40783333,-135.0448333,169,170,14.0,0,8919269,PHFV
2008-07-20T10:13:40,245026000,RYNDAM,KETCHIKAN,58.40816667,-135.045,169,170,14.0,0,8919269,PHFV
2008-07-20T10:13:34,245026000,RYNDAM,KETCHIKAN,58.4085,-135.0451667,169,170,14.0,0,8919269,PHFV
2008-07-20T10:13:28,245026000,RYNDAM,KETCHIKAN,58.40883333,-135.0453333,169,170,14.0,0,8919269,PHFV
2008-07-20T10:13:22,245026000,RYNDAM,KETCHIKAN,58.40933333,-135.0453333,169,170,14.0,0,8919269,PHFV
2008-07-20T10:13:16,245026000,RYNDAM,KETCHIKAN,58.40966667,-135.0455,169,170,14.0,0,8919269,PHFV
2008-07-20T10:13:10,245026000,RYNDAM,KETCHIKAN,58.41,-135.0456667,169,170,14.0,0,8919269,PHFV
2008-07-20T10:13:04,245026000,RYNDAM,KETCHIKAN,58.4105,-135.0458333,169,170,14.0,0,8919269,PHFV
2008-07-20T10:13:02,245026000,RYNDAM,KETCHIKAN,58.41083333,-135.0458333,0,0,0.0,0,8919269,PHFV
2008-07-20T10:12:58,245026000,RYNDAM,KETCHIKAN,58.41083333,-135.0458333,169,170,14.0,0,8919269,PHFV
2008-07-20T10:12:52,245026000,RYNDAM,KETCHIKAN,58.41116667,-135.046,169,171,14.0,0,8919269,PHFV
2008-07-20T10:12:46,245026000,RYNDAM,KETCHIKAN,58.4115,-135.0461667,169,171,14.0,0,8919269,PHFV
2008-07-20T10:12:40,245026000,RYNDAM,KETCHIKAN,58.412,-135.0463333,170,171,14.0,0,8919269,PHFV
2008-07-20T10:12:34,245026000,RYNDAM,KETCHIKAN,58.41233333,-135.0463333,169,171,14.0,0,8919269,PHFV
2008-07-20T10:12:28,245026000,RYNDAM,KETCHIKAN,58.41266667,-135.0465,169,170,14.0,0,8919269,PHFV
2008-07-20T10:12:22,245026000,RYNDAM,KETCHIKAN,58.41316667,-135.0466667,169,170,14.0,0,8919269,PHFV
2008-07-20T10:12:16,245026000,RYNDAM,KETCHIKAN,58.4135,-135.0466667,169,170,14.0,0,8919269,PHFV
2008-07-20T10:12:10,245026000,RYNDAM,KETCHIKAN,58.41383333,-135.0468333,169,170,14.0,0,8919269,PHFV
2008-07-20T10:12:04,245026000,RYNDAM,KETCHIKAN,58.41433333,-135.047,169,170,14.0,0,8919269,PHFV
2008-07-20T10:11:58,245026000,RYNDAM,KETCHIKAN,58.41466667,-135.0471667,169,170,14.0,0,8919269,PHFV
2008-07-20T10:11:52,245026000,RYNDAM,KETCHIKAN,58.415,-135.0471667,169,170,14.0,0,8919269,PHFV
2008-07-20T10:11:46,245026000,RYNDAM,KETCHIKAN,58.41533333,-135.0473333,169,170,14.0,0,8919269,PHFV
2008-07-20T10:11:40,245026000,RYNDAM,KETCHIKAN,58.41583333,-135.0475,169,171,14.0,0,8919269,PHFV
2008-07-20T10:11:34,245026000,RYNDAM,KETCHIKAN,58.41616667,-135.0476667,169,171,14.0,0,8919269,PHFV
2008-07-20T10:11:28,245026000,RYNDAM,KETCHIKAN,58.4165,-135.0476667,169,171,14.0,0,8919269,PHFV
2008-07-20T10:11:22,245026000,RYNDAM,KETCHIKAN,58.417,-135.0478333,169,171,14.0,0,8919269,PHFV
2008-07-20T10:11:16,245026000,RYNDAM,KETCHIKAN,58.41733333,-135.048,169,171,14.0,0,8919269,PHFV
2008-07-20T10:11:10,245026000,RYNDAM,KETCHIKAN,58.41766667,-135.0481667,169,171,14.0,0,8919269,PHFV
2008-07-20T10:11:04,245026000,RYNDAM,KETCHIKAN,58.41816667,-135.0481667,169,171,14.0,0,8919269,PHFV
2008-07-20T10:10:58,245026000,RYNDAM,KETCHIKAN,58.4185,-135.0483333,169,170,14.0,0,8919269,PHFV
2008-07-20T10:10:46,245026000,RYNDAM,KETCHIKAN,58.41916667,-135.0485,169,170,14.0,0,8919269,PHFV
2008-07-20T10:10:40,245026000,RYNDAM,KETCHIKAN,58.41966667,-135.0486667,169,170,14.1,0,8919269,PHFV
2008-07-20T10:10:34,245026000,RYNDAM,KETCHIKAN,58.42,-135.0488333,169,170,14.1,0,8919269,PHFV
2008-07-20T10:10:28,245026000,RYNDAM,KETCHIKAN,58.42033333,-135.049,169,170,14.1,0,8919269,PHFV
2008-07-20T10:10:22,245026000,RYNDAM,KETCHIKAN,58.42083333,-135.049,169,171,14.1,0,8919269,PHFV
2008-07-20T10:10:17,245026000,RYNDAM,KETCHIKAN,58.42116667,-135.0491667,169,171,14.1,0,8919269,PHFV
2008-07-20T10:10:10,245026000,RYNDAM,KETCHIKAN,58.4215,-135.0493333,169,171,14.1,0,8919269,PHFV
2008-07-20T10:10:04,245026000,RYNDAM,KETCHIKAN,58.422,-135.0495,169,171,14.1,0,8919269,PHFV
2008-07-20T10:09:58,245026000,RYNDAM,KETCHIKAN,58.42233333,-135.0495,169,171,14.1,0,8919269,PHFV
2008-07-20T10:09:52,245026000,RYNDAM,KETCHIKAN,58.42266667,-135.0496667,169,171,14.1,0,8919269,PHFV
2008-07-20T10:09:46,245026000,RYNDAM,KETCHIKAN,58.42316667,-135.0498333,169,170,14.1,0,8919269,PHFV
2008-07-20T10:09:40,245026000,RYNDAM,KETCHIKAN,58.4235,-135.0498333,169,171,14.1,0,8919269,PHFV
2008-07-20T10:09:34,245026000,RYNDAM,KETCHIKAN,58.42383333,-135.05,169,171,14.1,0,8919269,PHFV
2008-07-20T10:09:28,245026000,RYNDAM,KETCHIKAN,58.42416667,-135.0501667,169,171,14.1,0,8919269,PHFV
2008-07-20T10:09:22,245026000,RYNDAM,KETCHIKAN,58.42466667,-135.0503333,169,171,14.1,0,8919269,PHFV
2008-07-20T10:09:17,245026000,RYNDAM,KETCHIKAN,58.425,-135.0503333,169,171,14.0,0,8919269,PHFV
2008-07-20T10:09:10,245026000,RYNDAM,KETCHIKAN,58.42533333,-135.0505,169,171,14.0,0,8919269,PHFV
2008-07-20T10:09:04,245026000,RYNDAM,KETCHIKAN,58.42583333,-135.0506667,169,171,14.0,0,8919269,PHFV
2008-07-20T10:08:58,245026000,RYNDAM,KETCHIKAN,58.42616667,-135.0508333,169,171,14.0,0,8919269,PHFV
2008-07-20T10:08:52,245026000,RYNDAM,KETCHIKAN,58.4265,-135.0508333,169,171,14.0,0,8919269,PHFV
2008-07-20T10:08:46,245026000,RYNDAM,KETCHIKAN,58.427,-135.051,169,170,14.0,0,8919269,PHFV
2008-07-20T10:08:40,245026000,RYNDAM,KETCHIKAN,58.42733333,-135.0511667,169,170,14.0,0,8919269,PHFV
2008-07-20T10:08:34,245026000,RYNDAM,KETCHIKAN,58.42766667,-135.0511667,169,171,14.0,0,8919269,PHFV
2008-07-20T10:08:28,245026000,RYNDAM,KETCHIKAN,58.428,-135.0513333,169,171,14.0,0,8919269,PHFV
2008-07-20T10:08:22,245026000,RYNDAM,KETCHIKAN,58.4285,-135.0515,169,171,14.0,0,8919269,PHFV
2008-07-20T10:08:16,245026000,RYNDAM,KETCHIKAN,58.42883333,-135.0516667,169,171,14.0,0,8919269,PHFV
2008-07-20T10:08:10,245026000,RYNDAM,KETCHIKAN,58.42916667,-135.0516667,169,171,14.0,0,8919269,PHFV
2008-07-20T10:08:04,245026000,RYNDAM,KETCHIKAN,58.42966667,-135.0518333,169,171,14.0,0,8919269,PHFV
2008-07-20T10:07:52,245026000,RYNDAM,KETCHIKAN,58.43033333,-135.0521667,169,171,14.0,0,8919269,PHFV
2008-07-20T10:07:46,245026000,RYNDAM,KETCHIKAN,58.43083333,-135.0521667,169,171,14.0,0,8919269,PHFV
2008-07-20T10:07:40,245026000,RYNDAM,KETCHIKAN,58.43116667,-135.0523333,169,171,14.0,0,8919269,PHFV
2008-07-20T10:07:36,245026000,RYNDAM,KETCHIKAN,58.43133333,-135.0523333,169,171,14.0,0,8919269,PHFV
2008-07-20T10:07:34,245026000,RYNDAM,KETCHIKAN,58.4315,-135.0525,169,171,14.0,0,8919269,PHFV
2008-07-20T10:07:29,245026000,RYNDAM,KETCHIKAN,58.43183333,-135.0525,169,170,14.0,0,8919269,PHFV
2008-07-20T10:07:27,245026000,RYNDAM,KETCHIKAN,58.43183333,-135.0525,169,170,14.0,0,8919269,PHFV
2008-07-20T10:07:22,245026000,RYNDAM,KETCHIKAN,58.43233333,-135.0526667,169,170,14.0,0,8919269,PHFV
2008-07-20T10:07:16,245026000,RYNDAM,KETCHIKAN,58.43266667,-135.0528333,169,170,14.0,0,8919269,PHFV
2008-07-20T10:07:10,245026000,RYNDAM,KETCHIKAN,58.433,-135.053,169,171,14.0,0,8919269,PHFV
2008-07-20T10:07:08,245026000,RYNDAM,KETCHIKAN,58.43316667,-135.053,169,171,14.0,0,8919269,PHFV
2008-07-20T10:07:04,245026000,RYNDAM,KETCHIKAN,58.4335,-135.053,169,171,14.0,0,8919269,PHFV
2008-07-20T10:07:00,245026000,RYNDAM,KETCHIKAN,58.43383333,-135.0531667,0,0,0.0,0,8919269,PHFV
2008-07-20T10:06:58,245026000,RYNDAM,KETCHIKAN,58.43383333,-135.0531667,169,171,14.0,0,8919269,PHFV
2008-07-20T10:06:57,245026000,RYNDAM,KETCHIKAN,58.434,-135.0531667,169,171,14.0,0,8919269,PHFV
2008-07-20T10:06:52,245026000,RYNDAM,KETCHIKAN,58.43416667,-135.0533333,169,171,14.0,0,8919269,PHFV
2008-07-20T10:06:46,245026000,RYNDAM,KETCHIKAN,58.4345,-135.0535,169,171,14.0,0,8919269,PHFV
2008-07-20T10:06:36,245026000,RYNDAM,KETCHIKAN,58.43516667,-135.0536667,169,171,13.9,0,8919269,PHFV
2008-07-20T10:06:27,245026000,RYNDAM,KETCHIKAN,58.43566667,-135.0538333,169,171,13.9,0,8919269,PHFV
2008-07-20T10:06:17,245026000,RYNDAM,KETCHIKAN,58.4365,-135.054,170,171,13.9,0,8919269,PHFV
2008-07-20T10:06:07,245026000,RYNDAM,KETCHIKAN,58.437,-135.0541667,169,171,13.9,0,8919269,PHFV
2008-07-20T10:05:56,245026000,RYNDAM,KETCHIKAN,58.43783333,-135.0543333,169,171,13.9,0,8919269,PHFV
2008-07-20T10:05:46,245026000,RYNDAM,KETCHIKAN,58.43833333,-135.0546667,169,170,13.9,0,8919269,PHFV
2008-07-20T10:05:37,245026000,RYNDAM,KETCHIKAN,58.439,-135.0548333,169,170,13.9,0,8919269,PHFV
2008-07-20T10:05:27,245026000,RYNDAM,KETCHIKAN,58.4395,-135.055,169,170,13.8,0,8919269,PHFV
2008-07-20T10:05:16,245026000,RYNDAM,KETCHIKAN,58.44033333,-135.0551667,169,170,13.8,0,8919269,PHFV
2008-07-20T10:05:07,245026000,RYNDAM,KETCHIKAN,58.44083333,-135.0553333,169,170,13.8,0,8919269,PHFV
2008-07-20T10:04:56,245026000,RYNDAM,KETCHIKAN,58.4415,-135.0556667,169,171,13.8,0,8919269,PHFV
2008-07-20T10:04:47,245026000,RYNDAM,KETCHIKAN,58.442,-135.0558333,169,171,13.8,0,8919269,PHFV
2008-07-20T10:04:37,245026000,RYNDAM,KETCHIKAN,58.44266667,-135.056,169,171,13.7,0,8919269,PHFV
2008-07-20T10:04:27,245026000,RYNDAM,KETCHIKAN,58.4435,-135.0561667,169,171,13.7,0,8919269,PHFV
2008-07-20T10:04:16,245026000,RYNDAM,KETCHIKAN,58.444,-135.0563333,169,171,13.7,0,8919269,PHFV
2008-07-20T10:04:07,245026000,RYNDAM,KETCHIKAN,58.4445,-135.0565,169,171,13.7,0,8919269,PHFV
2008-07-20T10:03:56,245026000,RYNDAM,KETCHIKAN,58.44533333,-135.0568333,169,171,13.7,0,8919269,PHFV
2008-07-20T10:03:48,245026000,RYNDAM,KETCHIKAN,58.44583333,-135.057,169,171,13.7,0,8919269,PHFV
2008-07-20T10:03:37,245026000,RYNDAM,KETCHIKAN,58.4465,-135.0571667,169,171,13.6,0,8919269,PHFV
2008-07-20T10:03:27,245026000,RYNDAM,KETCHIKAN,58.447,-135.0573333,169,171,13.6,0,8919269,PHFV
2008-07-20T10:03:16,245026000,RYNDAM,KETCHIKAN,58.44783333,-135.0575,169,171,13.6,0,8919269,PHFV
2008-07-20T10:03:07,245026000,RYNDAM,KETCHIKAN,58.44833333,-135.0576667,169,171,13.6,0,8919269,PHFV
2008-07-20T10:02:56,245026000,RYNDAM,KETCHIKAN,58.449,-135.058,169,172,13.6,0,8919269,PHFV
2008-07-20T10:02:47,245026000,RYNDAM,KETCHIKAN,58.4495,-135.058,169,172,13.6,0,8919269,PHFV
2008-07-20T10:02:37,245026000,RYNDAM,KETCHIKAN,58.45016667,-135.0581667,170,172,13.6,0,8919269,PHFV
2008-07-20T10:02:27,245026000,RYNDAM,KETCHIKAN,58.45083333,-135.0585,169,172,13.6,0,8919269,PHFV
2008-07-20T10:02:16,245026000,RYNDAM,KETCHIKAN,58.4515,-135.0586667,169,172,13.5,0,8919269,PHFV
2008-07-20T10:02:07,245026000,RYNDAM,KETCHIKAN,58.45216667,-135.0588333,169,171,13.5,0,8919269,PHFV
2008-07-20T10:01:56,245026000,RYNDAM,KETCHIKAN,58.45283333,-135.059,169,171,13.5,0,8919269,PHFV
2008-07-20T10:01:48,245026000,RYNDAM,KETCHIKAN,58.45333333,-135.0591667,169,172,13.5,0,8919269,PHFV
2008-07-20T10:01:37,245026000,RYNDAM,KETCHIKAN,58.454,-135.0593333,169,172,13.5,0,8919269,PHFV
2008-07-20T10:01:27,245026000,RYNDAM,KETCHIKAN,58.45466667,-135.0595,170,172,13.5,0,8919269,PHFV
2008-07-20T10:01:16,245026000,RYNDAM,KETCHIKAN,58.45516667,-135.0596667,169,172,13.4,0,8919269,PHFV
2008-07-20T10:01:07,245026000,RYNDAM,KETCHIKAN,58.45566667,-135.0598333,169,172,13.4,0,8919269,PHFV
2008-07-20T10:01:01,245026000,RYNDAM,KETCHIKAN,58.4565,-135.06,0,0,0.0,0,8919269,PHFV
2008-07-20T10:00:56,245026000,RYNDAM,KETCHIKAN,58.4565,-135.06,169,172,13.4,0,8919269,PHFV
2008-07-20T10:00:47,245026000,RYNDAM,KETCHIKAN,58.457,-135.0601667,169,172,13.4,0,8919269,PHFV
2008-07-20T10:00:37,245026000,RYNDAM,KETCHIKAN,58.45766667,-135.0603333,169,172,13.4,0,8919269,PHFV
2008-07-20T10:00:27,245026000,RYNDAM,KETCHIKAN,58.45833333,-135.0605,169,172,13.4,0,8919269,PHFV
2008-07-20T10:00:16,245026000,RYNDAM,KETCHIKAN,58.45883333,-135.0606667,169,172,13.3,0,8919269,PHFV
2008-07-20T10:00:07,245026000,RYNDAM,KETCHIKAN,58.4595,-135.0608333,169,172,13.3,0,8919269,PHFV
2008-07-20T09:59:56,245026000,RYNDAM,KETCHIKAN,58.46016667,-135.061,169,172,13.3,0,8919269,PHFV
2008-07-20T09:59:47,245026000,RYNDAM,KETCHIKAN,58.46066667,-135.0611667,169,172,13.3,0,8919269,PHFV
2008-07-20T09:59:37,245026000,RYNDAM,KETCHIKAN,58.46133333,-135.0613333,169,172,13.3,0,8919269,PHFV
2008-07-20T09:59:27,245026000,RYNDAM,KETCHIKAN,58.462,-135.0615,169,172,13.3,0,8919269,PHFV
2008-07-20T09:59:16,245026000,RYNDAM,KETCHIKAN,58.4625,-135.0616667,169,172,13.3,0,8919269,PHFV
2008-07-20T09:59:07,245026000,RYNDAM,KETCHIKAN,58.46316667,-135.0618333,169,172,13.3,0,8919269,PHFV
2008-07-20T09:58:56,245026000,RYNDAM,KETCHIKAN,58.46383333,-135.062,169,172,13.3,0,8919269,PHFV
2008-07-20T09:58:47,245026000,RYNDAM,KETCHIKAN,58.46433333,-135.0621667,169,172,13.2,0,8919269,PHFV
2008-07-20T09:58:37,245026000,RYNDAM,KETCHIKAN,58.465,-135.0623333,169,172,13.2,0,8919269,PHFV
2008-07-20T09:58:27,245026000,RYNDAM,KETCHIKAN,58.46566667,-135.0625,169,172,13.2,0,8919269,PHFV
2008-07-20T09:58:16,245026000,RYNDAM,KETCHIKAN,58.46616667,-135.0626667,169,172,13.2,0,8919269,PHFV
2008-07-20T09:58:07,245026000,RYNDAM,KETCHIKAN,58.46683333,-135.0628333,169,172,13.2,0,8919269,PHFV
2008-07-20T09:57:46,245026000,RYNDAM,KETCHIKAN,58.468,-135.063,169,172,13.1,0,8919269,PHFV
2008-07-20T09:57:38,245026000,RYNDAM,KETCHIKAN,58.4685,-135.0631667,169,172,13.1,0,8919269,PHFV
2008-07-20T09:57:27,245026000,RYNDAM,KETCHIKAN,58.46916667,-135.0633333,169,172,13.1,0,8919269,PHFV
2008-07-20T09:57:16,245026000,RYNDAM,KETCHIKAN,58.46983333,-135.0635,169,172,13.1,0,8919269,PHFV
2008-07-20T09:57:07,245026000,RYNDAM,KETCHIKAN,58.47033333,-135.0636667,169,172,13.1,0,8919269,PHFV
2008-07-20T09:56:56,245026000,RYNDAM,KETCHIKAN,58.471,-135.0638333,169,172,13.1,0,8919269,PHFV
2008-07-20T09:56:46,245026000,RYNDAM,KETCHIKAN,58.47166667,-135.064,169,172,13.1,0,8919269,PHFV
2008-07-20T09:56:38,245026000,RYNDAM,KETCHIKAN,58.472,-135.0641667,169,172,13.1,0,8919269,PHFV
2008-07-20T09:56:27,245026000,RYNDAM,KETCHIKAN,58.47283333,-135.0643333,169,172,13.1,0,8919269,PHFV
2008-07-20T09:56:16,245026000,RYNDAM,KETCHIKAN,58.47333333,-135.0645,169,172,13.0,0,8919269,PHFV
2008-07-20T09:56:07,245026000,RYNDAM,KETCHIKAN,58.474,-135.0646667,169,172,13.0,0,8919269,PHFV
2008-07-20T09:55:56,245026000,RYNDAM,KETCHIKAN,58.47466667,-135.0648333,169,173,13.0,0,8919269,PHFV
2008-07-20T09:55:46,245026000,RYNDAM,KETCHIKAN,58.47516667,-135.065,169,173,13.0,0,8919269,PHFV
2008-07-20T09:55:38,245026000,RYNDAM,KETCHIKAN,58.47566667,-135.065,169,173,13.0,0,8919269,PHFV
2008-07-20T09:55:27,245026000,RYNDAM,KETCHIKAN,58.47633333,-135.0651667,169,173,13.0,0,8919269,PHFV
2008-07-20T09:54:59,245026000,RYNDAM,KETCHIKAN,58.48,-135.0661667,0,0,0.0,0,8919269,PHFV
2008-07-20T09:54:26,245026000,RYNDAM,KETCHIKAN,58.48,-135.0661667,169,173,12.9,0,8919269,PHFV
2008-07-20T09:54:07,245026000,RYNDAM,KETCHIKAN,58.48116667,-135.0663333,169,173,12.8,0,8919269,PHFV
2008-07-20T09:53:57,245026000,RYNDAM,KETCHIKAN,58.48166667,-135.0665,169,173,12.8,0,8919269,PHFV
2008-07-20T09:53:46,245026000,RYNDAM,KETCHIKAN,58.48233333,-135.0666667,169,173,12.8,0,8919269,PHFV
2008-07-20T09:53:38,245026000,RYNDAM,KETCHIKAN,58.48283333,-135.0668333,169,173,12.8,0,8919269,PHFV
2008-07-20T09:53:26,245026000,RYNDAM,KETCHIKAN,58.4835,-135.067,169,173,12.8,0,8919269,PHFV
2008-07-20T09:53:16,245026000,RYNDAM,KETCHIKAN,58.484,-135.067,169,173,12.7,0,8919269,PHFV
2008-07-20T09:53:07,245026000,RYNDAM,KETCHIKAN,58.48466667,-135.0671667,169,173,12.7,0,8919269,PHFV
2008-07-20T09:52:57,245026000,RYNDAM,KETCHIKAN,58.48516667,-135.0673333,169,173,12.7,0,8919269,PHFV
2008-07-20T09:52:47,245026000,RYNDAM,KETCHIKAN,58.48566667,-135.0675,169,173,12.7,0,8919269,PHFV
2008-07-20T09:52:38,245026000,RYNDAM,KETCHIKAN,58.48633333,-135.0675,169,173,12.7,0,8919269,PHFV
2008-07-20T09:52:26,245026000,RYNDAM,KETCHIKAN,58.487,-135.0676667,169,173,12.7,0,8919269,PHFV
2008-07-20T09:52:16,245026000,RYNDAM,KETCHIKAN,58.4875,-135.0678333,169,173,12.7,0,8919269,PHFV
2008-07-20T09:52:07,245026000,RYNDAM,KETCHIKAN,58.48816667,-135.068,169,173,12.7,0,8919269,PHFV
2008-07-20T09:51:57,245026000,RYNDAM,KETCHIKAN,58.48866667,-135.0681667,169,173,12.7,0,8919269,PHFV
2008-07-20T09:51:47,245026000,RYNDAM,KETCHIKAN,58.48933333,-135.0683333,169,173,12.7,0,8919269,PHFV
2008-07-20T09:51:38,245026000,RYNDAM,KETCHIKAN,58.48983333,-135.0683333,169,173,12.7,0,8919269,PHFV
2008-07-20T09:51:27,245026000,RYNDAM,KETCHIKAN,58.4905,-135.0685,169,173,12.7,0,8919269,PHFV
2008-07-20T09:51:16,245026000,RYNDAM,KETCHIKAN,58.491,-135.0686667,169,173,12.7,0,8919269,PHFV
2008-07-20T09:51:07,245026000,RYNDAM,KETCHIKAN,58.4915,-135.0688333,169,173,12.7,0,8919269,PHFV
2008-07-20T09:50:57,245026000,RYNDAM,KETCHIKAN,58.49216667,-135.069,169,173,12.7,0,8919269,PHFV
2008-07-20T09:50:47,245026000,RYNDAM,KETCHIKAN,58.49266667,-135.069,169,173,12.6,0,8919269,PHFV
2008-07-20T09:50:38,245026000,RYNDAM,KETCHIKAN,58.49333333,-135.0691667,169,173,12.7,0,8919269,PHFV
2008-07-20T09:50:26,245026000,RYNDAM,KETCHIKAN,58.494,-135.0693333,169,173,12.7,0,8919269,PHFV
2008-07-20T09:50:16,245026000,RYNDAM,KETCHIKAN,58.4945,-135.0695,169,173,12.7,0,8919269,PHFV
2008-07-20T09:50:07,245026000,RYNDAM,KETCHIKAN,58.495,-135.0696667,169,173,12.7,0,8919269,PHFV
2008-07-20T09:49:57,245026000,RYNDAM,KETCHIKAN,58.4955,-135.0698333,169,173,12.7,0,8919269,PHFV
2008-07-20T09:49:47,245026000,RYNDAM,KETCHIKAN,58.49633333,-135.07,169,173,12.7,0,8919269,PHFV
2008-07-20T09:49:36,245026000,RYNDAM,KETCHIKAN,58.49683333,-135.0701667,169,173,12.7,0,8919269,PHFV
2008-07-20T09:49:27,245026000,RYNDAM,KETCHIKAN,58.4975,-135.0703333,169,173,12.7,0,8919269,PHFV
2008-07-20T09:49:07,245026000,RYNDAM,KETCHIKAN,58.49866667,-135.0705,169,173,12.8,0,8919269,PHFV
2008-07-20T09:49:00,245026000,RYNDAM,KETCHIKAN,58.49916667,-135.0706667,0,0,0.0,0,8919269,PHFV
2008-07-20T09:48:57,245026000,RYNDAM,KETCHIKAN,58.49916667,-135.0706667,169,173,12.7,0,8919269,PHFV
2008-07-20T09:48:47,245026000,RYNDAM,KETCHIKAN,58.49983333,-135.0708333,169,173,12.7,0,8919269,PHFV
2008-07-20T09:48:36,245026000,RYNDAM,KETCHIKAN,58.50033333,-135.071,169,173,12.8,0,8919269,PHFV
2008-07-20T09:48:27,245026000,RYNDAM,KETCHIKAN,58.501,-135.0711667,169,172,12.8,0,8919269,PHFV
2008-07-20T09:48:17,245026000,RYNDAM,KETCHIKAN,58.5015,-135.0713333,169,172,12.8,0,8919269,PHFV
2008-07-20T09:48:07,245026000,RYNDAM,KETCHIKAN,58.502,-135.0713333,169,172,12.8,0,8919269,PHFV
2008-07-20T09:47:57,245026000,RYNDAM,KETCHIKAN,58.5025,-135.0715,169,172,12.8,0,8919269,PHFV
2008-07-20T09:47:47,245026000,RYNDAM,KETCHIKAN,58.50316667,-135.0716667,169,172,12.8,0,8919269,PHFV
2008-07-20T09:47:36,245026000,RYNDAM,KETCHIKAN,58.50383333,-135.0718333,169,172,12.8,0,8919269,PHFV
2008-07-20T09:47:27,245026000,RYNDAM,KETCHIKAN,58.5045,-135.072,169,172,12.8,0,8919269,PHFV
2008-07-20T09:47:17,245026000,RYNDAM,KETCHIKAN,58.505,-135.0721667,169,172,12.8,0,8919269,PHFV
2008-07-20T09:47:07,245026000,RYNDAM,KETCHIKAN,58.50566667,-135.0723333,169,172,12.8,0,8919269,PHFV
2008-07-20T09:46:47,245026000,RYNDAM,KETCHIKAN,58.50683333,-135.0726667,169,172,12.8,0,8919269,PHFV
2008-07-20T09:46:36,245026000,RYNDAM,KETCHIKAN,58.50733333,-135.0728333,169,172,12.9,0,8919269,PHFV
2008-07-20T09:46:28,245026000,RYNDAM,KETCHIKAN,58.50783333,-135.0728333,169,172,12.9,0,8919269,PHFV
2008-07-20T09:46:17,245026000,RYNDAM,KETCHIKAN,58.5085,-135.0731667,169,172,12.9,0,8919269,PHFV
2008-07-20T09:46:07,245026000,RYNDAM,KETCHIKAN,58.509,-135.0731667,169,172,12.9,0,8919269,PHFV
2008-07-20T09:45:56,245026000,RYNDAM,KETCHIKAN,58.50966667,-135.0733333,169,172,12.9,0,8919269,PHFV
2008-07-20T09:45:47,245026000,RYNDAM,KETCHIKAN,58.51016667,-135.0735,169,172,12.9,0,8919269,PHFV
2008-07-20T09:45:37,245026000,RYNDAM,KETCHIKAN,58.511,-135.0736667,169,172,12.9,0,8919269,PHFV
2008-07-20T09:45:17,245026000,RYNDAM,KETCHIKAN,58.51216667,-135.074,169,172,12.9,0,8919269,PHFV
2008-07-20T09:44:37,245026000,RYNDAM,KETCHIKAN,58.5145,-135.0746667,169,172,13.0,0,8919269,PHFV
2008-07-20T09:43:56,245026000,RYNDAM,KETCHIKAN,58.51683333,-135.0753333,169,172,13.0,0,8919269,PHFV
2008-07-20T09:43:28,245026000,RYNDAM,KETCHIKAN,58.5185,-135.0758333,169,172,13.0,0,8919269,PHFV
2008-07-20T09:43:17,245026000,RYNDAM,KETCHIKAN,58.51916667,-135.076,169,172,13.0,0,8919269,PHFV
2008-07-20T09:43:07,245026000,RYNDAM,KETCHIKAN,58.51983333,-135.0761667,169,171,13.0,0,8919269,PHFV
2008-07-20T09:42:56,245026000,RYNDAM,KETCHIKAN,58.52033333,-135.0763333,169,171,13.0,0,8919269,PHFV
2008-07-20T09:42:27,245026000,RYNDAM,KETCHIKAN,58.522,-135.0768333,169,171,13.0,0,8919269,PHFV
2008-07-20T09:42:17,245026000,RYNDAM,KETCHIKAN,58.52266667,-135.077,169,171,13.0,0,8919269,PHFV
2008-07-20T09:42:07,245026000,RYNDAM,KETCHIKAN,58.52333333,-135.0771667,169,172,13.0,0,8919269,PHFV
2008-07-20T09:41:47,245026000,RYNDAM,KETCHIKAN,58.5245,-135.0775,169,172,13.1,0,8919269,PHFV
2008-07-20T09:41:37,245026000,RYNDAM,KETCHIKAN,58.52516667,-135.0776667,169,172,13.1,0,8919269,PHFV
2008-07-20T09:41:27,245026000,RYNDAM,KETCHIKAN,58.52566667,-135.0778333,169,172,13.1,0,8919269,PHFV
2008-07-20T09:41:06,245026000,RYNDAM,KETCHIKAN,58.527,-135.0781667,169,171,13.1,0,8919269,PHFV
2008-07-20T09:40:47,245026000,RYNDAM,KETCHIKAN,58.528,-135.0785,169,171,13.1,0,8919269,PHFV
2008-07-20T09:40:27,245026000,RYNDAM,KETCHIKAN,58.52916667,-135.0788333,169,171,13.1,0,8919269,PHFV
2008-07-20T09:40:07,245026000,RYNDAM,KETCHIKAN,58.5305,-135.0793333,169,171,13.2,0,8919269,PHFV
2008-07-20T09:39:57,245026000,RYNDAM,KETCHIKAN,58.531,-135.0793333,169,171,13.2,0,8919269,PHFV
2008-07-20T09:39:47,245026000,RYNDAM,KETCHIKAN,58.53166667,-135.0796667,169,171,13.2,0,8919269,PHFV
2008-07-20T09:39:37,245026000,RYNDAM,KETCHIKAN,58.53233333,-135.0798333,169,171,13.2,0,8919269,PHFV
2008-07-20T09:39:27,245026000,RYNDAM,KETCHIKAN,58.533,-135.08,169,172,13.3,0,8919269,PHFV
2008-07-20T09:39:17,245026000,RYNDAM,KETCHIKAN,58.5335,-135.0801667,169,172,13.3,0,8919269,PHFV
2008-07-20T09:38:57,245026000,RYNDAM,KETCHIKAN,58.53483333,-135.0805,169,172,13.3,0,8919269,PHFV
2008-07-20T09:38:47,245026000,RYNDAM,KETCHIKAN,58.53533333,-135.0806667,169,172,13.3,0,8919269,PHFV
2008-07-20T09:38:36,245026000,RYNDAM,KETCHIKAN,58.536,-135.0808333,169,172,13.4,0,8919269,PHFV
2008-07-20T09:38:27,245026000,RYNDAM,KETCHIKAN,58.5365,-135.081,169,172,13.4,0,8919269,PHFV
2008-07-20T09:38:17,245026000,RYNDAM,KETCHIKAN,58.537,-135.0811667,169,172,13.4,0,8919269,PHFV
2008-07-20T09:38:07,245026000,RYNDAM,KETCHIKAN,58.53766667,-135.0813333,169,172,13.4,0,8919269,PHFV
2008-07-20T09:37:57,245026000,RYNDAM,KETCHIKAN,58.53833333,-135.0815,169,171,13.5,0,8919269,PHFV
2008-07-20T09:37:47,245026000,RYNDAM,KETCHIKAN,58.539,-135.0816667,169,171,13.5,0,8919269,PHFV
2008-07-20T09:37:37,245026000,RYNDAM,KETCHIKAN,58.5395,-135.0818333,169,172,13.5,0,8919269,PHFV
2008-07-20T09:37:27,245026000,RYNDAM,KETCHIKAN,58.54016667,-135.082,169,172,13.5,0,8919269,PHFV
2008-07-20T09:37:17,245026000,RYNDAM,KETCHIKAN,58.54083333,-135.0821667,169,172,13.5,0,8919269,PHFV
2008-07-20T09:37:07,245026000,RYNDAM,KETCHIKAN,58.5415,-135.0823333,169,172,13.5,0,8919269,PHFV
2008-07-20T09:37:00,245026000,RYNDAM,KETCHIKAN,58.54216667,-135.0825,0,0,0.0,0,8919269,PHFV
2008-07-20T09:36:56,245026000,RYNDAM,KETCHIKAN,58.54216667,-135.0825,169,172,13.5,0,8919269,PHFV
2008-07-20T09:36:47,245026000,RYNDAM,KETCHIKAN,58.54283333,-135.0826667,169,172,13.6,0,8919269,PHFV
2008-07-20T09:36:37,245026000,RYNDAM,KETCHIKAN,58.54333333,-135.0828333,169,172,13.6,0,8919269,PHFV
2008-07-20T09:36:27,245026000,RYNDAM,KETCHIKAN,58.544,-135.083,169,172,13.6,0,8919269,PHFV
2008-07-20T09:36:17,245026000,RYNDAM,KETCHIKAN,58.5445,-135.0831667,169,172,13.6,0,8919269,PHFV
2008-07-20T09:36:07,245026000,RYNDAM,KETCHIKAN,58.54516667,-135.0833333,169,172,13.6,0,8919269,PHFV
2008-07-20T09:35:56,245026000,RYNDAM,KETCHIKAN,58.54583333,-135.0835,169,172,13.6,0,8919269,PHFV
2008-07-20T09:35:47,245026000,RYNDAM,KETCHIKAN,58.54633333,-135.0836667,169,172,13.6,0,8919269,PHFV
2008-07-20T09:35:37,245026000,RYNDAM,KETCHIKAN,58.54716667,-135.0838333,169,172,13.6,0,8919269,PHFV
2008-07-20T09:35:27,245026000,RYNDAM,KETCHIKAN,58.54766667,-135.084,169,172,13.5,0,8919269,PHFV
2008-07-20T09:35:17,245026000,RYNDAM,KETCHIKAN,58.54816667,-135.0841667,169,172,13.5,0,8919269,PHFV
2008-07-20T09:35:07,245026000,RYNDAM,KETCHIKAN,58.54883333,-135.0843333,169,172,13.5,0,8919269,PHFV
2008-07-20T09:34:56,245026000,RYNDAM,KETCHIKAN,58.5495,-135.0845,169,172,13.5,0,8919269,PHFV
2008-07-20T09:34:47,245026000,RYNDAM,KETCHIKAN,58.55016667,-135.0846667,169,172,13.5,0,8919269,PHFV
2008-07-20T09:34:37,245026000,RYNDAM,KETCHIKAN,58.55066667,-135.0848333,169,172,13.4,0,8919269,PHFV
2008-07-20T09:34:27,245026000,RYNDAM,KETCHIKAN,58.5515,-135.085,169,172,13.4,0,8919269,PHFV
2008-07-20T09:34:17,245026000,RYNDAM,KETCHIKAN,58.552,-135.0851667,169,172,13.4,0,8919269,PHFV
2008-07-20T09:34:07,245026000,RYNDAM,KETCHIKAN,58.55266667,-135.0853333,169,172,13.4,0,8919269,PHFV
2008-07-20T09:33:56,245026000,RYNDAM,KETCHIKAN,58.55333333,-135.0855,169,172,13.3,0,8919269,PHFV
2008-07-20T09:33:47,245026000,RYNDAM,KETCHIKAN,58.55383333,-135.0856667,169,172,13.3,0,8919269,PHFV
2008-07-20T09:33:37,245026000,RYNDAM,KETCHIKAN,58.5545,-135.0858333,169,173,13.3,0,8919269,PHFV
2008-07-20T09:33:27,245026000,RYNDAM,KETCHIKAN,58.55516667,-135.086,169,173,13.3,0,8919269,PHFV
2008-07-20T09:33:17,245026000,RYNDAM,KETCHIKAN,58.5555,-135.0861667,169,173,13.3,0,8919269,PHFV
2008-07-20T09:33:06,245026000,RYNDAM,KETCHIKAN,58.55633333,-135.0863333,169,173,13.2,0,8919269,PHFV
2008-07-20T09:32:56,245026000,RYNDAM,KETCHIKAN,58.55683333,-135.0865,169,173,13.2,0,8919269,PHFV
2008-07-20T09:32:47,245026000,RYNDAM,KETCHIKAN,58.5575,-135.0866667,169,173,13.2,0,8919269,PHFV
2008-07-20T09:32:37,245026000,RYNDAM,KETCHIKAN,58.558,-135.0866667,169,173,13.2,0,8919269,PHFV
2008-07-20T09:32:27,245026000,RYNDAM,KETCHIKAN,58.55866667,-135.0868333,169,173,13.1,0,8919269,PHFV
2008-07-20T09:32:17,245026000,RYNDAM,KETCHIKAN,58.55916667,-135.087,169,173,13.1,0,8919269,PHFV
2008-07-20T09:32:06,245026000,RYNDAM,KETCHIKAN,58.56,-135.0871667,169,173,13.1,0,8919269,PHFV
2008-07-20T09:31:56,245026000,RYNDAM,KETCHIKAN,58.5605,-135.0873333,169,173,13.1,0,8919269,PHFV
2008-07-20T09:31:47,245026000,RYNDAM,KETCHIKAN,58.56116667,-135.0875,169,174,13.1,0,8919269,PHFV
2008-07-20T09:31:37,245026000,RYNDAM,KETCHIKAN,58.56166667,-135.0875,169,174,13.1,0,8919269,PHFV
2008-07-20T09:31:27,245026000,RYNDAM,KETCHIKAN,58.56233333,-135.0876667,170,175,13.1,0,8919269,PHFV
2008-07-20T09:31:17,245026000,RYNDAM,KETCHIKAN,58.563,-135.0878333,172,176,13.1,0,8919269,PHFV
2008-07-20T09:31:06,245026000,RYNDAM,KETCHIKAN,58.5635,-135.0878333,173,177,13.1,0,8919269,PHFV
2008-07-20T09:31:01,245026000,RYNDAM,KETCHIKAN,58.56416667,-135.088,0,0,0.0,0,8919269,PHFV
2008-07-20T09:30:56,245026000,RYNDAM,KETCHIKAN,58.56416667,-135.088,174,178,13.1,0,8919269,PHFV
2008-07-20T09:30:47,245026000,RYNDAM,KETCHIKAN,58.56466667,-135.088,175,178,13.1,0,8919269,PHFV
2008-07-20T09:30:37,245026000,RYNDAM,KETCHIKAN,58.56533333,-135.088,175,178,13.1,0,8919269,PHFV
2008-07-20T09:30:27,245026000,RYNDAM,KETCHIKAN,58.566,-135.088,175,178,13.1,0,8919269,PHFV
2008-07-20T09:30:17,245026000,RYNDAM,KETCHIKAN,58.5665,-135.0881667,175,178,13.1,0,8919269,PHFV
2008-07-20T09:30:06,245026000,RYNDAM,KETCHIKAN,58.56716667,-135.0881667,175,178,13.1,0,8919269,PHFV
2008-07-20T09:29:56,245026000,RYNDAM,KETCHIKAN,58.56783333,-135.0881667,175,178,13.1,0,8919269,PHFV
2008-07-20T09:29:47,245026000,RYNDAM,KETCHIKAN,58.56833333,-135.0881667,175,178,13.1,0,8919269,PHFV
2008-07-20T09:29:36,245026000,RYNDAM,KETCHIKAN,58.569,-135.0881667,175,178,13.1,0,8919269,PHFV
2008-07-20T09:29:27,245026000,RYNDAM,KETCHIKAN,58.56966667,-135.0883333,175,178,13.1,0,8919269,PHFV
2008-07-20T09:29:17,245026000,RYNDAM,KETCHIKAN,58.57016667,-135.0883333,175,178,13.1,0,8919269,PHFV
2008-07-20T09:29:06,245026000,RYNDAM,KETCHIKAN,58.57083333,-135.0883333,175,178,13.1,0,8919269,PHFV
2008-07-20T09:28:56,245026000,RYNDAM,KETCHIKAN,58.57133333,-135.0883333,175,178,13.1,0,8919269,PHFV
2008-07-20T09:28:47,245026000,RYNDAM,KETCHIKAN,58.572,-135.0885,175,178,13.1,0,8919269,PHFV
2008-07-20T09:28:36,245026000,RYNDAM,KETCHIKAN,58.57266667,-135.0885,175,177,13.0,0,8919269,PHFV
2008-07-20T09:28:27,245026000,RYNDAM,KETCHIKAN,58.57316667,-135.0885,175,177,13.0,0,8919269,PHFV
2008-07-20T09:28:17,245026000,RYNDAM,KETCHIKAN,58.57383333,-135.0886667,175,177,13.0,0,8919269,PHFV
2008-07-20T09:28:06,245026000,RYNDAM,KETCHIKAN,58.5745,-135.0886667,175,178,13.0,0,8919269,PHFV
2008-07-20T09:27:56,245026000,RYNDAM,KETCHIKAN,58.575,-135.0886667,175,178,13.1,0,8919269,PHFV
2008-07-20T09:27:47,245026000,RYNDAM,KETCHIKAN,58.5755,-135.0886667,175,178,13.1,0,8919269,PHFV
2008-07-20T09:27:36,245026000,RYNDAM,KETCHIKAN,58.57616667,-135.0888333,175,178,13.1,0,8919269,PHFV
2008-07-20T09:27:27,245026000,RYNDAM,KETCHIKAN,58.57666667,-135.0888333,175,178,13.1,0,8919269,PHFV
2008-07-20T09:27:17,245026000,RYNDAM,KETCHIKAN,58.57733333,-135.0888333,175,178,13.1,0,8919269,PHFV
2008-07-20T09:27:06,245026000,RYNDAM,KETCHIKAN,58.578,-135.089,175,178,13.1,0,8919269,PHFV
2008-07-20T09:26:47,245026000,RYNDAM,KETCHIKAN,58.57916667,-135.089,175,177,13.1,0,8919269,PHFV
2008-07-20T09:26:36,245026000,RYNDAM,KETCHIKAN,58.57983333,-135.089,175,177,13.1,0,8919269,PHFV
2008-07-20T09:26:28,245026000,RYNDAM,KETCHIKAN,58.58033333,-135.0891667,175,177,13.1,0,8919269,PHFV
2008-07-20T09:26:17,245026000,RYNDAM,KETCHIKAN,58.581,-135.0891667,175,178,13.1,0,8919269,PHFV
2008-07-20T09:26:06,245026000,RYNDAM,KETCHIKAN,58.58166667,-135.0891667,175,177,13.1,0,8919269,PHFV
2008-07-20T09:25:56,245026000,RYNDAM,KETCHIKAN,58.58233333,-135.0893333,175,177,13.1,0,8919269,PHFV
2008-07-20T09:25:47,245026000,RYNDAM,KETCHIKAN,58.58266667,-135.0893333,175,177,13.1,0,8919269,PHFV
2008-07-20T09:25:36,245026000,RYNDAM,KETCHIKAN,58.5835,-135.0893333,175,177,13.1,0,8919269,PHFV
2008-07-20T09:25:28,245026000,RYNDAM,KETCHIKAN,58.584,-135.0895,175,177,13.1,0,8919269,PHFV
2008-07-20T09:25:18,245026000,RYNDAM,KETCHIKAN,58.5845,-135.0895,175,177,13.1,0,8919269,PHFV
2008-07-20T09:25:06,245026000,RYNDAM,KETCHIKAN,58.58533333,-135.0895,175,177,13.1,0,8919269,PHFV
2008-07-20T09:25:02,245026000,RYNDAM,KETCHIKAN,58.58583333,-135.0896667,0,0,0.0,0,8919269,PHFV
2008-07-20T09:24:56,245026000,RYNDAM,KETCHIKAN,58.58583333,-135.0896667,175,177,13.1,0,8919269,PHFV
2008-07-20T09:24:47,245026000,RYNDAM,KETCHIKAN,58.58633333,-135.0896667,175,177,13.1,0,8919269,PHFV
2008-07-20T09:24:36,245026000,RYNDAM,KETCHIKAN,58.58716667,-135.0896667,175,177,13.1,0,8919269,PHFV
2008-07-20T09:24:28,245026000,RYNDAM,KETCHIKAN,58.58766667,-135.0898333,175,177,13.2,0,8919269,PHFV
2008-07-20T09:24:18,245026000,RYNDAM,KETCHIKAN,58.58816667,-135.0898333,175,177,13.2,0,8919269,PHFV
2008-07-20T09:24:06,245026000,RYNDAM,KETCHIKAN,58.589,-135.09,175,177,13.2,0,8919269,PHFV
2008-07-20T09:23:56,245026000,RYNDAM,KETCHIKAN,58.5895,-135.09,175,177,13.2,0,8919269,PHFV
2008-07-20T09:23:47,245026000,RYNDAM,KETCHIKAN,58.59016667,-135.09,175,177,13.2,0,8919269,PHFV
2008-07-20T09:23:36,245026000,RYNDAM,KETCHIKAN,58.59066667,-135.0901667,175,177,13.2,0,8919269,PHFV
2008-07-20T09:23:28,245026000,RYNDAM,KETCHIKAN,58.59116667,-135.0901667,175,177,13.3,0,8919269,PHFV
2008-07-20T09:23:06,245026000,RYNDAM,KETCHIKAN,58.5925,-135.0903333,175,176,13.3,0,8919269,PHFV
2008-07-20T09:22:47,245026000,RYNDAM,KETCHIKAN,58.59366667,-135.0905,175,176,13.3,0,8919269,PHFV
2008-07-20T09:22:36,245026000,RYNDAM,KETCHIKAN,58.5945,-135.0905,175,176,13.3,0,8919269,PHFV
2008-07-20T09:22:28,245026000,RYNDAM,KETCHIKAN,58.59483333,-135.0906667,175,176,13.3,0,8919269,PHFV
2008-07-20T09:22:18,245026000,RYNDAM,KETCHIKAN,58.5955,-135.0906667,175,176,13.4,0,8919269,PHFV
2008-07-20T09:22:06,245026000,RYNDAM,KETCHIKAN,58.59633333,-135.0908333,175,176,13.4,0,8919269,PHFV
2008-07-20T09:21:56,245026000,RYNDAM,KETCHIKAN,58.59683333,-135.0908333,175,176,13.4,0,8919269,PHFV
2008-07-20T09:21:47,245026000,RYNDAM,KETCHIKAN,58.5975,-135.091,175,176,13.4,0,8919269,PHFV
2008-07-20T09:21:28,245026000,RYNDAM,KETCHIKAN,58.59866667,-135.0911667,175,176,13.4,0,8919269,PHFV
2008-07-20T09:21:18,245026000,RYNDAM,KETCHIKAN,58.59916667,-135.0911667,175,176,13.4,0,8919269,PHFV
2008-07-20T09:21:06,245026000,RYNDAM,KETCHIKAN,58.6,-135.0913333,175,176,13.5,0,8919269,PHFV
2008-07-20T09:20:47,245026000,RYNDAM,KETCHIKAN,58.60116667,-135.0915,175,176,13.5,0,8919269,PHFV
2008-07-20T09:20:36,245026000,RYNDAM,KETCHIKAN,58.60183333,-135.0916667,175,176,13.5,0,8919269,PHFV
2008-07-20T09:20:28,245026000,RYNDAM,KETCHIKAN,58.60233333,-135.0916667,175,176,13.5,0,8919269,PHFV
2008-07-20T09:20:18,245026000,RYNDAM,KETCHIKAN,58.603,-135.0916667,175,176,13.5,0,8919269,PHFV
2008-07-20T09:20:06,245026000,RYNDAM,KETCHIKAN,58.60366667,-135.0918333,175,176,13.5,0,8919269,PHFV
2008-07-20T09:19:56,245026000,RYNDAM,KETCHIKAN,58.60433333,-135.092,175,175,13.5,0,8919269,PHFV
2008-07-20T09:19:47,245026000,RYNDAM,KETCHIKAN,58.605,-135.092,175,175,13.5,0,8919269,PHFV
2008-07-20T09:19:36,245026000,RYNDAM,KETCHIKAN,58.6055,-135.0921667,175,175,13.6,0,8919269,PHFV
2008-07-20T09:19:26,245026000,RYNDAM,KETCHIKAN,58.60616667,-135.0921667,175,175,13.6,0,8919269,PHFV
2008-07-20T09:19:17,245026000,RYNDAM,KETCHIKAN,58.60683333,-135.0923333,175,175,13.6,0,8919269,PHFV
2008-07-20T09:19:06,245026000,RYNDAM,KETCHIKAN,58.6075,-135.0925,175,175,13.6,0,8919269,PHFV
2008-07-20T09:19:02,245026000,RYNDAM,KETCHIKAN,58.608,-135.0925,0,0,0.0,0,8919269,PHFV
2008-07-20T09:18:56,245026000,RYNDAM,KETCHIKAN,58.608,-135.0925,175,176,13.6,0,8919269,PHFV
2008-07-20T09:18:47,245026000,RYNDAM,KETCHIKAN,58.60866667,-135.0926667,175,176,13.6,0,8919269,PHFV
2008-07-20T09:18:36,245026000,RYNDAM,KETCHIKAN,58.60933333,-135.0926667,175,176,13.6,0,8919269,PHFV
2008-07-20T09:18:26,245026000,RYNDAM,KETCHIKAN,58.61,-135.0928333,175,176,13.6,0,8919269,PHFV
2008-07-20T09:18:07,245026000,RYNDAM,KETCHIKAN,58.61116667,-135.093,175,176,13.6,0,8919269,PHFV
2008-07-20T09:17:56,245026000,RYNDAM,KETCHIKAN,58.61183333,-135.093,175,176,13.7,0,8919269,PHFV
2008-07-20T09:17:36,245026000,RYNDAM,KETCHIKAN,58.613,-135.0933333,175,176,13.7,0,8919269,PHFV
2008-07-20T09:17:26,245026000,RYNDAM,KETCHIKAN,58.61366667,-135.0933333,175,176,13.7,0,8919269,PHFV
2008-07-20T09:17:07,245026000,RYNDAM,KETCHIKAN,58.61483333,-135.0935,175,176,13.7,0,8919269,PHFV
2008-07-20T09:16:56,245026000,RYNDAM,KETCHIKAN,58.6155,-135.0936667,175,176,13.7,0,8919269,PHFV
2008-07-20T09:16:47,245026000,RYNDAM,KETCHIKAN,58.61616667,-135.0936667,175,176,13.7,0,8919269,PHFV
2008-07-20T09:16:36,245026000,RYNDAM,KETCHIKAN,58.61683333,-135.0938333,175,176,13.7,0,8919269,PHFV
2008-07-20T09:16:26,245026000,RYNDAM,KETCHIKAN,58.6175,-135.0938333,175,176,13.7,0,8919269,PHFV
2008-07-20T09:16:17,245026000,RYNDAM,KETCHIKAN,58.618,-135.0938333,175,176,13.7,0,8919269,PHFV
2008-07-20T09:16:07,245026000,RYNDAM,KETCHIKAN,58.61866667,-135.094,175,176,13.6,0,8919269,PHFV
2008-07-20T09:15:56,245026000,RYNDAM,KETCHIKAN,58.61933333,-135.0941667,175,176,13.6,0,8919269,PHFV
2008-07-20T09:15:47,245026000,RYNDAM,KETCHIKAN,58.62,-135.0941667,175,176,13.6,0,8919269,PHFV
2008-07-20T09:15:38,245026000,RYNDAM,KETCHIKAN,58.6205,-135.0941667,175,176,13.6,0,8919269,PHFV
2008-07-20T09:15:26,245026000,RYNDAM,KETCHIKAN,58.62116667,-135.0943333,175,176,13.6,0,8919269,PHFV
2008-07-20T09:15:07,245026000,RYNDAM,KETCHIKAN,58.6225,-135.0945,175,176,13.6,0,8919269,PHFV
2008-07-20T09:14:56,245026000,RYNDAM,KETCHIKAN,58.62316667,-135.0945,175,176,13.5,0,8919269,PHFV
2008-07-20T09:14:47,245026000,RYNDAM,KETCHIKAN,58.62366667,-135.0946667,175,176,13.5,0,8919269,PHFV
2008-07-20T09:14:38,245026000,RYNDAM,KETCHIKAN,58.62416667,-135.0946667,175,176,13.5,0,8919269,PHFV
2008-07-20T09:14:26,245026000,RYNDAM,KETCHIKAN,58.625,-135.0948333,175,176,13.5,0,8919269,PHFV
2008-07-20T09:14:17,245026000,RYNDAM,KETCHIKAN,58.62566667,-135.0948333,175,176,13.5,0,8919269,PHFV
2008-07-20T09:14:07,245026000,RYNDAM,KETCHIKAN,58.62616667,-135.095,175,176,13.4,0,8919269,PHFV
2008-07-20T09:13:56,245026000,RYNDAM,KETCHIKAN,58.62683333,-135.0951667,175,176,13.4,0,8919269,PHFV
2008-07-20T09:13:47,245026000,RYNDAM,KETCHIKAN,58.6275,-135.0951667,175,176,13.4,0,8919269,PHFV
2008-07-20T09:13:38,245026000,RYNDAM,KETCHIKAN,58.628,-135.0951667,175,176,13.4,0,8919269,PHFV
2008-07-20T09:13:26,245026000,RYNDAM,KETCHIKAN,58.62866667,-135.0953333,175,176,13.4,0,8919269,PHFV
2008-07-20T09:13:07,245026000,RYNDAM,KETCHIKAN,58.63,-135.0955,175,175,13.3,0,8919269,PHFV
2008-07-20T09:13:00,245026000,RYNDAM,KETCHIKAN,58.6305,-135.0956667,0,0,0.0,0,8919269,PHFV
2008-07-20T09:12:56,245026000,RYNDAM,KETCHIKAN,58.6305,-135.0956667,175,175,13.3,0,8919269,PHFV
2008-07-20T09:12:46,245026000,RYNDAM,KETCHIKAN,58.63116667,-135.0956667,175,175,13.3,0,8919269,PHFV
2008-07-20T09:12:38,245026000,RYNDAM,KETCHIKAN,58.63166667,-135.0958333,175,175,13.3,0,8919269,PHFV
2008-07-20T09:12:26,245026000,RYNDAM,KETCHIKAN,58.63233333,-135.096,175,174,13.3,0,8919269,PHFV
2008-07-20T09:12:17,245026000,RYNDAM,KETCHIKAN,58.63283333,-135.096,174,173,13.3,0,8919269,PHFV
2008-07-20T09:12:07,245026000,RYNDAM,KETCHIKAN,58.6335,-135.0961667,174,172,13.4,0,8919269,PHFV
2008-07-20T09:11:57,245026000,RYNDAM,KETCHIKAN,58.63416667,-135.0963333,173,171,13.4,0,8919269,PHFV
2008-07-20T09:11:46,245026000,RYNDAM,KETCHIKAN,58.63483333,-135.0965,171,170,13.4,0,8919269,PHFV
2008-07-20T09:11:38,245026000,RYNDAM,KETCHIKAN,58.63533333,-135.0966667,170,169,13.4,0,8919269,PHFV
2008-07-20T09:11:27,245026000,RYNDAM,KETCHIKAN,58.636,-135.097,169,167,13.4,0,8919269,PHFV
2008-07-20T09:11:17,245026000,RYNDAM,KETCHIKAN,58.63666667,-135.0971667,168,166,13.5,0,8919269,PHFV
2008-07-20T09:11:07,245026000,RYNDAM,KETCHIKAN,58.63733333,-135.0975,167,165,13.5,0,8919269,PHFV
2008-07-20T09:10:46,245026000,RYNDAM,KETCHIKAN,58.6385,-135.0981667,165,164,13.5,0,8919269,PHFV
2008-07-20T09:10:38,245026000,RYNDAM,KETCHIKAN,58.639,-135.0983333,164,164,13.5,0,8919269,PHFV
2008-07-20T09:10:27,245026000,RYNDAM,KETCHIKAN,58.6395,-135.0986667,164,164,13.5,0,8919269,PHFV
2008-07-20T09:10:07,245026000,RYNDAM,KETCHIKAN,58.64083333,-135.0995,164,164,13.5,0,8919269,PHFV
2008-07-20T09:09:46,245026000,RYNDAM,KETCHIKAN,58.642,-135.1,164,164,13.5,0,8919269,PHFV
2008-07-20T09:09:27,245026000,RYNDAM,KETCHIKAN,58.64316667,-135.1006667,164,164,13.6,0,8919269,PHFV
2008-07-20T09:09:17,245026000,RYNDAM,KETCHIKAN,58.64383333,-135.101,164,164,13.6,0,8919269,PHFV
2008-07-20T09:09:07,245026000,RYNDAM,KETCHIKAN,58.64433333,-135.1013333,164,164,13.6,0,8919269,PHFV
2008-07-20T09:08:57,245026000,RYNDAM,KETCHIKAN,58.645,-135.1016667,164,164,13.6,0,8919269,PHFV
2008-07-20T09:08:46,245026000,RYNDAM,KETCHIKAN,58.64566667,-135.102,164,164,13.6,0,8919269,PHFV
2008-07-20T09:08:38,245026000,RYNDAM,KETCHIKAN,58.64616667,-135.1023333,164,164,13.6,0,8919269,PHFV
2008-07-20T09:08:27,245026000,RYNDAM,KETCHIKAN,58.64683333,-135.1026667,164,164,13.6,0,8919269,PHFV
2008-07-20T09:08:17,245026000,RYNDAM,KETCHIKAN,58.64733333,-135.103,164,165,13.6,0,8919269,PHFV
2008-07-20T09:08:07,245026000,RYNDAM,KETCHIKAN,58.64816667,-135.1033333,164,165,13.6,0,8919269,PHFV
2008-07-20T09:07:57,245026000,RYNDAM,KETCHIKAN,58.64866667,-135.1036667,164,164,13.6,0,8919269,PHFV
2008-07-20T09:07:46,245026000,RYNDAM,KETCHIKAN,58.64933333,-135.104,164,164,13.6,0,8919269,PHFV
2008-07-20T09:07:27,245026000,RYNDAM,KETCHIKAN,58.65033333,-135.1045,164,165,13.6,0,8919269,PHFV
2008-07-20T09:07:07,245026000,RYNDAM,KETCHIKAN,58.65166667,-135.1053333,164,165,13.6,0,8919269,PHFV
2008-07-20T09:07:00,245026000,RYNDAM,KETCHIKAN,58.65233333,-135.1056667,0,0,0.0,0,8919269,PHFV
2008-07-20T09:06:56,245026000,RYNDAM,KETCHIKAN,58.65233333,-135.1056667,164,165,13.6,0,8919269,PHFV
2008-07-20T09:06:47,245026000,RYNDAM,KETCHIKAN,58.653,-135.1058333,164,164,13.6,0,8919269,PHFV
2008-07-20T09:06:38,245026000,RYNDAM,KETCHIKAN,58.6535,-135.1061667,164,164,13.6,0,8919269,PHFV
2008-07-20T09:06:27,245026000,RYNDAM,KETCHIKAN,58.65416667,-135.1065,164,164,13.7,0,8919269,PHFV
2008-07-20T09:06:17,245026000,RYNDAM,KETCHIKAN,58.65466667,-135.1068333,164,164,13.7,0,8919269,PHFV
2008-07-20T09:06:07,245026000,RYNDAM,KETCHIKAN,58.65533333,-135.1071667,164,164,13.7,0,8919269,PHFV
2008-07-20T09:05:56,245026000,RYNDAM,KETCHIKAN,58.656,-135.1075,164,165,13.7,0,8919269,PHFV
2008-07-20T09:05:47,245026000,RYNDAM,KETCHIKAN,58.6565,-135.1078333,164,165,13.7,0,8919269,PHFV
2008-07-20T09:05:38,245026000,RYNDAM,KETCHIKAN,58.657,-135.1081667,165,164,13.7,0,8919269,PHFV
2008-07-20T09:05:27,245026000,RYNDAM,KETCHIKAN,58.65766667,-135.1085,164,164,13.7,0,8919269,PHFV
2008-07-20T09:05:17,245026000,RYNDAM,KETCHIKAN,58.65833333,-135.1088333,164,164,13.7,0,8919269,PHFV
2008-07-20T09:05:07,245026000,RYNDAM,KETCHIKAN,58.659,-135.1091667,164,164,13.7,0,8919269,PHFV
2008-07-20T09:04:57,245026000,RYNDAM,KETCHIKAN,58.65966667,-135.1095,164,164,13.7,0,8919269,PHFV
2008-07-20T09:04:47,245026000,RYNDAM,KETCHIKAN,58.66016667,-135.1098333,164,164,13.7,0,8919269,PHFV
2008-07-20T09:04:38,245026000,RYNDAM,KETCHIKAN,58.66066667,-135.1101667,164,164,13.7,0,8919269,PHFV
2008-07-20T09:04:27,245026000,RYNDAM,KETCHIKAN,58.66133333,-135.1105,164,164,13.7,0,8919269,PHFV
2008-07-20T09:04:17,245026000,RYNDAM,KETCHIKAN,58.662,-135.1108333,164,164,13.7,0,8919269,PHFV
2008-07-20T09:04:07,245026000,RYNDAM,KETCHIKAN,58.66266667,-135.1111667,164,164,13.7,0,8919269,PHFV
2008-07-20T09:03:56,245026000,RYNDAM,KETCHIKAN,58.66316667,-135.1115,164,164,13.7,0,8919269,PHFV
2008-07-20T09:03:47,245026000,RYNDAM,KETCHIKAN,58.66383333,-135.1118333,164,164,13.7,0,8919269,PHFV
2008-07-20T09:03:37,245026000,RYNDAM,KETCHIKAN,58.6645,-135.1121667,164,164,13.7,0,8919269,PHFV
2008-07-20T09:03:27,245026000,RYNDAM,KETCHIKAN,58.66516667,-135.1125,164,164,13.8,0,8919269,PHFV
2008-07-20T09:03:17,245026000,RYNDAM,KETCHIKAN,58.66566667,-135.1128333,164,164,13.8,0,8919269,PHFV
2008-07-20T09:03:07,245026000,RYNDAM,KETCHIKAN,58.66633333,-135.1131667,164,164,13.8,0,8919269,PHFV
2008-07-20T09:02:56,245026000,RYNDAM,KETCHIKAN,58.667,-135.1135,164,164,13.8,0,8919269,PHFV
2008-07-20T09:02:47,245026000,RYNDAM,KETCHIKAN,58.6675,-135.1138333,164,164,13.8,0,8919269,PHFV
2008-07-20T09:02:37,245026000,RYNDAM,KETCHIKAN,58.66816667,-135.1141667,164,164,13.8,0,8919269,PHFV
2008-07-20T09:02:27,245026000,RYNDAM,KETCHIKAN,58.66866667,-135.1145,164,164,13.8,0,8919269,PHFV
2008-07-20T09:02:17,245026000,RYNDAM,KETCHIKAN,58.66933333,-135.1148333,164,164,13.8,0,8919269,PHFV
2008-07-20T09:02:06,245026000,RYNDAM,KETCHIKAN,58.67,-135.1151667,164,164,13.7,0,8919269,PHFV
2008-07-20T09:01:57,245026000,RYNDAM,KETCHIKAN,58.67066667,-135.1155,164,164,13.7,0,8919269,PHFV
2008-07-20T09:01:46,245026000,RYNDAM,KETCHIKAN,58.67116667,-135.1158333,164,164,13.7,0,8919269,PHFV
2008-07-20T09:01:37,245026000,RYNDAM,KETCHIKAN,58.67183333,-135.1163333,164,164,13.7,0,8919269,PHFV
2008-07-20T09:01:27,245026000,RYNDAM,KETCHIKAN,58.6725,-135.1166667,165,164,13.7,0,8919269,PHFV
2008-07-20T09:01:16,245026000,RYNDAM,KETCHIKAN,58.673,-135.117,164,164,13.7,0,8919269,PHFV
2008-07-20T09:01:06,245026000,RYNDAM,KETCHIKAN,58.67366667,-135.1173333,164,164,13.7,0,8919269,PHFV
2008-07-20T09:01:02,245026000,RYNDAM,KETCHIKAN,58.67416667,-135.1176667,0,0,0.0,0,8919269,PHFV
2008-07-20T09:00:57,245026000,RYNDAM,KETCHIKAN,58.67416667,-135.1176667,164,164,13.7,0,8919269,PHFV
2008-07-20T09:00:46,245026000,RYNDAM,KETCHIKAN,58.67483333,-135.118,164,164,13.7,0,8919269,PHFV
2008-07-20T09:00:37,245026000,RYNDAM,KETCHIKAN,58.6755,-135.1183333,164,164,13.6,0,8919269,PHFV
2008-07-20T09:00:27,245026000,RYNDAM,KETCHIKAN,58.676,-135.1185,164,164,13.6,0,8919269,PHFV
2008-07-20T08:59:56,245026000,RYNDAM,KETCHIKAN,58.67783333,-135.1196667,164,164,13.6,0,8919269,PHFV
2008-07-20T08:59:46,245026000,RYNDAM,KETCHIKAN,58.6785,-135.12,164,164,13.6,0,8919269,PHFV
2008-07-20T08:59:37,245026000,RYNDAM,KETCHIKAN,58.679,-135.1201667,164,164,13.6,0,8919269,PHFV
2008-07-20T08:59:27,245026000,RYNDAM,KETCHIKAN,58.67966667,-135.1206667,164,164,13.6,0,8919269,PHFV
2008-07-20T08:59:16,245026000,RYNDAM,KETCHIKAN,58.68033333,-135.121,164,164,13.5,0,8919269,PHFV
2008-07-20T08:59:06,245026000,RYNDAM,KETCHIKAN,58.68083333,-135.1211667,164,165,13.5,0,8919269,PHFV
2008-07-20T08:58:58,245026000,RYNDAM,KETCHIKAN,58.68133333,-135.1215,164,164,13.5,0,8919269,PHFV
2008-07-20T08:58:46,245026000,RYNDAM,KETCHIKAN,58.68216667,-135.1218333,164,164,13.5,0,8919269,PHFV
2008-07-20T08:58:37,245026000,RYNDAM,KETCHIKAN,58.68266667,-135.1221667,164,164,13.4,0,8919269,PHFV
2008-07-20T08:58:27,245026000,RYNDAM,KETCHIKAN,58.68333333,-135.1225,164,164,13.4,0,8919269,PHFV
2008-07-20T08:58:16,245026000,RYNDAM,KETCHIKAN,58.68383333,-135.1228333,164,164,13.4,0,8919269,PHFV
2008-07-20T08:58:06,245026000,RYNDAM,KETCHIKAN,58.6845,-135.1231667,164,164,13.4,0,8919269,PHFV
2008-07-20T08:57:58,245026000,RYNDAM,KETCHIKAN,58.685,-135.1235,164,165,13.3,0,8919269,PHFV
2008-07-20T08:57:46,245026000,RYNDAM,KETCHIKAN,58.68566667,-135.1238333,164,165,13.3,0,8919269,PHFV
2008-07-20T08:57:27,245026000,RYNDAM,KETCHIKAN,58.68666667,-135.1243333,164,165,13.2,0,8919269,PHFV
2008-07-20T08:57:16,245026000,RYNDAM,KETCHIKAN,58.6875,-135.1246667,164,165,13.2,0,8919269,PHFV
2008-07-20T08:57:06,245026000,RYNDAM,KETCHIKAN,58.688,-135.125,164,165,13.2,0,8919269,PHFV
2008-07-20T08:56:58,245026000,RYNDAM,KETCHIKAN,58.6885,-135.1253333,164,165,13.1,0,8919269,PHFV
2008-07-20T08:56:46,245026000,RYNDAM,KETCHIKAN,58.68916667,-135.1256667,164,165,13.1,0,8919269,PHFV
2008-07-20T08:56:37,245026000,RYNDAM,KETCHIKAN,58.68983333,-135.126,164,165,13.0,0,8919269,PHFV
2008-07-20T08:56:27,245026000,RYNDAM,KETCHIKAN,58.69033333,-135.1263333,164,165,13.0,0,8919269,PHFV
2008-07-20T08:56:17,245026000,RYNDAM,KETCHIKAN,58.691,-135.1265,164,165,12.9,0,8919269,PHFV
2008-07-20T08:56:06,245026000,RYNDAM,KETCHIKAN,58.6915,-135.1268333,164,165,12.9,0,8919269,PHFV
2008-07-20T08:55:46,245026000,RYNDAM,KETCHIKAN,58.69266667,-135.1275,164,165,12.8,0,8919269,PHFV
2008-07-20T08:55:37,245026000,RYNDAM,KETCHIKAN,58.69316667,-135.1276667,164,165,12.8,0,8919269,PHFV
2008-07-20T08:55:27,245026000,RYNDAM,KETCHIKAN,58.69366667,-135.128,164,165,12.8,0,8919269,PHFV
2008-07-20T08:55:17,245026000,RYNDAM,KETCHIKAN,58.69433333,-135.1283333,164,165,12.8,0,8919269,PHFV
2008-07-20T08:55:07,245026000,RYNDAM,KETCHIKAN,58.69483333,-135.1286667,164,165,12.8,0,8919269,PHFV
2008-07-20T08:55:03,245026000,RYNDAM,KETCHIKAN,58.6955,-135.1288333,0,0,0.0,0,8919269,PHFV
2008-07-20T08:54:57,245026000,RYNDAM,KETCHIKAN,58.6955,-135.1288333,164,165,12.8,0,8919269,PHFV
2008-07-20T08:54:47,245026000,RYNDAM,KETCHIKAN,58.69616667,-135.1291667,164,165,12.8,0,8919269,PHFV
2008-07-20T08:54:37,245026000,RYNDAM,KETCHIKAN,58.6965,-135.1295,164,164,12.8,0,8919269,PHFV
2008-07-20T08:54:27,245026000,RYNDAM,KETCHIKAN,58.69716667,-135.1298333,164,165,12.8,0,8919269,PHFV
2008-07-20T08:54:17,245026000,RYNDAM,KETCHIKAN,58.69766667,-135.1301667,164,165,12.8,0,8919269,PHFV
2008-07-20T08:54:07,245026000,RYNDAM,KETCHIKAN,58.69833333,-135.1305,164,165,12.8,0,8919269,PHFV
2008-07-20T08:53:57,245026000,RYNDAM,KETCHIKAN,58.699,-135.1308333,164,165,12.8,0,8919269,PHFV
2008-07-20T08:53:47,245026000,RYNDAM,KETCHIKAN,58.6995,-135.131,164,165,12.7,0,8919269,PHFV
2008-07-20T08:53:37,245026000,RYNDAM,KETCHIKAN,58.7,-135.1313333,164,164,12.7,0,8919269,PHFV
2008-07-20T08:53:17,245026000,RYNDAM,KETCHIKAN,58.70116667,-135.132,164,165,12.8,0,8919269,PHFV
2008-07-20T08:53:07,245026000,RYNDAM,KETCHIKAN,58.70183333,-135.1323333,164,165,12.8,0,8919269,PHFV
2008-07-20T08:52:47,245026000,RYNDAM,KETCHIKAN,58.703,-135.1328333,164,165,12.8,0,8919269,PHFV
2008-07-20T08:52:37,245026000,RYNDAM,KETCHIKAN,58.70333333,-135.1331667,164,165,12.8,0,8919269,PHFV
2008-07-20T08:52:27,245026000,RYNDAM,KETCHIKAN,58.704,-135.1333333,164,165,12.8,0,8919269,PHFV
2008-07-20T08:52:17,245026000,RYNDAM,KETCHIKAN,58.7045,-135.1336667,164,165,12.8,0,8919269,PHFV
2008-07-20T08:52:07,245026000,RYNDAM,KETCHIKAN,58.70516667,-135.134,164,165,12.8,0,8919269,PHFV
2008-07-20T08:51:57,245026000,RYNDAM,KETCHIKAN,58.70566667,-135.1343333,164,165,12.8,0,8919269,PHFV
2008-07-20T08:51:47,245026000,RYNDAM,KETCHIKAN,58.70633333,-135.1346667,164,165,12.8,0,8919269,PHFV
2008-07-20T08:51:37,245026000,RYNDAM,KETCHIKAN,58.70683333,-135.1348333,164,165,12.9,0,8919269,PHFV
2008-07-20T08:51:27,245026000,RYNDAM,KETCHIKAN,58.7075,-135.1353333,164,164,12.9,0,8919269,PHFV
2008-07-20T08:51:07,245026000,RYNDAM,KETCHIKAN,58.70866667,-135.1358333,164,165,12.9,0,8919269,PHFV
2008-07-20T08:50:57,245026000,RYNDAM,KETCHIKAN,58.70916667,-135.1361667,164,165,12.9,0,8919269,PHFV
2008-07-20T08:50:47,245026000,RYNDAM,KETCHIKAN,58.70983333,-135.1365,164,165,12.9,0,8919269,PHFV
2008-07-20T08:50:37,245026000,RYNDAM,KETCHIKAN,58.71016667,-135.1366667,164,165,12.9,0,8919269,PHFV
2008-07-20T08:50:27,245026000,RYNDAM,KETCHIKAN,58.71083333,-135.137,164,165,12.9,0,8919269,PHFV
2008-07-20T08:50:17,245026000,RYNDAM,KETCHIKAN,58.7115,-135.1373333,164,165,12.9,0,8919269,PHFV
2008-07-20T08:50:06,245026000,RYNDAM,KETCHIKAN,58.712,-135.1376667,164,164,12.9,0,8919269,PHFV
2008-07-20T08:49:57,245026000,RYNDAM,KETCHIKAN,58.7125,-135.138,164,165,13.0,0,8919269,PHFV
2008-07-20T08:49:47,245026000,RYNDAM,KETCHIKAN,58.71316667,-135.1383333,164,164,13.0,0,8919269,PHFV
2008-07-20T08:49:27,245026000,RYNDAM,KETCHIKAN,58.71433333,-135.1388333,164,164,13.0,0,8919269,PHFV
2008-07-20T08:49:18,245026000,RYNDAM,KETCHIKAN,58.71483333,-135.1391667,164,164,13.0,0,8919269,PHFV
2008-07-20T08:49:06,245026000,RYNDAM,KETCHIKAN,58.7155,-135.1395,164,164,13.0,0,8919269,PHFV
2008-07-20T08:48:59,245026000,RYNDAM,KETCHIKAN,58.716,-135.1398333,0,0,0.0,0,8919269,PHFV
2008-07-20T08:48:57,245026000,RYNDAM,KETCHIKAN,58.716,-135.1398333,164,164,13.0,0,8919269,PHFV
2008-07-20T08:48:48,245026000,RYNDAM,KETCHIKAN,58.7165,-135.1401667,164,164,13.0,0,8919269,PHFV
2008-07-20T08:48:36,245026000,RYNDAM,KETCHIKAN,58.71733333,-135.1405,164,164,13.0,0,8919269,PHFV
2008-07-20T08:48:18,245026000,RYNDAM,KETCHIKAN,58.71833333,-135.141,164,164,13.0,0,8919269,PHFV
2008-07-20T08:47:57,245026000,RYNDAM,KETCHIKAN,58.7195,-135.1416667,164,165,13.0,0,8919269,PHFV
2008-07-20T08:47:48,245026000,RYNDAM,KETCHIKAN,58.72,-135.142,165,165,13.0,0,8919269,PHFV
2008-07-20T08:47:36,245026000,RYNDAM,KETCHIKAN,58.72066667,-135.1423333,165,165,13.0,0,8919269,PHFV
2008-07-20T08:47:27,245026000,RYNDAM,KETCHIKAN,58.72116667,-135.1425,165,165,13.0,0,8919269,PHFV
2008-07-20T08:47:06,245026000,RYNDAM,KETCHIKAN,58.7225,-135.1431667,165,165,13.0,0,8919269,PHFV
2008-07-20T08:46:57,245026000,RYNDAM,KETCHIKAN,58.723,-135.1435,165,165,13.1,0,8919269,PHFV
2008-07-20T08:46:48,245026000,RYNDAM,KETCHIKAN,58.72366667,-135.1438333,165,165,13.1,0,8919269,PHFV
2008-07-20T08:46:27,245026000,RYNDAM,KETCHIKAN,58.72483333,-135.1443333,165,165,13.1,0,8919269,PHFV
2008-07-20T08:46:18,245026000,RYNDAM,KETCHIKAN,58.72533333,-135.1446667,165,165,13.1,0,8919269,PHFV
2008-07-20T08:46:06,245026000,RYNDAM,KETCHIKAN,58.726,-135.145,165,165,13.1,0,8919269,PHFV
2008-07-20T08:45:57,245026000,RYNDAM,KETCHIKAN,58.7265,-135.1453333,165,165,13.1,0,8919269,PHFV
2008-07-20T08:45:48,245026000,RYNDAM,KETCHIKAN,58.727,-135.1455,165,165,13.2,0,8919269,PHFV
2008-07-20T08:45:36,245026000,RYNDAM,KETCHIKAN,58.72766667,-135.1458333,165,166,13.2,0,8919269,PHFV
2008-07-20T08:45:27,245026000,RYNDAM,KETCHIKAN,58.72816667,-135.1461667,165,165,13.2,0,8919269,PHFV
2008-07-20T08:45:18,245026000,RYNDAM,KETCHIKAN,58.72883333,-135.1463333,165,166,13.3,0,8919269,PHFV
2008-07-20T08:44:57,245026000,RYNDAM,KETCHIKAN,58.73,-135.147,166,166,13.4,0,8919269,PHFV
2008-07-20T08:44:46,245026000,RYNDAM,KETCHIKAN,58.73066667,-135.1473333,166,166,13.5,0,8919269,PHFV
2008-07-20T08:44:36,245026000,RYNDAM,KETCHIKAN,58.73133333,-135.1476667,166,166,13.5,0,8919269,PHFV
2008-07-20T08:44:27,245026000,RYNDAM,KETCHIKAN,58.732,-135.1478333,166,166,13.5,0,8919269,PHFV
2008-07-20T08:44:18,245026000,RYNDAM,KETCHIKAN,58.73233333,-135.1481667,166,166,13.5,0,8919269,PHFV
2008-07-20T08:44:06,245026000,RYNDAM,KETCHIKAN,58.73316667,-135.1485,166,166,13.5,0,8919269,PHFV
2008-07-20T08:43:57,245026000,RYNDAM,KETCHIKAN,58.73366667,-135.1486667,166,166,13.5,0,8919269,PHFV
2008-07-20T08:43:46,245026000,RYNDAM,KETCHIKAN,58.73433333,-135.149,166,166,13.5,0,8919269,PHFV
2008-07-20T08:43:28,245026000,RYNDAM,KETCHIKAN,58.7355,-135.1495,166,166,13.5,0,8919269,PHFV
2008-07-20T08:43:18,245026000,RYNDAM,KETCHIKAN,58.736,-135.1498333,166,167,13.5,0,8919269,PHFV
2008-07-20T08:43:06,245026000,RYNDAM,KETCHIKAN,58.73683333,-135.1501667,166,167,13.5,0,8919269,PHFV
2008-07-20T08:42:57,245026000,RYNDAM,KETCHIKAN,58.73733333,-135.1503333,166,167,13.5,0,8919269,PHFV
2008-07-20T08:42:46,245026000,RYNDAM,KETCHIKAN,58.738,-135.1506667,166,166,13.5,0,8919269,PHFV
2008-07-20T08:42:36,245026000,RYNDAM,KETCHIKAN,58.73866667,-135.151,166,166,13.5,0,8919269,PHFV
2008-07-20T08:42:28,245026000,RYNDAM,KETCHIKAN,58.739,-135.1511667,166,166,13.5,0,8919269,PHFV
2008-07-20T08:42:16,245026000,RYNDAM,KETCHIKAN,58.73983333,-135.1515,166,166,13.5,0,8919269,PHFV
2008-07-20T08:42:08,245026000,RYNDAM,KETCHIKAN,58.74033333,-135.1516667,166,166,13.5,0,8919269,PHFV
2008-07-20T08:41:56,245026000,RYNDAM,KETCHIKAN,58.741,-135.1521667,166,166,13.5,0,8919269,PHFV
2008-07-20T08:41:36,245026000,RYNDAM,KETCHIKAN,58.74216667,-135.1526667,166,167,13.5,0,8919269,PHFV
2008-07-20T08:41:28,245026000,RYNDAM,KETCHIKAN,58.74266667,-135.1528333,166,167,13.5,0,8919269,PHFV
2008-07-20T08:41:17,245026000,RYNDAM,KETCHIKAN,58.7435,-135.1531667,166,167,13.5,0,8919269,PHFV
2008-07-20T08:41:08,245026000,RYNDAM,KETCHIKAN,58.74383333,-135.1535,166,167,13.5,0,8919269,PHFV
2008-07-20T08:40:57,245026000,RYNDAM,KETCHIKAN,58.74466667,-135.1536667,166,167,13.5,0,8919269,PHFV
2008-07-20T08:40:28,245026000,RYNDAM,KETCHIKAN,58.74633333,-135.1545,166,167,13.4,0,8919269,PHFV
2008-07-20T08:40:17,245026000,RYNDAM,KETCHIKAN,58.747,-135.1548333,166,167,13.4,0,8919269,PHFV
2008-07-20T08:40:08,245026000,RYNDAM,KETCHIKAN,58.7475,-135.155,166,167,13.4,0,8919269,PHFV
2008-07-20T08:39:57,245026000,RYNDAM,KETCHIKAN,58.74833333,-135.1553333,166,167,13.4,0,8919269,PHFV
2008-07-20T08:39:46,245026000,RYNDAM,KETCHIKAN,58.74883333,-135.1556667,166,167,13.4,0,8919269,PHFV
2008-07-20T08:39:36,245026000,RYNDAM,KETCHIKAN,58.7495,-135.1558333,166,167,13.4,0,8919269,PHFV
2008-07-20T08:39:28,245026000,RYNDAM,KETCHIKAN,58.75,-135.1561667,166,167,13.4,0,8919269,PHFV
2008-07-20T08:39:16,245026000,RYNDAM,KETCHIKAN,58.75066667,-135.1565,166,167,13.4,0,8919269,PHFV
2008-07-20T08:39:08,245026000,RYNDAM,KETCHIKAN,58.75116667,-135.1566667,166,167,13.4,0,8919269,PHFV
2008-07-20T08:38:56,245026000,RYNDAM,KETCHIKAN,58.75183333,-135.157,166,167,13.4,0,8919269,PHFV
2008-07-20T08:38:47,245026000,RYNDAM,KETCHIKAN,58.7525,-135.1571667,166,167,13.4,0,8919269,PHFV
2008-07-20T08:38:27,245026000,RYNDAM,KETCHIKAN,58.75366667,-135.1578333,166,167,13.4,0,8919269,PHFV
2008-07-20T08:38:16,245026000,RYNDAM,KETCHIKAN,58.75433333,-135.158,166,167,13.4,0,8919269,PHFV
2008-07-20T08:37:57,245026000,RYNDAM,KETCHIKAN,58.7555,-135.1585,166,167,13.4,0,8919269,PHFV
2008-07-20T08:37:47,245026000,RYNDAM,KETCHIKAN,58.75616667,-135.1588333,166,167,13.4,0,8919269,PHFV
2008-07-20T08:37:37,245026000,RYNDAM,KETCHIKAN,58.75666667,-135.159,166,167,13.4,0,8919269,PHFV
2008-07-20T08:37:27,245026000,RYNDAM,KETCHIKAN,58.75733333,-135.1593333,166,167,13.3,0,8919269,PHFV
2008-07-20T08:37:17,245026000,RYNDAM,KETCHIKAN,58.75783333,-135.1596667,166,167,13.4,0,8919269,PHFV
2008-07-20T08:37:07,245026000,RYNDAM,KETCHIKAN,58.75833333,-135.1598333,166,167,13.4,0,8919269,PHFV
2008-07-20T08:36:56,245026000,RYNDAM,KETCHIKAN,58.75916667,-135.1601667,166,167,13.4,0,8919269,PHFV
2008-07-20T08:36:37,245026000,RYNDAM,KETCHIKAN,58.76016667,-135.1606667,166,167,13.4,0,8919269,PHFV
2008-07-20T08:36:27,245026000,RYNDAM,KETCHIKAN,58.76083333,-135.1608333,166,167,13.4,0,8919269,PHFV
2008-07-20T08:35:47,245026000,RYNDAM,KETCHIKAN,58.76333333,-135.162,166,167,13.4,0,8919269,PHFV
2008-07-20T08:35:37,245026000,RYNDAM,KETCHIKAN,58.764,-135.1621667,166,167,13.4,0,8919269,PHFV
2008-07-20T08:35:27,245026000,RYNDAM,KETCHIKAN,58.7645,-135.1625,166,167,13.4,0,8919269,PHFV
2008-07-20T08:35:17,245026000,RYNDAM,KETCHIKAN,58.76516667,-135.1628333,166,167,13.4,0,8919269,PHFV
2008-07-20T08:35:07,245026000,RYNDAM,KETCHIKAN,58.76566667,-135.163,166,167,13.4,0,8919269,PHFV
2008-07-20T08:34:47,245026000,RYNDAM,KETCHIKAN,58.767,-135.1635,166,167,13.4,0,8919269,PHFV
2008-07-20T08:34:27,245026000,RYNDAM,KETCHIKAN,58.768,-135.164,166,167,13.4,0,8919269,PHFV
2008-07-20T08:34:16,245026000,RYNDAM,KETCHIKAN,58.76883333,-135.1643333,166,167,13.4,0,8919269,PHFV
2008-07-20T08:33:46,245026000,RYNDAM,KETCHIKAN,58.7705,-135.1651667,166,167,13.4,0,8919269,PHFV
2008-07-20T08:33:37,245026000,RYNDAM,KETCHIKAN,58.77116667,-135.1655,166,167,13.4,0,8919269,PHFV
2008-07-20T08:33:16,245026000,RYNDAM,KETCHIKAN,58.77233333,-135.166,166,167,13.4,0,8919269,PHFV
2008-07-20T08:33:07,245026000,RYNDAM,KETCHIKAN,58.77283333,-135.1661667,166,167,13.3,0,8919269,PHFV
2008-07-20T08:32:57,245026000,RYNDAM,KETCHIKAN,58.7735,-135.1665,166,167,13.3,0,8919269,PHFV
2008-07-20T08:32:46,245026000,RYNDAM,KETCHIKAN,58.77416667,-135.1668333,166,167,13.3,0,8919269,PHFV
2008-07-20T08:32:37,245026000,RYNDAM,KETCHIKAN,58.77466667,-135.167,166,167,13.3,0,8919269,PHFV
2008-07-20T08:32:26,245026000,RYNDAM,KETCHIKAN,58.77533333,-135.1673333,166,167,13.3,0,8919269,PHFV
2008-07-20T08:32:16,245026000,RYNDAM,KETCHIKAN,58.776,-135.1676667,166,167,13.3,0,8919269,PHFV
2008-07-20T08:32:07,245026000,RYNDAM,KETCHIKAN,58.7765,-135.1678333,166,167,13.3,0,8919269,PHFV
2008-07-20T08:31:56,245026000,RYNDAM,KETCHIKAN,58.77716667,-135.1681667,166,167,13.2,0,8919269,PHFV
2008-07-20T08:31:46,245026000,RYNDAM,KETCHIKAN,58.77766667,-135.1685,166,167,13.2,0,8919269,PHFV
2008-07-20T08:31:37,245026000,RYNDAM,KETCHIKAN,58.77816667,-135.1686667,166,166,13.2,0,8919269,PHFV
2008-07-20T08:31:16,245026000,RYNDAM,KETCHIKAN,58.7795,-135.1693333,166,166,13.1,0,8919269,PHFV
2008-07-20T08:31:07,245026000,RYNDAM,KETCHIKAN,58.78016667,-135.1695,166,166,13.0,0,8919269,PHFV
2008-07-20T08:30:56,245026000,RYNDAM,KETCHIKAN,58.78066667,-135.1698333,166,166,13.0,0,8919269,PHFV
2008-07-20T08:30:46,245026000,RYNDAM,KETCHIKAN,58.78133333,-135.1701667,166,167,12.9,0,8919269,PHFV
2008-07-20T08:30:26,245026000,RYNDAM,KETCHIKAN,58.7825,-135.1706667,166,167,12.9,0,8919269,PHFV
2008-07-20T08:30:16,245026000,RYNDAM,KETCHIKAN,58.783,-135.1708333,166,166,12.9,0,8919269,PHFV
2008-07-20T08:30:07,245026000,RYNDAM,KETCHIKAN,58.7835,-135.1711667,166,166,12.9,0,8919269,PHFV
2008-07-20T08:29:56,245026000,RYNDAM,KETCHIKAN,58.78416667,-135.1715,166,166,12.9,0,8919269,PHFV
2008-07-20T08:29:47,245026000,RYNDAM,KETCHIKAN,58.78466667,-135.1716667,166,166,12.9,0,8919269,PHFV
2008-07-20T08:29:37,245026000,RYNDAM,KETCHIKAN,58.78533333,-135.172,166,166,12.9,0,8919269,PHFV
2008-07-20T08:29:26,245026000,RYNDAM,KETCHIKAN,58.786,-135.1723333,166,166,12.9,0,8919269,PHFV
2008-07-20T08:29:16,245026000,RYNDAM,KETCHIKAN,58.7865,-135.1725,166,166,12.9,0,8919269,PHFV
2008-07-20T08:29:07,245026000,RYNDAM,KETCHIKAN,58.787,-135.1726667,166,166,13.0,0,8919269,PHFV
2008-07-20T08:28:56,245026000,RYNDAM,KETCHIKAN,58.78766667,-135.173,166,166,13.0,0,8919269,PHFV
2008-07-20T08:28:47,245026000,RYNDAM,KETCHIKAN,58.78833333,-135.1733333,166,166,13.0,0,8919269,PHFV
2008-07-20T08:28:37,245026000,RYNDAM,KETCHIKAN,58.78866667,-135.1735,166,166,13.0,0,8919269,PHFV
2008-07-20T08:28:26,245026000,RYNDAM,KETCHIKAN,58.7895,-135.1738333,166,166,13.0,0,8919269,PHFV
2008-07-20T08:28:16,245026000,RYNDAM,KETCHIKAN,58.79,-135.1741667,166,166,13.0,0,8919269,PHFV
2008-07-20T08:28:07,245026000,RYNDAM,KETCHIKAN,58.7905,-135.1743333,166,166,13.0,0,8919269,PHFV
2008-07-20T08:27:56,245026000,RYNDAM,KETCHIKAN,58.79116667,-135.1746667,166,166,13.0,0,8919269,PHFV
2008-07-20T08:27:47,245026000,RYNDAM,KETCHIKAN,58.79166667,-135.1748333,166,166,13.0,0,8919269,PHFV
2008-07-20T08:27:37,245026000,RYNDAM,KETCHIKAN,58.79233333,-135.1751667,166,166,13.0,0,8919269,PHFV
2008-07-20T08:27:26,245026000,RYNDAM,KETCHIKAN,58.79283333,-135.1755,166,166,13.0,0,8919269,PHFV
2008-07-20T08:27:16,245026000,RYNDAM,KETCHIKAN,58.7935,-135.1758333,166,166,13.0,0,8919269,PHFV
2008-07-20T08:27:07,245026000,RYNDAM,KETCHIKAN,58.794,-135.176,166,166,13.0,0,8919269,PHFV
2008-07-20T08:26:56,245026000,RYNDAM,KETCHIKAN,58.79466667,-135.1763333,166,166,13.0,0,8919269,PHFV
2008-07-20T08:26:36,245026000,RYNDAM,KETCHIKAN,58.79583333,-135.1768333,166,166,13.0,0,8919269,PHFV
2008-07-20T08:26:26,245026000,RYNDAM,KETCHIKAN,58.79633333,-135.1771667,166,166,13.0,0,8919269,PHFV
2008-07-20T08:26:07,245026000,RYNDAM,KETCHIKAN,58.7975,-135.1776667,166,166,13.0,0,8919269,PHFV
2008-07-20T08:25:56,245026000,RYNDAM,KETCHIKAN,58.79816667,-135.178,166,166,13.0,0,8919269,PHFV
2008-07-20T08:25:47,245026000,RYNDAM,KETCHIKAN,58.79866667,-135.1783333,166,166,13.0,0,8919269,PHFV
2008-07-20T08:25:36,245026000,RYNDAM,KETCHIKAN,58.79933333,-135.1785,166,166,13.0,0,8919269,PHFV
2008-07-20T08:25:27,245026000,RYNDAM,KETCHIKAN,58.79983333,-135.1788333,166,166,13.0,0,8919269,PHFV
2008-07-20T08:25:16,245026000,RYNDAM,KETCHIKAN,58.8005,-135.179,166,166,13.0,0,8919269,PHFV
2008-07-20T08:25:07,245026000,RYNDAM,KETCHIKAN,58.801,-135.1793333,166,166,13.0,0,8919269,PHFV
2008-07-20T08:25:02,245026000,RYNDAM,KETCHIKAN,58.8015,-135.1795,0,0,0.0,0,8919269,PHFV
2008-07-20T08:24:57,245026000,RYNDAM,KETCHIKAN,58.8015,-135.1795,166,166,13.0,0,8919269,PHFV
2008-07-20T08:24:47,245026000,RYNDAM,KETCHIKAN,58.80216667,-135.1798333,166,166,13.0,0,8919269,PHFV
2008-07-20T08:24:36,245026000,RYNDAM,KETCHIKAN,58.80283333,-135.1801667,166,166,13.0,0,8919269,PHFV
2008-07-20T08:24:27,245026000,RYNDAM,KETCHIKAN,58.80333333,-135.1805,166,166,13.0,0,8919269,PHFV
2008-07-20T08:24:16,245026000,RYNDAM,KETCHIKAN,58.804,-135.1808333,166,166,13.0,0,8919269,PHFV
2008-07-20T08:24:07,245026000,RYNDAM,KETCHIKAN,58.8045,-135.181,166,166,13.0,0,8919269,PHFV
2008-07-20T08:23:57,245026000,RYNDAM,KETCHIKAN,58.805,-135.1813333,166,166,13.0,0,8919269,PHFV
2008-07-20T08:23:47,245026000,RYNDAM,KETCHIKAN,58.80566667,-135.1816667,166,166,13.1,0,8919269,PHFV
2008-07-20T08:23:36,245026000,RYNDAM,KETCHIKAN,58.80616667,-135.1818333,166,166,13.1,0,8919269,PHFV
2008-07-20T08:23:16,245026000,RYNDAM,KETCHIKAN,58.8075,-135.1825,166,166,13.1,0,8919269,PHFV
2008-07-20T08:23:07,245026000,RYNDAM,KETCHIKAN,58.808,-135.1826667,166,166,13.1,0,8919269,PHFV
2008-07-20T08:22:57,245026000,RYNDAM,KETCHIKAN,58.80866667,-135.183,166,166,13.1,0,8919269,PHFV
2008-07-20T08:22:47,245026000,RYNDAM,KETCHIKAN,58.80916667,-135.1831667,166,166,13.1,0,8919269,PHFV
2008-07-20T08:22:36,245026000,RYNDAM,KETCHIKAN,58.80983333,-135.1835,166,166,13.2,0,8919269,PHFV
2008-07-20T08:22:27,245026000,RYNDAM,KETCHIKAN,58.81033333,-135.1838333,166,166,13.2,0,8919269,PHFV
2008-07-20T08:22:16,245026000,RYNDAM,KETCHIKAN,58.811,-135.1841667,166,166,13.2,0,8919269,PHFV
2008-07-20T08:22:07,245026000,RYNDAM,KETCHIKAN,58.8115,-135.1843333,166,166,13.2,0,8919269,PHFV
2008-07-20T08:21:57,245026000,RYNDAM,KETCHIKAN,58.812,-135.1846667,166,167,13.3,0,8919269,PHFV
2008-07-20T08:21:46,245026000,RYNDAM,KETCHIKAN,58.81283333,-135.185,167,167,13.3,0,8919269,PHFV
2008-07-20T08:21:36,245026000,RYNDAM,KETCHIKAN,58.81333333,-135.1851667,167,167,13.4,0,8919269,PHFV
2008-07-20T08:21:27,245026000,RYNDAM,KETCHIKAN,58.81383333,-135.1855,167,167,13.4,0,8919269,PHFV
2008-07-20T08:21:16,245026000,RYNDAM,KETCHIKAN,58.81466667,-135.1858333,167,167,13.4,0,8919269,PHFV
2008-07-20T08:21:07,245026000,RYNDAM,KETCHIKAN,58.815,-135.186,167,167,13.4,0,8919269,PHFV
2008-07-20T08:20:57,245026000,RYNDAM,KETCHIKAN,58.81583333,-135.1863333,167,167,13.4,0,8919269,PHFV
2008-07-20T08:20:27,245026000,RYNDAM,KETCHIKAN,58.81766667,-135.187,167,167,13.4,0,8919269,PHFV
2008-07-20T08:20:16,245026000,RYNDAM,KETCHIKAN,58.81816667,-135.1873333,167,167,13.4,0,8919269,PHFV
2008-07-20T08:20:07,245026000,RYNDAM,KETCHIKAN,58.81866667,-135.1875,167,167,13.4,0,8919269,PHFV
2008-07-20T08:19:57,245026000,RYNDAM,KETCHIKAN,58.8195,-135.1878333,167,167,13.4,0,8919269,PHFV
2008-07-20T08:19:46,245026000,RYNDAM,KETCHIKAN,58.82,-135.1881667,167,168,13.4,0,8919269,PHFV
2008-07-20T08:19:27,245026000,RYNDAM,KETCHIKAN,58.82116667,-135.1885,168,168,13.4,0,8919269,PHFV
2008-07-20T08:19:17,245026000,RYNDAM,KETCHIKAN,58.82166667,-135.1888333,167,168,13.4,0,8919269,PHFV
2008-07-20T08:19:07,245026000,RYNDAM,KETCHIKAN,58.82233333,-135.1891667,167,167,13.4,0,8919269,PHFV
2008-07-20T08:19:01,245026000,RYNDAM,KETCHIKAN,58.823,-135.1893333,0,0,0.0,0,8919269,PHFV
2008-07-20T08:18:56,245026000,RYNDAM,KETCHIKAN,58.823,-135.1893333,167,167,13.4,0,8919269,PHFV
2008-07-20T08:18:46,245026000,RYNDAM,KETCHIKAN,58.82366667,-135.1896667,167,168,13.4,0,8919269,PHFV
2008-07-20T08:18:37,245026000,RYNDAM,KETCHIKAN,58.82416667,-135.1898333,167,168,13.4,0,8919269,PHFV
2008-07-20T08:18:27,245026000,RYNDAM,KETCHIKAN,58.82483333,-135.1901667,167,168,13.4,0,8919269,PHFV
2008-07-20T08:18:17,245026000,RYNDAM,KETCHIKAN,58.8255,-135.1905,168,168,13.4,0,8919269,PHFV
2008-07-20T08:17:56,245026000,RYNDAM,KETCHIKAN,58.82666667,-135.1908333,167,168,13.3,0,8919269,PHFV
2008-07-20T08:17:46,245026000,RYNDAM,KETCHIKAN,58.82733333,-135.1911667,167,168,13.3,0,8919269,PHFV
2008-07-20T08:17:37,245026000,RYNDAM,KETCHIKAN,58.82783333,-135.1915,167,168,13.3,0,8919269,PHFV
2008-07-20T08:17:27,245026000,RYNDAM,KETCHIKAN,58.8285,-135.1916667,167,168,13.3,0,8919269,PHFV
2008-07-20T08:17:17,245026000,RYNDAM,KETCHIKAN,58.829,-135.1918333,167,168,13.3,0,8919269,PHFV
2008-07-20T08:17:07,245026000,RYNDAM,KETCHIKAN,58.8295,-135.1921667,167,168,13.3,0,8919269,PHFV
2008-07-20T08:16:56,245026000,RYNDAM,KETCHIKAN,58.83033333,-135.1923333,167,168,13.3,0,8919269,PHFV
2008-07-20T08:16:47,245026000,RYNDAM,KETCHIKAN,58.83083333,-135.1926667,167,168,13.3,0,8919269,PHFV
2008-07-20T08:16:37,245026000,RYNDAM,KETCHIKAN,58.83133333,-135.1928333,167,168,13.3,0,8919269,PHFV
2008-07-20T08:16:27,245026000,RYNDAM,KETCHIKAN,58.832,-135.1931667,168,168,13.3,0,8919269,PHFV
2008-07-20T08:16:17,245026000,RYNDAM,KETCHIKAN,58.8325,-135.1933333,168,168,13.3,0,8919269,PHFV
2008-07-20T08:16:07,245026000,RYNDAM,KETCHIKAN,58.83333333,-135.1936667,167,168,13.2,0,8919269,PHFV
2008-07-20T08:15:56,245026000,RYNDAM,KETCHIKAN,58.83383333,-135.1938333,167,168,13.2,0,8919269,PHFV
2008-07-20T08:15:47,245026000,RYNDAM,KETCHIKAN,58.8345,-135.1941667,167,168,13.2,0,8919269,PHFV
2008-07-20T08:15:37,245026000,RYNDAM,KETCHIKAN,58.835,-135.1943333,167,168,13.2,0,8919269,PHFV
2008-07-20T08:15:27,245026000,RYNDAM,KETCHIKAN,58.83566667,-135.1945,167,168,13.2,0,8919269,PHFV
2008-07-20T08:15:17,245026000,RYNDAM,KETCHIKAN,58.83616667,-135.1948333,167,168,13.2,0,8919269,PHFV
2008-07-20T08:15:07,245026000,RYNDAM,KETCHIKAN,58.83683333,-135.195,167,169,13.2,0,8919269,PHFV
2008-07-20T08:14:56,245026000,RYNDAM,KETCHIKAN,58.8375,-135.1953333,167,169,13.2,0,8919269,PHFV
2008-07-20T08:14:47,245026000,RYNDAM,KETCHIKAN,58.838,-135.1955,167,169,13.2,0,8919269,PHFV
2008-07-20T08:14:37,245026000,RYNDAM,KETCHIKAN,58.83866667,-135.1958333,167,169,13.3,0,8919269,PHFV
2008-07-20T08:14:27,245026000,RYNDAM,KETCHIKAN,58.83916667,-135.196,167,169,13.3,0,8919269,PHFV
2008-07-20T08:14:17,245026000,RYNDAM,KETCHIKAN,58.83983333,-135.1961667,167,169,13.3,0,8919269,PHFV
2008-07-20T08:14:07,245026000,RYNDAM,KETCHIKAN,58.84033333,-135.1963333,167,169,13.3,0,8919269,PHFV
2008-07-20T08:13:56,245026000,RYNDAM,KETCHIKAN,58.841,-135.1966667,167,169,13.3,0,8919269,PHFV
2008-07-20T08:13:47,245026000,RYNDAM,KETCHIKAN,58.8415,-135.1968333,167,169,13.3,0,8919269,PHFV
2008-07-20T08:13:37,245026000,RYNDAM,KETCHIKAN,58.84216667,-135.1971667,167,169,13.3,0,8919269,PHFV
2008-07-20T08:13:27,245026000,RYNDAM,KETCHIKAN,58.84283333,-135.1973333,168,169,13.3,0,8919269,PHFV
2008-07-20T08:13:17,245026000,RYNDAM,KETCHIKAN,58.8435,-135.1976667,168,170,13.4,0,8919269,PHFV
2008-07-20T08:13:08,245026000,RYNDAM,KETCHIKAN,58.844,-135.1978333,168,170,13.4,0,8919269,PHFV
2008-07-20T08:13:00,245026000,RYNDAM,KETCHIKAN,58.84466667,-135.198,0,0,0.0,0,8919269,PHFV
2008-07-20T08:12:56,245026000,RYNDAM,KETCHIKAN,58.84466667,-135.198,168,170,13.4,0,8919269,PHFV
2008-07-20T08:12:47,245026000,RYNDAM,KETCHIKAN,58.84533333,-135.1981667,168,170,13.4,0,8919269,PHFV
2008-07-20T08:12:37,245026000,RYNDAM,KETCHIKAN,58.84583333,-135.1985,168,170,13.4,0,8919269,PHFV
2008-07-20T08:12:27,245026000,RYNDAM,KETCHIKAN,58.8465,-135.1986667,168,170,13.4,0,8919269,PHFV
2008-07-20T08:12:17,245026000,RYNDAM,KETCHIKAN,58.847,-135.1988333,168,170,13.4,0,8919269,PHFV
2008-07-20T08:12:08,245026000,RYNDAM,KETCHIKAN,58.84766667,-135.199,168,170,13.4,0,8919269,PHFV
2008-07-20T08:11:56,245026000,RYNDAM,KETCHIKAN,58.84833333,-135.1993333,168,170,13.5,0,8919269,PHFV
2008-07-20T08:11:47,245026000,RYNDAM,KETCHIKAN,58.849,-135.1995,168,171,13.5,0,8919269,PHFV
2008-07-20T08:11:27,245026000,RYNDAM,KETCHIKAN,58.85,-135.1998333,168,171,13.5,0,8919269,PHFV
2008-07-20T08:11:17,245026000,RYNDAM,KETCHIKAN,58.85066667,-135.2,168,172,13.5,0,8919269,PHFV
2008-07-20T08:11:08,245026000,RYNDAM,KETCHIKAN,58.85133333,-135.2001667,169,172,13.5,0,8919269,PHFV
2008-07-20T08:10:56,245026000,RYNDAM,KETCHIKAN,58.852,-135.2005,169,172,13.6,0,8919269,PHFV
2008-07-20T08:10:47,245026000,RYNDAM,KETCHIKAN,58.85266667,-135.2006667,169,172,13.6,0,8919269,PHFV
2008-07-20T08:10:37,245026000,RYNDAM,KETCHIKAN,58.85333333,-135.2008333,170,172,13.6,0,8919269,PHFV
2008-07-20T08:10:27,245026000,RYNDAM,KETCHIKAN,58.85383333,-135.201,169,172,13.6,0,8919269,PHFV
2008-07-20T08:10:08,245026000,RYNDAM,KETCHIKAN,58.855,-135.2011667,169,172,13.6,0,8919269,PHFV
2008-07-20T08:09:56,245026000,RYNDAM,KETCHIKAN,58.85583333,-135.2015,169,172,13.6,0,8919269,PHFV
2008-07-20T08:09:46,245026000,RYNDAM,KETCHIKAN,58.85633333,-135.2016667,169,172,13.6,0,8919269,PHFV
2008-07-20T08:09:37,245026000,RYNDAM,KETCHIKAN,58.857,-135.2018333,169,172,13.6,0,8919269,PHFV
2008-07-20T08:09:27,245026000,RYNDAM,KETCHIKAN,58.8575,-135.202,169,172,13.6,0,8919269,PHFV
2008-07-20T08:09:17,245026000,RYNDAM,KETCHIKAN,58.85816667,-135.2021667,169,172,13.6,0,8919269,PHFV
2008-07-20T08:09:06,245026000,RYNDAM,KETCHIKAN,58.85883333,-135.2023333,169,172,13.6,0,8919269,PHFV
2008-07-20T08:08:56,245026000,RYNDAM,KETCHIKAN,58.8595,-135.2025,169,172,13.6,0,8919269,PHFV
2008-07-20T08:08:46,245026000,RYNDAM,KETCHIKAN,58.86016667,-135.2026667,169,172,13.6,0,8919269,PHFV
2008-07-20T08:08:37,245026000,RYNDAM,KETCHIKAN,58.86066667,-135.2028333,169,172,13.6,0,8919269,PHFV
2008-07-20T08:08:27,245026000,RYNDAM,KETCHIKAN,58.86133333,-135.203,169,172,13.6,0,8919269,PHFV
2008-07-20T08:08:17,245026000,RYNDAM,KETCHIKAN,58.862,-135.2031667,169,172,13.6,0,8919269,PHFV
2008-07-20T08:08:06,245026000,RYNDAM,KETCHIKAN,58.86266667,-135.2033333,169,172,13.6,0,8919269,PHFV
2008-07-20T08:07:56,245026000,RYNDAM,KETCHIKAN,58.86333333,-135.2035,169,172,13.6,0,8919269,PHFV
2008-07-20T08:07:46,245026000,RYNDAM,KETCHIKAN,58.86383333,-135.2036667,169,172,13.6,0,8919269,PHFV
2008-07-20T08:07:36,245026000,RYNDAM,KETCHIKAN,58.8645,-135.2038333,169,172,13.6,0,8919269,PHFV
2008-07-20T08:07:27,245026000,RYNDAM,KETCHIKAN,58.865,-135.204,169,172,13.6,0,8919269,PHFV
2008-07-20T08:07:17,245026000,RYNDAM,KETCHIKAN,58.86566667,-135.2041667,169,173,13.6,0,8919269,PHFV
2008-07-20T08:07:06,245026000,RYNDAM,KETCHIKAN,58.86633333,-135.2043333,169,173,13.7,0,8919269,PHFV
2008-07-20T08:07:00,245026000,RYNDAM,KETCHIKAN,58.867,-135.2045,0,0,0.0,0,8919269,PHFV
2008-07-20T08:06:56,245026000,RYNDAM,KETCHIKAN,58.867,-135.2045,169,174,13.7,0,8919269,PHFV
2008-07-20T08:06:46,245026000,RYNDAM,KETCHIKAN,58.86766667,-135.2045,170,175,13.7,0,8919269,PHFV
2008-07-20T08:06:36,245026000,RYNDAM,KETCHIKAN,58.86833333,-135.2046667,172,176,13.8,0,8919269,PHFV
2008-07-20T08:06:17,245026000,RYNDAM,KETCHIKAN,58.86933333,-135.2048333,174,179,13.8,0,8919269,PHFV
2008-07-20T08:06:06,245026000,RYNDAM,KETCHIKAN,58.87016667,-135.2048333,176,180,13.9,0,8919269,PHFV
2008-07-20T08:05:56,245026000,RYNDAM,KETCHIKAN,58.87083333,-135.2048333,177,181,13.9,0,8919269,PHFV
2008-07-20T08:05:46,245026000,RYNDAM,KETCHIKAN,58.8715,-135.2048333,178,181,13.9,0,8919269,PHFV
2008-07-20T08:05:36,245026000,RYNDAM,KETCHIKAN,58.87216667,-135.2048333,178,181,13.9,0,8919269,PHFV
2008-07-20T08:05:27,245026000,RYNDAM,KETCHIKAN,58.87266667,-135.2048333,178,181,13.9,0,8919269,PHFV
2008-07-20T08:05:17,245026000,RYNDAM,KETCHIKAN,58.87333333,-135.2048333,178,181,13.9,0,8919269,PHFV
2008-07-20T08:05:06,245026000,RYNDAM,KETCHIKAN,58.874,-135.2048333,178,181,13.9,0,8919269,PHFV
2008-07-20T08:04:56,245026000,RYNDAM,KETCHIKAN,58.87466667,-135.2048333,178,181,13.9,0,8919269,PHFV
2008-07-20T08:04:46,245026000,RYNDAM,KETCHIKAN,58.87533333,-135.2048333,178,181,13.9,0,8919269,PHFV
2008-07-20T08:04:36,245026000,RYNDAM,KETCHIKAN,58.876,-135.2048333,178,181,13.9,0,8919269,PHFV
2008-07-20T08:04:27,245026000,RYNDAM,KETCHIKAN,58.8765,-135.2046667,178,181,13.9,0,8919269,PHFV
2008-07-20T08:04:17,245026000,RYNDAM,KETCHIKAN,58.87716667,-135.2046667,178,181,13.9,0,8919269,PHFV
2008-07-20T08:04:06,245026000,RYNDAM,KETCHIKAN,58.87783333,-135.2046667,178,181,13.9,0,8919269,PHFV
2008-07-20T08:03:56,245026000,RYNDAM,KETCHIKAN,58.8785,-135.2046667,178,181,13.9,0,8919269,PHFV
2008-07-20T08:03:47,245026000,RYNDAM,KETCHIKAN,58.879,-135.2046667,178,181,13.8,0,8919269,PHFV
2008-07-20T08:03:36,245026000,RYNDAM,KETCHIKAN,58.87983333,-135.2046667,178,180,13.8,0,8919269,PHFV
2008-07-20T08:03:27,245026000,RYNDAM,KETCHIKAN,58.8805,-135.2046667,178,180,13.8,0,8919269,PHFV
2008-07-20T08:03:17,245026000,RYNDAM,KETCHIKAN,58.881,-135.2046667,178,180,13.8,0,8919269,PHFV
2008-07-20T08:03:06,245026000,RYNDAM,KETCHIKAN,58.88166667,-135.2046667,178,180,13.8,0,8919269,PHFV
2008-07-20T08:02:56,245026000,RYNDAM,KETCHIKAN,58.88233333,-135.2046667,178,180,13.8,0,8919269,PHFV
2008-07-20T08:02:47,245026000,RYNDAM,KETCHIKAN,58.88283333,-135.2046667,178,180,13.8,0,8919269,PHFV
2008-07-20T08:02:36,245026000,RYNDAM,KETCHIKAN,58.88366667,-135.2046667,178,181,13.8,0,8919269,PHFV
2008-07-20T08:02:27,245026000,RYNDAM,KETCHIKAN,58.88416667,-135.2046667,178,181,13.8,0,8919269,PHFV
2008-07-20T08:02:17,245026000,RYNDAM,KETCHIKAN,58.88483333,-135.2045,178,181,13.8,0,8919269,PHFV
2008-07-20T08:02:06,245026000,RYNDAM,KETCHIKAN,58.8855,-135.2045,178,181,13.8,0,8919269,PHFV
2008-07-20T08:01:58,245026000,RYNDAM,KETCHIKAN,58.886,-135.2045,178,181,13.8,0,8919269,PHFV
2008-07-20T08:01:47,245026000,RYNDAM,KETCHIKAN,58.88666667,-135.2045,178,181,13.8,0,8919269,PHFV
2008-07-20T08:01:36,245026000,RYNDAM,KETCHIKAN,58.8875,-135.2045,178,181,13.8,0,8919269,PHFV
2008-07-20T08:01:27,245026000,RYNDAM,KETCHIKAN,58.888,-135.2045,178,181,13.8,0,8919269,PHFV
2008-07-20T08:01:17,245026000,RYNDAM,KETCHIKAN,58.88866667,-135.2045,178,180,13.8,0,8919269,PHFV
2008-07-20T08:01:06,245026000,RYNDAM,KETCHIKAN,58.88933333,-135.2045,178,181,13.8,0,8919269,PHFV
2008-07-20T08:01:02,245026000,RYNDAM,KETCHIKAN,58.88983333,-135.2045,0,0,0.0,0,8919269,PHFV
2008-07-20T08:00:58,245026000,RYNDAM,KETCHIKAN,58.88983333,-135.2045,178,181,13.8,0,8919269,PHFV
2008-07-20T08:00:47,245026000,RYNDAM,KETCHIKAN,58.89066667,-135.2045,178,181,13.8,0,8919269,PHFV
2008-07-20T08:00:36,245026000,RYNDAM,KETCHIKAN,58.89133333,-135.2045,178,181,13.8,0,8919269,PHFV
2008-07-20T08:00:27,245026000,RYNDAM,KETCHIKAN,58.89183333,-135.2043333,178,181,13.8,0,8919269,PHFV
2008-07-20T08:00:17,245026000,RYNDAM,KETCHIKAN,58.8925,-135.2043333,178,181,13.7,0,8919269,PHFV
2008-07-20T08:00:06,245026000,RYNDAM,KETCHIKAN,58.89316667,-135.2043333,178,181,13.7,0,8919269,PHFV
2008-07-20T07:59:58,245026000,RYNDAM,KETCHIKAN,58.89366667,-135.2043333,178,181,13.7,0,8919269,PHFV
2008-07-20T07:59:47,245026000,RYNDAM,KETCHIKAN,58.89433333,-135.2043333,178,181,13.7,0,8919269,PHFV
2008-07-20T07:59:36,245026000,RYNDAM,KETCHIKAN,58.895,-135.2043333,178,181,13.7,0,8919269,PHFV
2008-07-20T07:59:16,245026000,RYNDAM,KETCHIKAN,58.89633333,-135.2043333,178,181,13.7,0,8919269,PHFV
2008-07-20T07:59:06,245026000,RYNDAM,KETCHIKAN,58.897,-135.2043333,178,181,13.7,0,8919269,PHFV
2008-07-20T07:58:58,245026000,RYNDAM,KETCHIKAN,58.8975,-135.2043333,178,180,13.7,0,8919269,PHFV
2008-07-20T07:58:47,245026000,RYNDAM,KETCHIKAN,58.89816667,-135.2043333,178,181,13.7,0,8919269,PHFV
2008-07-20T07:58:36,245026000,RYNDAM,KETCHIKAN,58.89883333,-135.2043333,178,181,13.6,0,8919269,PHFV
2008-07-20T07:58:27,245026000,RYNDAM,KETCHIKAN,58.8995,-135.2041667,178,181,13.6,0,8919269,PHFV
2008-07-20T07:58:16,245026000,RYNDAM,KETCHIKAN,58.90016667,-135.2041667,178,181,13.6,0,8919269,PHFV
2008-07-20T07:58:06,245026000,RYNDAM,KETCHIKAN,58.90083333,-135.2041667,178,181,13.6,0,8919269,PHFV
2008-07-20T07:57:58,245026000,RYNDAM,KETCHIKAN,58.90133333,-135.2041667,178,181,13.6,0,8919269,PHFV
2008-07-20T07:57:46,245026000,RYNDAM,KETCHIKAN,58.902,-135.2041667,178,181,13.6,0,8919269,PHFV
2008-07-20T07:57:36,245026000,RYNDAM,KETCHIKAN,58.90266667,-135.2041667,178,180,13.6,0,8919269,PHFV
2008-07-20T07:57:27,245026000,RYNDAM,KETCHIKAN,58.90316667,-135.2041667,178,180,13.6,0,8919269,PHFV
2008-07-20T07:57:16,245026000,RYNDAM,KETCHIKAN,58.90383333,-135.2041667,178,180,13.6,0,8919269,PHFV
2008-07-20T07:57:06,245026000,RYNDAM,KETCHIKAN,58.9045,-135.2041667,178,180,13.6,0,8919269,PHFV
2008-07-20T07:56:56,245026000,RYNDAM,KETCHIKAN,58.90516667,-135.2041667,178,180,13.6,0,8919269,PHFV
2008-07-20T07:56:46,245026000,RYNDAM,KETCHIKAN,58.90583333,-135.2041667,178,181,13.6,0,8919269,PHFV
2008-07-20T07:56:36,245026000,RYNDAM,KETCHIKAN,58.90633333,-135.2041667,178,181,13.6,0,8919269,PHFV
2008-07-20T07:56:26,245026000,RYNDAM,KETCHIKAN,58.907,-135.2041667,178,181,13.5,0,8919269,PHFV
2008-07-20T07:56:16,245026000,RYNDAM,KETCHIKAN,58.90766667,-135.2041667,178,180,13.5,0,8919269,PHFV
2008-07-20T07:56:06,245026000,RYNDAM,KETCHIKAN,58.90833333,-135.2041667,178,180,13.5,0,8919269,PHFV
2008-07-20T07:55:56,245026000,RYNDAM,KETCHIKAN,58.909,-135.2041667,178,180,13.5,0,8919269,PHFV
2008-07-20T07:55:46,245026000,RYNDAM,KETCHIKAN,58.9095,-135.2041667,178,180,13.5,0,8919269,PHFV
2008-07-20T07:55:37,245026000,RYNDAM,KETCHIKAN,58.91016667,-135.204,178,180,13.5,0,8919269,PHFV
2008-07-20T07:55:26,245026000,RYNDAM,KETCHIKAN,58.91083333,-135.204,178,180,13.5,0,8919269,PHFV
2008-07-20T07:55:16,245026000,RYNDAM,KETCHIKAN,58.91133333,-135.204,178,181,13.5,0,8919269,PHFV
2008-07-20T07:55:06,245026000,RYNDAM,KETCHIKAN,58.912,-135.204,178,181,13.5,0,8919269,PHFV
2008-07-20T07:55:00,245026000,RYNDAM,KETCHIKAN,58.91266667,-135.204,0,0,0.0,0,8919269,PHFV
2008-07-20T07:54:56,245026000,RYNDAM,KETCHIKAN,58.91266667,-135.204,178,180,13.4,0,8919269,PHFV
2008-07-20T07:54:46,245026000,RYNDAM,KETCHIKAN,58.91333333,-135.204,178,180,13.4,0,8919269,PHFV
2008-07-20T07:54:37,245026000,RYNDAM,KETCHIKAN,58.91383333,-135.204,178,180,13.4,0,8919269,PHFV
2008-07-20T07:54:26,245026000,RYNDAM,KETCHIKAN,58.9145,-135.204,178,180,13.4,0,8919269,PHFV
2008-07-20T07:54:17,245026000,RYNDAM,KETCHIKAN,58.915,-135.204,178,180,13.4,0,8919269,PHFV
2008-07-20T07:54:06,245026000,RYNDAM,KETCHIKAN,58.91583333,-135.204,178,180,13.4,0,8919269,PHFV
2008-07-20T07:53:56,245026000,RYNDAM,KETCHIKAN,58.91633333,-135.204,178,180,13.4,0,8919269,PHFV
2008-07-20T07:53:46,245026000,RYNDAM,KETCHIKAN,58.917,-135.204,178,180,13.3,0,8919269,PHFV
2008-07-20T07:53:37,245026000,RYNDAM,KETCHIKAN,58.9175,-135.204,178,180,13.3,0,8919269,PHFV
2008-07-20T07:53:17,245026000,RYNDAM,KETCHIKAN,58.91883333,-135.204,178,180,13.3,0,8919269,PHFV
2008-07-20T07:53:06,245026000,RYNDAM,KETCHIKAN,58.9195,-135.204,178,180,13.3,0,8919269,PHFV
2008-07-20T07:52:56,245026000,RYNDAM,KETCHIKAN,58.92,-135.204,178,180,13.3,0,8919269,PHFV
2008-07-20T07:52:46,245026000,RYNDAM,KETCHIKAN,58.92066667,-135.204,178,180,13.2,0,8919269,PHFV
2008-07-20T07:52:37,245026000,RYNDAM,KETCHIKAN,58.92133333,-135.204,178,180,13.2,0,8919269,PHFV
2008-07-20T07:52:26,245026000,RYNDAM,KETCHIKAN,58.92183333,-135.204,178,180,13.2,0,8919269,PHFV
2008-07-20T07:52:17,245026000,RYNDAM,KETCHIKAN,58.9225,-135.204,178,180,13.2,0,8919269,PHFV
2008-07-20T07:52:06,245026000,RYNDAM,KETCHIKAN,58.92316667,-135.204,178,180,13.2,0,8919269,PHFV
2008-07-20T07:51:56,245026000,RYNDAM,KETCHIKAN,58.92366667,-135.204,178,180,13.2,0,8919269,PHFV
2008-07-20T07:51:46,245026000,RYNDAM,KETCHIKAN,58.92433333,-135.204,178,180,13.1,0,8919269,PHFV
2008-07-20T07:51:37,245026000,RYNDAM,KETCHIKAN,58.92483333,-135.204,178,180,13.1,0,8919269,PHFV
2008-07-20T07:51:28,245026000,RYNDAM,KETCHIKAN,58.9255,-135.204,179,180,13.1,0,8919269,PHFV
2008-07-20T07:51:17,245026000,RYNDAM,KETCHIKAN,58.926,-135.204,178,180,13.1,0,8919269,PHFV
2008-07-20T07:51:06,245026000,RYNDAM,KETCHIKAN,58.92683333,-135.204,178,180,13.1,0,8919269,PHFV
2008-07-20T07:50:56,245026000,RYNDAM,KETCHIKAN,58.92733333,-135.204,178,180,13.1,0,8919269,PHFV
2008-07-20T07:50:47,245026000,RYNDAM,KETCHIKAN,58.928,-135.204,178,180,13.1,0,8919269,PHFV
2008-07-20T07:50:36,245026000,RYNDAM,KETCHIKAN,58.9285,-135.204,178,180,13.1,0,8919269,PHFV
2008-07-20T07:50:28,245026000,RYNDAM,KETCHIKAN,58.929,-135.204,178,180,13.1,0,8919269,PHFV
2008-07-20T07:50:17,245026000,RYNDAM,KETCHIKAN,58.92983333,-135.204,178,180,13.0,0,8919269,PHFV
2008-07-20T07:50:06,245026000,RYNDAM,KETCHIKAN,58.93033333,-135.204,178,180,13.0,0,8919269,PHFV
2008-07-20T07:49:56,245026000,RYNDAM,KETCHIKAN,58.931,-135.204,178,180,13.0,0,8919269,PHFV
2008-07-20T07:49:47,245026000,RYNDAM,KETCHIKAN,58.9315,-135.204,178,179,13.0,0,8919269,PHFV
2008-07-20T07:49:36,245026000,RYNDAM,KETCHIKAN,58.93216667,-135.204,178,180,13.0,0,8919269,PHFV
2008-07-20T07:49:28,245026000,RYNDAM,KETCHIKAN,58.93266667,-135.204,178,180,13.0,0,8919269,PHFV
2008-07-20T07:49:17,245026000,RYNDAM,KETCHIKAN,58.93333333,-135.204,178,180,13.0,0,8919269,PHFV
2008-07-20T07:49:06,245026000,RYNDAM,KETCHIKAN,58.934,-135.204,178,179,13.0,0,8919269,PHFV
2008-07-20T07:49:03,245026000,RYNDAM,KETCHIKAN,58.9345,-135.204,0,0,0.0,0,8919269,PHFV
2008-07-20T07:48:56,245026000,RYNDAM,KETCHIKAN,58.9345,-135.204,178,179,13.0,0,8919269,PHFV
2008-07-20T07:48:46,245026000,RYNDAM,KETCHIKAN,58.93516667,-135.2041667,178,179,13.0,0,8919269,PHFV
2008-07-20T07:48:28,245026000,RYNDAM,KETCHIKAN,58.93633333,-135.2041667,178,179,13.0,0,8919269,PHFV
2008-07-20T07:48:18,245026000,RYNDAM,KETCHIKAN,58.93683333,-135.2041667,178,179,12.9,0,8919269,PHFV
2008-07-20T07:48:06,245026000,RYNDAM,KETCHIKAN,58.9375,-135.2041667,178,179,12.9,0,8919269,PHFV
2008-07-20T07:47:56,245026000,RYNDAM,KETCHIKAN,58.93816667,-135.2041667,178,179,12.9,0,8919269,PHFV
2008-07-20T07:47:46,245026000,RYNDAM,KETCHIKAN,58.93883333,-135.2041667,178,179,12.9,0,8919269,PHFV
2008-07-20T07:47:36,245026000,RYNDAM,KETCHIKAN,58.93933333,-135.2041667,178,179,12.9,0,8919269,PHFV
2008-07-20T07:47:27,245026000,RYNDAM,KETCHIKAN,58.94,-135.2041667,178,179,12.9,0,8919269,PHFV
2008-07-20T07:47:18,245026000,RYNDAM,KETCHIKAN,58.9405,-135.2041667,178,179,12.9,0,8919269,PHFV
2008-07-20T07:47:06,245026000,RYNDAM,KETCHIKAN,58.94116667,-135.2041667,178,179,12.9,0,8919269,PHFV
2008-07-20T07:46:47,245026000,RYNDAM,KETCHIKAN,58.94233333,-135.2041667,178,179,12.9,0,8919269,PHFV
2008-07-20T07:46:36,245026000,RYNDAM,KETCHIKAN,58.943,-135.2043333,178,179,12.9,0,8919269,PHFV
2008-07-20T07:46:18,245026000,RYNDAM,KETCHIKAN,58.944,-135.2043333,178,180,12.9,0,8919269,PHFV
2008-07-20T07:46:06,245026000,RYNDAM,KETCHIKAN,58.94466667,-135.2043333,178,180,12.9,0,8919269,PHFV
2008-07-20T07:45:37,245026000,RYNDAM,KETCHIKAN,58.94633333,-135.2043333,178,180,12.9,0,8919269,PHFV
2008-07-20T07:45:18,245026000,RYNDAM,KETCHIKAN,58.94766667,-135.2043333,178,180,12.9,0,8919269,PHFV
2008-07-20T07:44:56,245026000,RYNDAM,KETCHIKAN,58.94883333,-135.2043333,179,181,13.0,0,8919269,PHFV
2008-07-20T07:44:46,245026000,RYNDAM,KETCHIKAN,58.9495,-135.2043333,179,182,13.0,0,8919269,PHFV
2008-07-20T07:44:37,245026000,RYNDAM,KETCHIKAN,58.95,-135.2041667,180,182,13.0,0,8919269,PHFV
2008-07-20T07:44:27,245026000,RYNDAM,KETCHIKAN,58.95066667,-135.2041667,180,182,13.0,0,8919269,PHFV
2008-07-20T07:44:18,245026000,RYNDAM,KETCHIKAN,58.95116667,-135.2041667,180,182,13.0,0,8919269,PHFV
2008-07-20T07:44:06,245026000,RYNDAM,KETCHIKAN,58.95183333,-135.2041667,180,182,13.0,0,8919269,PHFV
2008-07-20T07:43:56,245026000,RYNDAM,KETCHIKAN,58.9525,-135.204,180,182,13.0,0,8919269,PHFV
2008-07-20T07:43:37,245026000,RYNDAM,KETCHIKAN,58.9535,-135.204,180,182,13.0,0,8919269,PHFV
2008-07-20T07:43:27,245026000,RYNDAM,KETCHIKAN,58.95433333,-135.204,180,182,13.0,0,8919269,PHFV
2008-07-20T07:43:18,245026000,RYNDAM,KETCHIKAN,58.95483333,-135.2038333,180,182,13.0,0,8919269,PHFV
2008-07-20T07:43:02,245026000,RYNDAM,KETCHIKAN,58.95616667,-135.2038333,0,0,0.0,0,8919269,PHFV
2008-07-20T07:42:56,245026000,RYNDAM,KETCHIKAN,58.95616667,-135.2038333,180,182,13.0,0,8919269,PHFV
2008-07-20T07:42:37,245026000,RYNDAM,KETCHIKAN,58.95716667,-135.2036667,180,182,13.1,0,8919269,PHFV
2008-07-20T07:42:27,245026000,RYNDAM,KETCHIKAN,58.95783333,-135.2036667,180,182,13.1,0,8919269,PHFV
2008-07-20T07:42:18,245026000,RYNDAM,KETCHIKAN,58.95833333,-135.2036667,180,182,13.1,0,8919269,PHFV
2008-07-20T07:41:56,245026000,RYNDAM,KETCHIKAN,58.95966667,-135.2035,180,182,13.1,0,8919269,PHFV
2008-07-20T07:41:46,245026000,RYNDAM,KETCHIKAN,58.96033333,-135.2035,180,182,13.1,0,8919269,PHFV
2008-07-20T07:41:37,245026000,RYNDAM,KETCHIKAN,58.96083333,-135.2035,180,182,13.1,0,8919269,PHFV
2008-07-20T07:41:27,245026000,RYNDAM,KETCHIKAN,58.96133333,-135.2033333,180,182,13.1,0,8919269,PHFV
2008-07-20T07:41:18,245026000,RYNDAM,KETCHIKAN,58.962,-135.2033333,180,182,13.1,0,8919269,PHFV
2008-07-20T07:41:07,245026000,RYNDAM,KETCHIKAN,58.96266667,-135.2033333,180,183,13.1,0,8919269,PHFV
2008-07-20T07:40:46,245026000,RYNDAM,KETCHIKAN,58.964,-135.2031667,180,182,13.1,0,8919269,PHFV
2008-07-20T07:40:37,245026000,RYNDAM,KETCHIKAN,58.9645,-135.2031667,180,182,13.1,0,8919269,PHFV
2008-07-20T07:40:27,245026000,RYNDAM,KETCHIKAN,58.96516667,-135.2031667,180,181,13.1,0,8919269,PHFV
2008-07-20T07:40:18,245026000,RYNDAM,KETCHIKAN,58.96566667,-135.2031667,180,181,13.1,0,8919269,PHFV
2008-07-20T07:40:07,245026000,RYNDAM,KETCHIKAN,58.96633333,-135.203,178,179,13.1,0,8919269,PHFV
2008-07-20T07:39:56,245026000,RYNDAM,KETCHIKAN,58.967,-135.203,177,178,13.1,0,8919269,PHFV
2008-07-20T07:39:46,245026000,RYNDAM,KETCHIKAN,58.9675,-135.2031667,176,177,13.1,0,8919269,PHFV
2008-07-20T07:39:18,245026000,RYNDAM,KETCHIKAN,58.96933333,-135.2033333,173,173,13.1,0,8919269,PHFV
2008-07-20T07:39:07,245026000,RYNDAM,KETCHIKAN,58.97,-135.2035,171,172,13.0,0,8919269,PHFV
2008-07-20T07:38:56,245026000,RYNDAM,KETCHIKAN,58.97066667,-135.2036667,170,171,13.0,0,8919269,PHFV
2008-07-20T07:38:46,245026000,RYNDAM,KETCHIKAN,58.97116667,-135.2038333,169,170,13.0,0,8919269,PHFV
2008-07-20T07:38:36,245026000,RYNDAM,KETCHIKAN,58.97183333,-135.204,168,169,13.0,0,8919269,PHFV
2008-07-20T07:38:27,245026000,RYNDAM,KETCHIKAN,58.97233333,-135.2041667,167,168,13.0,0,8919269,PHFV
2008-07-20T07:38:07,245026000,RYNDAM,KETCHIKAN,58.9735,-135.2046667,165,167,13.0,0,8919269,PHFV
2008-07-20T07:37:27,245026000,RYNDAM,KETCHIKAN,58.97583333,-135.2058333,165,167,12.9,0,8919269,PHFV
2008-07-20T07:37:18,245026000,RYNDAM,KETCHIKAN,58.97633333,-135.206,165,167,12.9,0,8919269,PHFV
2008-07-20T07:37:00,245026000,RYNDAM,KETCHIKAN,58.97766667,-135.2066667,0,0,0.0,0,8919269,PHFV
2008-07-20T07:36:56,245026000,RYNDAM,KETCHIKAN,58.97766667,-135.2066667,165,166,12.9,0,8919269,PHFV
2008-07-20T07:36:36,245026000,RYNDAM,KETCHIKAN,58.97883333,-135.2071667,165,166,12.9,0,8919269,PHFV
2008-07-20T07:36:27,245026000,RYNDAM,KETCHIKAN,58.97916667,-135.2073333,165,166,12.8,0,8919269,PHFV
2008-07-20T07:36:16,245026000,RYNDAM,KETCHIKAN,58.97983333,-135.2076667,165,166,12.8,0,8919269,PHFV
2008-07-20T07:35:48,245026000,RYNDAM,KETCHIKAN,58.9815,-135.2085,165,166,12.8,0,8919269,PHFV
2008-07-20T07:35:16,245026000,RYNDAM,KETCHIKAN,58.98333333,-135.2093333,165,166,12.9,0,8919269,PHFV
2008-07-20T07:34:57,245026000,RYNDAM,KETCHIKAN,58.9845,-135.21,165,166,12.9,0,8919269,PHFV
2008-07-20T07:34:48,245026000,RYNDAM,KETCHIKAN,58.985,-135.2101667,165,166,12.9,0,8919269,PHFV
2008-07-20T07:33:57,245026000,RYNDAM,KETCHIKAN,58.98783333,-135.2116667,165,166,13.0,0,8919269,PHFV
2008-07-20T07:33:48,245026000,RYNDAM,KETCHIKAN,58.9885,-135.2118333,165,166,13.0,0,8919269,PHFV
2008-07-20T07:33:36,245026000,RYNDAM,KETCHIKAN,58.98916667,-135.2121667,165,166,13.0,0,8919269,PHFV
2008-07-20T07:33:27,245026000,RYNDAM,KETCHIKAN,58.98966667,-135.2125,165,166,13.0,0,8919269,PHFV
2008-07-20T07:33:07,245026000,RYNDAM,KETCHIKAN,58.99083333,-135.213,165,166,13.0,0,8919269,PHFV
2008-07-20T07:32:57,245026000,RYNDAM,KETCHIKAN,58.9915,-135.2133333,165,166,13.0,0,8919269,PHFV
2008-07-20T07:32:36,245026000,RYNDAM,KETCHIKAN,58.99266667,-135.2138333,165,166,13.0,0,8919269,PHFV
2008-07-20T07:32:16,245026000,RYNDAM,KETCHIKAN,58.99383333,-135.2143333,165,166,13.1,0,8919269,PHFV
2008-07-20T07:32:08,245026000,RYNDAM,KETCHIKAN,58.99433333,-135.2146667,165,166,13.1,0,8919269,PHFV
2008-07-20T07:31:38,245026000,RYNDAM,KETCHIKAN,58.996,-135.2155,165,166,13.1,0,8919269,PHFV
2008-07-20T07:31:16,245026000,RYNDAM,KETCHIKAN,58.99733333,-135.216,165,166,13.1,0,8919269,PHFV
2008-07-20T07:31:08,245026000,RYNDAM,KETCHIKAN,58.99783333,-135.2163333,165,165,13.1,0,8919269,PHFV
2008-07-20T07:31:02,245026000,RYNDAM,KETCHIKAN,58.99833333,-135.2166667,0,0,0.0,0,8919269,PHFV
2008-07-20T07:30:57,245026000,RYNDAM,KETCHIKAN,58.99833333,-135.2166667,165,165,13.2,0,8919269,PHFV
2008-07-20T07:30:48,245026000,RYNDAM,KETCHIKAN,58.999,-135.2168333,165,165,13.2,0,8919269,PHFV
2008-07-20T07:30:38,245026000,RYNDAM,KETCHIKAN,58.9995,-135.2171667,165,165,13.2,0,8919269,PHFV
2008-07-20T07:30:27,245026000,RYNDAM,KETCHIKAN,59.00033333,-135.2175,165,166,13.2,0,8919269,PHFV
2008-07-20T07:30:08,245026000,RYNDAM,KETCHIKAN,59.00133333,-135.2181667,165,166,13.3,0,8919269,PHFV
2008-07-20T07:29:46,245026000,RYNDAM,KETCHIKAN,59.00266667,-135.2186667,165,166,13.3,0,8919269,PHFV
2008-07-20T07:29:38,245026000,RYNDAM,KETCHIKAN,59.00316667,-135.219,165,166,13.3,0,8919269,PHFV
2008-07-20T07:28:16,245026000,RYNDAM,KETCHIKAN,59.00783333,-135.2213333,165,166,13.3,0,8919269,PHFV
2008-07-20T07:28:08,245026000,RYNDAM,KETCHIKAN,59.0085,-135.2215,165,166,13.3,0,8919269,PHFV
2008-07-20T07:27:57,245026000,RYNDAM,KETCHIKAN,59.00916667,-135.2218333,165,166,13.3,0,8919269,PHFV
2008-07-20T07:27:46,245026000,RYNDAM,KETCHIKAN,59.00983333,-135.2221667,165,166,13.3,0,8919269,PHFV
2008-07-20T07:27:38,245026000,RYNDAM,KETCHIKAN,59.01033333,-135.2225,165,166,13.3,0,8919269,PHFV
2008-07-20T07:27:16,245026000,RYNDAM,KETCHIKAN,59.01166667,-135.223,165,166,13.4,0,8919269,PHFV
2008-07-20T07:26:57,245026000,RYNDAM,KETCHIKAN,59.01283333,-135.2236667,165,166,13.4,0,8919269,PHFV
2008-07-20T07:26:46,245026000,RYNDAM,KETCHIKAN,59.01333333,-135.224,165,166,13.4,0,8919269,PHFV
2008-07-20T07:26:38,245026000,RYNDAM,KETCHIKAN,59.01383333,-135.2241667,165,166,13.5,0,8919269,PHFV
2008-07-20T07:26:16,245026000,RYNDAM,KETCHIKAN,59.01516667,-135.2248333,165,166,13.5,0,8919269,PHFV
2008-07-20T07:25:46,245026000,RYNDAM,KETCHIKAN,59.017,-135.2258333,165,166,13.5,0,8919269,PHFV
2008-07-20T07:25:38,245026000,RYNDAM,KETCHIKAN,59.0175,-135.226,165,166,13.5,0,8919269,PHFV
2008-07-20T07:25:17,245026000,RYNDAM,KETCHIKAN,59.01866667,-135.2266667,165,166,13.6,0,8919269,PHFV
2008-07-20T07:25:06,245026000,RYNDAM,KETCHIKAN,59.0195,-135.227,165,166,13.6,0,8919269,PHFV
2008-07-20T07:24:47,245026000,RYNDAM,KETCHIKAN,59.02066667,-135.2276667,165,166,13.6,0,8919269,PHFV
2008-07-20T07:24:06,245026000,RYNDAM,KETCHIKAN,59.023,-135.2288333,165,165,13.6,0,8919269,PHFV
2008-07-20T07:23:58,245026000,RYNDAM,KETCHIKAN,59.0235,-135.229,165,165,13.6,0,8919269,PHFV
2008-07-20T07:23:47,245026000,RYNDAM,KETCHIKAN,59.02416667,-135.2293333,165,165,13.6,0,8919269,PHFV
2008-07-20T07:23:27,245026000,RYNDAM,KETCHIKAN,59.02533333,-135.23,165,165,13.5,0,8919269,PHFV
2008-07-20T07:23:17,245026000,RYNDAM,KETCHIKAN,59.026,-135.2303333,165,165,13.5,0,8919269,PHFV
2008-07-20T07:23:06,245026000,RYNDAM,KETCHIKAN,59.02666667,-135.2306667,165,165,13.5,0,8919269,PHFV
2008-07-20T07:22:58,245026000,RYNDAM,KETCHIKAN,59.02716667,-135.231,165,165,13.5,0,8919269,PHFV
2008-07-20T07:22:47,245026000,RYNDAM,KETCHIKAN,59.02783333,-135.2313333,165,165,13.5,0,8919269,PHFV
2008-07-20T07:22:37,245026000,RYNDAM,KETCHIKAN,59.02833333,-135.2315,165,165,13.5,0,8919269,PHFV
2008-07-20T07:22:17,245026000,RYNDAM,KETCHIKAN,59.02966667,-135.2321667,165,165,13.5,0,8919269,PHFV
2008-07-20T07:22:06,245026000,RYNDAM,KETCHIKAN,59.03033333,-135.2326667,165,165,13.5,0,8919269,PHFV
2008-07-20T07:21:58,245026000,RYNDAM,KETCHIKAN,59.03083333,-135.2328333,165,165,13.6,0,8919269,PHFV
2008-07-20T07:21:47,245026000,RYNDAM,KETCHIKAN,59.03133333,-135.2331667,165,165,13.6,0,8919269,PHFV
2008-07-20T07:21:06,245026000,RYNDAM,KETCHIKAN,59.034,-135.2345,165,165,13.6,0,8919269,PHFV
2008-07-20T07:20:58,245026000,RYNDAM,KETCHIKAN,59.0345,-135.2348333,165,165,13.7,0,8919269,PHFV
2008-07-20T07:20:37,245026000,RYNDAM,KETCHIKAN,59.03583333,-135.2355,165,165,13.7,0,8919269,PHFV
2008-07-20T07:20:17,245026000,RYNDAM,KETCHIKAN,59.03683333,-135.236,165,165,13.7,0,8919269,PHFV
2008-07-20T07:20:06,245026000,RYNDAM,KETCHIKAN,59.03766667,-135.2365,165,165,13.7,0,8919269,PHFV
2008-07-20T07:19:58,245026000,RYNDAM,KETCHIKAN,59.03816667,-135.2366667,165,165,13.7,0,8919269,PHFV
2008-07-20T07:19:46,245026000,RYNDAM,KETCHIKAN,59.03883333,-135.237,165,165,13.7,0,8919269,PHFV
2008-07-20T07:19:27,245026000,RYNDAM,KETCHIKAN,59.04,-135.2376667,165,165,13.8,0,8919269,PHFV
2008-07-20T07:19:17,245026000,RYNDAM,KETCHIKAN,59.0405,-135.238,165,165,13.8,0,8919269,PHFV
2008-07-20T07:19:00,245026000,RYNDAM,KETCHIKAN,59.04183333,-135.2386667,0,0,0.0,0,8919269,PHFV
2008-07-20T07:18:58,245026000,RYNDAM,KETCHIKAN,59.04183333,-135.2386667,165,165,13.8,0,8919269,PHFV
2008-07-20T07:18:46,245026000,RYNDAM,KETCHIKAN,59.0425,-135.239,165,165,13.8,0,8919269,PHFV
2008-07-20T07:18:37,245026000,RYNDAM,KETCHIKAN,59.043,-135.2393333,165,165,13.8,0,8919269,PHFV
2008-07-20T07:18:27,245026000,RYNDAM,KETCHIKAN,59.04383333,-135.2396667,165,166,13.8,0,8919269,PHFV
2008-07-20T07:18:17,245026000,RYNDAM,KETCHIKAN,59.04433333,-135.2398333,165,166,13.8,0,8919269,PHFV
2008-07-20T07:17:37,245026000,RYNDAM,KETCHIKAN,59.04666667,-135.2411667,165,166,13.8,0,8919269,PHFV
2008-07-20T07:17:26,245026000,RYNDAM,KETCHIKAN,59.0475,-135.2415,165,166,13.8,0,8919269,PHFV
2008-07-20T07:17:07,245026000,RYNDAM,KETCHIKAN,59.04866667,-135.242,165,165,13.8,0,8919269,PHFV
2008-07-20T07:16:56,245026000,RYNDAM,KETCHIKAN,59.04933333,-135.2423333,165,165,13.8,0,8919269,PHFV
2008-07-20T07:16:47,245026000,RYNDAM,KETCHIKAN,59.04983333,-135.2426667,165,165,13.8,0,8919269,PHFV
2008-07-20T07:16:37,245026000,RYNDAM,KETCHIKAN,59.0505,-135.243,165,165,13.8,0,8919269,PHFV
2008-07-20T07:16:17,245026000,RYNDAM,KETCHIKAN,59.05166667,-135.2436667,165,165,13.8,0,8919269,PHFV
2008-07-20T07:16:07,245026000,RYNDAM,KETCHIKAN,59.05233333,-135.244,165,165,13.8,0,8919269,PHFV
2008-07-20T07:15:37,245026000,RYNDAM,KETCHIKAN,59.05433333,-135.245,165,165,13.7,0,8919269,PHFV
2008-07-20T07:15:26,245026000,RYNDAM,KETCHIKAN,59.05483333,-135.2453333,165,165,13.7,0,8919269,PHFV
2008-07-20T07:15:17,245026000,RYNDAM,KETCHIKAN,59.0555,-135.2455,165,165,13.7,0,8919269,PHFV
2008-07-20T07:14:56,245026000,RYNDAM,KETCHIKAN,59.05666667,-135.2461667,165,165,13.7,0,8919269,PHFV
2008-07-20T07:14:47,245026000,RYNDAM,KETCHIKAN,59.05716667,-135.2465,165,164,13.7,0,8919269,PHFV
2008-07-20T07:14:36,245026000,RYNDAM,KETCHIKAN,59.058,-135.2468333,165,164,13.6,0,8919269,PHFV
2008-07-20T07:14:17,245026000,RYNDAM,KETCHIKAN,59.05916667,-135.2475,165,164,13.6,0,8919269,PHFV
2008-07-20T07:13:56,245026000,RYNDAM,KETCHIKAN,59.06033333,-135.2481667,165,164,13.5,0,8919269,PHFV
2008-07-20T07:13:36,245026000,RYNDAM,KETCHIKAN,59.0615,-135.2488333,165,164,13.5,0,8919269,PHFV
2008-07-20T07:13:26,245026000,RYNDAM,KETCHIKAN,59.06216667,-135.2491667,165,164,13.5,0,8919269,PHFV
2008-07-20T07:13:17,245026000,RYNDAM,KETCHIKAN,59.06266667,-135.2495,165,165,13.5,0,8919269,PHFV
2008-07-20T07:13:07,245026000,RYNDAM,KETCHIKAN,59.06333333,-135.2498333,165,165,13.4,0,8919269,PHFV
2008-07-20T07:12:47,245026000,RYNDAM,KETCHIKAN,59.0645,-135.2505,165,165,13.4,0,8919269,PHFV
2008-07-20T07:12:36,245026000,RYNDAM,KETCHIKAN,59.06516667,-135.2508333,165,165,13.4,0,8919269,PHFV
2008-07-20T07:12:17,245026000,RYNDAM,KETCHIKAN,59.06633333,-135.2513333,165,166,13.4,0,8919269,PHFV
2008-07-20T07:11:36,245026000,RYNDAM,KETCHIKAN,59.06866667,-135.2526667,165,166,13.4,0,8919269,PHFV
2008-07-20T07:11:26,245026000,RYNDAM,KETCHIKAN,59.06933333,-135.2528333,165,166,13.4,0,8919269,PHFV
2008-07-20T07:11:17,245026000,RYNDAM,KETCHIKAN,59.06983333,-135.2531667,165,166,13.3,0,8919269,PHFV
2008-07-20T07:11:06,245026000,RYNDAM,KETCHIKAN,59.0705,-135.2535,165,166,13.3,0,8919269,PHFV
2008-07-20T07:10:56,245026000,RYNDAM,KETCHIKAN,59.07116667,-135.2538333,165,166,13.3,0,8919269,PHFV
2008-07-20T07:10:47,245026000,RYNDAM,KETCHIKAN,59.07166667,-135.254,165,166,13.3,0,8919269,PHFV
2008-07-20T07:10:36,245026000,RYNDAM,KETCHIKAN,59.07233333,-135.2543333,165,166,13.3,0,8919269,PHFV
2008-07-20T07:10:26,245026000,RYNDAM,KETCHIKAN,59.07283333,-135.2546667,165,166,13.3,0,8919269,PHFV
2008-07-20T07:10:17,245026000,RYNDAM,KETCHIKAN,59.0735,-135.255,165,166,13.3,0,8919269,PHFV
2008-07-20T07:10:06,245026000,RYNDAM,KETCHIKAN,59.074,-135.2553333,165,166,13.3,0,8919269,PHFV
2008-07-20T07:09:56,245026000,RYNDAM,KETCHIKAN,59.07466667,-135.2555,165,166,13.2,0,8919269,PHFV
2008-07-20T07:09:47,245026000,RYNDAM,KETCHIKAN,59.07516667,-135.2558333,165,166,13.2,0,8919269,PHFV
2008-07-20T07:09:36,245026000,RYNDAM,KETCHIKAN,59.07583333,-135.2561667,165,166,13.2,0,8919269,PHFV
2008-07-20T07:09:26,245026000,RYNDAM,KETCHIKAN,59.0765,-135.2565,165,166,13.2,0,8919269,PHFV
2008-07-20T07:09:16,245026000,RYNDAM,KETCHIKAN,59.077,-135.2566667,165,166,13.2,0,8919269,PHFV
2008-07-20T07:09:06,245026000,RYNDAM,KETCHIKAN,59.07766667,-135.257,165,166,13.2,0,8919269,PHFV
2008-07-20T07:08:56,245026000,RYNDAM,KETCHIKAN,59.07816667,-135.2573333,165,166,13.2,0,8919269,PHFV
2008-07-20T07:08:46,245026000,RYNDAM,KETCHIKAN,59.07883333,-135.2576667,165,166,13.2,0,8919269,PHFV
2008-07-20T07:08:36,245026000,RYNDAM,KETCHIKAN,59.07933333,-135.2578333,165,166,13.2,0,8919269,PHFV
2008-07-20T07:08:26,245026000,RYNDAM,KETCHIKAN,59.08,-135.2581667,165,166,13.2,0,8919269,PHFV
2008-07-20T07:08:06,245026000,RYNDAM,KETCHIKAN,59.08116667,-135.2586667,165,166,13.2,0,8919269,PHFV
2008-07-20T07:07:56,245026000,RYNDAM,KETCHIKAN,59.08183333,-135.259,165,166,13.1,0,8919269,PHFV
2008-07-20T07:07:46,245026000,RYNDAM,KETCHIKAN,59.08233333,-135.2593333,165,165,13.1,0,8919269,PHFV
2008-07-20T07:07:36,245026000,RYNDAM,KETCHIKAN,59.083,-135.2596667,165,165,13.1,0,8919269,PHFV
2008-07-20T07:07:16,245026000,RYNDAM,KETCHIKAN,59.08416667,-135.2601667,164,163,13.1,0,8919269,PHFV
2008-07-20T07:07:06,245026000,RYNDAM,KETCHIKAN,59.08466667,-135.2605,163,162,13.1,0,8919269,PHFV
2008-07-20T07:07:00,245026000,RYNDAM,KETCHIKAN,59.08583333,-135.2611667,0,0,0.0,0,8919269,PHFV
2008-07-20T07:06:46,245026000,RYNDAM,KETCHIKAN,59.08583333,-135.2611667,161,161,13.1,0,8919269,PHFV
2008-07-20T07:06:36,245026000,RYNDAM,KETCHIKAN,59.08633333,-135.2616667,160,160,13.1,0,8919269,PHFV
2008-07-20T07:06:26,245026000,RYNDAM,KETCHIKAN,59.087,-135.262,159,159,13.1,0,8919269,PHFV
2008-07-20T07:06:16,245026000,RYNDAM,KETCHIKAN,59.0875,-135.2625,159,159,13.1,0,8919269,PHFV
2008-07-20T07:06:06,245026000,RYNDAM,KETCHIKAN,59.08816667,-135.2628333,159,159,13.1,0,8919269,PHFV
2008-07-20T07:05:56,245026000,RYNDAM,KETCHIKAN,59.08866667,-135.2633333,159,159,13.1,0,8919269,PHFV
2008-07-20T07:05:46,245026000,RYNDAM,KETCHIKAN,59.08916667,-135.2636667,159,159,13.1,0,8919269,PHFV
2008-07-20T07:05:36,245026000,RYNDAM,KETCHIKAN,59.08966667,-135.264,159,159,13.1,0,8919269,PHFV
2008-07-20T07:05:26,245026000,RYNDAM,KETCHIKAN,59.09033333,-135.2645,159,159,13.1,0,8919269,PHFV
2008-07-20T07:05:16,245026000,RYNDAM,KETCHIKAN,59.091,-135.265,159,159,13.1,0,8919269,PHFV
2008-07-20T07:05:06,245026000,RYNDAM,KETCHIKAN,59.0915,-135.2653333,159,159,13.1,0,8919269,PHFV
2008-07-20T07:04:56,245026000,RYNDAM,KETCHIKAN,59.092,-135.2658333,159,159,13.1,0,8919269,PHFV
2008-07-20T07:04:46,245026000,RYNDAM,KETCHIKAN,59.09266667,-135.2661667,159,159,13.1,0,8919269,PHFV
2008-07-20T07:04:36,245026000,RYNDAM,KETCHIKAN,59.09316667,-135.2666667,159,159,13.1,0,8919269,PHFV
2008-07-20T07:04:26,245026000,RYNDAM,KETCHIKAN,59.09383333,-135.2671667,159,159,13.1,0,8919269,PHFV
2008-07-20T07:04:16,245026000,RYNDAM,KETCHIKAN,59.09433333,-135.2675,159,159,13.1,0,8919269,PHFV
2008-07-20T07:03:56,245026000,RYNDAM,KETCHIKAN,59.0955,-135.2683333,159,159,13.1,0,8919269,PHFV
2008-07-20T07:03:46,245026000,RYNDAM,KETCHIKAN,59.096,-135.2688333,159,159,13.1,0,8919269,PHFV
2008-07-20T07:03:36,245026000,RYNDAM,KETCHIKAN,59.0965,-135.2691667,159,159,13.1,0,8919269,PHFV
2008-07-20T07:03:26,245026000,RYNDAM,KETCHIKAN,59.09716667,-135.2696667,159,159,13.1,0,8919269,PHFV
2008-07-20T07:03:06,245026000,RYNDAM,KETCHIKAN,59.09833333,-135.2705,159,159,13.1,0,8919269,PHFV
2008-07-20T07:02:56,245026000,RYNDAM,KETCHIKAN,59.09883333,-135.2708333,159,159,13.1,0,8919269,PHFV
2008-07-20T07:02:46,245026000,RYNDAM,KETCHIKAN,59.09933333,-135.2713333,159,159,13.2,0,8919269,PHFV
2008-07-20T07:02:36,245026000,RYNDAM,KETCHIKAN,59.1,-135.2718333,159,159,13.2,0,8919269,PHFV
2008-07-20T07:02:26,245026000,RYNDAM,KETCHIKAN,59.1005,-135.2721667,159,159,13.1,0,8919269,PHFV
2008-07-20T07:02:18,245026000,RYNDAM,KETCHIKAN,59.101,-135.2725,159,159,13.1,0,8919269,PHFV
2008-07-20T07:02:06,245026000,RYNDAM,KETCHIKAN,59.10166667,-135.273,159,159,13.1,0,8919269,PHFV
2008-07-20T07:01:56,245026000,RYNDAM,KETCHIKAN,59.10216667,-135.2735,159,159,13.1,0,8919269,PHFV
2008-07-20T07:01:46,245026000,RYNDAM,KETCHIKAN,59.10283333,-135.2738333,159,159,13.1,0,8919269,PHFV
2008-07-20T07:01:36,245026000,RYNDAM,KETCHIKAN,59.10333333,-135.2743333,159,158,13.2,0,8919269,PHFV
2008-07-20T07:01:26,245026000,RYNDAM,KETCHIKAN,59.10383333,-135.2746667,159,159,13.2,0,8919269,PHFV
2008-07-20T07:01:18,245026000,RYNDAM,KETCHIKAN,59.10433333,-135.2751667,159,159,13.2,0,8919269,PHFV
2008-07-20T07:01:06,245026000,RYNDAM,KETCHIKAN,59.105,-135.2756667,159,159,13.2,0,8919269,PHFV
2008-07-20T07:01:02,245026000,RYNDAM,KETCHIKAN,59.1055,-135.276,0,0,0.0,0,8919269,PHFV
2008-07-20T07:00:57,245026000,RYNDAM,KETCHIKAN,59.1055,-135.276,159,158,13.2,0,8919269,PHFV
2008-07-20T07:00:46,245026000,RYNDAM,KETCHIKAN,59.10616667,-135.2765,159,158,13.2,0,8919269,PHFV
2008-07-20T07:00:36,245026000,RYNDAM,KETCHIKAN,59.10666667,-135.2768333,159,158,13.2,0,8919269,PHFV
2008-07-20T07:00:26,245026000,RYNDAM,KETCHIKAN,59.10733333,-135.2773333,159,158,13.2,0,8919269,PHFV
2008-07-20T07:00:18,245026000,RYNDAM,KETCHIKAN,59.10783333,-135.2776667,159,158,13.2,0,8919269,PHFV
2008-07-20T07:00:08,245026000,RYNDAM,KETCHIKAN,59.10833333,-135.2781667,159,158,13.3,0,8919269,PHFV
2008-07-20T06:59:57,245026000,RYNDAM,KETCHIKAN,59.109,-135.2786667,159,158,13.3,0,8919269,PHFV
2008-07-20T06:59:46,245026000,RYNDAM,KETCHIKAN,59.1095,-135.2791667,159,158,13.3,0,8919269,PHFV
2008-07-20T06:59:26,245026000,RYNDAM,KETCHIKAN,59.11066667,-135.28,159,158,13.3,0,8919269,PHFV
2008-07-20T06:59:18,245026000,RYNDAM,KETCHIKAN,59.11116667,-135.2803333,159,158,13.3,0,8919269,PHFV
2008-07-20T06:59:08,245026000,RYNDAM,KETCHIKAN,59.11166667,-135.2808333,159,158,13.3,0,8919269,PHFV
2008-07-20T06:58:57,245026000,RYNDAM,KETCHIKAN,59.11233333,-135.2813333,159,157,13.3,0,8919269,PHFV
2008-07-20T06:58:46,245026000,RYNDAM,KETCHIKAN,59.113,-135.2818333,159,158,13.2,0,8919269,PHFV
2008-07-20T06:58:36,245026000,RYNDAM,KETCHIKAN,59.1135,-135.2823333,159,157,13.2,0,8919269,PHFV
2008-07-20T06:58:26,245026000,RYNDAM,KETCHIKAN,59.11416667,-135.2826667,159,157,13.2,0,8919269,PHFV
2008-07-20T06:58:17,245026000,RYNDAM,KETCHIKAN,59.1145,-135.2831667,159,157,13.2,0,8919269,PHFV
2008-07-20T06:58:08,245026000,RYNDAM,KETCHIKAN,59.11516667,-135.2835,159,157,13.2,0,8919269,PHFV
2008-07-20T06:57:57,245026000,RYNDAM,KETCHIKAN,59.11583333,-135.2841667,159,157,13.2,0,8919269,PHFV
2008-07-20T06:57:46,245026000,RYNDAM,KETCHIKAN,59.11633333,-135.2845,159,157,13.1,0,8919269,PHFV
2008-07-20T06:57:36,245026000,RYNDAM,KETCHIKAN,59.11683333,-135.285,159,157,13.1,0,8919269,PHFV
2008-07-20T06:57:27,245026000,RYNDAM,KETCHIKAN,59.1175,-135.2855,159,157,13.1,0,8919269,PHFV
2008-07-20T06:57:17,245026000,RYNDAM,KETCHIKAN,59.11783333,-135.2858333,159,157,13.0,0,8919269,PHFV
2008-07-20T06:57:08,245026000,RYNDAM,KETCHIKAN,59.1185,-135.2863333,159,157,13.0,0,8919269,PHFV
2008-07-20T06:56:57,245026000,RYNDAM,KETCHIKAN,59.11916667,-135.2868333,159,156,13.0,0,8919269,PHFV
2008-07-20T06:56:46,245026000,RYNDAM,KETCHIKAN,59.11966667,-135.2873333,160,156,12.9,0,8919269,PHFV
2008-07-20T06:56:36,245026000,RYNDAM,KETCHIKAN,59.12016667,-135.2878333,160,156,12.9,0,8919269,PHFV
2008-07-20T06:56:27,245026000,RYNDAM,KETCHIKAN,59.12083333,-135.2883333,159,155,12.9,0,8919269,PHFV
2008-07-20T06:56:17,245026000,RYNDAM,KETCHIKAN,59.12116667,-135.2886667,159,155,12.8,0,8919269,PHFV
2008-07-20T06:56:06,245026000,RYNDAM,KETCHIKAN,59.12183333,-135.2891667,159,155,12.8,0,8919269,PHFV
2008-07-20T06:55:36,245026000,RYNDAM,KETCHIKAN,59.1235,-135.2906667,159,155,12.7,0,8919269,PHFV
2008-07-20T06:55:27,245026000,RYNDAM,KETCHIKAN,59.124,-135.2911667,159,155,12.6,0,8919269,PHFV
2008-07-20T06:55:06,245026000,RYNDAM,KETCHIKAN,59.125,-135.2921667,159,156,12.6,0,8919269,PHFV
2008-07-20T06:54:59,245026000,RYNDAM,KETCHIKAN,59.1255,-135.2925,0,0,0.0,0,8919269,PHFV
2008-07-20T06:54:57,245026000,RYNDAM,KETCHIKAN,59.1255,-135.2925,159,156,12.6,0,8919269,PHFV
2008-07-20T06:54:46,245026000,RYNDAM,KETCHIKAN,59.12616667,-135.293,159,157,12.6,0,8919269,PHFV
2008-07-20T06:54:36,245026000,RYNDAM,KETCHIKAN,59.12666667,-135.2935,159,157,12.6,0,8919269,PHFV
2008-07-20T06:54:27,245026000,RYNDAM,KETCHIKAN,59.12716667,-135.294,159,158,12.6,0,8919269,PHFV
2008-07-20T06:54:17,245026000,RYNDAM,KETCHIKAN,59.12766667,-135.2943333,159,158,12.6,0,8919269,PHFV
2008-07-20T06:54:06,245026000,RYNDAM,KETCHIKAN,59.12816667,-135.2948333,159,159,12.6,0,8919269,PHFV
2008-07-20T06:53:56,245026000,RYNDAM,KETCHIKAN,59.12883333,-135.2951667,159,159,12.6,0,8919269,PHFV
2008-07-20T06:53:46,245026000,RYNDAM,KETCHIKAN,59.12933333,-135.2956667,159,160,12.6,0,8919269,PHFV
2008-07-20T06:53:36,245026000,RYNDAM,KETCHIKAN,59.12983333,-135.296,159,160,12.7,0,8919269,PHFV
2008-07-20T06:53:27,245026000,RYNDAM,KETCHIKAN,59.13033333,-135.2963333,159,160,12.7,0,8919269,PHFV
2008-07-20T06:53:17,245026000,RYNDAM,KETCHIKAN,59.13083333,-135.2966667,159,161,12.7,0,8919269,PHFV
2008-07-20T06:53:06,245026000,RYNDAM,KETCHIKAN,59.1315,-135.2971667,159,161,12.8,0,8919269,PHFV
2008-07-20T06:52:56,245026000,RYNDAM,KETCHIKAN,59.13216667,-135.2975,159,161,12.8,0,8919269,PHFV
2008-07-20T06:52:46,245026000,RYNDAM,KETCHIKAN,59.13266667,-135.2978333,159,161,12.8,0,8919269,PHFV
2008-07-20T06:52:36,245026000,RYNDAM,KETCHIKAN,59.13316667,-135.2983333,159,161,12.8,0,8919269,PHFV
2008-07-20T06:52:27,245026000,RYNDAM,KETCHIKAN,59.13383333,-135.2986667,159,161,12.9,0,8919269,PHFV
2008-07-20T06:52:17,245026000,RYNDAM,KETCHIKAN,59.13433333,-135.299,159,161,12.9,0,8919269,PHFV
2008-07-20T06:52:06,245026000,RYNDAM,KETCHIKAN,59.13483333,-135.2993333,159,161,12.9,0,8919269,PHFV
2008-07-20T06:51:56,245026000,RYNDAM,KETCHIKAN,59.1355,-135.2998333,159,161,12.9,0,8919269,PHFV
2008-07-20T06:51:46,245026000,RYNDAM,KETCHIKAN,59.136,-135.3001667,159,161,12.9,0,8919269,PHFV
2008-07-20T06:51:36,245026000,RYNDAM,KETCHIKAN,59.1365,-135.3005,159,161,12.9,0,8919269,PHFV
2008-07-20T06:51:27,245026000,RYNDAM,KETCHIKAN,59.13716667,-135.3008333,159,161,12.9,0,8919269,PHFV
2008-07-20T06:51:17,245026000,RYNDAM,KETCHIKAN,59.13766667,-135.3011667,159,161,12.9,0,8919269,PHFV
2008-07-20T06:51:06,245026000,RYNDAM,KETCHIKAN,59.13833333,-135.3016667,159,161,12.9,0,8919269,PHFV
2008-07-20T06:50:46,245026000,RYNDAM,KETCHIKAN,59.13933333,-135.3025,159,160,12.9,0,8919269,PHFV
2008-07-20T06:50:36,245026000,RYNDAM,KETCHIKAN,59.14,-135.3028333,159,160,12.9,0,8919269,PHFV
2008-07-20T06:50:27,245026000,RYNDAM,KETCHIKAN,59.1405,-135.3031667,159,160,12.9,0,8919269,PHFV
2008-07-20T06:50:17,245026000,RYNDAM,KETCHIKAN,59.141,-135.3036667,159,160,12.9,0,8919269,PHFV
2008-07-20T06:50:06,245026000,RYNDAM,KETCHIKAN,59.14166667,-135.304,159,160,12.9,0,8919269,PHFV
2008-07-20T06:49:56,245026000,RYNDAM,KETCHIKAN,59.14216667,-135.3045,159,160,12.9,0,8919269,PHFV
2008-07-20T06:49:47,245026000,RYNDAM,KETCHIKAN,59.14266667,-135.3048333,159,159,12.9,0,8919269,PHFV
2008-07-20T06:49:36,245026000,RYNDAM,KETCHIKAN,59.14333333,-135.3051667,159,159,12.9,0,8919269,PHFV
2008-07-20T06:49:27,245026000,RYNDAM,KETCHIKAN,59.14383333,-135.3056667,159,159,12.9,0,8919269,PHFV
2008-07-20T06:49:17,245026000,RYNDAM,KETCHIKAN,59.14433333,-135.306,159,159,12.9,0,8919269,PHFV
2008-07-20T06:49:06,245026000,RYNDAM,KETCHIKAN,59.145,-135.3065,159,159,12.9,0,8919269,PHFV
2008-07-20T06:49:01,245026000,RYNDAM,KETCHIKAN,59.1455,-135.3068333,0,0,0.0,0,8919269,PHFV
2008-07-20T06:48:56,245026000,RYNDAM,KETCHIKAN,59.1455,-135.3068333,159,159,12.9,0,8919269,PHFV
2008-07-20T06:48:47,245026000,RYNDAM,KETCHIKAN,59.146,-135.3073333,159,159,12.9,0,8919269,PHFV
2008-07-20T06:48:36,245026000,RYNDAM,KETCHIKAN,59.14666667,-135.3076667,159,159,12.9,0,8919269,PHFV
2008-07-20T06:48:27,245026000,RYNDAM,KETCHIKAN,59.147,-135.308,159,159,12.9,0,8919269,PHFV
2008-07-20T06:48:17,245026000,RYNDAM,KETCHIKAN,59.14766667,-135.3085,159,159,12.9,0,8919269,PHFV
2008-07-20T06:48:06,245026000,RYNDAM,KETCHIKAN,59.14833333,-135.309,159,159,12.9,0,8919269,PHFV
2008-07-20T06:47:56,245026000,RYNDAM,KETCHIKAN,59.14883333,-135.3093333,159,159,12.9,0,8919269,PHFV
2008-07-20T06:47:47,245026000,RYNDAM,KETCHIKAN,59.14933333,-135.3098333,159,159,12.9,0,8919269,PHFV
2008-07-20T06:47:36,245026000,RYNDAM,KETCHIKAN,59.15,-135.3101667,159,159,12.8,0,8919269,PHFV
2008-07-20T06:47:27,245026000,RYNDAM,KETCHIKAN,59.1505,-135.3106667,159,159,12.8,0,8919269,PHFV
2008-07-20T06:47:17,245026000,RYNDAM,KETCHIKAN,59.151,-135.311,159,159,12.8,0,8919269,PHFV
2008-07-20T06:47:06,245026000,RYNDAM,KETCHIKAN,59.15166667,-135.3115,159,158,12.8,0,8919269,PHFV
2008-07-20T06:46:56,245026000,RYNDAM,KETCHIKAN,59.15216667,-135.3118333,159,158,12.8,0,8919269,PHFV
2008-07-20T06:46:46,245026000,RYNDAM,KETCHIKAN,59.15266667,-135.3123333,159,158,12.8,0,8919269,PHFV
2008-07-20T06:46:36,245026000,RYNDAM,KETCHIKAN,59.15333333,-135.3126667,159,158,12.8,0,8919269,PHFV
2008-07-20T06:46:27,245026000,RYNDAM,KETCHIKAN,59.15366667,-135.313,159,158,12.8,0,8919269,PHFV
2008-07-20T06:46:17,245026000,RYNDAM,KETCHIKAN,59.15433333,-135.3135,159,158,12.8,0,8919269,PHFV
2008-07-20T06:46:06,245026000,RYNDAM,KETCHIKAN,59.15483333,-135.314,159,158,12.8,0,8919269,PHFV
2008-07-20T06:45:56,245026000,RYNDAM,KETCHIKAN,59.1555,-135.3145,159,158,12.8,0,8919269,PHFV
2008-07-20T06:45:46,245026000,RYNDAM,KETCHIKAN,59.156,-135.3148333,159,158,12.8,0,8919269,PHFV
2008-07-20T06:45:36,245026000,RYNDAM,KETCHIKAN,59.1565,-135.3153333,159,158,12.8,0,8919269,PHFV
2008-07-20T06:45:27,245026000,RYNDAM,KETCHIKAN,59.15716667,-135.3156667,159,158,12.8,0,8919269,PHFV
2008-07-20T06:45:17,245026000,RYNDAM,KETCHIKAN,59.1575,-135.316,159,158,12.8,0,8919269,PHFV
2008-07-20T06:45:06,245026000,RYNDAM,KETCHIKAN,59.15816667,-135.3165,159,158,12.8,0,8919269,PHFV
2008-07-20T06:44:56,245026000,RYNDAM,KETCHIKAN,59.15866667,-135.317,159,159,12.8,0,8919269,PHFV
2008-07-20T06:44:46,245026000,RYNDAM,KETCHIKAN,59.15933333,-135.3173333,159,159,12.8,0,8919269,PHFV
2008-07-20T06:44:36,245026000,RYNDAM,KETCHIKAN,59.15983333,-135.3178333,159,159,12.8,0,8919269,PHFV
2008-07-20T06:44:27,245026000,RYNDAM,KETCHIKAN,59.16033333,-135.3183333,159,159,12.8,0,8919269,PHFV
2008-07-20T06:44:17,245026000,RYNDAM,KETCHIKAN,59.16083333,-135.3186667,159,159,12.8,0,8919269,PHFV
2008-07-20T06:44:06,245026000,RYNDAM,KETCHIKAN,59.1615,-135.3191667,159,159,12.8,0,8919269,PHFV
2008-07-20T06:43:56,245026000,RYNDAM,KETCHIKAN,59.162,-135.3195,159,159,12.8,0,8919269,PHFV
2008-07-20T06:43:47,245026000,RYNDAM,KETCHIKAN,59.1625,-135.3198333,159,159,12.8,0,8919269,PHFV
2008-07-20T06:43:36,245026000,RYNDAM,KETCHIKAN,59.16316667,-135.3203333,159,159,12.8,0,8919269,PHFV
2008-07-20T06:43:27,245026000,RYNDAM,KETCHIKAN,59.16366667,-135.3206667,159,159,12.8,0,8919269,PHFV
2008-07-20T06:43:17,245026000,RYNDAM,KETCHIKAN,59.16416667,-135.3211667,159,159,12.8,0,8919269,PHFV
2008-07-20T06:43:06,245026000,RYNDAM,KETCHIKAN,59.16483333,-135.3216667,159,159,12.8,0,8919269,PHFV
2008-07-20T06:43:02,245026000,RYNDAM,KETCHIKAN,59.16533333,-135.322,0,0,0.0,0,8919269,PHFV
2008-07-20T06:42:56,245026000,RYNDAM,KETCHIKAN,59.16533333,-135.322,159,159,12.8,0,8919269,PHFV
2008-07-20T06:42:47,245026000,RYNDAM,KETCHIKAN,59.16583333,-135.3225,159,159,12.8,0,8919269,PHFV
2008-07-20T06:42:37,245026000,RYNDAM,KETCHIKAN,59.1665,-135.3228333,159,159,12.9,0,8919269,PHFV
2008-07-20T06:42:27,245026000,RYNDAM,KETCHIKAN,59.167,-135.3233333,159,159,12.9,0,8919269,PHFV
2008-07-20T06:42:17,245026000,RYNDAM,KETCHIKAN,59.1675,-135.3235,159,159,12.9,0,8919269,PHFV
2008-07-20T06:42:06,245026000,RYNDAM,KETCHIKAN,59.16816667,-135.324,159,159,12.9,0,8919269,PHFV
2008-07-20T06:41:57,245026000,RYNDAM,KETCHIKAN,59.1685,-135.3243333,159,160,12.9,0,8919269,PHFV
2008-07-20T06:41:47,245026000,RYNDAM,KETCHIKAN,59.16916667,-135.3248333,159,160,12.9,0,8919269,PHFV
2008-07-20T06:41:37,245026000,RYNDAM,KETCHIKAN,59.16966667,-135.3251667,159,160,12.9,0,8919269,PHFV
2008-07-20T06:41:27,245026000,RYNDAM,KETCHIKAN,59.17033333,-135.3256667,159,160,12.9,0,8919269,PHFV
2008-07-20T06:41:17,245026000,RYNDAM,KETCHIKAN,59.17083333,-135.326,159,159,12.9,0,8919269,PHFV
2008-07-20T06:41:06,245026000,RYNDAM,KETCHIKAN,59.1715,-135.3265,159,159,12.9,0,8919269,PHFV
2008-07-20T06:40:57,245026000,RYNDAM,KETCHIKAN,59.17183333,-135.3268333,159,159,12.9,0,8919269,PHFV
2008-07-20T06:40:47,245026000,RYNDAM,KETCHIKAN,59.1725,-135.3273333,159,160,12.9,0,8919269,PHFV
2008-07-20T06:40:37,245026000,RYNDAM,KETCHIKAN,59.17316667,-135.3276667,159,160,12.9,0,8919269,PHFV
2008-07-20T06:40:27,245026000,RYNDAM,KETCHIKAN,59.17366667,-135.3281667,159,159,12.9,0,8919269,PHFV
2008-07-20T06:40:17,245026000,RYNDAM,KETCHIKAN,59.17416667,-135.3285,159,159,12.8,0,8919269,PHFV
2008-07-20T06:40:07,245026000,RYNDAM,KETCHIKAN,59.17483333,-135.329,159,159,12.8,0,8919269,PHFV
2008-07-20T06:39:57,245026000,RYNDAM,KETCHIKAN,59.17533333,-135.3293333,159,159,12.8,0,8919269,PHFV
2008-07-20T06:39:47,245026000,RYNDAM,KETCHIKAN,59.17583333,-135.3296667,159,159,12.8,0,8919269,PHFV
2008-07-20T06:39:37,245026000,RYNDAM,KETCHIKAN,59.17633333,-135.33,159,159,12.8,0,8919269,PHFV
2008-07-20T06:39:27,245026000,RYNDAM,KETCHIKAN,59.177,-135.3305,159,159,12.8,0,8919269,PHFV
2008-07-20T06:39:07,245026000,RYNDAM,KETCHIKAN,59.178,-135.3313333,159,159,12.7,0,8919269,PHFV
2008-07-20T06:38:57,245026000,RYNDAM,KETCHIKAN,59.1785,-135.3316667,159,160,12.7,0,8919269,PHFV
2008-07-20T06:38:47,245026000,RYNDAM,KETCHIKAN,59.17916667,-135.3321667,159,160,12.7,0,8919269,PHFV
2008-07-20T06:38:37,245026000,RYNDAM,KETCHIKAN,59.17966667,-135.3325,159,160,12.6,0,8919269,PHFV
2008-07-20T06:38:27,245026000,RYNDAM,KETCHIKAN,59.18016667,-135.3328333,159,160,12.6,0,8919269,PHFV
2008-07-20T06:38:18,245026000,RYNDAM,KETCHIKAN,59.18083333,-135.3333333,159,160,12.6,0,8919269,PHFV
2008-07-20T06:38:07,245026000,RYNDAM,KETCHIKAN,59.18133333,-135.3336667,159,160,12.6,0,8919269,PHFV
2008-07-20T06:37:57,245026000,RYNDAM,KETCHIKAN,59.18183333,-135.334,159,159,12.6,0,8919269,PHFV
2008-07-20T06:37:47,245026000,RYNDAM,KETCHIKAN,59.1825,-135.3345,159,159,12.5,0,8919269,PHFV
2008-07-20T06:37:36,245026000,RYNDAM,KETCHIKAN,59.183,-135.335,159,159,12.5,0,8919269,PHFV
2008-07-20T06:37:27,245026000,RYNDAM,KETCHIKAN,59.1835,-135.3353333,159,159,12.5,0,8919269,PHFV
2008-07-20T06:37:18,245026000,RYNDAM,KETCHIKAN,59.184,-135.3356667,159,159,12.5,0,8919269,PHFV
2008-07-20T06:37:07,245026000,RYNDAM,KETCHIKAN,59.1845,-135.336,159,159,12.4,0,8919269,PHFV
2008-07-20T06:37:00,245026000,RYNDAM,KETCHIKAN,59.18516667,-135.3365,0,0,0.0,0,8919269,PHFV
2008-07-20T06:36:57,245026000,RYNDAM,KETCHIKAN,59.18516667,-135.3365,159,159,12.4,0,8919269,PHFV
2008-07-20T06:36:47,245026000,RYNDAM,KETCHIKAN,59.18566667,-135.337,159,159,12.4,0,8919269,PHFV
2008-07-20T06:36:36,245026000,RYNDAM,KETCHIKAN,59.18633333,-135.3373333,159,159,12.3,0,8919269,PHFV
2008-07-20T06:36:27,245026000,RYNDAM,KETCHIKAN,59.18666667,-135.3376667,159,159,12.3,0,8919269,PHFV
2008-07-20T06:36:18,245026000,RYNDAM,KETCHIKAN,59.18716667,-135.338,159,159,12.3,0,8919269,PHFV
2008-07-20T06:36:07,245026000,RYNDAM,KETCHIKAN,59.18783333,-135.3383333,159,159,12.2,0,8919269,PHFV
2008-07-20T06:35:57,245026000,RYNDAM,KETCHIKAN,59.18833333,-135.3388333,159,159,12.2,0,8919269,PHFV
2008-07-20T06:35:47,245026000,RYNDAM,KETCHIKAN,59.18883333,-135.3391667,159,159,12.2,0,8919269,PHFV
2008-07-20T06:35:36,245026000,RYNDAM,KETCHIKAN,59.1895,-135.3396667,159,159,12.2,0,8919269,PHFV
2008-07-20T06:35:27,245026000,RYNDAM,KETCHIKAN,59.19,-135.34,159,159,12.1,0,8919269,PHFV
2008-07-20T06:35:18,245026000,RYNDAM,KETCHIKAN,59.19033333,-135.3403333,159,159,12.1,0,8919269,PHFV
2008-07-20T06:35:07,245026000,RYNDAM,KETCHIKAN,59.191,-135.3408333,159,160,12.1,0,8919269,PHFV
2008-07-20T06:34:57,245026000,RYNDAM,KETCHIKAN,59.1915,-135.3411667,160,160,12.0,0,8919269,PHFV
2008-07-20T06:34:47,245026000,RYNDAM,KETCHIKAN,59.192,-135.3415,160,161,12.0,0,8919269,PHFV
2008-07-20T06:34:36,245026000,RYNDAM,KETCHIKAN,59.19266667,-135.3418333,161,162,12.0,0,8919269,PHFV
2008-07-20T06:34:27,245026000,RYNDAM,KETCHIKAN,59.19316667,-135.3421667,162,162,12.0,0,8919269,PHFV
2008-07-20T06:34:18,245026000,RYNDAM,KETCHIKAN,59.1935,-135.3425,162,163,11.9,0,8919269,PHFV
2008-07-20T06:34:06,245026000,RYNDAM,KETCHIKAN,59.19416667,-135.3428333,162,162,11.9,0,8919269,PHFV
2008-07-20T06:33:56,245026000,RYNDAM,KETCHIKAN,59.19466667,-135.3431667,162,162,11.8,0,8919269,PHFV
2008-07-20T06:33:47,245026000,RYNDAM,KETCHIKAN,59.19516667,-135.3435,162,162,11.8,0,8919269,PHFV
2008-07-20T06:33:36,245026000,RYNDAM,KETCHIKAN,59.19566667,-135.3438333,162,162,11.7,0,8919269,PHFV
2008-07-20T06:33:27,245026000,RYNDAM,KETCHIKAN,59.19616667,-135.3441667,162,162,11.7,0,8919269,PHFV
2008-07-20T06:33:16,245026000,RYNDAM,KETCHIKAN,59.19683333,-135.3445,162,162,11.7,0,8919269,PHFV
2008-07-20T06:33:06,245026000,RYNDAM,KETCHIKAN,59.19733333,-135.3448333,162,162,11.7,0,8919269,PHFV
2008-07-20T06:32:56,245026000,RYNDAM,KETCHIKAN,59.19783333,-135.3451667,162,162,11.7,0,8919269,PHFV
2008-07-20T06:32:47,245026000,RYNDAM,KETCHIKAN,59.19833333,-135.3455,162,162,11.7,0,8919269,PHFV
2008-07-20T06:32:36,245026000,RYNDAM,KETCHIKAN,59.19883333,-135.3458333,162,162,11.7,0,8919269,PHFV
2008-07-20T06:32:27,245026000,RYNDAM,KETCHIKAN,59.19933333,-135.3461667,162,162,11.7,0,8919269,PHFV
2008-07-20T06:32:16,245026000,RYNDAM,KETCHIKAN,59.19983333,-135.3465,162,162,11.6,0,8919269,PHFV
2008-07-20T06:32:06,245026000,RYNDAM,KETCHIKAN,59.20033333,-135.3468333,162,161,11.6,0,8919269,PHFV
2008-07-20T06:31:56,245026000,RYNDAM,KETCHIKAN,59.20083333,-135.3471667,162,161,11.6,0,8919269,PHFV
2008-07-20T06:31:47,245026000,RYNDAM,KETCHIKAN,59.20133333,-135.3473333,162,161,11.6,0,8919269,PHFV
2008-07-20T06:31:36,245026000,RYNDAM,KETCHIKAN,59.20183333,-135.3478333,162,161,11.5,0,8919269,PHFV
2008-07-20T06:31:27,245026000,RYNDAM,KETCHIKAN,59.20233333,-135.348,162,161,11.5,0,8919269,PHFV
2008-07-20T06:31:16,245026000,RYNDAM,KETCHIKAN,59.20283333,-135.3485,162,161,11.5,0,8919269,PHFV
2008-07-20T06:31:06,245026000,RYNDAM,KETCHIKAN,59.20333333,-135.3488333,162,161,11.4,0,8919269,PHFV
2008-07-20T06:30:59,245026000,RYNDAM,KETCHIKAN,59.20383333,-135.3491667,0,0,0.0,0,8919269,PHFV
2008-07-20T06:30:56,245026000,RYNDAM,KETCHIKAN,59.20383333,-135.3491667,162,162,11.4,0,8919269,PHFV
2008-07-20T06:30:47,245026000,RYNDAM,KETCHIKAN,59.20433333,-135.3493333,162,162,11.4,0,8919269,PHFV
2008-07-20T06:30:37,245026000,RYNDAM,KETCHIKAN,59.20483333,-135.3496667,162,162,11.4,0,8919269,PHFV
2008-07-20T06:30:27,245026000,RYNDAM,KETCHIKAN,59.20533333,-135.3501667,162,161,11.4,0,8919269,PHFV
2008-07-20T06:30:16,245026000,RYNDAM,KETCHIKAN,59.20583333,-135.3505,162,161,11.4,0,8919269,PHFV
2008-07-20T06:30:06,245026000,RYNDAM,KETCHIKAN,59.20633333,-135.3508333,162,161,11.4,0,8919269,PHFV
2008-07-20T06:29:56,245026000,RYNDAM,KETCHIKAN,59.20683333,-135.3511667,162,161,11.4,0,8919269,PHFV
2008-07-20T06:29:47,245026000,RYNDAM,KETCHIKAN,59.20733333,-135.3513333,162,161,11.4,0,8919269,PHFV
2008-07-20T06:29:37,245026000,RYNDAM,KETCHIKAN,59.20783333,-135.3516667,162,161,11.4,0,8919269,PHFV
2008-07-20T06:29:27,245026000,RYNDAM,KETCHIKAN,59.20833333,-135.352,162,161,11.5,0,8919269,PHFV
2008-07-20T06:29:16,245026000,RYNDAM,KETCHIKAN,59.20883333,-135.3523333,162,161,11.5,0,8919269,PHFV
2008-07-20T06:29:06,245026000,RYNDAM,KETCHIKAN,59.20933333,-135.3528333,162,161,11.5,0,8919269,PHFV
2008-07-20T06:28:56,245026000,RYNDAM,KETCHIKAN,59.20983333,-135.3531667,162,161,11.5,0,8919269,PHFV
2008-07-20T06:28:47,245026000,RYNDAM,KETCHIKAN,59.21033333,-135.3533333,162,161,11.5,0,8919269,PHFV
2008-07-20T06:28:37,245026000,RYNDAM,KETCHIKAN,59.21083333,-135.3538333,162,161,11.5,0,8919269,PHFV
2008-07-20T06:28:26,245026000,RYNDAM,KETCHIKAN,59.21133333,-135.3541667,162,161,11.6,0,8919269,PHFV
2008-07-20T06:28:16,245026000,RYNDAM,KETCHIKAN,59.21183333,-135.3545,162,160,11.6,0,8919269,PHFV
2008-07-20T06:28:07,245026000,RYNDAM,KETCHIKAN,59.21233333,-135.3546667,162,160,11.6,0,8919269,PHFV
2008-07-20T06:27:56,245026000,RYNDAM,KETCHIKAN,59.21283333,-135.3551667,162,160,11.6,0,8919269,PHFV
2008-07-20T06:27:47,245026000,RYNDAM,KETCHIKAN,59.21333333,-135.3555,162,160,11.6,0,8919269,PHFV
2008-07-20T06:27:37,245026000,RYNDAM,KETCHIKAN,59.21383333,-135.3558333,162,160,11.7,0,8919269,PHFV
2008-07-20T06:27:26,245026000,RYNDAM,KETCHIKAN,59.21433333,-135.3561667,162,161,11.7,0,8919269,PHFV
2008-07-20T06:27:16,245026000,RYNDAM,KETCHIKAN,59.21483333,-135.3565,162,161,11.7,0,8919269,PHFV
2008-07-20T06:27:07,245026000,RYNDAM,KETCHIKAN,59.21533333,-135.357,162,161,11.8,0,8919269,PHFV
2008-07-20T06:26:56,245026000,RYNDAM,KETCHIKAN,59.216,-135.3573333,162,161,11.8,0,8919269,PHFV
2008-07-20T06:26:48,245026000,RYNDAM,KETCHIKAN,59.21633333,-135.3575,162,161,11.8,0,8919269,PHFV
2008-07-20T06:26:37,245026000,RYNDAM,KETCHIKAN,59.217,-135.358,162,161,11.9,0,8919269,PHFV
2008-07-20T06:26:26,245026000,RYNDAM,KETCHIKAN,59.2175,-135.3583333,162,161,11.9,0,8919269,PHFV
2008-07-20T06:26:16,245026000,RYNDAM,KETCHIKAN,59.218,-135.3586667,162,161,11.9,0,8919269,PHFV
2008-07-20T06:26:07,245026000,RYNDAM,KETCHIKAN,59.2185,-135.359,162,161,11.9,0,8919269,PHFV
2008-07-20T06:25:58,245026000,RYNDAM,KETCHIKAN,59.219,-135.3593333,162,161,11.9,0,8919269,PHFV
2008-07-20T06:25:48,245026000,RYNDAM,KETCHIKAN,59.2195,-135.3596667,162,161,11.9,0,8919269,PHFV
2008-07-20T06:25:37,245026000,RYNDAM,KETCHIKAN,59.22,-135.36,162,161,12.0,0,8919269,PHFV
2008-07-20T06:25:26,245026000,RYNDAM,KETCHIKAN,59.22066667,-135.3603333,162,161,12.0,0,8919269,PHFV
2008-07-20T06:25:16,245026000,RYNDAM,KETCHIKAN,59.22116667,-135.3606667,162,161,12.0,0,8919269,PHFV
2008-07-20T06:25:07,245026000,RYNDAM,KETCHIKAN,59.22166667,-135.3611667,162,161,12.0,0,8919269,PHFV
2008-07-20T06:25:00,245026000,RYNDAM,KETCHIKAN,59.222,-135.3613333,0,0,0.0,0,8919269,PHFV
2008-07-20T06:24:58,245026000,RYNDAM,KETCHIKAN,59.222,-135.3613333,162,161,12.0,0,8919269,PHFV
2008-07-20T06:24:48,245026000,RYNDAM,KETCHIKAN,59.2225,-135.3616667,162,161,12.0,0,8919269,PHFV
2008-07-20T06:24:37,245026000,RYNDAM,KETCHIKAN,59.22316667,-135.3621667,162,161,12.0,0,8919269,PHFV
2008-07-20T06:24:26,245026000,RYNDAM,KETCHIKAN,59.22366667,-135.3625,162,161,12.0,0,8919269,PHFV
2008-07-20T06:24:16,245026000,RYNDAM,KETCHIKAN,59.22416667,-135.3628333,162,161,12.0,0,8919269,PHFV
2008-07-20T06:24:07,245026000,RYNDAM,KETCHIKAN,59.22483333,-135.3631667,162,161,12.0,0,8919269,PHFV
2008-07-20T06:23:58,245026000,RYNDAM,KETCHIKAN,59.22516667,-135.3635,162,161,12.0,0,8919269,PHFV
2008-07-20T06:23:48,245026000,RYNDAM,KETCHIKAN,59.22566667,-135.3638333,162,161,12.0,0,8919269,PHFV
2008-07-20T06:23:36,245026000,RYNDAM,KETCHIKAN,59.22633333,-135.3643333,162,161,12.0,0,8919269,PHFV
2008-07-20T06:23:26,245026000,RYNDAM,KETCHIKAN,59.22683333,-135.3646667,162,162,12.0,0,8919269,PHFV
2008-07-20T06:23:16,245026000,RYNDAM,KETCHIKAN,59.22733333,-135.365,162,161,12.0,0,8919269,PHFV
2008-07-20T06:23:06,245026000,RYNDAM,KETCHIKAN,59.22783333,-135.3653333,162,161,12.0,0,8919269,PHFV
2008-07-20T06:22:58,245026000,RYNDAM,KETCHIKAN,59.22833333,-135.3655,162,161,11.9,0,8919269,PHFV
2008-07-20T06:22:48,245026000,RYNDAM,KETCHIKAN,59.22883333,-135.366,162,161,11.9,0,8919269,PHFV
2008-07-20T06:22:36,245026000,RYNDAM,KETCHIKAN,59.2295,-135.3663333,162,162,11.9,0,8919269,PHFV
2008-07-20T06:22:26,245026000,RYNDAM,KETCHIKAN,59.23,-135.3666667,162,162,11.9,0,8919269,PHFV
2008-07-20T06:22:16,245026000,RYNDAM,KETCHIKAN,59.2305,-135.367,162,162,11.9,0,8919269,PHFV
2008-07-20T06:22:06,245026000,RYNDAM,KETCHIKAN,59.231,-135.3673333,162,162,11.9,0,8919269,PHFV
2008-07-20T06:21:58,245026000,RYNDAM,KETCHIKAN,59.2315,-135.3676667,162,162,11.9,0,8919269,PHFV
2008-07-20T06:21:48,245026000,RYNDAM,KETCHIKAN,59.232,-135.368,162,162,11.9,0,8919269,PHFV
2008-07-20T06:21:36,245026000,RYNDAM,KETCHIKAN,59.23266667,-135.3683333,162,163,11.8,0,8919269,PHFV
2008-07-20T06:21:27,245026000,RYNDAM,KETCHIKAN,59.233,-135.3686667,162,163,11.8,0,8919269,PHFV
2008-07-20T06:21:18,245026000,RYNDAM,KETCHIKAN,59.2335,-135.3688333,162,163,11.8,0,8919269,PHFV
2008-07-20T06:21:06,245026000,RYNDAM,KETCHIKAN,59.23416667,-135.3693333,162,163,11.8,0,8919269,PHFV
2008-07-20T06:20:58,245026000,RYNDAM,KETCHIKAN,59.2345,-135.3695,162,163,11.8,0,8919269,PHFV
2008-07-20T06:20:48,245026000,RYNDAM,KETCHIKAN,59.23516667,-135.3698333,162,163,11.8,0,8919269,PHFV
2008-07-20T06:20:36,245026000,RYNDAM,KETCHIKAN,59.23566667,-135.3703333,162,163,11.8,0,8919269,PHFV
2008-07-20T06:20:28,245026000,RYNDAM,KETCHIKAN,59.23616667,-135.3705,162,163,11.7,0,8919269,PHFV
2008-07-20T06:20:18,245026000,RYNDAM,KETCHIKAN,59.23666667,-135.3708333,162,163,11.7,0,8919269,PHFV
2008-07-20T06:20:06,245026000,RYNDAM,KETCHIKAN,59.23733333,-135.3711667,162,163,11.7,0,8919269,PHFV
2008-07-20T06:19:58,245026000,RYNDAM,KETCHIKAN,59.23766667,-135.3715,162,163,11.7,0,8919269,PHFV
2008-07-20T06:19:46,245026000,RYNDAM,KETCHIKAN,59.23833333,-135.3718333,162,163,11.6,0,8919269,PHFV
2008-07-20T06:19:36,245026000,RYNDAM,KETCHIKAN,59.23883333,-135.3721667,162,163,11.6,0,8919269,PHFV
2008-07-20T06:19:28,245026000,RYNDAM,KETCHIKAN,59.23916667,-135.3723333,162,163,11.6,0,8919269,PHFV
2008-07-20T06:19:18,245026000,RYNDAM,KETCHIKAN,59.23966667,-135.3726667,162,163,11.5,0,8919269,PHFV
2008-07-20T06:19:06,245026000,RYNDAM,KETCHIKAN,59.24033333,-135.373,162,163,11.5,0,8919269,PHFV
2008-07-20T06:19:01,245026000,RYNDAM,KETCHIKAN,59.24083333,-135.3733333,0,0,0.0,0,8919269,PHFV
2008-07-20T06:18:56,245026000,RYNDAM,KETCHIKAN,59.24083333,-135.3733333,162,163,11.5,0,8919269,PHFV
2008-07-20T06:18:46,245026000,RYNDAM,KETCHIKAN,59.24133333,-135.3736667,162,163,11.5,0,8919269,PHFV
2008-07-20T06:18:36,245026000,RYNDAM,KETCHIKAN,59.24183333,-135.374,162,163,11.5,0,8919269,PHFV
2008-07-20T06:18:28,245026000,RYNDAM,KETCHIKAN,59.24233333,-135.3741667,162,163,11.5,0,8919269,PHFV
2008-07-20T06:18:18,245026000,RYNDAM,KETCHIKAN,59.24283333,-135.3745,162,164,11.5,0,8919269,PHFV
2008-07-20T06:18:06,245026000,RYNDAM,KETCHIKAN,59.24333333,-135.3748333,162,164,11.5,0,8919269,PHFV
2008-07-20T06:17:56,245026000,RYNDAM,KETCHIKAN,59.244,-135.3751667,162,164,11.5,0,8919269,PHFV
2008-07-20T06:17:46,245026000,RYNDAM,KETCHIKAN,59.2445,-135.3753333,162,164,11.5,0,8919269,PHFV
2008-07-20T06:17:37,245026000,RYNDAM,KETCHIKAN,59.245,-135.3756667,162,164,11.4,0,8919269,PHFV
2008-07-20T06:17:27,245026000,RYNDAM,KETCHIKAN,59.2455,-135.376,162,164,11.5,0,8919269,PHFV
2008-07-20T06:17:18,245026000,RYNDAM,KETCHIKAN,59.24583333,-135.3761667,162,165,11.5,0,8919269,PHFV
2008-07-20T06:17:06,245026000,RYNDAM,KETCHIKAN,59.2465,-135.3765,162,165,11.5,0,8919269,PHFV
2008-07-20T06:16:56,245026000,RYNDAM,KETCHIKAN,59.247,-135.3768333,162,165,11.5,0,8919269,PHFV
2008-07-20T06:16:46,245026000,RYNDAM,KETCHIKAN,59.2475,-135.377,162,165,11.5,0,8919269,PHFV
2008-07-20T06:16:37,245026000,RYNDAM,KETCHIKAN,59.248,-135.3773333,162,166,11.5,0,8919269,PHFV
2008-07-20T06:16:27,245026000,RYNDAM,KETCHIKAN,59.24833333,-135.3775,163,166,11.5,0,8919269,PHFV
2008-07-20T06:16:18,245026000,RYNDAM,KETCHIKAN,59.24883333,-135.3778333,164,168,11.5,0,8919269,PHFV
2008-07-20T06:16:06,245026000,RYNDAM,KETCHIKAN,59.2495,-135.378,165,168,11.5,0,8919269,PHFV
2008-07-20T06:15:56,245026000,RYNDAM,KETCHIKAN,59.25,-135.3783333,165,169,11.5,0,8919269,PHFV
2008-07-20T06:15:46,245026000,RYNDAM,KETCHIKAN,59.2505,-135.3785,165,169,11.5,0,8919269,PHFV
2008-07-20T06:15:37,245026000,RYNDAM,KETCHIKAN,59.251,-135.3786667,165,169,11.5,0,8919269,PHFV
2008-07-20T06:15:27,245026000,RYNDAM,KETCHIKAN,59.2515,-135.3788333,165,169,11.5,0,8919269,PHFV
2008-07-20T06:15:18,245026000,RYNDAM,KETCHIKAN,59.252,-135.379,165,169,11.5,0,8919269,PHFV
2008-07-20T06:15:06,245026000,RYNDAM,KETCHIKAN,59.25266667,-135.3793333,165,169,11.5,0,8919269,PHFV
2008-07-20T06:14:56,245026000,RYNDAM,KETCHIKAN,59.25316667,-135.3795,165,169,11.5,0,8919269,PHFV
2008-07-20T06:14:46,245026000,RYNDAM,KETCHIKAN,59.25366667,-135.3796667,165,170,11.5,0,8919269,PHFV
2008-07-20T06:14:37,245026000,RYNDAM,KETCHIKAN,59.25416667,-135.3798333,165,170,11.5,0,8919269,PHFV
2008-07-20T06:14:27,245026000,RYNDAM,KETCHIKAN,59.25466667,-135.38,165,170,11.5,0,8919269,PHFV
2008-07-20T06:14:17,245026000,RYNDAM,KETCHIKAN,59.25533333,-135.3801667,165,170,11.5,0,8919269,PHFV
2008-07-20T06:14:06,245026000,RYNDAM,KETCHIKAN,59.25583333,-135.3803333,165,170,11.5,0,8919269,PHFV
2008-07-20T06:13:56,245026000,RYNDAM,KETCHIKAN,59.25633333,-135.3806667,165,171,11.5,0,8919269,PHFV
2008-07-20T06:13:46,245026000,RYNDAM,KETCHIKAN,59.25683333,-135.3808333,165,171,11.5,0,8919269,PHFV
2008-07-20T06:13:37,245026000,RYNDAM,KETCHIKAN,59.25733333,-135.3808333,165,171,11.6,0,8919269,PHFV
2008-07-20T06:13:27,245026000,RYNDAM,KETCHIKAN,59.25783333,-135.381,165,171,11.6,0,8919269,PHFV
2008-07-20T06:13:17,245026000,RYNDAM,KETCHIKAN,59.2585,-135.3811667,165,171,11.6,0,8919269,PHFV
2008-07-20T06:13:06,245026000,RYNDAM,KETCHIKAN,59.259,-135.3813333,165,171,11.6,0,8919269,PHFV
2008-07-20T06:13:00,245026000,RYNDAM,KETCHIKAN,59.2595,-135.3815,0,0,0.0,0,8919269,PHFV
2008-07-20T06:12:56,245026000,RYNDAM,KETCHIKAN,59.2595,-135.3815,165,171,11.6,0,8919269,PHFV
2008-07-20T06:12:47,245026000,RYNDAM,KETCHIKAN,59.26,-135.3816667,165,171,11.6,0,8919269,PHFV
2008-07-20T06:12:37,245026000,RYNDAM,KETCHIKAN,59.2605,-135.3818333,165,171,11.6,0,8919269,PHFV
2008-07-20T06:12:27,245026000,RYNDAM,KETCHIKAN,59.261,-135.382,165,172,11.7,0,8919269,PHFV
2008-07-20T06:12:17,245026000,RYNDAM,KETCHIKAN,59.26166667,-135.3821667,165,171,11.7,0,8919269,PHFV
2008-07-20T06:12:07,245026000,RYNDAM,KETCHIKAN,59.262,-135.3823333,165,171,11.7,0,8919269,PHFV
2008-07-20T06:11:56,245026000,RYNDAM,KETCHIKAN,59.26266667,-135.3825,164,171,11.7,0,8919269,PHFV
2008-07-20T06:11:47,245026000,RYNDAM,KETCHIKAN,59.26316667,-135.3826667,165,171,11.7,0,8919269,PHFV
2008-07-20T06:11:37,245026000,RYNDAM,KETCHIKAN,59.26366667,-135.3828333,165,171,11.8,0,8919269,PHFV
2008-07-20T06:11:27,245026000,RYNDAM,KETCHIKAN,59.26416667,-135.383,165,171,11.8,0,8919269,PHFV
2008-07-20T06:11:17,245026000,RYNDAM,KETCHIKAN,59.26483333,-135.3831667,165,171,11.8,0,8919269,PHFV
2008-07-20T06:11:07,245026000,RYNDAM,KETCHIKAN,59.26516667,-135.3833333,165,171,11.8,0,8919269,PHFV
2008-07-20T06:10:58,245026000,RYNDAM,KETCHIKAN,59.26583333,-135.3835,165,170,11.8,0,8919269,PHFV
2008-07-20T06:10:47,245026000,RYNDAM,KETCHIKAN,59.26633333,-135.3836667,165,170,11.8,0,8919269,PHFV
2008-07-20T06:10:37,245026000,RYNDAM,KETCHIKAN,59.26683333,-135.3838333,165,170,11.8,0,8919269,PHFV
2008-07-20T06:10:27,245026000,RYNDAM,KETCHIKAN,59.26733333,-135.384,165,170,11.8,0,8919269,PHFV
2008-07-20T06:10:17,245026000,RYNDAM,KETCHIKAN,59.26783333,-135.3841667,165,170,11.8,0,8919269,PHFV
2008-07-20T06:10:07,245026000,RYNDAM,KETCHIKAN,59.2685,-135.3845,165,170,11.8,0,8919269,PHFV
2008-07-20T06:09:58,245026000,RYNDAM,KETCHIKAN,59.269,-135.3846667,166,171,11.8,0,8919269,PHFV
2008-07-20T06:09:47,245026000,RYNDAM,KETCHIKAN,59.26966667,-135.3848333,167,173,11.9,0,8919269,PHFV
2008-07-20T06:09:37,245026000,RYNDAM,KETCHIKAN,59.27016667,-135.385,168,174,12.0,0,8919269,PHFV
2008-07-20T06:09:27,245026000,RYNDAM,KETCHIKAN,59.27066667,-135.385,169,175,12.0,0,8919269,PHFV
2008-07-20T06:09:17,245026000,RYNDAM,KETCHIKAN,59.27133333,-135.3851667,171,177,12.1,0,8919269,PHFV
2008-07-20T06:09:07,245026000,RYNDAM,KETCHIKAN,59.27166667,-135.3851667,172,178,12.1,0,8919269,PHFV
2008-07-20T06:08:58,245026000,RYNDAM,KETCHIKAN,59.27233333,-135.3853333,173,179,12.2,0,8919269,PHFV
2008-07-20T06:08:47,245026000,RYNDAM,KETCHIKAN,59.273,-135.3853333,175,181,12.3,0,8919269,PHFV
2008-07-20T06:08:37,245026000,RYNDAM,KETCHIKAN,59.27333333,-135.3853333,176,182,12.4,0,8919269,PHFV
2008-07-20T06:08:28,245026000,RYNDAM,KETCHIKAN,59.274,-135.3853333,178,184,12.4,0,8919269,PHFV
2008-07-20T06:08:17,245026000,RYNDAM,KETCHIKAN,59.2745,-135.3851667,179,184,12.5,0,8919269,PHFV
2008-07-20T06:08:06,245026000,RYNDAM,KETCHIKAN,59.27516667,-135.3851667,180,185,12.5,0,8919269,PHFV
2008-07-20T06:07:58,245026000,RYNDAM,KETCHIKAN,59.27566667,-135.385,180,184,12.5,0,8919269,PHFV
2008-07-20T06:07:47,245026000,RYNDAM,KETCHIKAN,59.27633333,-135.385,180,184,12.5,0,8919269,PHFV
2008-07-20T06:07:37,245026000,RYNDAM,KETCHIKAN,59.277,-135.3848333,180,183,12.4,0,8919269,PHFV
2008-07-20T06:07:27,245026000,RYNDAM,KETCHIKAN,59.27733333,-135.3848333,180,183,12.4,0,8919269,PHFV
2008-07-20T06:07:17,245026000,RYNDAM,KETCHIKAN,59.27816667,-135.3846667,180,183,12.4,0,8919269,PHFV
2008-07-20T06:07:06,245026000,RYNDAM,KETCHIKAN,59.27866667,-135.3846667,180,183,12.4,0,8919269,PHFV
2008-07-20T06:07:00,245026000,RYNDAM,KETCHIKAN,59.27916667,-135.3846667,0,0,0.0,0,8919269,PHFV
2008-07-20T06:06:58,245026000,RYNDAM,KETCHIKAN,59.27916667,-135.3846667,181,183,12.4,0,8919269,PHFV
2008-07-20T06:06:47,245026000,RYNDAM,KETCHIKAN,59.27966667,-135.3845,181,183,12.4,0,8919269,PHFV
2008-07-20T06:06:37,245026000,RYNDAM,KETCHIKAN,59.28033333,-135.3845,182,183,12.4,0,8919269,PHFV
2008-07-20T06:06:27,245026000,RYNDAM,KETCHIKAN,59.28083333,-135.3845,182,182,12.4,0,8919269,PHFV
2008-07-20T06:06:17,245026000,RYNDAM,KETCHIKAN,59.2815,-135.3845,182,182,12.4,0,8919269,PHFV
2008-07-20T06:06:06,245026000,RYNDAM,KETCHIKAN,59.28216667,-135.3843333,182,182,12.3,0,8919269,PHFV
2008-07-20T06:05:58,245026000,RYNDAM,KETCHIKAN,59.2825,-135.3843333,182,182,12.3,0,8919269,PHFV
2008-07-20T06:05:47,245026000,RYNDAM,KETCHIKAN,59.28316667,-135.3843333,182,182,12.3,0,8919269,PHFV
2008-07-20T06:05:37,245026000,RYNDAM,KETCHIKAN,59.28366667,-135.3843333,182,182,12.2,0,8919269,PHFV
2008-07-20T06:05:27,245026000,RYNDAM,KETCHIKAN,59.28433333,-135.3841667,182,182,12.2,0,8919269,PHFV
2008-07-20T06:05:17,245026000,RYNDAM,KETCHIKAN,59.28483333,-135.3841667,182,182,12.2,0,8919269,PHFV
2008-07-20T06:05:06,245026000,RYNDAM,KETCHIKAN,59.2855,-135.3841667,182,183,12.2,0,8919269,PHFV
2008-07-20T06:04:57,245026000,RYNDAM,KETCHIKAN,59.286,-135.3841667,182,183,12.2,0,8919269,PHFV
2008-07-20T06:04:47,245026000,RYNDAM,KETCHIKAN,59.2865,-135.384,182,183,12.2,0,8919269,PHFV
2008-07-20T06:04:37,245026000,RYNDAM,KETCHIKAN,59.28716667,-135.384,182,184,12.2,0,8919269,PHFV
2008-07-20T06:04:27,245026000,RYNDAM,KETCHIKAN,59.28766667,-135.384,182,184,12.2,0,8919269,PHFV
2008-07-20T06:04:17,245026000,RYNDAM,KETCHIKAN,59.28833333,-135.3838333,182,184,12.2,0,8919269,PHFV
2008-07-20T06:04:06,245026000,RYNDAM,KETCHIKAN,59.28883333,-135.3838333,182,185,12.2,0,8919269,PHFV
2008-07-20T06:03:57,245026000,RYNDAM,KETCHIKAN,59.28933333,-135.3836667,182,186,12.2,0,8919269,PHFV
2008-07-20T06:03:47,245026000,RYNDAM,KETCHIKAN,59.28983333,-135.3836667,182,186,12.3,0,8919269,PHFV
2008-07-20T06:03:37,245026000,RYNDAM,KETCHIKAN,59.2905,-135.3835,182,186,12.3,0,8919269,PHFV
2008-07-20T06:03:27,245026000,RYNDAM,KETCHIKAN,59.291,-135.3833333,182,186,12.3,0,8919269,PHFV
2008-07-20T06:03:17,245026000,RYNDAM,KETCHIKAN,59.2915,-135.3833333,182,186,12.3,0,8919269,PHFV
2008-07-20T06:03:06,245026000,RYNDAM,KETCHIKAN,59.29233333,-135.3831667,182,186,12.3,0,8919269,PHFV
2008-07-20T06:02:58,245026000,RYNDAM,KETCHIKAN,59.29266667,-135.383,182,186,12.3,0,8919269,PHFV
2008-07-20T06:02:47,245026000,RYNDAM,KETCHIKAN,59.29333333,-135.383,182,186,12.3,0,8919269,PHFV
2008-07-20T06:02:37,245026000,RYNDAM,KETCHIKAN,59.29383333,-135.3828333,182,186,12.4,0,8919269,PHFV
2008-07-20T06:02:28,245026000,RYNDAM,KETCHIKAN,59.29433333,-135.3826667,182,186,12.4,0,8919269,PHFV
2008-07-20T06:02:17,245026000,RYNDAM,KETCHIKAN,59.29516667,-135.3826667,182,186,12.4,0,8919269,PHFV
2008-07-20T06:02:07,245026000,RYNDAM,KETCHIKAN,59.2955,-135.3825,182,186,12.4,0,8919269,PHFV
2008-07-20T06:01:57,245026000,RYNDAM,KETCHIKAN,59.29616667,-135.3823333,182,185,12.4,0,8919269,PHFV
2008-07-20T06:01:47,245026000,RYNDAM,KETCHIKAN,59.29666667,-135.3823333,182,185,12.4,0,8919269,PHFV
2008-07-20T06:01:37,245026000,RYNDAM,KETCHIKAN,59.29733333,-135.3821667,182,185,12.5,0,8919269,PHFV
2008-07-20T06:01:27,245026000,RYNDAM,KETCHIKAN,59.29783333,-135.382,182,185,12.5,0,8919269,PHFV
2008-07-20T06:01:17,245026000,RYNDAM,KETCHIKAN,59.29833333,-135.382,182,185,12.5,0,8919269,PHFV
2008-07-20T06:01:07,245026000,RYNDAM,KETCHIKAN,59.299,-135.3818333,182,185,12.5,0,8919269,PHFV
2008-07-20T06:01:02,245026000,RYNDAM,KETCHIKAN,59.2995,-135.3818333,0,0,0.0,0,8919269,PHFV
2008-07-20T06:00:57,245026000,RYNDAM,KETCHIKAN,59.2995,-135.3818333,182,185,12.5,0,8919269,PHFV
2008-07-20T06:00:47,245026000,RYNDAM,KETCHIKAN,59.30016667,-135.3816667,182,185,12.5,0,8919269,PHFV
2008-07-20T06:00:37,245026000,RYNDAM,KETCHIKAN,59.30066667,-135.3815,182,185,12.5,0,8919269,PHFV
2008-07-20T06:00:27,245026000,RYNDAM,KETCHIKAN,59.30133333,-135.3815,182,185,12.5,0,8919269,PHFV
2008-07-20T06:00:17,245026000,RYNDAM,KETCHIKAN,59.30183333,-135.3813333,182,185,12.5,0,8919269,PHFV
2008-07-20T06:00:07,245026000,RYNDAM,KETCHIKAN,59.3025,-135.3813333,182,185,12.5,0,8919269,PHFV
2008-07-20T05:59:57,245026000,RYNDAM,KETCHIKAN,59.303,-135.3811667,182,185,12.5,0,8919269,PHFV
2008-07-20T05:59:47,245026000,RYNDAM,KETCHIKAN,59.30366667,-135.381,182,185,12.5,0,8919269,PHFV
2008-07-20T05:59:37,245026000,RYNDAM,KETCHIKAN,59.30433333,-135.381,182,185,12.5,0,8919269,PHFV
2008-07-20T05:59:27,245026000,RYNDAM,KETCHIKAN,59.30466667,-135.3808333,183,186,12.5,0,8919269,PHFV
2008-07-20T05:59:17,245026000,RYNDAM,KETCHIKAN,59.30533333,-135.3808333,183,186,12.5,0,8919269,PHFV
2008-07-20T05:59:07,245026000,RYNDAM,KETCHIKAN,59.30583333,-135.3806667,184,187,12.5,0,8919269,PHFV
2008-07-20T05:58:57,245026000,RYNDAM,KETCHIKAN,59.3065,-135.3805,184,187,12.5,0,8919269,PHFV
2008-07-20T05:58:47,245026000,RYNDAM,KETCHIKAN,59.30716667,-135.3803333,184,187,12.5,0,8919269,PHFV
2008-07-20T05:58:37,245026000,RYNDAM,KETCHIKAN,59.30766667,-135.3803333,184,186,12.5,0,8919269,PHFV
2008-07-20T05:58:27,245026000,RYNDAM,KETCHIKAN,59.30816667,-135.3801667,184,186,12.5,0,8919269,PHFV
2008-07-20T05:58:17,245026000,RYNDAM,KETCHIKAN,59.30883333,-135.38,184,186,12.5,0,8919269,PHFV
2008-07-20T05:58:07,245026000,RYNDAM,KETCHIKAN,59.30933333,-135.38,184,186,12.5,0,8919269,PHFV
2008-07-20T05:57:57,245026000,RYNDAM,KETCHIKAN,59.30983333,-135.3798333,184,185,12.6,0,8919269,PHFV
2008-07-20T05:57:47,245026000,RYNDAM,KETCHIKAN,59.3105,-135.3796667,184,185,12.6,0,8919269,PHFV
2008-07-20T05:57:37,245026000,RYNDAM,KETCHIKAN,59.311,-135.3796667,184,185,12.6,0,8919269,PHFV
2008-07-20T05:57:27,245026000,RYNDAM,KETCHIKAN,59.31166667,-135.3795,184,185,12.5,0,8919269,PHFV
2008-07-20T05:57:17,245026000,RYNDAM,KETCHIKAN,59.31233333,-135.3793333,184,184,12.6,0,8919269,PHFV
2008-07-20T05:57:07,245026000,RYNDAM,KETCHIKAN,59.31283333,-135.3793333,184,184,12.6,0,8919269,PHFV
2008-07-20T05:56:57,245026000,RYNDAM,KETCHIKAN,59.31333333,-135.3791667,184,184,12.6,0,8919269,PHFV
2008-07-20T05:56:48,245026000,RYNDAM,KETCHIKAN,59.314,-135.3791667,184,184,12.6,0,8919269,PHFV
2008-07-20T05:56:36,245026000,RYNDAM,KETCHIKAN,59.31466667,-135.379,184,184,12.6,0,8919269,PHFV
2008-07-20T05:56:28,245026000,RYNDAM,KETCHIKAN,59.31516667,-135.379,184,184,12.6,0,8919269,PHFV
2008-07-20T05:56:17,245026000,RYNDAM,KETCHIKAN,59.31566667,-135.379,184,183,12.6,0,8919269,PHFV
2008-07-20T05:56:07,245026000,RYNDAM,KETCHIKAN,59.31633333,-135.3788333,184,183,12.6,0,8919269,PHFV
2008-07-20T05:55:57,245026000,RYNDAM,KETCHIKAN,59.31683333,-135.3788333,184,183,12.6,0,8919269,PHFV
2008-07-20T05:55:48,245026000,RYNDAM,KETCHIKAN,59.3175,-135.3786667,184,183,12.6,0,8919269,PHFV
2008-07-20T05:55:36,245026000,RYNDAM,KETCHIKAN,59.31816667,-135.3786667,184,183,12.6,0,8919269,PHFV
2008-07-20T05:55:27,245026000,RYNDAM,KETCHIKAN,59.31866667,-135.3786667,184,183,12.5,0,8919269,PHFV
2008-07-20T05:55:17,245026000,RYNDAM,KETCHIKAN,59.31916667,-135.3785,184,183,12.5,0,8919269,PHFV
2008-07-20T05:55:07,245026000,RYNDAM,KETCHIKAN,59.31983333,-135.3785,184,183,12.5,0,8919269,PHFV
2008-07-20T05:55:02,245026000,RYNDAM,KETCHIKAN,59.3205,-135.3785,0,0,0.0,0,8919269,PHFV
2008-07-20T05:54:56,245026000,RYNDAM,KETCHIKAN,59.3205,-135.3785,184,184,12.5,0,8919269,PHFV
2008-07-20T05:54:48,245026000,RYNDAM,KETCHIKAN,59.32083333,-135.3783333,184,184,12.5,0,8919269,PHFV
2008-07-20T05:54:36,245026000,RYNDAM,KETCHIKAN,59.3215,-135.3783333,184,184,12.5,0,8919269,PHFV
2008-07-20T05:54:26,245026000,RYNDAM,KETCHIKAN,59.32216667,-135.3781667,184,184,12.5,0,8919269,PHFV
2008-07-20T05:54:17,245026000,RYNDAM,KETCHIKAN,59.32266667,-135.3781667,184,184,12.5,0,8919269,PHFV
2008-07-20T05:54:07,245026000,RYNDAM,KETCHIKAN,59.32333333,-135.378,184,184,12.5,0,8919269,PHFV
2008-07-20T05:53:56,245026000,RYNDAM,KETCHIKAN,59.32383333,-135.378,184,185,12.5,0,8919269,PHFV
2008-07-20T05:53:48,245026000,RYNDAM,KETCHIKAN,59.32433333,-135.3778333,184,185,12.5,0,8919269,PHFV
2008-07-20T05:53:36,245026000,RYNDAM,KETCHIKAN,59.325,-135.3778333,184,185,12.5,0,8919269,PHFV
2008-07-20T05:53:26,245026000,RYNDAM,KETCHIKAN,59.32566667,-135.3776667,184,185,12.5,0,8919269,PHFV
2008-07-20T05:53:17,245026000,RYNDAM,KETCHIKAN,59.326,-135.3776667,184,185,12.5,0,8919269,PHFV
2008-07-20T05:53:07,245026000,RYNDAM,KETCHIKAN,59.32666667,-135.3775,184,185,12.4,0,8919269,PHFV
2008-07-20T05:52:56,245026000,RYNDAM,KETCHIKAN,59.32733333,-135.3773333,184,186,12.4,0,8919269,PHFV
2008-07-20T05:52:48,245026000,RYNDAM,KETCHIKAN,59.32783333,-135.3773333,184,186,12.4,0,8919269,PHFV
2008-07-20T05:52:36,245026000,RYNDAM,KETCHIKAN,59.3285,-135.3771667,185,186,12.4,0,8919269,PHFV
2008-07-20T05:52:26,245026000,RYNDAM,KETCHIKAN,59.329,-135.377,185,186,12.4,0,8919269,PHFV
2008-07-20T05:52:17,245026000,RYNDAM,KETCHIKAN,59.32966667,-135.377,186,187,12.4,0,8919269,PHFV
2008-07-20T05:52:07,245026000,RYNDAM,KETCHIKAN,59.33016667,-135.3768333,186,187,12.4,0,8919269,PHFV
2008-07-20T05:51:56,245026000,RYNDAM,KETCHIKAN,59.33066667,-135.3766667,186,187,12.4,0,8919269,PHFV
2008-07-20T05:51:48,245026000,RYNDAM,KETCHIKAN,59.33116667,-135.3765,186,187,12.4,0,8919269,PHFV
2008-07-20T05:51:36,245026000,RYNDAM,KETCHIKAN,59.33183333,-135.3763333,186,187,12.4,0,8919269,PHFV
2008-07-20T05:51:26,245026000,RYNDAM,KETCHIKAN,59.3325,-135.3763333,186,186,12.4,0,8919269,PHFV
2008-07-20T05:51:17,245026000,RYNDAM,KETCHIKAN,59.333,-135.3761667,186,186,12.4,0,8919269,PHFV
2008-07-20T05:51:07,245026000,RYNDAM,KETCHIKAN,59.3335,-135.376,186,186,12.4,0,8919269,PHFV
2008-07-20T05:50:56,245026000,RYNDAM,KETCHIKAN,59.33416667,-135.3758333,186,187,12.4,0,8919269,PHFV
2008-07-20T05:50:47,245026000,RYNDAM,KETCHIKAN,59.33466667,-135.3758333,186,186,12.4,0,8919269,PHFV
2008-07-20T05:50:36,245026000,RYNDAM,KETCHIKAN,59.33533333,-135.3756667,186,186,12.4,0,8919269,PHFV
2008-07-20T05:50:26,245026000,RYNDAM,KETCHIKAN,59.33583333,-135.3755,186,186,12.4,0,8919269,PHFV
2008-07-20T05:50:17,245026000,RYNDAM,KETCHIKAN,59.33633333,-135.3755,186,186,12.4,0,8919269,PHFV
2008-07-20T05:50:07,245026000,RYNDAM,KETCHIKAN,59.33683333,-135.3753333,186,186,12.4,0,8919269,PHFV
2008-07-20T05:49:56,245026000,RYNDAM,KETCHIKAN,59.3375,-135.3751667,186,186,12.4,0,8919269,PHFV
2008-07-20T05:49:47,245026000,RYNDAM,KETCHIKAN,59.33816667,-135.375,186,186,12.4,0,8919269,PHFV
2008-07-20T05:49:36,245026000,RYNDAM,KETCHIKAN,59.33866667,-135.375,186,185,12.4,0,8919269,PHFV
2008-07-20T05:49:26,245026000,RYNDAM,KETCHIKAN,59.33916667,-135.3748333,186,185,12.4,0,8919269,PHFV
2008-07-20T05:49:17,245026000,RYNDAM,KETCHIKAN,59.33983333,-135.3746667,186,185,12.4,0,8919269,PHFV
2008-07-20T05:49:07,245026000,RYNDAM,KETCHIKAN,59.34033333,-135.3746667,186,185,12.4,0,8919269,PHFV
2008-07-20T05:49:01,245026000,RYNDAM,KETCHIKAN,59.341,-135.3745,0,0,0.0,0,8919269,PHFV
2008-07-20T05:48:56,245026000,RYNDAM,KETCHIKAN,59.341,-135.3745,186,185,12.4,0,8919269,PHFV
2008-07-20T05:48:47,245026000,RYNDAM,KETCHIKAN,59.34133333,-135.3745,186,185,12.4,0,8919269,PHFV
2008-07-20T05:48:38,245026000,RYNDAM,KETCHIKAN,59.342,-135.3743333,186,185,12.5,0,8919269,PHFV
2008-07-20T05:48:26,245026000,RYNDAM,KETCHIKAN,59.34266667,-135.3741667,186,185,12.5,0,8919269,PHFV
2008-07-20T05:48:17,245026000,RYNDAM,KETCHIKAN,59.34316667,-135.3741667,186,185,12.5,0,8919269,PHFV
2008-07-20T05:48:07,245026000,RYNDAM,KETCHIKAN,59.34366667,-135.374,186,185,12.5,0,8919269,PHFV
2008-07-20T05:47:56,245026000,RYNDAM,KETCHIKAN,59.34433333,-135.374,186,185,12.5,0,8919269,PHFV
2008-07-20T05:47:47,245026000,RYNDAM,KETCHIKAN,59.34483333,-135.3738333,186,185,12.5,0,8919269,PHFV
2008-07-20T05:47:38,245026000,RYNDAM,KETCHIKAN,59.3455,-135.3736667,186,185,12.5,0,8919269,PHFV
2008-07-20T05:47:27,245026000,RYNDAM,KETCHIKAN,59.34616667,-135.3736667,186,186,12.5,0,8919269,PHFV
2008-07-20T05:47:17,245026000,RYNDAM,KETCHIKAN,59.34666667,-135.3735,186,186,12.5,0,8919269,PHFV
2008-07-20T05:47:07,245026000,RYNDAM,KETCHIKAN,59.34733333,-135.3733333,186,186,12.5,0,8919269,PHFV
2008-07-20T05:46:56,245026000,RYNDAM,KETCHIKAN,59.34783333,-135.3733333,186,186,12.5,0,8919269,PHFV
2008-07-20T05:46:47,245026000,RYNDAM,KETCHIKAN,59.34833333,-135.3731667,186,186,12.5,0,8919269,PHFV
2008-07-20T05:46:38,245026000,RYNDAM,KETCHIKAN,59.34883333,-135.373,186,186,12.5,0,8919269,PHFV
2008-07-20T05:46:27,245026000,RYNDAM,KETCHIKAN,59.3495,-135.373,186,186,12.5,0,8919269,PHFV
2008-07-20T05:46:17,245026000,RYNDAM,KETCHIKAN,59.35016667,-135.3728333,186,186,12.5,0,8919269,PHFV
2008-07-20T05:46:06,245026000,RYNDAM,KETCHIKAN,59.35066667,-135.3726667,186,186,12.5,0,8919269,PHFV
2008-07-20T05:45:56,245026000,RYNDAM,KETCHIKAN,59.35133333,-135.3726667,186,186,12.5,0,8919269,PHFV
2008-07-20T05:45:47,245026000,RYNDAM,KETCHIKAN,59.35166667,-135.3725,186,186,12.5,0,8919269,PHFV
2008-07-20T05:45:38,245026000,RYNDAM,KETCHIKAN,59.35233333,-135.3723333,186,186,12.5,0,8919269,PHFV
2008-07-20T05:45:27,245026000,RYNDAM,KETCHIKAN,59.35283333,-135.3723333,186,186,12.5,0,8919269,PHFV
2008-07-20T05:45:16,245026000,RYNDAM,KETCHIKAN,59.3535,-135.3721667,186,186,12.5,0,8919269,PHFV
2008-07-20T05:45:06,245026000,RYNDAM,KETCHIKAN,59.35416667,-135.372,186,186,12.5,0,8919269,PHFV
2008-07-20T05:44:56,245026000,RYNDAM,KETCHIKAN,59.35466667,-135.3718333,186,186,12.5,0,8919269,PHFV
2008-07-20T05:44:47,245026000,RYNDAM,KETCHIKAN,59.35533333,-135.3718333,186,186,12.6,0,8919269,PHFV
2008-07-20T05:44:38,245026000,RYNDAM,KETCHIKAN,59.35566667,-135.3716667,186,186,12.6,0,8919269,PHFV
2008-07-20T05:44:27,245026000,RYNDAM,KETCHIKAN,59.3565,-135.3715,186,187,12.6,0,8919269,PHFV
2008-07-20T05:44:16,245026000,RYNDAM,KETCHIKAN,59.357,-135.3713333,187,187,12.6,0,8919269,PHFV
2008-07-20T05:44:06,245026000,RYNDAM,KETCHIKAN,59.35766667,-135.3713333,188,187,12.7,0,8919269,PHFV
2008-07-20T05:43:56,245026000,RYNDAM,KETCHIKAN,59.35816667,-135.3711667,188,188,12.7,0,8919269,PHFV
2008-07-20T05:43:47,245026000,RYNDAM,KETCHIKAN,59.35866667,-135.371,188,188,12.7,0,8919269,PHFV
2008-07-20T05:43:38,245026000,RYNDAM,KETCHIKAN,59.35916667,-135.3708333,188,188,12.7,0,8919269,PHFV
2008-07-20T05:43:27,245026000,RYNDAM,KETCHIKAN,59.35983333,-135.3706667,188,188,12.7,0,8919269,PHFV
2008-07-20T05:43:16,245026000,RYNDAM,KETCHIKAN,59.3605,-135.3705,188,189,12.8,0,8919269,PHFV
2008-07-20T05:43:06,245026000,RYNDAM,KETCHIKAN,59.361,-135.3703333,188,189,12.8,0,8919269,PHFV
2008-07-20T05:42:59,245026000,RYNDAM,KETCHIKAN,59.3615,-135.3701667,0,0,0.0,0,8919269,PHFV
2008-07-20T05:42:57,245026000,RYNDAM,KETCHIKAN,59.3615,-135.3701667,188,188,12.8,0,8919269,PHFV
2008-07-20T05:42:47,245026000,RYNDAM,KETCHIKAN,59.36216667,-135.37,188,188,12.8,0,8919269,PHFV
2008-07-20T05:42:38,245026000,RYNDAM,KETCHIKAN,59.36266667,-135.3698333,188,188,12.8,0,8919269,PHFV
2008-07-20T05:42:27,245026000,RYNDAM,KETCHIKAN,59.36333333,-135.3696667,188,188,12.8,0,8919269,PHFV
2008-07-20T05:42:16,245026000,RYNDAM,KETCHIKAN,59.364,-135.3695,188,188,12.9,0,8919269,PHFV
2008-07-20T05:42:06,245026000,RYNDAM,KETCHIKAN,59.36466667,-135.3693333,188,188,12.9,0,8919269,PHFV
2008-07-20T05:41:57,245026000,RYNDAM,KETCHIKAN,59.36516667,-135.3691667,188,188,12.9,0,8919269,PHFV
2008-07-20T05:41:47,245026000,RYNDAM,KETCHIKAN,59.36566667,-135.369,188,189,12.9,0,8919269,PHFV
2008-07-20T05:41:38,245026000,RYNDAM,KETCHIKAN,59.36616667,-135.3688333,188,188,13.0,0,8919269,PHFV
2008-07-20T05:41:27,245026000,RYNDAM,KETCHIKAN,59.36683333,-135.3686667,188,189,13.0,0,8919269,PHFV
2008-07-20T05:41:16,245026000,RYNDAM,KETCHIKAN,59.3675,-135.3685,188,188,13.0,0,8919269,PHFV
2008-07-20T05:41:07,245026000,RYNDAM,KETCHIKAN,59.368,-135.3683333,188,188,13.0,0,8919269,PHFV
2008-07-20T05:40:57,245026000,RYNDAM,KETCHIKAN,59.36866667,-135.3681667,188,187,13.0,0,8919269,PHFV
2008-07-20T05:40:47,245026000,RYNDAM,KETCHIKAN,59.36916667,-135.368,188,187,13.0,0,8919269,PHFV
2008-07-20T05:40:36,245026000,RYNDAM,KETCHIKAN,59.37,-135.3678333,188,187,13.1,0,8919269,PHFV
2008-07-20T05:40:27,245026000,RYNDAM,KETCHIKAN,59.37033333,-135.3676667,188,187,13.1,0,8919269,PHFV
2008-07-20T05:40:16,245026000,RYNDAM,KETCHIKAN,59.37116667,-135.3675,188,187,13.1,0,8919269,PHFV
2008-07-20T05:40:07,245026000,RYNDAM,KETCHIKAN,59.37166667,-135.3673333,188,187,13.1,0,8919269,PHFV
2008-07-20T05:39:57,245026000,RYNDAM,KETCHIKAN,59.37216667,-135.3673333,188,187,13.1,0,8919269,PHFV
2008-07-20T05:39:47,245026000,RYNDAM,KETCHIKAN,59.37283333,-135.3671667,188,187,13.1,0,8919269,PHFV
2008-07-20T05:39:36,245026000,RYNDAM,KETCHIKAN,59.3735,-135.367,188,187,13.2,0,8919269,PHFV
2008-07-20T05:39:27,245026000,RYNDAM,KETCHIKAN,59.37416667,-135.3668333,188,188,13.2,0,8919269,PHFV
2008-07-20T05:39:16,245026000,RYNDAM,KETCHIKAN,59.37466667,-135.3666667,188,187,13.2,0,8919269,PHFV
2008-07-20T05:39:07,245026000,RYNDAM,KETCHIKAN,59.37516667,-135.3665,188,187,13.2,0,8919269,PHFV
2008-07-20T05:38:57,245026000,RYNDAM,KETCHIKAN,59.376,-135.3663333,188,187,13.3,0,8919269,PHFV
2008-07-20T05:38:47,245026000,RYNDAM,KETCHIKAN,59.3765,-135.3661667,188,187,13.3,0,8919269,PHFV
2008-07-20T05:38:36,245026000,RYNDAM,KETCHIKAN,59.37716667,-135.366,188,187,13.3,0,8919269,PHFV
2008-07-20T05:38:26,245026000,RYNDAM,KETCHIKAN,59.37783333,-135.3658333,188,187,13.3,0,8919269,PHFV
2008-07-20T05:38:16,245026000,RYNDAM,KETCHIKAN,59.37833333,-135.3656667,188,187,13.3,0,8919269,PHFV
2008-07-20T05:38:07,245026000,RYNDAM,KETCHIKAN,59.37883333,-135.3656667,188,187,13.3,0,8919269,PHFV
2008-07-20T05:37:57,245026000,RYNDAM,KETCHIKAN,59.3795,-135.3655,188,188,13.3,0,8919269,PHFV
2008-07-20T05:37:47,245026000,RYNDAM,KETCHIKAN,59.38,-135.3653333,188,188,13.3,0,8919269,PHFV
2008-07-20T05:37:36,245026000,RYNDAM,KETCHIKAN,59.38083333,-135.3651667,188,188,13.3,0,8919269,PHFV
2008-07-20T05:37:26,245026000,RYNDAM,KETCHIKAN,59.38133333,-135.365,188,188,13.3,0,8919269,PHFV
2008-07-20T05:37:18,245026000,RYNDAM,KETCHIKAN,59.38183333,-135.3648333,188,188,13.3,0,8919269,PHFV
2008-07-20T05:37:07,245026000,RYNDAM,KETCHIKAN,59.38266667,-135.3646667,188,188,13.4,0,8919269,PHFV
2008-07-20T05:37:01,245026000,RYNDAM,KETCHIKAN,59.38316667,-135.3645,0,0,0.0,0,8919269,PHFV
2008-07-20T05:36:57,245026000,RYNDAM,KETCHIKAN,59.38316667,-135.3645,188,188,13.4,0,8919269,PHFV
2008-07-20T05:36:47,245026000,RYNDAM,KETCHIKAN,59.38366667,-135.3643333,188,189,13.5,0,8919269,PHFV
2008-07-20T05:36:36,245026000,RYNDAM,KETCHIKAN,59.3845,-135.364,188,189,13.4,0,8919269,PHFV
2008-07-20T05:36:26,245026000,RYNDAM,KETCHIKAN,59.385,-135.3638333,188,189,13.4,0,8919269,PHFV
2008-07-20T05:36:18,245026000,RYNDAM,KETCHIKAN,59.3855,-135.3636667,188,189,13.4,0,8919269,PHFV
2008-07-20T05:36:07,245026000,RYNDAM,KETCHIKAN,59.38616667,-135.3635,188,189,13.3,0,8919269,PHFV
2008-07-20T05:35:58,245026000,RYNDAM,KETCHIKAN,59.38683333,-135.3633333,188,189,13.3,0,8919269,PHFV
2008-07-20T05:35:47,245026000,RYNDAM,KETCHIKAN,59.38733333,-135.3631667,188,189,13.3,0,8919269,PHFV
2008-07-20T05:35:36,245026000,RYNDAM,KETCHIKAN,59.38816667,-135.363,188,188,13.3,0,8919269,PHFV
2008-07-20T05:35:26,245026000,RYNDAM,KETCHIKAN,59.38866667,-135.3628333,188,188,13.3,0,8919269,PHFV
2008-07-20T05:35:18,245026000,RYNDAM,KETCHIKAN,59.38916667,-135.3626667,188,188,13.2,0,8919269,PHFV
2008-07-20T05:35:07,245026000,RYNDAM,KETCHIKAN,59.39,-135.3625,188,188,13.2,0,8919269,PHFV
2008-07-20T05:34:58,245026000,RYNDAM,KETCHIKAN,59.3905,-135.3623333,188,188,13.2,0,8919269,PHFV
2008-07-20T05:34:47,245026000,RYNDAM,KETCHIKAN,59.39116667,-135.3621667,188,188,13.2,0,8919269,PHFV
2008-07-20T05:34:36,245026000,RYNDAM,KETCHIKAN,59.39183333,-135.362,188,188,13.2,0,8919269,PHFV
2008-07-20T05:34:26,245026000,RYNDAM,KETCHIKAN,59.39233333,-135.3618333,188,188,13.2,0,8919269,PHFV
2008-07-20T05:34:18,245026000,RYNDAM,KETCHIKAN,59.39283333,-135.3616667,188,188,13.2,0,8919269,PHFV
2008-07-20T05:34:07,245026000,RYNDAM,KETCHIKAN,59.3935,-135.3615,188,188,13.2,0,8919269,PHFV
2008-07-20T05:33:57,245026000,RYNDAM,KETCHIKAN,59.394,-135.3613333,188,187,13.2,0,8919269,PHFV
2008-07-20T05:33:47,245026000,RYNDAM,KETCHIKAN,59.39483333,-135.3611667,188,187,13.1,0,8919269,PHFV
2008-07-20T05:33:36,245026000,RYNDAM,KETCHIKAN,59.39533333,-135.361,188,187,13.1,0,8919269,PHFV
2008-07-20T05:33:26,245026000,RYNDAM,KETCHIKAN,59.396,-135.3608333,188,187,13.1,0,8919269,PHFV
2008-07-20T05:33:18,245026000,RYNDAM,KETCHIKAN,59.3965,-135.3606667,188,187,13.1,0,8919269,PHFV
2008-07-20T05:33:07,245026000,RYNDAM,KETCHIKAN,59.39716667,-135.3605,188,187,13.1,0,8919269,PHFV
2008-07-20T05:32:58,245026000,RYNDAM,KETCHIKAN,59.39766667,-135.3603333,188,187,13.1,0,8919269,PHFV
2008-07-20T05:32:47,245026000,RYNDAM,KETCHIKAN,59.39833333,-135.3603333,188,187,13.1,0,8919269,PHFV
2008-07-20T05:32:36,245026000,RYNDAM,KETCHIKAN,59.399,-135.3601667,188,187,13.1,0,8919269,PHFV
2008-07-20T05:32:26,245026000,RYNDAM,KETCHIKAN,59.3995,-135.36,188,187,13.1,0,8919269,PHFV
2008-07-20T05:32:18,245026000,RYNDAM,KETCHIKAN,59.4,-135.3598333,188,187,13.1,0,8919269,PHFV
2008-07-20T05:32:07,245026000,RYNDAM,KETCHIKAN,59.40083333,-135.3596667,188,187,13.1,0,8919269,PHFV
2008-07-20T05:31:57,245026000,RYNDAM,KETCHIKAN,59.40133333,-135.3595,188,187,13.1,0,8919269,PHFV
2008-07-20T05:31:47,245026000,RYNDAM,KETCHIKAN,59.402,-135.3593333,188,188,13.1,0,8919269,PHFV
2008-07-20T05:31:36,245026000,RYNDAM,KETCHIKAN,59.4025,-135.3591667,188,188,13.1,0,8919269,PHFV
2008-07-20T05:31:26,245026000,RYNDAM,KETCHIKAN,59.40316667,-135.359,188,188,13.0,0,8919269,PHFV
2008-07-20T05:31:18,245026000,RYNDAM,KETCHIKAN,59.40366667,-135.359,188,188,13.0,0,8919269,PHFV
2008-07-20T05:31:07,245026000,RYNDAM,KETCHIKAN,59.40433333,-135.3588333,188,188,13.0,0,8919269,PHFV
2008-07-20T05:31:01,245026000,RYNDAM,KETCHIKAN,59.405,-135.3586667,0,0,0.0,0,8919269,PHFV
2008-07-20T05:30:56,245026000,RYNDAM,KETCHIKAN,59.405,-135.3586667,188,188,13.0,0,8919269,PHFV
2008-07-20T05:30:47,245026000,RYNDAM,KETCHIKAN,59.4055,-135.3585,188,188,13.0,0,8919269,PHFV
2008-07-20T05:30:36,245026000,RYNDAM,KETCHIKAN,59.40616667,-135.3583333,188,188,13.0,0,8919269,PHFV
2008-07-20T05:30:26,245026000,RYNDAM,KETCHIKAN,59.40666667,-135.3581667,188,188,13.0,0,8919269,PHFV
2008-07-20T05:30:18,245026000,RYNDAM,KETCHIKAN,59.40716667,-135.358,188,188,13.0,0,8919269,PHFV
2008-07-20T05:30:07,245026000,RYNDAM,KETCHIKAN,59.40783333,-135.3578333,188,188,12.9,0,8919269,PHFV
2008-07-20T05:29:56,245026000,RYNDAM,KETCHIKAN,59.40833333,-135.3576667,188,188,12.9,0,8919269,PHFV
2008-07-20T05:29:47,245026000,RYNDAM,KETCHIKAN,59.40916667,-135.3575,188,188,12.9,0,8919269,PHFV
2008-07-20T05:29:36,245026000,RYNDAM,KETCHIKAN,59.40966667,-135.3573333,188,188,12.9,0,8919269,PHFV
2008-07-20T05:29:26,245026000,RYNDAM,KETCHIKAN,59.41033333,-135.3571667,188,188,12.9,0,8919269,PHFV
2008-07-20T05:29:17,245026000,RYNDAM,KETCHIKAN,59.41083333,-135.357,188,188,12.9,0,8919269,PHFV
2008-07-20T05:28:56,245026000,RYNDAM,KETCHIKAN,59.412,-135.3566667,188,188,12.8,0,8919269,PHFV
2008-07-20T05:28:46,245026000,RYNDAM,KETCHIKAN,59.41266667,-135.3565,188,188,12.7,0,8919269,PHFV
2008-07-20T05:28:36,245026000,RYNDAM,KETCHIKAN,59.41316667,-135.3563333,188,188,12.7,0,8919269,PHFV
2008-07-20T05:28:26,245026000,RYNDAM,KETCHIKAN,59.41383333,-135.3561667,188,188,12.6,0,8919269,PHFV
2008-07-20T05:28:17,245026000,RYNDAM,KETCHIKAN,59.41433333,-135.3561667,188,188,12.6,0,8919269,PHFV
2008-07-20T05:28:07,245026000,RYNDAM,KETCHIKAN,59.415,-135.3558333,188,188,12.5,0,8919269,PHFV
2008-07-20T05:27:56,245026000,RYNDAM,KETCHIKAN,59.4155,-135.3558333,188,188,12.4,0,8919269,PHFV
2008-07-20T05:27:46,245026000,RYNDAM,KETCHIKAN,59.41616667,-135.3556667,188,188,12.3,0,8919269,PHFV
2008-07-20T05:27:36,245026000,RYNDAM,KETCHIKAN,59.41666667,-135.3555,188,188,12.2,0,8919269,PHFV
2008-07-20T05:27:26,245026000,RYNDAM,KETCHIKAN,59.41716667,-135.3553333,188,188,12.2,0,8919269,PHFV
2008-07-20T05:27:17,245026000,RYNDAM,KETCHIKAN,59.41783333,-135.3551667,188,188,12.1,0,8919269,PHFV
2008-07-20T05:27:07,245026000,RYNDAM,KETCHIKAN,59.41833333,-135.355,188,188,12.0,0,8919269,PHFV
2008-07-20T05:26:56,245026000,RYNDAM,KETCHIKAN,59.41883333,-135.3548333,188,188,11.9,0,8919269,PHFV
2008-07-20T05:26:46,245026000,RYNDAM,KETCHIKAN,59.4195,-135.3546667,188,189,11.8,0,8919269,PHFV
2008-07-20T05:26:36,245026000,RYNDAM,KETCHIKAN,59.42,-135.3545,188,189,11.6,0,8919269,PHFV
2008-07-20T05:26:26,245026000,RYNDAM,KETCHIKAN,59.4205,-135.3543333,188,189,11.5,0,8919269,PHFV
2008-07-20T05:26:17,245026000,RYNDAM,KETCHIKAN,59.421,-135.3541667,188,190,11.3,0,8919269,PHFV
2008-07-20T05:26:07,245026000,RYNDAM,KETCHIKAN,59.4215,-135.354,188,190,11.2,0,8919269,PHFV
2008-07-20T05:25:56,245026000,RYNDAM,KETCHIKAN,59.422,-135.3538333,189,191,11.0,0,8919269,PHFV
2008-07-20T05:25:46,245026000,RYNDAM,KETCHIKAN,59.4225,-135.3536667,190,192,10.8,0,8919269,PHFV
2008-07-20T05:25:36,245026000,RYNDAM,KETCHIKAN,59.423,-135.3535,191,193,10.6,0,8919269,PHFV
2008-07-20T05:25:26,245026000,RYNDAM,KETCHIKAN,59.4235,-135.3531667,192,194,10.5,0,8919269,PHFV
2008-07-20T05:25:17,245026000,RYNDAM,KETCHIKAN,59.42383333,-135.353,193,196,10.3,0,8919269,PHFV
2008-07-20T05:25:07,245026000,RYNDAM,KETCHIKAN,59.42433333,-135.3528333,193,196,10.3,0,8919269,PHFV
2008-07-20T05:25:02,245026000,RYNDAM,KETCHIKAN,59.425,-135.3525,0,0,0.0,0,8919269,PHFV
2008-07-20T05:24:56,245026000,RYNDAM,KETCHIKAN,59.425,-135.3525,194,198,10.3,0,8919269,PHFV
2008-07-20T05:24:46,245026000,RYNDAM,KETCHIKAN,59.42533333,-135.3523333,196,198,10.2,0,8919269,PHFV
2008-07-20T05:24:36,245026000,RYNDAM,KETCHIKAN,59.42583333,-135.352,196,199,10.2,0,8919269,PHFV
2008-07-20T05:24:27,245026000,RYNDAM,KETCHIKAN,59.42633333,-135.3516667,198,201,10.2,0,8919269,PHFV
2008-07-20T05:24:07,245026000,RYNDAM,KETCHIKAN,59.42716667,-135.351,200,202,10.2,0,8919269,PHFV
2008-07-20T05:23:58,245026000,RYNDAM,KETCHIKAN,59.4275,-135.3506667,200,202,10.2,0,8919269,PHFV
2008-07-20T05:23:46,245026000,RYNDAM,KETCHIKAN,59.428,-135.3503333,200,202,10.2,0,8919269,PHFV
2008-07-20T05:23:36,245026000,RYNDAM,KETCHIKAN,59.4285,-135.35,200,202,10.1,0,8919269,PHFV
2008-07-20T05:23:27,245026000,RYNDAM,KETCHIKAN,59.42883333,-135.3496667,200,202,10.1,0,8919269,PHFV
2008-07-20T05:23:17,245026000,RYNDAM,KETCHIKAN,59.42933333,-135.3493333,200,202,10.1,0,8919269,PHFV
2008-07-20T05:23:07,245026000,RYNDAM,KETCHIKAN,59.42966667,-135.349,200,202,10.0,0,8919269,PHFV
2008-07-20T05:22:58,245026000,RYNDAM,KETCHIKAN,59.43016667,-135.3486667,200,202,10.0,0,8919269,PHFV
2008-07-20T05:22:48,245026000,RYNDAM,KETCHIKAN,59.4305,-135.3483333,200,202,9.9,0,8919269,PHFV
2008-07-20T05:22:36,245026000,RYNDAM,KETCHIKAN,59.431,-135.348,200,202,9.9,0,8919269,PHFV
2008-07-20T05:22:27,245026000,RYNDAM,KETCHIKAN,59.4315,-135.3476667,200,202,9.8,0,8919269,PHFV
2008-07-20T05:22:17,245026000,RYNDAM,KETCHIKAN,59.43183333,-135.3473333,200,202,9.7,0,8919269,PHFV
2008-07-20T05:22:07,245026000,RYNDAM,KETCHIKAN,59.43233333,-135.347,200,202,9.6,0,8919269,PHFV
2008-07-20T05:21:58,245026000,RYNDAM,KETCHIKAN,59.43266667,-135.3466667,200,202,9.6,0,8919269,PHFV
2008-07-20T05:21:48,245026000,RYNDAM,KETCHIKAN,59.433,-135.3463333,200,202,9.5,0,8919269,PHFV
2008-07-20T05:21:36,245026000,RYNDAM,KETCHIKAN,59.4335,-135.346,200,202,9.3,0,8919269,PHFV
2008-07-20T05:21:27,245026000,RYNDAM,KETCHIKAN,59.434,-135.3456667,200,202,9.2,0,8919269,PHFV
2008-07-20T05:21:17,245026000,RYNDAM,KETCHIKAN,59.43433333,-135.3453333,200,202,9.2,0,8919269,PHFV
2008-07-20T05:21:07,245026000,RYNDAM,KETCHIKAN,59.43466667,-135.3451667,200,202,9.0,0,8919269,PHFV
2008-07-20T05:20:58,245026000,RYNDAM,KETCHIKAN,59.435,-135.3448333,200,202,8.9,0,8919269,PHFV
2008-07-20T05:20:48,245026000,RYNDAM,KETCHIKAN,59.4355,-135.3445,200,202,8.8,0,8919269,PHFV
2008-07-20T05:20:36,245026000,RYNDAM,KETCHIKAN,59.43583333,-135.3441667,200,201,8.6,0,8919269,PHFV
2008-07-20T05:20:27,245026000,RYNDAM,KETCHIKAN,59.43633333,-135.3438333,200,201,8.4,0,8919269,PHFV
2008-07-20T05:20:17,245026000,RYNDAM,KETCHIKAN,59.4365,-135.3436667,200,202,8.2,0,8919269,PHFV
2008-07-20T05:20:07,245026000,RYNDAM,KETCHIKAN,59.437,-135.3433333,200,202,7.9,0,8919269,PHFV
2008-07-20T05:19:58,245026000,RYNDAM,KETCHIKAN,59.43733333,-135.343,200,202,7.8,0,8919269,PHFV
2008-07-20T05:19:48,245026000,RYNDAM,KETCHIKAN,59.43766667,-135.3428333,200,202,7.5,0,8919269,PHFV
2008-07-20T05:19:36,245026000,RYNDAM,KETCHIKAN,59.438,-135.3425,200,202,7.2,0,8919269,PHFV
2008-07-20T05:19:27,245026000,RYNDAM,KETCHIKAN,59.43833333,-135.3423333,200,202,7.0,0,8919269,PHFV
2008-07-20T05:19:17,245026000,RYNDAM,KETCHIKAN,59.4385,-135.342,200,202,6.9,0,8919269,PHFV
2008-07-20T05:19:07,245026000,RYNDAM,KETCHIKAN,59.439,-135.3418333,200,201,6.6,0,8919269,PHFV
2008-07-20T05:19:03,245026000,RYNDAM,KETCHIKAN,59.43916667,-135.3416667,0,0,0.0,0,8919269,PHFV
2008-07-20T05:18:58,245026000,RYNDAM,KETCHIKAN,59.43916667,-135.3416667,200,201,6.4,0,8919269,PHFV
2008-07-20T05:18:48,245026000,RYNDAM,KETCHIKAN,59.4395,-135.3413333,200,201,6.2,0,8919269,PHFV
2008-07-20T05:18:36,245026000,RYNDAM,KETCHIKAN,59.43983333,-135.3411667,200,201,5.9,0,8919269,PHFV
2008-07-20T05:18:27,245026000,RYNDAM,KETCHIKAN,59.44,-135.341,200,201,5.5,0,8919269,PHFV
2008-07-20T05:18:17,245026000,RYNDAM,KETCHIKAN,59.44016667,-135.3408333,200,200,5.3,0,8919269,PHFV
2008-07-20T05:18:07,245026000,RYNDAM,KETCHIKAN,59.4405,-135.3406667,200,202,4.9,0,8919269,PHFV
2008-07-20T05:17:58,245026000,RYNDAM,KETCHIKAN,59.44066667,-135.3405,199,200,4.5,0,8919269,PHFV
2008-07-20T05:17:47,245026000,RYNDAM,KETCHIKAN,59.44083333,-135.3403333,199,201,4.0,0,8919269,PHFV
2008-07-20T05:17:36,245026000,RYNDAM,KETCHIKAN,59.44116667,-135.3401667,198,200,3.6,0,8919269,PHFV
2008-07-20T05:17:27,245026000,RYNDAM,KETCHIKAN,59.44116667,-135.34,197,199,3.1,0,8919269,PHFV
2008-07-20T05:17:17,245026000,RYNDAM,KETCHIKAN,59.44133333,-135.34,196,200,2.7,0,8919269,PHFV
2008-07-20T05:17:10,245026000,RYNDAM,KETCHIKAN,59.4415,-135.3398333,195,200,2.3,0,8919269,PHFV
2008-07-20T05:17:08,245026000,RYNDAM,KETCHIKAN,59.4415,-135.3398333,194,200,2.2,0,8919269,PHFV
2008-07-20T05:17:03,245026000,RYNDAM,KETCHIKAN,59.4415,-135.3398333,194,202,1.8,0,8919269,PHFV
2008-07-20T05:17:00,245026000,RYNDAM,KETCHIKAN,59.44166667,-135.3398333,193,203,1.8,0,8919269,PHFV
2008-07-20T05:16:58,245026000,RYNDAM,KETCHIKAN,59.44166667,-135.3398333,193,205,1.7,0,8919269,PHFV
2008-07-20T05:16:50,245026000,RYNDAM,KETCHIKAN,59.44166667,-135.3396667,191,209,1.3,0,8919269,PHFV
2008-07-20T05:16:47,245026000,RYNDAM,KETCHIKAN,59.44166667,-135.3396667,190,212,1.2,0,8919269,PHFV
2008-07-20T05:16:43,245026000,RYNDAM,KETCHIKAN,59.44166667,-135.3396667,189,214,1.1,0,8919269,PHFV
2008-07-20T05:16:40,245026000,RYNDAM,KETCHIKAN,59.44166667,-135.3396667,187,218,1.1,0,8919269,PHFV
2008-07-20T05:16:36,245026000,RYNDAM,KETCHIKAN,59.44183333,-135.3396667,186,223,1.0,0,8919269,PHFV
2008-07-20T05:16:34,245026000,RYNDAM,KETCHIKAN,59.44183333,-135.3396667,185,225,1.0,0,8919269,PHFV
2008-07-20T05:16:30,245026000,RYNDAM,KETCHIKAN,59.44183333,-135.3396667,184,229,1.0,0,8919269,PHFV
2008-07-20T05:16:27,245026000,RYNDAM,KETCHIKAN,59.44183333,-135.3396667,183,231,1.0,0,8919269,PHFV
2008-07-20T05:16:23,245026000,RYNDAM,KETCHIKAN,59.44183333,-135.3396667,181,233,1.0,0,8919269,PHFV
2008-07-20T05:16:20,245026000,RYNDAM,KETCHIKAN,59.44183333,-135.3395,180,235,1.0,0,8919269,PHFV
2008-07-20T05:16:17,245026000,RYNDAM,KETCHIKAN,59.44183333,-135.3395,179,237,1.0,0,8919269,PHFV
2008-07-20T05:16:13,245026000,RYNDAM,KETCHIKAN,59.44183333,-135.3395,178,240,1.1,0,8919269,PHFV
2008-07-20T05:16:10,245026000,RYNDAM,KETCHIKAN,59.44183333,-135.3395,177,243,1.1,0,8919269,PHFV
2008-07-20T05:16:08,245026000,RYNDAM,KETCHIKAN,59.44183333,-135.3395,175,244,1.1,0,8919269,PHFV
2008-07-20T05:16:04,245026000,RYNDAM,KETCHIKAN,59.44183333,-135.3395,174,246,1.2,0,8919269,PHFV
2008-07-20T05:16:00,245026000,RYNDAM,KETCHIKAN,59.44183333,-135.3393333,172,247,1.2,0,8919269,PHFV
2008-07-20T05:15:58,245026000,RYNDAM,KETCHIKAN,59.44183333,-135.3393333,171,248,1.3,0,8919269,PHFV
2008-07-20T05:15:54,245026000,RYNDAM,KETCHIKAN,59.44183333,-135.3393333,170,249,1.4,0,8919269,PHFV
2008-07-20T05:15:50,245026000,RYNDAM,KETCHIKAN,59.44183333,-135.3393333,168,250,1.5,0,8919269,PHFV
2008-07-20T05:15:47,245026000,RYNDAM,KETCHIKAN,59.44183333,-135.3393333,167,250,1.6,0,8919269,PHFV
2008-07-20T05:15:44,245026000,RYNDAM,KETCHIKAN,59.44183333,-135.3393333,166,250,1.8,0,8919269,PHFV
2008-07-20T05:15:40,245026000,RYNDAM,KETCHIKAN,59.44183333,-135.3391667,165,249,1.8,0,8919269,PHFV
2008-07-20T05:15:36,245026000,RYNDAM,KETCHIKAN,59.442,-135.3391667,162,249,1.9,0,8919269,PHFV
2008-07-20T05:15:33,245026000,RYNDAM,KETCHIKAN,59.442,-135.3391667,160,248,1.9,0,8919269,PHFV
2008-07-20T05:15:30,245026000,RYNDAM,KETCHIKAN,59.442,-135.339,159,248,1.9,0,8919269,PHFV
2008-07-20T05:15:27,245026000,RYNDAM,KETCHIKAN,59.442,-135.339,157,247,1.9,0,8919269,PHFV
2008-07-20T05:15:23,245026000,RYNDAM,KETCHIKAN,59.442,-135.339,154,247,1.9,0,8919269,PHFV
2008-07-20T05:15:20,245026000,RYNDAM,KETCHIKAN,59.442,-135.3388333,153,246,1.9,0,8919269,PHFV
2008-07-20T05:15:17,245026000,RYNDAM,KETCHIKAN,59.442,-135.3388333,151,245,1.9,0,8919269,PHFV
2008-07-20T05:15:13,245026000,RYNDAM,KETCHIKAN,59.442,-135.3388333,148,244,1.9,0,8919269,PHFV
2008-07-20T05:15:10,245026000,RYNDAM,KETCHIKAN,59.442,-135.3386667,147,244,1.9,0,8919269,PHFV
2008-07-20T05:15:08,245026000,RYNDAM,KETCHIKAN,59.442,-135.3386667,145,243,1.9,0,8919269,PHFV
2008-07-20T05:15:03,245026000,RYNDAM,KETCHIKAN,59.442,-135.3386667,142,243,1.9,0,8919269,PHFV
2008-07-20T05:15:00,245026000,RYNDAM,KETCHIKAN,59.442,-135.3385,141,242,1.9,0,8919269,PHFV
2008-07-20T05:14:58,245026000,RYNDAM,KETCHIKAN,59.442,-135.3385,139,242,1.9,0,8919269,PHFV
2008-07-20T05:14:54,245026000,RYNDAM,KETCHIKAN,59.442,-135.3385,138,241,1.8,0,8919269,PHFV
2008-07-20T05:14:50,245026000,RYNDAM,KETCHIKAN,59.44216667,-135.3385,135,240,1.8,0,8919269,PHFV
2008-07-20T05:14:47,245026000,RYNDAM,KETCHIKAN,59.44216667,-135.3383333,134,239,1.8,0,8919269,PHFV
2008-07-20T05:14:44,245026000,RYNDAM,KETCHIKAN,59.44216667,-135.3383333,132,238,1.7,0,8919269,PHFV
2008-07-20T05:14:40,245026000,RYNDAM,KETCHIKAN,59.44216667,-135.3383333,128,237,1.7,0,8919269,PHFV
2008-07-20T05:14:36,245026000,RYNDAM,KETCHIKAN,59.44216667,-135.3381667,127,235,1.7,0,8919269,PHFV
2008-07-20T05:14:33,245026000,RYNDAM,KETCHIKAN,59.44216667,-135.3381667,125,235,1.7,0,8919269,PHFV
2008-07-20T05:14:30,245026000,RYNDAM,KETCHIKAN,59.44216667,-135.3381667,123,234,1.6,0,8919269,PHFV
2008-07-20T05:14:27,245026000,RYNDAM,KETCHIKAN,59.44216667,-135.3381667,121,234,1.6,0,8919269,PHFV
2008-07-20T05:14:23,245026000,RYNDAM,KETCHIKAN,59.44216667,-135.338,120,234,1.6,0,8919269,PHFV
2008-07-20T05:14:20,245026000,RYNDAM,KETCHIKAN,59.44216667,-135.338,117,234,1.6,0,8919269,PHFV
2008-07-20T05:14:17,245026000,RYNDAM,KETCHIKAN,59.44216667,-135.338,116,233,1.6,0,8919269,PHFV
2008-07-20T05:14:14,245026000,RYNDAM,KETCHIKAN,59.44216667,-135.338,114,233,1.6,0,8919269,PHFV
2008-07-20T05:14:10,245026000,RYNDAM,KETCHIKAN,59.44233333,-135.3378333,113,234,1.6,0,8919269,PHFV
2008-07-20T05:14:08,245026000,RYNDAM,KETCHIKAN,59.44233333,-135.3378333,111,234,1.7,0,8919269,PHFV
2008-07-20T05:14:03,245026000,RYNDAM,KETCHIKAN,59.44233333,-135.3378333,109,235,1.7,0,8919269,PHFV
2008-07-20T05:14:00,245026000,RYNDAM,KETCHIKAN,59.44233333,-135.3378333,108,236,1.7,0,8919269,PHFV
2008-07-20T05:13:58,245026000,RYNDAM,KETCHIKAN,59.44233333,-135.3378333,107,237,1.8,0,8919269,PHFV
2008-07-20T05:13:53,245026000,RYNDAM,KETCHIKAN,59.44233333,-135.3376667,104,238,1.8,0,8919269,PHFV
2008-07-20T05:13:50,245026000,RYNDAM,KETCHIKAN,59.44233333,-135.3376667,103,239,1.9,0,8919269,PHFV
2008-07-20T05:13:47,245026000,RYNDAM,KETCHIKAN,59.44233333,-135.3376667,102,240,1.9,0,8919269,PHFV
2008-07-20T05:13:44,245026000,RYNDAM,KETCHIKAN,59.44233333,-135.3375,100,241,2.0,0,8919269,PHFV
2008-07-20T05:13:40,245026000,RYNDAM,KETCHIKAN,59.44233333,-135.3375,99,241,2.0,0,8919269,PHFV
2008-07-20T05:13:36,245026000,RYNDAM,KETCHIKAN,59.44233333,-135.3375,97,242,2.1,0,8919269,PHFV
2008-07-20T05:13:33,245026000,RYNDAM,KETCHIKAN,59.44233333,-135.3375,96,242,2.1,0,8919269,PHFV
2008-07-20T05:13:27,245026000,RYNDAM,KETCHIKAN,59.4425,-135.3373333,93,243,2.3,0,8919269,PHFV
2008-07-20T05:13:18,245026000,RYNDAM,KETCHIKAN,59.4425,-135.3371667,89,245,2.4,0,8919269,PHFV
2008-07-20T05:13:08,245026000,RYNDAM,KETCHIKAN,59.4425,-135.337,86,249,2.5,0,8919269,PHFV
2008-07-20T05:13:00,245026000,RYNDAM,KETCHIKAN,59.44266667,-135.3368333,0,0,0.0,0,8919269,PHFV
2008-07-20T05:12:58,245026000,RYNDAM,KETCHIKAN,59.44266667,-135.3368333,84,253,2.6,0,8919269,PHFV
2008-07-20T05:12:47,245026000,RYNDAM,KETCHIKAN,59.44266667,-135.3365,81,260,2.6,0,8919269,PHFV
2008-07-20T05:12:36,245026000,RYNDAM,KETCHIKAN,59.44266667,-135.3363333,80,265,2.6,0,8919269,PHFV
2008-07-20T05:12:27,245026000,RYNDAM,KETCHIKAN,59.44266667,-135.3361667,80,267,2.6,0,8919269,PHFV
2008-07-20T05:12:18,245026000,RYNDAM,KETCHIKAN,59.44266667,-135.3358333,80,267,2.6,0,8919269,PHFV
2008-07-20T05:12:06,245026000,RYNDAM,KETCHIKAN,59.44266667,-135.3355,81,266,2.5,0,8919269,PHFV
2008-07-20T05:11:58,245026000,RYNDAM,KETCHIKAN,59.44266667,-135.3353333,81,266,2.4,0,8919269,PHFV
2008-07-20T05:11:47,245026000,RYNDAM,KETCHIKAN,59.44266667,-135.3351667,81,264,2.3,0,8919269,PHFV
2008-07-20T05:11:36,245026000,RYNDAM,KETCHIKAN,59.44266667,-135.3348333,80,264,2.3,0,8919269,PHFV
2008-07-20T05:11:27,245026000,RYNDAM,KETCHIKAN,59.44266667,-135.3346667,80,263,2.2,0,8919269,PHFV
2008-07-20T05:11:18,245026000,RYNDAM,KETCHIKAN,59.44266667,-135.3345,80,259,2.2,0,8919269,PHFV
2008-07-20T05:11:06,245026000,RYNDAM,KETCHIKAN,59.44266667,-135.3343333,79,254,2.1,0,8919269,PHFV
2008-07-20T05:10:57,245026000,RYNDAM,KETCHIKAN,59.44283333,-135.3341667,78,252,2.1,0,8919269,PHFV
2008-07-20T05:10:47,245026000,RYNDAM,KETCHIKAN,59.44283333,-135.334,76,248,2.1,0,8919269,PHFV
2008-07-20T05:10:36,245026000,RYNDAM,KETCHIKAN,59.44283333,-135.3338333,75,243,2.1,0,8919269,PHFV
2008-07-20T05:10:27,245026000,RYNDAM,KETCHIKAN,59.44283333,-135.3336667,73,243,2.1,0,8919269,PHFV
2008-07-20T05:10:18,245026000,RYNDAM,KETCHIKAN,59.44283333,-135.3335,71,243,2.1,0,8919269,PHFV
2008-07-20T05:10:06,245026000,RYNDAM,KETCHIKAN,59.443,-135.3333333,70,239,2.2,0,8919269,PHFV
2008-07-20T05:09:57,245026000,RYNDAM,KETCHIKAN,59.443,-135.3331667,69,235,2.2,0,8919269,PHFV
2008-07-20T05:09:47,245026000,RYNDAM,KETCHIKAN,59.443,-135.333,67,234,2.3,0,8919269,PHFV
2008-07-20T05:09:36,245026000,RYNDAM,KETCHIKAN,59.44316667,-135.3328333,65,233,2.3,0,8919269,PHFV
2008-07-20T05:09:27,245026000,RYNDAM,KETCHIKAN,59.44316667,-135.3326667,63,232,2.4,0,8919269,PHFV
2008-07-20T05:09:18,245026000,RYNDAM,KETCHIKAN,59.44316667,-135.3325,61,231,2.5,0,8919269,PHFV
2008-07-20T05:09:06,245026000,RYNDAM,KETCHIKAN,59.44333333,-135.3321667,60,230,2.6,0,8919269,PHFV
2008-07-20T05:08:57,245026000,RYNDAM,KETCHIKAN,59.44333333,-135.3321667,58,229,2.6,0,8919269,PHFV
2008-07-20T05:08:47,245026000,RYNDAM,KETCHIKAN,59.4435,-135.332,57,229,2.7,0,8919269,PHFV
2008-07-20T05:08:37,245026000,RYNDAM,KETCHIKAN,59.4435,-135.3316667,55,230,2.8,0,8919269,PHFV
2008-07-20T05:08:27,245026000,RYNDAM,KETCHIKAN,59.44366667,-135.3315,54,230,2.9,0,8919269,PHFV
2008-07-20T05:08:18,245026000,RYNDAM,KETCHIKAN,59.44366667,-135.3313333,53,231,3.0,0,8919269,PHFV
2008-07-20T05:08:06,245026000,RYNDAM,KETCHIKAN,59.44383333,-135.3311667,52,232,3.1,0,8919269,PHFV
2008-07-20T05:07:57,245026000,RYNDAM,KETCHIKAN,59.44383333,-135.331,52,232,3.2,0,8919269,PHFV
2008-07-20T05:07:47,245026000,RYNDAM,KETCHIKAN,59.444,-135.3306667,51,232,3.2,0,8919269,PHFV
2008-07-20T05:07:37,245026000,RYNDAM,KETCHIKAN,59.444,-135.3305,51,233,3.2,0,8919269,PHFV
2008-07-20T05:07:27,245026000,RYNDAM,KETCHIKAN,59.44416667,-135.3301667,50,232,3.1,0,8919269,PHFV
2008-07-20T05:07:18,245026000,RYNDAM,KETCHIKAN,59.44433333,-135.33,50,233,3.1,0,8919269,PHFV
2008-07-20T05:07:06,245026000,RYNDAM,KETCHIKAN,59.44433333,-135.3296667,50,233,3.1,0,8919269,PHFV
2008-07-20T05:06:59,245026000,RYNDAM,KETCHIKAN,59.4445,-135.3295,0,0,0.0,0,8919269,PHFV
2008-07-20T05:06:57,245026000,RYNDAM,KETCHIKAN,59.4445,-135.3295,50,233,3.0,0,8919269,PHFV
2008-07-20T05:06:47,245026000,RYNDAM,KETCHIKAN,59.4445,-135.3293333,50,233,3.0,0,8919269,PHFV
2008-07-20T05:06:37,245026000,RYNDAM,KETCHIKAN,59.44466667,-135.3291667,50,232,3.0,0,8919269,PHFV
2008-07-20T05:06:26,245026000,RYNDAM,KETCHIKAN,59.44466667,-135.3288333,49,232,2.9,0,8919269,PHFV
2008-07-20T05:06:17,245026000,RYNDAM,KETCHIKAN,59.44483333,-135.3286667,49,229,2.9,0,8919269,PHFV
2008-07-20T05:06:06,245026000,RYNDAM,KETCHIKAN,59.44483333,-135.3285,49,230,2.8,0,8919269,PHFV
2008-07-20T05:05:57,245026000,RYNDAM,KETCHIKAN,59.445,-135.3283333,48,232,2.8,0,8919269,PHFV
2008-07-20T05:05:47,245026000,RYNDAM,KETCHIKAN,59.445,-135.3281667,48,233,2.7,0,8919269,PHFV
2008-07-20T05:05:37,245026000,RYNDAM,KETCHIKAN,59.44516667,-135.328,49,234,2.7,0,8919269,PHFV
2008-07-20T05:05:26,245026000,RYNDAM,KETCHIKAN,59.44516667,-135.3276667,49,234,2.6,0,8919269,PHFV
2008-07-20T05:05:17,245026000,RYNDAM,KETCHIKAN,59.44516667,-135.3275,49,233,2.6,0,8919269,PHFV
2008-07-20T05:05:06,245026000,RYNDAM,KETCHIKAN,59.44533333,-135.3273333,49,230,2.5,0,8919269,PHFV
2008-07-20T05:04:57,245026000,RYNDAM,KETCHIKAN,59.44533333,-135.3271667,49,229,2.4,0,8919269,PHFV
2008-07-20T05:04:47,245026000,RYNDAM,KETCHIKAN,59.4455,-135.327,48,230,2.4,0,8919269,PHFV
2008-07-20T05:04:26,245026000,RYNDAM,KETCHIKAN,59.44566667,-135.3266667,48,230,2.3,0,8919269,PHFV
2008-07-20T05:04:17,245026000,RYNDAM,KETCHIKAN,59.44566667,-135.3265,48,230,2.2,0,8919269,PHFV
2008-07-20T05:04:07,245026000,RYNDAM,KETCHIKAN,59.44583333,-135.3263333,47,230,2.2,0,8919269,PHFV
2008-07-20T05:03:57,245026000,RYNDAM,KETCHIKAN,59.44583333,-135.3261667,47,234,2.2,0,8919269,PHFV
2008-07-20T05:03:46,245026000,RYNDAM,KETCHIKAN,59.44583333,-135.326,47,236,2.2,0,8919269,PHFV
2008-07-20T05:03:26,245026000,RYNDAM,KETCHIKAN,59.446,-135.3256667,48,234,2.1,0,8919269,PHFV
2008-07-20T05:03:17,245026000,RYNDAM,KETCHIKAN,59.446,-135.3255,48,232,2.1,0,8919269,PHFV
2008-07-20T05:03:07,245026000,RYNDAM,KETCHIKAN,59.44616667,-135.3253333,48,230,2.1,0,8919269,PHFV
2008-07-20T05:02:57,245026000,RYNDAM,KETCHIKAN,59.44616667,-135.3253333,47,229,2.0,0,8919269,PHFV
2008-07-20T05:02:46,245026000,RYNDAM,KETCHIKAN,59.44616667,-135.3251667,47,229,2.0,0,8919269,PHFV
2008-07-20T05:02:38,245026000,RYNDAM,KETCHIKAN,59.44633333,-135.325,47,229,1.9,0,8919269,PHFV
2008-07-20T05:02:27,245026000,RYNDAM,KETCHIKAN,59.44633333,-135.3248333,47,230,1.9,0,8919269,PHFV
2008-07-20T05:02:17,245026000,RYNDAM,KETCHIKAN,59.44633333,-135.3246667,47,230,1.9,0,8919269,PHFV
2008-07-20T05:02:07,245026000,RYNDAM,KETCHIKAN,59.4465,-135.3245,47,231,1.8,0,8919269,PHFV
2008-07-20T05:01:57,245026000,RYNDAM,KETCHIKAN,59.4465,-135.3245,47,232,1.8,0,8919269,PHFV
2008-07-20T05:01:46,245026000,RYNDAM,KETCHIKAN,59.4465,-135.3243333,47,231,1.7,0,8919269,PHFV
2008-07-20T05:01:38,245026000,RYNDAM,KETCHIKAN,59.44666667,-135.3241667,47,231,1.7,0,8919269,PHFV
2008-07-20T05:01:27,245026000,RYNDAM,KETCHIKAN,59.44666667,-135.3241667,47,232,1.6,0,8919269,PHFV
2008-07-20T05:01:17,245026000,RYNDAM,KETCHIKAN,59.44666667,-135.324,47,232,1.5,0,8919269,PHFV
2008-07-20T05:01:07,245026000,RYNDAM,KETCHIKAN,59.44683333,-135.3238333,47,233,1.5,0,8919269,PHFV
2008-07-20T05:01:02,245026000,RYNDAM,KETCHIKAN,59.44683333,-135.3238333,0,0,0.0,0,8919269,PHFV
2008-07-20T05:00:57,245026000,RYNDAM,KETCHIKAN,59.44683333,-135.3238333,47,232,1.4,0,8919269,PHFV
2008-07-20T05:00:46,245026000,RYNDAM,KETCHIKAN,59.44683333,-135.3236667,47,232,1.4,0,8919269,PHFV
2008-07-20T05:00:38,245026000,RYNDAM,KETCHIKAN,59.44683333,-135.3235,47,232,1.3,0,8919269,PHFV
2008-07-20T05:00:27,245026000,RYNDAM,KETCHIKAN,59.44683333,-135.3235,47,233,1.2,0,8919269,PHFV
2008-07-20T05:00:17,245026000,RYNDAM,KETCHIKAN,59.447,-135.3233333,47,233,1.2,0,8919269,PHFV
2008-07-20T05:00:07,245026000,RYNDAM,KETCHIKAN,59.447,-135.3233333,47,231,1.1,0,8919269,PHFV
2008-07-20T04:59:57,245026000,RYNDAM,KETCHIKAN,59.447,-135.3231667,47,232,1.0,0,8919269,PHFV
2008-07-20T04:59:46,245026000,RYNDAM,KETCHIKAN,59.447,-135.3231667,47,232,0.9,0,8919269,PHFV
2008-07-20T04:59:38,245026000,RYNDAM,KETCHIKAN,59.447,-135.323,47,234,0.8,0,8919269,PHFV
2008-07-20T04:59:27,245026000,RYNDAM,KETCHIKAN,59.44716667,-135.323,47,235,0.8,0,8919269,PHFV
2008-07-20T04:59:17,245026000,RYNDAM,KETCHIKAN,59.44716667,-135.323,47,233,0.6,0,8919269,PHFV
2008-07-20T04:59:07,245026000,RYNDAM,KETCHIKAN,59.44716667,-135.3228333,47,238,0.6,0,8919269,PHFV
2008-07-20T04:58:57,245026000,RYNDAM,KETCHIKAN,59.44716667,-135.3228333,47,235,0.5,0,8919269,PHFV
2008-07-20T04:58:46,245026000,RYNDAM,KETCHIKAN,59.44716667,-135.3228333,46,228,0.4,0,8919269,PHFV
2008-07-20T04:58:38,245026000,RYNDAM,KETCHIKAN,59.44716667,-135.3228333,46,232,0.4,0,8919269,PHFV
2008-07-20T04:58:27,245026000,RYNDAM,KETCHIKAN,59.44716667,-135.3228333,46,247,0.3,0,8919269,PHFV
2008-07-20T04:58:17,245026000,RYNDAM,KETCHIKAN,59.44716667,-135.3226667,46,264,0.2,0,8919269,PHFV
2008-07-20T04:58:07,245026000,RYNDAM,KETCHIKAN,59.44716667,-135.3226667,46,274,0.2,0,8919269,PHFV
2008-07-20T04:57:57,245026000,RYNDAM,KETCHIKAN,59.44716667,-135.3226667,46,278,0.2,0,8919269,PHFV
2008-07-20T04:57:46,245026000,RYNDAM,KETCHIKAN,59.44716667,-135.3226667,46,246,0.1,0,8919269,PHFV
2008-07-20T04:57:38,245026000,RYNDAM,KETCHIKAN,59.44716667,-135.3226667,45,243,0.1,0,8919269,PHFV
2008-07-20T04:57:27,245026000,RYNDAM,KETCHIKAN,59.44716667,-135.3226667,45,260,0.1,0,8919269,PHFV
2008-07-20T04:57:17,245026000,RYNDAM,KETCHIKAN,59.44716667,-135.3226667,44,256,0.1,0,8919269,PHFV
2008-07-20T04:57:07,245026000,RYNDAM,KETCHIKAN,59.44716667,-135.3226667,44,302,0.1,0,8919269,PHFV
2008-07-20T04:56:57,245026000,RYNDAM,KETCHIKAN,59.44716667,-135.3226667,43,306,0.1,0,8919269,PHFV
2008-07-20T04:56:46,245026000,RYNDAM,KETCHIKAN,59.44716667,-135.3226667,43,318,0.0,0,8919269,PHFV
2008-07-20T04:56:38,245026000,RYNDAM,KETCHIKAN,59.44716667,-135.3226667,43,240,0.0,0,8919269,PHFV
2008-07-20T04:56:27,245026000,RYNDAM,KETCHIKAN,59.44716667,-135.3226667,42,140,0.1,0,8919269,PHFV
2008-07-20T04:56:17,245026000,RYNDAM,KETCHIKAN,59.44716667,-135.3226667,42,153,0.1,0,8919269,PHFV
2008-07-20T04:56:16,245026000,RYNDAM,KETCHIKAN,59.44716667,-135.3226667,0,0,0.0,0,8919269,PHFV
2008-07-20T04:56:07,245026000,RYNDAM,KETCHIKAN,59.44716667,-135.3226667,42,309,0.0,0,8919269,PHFV
2008-07-20T04:55:02,245026000,RYNDAM,KETCHIKAN,59.44716667,-135.3226667,0,0,0.0,0,8919269,PHFV
2008-07-20T04:53:25,245026000,RYNDAM,KETCHIKAN,59.44716667,-135.3226667,42,344,0.1,5,8919269,PHFV
2008-07-20T04:50:21,245026000,RYNDAM,KETCHIKAN,59.44716667,-135.3226667,42,322,0.0,5,8919269,PHFV
2008-07-20T04:49:01,245026000,RYNDAM,KETCHIKAN,59.44716667,-135.3226667,0,0,0.0,0,8919269,PHFV
2008-07-20T04:47:24,245026000,RYNDAM,KETCHIKAN,59.44716667,-135.3226667,42,296,0.0,5,8919269,PHFV
2008-07-20T04:44:23,245026000,RYNDAM,KETCHIKAN,59.44716667,-135.3226667,42,337,0.0,5,8919269,PHFV
2008-07-20T04:43:01,245026000,RYNDAM,KETCHIKAN,59.44716667,-135.3226667,0,0,0.0,0,8919269,PHFV
2008-07-20T04:41:22,245026000,RYNDAM,KETCHIKAN,59.44716667,-135.3226667,42,330,0.0,5,8919269,PHFV
2008-07-20T04:38:23,245026000,RYNDAM,KETCHIKAN,59.44716667,-135.3226667,42,301,0.0,5,8919269,PHFV
2008-07-20T04:36:59,245026000,RYNDAM,KETCHIKAN,59.44716667,-135.3226667,0,0,0.0,0,8919269,PHFV
2008-07-20T04:35:25,245026000,RYNDAM,KETCHIKAN,59.44716667,-135.3226667,42,260,0.0,5,8919269,PHFV
2008-07-20T04:32:21,245026000,RYNDAM,KETCHIKAN,59.44716667,-135.3226667,42,223,0.0,5,8919269,PHFV
2008-07-20T04:31:02,245026000,RYNDAM,KETCHIKAN,59.44716667,-135.3226667,0,0,0.0,0,8919269,PHFV
2008-07-20T04:29:23,245026000,RYNDAM,KETCHIKAN,59.44716667,-135.3226667,42,243,0.0,5,8919269,PHFV
2008-07-20T04:26:24,245026000,RYNDAM,KETCHIKAN,59.44716667,-135.3226667,42,201,0.0,5,8919269,PHFV
2008-07-20T04:25:03,245026000,RYNDAM,KETCHIKAN,59.44716667,-135.3226667,0,0,0.0,0,8919269,PHFV
2008-07-20T04:23:22,245026000,RYNDAM,KETCHIKAN,59.44716667,-135.3226667,42,294,0.0,5,8919269,PHFV
2008-07-20T04:20:24,245026000,RYNDAM,KETCHIKAN,59.44716667,-135.3226667,42,259,0.0,5,8919269,PHFV
2008-07-20T04:19:00,245026000,RYNDAM,KETCHIKAN,59.44716667,-135.3226667,0,0,0.0,0,8919269,PHFV
2008-07-20T04:17:25,245026000,RYNDAM,KETCHIKAN,59.44716667,-135.3226667,42,250,0.0,5,8919269,PHFV
2008-07-20T04:14:22,245026000,RYNDAM,KETCHIKAN,59.44716667,-135.3226667,42,299,0.0,5,8919269,PHFV
2008-07-20T04:13:00,245026000,RYNDAM,KETCHIKAN,59.44716667,-135.3226667,0,0,0.0,0,8919269,PHFV
2008-07-20T04:11:23,245026000,RYNDAM,KETCHIKAN,59.44716667,-135.3226667,42,301,0.0,5,8919269,PHFV
2008-07-20T04:08:24,245026000,RYNDAM,KETCHIKAN,59.44716667,-135.3226667,42,329,0.0,5,8919269,PHFV
2008-07-20T04:07:02,245026000,RYNDAM,KETCHIKAN,59.44716667,-135.3226667,0,0,0.0,0,8919269,PHFV
2008-07-20T04:05:24,245026000,RYNDAM,KETCHIKAN,59.44716667,-135.3226667,42,315,0.0,5,8919269,PHFV
2008-07-20T04:02:25,245026000,RYNDAM,KETCHIKAN,59.44716667,-135.3226667,42,290,0.0,5,8919269,PHFV
2008-07-20T04:01:01,245026000,RYNDAM,KETCHIKAN,59.44716667,-135.3226667,0,0,0.0,0,8919269,PHFV
2008-07-20T03:59:23,245026000,RYNDAM,KETCHIKAN,59.44716667,-135.3226667,42,318,0.0,5,8919269,PHFV
2008-07-20T03:56:23,245026000,RYNDAM,KETCHIKAN,59.44716667,-135.3226667,42,340,0.0,5,8919269,PHFV
2008-07-20T03:54:59,245026000,RYNDAM,KETCHIKAN,59.44716667,-135.3226667,0,0,0.0,0,8919269,PHFV
2008-07-20T03:53:23,245026000,RYNDAM,KETCHIKAN,59.44716667,-135.3226667,42,320,0.0,5,8919269,PHFV
2008-07-20T03:50:22,245026000,RYNDAM,KETCHIKAN,59.44716667,-135.3226667,42,130,0.0,5,8919269,PHFV
2008-07-20T03:48:59,245026000,RYNDAM,KETCHIKAN,59.44716667,-135.3226667,0,0,0.0,0,8919269,PHFV
2008-07-20T03:47:24,245026000,RYNDAM,KETCHIKAN,59.44716667,-135.3226667,42,318,0.0,5,8919269,PHFV
2008-07-20T03:43:02,245026000,RYNDAM,KETCHIKAN,59.44716667,-135.3225,0,0,0.0,0,8919269,PHFV
2008-07-20T03:41:23,245026000,RYNDAM,KETCHIKAN,59.44716667,-135.3225,42,183,0.0,5,8919269,PHFV
2008-07-20T03:38:25,245026000,RYNDAM,KETCHIKAN,59.44716667,-135.3226667,42,129,0.0,5,8919269,PHFV
2008-07-20T03:37:00,245026000,RYNDAM,KETCHIKAN,59.44716667,-135.3226667,0,0,0.0,0,8919269,PHFV
2008-07-20T03:35:25,245026000,RYNDAM,KETCHIKAN,59.44716667,-135.3226667,42,266,0.0,5,8919269,PHFV
2008-07-20T03:32:23,245026000,RYNDAM,KETCHIKAN,59.44716667,-135.3226667,42,253,0.0,5,8919269,PHFV
2008-07-20T03:31:02,245026000,RYNDAM,KETCHIKAN,59.44716667,-135.3226667,0,0,0.0,0,8919269,PHFV
2008-07-20T03:29:24,245026000,RYNDAM,KETCHIKAN,59.44716667,-135.3226667,42,217,0.0,5,8919269,PHFV
2008-07-20T03:26:24,245026000,RYNDAM,KETCHIKAN,59.44716667,-135.3226667,42,208,0.0,5,8919269,PHFV
2008-07-20T03:25:01,245026000,RYNDAM,KETCHIKAN,59.44716667,-135.3226667,0,0,0.0,0,8919269,PHFV
2008-07-20T03:23:25,245026000,RYNDAM,KETCHIKAN,59.44716667,-135.3226667,42,201,0.0,5,8919269,PHFV
2008-07-20T03:19:02,245026000,RYNDAM,KETCHIKAN,59.44716667,-135.3226667,0,0,0.0,0,8919269,PHFV
2008-07-20T03:17:24,245026000,RYNDAM,KETCHIKAN,59.44716667,-135.3226667,41,224,0.0,5,8919269,PHFV
2008-07-20T03:14:22,245026000,RYNDAM,KETCHIKAN,59.44716667,-135.3226667,42,190,0.0,5,8919269,PHFV
2008-07-20T03:13:00,245026000,RYNDAM,KETCHIKAN,59.44716667,-135.3226667,0,0,0.0,0,8919269,PHFV
2008-07-20T03:11:24,245026000,RYNDAM,KETCHIKAN,59.44716667,-135.3226667,41,172,0.0,5,8919269,PHFV
2008-07-20T03:08:21,245026000,RYNDAM,KETCHIKAN,59.44716667,-135.3226667,41,171,0.0,5,8919269,PHFV
2008-07-20T03:06:59,245026000,RYNDAM,KETCHIKAN,59.44716667,-135.3226667,0,0,0.0,0,8919269,PHFV
2008-07-20T03:05:24,245026000,RYNDAM,KETCHIKAN,59.44716667,-135.3226667,41,174,0.0,5,8919269,PHFV
2008-07-20T03:02:25,245026000,RYNDAM,KETCHIKAN,59.44716667,-135.3226667,41,314,0.0,5,8919269,PHFV
2008-07-20T03:01:00,245026000,RYNDAM,KETCHIKAN,59.44716667,-135.3226667,0,0,0.0,0,8919269,PHFV
2008-07-20T02:59:24,245026000,RYNDAM,KETCHIKAN,59.44716667,-135.3226667,41,327,0.0,5,8919269,PHFV
2008-07-20T02:56:23,245026000,RYNDAM,KETCHIKAN,59.44716667,-135.3226667,41,263,0.0,5,8919269,PHFV
2008-07-20T02:55:00,245026000,RYNDAM,KETCHIKAN,59.44716667,-135.3226667,0,0,0.0,0,8919269,PHFV
2008-07-20T02:53:23,245026000,RYNDAM,KETCHIKAN,59.44716667,-135.3226667,41,183,0.0,5,8919269,PHFV
2008-07-20T02:50:22,245026000,RYNDAM,KETCHIKAN,59.44716667,-135.3226667,41,240,0.0,5,8919269,PHFV
2008-07-20T02:49:00,245026000,RYNDAM,KETCHIKAN,59.44716667,-135.3226667,0,0,0.0,0,8919269,PHFV
2008-07-20T02:47:22,245026000,RYNDAM,KETCHIKAN,59.44716667,-135.3226667,41,194,0.0,5,8919269,PHFV
2008-07-20T02:43:01,245026000,RYNDAM,KETCHIKAN,59.44716667,-135.3226667,0,0,0.0,0,8919269,PHFV
2008-07-20T02:41:23,245026000,RYNDAM,KETCHIKAN,59.44716667,-135.3226667,41,160,0.0,5,8919269,PHFV
2008-07-20T02:38:22,245026000,RYNDAM,KETCHIKAN,59.44716667,-135.3226667,41,199,0.0,5,8919269,PHFV
2008-07-20T02:36:59,245026000,RYNDAM,KETCHIKAN,59.44716667,-135.3226667,0,0,0.0,0,8919269,PHFV
2008-07-20T02:35:23,245026000,RYNDAM,KETCHIKAN,59.44716667,-135.3226667,41,151,0.0,5,8919269,PHFV
2008-07-20T02:32:24,245026000,RYNDAM,KETCHIKAN,59.44716667,-135.3226667,41,223,0.0,5,8919269,PHFV
2008-07-20T02:31:02,245026000,RYNDAM,KETCHIKAN,59.44716667,-135.3226667,0,0,0.0,0,8919269,PHFV
2008-07-20T02:29:24,245026000,RYNDAM,KETCHIKAN,59.44716667,-135.3226667,42,159,0.1,5,8919269,PHFV
2008-07-20T02:26:23,245026000,RYNDAM,KETCHIKAN,59.44716667,-135.3226667,42,105,0.0,5,8919269,PHFV
2008-07-20T02:25:03,245026000,RYNDAM,KETCHIKAN,59.44716667,-135.3226667,0,0,0.0,0,8919269,PHFV
2008-07-20T02:23:24,245026000,RYNDAM,KETCHIKAN,59.44716667,-135.3226667,42,196,0.0,5,8919269,PHFV
2008-07-20T02:20:24,245026000,RYNDAM,KETCHIKAN,59.44716667,-135.3226667,42,38,0.0,5,8919269,PHFV
2008-07-20T02:19:01,245026000,RYNDAM,KETCHIKAN,59.44716667,-135.3226667,0,0,0.0,0,8919269,PHFV
2008-07-20T02:17:22,245026000,RYNDAM,KETCHIKAN,59.44716667,-135.3226667,42,184,0.0,5,8919269,PHFV
2008-07-20T02:14:23,245026000,RYNDAM,KETCHIKAN,59.44716667,-135.3226667,42,160,0.0,5,8919269,PHFV
2008-07-20T02:13:01,245026000,RYNDAM,KETCHIKAN,59.44716667,-135.3226667,0,0,0.0,0,8919269,PHFV
2008-07-20T02:11:22,245026000,RYNDAM,KETCHIKAN,59.44716667,-135.3226667,42,180,0.0,5,8919269,PHFV
2008-07-20T02:08:25,245026000,RYNDAM,KETCHIKAN,59.44716667,-135.3226667,42,44,0.0,5,8919269,PHFV
2008-07-20T02:07:00,245026000,RYNDAM,KETCHIKAN,59.44716667,-135.3226667,0,0,0.0,0,8919269,PHFV
2008-07-20T02:05:22,245026000,RYNDAM,KETCHIKAN,59.44716667,-135.3226667,42,303,0.0,5,8919269,PHFV
2008-07-20T02:02:22,245026000,RYNDAM,KETCHIKAN,59.44716667,-135.3226667,42,337,0.0,5,8919269,PHFV
2008-07-20T02:01:00,245026000,RYNDAM,KETCHIKAN,59.44716667,-135.3226667,0,0,0.0,0,8919269,PHFV
2008-07-20T01:59:25,245026000,RYNDAM,KETCHIKAN,59.44716667,-135.3226667,42,137,0.0,5,8919269,PHFV
2008-07-20T01:56:25,245026000,RYNDAM,KETCHIKAN,59.44716667,-135.3226667,42,138,0.0,5,8919269,PHFV
2008-07-20T01:55:00,245026000,RYNDAM,KETCHIKAN,59.44716667,-135.3226667,0,0,0.0,0,8919269,PHFV
2008-07-20T01:53:24,245026000,RYNDAM,KETCHIKAN,59.44716667,-135.3226667,42,157,0.0,5,8919269,PHFV
2008-07-20T01:50:25,245026000,RYNDAM,KETCHIKAN,59.44716667,-135.3226667,42,291,0.0,5,8919269,PHFV
2008-07-20T01:49:03,245026000,RYNDAM,KETCHIKAN,59.44716667,-135.3226667,0,0,0.0,0,8919269,PHFV
2008-07-20T01:47:25,245026000,RYNDAM,KETCHIKAN,59.44716667,-135.3226667,42,266,0.0,5,8919269,PHFV
2008-07-20T01:44:23,245026000,RYNDAM,KETCHIKAN,59.44716667,-135.3226667,42,327,0.0,5,8919269,PHFV
2008-07-20T01:43:01,245026000,RYNDAM,KETCHIKAN,59.44716667,-135.3226667,0,0,0.0,0,8919269,PHFV
2008-07-20T01:41:22,245026000,RYNDAM,KETCHIKAN,59.44716667,-135.3226667,42,271,0.0,5,8919269,PHFV
2008-07-20T01:38:23,245026000,RYNDAM,KETCHIKAN,59.44716667,-135.3226667,42,112,0.0,5,8919269,PHFV
2008-07-20T01:37:02,245026000,RYNDAM,KETCHIKAN,59.44716667,-135.3226667,0,0,0.0,0,8919269,PHFV
2008-07-20T01:35:24,245026000,RYNDAM,KETCHIKAN,59.44716667,-135.3226667,42,16,0.0,5,8919269,PHFV
2008-07-20T01:32:24,245026000,RYNDAM,KETCHIKAN,59.44716667,-135.3226667,42,178,0.0,5,8919269,PHFV
2008-07-20T01:30:59,245026000,RYNDAM,KETCHIKAN,59.44716667,-135.3226667,0,0,0.0,0,8919269,PHFV
2008-07-20T01:29:23,245026000,RYNDAM,KETCHIKAN,59.44716667,-135.3226667,42,264,0.0,5,8919269,PHFV
2008-07-20T01:26:23,245026000,RYNDAM,KETCHIKAN,59.44716667,-135.3226667,42,274,0.0,5,8919269,PHFV
2008-07-20T01:25:00,245026000,RYNDAM,KETCHIKAN,59.44716667,-135.3226667,0,0,0.0,0,8919269,PHFV
2008-07-20T01:23:25,245026000,RYNDAM,KETCHIKAN,59.44716667,-135.3226667,42,289,0.0,5,8919269,PHFV
2008-07-20T01:20:24,245026000,RYNDAM,KETCHIKAN,59.44716667,-135.3226667,42,355,0.0,5,8919269,PHFV
2008-07-20T01:19:00,245026000,RYNDAM,KETCHIKAN,59.44716667,-135.3226667,0,0,0.0,0,8919269,PHFV
2008-07-20T01:17:24,245026000,RYNDAM,KETCHIKAN,59.44716667,-135.3226667,42,92,0.0,5,8919269,PHFV
2008-07-20T01:14:24,245026000,RYNDAM,KETCHIKAN,59.44716667,-135.3226667,42,173,0.2,5,8919269,PHFV
2008-07-20T01:13:01,245026000,RYNDAM,KETCHIKAN,59.44716667,-135.3226667,0,0,0.0,0,8919269,PHFV
2008-07-20T01:11:22,245026000,RYNDAM,KETCHIKAN,59.44716667,-135.3226667,42,101,0.0,5,8919269,PHFV
2008-07-20T01:08:24,245026000,RYNDAM,KETCHIKAN,59.44716667,-135.3226667,42,340,0.0,5,8919269,PHFV
2008-07-20T01:07:03,245026000,RYNDAM,KETCHIKAN,59.44716667,-135.3226667,0,0,0.0,0,8919269,PHFV
2008-07-20T01:05:22,245026000,RYNDAM,KETCHIKAN,59.44716667,-135.3226667,42,147,0.0,5,8919269,PHFV
2008-07-20T01:02:22,245026000,RYNDAM,KETCHIKAN,59.44716667,-135.3226667,42,213,0.0,5,8919269,PHFV
2008-07-20T01:00:59,245026000,RYNDAM,KETCHIKAN,59.44716667,-135.3226667,0,0,0.0,0,8919269,PHFV
2008-07-20T00:59:23,245026000,RYNDAM,KETCHIKAN,59.44716667,-135.3226667,42,134,0.0,5,8919269,PHFV
2008-07-20T00:56:21,245026000,RYNDAM,KETCHIKAN,59.44716667,-135.3226667,42,48,0.0,5,8919269,PHFV
2008-07-20T00:55:00,245026000,RYNDAM,KETCHIKAN,59.44716667,-135.3226667,0,0,0.0,0,8919269,PHFV
2008-07-20T00:53:25,245026000,RYNDAM,KETCHIKAN,59.44716667,-135.3226667,42,314,0.0,5,8919269,PHFV
2008-07-20T00:50:24,245026000,RYNDAM,KETCHIKAN,59.44716667,-135.3226667,42,86,0.0,5,8919269,PHFV
2008-07-20T00:49:01,245026000,RYNDAM,KETCHIKAN,59.44716667,-135.3226667,0,0,0.0,0,8919269,PHFV
2008-07-20T00:47:23,245026000,RYNDAM,KETCHIKAN,59.44716667,-135.3226667,42,61,0.0,5,8919269,PHFV
2008-07-20T00:44:25,245026000,RYNDAM,KETCHIKAN,59.44716667,-135.3226667,42,116,0.0,5,8919269,PHFV
2008-07-20T00:42:59,245026000,RYNDAM,KETCHIKAN,59.44716667,-135.3226667,0,0,0.0,0,8919269,PHFV
2008-07-20T00:41:25,245026000,RYNDAM,KETCHIKAN,59.44716667,-135.3226667,42,320,0.0,5,8919269,PHFV
2008-07-20T00:38:23,245026000,RYNDAM,KETCHIKAN,59.44716667,-135.3226667,42,325,0.0,5,8919269,PHFV
2008-07-20T00:37:00,245026000,RYNDAM,KETCHIKAN,59.44716667,-135.3226667,0,0,0.0,0,8919269,PHFV
2008-07-20T00:35:25,245026000,RYNDAM,KETCHIKAN,59.44716667,-135.3226667,42,326,0.0,5,8919269,PHFV
2008-07-20T00:32:25,245026000,RYNDAM,KETCHIKAN,59.44716667,-135.3226667,42,334,0.0,5,8919269,PHFV
2008-07-20T00:31:00,245026000,RYNDAM,KETCHIKAN,59.44716667,-135.3226667,0,0,0.0,0,8919269,PHFV
2008-07-20T00:29:25,245026000,RYNDAM,KETCHIKAN,59.44716667,-135.3226667,42,347,0.0,5,8919269,PHFV
2008-07-20T00:26:22,245026000,RYNDAM,KETCHIKAN,59.44716667,-135.3226667,42,342,0.0,5,8919269,PHFV
2008-07-20T00:24:59,245026000,RYNDAM,KETCHIKAN,59.44716667,-135.3226667,0,0,0.0,0,8919269,PHFV
2008-07-20T00:23:23,245026000,RYNDAM,KETCHIKAN,59.44716667,-135.3226667,42,338,0.0,5,8919269,PHFV
2008-07-20T00:20:23,245026000,RYNDAM,KETCHIKAN,59.44716667,-135.3226667,42,273,0.0,5,8919269,PHFV
2008-07-20T00:19:02,245026000,RYNDAM,KETCHIKAN,59.44716667,-135.3226667,0,0,0.0,0,8919269,PHFV
2008-07-20T00:17:24,245026000,RYNDAM,KETCHIKAN,59.44716667,-135.3226667,42,258,0.0,5,8919269,PHFV
2008-07-20T00:14:23,245026000,RYNDAM,KETCHIKAN,59.44716667,-135.3226667,42,325,0.0,5,8919269,PHFV
2008-07-20T00:12:59,245026000,RYNDAM,KETCHIKAN,59.44716667,-135.3226667,0,0,0.0,0,8919269,PHFV
2008-07-20T00:11:24,245026000,RYNDAM,KETCHIKAN,59.44716667,-135.3226667,42,285,0.0,5,8919269,PHFV
2008-07-20T00:08:24,245026000,RYNDAM,KETCHIKAN,59.44716667,-135.3226667,42,260,0.0,5,8919269,PHFV
2008-07-20T00:07:00,245026000,RYNDAM,KETCHIKAN,59.44716667,-135.3226667,0,0,0.0,0,8919269,PHFV
2008-07-20T00:05:23,245026000,RYNDAM,KETCHIKAN,59.44716667,-135.3226667,42,136,0.0,5,8919269,PHFV
2008-07-20T00:02:24,245026000,RYNDAM,KETCHIKAN,59.44716667,-135.3226667,42,37,0.0,5,8919269,PHFV
