bs_ts,mmsi,lat,lon,cog,sog,heading,imo,callsign,name,Type of ship,destination
2008-07-24T23:59:57,309653000,58.23734,-135.54628,118.7,21.8,119,9342281,C6VG7,NORWEGIAN PEARL,16,KETCHIKAN
2008-07-24T23:59:53,309653000,58.23762333,-135.54728,119.0,21.8,119,9342281,C6VG7,NORWEGIAN PEARL,16,KETCHIKAN
2008-07-24T23:59:46,309653000,58.23787333,-135.5481133,118.7,21.8,119,9342281,C6VG7,NORWEGIAN PEARL,16,KETCHIKAN
2008-07-24T23:59:40,309653000,58.23820667,-135.5492817,118.7,21.9,119,9342281,C6VG7,NORWEGIAN PEARL,16,KETCHIKAN
2008-07-24T23:59:33,309653000,58.23855667,-135.550465,118.7,21.8,119,9342281,C6VG7,NORWEGIAN PEARL,16,KETCHIKAN
2008-07-24T23:59:29,309653000,58.23879,-135.5512983,0.0,0.0,0,9342281,C6VG7,NORWEGIAN PEARL,16,KETCHIKAN
2008-07-24T23:59:28,309653000,58.23879,-135.5512983,119.0,21.8,119,9342281,C6VG7,NORWEGIAN PEARL,16,KETCHIKAN
2008-07-24T23:59:22,309653000,58.23913833,-135.55248,119.0,21.9,119,9342281,C6VG7,NORWEGIAN PEARL,16,KETCHIKAN
2008-07-24T23:59:16,309653000,58.23937333,-135.5533133,118.7,21.9,119,9342281,C6VG7,NORWEGIAN PEARL,16,KETCHIKAN
2008-07-24T23:59:10,309653000,58.23965667,-135.5543133,119.0,21.9,119,9342281,C6VG7,NORWEGIAN PEARL,16,KETCHIKAN
2008-07-24T23:59:04,309653000,58.23995667,-135.5553133,119.0,21.8,119,9342281,C6VG7,NORWEGIAN PEARL,16,KETCHIKAN
2008-07-24T23:58:57,309653000,58.24029,-135.5565133,118.7,21.9,119,9342281,C6VG7,NORWEGIAN PEARL,16,KETCHIKAN
2008-07-24T23:58:52,309653000,58.24054,-135.5573467,119.0,21.9,119,9342281,C6VG7,NORWEGIAN PEARL,16,KETCHIKAN
2008-07-24T23:58:46,309653000,58.24082167,-135.55833,119.0,21.8,119,9342281,C6VG7,NORWEGIAN PEARL,16,KETCHIKAN
2008-07-24T23:58:40,309653000,58.24112167,-135.5593467,119.0,21.8,119,9342281,C6VG7,NORWEGIAN PEARL,16,KETCHIKAN
2008-07-24T23:58:34,309653000,58.241405,-135.560345,119.0,21.9,119,9342281,C6VG7,NORWEGIAN PEARL,16,KETCHIKAN
2008-07-24T23:58:28,309653000,58.241655,-135.5611783,119.2,21.9,119,9342281,C6VG7,NORWEGIAN PEARL,16,KETCHIKAN
2008-07-24T23:58:22,309653000,58.24198833,-135.5623633,119.2,21.9,119,9342281,C6VG7,NORWEGIAN PEARL,16,KETCHIKAN
2008-07-24T23:58:16,309653000,58.24228833,-135.5633617,119.2,21.9,119,9342281,C6VG7,NORWEGIAN PEARL,16,KETCHIKAN
2008-07-24T23:58:10,309653000,58.24253833,-135.564195,119.2,21.9,119,9342281,C6VG7,NORWEGIAN PEARL,16,KETCHIKAN
2008-07-24T23:58:04,309653000,58.24283833,-135.5652117,119.0,21.9,119,9342281,C6VG7,NORWEGIAN PEARL,16,KETCHIKAN
2008-07-24T23:57:58,309653000,58.24318833,-135.5663767,118.7,21.8,119,9342281,C6VG7,NORWEGIAN PEARL,16,KETCHIKAN
2008-07-24T23:57:52,309653000,58.24348833,-135.5673783,119.0,21.9,119,9342281,C6VG7,NORWEGIAN PEARL,16,KETCHIKAN
2008-07-24T23:57:46,309653000,58.24377167,-135.5683767,119.2,21.9,119,9342281,C6VG7,NORWEGIAN PEARL,16,KETCHIKAN
2008-07-24T23:57:40,309653000,58.24408833,-135.5693783,119.0,21.9,119,9342281,C6VG7,NORWEGIAN PEARL,16,KETCHIKAN
2008-07-24T23:57:34,309653000,58.244405,-135.5703767,119.2,22.0,119,9342281,C6VG7,NORWEGIAN PEARL,16,KETCHIKAN
2008-07-24T23:57:28,309653000,58.244705,-135.5713917,119.0,21.9,119,9342281,C6VG7,NORWEGIAN PEARL,16,KETCHIKAN
2008-07-24T23:57:22,309653000,58.245005,-135.5723917,119.2,21.9,119,9342281,C6VG7,NORWEGIAN PEARL,16,KETCHIKAN
2008-07-24T23:57:16,309653000,58.245305,-135.5733917,119.2,21.9,119,9342281,C6VG7,NORWEGIAN PEARL,16,KETCHIKAN
2008-07-24T23:57:10,309653000,58.24558667,-135.57439,119.2,21.9,119,9342281,C6VG7,NORWEGIAN PEARL,16,KETCHIKAN
2008-07-24T23:57:04,309653000,58.24588667,-135.5754067,119.2,21.9,119,9342281,C6VG7,NORWEGIAN PEARL,16,KETCHIKAN
2008-07-24T23:56:57,309653000,58.24618667,-135.57639,119.0,21.9,119,9342281,C6VG7,NORWEGIAN PEARL,16,KETCHIKAN
2008-07-24T23:56:52,309653000,58.24648667,-135.5774233,119.0,21.9,119,9342281,C6VG7,NORWEGIAN PEARL,16,KETCHIKAN
2008-07-24T23:56:45,309653000,58.24678667,-135.578405,119.2,21.9,119,9342281,C6VG7,NORWEGIAN PEARL,16,KETCHIKAN
2008-07-24T23:56:40,309653000,58.24703667,-135.579255,119.2,21.9,119,9342281,C6VG7,NORWEGIAN PEARL,16,KETCHIKAN
2008-07-24T23:56:34,309653000,58.24738667,-135.5804217,119.2,21.9,119,9342281,C6VG7,NORWEGIAN PEARL,16,KETCHIKAN
2008-07-24T23:56:28,309653000,58.24768667,-135.5814383,119.0,21.9,119,9342281,C6VG7,NORWEGIAN PEARL,16,KETCHIKAN
2008-07-24T23:56:21,309653000,58.24797,-135.5824383,119.2,21.9,119,9342281,C6VG7,NORWEGIAN PEARL,16,KETCHIKAN
2008-07-24T23:56:16,309653000,58.24827,-135.5834383,119.5,21.9,119,9342281,C6VG7,NORWEGIAN PEARL,16,KETCHIKAN
2008-07-24T23:56:10,309653000,58.24857,-135.5844383,119.5,21.9,119,9342281,C6VG7,NORWEGIAN PEARL,16,KETCHIKAN
2008-07-24T23:56:04,309653000,58.24887,-135.5854367,119.5,21.9,119,9342281,C6VG7,NORWEGIAN PEARL,16,KETCHIKAN
2008-07-24T23:55:57,309653000,58.24922,-135.5866033,119.2,21.9,119,9342281,C6VG7,NORWEGIAN PEARL,16,KETCHIKAN
2008-07-24T23:55:52,309653000,58.24947,-135.5874533,119.2,21.9,119,9342281,C6VG7,NORWEGIAN PEARL,16,KETCHIKAN
2008-07-24T23:55:45,309653000,58.24982,-135.5886367,119.5,21.9,119,9342281,C6VG7,NORWEGIAN PEARL,16,KETCHIKAN
2008-07-24T23:55:40,309653000,58.25007,-135.5894533,119.5,21.9,119,9342281,C6VG7,NORWEGIAN PEARL,16,KETCHIKAN
2008-07-24T23:55:34,309653000,58.25037,-135.5904533,119.5,22.0,119,9342281,C6VG7,NORWEGIAN PEARL,16,KETCHIKAN
2008-07-24T23:55:28,309653000,58.25067,-135.5914867,119.5,22.0,119,9342281,C6VG7,NORWEGIAN PEARL,16,KETCHIKAN
2008-07-24T23:55:21,309653000,58.25102,-135.5926533,119.7,22.0,119,9342281,C6VG7,NORWEGIAN PEARL,16,KETCHIKAN
2008-07-24T23:55:16,309653000,58.25127,-135.5934867,119.7,22.0,119,9342281,C6VG7,NORWEGIAN PEARL,16,KETCHIKAN
2008-07-24T23:55:10,309653000,58.25152,-135.5943367,119.5,22.0,119,9342281,C6VG7,NORWEGIAN PEARL,16,KETCHIKAN
2008-07-24T23:55:04,309653000,58.25186833,-135.5955017,119.7,22.0,119,9342281,C6VG7,NORWEGIAN PEARL,16,KETCHIKAN
2008-07-24T23:54:57,309653000,58.25216833,-135.5965017,119.5,22.0,119,9342281,C6VG7,NORWEGIAN PEARL,16,KETCHIKAN
2008-07-24T23:54:52,309653000,58.25241833,-135.5973517,119.5,22.0,119,9342281,C6VG7,NORWEGIAN PEARL,16,KETCHIKAN
2008-07-24T23:54:45,309653000,58.25276833,-135.5985,119.5,22.0,119,9342281,C6VG7,NORWEGIAN PEARL,16,KETCHIKAN
2008-07-24T23:54:40,309653000,58.25301833,-135.5993333,119.2,22.0,119,9342281,C6VG7,NORWEGIAN PEARL,16,KETCHIKAN
2008-07-24T23:54:35,309653000,58.25336833,-135.6005333,119.5,21.9,119,9342281,C6VG7,NORWEGIAN PEARL,16,KETCHIKAN
2008-07-24T23:54:28,309653000,58.25371833,-135.6016817,119.7,21.9,119,9342281,C6VG7,NORWEGIAN PEARL,16,KETCHIKAN
2008-07-24T23:54:21,309653000,58.25401833,-135.6027,119.5,21.9,119,9342281,C6VG7,NORWEGIAN PEARL,16,KETCHIKAN
2008-07-24T23:54:16,309653000,58.25426833,-135.6035333,119.5,21.9,119,9342281,C6VG7,NORWEGIAN PEARL,16,KETCHIKAN
2008-07-24T23:54:10,309653000,58.25456833,-135.6045333,119.5,21.9,119,9342281,C6VG7,NORWEGIAN PEARL,16,KETCHIKAN
2008-07-24T23:54:04,309653000,58.25486833,-135.60555,119.5,21.9,119,9342281,C6VG7,NORWEGIAN PEARL,16,KETCHIKAN
2008-07-24T23:53:57,309653000,58.25521833,-135.6067167,119.5,21.9,119,9342281,C6VG7,NORWEGIAN PEARL,16,KETCHIKAN
2008-07-24T23:53:53,309653000,58.25546833,-135.60755,119.2,21.9,119,9342281,C6VG7,NORWEGIAN PEARL,16,KETCHIKAN
2008-07-24T23:53:45,309653000,58.25576833,-135.6085667,119.2,21.9,119,9342281,C6VG7,NORWEGIAN PEARL,16,KETCHIKAN
2008-07-24T23:53:40,309653000,58.25606833,-135.6095667,119.5,21.9,119,9342281,C6VG7,NORWEGIAN PEARL,16,KETCHIKAN
2008-07-24T23:53:34,309653000,58.25631833,-135.6103833,119.5,21.9,119,9342281,C6VG7,NORWEGIAN PEARL,16,KETCHIKAN
2008-07-24T23:53:33,309653000,58.25665167,-135.61155,0.0,0.0,0,9342281,C6VG7,NORWEGIAN PEARL,16,KETCHIKAN
2008-07-24T23:53:28,309653000,58.25665167,-135.61155,119.7,21.8,119,9342281,C6VG7,NORWEGIAN PEARL,16,KETCHIKAN
2008-07-24T23:53:21,309653000,58.25695167,-135.61255,119.7,21.8,119,9342281,C6VG7,NORWEGIAN PEARL,16,KETCHIKAN
2008-07-24T23:53:16,309653000,58.25720167,-135.6133833,119.5,21.8,119,9342281,C6VG7,NORWEGIAN PEARL,16,KETCHIKAN
2008-07-24T23:53:10,309653000,58.25755167,-135.61455,119.5,21.8,119,9342281,C6VG7,NORWEGIAN PEARL,16,KETCHIKAN
2008-07-24T23:53:04,309653000,58.25785167,-135.61555,119.7,21.8,119,9342281,C6VG7,NORWEGIAN PEARL,16,KETCHIKAN
2008-07-24T23:52:57,309653000,58.25815167,-135.6165333,119.7,21.8,119,9342281,C6VG7,NORWEGIAN PEARL,16,KETCHIKAN
2008-07-24T23:52:52,309653000,58.25845167,-135.61755,119.7,21.8,119,9342281,C6VG7,NORWEGIAN PEARL,16,KETCHIKAN
2008-07-24T23:52:45,309653000,58.25880167,-135.6186983,119.7,21.8,119,9342281,C6VG7,NORWEGIAN PEARL,16,KETCHIKAN
2008-07-24T23:52:40,309653000,58.25905,-135.6195133,119.7,21.9,119,9342281,C6VG7,NORWEGIAN PEARL,16,KETCHIKAN
2008-07-24T23:52:34,309653000,58.25935,-135.6205133,119.7,21.8,119,9342281,C6VG7,NORWEGIAN PEARL,16,KETCHIKAN
2008-07-24T23:52:28,309653000,58.25965,-135.6215133,120.0,21.8,119,9342281,C6VG7,NORWEGIAN PEARL,16,KETCHIKAN
2008-07-24T23:52:21,309653000,58.26,-135.6226633,120.0,21.8,119,9342281,C6VG7,NORWEGIAN PEARL,16,KETCHIKAN
2008-07-24T23:52:16,309653000,58.26025,-135.6234967,120.0,21.8,119,9342281,C6VG7,NORWEGIAN PEARL,16,KETCHIKAN
2008-07-24T23:52:10,309653000,58.26055167,-135.6244983,120.0,21.8,119,9342281,C6VG7,NORWEGIAN PEARL,16,KETCHIKAN
2008-07-24T23:52:04,309653000,58.26085,-135.6254967,119.7,21.8,119,9342281,C6VG7,NORWEGIAN PEARL,16,KETCHIKAN
2008-07-24T23:51:58,309653000,58.2611,-135.62633,119.7,21.8,119,9342281,C6VG7,NORWEGIAN PEARL,16,KETCHIKAN
2008-07-24T23:51:52,309653000,58.2614,-135.62733,120.0,21.9,119,9342281,C6VG7,NORWEGIAN PEARL,16,KETCHIKAN
2008-07-24T23:51:45,309653000,58.26175,-135.62848,120.3,21.9,119,9342281,C6VG7,NORWEGIAN PEARL,16,KETCHIKAN
2008-07-24T23:51:40,309653000,58.26206667,-135.62948,120.3,21.8,119,9342281,C6VG7,NORWEGIAN PEARL,16,KETCHIKAN
2008-07-24T23:51:34,309653000,58.26231667,-135.6303133,120.0,21.8,119,9342281,C6VG7,NORWEGIAN PEARL,16,KETCHIKAN
2008-07-24T23:51:28,309653000,58.26261667,-135.6313133,120.0,21.9,119,9342281,C6VG7,NORWEGIAN PEARL,16,KETCHIKAN
2008-07-24T23:51:21,309653000,58.26298333,-135.63248,120.0,21.8,119,9342281,C6VG7,NORWEGIAN PEARL,16,KETCHIKAN
2008-07-24T23:51:16,309653000,58.26323333,-135.6332967,120.3,21.8,119,9342281,C6VG7,NORWEGIAN PEARL,16,KETCHIKAN
2008-07-24T23:51:10,309653000,58.26358333,-135.6344467,120.3,21.9,119,9342281,C6VG7,NORWEGIAN PEARL,16,KETCHIKAN
2008-07-24T23:51:04,309653000,58.26395,-135.63563,120.0,21.9,119,9342281,C6VG7,NORWEGIAN PEARL,16,KETCHIKAN
2008-07-24T23:50:58,309653000,58.2642,-135.6364467,120.0,21.8,119,9342281,C6VG7,NORWEGIAN PEARL,16,KETCHIKAN
2008-07-24T23:50:52,309653000,58.26451667,-135.63743,120.0,21.8,119,9342281,C6VG7,NORWEGIAN PEARL,16,KETCHIKAN
2008-07-24T23:50:45,309653000,58.26486667,-135.6385967,120.5,21.8,119,9342281,C6VG7,NORWEGIAN PEARL,16,KETCHIKAN
2008-07-24T23:50:40,309653000,58.26511667,-135.6394133,120.5,21.8,119,9342281,C6VG7,NORWEGIAN PEARL,16,KETCHIKAN
2008-07-24T23:50:34,309653000,58.26543333,-135.6404133,120.3,21.8,119,9342281,C6VG7,NORWEGIAN PEARL,16,KETCHIKAN
2008-07-24T23:50:28,309653000,58.26573333,-135.641395,120.3,21.8,119,9342281,C6VG7,NORWEGIAN PEARL,16,KETCHIKAN
2008-07-24T23:50:21,309653000,58.2661,-135.642545,120.8,21.8,119,9342281,C6VG7,NORWEGIAN PEARL,16,KETCHIKAN
2008-07-24T23:50:16,309653000,58.26635,-135.64338,120.8,21.7,119,9342281,C6VG7,NORWEGIAN PEARL,16,KETCHIKAN
2008-07-24T23:50:10,309653000,58.26665,-135.644345,120.5,21.8,119,9342281,C6VG7,NORWEGIAN PEARL,16,KETCHIKAN
2008-07-24T23:50:04,309653000,58.26696667,-135.6453483,121.5,21.7,120,9342281,C6VG7,NORWEGIAN PEARL,16,KETCHIKAN
2008-07-24T23:49:58,309653000,58.26723333,-135.646165,121.5,21.7,120,9342281,C6VG7,NORWEGIAN PEARL,16,KETCHIKAN
2008-07-24T23:49:52,309653000,58.26754833,-135.647145,121.5,21.7,120,9342281,C6VG7,NORWEGIAN PEARL,16,KETCHIKAN
2008-07-24T23:49:46,309653000,58.26784833,-135.6481117,121.5,21.7,120,9342281,C6VG7,NORWEGIAN PEARL,16,KETCHIKAN
2008-07-24T23:49:40,309653000,58.268165,-135.6490767,121.3,21.7,120,9342281,C6VG7,NORWEGIAN PEARL,16,KETCHIKAN
2008-07-24T23:49:34,309653000,58.26848167,-135.65006,121.3,21.8,120,9342281,C6VG7,NORWEGIAN PEARL,16,KETCHIKAN
2008-07-24T23:49:28,309653000,58.26883167,-135.6511933,121.3,21.7,120,9342281,C6VG7,NORWEGIAN PEARL,16,KETCHIKAN
2008-07-24T23:49:21,309653000,58.26919833,-135.6523267,121.5,21.7,120,9342281,C6VG7,NORWEGIAN PEARL,16,KETCHIKAN
2008-07-24T23:49:17,309653000,58.269465,-135.65316,121.3,21.7,120,9342281,C6VG7,NORWEGIAN PEARL,16,KETCHIKAN
2008-07-24T23:49:10,309653000,58.269765,-135.6541267,121.3,21.7,120,9342281,C6VG7,NORWEGIAN PEARL,16,KETCHIKAN
2008-07-24T23:49:04,309653000,58.27008167,-135.65511,121.3,21.7,120,9342281,C6VG7,NORWEGIAN PEARL,16,KETCHIKAN
2008-07-24T23:48:58,309653000,58.27039833,-135.6560767,121.3,21.7,120,9342281,C6VG7,NORWEGIAN PEARL,16,KETCHIKAN
2008-07-24T23:48:52,309653000,58.270715,-135.65706,121.5,21.7,120,9342281,C6VG7,NORWEGIAN PEARL,16,KETCHIKAN
2008-07-24T23:48:46,309653000,58.270965,-135.6578767,121.5,21.7,120,9342281,C6VG7,NORWEGIAN PEARL,16,KETCHIKAN
2008-07-24T23:48:40,309653000,58.27133167,-135.6590083,121.8,21.6,120,9342281,C6VG7,NORWEGIAN PEARL,16,KETCHIKAN
2008-07-24T23:48:34,309653000,58.27158167,-135.659825,121.5,21.6,120,9342281,C6VG7,NORWEGIAN PEARL,16,KETCHIKAN
2008-07-24T23:48:28,309653000,58.27194833,-135.6609583,121.3,21.6,120,9342281,C6VG7,NORWEGIAN PEARL,16,KETCHIKAN
2008-07-24T23:48:22,309653000,58.27226333,-135.66194,121.3,21.6,120,9342281,C6VG7,NORWEGIAN PEARL,16,KETCHIKAN
2008-07-24T23:48:16,309653000,58.27258,-135.66289,121.5,21.6,120,9342281,C6VG7,NORWEGIAN PEARL,16,KETCHIKAN
2008-07-24T23:48:10,309653000,58.27288,-135.6638567,121.5,21.6,120,9342281,C6VG7,NORWEGIAN PEARL,16,KETCHIKAN
2008-07-24T23:48:04,309653000,58.27319667,-135.66484,121.5,21.6,120,9342281,C6VG7,NORWEGIAN PEARL,16,KETCHIKAN
2008-07-24T23:48:00,309653000,58.273465,-135.6656567,121.3,21.5,120,9342281,C6VG7,NORWEGIAN PEARL,16,KETCHIKAN
2008-07-24T23:47:51,309653000,58.27386333,-135.66694,121.3,21.5,120,9342281,C6VG7,NORWEGIAN PEARL,16,KETCHIKAN
2008-07-24T23:47:46,309653000,58.27413,-135.6677383,121.3,21.5,120,9342281,C6VG7,NORWEGIAN PEARL,16,KETCHIKAN
2008-07-24T23:47:40,309653000,58.27443,-135.6687217,121.3,21.5,120,9342281,C6VG7,NORWEGIAN PEARL,16,KETCHIKAN
2008-07-24T23:47:28,309653000,58.27504667,-135.670655,0.0,0.0,0,9342281,C6VG7,NORWEGIAN PEARL,16,KETCHIKAN
2008-07-24T23:47:28,309653000,58.27504667,-135.670655,121.0,21.5,120,9342281,C6VG7,NORWEGIAN PEARL,16,KETCHIKAN
2008-07-24T23:47:21,309653000,58.27541333,-135.67177,121.3,21.5,120,9342281,C6VG7,NORWEGIAN PEARL,16,KETCHIKAN
2008-07-24T23:47:16,309653000,58.27566333,-135.6725867,121.3,21.5,120,9342281,C6VG7,NORWEGIAN PEARL,16,KETCHIKAN
2008-07-24T23:47:09,309653000,58.27603,-135.67372,121.0,21.5,120,9342281,C6VG7,NORWEGIAN PEARL,16,KETCHIKAN
2008-07-24T23:47:04,309653000,58.27628,-135.6745367,121.3,21.5,120,9342281,C6VG7,NORWEGIAN PEARL,16,KETCHIKAN
2008-07-24T23:46:58,309653000,58.27654667,-135.675355,121.0,21.5,120,9342281,C6VG7,NORWEGIAN PEARL,16,KETCHIKAN
2008-07-24T23:46:51,309653000,58.27689667,-135.6764717,120.7,21.5,120,9342281,C6VG7,NORWEGIAN PEARL,16,KETCHIKAN
2008-07-24T23:46:46,309653000,58.27716333,-135.6772883,120.7,21.5,120,9342281,C6VG7,NORWEGIAN PEARL,16,KETCHIKAN
2008-07-24T23:46:40,309653000,58.27751333,-135.6784217,121.0,21.5,120,9342281,C6VG7,NORWEGIAN PEARL,16,KETCHIKAN
2008-07-24T23:46:34,309653000,58.27781333,-135.6793717,121.0,21.5,120,9342281,C6VG7,NORWEGIAN PEARL,16,KETCHIKAN
2008-07-24T23:46:28,309653000,58.27808,-135.680205,121.0,21.5,120,9342281,C6VG7,NORWEGIAN PEARL,16,KETCHIKAN
2008-07-24T23:46:21,309653000,58.27843,-135.6813383,121.0,21.5,120,9342281,C6VG7,NORWEGIAN PEARL,16,KETCHIKAN
2008-07-24T23:46:16,309653000,58.27873,-135.6823033,121.0,21.5,120,9342281,C6VG7,NORWEGIAN PEARL,16,KETCHIKAN
2008-07-24T23:46:09,309653000,58.27909667,-135.6834383,121.0,21.5,120,9342281,C6VG7,NORWEGIAN PEARL,16,KETCHIKAN
2008-07-24T23:46:04,309653000,58.27939667,-135.6844217,121.0,21.5,120,9342281,C6VG7,NORWEGIAN PEARL,16,KETCHIKAN
2008-07-24T23:45:58,309653000,58.27964667,-135.6852033,121.3,21.5,120,9342281,C6VG7,NORWEGIAN PEARL,16,KETCHIKAN
2008-07-24T23:45:51,309653000,58.28001333,-135.686355,121.3,21.5,120,9342281,C6VG7,NORWEGIAN PEARL,16,KETCHIKAN
2008-07-24T23:45:46,309653000,58.28026333,-135.68717,121.3,21.5,120,9342281,C6VG7,NORWEGIAN PEARL,16,KETCHIKAN
2008-07-24T23:45:40,309653000,58.28058,-135.6881217,121.0,21.5,120,9342281,C6VG7,NORWEGIAN PEARL,16,KETCHIKAN
2008-07-24T23:45:34,309653000,58.28088,-135.6891033,121.0,21.5,120,9342281,C6VG7,NORWEGIAN PEARL,16,KETCHIKAN
2008-07-24T23:45:28,309653000,58.28118,-135.6900533,120.8,21.4,120,9342281,C6VG7,NORWEGIAN PEARL,16,KETCHIKAN
2008-07-24T23:45:21,309653000,58.28154667,-135.691185,120.8,21.4,120,9342281,C6VG7,NORWEGIAN PEARL,16,KETCHIKAN
2008-07-24T23:45:16,309653000,58.28179667,-135.6920017,121.0,21.4,120,9342281,C6VG7,NORWEGIAN PEARL,16,KETCHIKAN
2008-07-24T23:45:09,309653000,58.28214667,-135.6931183,121.0,21.4,120,9342281,C6VG7,NORWEGIAN PEARL,16,KETCHIKAN
2008-07-24T23:45:04,309653000,58.28241333,-135.693935,121.0,21.4,120,9342281,C6VG7,NORWEGIAN PEARL,16,KETCHIKAN
2008-07-24T23:44:58,309653000,58.28271333,-135.694885,120.8,21.4,120,9342281,C6VG7,NORWEGIAN PEARL,16,KETCHIKAN
2008-07-24T23:44:51,309653000,58.28301333,-135.6958517,121.0,21.4,120,9342281,C6VG7,NORWEGIAN PEARL,16,KETCHIKAN
2008-07-24T23:44:46,309653000,58.28326333,-135.6966683,121.0,21.4,120,9342281,C6VG7,NORWEGIAN PEARL,16,KETCHIKAN
2008-07-24T23:44:40,309653000,58.28356333,-135.697635,121.0,21.4,120,9342281,C6VG7,NORWEGIAN PEARL,16,KETCHIKAN
2008-07-24T23:44:34,309653000,58.28387833,-135.6986167,121.0,21.5,120,9342281,C6VG7,NORWEGIAN PEARL,16,KETCHIKAN
2008-07-24T23:44:21,309653000,58.28458,-135.7008683,121.0,21.4,120,9342281,C6VG7,NORWEGIAN PEARL,16,KETCHIKAN
2008-07-24T23:44:16,309653000,58.28483,-135.7016683,121.3,21.4,120,9342281,C6VG7,NORWEGIAN PEARL,16,KETCHIKAN
2008-07-24T23:44:09,309653000,58.28519667,-135.7028017,120.5,21.4,120,9342281,C6VG7,NORWEGIAN PEARL,16,KETCHIKAN
2008-07-24T23:44:04,309653000,58.28544667,-135.7036,120.5,21.5,120,9342281,C6VG7,NORWEGIAN PEARL,16,KETCHIKAN
2008-07-24T23:43:58,309653000,58.285745,-135.704565,120.5,21.4,120,9342281,C6VG7,NORWEGIAN PEARL,16,KETCHIKAN
2008-07-24T23:43:51,309653000,58.28611167,-135.705715,120.7,21.5,120,9342281,C6VG7,NORWEGIAN PEARL,16,KETCHIKAN
2008-07-24T23:43:46,309653000,58.28636167,-135.7065133,120.5,21.5,120,9342281,C6VG7,NORWEGIAN PEARL,16,KETCHIKAN
2008-07-24T23:43:40,309653000,58.28666167,-135.70748,120.5,21.4,120,9342281,C6VG7,NORWEGIAN PEARL,16,KETCHIKAN
2008-07-24T23:43:34,309653000,58.28697833,-135.7084467,120.5,21.4,120,9342281,C6VG7,NORWEGIAN PEARL,16,KETCHIKAN
2008-07-24T23:43:28,309653000,58.28727833,-135.7094133,120.5,21.4,120,9342281,C6VG7,NORWEGIAN PEARL,16,KETCHIKAN
2008-07-24T23:43:15,309653000,58.28787833,-135.7113467,120.2,21.3,120,9342281,C6VG7,NORWEGIAN PEARL,16,KETCHIKAN
2008-07-24T23:43:10,309653000,58.28817833,-135.7123117,120.2,21.3,120,9342281,C6VG7,NORWEGIAN PEARL,16,KETCHIKAN
2008-07-24T23:43:04,309653000,58.28847833,-135.7132783,120.5,21.3,120,9342281,C6VG7,NORWEGIAN PEARL,16,KETCHIKAN
2008-07-24T23:43:00,309653000,58.288795,-135.7142617,120.5,21.3,120,9342281,C6VG7,NORWEGIAN PEARL,16,KETCHIKAN
2008-07-24T23:42:51,309653000,58.289145,-135.7153783,120.5,21.4,120,9342281,C6VG7,NORWEGIAN PEARL,16,KETCHIKAN
2008-07-24T23:42:45,309653000,58.289445,-135.716345,120.5,21.4,120,9342281,C6VG7,NORWEGIAN PEARL,16,KETCHIKAN
2008-07-24T23:42:40,309653000,58.28969333,-135.7171433,120.5,21.4,120,9342281,C6VG7,NORWEGIAN PEARL,16,KETCHIKAN
2008-07-24T23:42:34,309653000,58.29001,-135.71811,120.2,21.4,120,9342281,C6VG7,NORWEGIAN PEARL,16,KETCHIKAN
2008-07-24T23:42:28,309653000,58.29031167,-135.7190783,120.2,21.4,120,9342281,C6VG7,NORWEGIAN PEARL,16,KETCHIKAN
2008-07-24T23:42:22,309653000,58.29061,-135.7200433,120.2,21.4,120,9342281,C6VG7,NORWEGIAN PEARL,16,KETCHIKAN
2008-07-24T23:42:10,309653000,58.29121,-135.721975,120.2,21.4,120,9342281,C6VG7,NORWEGIAN PEARL,16,KETCHIKAN
2008-07-24T23:42:04,309653000,58.29147667,-135.7227917,120.2,21.5,120,9342281,C6VG7,NORWEGIAN PEARL,16,KETCHIKAN
2008-07-24T23:41:58,309653000,58.29182667,-135.7239417,120.0,21.5,120,9342281,C6VG7,NORWEGIAN PEARL,16,KETCHIKAN
2008-07-24T23:41:52,309653000,58.29207667,-135.72474,119.7,21.5,120,9342281,C6VG7,NORWEGIAN PEARL,16,KETCHIKAN
2008-07-24T23:41:45,309653000,58.29242667,-135.72589,120.0,21.5,120,9342281,C6VG7,NORWEGIAN PEARL,16,KETCHIKAN
2008-07-24T23:41:40,309653000,58.29267667,-135.7267033,119.7,21.6,120,9342281,C6VG7,NORWEGIAN PEARL,16,KETCHIKAN
2008-07-24T23:41:34,309653000,58.29302667,-135.7278533,118.7,21.6,119,9342281,C6VG7,NORWEGIAN PEARL,16,KETCHIKAN
2008-07-24T23:41:31,309653000,58.29331,-135.7288367,0.0,0.0,0,9342281,C6VG7,NORWEGIAN PEARL,16,KETCHIKAN
2008-07-24T23:41:28,309653000,58.29331,-135.7288367,118.7,21.7,119,9342281,C6VG7,NORWEGIAN PEARL,16,KETCHIKAN
2008-07-24T23:41:22,309653000,58.29356,-135.7296867,118.7,21.7,119,9342281,C6VG7,NORWEGIAN PEARL,16,KETCHIKAN
2008-07-24T23:41:15,309653000,58.29389333,-135.730835,117.7,21.7,118,9342281,C6VG7,NORWEGIAN PEARL,16,KETCHIKAN
2008-07-24T23:41:11,309653000,58.29417667,-135.7318333,118.0,21.7,118,9342281,C6VG7,NORWEGIAN PEARL,16,KETCHIKAN
2008-07-24T23:41:04,309653000,58.29446167,-135.73285,116.7,21.7,117,9342281,C6VG7,NORWEGIAN PEARL,16,KETCHIKAN
2008-07-24T23:40:58,309653000,58.294745,-135.7338667,117.0,21.8,117,9342281,C6VG7,NORWEGIAN PEARL,16,KETCHIKAN
2008-07-24T23:40:54,309653000,58.29501167,-135.7348817,116.0,21.8,116,9342281,C6VG7,NORWEGIAN PEARL,16,KETCHIKAN
2008-07-24T23:40:45,309653000,58.29532833,-135.7360817,116.2,21.8,116,9342281,C6VG7,NORWEGIAN PEARL,16,KETCHIKAN
2008-07-24T23:40:40,309653000,58.295545,-135.7369483,115.0,21.9,115,9342281,C6VG7,NORWEGIAN PEARL,16,KETCHIKAN
2008-07-24T23:40:34,309653000,58.29581167,-135.737995,114.7,21.9,115,9342281,C6VG7,NORWEGIAN PEARL,16,KETCHIKAN
2008-07-24T23:40:28,309653000,58.29606167,-135.7390283,114.0,22.0,114,9342281,C6VG7,NORWEGIAN PEARL,16,KETCHIKAN
2008-07-24T23:40:22,309653000,58.29632833,-135.7400933,114.2,22.0,114,9342281,C6VG7,NORWEGIAN PEARL,16,KETCHIKAN
2008-07-24T23:40:15,309653000,58.29657833,-135.7411433,113.2,22.0,113,9342281,C6VG7,NORWEGIAN PEARL,16,KETCHIKAN
2008-07-24T23:40:10,309653000,58.29681333,-135.742175,113.2,22.0,113,9342281,C6VG7,NORWEGIAN PEARL,16,KETCHIKAN
2008-07-24T23:40:04,309653000,58.29703,-135.743075,113.2,22.0,113,9342281,C6VG7,NORWEGIAN PEARL,16,KETCHIKAN
2008-07-24T23:39:58,309653000,58.29731333,-135.7443417,112.2,22.1,112,9342281,C6VG7,NORWEGIAN PEARL,16,KETCHIKAN
2008-07-24T23:39:52,309653000,58.29749667,-135.745225,112.2,22.1,112,9342281,C6VG7,NORWEGIAN PEARL,16,KETCHIKAN
2008-07-24T23:39:45,309653000,58.29776333,-135.7464717,111.0,22.2,111,9342281,C6VG7,NORWEGIAN PEARL,16,KETCHIKAN
2008-07-24T23:39:40,309653000,58.29796333,-135.7473717,111.2,22.2,111,9342281,C6VG7,NORWEGIAN PEARL,16,KETCHIKAN
2008-07-24T23:39:34,309653000,58.298265,-135.7488383,110.5,22.3,110,9342281,C6VG7,NORWEGIAN PEARL,16,KETCHIKAN
2008-07-24T23:39:28,309653000,58.29848167,-135.7499367,110.2,22.4,110,9342281,C6VG7,NORWEGIAN PEARL,16,KETCHIKAN
2008-07-24T23:39:22,309653000,58.298665,-135.7508683,109.2,22.4,109,9342281,C6VG7,NORWEGIAN PEARL,16,KETCHIKAN
2008-07-24T23:39:15,309653000,58.29889833,-135.7521317,109.5,22.5,109,9342281,C6VG7,NORWEGIAN PEARL,16,KETCHIKAN
2008-07-24T23:39:10,309653000,58.299065,-135.753065,108.5,22.5,108,9342281,C6VG7,NORWEGIAN PEARL,16,KETCHIKAN
2008-07-24T23:39:04,309653000,58.29928167,-135.7541983,108.2,22.5,108,9342281,C6VG7,NORWEGIAN PEARL,16,KETCHIKAN
2008-07-24T23:38:58,309653000,58.29946667,-135.755315,107.2,22.6,108,9342281,C6VG7,NORWEGIAN PEARL,16,KETCHIKAN
2008-07-24T23:38:52,309653000,58.29966667,-135.756445,107.2,22.6,107,9342281,C6VG7,NORWEGIAN PEARL,16,KETCHIKAN
2008-07-24T23:38:45,309653000,58.29988333,-135.7577783,106.0,22.6,106,9342281,C6VG7,NORWEGIAN PEARL,16,KETCHIKAN
2008-07-24T23:38:40,309653000,58.300035,-135.7587117,105.7,22.6,106,9342281,C6VG7,NORWEGIAN PEARL,16,KETCHIKAN
2008-07-24T23:38:34,309653000,58.30021833,-135.7598617,106.0,22.6,106,9342281,C6VG7,NORWEGIAN PEARL,16,KETCHIKAN
2008-07-24T23:38:28,309653000,58.300385,-135.7610083,105.0,22.6,105,9342281,C6VG7,NORWEGIAN PEARL,16,KETCHIKAN
2008-07-24T23:38:16,309653000,58.30072,-135.7632917,103.7,22.6,104,9342281,C6VG7,NORWEGIAN PEARL,16,KETCHIKAN
2008-07-24T23:38:10,309653000,58.30087,-135.7644583,103.0,22.6,103,9342281,C6VG7,NORWEGIAN PEARL,16,KETCHIKAN
2008-07-24T23:38:04,309653000,58.30100333,-135.765425,103.2,22.6,103,9342281,C6VG7,NORWEGIAN PEARL,16,KETCHIKAN
2008-07-24T23:37:58,309653000,58.30117,-135.7667733,102.2,22.5,102,9342281,C6VG7,NORWEGIAN PEARL,16,KETCHIKAN
2008-07-24T23:37:53,309653000,58.30132167,-135.7681383,101.7,22.6,102,9342281,C6VG7,NORWEGIAN PEARL,16,KETCHIKAN
2008-07-24T23:37:40,309653000,58.30157167,-135.7702567,101.5,22.5,101,9342281,C6VG7,NORWEGIAN PEARL,16,KETCHIKAN
2008-07-24T23:37:34,309653000,58.301705,-135.7716217,101.5,22.5,101,9342281,C6VG7,NORWEGIAN PEARL,16,KETCHIKAN
2008-07-24T23:37:28,309653000,58.30182167,-135.7727883,100.2,22.5,100,9342281,C6VG7,NORWEGIAN PEARL,16,KETCHIKAN
2008-07-24T23:37:22,309653000,58.30192333,-135.7737417,100.2,22.5,100,9342281,C6VG7,NORWEGIAN PEARL,16,KETCHIKAN
2008-07-24T23:37:16,309653000,58.30204,-135.7749217,100.2,22.5,100,9342281,C6VG7,NORWEGIAN PEARL,16,KETCHIKAN
2008-07-24T23:37:10,309653000,58.30215667,-135.7760717,100.0,22.5,100,9342281,C6VG7,NORWEGIAN PEARL,16,KETCHIKAN
2008-07-24T23:37:04,309653000,58.30225667,-135.7772383,100.0,22.5,100,9342281,C6VG7,NORWEGIAN PEARL,16,KETCHIKAN
2008-07-24T23:36:58,309653000,58.30237333,-135.77842,99.7,22.4,100,9342281,C6VG7,NORWEGIAN PEARL,16,KETCHIKAN
2008-07-24T23:36:52,309653000,58.30247333,-135.7795683,98.4,22.3,100,9342281,C6VG7,NORWEGIAN PEARL,16,KETCHIKAN
2008-07-24T23:36:45,309653000,58.30257333,-135.780735,98.7,22.3,99,9342281,C6VG7,NORWEGIAN PEARL,16,KETCHIKAN
2008-07-24T23:36:40,309653000,58.30265833,-135.7817017,98.7,22.3,99,9342281,C6VG7,NORWEGIAN PEARL,16,KETCHIKAN
2008-07-24T23:36:34,309653000,58.302775,-135.78305,97.4,22.3,98,9342281,C6VG7,NORWEGIAN PEARL,16,KETCHIKAN
2008-07-24T23:36:28,309653000,58.30285833,-135.7842167,97.4,22.2,98,9342281,C6VG7,NORWEGIAN PEARL,16,KETCHIKAN
2008-07-24T23:36:22,309653000,58.30294167,-135.7852,97.7,22.2,98,9342281,C6VG7,NORWEGIAN PEARL,16,KETCHIKAN
2008-07-24T23:36:16,309653000,58.303025,-135.7865333,96.7,22.1,97,9342281,C6VG7,NORWEGIAN PEARL,16,KETCHIKAN
2008-07-24T23:36:10,309653000,58.30312667,-135.7878833,96.4,22.1,97,9342281,C6VG7,NORWEGIAN PEARL,16,KETCHIKAN
2008-07-24T23:36:04,309653000,58.30317667,-135.7888517,95.4,22.0,96,9342281,C6VG7,NORWEGIAN PEARL,16,KETCHIKAN
2008-07-24T23:35:59,309653000,58.30324333,-135.7900183,96.0,22.0,96,9342281,C6VG7,NORWEGIAN PEARL,16,KETCHIKAN
2008-07-24T23:35:48,309653000,58.30336167,-135.7923167,95.0,21.9,95,9342281,C6VG7,NORWEGIAN PEARL,16,KETCHIKAN
2008-07-24T23:35:40,309653000,58.30342833,-135.79345,95.0,21.9,95,9342281,C6VG7,NORWEGIAN PEARL,16,KETCHIKAN
2008-07-24T23:35:34,309653000,58.30347833,-135.7946167,95.0,21.9,95,9342281,C6VG7,NORWEGIAN PEARL,16,KETCHIKAN
2008-07-24T23:35:28,309653000,58.30352833,-135.79575,0.0,0.0,0,9342281,C6VG7,NORWEGIAN PEARL,16,KETCHIKAN
2008-07-24T23:35:28,309653000,58.30352833,-135.79575,95.0,21.9,95,9342281,C6VG7,NORWEGIAN PEARL,16,KETCHIKAN
2008-07-24T23:35:21,309653000,58.303595,-135.7970983,95.0,22.0,95,9342281,C6VG7,NORWEGIAN PEARL,16,KETCHIKAN
2008-07-24T23:35:17,309653000,58.303645,-135.7980483,95.0,22.0,95,9342281,C6VG7,NORWEGIAN PEARL,16,KETCHIKAN
2008-07-24T23:35:10,309653000,58.303695,-135.7991983,95.0,22.1,95,9342281,C6VG7,NORWEGIAN PEARL,16,KETCHIKAN
2008-07-24T23:35:04,309653000,58.303745,-135.8003633,95.0,22.1,95,9342281,C6VG7,NORWEGIAN PEARL,16,KETCHIKAN
2008-07-24T23:34:59,309653000,58.30381,-135.801525,95.2,22.2,95,9342281,C6VG7,NORWEGIAN PEARL,16,KETCHIKAN
2008-07-24T23:34:52,309653000,58.30386,-135.8026767,95.2,22.3,95,9342281,C6VG7,NORWEGIAN PEARL,16,KETCHIKAN
2008-07-24T23:34:46,309653000,58.30391,-135.80366,95.0,22.4,95,9342281,C6VG7,NORWEGIAN PEARL,16,KETCHIKAN
2008-07-24T23:34:40,309653000,58.30396,-135.80481,95.5,22.4,95,9342281,C6VG7,NORWEGIAN PEARL,16,KETCHIKAN
2008-07-24T23:34:34,309653000,58.30404333,-135.8063733,95.2,22.5,95,9342281,C6VG7,NORWEGIAN PEARL,16,KETCHIKAN
2008-07-24T23:34:28,309653000,58.30409333,-135.807355,95.0,22.6,95,9342281,C6VG7,NORWEGIAN PEARL,16,KETCHIKAN
2008-07-24T23:34:21,309653000,58.30416,-135.80874,95.0,22.7,95,9342281,C6VG7,NORWEGIAN PEARL,16,KETCHIKAN
2008-07-24T23:34:16,309653000,58.30421,-135.8099367,96.2,22.8,95,9342281,C6VG7,NORWEGIAN PEARL,16,KETCHIKAN
2008-07-24T23:34:10,309653000,58.30426,-135.8109033,95.7,22.8,96,9342281,C6VG7,NORWEGIAN PEARL,16,KETCHIKAN
2008-07-24T23:34:04,309653000,58.30432833,-135.81212,95.2,22.8,96,9342281,C6VG7,NORWEGIAN PEARL,16,KETCHIKAN
2008-07-24T23:33:58,309653000,58.30437833,-135.81332,94.2,22.8,95,9342281,C6VG7,NORWEGIAN PEARL,16,KETCHIKAN
2008-07-24T23:33:52,309653000,58.30442833,-135.8145033,93.9,22.8,95,9342281,C6VG7,NORWEGIAN PEARL,16,KETCHIKAN
2008-07-24T23:33:46,309653000,58.30447833,-135.81572,94.2,22.8,95,9342281,C6VG7,NORWEGIAN PEARL,16,KETCHIKAN
2008-07-24T23:33:40,309653000,58.30452833,-135.8169033,94.2,22.7,95,9342281,C6VG7,NORWEGIAN PEARL,16,KETCHIKAN
2008-07-24T23:33:34,309653000,58.30457833,-135.81812,94.2,22.8,95,9342281,C6VG7,NORWEGIAN PEARL,16,KETCHIKAN
2008-07-24T23:33:28,309653000,58.30462833,-135.8193033,94.2,22.7,95,9342281,C6VG7,NORWEGIAN PEARL,16,KETCHIKAN
2008-07-24T23:33:21,309653000,58.30467833,-135.8205033,94.4,22.7,95,9342281,C6VG7,NORWEGIAN PEARL,16,KETCHIKAN
2008-07-24T23:33:16,309653000,58.30472833,-135.8216883,94.4,22.6,95,9342281,C6VG7,NORWEGIAN PEARL,16,KETCHIKAN
2008-07-24T23:33:10,309653000,58.30477833,-135.82287,94.2,22.7,95,9342281,C6VG7,NORWEGIAN PEARL,16,KETCHIKAN
2008-07-24T23:33:04,309653000,58.30482833,-135.8240733,94.4,22.6,95,9342281,C6VG7,NORWEGIAN PEARL,16,KETCHIKAN
2008-07-24T23:32:58,309653000,58.30487833,-135.825255,95.0,22.6,95,9342281,C6VG7,NORWEGIAN PEARL,16,KETCHIKAN
2008-07-24T23:32:52,309653000,58.30494333,-135.82664,95.5,22.6,95,9342281,C6VG7,NORWEGIAN PEARL,16,KETCHIKAN
2008-07-24T23:32:46,309653000,58.30499333,-135.8276383,95.5,22.6,95,9342281,C6VG7,NORWEGIAN PEARL,16,KETCHIKAN
2008-07-24T23:32:33,309653000,58.30511,-135.830185,95.7,22.7,95,9342281,C6VG7,NORWEGIAN PEARL,16,KETCHIKAN
2008-07-24T23:32:28,309653000,58.30517667,-135.831185,96.0,22.7,95,9342281,C6VG7,NORWEGIAN PEARL,16,KETCHIKAN
2008-07-24T23:32:21,309653000,58.30524333,-135.832585,95.5,22.8,95,9342281,C6VG7,NORWEGIAN PEARL,16,KETCHIKAN
2008-07-24T23:32:10,309653000,58.30536,-135.83475,95.7,22.8,95,9342281,C6VG7,NORWEGIAN PEARL,16,KETCHIKAN
2008-07-24T23:32:04,309653000,58.30542667,-135.83595,95.5,22.8,95,9342281,C6VG7,NORWEGIAN PEARL,16,KETCHIKAN
2008-07-24T23:31:58,309653000,58.30549333,-135.83715,95.2,22.8,95,9342281,C6VG7,NORWEGIAN PEARL,16,KETCHIKAN
2008-07-24T23:31:51,309653000,58.30554333,-135.8383333,95.7,22.8,95,9342281,C6VG7,NORWEGIAN PEARL,16,KETCHIKAN
2008-07-24T23:31:46,309653000,58.30561,-135.8395333,96.0,22.8,95,9342281,C6VG7,NORWEGIAN PEARL,16,KETCHIKAN
2008-07-24T23:31:40,309653000,58.30567667,-135.8407117,95.5,22.8,95,9342281,C6VG7,NORWEGIAN PEARL,16,KETCHIKAN
2008-07-24T23:31:34,309653000,58.30574333,-135.8419117,95.5,22.8,95,9342281,C6VG7,NORWEGIAN PEARL,16,KETCHIKAN
2008-07-24T23:31:28,309653000,58.30579333,-135.8431133,95.7,22.8,95,9342281,C6VG7,NORWEGIAN PEARL,16,KETCHIKAN
2008-07-24T23:31:21,309653000,58.30586,-135.8443133,95.5,22.8,95,9342281,C6VG7,NORWEGIAN PEARL,16,KETCHIKAN
2008-07-24T23:31:19,309653000,58.30592667,-135.845495,95.5,22.8,95,9342281,C6VG7,NORWEGIAN PEARL,16,KETCHIKAN
2008-07-24T23:31:11,309653000,58.30599333,-135.8468783,95.7,22.8,95,9342281,C6VG7,NORWEGIAN PEARL,16,KETCHIKAN
2008-07-24T23:31:04,309653000,58.30605833,-135.84788,96.0,22.7,95,9342281,C6VG7,NORWEGIAN PEARL,16,KETCHIKAN
2008-07-24T23:30:58,309653000,58.306125,-135.84908,96.0,22.7,95,9342281,C6VG7,NORWEGIAN PEARL,16,KETCHIKAN
2008-07-24T23:30:51,309653000,58.30619333,-135.85046,95.5,22.7,95,9342281,C6VG7,NORWEGIAN PEARL,16,KETCHIKAN
2008-07-24T23:30:46,309653000,58.30624333,-135.85146,95.5,22.7,95,9342281,C6VG7,NORWEGIAN PEARL,16,KETCHIKAN
2008-07-24T23:30:40,309653000,58.30630833,-135.8526417,95.5,22.7,95,9342281,C6VG7,NORWEGIAN PEARL,16,KETCHIKAN
2008-07-24T23:30:34,309653000,58.306375,-135.85384,95.7,22.7,95,9342281,C6VG7,NORWEGIAN PEARL,16,KETCHIKAN
2008-07-24T23:30:28,309653000,58.30644333,-135.8550067,95.5,22.7,95,9342281,C6VG7,NORWEGIAN PEARL,16,KETCHIKAN
2008-07-24T23:30:21,309653000,58.30651,-135.8564067,95.2,22.6,95,9342281,C6VG7,NORWEGIAN PEARL,16,KETCHIKAN
2008-07-24T23:30:16,309653000,58.30656,-135.85739,95.2,22.6,95,9342281,C6VG7,NORWEGIAN PEARL,16,KETCHIKAN
2008-07-24T23:30:10,309653000,58.30662667,-135.858555,95.2,22.6,95,9342281,C6VG7,NORWEGIAN PEARL,16,KETCHIKAN
2008-07-24T23:30:04,309653000,58.30667667,-135.859555,95.5,22.6,95,9342281,C6VG7,NORWEGIAN PEARL,16,KETCHIKAN
2008-07-24T23:29:58,309653000,58.30674333,-135.8607567,95.5,22.5,95,9342281,C6VG7,NORWEGIAN PEARL,16,KETCHIKAN
2008-07-24T23:29:51,309653000,58.30681,-135.8621233,95.2,22.5,95,9342281,C6VG7,NORWEGIAN PEARL,16,KETCHIKAN
2008-07-24T23:29:46,309653000,58.30686,-135.8631233,95.2,22.5,95,9342281,C6VG7,NORWEGIAN PEARL,16,KETCHIKAN
2008-07-24T23:29:40,309653000,58.30692667,-135.86449,95.2,22.5,95,9342281,C6VG7,NORWEGIAN PEARL,16,KETCHIKAN
2008-07-24T23:29:34,309653000,58.30699333,-135.8658567,95.5,22.5,95,9342281,C6VG7,NORWEGIAN PEARL,16,KETCHIKAN
2008-07-24T23:29:28,309653000,58.30706,-135.86684,95.5,22.4,95,9342281,C6VG7,NORWEGIAN PEARL,16,KETCHIKAN
2008-07-24T23:29:26,309653000,58.30712667,-135.8682067,0.0,0.0,0,9342281,C6VG7,NORWEGIAN PEARL,16,KETCHIKAN
2008-07-24T23:29:21,309653000,58.30712667,-135.8682067,95.2,22.4,95,9342281,C6VG7,NORWEGIAN PEARL,16,KETCHIKAN
2008-07-24T23:29:16,309653000,58.30717667,-135.86919,95.5,22.4,95,9342281,C6VG7,NORWEGIAN PEARL,16,KETCHIKAN
2008-07-24T23:29:04,309653000,58.30729333,-135.87154,95.5,22.3,95,9342281,C6VG7,NORWEGIAN PEARL,16,KETCHIKAN
2008-07-24T23:28:59,309653000,58.30734333,-135.8727083,95.5,22.2,95,9342281,C6VG7,NORWEGIAN PEARL,16,KETCHIKAN
2008-07-24T23:28:51,309653000,58.30741,-135.873875,95.5,22.2,95,9342281,C6VG7,NORWEGIAN PEARL,16,KETCHIKAN
2008-07-24T23:28:39,309653000,58.30754333,-135.8763917,95.5,22.2,95,9342281,C6VG7,NORWEGIAN PEARL,16,KETCHIKAN
2008-07-24T23:28:34,309653000,58.30759333,-135.8773583,95.5,22.1,95,9342281,C6VG7,NORWEGIAN PEARL,16,KETCHIKAN
2008-07-24T23:28:16,309653000,58.30776,-135.8808417,95.0,22.1,95,9342281,C6VG7,NORWEGIAN PEARL,16,KETCHIKAN
2008-07-24T23:28:10,309653000,58.30781,-135.8819917,95.0,22.1,95,9342281,C6VG7,NORWEGIAN PEARL,16,KETCHIKAN
2008-07-24T23:28:04,309653000,58.30786,-135.8829583,94.4,22.1,95,9342281,C6VG7,NORWEGIAN PEARL,16,KETCHIKAN
2008-07-24T23:27:59,309653000,58.30791,-135.884125,94.4,22.1,95,9342281,C6VG7,NORWEGIAN PEARL,16,KETCHIKAN
2008-07-24T23:27:51,309653000,58.30797667,-135.885675,94.4,22.1,95,9342281,C6VG7,NORWEGIAN PEARL,16,KETCHIKAN
2008-07-24T23:27:39,309653000,58.30807667,-135.88799,94.4,22.0,95,9342281,C6VG7,NORWEGIAN PEARL,16,KETCHIKAN
2008-07-24T23:27:28,309653000,58.30817667,-135.8901067,94.4,22.0,95,9342281,C6VG7,NORWEGIAN PEARL,16,KETCHIKAN
2008-07-24T23:27:21,309653000,58.30824333,-135.8914583,95.0,21.9,95,9342281,C6VG7,NORWEGIAN PEARL,16,KETCHIKAN
2008-07-24T23:27:16,309653000,58.30827667,-135.8924083,95.0,21.9,95,9342281,C6VG7,NORWEGIAN PEARL,16,KETCHIKAN
2008-07-24T23:27:10,309653000,58.30832667,-135.8935583,95.0,21.9,95,9342281,C6VG7,NORWEGIAN PEARL,16,KETCHIKAN
2008-07-24T23:27:04,309653000,58.30839333,-135.8947233,95.0,21.9,95,9342281,C6VG7,NORWEGIAN PEARL,16,KETCHIKAN
2008-07-24T23:26:59,309653000,58.308425,-135.89569,96.2,21.8,96,9342281,C6VG7,NORWEGIAN PEARL,16,KETCHIKAN
2008-07-24T23:26:52,309653000,58.30849167,-135.89701,96.5,21.7,96,9342281,C6VG7,NORWEGIAN PEARL,16,KETCHIKAN
2008-07-24T23:26:46,309653000,58.30855833,-135.8981583,97.5,21.6,97,9342281,C6VG7,NORWEGIAN PEARL,16,KETCHIKAN
2008-07-24T23:26:41,309653000,58.30862333,-135.8992733,97.5,21.6,97,9342281,C6VG7,NORWEGIAN PEARL,16,KETCHIKAN
2008-07-24T23:26:34,309653000,58.308705,-135.90042,98.7,21.5,98,9342281,C6VG7,NORWEGIAN PEARL,16,KETCHIKAN
2008-07-24T23:26:28,309653000,58.30877,-135.9013383,99.7,21.5,99,9342281,C6VG7,NORWEGIAN PEARL,16,KETCHIKAN
2008-07-24T23:26:21,309653000,58.30888667,-135.902655,100.8,21.4,100,9342281,C6VG7,NORWEGIAN PEARL,16,KETCHIKAN
2008-07-24T23:26:16,309653000,58.30896833,-135.9035717,101.8,21.3,101,9342281,C6VG7,NORWEGIAN PEARL,16,KETCHIKAN
2008-07-24T23:26:10,309653000,58.3091,-135.9048567,102.8,21.2,102,9342281,C6VG7,NORWEGIAN PEARL,16,KETCHIKAN
2008-07-24T23:25:58,309653000,58.30936333,-135.90704,104.5,21.1,104,9342281,C6VG7,NORWEGIAN PEARL,16,KETCHIKAN
2008-07-24T23:25:52,309653000,58.30951333,-135.9081067,105.5,21.0,105,9342281,C6VG7,NORWEGIAN PEARL,16,KETCHIKAN
2008-07-24T23:25:41,309653000,58.30984333,-135.9104267,107.8,20.8,107,9342281,C6VG7,NORWEGIAN PEARL,16,KETCHIKAN
2008-07-24T23:25:34,309653000,58.30999167,-135.911295,108.8,20.7,108,9342281,C6VG7,NORWEGIAN PEARL,16,KETCHIKAN
2008-07-24T23:25:28,309653000,58.310175,-135.9123283,109.2,20.7,109,9342281,C6VG7,NORWEGIAN PEARL,16,KETCHIKAN
2008-07-24T23:25:21,309653000,58.31035667,-135.9133633,110.5,20.6,110,9342281,C6VG7,NORWEGIAN PEARL,16,KETCHIKAN
2008-07-24T23:25:10,309653000,58.31073667,-135.9152317,112.5,20.4,112,9342281,C6VG7,NORWEGIAN PEARL,16,KETCHIKAN
2008-07-24T23:25:04,309653000,58.31093667,-135.9162167,113.2,20.3,113,9342281,C6VG7,NORWEGIAN PEARL,16,KETCHIKAN
2008-07-24T23:24:58,309653000,58.31120167,-135.917385,115.2,20.2,115,9342281,C6VG7,NORWEGIAN PEARL,16,KETCHIKAN
2008-07-24T23:24:52,309653000,58.31143333,-135.9183533,116.2,20.1,116,9342281,C6VG7,NORWEGIAN PEARL,16,KETCHIKAN
2008-07-24T23:24:46,309653000,58.31166667,-135.9193383,117.2,20.0,117,9342281,C6VG7,NORWEGIAN PEARL,16,KETCHIKAN
2008-07-24T23:24:40,309653000,58.31189833,-135.9202733,118.2,19.9,118,9342281,C6VG7,NORWEGIAN PEARL,16,KETCHIKAN
2008-07-24T23:24:34,309653000,58.31219667,-135.9213733,119.2,19.9,119,9342281,C6VG7,NORWEGIAN PEARL,16,KETCHIKAN
2008-07-24T23:24:29,309653000,58.31241167,-135.9221417,120.2,19.8,120,9342281,C6VG7,NORWEGIAN PEARL,16,KETCHIKAN
2008-07-24T23:24:21,309653000,58.31272667,-135.92321,121.5,19.7,121,9342281,C6VG7,NORWEGIAN PEARL,16,KETCHIKAN
2008-07-24T23:24:16,309653000,58.31296,-135.923945,122.2,19.7,122,9342281,C6VG7,NORWEGIAN PEARL,16,KETCHIKAN
2008-07-24T23:24:10,309653000,58.31324167,-135.92483,123.5,19.6,123,9342281,C6VG7,NORWEGIAN PEARL,16,KETCHIKAN
2008-07-24T23:24:03,309653000,58.313575,-135.9258483,124.5,19.5,124,9342281,C6VG7,NORWEGIAN PEARL,16,KETCHIKAN
2008-07-24T23:23:58,309653000,58.31382333,-135.9265683,125.5,19.4,125,9342281,C6VG7,NORWEGIAN PEARL,16,KETCHIKAN
2008-07-24T23:23:52,309653000,58.31413833,-135.9274017,126.2,19.4,126,9342281,C6VG7,NORWEGIAN PEARL,16,KETCHIKAN
2008-07-24T23:23:47,309653000,58.314455,-135.9282367,127.2,19.3,127,9342281,C6VG7,NORWEGIAN PEARL,16,KETCHIKAN
2008-07-24T23:23:40,309653000,58.31477,-135.9290383,128.5,19.2,128,9342281,C6VG7,NORWEGIAN PEARL,16,KETCHIKAN
2008-07-24T23:23:29,309653000,58.315435,-135.93061,131.6,19.0,130,9342281,C6VG7,NORWEGIAN PEARL,16,KETCHIKAN
2008-07-24T23:23:29,309653000,58.315785,-135.931395,0.0,0.0,0,9342281,C6VG7,NORWEGIAN PEARL,16,KETCHIKAN
2008-07-24T23:23:21,309653000,58.315785,-135.931395,132.3,18.9,131,9342281,C6VG7,NORWEGIAN PEARL,16,KETCHIKAN
2008-07-24T23:23:16,309653000,58.31613333,-135.93213,133.6,18.9,132,9342281,C6VG7,NORWEGIAN PEARL,16,KETCHIKAN
2008-07-24T23:23:10,309653000,58.31643333,-135.93275,133.6,18.8,133,9342281,C6VG7,NORWEGIAN PEARL,16,KETCHIKAN
2008-07-24T23:23:03,309653000,58.31684833,-135.9336017,135.6,18.7,135,9342281,C6VG7,NORWEGIAN PEARL,16,KETCHIKAN
2008-07-24T23:22:52,309653000,58.31764667,-135.9351067,137.3,18.5,137,9342281,C6VG7,NORWEGIAN PEARL,16,KETCHIKAN
2008-07-24T23:22:47,309653000,58.31794667,-135.9356583,138.3,18.5,138,9342281,C6VG7,NORWEGIAN PEARL,16,KETCHIKAN
2008-07-24T23:22:34,309653000,58.31877833,-135.9370633,140.9,18.3,140,9342281,C6VG7,NORWEGIAN PEARL,16,KETCHIKAN
2008-07-24T23:22:29,309653000,58.31909333,-135.9375817,141.6,18.3,141,9342281,C6VG7,NORWEGIAN PEARL,16,KETCHIKAN
2008-07-24T23:22:22,309653000,58.31956,-135.938285,142.6,18.2,142,9342281,C6VG7,NORWEGIAN PEARL,16,KETCHIKAN
2008-07-24T23:22:10,309653000,58.32029167,-135.9393383,144.9,18.0,144,9342281,C6VG7,NORWEGIAN PEARL,16,KETCHIKAN
2008-07-24T23:22:03,309653000,58.320775,-135.93999,145.6,18.0,145,9342281,C6VG7,NORWEGIAN PEARL,16,KETCHIKAN
2008-07-24T23:21:58,309653000,58.321125,-135.9404433,146.6,17.9,146,9342281,C6VG7,NORWEGIAN PEARL,16,KETCHIKAN
2008-07-24T23:21:51,309653000,58.32152333,-135.9409617,147.9,17.9,147,9342281,C6VG7,NORWEGIAN PEARL,16,KETCHIKAN
2008-07-24T23:21:46,309653000,58.32188833,-135.9413967,149.2,17.9,148,9342281,C6VG7,NORWEGIAN PEARL,16,KETCHIKAN
2008-07-24T23:21:40,309653000,58.32237167,-135.941965,149.9,17.8,149,9342281,C6VG7,NORWEGIAN PEARL,16,KETCHIKAN
2008-07-24T23:21:34,309653000,58.32278667,-135.94245,151.9,17.8,150,9342281,C6VG7,NORWEGIAN PEARL,16,KETCHIKAN
2008-07-24T23:21:28,309653000,58.32315333,-135.9428367,153.2,17.8,151,9342281,C6VG7,NORWEGIAN PEARL,16,KETCHIKAN
2008-07-24T23:21:17,309653000,58.32406833,-135.9437917,155.2,17.7,154,9342281,C6VG7,NORWEGIAN PEARL,16,KETCHIKAN
2008-07-24T23:21:11,309653000,58.32451667,-135.9441933,156.3,17.6,155,9342281,C6VG7,NORWEGIAN PEARL,16,KETCHIKAN
2008-07-24T23:21:03,309653000,58.32503333,-135.9446633,157.6,17.6,156,9342281,C6VG7,NORWEGIAN PEARL,16,KETCHIKAN
2008-07-24T23:20:59,309653000,58.3254,-135.944965,158.6,17.6,157,9342281,C6VG7,NORWEGIAN PEARL,16,KETCHIKAN
2008-07-24T23:20:53,309653000,58.32593333,-135.945385,159.6,17.5,158,9342281,C6VG7,NORWEGIAN PEARL,16,KETCHIKAN
2008-07-24T23:20:46,309653000,58.326315,-135.9456533,160.3,17.5,159,9342281,C6VG7,NORWEGIAN PEARL,16,KETCHIKAN
2008-07-24T23:20:40,309653000,58.326765,-135.9459733,161.6,17.5,160,9342281,C6VG7,NORWEGIAN PEARL,16,KETCHIKAN
2008-07-24T23:20:36,309653000,58.32723167,-135.946275,162.6,17.5,161,9342281,C6VG7,NORWEGIAN PEARL,16,KETCHIKAN
2008-07-24T23:20:29,309653000,58.32768,-135.94656,163.3,17.4,162,9342281,C6VG7,NORWEGIAN PEARL,16,KETCHIKAN
2008-07-24T23:20:21,309653000,58.32814667,-135.9468283,164.3,17.4,163,9342281,C6VG7,NORWEGIAN PEARL,16,KETCHIKAN
2008-07-24T23:20:16,309653000,58.32861333,-135.9470817,165.3,17.4,164,9342281,C6VG7,NORWEGIAN PEARL,16,KETCHIKAN
2008-07-24T23:20:10,309653000,58.32901333,-135.9472833,166.3,17.3,165,9342281,C6VG7,NORWEGIAN PEARL,16,KETCHIKAN
2008-07-24T23:20:03,309653000,58.329545,-135.9475517,166.9,17.3,166,9342281,C6VG7,NORWEGIAN PEARL,16,KETCHIKAN
2008-07-24T23:19:59,309653000,58.33002833,-135.947755,168.9,17.3,167,9342281,C6VG7,NORWEGIAN PEARL,16,KETCHIKAN
2008-07-24T23:19:52,309653000,58.330495,-135.9479567,169.9,17.3,168,9342281,C6VG7,NORWEGIAN PEARL,16,KETCHIKAN
2008-07-24T23:19:46,309653000,58.33087833,-135.9481083,169.6,17.3,169,9342281,C6VG7,NORWEGIAN PEARL,16,KETCHIKAN
2008-07-24T23:19:40,309653000,58.33142833,-135.94831,171.3,17.2,171,9342281,C6VG7,NORWEGIAN PEARL,16,KETCHIKAN
2008-07-24T23:19:34,309653000,58.33197833,-135.948495,171.0,17.2,171,9342281,C6VG7,NORWEGIAN PEARL,16,KETCHIKAN
2008-07-24T23:19:29,309653000,58.33236167,-135.9486133,172.0,17.2,172,9342281,C6VG7,NORWEGIAN PEARL,16,KETCHIKAN
2008-07-24T23:19:15,309653000,58.33337667,-135.9488983,172.3,17.1,173,9342281,C6VG7,NORWEGIAN PEARL,16,KETCHIKAN
2008-07-24T23:19:10,309653000,58.33384333,-135.9490317,173.3,17.0,173,9342281,C6VG7,NORWEGIAN PEARL,16,KETCHIKAN
2008-07-24T23:19:03,309653000,58.33431167,-135.94915,172.9,16.9,174,9342281,C6VG7,NORWEGIAN PEARL,16,KETCHIKAN
2008-07-24T23:18:57,309653000,58.33476167,-135.9492667,173.9,16.9,174,9342281,C6VG7,NORWEGIAN PEARL,16,KETCHIKAN
2008-07-24T23:18:52,309653000,58.33522833,-135.949385,173.6,16.9,175,9342281,C6VG7,NORWEGIAN PEARL,16,KETCHIKAN
2008-07-24T23:18:46,309653000,58.33562833,-135.9494683,174.6,16.8,175,9342281,C6VG7,NORWEGIAN PEARL,16,KETCHIKAN
2008-07-24T23:18:41,309653000,58.33607833,-135.94957,174.6,16.7,176,9342281,C6VG7,NORWEGIAN PEARL,16,KETCHIKAN
2008-07-24T23:18:36,309653000,58.33646167,-135.9496383,174.6,16.6,176,9342281,C6VG7,NORWEGIAN PEARL,16,KETCHIKAN
2008-07-24T23:18:28,309653000,58.33692833,-135.9497217,175.2,16.6,177,9342281,C6VG7,NORWEGIAN PEARL,16,KETCHIKAN
2008-07-24T23:18:21,309653000,58.33746333,-135.949805,175.5,16.6,178,9342281,C6VG7,NORWEGIAN PEARL,16,KETCHIKAN
2008-07-24T23:18:15,309653000,58.33792833,-135.94989,175.9,16.5,178,9342281,C6VG7,NORWEGIAN PEARL,16,KETCHIKAN
2008-07-24T23:18:04,309653000,58.33882833,-135.9500067,175.8,16.3,179,9342281,C6VG7,NORWEGIAN PEARL,16,KETCHIKAN
2008-07-24T23:17:51,309653000,58.33981333,-135.9501417,176.8,16.2,180,9342281,C6VG7,NORWEGIAN PEARL,16,KETCHIKAN
2008-07-24T23:17:46,309653000,58.34018,-135.950175,176.4,16.1,180,9342281,C6VG7,NORWEGIAN PEARL,16,KETCHIKAN
2008-07-24T23:17:41,309653000,58.34071333,-135.95024,175.7,16.0,180,9342281,C6VG7,NORWEGIAN PEARL,16,KETCHIKAN
2008-07-24T23:17:34,309653000,58.34108167,-135.95029,175.3,16.0,180,9342281,C6VG7,NORWEGIAN PEARL,16,KETCHIKAN
2008-07-24T23:17:28,309653000,58.34151333,-135.95034,175.6,15.9,180,9342281,C6VG7,NORWEGIAN PEARL,16,KETCHIKAN
2008-07-24T23:17:24,309653000,58.34196333,-135.9504067,0.0,0.0,0,9342281,C6VG7,NORWEGIAN PEARL,16,KETCHIKAN
2008-07-24T23:17:23,309653000,58.34196333,-135.9504067,175.2,15.8,180,9342281,C6VG7,NORWEGIAN PEARL,16,KETCHIKAN
2008-07-24T23:17:18,309653000,58.34246333,-135.95047,174.1,15.7,180,9342281,C6VG7,NORWEGIAN PEARL,16,KETCHIKAN
2008-07-24T23:17:10,309653000,58.34283167,-135.9505367,174.1,15.6,180,9342281,C6VG7,NORWEGIAN PEARL,16,KETCHIKAN
2008-07-24T23:17:05,309653000,58.343265,-135.95062,174.0,15.5,180,9342281,C6VG7,NORWEGIAN PEARL,16,KETCHIKAN
2008-07-24T23:17:00,309653000,58.343765,-135.9507017,173.6,15.4,180,9342281,C6VG7,NORWEGIAN PEARL,16,KETCHIKAN
2008-07-24T23:16:51,309653000,58.344115,-135.95077,173.6,15.4,180,9342281,C6VG7,NORWEGIAN PEARL,16,KETCHIKAN
2008-07-24T23:16:46,309653000,58.34448167,-135.9508517,173.6,15.3,180,9342281,C6VG7,NORWEGIAN PEARL,16,KETCHIKAN
2008-07-24T23:16:40,309653000,58.344965,-135.9509517,173.2,15.3,180,9342281,C6VG7,NORWEGIAN PEARL,16,KETCHIKAN
2008-07-24T23:16:35,309653000,58.345315,-135.951015,171.8,15.2,179,9342281,C6VG7,NORWEGIAN PEARL,16,KETCHIKAN
2008-07-24T23:16:15,309653000,58.3467,-135.951395,170.4,15.1,178,9342281,C6VG7,NORWEGIAN PEARL,16,KETCHIKAN
2008-07-24T23:16:10,309653000,58.347115,-135.95151,169.7,15.0,177,9342281,C6VG7,NORWEGIAN PEARL,16,KETCHIKAN
2008-07-24T23:16:05,309653000,58.34744833,-135.9516283,170.1,15.0,177,9342281,C6VG7,NORWEGIAN PEARL,16,KETCHIKAN
2008-07-24T23:15:58,309653000,58.34793333,-135.9518,170.4,14.9,177,9342281,C6VG7,NORWEGIAN PEARL,16,KETCHIKAN
2008-07-24T23:15:53,309653000,58.348265,-135.9519,168.6,14.9,176,9342281,C6VG7,NORWEGIAN PEARL,16,KETCHIKAN
2008-07-24T23:15:46,309653000,58.34868167,-135.95205,169.0,14.8,176,9342281,C6VG7,NORWEGIAN PEARL,16,KETCHIKAN
2008-07-24T23:15:35,309653000,58.34948167,-135.95235,169.1,14.8,175,9342281,C6VG7,NORWEGIAN PEARL,16,KETCHIKAN
2008-07-24T23:15:28,309653000,58.34988167,-135.9524833,169.1,14.8,175,9342281,C6VG7,NORWEGIAN PEARL,16,KETCHIKAN
2008-07-24T23:15:22,309653000,58.35029833,-135.95265,169.5,14.7,175,9342281,C6VG7,NORWEGIAN PEARL,16,KETCHIKAN
2008-07-24T23:15:16,309653000,58.35069833,-135.9527833,170.2,14.5,175,9342281,C6VG7,NORWEGIAN PEARL,16,KETCHIKAN
2008-07-24T23:15:11,309653000,58.35109833,-135.9529167,169.8,14.6,175,9342281,C6VG7,NORWEGIAN PEARL,16,KETCHIKAN
2008-07-24T23:14:57,309653000,58.35189833,-135.9531833,171.4,14.6,175,9342281,C6VG7,NORWEGIAN PEARL,16,KETCHIKAN
2008-07-24T23:14:53,309653000,58.35223167,-135.9532833,171.4,14.6,175,9342281,C6VG7,NORWEGIAN PEARL,16,KETCHIKAN
2008-07-24T23:14:46,309653000,58.35269833,-135.9534167,171.0,14.6,175,9342281,C6VG7,NORWEGIAN PEARL,16,KETCHIKAN
2008-07-24T23:14:40,309653000,58.35316333,-135.95355,171.8,14.5,175,9342281,C6VG7,NORWEGIAN PEARL,16,KETCHIKAN
2008-07-24T23:14:34,309653000,58.35349667,-135.95365,172.2,14.5,175,9342281,C6VG7,NORWEGIAN PEARL,16,KETCHIKAN
2008-07-24T23:14:28,309653000,58.35389667,-135.95375,172.2,14.6,175,9342281,C6VG7,NORWEGIAN PEARL,16,KETCHIKAN
2008-07-24T23:14:22,309653000,58.35436333,-135.9538667,172.6,14.6,175,9342281,C6VG7,NORWEGIAN PEARL,16,KETCHIKAN
2008-07-24T23:14:16,309653000,58.35476333,-135.9539667,173.0,14.5,175,9342281,C6VG7,NORWEGIAN PEARL,16,KETCHIKAN
2008-07-24T23:14:05,309653000,58.35549667,-135.95415,173.4,14.6,175,9342281,C6VG7,NORWEGIAN PEARL,16,KETCHIKAN
2008-07-24T23:13:57,309653000,58.35596333,-135.95425,174.2,14.6,175,9342281,C6VG7,NORWEGIAN PEARL,16,KETCHIKAN
2008-07-24T23:13:52,309653000,58.35629667,-135.9543333,174.6,14.6,175,9342281,C6VG7,NORWEGIAN PEARL,16,KETCHIKAN
2008-07-24T23:13:47,309653000,58.35669667,-135.9544,174.6,14.6,175,9342281,C6VG7,NORWEGIAN PEARL,16,KETCHIKAN
2008-07-24T23:13:40,309653000,58.35709667,-135.9544833,174.6,14.7,175,9342281,C6VG7,NORWEGIAN PEARL,16,KETCHIKAN
2008-07-24T23:13:29,309653000,58.35783,-135.9546167,175.7,14.6,175,9342281,C6VG7,NORWEGIAN PEARL,16,KETCHIKAN
2008-07-24T23:13:22,309653000,58.35831333,-135.9546833,175.7,14.6,175,9342281,C6VG7,NORWEGIAN PEARL,16,KETCHIKAN
2008-07-24T23:13:15,309653000,58.35871333,-135.95475,176.1,14.6,175,9342281,C6VG7,NORWEGIAN PEARL,16,KETCHIKAN
2008-07-24T23:13:11,309653000,58.35912833,-135.9548,176.1,14.6,175,9342281,C6VG7,NORWEGIAN PEARL,16,KETCHIKAN
2008-07-24T23:12:58,309653000,58.35992833,-135.9549,176.1,14.5,175,9342281,C6VG7,NORWEGIAN PEARL,16,KETCHIKAN
2008-07-24T23:12:46,309653000,58.36081167,-135.9550167,175.7,14.5,175,9342281,C6VG7,NORWEGIAN PEARL,16,KETCHIKAN
2008-07-24T23:12:40,309653000,58.36112833,-135.95505,175.7,14.4,175,9342281,C6VG7,NORWEGIAN PEARL,16,KETCHIKAN
2008-07-24T23:12:30,309653000,58.36192833,-135.95515,176.1,14.4,175,9342281,C6VG7,NORWEGIAN PEARL,16,KETCHIKAN
2008-07-24T23:12:26,309653000,58.362345,-135.9552,176.1,14.4,175,9342281,C6VG7,NORWEGIAN PEARL,16,KETCHIKAN
2008-07-24T23:12:20,309653000,58.36246167,-135.9552167,175.8,14.3,175,9342281,C6VG7,NORWEGIAN PEARL,16,KETCHIKAN
2008-07-24T23:12:15,309653000,58.362795,-135.9552667,175.8,14.3,175,9342281,C6VG7,NORWEGIAN PEARL,16,KETCHIKAN
2008-07-24T23:12:10,309653000,58.36312833,-135.9553167,175.8,14.3,175,9342281,C6VG7,NORWEGIAN PEARL,16,KETCHIKAN
2008-07-24T23:12:04,309653000,58.36352833,-135.9553667,176.2,14.2,175,9342281,C6VG7,NORWEGIAN PEARL,16,KETCHIKAN
2008-07-24T23:12:01,309653000,58.36372833,-135.9553833,176.2,14.2,175,9342281,C6VG7,NORWEGIAN PEARL,16,KETCHIKAN
2008-07-24T23:11:30,309653000,58.365745,-135.9556667,175.4,13.9,175,9342281,C6VG7,NORWEGIAN PEARL,16,KETCHIKAN
2008-07-24T23:11:28,309653000,58.36646,-135.9557483,0.0,0.0,0,9342281,C6VG7,NORWEGIAN PEARL,16,KETCHIKAN
2008-07-24T23:11:19,309653000,58.36646,-135.9557483,175.4,13.8,175,9342281,C6VG7,NORWEGIAN PEARL,16,KETCHIKAN
2008-07-24T23:11:10,309653000,58.36709333,-135.9558483,175.4,13.7,175,9342281,C6VG7,NORWEGIAN PEARL,16,KETCHIKAN
2008-07-24T23:11:00,309653000,58.367725,-135.9559317,175.8,13.6,175,9342281,C6VG7,NORWEGIAN PEARL,16,KETCHIKAN
2008-07-24T23:10:53,309653000,58.36822667,-135.9559983,175.8,13.5,175,9342281,C6VG7,NORWEGIAN PEARL,16,KETCHIKAN
2008-07-24T23:10:41,309653000,58.36892667,-135.9560983,176.2,13.4,175,9342281,C6VG7,NORWEGIAN PEARL,16,KETCHIKAN
2008-07-24T23:10:37,309653000,58.36954167,-135.9561667,177.1,13.4,175,9342281,C6VG7,NORWEGIAN PEARL,16,KETCHIKAN
2008-07-24T23:10:20,309653000,58.37015833,-135.9562333,178.0,13.3,175,9342281,C6VG7,NORWEGIAN PEARL,16,KETCHIKAN
2008-07-24T23:10:10,309653000,58.370775,-135.9562667,178.4,13.3,175,9342281,C6VG7,NORWEGIAN PEARL,16,KETCHIKAN
2008-07-24T23:10:00,309653000,58.37139167,-135.9563,178.8,13.3,175,9342281,C6VG7,NORWEGIAN PEARL,16,KETCHIKAN
2008-07-24T23:09:51,309653000,58.37194167,-135.9563333,178.9,13.2,175,9342281,C6VG7,NORWEGIAN PEARL,16,KETCHIKAN
2008-07-24T23:09:31,309653000,58.373275,-135.9563667,178.9,13.2,175,9342281,C6VG7,NORWEGIAN PEARL,16,KETCHIKAN
2008-07-24T23:08:59,309653000,58.375105,-135.95645,178.0,13.1,175,9342281,C6VG7,NORWEGIAN PEARL,16,KETCHIKAN
2008-07-24T23:08:41,309653000,58.37627167,-135.956515,177.6,13.1,175,9342281,C6VG7,NORWEGIAN PEARL,16,KETCHIKAN
2008-07-24T23:08:31,309653000,58.37687333,-135.9565483,177.2,13.0,175,9342281,C6VG7,NORWEGIAN PEARL,16,KETCHIKAN
2008-07-24T23:08:19,309653000,58.37747333,-135.9566,177.2,13.0,175,9342281,C6VG7,NORWEGIAN PEARL,16,KETCHIKAN
2008-07-24T23:08:10,309653000,58.37807167,-135.95665,177.1,13.1,175,9342281,C6VG7,NORWEGIAN PEARL,16,KETCHIKAN
2008-07-24T23:07:51,309653000,58.37929,-135.956765,176.7,13.1,175,9342281,C6VG7,NORWEGIAN PEARL,16,KETCHIKAN
2008-07-24T23:07:40,309653000,58.37994,-135.9568317,176.7,13.0,175,9342281,C6VG7,NORWEGIAN PEARL,16,KETCHIKAN
2008-07-24T23:07:30,309653000,58.38053833,-135.9568833,176.7,13.0,175,9342281,C6VG7,NORWEGIAN PEARL,16,KETCHIKAN
2008-07-24T23:07:21,309653000,58.38103833,-135.9569333,175.8,13.0,175,9342281,C6VG7,NORWEGIAN PEARL,16,KETCHIKAN
2008-07-24T23:07:10,309653000,58.38168833,-135.957015,176.7,13.1,175,9342281,C6VG7,NORWEGIAN PEARL,16,KETCHIKAN
2008-07-24T23:06:51,309653000,58.38283833,-135.95715,176.3,13.0,175,9342281,C6VG7,NORWEGIAN PEARL,16,KETCHIKAN
2008-07-24T23:06:40,309653000,58.383505,-135.957215,176.7,13.0,175,9342281,C6VG7,NORWEGIAN PEARL,16,KETCHIKAN
2008-07-24T23:06:30,309653000,58.38403667,-135.9572817,176.3,13.1,175,9342281,C6VG7,NORWEGIAN PEARL,16,KETCHIKAN
2008-07-24T23:06:21,309653000,58.38463667,-135.9573483,176.3,13.1,175,9342281,C6VG7,NORWEGIAN PEARL,16,KETCHIKAN
2008-07-24T23:06:10,309653000,58.38530333,-135.9574333,176.3,13.1,175,9342281,C6VG7,NORWEGIAN PEARL,16,KETCHIKAN
2008-07-24T23:05:59,309653000,58.38595333,-135.957515,176.3,13.1,175,9342281,C6VG7,NORWEGIAN PEARL,16,KETCHIKAN
2008-07-24T23:05:51,309653000,58.38650333,-135.9575817,176.3,13.1,175,9342281,C6VG7,NORWEGIAN PEARL,16,KETCHIKAN
2008-07-24T23:05:41,309653000,58.38710167,-135.9576483,176.3,13.1,175,9342281,C6VG7,NORWEGIAN PEARL,16,KETCHIKAN
2008-07-24T23:05:30,309653000,58.38770167,-135.9577317,176.3,13.0,175,9342281,C6VG7,NORWEGIAN PEARL,16,KETCHIKAN
2008-07-24T23:05:27,309653000,58.388235,-135.9577817,0.0,0.0,0,9342281,C6VG7,NORWEGIAN PEARL,16,KETCHIKAN
2008-07-24T23:05:21,309653000,58.388235,-135.9577817,176.3,13.0,175,9342281,C6VG7,NORWEGIAN PEARL,16,KETCHIKAN
2008-07-24T23:05:10,309653000,58.38890167,-135.957865,176.3,12.9,175,9342281,C6VG7,NORWEGIAN PEARL,16,KETCHIKAN
2008-07-24T23:05:00,309653000,58.38950167,-135.9579317,176.7,13.0,175,9342281,C6VG7,NORWEGIAN PEARL,16,KETCHIKAN
2008-07-24T23:04:51,309653000,58.390035,-135.9579817,175.8,12.9,175,9342281,C6VG7,NORWEGIAN PEARL,16,KETCHIKAN
2008-07-24T23:04:40,309653000,58.39068333,-135.958065,176.3,12.9,175,9342281,C6VG7,NORWEGIAN PEARL,16,KETCHIKAN
2008-07-24T23:04:32,309653000,58.39128333,-135.9581483,176.3,12.8,175,9342281,C6VG7,NORWEGIAN PEARL,16,KETCHIKAN
2008-07-24T23:04:21,309653000,58.39188167,-135.958215,176.3,12.8,175,9342281,C6VG7,NORWEGIAN PEARL,16,KETCHIKAN
2008-07-24T23:04:10,309653000,58.392465,-135.95828,175.7,12.8,174,9342281,C6VG7,NORWEGIAN PEARL,16,KETCHIKAN
2008-07-24T23:03:52,309653000,58.39358167,-135.9584467,175.8,12.6,174,9342281,C6VG7,NORWEGIAN PEARL,16,KETCHIKAN
2008-07-24T23:03:41,309653000,58.394215,-135.9585467,174.3,12.6,173,9342281,C6VG7,NORWEGIAN PEARL,16,KETCHIKAN
2008-07-24T23:03:31,309653000,58.39473167,-135.95863,174.8,12.5,173,9342281,C6VG7,NORWEGIAN PEARL,16,KETCHIKAN
2008-07-24T23:03:21,309653000,58.395315,-135.95873,174.3,12.4,173,9342281,C6VG7,NORWEGIAN PEARL,16,KETCHIKAN
2008-07-24T23:03:10,309653000,58.39594833,-135.9588467,174.3,12.3,173,9342281,C6VG7,NORWEGIAN PEARL,16,KETCHIKAN
2008-07-24T23:02:59,309653000,58.39663167,-135.9589633,174.8,12.3,173,9342281,C6VG7,NORWEGIAN PEARL,16,KETCHIKAN
2008-07-24T23:02:51,309653000,58.39708167,-135.95903,174.4,12.2,173,9342281,C6VG7,NORWEGIAN PEARL,16,KETCHIKAN
2008-07-24T23:02:39,309653000,58.39769833,-135.9591467,174.8,12.2,173,9342281,C6VG7,NORWEGIAN PEARL,16,KETCHIKAN
2008-07-24T23:02:31,309653000,58.398215,-135.95923,174.4,12.2,173,9342281,C6VG7,NORWEGIAN PEARL,16,KETCHIKAN
2008-07-24T23:02:22,309653000,58.398715,-135.9593133,174.4,12.2,173,9342281,C6VG7,NORWEGIAN PEARL,16,KETCHIKAN
2008-07-24T23:02:11,309653000,58.39933167,-135.95943,174.8,12.2,173,9342281,C6VG7,NORWEGIAN PEARL,16,KETCHIKAN
2008-07-24T23:01:59,309653000,58.39994833,-135.95953,174.4,12.2,173,9342281,C6VG7,NORWEGIAN PEARL,16,KETCHIKAN
2008-07-24T23:01:39,309653000,58.40101333,-135.9597133,174.8,12.3,173,9342281,C6VG7,NORWEGIAN PEARL,16,KETCHIKAN
2008-07-24T23:01:30,309653000,58.40151333,-135.9597967,175.3,12.3,173,9342281,C6VG7,NORWEGIAN PEARL,16,KETCHIKAN
2008-07-24T23:01:21,309653000,58.40213,-135.9598967,175.7,12.3,173,9342281,C6VG7,NORWEGIAN PEARL,16,KETCHIKAN
2008-07-24T23:01:10,309653000,58.402695,-135.95998,175.7,12.4,173,9342281,C6VG7,NORWEGIAN PEARL,16,KETCHIKAN
2008-07-24T23:00:59,309653000,58.40337833,-135.9600633,175.7,12.4,173,9342281,C6VG7,NORWEGIAN PEARL,16,KETCHIKAN
2008-07-24T23:00:51,309653000,58.403845,-135.96013,175.7,12.6,173,9342281,C6VG7,NORWEGIAN PEARL,16,KETCHIKAN
2008-07-24T23:00:39,309653000,58.40446167,-135.9602133,175.7,12.6,173,9342281,C6VG7,NORWEGIAN PEARL,16,KETCHIKAN
2008-07-24T23:00:21,309653000,58.40552667,-135.9603633,175.6,12.8,173,9342281,C6VG7,NORWEGIAN PEARL,16,KETCHIKAN
2008-07-24T22:59:59,309653000,58.40680833,-135.9605467,176.0,13.1,173,9342281,C6VG7,NORWEGIAN PEARL,16,KETCHIKAN
2008-07-24T22:59:31,309653000,58.408575,-135.96078,176.0,13.3,173,9342281,C6VG7,NORWEGIAN PEARL,16,KETCHIKAN
2008-07-24T22:59:11,309653000,58.40980667,-135.9609467,175.9,13.4,173,9342281,C6VG7,NORWEGIAN PEARL,16,KETCHIKAN
2008-07-24T22:58:30,309653000,58.41228833,-135.9612633,176.3,13.6,173,9342281,C6VG7,NORWEGIAN PEARL,16,KETCHIKAN
2008-07-24T22:58:23,309653000,58.412855,-135.96133,176.3,13.5,173,9342281,C6VG7,NORWEGIAN PEARL,16,KETCHIKAN
2008-07-24T22:58:11,309653000,58.41347167,-135.9613967,176.3,13.5,173,9342281,C6VG7,NORWEGIAN PEARL,16,KETCHIKAN
2008-07-24T22:57:40,309653000,58.415455,-135.96163,176.0,13.2,173,9342281,C6VG7,NORWEGIAN PEARL,16,KETCHIKAN
2008-07-24T22:57:30,309653000,58.416005,-135.9616967,176.4,13.1,173,9342281,C6VG7,NORWEGIAN PEARL,16,KETCHIKAN
2008-07-24T22:57:00,309653000,58.417855,-135.9619133,176.6,12.6,173,9342281,C6VG7,NORWEGIAN PEARL,16,KETCHIKAN
2008-07-24T22:56:52,309653000,58.41832167,-135.9619633,176.2,12.5,173,9342281,C6VG7,NORWEGIAN PEARL,16,KETCHIKAN
2008-07-24T22:56:40,309653000,58.41897167,-135.9620467,176.6,12.4,173,9342281,C6VG7,NORWEGIAN PEARL,16,KETCHIKAN
2008-07-24T22:56:32,309653000,58.41953833,-135.9621133,176.2,12.3,173,9342281,C6VG7,NORWEGIAN PEARL,16,KETCHIKAN
2008-07-24T22:56:21,309653000,58.42004,-135.9621633,176.2,12.2,173,9342281,C6VG7,NORWEGIAN PEARL,16,KETCHIKAN
2008-07-24T22:55:40,309653000,58.42234,-135.96243,176.0,11.4,173,9342281,C6VG7,NORWEGIAN PEARL,16,KETCHIKAN
2008-07-24T22:55:21,309653000,58.42328833,-135.9625467,176.5,11.2,173,9342281,C6VG7,NORWEGIAN PEARL,16,KETCHIKAN
2008-07-24T22:55:11,309653000,58.42390667,-135.9626133,176.1,10.9,173,9342281,C6VG7,NORWEGIAN PEARL,16,KETCHIKAN
2008-07-24T22:55:00,309653000,58.424355,-135.9626633,176.6,10.9,173,9342281,C6VG7,NORWEGIAN PEARL,16,KETCHIKAN
2008-07-24T22:54:09,309653000,58.42684,-135.9629317,176.8,10.0,174,9342281,C6VG7,NORWEGIAN PEARL,16,KETCHIKAN
2008-07-24T22:53:40,309653000,58.42815833,-135.9630317,178.0,9.5,175,9342281,C6VG7,NORWEGIAN PEARL,16,KETCHIKAN
2008-07-24T22:53:37,309653000,58.429025,-135.9630983,0.0,0.0,0,9342281,C6VG7,NORWEGIAN PEARL,16,KETCHIKAN
2008-07-24T22:53:24,309653000,58.429025,-135.9630983,0.0,0.0,0,9342281,C6VG7,NORWEGIAN PEARL,16,KETCHIKAN
2008-07-24T22:53:21,309653000,58.429025,-135.9630983,177.5,9.1,175,9342281,C6VG7,NORWEGIAN PEARL,16,KETCHIKAN
2008-07-24T22:52:41,309653000,58.43069333,-135.96323,176.3,8.4,175,9342281,C6VG7,NORWEGIAN PEARL,16,KETCHIKAN
2008-07-24T22:52:30,309653000,58.43107667,-135.9632817,177.0,8.2,175,9342281,C6VG7,NORWEGIAN PEARL,16,KETCHIKAN
2008-07-24T22:52:20,309653000,58.43142833,-135.9633133,176.4,8.0,175,9342281,C6VG7,NORWEGIAN PEARL,16,KETCHIKAN
2008-07-24T22:52:11,309653000,58.431795,-135.9633467,177.1,7.9,175,9342281,C6VG7,NORWEGIAN PEARL,16,KETCHIKAN
2008-07-24T22:51:31,309653000,58.43322833,-135.9635133,175.8,7.1,175,9342281,C6VG7,NORWEGIAN PEARL,16,KETCHIKAN
2008-07-24T22:50:42,309653000,58.43478167,-135.9637783,172.0,6.3,172,9342281,C6VG7,NORWEGIAN PEARL,16,KETCHIKAN
2008-07-24T22:50:30,309653000,58.435065,-135.963845,171.0,6.2,171,9342281,C6VG7,NORWEGIAN PEARL,16,KETCHIKAN
2008-07-24T22:50:10,309653000,58.43563167,-135.964025,167.0,6.2,168,9342281,C6VG7,NORWEGIAN PEARL,16,KETCHIKAN
2008-07-24T22:50:01,309653000,58.43588167,-135.964125,165.0,6.1,166,9342281,C6VG7,NORWEGIAN PEARL,16,KETCHIKAN
2008-07-24T22:49:51,309653000,58.436215,-135.9642733,162.1,6.1,165,9342281,C6VG7,NORWEGIAN PEARL,16,KETCHIKAN
2008-07-24T22:49:42,309653000,58.436465,-135.964405,162.0,6.1,163,9342281,C6VG7,NORWEGIAN PEARL,16,KETCHIKAN
2008-07-24T22:49:31,309653000,58.436765,-135.9645867,158.1,6.1,161,9342281,C6VG7,NORWEGIAN PEARL,16,KETCHIKAN
2008-07-24T22:49:23,309653000,58.43699833,-135.9647683,158.1,6.1,160,9342281,C6VG7,NORWEGIAN PEARL,16,KETCHIKAN
2008-07-24T22:49:01,309653000,58.437515,-135.9651833,153.2,6.2,156,9342281,C6VG7,NORWEGIAN PEARL,16,KETCHIKAN
2008-07-24T22:48:50,309653000,58.437765,-135.965415,150.3,6.2,154,9342281,C6VG7,NORWEGIAN PEARL,16,KETCHIKAN
2008-07-24T22:48:42,309653000,58.438,-135.9656467,149.2,6.1,153,9342281,C6VG7,NORWEGIAN PEARL,16,KETCHIKAN
2008-07-24T22:48:30,309653000,58.43826667,-135.9659467,147.2,6.1,151,9342281,C6VG7,NORWEGIAN PEARL,16,KETCHIKAN
2008-07-24T22:48:20,309653000,58.43851667,-135.9662283,145.3,6.2,149,9342281,C6VG7,NORWEGIAN PEARL,16,KETCHIKAN
2008-07-24T22:47:51,309653000,58.439235,-135.967225,138.4,6.2,144,9342281,C6VG7,NORWEGIAN PEARL,16,KETCHIKAN
2008-07-24T22:47:41,309653000,58.43941667,-135.96754,138.4,6.3,143,9342281,C6VG7,NORWEGIAN PEARL,16,KETCHIKAN
2008-07-24T22:47:30,309653000,58.43966833,-135.9679383,135.5,6.3,141,9342281,C6VG7,NORWEGIAN PEARL,16,KETCHIKAN
2008-07-24T22:47:11,309653000,58.44006833,-135.96867,133.5,6.4,138,9342281,C6VG7,NORWEGIAN PEARL,16,KETCHIKAN
2008-07-24T22:47:01,309653000,58.44026833,-135.9690683,130.6,6.4,136,9342281,C6VG7,NORWEGIAN PEARL,16,KETCHIKAN
2008-07-24T22:46:21,309653000,58.44100333,-135.9708467,124.8,6.5,131,9342281,C6VG7,NORWEGIAN PEARL,16,KETCHIKAN
2008-07-24T22:45:20,309653000,58.44200333,-135.9736967,123.8,6.5,130,9342281,C6VG7,NORWEGIAN PEARL,16,KETCHIKAN
2008-07-24T22:44:42,309653000,58.44267,-135.9756117,122.8,6.4,130,9342281,C6VG7,NORWEGIAN PEARL,16,KETCHIKAN
2008-07-24T22:44:21,309653000,58.44300333,-135.97656,122.9,6.5,130,9342281,C6VG7,NORWEGIAN PEARL,16,KETCHIKAN
2008-07-24T22:44:10,309653000,58.44317,-135.9770433,123.9,6.6,130,9342281,C6VG7,NORWEGIAN PEARL,16,KETCHIKAN
2008-07-24T22:43:30,309653000,58.44385167,-135.9790417,124.0,6.7,130,9342281,C6VG7,NORWEGIAN PEARL,16,KETCHIKAN
2008-07-24T22:43:00,309653000,58.44436833,-135.9805067,124.0,6.7,130,9342281,C6VG7,NORWEGIAN PEARL,16,KETCHIKAN
2008-07-24T22:42:40,309653000,58.44471667,-135.9814883,124.1,6.8,130,9342281,C6VG7,NORWEGIAN PEARL,16,KETCHIKAN
2008-07-24T22:42:20,309653000,58.44506667,-135.9824717,123.2,6.8,130,9342281,C6VG7,NORWEGIAN PEARL,16,KETCHIKAN
2008-07-24T22:42:10,309653000,58.4452,-135.982905,124.2,6.9,130,9342281,C6VG7,NORWEGIAN PEARL,16,KETCHIKAN
2008-07-24T22:42:00,309653000,58.44538333,-135.9834033,124.2,7.0,130,9342281,C6VG7,NORWEGIAN PEARL,16,KETCHIKAN
2008-07-24T22:41:52,309653000,58.44555,-135.9838533,124.2,7.0,130,9342281,C6VG7,NORWEGIAN PEARL,16,KETCHIKAN
2008-07-24T22:41:29,309653000,58.44598333,-135.9850367,124.3,7.1,130,9342281,C6VG7,NORWEGIAN PEARL,16,KETCHIKAN
2008-07-24T22:41:26,309653000,58.446515,-135.986535,0.0,0.0,0,9342281,C6VG7,NORWEGIAN PEARL,16,KETCHIKAN
2008-07-24T22:41:01,309653000,58.446515,-135.986535,125.3,7.3,130,9342281,C6VG7,NORWEGIAN PEARL,16,KETCHIKAN
2008-07-24T22:40:30,309653000,58.44713167,-135.9881333,125.4,7.5,130,9342281,C6VG7,NORWEGIAN PEARL,16,KETCHIKAN
2008-07-24T22:40:11,309653000,58.44749833,-135.9891333,125.3,7.4,130,9342281,C6VG7,NORWEGIAN PEARL,16,KETCHIKAN
2008-07-24T22:39:21,309653000,58.448515,-135.99185,125.3,7.3,130,9342281,C6VG7,NORWEGIAN PEARL,16,KETCHIKAN
2008-07-24T22:39:10,309653000,58.44869833,-135.9923817,125.3,7.4,130,9342281,C6VG7,NORWEGIAN PEARL,16,KETCHIKAN
2008-07-24T22:39:00,309653000,58.44889833,-135.9928983,124.5,7.3,130,9342281,C6VG7,NORWEGIAN PEARL,16,KETCHIKAN
2008-07-24T22:38:20,309653000,58.44968333,-135.9950167,125.3,7.4,130,9342281,C6VG7,NORWEGIAN PEARL,16,KETCHIKAN
2008-07-24T22:38:10,309653000,58.44988333,-135.9955333,125.3,7.3,130,9342281,C6VG7,NORWEGIAN PEARL,16,KETCHIKAN
2008-07-24T22:37:51,309653000,58.45026667,-135.9965983,125.3,7.4,130,9342281,C6VG7,NORWEGIAN PEARL,16,KETCHIKAN
2008-07-24T22:37:40,309653000,58.45046667,-135.9971317,124.5,7.4,130,9342281,C6VG7,NORWEGIAN PEARL,16,KETCHIKAN
2008-07-24T22:37:10,309653000,58.45106667,-135.9987317,125.4,7.5,130,9342281,C6VG7,NORWEGIAN PEARL,16,KETCHIKAN
2008-07-24T22:36:40,309653000,58.4517,-136.000415,125.4,7.6,130,9342281,C6VG7,NORWEGIAN PEARL,16,KETCHIKAN
2008-07-24T22:36:22,309653000,58.45203333,-136.0013483,125.5,7.7,130,9342281,C6VG7,NORWEGIAN PEARL,16,KETCHIKAN
2008-07-24T22:35:53,309653000,58.45269833,-136.0031317,125.6,7.9,130,9342281,C6VG7,NORWEGIAN PEARL,16,KETCHIKAN
2008-07-24T22:35:22,309653000,58.45329833,-136.00473,125.7,8.1,130,9342281,C6VG7,NORWEGIAN PEARL,16,KETCHIKAN
2008-07-24T22:35:10,309653000,58.45354833,-136.0053633,125.1,8.3,130,9342281,C6VG7,NORWEGIAN PEARL,16,KETCHIKAN
2008-07-24T22:34:50,309653000,58.454015,-136.0066117,125.9,8.5,130,9342281,C6VG7,NORWEGIAN PEARL,16,KETCHIKAN
2008-07-24T22:34:41,309653000,58.45424833,-136.0072117,126.0,8.6,130,9342281,C6VG7,NORWEGIAN PEARL,16,KETCHIKAN
2008-07-24T22:34:32,309653000,58.454465,-136.0077617,126.0,8.7,130,9342281,C6VG7,NORWEGIAN PEARL,16,KETCHIKAN
2008-07-24T22:34:22,309653000,58.454665,-136.0083283,126.0,8.8,130,9342281,C6VG7,NORWEGIAN PEARL,16,KETCHIKAN
2008-07-24T22:34:10,309653000,58.45493167,-136.0090117,126.1,9.0,130,9342281,C6VG7,NORWEGIAN PEARL,16,KETCHIKAN
2008-07-24T22:34:03,309653000,58.45518167,-136.00966,125.6,9.1,130,9342281,C6VG7,NORWEGIAN PEARL,16,KETCHIKAN
2008-07-24T22:33:51,309653000,58.45543,-136.01031,125.6,9.3,130,9342281,C6VG7,NORWEGIAN PEARL,16,KETCHIKAN
2008-07-24T22:33:31,309653000,58.45593167,-136.0116433,126.4,9.7,130,9342281,C6VG7,NORWEGIAN PEARL,16,KETCHIKAN
2008-07-24T22:33:11,309653000,58.45649667,-136.0130933,126.0,10.2,130,9342281,C6VG7,NORWEGIAN PEARL,16,KETCHIKAN
2008-07-24T22:33:02,309653000,58.45674667,-136.0137417,126.1,10.4,130,9342281,C6VG7,NORWEGIAN PEARL,16,KETCHIKAN
2008-07-24T22:32:41,309653000,58.45734667,-136.0153067,125.8,11.0,130,9342281,C6VG7,NORWEGIAN PEARL,16,KETCHIKAN
2008-07-24T22:32:31,309653000,58.45761333,-136.0160233,126.4,11.2,130,9342281,C6VG7,NORWEGIAN PEARL,16,KETCHIKAN
2008-07-24T22:32:22,309653000,58.45789667,-136.01674,125.9,11.3,130,9342281,C6VG7,NORWEGIAN PEARL,16,KETCHIKAN
2008-07-24T22:32:10,309653000,58.458245,-136.0176217,126.0,11.6,130,9342281,C6VG7,NORWEGIAN PEARL,16,KETCHIKAN
2008-07-24T22:32:01,309653000,58.45852833,-136.0183733,126.0,11.7,130,9342281,C6VG7,NORWEGIAN PEARL,16,KETCHIKAN
2008-07-24T22:31:52,309653000,58.45886167,-136.0191867,125.7,12.0,130,9342281,C6VG7,NORWEGIAN PEARL,16,KETCHIKAN
2008-07-24T22:31:39,309653000,58.459245,-136.02022,125.8,12.3,130,9342281,C6VG7,NORWEGIAN PEARL,16,KETCHIKAN
2008-07-24T22:31:31,309653000,58.459545,-136.0210017,125.4,12.6,130,9342281,C6VG7,NORWEGIAN PEARL,16,KETCHIKAN
2008-07-24T22:31:22,309653000,58.45986167,-136.0218017,125.9,12.8,130,9342281,C6VG7,NORWEGIAN PEARL,16,KETCHIKAN
2008-07-24T22:31:01,309653000,58.46057667,-136.0237017,125.5,12.9,130,9342281,C6VG7,NORWEGIAN PEARL,16,KETCHIKAN
2008-07-24T22:30:51,309653000,58.46092667,-136.024635,126.0,12.9,130,9342281,C6VG7,NORWEGIAN PEARL,16,KETCHIKAN
2008-07-24T22:30:39,309653000,58.46131,-136.0256167,125.0,12.8,130,9342281,C6VG7,NORWEGIAN PEARL,16,KETCHIKAN
2008-07-24T22:30:31,309653000,58.46162667,-136.0264667,126.8,12.9,130,9342281,C6VG7,NORWEGIAN PEARL,16,KETCHIKAN
2008-07-24T22:30:21,309653000,58.46194333,-136.0272817,125.5,12.9,130,9342281,C6VG7,NORWEGIAN PEARL,16,KETCHIKAN
2008-07-24T22:30:10,309653000,58.46232667,-136.0283,125.9,12.8,130,9342281,C6VG7,NORWEGIAN PEARL,16,KETCHIKAN
2008-07-24T22:30:00,309653000,58.46271,-136.0292983,126.4,12.9,130,9342281,C6VG7,NORWEGIAN PEARL,16,KETCHIKAN
2008-07-24T22:29:52,309653000,58.46301,-136.0301317,127.4,12.8,131,9342281,C6VG7,NORWEGIAN PEARL,16,KETCHIKAN
2008-07-24T22:29:26,309653000,58.46409167,-136.0326833,0.0,0.0,0,9342281,C6VG7,NORWEGIAN PEARL,16,KETCHIKAN
2008-07-24T22:29:23,309653000,58.46409167,-136.0326833,133.3,12.8,136,9342281,C6VG7,NORWEGIAN PEARL,16,KETCHIKAN
2008-07-24T22:29:01,309653000,58.46499167,-136.0344667,137.7,12.8,140,9342281,C6VG7,NORWEGIAN PEARL,16,KETCHIKAN
2008-07-24T22:28:52,309653000,58.46534,-136.035085,139.2,12.8,141,9342281,C6VG7,NORWEGIAN PEARL,16,KETCHIKAN
2008-07-24T22:28:30,309653000,58.46629,-136.0366017,144.1,12.8,145,9342281,C6VG7,NORWEGIAN PEARL,16,KETCHIKAN
2008-07-24T22:28:23,309653000,58.46672333,-136.03722,145.5,12.8,146,9342281,C6VG7,NORWEGIAN PEARL,16,KETCHIKAN
2008-07-24T22:28:10,309653000,58.46728833,-136.0379867,147.5,12.8,148,9342281,C6VG7,NORWEGIAN PEARL,16,KETCHIKAN
2008-07-24T22:28:00,309653000,58.46778833,-136.0386033,150.0,12.8,150,9342281,C6VG7,NORWEGIAN PEARL,16,KETCHIKAN
2008-07-24T22:27:52,309653000,58.468255,-136.0391217,152.4,12.9,152,9342281,C6VG7,NORWEGIAN PEARL,16,KETCHIKAN
2008-07-24T22:27:41,309653000,58.46877167,-136.039655,153.8,12.9,153,9342281,C6VG7,NORWEGIAN PEARL,16,KETCHIKAN
2008-07-24T22:27:21,309653000,58.46980333,-136.04059,158.7,12.9,157,9342281,C6VG7,NORWEGIAN PEARL,16,KETCHIKAN
2008-07-24T22:27:00,309653000,58.47103667,-136.0415083,161.2,13.0,159,9342281,C6VG7,NORWEGIAN PEARL,16,KETCHIKAN
2008-07-24T22:26:52,309653000,58.47150333,-136.041825,161.7,13.0,160,9342281,C6VG7,NORWEGIAN PEARL,16,KETCHIKAN
2008-07-24T22:26:41,309653000,58.472085,-136.0421917,162.7,13.1,161,9342281,C6VG7,NORWEGIAN PEARL,16,KETCHIKAN
2008-07-24T22:26:31,309653000,58.47276833,-136.0426083,163.1,13.1,161,9342281,C6VG7,NORWEGIAN PEARL,16,KETCHIKAN
2008-07-24T22:26:23,309653000,58.473285,-136.0429083,163.1,13.1,161,9342281,C6VG7,NORWEGIAN PEARL,16,KETCHIKAN
2008-07-24T22:26:11,309653000,58.47391833,-136.043275,162.7,13.0,161,9342281,C6VG7,NORWEGIAN PEARL,16,KETCHIKAN
2008-07-24T22:25:41,309653000,58.4756,-136.0442417,163.2,13.0,161,9342281,C6VG7,NORWEGIAN PEARL,16,KETCHIKAN
2008-07-24T22:25:12,309653000,58.47735,-136.0452567,162.7,12.9,161,9342281,C6VG7,NORWEGIAN PEARL,16,KETCHIKAN
2008-07-24T22:24:51,309653000,58.47845,-136.04589,162.3,12.9,161,9342281,C6VG7,NORWEGIAN PEARL,16,KETCHIKAN
2008-07-24T22:24:41,309653000,58.479,-136.04624,163.7,12.8,162,9342281,C6VG7,NORWEGIAN PEARL,16,KETCHIKAN
2008-07-24T22:24:23,309653000,58.48013333,-136.0468733,163.8,12.6,162,9342281,C6VG7,NORWEGIAN PEARL,16,KETCHIKAN
2008-07-24T22:24:13,309653000,58.48075,-136.0472083,164.2,12.6,162,9342281,C6VG7,NORWEGIAN PEARL,16,KETCHIKAN
2008-07-24T22:24:02,309653000,58.4812,-136.0474567,163.8,12.5,162,9342281,C6VG7,NORWEGIAN PEARL,16,KETCHIKAN
2008-07-24T22:23:23,309653000,58.4834,-136.048625,167.2,12.2,164,9342281,C6VG7,NORWEGIAN PEARL,16,KETCHIKAN
2008-07-24T22:22:32,309653000,58.48618167,-136.0498917,167.8,12.2,165,9342281,C6VG7,NORWEGIAN PEARL,16,KETCHIKAN
2008-07-24T22:22:10,309653000,58.48733,-136.0503917,167.3,12.3,165,9342281,C6VG7,NORWEGIAN PEARL,16,KETCHIKAN
2008-07-24T22:21:43,309653000,58.48894667,-136.0511067,165.9,12.6,165,9342281,C6VG7,NORWEGIAN PEARL,16,KETCHIKAN
2008-07-24T22:21:22,309653000,58.49007833,-136.05164,165.0,12.8,165,9342281,C6VG7,NORWEGIAN PEARL,16,KETCHIKAN
2008-07-24T22:21:10,309653000,58.49071167,-136.0519383,164.1,12.9,165,9342281,C6VG7,NORWEGIAN PEARL,16,KETCHIKAN
2008-07-24T22:20:52,309653000,58.491795,-136.0525217,163.6,12.9,165,9342281,C6VG7,NORWEGIAN PEARL,16,KETCHIKAN
2008-07-24T22:20:20,309653000,58.49357667,-136.053505,164.1,13.0,165,9342281,C6VG7,NORWEGIAN PEARL,16,KETCHIKAN
2008-07-24T22:20:10,309653000,58.49409333,-136.0537883,164.5,13.0,165,9342281,C6VG7,NORWEGIAN PEARL,16,KETCHIKAN
2008-07-24T22:19:51,309653000,58.49526,-136.0543883,164.5,13.0,165,9342281,C6VG7,NORWEGIAN PEARL,16,KETCHIKAN
2008-07-24T22:19:41,309653000,58.49582667,-136.0547033,164.5,13.0,165,9342281,C6VG7,NORWEGIAN PEARL,16,KETCHIKAN
2008-07-24T22:19:31,309653000,58.49641,-136.0550033,164.5,13.0,165,9342281,C6VG7,NORWEGIAN PEARL,16,KETCHIKAN
2008-07-24T22:19:03,309653000,58.49814167,-136.05592,164.5,12.9,165,9342281,C6VG7,NORWEGIAN PEARL,16,KETCHIKAN
2008-07-24T22:18:51,309653000,58.498725,-136.05622,164.1,13.0,165,9342281,C6VG7,NORWEGIAN PEARL,16,KETCHIKAN
2008-07-24T22:18:32,309653000,58.49981,-136.05682,163.6,12.9,165,9342281,C6VG7,NORWEGIAN PEARL,16,KETCHIKAN
2008-07-24T22:18:20,309653000,58.50049167,-136.0572033,163.6,12.8,165,9342281,C6VG7,NORWEGIAN PEARL,16,KETCHIKAN
2008-07-24T22:18:00,309653000,58.50164167,-136.0578183,163.1,12.7,165,9342281,C6VG7,NORWEGIAN PEARL,16,KETCHIKAN
2008-07-24T22:17:50,309653000,58.50214167,-136.05812,163.0,12.7,164,9342281,C6VG7,NORWEGIAN PEARL,16,KETCHIKAN
2008-07-24T22:17:32,309653000,58.503275,-136.0587683,163.5,12.6,164,9342281,C6VG7,NORWEGIAN PEARL,16,KETCHIKAN
2008-07-24T22:17:26,309653000,58.50444167,-136.0594367,0.0,0.0,0,9342281,C6VG7,NORWEGIAN PEARL,16,KETCHIKAN
2008-07-24T22:17:11,309653000,58.50444167,-136.0594367,164.4,12.6,164,9342281,C6VG7,NORWEGIAN PEARL,16,KETCHIKAN
2008-07-24T22:16:22,309653000,58.50725667,-136.06079,169.3,12.7,168,9342281,C6VG7,NORWEGIAN PEARL,16,KETCHIKAN
2008-07-24T22:16:12,309653000,58.50779,-136.060975,170.9,12.7,170,9342281,C6VG7,NORWEGIAN PEARL,16,KETCHIKAN
2008-07-24T22:16:00,309653000,58.50842167,-136.0611767,173.3,12.7,172,9342281,C6VG7,NORWEGIAN PEARL,16,KETCHIKAN
2008-07-24T22:15:32,309653000,58.51012,-136.0614967,176.4,12.8,176,9342281,C6VG7,NORWEGIAN PEARL,16,KETCHIKAN
2008-07-24T22:15:00,309653000,58.51195333,-136.0616483,179.0,12.9,179,9342281,C6VG7,NORWEGIAN PEARL,16,KETCHIKAN
2008-07-24T22:14:41,309653000,58.51313667,-136.061685,180.0,12.9,180,9342281,C6VG7,NORWEGIAN PEARL,16,KETCHIKAN
2008-07-24T22:14:11,309653000,58.51485167,-136.0616833,180.0,12.8,180,9342281,C6VG7,NORWEGIAN PEARL,16,KETCHIKAN
2008-07-24T22:14:00,309653000,58.51550167,-136.0616833,180.4,12.8,180,9342281,C6VG7,NORWEGIAN PEARL,16,KETCHIKAN
2008-07-24T22:13:00,309653000,58.51905,-136.0616167,180.4,12.7,180,9342281,C6VG7,NORWEGIAN PEARL,16,KETCHIKAN
2008-07-24T22:12:52,309653000,58.51963333,-136.0616,180.4,12.7,180,9342281,C6VG7,NORWEGIAN PEARL,16,KETCHIKAN
2008-07-24T22:12:40,309653000,58.52021667,-136.061585,180.9,12.7,180,9342281,C6VG7,NORWEGIAN PEARL,16,KETCHIKAN
2008-07-24T22:12:11,309653000,58.521915,-136.061535,181.3,12.6,180,9342281,C6VG7,NORWEGIAN PEARL,16,KETCHIKAN
2008-07-24T22:12:02,309653000,58.52254833,-136.0615017,180.9,12.6,180,9342281,C6VG7,NORWEGIAN PEARL,16,KETCHIKAN
2008-07-24T22:11:50,309653000,58.52308167,-136.061485,181.3,12.6,180,9342281,C6VG7,NORWEGIAN PEARL,16,KETCHIKAN
2008-07-24T22:11:42,309653000,58.523715,-136.0614517,180.9,12.6,180,9342281,C6VG7,NORWEGIAN PEARL,16,KETCHIKAN
2008-07-24T22:11:27,309653000,58.52488167,-136.0614017,0.0,0.0,0,9342281,C6VG7,NORWEGIAN PEARL,16,KETCHIKAN
2008-07-24T22:11:20,309653000,58.52488167,-136.0614017,180.9,12.6,180,9342281,C6VG7,NORWEGIAN PEARL,16,KETCHIKAN
2008-07-24T22:11:11,309653000,58.525415,-136.061385,180.9,12.6,180,9342281,C6VG7,NORWEGIAN PEARL,16,KETCHIKAN
2008-07-24T22:11:01,309653000,58.52599833,-136.0613517,180.9,12.6,180,9342281,C6VG7,NORWEGIAN PEARL,16,KETCHIKAN
2008-07-24T22:10:31,309653000,58.52774667,-136.0612833,180.9,12.7,180,9342281,C6VG7,NORWEGIAN PEARL,16,KETCHIKAN
2008-07-24T22:09:50,309653000,58.53014667,-136.0612167,180.0,12.7,180,9342281,C6VG7,NORWEGIAN PEARL,16,KETCHIKAN
2008-07-24T22:09:41,309653000,58.53068,-136.0612,180.4,12.8,180,9342281,C6VG7,NORWEGIAN PEARL,16,KETCHIKAN
2008-07-24T22:09:31,309653000,58.53126167,-136.0612,180.0,12.8,180,9342281,C6VG7,NORWEGIAN PEARL,16,KETCHIKAN
2008-07-24T22:09:20,309653000,58.53191167,-136.0612,180.0,12.8,180,9342281,C6VG7,NORWEGIAN PEARL,16,KETCHIKAN
2008-07-24T22:09:01,309653000,58.53302833,-136.0611817,179.5,12.8,180,9342281,C6VG7,NORWEGIAN PEARL,16,KETCHIKAN
2008-07-24T22:08:50,309653000,58.53362833,-136.0611833,179.5,12.8,180,9342281,C6VG7,NORWEGIAN PEARL,16,KETCHIKAN
2008-07-24T22:08:32,309653000,58.53481167,-136.0612,179.5,12.8,180,9342281,C6VG7,NORWEGIAN PEARL,16,KETCHIKAN
2008-07-24T22:08:20,309653000,58.53544333,-136.0612,179.1,12.8,180,9342281,C6VG7,NORWEGIAN PEARL,16,KETCHIKAN
2008-07-24T22:08:01,309653000,58.53657667,-136.0612167,179.1,12.9,180,9342281,C6VG7,NORWEGIAN PEARL,16,KETCHIKAN
2008-07-24T22:07:56,309653000,58.53722667,-136.0612317,179.1,12.9,180,9342281,C6VG7,NORWEGIAN PEARL,16,KETCHIKAN
2008-07-24T22:07:41,309653000,58.537775,-136.0612483,179.1,12.9,180,9342281,C6VG7,NORWEGIAN PEARL,16,KETCHIKAN
2008-07-24T22:07:31,309653000,58.538425,-136.0612817,178.1,12.9,179,9342281,C6VG7,NORWEGIAN PEARL,16,KETCHIKAN
2008-07-24T22:07:12,309653000,58.53955833,-136.0613467,177.5,12.9,178,9342281,C6VG7,NORWEGIAN PEARL,16,KETCHIKAN
2008-07-24T22:06:50,309653000,58.54075833,-136.0614467,177.1,12.9,178,9342281,C6VG7,NORWEGIAN PEARL,16,KETCHIKAN
2008-07-24T22:06:21,309653000,58.54259,-136.0616133,177.1,12.9,178,9342281,C6VG7,NORWEGIAN PEARL,16,KETCHIKAN
2008-07-24T22:06:02,309653000,58.54374,-136.0616967,177.5,13.0,178,9342281,C6VG7,NORWEGIAN PEARL,16,KETCHIKAN
2008-07-24T22:05:50,309653000,58.54434,-136.0617467,177.1,12.9,178,9342281,C6VG7,NORWEGIAN PEARL,16,KETCHIKAN
2008-07-24T22:05:30,309653000,58.54558833,-136.0618467,177.1,13.1,178,9342281,C6VG7,NORWEGIAN PEARL,16,KETCHIKAN
2008-07-24T22:05:22,309653000,58.54673833,-136.0619467,0.0,0.0,0,9342281,C6VG7,NORWEGIAN PEARL,16,KETCHIKAN
2008-07-24T22:05:11,309653000,58.54673833,-136.0619467,177.1,13.1,178,9342281,C6VG7,NORWEGIAN PEARL,16,KETCHIKAN
2008-07-24T22:04:41,309653000,58.548555,-136.0620967,177.5,13.2,178,9342281,C6VG7,NORWEGIAN PEARL,16,KETCHIKAN
2008-07-24T22:04:20,309653000,58.54983667,-136.0622133,177.5,13.2,178,9342281,C6VG7,NORWEGIAN PEARL,16,KETCHIKAN
2008-07-24T22:04:01,309653000,58.55098667,-136.0623133,177.1,13.2,178,9342281,C6VG7,NORWEGIAN PEARL,16,KETCHIKAN
2008-07-24T22:03:30,309653000,58.55280333,-136.06243,178.0,13.1,178,9342281,C6VG7,NORWEGIAN PEARL,16,KETCHIKAN
2008-07-24T22:03:10,309653000,58.55406833,-136.0625133,177.5,13.0,178,9342281,C6VG7,NORWEGIAN PEARL,16,KETCHIKAN
2008-07-24T22:03:02,309653000,58.554685,-136.0625633,178.0,13.0,178,9342281,C6VG7,NORWEGIAN PEARL,16,KETCHIKAN
2008-07-24T22:02:41,309653000,58.555885,-136.0626467,178.0,12.9,178,9342281,C6VG7,NORWEGIAN PEARL,16,KETCHIKAN
2008-07-24T22:02:30,309653000,58.55646833,-136.06268,178.0,12.9,178,9342281,C6VG7,NORWEGIAN PEARL,16,KETCHIKAN
2008-07-24T22:02:22,309653000,58.55700167,-136.0627133,178.0,12.8,178,9342281,C6VG7,NORWEGIAN PEARL,16,KETCHIKAN
2008-07-24T22:01:32,309653000,58.55996833,-136.0629133,178.0,12.9,178,9342281,C6VG7,NORWEGIAN PEARL,16,KETCHIKAN
2008-07-24T22:01:22,309653000,58.56056833,-136.0629467,178.0,12.8,178,9342281,C6VG7,NORWEGIAN PEARL,16,KETCHIKAN
2008-07-24T22:01:11,309653000,58.56121667,-136.0629967,178.0,12.8,178,9342281,C6VG7,NORWEGIAN PEARL,16,KETCHIKAN
2008-07-24T22:01:00,309653000,58.56175,-136.06303,178.0,12.8,178,9342281,C6VG7,NORWEGIAN PEARL,16,KETCHIKAN
2008-07-24T22:00:50,309653000,58.5624,-136.0630633,178.4,12.9,178,9342281,C6VG7,NORWEGIAN PEARL,16,KETCHIKAN
2008-07-24T22:00:40,309653000,58.563,-136.0630983,178.8,12.9,178,9342281,C6VG7,NORWEGIAN PEARL,16,KETCHIKAN
2008-07-24T22:00:00,309653000,58.56538167,-136.063215,178.4,13.0,178,9342281,C6VG7,NORWEGIAN PEARL,16,KETCHIKAN
2008-07-24T21:59:32,309653000,58.56711333,-136.0632983,178.4,13.1,178,9342281,C6VG7,NORWEGIAN PEARL,16,KETCHIKAN
2008-07-24T21:59:22,309653000,58.56766333,-136.0633317,178.8,13.1,178,9342281,C6VG7,NORWEGIAN PEARL,16,KETCHIKAN
2008-07-24T21:59:19,309653000,58.57013,-136.063415,0.0,0.0,0,9342281,C6VG7,NORWEGIAN PEARL,16,KETCHIKAN
2008-07-24T21:58:40,309653000,58.57013,-136.063415,178.4,13.0,178,9342281,C6VG7,NORWEGIAN PEARL,16,KETCHIKAN
2008-07-24T21:58:31,309653000,58.57079667,-136.0634483,178.8,13.0,178,9342281,C6VG7,NORWEGIAN PEARL,16,KETCHIKAN
2008-07-24T21:58:23,309653000,58.57132833,-136.063465,179.3,13.0,178,9342281,C6VG7,NORWEGIAN PEARL,16,KETCHIKAN
2008-07-24T21:58:10,309653000,58.57199667,-136.0634983,178.8,12.9,178,9342281,C6VG7,NORWEGIAN PEARL,16,KETCHIKAN
2008-07-24T21:58:00,309653000,58.572595,-136.063515,178.8,12.9,178,9342281,C6VG7,NORWEGIAN PEARL,16,KETCHIKAN
2008-07-24T21:57:50,309653000,58.57317833,-136.0635317,179.8,12.8,179,9342281,C6VG7,NORWEGIAN PEARL,16,KETCHIKAN
2008-07-24T21:57:40,309653000,58.57377833,-136.0635483,179.8,12.8,179,9342281,C6VG7,NORWEGIAN PEARL,16,KETCHIKAN
2008-07-24T21:57:02,309653000,58.57605833,-136.0635333,180.0,12.7,180,9342281,C6VG7,NORWEGIAN PEARL,16,KETCHIKAN
2008-07-24T21:56:50,309653000,58.57670833,-136.0635183,180.4,12.7,180,9342281,C6VG7,NORWEGIAN PEARL,16,KETCHIKAN
2008-07-24T21:56:20,309653000,58.578475,-136.0635,179.5,12.8,180,9342281,C6VG7,NORWEGIAN PEARL,16,KETCHIKAN
2008-07-24T21:56:11,309653000,58.57900833,-136.0635167,179.5,12.8,180,9342281,C6VG7,NORWEGIAN PEARL,16,KETCHIKAN
2008-07-24T21:56:01,309653000,58.57959167,-136.0635167,179.0,12.7,180,9342281,C6VG7,NORWEGIAN PEARL,16,KETCHIKAN
2008-07-24T21:55:50,309653000,58.58024167,-136.06353,178.5,12.8,179,9342281,C6VG7,NORWEGIAN PEARL,16,KETCHIKAN
2008-07-24T21:55:11,309653000,58.58248333,-136.0637333,175.1,12.8,176,9342281,C6VG7,NORWEGIAN PEARL,16,KETCHIKAN
2008-07-24T21:54:51,309653000,58.58378333,-136.0639667,172.6,12.8,174,9342281,C6VG7,NORWEGIAN PEARL,16,KETCHIKAN
2008-07-24T21:54:21,309653000,58.58554833,-136.0644333,169.6,12.8,172,9342281,C6VG7,NORWEGIAN PEARL,16,KETCHIKAN
2008-07-24T21:54:00,309653000,58.586665,-136.0648,169.1,12.8,170,9342281,C6VG7,NORWEGIAN PEARL,16,KETCHIKAN
2008-07-24T21:53:30,309653000,58.588465,-136.0655167,166.5,12.9,168,9342281,C6VG7,NORWEGIAN PEARL,16,KETCHIKAN
2008-07-24T21:53:20,309653000,58.589565,-136.066015,0.0,0.0,0,9342281,C6VG7,NORWEGIAN PEARL,16,KETCHIKAN
2008-07-24T21:53:11,309653000,58.589565,-136.066015,166.5,12.9,167,9342281,C6VG7,NORWEGIAN PEARL,16,KETCHIKAN
2008-07-24T21:52:51,309653000,58.59078167,-136.0665483,166.5,12.9,167,9342281,C6VG7,NORWEGIAN PEARL,16,KETCHIKAN
2008-07-24T21:52:39,309653000,58.59143167,-136.0668317,166.5,12.9,167,9342281,C6VG7,NORWEGIAN PEARL,16,KETCHIKAN
2008-07-24T21:52:30,309653000,58.59188,-136.0670483,166.5,12.9,167,9342281,C6VG7,NORWEGIAN PEARL,16,KETCHIKAN
2008-07-24T21:52:12,309653000,58.59304667,-136.067565,166.5,12.9,167,9342281,C6VG7,NORWEGIAN PEARL,16,KETCHIKAN
2008-07-24T21:52:00,309653000,58.59363,-136.067815,167.0,12.9,167,9342281,C6VG7,NORWEGIAN PEARL,16,KETCHIKAN
2008-07-24T21:51:51,309653000,58.59421333,-136.0680817,167.0,12.9,167,9342281,C6VG7,NORWEGIAN PEARL,16,KETCHIKAN
2008-07-24T21:51:30,309653000,58.59541333,-136.068615,167.4,13.0,167,9342281,C6VG7,NORWEGIAN PEARL,16,KETCHIKAN
2008-07-24T21:51:22,309653000,58.59601167,-136.068865,166.5,13.0,167,9342281,C6VG7,NORWEGIAN PEARL,16,KETCHIKAN
2008-07-24T21:51:11,309653000,58.59652833,-136.069115,167.0,13.0,167,9342281,C6VG7,NORWEGIAN PEARL,16,KETCHIKAN
2008-07-24T21:51:01,309653000,58.59711167,-136.069365,167.0,13.0,167,9342281,C6VG7,NORWEGIAN PEARL,16,KETCHIKAN
2008-07-24T21:50:44,309653000,58.59806,-136.06978,167.0,13.0,167,9342281,C6VG7,NORWEGIAN PEARL,16,KETCHIKAN
2008-07-24T21:50:39,309653000,58.59834333,-136.0698967,167.4,13.0,167,9342281,C6VG7,NORWEGIAN PEARL,16,KETCHIKAN
2008-07-24T21:50:32,309653000,58.59876,-136.0700633,166.5,13.0,167,9342281,C6VG7,NORWEGIAN PEARL,16,KETCHIKAN
2008-07-24T21:50:31,309653000,58.59887667,-136.0701133,166.5,13.0,167,9342281,C6VG7,NORWEGIAN PEARL,16,KETCHIKAN
2008-07-24T21:50:21,309653000,58.59946,-136.07038,167.4,13.1,167,9342281,C6VG7,NORWEGIAN PEARL,16,KETCHIKAN
2008-07-24T21:50:08,309653000,58.600225,-136.0707133,166.5,13.1,167,9342281,C6VG7,NORWEGIAN PEARL,16,KETCHIKAN
2008-07-24T21:50:03,309653000,58.600575,-136.07088,166.5,13.1,167,9342281,C6VG7,NORWEGIAN PEARL,16,KETCHIKAN
2008-07-24T21:50:00,309653000,58.60069167,-136.07093,167.0,13.1,167,9342281,C6VG7,NORWEGIAN PEARL,16,KETCHIKAN
2008-07-24T21:49:44,309653000,58.60164167,-136.07133,166.5,13.2,167,9342281,C6VG7,NORWEGIAN PEARL,16,KETCHIKAN
2008-07-24T21:49:14,309653000,58.603375,-136.0720967,166.5,13.2,167,9342281,C6VG7,NORWEGIAN PEARL,16,KETCHIKAN
2008-07-24T21:49:08,309653000,58.603775,-136.07228,167.0,13.2,167,9342281,C6VG7,NORWEGIAN PEARL,16,KETCHIKAN
2008-07-24T21:49:02,309653000,58.604075,-136.07243,167.0,13.3,167,9342281,C6VG7,NORWEGIAN PEARL,16,KETCHIKAN
2008-07-24T21:48:58,309653000,58.60444167,-136.07258,166.5,13.3,167,9342281,C6VG7,NORWEGIAN PEARL,16,KETCHIKAN
2008-07-24T21:48:45,309653000,58.60515833,-136.0729133,166.1,13.3,167,9342281,C6VG7,NORWEGIAN PEARL,16,KETCHIKAN
2008-07-24T21:48:33,309653000,58.605875,-136.0732467,165.7,13.4,167,9342281,C6VG7,NORWEGIAN PEARL,16,KETCHIKAN
2008-07-24T21:47:58,309653000,58.608025,-136.074295,163.8,13.4,166,9342281,C6VG7,NORWEGIAN PEARL,16,KETCHIKAN
2008-07-24T21:47:52,309653000,58.60844167,-136.0745117,162.8,13.5,166,9342281,C6VG7,NORWEGIAN PEARL,16,KETCHIKAN
2008-07-24T21:47:44,309653000,58.60874167,-136.0746783,162.8,13.6,165,9342281,C6VG7,NORWEGIAN PEARL,16,KETCHIKAN
2008-07-24T21:47:27,309653000,58.609825,-136.0753267,159.8,13.6,162,9342281,C6VG7,NORWEGIAN PEARL,16,KETCHIKAN
2008-07-24T21:47:23,309653000,58.61024167,-136.0755933,0.0,0.0,0,9342281,C6VG7,NORWEGIAN PEARL,16,KETCHIKAN
2008-07-24T21:47:20,309653000,58.61024167,-136.0755933,159.3,13.7,161,9342281,C6VG7,NORWEGIAN PEARL,16,KETCHIKAN
2008-07-24T21:47:14,309653000,58.61054167,-136.07581,157.9,13.7,160,9342281,C6VG7,NORWEGIAN PEARL,16,KETCHIKAN
2008-07-24T21:46:50,309653000,58.61195667,-136.076925,153.9,14.0,156,9342281,C6VG7,NORWEGIAN PEARL,16,KETCHIKAN
2008-07-24T21:46:44,309653000,58.61237333,-136.07729,152.9,14.1,155,9342281,C6VG7,NORWEGIAN PEARL,16,KETCHIKAN
2008-07-24T21:46:40,309653000,58.61265667,-136.0775567,151.9,14.1,155,9342281,C6VG7,NORWEGIAN PEARL,16,KETCHIKAN
2008-07-24T21:46:33,309653000,58.613005,-136.0778883,151.3,14.2,154,9342281,C6VG7,NORWEGIAN PEARL,16,KETCHIKAN
2008-07-24T21:46:27,309653000,58.613355,-136.0782217,150.3,14.3,153,9342281,C6VG7,NORWEGIAN PEARL,16,KETCHIKAN
2008-07-24T21:46:21,309653000,58.613755,-136.0786383,149.3,14.3,151,9342281,C6VG7,NORWEGIAN PEARL,16,KETCHIKAN
2008-07-24T21:46:09,309653000,58.61438833,-136.0793367,147.8,14.4,149,9342281,C6VG7,NORWEGIAN PEARL,16,KETCHIKAN
2008-07-24T21:46:03,309653000,58.61478833,-136.0798033,146.8,14.6,148,9342281,C6VG7,NORWEGIAN PEARL,16,KETCHIKAN
2008-07-24T21:45:57,309653000,58.61507167,-136.080135,146.8,14.7,148,9342281,C6VG7,NORWEGIAN PEARL,16,KETCHIKAN
2008-07-24T21:45:50,309653000,58.61547167,-136.080635,146.2,14.8,147,9342281,C6VG7,NORWEGIAN PEARL,16,KETCHIKAN
2008-07-24T21:45:45,309653000,58.615755,-136.0810017,145.2,14.9,146,9342281,C6VG7,NORWEGIAN PEARL,16,KETCHIKAN
2008-07-24T21:45:21,309653000,58.617105,-136.0828167,143.2,15.2,144,9342281,C6VG7,NORWEGIAN PEARL,16,KETCHIKAN
2008-07-24T21:44:57,309653000,58.61847,-136.084765,142.0,15.7,142,9342281,C6VG7,NORWEGIAN PEARL,16,KETCHIKAN
2008-07-24T21:44:45,309653000,58.61915333,-136.0857967,141.0,15.9,141,9342281,C6VG7,NORWEGIAN PEARL,16,KETCHIKAN
2008-07-24T21:44:03,309653000,58.62163667,-136.0897433,139.3,16.7,139,9342281,C6VG7,NORWEGIAN PEARL,16,KETCHIKAN
2008-07-24T21:43:45,309653000,58.622635,-136.0913917,139.3,16.9,139,9342281,C6VG7,NORWEGIAN PEARL,16,KETCHIKAN
2008-07-24T21:43:40,309653000,58.622935,-136.091875,139.6,17.0,139,9342281,C6VG7,NORWEGIAN PEARL,16,KETCHIKAN
2008-07-24T21:43:33,309653000,58.62335167,-136.0925583,139.3,17.1,139,9342281,C6VG7,NORWEGIAN PEARL,16,KETCHIKAN
2008-07-24T21:43:26,309653000,58.62376833,-136.0932417,139.3,17.1,139,9342281,C6VG7,NORWEGIAN PEARL,16,KETCHIKAN
2008-07-24T21:43:16,309653000,58.62448333,-136.0944233,139.6,17.3,139,9342281,C6VG7,NORWEGIAN PEARL,16,KETCHIKAN
2008-07-24T21:43:02,309653000,58.62521667,-136.0956067,139.0,17.4,139,9342281,C6VG7,NORWEGIAN PEARL,16,KETCHIKAN
2008-07-24T21:42:58,309653000,58.62551667,-136.0961067,139.3,17.5,139,9342281,C6VG7,NORWEGIAN PEARL,16,KETCHIKAN
2008-07-24T21:42:41,309653000,58.62661667,-136.0979233,139.3,17.6,139,9342281,C6VG7,NORWEGIAN PEARL,16,KETCHIKAN
2008-07-24T21:42:22,309653000,58.62766667,-136.099655,139.0,17.8,139,9342281,C6VG7,NORWEGIAN PEARL,16,KETCHIKAN
2008-07-24T21:42:04,309653000,58.628865,-136.1016033,139.3,18.0,139,9342281,C6VG7,NORWEGIAN PEARL,16,KETCHIKAN
2008-07-24T21:41:51,309653000,58.62968167,-136.1029533,139.3,18.1,139,9342281,C6VG7,NORWEGIAN PEARL,16,KETCHIKAN
2008-07-24T21:41:45,309653000,58.63006333,-136.1035683,139.6,18.2,139,9342281,C6VG7,NORWEGIAN PEARL,16,KETCHIKAN
2008-07-24T21:41:39,309653000,58.63038,-136.1041,139.3,18.3,139,9342281,C6VG7,NORWEGIAN PEARL,16,KETCHIKAN
2008-07-24T21:41:26,309653000,58.63121333,-136.10545,139.3,18.4,139,9342281,C6VG7,NORWEGIAN PEARL,16,KETCHIKAN
2008-07-24T21:41:22,309653000,58.63153,-136.1059833,0.0,0.0,0,9342281,C6VG7,NORWEGIAN PEARL,16,KETCHIKAN
2008-07-24T21:41:22,309653000,58.63153,-136.1059833,139.3,18.4,139,9342281,C6VG7,NORWEGIAN PEARL,16,KETCHIKAN
2008-07-24T21:41:15,309653000,58.63193,-136.106615,139.3,18.5,139,9342281,C6VG7,NORWEGIAN PEARL,16,KETCHIKAN
2008-07-24T21:41:03,309653000,58.63271167,-136.1078983,139.6,18.6,139,9342281,C6VG7,NORWEGIAN PEARL,16,KETCHIKAN
2008-07-24T21:40:57,309653000,58.633095,-136.108515,139.6,18.7,139,9342281,C6VG7,NORWEGIAN PEARL,16,KETCHIKAN
2008-07-24T21:40:45,309653000,58.63387833,-136.109815,139.6,18.7,139,9342281,C6VG7,NORWEGIAN PEARL,16,KETCHIKAN
2008-07-24T21:40:34,309653000,58.63467833,-136.1111133,139.6,18.9,139,9342281,C6VG7,NORWEGIAN PEARL,16,KETCHIKAN
2008-07-24T21:40:28,309653000,58.63507833,-136.1117483,139.6,18.9,139,9342281,C6VG7,NORWEGIAN PEARL,16,KETCHIKAN
2008-07-24T21:40:22,309653000,58.63541167,-136.1122983,139.6,18.9,139,9342281,C6VG7,NORWEGIAN PEARL,16,KETCHIKAN
2008-07-24T21:40:09,309653000,58.63634333,-136.1138133,139.8,19.1,139,9342281,C6VG7,NORWEGIAN PEARL,16,KETCHIKAN
2008-07-24T21:40:03,309653000,58.63667667,-136.1143467,139.8,19.1,139,9342281,C6VG7,NORWEGIAN PEARL,16,KETCHIKAN
2008-07-24T21:39:57,309653000,58.63716,-136.1151133,139.5,19.1,139,9342281,C6VG7,NORWEGIAN PEARL,16,KETCHIKAN
2008-07-24T21:39:34,309653000,58.63870833,-136.1176267,139.5,19.2,139,9342281,C6VG7,NORWEGIAN PEARL,16,KETCHIKAN
2008-07-24T21:39:28,309653000,58.63910833,-136.1182933,139.2,19.2,139,9342281,C6VG7,NORWEGIAN PEARL,16,KETCHIKAN
2008-07-24T21:39:23,309653000,58.63950833,-136.1189433,139.2,19.2,139,9342281,C6VG7,NORWEGIAN PEARL,16,KETCHIKAN
2008-07-24T21:39:04,309653000,58.64074167,-136.1209267,139.2,19.2,139,9342281,C6VG7,NORWEGIAN PEARL,16,KETCHIKAN
2008-07-24T21:38:52,309653000,58.64154167,-136.12226,139.5,19.2,139,9342281,C6VG7,NORWEGIAN PEARL,16,KETCHIKAN
2008-07-24T21:38:46,309653000,58.641875,-136.1228083,139.5,19.2,139,9342281,C6VG7,NORWEGIAN PEARL,16,KETCHIKAN
2008-07-24T21:38:39,309653000,58.64229167,-136.12346,139.5,19.1,139,9342281,C6VG7,NORWEGIAN PEARL,16,KETCHIKAN
2008-07-24T21:38:32,309653000,58.64282333,-136.12434,139.5,19.2,139,9342281,C6VG7,NORWEGIAN PEARL,16,KETCHIKAN
2008-07-24T21:38:15,309653000,58.64397333,-136.12619,139.5,19.1,139,9342281,C6VG7,NORWEGIAN PEARL,16,KETCHIKAN
2008-07-24T21:38:08,309653000,58.64445667,-136.1269567,139.5,19.1,139,9342281,C6VG7,NORWEGIAN PEARL,16,KETCHIKAN
2008-07-24T21:37:46,309653000,58.646005,-136.1294717,139.5,19.1,139,9342281,C6VG7,NORWEGIAN PEARL,16,KETCHIKAN
2008-07-24T21:37:34,309653000,58.64687167,-136.1308867,139.8,19.1,139,9342281,C6VG7,NORWEGIAN PEARL,16,KETCHIKAN
2008-07-24T21:37:09,309653000,58.64843833,-136.1334033,139.5,19.1,139,9342281,C6VG7,NORWEGIAN PEARL,16,KETCHIKAN
2008-07-24T21:37:04,309653000,58.64883833,-136.13407,139.2,19.1,139,9342281,C6VG7,NORWEGIAN PEARL,16,KETCHIKAN
2008-07-24T21:36:50,309653000,58.649705,-136.1354867,139.5,19.1,139,9342281,C6VG7,NORWEGIAN PEARL,16,KETCHIKAN
2008-07-24T21:36:45,309653000,58.650055,-136.1360367,139.8,19.1,139,9342281,C6VG7,NORWEGIAN PEARL,16,KETCHIKAN
2008-07-24T21:36:26,309653000,58.65133833,-136.13812,139.5,19.1,139,9342281,C6VG7,NORWEGIAN PEARL,16,KETCHIKAN
2008-07-24T21:36:16,309653000,58.65207,-136.1393167,139.2,19.1,139,9342281,C6VG7,NORWEGIAN PEARL,16,KETCHIKAN
2008-07-24T21:36:09,309653000,58.652535,-136.1400833,139.5,19.1,139,9342281,C6VG7,NORWEGIAN PEARL,16,KETCHIKAN
2008-07-24T21:36:03,309653000,58.652885,-136.1406317,139.5,19.1,139,9342281,C6VG7,NORWEGIAN PEARL,16,KETCHIKAN
2008-07-24T21:35:46,309653000,58.654085,-136.1425983,139.2,19.1,139,9342281,C6VG7,NORWEGIAN PEARL,16,KETCHIKAN
2008-07-24T21:35:39,309653000,58.654485,-136.143265,139.5,19.1,139,9342281,C6VG7,NORWEGIAN PEARL,16,KETCHIKAN
2008-07-24T21:35:27,309653000,58.65530167,-136.1445817,139.2,19.1,139,9342281,C6VG7,NORWEGIAN PEARL,16,KETCHIKAN
2008-07-24T21:35:22,309653000,58.655635,-136.1451317,139.2,19.1,139,9342281,C6VG7,NORWEGIAN PEARL,16,KETCHIKAN
2008-07-24T21:35:16,309653000,58.65616833,-136.1460133,139.2,19.1,139,9342281,C6VG7,NORWEGIAN PEARL,16,KETCHIKAN
2008-07-24T21:35:09,309653000,58.65656833,-136.1466633,139.2,19.1,139,9342281,C6VG7,NORWEGIAN PEARL,16,KETCHIKAN
2008-07-24T21:35:02,309653000,58.656985,-136.14733,139.2,19.1,139,9342281,C6VG7,NORWEGIAN PEARL,16,KETCHIKAN
2008-07-24T21:34:57,309653000,58.657385,-136.14798,139.2,19.1,139,9342281,C6VG7,NORWEGIAN PEARL,16,KETCHIKAN
2008-07-24T21:34:52,309653000,58.65778333,-136.1486283,139.2,19.1,139,9342281,C6VG7,NORWEGIAN PEARL,16,KETCHIKAN
2008-07-24T21:34:48,309653000,58.65811667,-136.1491967,139.5,19.1,139,9342281,C6VG7,NORWEGIAN PEARL,16,KETCHIKAN
2008-07-24T21:34:40,309653000,58.65851667,-136.1498467,139.8,19.1,139,9342281,C6VG7,NORWEGIAN PEARL,16,KETCHIKAN
2008-07-24T21:34:33,309653000,58.659,-136.15063,139.5,19.1,139,9342281,C6VG7,NORWEGIAN PEARL,16,KETCHIKAN
2008-07-24T21:34:22,309653000,58.65973333,-136.15183,139.5,19.1,139,9342281,C6VG7,NORWEGIAN PEARL,16,KETCHIKAN
2008-07-24T21:34:14,309653000,58.66015,-136.152495,139.8,19.1,139,9342281,C6VG7,NORWEGIAN PEARL,16,KETCHIKAN
2008-07-24T21:34:09,309653000,58.66061667,-136.1532617,139.5,19.1,139,9342281,C6VG7,NORWEGIAN PEARL,16,KETCHIKAN
2008-07-24T21:34:03,309653000,58.66094833,-136.15381,139.5,19.1,139,9342281,C6VG7,NORWEGIAN PEARL,16,KETCHIKAN
2008-07-24T21:33:58,309653000,58.66134833,-136.1544617,139.8,19.1,139,9342281,C6VG7,NORWEGIAN PEARL,16,KETCHIKAN
2008-07-24T21:33:51,309653000,58.66174833,-136.1551283,139.5,19.1,139,9342281,C6VG7,NORWEGIAN PEARL,16,KETCHIKAN
2008-07-24T21:33:39,309653000,58.66249833,-136.1563267,139.2,19.1,139,9342281,C6VG7,NORWEGIAN PEARL,16,KETCHIKAN
2008-07-24T21:33:32,309653000,58.66304833,-136.1572267,139.8,19.1,139,9342281,C6VG7,NORWEGIAN PEARL,16,KETCHIKAN
2008-07-24T21:33:27,309653000,58.66344833,-136.157875,139.5,19.1,139,9342281,C6VG7,NORWEGIAN PEARL,16,KETCHIKAN
2008-07-24T21:33:21,309653000,58.66378167,-136.158425,139.5,19.1,139,9342281,C6VG7,NORWEGIAN PEARL,16,KETCHIKAN
2008-07-24T21:32:57,309653000,58.665395,-136.161055,139.2,19.1,139,9342281,C6VG7,NORWEGIAN PEARL,16,KETCHIKAN
2008-07-24T21:32:46,309653000,58.666195,-136.1623717,139.5,19.1,139,9342281,C6VG7,NORWEGIAN PEARL,16,KETCHIKAN
2008-07-24T21:32:39,309653000,58.66707833,-136.1637867,139.2,19.1,139,9342281,C6VG7,NORWEGIAN PEARL,16,KETCHIKAN
2008-07-24T21:32:27,309653000,58.66741167,-136.1643367,139.2,19.1,139,9342281,C6VG7,NORWEGIAN PEARL,16,KETCHIKAN
2008-07-24T21:32:20,309653000,58.66781167,-136.1650033,139.5,19.1,139,9342281,C6VG7,NORWEGIAN PEARL,16,KETCHIKAN
2008-07-24T21:32:08,309653000,58.66862833,-136.1663017,139.2,19.1,139,9342281,C6VG7,NORWEGIAN PEARL,16,KETCHIKAN
2008-07-24T21:32:02,309653000,58.66902833,-136.16697,139.2,19.1,139,9342281,C6VG7,NORWEGIAN PEARL,16,KETCHIKAN
2008-07-24T21:31:57,309653000,58.669495,-136.1677367,139.5,19.1,139,9342281,C6VG7,NORWEGIAN PEARL,16,KETCHIKAN
2008-07-24T21:31:45,309653000,58.67029333,-136.1690517,139.2,19.1,139,9342281,C6VG7,NORWEGIAN PEARL,16,KETCHIKAN
2008-07-24T21:31:39,309653000,58.67071,-136.1697183,139.2,19.1,139,9342281,C6VG7,NORWEGIAN PEARL,16,KETCHIKAN
2008-07-24T21:31:33,309653000,58.67111,-136.1703683,139.2,19.1,139,9342281,C6VG7,NORWEGIAN PEARL,16,KETCHIKAN
2008-07-24T21:31:27,309653000,58.67151,-136.1710333,139.2,19.1,139,9342281,C6VG7,NORWEGIAN PEARL,16,KETCHIKAN
2008-07-24T21:31:21,309653000,58.67191,-136.171685,139.2,19.1,139,9342281,C6VG7,NORWEGIAN PEARL,16,KETCHIKAN
2008-07-24T21:31:14,309653000,58.67230833,-136.17235,139.2,19.1,139,9342281,C6VG7,NORWEGIAN PEARL,16,KETCHIKAN
2008-07-24T21:30:51,309653000,58.67385833,-136.1748817,139.5,19.1,139,9342281,C6VG7,NORWEGIAN PEARL,16,KETCHIKAN
2008-07-24T21:30:45,309653000,58.67425833,-136.17553,139.2,19.1,139,9342281,C6VG7,NORWEGIAN PEARL,16,KETCHIKAN
2008-07-24T21:30:43,309653000,58.67465833,-136.1761967,139.2,19.1,139,9342281,C6VG7,NORWEGIAN PEARL,16,KETCHIKAN
2008-07-24T21:30:32,309653000,58.67505833,-136.1768467,139.2,19.1,139,9342281,C6VG7,NORWEGIAN PEARL,16,KETCHIKAN
2008-07-24T21:30:09,309653000,58.67674,-136.1795967,139.2,19.1,139,9342281,C6VG7,NORWEGIAN PEARL,16,KETCHIKAN
2008-07-24T21:29:57,309653000,58.67754,-136.1809283,139.2,19.1,139,9342281,C6VG7,NORWEGIAN PEARL,16,KETCHIKAN
2008-07-24T21:29:52,309653000,58.67787333,-136.1814783,139.2,19.1,139,9342281,C6VG7,NORWEGIAN PEARL,16,KETCHIKAN
2008-07-24T21:29:45,309653000,58.67834,-136.182245,139.2,19.1,139,9342281,C6VG7,NORWEGIAN PEARL,16,KETCHIKAN
2008-07-24T21:29:39,309653000,58.67874,-136.1829117,139.2,19.1,139,9342281,C6VG7,NORWEGIAN PEARL,16,KETCHIKAN
2008-07-24T21:29:33,309653000,58.67914,-136.1835617,139.2,19.1,139,9342281,C6VG7,NORWEGIAN PEARL,16,KETCHIKAN
2008-07-24T21:29:21,309653000,58.67994,-136.184895,139.0,19.0,139,9342281,C6VG7,NORWEGIAN PEARL,16,KETCHIKAN
2008-07-24T21:29:10,309653000,58.68067333,-136.1861133,139.2,19.1,139,9342281,C6VG7,NORWEGIAN PEARL,16,KETCHIKAN
2008-07-24T21:28:51,309653000,58.68189,-136.1880933,138.7,19.1,139,9342281,C6VG7,NORWEGIAN PEARL,16,KETCHIKAN
2008-07-24T21:28:45,309653000,58.68228833,-136.18876,139.0,19.1,139,9342281,C6VG7,NORWEGIAN PEARL,16,KETCHIKAN
2008-07-24T21:28:38,309653000,58.68275667,-136.1895433,139.0,19.1,139,9342281,C6VG7,NORWEGIAN PEARL,16,KETCHIKAN
2008-07-24T21:28:32,309653000,58.683155,-136.1901917,139.0,19.1,139,9342281,C6VG7,NORWEGIAN PEARL,16,KETCHIKAN
2008-07-24T21:28:21,309653000,58.683955,-136.191525,139.0,19.0,139,9342281,C6VG7,NORWEGIAN PEARL,16,KETCHIKAN
2008-07-24T21:28:15,309653000,58.684355,-136.1921917,139.0,19.0,139,9342281,C6VG7,NORWEGIAN PEARL,16,KETCHIKAN
2008-07-24T21:27:41,309653000,58.686755,-136.196175,139.0,19.1,139,9342281,C6VG7,NORWEGIAN PEARL,16,KETCHIKAN
2008-07-24T21:27:30,309653000,58.68747167,-136.1973917,139.0,19.0,139,9342281,C6VG7,NORWEGIAN PEARL,16,KETCHIKAN
2008-07-24T21:27:20,309653000,58.68787,-136.1980567,139.0,19.1,139,9342281,C6VG7,NORWEGIAN PEARL,16,KETCHIKAN
2008-07-24T21:27:17,309653000,58.68828667,-136.1987217,138.7,19.1,139,9342281,C6VG7,NORWEGIAN PEARL,16,KETCHIKAN
2008-07-24T21:27:09,309653000,58.68867,-136.1993883,139.0,19.1,139,9342281,C6VG7,NORWEGIAN PEARL,16,KETCHIKAN
2008-07-24T21:26:56,309653000,58.68953667,-136.20082,138.7,19.1,139,9342281,C6VG7,NORWEGIAN PEARL,16,KETCHIKAN
2008-07-24T21:26:51,309653000,58.68993667,-136.2014883,138.7,19.1,139,9342281,C6VG7,NORWEGIAN PEARL,16,KETCHIKAN
2008-07-24T21:26:45,309653000,58.690335,-136.2021533,139.0,19.1,139,9342281,C6VG7,NORWEGIAN PEARL,16,KETCHIKAN
2008-07-24T21:26:38,309653000,58.690735,-136.20282,139.0,19.1,139,9342281,C6VG7,NORWEGIAN PEARL,16,KETCHIKAN
2008-07-24T21:26:32,309653000,58.691135,-136.2034867,138.7,19.1,139,9342281,C6VG7,NORWEGIAN PEARL,16,KETCHIKAN
2008-07-24T21:26:26,309653000,58.691535,-136.2041533,139.0,19.1,139,9342281,C6VG7,NORWEGIAN PEARL,16,KETCHIKAN
2008-07-24T21:26:21,309653000,58.691935,-136.20482,139.0,19.1,139,9342281,C6VG7,NORWEGIAN PEARL,16,KETCHIKAN
2008-07-24T21:26:16,309653000,58.69226833,-136.205385,138.7,19.1,139,9342281,C6VG7,NORWEGIAN PEARL,16,KETCHIKAN
2008-07-24T21:25:56,309653000,58.69353333,-136.207485,139.0,19.1,139,9342281,C6VG7,NORWEGIAN PEARL,16,KETCHIKAN
2008-07-24T21:25:52,309653000,58.69386667,-136.2080333,138.7,19.1,139,9342281,C6VG7,NORWEGIAN PEARL,16,KETCHIKAN
2008-07-24T21:25:27,309653000,58.69546667,-136.2107,138.7,19.1,139,9342281,C6VG7,NORWEGIAN PEARL,16,KETCHIKAN
2008-07-24T21:25:15,309653000,58.69633167,-136.2121483,139.0,19.1,139,9342281,C6VG7,NORWEGIAN PEARL,16,KETCHIKAN
2008-07-24T21:25:09,309653000,58.69673333,-136.212815,139.0,19.1,139,9342281,C6VG7,NORWEGIAN PEARL,16,KETCHIKAN
2008-07-24T21:25:04,309653000,58.69714833,-136.21348,138.7,19.1,139,9342281,C6VG7,NORWEGIAN PEARL,16,KETCHIKAN
2008-07-24T21:24:28,309653000,58.69954667,-136.21748,139.0,19.2,139,9342281,C6VG7,NORWEGIAN PEARL,16,KETCHIKAN
2008-07-24T21:24:09,309653000,58.70068,-136.2193633,139.2,19.2,139,9342281,C6VG7,NORWEGIAN PEARL,16,KETCHIKAN
2008-07-24T21:24:03,309653000,58.70109667,-136.2200467,139.2,19.2,139,9342281,C6VG7,NORWEGIAN PEARL,16,KETCHIKAN
2008-07-24T21:23:57,309653000,58.701565,-136.2208117,139.0,19.2,139,9342281,C6VG7,NORWEGIAN PEARL,16,KETCHIKAN
2008-07-24T21:23:51,309653000,58.70189667,-136.22138,139.2,19.2,139,9342281,C6VG7,NORWEGIAN PEARL,16,KETCHIKAN
2008-07-24T21:23:38,309653000,58.70276333,-136.2228117,139.2,19.2,139,9342281,C6VG7,NORWEGIAN PEARL,16,KETCHIKAN
2008-07-24T21:23:32,309653000,58.70316333,-136.22348,139.2,19.2,139,9342281,C6VG7,NORWEGIAN PEARL,16,KETCHIKAN
2008-07-24T21:23:27,309653000,58.70358,-136.2241467,139.2,19.1,139,9342281,C6VG7,NORWEGIAN PEARL,16,KETCHIKAN
2008-07-24T21:23:21,309653000,58.70398,-136.224795,139.2,19.2,139,9342281,C6VG7,NORWEGIAN PEARL,16,KETCHIKAN
2008-07-24T21:23:19,309653000,58.70438,-136.22548,0.0,0.0,0,9342281,C6VG7,NORWEGIAN PEARL,16,KETCHIKAN
2008-07-24T21:23:14,309653000,58.70438,-136.22548,139.5,19.2,139,9342281,C6VG7,NORWEGIAN PEARL,16,KETCHIKAN
2008-07-24T21:23:10,309653000,58.70478,-136.22613,139.5,19.1,139,9342281,C6VG7,NORWEGIAN PEARL,16,KETCHIKAN
2008-07-24T21:23:06,309653000,58.70519667,-136.226795,139.2,19.1,139,9342281,C6VG7,NORWEGIAN PEARL,16,KETCHIKAN
2008-07-24T21:22:39,309653000,58.70683,-136.22943,140.2,19.2,140,9342281,C6VG7,NORWEGIAN PEARL,16,KETCHIKAN
2008-07-24T21:22:27,309653000,58.70756167,-136.2306283,140.2,19.2,140,9342281,C6VG7,NORWEGIAN PEARL,16,KETCHIKAN
2008-07-24T21:22:22,309653000,58.70797833,-136.23128,140.0,19.2,140,9342281,C6VG7,NORWEGIAN PEARL,16,KETCHIKAN
2008-07-24T21:22:04,309653000,58.70927833,-136.233345,140.2,19.2,140,9342281,C6VG7,NORWEGIAN PEARL,16,KETCHIKAN
2008-07-24T21:21:51,309653000,58.71009333,-136.2346283,140.2,19.1,140,9342281,C6VG7,NORWEGIAN PEARL,16,KETCHIKAN
2008-07-24T21:21:45,309653000,58.71051,-136.2352783,140.5,19.2,140,9342281,C6VG7,NORWEGIAN PEARL,16,KETCHIKAN
2008-07-24T21:21:39,309653000,58.71091,-136.2359267,140.2,19.2,140,9342281,C6VG7,NORWEGIAN PEARL,16,KETCHIKAN
2008-07-24T21:21:27,309653000,58.71166,-136.23711,140.2,19.1,140,9342281,C6VG7,NORWEGIAN PEARL,16,KETCHIKAN
2008-07-24T21:21:15,309653000,58.71256,-136.238525,140.2,19.2,140,9342281,C6VG7,NORWEGIAN PEARL,16,KETCHIKAN
2008-07-24T21:21:09,309653000,58.71296,-136.2391583,140.0,19.2,140,9342281,C6VG7,NORWEGIAN PEARL,16,KETCHIKAN
2008-07-24T21:20:51,309653000,58.714125,-136.2410083,140.2,19.2,140,9342281,C6VG7,NORWEGIAN PEARL,16,KETCHIKAN
2008-07-24T21:20:40,309653000,58.71494167,-136.2423083,140.2,19.2,140,9342281,C6VG7,NORWEGIAN PEARL,16,KETCHIKAN
2008-07-24T21:20:34,309653000,58.71535833,-136.2429583,140.5,19.2,140,9342281,C6VG7,NORWEGIAN PEARL,16,KETCHIKAN
2008-07-24T21:20:27,309653000,58.715775,-136.2436083,140.2,19.2,140,9342281,C6VG7,NORWEGIAN PEARL,16,KETCHIKAN
2008-07-24T21:20:08,309653000,58.717075,-136.2456583,140.2,19.2,140,9342281,C6VG7,NORWEGIAN PEARL,16,KETCHIKAN
2008-07-24T21:20:04,309653000,58.71740833,-136.2462083,140.5,19.2,140,9342281,C6VG7,NORWEGIAN PEARL,16,KETCHIKAN
2008-07-24T21:19:56,309653000,58.71789167,-136.2469567,140.5,19.2,140,9342281,C6VG7,NORWEGIAN PEARL,16,KETCHIKAN
2008-07-24T21:19:52,309653000,58.71824,-136.247505,140.2,19.2,140,9342281,C6VG7,NORWEGIAN PEARL,16,KETCHIKAN
2008-07-24T21:19:45,309653000,58.71870667,-136.248255,140.2,19.1,140,9342281,C6VG7,NORWEGIAN PEARL,16,KETCHIKAN
2008-07-24T21:19:39,309653000,58.71912333,-136.248905,140.5,19.1,140,9342281,C6VG7,NORWEGIAN PEARL,16,KETCHIKAN
2008-07-24T21:19:34,309653000,58.71945667,-136.2494383,140.5,19.1,140,9342281,C6VG7,NORWEGIAN PEARL,16,KETCHIKAN
2008-07-24T21:19:21,309653000,58.72029,-136.25074,140.5,19.1,140,9342281,C6VG7,NORWEGIAN PEARL,16,KETCHIKAN
2008-07-24T21:19:14,309653000,58.72070667,-136.25139,140.5,19.2,140,9342281,C6VG7,NORWEGIAN PEARL,16,KETCHIKAN
2008-07-24T21:19:08,309653000,58.72110667,-136.2520217,140.5,19.2,140,9342281,C6VG7,NORWEGIAN PEARL,16,KETCHIKAN
2008-07-24T21:19:03,309653000,58.72152333,-136.2526717,140.5,19.2,140,9342281,C6VG7,NORWEGIAN PEARL,16,KETCHIKAN
2008-07-24T21:18:58,309653000,58.72200667,-136.2534383,140.5,19.2,140,9342281,C6VG7,NORWEGIAN PEARL,16,KETCHIKAN
2008-07-24T21:18:53,309653000,58.72235667,-136.2539717,140.8,19.2,140,9342281,C6VG7,NORWEGIAN PEARL,16,KETCHIKAN
2008-07-24T21:18:38,309653000,58.72324,-136.2553717,140.8,19.2,140,9342281,C6VG7,NORWEGIAN PEARL,16,KETCHIKAN
2008-07-24T21:18:34,309653000,58.72359,-136.255905,140.5,19.2,140,9342281,C6VG7,NORWEGIAN PEARL,16,KETCHIKAN
2008-07-24T21:18:21,309653000,58.72447333,-136.257305,140.8,19.2,140,9342281,C6VG7,NORWEGIAN PEARL,16,KETCHIKAN
2008-07-24T21:18:16,309653000,58.72489,-136.2579567,140.5,19.2,140,9342281,C6VG7,NORWEGIAN PEARL,16,KETCHIKAN
2008-07-24T21:18:08,309653000,58.72530667,-136.258605,140.5,19.2,140,9342281,C6VG7,NORWEGIAN PEARL,16,KETCHIKAN
2008-07-24T21:17:57,309653000,58.72612333,-136.259905,140.5,19.2,140,9342281,C6VG7,NORWEGIAN PEARL,16,KETCHIKAN
2008-07-24T21:17:45,309653000,58.726955,-136.2611867,140.2,19.2,140,9342281,C6VG7,NORWEGIAN PEARL,16,KETCHIKAN
2008-07-24T21:17:34,309653000,58.727705,-136.2623867,140.2,19.2,140,9342281,C6VG7,NORWEGIAN PEARL,16,KETCHIKAN
2008-07-24T21:17:27,309653000,58.72812333,-136.2630367,140.2,19.2,140,9342281,C6VG7,NORWEGIAN PEARL,16,KETCHIKAN
2008-07-24T21:17:22,309653000,58.72854,-136.263685,140.2,19.2,140,9342281,C6VG7,NORWEGIAN PEARL,16,KETCHIKAN
2008-07-24T21:17:09,309653000,58.729355,-136.2649983,139.2,19.2,139,9342281,C6VG7,NORWEGIAN PEARL,16,KETCHIKAN
2008-07-24T21:17:03,309653000,58.72975667,-136.26565,139.2,19.2,139,9342281,C6VG7,NORWEGIAN PEARL,16,KETCHIKAN
2008-07-24T21:16:52,309653000,58.73057333,-136.2669967,138.2,19.2,138,9342281,C6VG7,NORWEGIAN PEARL,16,KETCHIKAN
2008-07-24T21:16:44,309653000,58.73104,-136.26778,138.2,19.2,138,9342281,C6VG7,NORWEGIAN PEARL,16,KETCHIKAN
2008-07-24T21:16:38,309653000,58.73142333,-136.2684617,137.2,19.1,137,9342281,C6VG7,NORWEGIAN PEARL,16,KETCHIKAN
2008-07-24T21:16:33,309653000,58.73175833,-136.2690283,137.0,19.1,137,9342281,C6VG7,NORWEGIAN PEARL,16,KETCHIKAN
2008-07-24T21:16:22,309653000,58.73254167,-136.270425,136.2,19.2,136,9342281,C6VG7,NORWEGIAN PEARL,16,KETCHIKAN
2008-07-24T21:16:08,309653000,58.733375,-136.271955,135.0,19.2,135,9342281,C6VG7,NORWEGIAN PEARL,16,KETCHIKAN
2008-07-24T21:16:02,309653000,58.73374333,-136.2726867,134.0,19.2,134,9342281,C6VG7,NORWEGIAN PEARL,16,KETCHIKAN
2008-07-24T21:15:58,309653000,58.73406,-136.2732867,134.0,19.2,134,9342281,C6VG7,NORWEGIAN PEARL,16,KETCHIKAN
2008-07-24T21:15:51,309653000,58.73442667,-136.27402,133.2,19.2,133,9342281,C6VG7,NORWEGIAN PEARL,16,KETCHIKAN
2008-07-24T21:15:44,309653000,58.73479333,-136.2747517,133.2,19.2,133,9342281,C6VG7,NORWEGIAN PEARL,16,KETCHIKAN
2008-07-24T21:15:38,309653000,58.73522833,-136.2756167,132.0,19.2,133,9342281,C6VG7,NORWEGIAN PEARL,16,KETCHIKAN
2008-07-24T21:15:27,309653000,58.735945,-136.27713,131.0,19.2,131,9342281,C6VG7,NORWEGIAN PEARL,16,KETCHIKAN
2008-07-24T21:15:09,309653000,58.736995,-136.279425,130.2,19.1,130,9342281,C6VG7,NORWEGIAN PEARL,16,KETCHIKAN
2008-07-24T21:15:02,309653000,58.737345,-136.2802067,129.0,19.2,129,9342281,C6VG7,NORWEGIAN PEARL,16,KETCHIKAN
2008-07-24T21:14:57,309653000,58.73768,-136.28099,128.7,19.1,129,9342281,C6VG7,NORWEGIAN PEARL,16,KETCHIKAN
2008-07-24T21:14:52,309653000,58.737965,-136.281655,128.7,19.2,129,9342281,C6VG7,NORWEGIAN PEARL,16,KETCHIKAN
2008-07-24T21:14:39,309653000,58.73868167,-136.28339,127.2,19.1,128,9342281,C6VG7,NORWEGIAN PEARL,16,KETCHIKAN
2008-07-24T21:14:33,309653000,58.73901667,-136.2841733,127.0,19.1,127,9342281,C6VG7,NORWEGIAN PEARL,16,KETCHIKAN
2008-07-24T21:14:29,309653000,58.73933333,-136.2849883,126.2,19.2,126,9342281,C6VG7,NORWEGIAN PEARL,16,KETCHIKAN
2008-07-24T21:14:22,309653000,58.7396,-136.2856717,126.5,19.2,126,9342281,C6VG7,NORWEGIAN PEARL,16,KETCHIKAN
2008-07-24T21:14:14,309653000,58.73991667,-136.2865017,126.5,19.2,126,9342281,C6VG7,NORWEGIAN PEARL,16,KETCHIKAN
2008-07-24T21:14:03,309653000,58.74060167,-136.288285,125.2,19.1,125,9342281,C6VG7,NORWEGIAN PEARL,16,KETCHIKAN
2008-07-24T21:13:27,309653000,58.74245,-136.2932483,125.2,19.1,125,9342281,C6VG7,NORWEGIAN PEARL,16,KETCHIKAN
2008-07-24T21:13:02,309653000,58.74368333,-136.2965633,125.2,19.1,125,9342281,C6VG7,NORWEGIAN PEARL,16,KETCHIKAN
2008-07-24T21:12:57,309653000,58.74393333,-136.2972467,125.2,19.1,125,9342281,C6VG7,NORWEGIAN PEARL,16,KETCHIKAN
2008-07-24T21:12:45,309653000,58.74454833,-136.2989133,125.5,19.1,125,9342281,C6VG7,NORWEGIAN PEARL,16,KETCHIKAN
2008-07-24T21:12:40,309653000,58.744915,-136.2998967,125.5,19.1,125,9342281,C6VG7,NORWEGIAN PEARL,16,KETCHIKAN
2008-07-24T21:12:33,309653000,58.745215,-136.3007117,125.2,19.1,125,9342281,C6VG7,NORWEGIAN PEARL,16,KETCHIKAN
2008-07-24T21:12:21,309653000,58.74578167,-136.3022283,125.2,19.1,125,9342281,C6VG7,NORWEGIAN PEARL,16,KETCHIKAN
2008-07-24T21:12:15,309653000,58.74609833,-136.30306,125.0,19.1,125,9342281,C6VG7,NORWEGIAN PEARL,16,KETCHIKAN
2008-07-24T21:12:08,309653000,58.74639833,-136.303895,125.2,19.1,125,9342281,C6VG7,NORWEGIAN PEARL,16,KETCHIKAN
2008-07-24T21:12:02,309653000,58.74675,-136.304865,125.2,19.2,125,9342281,C6VG7,NORWEGIAN PEARL,16,KETCHIKAN
2008-07-24T21:11:58,309653000,58.74701667,-136.305565,125.2,19.1,125,9342281,C6VG7,NORWEGIAN PEARL,16,KETCHIKAN
2008-07-24T21:11:46,309653000,58.74763333,-136.307215,125.2,19.1,125,9342281,C6VG7,NORWEGIAN PEARL,16,KETCHIKAN
2008-07-24T21:11:34,309653000,58.7483,-136.309015,125.2,19.2,125,9342281,C6VG7,NORWEGIAN PEARL,16,KETCHIKAN
2008-07-24T21:11:28,309653000,58.74855,-136.309715,125.5,19.2,125,9342281,C6VG7,NORWEGIAN PEARL,16,KETCHIKAN
2008-07-24T21:11:15,309653000,58.749165,-136.3113783,125.2,19.2,125,9342281,C6VG7,NORWEGIAN PEARL,16,KETCHIKAN
2008-07-24T21:11:13,309653000,58.74983167,-136.31318,0.0,0.0,0,9342281,C6VG7,NORWEGIAN PEARL,16,KETCHIKAN
2008-07-24T21:11:02,309653000,58.74983167,-136.31318,125.2,19.2,125,9342281,C6VG7,NORWEGIAN PEARL,16,GLACIER BAY
2008-07-24T21:10:38,309653000,58.751015,-136.3163783,125.2,19.2,125,9342281,C6VG7,NORWEGIAN PEARL,16,GLACIER BAY
2008-07-24T21:10:27,309653000,58.75163167,-136.318045,125.2,19.3,125,9342281,C6VG7,NORWEGIAN PEARL,16,GLACIER BAY
2008-07-24T21:10:15,309653000,58.75229833,-136.3198617,125.2,19.3,125,9342281,C6VG7,NORWEGIAN PEARL,16,GLACIER BAY
2008-07-24T21:10:03,309653000,58.75293167,-136.3215283,125.2,19.3,125,9342281,C6VG7,NORWEGIAN PEARL,16,GLACIER BAY
2008-07-24T21:09:58,309653000,58.75318167,-136.3222283,125.2,19.3,125,9342281,C6VG7,NORWEGIAN PEARL,16,GLACIER BAY
2008-07-24T21:09:44,309653000,58.75386333,-136.3240433,125.5,19.3,125,9342281,C6VG7,NORWEGIAN PEARL,16,GLACIER BAY
2008-07-24T21:09:33,309653000,58.75443,-136.3255767,125.5,19.4,125,9342281,C6VG7,NORWEGIAN PEARL,16,GLACIER BAY
2008-07-24T21:09:21,309653000,58.75504667,-136.3272433,125.5,19.4,125,9342281,C6VG7,NORWEGIAN PEARL,16,GLACIER BAY
2008-07-24T21:09:15,309653000,58.75536333,-136.3280917,125.5,19.4,125,9342281,C6VG7,NORWEGIAN PEARL,16,GLACIER BAY
2008-07-24T21:09:03,309653000,58.75604667,-136.3299083,125.5,19.4,125,9342281,C6VG7,NORWEGIAN PEARL,16,GLACIER BAY
2008-07-24T21:08:57,309653000,58.75631333,-136.3306083,125.5,19.4,125,9342281,C6VG7,NORWEGIAN PEARL,16,GLACIER BAY
2008-07-24T21:08:50,309653000,58.75663,-136.3314417,125.5,19.4,125,9342281,C6VG7,NORWEGIAN PEARL,16,GLACIER BAY
2008-07-24T21:08:45,309653000,58.75699667,-136.332425,125.5,19.4,125,9342281,C6VG7,NORWEGIAN PEARL,16,GLACIER BAY
2008-07-24T21:08:40,309653000,58.75731333,-136.3332733,125.5,19.4,125,9342281,C6VG7,NORWEGIAN PEARL,16,GLACIER BAY
2008-07-24T21:08:33,309653000,58.75761333,-136.3341067,125.5,19.5,125,9342281,C6VG7,NORWEGIAN PEARL,16,GLACIER BAY
2008-07-24T21:08:28,309653000,58.75788,-136.3348067,125.2,19.5,125,9342281,C6VG7,NORWEGIAN PEARL,16,GLACIER BAY
2008-07-24T21:08:22,309653000,58.75819667,-136.3356567,125.2,19.5,125,9342281,C6VG7,NORWEGIAN PEARL,16,GLACIER BAY
2008-07-24T21:08:09,309653000,58.75883,-136.33734,125.5,19.5,125,9342281,C6VG7,NORWEGIAN PEARL,16,GLACIER BAY
2008-07-24T21:08:03,309653000,58.759195,-136.3383383,125.5,19.5,125,9342281,C6VG7,NORWEGIAN PEARL,16,GLACIER BAY
2008-07-24T21:07:56,309653000,58.75951333,-136.3391733,125.5,19.5,125,9342281,C6VG7,NORWEGIAN PEARL,16,GLACIER BAY
2008-07-24T21:07:51,309653000,58.75982833,-136.3400033,125.5,19.5,125,9342281,C6VG7,NORWEGIAN PEARL,16,GLACIER BAY
2008-07-24T21:07:45,309653000,58.760095,-136.34072,125.5,19.5,125,9342281,C6VG7,NORWEGIAN PEARL,16,GLACIER BAY
2008-07-24T21:07:22,309653000,58.761345,-136.3441033,125.5,19.6,125,9342281,C6VG7,NORWEGIAN PEARL,16,GLACIER BAY
2008-07-24T21:07:03,309653000,58.76241167,-136.346935,125.5,19.6,125,9342281,C6VG7,NORWEGIAN PEARL,16,GLACIER BAY
2008-07-24T21:06:51,309653000,58.762995,-136.348485,125.5,19.6,125,9342281,C6VG7,NORWEGIAN PEARL,16,GLACIER BAY
2008-07-24T21:04:03,309653000,58.77197333,-136.3724233,125.8,19.8,125,9342281,C6VG7,NORWEGIAN PEARL,16,GLACIER BAY
2008-07-24T21:03:51,309653000,58.77255667,-136.3740067,125.8,19.9,125,9342281,C6VG7,NORWEGIAN PEARL,16,GLACIER BAY
2008-07-24T21:03:39,309653000,58.77325667,-136.3758567,125.8,19.8,125,9342281,C6VG7,NORWEGIAN PEARL,16,GLACIER BAY
2008-07-24T21:03:28,309653000,58.77385667,-136.3774067,125.8,19.9,125,9342281,C6VG7,NORWEGIAN PEARL,16,GLACIER BAY
2008-07-24T21:03:15,309653000,58.774555,-136.3792717,125.8,19.9,125,9342281,C6VG7,NORWEGIAN PEARL,16,GLACIER BAY
2008-07-24T21:03:10,309653000,58.77487333,-136.3801383,125.8,19.9,125,9342281,C6VG7,NORWEGIAN PEARL,16,GLACIER BAY
2008-07-24T21:03:03,309653000,58.77518833,-136.3809883,125.8,19.9,125,9342281,C6VG7,NORWEGIAN PEARL,16,GLACIER BAY
2008-07-24T21:02:57,309653000,58.77552167,-136.381855,126.1,19.9,125,9342281,C6VG7,NORWEGIAN PEARL,16,GLACIER BAY
2008-07-24T21:02:52,309653000,58.77583833,-136.382705,125.8,19.9,125,9342281,C6VG7,NORWEGIAN PEARL,16,GLACIER BAY
2008-07-24T21:02:40,309653000,58.77648833,-136.3844367,125.8,19.8,125,9342281,C6VG7,NORWEGIAN PEARL,16,GLACIER BAY
2008-07-24T21:02:22,309653000,58.777405,-136.3868517,125.5,19.9,125,9342281,C6VG7,NORWEGIAN PEARL,16,GLACIER BAY
2008-07-24T21:02:15,309653000,58.77773833,-136.3877183,125.5,19.9,125,9342281,C6VG7,NORWEGIAN PEARL,16,GLACIER BAY
2008-07-24T21:01:15,309653000,58.78097167,-136.3963167,126.1,19.9,125,9342281,C6VG7,NORWEGIAN PEARL,16,GLACIER BAY
2008-07-24T21:01:03,309653000,58.78162167,-136.3980333,125.8,19.9,125,9342281,C6VG7,NORWEGIAN PEARL,16,GLACIER BAY
2008-07-24T21:00:45,309653000,58.78260333,-136.4005967,125.8,19.9,125,9342281,C6VG7,NORWEGIAN PEARL,16,GLACIER BAY
2008-07-24T21:00:03,309653000,58.784935,-136.4067783,125.8,19.9,125,9342281,C6VG7,NORWEGIAN PEARL,16,GLACIER BAY
2008-07-24T20:59:51,309653000,58.785585,-136.4084767,125.8,20.0,125,9342281,C6VG7,NORWEGIAN PEARL,16,GLACIER BAY
2008-07-24T20:59:39,309653000,58.78625167,-136.410225,126.1,19.9,125,9342281,C6VG7,NORWEGIAN PEARL,16,GLACIER BAY
2008-07-24T20:59:27,309653000,58.78685167,-136.4117917,125.8,20.0,125,9342281,C6VG7,NORWEGIAN PEARL,16,GLACIER BAY
2008-07-24T20:59:16,309653000,58.78748333,-136.4135233,126.1,20.0,125,9342281,C6VG7,NORWEGIAN PEARL,16,GLACIER BAY
2008-07-24T20:59:04,309653000,58.78815,-136.41524,125.8,19.9,125,9342281,C6VG7,NORWEGIAN PEARL,16,GLACIER BAY
2008-07-24T20:58:46,309653000,58.78911667,-136.4178233,125.8,20.0,125,9342281,C6VG7,NORWEGIAN PEARL,16,GLACIER BAY
2008-07-24T20:58:33,309653000,58.78983167,-136.419685,126.1,20.0,125,9342281,C6VG7,NORWEGIAN PEARL,16,GLACIER BAY
2008-07-24T20:58:28,309653000,58.79009833,-136.4204017,125.8,20.0,125,9342281,C6VG7,NORWEGIAN PEARL,16,GLACIER BAY
2008-07-24T20:58:22,309653000,58.79048167,-136.4214017,125.8,20.0,125,9342281,C6VG7,NORWEGIAN PEARL,16,GLACIER BAY
2008-07-24T20:58:15,309653000,58.79079833,-136.422285,125.8,19.9,125,9342281,C6VG7,NORWEGIAN PEARL,16,GLACIER BAY
2008-07-24T20:58:10,309653000,58.79113167,-136.423135,125.8,19.9,125,9342281,C6VG7,NORWEGIAN PEARL,16,GLACIER BAY
2008-07-24T20:58:04,309653000,58.79139833,-136.4238683,125.8,20.0,125,9342281,C6VG7,NORWEGIAN PEARL,16,GLACIER BAY
2008-07-24T20:57:56,309653000,58.79178167,-136.4248667,125.8,20.0,125,9342281,C6VG7,NORWEGIAN PEARL,16,GLACIER BAY
2008-07-24T20:57:50,309653000,58.79209833,-136.4257183,125.5,19.9,125,9342281,C6VG7,NORWEGIAN PEARL,16,GLACIER BAY
2008-07-24T20:57:45,309653000,58.79238,-136.4264483,125.5,20.0,125,9342281,C6VG7,NORWEGIAN PEARL,16,GLACIER BAY
2008-07-24T20:57:33,309653000,58.79301333,-136.428165,125.5,19.9,125,9342281,C6VG7,NORWEGIAN PEARL,16,GLACIER BAY
2008-07-24T20:57:21,309653000,58.79366333,-136.4298983,125.8,19.9,125,9342281,C6VG7,NORWEGIAN PEARL,16,GLACIER BAY
2008-07-24T20:57:15,309653000,58.79399667,-136.430765,125.8,19.9,125,9342281,C6VG7,NORWEGIAN PEARL,16,GLACIER BAY
2008-07-24T20:55:45,309653000,58.79884667,-136.443695,125.8,19.9,125,9342281,C6VG7,NORWEGIAN PEARL,16,GLACIER BAY
2008-07-24T20:55:39,309653000,58.79916333,-136.4445783,125.8,19.9,125,9342281,C6VG7,NORWEGIAN PEARL,16,GLACIER BAY
2008-07-24T20:55:26,309653000,58.79986167,-136.4464267,125.5,19.9,125,9342281,C6VG7,NORWEGIAN PEARL,16,GLACIER BAY
2008-07-24T20:55:15,309653000,58.800445,-136.4480083,125.8,19.9,125,9342281,C6VG7,NORWEGIAN PEARL,16,GLACIER BAY
2008-07-24T20:54:53,309653000,58.801745,-136.4514583,125.5,19.9,125,9342281,C6VG7,NORWEGIAN PEARL,16,GLACIER BAY
2008-07-24T20:54:39,309653000,58.802445,-136.4533233,125.5,19.9,125,9342281,C6VG7,NORWEGIAN PEARL,16,GLACIER BAY
2008-07-24T20:54:27,309653000,58.80307833,-136.4550567,125.5,19.9,125,9342281,C6VG7,NORWEGIAN PEARL,16,GLACIER BAY
2008-07-24T20:54:15,309653000,58.80367667,-136.45664,125.5,19.9,125,9342281,C6VG7,NORWEGIAN PEARL,16,GLACIER BAY
2008-07-24T20:53:52,309653000,58.80496,-136.46007,125.5,19.8,125,9342281,C6VG7,NORWEGIAN PEARL,16,GLACIER BAY
2008-07-24T20:53:39,309653000,58.80564333,-136.4619367,125.8,19.8,125,9342281,C6VG7,NORWEGIAN PEARL,16,GLACIER BAY
2008-07-24T20:53:26,309653000,58.80627667,-136.4636517,125.2,19.8,125,9342281,C6VG7,NORWEGIAN PEARL,16,GLACIER BAY
2008-07-24T20:53:16,309653000,58.806875,-136.465235,125.8,19.8,125,9342281,C6VG7,NORWEGIAN PEARL,16,GLACIER BAY
2008-07-24T20:52:54,309653000,58.80815833,-136.4686667,125.5,19.8,125,9342281,C6VG7,NORWEGIAN PEARL,16,GLACIER BAY
2008-07-24T20:52:44,309653000,58.808525,-136.469665,125.8,19.8,125,9342281,C6VG7,NORWEGIAN PEARL,16,GLACIER BAY
2008-07-24T20:52:39,309653000,58.80879167,-136.4703817,125.5,19.8,125,9342281,C6VG7,NORWEGIAN PEARL,16,GLACIER BAY
2008-07-24T20:52:11,309653000,58.81045667,-136.4748133,125.8,19.8,125,9342281,C6VG7,NORWEGIAN PEARL,16,GLACIER BAY
2008-07-24T20:51:58,309653000,58.81109,-136.4765117,125.5,19.8,125,9342281,C6VG7,NORWEGIAN PEARL,16,GLACIER BAY
2008-07-24T20:51:51,309653000,58.81135667,-136.4772283,125.8,19.8,125,9342281,C6VG7,NORWEGIAN PEARL,16,GLACIER BAY
2008-07-24T20:51:44,309653000,58.81174,-136.4782267,125.8,19.8,125,9342281,C6VG7,NORWEGIAN PEARL,16,GLACIER BAY
2008-07-24T20:51:35,309653000,58.81232333,-136.4797767,125.5,19.7,125,9342281,C6VG7,NORWEGIAN PEARL,16,GLACIER BAY
2008-07-24T20:51:22,309653000,58.81297333,-136.4814933,125.8,19.8,125,9342281,C6VG7,NORWEGIAN PEARL,16,GLACIER BAY
2008-07-24T20:51:08,309653000,58.81367333,-136.4833433,126.1,19.7,125,9342281,C6VG7,NORWEGIAN PEARL,16,GLACIER BAY
2008-07-24T20:50:57,309653000,58.814255,-136.4848917,126.1,19.8,125,9342281,C6VG7,NORWEGIAN PEARL,16,GLACIER BAY
2008-07-24T20:50:52,309653000,58.81458833,-136.48576,125.8,19.7,125,9342281,C6VG7,NORWEGIAN PEARL,16,GLACIER BAY
2008-07-24T20:50:44,309653000,58.814905,-136.4865933,126.1,19.7,125,9342281,C6VG7,NORWEGIAN PEARL,16,GLACIER BAY
2008-07-24T20:50:33,309653000,58.815555,-136.4882933,126.1,19.7,125,9342281,C6VG7,NORWEGIAN PEARL,16,GLACIER BAY
2008-07-24T20:50:22,309653000,58.816255,-136.4901417,126.1,19.7,125,9342281,C6VG7,NORWEGIAN PEARL,16,GLACIER BAY
2008-07-24T20:50:16,309653000,58.81717167,-136.4925417,126.1,19.7,125,9342281,C6VG7,NORWEGIAN PEARL,16,GLACIER BAY
2008-07-24T20:49:51,309653000,58.81782,-136.49424,126.1,19.7,125,9342281,C6VG7,NORWEGIAN PEARL,16,GLACIER BAY
2008-07-24T20:49:38,309653000,58.81852,-136.49607,126.4,19.7,125,9342281,C6VG7,NORWEGIAN PEARL,16,GLACIER BAY
2008-07-24T20:49:27,309653000,58.81910333,-136.49762,126.1,19.6,125,9342281,C6VG7,NORWEGIAN PEARL,16,GLACIER BAY
2008-07-24T20:49:15,309653000,58.81975167,-136.49932,126.1,19.7,125,9342281,C6VG7,NORWEGIAN PEARL,16,GLACIER BAY
2008-07-24T20:49:03,309653000,58.82040333,-136.5010033,126.4,19.6,125,9342281,C6VG7,NORWEGIAN PEARL,16,GLACIER BAY
2008-07-24T20:47:22,309653000,58.82581833,-136.5153633,125.5,19.5,125,9342281,C6VG7,NORWEGIAN PEARL,16,GLACIER BAY
2008-07-24T20:46:53,309653000,58.82745,-136.519745,125.5,19.5,125,9342281,C6VG7,NORWEGIAN PEARL,16,GLACIER BAY
2008-07-24T20:46:45,309653000,58.82776667,-136.520595,125.8,19.6,125,9342281,C6VG7,NORWEGIAN PEARL,16,GLACIER BAY
2008-07-24T20:46:22,309653000,58.82898333,-136.523845,125.5,19.5,125,9342281,C6VG7,NORWEGIAN PEARL,16,GLACIER BAY
2008-07-24T20:44:59,309653000,58.833715,-136.5366033,125.5,19.5,125,9342281,C6VG7,NORWEGIAN PEARL,16,GLACIER BAY
2008-07-24T20:42:45,309653000,58.84029667,-136.554475,123.2,19.5,123,9342281,C6VG7,NORWEGIAN PEARL,16,GLACIER BAY
2008-07-24T20:42:20,309653000,58.841515,-136.5581083,122.0,19.4,122,9342281,C6VG7,NORWEGIAN PEARL,16,GLACIER BAY
2008-07-24T20:42:09,309653000,58.84209833,-136.559855,121.0,19.5,121,9342281,C6VG7,NORWEGIAN PEARL,16,GLACIER BAY
2008-07-24T20:41:15,309653000,58.84456667,-136.5679667,118.0,19.5,118,9342281,C6VG7,NORWEGIAN PEARL,16,GLACIER BAY
2008-07-24T20:40:45,309653000,58.8458,-136.5724267,117.5,19.5,117,9342281,C6VG7,NORWEGIAN PEARL,16,GLACIER BAY
2008-07-24T20:40:39,309653000,58.8461,-136.5734933,117.2,19.5,117,9342281,C6VG7,NORWEGIAN PEARL,16,GLACIER BAY
2008-07-24T20:40:30,309653000,58.8466,-136.5753433,117.2,19.5,117,9342281,C6VG7,NORWEGIAN PEARL,16,GLACIER BAY
2008-07-24T20:39:14,309653000,58.8496,-136.5864583,117.2,19.5,117,9342281,C6VG7,NORWEGIAN PEARL,16,GLACIER BAY
2008-07-24T20:38:09,309653000,58.85233167,-136.59665,116.4,19.5,117,9342281,C6VG7,NORWEGIAN PEARL,16,GLACIER BAY
2008-07-24T20:37:39,309653000,58.85354833,-136.6013133,116.0,19.6,116,9342281,C6VG7,NORWEGIAN PEARL,16,GLACIER BAY
2008-07-24T20:35:51,309653000,58.85756667,-136.6182383,114.2,19.6,114,9342281,C6VG7,NORWEGIAN PEARL,16,GLACIER BAY
2008-07-24T20:35:41,309653000,58.85805,-136.620305,114.2,19.6,114,9342281,C6VG7,NORWEGIAN PEARL,16,GLACIER BAY
2008-07-24T20:35:34,309653000,58.858265,-136.621255,114.2,19.6,114,9342281,C6VG7,NORWEGIAN PEARL,16,GLACIER BAY
2008-07-24T20:35:06,309653000,58.85934833,-136.6258667,114.2,19.6,114,9342281,C6VG7,NORWEGIAN PEARL,16,GLACIER BAY
2008-07-24T20:35:06,309653000,58.859565,-136.6268183,114.2,19.6,114,9342281,C6VG7,NORWEGIAN PEARL,16,GLACIER BAY
2008-07-24T20:35:06,309653000,58.85983167,-136.6279333,114.2,19.5,114,9342281,C6VG7,NORWEGIAN PEARL,16,GLACIER BAY
2008-07-24T20:34:42,309653000,58.86049833,-136.6307817,114.2,19.5,114,9342281,C6VG7,NORWEGIAN PEARL,16,GLACIER BAY
2008-07-24T20:33:52,309653000,58.86208,-136.637415,114.8,19.5,114,9342281,C6VG7,NORWEGIAN PEARL,16,GLACIER BAY
2008-07-24T20:33:33,309653000,58.86278,-136.6402633,114.8,19.6,114,9342281,C6VG7,NORWEGIAN PEARL,16,GLACIER BAY
2008-07-24T20:33:09,309653000,58.86366333,-136.6438967,114.8,19.6,114,9342281,C6VG7,NORWEGIAN PEARL,16,GLACIER BAY
2008-07-24T20:30:51,309653000,58.86889833,-136.66571,114.2,19.5,114,9342281,C6VG7,NORWEGIAN PEARL,16,GLACIER BAY
2008-07-24T15:18:05,309653000,58.72443833,-136.2569183,320.2,19.1,320,9342281,C6VG7,NORWEGIAN PEARL,16,GLACIER BAY
2008-07-24T15:17:48,309653000,58.72322167,-136.2549367,320.0,19.1,320,9342281,C6VG7,NORWEGIAN PEARL,16,GLACIER BAY
2008-07-24T15:17:42,309653000,58.72282167,-136.2542867,320.2,19.1,320,9342281,C6VG7,NORWEGIAN PEARL,16,GLACIER BAY
2008-07-24T15:17:23,309653000,58.721605,-136.2523367,320.2,19.1,320,9342281,C6VG7,NORWEGIAN PEARL,16,GLACIER BAY
2008-07-24T15:17:17,309653000,58.72113833,-136.2515867,320.2,19.1,320,9342281,C6VG7,NORWEGIAN PEARL,16,GLACIER BAY
2008-07-24T15:17:00,309653000,58.71999,-136.249735,320.5,19.1,320,9342281,C6VG7,NORWEGIAN PEARL,16,GLACIER BAY
2008-07-24T15:16:42,309653000,58.71877167,-136.2478017,321.5,19.1,321,9342281,C6VG7,NORWEGIAN PEARL,16,GLACIER BAY
2008-07-24T15:16:35,309653000,58.71829,-136.247035,322.5,19.1,321,9342281,C6VG7,NORWEGIAN PEARL,16,GLACIER BAY
2008-07-24T15:16:28,309653000,58.71787333,-136.2464017,322.5,19.1,322,9342281,C6VG7,NORWEGIAN PEARL,16,GLACIER BAY
2008-07-24T15:16:24,309653000,58.71754,-136.245885,322.2,19.1,322,9342281,C6VG7,NORWEGIAN PEARL,16,GLACIER BAY
2008-07-24T15:15:59,309653000,58.71590833,-136.2435517,323.4,19.1,324,9342281,C6VG7,NORWEGIAN PEARL,16,GLACIER BAY
2008-07-24T15:15:25,309653000,58.71326,-136.2398867,323.4,19.1,324,9342281,C6VG7,NORWEGIAN PEARL,16,GLACIER BAY
2008-07-24T15:15:04,309653000,58.71190833,-136.23797,322.4,19.1,323,9342281,C6VG7,NORWEGIAN PEARL,16,GLACIER BAY
2008-07-24T15:14:48,309653000,58.710725,-136.2362233,321.7,19.1,322,9342281,C6VG7,NORWEGIAN PEARL,16,GLACIER BAY
2008-07-24T15:14:34,309653000,58.70990833,-136.2349733,321.0,19.1,321,9342281,C6VG7,NORWEGIAN PEARL,16,GLACIER BAY
2008-07-24T15:14:25,309653000,58.70915833,-136.23379,320.2,19.1,320,9342281,C6VG7,NORWEGIAN PEARL,16,GLACIER BAY
2008-07-24T15:14:17,309653000,58.70860833,-136.2329233,320.2,19.1,320,9342281,C6VG7,NORWEGIAN PEARL,16,GLACIER BAY
2008-07-24T15:14:05,309653000,58.70779333,-136.2316083,320.2,19.1,320,9342281,C6VG7,NORWEGIAN PEARL,16,GLACIER BAY
2008-07-24T15:13:04,309653000,58.70371,-136.2250917,320.8,19.3,320,9342281,C6VG7,NORWEGIAN PEARL,16,GLACIER BAY
2008-07-24T15:13:01,309653000,58.70337667,-136.2245417,320.8,19.3,320,9342281,C6VG7,NORWEGIAN PEARL,16,GLACIER BAY
2008-07-24T15:12:48,309653000,58.70254333,-136.2232433,320.2,19.3,320,9342281,C6VG7,NORWEGIAN PEARL,16,GLACIER BAY
2008-07-24T15:12:36,309653000,58.70166,-136.2218267,320.2,19.2,320,9342281,C6VG7,NORWEGIAN PEARL,16,GLACIER BAY
2008-07-24T15:12:36,309653000,58.70131,-136.2212933,0.0,0.0,0,9342281,C6VG7,NORWEGIAN PEARL,16,GLACIER BAY
2008-07-24T15:12:30,309653000,58.70131,-136.2212933,320.2,19.2,320,9342281,C6VG7,NORWEGIAN PEARL,16,GLACIER BAY
2008-07-24T15:12:23,309653000,58.700845,-136.2205283,320.2,19.2,320,9342281,C6VG7,NORWEGIAN PEARL,16,GLACIER BAY
2008-07-24T15:11:47,309653000,58.698445,-136.2167117,320.5,19.2,320,9342281,C6VG7,NORWEGIAN PEARL,16,GLACIER BAY
2008-07-24T15:11:12,309653000,58.69598,-136.2128133,320.2,19.2,320,9342281,C6VG7,NORWEGIAN PEARL,16,GLACIER BAY
2008-07-24T15:11:05,309653000,58.69549667,-136.2120483,320.2,19.2,320,9342281,C6VG7,NORWEGIAN PEARL,16,GLACIER BAY
2008-07-24T15:10:52,309653000,58.69468167,-136.2107483,320.5,19.2,320,9342281,C6VG7,NORWEGIAN PEARL,16,GLACIER BAY
2008-07-24T15:10:41,309653000,58.693865,-136.20945,319.7,19.2,320,9342281,C6VG7,NORWEGIAN PEARL,16,GLACIER BAY
2008-07-24T15:10:34,309653000,58.69338167,-136.2087,320.2,19.2,320,9342281,C6VG7,NORWEGIAN PEARL,16,GLACIER BAY
2008-07-24T15:10:17,309653000,58.69229833,-136.2069517,320.2,19.2,320,9342281,C6VG7,NORWEGIAN PEARL,16,GLACIER BAY
2008-07-24T15:10:04,309653000,58.69139833,-136.2055333,320.2,19.2,320,9342281,C6VG7,NORWEGIAN PEARL,16,GLACIER BAY
2008-07-24T15:09:29,309653000,58.68908167,-136.2018683,320.0,19.1,320,9342281,C6VG7,NORWEGIAN PEARL,16,GLACIER BAY
2008-07-24T15:09:12,309653000,58.68773333,-136.199685,320.2,19.1,320,9342281,C6VG7,NORWEGIAN PEARL,16,GLACIER BAY
2008-07-24T15:09:04,309653000,58.687315,-136.199035,319.7,19.1,320,9342281,C6VG7,NORWEGIAN PEARL,16,GLACIER BAY
2008-07-24T15:08:05,309653000,58.68326833,-136.192505,320.0,19.0,320,9342281,C6VG7,NORWEGIAN PEARL,16,GLACIER BAY
2008-07-24T15:08:01,309653000,58.682935,-136.191955,319.6,19.0,320,9342281,C6VG7,NORWEGIAN PEARL,16,GLACIER BAY
2008-07-24T15:07:52,309653000,58.68251833,-136.1913067,319.7,19.1,320,9342281,C6VG7,NORWEGIAN PEARL,16,GLACIER BAY
2008-07-24T15:07:48,309653000,58.68211833,-136.190655,320.0,19.1,320,9342281,C6VG7,NORWEGIAN PEARL,16,GLACIER BAY
2008-07-24T15:07:34,309653000,58.681185,-136.1891233,319.7,19.1,320,9342281,C6VG7,NORWEGIAN PEARL,16,GLACIER BAY
2008-07-24T15:07:24,309653000,58.680435,-136.18794,319.6,19.0,320,9342281,C6VG7,NORWEGIAN PEARL,16,GLACIER BAY
2008-07-24T15:07:04,309653000,58.67915167,-136.1858733,319.6,19.0,320,9342281,C6VG7,NORWEGIAN PEARL,16,GLACIER BAY
2008-07-24T15:07:00,309653000,58.678885,-136.18544,319.6,19.0,320,9342281,C6VG7,NORWEGIAN PEARL,16,GLACIER BAY
2008-07-24T15:06:52,309653000,58.67841833,-136.184675,319.6,19.0,320,9342281,C6VG7,NORWEGIAN PEARL,16,GLACIER BAY
2008-07-24T15:06:34,309653000,58.67722,-136.18271,319.6,19.0,320,9342281,C6VG7,NORWEGIAN PEARL,16,GLACIER BAY
2008-07-24T15:06:34,309653000,58.67642,-136.1813933,0.0,0.0,0,9342281,C6VG7,NORWEGIAN PEARL,16,GLACIER BAY
2008-07-24T15:06:23,309653000,58.67642,-136.1813933,319.3,19.0,320,9342281,C6VG7,NORWEGIAN PEARL,16,GLACIER BAY
2008-07-24T15:06:04,309653000,58.675205,-136.1794283,319.3,19.0,320,9342281,C6VG7,NORWEGIAN PEARL,16,GLACIER BAY
2008-07-24T15:06:00,309653000,58.67493667,-136.1790117,319.3,19.0,320,9342281,C6VG7,NORWEGIAN PEARL,16,GLACIER BAY
2008-07-24T15:05:23,309653000,58.672405,-136.1748617,319.6,19.0,320,9342281,C6VG7,NORWEGIAN PEARL,16,GLACIER BAY
2008-07-24T15:05:18,309653000,58.67207167,-136.1743133,319.6,19.0,320,9342281,C6VG7,NORWEGIAN PEARL,16,GLACIER BAY
2008-07-24T15:05:11,309653000,58.671605,-136.1735633,319.6,18.9,320,9342281,C6VG7,NORWEGIAN PEARL,16,GLACIER BAY
2008-07-24T15:05:04,309653000,58.671205,-136.1729133,319.6,18.9,320,9342281,C6VG7,NORWEGIAN PEARL,16,GLACIER BAY
2008-07-24T15:04:59,309653000,58.670855,-136.1723633,319.3,18.9,320,9342281,C6VG7,NORWEGIAN PEARL,16,GLACIER BAY
2008-07-24T15:04:53,309653000,58.670455,-136.1717133,319.6,18.9,320,9342281,C6VG7,NORWEGIAN PEARL,16,GLACIER BAY
2008-07-24T15:04:41,309653000,58.66967167,-136.1704133,320.0,18.9,320,9342281,C6VG7,NORWEGIAN PEARL,16,GLACIER BAY
2008-07-24T15:04:17,309653000,58.66814,-136.167915,319.3,18.9,320,9342281,C6VG7,NORWEGIAN PEARL,16,GLACIER BAY
2008-07-24T15:04:12,309653000,58.66760667,-136.1670483,319.6,18.9,320,9342281,C6VG7,NORWEGIAN PEARL,16,GLACIER BAY
2008-07-24T15:04:04,309653000,58.66714167,-136.1662833,319.6,19.0,320,9342281,C6VG7,NORWEGIAN PEARL,16,GLACIER BAY
2008-07-24T15:04:00,309653000,58.66687333,-136.1658333,319.6,18.9,320,9342281,C6VG7,NORWEGIAN PEARL,16,GLACIER BAY
2008-07-24T15:03:53,309653000,58.66647333,-136.1652,319.3,18.9,320,9342281,C6VG7,NORWEGIAN PEARL,16,GLACIER BAY
2008-07-24T15:03:47,309653000,58.66600833,-136.1644167,319.3,19.0,320,9342281,C6VG7,NORWEGIAN PEARL,16,GLACIER BAY
2008-07-24T15:03:41,309653000,58.66560667,-136.1637667,319.3,18.9,320,9342281,C6VG7,NORWEGIAN PEARL,16,GLACIER BAY
2008-07-24T15:03:23,309653000,58.66440833,-136.1618167,319.6,18.9,320,9342281,C6VG7,NORWEGIAN PEARL,16,GLACIER BAY
2008-07-24T15:03:17,309653000,58.664075,-136.1612667,319.3,18.9,320,9342281,C6VG7,NORWEGIAN PEARL,16,GLACIER BAY
2008-07-24T15:03:12,309653000,58.663675,-136.1606183,319.3,18.9,320,9342281,C6VG7,NORWEGIAN PEARL,16,GLACIER BAY
2008-07-24T15:02:59,309653000,58.662875,-136.1593017,319.3,18.9,320,9342281,C6VG7,NORWEGIAN PEARL,16,GLACIER BAY
2008-07-24T15:02:54,309653000,58.662475,-136.1586517,319.3,18.9,320,9342281,C6VG7,NORWEGIAN PEARL,16,GLACIER BAY
2008-07-24T15:02:41,309653000,58.661675,-136.1573683,319.0,18.9,320,9342281,C6VG7,NORWEGIAN PEARL,16,GLACIER BAY
2008-07-24T15:02:28,309653000,58.66080833,-136.1559533,319.0,18.9,320,9342281,C6VG7,NORWEGIAN PEARL,16,GLACIER BAY
2008-07-24T15:02:23,309653000,58.66042667,-136.1552867,319.3,18.9,320,9342281,C6VG7,NORWEGIAN PEARL,16,GLACIER BAY
2008-07-24T15:02:18,309653000,58.66009333,-136.1547533,319.3,18.9,320,9342281,C6VG7,NORWEGIAN PEARL,16,GLACIER BAY
2008-07-24T15:02:12,309653000,58.659625,-136.1539867,319.0,18.9,320,9342281,C6VG7,NORWEGIAN PEARL,16,GLACIER BAY
2008-07-24T15:01:59,309653000,58.65891,-136.1527733,319.0,18.9,320,9342281,C6VG7,NORWEGIAN PEARL,16,GLACIER BAY
2008-07-24T15:01:53,309653000,58.65851,-136.1521233,319.3,18.9,320,9342281,C6VG7,NORWEGIAN PEARL,16,GLACIER BAY
2008-07-24T15:01:48,309653000,58.65806,-136.1513733,319.0,18.9,320,9342281,C6VG7,NORWEGIAN PEARL,16,GLACIER BAY
2008-07-24T15:01:42,309653000,58.65772667,-136.1508233,319.0,18.9,320,9342281,C6VG7,NORWEGIAN PEARL,16,GLACIER BAY
2008-07-24T15:01:28,309653000,58.65686,-136.1493883,319.0,18.8,320,9342281,C6VG7,NORWEGIAN PEARL,16,GLACIER BAY
2008-07-24T15:01:23,309653000,58.65652833,-136.14884,319.0,18.9,320,9342281,C6VG7,NORWEGIAN PEARL,16,GLACIER BAY
2008-07-24T15:01:18,309653000,58.65612667,-136.1482067,319.0,18.8,320,9342281,C6VG7,NORWEGIAN PEARL,16,GLACIER BAY
2008-07-24T15:01:04,309653000,58.65527667,-136.1467733,319.0,18.8,320,9342281,C6VG7,NORWEGIAN PEARL,16,GLACIER BAY
2008-07-24T15:00:53,309653000,58.65447833,-136.145475,318.7,18.8,320,9342281,C6VG7,NORWEGIAN PEARL,16,GLACIER BAY
2008-07-24T15:00:41,309653000,58.653695,-136.144175,319.0,18.8,320,9342281,C6VG7,NORWEGIAN PEARL,16,GLACIER BAY
2008-07-24T15:00:33,309653000,58.651795,-136.1410083,0.0,0.0,0,9342281,C6VG7,NORWEGIAN PEARL,16,GLACIER BAY
2008-07-24T15:00:11,309653000,58.651795,-136.1410083,319.3,18.7,320,9342281,C6VG7,NORWEGIAN PEARL,16,GLACIER BAY
2008-07-24T15:00:06,309653000,58.651345,-136.1402567,319.3,18.7,320,9342281,C6VG7,NORWEGIAN PEARL,16,GLACIER BAY
2008-07-24T15:00:00,309653000,58.65101167,-136.1397083,319.0,18.7,320,9342281,C6VG7,NORWEGIAN PEARL,16,GLACIER BAY
2008-07-24T14:59:53,309653000,58.65061167,-136.1390583,319.0,18.7,320,9342281,C6VG7,NORWEGIAN PEARL,16,GLACIER BAY
2008-07-24T14:59:28,309653000,58.649045,-136.136475,319.0,18.6,320,9342281,C6VG7,NORWEGIAN PEARL,16,GLACIER BAY
2008-07-24T14:59:17,309653000,58.64826167,-136.1351917,319.0,18.6,320,9342281,C6VG7,NORWEGIAN PEARL,16,GLACIER BAY
2008-07-24T14:59:00,309653000,58.647095,-136.1332583,319.0,18.6,320,9342281,C6VG7,NORWEGIAN PEARL,16,GLACIER BAY
2008-07-24T14:58:53,309653000,58.646645,-136.1325067,319.0,18.6,320,9342281,C6VG7,NORWEGIAN PEARL,16,GLACIER BAY
2008-07-24T14:58:47,309653000,58.64626167,-136.131875,319.0,18.5,320,9342281,C6VG7,NORWEGIAN PEARL,16,GLACIER BAY
2008-07-24T14:58:29,309653000,58.645095,-136.1299417,319.0,18.5,320,9342281,C6VG7,NORWEGIAN PEARL,16,GLACIER BAY
2008-07-24T14:58:17,309653000,58.64438,-136.12876,319.0,18.5,320,9342281,C6VG7,NORWEGIAN PEARL,16,GLACIER BAY
2008-07-24T14:58:04,309653000,58.64354667,-136.1273783,318.7,18.5,320,9342281,C6VG7,NORWEGIAN PEARL,16,GLACIER BAY
2008-07-24T14:58:00,309653000,58.64321333,-136.1268283,318.7,18.5,320,9342281,C6VG7,NORWEGIAN PEARL,16,GLACIER BAY
2008-07-24T14:57:53,309653000,58.64283167,-136.1261983,319.0,18.5,320,9342281,C6VG7,NORWEGIAN PEARL,16,GLACIER BAY
2008-07-24T14:57:40,309653000,58.642065,-136.124915,318.7,18.5,320,9342281,C6VG7,NORWEGIAN PEARL,16,GLACIER BAY
2008-07-24T14:57:23,309653000,58.64083167,-136.1228633,319.0,18.5,320,9342281,C6VG7,NORWEGIAN PEARL,16,GLACIER BAY
2008-07-24T14:57:06,309653000,58.63968167,-136.1209317,318.7,18.5,320,9342281,C6VG7,NORWEGIAN PEARL,16,GLACIER BAY
2008-07-24T14:56:53,309653000,58.638915,-136.1196483,319.3,18.4,320,9342281,C6VG7,NORWEGIAN PEARL,16,GLACIER BAY
2008-07-24T14:56:42,309653000,58.63814833,-136.118365,318.4,18.4,320,9342281,C6VG7,NORWEGIAN PEARL,16,GLACIER BAY
2008-07-24T14:56:34,309653000,58.637765,-136.1177133,319.0,18.4,320,9342281,C6VG7,NORWEGIAN PEARL,16,GLACIER BAY
2008-07-24T14:56:28,309653000,58.63738333,-136.11708,319.3,18.4,320,9342281,C6VG7,NORWEGIAN PEARL,16,GLACIER BAY
2008-07-24T14:56:04,309653000,58.63584833,-136.1145133,319.3,18.3,320,9342281,C6VG7,NORWEGIAN PEARL,16,GLACIER BAY
2008-07-24T14:56:00,309653000,58.635515,-136.1139983,319.0,18.3,320,9342281,C6VG7,NORWEGIAN PEARL,16,GLACIER BAY
2008-07-24T14:55:54,309653000,58.63506667,-136.113265,318.7,18.3,320,9342281,C6VG7,NORWEGIAN PEARL,16,GLACIER BAY
2008-07-24T14:55:41,309653000,58.63438167,-136.11208,319.0,18.2,320,9342281,C6VG7,NORWEGIAN PEARL,16,GLACIER BAY
2008-07-24T14:55:35,309653000,58.63393167,-136.1113483,318.7,18.2,320,9342281,C6VG7,NORWEGIAN PEARL,16,GLACIER BAY
2008-07-24T14:55:11,309653000,58.632415,-136.1088317,319.3,18.1,320,9342281,C6VG7,NORWEGIAN PEARL,16,GLACIER BAY
2008-07-24T14:54:59,309653000,58.63171667,-136.107665,319.0,18.0,320,9342281,C6VG7,NORWEGIAN PEARL,16,GLACIER BAY
2008-07-24T14:54:54,309653000,58.63133333,-136.1070467,319.6,18.0,320,9342281,C6VG7,NORWEGIAN PEARL,16,GLACIER BAY
2008-07-24T14:54:29,309653000,58.62981667,-136.1045633,319.6,17.8,320,9342281,C6VG7,NORWEGIAN PEARL,16,GLACIER BAY
2008-07-24T14:54:28,309653000,58.62863333,-136.1026317,0.0,0.0,0,9342281,C6VG7,NORWEGIAN PEARL,16,GLACIER BAY
2008-07-24T14:54:11,309653000,58.62863333,-136.1026317,319.6,17.7,320,9342281,C6VG7,NORWEGIAN PEARL,16,GLACIER BAY
2008-07-24T14:54:06,309653000,58.62825,-136.1020133,319.6,17.7,320,9342281,C6VG7,NORWEGIAN PEARL,16,GLACIER BAY
2008-07-24T14:53:41,309653000,58.62681667,-136.09968,320.3,17.6,320,9342281,C6VG7,NORWEGIAN PEARL,16,GLACIER BAY
2008-07-24T14:53:34,309653000,58.62636667,-136.09898,320.3,17.6,320,9342281,C6VG7,NORWEGIAN PEARL,16,GLACIER BAY
2008-07-24T14:53:28,309653000,58.626,-136.0983983,319.6,17.6,320,9342281,C6VG7,NORWEGIAN PEARL,16,GLACIER BAY
2008-07-24T14:53:17,309653000,58.62531667,-136.09728,320.3,17.5,320,9342281,C6VG7,NORWEGIAN PEARL,16,GLACIER BAY
2008-07-24T14:52:59,309653000,58.62418333,-136.0955133,320.0,17.4,320,9342281,C6VG7,NORWEGIAN PEARL,16,GLACIER BAY
2008-07-24T14:52:53,309653000,58.62381833,-136.0949133,320.6,17.4,320,9342281,C6VG7,NORWEGIAN PEARL,16,GLACIER BAY
2008-07-24T14:52:35,309653000,58.62271667,-136.0931467,320.3,17.3,320,9342281,C6VG7,NORWEGIAN PEARL,16,GLACIER BAY
2008-07-24T14:52:23,309653000,58.62190167,-136.0918817,320.6,17.3,320,9342281,C6VG7,NORWEGIAN PEARL,16,GLACIER BAY
2008-07-24T14:52:17,309653000,58.6216,-136.0914133,320.6,17.2,320,9342281,C6VG7,NORWEGIAN PEARL,16,GLACIER BAY
2008-07-24T14:52:05,309653000,58.6208,-136.0901617,321.6,17.1,321,9342281,C6VG7,NORWEGIAN PEARL,16,GLACIER BAY
2008-07-24T14:51:59,309653000,58.620485,-136.0896767,322.0,17.1,321,9342281,C6VG7,NORWEGIAN PEARL,16,GLACIER BAY
2008-07-24T14:51:52,309653000,58.62006833,-136.089025,323.0,17.1,322,9342281,C6VG7,NORWEGIAN PEARL,16,GLACIER BAY
2008-07-24T14:51:47,309653000,58.61975167,-136.0885583,323.0,17.0,322,9342281,C6VG7,NORWEGIAN PEARL,16,GLACIER BAY
2008-07-24T14:51:35,309653000,58.61900333,-136.0874733,323.6,16.9,323,9342281,C6VG7,NORWEGIAN PEARL,16,GLACIER BAY
2008-07-24T14:51:18,309653000,58.617855,-136.0859033,326.0,16.9,325,9342281,C6VG7,NORWEGIAN PEARL,16,GLACIER BAY
2008-07-24T14:51:10,309653000,58.61747167,-136.0853867,326.6,16.8,326,9342281,C6VG7,NORWEGIAN PEARL,16,GLACIER BAY
2008-07-24T14:50:52,309653000,58.616305,-136.0839483,328.6,16.6,328,9342281,C6VG7,NORWEGIAN PEARL,16,GLACIER BAY
2008-07-24T14:50:35,309653000,58.615055,-136.0824933,331.0,16.4,330,9342281,C6VG7,NORWEGIAN PEARL,16,GLACIER BAY
2008-07-24T14:50:29,309653000,58.614655,-136.0820767,331.6,16.4,331,9342281,C6VG7,NORWEGIAN PEARL,16,GLACIER BAY
2008-07-24T14:50:23,309653000,58.61432167,-136.0817083,331.3,16.3,331,9342281,C6VG7,NORWEGIAN PEARL,16,GLACIER BAY
2008-07-24T14:50:17,309653000,58.61394,-136.0812917,331.3,16.2,331,9342281,C6VG7,NORWEGIAN PEARL,16,GLACIER BAY
2008-07-24T14:50:05,309653000,58.61315667,-136.0804883,333.7,16.0,333,9342281,C6VG7,NORWEGIAN PEARL,16,GLACIER BAY
2008-07-24T14:49:42,309653000,58.61157333,-136.0789667,335.7,15.6,335,9342281,C6VG7,NORWEGIAN PEARL,16,GLACIER BAY
2008-07-24T14:49:35,309653000,58.61117333,-136.0786167,335.0,15.6,335,9342281,C6VG7,NORWEGIAN PEARL,16,GLACIER BAY
2008-07-24T14:49:29,309653000,58.61077333,-136.078265,336.3,15.5,336,9342281,C6VG7,NORWEGIAN PEARL,16,GLACIER BAY
2008-07-24T14:49:17,309653000,58.61005667,-136.077645,337.7,15.4,337,9342281,C6VG7,NORWEGIAN PEARL,16,GLACIER BAY
2008-07-24T14:49:11,309653000,58.60954,-136.077245,338.0,15.2,338,9342281,C6VG7,NORWEGIAN PEARL,16,GLACIER BAY
2008-07-24T14:49:05,309653000,58.60914,-136.0769267,338.3,15.2,338,9342281,C6VG7,NORWEGIAN PEARL,16,GLACIER BAY
2008-07-24T14:48:59,309653000,58.60875667,-136.076625,339.3,15.1,339,9342281,C6VG7,NORWEGIAN PEARL,16,GLACIER BAY
2008-07-24T14:48:54,309653000,58.608375,-136.0763417,339.3,15.0,339,9342281,C6VG7,NORWEGIAN PEARL,16,GLACIER BAY
2008-07-24T14:48:28,309653000,58.60680667,-136.075255,340.6,14.7,341,9342281,C6VG7,NORWEGIAN PEARL,16,GLACIER BAY
2008-07-24T14:48:25,309653000,58.60655667,-136.0750867,341.6,14.7,341,9342281,C6VG7,NORWEGIAN PEARL,16,GLACIER BAY
2008-07-24T14:48:18,309653000,58.60610667,-136.0747683,342.0,14.6,342,9342281,C6VG7,NORWEGIAN PEARL,16,GLACIER BAY
2008-07-24T14:48:14,309653000,58.60590667,-136.07465,342.3,14.5,342,9342281,C6VG7,NORWEGIAN PEARL,16,GLACIER BAY
2008-07-24T14:47:59,309653000,58.60494,-136.0740683,343.1,14.3,344,9342281,C6VG7,NORWEGIAN PEARL,16,GLACIER BAY
2008-07-24T14:47:47,309653000,58.60419,-136.073615,344.5,14.2,345,9342281,C6VG7,NORWEGIAN PEARL,16,GLACIER BAY
2008-07-24T14:47:45,309653000,58.60412333,-136.07358,344.5,14.2,345,9342281,C6VG7,NORWEGIAN PEARL,16,GLACIER BAY
2008-07-24T14:47:25,309653000,58.60274,-136.072845,345.1,14.0,346,9342281,C6VG7,NORWEGIAN PEARL,16,GLACIER BAY
2008-07-24T14:47:15,309653000,58.60212333,-136.0725283,345.1,13.9,346,9342281,C6VG7,NORWEGIAN PEARL,16,GLACIER BAY
2008-07-24T14:46:47,309653000,58.60033833,-136.0716267,345.5,13.7,346,9342281,C6VG7,NORWEGIAN PEARL,16,GLACIER BAY
2008-07-24T14:46:38,309653000,58.59972333,-136.0713283,345.1,13.6,346,9342281,C6VG7,NORWEGIAN PEARL,16,GLACIER BAY
2008-07-24T14:46:14,309653000,58.59845667,-136.07071,345.1,13.4,346,9342281,C6VG7,NORWEGIAN PEARL,16,GLACIER BAY
2008-07-24T14:46:05,309653000,58.59792333,-136.0704433,345.5,13.4,346,9342281,C6VG7,NORWEGIAN PEARL,16,GLACIER BAY
2008-07-24T14:45:54,309653000,58.59727333,-136.0701283,345.5,13.3,346,9342281,C6VG7,NORWEGIAN PEARL,16,GLACIER BAY
2008-07-24T14:45:15,309653000,58.59490667,-136.0689617,345.5,13.2,346,9342281,C6VG7,NORWEGIAN PEARL,16,GLACIER BAY
2008-07-24T14:45:05,309653000,58.59437333,-136.0687117,345.5,13.2,346,9342281,C6VG7,NORWEGIAN PEARL,16,GLACIER BAY
2008-07-24T14:44:16,309653000,58.591425,-136.0672617,345.5,13.2,346,9342281,C6VG7,NORWEGIAN PEARL,16,GLACIER BAY
2008-07-24T14:44:04,309653000,58.59070833,-136.066895,345.1,13.2,346,9342281,C6VG7,NORWEGIAN PEARL,16,GLACIER BAY
2008-07-24T14:43:55,309653000,58.59010833,-136.066595,345.1,13.2,346,9342281,C6VG7,NORWEGIAN PEARL,16,GLACIER BAY
2008-07-24T14:43:25,309653000,58.58839167,-136.0657283,345.5,13.2,346,9342281,C6VG7,NORWEGIAN PEARL,16,GLACIER BAY
2008-07-24T14:43:14,309653000,58.58779167,-136.0654467,344.6,13.2,346,9342281,C6VG7,NORWEGIAN PEARL,16,GLACIER BAY
2008-07-24T14:43:04,309653000,58.58720833,-136.0651283,345.5,13.2,346,9342281,C6VG7,NORWEGIAN PEARL,16,GLACIER BAY
2008-07-24T14:42:36,309653000,58.58548333,-136.06425,345.5,13.2,346,9342281,C6VG7,NORWEGIAN PEARL,16,GLACIER BAY
2008-07-24T14:42:29,309653000,58.58483333,-136.06395,0.0,0.0,0,9342281,C6VG7,NORWEGIAN PEARL,16,GLACIER BAY
2008-07-24T14:42:26,309653000,58.58483333,-136.06395,345.1,13.2,346,9342281,C6VG7,NORWEGIAN PEARL,16,GLACIER BAY
2008-07-24T14:42:14,309653000,58.58416667,-136.0636,346.0,13.2,346,9342281,C6VG7,NORWEGIAN PEARL,16,GLACIER BAY
2008-07-24T14:42:04,309653000,58.58365167,-136.06335,345.5,13.2,346,9342281,C6VG7,NORWEGIAN PEARL,16,GLACIER BAY
2008-07-24T14:41:44,309653000,58.582485,-136.0627833,346.4,13.2,346,9342281,C6VG7,NORWEGIAN PEARL,16,GLACIER BAY
2008-07-24T14:41:04,309653000,58.58012,-136.061685,347.0,13.2,347,9342281,C6VG7,NORWEGIAN PEARL,16,GLACIER BAY
2008-07-24T14:40:45,309653000,58.57893667,-136.0611683,347.4,13.2,347,9342281,C6VG7,NORWEGIAN PEARL,16,GLACIER BAY
2008-07-24T14:40:14,309653000,58.57718667,-136.0604017,348.3,13.1,347,9342281,C6VG7,NORWEGIAN PEARL,16,GLACIER BAY
2008-07-24T14:40:04,309653000,58.57658667,-136.0601683,348.3,13.1,347,9342281,C6VG7,NORWEGIAN PEARL,16,GLACIER BAY
2008-07-24T14:39:44,309653000,58.57540333,-136.0597017,348.3,13.1,347,9342281,C6VG7,NORWEGIAN PEARL,16,GLACIER BAY
2008-07-24T14:39:15,309653000,58.57363833,-136.059035,349.2,12.9,347,9342281,C6VG7,NORWEGIAN PEARL,16,GLACIER BAY
2008-07-24T14:39:04,309653000,58.573055,-136.0588183,349.6,12.9,347,9342281,C6VG7,NORWEGIAN PEARL,16,GLACIER BAY
2008-07-24T14:38:45,309653000,58.57187167,-136.0584183,350.6,12.8,348,9342281,C6VG7,NORWEGIAN PEARL,16,GLACIER BAY
2008-07-24T14:38:26,309653000,58.57075667,-136.058085,352.2,12.8,350,9342281,C6VG7,NORWEGIAN PEARL,16,GLACIER BAY
2008-07-24T14:38:05,309653000,58.56952333,-136.057785,354.2,12.7,352,9342281,C6VG7,NORWEGIAN PEARL,16,GLACIER BAY
2008-07-24T14:37:25,309653000,58.56720667,-136.05745,357.2,12.6,355,9342281,C6VG7,NORWEGIAN PEARL,16,GLACIER BAY
2008-07-24T14:37:14,309653000,58.56655833,-136.0574,357.7,12.6,355,9342281,C6VG7,NORWEGIAN PEARL,16,GLACIER BAY
2008-07-24T14:37:04,309653000,58.56604167,-136.05735,357.2,12.6,355,9342281,C6VG7,NORWEGIAN PEARL,16,GLACIER BAY
2008-07-24T14:36:44,309653000,58.564875,-136.0572667,358.2,12.6,356,9342281,C6VG7,NORWEGIAN PEARL,16,GLACIER BAY
2008-07-24T14:36:34,309653000,58.56429167,-136.0572333,359.2,12.6,357,9342281,C6VG7,NORWEGIAN PEARL,16,GLACIER BAY
2008-07-24T14:36:31,309653000,58.56375833,-136.0572167,0.0,0.0,0,9342281,C6VG7,NORWEGIAN PEARL,16,GLACIER BAY
2008-07-24T14:36:25,309653000,58.56375833,-136.0572167,358.8,12.6,357,9342281,C6VG7,NORWEGIAN PEARL,16,GLACIER BAY
2008-07-24T14:35:56,309653000,58.561975,-136.05715,358.8,12.5,357,9342281,C6VG7,NORWEGIAN PEARL,16,GLACIER BAY
2008-07-24T14:35:44,309653000,58.56140833,-136.0571333,359.2,12.5,357,9342281,C6VG7,NORWEGIAN PEARL,16,GLACIER BAY
2008-07-24T14:35:16,309653000,58.55974167,-136.0570667,358.8,12.5,357,9342281,C6VG7,NORWEGIAN PEARL,16,GLACIER BAY
2008-07-24T14:35:04,309653000,58.55910833,-136.05705,357.9,12.5,357,9342281,C6VG7,NORWEGIAN PEARL,16,GLACIER BAY
2008-07-24T14:34:44,309653000,58.55794167,-136.0569833,358.9,12.6,358,9342281,C6VG7,NORWEGIAN PEARL,16,GLACIER BAY
2008-07-24T14:34:34,309653000,58.55736,-136.05695,359.3,12.7,358,9342281,C6VG7,NORWEGIAN PEARL,16,GLACIER BAY
2008-07-24T14:34:25,309653000,58.55684333,-136.0569333,359.3,12.8,358,9342281,C6VG7,NORWEGIAN PEARL,16,GLACIER BAY
2008-07-24T14:34:04,309653000,58.55561,-136.0568833,359.3,12.8,358,9342281,C6VG7,NORWEGIAN PEARL,16,GLACIER BAY
2008-07-24T14:33:55,309653000,58.55501167,-136.0568833,358.4,12.9,358,9342281,C6VG7,NORWEGIAN PEARL,16,GLACIER BAY
2008-07-24T14:33:26,309653000,58.553295,-136.0568167,358.4,12.9,358,9342281,C6VG7,NORWEGIAN PEARL,16,GLACIER BAY
2008-07-24T14:33:17,309653000,58.55271167,-136.056785,358.8,12.9,358,9342281,C6VG7,NORWEGIAN PEARL,16,GLACIER BAY
2008-07-24T14:32:55,309653000,58.55151167,-136.0567333,359.3,12.8,358,9342281,C6VG7,NORWEGIAN PEARL,16,GLACIER BAY
2008-07-24T14:32:46,309653000,58.55097833,-136.0567183,358.8,12.8,358,9342281,C6VG7,NORWEGIAN PEARL,16,GLACIER BAY
2008-07-24T14:32:34,309653000,58.55033,-136.0567183,359.3,12.8,358,9342281,C6VG7,NORWEGIAN PEARL,16,GLACIER BAY
2008-07-24T14:32:26,309653000,58.54968,-136.0566833,359.7,12.8,358,9342281,C6VG7,NORWEGIAN PEARL,16,GLACIER BAY
2008-07-24T14:32:04,309653000,58.54848167,-136.0566833,0.3,12.8,359,9342281,C6VG7,NORWEGIAN PEARL,16,GLACIER BAY
2008-07-24T14:31:54,309653000,58.54789833,-136.0567,0.3,12.8,359,9342281,C6VG7,NORWEGIAN PEARL,16,GLACIER BAY
2008-07-24T14:31:46,309653000,58.547365,-136.0567,0.3,12.8,359,9342281,C6VG7,NORWEGIAN PEARL,16,GLACIER BAY
2008-07-24T14:31:15,309653000,58.54559833,-136.05675,0.7,12.8,359,9342281,C6VG7,NORWEGIAN PEARL,16,GLACIER BAY
2008-07-24T14:31:04,309653000,58.544965,-136.0567667,0.8,12.7,359,9342281,C6VG7,NORWEGIAN PEARL,16,GLACIER BAY
2008-07-24T14:30:54,309653000,58.54443167,-136.0567817,1.2,12.7,359,9342281,C6VG7,NORWEGIAN PEARL,16,GLACIER BAY
2008-07-24T14:30:35,309653000,58.543265,-136.0568317,1.2,12.7,359,9342281,C6VG7,NORWEGIAN PEARL,16,GLACIER BAY
2008-07-24T14:30:30,309653000,58.54268167,-136.0568667,0.0,0.0,0,9342281,C6VG7,NORWEGIAN PEARL,16,GLACIER BAY
2008-07-24T14:30:26,309653000,58.54268167,-136.0568667,1.7,12.7,359,9342281,C6VG7,NORWEGIAN PEARL,16,GLACIER BAY
2008-07-24T14:30:15,309653000,58.54209833,-136.0568833,1.2,12.6,359,9342281,C6VG7,NORWEGIAN PEARL,16,GLACIER BAY
2008-07-24T14:30:04,309653000,58.54145,-136.0569167,1.7,12.6,359,9342281,C6VG7,NORWEGIAN PEARL,16,GLACIER BAY
2008-07-24T14:29:46,309653000,58.54035,-136.0569833,1.7,12.7,359,9342281,C6VG7,NORWEGIAN PEARL,16,GLACIER BAY
2008-07-24T14:29:25,309653000,58.53918333,-136.05705,1.7,12.6,359,9342281,C6VG7,NORWEGIAN PEARL,16,GLACIER BAY
2008-07-24T14:29:15,309653000,58.53866667,-136.057065,2.1,12.6,359,9342281,C6VG7,NORWEGIAN PEARL,16,GLACIER BAY
2008-07-24T14:29:04,309653000,58.53790167,-136.057115,1.7,12.7,359,9342281,C6VG7,NORWEGIAN PEARL,16,GLACIER BAY
2008-07-24T14:28:54,309653000,58.53736833,-136.0571483,2.1,12.7,359,9342281,C6VG7,NORWEGIAN PEARL,16,GLACIER BAY
2008-07-24T14:28:44,309653000,58.53671833,-136.0571983,2.1,12.7,359,9342281,C6VG7,NORWEGIAN PEARL,16,GLACIER BAY
2008-07-24T14:28:35,309653000,58.53625167,-136.0572317,2.1,12.7,359,9342281,C6VG7,NORWEGIAN PEARL,16,GLACIER BAY
2008-07-24T14:28:31,309653000,58.53596833,-136.0572483,2.1,12.7,359,9342281,C6VG7,NORWEGIAN PEARL,16,GLACIER BAY
2008-07-24T14:28:22,309653000,58.535435,-136.0572983,2.1,12.8,359,9342281,C6VG7,NORWEGIAN PEARL,16,GLACIER BAY
2008-07-24T14:28:18,309653000,58.535185,-136.057315,1.6,12.8,359,9342281,C6VG7,NORWEGIAN PEARL,16,GLACIER BAY
2008-07-24T14:28:11,309653000,58.534835,-136.0573333,1.6,12.9,359,9342281,C6VG7,NORWEGIAN PEARL,16,GLACIER BAY
2008-07-24T14:28:04,309653000,58.53441833,-136.057365,1.6,12.9,359,9342281,C6VG7,NORWEGIAN PEARL,16,GLACIER BAY
2008-07-24T14:27:54,309653000,58.53388667,-136.0573983,3.0,13.0,0,9342281,C6VG7,NORWEGIAN PEARL,16,GLACIER BAY
2008-07-24T14:27:25,309653000,58.53197,-136.0575817,3.0,13.1,0,9342281,C6VG7,NORWEGIAN PEARL,16,GLACIER BAY
2008-07-24T14:27:15,309653000,58.53142,-136.0576483,3.0,13.2,0,9342281,C6VG7,NORWEGIAN PEARL,16,GLACIER BAY
2008-07-24T14:27:04,309653000,58.53075333,-136.0576983,3.0,13.2,0,9342281,C6VG7,NORWEGIAN PEARL,16,GLACIER BAY
2008-07-24T14:26:54,309653000,58.53020333,-136.0577483,2.6,13.2,0,9342281,C6VG7,NORWEGIAN PEARL,16,GLACIER BAY
2008-07-24T14:26:03,309653000,58.52713833,-136.0580817,3.1,13.3,1,9342281,C6VG7,NORWEGIAN PEARL,16,GLACIER BAY
2008-07-24T14:25:25,309653000,58.52467167,-136.0583167,0.4,13.3,0,9342281,C6VG7,NORWEGIAN PEARL,16,GLACIER BAY
2008-07-24T14:25:03,309653000,58.52339,-136.0583333,0.0,13.3,0,9342281,C6VG7,NORWEGIAN PEARL,16,GLACIER BAY
2008-07-24T14:24:27,309653000,58.52100667,-136.05835,0.0,0.0,0,9342281,C6VG7,NORWEGIAN PEARL,16,GLACIER BAY
2008-07-24T14:24:24,309653000,58.52100667,-136.05835,359.6,13.2,0,9342281,C6VG7,NORWEGIAN PEARL,16,GLACIER BAY
2008-07-24T14:24:03,309653000,58.51974,-136.0583333,359.2,13.1,0,9342281,C6VG7,NORWEGIAN PEARL,16,GLACIER BAY
2008-07-24T14:22:35,309653000,58.51449167,-136.0580683,356.4,12.7,0,9342281,C6VG7,NORWEGIAN PEARL,16,GLACIER BAY
2008-07-24T14:22:24,309653000,58.51379167,-136.0580033,356.0,12.7,0,9342281,C6VG7,NORWEGIAN PEARL,16,GLACIER BAY
2008-07-24T14:22:03,309653000,58.512625,-136.0578533,356.0,12.6,0,9342281,C6VG7,NORWEGIAN PEARL,16,GLACIER BAY
2008-07-24T14:21:46,309653000,58.511575,-136.05772,355.5,12.6,0,9342281,C6VG7,NORWEGIAN PEARL,16,GLACIER BAY
2008-07-24T14:21:24,309653000,58.51035833,-136.0575367,355.1,12.6,0,9342281,C6VG7,NORWEGIAN PEARL,16,GLACIER BAY
2008-07-24T14:21:03,309653000,58.50921,-136.057355,355.0,12.5,0,9342281,C6VG7,NORWEGIAN PEARL,16,GLACIER BAY
2008-07-24T14:20:46,309653000,58.50809167,-136.0571867,355.1,12.6,0,9342281,C6VG7,NORWEGIAN PEARL,16,GLACIER BAY
2008-07-24T14:20:36,309653000,58.50745833,-136.0570883,355.6,12.7,1,9342281,C6VG7,NORWEGIAN PEARL,16,GLACIER BAY
2008-07-24T14:20:05,309653000,58.50571,-136.056805,355.2,12.8,1,9342281,C6VG7,NORWEGIAN PEARL,16,GLACIER BAY
2008-07-24T14:19:54,309653000,58.50512667,-136.0566883,354.3,12.9,0,9342281,C6VG7,NORWEGIAN PEARL,16,GLACIER BAY
2008-07-24T14:19:44,309653000,58.50452667,-136.0565883,354.3,12.9,0,9342281,C6VG7,NORWEGIAN PEARL,16,GLACIER BAY
2008-07-24T14:19:23,309653000,58.50329333,-136.0563383,354.7,12.9,0,9342281,C6VG7,NORWEGIAN PEARL,16,GLACIER BAY
2008-07-24T14:19:15,309653000,58.50287667,-136.0562717,354.3,13.0,0,9342281,C6VG7,NORWEGIAN PEARL,16,GLACIER BAY
2008-07-24T14:19:04,309653000,58.50221,-136.0561383,355.2,13.0,0,9342281,C6VG7,NORWEGIAN PEARL,16,GLACIER BAY
2008-07-24T14:18:44,309653000,58.50091167,-136.055905,355.7,13.0,0,9342281,C6VG7,NORWEGIAN PEARL,16,GLACIER BAY
2008-07-24T14:18:25,309653000,58.49971167,-136.055705,0.0,0.0,0,9342281,C6VG7,NORWEGIAN PEARL,16,GLACIER BAY
2008-07-24T14:18:23,309653000,58.49971167,-136.055705,354.6,13.0,359,9342281,C6VG7,NORWEGIAN PEARL,16,GLACIER BAY
2008-07-24T14:18:15,309653000,58.49922833,-136.0556217,353.6,13.1,358,9342281,C6VG7,NORWEGIAN PEARL,16,GLACIER BAY
2008-07-24T14:18:04,309653000,58.49856167,-136.0554883,354.5,13.1,358,9342281,C6VG7,NORWEGIAN PEARL,16,GLACIER BAY
2008-07-24T14:17:57,309653000,58.49796167,-136.0553717,354.5,13.1,358,9342281,C6VG7,NORWEGIAN PEARL,16,GLACIER BAY
2008-07-24T14:17:34,309653000,58.49676167,-136.05514,352.9,13.1,356,9342281,C6VG7,NORWEGIAN PEARL,16,GLACIER BAY
2008-07-24T14:16:54,309653000,58.49429667,-136.0544933,350.3,13.1,353,9342281,C6VG7,NORWEGIAN PEARL,16,GLACIER BAY
2008-07-24T14:16:44,309653000,58.49374667,-136.0543117,348.9,13.1,352,9342281,C6VG7,NORWEGIAN PEARL,16,GLACIER BAY
2008-07-24T14:16:34,309653000,58.49309667,-136.0540783,348.3,13.1,351,9342281,C6VG7,NORWEGIAN PEARL,16,GLACIER BAY
2008-07-24T14:16:23,309653000,58.49249667,-136.053845,347.8,13.1,350,9342281,C6VG7,NORWEGIAN PEARL,16,GLACIER BAY
2008-07-24T14:15:54,309653000,58.49079667,-136.0531133,345.7,13.0,348,9342281,C6VG7,NORWEGIAN PEARL,16,GLACIER BAY
2008-07-24T14:15:46,309653000,58.49014667,-136.0527983,346.2,13.0,348,9342281,C6VG7,NORWEGIAN PEARL,16,GLACIER BAY
2008-07-24T14:15:23,309653000,58.48899667,-136.0522,344.2,13.0,346,9342281,C6VG7,NORWEGIAN PEARL,16,GLACIER BAY
2008-07-24T14:14:55,309653000,58.48738167,-136.05135,344.2,12.9,346,9342281,C6VG7,NORWEGIAN PEARL,16,GLACIER BAY
2008-07-24T14:14:34,309653000,58.48618167,-136.0507,343.3,12.9,346,9342281,C6VG7,NORWEGIAN PEARL,16,GLACIER BAY
2008-07-24T14:14:14,309653000,58.48503167,-136.0500517,343.3,12.8,346,9342281,C6VG7,NORWEGIAN PEARL,16,GLACIER BAY
2008-07-24T14:13:23,309653000,58.48213167,-136.0483683,342.3,12.8,345,9342281,C6VG7,NORWEGIAN PEARL,16,GLACIER BAY
2008-07-24T14:13:04,309653000,58.481065,-136.0477533,342.3,12.8,345,9342281,C6VG7,NORWEGIAN PEARL,16,GLACIER BAY
2008-07-24T14:12:28,309653000,58.47886667,-136.0464367,0.0,0.0,0,9342281,C6VG7,NORWEGIAN PEARL,16,GLACIER BAY
2008-07-24T14:12:25,309653000,58.47886667,-136.0464367,342.2,12.7,345,9342281,C6VG7,NORWEGIAN PEARL,16,GLACIER BAY
2008-07-24T14:12:14,309653000,58.47825,-136.04607,342.3,12.8,345,9342281,C6VG7,NORWEGIAN PEARL,16,GLACIER BAY
2008-07-24T14:12:04,309653000,58.47768333,-136.04572,341.8,12.8,345,9342281,C6VG7,NORWEGIAN PEARL,16,GLACIER BAY
2008-07-24T14:11:55,309653000,58.47711667,-136.04537,341.3,12.8,344,9342281,C6VG7,NORWEGIAN PEARL,16,GLACIER BAY
2008-07-24T14:11:26,309653000,58.47546667,-136.04429,339.8,12.8,344,9342281,C6VG7,NORWEGIAN PEARL,16,GLACIER BAY
2008-07-24T14:11:14,309653000,58.4749,-136.0439067,339.8,12.8,343,9342281,C6VG7,NORWEGIAN PEARL,16,GLACIER BAY
2008-07-24T14:10:45,309653000,58.47331667,-136.0427283,336.3,12.9,339,9342281,C6VG7,NORWEGIAN PEARL,16,GLACIER BAY
2008-07-24T14:10:25,309653000,58.47218333,-136.0417317,333.7,12.9,336,9342281,C6VG7,NORWEGIAN PEARL,16,GLACIER BAY
2008-07-24T14:10:15,309653000,58.47169833,-136.0412817,331.7,12.9,334,9342281,C6VG7,NORWEGIAN PEARL,16,GLACIER BAY
2008-07-24T14:10:04,309653000,58.471115,-136.0407,331.7,12.9,334,9342281,C6VG7,NORWEGIAN PEARL,16,GLACIER BAY
2008-07-24T14:09:45,309653000,58.47009833,-136.0396517,329.7,13.0,332,9342281,C6VG7,NORWEGIAN PEARL,16,GLACIER BAY
2008-07-24T14:09:34,309653000,58.46953167,-136.0390183,329.2,13.0,331,9342281,C6VG7,NORWEGIAN PEARL,16,GLACIER BAY
2008-07-24T14:09:24,309653000,58.46901333,-136.0384533,328.2,13.0,330,9342281,C6VG7,NORWEGIAN PEARL,16,GLACIER BAY
2008-07-24T14:09:15,309653000,58.468565,-136.03792,327.6,12.9,330,9342281,C6VG7,NORWEGIAN PEARL,16,GLACIER BAY
2008-07-24T14:08:57,309653000,58.46749667,-136.0366383,326.2,12.9,328,9342281,C6VG7,NORWEGIAN PEARL,16,GLACIER BAY
2008-07-24T14:08:45,309653000,58.46699667,-136.0360217,326.6,12.8,328,9342281,C6VG7,NORWEGIAN PEARL,16,GLACIER BAY
2008-07-24T14:08:34,309653000,58.46646333,-136.0353383,326.2,12.8,328,9342281,C6VG7,NORWEGIAN PEARL,16,GLACIER BAY
2008-07-24T14:08:25,309653000,58.466065,-136.0348233,326.1,12.7,328,9342281,C6VG7,NORWEGIAN PEARL,16,GLACIER BAY
2008-07-24T14:08:16,309653000,58.46558,-136.0342067,326.1,12.6,328,9342281,C6VG7,NORWEGIAN PEARL,16,GLACIER BAY
2008-07-24T14:08:05,309653000,58.46509667,-136.0335717,326.1,12.6,328,9342281,C6VG7,NORWEGIAN PEARL,16,GLACIER BAY
2008-07-24T14:07:54,309653000,58.46456333,-136.03289,325.7,12.6,328,9342281,C6VG7,NORWEGIAN PEARL,16,GLACIER BAY
2008-07-24T14:07:45,309653000,58.46413,-136.0323417,324.7,12.6,327,9342281,C6VG7,NORWEGIAN PEARL,16,GLACIER BAY
2008-07-24T14:07:25,309653000,58.46318,-136.0310583,323.7,12.6,326,9342281,C6VG7,NORWEGIAN PEARL,16,GLACIER BAY
2008-07-24T14:07:16,309653000,58.46266333,-136.0303433,323.1,12.6,325,9342281,C6VG7,NORWEGIAN PEARL,16,GLACIER BAY
2008-07-24T14:07:05,309653000,58.46219667,-136.0296767,322.1,12.6,324,9342281,C6VG7,NORWEGIAN PEARL,16,GLACIER BAY
2008-07-24T14:06:45,309653000,58.46128,-136.0283283,321.6,12.6,323,9342281,C6VG7,NORWEGIAN PEARL,16,GLACIER BAY
2008-07-24T14:06:27,309653000,58.46041333,-136.0269967,0.0,0.0,0,9342281,C6VG7,NORWEGIAN PEARL,16,GLACIER BAY
2008-07-24T14:06:25,309653000,58.46041333,-136.0269967,320.1,12.6,322,9342281,C6VG7,NORWEGIAN PEARL,16,GLACIER BAY
2008-07-24T14:06:15,309653000,58.45996333,-136.02628,320.6,12.6,322,9342281,C6VG7,NORWEGIAN PEARL,16,GLACIER BAY
2008-07-24T14:06:05,309653000,58.45951333,-136.0255817,320.1,12.6,322,9342281,C6VG7,NORWEGIAN PEARL,16,GLACIER BAY
2008-07-24T14:05:45,309653000,58.45866333,-136.0242317,320.6,12.7,322,9342281,C6VG7,NORWEGIAN PEARL,16,GLACIER BAY
2008-07-24T14:05:35,309653000,58.45811333,-136.0233817,320.1,12.6,322,9342281,C6VG7,NORWEGIAN PEARL,16,GLACIER BAY
2008-07-24T14:05:05,309653000,58.45676333,-136.0212317,320.1,12.7,322,9342281,C6VG7,NORWEGIAN PEARL,16,GLACIER BAY
2008-07-24T14:04:55,309653000,58.45636333,-136.0205983,320.1,12.6,322,9342281,C6VG7,NORWEGIAN PEARL,16,GLACIER BAY
2008-07-24T14:04:45,309653000,58.45591333,-136.0198817,320.1,12.7,322,9342281,C6VG7,NORWEGIAN PEARL,16,GLACIER BAY
2008-07-24T14:04:35,309653000,58.45546333,-136.019165,320.1,12.7,322,9342281,C6VG7,NORWEGIAN PEARL,16,GLACIER BAY
2008-07-24T14:04:25,309653000,58.45501333,-136.0184333,319.1,12.7,321,9342281,C6VG7,NORWEGIAN PEARL,16,GLACIER BAY
2008-07-24T14:04:05,309653000,58.45413,-136.016985,318.6,12.7,320,9342281,C6VG7,NORWEGIAN PEARL,16,GLACIER BAY
2008-07-24T14:03:46,309653000,58.45324833,-136.0155017,318.6,12.7,320,9342281,C6VG7,NORWEGIAN PEARL,16,GLACIER BAY
2008-07-24T14:03:35,309653000,58.45276333,-136.0147017,318.1,12.6,320,9342281,C6VG7,NORWEGIAN PEARL,16,GLACIER BAY
2008-07-24T14:03:05,309653000,58.45151333,-136.0125367,317.7,12.6,320,9342281,C6VG7,NORWEGIAN PEARL,16,GLACIER BAY
2008-07-24T14:02:46,309653000,58.45064667,-136.011055,316.7,12.6,319,9342281,C6VG7,NORWEGIAN PEARL,16,GLACIER BAY
2008-07-24T14:02:35,309653000,58.45023,-136.0102717,317.1,12.6,319,9342281,C6VG7,NORWEGIAN PEARL,16,GLACIER BAY
2008-07-24T14:02:25,309653000,58.44981333,-136.00954,315.7,12.6,318,9342281,C6VG7,NORWEGIAN PEARL,16,GLACIER BAY
2008-07-24T14:02:15,309653000,58.44933,-136.00869,314.7,12.6,317,9342281,C6VG7,NORWEGIAN PEARL,16,GLACIER BAY
2008-07-24T14:02:05,309653000,58.44891333,-136.0078933,314.1,12.5,316,9342281,C6VG7,NORWEGIAN PEARL,16,GLACIER BAY
2008-07-24T14:01:45,309653000,58.44813,-136.006395,313.1,12.6,315,9342281,C6VG7,NORWEGIAN PEARL,16,GLACIER BAY
2008-07-24T14:01:35,309653000,58.44769667,-136.0055117,312.1,12.6,314,9342281,C6VG7,NORWEGIAN PEARL,16,GLACIER BAY
2008-07-24T14:01:26,309653000,58.44734667,-136.0047783,311.1,12.6,313,9342281,C6VG7,NORWEGIAN PEARL,16,GLACIER BAY
2008-07-24T14:00:26,309653000,58.44507833,-135.9996983,309.0,12.6,310,9342281,C6VG7,NORWEGIAN PEARL,16,GLACIER BAY
2008-07-24T13:59:54,309653000,58.443945,-135.99705,309.0,12.5,310,9342281,C6VG7,NORWEGIAN PEARL,16,GLACIER BAY
2008-07-24T13:59:35,309653000,58.44326167,-135.9954167,309.0,12.4,310,9342281,C6VG7,NORWEGIAN PEARL,16,GLACIER BAY
2008-07-24T13:59:05,309653000,58.442145,-135.9928167,308.5,12.1,310,9342281,C6VG7,NORWEGIAN PEARL,16,GLACIER BAY
2008-07-24T13:58:46,309653000,58.44147833,-135.9912333,309.0,12.0,310,9342281,C6VG7,NORWEGIAN PEARL,16,GLACIER BAY
2008-07-24T13:58:25,309653000,58.440745,-135.9894983,309.0,11.8,310,9342281,C6VG7,NORWEGIAN PEARL,16,GLACIER BAY
2008-07-24T13:58:05,309653000,58.44006,-135.98788,309.0,11.5,310,9342281,C6VG7,NORWEGIAN PEARL,16,GLACIER BAY
2008-07-24T13:57:54,309653000,58.43971,-135.9870967,308.9,11.4,310,9342281,C6VG7,NORWEGIAN PEARL,16,GLACIER BAY
2008-07-24T13:57:45,309653000,58.43942667,-135.9863967,308.9,11.3,310,9342281,C6VG7,NORWEGIAN PEARL,16,GLACIER BAY
2008-07-24T13:57:04,309653000,58.43805833,-135.9832267,308.9,10.6,310,9342281,C6VG7,NORWEGIAN PEARL,16,GLACIER BAY
2008-07-24T13:56:45,309653000,58.437475,-135.9818417,308.8,10.3,310,9342281,C6VG7,NORWEGIAN PEARL,16,GLACIER BAY
2008-07-24T13:56:14,309653000,58.43659,-135.9797567,309.4,9.9,310,9342281,C6VG7,NORWEGIAN PEARL,16,GLACIER BAY
2008-07-24T13:56:05,309653000,58.43630667,-135.9790717,308.8,9.7,310,9342281,C6VG7,NORWEGIAN PEARL,16,GLACIER BAY
2008-07-24T13:55:14,309653000,58.43492333,-135.9758517,309.3,9.0,310,9342281,C6VG7,NORWEGIAN PEARL,16,GLACIER BAY
2008-07-24T13:55:05,309653000,58.43465667,-135.9752517,310.0,8.9,310,9342281,C6VG7,NORWEGIAN PEARL,16,GLACIER BAY
2008-07-24T13:54:35,309653000,58.43392333,-135.9735483,311.3,8.5,310,9342281,C6VG7,NORWEGIAN PEARL,16,GLACIER BAY
2008-07-24T13:54:25,309653000,58.43338833,-135.97238,0.0,0.0,0,9342281,C6VG7,NORWEGIAN PEARL,16,GLACIER BAY
2008-07-24T13:54:14,309653000,58.43338833,-135.97238,312.4,8.1,311,9342281,C6VG7,NORWEGIAN PEARL,16,GLACIER BAY
2008-07-24T13:54:05,309653000,58.433155,-135.9719117,313.1,8.0,311,9342281,C6VG7,NORWEGIAN PEARL,16,GLACIER BAY
2008-07-24T13:53:54,309653000,58.43287167,-135.9713433,314.1,7.9,312,9342281,C6VG7,NORWEGIAN PEARL,16,GLACIER BAY
2008-07-24T13:53:45,309653000,58.43262167,-135.9708433,314.5,7.6,313,9342281,C6VG7,NORWEGIAN PEARL,16,GLACIER BAY
2008-07-24T13:53:25,309653000,58.43213833,-135.96994,317.3,7.3,315,9342281,C6VG7,NORWEGIAN PEARL,16,GLACIER BAY
2008-07-24T13:53:14,309653000,58.43187333,-135.969455,320.1,7.3,317,9342281,C6VG7,NORWEGIAN PEARL,16,GLACIER BAY
2008-07-24T13:52:35,309653000,58.43085833,-135.9679017,324.9,7.3,321,9342281,C6VG7,NORWEGIAN PEARL,16,GLACIER BAY
2008-07-24T13:52:25,309653000,58.43059167,-135.9675333,325.1,7.2,322,9342281,C6VG7,NORWEGIAN PEARL,16,GLACIER BAY
2008-07-24T13:52:04,309653000,58.43001,-135.9667983,327.1,7.2,324,9342281,C6VG7,NORWEGIAN PEARL,16,GLACIER BAY
2008-07-24T13:51:25,309653000,58.42891,-135.965495,330.4,7.1,328,9342281,C6VG7,NORWEGIAN PEARL,16,GLACIER BAY
2008-07-24T13:51:15,309653000,58.42862667,-135.965195,331.3,7.2,329,9342281,C6VG7,NORWEGIAN PEARL,16,GLACIER BAY
2008-07-24T13:50:54,309653000,58.42802833,-135.9645767,333.4,7.1,331,9342281,C6VG7,NORWEGIAN PEARL,16,GLACIER BAY
2008-07-24T13:50:45,309653000,58.42776167,-135.9643267,334.4,7.1,332,9342281,C6VG7,NORWEGIAN PEARL,16,GLACIER BAY
2008-07-24T13:50:36,309653000,58.427445,-135.9640083,335.4,7.1,333,9342281,C6VG7,NORWEGIAN PEARL,16,GLACIER BAY
2008-07-24T13:50:15,309653000,58.42687833,-135.9635233,337.3,7.2,335,9342281,C6VG7,NORWEGIAN PEARL,16,GLACIER BAY
2008-07-24T13:50:05,309653000,58.42654667,-135.96324,337.5,7.2,336,9342281,C6VG7,NORWEGIAN PEARL,16,GLACIER BAY
2008-07-24T13:49:54,309653000,58.42623,-135.96299,338.5,7.3,337,9342281,C6VG7,NORWEGIAN PEARL,16,GLACIER BAY
2008-07-24T13:49:36,309653000,58.42564833,-135.9625383,340.5,7.5,339,9342281,C6VG7,NORWEGIAN PEARL,16,GLACIER BAY
2008-07-24T13:49:26,309653000,58.425315,-135.9623217,341.5,7.5,340,9342281,C6VG7,NORWEGIAN PEARL,16,GLACIER BAY
2008-07-24T13:49:15,309653000,58.42498167,-135.9621033,341.7,7.6,341,9342281,C6VG7,NORWEGIAN PEARL,16,GLACIER BAY
2008-07-24T13:49:04,309653000,58.42461667,-135.96187,342.7,7.7,342,9342281,C6VG7,NORWEGIAN PEARL,16,GLACIER BAY
2008-07-24T13:48:54,309653000,58.42428333,-135.9616683,343.7,7.9,343,9342281,C6VG7,NORWEGIAN PEARL,16,GLACIER BAY
2008-07-24T13:48:45,309653000,58.42393333,-135.9614683,344.7,7.9,344,9342281,C6VG7,NORWEGIAN PEARL,16,GLACIER BAY
2008-07-24T13:48:28,309653000,58.42326833,-135.9611167,0.0,0.0,0,9342281,C6VG7,NORWEGIAN PEARL,16,GLACIER BAY
2008-07-24T13:48:26,309653000,58.42326833,-135.9611167,346.0,8.1,346,9342281,C6VG7,NORWEGIAN PEARL,16,GLACIER BAY
2008-07-24T13:48:15,309653000,58.42290333,-135.9609333,347.0,8.2,347,9342281,C6VG7,NORWEGIAN PEARL,16,GLACIER BAY
2008-07-24T13:47:25,309653000,58.42102333,-135.9601967,350.6,8.7,352,9342281,C6VG7,NORWEGIAN PEARL,16,GLACIER BAY
2008-07-24T13:47:15,309653000,58.42062333,-135.9600617,351.6,8.8,353,9342281,C6VG7,NORWEGIAN PEARL,16,GLACIER BAY
2008-07-24T13:47:04,309653000,58.42014,-135.9599433,352.0,8.8,354,9342281,C6VG7,NORWEGIAN PEARL,16,GLACIER BAY
2008-07-24T13:46:53,309653000,58.41974167,-135.9598267,353.0,9.0,355,9342281,C6VG7,NORWEGIAN PEARL,16,GLACIER BAY
2008-07-24T13:46:52,309653000,58.41965833,-135.95981,354.0,9.0,355,9342281,C6VG7,NORWEGIAN PEARL,16,GLACIER BAY
2008-07-24T13:46:42,309653000,58.41924167,-135.959725,354.4,9.1,356,9342281,C6VG7,NORWEGIAN PEARL,16,GLACIER BAY
2008-07-24T13:46:38,309653000,58.41911667,-135.9597,354.4,9.1,357,9342281,C6VG7,NORWEGIAN PEARL,16,GLACIER BAY
2008-07-24T13:46:32,309653000,58.41883333,-135.9596333,355.5,9.2,357,9342281,C6VG7,NORWEGIAN PEARL,16,GLACIER BAY
2008-07-24T13:46:25,309653000,58.41856667,-135.9595833,354.9,9.3,358,9342281,C6VG7,NORWEGIAN PEARL,16,GLACIER BAY
2008-07-24T13:46:15,309653000,58.418145,-135.9595067,355.9,9.4,359,9342281,C6VG7,NORWEGIAN PEARL,16,GLACIER BAY
2008-07-24T13:46:04,309653000,58.417685,-135.95945,356.4,9.5,0,9342281,C6VG7,NORWEGIAN PEARL,16,GLACIER BAY
2008-07-24T13:45:53,309653000,58.41720167,-135.9593833,357.9,9.6,2,9342281,C6VG7,NORWEGIAN PEARL,16,GLACIER BAY
2008-07-24T13:45:24,309653000,58.41591667,-135.9593,359.7,9.7,5,9342281,C6VG7,NORWEGIAN PEARL,16,GLACIER BAY
2008-07-24T13:45:04,309653000,58.41501667,-135.9593,359.8,9.8,5,9342281,C6VG7,NORWEGIAN PEARL,16,GLACIER BAY
2008-07-24T13:44:53,309653000,58.41451667,-135.9593167,0.3,9.9,5,9342281,C6VG7,NORWEGIAN PEARL,16,GLACIER BAY
2008-07-24T13:44:24,309653000,58.413185,-135.9593167,359.9,10.0,5,9342281,C6VG7,NORWEGIAN PEARL,16,GLACIER BAY
2008-07-24T13:44:14,309653000,58.41276833,-135.9593167,359.9,10.0,5,9342281,C6VG7,NORWEGIAN PEARL,16,GLACIER BAY
2008-07-24T13:44:04,309653000,58.41226833,-135.9593167,359.9,10.0,5,9342281,C6VG7,NORWEGIAN PEARL,16,GLACIER BAY
2008-07-24T13:43:53,309653000,58.41180167,-135.9593167,359.9,10.0,5,9342281,C6VG7,NORWEGIAN PEARL,16,GLACIER BAY
2008-07-24T13:43:44,309653000,58.411335,-135.9593167,359.9,10.0,5,9342281,C6VG7,NORWEGIAN PEARL,16,GLACIER BAY
2008-07-24T13:43:33,309653000,58.41081833,-135.9593,359.9,10.0,5,9342281,C6VG7,NORWEGIAN PEARL,16,GLACIER BAY
2008-07-24T13:43:14,309653000,58.409935,-135.9593,0.0,10.1,5,9342281,C6VG7,NORWEGIAN PEARL,16,GLACIER BAY
2008-07-24T13:43:04,309653000,58.40946833,-135.9593,0.0,10.1,5,9342281,C6VG7,NORWEGIAN PEARL,16,GLACIER BAY
2008-07-24T13:42:44,309653000,58.40853667,-135.9593,359.4,10.1,5,9342281,C6VG7,NORWEGIAN PEARL,16,GLACIER BAY
2008-07-24T13:42:33,309653000,58.40802,-135.9592833,359.5,10.2,5,9342281,C6VG7,NORWEGIAN PEARL,16,GLACIER BAY
2008-07-24T13:42:27,309653000,58.40613833,-135.9592667,0.0,0.0,0,9342281,C6VG7,NORWEGIAN PEARL,16,GLACIER BAY
2008-07-24T13:41:54,309653000,58.40613833,-135.9592667,359.5,10.2,5,9342281,C6VG7,NORWEGIAN PEARL,16,GLACIER BAY
2008-07-24T13:41:45,309653000,58.40572167,-135.9592667,358.8,10.2,5,9342281,C6VG7,NORWEGIAN PEARL,16,GLACIER BAY
2008-07-24T13:41:25,309653000,58.40477167,-135.9592333,359.9,10.3,6,9342281,C6VG7,NORWEGIAN PEARL,16,GLACIER BAY
2008-07-24T13:41:04,309653000,58.40382167,-135.9592333,0.4,10.2,6,9342281,C6VG7,NORWEGIAN PEARL,16,GLACIER BAY
2008-07-24T13:40:54,309653000,58.403355,-135.9592333,359.0,10.4,5,9342281,C6VG7,NORWEGIAN PEARL,16,GLACIER BAY
2008-07-24T13:40:44,309653000,58.40287167,-135.9592333,359.0,10.4,5,9342281,C6VG7,NORWEGIAN PEARL,16,GLACIER BAY
2008-07-24T13:40:33,309653000,58.40233833,-135.9592167,359.0,10.4,5,9342281,C6VG7,NORWEGIAN PEARL,16,GLACIER BAY
2008-07-24T13:40:24,309653000,58.401905,-135.9592167,358.5,10.5,5,9342281,C6VG7,NORWEGIAN PEARL,16,GLACIER BAY
2008-07-24T13:40:14,309653000,58.40142167,-135.9592,0.0,10.5,6,9342281,C6VG7,NORWEGIAN PEARL,16,GLACIER BAY
2008-07-24T13:39:53,309653000,58.400405,-135.9591833,359.1,10.6,5,9342281,C6VG7,NORWEGIAN PEARL,16,GLACIER BAY
2008-07-24T13:39:33,309653000,58.39942167,-135.9591667,359.1,10.7,5,9342281,C6VG7,NORWEGIAN PEARL,16,GLACIER BAY
2008-07-24T13:39:25,309653000,58.39904,-135.95915,359.7,10.7,5,9342281,C6VG7,NORWEGIAN PEARL,16,GLACIER BAY
2008-07-24T13:38:54,309653000,58.39749,-135.9591333,359.8,10.9,5,9342281,C6VG7,NORWEGIAN PEARL,16,GLACIER BAY
2008-07-24T13:38:44,309653000,58.39699,-135.95915,359.8,10.9,5,9342281,C6VG7,NORWEGIAN PEARL,16,GLACIER BAY
2008-07-24T13:38:33,309653000,58.39644,-135.9591333,359.9,11.0,5,9342281,C6VG7,NORWEGIAN PEARL,16,GLACIER BAY
2008-07-24T13:38:25,309653000,58.39597333,-135.95915,359.9,11.1,5,9342281,C6VG7,NORWEGIAN PEARL,16,GLACIER BAY
2008-07-24T13:38:15,309653000,58.395525,-135.9591667,0.3,11.1,5,9342281,C6VG7,NORWEGIAN PEARL,16,GLACIER BAY
2008-07-24T13:37:44,309653000,58.39390833,-135.9591833,0.9,11.3,5,9342281,C6VG7,NORWEGIAN PEARL,16,GLACIER BAY
2008-07-24T13:37:34,309653000,58.393325,-135.9591833,0.0,11.4,5,9342281,C6VG7,NORWEGIAN PEARL,16,GLACIER BAY
2008-07-24T13:37:25,309653000,58.39290833,-135.9592,1.4,11.3,5,9342281,C6VG7,NORWEGIAN PEARL,16,GLACIER BAY
2008-07-24T13:37:04,309653000,58.39177333,-135.9592333,1.4,11.4,5,9342281,C6VG7,NORWEGIAN PEARL,16,GLACIER BAY
2008-07-24T13:36:54,309653000,58.39124167,-135.95925,1.9,11.3,5,9342281,C6VG7,NORWEGIAN PEARL,16,GLACIER BAY
2008-07-24T13:36:33,309653000,58.39020833,-135.9593167,2.4,11.3,5,9342281,C6VG7,NORWEGIAN PEARL,16,GLACIER BAY
2008-07-24T13:35:54,309653000,58.38822667,-135.959465,1.4,11.4,5,9342281,C6VG7,NORWEGIAN PEARL,16,GLACIER BAY
2008-07-24T13:35:44,309653000,58.38769333,-135.9595,1.9,11.4,5,9342281,C6VG7,NORWEGIAN PEARL,16,GLACIER BAY
2008-07-24T13:35:34,309653000,58.38711,-135.95955,0.0,11.4,5,9342281,C6VG7,NORWEGIAN PEARL,16,GLACIER BAY
2008-07-24T13:35:25,309653000,58.38659333,-135.9595667,0.9,11.4,5,9342281,C6VG7,NORWEGIAN PEARL,16,GLACIER BAY
2008-07-24T13:35:15,309653000,58.38611,-135.959565,0.4,11.4,5,9342281,C6VG7,NORWEGIAN PEARL,16,GLACIER BAY
2008-07-24T13:35:04,309653000,58.38552667,-135.9595833,359.5,11.4,5,9342281,C6VG7,NORWEGIAN PEARL,16,GLACIER BAY
2008-07-24T13:34:54,309653000,58.38501,-135.959565,0.0,11.5,5,9342281,C6VG7,NORWEGIAN PEARL,16,GLACIER BAY
2008-07-24T13:34:44,309653000,58.38447667,-135.9595667,359.0,11.4,5,9342281,C6VG7,NORWEGIAN PEARL,16,GLACIER BAY
2008-07-24T13:34:23,309653000,58.38342667,-135.95955,359.5,11.4,5,9342281,C6VG7,NORWEGIAN PEARL,16,GLACIER BAY
2008-07-24T13:34:15,309653000,58.38299333,-135.95955,359.0,11.4,5,9342281,C6VG7,NORWEGIAN PEARL,16,GLACIER BAY
2008-07-24T13:34:03,309653000,58.38237667,-135.9595167,359.0,11.4,5,9342281,C6VG7,NORWEGIAN PEARL,16,GLACIER BAY
2008-07-24T13:33:54,309653000,58.381895,-135.9595,358.5,11.4,5,9342281,C6VG7,NORWEGIAN PEARL,16,GLACIER BAY
2008-07-24T13:33:33,309653000,58.38074333,-135.95945,358.4,11.3,5,9342281,C6VG7,NORWEGIAN PEARL,16,GLACIER BAY
2008-07-24T13:33:04,309653000,58.37917667,-135.9593667,357.9,11.2,5,9342281,C6VG7,NORWEGIAN PEARL,16,GLACIER BAY
2008-07-24T13:32:54,309653000,58.37871,-135.959335,358.4,11.2,5,9342281,C6VG7,NORWEGIAN PEARL,16,GLACIER BAY
2008-07-24T13:32:44,309653000,58.37819333,-135.9593183,357.4,11.3,5,9342281,C6VG7,NORWEGIAN PEARL,16,GLACIER BAY
2008-07-24T13:32:23,309653000,58.37714333,-135.9592183,356.8,11.2,5,9342281,C6VG7,NORWEGIAN PEARL,16,GLACIER BAY
2008-07-24T13:32:19,309653000,58.37664333,-135.9591683,357.9,11.2,5,9342281,C6VG7,NORWEGIAN PEARL,16,GLACIER BAY
2008-07-24T13:32:03,309653000,58.37607667,-135.9591183,357.4,11.2,5,9342281,C6VG7,NORWEGIAN PEARL,16,GLACIER BAY
2008-07-24T13:31:55,309653000,58.37561167,-135.959085,356.8,11.2,5,9342281,C6VG7,NORWEGIAN PEARL,16,GLACIER BAY
2008-07-24T13:31:33,309653000,58.37452833,-135.958985,357.3,11.1,5,9342281,C6VG7,NORWEGIAN PEARL,16,GLACIER BAY
2008-07-24T13:31:23,309653000,58.37402833,-135.9589333,356.7,11.0,5,9342281,C6VG7,NORWEGIAN PEARL,16,GLACIER BAY
2008-07-24T13:31:14,309653000,58.37356167,-135.958885,356.7,11.0,5,9342281,C6VG7,NORWEGIAN PEARL,16,GLACIER BAY
2008-07-24T13:30:54,309653000,58.372595,-135.958785,356.2,11.0,5,9342281,C6VG7,NORWEGIAN PEARL,16,GLACIER BAY
2008-07-24T13:30:44,309653000,58.37209667,-135.9587183,356.1,10.9,5,9342281,C6VG7,NORWEGIAN PEARL,16,GLACIER BAY
2008-07-24T13:30:24,309653000,58.37098,-135.9585683,0.0,0.0,0,9342281,C6VG7,NORWEGIAN PEARL,16,GLACIER BAY
2008-07-24T13:30:23,309653000,58.37098,-135.9585683,356.1,10.9,5,9342281,C6VG7,NORWEGIAN PEARL,16,GLACIER BAY
2008-07-24T13:30:14,309653000,58.37048,-135.9585017,356.1,10.9,5,9342281,C6VG7,NORWEGIAN PEARL,16,GLACIER BAY
2008-07-24T13:30:03,309653000,58.36996333,-135.958435,356.1,10.9,5,9342281,C6VG7,NORWEGIAN PEARL,16,GLACIER BAY
2008-07-24T13:29:54,309653000,58.36951167,-135.958385,356.5,10.8,5,9342281,C6VG7,NORWEGIAN PEARL,16,GLACIER BAY
2008-07-24T13:29:23,309653000,58.36801333,-135.958185,356.0,10.8,5,9342281,C6VG7,NORWEGIAN PEARL,16,GLACIER BAY
2008-07-24T13:29:14,309653000,58.36753,-135.9581183,356.0,10.8,5,9342281,C6VG7,NORWEGIAN PEARL,16,GLACIER BAY
2008-07-24T13:29:03,309653000,58.36703,-135.9580517,355.5,10.7,4,9342281,C6VG7,NORWEGIAN PEARL,16,GLACIER BAY
2008-07-24T13:28:54,309653000,58.36658,-135.9579867,355.0,10.8,4,9342281,C6VG7,NORWEGIAN PEARL,16,GLACIER BAY
2008-07-24T13:28:45,309653000,58.36603,-135.9579033,354.0,10.8,3,9342281,C6VG7,NORWEGIAN PEARL,16,GLACIER BAY
2008-07-24T13:28:33,309653000,58.36548,-135.9577867,353.6,10.9,2,9342281,C6VG7,NORWEGIAN PEARL,16,GLACIER BAY
2008-07-24T13:28:23,309653000,58.36499667,-135.9576867,352.1,10.9,1,9342281,C6VG7,NORWEGIAN PEARL,16,GLACIER BAY
2008-07-24T13:28:14,309653000,58.36454667,-135.95757,352.6,10.9,1,9342281,C6VG7,NORWEGIAN PEARL,16,GLACIER BAY
2008-07-24T13:28:04,309653000,58.36399667,-135.95742,351.6,10.9,0,9342281,C6VG7,NORWEGIAN PEARL,16,GLACIER BAY
2008-07-24T13:27:45,309653000,58.363115,-135.9571717,351.6,10.9,0,9342281,C6VG7,NORWEGIAN PEARL,16,GLACIER BAY
2008-07-24T13:27:34,309653000,58.362565,-135.9570217,351.1,10.9,0,9342281,C6VG7,NORWEGIAN PEARL,16,GLACIER BAY
2008-07-24T13:27:23,309653000,58.362065,-135.95687,352.1,10.8,0,9342281,C6VG7,NORWEGIAN PEARL,16,GLACIER BAY
2008-07-24T13:27:14,309653000,58.361565,-135.9567383,351.1,10.9,0,9342281,C6VG7,NORWEGIAN PEARL,16,GLACIER BAY
2008-07-24T13:27:04,309653000,58.36108167,-135.9565883,351.5,10.8,0,9342281,C6VG7,NORWEGIAN PEARL,16,GLACIER BAY
2008-07-24T13:26:55,309653000,58.36058167,-135.956455,351.5,10.8,0,9342281,C6VG7,NORWEGIAN PEARL,16,GLACIER BAY
2008-07-24T13:26:45,309653000,58.36013167,-135.9563217,351.5,10.8,0,9342281,C6VG7,NORWEGIAN PEARL,16,GLACIER BAY
2008-07-24T13:26:33,309653000,58.35953167,-135.956155,351.6,10.9,0,9342281,C6VG7,NORWEGIAN PEARL,16,GLACIER BAY
2008-07-24T13:26:23,309653000,58.35909833,-135.9560217,351.5,10.8,0,9342281,C6VG7,NORWEGIAN PEARL,16,GLACIER BAY
2008-07-24T13:26:16,309653000,58.35865,-135.955905,351.5,10.8,0,9342281,C6VG7,NORWEGIAN PEARL,16,GLACIER BAY
2008-07-24T13:26:05,309653000,58.35815,-135.9557717,352.1,10.8,0,9342281,C6VG7,NORWEGIAN PEARL,16,GLACIER BAY
2008-07-24T13:25:54,309653000,58.35766667,-135.9556383,352.1,10.8,0,9342281,C6VG7,NORWEGIAN PEARL,16,GLACIER BAY
2008-07-24T13:25:24,309653000,58.35608333,-135.955205,351.5,10.8,0,9342281,C6VG7,NORWEGIAN PEARL,16,GLACIER BAY
2008-07-24T13:24:44,309653000,58.35416667,-135.9546883,352.0,10.7,0,9342281,C6VG7,NORWEGIAN PEARL,16,GLACIER BAY
2008-07-24T13:24:24,309653000,58.3532,-135.9544217,351.5,10.7,0,9342281,C6VG7,NORWEGIAN PEARL,16,GLACIER BAY
2008-07-24T13:24:21,309653000,58.3528,-135.954305,0.0,0.0,0,9342281,C6VG7,NORWEGIAN PEARL,16,GLACIER BAY
2008-07-24T13:24:15,309653000,58.3528,-135.954305,351.5,10.7,0,9342281,C6VG7,NORWEGIAN PEARL,16,GLACIER BAY
2008-07-24T13:24:04,309653000,58.35226833,-135.954155,351.5,10.7,0,9342281,C6VG7,NORWEGIAN PEARL,16,GLACIER BAY
2008-07-24T13:23:54,309653000,58.35178333,-135.9540217,351.4,10.6,0,9342281,C6VG7,NORWEGIAN PEARL,16,GLACIER BAY
2008-07-24T13:23:44,309653000,58.35125167,-135.9538717,351.5,10.7,0,9342281,C6VG7,NORWEGIAN PEARL,16,GLACIER BAY
2008-07-24T13:23:33,309653000,58.35070167,-135.9537383,350.9,10.7,0,9342281,C6VG7,NORWEGIAN PEARL,16,GLACIER BAY
2008-07-24T13:23:25,309653000,58.35026833,-135.953605,351.5,10.7,0,9342281,C6VG7,NORWEGIAN PEARL,16,GLACIER BAY
2008-07-24T13:23:16,309653000,58.349835,-135.9534717,350.9,10.7,0,9342281,C6VG7,NORWEGIAN PEARL,16,GLACIER BAY
2008-07-24T13:23:04,309653000,58.34930167,-135.9533217,350.9,10.7,0,9342281,C6VG7,NORWEGIAN PEARL,16,GLACIER BAY
2008-07-24T13:22:54,309653000,58.34886833,-135.9531883,351.5,10.7,0,9342281,C6VG7,NORWEGIAN PEARL,16,GLACIER BAY
2008-07-24T13:22:44,309653000,58.348385,-135.953055,350.9,10.6,0,9342281,C6VG7,NORWEGIAN PEARL,16,GLACIER BAY
2008-07-24T13:22:35,309653000,58.34783667,-135.95289,350.9,10.6,0,9342281,C6VG7,NORWEGIAN PEARL,16,GLACIER BAY
2008-07-24T13:22:25,309653000,58.34740167,-135.9527567,350.9,10.6,0,9342281,C6VG7,NORWEGIAN PEARL,16,GLACIER BAY
2008-07-24T13:22:15,309653000,58.34697,-135.9526383,350.9,10.6,0,9342281,C6VG7,NORWEGIAN PEARL,16,GLACIER BAY
2008-07-24T13:22:04,309653000,58.34633667,-135.95244,350.9,10.6,0,9342281,C6VG7,NORWEGIAN PEARL,16,GLACIER BAY
2008-07-24T13:21:54,309653000,58.34590333,-135.9523067,350.9,10.6,0,9342281,C6VG7,NORWEGIAN PEARL,16,GLACIER BAY
2008-07-24T13:21:44,309653000,58.34543667,-135.9521567,350.8,10.5,0,9342281,C6VG7,NORWEGIAN PEARL,16,GLACIER BAY
2008-07-24T13:21:33,309653000,58.34490333,-135.9520067,350.8,10.5,0,9342281,C6VG7,NORWEGIAN PEARL,16,GLACIER BAY
2008-07-24T13:21:25,309653000,58.34452,-135.95189,350.1,10.5,0,9342281,C6VG7,NORWEGIAN PEARL,16,GLACIER BAY
2008-07-24T13:21:15,309653000,58.34408667,-135.9517567,351.8,10.5,1,9342281,C6VG7,NORWEGIAN PEARL,16,GLACIER BAY
2008-07-24T13:21:04,309653000,58.34352,-135.9515717,351.7,10.4,1,9342281,C6VG7,NORWEGIAN PEARL,16,GLACIER BAY
2008-07-24T13:20:44,309653000,58.34260333,-135.9513067,350.7,10.4,0,9342281,C6VG7,NORWEGIAN PEARL,16,GLACIER BAY
2008-07-24T13:20:35,309653000,58.34213667,-135.9511733,350.1,10.4,359,9342281,C6VG7,NORWEGIAN PEARL,16,GLACIER BAY
2008-07-24T13:20:25,309653000,58.34162,-135.9510067,350.1,10.4,359,9342281,C6VG7,NORWEGIAN PEARL,16,GLACIER BAY
2008-07-24T13:20:15,309653000,58.34118667,-135.9508567,349.1,10.4,358,9342281,C6VG7,NORWEGIAN PEARL,16,GLACIER BAY
2008-07-24T13:20:04,309653000,58.34067,-135.950675,348.7,10.4,357,9342281,C6VG7,NORWEGIAN PEARL,16,GLACIER BAY
2008-07-24T13:19:55,309653000,58.34025333,-135.9505083,348.1,10.4,357,9342281,C6VG7,NORWEGIAN PEARL,16,GLACIER BAY
2008-07-24T13:19:45,309653000,58.33978667,-135.950325,347.6,10.4,357,9342281,C6VG7,NORWEGIAN PEARL,16,GLACIER BAY
2008-07-24T13:19:35,309653000,58.33930333,-135.9501417,348.1,10.4,357,9342281,C6VG7,NORWEGIAN PEARL,16,GLACIER BAY
2008-07-24T13:19:26,309653000,58.33883667,-135.9499417,347.5,10.3,357,9342281,C6VG7,NORWEGIAN PEARL,16,GLACIER BAY
2008-07-24T13:19:04,309653000,58.33787167,-135.9495417,347.5,10.3,357,9342281,C6VG7,NORWEGIAN PEARL,16,GLACIER BAY
2008-07-24T13:18:55,309653000,58.33743833,-135.949375,346.7,10.2,357,9342281,C6VG7,NORWEGIAN PEARL,16,GLACIER BAY
2008-07-24T13:18:45,309653000,58.33693833,-135.9491583,347.4,10.2,357,9342281,C6VG7,NORWEGIAN PEARL,16,GLACIER BAY
2008-07-24T13:18:35,309653000,58.33652167,-135.9489933,347.4,10.2,357,9342281,C6VG7,NORWEGIAN PEARL,16,GLACIER BAY
2008-07-24T13:18:25,309653000,58.33602333,-135.94876,345.8,10.3,356,9342281,C6VG7,NORWEGIAN PEARL,16,GLACIER BAY
2008-07-24T13:18:24,309653000,58.335605,-135.9485767,0.0,0.0,0,9342281,C6VG7,NORWEGIAN PEARL,16,GLACIER BAY
2008-07-24T13:18:15,309653000,58.335605,-135.9485767,345.4,10.2,356,9342281,C6VG7,NORWEGIAN PEARL,16,GLACIER BAY
2008-07-24T13:18:04,309653000,58.33510667,-135.9483283,344.7,10.2,355,9342281,C6VG7,NORWEGIAN PEARL,16,GLACIER BAY
2008-07-24T13:17:55,309653000,58.33468833,-135.9481283,344.4,10.2,354,9342281,C6VG7,NORWEGIAN PEARL,16,GLACIER BAY
2008-07-24T13:17:45,309653000,58.33423833,-135.94788,342.8,10.3,353,9342281,C6VG7,NORWEGIAN PEARL,16,GLACIER BAY
2008-07-24T13:17:35,309653000,58.33378833,-135.9476133,341.7,10.2,352,9342281,C6VG7,NORWEGIAN PEARL,16,GLACIER BAY
2008-07-24T13:17:25,309653000,58.33333833,-135.9473317,340.8,10.3,351,9342281,C6VG7,NORWEGIAN PEARL,16,GLACIER BAY
2008-07-24T13:17:15,309653000,58.33288833,-135.9470483,339.8,10.3,350,9342281,C6VG7,NORWEGIAN PEARL,16,GLACIER BAY
2008-07-24T13:17:04,309653000,58.33233833,-135.9466833,338.8,10.3,349,9342281,C6VG7,NORWEGIAN PEARL,16,GLACIER BAY
2008-07-24T13:16:54,309653000,58.33193833,-135.9464,337.8,10.3,348,9342281,C6VG7,NORWEGIAN PEARL,16,GLACIER BAY
2008-07-24T13:16:45,309653000,58.331555,-135.9461017,336.8,10.3,347,9342281,C6VG7,NORWEGIAN PEARL,16,GLACIER BAY
2008-07-24T13:16:35,309653000,58.331105,-135.9457517,335.9,10.4,346,9342281,C6VG7,NORWEGIAN PEARL,16,GLACIER BAY
2008-07-24T13:16:24,309653000,58.33064,-135.9453533,335.6,10.4,345,9342281,C6VG7,NORWEGIAN PEARL,16,GLACIER BAY
2008-07-24T13:16:15,309653000,58.33023833,-135.9450217,333.6,10.4,343,9342281,C6VG7,NORWEGIAN PEARL,16,GLACIER BAY
2008-07-24T13:16:05,309653000,58.329805,-135.9446217,333.1,10.4,342,9342281,C6VG7,NORWEGIAN PEARL,16,GLACIER BAY
2008-07-24T13:15:54,309653000,58.32933833,-135.9441733,331.1,10.4,340,9342281,C6VG7,NORWEGIAN PEARL,16,GLACIER BAY
2008-07-24T13:15:45,309653000,58.328955,-135.9437733,329.2,10.5,338,9342281,C6VG7,NORWEGIAN PEARL,16,GLACIER BAY
2008-07-24T13:15:35,309653000,58.32853833,-135.9433083,328.2,10.5,337,9342281,C6VG7,NORWEGIAN PEARL,16,GLACIER BAY
2008-07-24T13:15:24,309653000,58.32808833,-135.9427767,326.3,10.6,335,9342281,C6VG7,NORWEGIAN PEARL,16,GLACIER BAY
2008-07-24T13:15:15,309653000,58.32772167,-135.9423267,325.8,10.6,334,9342281,C6VG7,NORWEGIAN PEARL,16,GLACIER BAY
2008-07-24T13:15:05,309653000,58.327305,-135.9417967,323.9,10.7,332,9342281,C6VG7,NORWEGIAN PEARL,16,GLACIER BAY
2008-07-24T13:14:54,309653000,58.32687,-135.94118,321.9,10.7,330,9342281,C6VG7,NORWEGIAN PEARL,16,GLACIER BAY
2008-07-24T13:14:45,309653000,58.32652,-135.940665,320.0,10.8,329,9342281,C6VG7,NORWEGIAN PEARL,16,GLACIER BAY
2008-07-24T13:14:15,309653000,58.32538667,-135.93882,316.0,10.9,324,9342281,C6VG7,NORWEGIAN PEARL,16,GLACIER BAY
2008-07-24T13:14:05,309653000,58.32502,-135.938155,314.6,10.9,322,9342281,C6VG7,NORWEGIAN PEARL,16,GLACIER BAY
2008-07-24T13:13:54,309653000,58.32465333,-135.9374733,312.6,11.0,320,9342281,C6VG7,NORWEGIAN PEARL,16,GLACIER BAY
2008-07-24T13:13:45,309653000,58.324285,-135.9367083,310.7,11.1,319,9342281,C6VG7,NORWEGIAN PEARL,16,GLACIER BAY
2008-07-24T13:13:34,309653000,58.32390167,-135.9359083,309.7,11.1,317,9342281,C6VG7,NORWEGIAN PEARL,16,GLACIER BAY
2008-07-24T13:13:25,309653000,58.32361833,-135.9352433,307.8,11.2,315,9342281,C6VG7,NORWEGIAN PEARL,16,GLACIER BAY
2008-07-24T13:13:15,309653000,58.32331833,-135.934545,307.3,11.2,314,9342281,C6VG7,NORWEGIAN PEARL,16,GLACIER BAY
2008-07-24T13:12:54,309653000,58.32266667,-135.93288,303.3,11.3,311,9342281,C6VG7,NORWEGIAN PEARL,16,GLACIER BAY
2008-07-24T13:12:44,309653000,58.32238333,-135.932065,302.9,11.4,309,9342281,C6VG7,NORWEGIAN PEARL,16,GLACIER BAY
2008-07-24T13:12:34,309653000,58.32209833,-135.9312333,300.4,11.4,307,9342281,C6VG7,NORWEGIAN PEARL,16,GLACIER BAY
2008-07-24T13:12:26,309653000,58.32183167,-135.930385,0.0,0.0,0,9342281,C6VG7,NORWEGIAN PEARL,16,GLACIER BAY
2008-07-24T13:12:24,309653000,58.32183167,-135.930385,299.9,11.5,306,9342281,C6VG7,NORWEGIAN PEARL,16,GLACIER BAY
2008-07-24T13:12:05,309653000,58.32133,-135.9287033,296.9,11.5,303,9342281,C6VG7,NORWEGIAN PEARL,16,GLACIER BAY
2008-07-24T13:11:54,309653000,58.32106333,-135.927705,295.5,11.6,301,9342281,C6VG7,NORWEGIAN PEARL,16,GLACIER BAY
2008-07-24T13:11:44,309653000,58.32083,-135.92679,293.5,11.7,299,9342281,C6VG7,NORWEGIAN PEARL,16,GLACIER BAY
2008-07-24T13:11:34,309653000,58.32059667,-135.9257733,293.1,11.7,298,9342281,C6VG7,NORWEGIAN PEARL,16,GLACIER BAY
2008-07-24T13:11:24,309653000,58.32037833,-135.9248083,291.1,11.8,296,9342281,C6VG7,NORWEGIAN PEARL,16,GLACIER BAY
2008-07-24T13:11:05,309653000,58.32002833,-135.92306,288.1,11.9,293,9342281,C6VG7,NORWEGIAN PEARL,16,GLACIER BAY
2008-07-24T13:10:55,309653000,58.31984333,-135.9220783,287.1,11.9,292,9342281,C6VG7,NORWEGIAN PEARL,16,GLACIER BAY
2008-07-24T13:10:44,309653000,58.31966,-135.92098,286.2,12.0,292,9342281,C6VG7,NORWEGIAN PEARL,16,GLACIER BAY
2008-07-24T13:10:34,309653000,58.31951,-135.9199633,286.2,12.0,291,9342281,C6VG7,NORWEGIAN PEARL,16,GLACIER BAY
2008-07-24T13:10:23,309653000,58.319325,-135.9188483,285.2,12.0,290,9342281,C6VG7,NORWEGIAN PEARL,16,GLACIER BAY
2008-07-24T13:10:15,309653000,58.31920833,-135.9180333,284.7,12.1,289,9342281,C6VG7,NORWEGIAN PEARL,16,GLACIER BAY
2008-07-24T13:09:55,309653000,58.318925,-135.915885,282.7,12.2,287,9342281,C6VG7,NORWEGIAN PEARL,16,GLACIER BAY
2008-07-24T13:09:45,309653000,58.31879167,-135.9148383,282.2,12.2,286,9342281,C6VG7,NORWEGIAN PEARL,16,GLACIER BAY
2008-07-24T13:09:34,309653000,58.318675,-135.9137883,280.8,12.3,286,9342281,C6VG7,NORWEGIAN PEARL,16,GLACIER BAY
2008-07-24T13:09:23,309653000,58.31855667,-135.9126217,280.2,12.3,285,9342281,C6VG7,NORWEGIAN PEARL,16,GLACIER BAY
2008-07-24T13:09:05,309653000,58.31835667,-135.9107217,279.7,12.4,283,9342281,C6VG7,NORWEGIAN PEARL,16,GLACIER BAY
2008-07-24T13:08:46,309653000,58.31817167,-135.9085567,277.8,12.6,281,9342281,C6VG7,NORWEGIAN PEARL,16,GLACIER BAY
2008-07-24T13:08:23,309653000,58.31798833,-135.9061417,277.2,12.7,280,9342281,C6VG7,NORWEGIAN PEARL,16,GLACIER BAY
2008-07-24T13:08:04,309653000,58.317855,-135.9040433,277.3,12.8,280,9342281,C6VG7,NORWEGIAN PEARL,16,GLACIER BAY
2008-07-24T13:07:54,309653000,58.31778833,-135.903045,277.7,12.9,280,9342281,C6VG7,NORWEGIAN PEARL,16,GLACIER BAY
2008-07-24T13:07:47,309653000,58.317705,-135.9019283,277.3,12.9,280,9342281,C6VG7,NORWEGIAN PEARL,16,GLACIER BAY
2008-07-24T13:07:23,309653000,58.31753833,-135.8994617,277.7,13.0,280,9342281,C6VG7,NORWEGIAN PEARL,16,GLACIER BAY
2008-07-24T13:07:15,309653000,58.31747167,-135.8985633,277.7,13.0,280,9342281,C6VG7,NORWEGIAN PEARL,16,GLACIER BAY
2008-07-24T13:07:04,309653000,58.31737333,-135.8971983,277.8,13.1,280,9342281,C6VG7,NORWEGIAN PEARL,16,GLACIER BAY
2008-07-24T13:06:54,309653000,58.31730667,-135.8961817,277.8,13.1,280,9342281,C6VG7,NORWEGIAN PEARL,16,GLACIER BAY
2008-07-24T13:06:47,309653000,58.31722333,-135.8951483,277.8,13.1,280,9342281,C6VG7,NORWEGIAN PEARL,16,GLACIER BAY
2008-07-24T13:06:35,309653000,58.31714,-135.8939,277.8,13.2,280,9342281,C6VG7,NORWEGIAN PEARL,16,GLACIER BAY
2008-07-24T13:06:20,309653000,58.31697333,-135.8917183,0.0,0.0,0,9342281,C6VG7,NORWEGIAN PEARL,16,GLACIER BAY
2008-07-24T13:06:15,309653000,58.31697333,-135.8917183,277.8,13.2,280,9342281,C6VG7,NORWEGIAN PEARL,16,GLACIER BAY
2008-07-24T13:06:05,309653000,58.31689,-135.8904683,277.8,13.2,280,9342281,C6VG7,NORWEGIAN PEARL,16,GLACIER BAY
2008-07-24T13:05:55,309653000,58.31680667,-135.889435,277.8,13.2,280,9342281,C6VG7,NORWEGIAN PEARL,16,GLACIER BAY
2008-07-24T13:05:46,309653000,58.31674,-135.8883867,277.8,13.2,280,9342281,C6VG7,NORWEGIAN PEARL,16,GLACIER BAY
2008-07-24T13:05:04,309653000,58.31639,-135.8835533,277.8,13.2,280,9342281,C6VG7,NORWEGIAN PEARL,16,GLACIER BAY
2008-07-24T13:04:45,309653000,58.31622333,-135.8813717,277.8,13.3,280,9342281,C6VG7,NORWEGIAN PEARL,16,GLACIER BAY
2008-07-24T13:04:36,309653000,58.31614,-135.880105,278.2,13.3,280,9342281,C6VG7,NORWEGIAN PEARL,16,GLACIER BAY
2008-07-24T13:04:24,309653000,58.31604,-135.878955,278.2,13.3,280,9342281,C6VG7,NORWEGIAN PEARL,16,GLACIER BAY
2008-07-24T13:04:15,309653000,58.31597333,-135.8779067,278.2,13.3,280,9342281,C6VG7,NORWEGIAN PEARL,16,GLACIER BAY
2008-07-24T13:04:05,309653000,58.31587333,-135.87664,278.7,13.3,280,9342281,C6VG7,NORWEGIAN PEARL,16,GLACIER BAY
2008-07-24T13:03:54,309653000,58.31579,-135.8756083,278.2,13.4,280,9342281,C6VG7,NORWEGIAN PEARL,16,GLACIER BAY
2008-07-24T13:03:45,309653000,58.31569,-135.8743233,278.7,13.4,280,9342281,C6VG7,NORWEGIAN PEARL,16,GLACIER BAY
2008-07-24T13:03:35,309653000,58.31560667,-135.8731733,278.7,13.5,280,9342281,C6VG7,NORWEGIAN PEARL,16,GLACIER BAY
2008-07-24T13:03:24,309653000,58.31549167,-135.8718917,279.1,13.5,280,9342281,C6VG7,NORWEGIAN PEARL,16,GLACIER BAY
2008-07-24T13:03:15,309653000,58.315425,-135.8709417,278.7,13.6,280,9342281,C6VG7,NORWEGIAN PEARL,16,GLACIER BAY
2008-07-24T13:03:04,309653000,58.31530833,-135.8696583,279.1,13.6,280,9342281,C6VG7,NORWEGIAN PEARL,16,GLACIER BAY
2008-07-24T13:02:45,309653000,58.31510833,-135.8674117,279.1,13.6,280,9342281,C6VG7,NORWEGIAN PEARL,16,GLACIER BAY
2008-07-24T13:02:35,309653000,58.31500833,-135.8662283,280.0,13.7,280,9342281,C6VG7,NORWEGIAN PEARL,16,GLACIER BAY
2008-07-24T13:02:23,309653000,58.31489167,-135.86493,280.0,13.7,280,9342281,C6VG7,NORWEGIAN PEARL,16,GLACIER BAY
2008-07-24T13:02:05,309653000,58.314675,-135.8625633,280.0,13.7,280,9342281,C6VG7,NORWEGIAN PEARL,16,GLACIER BAY
2008-07-24T13:01:54,309653000,58.31456,-135.86138,280.4,13.7,280,9342281,C6VG7,NORWEGIAN PEARL,16,GLACIER BAY
2008-07-24T13:01:46,309653000,58.31446,-135.8603133,280.8,13.7,280,9342281,C6VG7,NORWEGIAN PEARL,16,GLACIER BAY
2008-07-24T13:01:34,309653000,58.31434333,-135.859015,280.4,13.7,280,9342281,C6VG7,NORWEGIAN PEARL,16,GLACIER BAY
2008-07-24T13:01:23,309653000,58.31422667,-135.857715,280.8,13.6,280,9342281,C6VG7,NORWEGIAN PEARL,16,GLACIER BAY
2008-07-24T13:01:15,309653000,58.31412667,-135.8567817,280.4,13.6,280,9342281,C6VG7,NORWEGIAN PEARL,16,GLACIER BAY
2008-07-24T13:01:05,309653000,58.31401,-135.855615,280.4,13.6,280,9342281,C6VG7,NORWEGIAN PEARL,16,GLACIER BAY
2008-07-24T13:00:54,309653000,58.31389333,-135.8544333,280.8,13.5,280,9342281,C6VG7,NORWEGIAN PEARL,16,GLACIER BAY
2008-07-24T13:00:45,309653000,58.31377667,-135.8532667,280.8,13.5,280,9342281,C6VG7,NORWEGIAN PEARL,16,GLACIER BAY
2008-07-24T13:00:35,309653000,58.31367667,-135.8521033,280.8,13.6,280,9342281,C6VG7,NORWEGIAN PEARL,16,GLACIER BAY
2008-07-24T13:00:24,309653000,58.31352667,-135.8507017,280.8,13.5,280,9342281,C6VG7,NORWEGIAN PEARL,16,GLACIER BAY
2008-07-24T13:00:20,309653000,58.31344333,-135.8497683,0.0,0.0,0,9342281,C6VG7,NORWEGIAN PEARL,16,GLACIER BAY
2008-07-24T13:00:15,309653000,58.31344333,-135.8497683,280.4,13.5,280,9342281,C6VG7,NORWEGIAN PEARL,16,GLACIER BAY
2008-07-24T13:00:05,309653000,58.31332667,-135.8486033,280.8,13.5,280,9342281,C6VG7,NORWEGIAN PEARL,16,GLACIER BAY
2008-07-24T12:59:55,309653000,58.31321,-135.8473367,280.4,13.4,280,9342281,C6VG7,NORWEGIAN PEARL,16,GLACIER BAY
2008-07-24T12:59:45,309653000,58.31311,-135.8462867,280.8,13.4,280,9342281,C6VG7,NORWEGIAN PEARL,16,GLACIER BAY
2008-07-24T12:59:35,309653000,58.31299333,-135.8451367,280.8,13.4,280,9342281,C6VG7,NORWEGIAN PEARL,16,GLACIER BAY
2008-07-24T12:59:24,309653000,58.31286,-135.84387,280.4,13.3,280,9342281,C6VG7,NORWEGIAN PEARL,16,GLACIER BAY
2008-07-24T12:59:15,309653000,58.31276,-135.84282,280.8,13.3,280,9342281,C6VG7,NORWEGIAN PEARL,16,GLACIER BAY
2008-07-24T12:59:05,309653000,58.31264333,-135.8416867,280.4,13.3,280,9342281,C6VG7,NORWEGIAN PEARL,16,GLACIER BAY
2008-07-24T12:58:54,309653000,58.31254333,-135.8405383,280.8,13.2,280,9342281,C6VG7,NORWEGIAN PEARL,16,GLACIER BAY
2008-07-24T12:58:45,309653000,58.31241,-135.8392867,280.8,13.2,280,9342281,C6VG7,NORWEGIAN PEARL,16,GLACIER BAY
2008-07-24T12:58:35,309653000,58.31231,-135.8382533,280.8,13.2,280,9342281,C6VG7,NORWEGIAN PEARL,16,GLACIER BAY
2008-07-24T12:58:23,309653000,58.31217667,-135.8368883,280.8,13.1,280,9342281,C6VG7,NORWEGIAN PEARL,16,GLACIER BAY
2008-07-24T12:58:15,309653000,58.31207667,-135.8359883,280.8,13.1,280,9342281,C6VG7,NORWEGIAN PEARL,16,GLACIER BAY
2008-07-24T12:57:45,309653000,58.31174333,-135.83262,281.3,13.0,280,9342281,C6VG7,NORWEGIAN PEARL,16,GLACIER BAY
2008-07-24T12:57:35,309653000,58.31162667,-135.8315033,280.8,13.0,280,9342281,C6VG7,NORWEGIAN PEARL,16,GLACIER BAY
2008-07-24T12:57:24,309653000,58.31151,-135.83027,280.8,12.9,280,9342281,C6VG7,NORWEGIAN PEARL,16,GLACIER BAY
2008-07-24T12:57:04,309653000,58.31126167,-135.8279367,281.3,12.8,280,9342281,C6VG7,NORWEGIAN PEARL,16,GLACIER BAY
2008-07-24T12:56:56,309653000,58.31116,-135.8269517,281.3,12.7,280,9342281,C6VG7,NORWEGIAN PEARL,16,GLACIER BAY
2008-07-24T12:56:44,309653000,58.311045,-135.8258517,281.3,12.7,280,9342281,C6VG7,NORWEGIAN PEARL,16,GLACIER BAY
2008-07-24T12:56:24,309653000,58.310795,-135.82355,282.3,12.6,281,9342281,C6VG7,NORWEGIAN PEARL,16,GLACIER BAY
2008-07-24T12:56:15,309653000,58.310695,-135.822685,283.3,12.6,282,9342281,C6VG7,NORWEGIAN PEARL,16,GLACIER BAY
2008-07-24T12:56:04,309653000,58.31054667,-135.8215,283.8,12.5,282,9342281,C6VG7,NORWEGIAN PEARL,16,GLACIER BAY
2008-07-24T12:55:56,309653000,58.31043,-135.8205333,283.8,12.5,282,9342281,C6VG7,NORWEGIAN PEARL,16,GLACIER BAY
2008-07-24T12:55:44,309653000,58.31028,-135.81935,283.8,12.4,282,9342281,C6VG7,NORWEGIAN PEARL,16,GLACIER BAY
2008-07-24T12:55:35,309653000,58.31014667,-135.8184,283.8,12.4,282,9342281,C6VG7,NORWEGIAN PEARL,16,GLACIER BAY
2008-07-24T12:55:24,309653000,58.30999667,-135.8172333,283.8,12.4,282,9342281,C6VG7,NORWEGIAN PEARL,16,GLACIER BAY
2008-07-24T12:55:16,309653000,58.30988,-135.816285,283.8,12.3,282,9342281,C6VG7,NORWEGIAN PEARL,16,GLACIER BAY
2008-07-24T12:55:04,309653000,58.30973,-135.8151333,283.8,12.2,282,9342281,C6VG7,NORWEGIAN PEARL,16,GLACIER BAY
2008-07-24T12:54:55,309653000,58.30959667,-135.8142,283.8,12.2,282,9342281,C6VG7,NORWEGIAN PEARL,16,GLACIER BAY
2008-07-24T12:54:44,309653000,58.30944667,-135.81305,283.8,12.1,282,9342281,C6VG7,NORWEGIAN PEARL,16,GLACIER BAY
2008-07-24T12:54:34,309653000,58.30931333,-135.8120167,283.9,12.0,282,9342281,C6VG7,NORWEGIAN PEARL,16,GLACIER BAY
2008-07-24T12:54:24,309653000,58.30918,-135.8109833,283.9,12.0,282,9342281,C6VG7,NORWEGIAN PEARL,16,GLACIER BAY
2008-07-24T12:54:16,309653000,58.30906333,-135.810065,0.0,0.0,0,9342281,C6VG7,NORWEGIAN PEARL,16,GLACIER BAY
2008-07-24T12:54:15,309653000,58.30906333,-135.810065,283.9,11.9,282,9342281,C6VG7,NORWEGIAN PEARL,16,GLACIER BAY
2008-07-24T12:54:04,309653000,58.30891333,-135.8089483,283.9,11.9,282,9342281,C6VG7,NORWEGIAN PEARL,16,GLACIER BAY
2008-07-24T12:53:55,309653000,58.30878,-135.8080483,283.9,11.8,282,9342281,C6VG7,NORWEGIAN PEARL,16,GLACIER BAY
2008-07-24T12:53:44,309653000,58.30864667,-135.8069483,283.9,11.8,282,9342281,C6VG7,NORWEGIAN PEARL,16,GLACIER BAY
2008-07-24T12:53:34,309653000,58.30849667,-135.80583,283.9,11.7,282,9342281,C6VG7,NORWEGIAN PEARL,16,GLACIER BAY
2008-07-24T12:53:24,309653000,58.30838,-135.80493,283.9,11.6,282,9342281,C6VG7,NORWEGIAN PEARL,16,GLACIER BAY
2008-07-24T12:53:15,309653000,58.30826167,-135.80403,283.9,11.6,282,9342281,C6VG7,NORWEGIAN PEARL,16,GLACIER BAY
2008-07-24T12:53:04,309653000,58.30812833,-135.802945,283.9,11.5,282,9342281,C6VG7,NORWEGIAN PEARL,16,GLACIER BAY
2008-07-24T12:52:55,309653000,58.30801167,-135.8020467,283.9,11.5,282,9342281,C6VG7,NORWEGIAN PEARL,16,GLACIER BAY
2008-07-24T12:52:44,309653000,58.30786333,-135.80098,284.4,11.5,282,9342281,C6VG7,NORWEGIAN PEARL,16,GLACIER BAY
2008-07-24T12:52:34,309653000,58.30774667,-135.799995,284.0,11.4,282,9342281,C6VG7,NORWEGIAN PEARL,16,GLACIER BAY
2008-07-24T12:52:24,309653000,58.30763,-135.799115,284.5,11.4,282,9342281,C6VG7,NORWEGIAN PEARL,16,GLACIER BAY
2008-07-24T12:52:16,309653000,58.30749667,-135.7981467,284.5,11.4,282,9342281,C6VG7,NORWEGIAN PEARL,16,GLACIER BAY
2008-07-24T12:52:04,309653000,58.30734667,-135.79698,285.0,11.4,282,9342281,C6VG7,NORWEGIAN PEARL,16,GLACIER BAY
2008-07-24T12:51:55,309653000,58.30723,-135.7961133,285.0,11.4,282,9342281,C6VG7,NORWEGIAN PEARL,16,GLACIER BAY
2008-07-24T12:51:45,309653000,58.30711333,-135.7952633,285.0,11.4,282,9342281,C6VG7,NORWEGIAN PEARL,16,GLACIER BAY
2008-07-24T12:51:34,309653000,58.30694667,-135.7940983,284.9,11.5,282,9342281,C6VG7,NORWEGIAN PEARL,16,GLACIER BAY
2008-07-24T12:51:24,309653000,58.30683333,-135.7932183,284.4,11.5,282,9342281,C6VG7,NORWEGIAN PEARL,16,GLACIER BAY
2008-07-24T12:51:15,309653000,58.3067,-135.7923517,284.4,11.5,282,9342281,C6VG7,NORWEGIAN PEARL,16,GLACIER BAY
2008-07-24T12:51:04,309653000,58.30655,-135.7912683,284.9,11.5,283,9342281,C6VG7,NORWEGIAN PEARL,16,GLACIER BAY
2008-07-24T12:50:54,309653000,58.30641667,-135.790285,284.9,11.6,283,9342281,C6VG7,NORWEGIAN PEARL,16,GLACIER BAY
2008-07-24T12:50:45,309653000,58.3063,-135.7894033,285.4,11.7,283,9342281,C6VG7,NORWEGIAN PEARL,16,GLACIER BAY
2008-07-24T12:50:34,309653000,58.30615,-135.7884183,284.9,11.8,283,9342281,C6VG7,NORWEGIAN PEARL,16,GLACIER BAY
2008-07-24T12:50:24,309653000,58.306,-135.7873367,284.9,11.8,283,9342281,C6VG7,NORWEGIAN PEARL,16,GLACIER BAY
2008-07-24T12:50:15,309653000,58.30585,-135.7863367,284.9,11.9,283,9342281,C6VG7,NORWEGIAN PEARL,16,GLACIER BAY
2008-07-24T12:50:04,309653000,58.3057,-135.7852383,284.9,11.9,283,9342281,C6VG7,NORWEGIAN PEARL,16,GLACIER BAY
2008-07-24T12:49:54,309653000,58.30556667,-135.7843217,284.9,12.0,283,9342281,C6VG7,NORWEGIAN PEARL,16,GLACIER BAY
2008-07-24T12:49:45,309653000,58.30543333,-135.7834033,284.8,12.1,283,9342281,C6VG7,NORWEGIAN PEARL,16,GLACIER BAY
2008-07-24T12:49:34,309653000,58.30528333,-135.7822717,284.8,12.1,283,9342281,C6VG7,NORWEGIAN PEARL,16,GLACIER BAY
2008-07-24T12:49:25,309653000,58.30513333,-135.781255,284.8,12.2,283,9342281,C6VG7,NORWEGIAN PEARL,16,GLACIER BAY
2008-07-24T12:49:04,309653000,58.30485,-135.7791717,284.8,12.3,283,9342281,C6VG7,NORWEGIAN PEARL,16,GLACIER BAY
2008-07-24T12:48:54,309653000,58.30471667,-135.7782217,285.3,12.3,283,9342281,C6VG7,NORWEGIAN PEARL,16,GLACIER BAY
2008-07-24T12:48:45,309653000,58.30456833,-135.7770733,285.3,12.3,283,9342281,C6VG7,NORWEGIAN PEARL,16,GLACIER BAY
2008-07-24T12:48:34,309653000,58.30441833,-135.7760233,285.3,12.4,283,9342281,C6VG7,NORWEGIAN PEARL,16,GLACIER BAY
2008-07-24T12:48:24,309653000,58.30426833,-135.77499,285.3,12.3,283,9342281,C6VG7,NORWEGIAN PEARL,16,GLACIER BAY
2008-07-24T12:48:17,309653000,58.30411833,-135.7740417,0.0,0.0,0,9342281,C6VG7,NORWEGIAN PEARL,16,GLACIER BAY
2008-07-24T12:48:15,309653000,58.30411833,-135.7740417,285.3,12.3,283,9342281,C6VG7,NORWEGIAN PEARL,16,GLACIER BAY
2008-07-24T12:48:04,309653000,58.30395167,-135.77289,285.3,12.3,283,9342281,C6VG7,NORWEGIAN PEARL,16,GLACIER BAY
2008-07-24T12:47:54,309653000,58.30380167,-135.77184,285.3,12.3,283,9342281,C6VG7,NORWEGIAN PEARL,16,GLACIER BAY
2008-07-24T12:47:45,309653000,58.30366833,-135.7709067,285.3,12.3,283,9342281,C6VG7,NORWEGIAN PEARL,16,GLACIER BAY
2008-07-24T12:47:34,309653000,58.30350167,-135.7697583,285.3,12.3,283,9342281,C6VG7,NORWEGIAN PEARL,16,GLACIER BAY
2008-07-24T12:47:24,309653000,58.30335167,-135.7687417,285.7,12.3,283,9342281,C6VG7,NORWEGIAN PEARL,16,GLACIER BAY
2008-07-24T12:47:14,309653000,58.303185,-135.7676917,285.7,12.3,283,9342281,C6VG7,NORWEGIAN PEARL,16,GLACIER BAY
2008-07-24T12:47:04,309653000,58.30301833,-135.7665583,285.8,12.2,283,9342281,C6VG7,NORWEGIAN PEARL,16,GLACIER BAY
2008-07-24T12:46:54,309653000,58.302885,-135.7656267,286.2,12.2,283,9342281,C6VG7,NORWEGIAN PEARL,16,GLACIER BAY
2008-07-24T12:46:45,309653000,58.302735,-135.7645933,286.2,12.2,283,9342281,C6VG7,NORWEGIAN PEARL,16,GLACIER BAY
2008-07-24T12:46:34,309653000,58.302585,-135.7635583,286.2,12.2,283,9342281,C6VG7,NORWEGIAN PEARL,16,GLACIER BAY
2008-07-24T12:46:24,309653000,58.30241833,-135.7625433,286.2,12.2,283,9342281,C6VG7,NORWEGIAN PEARL,16,GLACIER BAY
2008-07-24T12:46:14,309653000,58.30226833,-135.76151,286.2,12.2,283,9342281,C6VG7,NORWEGIAN PEARL,16,GLACIER BAY
2008-07-24T12:46:04,309653000,58.30211833,-135.7604933,285.8,12.1,283,9342281,C6VG7,NORWEGIAN PEARL,16,GLACIER BAY
2008-07-24T12:45:54,309653000,58.30195167,-135.75946,286.8,12.1,284,9342281,C6VG7,NORWEGIAN PEARL,16,GLACIER BAY
2008-07-24T12:45:45,309653000,58.30181833,-135.7585433,286.8,12.1,284,9342281,C6VG7,NORWEGIAN PEARL,16,GLACIER BAY
2008-07-24T12:45:34,309653000,58.30165167,-135.7575283,287.3,12.2,285,9342281,C6VG7,NORWEGIAN PEARL,16,GLACIER BAY
2008-07-24T12:45:24,309653000,58.30145167,-135.7563117,286.8,12.1,285,9342281,C6VG7,NORWEGIAN PEARL,16,GLACIER BAY
2008-07-24T12:45:14,309653000,58.30130167,-135.7553783,287.8,12.1,286,9342281,C6VG7,NORWEGIAN PEARL,16,GLACIER BAY
2008-07-24T12:45:04,309653000,58.301135,-135.7543783,287.8,12.1,286,9342281,C6VG7,NORWEGIAN PEARL,16,GLACIER BAY
2008-07-24T12:44:54,309653000,58.30096833,-135.7533617,287.8,12.1,286,9342281,C6VG7,NORWEGIAN PEARL,16,GLACIER BAY
2008-07-24T12:44:45,309653000,58.30080167,-135.752445,287.8,12.1,286,9342281,C6VG7,NORWEGIAN PEARL,16,GLACIER BAY
2008-07-24T12:44:34,309653000,58.30061833,-135.7513283,287.9,12.0,286,9342281,C6VG7,NORWEGIAN PEARL,16,GLACIER BAY
2008-07-24T12:44:14,309653000,58.30026833,-135.7493117,287.9,12.0,286,9342281,C6VG7,NORWEGIAN PEARL,16,GLACIER BAY
2008-07-24T12:43:54,309653000,58.299935,-135.7472967,287.4,12.0,286,9342281,C6VG7,NORWEGIAN PEARL,16,GLACIER BAY
2008-07-24T12:43:45,309653000,58.29977,-135.7463,287.4,12.0,286,9342281,C6VG7,NORWEGIAN PEARL,16,GLACIER BAY
2008-07-24T12:43:24,309653000,58.29943667,-135.7441833,287.4,12.0,286,9342281,C6VG7,NORWEGIAN PEARL,16,GLACIER BAY
2008-07-24T12:43:14,309653000,58.29928667,-135.7432833,287.4,12.0,286,9342281,C6VG7,NORWEGIAN PEARL,16,GLACIER BAY
2008-07-24T12:43:04,309653000,58.29912,-135.742285,287.9,12.0,286,9342281,C6VG7,NORWEGIAN PEARL,16,GLACIER BAY
2008-07-24T12:42:54,309653000,58.29893667,-135.741285,287.4,12.0,286,9342281,C6VG7,NORWEGIAN PEARL,16,GLACIER BAY
2008-07-24T12:42:45,309653000,58.29878667,-135.740385,287.4,12.0,286,9342281,C6VG7,NORWEGIAN PEARL,16,GLACIER BAY
2008-07-24T12:42:36,309653000,58.29862,-135.739385,287.4,12.0,286,9342281,C6VG7,NORWEGIAN PEARL,16,GLACIER BAY
2008-07-24T12:42:24,309653000,58.29843667,-135.738285,287.9,12.0,286,9342281,C6VG7,NORWEGIAN PEARL,16,GLACIER BAY
2008-07-24T12:42:18,309653000,58.29827,-135.737285,0.0,0.0,0,9342281,C6VG7,NORWEGIAN PEARL,16,GLACIER BAY
2008-07-24T12:42:14,309653000,58.29827,-135.737285,287.9,12.0,286,9342281,C6VG7,NORWEGIAN PEARL,16,GLACIER BAY
2008-07-24T12:42:05,309653000,58.29810333,-135.7363017,287.9,12.0,286,9342281,C6VG7,NORWEGIAN PEARL,16,GLACIER BAY
2008-07-24T12:41:54,309653000,58.29792,-135.7352033,288.3,12.0,286,9342281,C6VG7,NORWEGIAN PEARL,16,GLACIER BAY
2008-07-24T12:41:45,309653000,58.29777,-135.7343033,287.9,12.0,286,9342281,C6VG7,NORWEGIAN PEARL,16,GLACIER BAY
2008-07-24T12:41:35,309653000,58.29758667,-135.7333033,288.3,12.0,286,9342281,C6VG7,NORWEGIAN PEARL,16,GLACIER BAY
2008-07-24T12:41:23,309653000,58.29740333,-135.73222,288.3,12.0,286,9342281,C6VG7,NORWEGIAN PEARL,16,GLACIER BAY
2008-07-24T12:41:14,309653000,58.29725333,-135.7313217,288.3,12.0,286,9342281,C6VG7,NORWEGIAN PEARL,16,GLACIER BAY
2008-07-24T12:41:05,309653000,58.29707,-135.73032,288.9,12.0,287,9342281,C6VG7,NORWEGIAN PEARL,16,GLACIER BAY
2008-07-24T12:40:54,309653000,58.29688667,-135.729305,289.4,12.0,288,9342281,C6VG7,NORWEGIAN PEARL,16,GLACIER BAY
2008-07-24T12:40:45,309653000,58.29673667,-135.7284217,289.4,12.0,288,9342281,C6VG7,NORWEGIAN PEARL,16,GLACIER BAY
2008-07-24T12:40:34,309653000,58.29655333,-135.7274217,289.9,12.1,289,9342281,C6VG7,NORWEGIAN PEARL,16,GLACIER BAY
2008-07-24T12:40:14,309653000,58.29613833,-135.7253383,290.9,12.1,290,9342281,C6VG7,NORWEGIAN PEARL,16,GLACIER BAY
2008-07-24T12:40:05,309653000,58.29593833,-135.7243567,290.9,12.1,290,9342281,C6VG7,NORWEGIAN PEARL,16,GLACIER BAY
2008-07-24T12:39:54,309653000,58.29573833,-135.7233567,290.9,12.1,290,9342281,C6VG7,NORWEGIAN PEARL,16,GLACIER BAY
2008-07-24T12:39:45,309653000,58.295555,-135.7224733,290.9,12.1,290,9342281,C6VG7,NORWEGIAN PEARL,16,GLACIER BAY
2008-07-24T12:39:35,309653000,58.295355,-135.7214733,291.4,12.1,290,9342281,C6VG7,NORWEGIAN PEARL,16,GLACIER BAY
2008-07-24T12:39:24,309653000,58.29512167,-135.7203917,291.4,12.2,290,9342281,C6VG7,NORWEGIAN PEARL,16,GLACIER BAY
2008-07-24T12:39:14,309653000,58.294905,-135.7193733,290.9,12.1,290,9342281,C6VG7,NORWEGIAN PEARL,16,GLACIER BAY
2008-07-24T12:39:05,309653000,58.29472167,-135.7184733,290.9,12.1,290,9342281,C6VG7,NORWEGIAN PEARL,16,GLACIER BAY
2008-07-24T12:38:45,309653000,58.29432167,-135.7164933,290.9,12.1,290,9342281,C6VG7,NORWEGIAN PEARL,16,GLACIER BAY
2008-07-24T12:38:34,309653000,58.294105,-135.7153933,290.9,12.1,290,9342281,C6VG7,NORWEGIAN PEARL,16,GLACIER BAY
2008-07-24T12:38:24,309653000,58.29388833,-135.71431,290.9,12.1,290,9342281,C6VG7,NORWEGIAN PEARL,16,GLACIER BAY
2008-07-24T12:38:14,309653000,58.293705,-135.71341,290.4,12.1,290,9342281,C6VG7,NORWEGIAN PEARL,16,GLACIER BAY
2008-07-24T12:38:05,309653000,58.293505,-135.7124267,290.4,12.1,290,9342281,C6VG7,NORWEGIAN PEARL,16,GLACIER BAY
2008-07-24T12:37:54,309653000,58.29328833,-135.711345,290.4,12.1,290,9342281,C6VG7,NORWEGIAN PEARL,16,GLACIER BAY
2008-07-24T12:37:44,309653000,58.29312167,-135.7104617,290.4,12.1,290,9342281,C6VG7,NORWEGIAN PEARL,16,GLACIER BAY
2008-07-24T12:37:35,309653000,58.29293833,-135.7095617,290.4,12.1,290,9342281,C6VG7,NORWEGIAN PEARL,16,GLACIER BAY
2008-07-24T12:37:24,309653000,58.29272167,-135.7084617,290.4,12.1,290,9342281,C6VG7,NORWEGIAN PEARL,16,GLACIER BAY
2008-07-24T12:37:05,309653000,58.29233833,-135.70648,290.4,12.1,290,9342281,C6VG7,NORWEGIAN PEARL,16,GLACIER BAY
2008-07-24T12:36:54,309653000,58.29212333,-135.70538,290.4,12.1,290,9342281,C6VG7,NORWEGIAN PEARL,16,GLACIER BAY
2008-07-24T12:36:44,309653000,58.29192167,-135.7043967,290.0,12.1,290,9342281,C6VG7,NORWEGIAN PEARL,16,GLACIER BAY
2008-07-24T12:36:24,309653000,58.29154,-135.7023983,290.0,12.1,290,9342281,C6VG7,NORWEGIAN PEARL,16,GLACIER BAY
2008-07-24T12:36:16,309653000,58.29137333,-135.7014983,0.0,0.0,0,9342281,C6VG7,NORWEGIAN PEARL,16,GLACIER BAY
2008-07-24T12:36:14,309653000,58.29137333,-135.7014983,290.0,12.1,290,9342281,C6VG7,NORWEGIAN PEARL,16,GLACIER BAY
2008-07-24T12:36:05,309653000,58.29119,-135.7005983,290.0,12.1,290,9342281,C6VG7,NORWEGIAN PEARL,16,GLACIER BAY
2008-07-24T12:35:53,309653000,58.29097333,-135.699415,290.0,12.1,290,9342281,C6VG7,NORWEGIAN PEARL,16,GLACIER BAY
2008-07-24T12:35:44,309653000,58.29079,-135.698515,290.0,12.1,290,9342281,C6VG7,NORWEGIAN PEARL,16,GLACIER BAY
2008-07-24T12:35:24,309653000,58.29040667,-135.696515,290.0,12.2,290,9342281,C6VG7,NORWEGIAN PEARL,16,GLACIER BAY
2008-07-24T12:35:14,309653000,58.29022333,-135.695515,290.0,12.2,290,9342281,C6VG7,NORWEGIAN PEARL,16,GLACIER BAY
2008-07-24T12:35:05,309653000,58.29002333,-135.694515,289.5,12.2,290,9342281,C6VG7,NORWEGIAN PEARL,16,GLACIER BAY
2008-07-24T12:34:44,309653000,58.28964,-135.6925,290.0,12.3,290,9342281,C6VG7,NORWEGIAN PEARL,16,GLACIER BAY
2008-07-24T12:34:34,309653000,58.28945667,-135.6914833,290.0,12.3,290,9342281,C6VG7,NORWEGIAN PEARL,16,GLACIER BAY
2008-07-24T12:34:24,309653000,58.28925667,-135.690485,290.0,12.3,290,9342281,C6VG7,NORWEGIAN PEARL,16,GLACIER BAY
2008-07-24T12:34:14,309653000,58.28907333,-135.6894683,289.5,12.3,290,9342281,C6VG7,NORWEGIAN PEARL,16,GLACIER BAY
2008-07-24T12:34:05,309653000,58.28890667,-135.6885533,290.0,12.4,290,9342281,C6VG7,NORWEGIAN PEARL,16,GLACIER BAY
2008-07-24T12:33:44,309653000,58.28849,-135.68642,290.0,12.5,290,9342281,C6VG7,NORWEGIAN PEARL,16,GLACIER BAY
2008-07-24T12:33:35,309653000,58.28830667,-135.6854033,289.5,12.5,290,9342281,C6VG7,NORWEGIAN PEARL,16,GLACIER BAY
2008-07-24T12:33:24,309653000,58.28809,-135.68427,289.5,12.5,290,9342281,C6VG7,NORWEGIAN PEARL,16,GLACIER BAY
2008-07-24T12:33:15,309653000,58.28789,-135.6832367,290.0,12.5,290,9342281,C6VG7,NORWEGIAN PEARL,16,GLACIER BAY
2008-07-24T12:33:05,309653000,58.28772333,-135.68232,290.0,12.5,290,9342281,C6VG7,NORWEGIAN PEARL,16,GLACIER BAY
2008-07-24T12:32:54,309653000,58.28752333,-135.6812867,289.5,12.5,290,9342281,C6VG7,NORWEGIAN PEARL,16,GLACIER BAY
2008-07-24T12:32:44,309653000,58.28732333,-135.6802533,289.5,12.5,290,9342281,C6VG7,NORWEGIAN PEARL,16,GLACIER BAY
2008-07-24T12:32:34,309653000,58.28715667,-135.67932,289.5,12.5,290,9342281,C6VG7,NORWEGIAN PEARL,16,GLACIER BAY
2008-07-24T12:32:24,309653000,58.28694,-135.6782033,289.5,12.5,290,9342281,C6VG7,NORWEGIAN PEARL,16,GLACIER BAY
2008-07-24T12:32:14,309653000,58.28674,-135.67717,289.5,12.4,290,9342281,C6VG7,NORWEGIAN PEARL,16,GLACIER BAY
2008-07-24T12:32:05,309653000,58.28657333,-135.6762367,289.5,12.4,290,9342281,C6VG7,NORWEGIAN PEARL,16,GLACIER BAY
2008-07-24T12:31:44,309653000,58.28614,-135.673955,289.0,12.4,290,9342281,C6VG7,NORWEGIAN PEARL,16,GLACIER BAY
2008-07-24T12:31:35,309653000,58.28597333,-135.6730233,289.0,12.4,290,9342281,C6VG7,NORWEGIAN PEARL,16,GLACIER BAY
2008-07-24T12:31:23,309653000,58.28575667,-135.6718883,289.5,12.4,290,9342281,C6VG7,NORWEGIAN PEARL,16,GLACIER BAY
2008-07-24T12:31:13,309653000,58.28557333,-135.6708733,289.0,12.4,290,9342281,C6VG7,NORWEGIAN PEARL,16,GLACIER BAY
2008-07-24T12:30:54,309653000,58.28520667,-135.668925,289.0,12.4,290,9342281,C6VG7,NORWEGIAN PEARL,16,GLACIER BAY
2008-07-24T12:30:44,309653000,58.28502333,-135.6678917,288.6,12.4,290,9342281,C6VG7,NORWEGIAN PEARL,16,GLACIER BAY
2008-07-24T12:30:35,309653000,58.28487333,-135.6669733,288.6,12.4,290,9342281,C6VG7,NORWEGIAN PEARL,16,GLACIER BAY
2008-07-24T12:30:23,309653000,58.28464,-135.6657417,289.0,12.3,290,9342281,C6VG7,NORWEGIAN PEARL,16,GLACIER BAY
2008-07-24T12:30:18,309653000,58.28445667,-135.664725,0.0,0.0,0,9342281,C6VG7,NORWEGIAN PEARL,16,GLACIER BAY
2008-07-24T12:30:13,309653000,58.28445667,-135.664725,288.6,12.4,290,9342281,C6VG7,NORWEGIAN PEARL,16,GLACIER BAY
2008-07-24T12:30:04,309653000,58.28429,-135.6638083,288.6,12.3,290,9342281,C6VG7,NORWEGIAN PEARL,16,GLACIER BAY
2008-07-24T12:29:34,309653000,58.28374167,-135.6606267,288.6,12.3,290,9342281,C6VG7,NORWEGIAN PEARL,16,GLACIER BAY
2008-07-24T12:29:23,309653000,58.28355833,-135.6595933,288.6,12.3,290,9342281,C6VG7,NORWEGIAN PEARL,16,GLACIER BAY
2008-07-24T12:29:14,309653000,58.28339167,-135.6586767,288.6,12.3,290,9342281,C6VG7,NORWEGIAN PEARL,16,GLACIER BAY
2008-07-24T12:29:04,309653000,58.28320833,-135.6576433,288.6,12.3,290,9342281,C6VG7,NORWEGIAN PEARL,16,GLACIER BAY
2008-07-24T12:28:44,309653000,58.28284167,-135.6555933,288.6,12.4,290,9342281,C6VG7,NORWEGIAN PEARL,16,GLACIER BAY
2008-07-24T12:28:34,309653000,58.28264167,-135.6544767,288.6,12.3,290,9342281,C6VG7,NORWEGIAN PEARL,16,GLACIER BAY
2008-07-24T12:28:04,309653000,58.28210833,-135.6515117,288.1,12.3,290,9342281,C6VG7,NORWEGIAN PEARL,16,GLACIER BAY
2008-07-24T12:27:33,309653000,58.281575,-135.6484467,288.6,12.4,290,9342281,C6VG7,NORWEGIAN PEARL,16,GLACIER BAY
2008-07-24T12:27:23,309653000,58.28135833,-135.6473133,288.1,12.3,290,9342281,C6VG7,NORWEGIAN PEARL,16,GLACIER BAY
2008-07-24T12:27:14,309653000,58.28119167,-135.6463817,288.1,12.4,290,9342281,C6VG7,NORWEGIAN PEARL,16,GLACIER BAY
2008-07-24T12:26:44,309653000,58.28064167,-135.6432983,288.1,12.4,290,9342281,C6VG7,NORWEGIAN PEARL,16,GLACIER BAY
2008-07-24T12:26:33,309653000,58.28044167,-135.642165,288.6,12.4,290,9342281,C6VG7,NORWEGIAN PEARL,16,GLACIER BAY
2008-07-24T12:26:13,309653000,58.280075,-135.6401167,289.0,12.4,290,9342281,C6VG7,NORWEGIAN PEARL,16,GLACIER BAY
2008-07-24T12:26:04,309653000,58.27992667,-135.639185,289.0,12.4,290,9342281,C6VG7,NORWEGIAN PEARL,16,GLACIER BAY
2008-07-24T12:25:44,309653000,58.27954333,-135.6371183,289.0,12.5,290,9342281,C6VG7,NORWEGIAN PEARL,16,GLACIER BAY
2008-07-24T12:25:34,309653000,58.27936,-135.6360867,289.0,12.5,290,9342281,C6VG7,NORWEGIAN PEARL,16,GLACIER BAY
2008-07-24T12:25:24,309653000,58.27919333,-135.635155,289.0,12.6,290,9342281,C6VG7,NORWEGIAN PEARL,16,GLACIER BAY
2008-07-24T12:25:04,309653000,58.27877667,-135.6329717,289.5,12.6,290,9342281,C6VG7,NORWEGIAN PEARL,16,GLACIER BAY
2008-07-24T12:24:53,309653000,58.27857667,-135.6318383,289.0,12.7,290,9342281,C6VG7,NORWEGIAN PEARL,16,GLACIER BAY
2008-07-24T12:24:44,309653000,58.27839333,-135.63089,289.5,12.7,290,9342281,C6VG7,NORWEGIAN PEARL,16,GLACIER BAY
2008-07-24T12:24:33,309653000,58.27817667,-135.6297383,289.5,12.7,290,9342281,C6VG7,NORWEGIAN PEARL,16,GLACIER BAY
2008-07-24T12:24:25,309653000,58.27799333,-135.6287883,289.5,12.7,290,9342281,C6VG7,NORWEGIAN PEARL,16,GLACIER BAY
2008-07-24T12:24:18,309653000,58.27784333,-135.6279567,0.0,0.0,0,9342281,C6VG7,NORWEGIAN PEARL,16,GLACIER BAY
2008-07-24T12:24:15,309653000,58.27784333,-135.6279567,289.5,12.7,290,9342281,C6VG7,NORWEGIAN PEARL,16,GLACIER BAY
2008-07-24T12:24:04,309653000,58.27761,-135.62669,289.5,12.7,290,9342281,C6VG7,NORWEGIAN PEARL,16,GLACIER BAY
2008-07-24T12:23:53,309653000,58.27739333,-135.625525,289.5,12.7,290,9342281,C6VG7,NORWEGIAN PEARL,16,GLACIER BAY
2008-07-24T12:23:44,309653000,58.27721167,-135.624575,289.5,12.7,290,9342281,C6VG7,NORWEGIAN PEARL,16,GLACIER BAY
2008-07-24T12:23:34,309653000,58.27699333,-135.623425,289.5,12.7,290,9342281,C6VG7,NORWEGIAN PEARL,16,GLACIER BAY
2008-07-24T12:23:25,309653000,58.27681167,-135.622475,290.0,12.7,290,9342281,C6VG7,NORWEGIAN PEARL,16,GLACIER BAY
2008-07-24T12:23:16,309653000,58.276645,-135.6215433,290.0,12.8,290,9342281,C6VG7,NORWEGIAN PEARL,16,GLACIER BAY
2008-07-24T12:23:03,309653000,58.27641167,-135.6202583,290.0,12.8,290,9342281,C6VG7,NORWEGIAN PEARL,16,GLACIER BAY
2008-07-24T12:22:53,309653000,58.27621167,-135.6192267,290.0,12.7,290,9342281,C6VG7,NORWEGIAN PEARL,16,GLACIER BAY
2008-07-24T12:22:34,309653000,58.27582833,-135.617225,290.0,12.7,290,9342281,C6VG7,NORWEGIAN PEARL,16,GLACIER BAY
2008-07-24T12:22:24,309653000,58.27562833,-135.616175,290.0,12.7,290,9342281,C6VG7,NORWEGIAN PEARL,16,GLACIER BAY
2008-07-24T12:22:15,309653000,58.27547833,-135.6153267,290.0,12.8,290,9342281,C6VG7,NORWEGIAN PEARL,16,GLACIER BAY
2008-07-24T12:22:04,309653000,58.27522833,-135.614075,290.0,12.7,290,9342281,C6VG7,NORWEGIAN PEARL,16,GLACIER BAY
2008-07-24T12:21:53,309653000,58.27501167,-135.6129283,290.0,12.7,290,9342281,C6VG7,NORWEGIAN PEARL,16,GLACIER BAY
2008-07-24T12:21:44,309653000,58.27482833,-135.6119783,290.0,12.8,290,9342281,C6VG7,NORWEGIAN PEARL,16,GLACIER BAY
2008-07-24T12:21:25,309653000,58.274445,-135.6099967,290.0,12.7,290,9342281,C6VG7,NORWEGIAN PEARL,16,GLACIER BAY
2008-07-24T12:21:15,309653000,58.274245,-135.6089467,289.5,12.7,290,9342281,C6VG7,NORWEGIAN PEARL,16,GLACIER BAY
2008-07-24T12:21:04,309653000,58.27401167,-135.60768,291.0,12.7,291,9342281,C6VG7,NORWEGIAN PEARL,16,GLACIER BAY
2008-07-24T12:20:44,309653000,58.27362833,-135.6057133,290.0,12.7,290,9342281,C6VG7,NORWEGIAN PEARL,16,GLACIER BAY
2008-07-24T12:20:35,309653000,58.273445,-135.6047633,290.0,12.7,290,9342281,C6VG7,NORWEGIAN PEARL,16,GLACIER BAY
2008-07-24T12:20:25,309653000,58.273245,-135.6037317,290.0,12.7,290,9342281,C6VG7,NORWEGIAN PEARL,16,GLACIER BAY
2008-07-24T12:20:16,309653000,58.27304667,-135.6026817,290.4,12.6,290,9342281,C6VG7,NORWEGIAN PEARL,16,GLACIER BAY
2008-07-24T12:20:03,309653000,58.27281333,-135.6014317,290.4,12.7,290,9342281,C6VG7,NORWEGIAN PEARL,16,GLACIER BAY
2008-07-24T12:19:54,309653000,58.27259667,-135.6004,290.4,12.7,290,9342281,C6VG7,NORWEGIAN PEARL,16,GLACIER BAY
2008-07-24T12:19:44,309653000,58.27243,-135.5994667,290.9,12.7,290,9342281,C6VG7,NORWEGIAN PEARL,16,GLACIER BAY
2008-07-24T12:19:25,309653000,58.27203,-135.5975,290.9,12.7,290,9342281,C6VG7,NORWEGIAN PEARL,16,GLACIER BAY
2008-07-24T12:19:14,309653000,58.27179667,-135.5963667,290.4,12.7,290,9342281,C6VG7,NORWEGIAN PEARL,16,GLACIER BAY
2008-07-24T12:19:03,309653000,58.27158,-135.5953317,290.9,12.7,290,9342281,C6VG7,NORWEGIAN PEARL,16,GLACIER BAY
2008-07-24T12:18:54,309653000,58.27139667,-135.5944,290.9,12.7,290,9342281,C6VG7,NORWEGIAN PEARL,16,GLACIER BAY
2008-07-24T12:18:45,309653000,58.27119667,-135.5933667,290.8,12.8,290,9342281,C6VG7,NORWEGIAN PEARL,16,GLACIER BAY
2008-07-24T12:18:34,309653000,58.27096333,-135.5922183,290.8,12.8,290,9342281,C6VG7,NORWEGIAN PEARL,16,GLACIER BAY
2008-07-24T12:18:25,309653000,58.27076333,-135.5912683,291.3,12.8,290,9342281,C6VG7,NORWEGIAN PEARL,16,GLACIER BAY
2008-07-24T12:18:14,309653000,58.27051333,-135.5900167,290.8,12.8,290,9342281,C6VG7,NORWEGIAN PEARL,16,GLACIER BAY
2008-07-24T12:18:13,309653000,58.27033,-135.5890833,0.0,0.0,0,9342281,C6VG7,NORWEGIAN PEARL,16,GLACIER BAY
2008-07-24T12:18:05,309653000,58.27033,-135.5890833,290.8,12.8,290,9342281,C6VG7,NORWEGIAN PEARL,16,GLACIER BAY
2008-07-24T12:17:54,309653000,58.27011333,-135.588035,290.8,12.8,290,9342281,C6VG7,NORWEGIAN PEARL,16,GLACIER BAY
2008-07-24T12:17:44,309653000,58.269915,-135.5870033,290.8,12.8,290,9342281,C6VG7,NORWEGIAN PEARL,16,GLACIER BAY
2008-07-24T12:17:34,309653000,58.26969833,-135.585955,290.8,12.9,290,9342281,C6VG7,NORWEGIAN PEARL,16,GLACIER BAY
2008-07-24T12:17:14,309653000,58.269265,-135.583855,290.8,12.9,290,9342281,C6VG7,NORWEGIAN PEARL,16,GLACIER BAY
2008-07-24T12:17:05,309653000,58.26908167,-135.582905,291.3,12.9,290,9342281,C6VG7,NORWEGIAN PEARL,16,GLACIER BAY
2008-07-24T12:16:54,309653000,58.26884833,-135.581755,291.3,12.9,290,9342281,C6VG7,NORWEGIAN PEARL,16,GLACIER BAY
2008-07-24T12:16:44,309653000,58.26863167,-135.5806883,291.3,12.9,290,9342281,C6VG7,NORWEGIAN PEARL,16,GLACIER BAY
2008-07-24T12:16:35,309653000,58.268415,-135.57964,291.3,13.0,290,9342281,C6VG7,NORWEGIAN PEARL,16,GLACIER BAY
2008-07-24T12:16:25,309653000,58.268215,-135.57869,291.3,13.0,290,9342281,C6VG7,NORWEGIAN PEARL,16,GLACIER BAY
2008-07-24T12:16:14,309653000,58.26798167,-135.5775067,291.3,13.1,290,9342281,C6VG7,NORWEGIAN PEARL,16,GLACIER BAY
2008-07-24T12:16:05,309653000,58.26778167,-135.5765567,291.3,13.0,290,9342281,C6VG7,NORWEGIAN PEARL,16,GLACIER BAY
2008-07-24T12:15:55,309653000,58.26754833,-135.575375,291.3,13.1,290,9342281,C6VG7,NORWEGIAN PEARL,16,GLACIER BAY
2008-07-24T12:15:44,309653000,58.26733167,-135.5743083,291.3,13.1,290,9342281,C6VG7,NORWEGIAN PEARL,16,GLACIER BAY
2008-07-24T12:15:34,309653000,58.26713167,-135.5733417,291.3,13.2,290,9342281,C6VG7,NORWEGIAN PEARL,16,GLACIER BAY
2008-07-24T12:15:23,309653000,58.26688167,-135.572175,290.8,13.2,290,9342281,C6VG7,NORWEGIAN PEARL,16,GLACIER BAY
2008-07-24T12:15:14,309653000,58.26664833,-135.5709767,290.8,13.2,290,9342281,C6VG7,NORWEGIAN PEARL,16,GLACIER BAY
2008-07-24T12:15:05,309653000,58.26644833,-135.5700117,290.8,13.2,290,9342281,C6VG7,NORWEGIAN PEARL,16,GLACIER BAY
2008-07-24T12:14:54,309653000,58.26623333,-135.56893,290.8,13.3,290,9342281,C6VG7,NORWEGIAN PEARL,16,GLACIER BAY
2008-07-24T12:14:44,309653000,58.26601667,-135.5678467,290.8,13.3,290,9342281,C6VG7,NORWEGIAN PEARL,16,GLACIER BAY
2008-07-24T12:14:34,309653000,58.26579833,-135.5667467,290.8,13.3,290,9342281,C6VG7,NORWEGIAN PEARL,16,GLACIER BAY
2008-07-24T12:14:23,309653000,58.265565,-135.5655467,290.4,13.3,290,9342281,C6VG7,NORWEGIAN PEARL,16,GLACIER BAY
2008-07-24T12:14:14,309653000,58.26536667,-135.5645633,290.8,13.3,290,9342281,C6VG7,NORWEGIAN PEARL,16,GLACIER BAY
2008-07-24T12:14:05,309653000,58.26518333,-135.56358,290.8,13.3,290,9342281,C6VG7,NORWEGIAN PEARL,16,GLACIER BAY
2008-07-24T12:13:54,309653000,58.26493333,-135.5623817,290.8,13.4,290,9342281,C6VG7,NORWEGIAN PEARL,16,GLACIER BAY
2008-07-24T12:13:45,309653000,58.26473333,-135.5613983,290.8,13.3,290,9342281,C6VG7,NORWEGIAN PEARL,16,GLACIER BAY
2008-07-24T12:13:34,309653000,58.2645,-135.5601983,290.8,13.4,290,9342281,C6VG7,NORWEGIAN PEARL,16,GLACIER BAY
2008-07-24T12:13:23,309653000,58.26425,-135.5589817,290.4,13.3,290,9342281,C6VG7,NORWEGIAN PEARL,16,GLACIER BAY
2008-07-24T12:13:14,309653000,58.26403333,-135.5578983,290.4,13.3,290,9342281,C6VG7,NORWEGIAN PEARL,16,GLACIER BAY
2008-07-24T12:13:04,309653000,58.26385,-135.556915,290.4,13.3,290,9342281,C6VG7,NORWEGIAN PEARL,16,GLACIER BAY
2008-07-24T12:12:54,309653000,58.26363333,-135.555815,290.4,13.3,290,9342281,C6VG7,NORWEGIAN PEARL,16,GLACIER BAY
2008-07-24T12:12:23,309653000,58.26295,-135.5524333,290.0,13.4,290,9342281,C6VG7,NORWEGIAN PEARL,16,GLACIER BAY
2008-07-24T12:12:19,309653000,58.26276667,-135.5514333,0.0,0.0,0,9342281,C6VG7,NORWEGIAN PEARL,16,GLACIER BAY
2008-07-24T12:12:14,309653000,58.26276667,-135.5514333,290.0,13.4,290,9342281,C6VG7,NORWEGIAN PEARL,16,GLACIER BAY
2008-07-24T12:12:04,309653000,58.26255,-135.5503517,289.5,13.4,290,9342281,C6VG7,NORWEGIAN PEARL,16,GLACIER BAY
2008-07-24T12:11:54,309653000,58.26231667,-135.549135,289.5,13.4,290,9342281,C6VG7,NORWEGIAN PEARL,16,GLACIER BAY
2008-07-24T12:11:45,309653000,58.26215,-135.548235,290.0,13.4,290,9342281,C6VG7,NORWEGIAN PEARL,16,GLACIER BAY
2008-07-24T12:11:34,309653000,58.26191667,-135.5470183,289.5,13.4,290,9342281,C6VG7,NORWEGIAN PEARL,16,GLACIER BAY
2008-07-24T12:11:25,309653000,58.2617,-135.54592,290.0,13.5,290,9342281,C6VG7,NORWEGIAN PEARL,16,GLACIER BAY
2008-07-24T12:11:14,309653000,58.2615,-135.54482,290.0,13.4,290,9342281,C6VG7,NORWEGIAN PEARL,16,GLACIER BAY
2008-07-24T12:11:04,309653000,58.26128333,-135.5437217,290.0,13.5,290,9342281,C6VG7,NORWEGIAN PEARL,16,GLACIER BAY
2008-07-24T12:10:54,309653000,58.26106667,-135.542605,290.0,13.5,290,9342281,C6VG7,NORWEGIAN PEARL,16,GLACIER BAY
2008-07-24T12:10:46,309653000,58.2609,-135.541705,290.0,13.5,290,9342281,C6VG7,NORWEGIAN PEARL,16,GLACIER BAY
2008-07-24T12:10:35,309653000,58.26065,-135.5405067,290.0,13.5,290,9342281,C6VG7,NORWEGIAN PEARL,16,GLACIER BAY
2008-07-24T12:10:25,309653000,58.26043333,-135.5393717,290.4,13.5,290,9342281,C6VG7,NORWEGIAN PEARL,16,GLACIER BAY
2008-07-24T12:10:14,309653000,58.260185,-135.5380567,290.4,13.5,290,9342281,C6VG7,NORWEGIAN PEARL,16,GLACIER BAY
2008-07-24T12:10:04,309653000,58.25996667,-135.53694,290.0,13.5,290,9342281,C6VG7,NORWEGIAN PEARL,16,GLACIER BAY
2008-07-24T12:09:53,309653000,58.25975,-135.5358217,290.4,13.5,290,9342281,C6VG7,NORWEGIAN PEARL,16,GLACIER BAY
2008-07-24T12:09:46,309653000,58.25958333,-135.53494,290.0,13.5,290,9342281,C6VG7,NORWEGIAN PEARL,16,GLACIER BAY
2008-07-24T12:09:24,309653000,58.25913333,-135.532605,290.0,13.5,290,9342281,C6VG7,NORWEGIAN PEARL,16,GLACIER BAY
2008-07-24T12:09:14,309653000,58.25891667,-135.5314883,290.0,13.5,290,9342281,C6VG7,NORWEGIAN PEARL,16,GLACIER BAY
2008-07-24T12:09:04,309653000,58.25871833,-135.5303917,290.4,13.5,290,9342281,C6VG7,NORWEGIAN PEARL,16,GLACIER BAY
2008-07-24T12:08:46,309653000,58.25831833,-135.5283933,290.0,13.5,290,9342281,C6VG7,NORWEGIAN PEARL,16,GLACIER BAY
2008-07-24T12:08:35,309653000,58.258035,-135.5268433,290.0,13.5,290,9342281,C6VG7,NORWEGIAN PEARL,16,GLACIER BAY
2008-07-24T12:08:14,309653000,58.25765167,-135.5248617,289.5,13.5,290,9342281,C6VG7,NORWEGIAN PEARL,16,GLACIER BAY
2008-07-24T12:08:04,309653000,58.257435,-135.523745,290.0,13.5,290,9342281,C6VG7,NORWEGIAN PEARL,16,GLACIER BAY
2008-07-24T12:07:54,309653000,58.25720167,-135.5225283,290.0,13.5,290,9342281,C6VG7,NORWEGIAN PEARL,16,GLACIER BAY
2008-07-24T12:07:45,309653000,58.25701833,-135.5215283,290.0,13.4,290,9342281,C6VG7,NORWEGIAN PEARL,16,GLACIER BAY
2008-07-24T12:07:33,309653000,58.256785,-135.5203133,290.0,13.5,290,9342281,C6VG7,NORWEGIAN PEARL,16,GLACIER BAY
2008-07-24T12:07:25,309653000,58.256585,-135.5193133,290.0,13.4,290,9342281,C6VG7,NORWEGIAN PEARL,16,GLACIER BAY
2008-07-24T12:07:14,309653000,58.256385,-135.5181967,290.0,13.4,290,9342281,C6VG7,NORWEGIAN PEARL,16,GLACIER BAY
2008-07-24T12:07:04,309653000,58.25616833,-135.5170967,290.0,13.4,290,9342281,C6VG7,NORWEGIAN PEARL,16,GLACIER BAY
2008-07-24T12:06:54,309653000,58.255935,-135.51588,290.0,13.4,290,9342281,C6VG7,NORWEGIAN PEARL,16,GLACIER BAY
2008-07-24T12:06:45,309653000,58.255735,-135.5148983,290.0,13.4,290,9342281,C6VG7,NORWEGIAN PEARL,16,GLACIER BAY
2008-07-24T12:06:25,309653000,58.25531833,-135.5126967,290.0,13.3,290,9342281,C6VG7,NORWEGIAN PEARL,16,GLACIER BAY
2008-07-24T12:06:15,309653000,58.25510167,-135.5115967,0.0,0.0,0,9342281,C6VG7,NORWEGIAN PEARL,16,GLACIER BAY
2008-07-24T12:06:14,309653000,58.25510167,-135.5115967,290.4,13.2,290,9342281,C6VG7,NORWEGIAN PEARL,16,GLACIER BAY
2008-07-24T12:06:04,309653000,58.25490167,-135.510495,290.4,13.3,290,9342281,C6VG7,NORWEGIAN PEARL,16,GLACIER BAY
2008-07-24T12:05:53,309653000,58.25466833,-135.5092967,290.4,13.1,290,9342281,C6VG7,NORWEGIAN PEARL,16,GLACIER BAY
2008-07-24T12:05:44,309653000,58.25450167,-135.5084283,290.4,13.1,290,9342281,C6VG7,NORWEGIAN PEARL,16,GLACIER BAY
2008-07-24T12:05:33,309653000,58.25425167,-135.50713,290.0,13.1,290,9342281,C6VG7,NORWEGIAN PEARL,16,GLACIER BAY
2008-07-24T12:05:25,309653000,58.25405167,-135.5061617,290.4,13.0,290,9342281,C6VG7,NORWEGIAN PEARL,16,GLACIER BAY
2008-07-24T12:05:14,309653000,58.25386833,-135.505195,290.4,13.0,290,9342281,C6VG7,NORWEGIAN PEARL,16,GLACIER BAY
2008-07-24T12:05:04,309653000,58.25361833,-135.5039117,290.4,13.0,290,9342281,C6VG7,NORWEGIAN PEARL,16,GLACIER BAY
2008-07-24T12:04:53,309653000,58.25340167,-135.502845,290.4,12.9,290,9342281,C6VG7,NORWEGIAN PEARL,16,GLACIER BAY
2008-07-24T12:04:45,309653000,58.25321833,-135.501895,290.4,12.8,290,9342281,C6VG7,NORWEGIAN PEARL,16,GLACIER BAY
2008-07-24T12:04:35,309653000,58.253035,-135.5009467,290.4,12.8,290,9342281,C6VG7,NORWEGIAN PEARL,16,GLACIER BAY
2008-07-24T12:04:25,309653000,58.25280167,-135.499795,290.4,12.7,290,9342281,C6VG7,NORWEGIAN PEARL,16,GLACIER BAY
2008-07-24T12:04:14,309653000,58.25260167,-135.4987433,290.4,12.6,290,9342281,C6VG7,NORWEGIAN PEARL,16,GLACIER BAY
2008-07-24T12:04:04,309653000,58.25240167,-135.49771,290.4,12.6,290,9342281,C6VG7,NORWEGIAN PEARL,16,GLACIER BAY
2008-07-24T12:03:45,309653000,58.25201833,-135.49576,290.4,12.4,290,9342281,C6VG7,NORWEGIAN PEARL,16,GLACIER BAY
2008-07-24T12:03:35,309653000,58.25181833,-135.4947417,290.4,12.3,290,9342281,C6VG7,NORWEGIAN PEARL,16,GLACIER BAY
2008-07-24T12:03:24,309653000,58.25156833,-135.4935267,290.4,12.3,290,9342281,C6VG7,NORWEGIAN PEARL,16,GLACIER BAY
2008-07-24T12:03:14,309653000,58.251385,-135.4926267,290.4,12.2,290,9342281,C6VG7,NORWEGIAN PEARL,16,GLACIER BAY
2008-07-24T12:03:04,309653000,58.251185,-135.4916267,290.4,12.1,290,9342281,C6VG7,NORWEGIAN PEARL,16,GLACIER BAY
2008-07-24T12:02:53,309653000,58.25096833,-135.4905417,290.4,12.1,290,9342281,C6VG7,NORWEGIAN PEARL,16,GLACIER BAY
2008-07-24T12:02:45,309653000,58.25081833,-135.4897417,290.4,12.0,290,9342281,C6VG7,NORWEGIAN PEARL,16,GLACIER BAY
2008-07-24T12:02:35,309653000,58.25061833,-135.488775,290.9,12.0,290,9342281,C6VG7,NORWEGIAN PEARL,16,GLACIER BAY
2008-07-24T12:02:24,309653000,58.25040167,-135.487675,290.9,11.9,290,9342281,C6VG7,NORWEGIAN PEARL,16,GLACIER BAY
2008-07-24T12:02:14,309653000,58.25020167,-135.4867083,290.9,11.8,290,9342281,C6VG7,NORWEGIAN PEARL,16,GLACIER BAY
2008-07-24T12:02:04,309653000,58.25001833,-135.4857417,290.9,11.9,290,9342281,C6VG7,NORWEGIAN PEARL,16,GLACIER BAY
2008-07-24T12:01:53,309653000,58.24981833,-135.4847583,290.9,11.8,290,9342281,C6VG7,NORWEGIAN PEARL,16,GLACIER BAY
2008-07-24T12:01:45,309653000,58.24961833,-135.4837917,290.9,11.8,290,9342281,C6VG7,NORWEGIAN PEARL,16,GLACIER BAY
2008-07-24T12:01:35,309653000,58.24945167,-135.4829267,290.9,11.9,290,9342281,C6VG7,NORWEGIAN PEARL,16,GLACIER BAY
2008-07-24T12:01:24,309653000,58.249235,-135.48186,290.9,11.8,290,9342281,C6VG7,NORWEGIAN PEARL,16,GLACIER BAY
2008-07-24T12:01:14,309653000,58.249035,-135.4808933,291.4,11.8,290,9342281,C6VG7,NORWEGIAN PEARL,16,GLACIER BAY
2008-07-24T12:01:03,309653000,58.24881833,-135.4798267,291.4,11.8,290,9342281,C6VG7,NORWEGIAN PEARL,16,GLACIER BAY
2008-07-24T12:00:54,309653000,58.24861833,-135.47886,290.9,11.8,290,9342281,C6VG7,NORWEGIAN PEARL,16,GLACIER BAY
2008-07-24T12:00:45,309653000,58.24845167,-135.4780767,290.9,11.8,290,9342281,C6VG7,NORWEGIAN PEARL,16,GLACIER BAY
2008-07-24T12:00:14,309653000,58.24786833,-135.4751933,290.9,11.8,290,9342281,C6VG7,NORWEGIAN PEARL,16,GLACIER BAY
2008-07-24T12:00:12,309653000,58.24763667,-135.4740283,0.0,0.0,0,9342281,C6VG7,NORWEGIAN PEARL,16,GLACIER BAY
2008-07-24T12:00:03,309653000,58.24763667,-135.4740283,290.9,11.8,290,9342281,C6VG7,NORWEGIAN PEARL,16,GLACIER BAY
2008-07-24T11:59:45,309653000,58.24725,-135.4722017,290.9,11.9,290,9342281,C6VG7,NORWEGIAN PEARL,16,GLACIER BAY
2008-07-24T11:59:35,309653000,58.24708333,-135.471335,290.4,11.9,290,9342281,C6VG7,NORWEGIAN PEARL,16,GLACIER BAY
2008-07-24T11:59:24,309653000,58.24686667,-135.4702517,290.9,11.8,290,9342281,C6VG7,NORWEGIAN PEARL,16,GLACIER BAY
2008-07-24T11:59:14,309653000,58.24666667,-135.469285,290.9,11.9,290,9342281,C6VG7,NORWEGIAN PEARL,16,GLACIER BAY
2008-07-24T11:59:03,309653000,58.24645,-135.4682183,290.9,11.9,290,9342281,C6VG7,NORWEGIAN PEARL,16,GLACIER BAY
2008-07-24T11:58:53,309653000,58.24625,-135.4672367,291.4,11.9,290,9342281,C6VG7,NORWEGIAN PEARL,16,GLACIER BAY
2008-07-24T11:58:44,309653000,58.24606667,-135.4663867,291.4,11.9,290,9342281,C6VG7,NORWEGIAN PEARL,16,GLACIER BAY
2008-07-24T11:58:35,309653000,58.24588333,-135.4655033,291.4,11.9,290,9342281,C6VG7,NORWEGIAN PEARL,16,GLACIER BAY
2008-07-24T11:58:24,309653000,58.245635,-135.4643383,291.4,11.9,290,9342281,C6VG7,NORWEGIAN PEARL,16,GLACIER BAY
2008-07-24T11:58:15,309653000,58.245485,-135.4635717,291.4,11.8,290,9342281,C6VG7,NORWEGIAN PEARL,16,GLACIER BAY
2008-07-24T11:58:03,309653000,58.245235,-135.462405,291.4,11.9,290,9342281,C6VG7,NORWEGIAN PEARL,16,GLACIER BAY
2008-07-24T11:57:53,309653000,58.245035,-135.4614383,291.4,11.9,290,9342281,C6VG7,NORWEGIAN PEARL,16,GLACIER BAY
2008-07-24T11:57:44,309653000,58.24485167,-135.4605733,291.4,11.9,290,9342281,C6VG7,NORWEGIAN PEARL,16,GLACIER BAY
2008-07-24T11:57:35,309653000,58.24466833,-135.459705,291.9,11.9,290,9342281,C6VG7,NORWEGIAN PEARL,16,GLACIER BAY
2008-07-24T11:57:15,309653000,58.24426833,-135.4577717,291.9,11.9,290,9342281,C6VG7,NORWEGIAN PEARL,16,GLACIER BAY
2008-07-24T11:57:04,309653000,58.244035,-135.4567217,291.9,11.8,290,9342281,C6VG7,NORWEGIAN PEARL,16,GLACIER BAY
2008-07-24T11:56:53,309653000,58.243835,-135.4557567,291.9,11.8,290,9342281,C6VG7,NORWEGIAN PEARL,16,GLACIER BAY
2008-07-24T11:56:44,309653000,58.24360167,-135.4547067,291.9,11.8,290,9342281,C6VG7,NORWEGIAN PEARL,16,GLACIER BAY
2008-07-24T11:56:25,309653000,58.24321833,-135.452875,291.4,11.8,290,9342281,C6VG7,NORWEGIAN PEARL,16,GLACIER BAY
2008-07-24T11:56:03,309653000,58.24280167,-135.450875,291.9,11.8,290,9342281,C6VG7,NORWEGIAN PEARL,16,GLACIER BAY
2008-07-24T11:55:53,309653000,58.24260167,-135.44991,291.9,11.7,290,9342281,C6VG7,NORWEGIAN PEARL,16,GLACIER BAY
2008-07-24T11:55:45,309653000,58.24241833,-135.4490417,291.9,11.8,290,9342281,C6VG7,NORWEGIAN PEARL,16,GLACIER BAY
2008-07-24T11:55:34,309653000,58.24221833,-135.4480933,291.9,11.8,290,9342281,C6VG7,NORWEGIAN PEARL,16,GLACIER BAY
2008-07-24T11:55:25,309653000,58.242035,-135.4472433,291.9,11.8,290,9342281,C6VG7,NORWEGIAN PEARL,16,GLACIER BAY
2008-07-24T11:55:15,309653000,58.24181833,-135.4462767,292.4,11.8,290,9342281,C6VG7,NORWEGIAN PEARL,16,GLACIER BAY
2008-07-24T11:55:03,309653000,58.241585,-135.4451283,291.9,11.8,290,9342281,C6VG7,NORWEGIAN PEARL,16,GLACIER BAY
2008-07-24T11:54:54,309653000,58.24140167,-135.4442617,291.9,11.8,290,9342281,C6VG7,NORWEGIAN PEARL,16,GLACIER BAY
2008-07-24T11:54:44,309653000,58.24116833,-135.4432117,291.9,11.8,290,9342281,C6VG7,NORWEGIAN PEARL,16,GLACIER BAY
2008-07-24T11:54:34,309653000,58.240985,-135.442345,291.4,11.8,290,9342281,C6VG7,NORWEGIAN PEARL,16,GLACIER BAY
2008-07-24T11:54:24,309653000,58.240785,-135.441395,291.4,11.9,290,9342281,C6VG7,NORWEGIAN PEARL,16,GLACIER BAY
2008-07-24T11:54:15,309653000,58.24060333,-135.44053,291.9,11.8,290,9342281,C6VG7,NORWEGIAN PEARL,16,GLACIER BAY
2008-07-24T11:54:14,309653000,58.24020333,-135.4386133,0.0,0.0,0,9342281,C6VG7,NORWEGIAN PEARL,16,GLACIER BAY
2008-07-24T11:53:55,309653000,58.24020333,-135.4386133,291.9,11.8,290,9342281,C6VG7,NORWEGIAN PEARL,16,GLACIER BAY
2008-07-24T11:53:45,309653000,58.24000333,-135.4376633,291.4,11.8,290,9342281,C6VG7,NORWEGIAN PEARL,16,GLACIER BAY
2008-07-24T11:53:34,309653000,58.23977,-135.4365967,291.9,11.8,290,9342281,C6VG7,NORWEGIAN PEARL,16,GLACIER BAY
2008-07-24T11:53:25,309653000,58.23957,-135.43563,292.4,11.9,290,9342281,C6VG7,NORWEGIAN PEARL,16,GLACIER BAY
2008-07-24T11:53:15,309653000,58.23938667,-135.4347633,291.9,11.8,290,9342281,C6VG7,NORWEGIAN PEARL,16,GLACIER BAY
2008-07-24T11:53:04,309653000,58.23913667,-135.43363,292.4,11.9,290,9342281,C6VG7,NORWEGIAN PEARL,16,GLACIER BAY
2008-07-24T11:52:54,309653000,58.23893667,-135.4327483,292.4,11.9,290,9342281,C6VG7,NORWEGIAN PEARL,16,GLACIER BAY
2008-07-24T11:52:45,309653000,58.23873667,-135.4317817,292.4,11.9,290,9342281,C6VG7,NORWEGIAN PEARL,16,GLACIER BAY
2008-07-24T11:52:33,309653000,58.23850333,-135.4307317,292.4,11.9,290,9342281,C6VG7,NORWEGIAN PEARL,16,GLACIER BAY
2008-07-24T11:52:23,309653000,58.23830333,-135.429765,292.4,11.9,290,9342281,C6VG7,NORWEGIAN PEARL,16,GLACIER BAY
2008-07-24T11:52:14,309653000,58.23810333,-135.4288983,292.3,12.0,290,9342281,C6VG7,NORWEGIAN PEARL,16,GLACIER BAY
2008-07-24T11:52:03,309653000,58.23788667,-135.4279333,292.4,11.9,290,9342281,C6VG7,NORWEGIAN PEARL,16,GLACIER BAY
2008-07-24T11:51:45,309653000,58.23747,-135.4260017,292.3,12.0,290,9342281,C6VG7,NORWEGIAN PEARL,16,GLACIER BAY
2008-07-24T11:51:33,309653000,58.23723667,-135.424935,292.3,12.0,290,9342281,C6VG7,NORWEGIAN PEARL,16,GLACIER BAY
2008-07-24T11:51:23,309653000,58.23702,-135.4239683,292.3,12.0,290,9342281,C6VG7,NORWEGIAN PEARL,16,GLACIER BAY
2008-07-24T11:51:03,309653000,58.23660333,-135.422035,292.8,12.1,290,9342281,C6VG7,NORWEGIAN PEARL,16,GLACIER BAY
2008-07-24T11:50:45,309653000,58.23618667,-135.420185,292.8,12.1,290,9342281,C6VG7,NORWEGIAN PEARL,16,GLACIER BAY
2008-07-24T11:50:33,309653000,58.23595333,-135.4191017,292.8,12.1,290,9342281,C6VG7,NORWEGIAN PEARL,16,GLACIER BAY
2008-07-24T11:50:23,309653000,58.23573833,-135.4181367,292.3,12.1,290,9342281,C6VG7,NORWEGIAN PEARL,16,GLACIER BAY
2008-07-24T11:50:14,309653000,58.23555333,-135.4173517,292.8,12.1,290,9342281,C6VG7,NORWEGIAN PEARL,16,GLACIER BAY
2008-07-24T11:49:55,309653000,58.235105,-135.415285,292.8,12.2,290,9342281,C6VG7,NORWEGIAN PEARL,16,GLACIER BAY
2008-07-24T11:49:45,309653000,58.23488833,-135.41432,292.8,12.2,290,9342281,C6VG7,NORWEGIAN PEARL,16,GLACIER BAY
2008-07-24T11:49:33,309653000,58.23463833,-135.4132383,292.8,12.2,290,9342281,C6VG7,NORWEGIAN PEARL,16,GLACIER BAY
2008-07-24T11:49:23,309653000,58.23442167,-135.412255,292.8,12.2,290,9342281,C6VG7,NORWEGIAN PEARL,16,GLACIER BAY
2008-07-24T11:49:14,309653000,58.23423833,-135.4113717,292.8,12.2,290,9342281,C6VG7,NORWEGIAN PEARL,16,GLACIER BAY
2008-07-24T11:49:04,309653000,58.234005,-135.4103717,292.7,12.3,290,9342281,C6VG7,NORWEGIAN PEARL,16,GLACIER BAY
2008-07-24T11:48:55,309653000,58.23382167,-135.4094733,292.7,12.3,290,9342281,C6VG7,NORWEGIAN PEARL,16,GLACIER BAY
2008-07-24T11:48:45,309653000,58.23358833,-135.40849,292.7,12.3,290,9342281,C6VG7,NORWEGIAN PEARL,16,GLACIER BAY
2008-07-24T11:48:33,309653000,58.233355,-135.40739,292.7,12.4,290,9342281,C6VG7,NORWEGIAN PEARL,16,GLACIER BAY
2008-07-24T11:48:25,309653000,58.23313833,-135.40639,292.3,12.4,290,9342281,C6VG7,NORWEGIAN PEARL,16,GLACIER BAY
2008-07-24T11:48:15,309653000,58.232905,-135.40539,292.3,12.4,290,9342281,C6VG7,NORWEGIAN PEARL,16,GLACIER BAY
2008-07-24T11:48:12,309653000,58.23223833,-135.4023583,0.0,0.0,0,9342281,C6VG7,NORWEGIAN PEARL,16,GLACIER BAY
2008-07-24T11:47:45,309653000,58.23223833,-135.4023583,292.2,12.5,290,9342281,C6VG7,NORWEGIAN PEARL,16,GLACIER BAY
2008-07-24T11:47:33,309653000,58.232005,-135.4012583,292.2,12.6,290,9342281,C6VG7,NORWEGIAN PEARL,16,GLACIER BAY
2008-07-24T11:47:25,309653000,58.23182167,-135.4004417,292.2,12.6,290,9342281,C6VG7,NORWEGIAN PEARL,16,GLACIER BAY
2008-07-24T11:47:04,309653000,58.231355,-135.39831,292.2,12.6,290,9342281,C6VG7,NORWEGIAN PEARL,16,GLACIER BAY
2008-07-24T11:46:55,309653000,58.231155,-135.3973933,292.7,12.6,290,9342281,C6VG7,NORWEGIAN PEARL,16,GLACIER BAY
2008-07-24T11:46:44,309653000,58.230905,-135.39626,292.7,12.6,290,9342281,C6VG7,NORWEGIAN PEARL,16,GLACIER BAY
2008-07-24T11:46:35,309653000,58.23068833,-135.39526,292.7,12.6,290,9342281,C6VG7,NORWEGIAN PEARL,16,GLACIER BAY
2008-07-24T11:46:14,309653000,58.23024,-135.3932117,292.2,12.6,290,9342281,C6VG7,NORWEGIAN PEARL,16,GLACIER BAY
2008-07-24T11:45:55,309653000,58.22982333,-135.3912783,292.2,12.6,290,9342281,C6VG7,NORWEGIAN PEARL,16,GLACIER BAY
2008-07-24T11:45:44,309653000,58.22957333,-135.3901467,292.2,12.6,290,9342281,C6VG7,NORWEGIAN PEARL,16,GLACIER BAY
2008-07-24T11:45:25,309653000,58.22914,-135.3881967,292.7,12.6,290,9342281,C6VG7,NORWEGIAN PEARL,16,GLACIER BAY
2008-07-24T11:45:14,309653000,58.22889,-135.38708,292.2,12.7,290,9342281,C6VG7,NORWEGIAN PEARL,16,GLACIER BAY
2008-07-24T11:45:04,309653000,58.22864,-135.3859633,292.7,12.6,290,9342281,C6VG7,NORWEGIAN PEARL,16,GLACIER BAY
2008-07-24T11:44:55,309653000,58.22844,-135.38503,292.2,12.7,290,9342281,C6VG7,NORWEGIAN PEARL,16,GLACIER BAY
2008-07-24T11:44:44,309653000,58.22822333,-135.3840133,292.7,12.7,290,9342281,C6VG7,NORWEGIAN PEARL,16,GLACIER BAY
2008-07-24T11:44:35,309653000,58.22799,-135.3829817,292.7,12.7,290,9342281,C6VG7,NORWEGIAN PEARL,16,GLACIER BAY
2008-07-24T11:44:25,309653000,58.22777333,-135.3819633,292.2,12.7,290,9342281,C6VG7,NORWEGIAN PEARL,16,GLACIER BAY
2008-07-24T11:44:14,309653000,58.22754,-135.3809317,292.7,12.7,290,9342281,C6VG7,NORWEGIAN PEARL,16,GLACIER BAY
2008-07-24T11:44:03,309653000,58.22729,-135.3797983,292.2,12.8,290,9342281,C6VG7,NORWEGIAN PEARL,16,GLACIER BAY
2008-07-24T11:43:55,309653000,58.22710667,-135.3789667,292.6,12.8,290,9342281,C6VG7,NORWEGIAN PEARL,16,GLACIER BAY
2008-07-24T11:43:44,309653000,58.22685833,-135.377835,292.2,12.8,290,9342281,C6VG7,NORWEGIAN PEARL,16,GLACIER BAY
2008-07-24T11:43:35,309653000,58.22665667,-135.3769,292.2,12.8,290,9342281,C6VG7,NORWEGIAN PEARL,16,GLACIER BAY
2008-07-24T11:43:24,309653000,58.22639,-135.375665,292.6,12.8,290,9342281,C6VG7,NORWEGIAN PEARL,16,GLACIER BAY
2008-07-24T11:43:14,309653000,58.22615667,-135.374615,292.2,12.8,290,9342281,C6VG7,NORWEGIAN PEARL,16,GLACIER BAY
2008-07-24T11:43:04,309653000,58.22592333,-135.3735833,292.2,12.8,290,9342281,C6VG7,NORWEGIAN PEARL,16,GLACIER BAY
2008-07-24T11:42:57,309653000,58.225725,-135.3726517,292.6,12.9,290,9342281,C6VG7,NORWEGIAN PEARL,16,GLACIER BAY
2008-07-24T11:42:45,309653000,58.22549167,-135.3716183,292.2,12.9,290,9342281,C6VG7,NORWEGIAN PEARL,16,GLACIER BAY
2008-07-24T11:42:35,309653000,58.22529167,-135.37067,292.2,12.9,290,9342281,C6VG7,NORWEGIAN PEARL,16,GLACIER BAY
2008-07-24T11:42:24,309653000,58.22504167,-135.36952,292.6,13.0,290,9342281,C6VG7,NORWEGIAN PEARL,16,GLACIER BAY
2008-07-24T11:42:14,309653000,58.22480833,-135.36847,292.6,13.0,290,9342281,C6VG7,NORWEGIAN PEARL,16,GLACIER BAY
2008-07-24T11:42:11,309653000,58.224575,-135.3674217,0.0,0.0,0,9342281,C6VG7,NORWEGIAN PEARL,16,GLACIER BAY
2008-07-24T11:42:04,309653000,58.224575,-135.3674217,292.6,12.9,290,9342281,C6VG7,NORWEGIAN PEARL,16,GLACIER BAY
2008-07-24T11:41:44,309653000,58.22409167,-135.3652217,292.6,13.0,290,9342281,C6VG7,NORWEGIAN PEARL,16,GLACIER BAY
2008-07-24T11:41:35,309653000,58.223875,-135.3642883,292.6,12.9,290,9342281,C6VG7,NORWEGIAN PEARL,16,GLACIER BAY
2008-07-24T11:41:24,309653000,58.22364167,-135.3632217,292.2,12.9,290,9342281,C6VG7,NORWEGIAN PEARL,16,GLACIER BAY
2008-07-24T11:41:14,309653000,58.22340833,-135.3621717,292.6,12.9,290,9342281,C6VG7,NORWEGIAN PEARL,16,GLACIER BAY
2008-07-24T11:41:04,309653000,58.22315833,-135.3610217,292.6,13.0,290,9342281,C6VG7,NORWEGIAN PEARL,16,GLACIER BAY
2008-07-24T11:40:44,309653000,58.222725,-135.3590217,292.2,12.9,290,9342281,C6VG7,NORWEGIAN PEARL,16,GLACIER BAY
2008-07-24T11:40:34,309653000,58.22250833,-135.3580883,292.2,13.0,290,9342281,C6VG7,NORWEGIAN PEARL,16,GLACIER BAY
2008-07-24T11:40:04,309653000,58.221775,-135.354725,292.2,13.0,290,9342281,C6VG7,NORWEGIAN PEARL,16,GLACIER BAY
2008-07-24T11:39:54,309653000,58.22154167,-135.353675,292.2,12.9,290,9342281,C6VG7,NORWEGIAN PEARL,16,GLACIER BAY
2008-07-24T11:39:46,309653000,58.22135833,-135.35284,292.2,12.9,290,9342281,C6VG7,NORWEGIAN PEARL,16,GLACIER BAY
2008-07-24T11:39:34,309653000,58.22111,-135.3516917,292.2,13.0,290,9342281,C6VG7,NORWEGIAN PEARL,16,GLACIER BAY
2008-07-24T11:39:24,309653000,58.22087667,-135.3506417,292.2,12.9,290,9342281,C6VG7,NORWEGIAN PEARL,16,GLACIER BAY
2008-07-24T11:39:04,309653000,58.22042667,-135.3485417,293.2,12.9,291,9342281,C6VG7,NORWEGIAN PEARL,16,GLACIER BAY
2008-07-24T11:38:54,309653000,58.22019333,-135.3474917,292.7,12.9,291,9342281,C6VG7,NORWEGIAN PEARL,16,GLACIER BAY
2008-07-24T11:38:45,309653000,58.22001,-135.34666,292.7,12.9,291,9342281,C6VG7,NORWEGIAN PEARL,16,GLACIER BAY
2008-07-24T11:38:25,309653000,58.21947667,-135.3443767,292.7,12.9,291,9342281,C6VG7,NORWEGIAN PEARL,16,GLACIER BAY
2008-07-24T11:38:04,309653000,58.21899333,-135.3421933,292.7,12.8,291,9342281,C6VG7,NORWEGIAN PEARL,16,GLACIER BAY
2008-07-24T11:37:54,309653000,58.21877667,-135.341245,292.7,12.8,291,9342281,C6VG7,NORWEGIAN PEARL,16,GLACIER BAY
2008-07-24T11:37:45,309653000,58.21857667,-135.3403117,292.7,12.8,291,9342281,C6VG7,NORWEGIAN PEARL,16,GLACIER BAY
2008-07-24T11:37:35,309653000,58.21832667,-135.3391783,292.7,12.8,291,9342281,C6VG7,NORWEGIAN PEARL,16,GLACIER BAY
2008-07-24T11:37:25,309653000,58.21811,-135.338245,292.7,12.8,291,9342281,C6VG7,NORWEGIAN PEARL,16,GLACIER BAY
2008-07-24T11:37:15,309653000,58.21789333,-135.3372117,292.7,12.8,291,9342281,C6VG7,NORWEGIAN PEARL,16,GLACIER BAY
2008-07-24T11:36:54,309653000,58.21739333,-135.33503,292.7,12.8,291,9342281,C6VG7,NORWEGIAN PEARL,16,GLACIER BAY
2008-07-24T11:36:45,309653000,58.21719333,-135.3341133,292.3,12.8,291,9342281,C6VG7,NORWEGIAN PEARL,16,GLACIER BAY
2008-07-24T11:36:34,309653000,58.21694333,-135.332965,292.7,12.8,291,9342281,C6VG7,NORWEGIAN PEARL,16,GLACIER BAY
2008-07-24T11:36:25,309653000,58.21674333,-135.3320483,292.7,12.8,291,9342281,C6VG7,NORWEGIAN PEARL,16,GLACIER BAY
2008-07-24T11:36:15,309653000,58.21651,-135.3310133,292.3,12.8,291,9342281,C6VG7,NORWEGIAN PEARL,16,GLACIER BAY
2008-07-24T11:36:11,309653000,58.21626,-135.32988,0.0,0.0,0,9342281,C6VG7,NORWEGIAN PEARL,16,GLACIER BAY
2008-07-24T11:36:04,309653000,58.21626,-135.32988,292.3,12.8,291,9342281,C6VG7,NORWEGIAN PEARL,16,GLACIER BAY
2008-07-24T11:35:54,309653000,58.21602667,-135.3288467,292.3,12.8,291,9342281,C6VG7,NORWEGIAN PEARL,16,GLACIER BAY
2008-07-24T11:35:34,309653000,58.21559333,-135.32688,292.3,12.7,291,9342281,C6VG7,NORWEGIAN PEARL,16,GLACIER BAY
2008-07-24T11:35:25,309653000,58.21537667,-135.3258317,292.3,12.8,291,9342281,C6VG7,NORWEGIAN PEARL,16,GLACIER BAY
2008-07-24T11:35:15,309653000,58.21514333,-135.3247967,292.3,12.8,291,9342281,C6VG7,NORWEGIAN PEARL,16,GLACIER BAY
2008-07-24T11:35:04,309653000,58.21487667,-135.3235467,291.8,12.8,291,9342281,C6VG7,NORWEGIAN PEARL,16,GLACIER BAY
2008-07-24T11:34:54,309653000,58.21464333,-135.3224983,292.3,12.8,291,9342281,C6VG7,NORWEGIAN PEARL,16,GLACIER BAY
2008-07-24T11:34:45,309653000,58.21446,-135.321665,292.3,12.8,291,9342281,C6VG7,NORWEGIAN PEARL,16,GLACIER BAY
2008-07-24T11:34:34,309653000,58.21421,-135.320515,292.3,12.8,291,9342281,C6VG7,NORWEGIAN PEARL,16,GLACIER BAY
2008-07-24T11:34:25,309653000,58.21401167,-135.319585,292.3,12.8,291,9342281,C6VG7,NORWEGIAN PEARL,16,GLACIER BAY
2008-07-24T11:34:04,309653000,58.213545,-135.3174017,291.8,12.8,291,9342281,C6VG7,NORWEGIAN PEARL,16,GLACIER BAY
2008-07-24T11:33:54,309653000,58.21331167,-135.3163683,291.8,12.8,291,9342281,C6VG7,NORWEGIAN PEARL,16,GLACIER BAY
2008-07-24T11:33:46,309653000,58.21311167,-135.315435,291.8,12.8,291,9342281,C6VG7,NORWEGIAN PEARL,16,GLACIER BAY
2008-07-24T11:33:34,309653000,58.21287833,-135.314385,291.9,12.7,291,9342281,C6VG7,NORWEGIAN PEARL,16,GLACIER BAY
2008-07-24T11:33:25,309653000,58.212645,-135.3132533,291.4,12.8,291,9342281,C6VG7,NORWEGIAN PEARL,16,GLACIER BAY
2008-07-24T11:33:15,309653000,58.21241167,-135.3122033,291.8,12.8,291,9342281,C6VG7,NORWEGIAN PEARL,16,GLACIER BAY
2008-07-24T11:33:04,309653000,58.21217833,-135.3110717,291.4,12.8,291,9342281,C6VG7,NORWEGIAN PEARL,16,GLACIER BAY
2008-07-24T11:32:54,309653000,58.21197833,-135.3101383,291.4,12.8,291,9342281,C6VG7,NORWEGIAN PEARL,16,GLACIER BAY
2008-07-24T11:32:46,309653000,58.21177833,-135.30922,291.8,12.8,291,9342281,C6VG7,NORWEGIAN PEARL,16,GLACIER BAY
2008-07-24T11:32:34,309653000,58.211545,-135.3080867,291.8,12.8,291,9342281,C6VG7,NORWEGIAN PEARL,16,GLACIER BAY
2008-07-24T11:32:25,309653000,58.211345,-135.30717,291.8,12.9,291,9342281,C6VG7,NORWEGIAN PEARL,16,GLACIER BAY
2008-07-24T11:32:04,309653000,58.210895,-135.305005,291.8,12.8,291,9342281,C6VG7,NORWEGIAN PEARL,16,GLACIER BAY
2008-07-24T11:31:54,309653000,58.21067833,-135.3039733,291.8,12.9,291,9342281,C6VG7,NORWEGIAN PEARL,16,GLACIER BAY
2008-07-24T11:31:45,309653000,58.21047833,-135.30304,291.8,12.8,291,9342281,C6VG7,NORWEGIAN PEARL,16,GLACIER BAY
2008-07-24T11:31:34,309653000,58.21021167,-135.30179,291.8,12.8,291,9342281,C6VG7,NORWEGIAN PEARL,16,GLACIER BAY
2008-07-24T11:31:24,309653000,58.21001167,-135.3008567,291.8,12.8,291,9342281,C6VG7,NORWEGIAN PEARL,16,GLACIER BAY
2008-07-24T11:31:15,309653000,58.20981167,-135.2999217,291.8,12.8,291,9342281,C6VG7,NORWEGIAN PEARL,16,GLACIER BAY
2008-07-24T11:31:05,309653000,58.20956167,-135.29879,291.8,12.8,291,9342281,C6VG7,NORWEGIAN PEARL,16,GLACIER BAY
2008-07-24T11:30:54,309653000,58.209345,-135.29774,291.4,12.8,291,9342281,C6VG7,NORWEGIAN PEARL,16,GLACIER BAY
2008-07-24T11:30:45,309653000,58.209145,-135.2968067,291.8,12.8,291,9342281,C6VG7,NORWEGIAN PEARL,16,GLACIER BAY
2008-07-24T11:30:34,309653000,58.20891167,-135.2956733,291.8,12.8,291,9342281,C6VG7,NORWEGIAN PEARL,16,GLACIER BAY
2008-07-24T11:30:24,309653000,58.208695,-135.29464,291.8,12.8,291,9342281,C6VG7,NORWEGIAN PEARL,16,GLACIER BAY
2008-07-24T11:30:15,309653000,58.208495,-135.2937083,291.8,12.8,291,9342281,C6VG7,NORWEGIAN PEARL,16,GLACIER BAY
2008-07-24T11:30:09,309653000,58.20822833,-135.2924583,0.0,0.0,0,9342281,C6VG7,NORWEGIAN PEARL,16,GLACIER BAY
2008-07-24T11:30:04,309653000,58.20822833,-135.2924583,291.8,12.8,291,9342281,C6VG7,NORWEGIAN PEARL,16,GLACIER BAY
2008-07-24T11:29:54,309653000,58.20801167,-135.291425,291.9,12.7,291,9342281,C6VG7,NORWEGIAN PEARL,16,GLACIER BAY
2008-07-24T11:29:45,309653000,58.20783,-135.29061,291.8,12.8,291,9342281,C6VG7,NORWEGIAN PEARL,16,GLACIER BAY
2008-07-24T11:29:24,309653000,58.20736333,-135.2884267,291.4,12.7,291,9342281,C6VG7,NORWEGIAN PEARL,16,GLACIER BAY
2008-07-24T11:29:15,309653000,58.20716333,-135.2874933,291.4,12.7,291,9342281,C6VG7,NORWEGIAN PEARL,16,GLACIER BAY
2008-07-24T11:29:04,309653000,58.20693,-135.28636,291.9,12.7,291,9342281,C6VG7,NORWEGIAN PEARL,16,GLACIER BAY
2008-07-24T11:28:54,309653000,58.20671333,-135.2853117,291.4,12.7,291,9342281,C6VG7,NORWEGIAN PEARL,16,GLACIER BAY
2008-07-24T11:28:45,309653000,58.20653,-135.284495,291.9,12.7,291,9342281,C6VG7,NORWEGIAN PEARL,16,GLACIER BAY
2008-07-24T11:28:34,309653000,58.20626333,-135.2832617,291.9,12.7,291,9342281,C6VG7,NORWEGIAN PEARL,16,GLACIER BAY
2008-07-24T11:28:24,309653000,58.20603,-135.2821283,291.9,12.7,291,9342281,C6VG7,NORWEGIAN PEARL,16,GLACIER BAY
2008-07-24T11:28:15,309653000,58.20586333,-135.281295,291.9,12.6,291,9342281,C6VG7,NORWEGIAN PEARL,16,GLACIER BAY
2008-07-24T11:27:53,309653000,58.20538,-135.2790467,291.9,12.7,291,9342281,C6VG7,NORWEGIAN PEARL,16,GLACIER BAY
2008-07-24T11:27:45,309653000,58.20519667,-135.27823,291.4,12.6,291,9342281,C6VG7,NORWEGIAN PEARL,16,GLACIER BAY
2008-07-24T11:27:34,309653000,58.20496333,-135.2770967,291.4,12.6,291,9342281,C6VG7,NORWEGIAN PEARL,16,GLACIER BAY
2008-07-24T11:27:25,309653000,58.20473,-135.2760633,291.4,12.7,291,9342281,C6VG7,NORWEGIAN PEARL,16,GLACIER BAY
2008-07-24T11:27:15,309653000,58.20454667,-135.27513,291.4,12.7,291,9342281,C6VG7,NORWEGIAN PEARL,16,GLACIER BAY
2008-07-24T11:27:04,309653000,58.20433,-135.274115,291.4,12.7,291,9342281,C6VG7,NORWEGIAN PEARL,16,GLACIER BAY
2008-07-24T11:26:46,309653000,58.20388,-135.2720633,291.4,12.6,291,9342281,C6VG7,NORWEGIAN PEARL,16,GLACIER BAY
2008-07-24T11:26:34,309653000,58.20363,-135.2708317,291.4,12.7,291,9342281,C6VG7,NORWEGIAN PEARL,16,GLACIER BAY
2008-07-24T11:26:24,309653000,58.20343,-135.2698983,291.4,12.7,291,9342281,C6VG7,NORWEGIAN PEARL,16,GLACIER BAY
2008-07-24T11:26:15,309653000,58.20323,-135.268965,291.4,12.6,291,9342281,C6VG7,NORWEGIAN PEARL,16,GLACIER BAY
2008-07-24T11:26:04,309653000,58.20299667,-135.2678483,292.3,12.7,291,9342281,C6VG7,NORWEGIAN PEARL,16,GLACIER BAY
2008-07-24T11:25:53,309653000,58.20274667,-135.2667167,291.4,12.6,291,9342281,C6VG7,NORWEGIAN PEARL,16,GLACIER BAY
2008-07-24T11:25:44,309653000,58.20256333,-135.2657817,291.9,12.6,291,9342281,C6VG7,NORWEGIAN PEARL,16,GLACIER BAY
2008-07-24T11:25:35,309653000,58.20233167,-135.26477,291.9,12.6,291,9342281,C6VG7,NORWEGIAN PEARL,16,GLACIER BAY
2008-07-24T11:25:25,309653000,58.20214833,-135.2638533,291.9,12.6,291,9342281,C6VG7,NORWEGIAN PEARL,16,GLACIER BAY
2008-07-24T11:25:15,309653000,58.201915,-135.26282,291.9,12.6,291,9342281,C6VG7,NORWEGIAN PEARL,16,GLACIER BAY
2008-07-24T11:25:04,309653000,58.20168167,-135.261705,292.3,12.5,291,9342281,C6VG7,NORWEGIAN PEARL,16,GLACIER BAY
2008-07-24T11:24:53,309653000,58.20144833,-135.2605883,291.9,12.6,291,9342281,C6VG7,NORWEGIAN PEARL,16,GLACIER BAY
2008-07-24T11:24:44,309653000,58.20124833,-135.2596717,292.3,12.5,291,9342281,C6VG7,NORWEGIAN PEARL,16,GLACIER BAY
2008-07-24T11:24:34,309653000,58.201015,-135.258655,292.3,12.5,291,9342281,C6VG7,NORWEGIAN PEARL,16,GLACIER BAY
2008-07-24T11:24:25,309653000,58.2008,-135.257655,292.3,12.5,291,9342281,C6VG7,NORWEGIAN PEARL,16,GLACIER BAY
2008-07-24T11:24:14,309653000,58.20058333,-135.25664,292.3,12.5,291,9342281,C6VG7,NORWEGIAN PEARL,16,GLACIER BAY
2008-07-24T11:24:11,309653000,58.20013333,-135.25464,0.0,0.0,0,9342281,C6VG7,NORWEGIAN PEARL,16,GLACIER BAY
2008-07-24T11:23:53,309653000,58.20013333,-135.25464,292.8,12.5,291,9342281,C6VG7,NORWEGIAN PEARL,16,GLACIER BAY
2008-07-24T11:23:44,309653000,58.19991667,-135.25364,292.8,12.5,291,9342281,C6VG7,NORWEGIAN PEARL,16,GLACIER BAY
2008-07-24T11:23:34,309653000,58.1997,-135.2527233,292.8,12.5,291,9342281,C6VG7,NORWEGIAN PEARL,16,GLACIER BAY
2008-07-24T11:23:25,309653000,58.19945,-135.251605,292.8,12.5,291,9342281,C6VG7,NORWEGIAN PEARL,16,GLACIER BAY
2008-07-24T11:23:14,309653000,58.19921667,-135.2505883,292.8,12.4,291,9342281,C6VG7,NORWEGIAN PEARL,16,GLACIER BAY
2008-07-24T11:23:04,309653000,58.199,-135.2496233,293.2,12.5,291,9342281,C6VG7,NORWEGIAN PEARL,16,GLACIER BAY
2008-07-24T11:22:54,309653000,58.19875,-135.2485233,293.3,12.4,291,9342281,C6VG7,NORWEGIAN PEARL,16,GLACIER BAY
2008-07-24T11:22:44,309653000,58.19855,-135.2476233,293.3,12.4,291,9342281,C6VG7,NORWEGIAN PEARL,16,GLACIER BAY
2008-07-24T11:22:34,309653000,58.19831667,-135.246625,293.2,12.5,291,9342281,C6VG7,NORWEGIAN PEARL,16,GLACIER BAY
2008-07-24T11:22:24,309653000,58.19808333,-135.2456233,293.7,12.4,291,9342281,C6VG7,NORWEGIAN PEARL,16,GLACIER BAY
2008-07-24T11:22:14,309653000,58.19785,-135.2446233,293.7,12.3,291,9342281,C6VG7,NORWEGIAN PEARL,16,GLACIER BAY
2008-07-24T11:22:04,309653000,58.19765167,-135.2437417,294.2,12.4,291,9342281,C6VG7,NORWEGIAN PEARL,16,GLACIER BAY
2008-07-24T11:21:44,309653000,58.19716833,-135.2416917,295.2,12.4,292,9342281,C6VG7,NORWEGIAN PEARL,16,GLACIER BAY
2008-07-24T11:21:34,309653000,58.19691833,-135.24069,295.2,12.4,292,9342281,C6VG7,NORWEGIAN PEARL,16,GLACIER BAY
2008-07-24T11:21:14,309653000,58.19643667,-135.2387417,296.7,12.4,294,9342281,C6VG7,NORWEGIAN PEARL,16,GLACIER BAY
2008-07-24T11:20:53,309653000,58.19588667,-135.2367083,297.7,12.4,295,9342281,C6VG7,NORWEGIAN PEARL,16,GLACIER BAY
2008-07-24T11:20:44,309653000,58.19565333,-135.23584,297.7,12.4,295,9342281,C6VG7,NORWEGIAN PEARL,16,GLACIER BAY
2008-07-24T11:20:34,309653000,58.19538667,-135.2348733,297.7,12.4,295,9342281,C6VG7,NORWEGIAN PEARL,16,GLACIER BAY
2008-07-24T11:20:24,309653000,58.19513667,-135.2340217,297.7,12.3,295,9342281,C6VG7,NORWEGIAN PEARL,16,GLACIER BAY
2008-07-24T11:20:14,309653000,58.19485333,-135.232955,298.2,12.3,295,9342281,C6VG7,NORWEGIAN PEARL,16,GLACIER BAY
2008-07-24T11:19:54,309653000,58.19428667,-135.2309717,298.2,12.2,295,9342281,C6VG7,NORWEGIAN PEARL,16,GLACIER BAY
2008-07-24T11:19:44,309653000,58.194055,-135.230125,297.7,12.3,295,9342281,C6VG7,NORWEGIAN PEARL,16,GLACIER BAY
2008-07-24T11:19:24,309653000,58.19352167,-135.2282233,297.8,12.1,295,9342281,C6VG7,NORWEGIAN PEARL,16,GLACIER BAY
2008-07-24T11:19:14,309653000,58.193255,-135.2272917,297.8,12.2,295,9342281,C6VG7,NORWEGIAN PEARL,16,GLACIER BAY
2008-07-24T11:19:03,309653000,58.192955,-135.22626,297.8,12.1,295,9342281,C6VG7,NORWEGIAN PEARL,16,GLACIER BAY
2008-07-24T11:18:53,309653000,58.19272167,-135.22541,297.8,12.1,295,9342281,C6VG7,NORWEGIAN PEARL,16,GLACIER BAY
2008-07-24T11:18:45,309653000,58.192505,-135.2246767,297.8,12.1,295,9342281,C6VG7,NORWEGIAN PEARL,16,GLACIER BAY
2008-07-24T11:18:33,309653000,58.19217167,-135.22346,297.8,12.1,295,9342281,C6VG7,NORWEGIAN PEARL,16,GLACIER BAY
2008-07-24T11:18:23,309653000,58.19188833,-135.2224267,297.8,12.1,295,9342281,C6VG7,NORWEGIAN PEARL,16,GLACIER BAY
2008-07-24T11:18:14,309653000,58.19167,-135.221675,297.8,12.1,295,9342281,C6VG7,NORWEGIAN PEARL,16,GLACIER BAY
2008-07-24T11:18:08,309653000,58.19138833,-135.220645,0.0,0.0,0,9342281,C6VG7,NORWEGIAN PEARL,16,GLACIER BAY
2008-07-24T11:18:03,309653000,58.19138833,-135.220645,297.3,12.1,295,9342281,C6VG7,NORWEGIAN PEARL,16,GLACIER BAY
2008-07-24T11:17:45,309653000,58.19093833,-135.2189617,297.3,12.1,295,9342281,C6VG7,NORWEGIAN PEARL,16,GLACIER BAY
2008-07-24T11:17:23,309653000,58.19037167,-135.2168967,296.4,12.1,295,9342281,C6VG7,NORWEGIAN PEARL,16,GLACIER BAY
2008-07-24T11:17:15,309653000,58.19017167,-135.2161467,296.4,12.1,295,9342281,C6VG7,NORWEGIAN PEARL,16,GLACIER BAY
2008-07-24T11:17:03,309653000,58.18987,-135.2150133,295.9,12.1,295,9342281,C6VG7,NORWEGIAN PEARL,16,GLACIER BAY
2008-07-24T11:16:53,309653000,58.18962167,-135.21408,296.4,12.1,295,9342281,C6VG7,NORWEGIAN PEARL,16,GLACIER BAY
2008-07-24T11:16:45,309653000,58.18942167,-135.2133133,296.4,12.1,295,9342281,C6VG7,NORWEGIAN PEARL,16,GLACIER BAY
2008-07-24T11:16:33,309653000,58.189105,-135.2120983,295.9,12.1,295,9342281,C6VG7,NORWEGIAN PEARL,16,GLACIER BAY
2008-07-24T11:16:23,309653000,58.18887,-135.2112317,295.9,12.1,295,9342281,C6VG7,NORWEGIAN PEARL,16,GLACIER BAY
2008-07-24T11:16:15,309653000,58.188655,-135.2103817,295.9,12.1,295,9342281,C6VG7,NORWEGIAN PEARL,16,GLACIER BAY
2008-07-24T11:16:03,309653000,58.18838833,-135.209335,295.4,12.1,295,9342281,C6VG7,NORWEGIAN PEARL,16,GLACIER BAY
2008-07-24T11:15:53,309653000,58.18813833,-135.208385,295.4,12.1,295,9342281,C6VG7,NORWEGIAN PEARL,16,GLACIER BAY
2008-07-24T11:15:45,309653000,58.187955,-135.2076183,295.9,12.1,295,9342281,C6VG7,NORWEGIAN PEARL,16,GLACIER BAY
2008-07-24T11:15:33,309653000,58.187655,-135.2064683,295.9,12.1,295,9342281,C6VG7,NORWEGIAN PEARL,16,GLACIER BAY
2008-07-24T11:15:23,309653000,58.18742167,-135.2055183,295.9,12.1,295,9342281,C6VG7,NORWEGIAN PEARL,16,GLACIER BAY
2008-07-24T11:15:15,309653000,58.18722167,-135.2047517,295.9,12.1,295,9342281,C6VG7,NORWEGIAN PEARL,16,GLACIER BAY
2008-07-24T11:15:03,309653000,58.186905,-135.20352,295.4,12.2,295,9342281,C6VG7,NORWEGIAN PEARL,16,GLACIER BAY
2008-07-24T11:14:53,309653000,58.18668833,-135.2026533,295.4,12.2,295,9342281,C6VG7,NORWEGIAN PEARL,16,GLACIER BAY
2008-07-24T11:14:45,309653000,58.18647167,-135.2017883,295.4,12.2,295,9342281,C6VG7,NORWEGIAN PEARL,16,GLACIER BAY
2008-07-24T11:14:33,309653000,58.18620667,-135.2007383,295.4,12.2,295,9342281,C6VG7,NORWEGIAN PEARL,16,GLACIER BAY
2008-07-24T11:14:25,309653000,58.18597167,-135.1998733,295.4,12.1,295,9342281,C6VG7,NORWEGIAN PEARL,16,GLACIER BAY
2008-07-24T11:14:15,309653000,58.18574,-135.1989067,295.4,12.3,295,9342281,C6VG7,NORWEGIAN PEARL,16,GLACIER BAY
2008-07-24T11:14:03,309653000,58.18547333,-135.1978417,295.4,12.2,295,9342281,C6VG7,NORWEGIAN PEARL,16,GLACIER BAY
2008-07-24T11:13:53,309653000,58.18522167,-135.196875,294.4,12.2,294,9342281,C6VG7,NORWEGIAN PEARL,16,GLACIER BAY
2008-07-24T11:13:45,309653000,58.18503833,-135.1961083,294.4,12.2,294,9342281,C6VG7,NORWEGIAN PEARL,16,GLACIER BAY
2008-07-24T11:13:35,309653000,58.184805,-135.195125,293.9,12.2,293,9342281,C6VG7,NORWEGIAN PEARL,16,GLACIER BAY
2008-07-24T11:13:25,309653000,58.184555,-135.1940767,293.4,12.3,293,9342281,C6VG7,NORWEGIAN PEARL,16,GLACIER BAY
2008-07-24T11:13:14,309653000,58.18432167,-135.1930767,292.9,12.3,292,9342281,C6VG7,NORWEGIAN PEARL,16,GLACIER BAY
2008-07-24T11:13:03,309653000,58.18408667,-135.1919933,291.9,12.2,291,9342281,C6VG7,NORWEGIAN PEARL,16,GLACIER BAY
2008-07-24T11:12:53,309653000,58.18387,-135.1910117,291.4,12.2,291,9342281,C6VG7,NORWEGIAN PEARL,16,GLACIER BAY
2008-07-24T11:12:45,309653000,58.18370333,-135.1902117,291.9,12.3,291,9342281,C6VG7,NORWEGIAN PEARL,16,GLACIER BAY
2008-07-24T11:12:35,309653000,58.18350333,-135.1892117,292.3,12.3,291,9342281,C6VG7,NORWEGIAN PEARL,16,GLACIER BAY
2008-07-24T11:12:25,309653000,58.18328833,-135.1882117,292.3,12.3,291,9342281,C6VG7,NORWEGIAN PEARL,16,GLACIER BAY
2008-07-24T11:12:07,309653000,58.18282167,-135.1861483,0.0,0.0,0,9342281,C6VG7,NORWEGIAN PEARL,16,GLACIER BAY
2008-07-24T11:12:04,309653000,58.18282167,-135.1861483,292.3,12.3,291,9342281,C6VG7,NORWEGIAN PEARL,16,GLACIER BAY
2008-07-24T11:11:53,309653000,58.18258833,-135.1850483,292.3,12.3,291,9342281,C6VG7,NORWEGIAN PEARL,16,GLACIER BAY
2008-07-24T11:11:45,309653000,58.18238833,-135.1841483,292.3,12.3,291,9342281,C6VG7,NORWEGIAN PEARL,16,GLACIER BAY
2008-07-24T11:11:35,309653000,58.18217167,-135.183165,292.3,12.3,291,9342281,C6VG7,NORWEGIAN PEARL,16,GLACIER BAY
2008-07-24T11:11:25,309653000,58.181955,-135.1821633,292.8,12.3,291,9342281,C6VG7,NORWEGIAN PEARL,16,GLACIER BAY
2008-07-24T11:11:14,309653000,58.18173833,-135.1811817,292.3,12.3,291,9342281,C6VG7,NORWEGIAN PEARL,16,GLACIER BAY
2008-07-24T11:11:04,309653000,58.18152167,-135.18018,293.3,12.3,292,9342281,C6VG7,NORWEGIAN PEARL,16,GLACIER BAY
2008-07-24T11:10:53,309653000,58.18127333,-135.1790983,293.8,12.4,292,9342281,C6VG7,NORWEGIAN PEARL,16,GLACIER BAY
2008-07-24T11:10:45,309653000,58.18109,-135.1782983,293.8,12.3,292,9342281,C6VG7,NORWEGIAN PEARL,16,GLACIER BAY
2008-07-24T11:10:35,309653000,58.18087333,-135.177315,293.8,12.3,292,9342281,C6VG7,NORWEGIAN PEARL,16,GLACIER BAY
2008-07-24T11:10:25,309653000,58.18064,-135.1763317,293.8,12.3,292,9342281,C6VG7,NORWEGIAN PEARL,16,GLACIER BAY
2008-07-24T11:10:14,309653000,58.18040667,-135.1753483,293.8,12.3,292,9342281,C6VG7,NORWEGIAN PEARL,16,GLACIER BAY
2008-07-24T11:10:04,309653000,58.18015667,-135.174265,293.8,12.3,292,9342281,C6VG7,NORWEGIAN PEARL,16,GLACIER BAY
2008-07-24T11:09:53,309653000,58.17987333,-135.1730833,293.8,12.4,292,9342281,C6VG7,NORWEGIAN PEARL,16,GLACIER BAY
2008-07-24T11:09:45,309653000,58.17969,-135.1723,293.8,12.4,292,9342281,C6VG7,NORWEGIAN PEARL,16,GLACIER BAY
2008-07-24T11:09:35,309653000,58.17947333,-135.1714,293.8,12.4,292,9342281,C6VG7,NORWEGIAN PEARL,16,GLACIER BAY
2008-07-24T11:09:25,309653000,58.17922333,-135.1703167,293.8,12.4,292,9342281,C6VG7,NORWEGIAN PEARL,16,GLACIER BAY
2008-07-24T11:09:14,309653000,58.179,-135.169335,293.8,12.3,292,9342281,C6VG7,NORWEGIAN PEARL,16,GLACIER BAY
2008-07-24T11:09:04,309653000,58.17876667,-135.1683517,293.8,12.4,292,9342281,C6VG7,NORWEGIAN PEARL,16,GLACIER BAY
2008-07-24T11:08:53,309653000,58.17851667,-135.1672683,293.8,12.3,292,9342281,C6VG7,NORWEGIAN PEARL,16,GLACIER BAY
2008-07-24T11:08:45,309653000,58.17833333,-135.1664683,293.8,12.4,292,9342281,C6VG7,NORWEGIAN PEARL,16,GLACIER BAY
2008-07-24T11:08:34,309653000,58.17808333,-135.165385,293.8,12.3,292,9342281,C6VG7,NORWEGIAN PEARL,16,GLACIER BAY
2008-07-24T11:08:25,309653000,58.17785,-135.1644033,293.3,12.4,292,9342281,C6VG7,NORWEGIAN PEARL,16,GLACIER BAY
2008-07-24T11:08:14,309653000,58.17761667,-135.1634033,293.8,12.4,292,9342281,C6VG7,NORWEGIAN PEARL,16,GLACIER BAY
2008-07-24T11:08:04,309653000,58.17738333,-135.16242,293.8,12.4,292,9342281,C6VG7,NORWEGIAN PEARL,16,GLACIER BAY
2008-07-24T11:07:53,309653000,58.177135,-135.1613367,293.8,12.4,292,9342281,C6VG7,NORWEGIAN PEARL,16,GLACIER BAY
2008-07-24T11:07:45,309653000,58.17695167,-135.160555,293.8,12.4,292,9342281,C6VG7,NORWEGIAN PEARL,16,GLACIER BAY
2008-07-24T11:07:34,309653000,58.17670167,-135.1594383,293.8,12.4,292,9342281,C6VG7,NORWEGIAN PEARL,16,GLACIER BAY
2008-07-24T11:07:25,309653000,58.17650167,-135.158555,293.3,12.4,292,9342281,C6VG7,NORWEGIAN PEARL,16,GLACIER BAY
2008-07-24T11:07:14,309653000,58.176235,-135.1574567,293.3,12.4,292,9342281,C6VG7,NORWEGIAN PEARL,16,GLACIER BAY
2008-07-24T11:07:04,309653000,58.17600167,-135.1564567,293.3,12.4,292,9342281,C6VG7,NORWEGIAN PEARL,16,GLACIER BAY
2008-07-24T11:06:53,309653000,58.17576833,-135.1554567,293.3,12.4,292,9342281,C6VG7,NORWEGIAN PEARL,16,GLACIER BAY
2008-07-24T11:06:45,309653000,58.17555167,-135.1544733,293.3,12.4,292,9342281,C6VG7,NORWEGIAN PEARL,16,GLACIER BAY
2008-07-24T11:06:34,309653000,58.17531833,-135.1534733,293.8,12.4,292,9342281,C6VG7,NORWEGIAN PEARL,16,GLACIER BAY
2008-07-24T11:06:24,309653000,58.17506833,-135.1523567,293.8,12.5,292,9342281,C6VG7,NORWEGIAN PEARL,16,GLACIER BAY
2008-07-24T11:06:14,309653000,58.17485167,-135.1514733,293.3,12.4,292,9342281,C6VG7,NORWEGIAN PEARL,16,GLACIER BAY
2008-07-24T11:06:08,309653000,58.174635,-135.1504733,0.0,0.0,0,9342281,C6VG7,NORWEGIAN PEARL,16,GLACIER BAY
2008-07-24T11:06:04,309653000,58.174635,-135.1504733,293.3,12.5,292,9342281,C6VG7,NORWEGIAN PEARL,16,GLACIER BAY
2008-07-24T11:05:53,309653000,58.17436833,-135.14939,293.3,12.5,292,9342281,C6VG7,NORWEGIAN PEARL,16,GLACIER BAY
2008-07-24T11:05:45,309653000,58.17420167,-135.14859,293.3,12.5,292,9342281,C6VG7,NORWEGIAN PEARL,16,GLACIER BAY
2008-07-24T11:05:34,309653000,58.17395167,-135.14749,293.3,12.5,292,9342281,C6VG7,NORWEGIAN PEARL,16,GLACIER BAY
2008-07-24T11:05:14,309653000,58.17350167,-135.1455733,293.3,12.5,292,9342281,C6VG7,NORWEGIAN PEARL,16,GLACIER BAY
2008-07-24T11:05:04,309653000,58.173285,-135.144575,293.3,12.6,292,9342281,C6VG7,NORWEGIAN PEARL,16,GLACIER BAY
2008-07-24T11:04:53,309653000,58.17300167,-135.1433583,292.9,12.5,292,9342281,C6VG7,NORWEGIAN PEARL,16,GLACIER BAY
2008-07-24T11:04:34,309653000,58.17255167,-135.1414267,293.3,12.6,292,9342281,C6VG7,NORWEGIAN PEARL,16,GLACIER BAY
2008-07-24T11:04:24,309653000,58.17230333,-135.1403283,292.9,12.5,292,9342281,C6VG7,NORWEGIAN PEARL,16,GLACIER BAY
2008-07-24T11:04:15,309653000,58.17210333,-135.1394117,293.3,12.6,292,9342281,C6VG7,NORWEGIAN PEARL,16,GLACIER BAY
2008-07-24T11:04:03,309653000,58.17183667,-135.138295,293.3,12.7,292,9342281,C6VG7,NORWEGIAN PEARL,16,GLACIER BAY
2008-07-24T11:03:53,309653000,58.17162,-135.1372783,292.9,12.6,292,9342281,C6VG7,NORWEGIAN PEARL,16,GLACIER BAY
2008-07-24T11:03:45,309653000,58.17143667,-135.1364633,292.9,12.7,292,9342281,C6VG7,NORWEGIAN PEARL,16,GLACIER BAY
2008-07-24T11:03:34,309653000,58.17117,-135.1353467,292.9,12.7,292,9342281,C6VG7,NORWEGIAN PEARL,16,GLACIER BAY
2008-07-24T11:03:15,309653000,58.17072,-135.1333,292.4,12.7,292,9342281,C6VG7,NORWEGIAN PEARL,16,GLACIER BAY
2008-07-24T11:03:03,309653000,58.17047,-135.1321683,292.8,12.8,292,9342281,C6VG7,NORWEGIAN PEARL,16,GLACIER BAY
2008-07-24T11:02:53,309653000,58.17023667,-135.1311517,292.4,12.8,292,9342281,C6VG7,NORWEGIAN PEARL,16,GLACIER BAY
2008-07-24T11:02:44,309653000,58.17003667,-135.1302183,292.4,12.8,292,9342281,C6VG7,NORWEGIAN PEARL,16,GLACIER BAY
2008-07-24T11:02:35,309653000,58.16983667,-135.129285,292.4,12.8,292,9342281,C6VG7,NORWEGIAN PEARL,16,GLACIER BAY
2008-07-24T11:02:24,309653000,58.16958667,-135.1281517,292.0,12.9,292,9342281,C6VG7,NORWEGIAN PEARL,16,GLACIER BAY
2008-07-24T11:02:14,309653000,58.16937,-135.1271183,292.4,12.9,292,9342281,C6VG7,NORWEGIAN PEARL,16,GLACIER BAY
2008-07-24T11:02:03,309653000,58.16912,-135.1259683,292.0,12.9,292,9342281,C6VG7,NORWEGIAN PEARL,16,GLACIER BAY
2008-07-24T11:01:54,309653000,58.16892167,-135.1250217,292.0,13.0,292,9342281,C6VG7,NORWEGIAN PEARL,16,GLACIER BAY
2008-07-24T11:01:44,309653000,58.16868833,-135.1239717,291.5,13.0,292,9342281,C6VG7,NORWEGIAN PEARL,16,GLACIER BAY
2008-07-24T11:01:35,309653000,58.16847167,-135.1229217,291.5,13.0,292,9342281,C6VG7,NORWEGIAN PEARL,16,GLACIER BAY
2008-07-24T11:01:24,309653000,58.16822167,-135.121755,291.5,13.1,292,9342281,C6VG7,NORWEGIAN PEARL,16,GLACIER BAY
2008-07-24T11:01:14,309653000,58.168005,-135.120705,291.5,13.1,292,9342281,C6VG7,NORWEGIAN PEARL,16,GLACIER BAY
2008-07-24T11:01:03,309653000,58.16777167,-135.11964,291.5,13.2,292,9342281,C6VG7,NORWEGIAN PEARL,16,GLACIER BAY
2008-07-24T11:00:53,309653000,58.167555,-135.1185567,291.5,13.2,292,9342281,C6VG7,NORWEGIAN PEARL,16,GLACIER BAY
2008-07-24T11:00:44,309653000,58.167355,-135.1176067,291.1,13.3,292,9342281,C6VG7,NORWEGIAN PEARL,16,GLACIER BAY
2008-07-24T11:00:35,309653000,58.167155,-135.1166233,291.1,13.3,292,9342281,C6VG7,NORWEGIAN PEARL,16,GLACIER BAY
2008-07-24T11:00:23,309653000,58.16688833,-135.115325,291.1,13.3,292,9342281,C6VG7,NORWEGIAN PEARL,16,GLACIER BAY
2008-07-24T11:00:14,309653000,58.16668833,-135.1143583,291.1,13.3,292,9342281,C6VG7,NORWEGIAN PEARL,16,GLACIER BAY
2008-07-24T11:00:11,309653000,58.16642167,-135.1130583,0.0,0.0,0,9342281,C6VG7,NORWEGIAN PEARL,16,GLACIER BAY
2008-07-24T11:00:03,309653000,58.16642167,-135.1130583,291.1,13.4,292,9342281,C6VG7,NORWEGIAN PEARL,16,GLACIER BAY
2008-07-24T10:59:55,309653000,58.16623833,-135.112175,291.1,13.4,292,9342281,C6VG7,NORWEGIAN PEARL,16,GLACIER BAY
2008-07-24T10:59:44,309653000,58.16602167,-135.1111083,291.1,13.3,292,9342281,C6VG7,NORWEGIAN PEARL,16,GLACIER BAY
2008-07-24T10:59:35,309653000,58.16582167,-135.110125,290.7,13.3,292,9342281,C6VG7,NORWEGIAN PEARL,16,GLACIER BAY
2008-07-24T10:59:23,309653000,58.165555,-135.108825,290.7,13.4,292,9342281,C6VG7,NORWEGIAN PEARL,16,GLACIER BAY
2008-07-24T10:59:14,309653000,58.16537167,-135.1078417,290.2,13.3,292,9342281,C6VG7,NORWEGIAN PEARL,16,GLACIER BAY
2008-07-24T10:59:03,309653000,58.16512167,-135.1066267,290.7,13.4,292,9342281,C6VG7,NORWEGIAN PEARL,16,GLACIER BAY
2008-07-24T10:58:44,309653000,58.16470667,-135.1045633,290.2,13.4,292,9342281,C6VG7,NORWEGIAN PEARL,16,GLACIER BAY
2008-07-24T10:58:35,309653000,58.164505,-135.1035633,290.2,13.4,292,9342281,C6VG7,NORWEGIAN PEARL,16,GLACIER BAY
2008-07-24T10:58:23,309653000,58.16422333,-135.1021483,290.2,13.4,292,9342281,C6VG7,NORWEGIAN PEARL,16,GLACIER BAY
2008-07-24T10:58:15,309653000,58.16405667,-135.1012817,290.2,13.4,292,9342281,C6VG7,NORWEGIAN PEARL,16,GLACIER BAY
2008-07-24T10:58:03,309653000,58.16382333,-135.100065,290.2,13.4,292,9342281,C6VG7,NORWEGIAN PEARL,16,GLACIER BAY
2008-07-24T10:57:55,309653000,58.16362333,-135.0990817,290.7,13.4,292,9342281,C6VG7,NORWEGIAN PEARL,16,GLACIER BAY
2008-07-24T10:57:44,309653000,58.16340667,-135.0979817,289.7,13.4,291,9342281,C6VG7,NORWEGIAN PEARL,16,GLACIER BAY
2008-07-24T10:57:35,309653000,58.16322333,-135.097,289.2,13.4,291,9342281,C6VG7,NORWEGIAN PEARL,16,GLACIER BAY
2008-07-24T10:57:23,309653000,58.16297333,-135.0956833,289.2,13.4,291,9342281,C6VG7,NORWEGIAN PEARL,16,GLACIER BAY
2008-07-24T10:57:15,309653000,58.16280667,-135.0948,289.2,13.4,291,9342281,C6VG7,NORWEGIAN PEARL,16,GLACIER BAY
2008-07-24T10:57:05,309653000,58.16260667,-135.0937017,289.7,13.4,291,9342281,C6VG7,NORWEGIAN PEARL,16,GLACIER BAY
2008-07-24T10:56:55,309653000,58.16239,-135.0926017,289.2,13.4,291,9342281,C6VG7,NORWEGIAN PEARL,16,GLACIER BAY
2008-07-24T10:56:44,309653000,58.16215667,-135.0912683,289.2,13.4,291,9342281,C6VG7,NORWEGIAN PEARL,16,GLACIER BAY
2008-07-24T10:56:35,309653000,58.16197333,-135.090285,289.2,13.3,291,9342281,C6VG7,NORWEGIAN PEARL,16,GLACIER BAY
2008-07-24T10:56:15,309653000,58.16155667,-135.088085,288.8,13.3,291,9342281,C6VG7,NORWEGIAN PEARL,16,GLACIER BAY
2008-07-24T10:56:04,309653000,58.16135667,-135.0870017,288.8,13.3,291,9342281,C6VG7,NORWEGIAN PEARL,16,GLACIER BAY
2008-07-24T10:55:55,309653000,58.16117333,-135.0860017,288.4,13.3,291,9342281,C6VG7,NORWEGIAN PEARL,16,GLACIER BAY
2008-07-24T10:55:44,309653000,58.16095667,-135.0848017,288.4,13.3,291,9342281,C6VG7,NORWEGIAN PEARL,16,GLACIER BAY
2008-07-24T10:55:35,309653000,58.16077333,-135.0838017,288.4,13.3,291,9342281,C6VG7,NORWEGIAN PEARL,16,GLACIER BAY
2008-07-24T10:55:24,309653000,58.16057333,-135.0825867,287.9,13.3,291,9342281,C6VG7,NORWEGIAN PEARL,16,GLACIER BAY
2008-07-24T10:55:15,309653000,58.16040667,-135.0816033,287.9,13.2,291,9342281,C6VG7,NORWEGIAN PEARL,16,GLACIER BAY
2008-07-24T10:55:04,309653000,58.16019,-135.0803883,287.5,13.2,291,9342281,C6VG7,NORWEGIAN PEARL,16,GLACIER BAY
2008-07-24T10:54:55,309653000,58.16000667,-135.0792883,286.5,13.2,290,9342281,C6VG7,NORWEGIAN PEARL,16,GLACIER BAY
2008-07-24T10:54:44,309653000,58.15980667,-135.0780717,286.0,13.2,290,9342281,C6VG7,NORWEGIAN PEARL,16,GLACIER BAY
2008-07-24T10:54:35,309653000,58.15965667,-135.0770733,285.5,13.2,289,9342281,C6VG7,NORWEGIAN PEARL,16,GLACIER BAY
2008-07-24T10:54:24,309653000,58.159505,-135.0759583,284.5,13.2,288,9342281,C6VG7,NORWEGIAN PEARL,16,GLACIER BAY
2008-07-24T10:54:15,309653000,58.159355,-135.0748567,282.5,13.2,286,9342281,C6VG7,NORWEGIAN PEARL,16,GLACIER BAY
2008-07-24T10:54:05,309653000,58.15922167,-135.073725,0.0,0.0,0,9342281,C6VG7,NORWEGIAN PEARL,16,GLACIER BAY
2008-07-24T10:54:04,309653000,58.15922167,-135.073725,281.5,13.2,285,9342281,C6VG7,NORWEGIAN PEARL,16,GLACIER BAY
2008-07-24T10:53:54,309653000,58.15908667,-135.0725933,279.9,13.3,283,9342281,C6VG7,NORWEGIAN PEARL,16,GLACIER BAY
2008-07-24T10:53:44,309653000,58.15898667,-135.0714433,277.9,13.3,281,9342281,C6VG7,NORWEGIAN PEARL,16,GLACIER BAY
2008-07-24T10:53:35,309653000,58.15890333,-135.07041,275.9,13.3,279,9342281,C6VG7,NORWEGIAN PEARL,16,GLACIER BAY
2008-07-24T10:53:24,309653000,58.15881833,-135.0691267,274.9,13.3,278,9342281,C6VG7,NORWEGIAN PEARL,16,GLACIER BAY
2008-07-24T10:53:05,309653000,58.15871667,-135.0668117,271.4,13.4,274,9342281,C6VG7,NORWEGIAN PEARL,16,GLACIER BAY
2008-07-24T10:52:54,309653000,58.1587,-135.0656467,270.8,13.4,273,9342281,C6VG7,NORWEGIAN PEARL,16,GLACIER BAY
2008-07-24T10:52:44,309653000,58.1587,-135.06448,268.8,13.4,271,9342281,C6VG7,NORWEGIAN PEARL,16,GLACIER BAY
2008-07-24T10:52:35,309653000,58.15869833,-135.0634133,266.4,13.4,269,9342281,C6VG7,NORWEGIAN PEARL,16,GLACIER BAY
2008-07-24T10:52:24,309653000,58.15873167,-135.06213,264.8,13.5,268,9342281,C6VG7,NORWEGIAN PEARL,16,GLACIER BAY
2008-07-24T10:52:15,309653000,58.15876333,-135.06108,263.8,13.5,266,9342281,C6VG7,NORWEGIAN PEARL,16,GLACIER BAY
2008-07-24T10:52:05,309653000,58.15883,-135.059915,261.8,13.5,264,9342281,C6VG7,NORWEGIAN PEARL,16,GLACIER BAY
2008-07-24T10:51:54,309653000,58.15891333,-135.058615,261.3,13.5,263,9342281,C6VG7,NORWEGIAN PEARL,16,GLACIER BAY
2008-07-24T10:51:45,309653000,58.15901167,-135.0574483,259.3,13.5,261,9342281,C6VG7,NORWEGIAN PEARL,16,GLACIER BAY
2008-07-24T10:51:35,309653000,58.15912833,-135.0562817,257.7,13.6,259,9342281,C6VG7,NORWEGIAN PEARL,16,GLACIER BAY
2008-07-24T10:51:24,309653000,58.15926,-135.0549983,256.1,13.5,257,9342281,C6VG7,NORWEGIAN PEARL,16,GLACIER BAY
2008-07-24T10:51:05,309653000,58.15954333,-135.0529317,253.1,13.6,254,9342281,C6VG7,NORWEGIAN PEARL,16,GLACIER BAY
2008-07-24T10:50:45,309653000,58.159925,-135.0506633,250.5,13.6,251,9342281,C6VG7,NORWEGIAN PEARL,16,GLACIER BAY
2008-07-24T10:50:35,309653000,58.16014,-135.0495467,248.5,13.6,249,9342281,C6VG7,NORWEGIAN PEARL,16,GLACIER BAY
2008-07-24T10:50:15,309653000,58.16060667,-135.0473117,246.0,13.7,246,9342281,C6VG7,NORWEGIAN PEARL,16,GLACIER BAY
2008-07-24T10:50:05,309653000,58.16088833,-135.0461117,244.4,13.6,244,9342281,C6VG7,NORWEGIAN PEARL,16,GLACIER BAY
2008-07-24T10:49:54,309653000,58.161155,-135.045045,243.8,13.7,243,9342281,C6VG7,NORWEGIAN PEARL,16,GLACIER BAY
2008-07-24T10:49:45,309653000,58.16143667,-135.0439783,241.8,13.7,241,9342281,C6VG7,NORWEGIAN PEARL,16,GLACIER BAY
2008-07-24T10:49:35,309653000,58.16173667,-135.0429283,240.2,13.7,239,9342281,C6VG7,NORWEGIAN PEARL,16,GLACIER BAY
2008-07-24T10:49:24,309653000,58.16208667,-135.0417783,238.8,13.7,238,9342281,C6VG7,NORWEGIAN PEARL,16,GLACIER BAY
2008-07-24T10:49:15,309653000,58.16235167,-135.04096,237.8,13.7,237,9342281,C6VG7,NORWEGIAN PEARL,16,GLACIER BAY
2008-07-24T10:49:05,309653000,58.162685,-135.0399267,237.8,13.7,237,9342281,C6VG7,NORWEGIAN PEARL,16,GLACIER BAY
2008-07-24T10:48:54,309653000,58.16305167,-135.0388267,236.4,13.7,236,9342281,C6VG7,NORWEGIAN PEARL,16,GLACIER BAY
2008-07-24T10:48:45,309653000,58.16336833,-135.0379267,235.8,13.7,235,9342281,C6VG7,NORWEGIAN PEARL,16,GLACIER BAY
2008-07-24T10:48:35,309653000,58.16371667,-135.036945,234.8,13.7,234,9342281,C6VG7,NORWEGIAN PEARL,16,GLACIER BAY
2008-07-24T10:48:24,309653000,58.16415,-135.0357617,233.8,13.6,233,9342281,C6VG7,NORWEGIAN PEARL,16,GLACIER BAY
2008-07-24T10:48:15,309653000,58.16445,-135.0349933,232.8,13.6,232,9342281,C6VG7,NORWEGIAN PEARL,16,GLACIER BAY
2008-07-24T10:48:08,309653000,58.164865,-135.0339433,0.0,0.0,0,9342281,C6VG7,NORWEGIAN PEARL,16,GLACIER BAY
2008-07-24T10:48:05,309653000,58.164865,-135.0339433,231.8,13.6,232,9342281,C6VG7,NORWEGIAN PEARL,16,GLACIER BAY
2008-07-24T10:47:54,309653000,58.16529833,-135.0328933,230.8,13.6,231,9342281,C6VG7,NORWEGIAN PEARL,16,GLACIER BAY
2008-07-24T10:47:45,309653000,58.165615,-135.03216,230.8,13.6,230,9342281,C6VG7,NORWEGIAN PEARL,16,GLACIER BAY
2008-07-24T10:47:35,309653000,58.16599833,-135.0312433,229.8,13.6,229,9342281,C6VG7,NORWEGIAN PEARL,16,GLACIER BAY
2008-07-24T10:47:24,309653000,58.16644667,-135.0302417,228.8,13.6,228,9342281,C6VG7,NORWEGIAN PEARL,16,GLACIER BAY
2008-07-24T10:47:15,309653000,58.16681333,-135.0294417,227.8,13.6,227,9342281,C6VG7,NORWEGIAN PEARL,16,GLACIER BAY
2008-07-24T10:47:05,309653000,58.16724667,-135.0285417,226.8,13.5,226,9342281,C6VG7,NORWEGIAN PEARL,16,GLACIER BAY
2008-07-24T10:46:54,309653000,58.16771333,-135.02759,225.8,13.6,225,9342281,C6VG7,NORWEGIAN PEARL,16,GLACIER BAY
2008-07-24T10:46:45,309653000,58.16813,-135.0267233,225.8,13.6,225,9342281,C6VG7,NORWEGIAN PEARL,16,GLACIER BAY
2008-07-24T10:46:33,309653000,58.16861167,-135.02579,224.8,13.5,224,9342281,C6VG7,NORWEGIAN PEARL,16,GLACIER BAY
2008-07-24T10:46:24,309653000,58.16901,-135.0250417,223.8,13.5,223,9342281,C6VG7,NORWEGIAN PEARL,16,GLACIER BAY
2008-07-24T10:46:15,309653000,58.16941,-135.0242917,222.8,13.5,222,9342281,C6VG7,NORWEGIAN PEARL,16,GLACIER BAY
2008-07-24T10:46:05,309653000,58.16991,-135.0234083,222.8,13.5,222,9342281,C6VG7,NORWEGIAN PEARL,16,GLACIER BAY
2008-07-24T10:45:54,309653000,58.17037667,-135.0226067,221.8,13.5,221,9342281,C6VG7,NORWEGIAN PEARL,16,GLACIER BAY
2008-07-24T10:45:45,309653000,58.17079333,-135.02189,221.2,13.4,220,9342281,C6VG7,NORWEGIAN PEARL,16,GLACIER BAY
2008-07-24T10:45:33,309653000,58.17136,-135.020955,220.2,13.5,219,9342281,C6VG7,NORWEGIAN PEARL,16,GLACIER BAY
2008-07-24T10:45:24,309653000,58.17172667,-135.0203383,218.8,13.4,218,9342281,C6VG7,NORWEGIAN PEARL,16,GLACIER BAY
2008-07-24T10:45:15,309653000,58.17219167,-135.019605,219.2,13.4,218,9342281,C6VG7,NORWEGIAN PEARL,16,GLACIER BAY
2008-07-24T10:45:05,309653000,58.172725,-135.0187867,218.2,13.4,217,9342281,C6VG7,NORWEGIAN PEARL,16,GLACIER BAY
2008-07-24T10:44:54,309653000,58.17324167,-135.0179867,217.2,13.4,216,9342281,C6VG7,NORWEGIAN PEARL,16,GLACIER BAY
2008-07-24T10:44:45,309653000,58.17364,-135.01742,216.2,13.4,215,9342281,C6VG7,NORWEGIAN PEARL,16,GLACIER BAY
2008-07-24T10:44:33,309653000,58.17424,-135.016585,215.2,13.4,214,9342281,C6VG7,NORWEGIAN PEARL,16,GLACIER BAY
2008-07-24T10:44:24,309653000,58.17469,-135.01597,215.2,13.4,214,9342281,C6VG7,NORWEGIAN PEARL,16,GLACIER BAY
2008-07-24T10:44:15,309653000,58.17514,-135.0153517,214.2,13.3,213,9342281,C6VG7,NORWEGIAN PEARL,16,GLACIER BAY
2008-07-24T10:44:05,309653000,58.17570667,-135.014635,213.2,13.4,212,9342281,C6VG7,NORWEGIAN PEARL,16,GLACIER BAY
2008-07-24T10:43:54,309653000,58.17622167,-135.013985,212.7,13.3,211,9342281,C6VG7,NORWEGIAN PEARL,16,GLACIER BAY
2008-07-24T10:43:45,309653000,58.17668833,-135.0134167,212.2,13.3,211,9342281,C6VG7,NORWEGIAN PEARL,16,GLACIER BAY
2008-07-24T10:43:33,309653000,58.177255,-135.0127333,211.2,13.3,210,9342281,C6VG7,NORWEGIAN PEARL,16,GLACIER BAY
2008-07-24T10:43:24,309653000,58.17778667,-135.0121333,210.2,13.3,209,9342281,C6VG7,NORWEGIAN PEARL,16,GLACIER BAY
2008-07-24T10:43:15,309653000,58.17832,-135.0115317,209.2,13.3,208,9342281,C6VG7,NORWEGIAN PEARL,16,GLACIER BAY
2008-07-24T10:43:05,309653000,58.17885333,-135.010965,208.2,13.3,207,9342281,C6VG7,NORWEGIAN PEARL,16,GLACIER BAY
2008-07-24T10:42:54,309653000,58.17945167,-135.0103483,208.2,13.3,207,9342281,C6VG7,NORWEGIAN PEARL,16,GLACIER BAY
2008-07-24T10:42:45,309653000,58.179885,-135.0099133,207.2,13.3,206,9342281,C6VG7,NORWEGIAN PEARL,16,GLACIER BAY
2008-07-24T10:42:33,309653000,58.18055167,-135.0092633,206.2,13.3,205,9342281,C6VG7,NORWEGIAN PEARL,16,GLACIER BAY
2008-07-24T10:42:25,309653000,58.18103333,-135.0088133,205.2,13.3,204,9342281,C6VG7,NORWEGIAN PEARL,16,GLACIER BAY
2008-07-24T10:42:15,309653000,58.18153333,-135.0083617,204.2,13.3,203,9342281,C6VG7,NORWEGIAN PEARL,16,GLACIER BAY
2008-07-24T10:42:05,309653000,58.1821,-135.0078617,203.2,13.3,202,9342281,C6VG7,NORWEGIAN PEARL,16,GLACIER BAY
2008-07-24T10:42:04,309653000,58.18328167,-135.0068933,0.0,0.0,0,9342281,C6VG7,NORWEGIAN PEARL,16,GLACIER BAY
2008-07-24T10:41:45,309653000,58.18328167,-135.0068933,202.2,13.3,201,9342281,C6VG7,NORWEGIAN PEARL,16,GLACIER BAY
2008-07-24T10:41:33,309653000,58.183915,-135.0063933,201.2,13.3,200,9342281,C6VG7,NORWEGIAN PEARL,16,GLACIER BAY
2008-07-24T10:41:25,309653000,58.18443167,-135.00601,200.2,13.3,199,9342281,C6VG7,NORWEGIAN PEARL,16,GLACIER BAY
2008-07-24T10:41:15,309653000,58.18493167,-135.0056417,200.7,13.3,199,9342281,C6VG7,NORWEGIAN PEARL,16,GLACIER BAY
2008-07-24T10:41:05,309653000,58.18558,-135.0052067,198.2,13.3,198,9342281,C6VG7,NORWEGIAN PEARL,16,GLACIER BAY
2008-07-24T10:40:54,309653000,58.18616333,-135.0048233,198.2,13.3,197,9342281,C6VG7,NORWEGIAN PEARL,16,GLACIER BAY
2008-07-24T10:40:45,309653000,58.18668,-135.0044883,197.2,13.3,196,9342281,C6VG7,NORWEGIAN PEARL,16,GLACIER BAY
2008-07-24T10:40:33,309653000,58.18737833,-135.0040717,196.2,13.3,195,9342281,C6VG7,NORWEGIAN PEARL,16,GLACIER BAY
2008-07-24T10:40:25,309653000,58.187845,-135.003805,195.2,13.3,194,9342281,C6VG7,NORWEGIAN PEARL,16,GLACIER BAY
2008-07-24T10:40:15,309653000,58.188445,-135.0034867,194.2,13.3,194,9342281,C6VG7,NORWEGIAN PEARL,16,GLACIER BAY
2008-07-24T10:40:05,309653000,58.189095,-135.0031683,194.2,13.3,193,9342281,C6VG7,NORWEGIAN PEARL,16,GLACIER BAY
2008-07-24T10:39:54,309653000,58.189695,-135.0028833,193.2,13.3,192,9342281,C6VG7,NORWEGIAN PEARL,16,GLACIER BAY
2008-07-24T10:39:45,309653000,58.19027833,-135.0026167,192.2,13.3,191,9342281,C6VG7,NORWEGIAN PEARL,16,GLACIER BAY
2008-07-24T10:39:25,309653000,58.19147667,-135.0021317,190.3,13.2,190,9342281,C6VG7,NORWEGIAN PEARL,16,GLACIER BAY
2008-07-24T10:39:15,309653000,58.19202667,-135.00193,189.8,13.3,189,9342281,C6VG7,NORWEGIAN PEARL,16,GLACIER BAY
2008-07-24T10:39:05,309653000,58.19269333,-135.0017117,189.2,13.3,188,9342281,C6VG7,NORWEGIAN PEARL,16,GLACIER BAY
2008-07-24T10:38:54,309653000,58.19329167,-135.0015283,188.3,13.2,187,9342281,C6VG7,NORWEGIAN PEARL,16,GLACIER BAY
2008-07-24T10:38:45,309653000,58.19384167,-135.00136,187.3,13.2,186,9342281,C6VG7,NORWEGIAN PEARL,16,GLACIER BAY
2008-07-24T10:38:34,309653000,58.19450833,-135.0011933,186.3,13.2,185,9342281,C6VG7,NORWEGIAN PEARL,16,GLACIER BAY
2008-07-24T10:38:25,309653000,58.19510833,-135.0010583,186.3,13.2,185,9342281,C6VG7,NORWEGIAN PEARL,16,GLACIER BAY
2008-07-24T10:38:15,309653000,58.19572333,-135.000925,185.3,13.2,184,9342281,C6VG7,NORWEGIAN PEARL,16,GLACIER BAY
2008-07-24T10:38:03,309653000,58.19639,-135.0008067,184.7,13.3,183,9342281,C6VG7,NORWEGIAN PEARL,16,GLACIER BAY
2008-07-24T10:37:54,309653000,58.19694,-135.0007233,183.7,13.3,182,9342281,C6VG7,NORWEGIAN PEARL,16,GLACIER BAY
2008-07-24T10:37:45,309653000,58.19754,-135.0006383,183.1,13.2,182,9342281,C6VG7,NORWEGIAN PEARL,16,GLACIER BAY
2008-07-24T10:37:34,309653000,58.198155,-135.0005533,183.1,13.3,181,9342281,C6VG7,NORWEGIAN PEARL,16,GLACIER BAY
2008-07-24T10:37:25,309653000,58.19870667,-135.0005033,182.1,13.2,180,9342281,C6VG7,NORWEGIAN PEARL,16,GLACIER BAY
2008-07-24T10:37:15,309653000,58.19932333,-135.0004533,182.1,13.2,180,9342281,C6VG7,NORWEGIAN PEARL,16,GLACIER BAY
2008-07-24T10:37:03,309653000,58.20005667,-135.0004033,182.1,13.2,180,9342281,C6VG7,NORWEGIAN PEARL,16,GLACIER BAY
2008-07-24T10:36:54,309653000,58.20054,-135.00037,182.1,13.2,180,9342281,C6VG7,NORWEGIAN PEARL,16,GLACIER BAY
2008-07-24T10:36:45,309653000,58.20120667,-135.00032,182.1,13.2,180,9342281,C6VG7,NORWEGIAN PEARL,16,GLACIER BAY
2008-07-24T10:36:34,309653000,58.20182333,-135.00027,182.1,13.2,180,9342281,C6VG7,NORWEGIAN PEARL,16,GLACIER BAY
2008-07-24T10:36:25,309653000,58.20242167,-135.00022,181.7,13.2,180,9342281,C6VG7,NORWEGIAN PEARL,16,GLACIER BAY
2008-07-24T10:36:15,309653000,58.20297333,-135.0001867,181.7,13.2,180,9342281,C6VG7,NORWEGIAN PEARL,16,GLACIER BAY
2008-07-24T10:36:07,309653000,58.20370667,-135.0001367,0.0,0.0,0,9342281,C6VG7,NORWEGIAN PEARL,16,GLACIER BAY
2008-07-24T10:36:03,309653000,58.20370667,-135.0001367,181.7,13.2,180,9342281,C6VG7,NORWEGIAN PEARL,16,GLACIER BAY
2008-07-24T10:35:54,309653000,58.20425667,-135.0000867,182.1,13.2,180,9342281,C6VG7,NORWEGIAN PEARL,16,GLACIER BAY
2008-07-24T10:35:44,309653000,58.20487333,-135.0000533,181.7,13.2,180,9342281,C6VG7,NORWEGIAN PEARL,16,GLACIER BAY
2008-07-24T10:35:34,309653000,58.20548833,-135.00002,181.7,13.2,180,9342281,C6VG7,NORWEGIAN PEARL,16,GLACIER BAY
2008-07-24T10:35:25,309653000,58.20602167,-134.99997,181.7,13.2,180,9342281,C6VG7,NORWEGIAN PEARL,16,GLACIER BAY
2008-07-24T10:35:15,309653000,58.20663833,-134.9999367,181.7,13.3,180,9342281,C6VG7,NORWEGIAN PEARL,16,GLACIER BAY
2008-07-24T10:35:03,309653000,58.20743833,-134.9998867,181.7,13.3,180,9342281,C6VG7,NORWEGIAN PEARL,16,GLACIER BAY
2008-07-24T10:34:54,309653000,58.20792167,-134.9998533,181.7,13.2,180,9342281,C6VG7,NORWEGIAN PEARL,16,GLACIER BAY
2008-07-24T10:34:44,309653000,58.20858833,-134.9998017,181.7,13.2,180,9342281,C6VG7,NORWEGIAN PEARL,16,GLACIER BAY
2008-07-24T10:34:34,309653000,58.20913833,-134.99977,181.7,13.2,180,9342281,C6VG7,NORWEGIAN PEARL,16,GLACIER BAY
2008-07-24T10:34:23,309653000,58.20982167,-134.9997367,181.7,13.2,180,9342281,C6VG7,NORWEGIAN PEARL,16,GLACIER BAY
2008-07-24T10:34:15,309653000,58.210305,-134.9997033,181.7,13.3,180,9342281,C6VG7,NORWEGIAN PEARL,16,GLACIER BAY
2008-07-24T10:34:03,309653000,58.21103667,-134.9996533,181.7,13.1,180,9342281,C6VG7,NORWEGIAN PEARL,16,GLACIER BAY
2008-07-24T10:33:44,309653000,58.21218667,-134.9995867,181.3,13.1,180,9342281,C6VG7,NORWEGIAN PEARL,16,GLACIER BAY
2008-07-24T10:33:34,309653000,58.21280333,-134.9995533,181.7,13.1,180,9342281,C6VG7,NORWEGIAN PEARL,16,GLACIER BAY
2008-07-24T10:33:23,309653000,58.213535,-134.99952,181.3,13.2,180,9342281,C6VG7,NORWEGIAN PEARL,16,GLACIER BAY
2008-07-24T10:33:15,309653000,58.21395333,-134.9994867,181.3,13.2,180,9342281,C6VG7,NORWEGIAN PEARL,16,GLACIER BAY
2008-07-24T10:33:03,309653000,58.21468667,-134.9994517,181.3,13.2,180,9342281,C6VG7,NORWEGIAN PEARL,16,GLACIER BAY
2008-07-24T10:32:54,309653000,58.21530333,-134.9994183,181.3,13.1,180,9342281,C6VG7,NORWEGIAN PEARL,16,GLACIER BAY
2008-07-24T10:32:34,309653000,58.21645333,-134.9993517,181.3,13.1,180,9342281,C6VG7,NORWEGIAN PEARL,16,GLACIER BAY
2008-07-24T10:32:23,309653000,58.21713667,-134.999335,181.3,13.1,180,9342281,C6VG7,NORWEGIAN PEARL,16,GLACIER BAY
2008-07-24T10:32:15,309653000,58.21760333,-134.9993017,180.8,13.1,180,9342281,C6VG7,NORWEGIAN PEARL,16,GLACIER BAY
2008-07-24T10:32:04,309653000,58.21827,-134.9992833,180.4,13.1,180,9342281,C6VG7,NORWEGIAN PEARL,16,GLACIER BAY
2008-07-24T10:31:54,309653000,58.21888667,-134.9992683,180.8,13.1,180,9342281,C6VG7,NORWEGIAN PEARL,16,GLACIER BAY
2008-07-24T10:31:44,309653000,58.21957,-134.9992333,180.8,13.1,180,9342281,C6VG7,NORWEGIAN PEARL,16,GLACIER BAY
2008-07-24T10:31:33,309653000,58.22023667,-134.9992167,180.4,13.1,180,9342281,C6VG7,NORWEGIAN PEARL,16,GLACIER BAY
2008-07-24T10:31:23,309653000,58.220785,-134.9992,180.4,13.1,180,9342281,C6VG7,NORWEGIAN PEARL,16,GLACIER BAY
2008-07-24T10:31:15,309653000,58.22126833,-134.9992017,180.4,13.1,180,9342281,C6VG7,NORWEGIAN PEARL,16,GLACIER BAY
2008-07-24T10:30:54,309653000,58.22260167,-134.9991983,178.8,13.2,178,9342281,C6VG7,NORWEGIAN PEARL,16,GLACIER BAY
2008-07-24T10:30:45,309653000,58.22310167,-134.9992133,177.8,13.2,177,9342281,C6VG7,NORWEGIAN PEARL,16,GLACIER BAY
2008-07-24T10:30:33,309653000,58.22381833,-134.9992617,176.8,13.2,176,9342281,C6VG7,NORWEGIAN PEARL,16,GLACIER BAY
2008-07-24T10:30:25,309653000,58.2243,-134.9993117,176.8,13.2,176,9342281,C6VG7,NORWEGIAN PEARL,16,GLACIER BAY
2008-07-24T10:30:15,309653000,58.22490167,-134.9993767,175.8,13.1,175,9342281,C6VG7,NORWEGIAN PEARL,16,GLACIER BAY
2008-07-24T10:30:07,309653000,58.22556667,-134.99946,0.0,0.0,0,9342281,C6VG7,NORWEGIAN PEARL,16,GLACIER BAY
2008-07-24T10:30:04,309653000,58.22556667,-134.99946,175.3,13.2,174,9342281,C6VG7,NORWEGIAN PEARL,16,GLACIER BAY
2008-07-24T10:29:54,309653000,58.22623333,-134.9995583,174.8,13.2,174,9342281,C6VG7,NORWEGIAN PEARL,16,GLACIER BAY
2008-07-24T10:29:45,309653000,58.22671667,-134.9996417,174.8,13.2,174,9342281,C6VG7,NORWEGIAN PEARL,16,GLACIER BAY
2008-07-24T10:29:33,309653000,58.22745,-134.9997583,175.3,13.2,174,9342281,C6VG7,NORWEGIAN PEARL,16,GLACIER BAY
2008-07-24T10:29:25,309653000,58.22799833,-134.9998417,174.8,13.2,174,9342281,C6VG7,NORWEGIAN PEARL,16,GLACIER BAY
2008-07-24T10:29:14,309653000,58.22859833,-134.9999417,174.8,13.2,174,9342281,C6VG7,NORWEGIAN PEARL,16,GLACIER BAY
2008-07-24T10:29:04,309653000,58.229215,-135.0000417,174.8,13.2,174,9342281,C6VG7,NORWEGIAN PEARL,16,GLACIER BAY
2008-07-24T10:28:54,309653000,58.229815,-135.000125,174.8,13.2,174,9342281,C6VG7,NORWEGIAN PEARL,16,GLACIER BAY
2008-07-24T10:28:45,309653000,58.230365,-135.0002083,175.3,13.2,174,9342281,C6VG7,NORWEGIAN PEARL,16,GLACIER BAY
2008-07-24T10:28:33,309653000,58.23109833,-135.000325,175.3,13.2,174,9342281,C6VG7,NORWEGIAN PEARL,16,GLACIER BAY
2008-07-24T10:28:25,309653000,58.23163167,-135.000425,175.3,13.2,174,9342281,C6VG7,NORWEGIAN PEARL,16,GLACIER BAY
2008-07-24T10:28:14,309653000,58.232315,-135.0005417,175.3,13.2,174,9342281,C6VG7,NORWEGIAN PEARL,16,GLACIER BAY
2008-07-24T10:28:04,309653000,58.23284833,-135.000625,175.3,13.2,174,9342281,C6VG7,NORWEGIAN PEARL,16,GLACIER BAY
2008-07-24T10:27:54,309653000,58.23353167,-135.000725,175.3,13.2,174,9342281,C6VG7,NORWEGIAN PEARL,16,GLACIER BAY
2008-07-24T10:27:45,309653000,58.23401667,-135.0008083,175.3,13.1,174,9342281,C6VG7,NORWEGIAN PEARL,16,GLACIER BAY
2008-07-24T10:27:34,309653000,58.23468167,-135.0009083,175.3,13.2,174,9342281,C6VG7,NORWEGIAN PEARL,16,GLACIER BAY
2008-07-24T10:27:25,309653000,58.235215,-135.0009917,175.3,13.2,174,9342281,C6VG7,NORWEGIAN PEARL,16,GLACIER BAY
2008-07-24T10:27:14,309653000,58.23588167,-135.0011083,174.8,13.2,174,9342281,C6VG7,NORWEGIAN PEARL,16,GLACIER BAY
2008-07-24T10:27:05,309653000,58.23643,-135.0011917,174.8,13.2,174,9342281,C6VG7,NORWEGIAN PEARL,16,GLACIER BAY
2008-07-24T10:26:54,309653000,58.23709667,-135.0013083,174.8,13.2,174,9342281,C6VG7,NORWEGIAN PEARL,16,GLACIER BAY
2008-07-24T10:26:45,309653000,58.23764667,-135.0013917,174.8,13.3,174,9342281,C6VG7,NORWEGIAN PEARL,16,GLACIER BAY
2008-07-24T10:26:34,309653000,58.23831333,-135.0015083,174.8,13.1,174,9342281,C6VG7,NORWEGIAN PEARL,16,GLACIER BAY
2008-07-24T10:26:25,309653000,58.23891333,-135.0015917,174.8,13.2,174,9342281,C6VG7,NORWEGIAN PEARL,16,GLACIER BAY
2008-07-24T10:26:14,309653000,58.23953,-135.0017083,174.8,13.1,174,9342281,C6VG7,NORWEGIAN PEARL,16,GLACIER BAY
2008-07-24T10:26:05,309653000,58.24012833,-135.0018083,174.8,13.2,174,9342281,C6VG7,NORWEGIAN PEARL,16,GLACIER BAY
2008-07-24T10:25:54,309653000,58.24073,-135.0019067,174.8,13.2,174,9342281,C6VG7,NORWEGIAN PEARL,16,GLACIER BAY
2008-07-24T10:25:45,309653000,58.24127833,-135.0020067,174.8,13.2,174,9342281,C6VG7,NORWEGIAN PEARL,16,GLACIER BAY
2008-07-24T10:25:25,309653000,58.24247833,-135.0022233,174.4,13.1,174,9342281,C6VG7,NORWEGIAN PEARL,16,GLACIER BAY
2008-07-24T10:25:14,309653000,58.24314333,-135.00234,174.8,13.2,174,9342281,C6VG7,NORWEGIAN PEARL,16,GLACIER BAY
2008-07-24T10:25:05,309653000,58.24369333,-135.0024417,174.8,13.2,174,9342281,C6VG7,NORWEGIAN PEARL,16,GLACIER BAY
2008-07-24T10:24:54,309653000,58.24436,-135.0025567,174.8,13.2,174,9342281,C6VG7,NORWEGIAN PEARL,16,GLACIER BAY
2008-07-24T10:24:45,309653000,58.24491167,-135.0026567,174.8,13.1,174,9342281,C6VG7,NORWEGIAN PEARL,16,GLACIER BAY
2008-07-24T10:24:34,309653000,58.24557833,-135.0027567,174.8,13.1,174,9342281,C6VG7,NORWEGIAN PEARL,16,GLACIER BAY
2008-07-24T10:24:25,309653000,58.24619333,-135.0028567,175.3,13.2,174,9342281,C6VG7,NORWEGIAN PEARL,16,GLACIER BAY
2008-07-24T10:24:14,309653000,58.24681,-135.0029567,174.8,13.1,174,9342281,C6VG7,NORWEGIAN PEARL,16,GLACIER BAY
2008-07-24T10:24:06,309653000,58.24734333,-135.0030567,0.0,0.0,0,9342281,C6VG7,NORWEGIAN PEARL,16,GLACIER BAY
2008-07-24T10:24:05,309653000,58.24734333,-135.0030567,174.8,13.1,174,9342281,C6VG7,NORWEGIAN PEARL,16,GLACIER BAY
2008-07-24T10:23:45,309653000,58.24856,-135.0032583,175.3,13.2,174,9342281,C6VG7,NORWEGIAN PEARL,16,GLACIER BAY
2008-07-24T10:23:34,309653000,58.24924167,-135.0033733,175.3,13.2,174,9342281,C6VG7,NORWEGIAN PEARL,16,GLACIER BAY
2008-07-24T10:23:24,309653000,58.24984167,-135.0034583,175.3,13.2,174,9342281,C6VG7,NORWEGIAN PEARL,16,GLACIER BAY
2008-07-24T10:23:05,309653000,58.25109167,-135.00364,175.3,13.1,174,9342281,C6VG7,NORWEGIAN PEARL,16,GLACIER BAY
2008-07-24T10:22:54,309653000,58.25169167,-135.00374,175.3,13.2,174,9342281,C6VG7,NORWEGIAN PEARL,16,GLACIER BAY
2008-07-24T10:22:45,309653000,58.25224167,-135.0038233,175.3,13.2,174,9342281,C6VG7,NORWEGIAN PEARL,16,GLACIER BAY
2008-07-24T10:22:34,309653000,58.25290833,-135.0039233,175.3,13.2,174,9342281,C6VG7,NORWEGIAN PEARL,16,GLACIER BAY
2008-07-24T10:22:24,309653000,58.25350833,-135.0040233,175.3,13.2,174,9342281,C6VG7,NORWEGIAN PEARL,16,GLACIER BAY
2008-07-24T10:22:15,309653000,58.25404,-135.0041067,175.3,13.2,174,9342281,C6VG7,NORWEGIAN PEARL,16,GLACIER BAY
2008-07-24T10:21:54,309653000,58.25530667,-135.00429,174.8,13.2,174,9342281,C6VG7,NORWEGIAN PEARL,16,GLACIER BAY
2008-07-24T10:21:34,309653000,58.25657333,-135.00449,175.3,13.1,174,9342281,C6VG7,NORWEGIAN PEARL,16,GLACIER BAY
2008-07-24T10:21:24,309653000,58.25718833,-135.00459,174.8,13.2,174,9342281,C6VG7,NORWEGIAN PEARL,16,GLACIER BAY
2008-07-24T10:21:15,309653000,58.25768167,-135.0046667,174.8,13.2,174,9342281,C6VG7,NORWEGIAN PEARL,16,GLACIER BAY
2008-07-24T10:21:05,309653000,58.25833167,-135.0047833,174.8,13.2,174,9342281,C6VG7,NORWEGIAN PEARL,16,GLACIER BAY
2008-07-24T10:20:54,309653000,58.25894833,-135.0048833,174.8,13.2,174,9342281,C6VG7,NORWEGIAN PEARL,16,GLACIER BAY
2008-07-24T10:20:45,309653000,58.25949833,-135.0049833,173.8,13.2,174,9342281,C6VG7,NORWEGIAN PEARL,16,GLACIER BAY
2008-07-24T10:20:34,309653000,58.260165,-135.0051,173.8,13.2,173,9342281,C6VG7,NORWEGIAN PEARL,16,GLACIER BAY
2008-07-24T10:20:24,309653000,58.26078167,-135.0052167,174.3,13.2,173,9342281,C6VG7,NORWEGIAN PEARL,16,GLACIER BAY
2008-07-24T10:20:15,309653000,58.261315,-135.0053333,173.3,13.2,172,9342281,C6VG7,NORWEGIAN PEARL,16,GLACIER BAY
2008-07-24T10:20:05,309653000,58.26198,-135.0054667,173.2,13.3,172,9342281,C6VG7,NORWEGIAN PEARL,16,GLACIER BAY
2008-07-24T10:19:54,309653000,58.26259667,-135.0056,173.2,13.3,172,9342281,C6VG7,NORWEGIAN PEARL,16,GLACIER BAY
2008-07-24T10:19:45,309653000,58.26314667,-135.0057167,173.3,13.2,172,9342281,C6VG7,NORWEGIAN PEARL,16,GLACIER BAY
2008-07-24T10:19:34,309653000,58.26386333,-135.0059,173.2,13.3,172,9342281,C6VG7,NORWEGIAN PEARL,16,GLACIER BAY
2008-07-24T10:19:24,309653000,58.26446167,-135.0060317,173.3,13.2,172,9342281,C6VG7,NORWEGIAN PEARL,16,GLACIER BAY
2008-07-24T10:19:15,309653000,58.264945,-135.0061483,172.8,13.2,172,9342281,C6VG7,NORWEGIAN PEARL,16,GLACIER BAY
2008-07-24T10:19:05,309653000,58.265595,-135.006315,172.8,13.2,172,9342281,C6VG7,NORWEGIAN PEARL,16,GLACIER BAY
2008-07-24T10:18:54,309653000,58.26621167,-135.0064483,172.8,13.2,172,9342281,C6VG7,NORWEGIAN PEARL,16,GLACIER BAY
2008-07-24T10:18:45,309653000,58.26676167,-135.0065817,173.2,13.3,172,9342281,C6VG7,NORWEGIAN PEARL,16,GLACIER BAY
2008-07-24T10:18:34,309653000,58.26742833,-135.0067317,172.8,13.3,172,9342281,C6VG7,NORWEGIAN PEARL,16,GLACIER BAY
2008-07-24T10:18:24,309653000,58.268095,-135.0068817,172.8,13.2,172,9342281,C6VG7,NORWEGIAN PEARL,16,GLACIER BAY
2008-07-24T10:18:14,309653000,58.268645,-135.007015,172.8,13.2,172,9342281,C6VG7,NORWEGIAN PEARL,16,GLACIER BAY
2008-07-24T10:18:05,309653000,58.26926167,-135.0071483,172.8,13.1,172,9342281,C6VG7,NORWEGIAN PEARL,16,GLACIER BAY
2008-07-24T10:18:03,309653000,58.269945,-135.007315,0.0,0.0,0,9342281,C6VG7,NORWEGIAN PEARL,16,GLACIER BAY
2008-07-24T10:17:54,309653000,58.269945,-135.007315,172.8,13.2,172,9342281,C6VG7,NORWEGIAN PEARL,16,GLACIER BAY
2008-07-24T10:17:45,309653000,58.27042833,-135.007415,172.8,13.2,172,9342281,C6VG7,NORWEGIAN PEARL,16,GLACIER BAY
2008-07-24T10:17:34,309653000,58.271095,-135.007565,172.8,13.2,172,9342281,C6VG7,NORWEGIAN PEARL,16,GLACIER BAY
2008-07-24T10:17:24,309653000,58.271695,-135.007715,172.8,13.2,172,9342281,C6VG7,NORWEGIAN PEARL,16,GLACIER BAY
2008-07-24T10:17:14,309653000,58.27231,-135.0078483,172.8,13.2,172,9342281,C6VG7,NORWEGIAN PEARL,16,GLACIER BAY
2008-07-24T10:17:05,309653000,58.272845,-135.0079817,172.8,13.2,172,9342281,C6VG7,NORWEGIAN PEARL,16,GLACIER BAY
2008-07-24T10:16:54,309653000,58.27351,-135.0081317,172.8,13.2,172,9342281,C6VG7,NORWEGIAN PEARL,16,GLACIER BAY
2008-07-24T10:16:45,309653000,58.27406,-135.008265,172.8,13.2,172,9342281,C6VG7,NORWEGIAN PEARL,16,GLACIER BAY
2008-07-24T10:16:34,309653000,58.27472667,-135.008415,172.8,13.1,172,9342281,C6VG7,NORWEGIAN PEARL,16,GLACIER BAY
2008-07-24T10:16:24,309653000,58.27539333,-135.0085817,172.8,13.2,172,9342281,C6VG7,NORWEGIAN PEARL,16,GLACIER BAY
2008-07-24T10:16:14,309653000,58.27594333,-135.008715,172.8,13.2,172,9342281,C6VG7,NORWEGIAN PEARL,16,GLACIER BAY
2008-07-24T10:16:05,309653000,58.27654167,-135.0088483,172.8,13.2,172,9342281,C6VG7,NORWEGIAN PEARL,16,GLACIER BAY
2008-07-24T10:15:54,309653000,58.27720833,-135.009015,172.8,13.2,172,9342281,C6VG7,NORWEGIAN PEARL,16,GLACIER BAY
2008-07-24T10:15:44,309653000,58.27774167,-135.0091483,172.8,13.2,172,9342281,C6VG7,NORWEGIAN PEARL,16,GLACIER BAY
2008-07-24T10:15:34,309653000,58.27835833,-135.0092983,172.8,13.2,172,9342281,C6VG7,NORWEGIAN PEARL,16,GLACIER BAY
2008-07-24T10:15:14,309653000,58.279575,-135.0095817,172.4,13.2,172,9342281,C6VG7,NORWEGIAN PEARL,16,GLACIER BAY
2008-07-24T10:15:05,309653000,58.280175,-135.0097317,172.4,13.3,172,9342281,C6VG7,NORWEGIAN PEARL,16,GLACIER BAY
2008-07-24T10:14:54,309653000,58.28084167,-135.0098983,172.4,13.2,172,9342281,C6VG7,NORWEGIAN PEARL,16,GLACIER BAY
2008-07-24T10:14:44,309653000,58.28144167,-135.0100483,172.4,13.2,172,9342281,C6VG7,NORWEGIAN PEARL,16,GLACIER BAY
2008-07-24T10:14:34,309653000,58.28205833,-135.010215,172.4,13.2,172,9342281,C6VG7,NORWEGIAN PEARL,16,GLACIER BAY
2008-07-24T10:14:24,309653000,58.28259,-135.0103483,172.8,13.2,172,9342281,C6VG7,NORWEGIAN PEARL,16,GLACIER BAY
2008-07-24T10:14:14,309653000,58.28320667,-135.0104983,172.4,13.2,172,9342281,C6VG7,NORWEGIAN PEARL,16,GLACIER BAY
2008-07-24T10:14:04,309653000,58.28380833,-135.0106483,172.4,13.2,172,9342281,C6VG7,NORWEGIAN PEARL,16,GLACIER BAY
2008-07-24T10:13:55,309653000,58.28440833,-135.010815,172.4,13.2,172,9342281,C6VG7,NORWEGIAN PEARL,16,GLACIER BAY
2008-07-24T10:13:44,309653000,58.28500667,-135.010965,172.4,13.2,172,9342281,C6VG7,NORWEGIAN PEARL,16,GLACIER BAY
2008-07-24T10:13:34,309653000,58.28562333,-135.011115,172.4,13.2,172,9342281,C6VG7,NORWEGIAN PEARL,16,GLACIER BAY
2008-07-24T10:13:24,309653000,58.28627333,-135.0112817,172.4,13.2,172,9342281,C6VG7,NORWEGIAN PEARL,16,GLACIER BAY
2008-07-24T10:13:14,309653000,58.28682333,-135.0114133,172.8,13.2,172,9342281,C6VG7,NORWEGIAN PEARL,16,GLACIER BAY
2008-07-24T10:13:05,309653000,58.28742333,-135.0115633,172.4,13.2,172,9342281,C6VG7,NORWEGIAN PEARL,16,GLACIER BAY
2008-07-24T10:12:55,309653000,58.28803833,-135.0117133,172.8,13.2,172,9342281,C6VG7,NORWEGIAN PEARL,16,GLACIER BAY
2008-07-24T10:12:44,309653000,58.28863833,-135.0118633,172.8,13.2,172,9342281,C6VG7,NORWEGIAN PEARL,16,GLACIER BAY
2008-07-24T10:12:34,309653000,58.289305,-135.0120133,172.8,13.2,172,9342281,C6VG7,NORWEGIAN PEARL,16,GLACIER BAY
2008-07-24T10:12:24,309653000,58.28983833,-135.0121467,173.3,13.2,172,9342281,C6VG7,NORWEGIAN PEARL,16,GLACIER BAY
2008-07-24T10:12:14,309653000,58.29045333,-135.0122967,172.8,13.1,172,9342281,C6VG7,NORWEGIAN PEARL,16,GLACIER BAY
2008-07-24T10:12:05,309653000,58.29105333,-135.01243,172.0,13.1,172,9342281,C6VG7,NORWEGIAN PEARL,16,GLACIER BAY
2008-07-24T10:12:02,309653000,58.29160333,-135.0125633,0.0,0.0,0,9342281,C6VG7,NORWEGIAN PEARL,16,GLACIER BAY
2008-07-24T10:11:55,309653000,58.29160333,-135.0125633,172.8,13.2,172,9342281,C6VG7,NORWEGIAN PEARL,16,GLACIER BAY
2008-07-24T10:11:44,309653000,58.29232,-135.01273,172.8,13.2,172,9342281,C6VG7,NORWEGIAN PEARL,16,GLACIER BAY
2008-07-24T10:11:34,309653000,58.29293667,-135.01288,172.8,13.2,172,9342281,C6VG7,NORWEGIAN PEARL,16,GLACIER BAY
2008-07-24T10:11:24,309653000,58.29353667,-135.0130133,172.8,13.2,172,9342281,C6VG7,NORWEGIAN PEARL,16,GLACIER BAY
2008-07-24T10:11:15,309653000,58.29408667,-135.0131467,172.8,13.2,172,9342281,C6VG7,NORWEGIAN PEARL,16,GLACIER BAY
2008-07-24T10:11:04,309653000,58.29468667,-135.0132967,172.4,13.2,172,9342281,C6VG7,NORWEGIAN PEARL,16,GLACIER BAY
2008-07-24T10:10:45,309653000,58.29590333,-135.0135967,172.8,13.2,172,9342281,C6VG7,NORWEGIAN PEARL,16,GLACIER BAY
2008-07-24T10:10:34,309653000,58.29657,-135.0137467,172.8,13.2,172,9342281,C6VG7,NORWEGIAN PEARL,16,GLACIER BAY
2008-07-24T10:10:23,309653000,58.29716833,-135.0138967,172.8,13.2,172,9342281,C6VG7,NORWEGIAN PEARL,16,GLACIER BAY
2008-07-24T10:10:15,309653000,58.29765167,-135.0140133,172.8,13.2,172,9342281,C6VG7,NORWEGIAN PEARL,16,GLACIER BAY
2008-07-24T10:10:04,309653000,58.29826833,-135.0141633,172.8,13.2,172,9342281,C6VG7,NORWEGIAN PEARL,16,GLACIER BAY
2008-07-24T10:09:55,309653000,58.298935,-135.0143133,172.8,13.2,172,9342281,C6VG7,NORWEGIAN PEARL,16,GLACIER BAY
2008-07-24T10:09:44,309653000,58.299535,-135.0144633,172.8,13.2,172,9342281,C6VG7,NORWEGIAN PEARL,16,GLACIER BAY
2008-07-24T10:09:34,309653000,58.30020167,-135.01463,172.8,13.2,172,9342281,C6VG7,NORWEGIAN PEARL,16,GLACIER BAY
2008-07-24T10:09:23,309653000,58.30081833,-135.01478,172.8,13.3,172,9342281,C6VG7,NORWEGIAN PEARL,16,GLACIER BAY
2008-07-24T10:09:15,309653000,58.30130167,-135.0148967,172.4,13.2,172,9342281,C6VG7,NORWEGIAN PEARL,16,GLACIER BAY
2008-07-24T10:08:44,309653000,58.30316833,-135.0153467,172.8,13.3,172,9342281,C6VG7,NORWEGIAN PEARL,16,GLACIER BAY
2008-07-24T10:08:34,309653000,58.303785,-135.0154967,173.2,13.4,172,9342281,C6VG7,NORWEGIAN PEARL,16,GLACIER BAY
2008-07-24T10:08:23,309653000,58.30445,-135.0156467,172.8,13.3,172,9342281,C6VG7,NORWEGIAN PEARL,16,GLACIER BAY
2008-07-24T10:08:15,309653000,58.305,-135.0157783,172.4,13.3,172,9342281,C6VG7,NORWEGIAN PEARL,16,GLACIER BAY
2008-07-24T10:08:04,309653000,58.30566667,-135.015945,172.4,13.3,172,9342281,C6VG7,NORWEGIAN PEARL,16,GLACIER BAY
2008-07-24T10:07:55,309653000,58.30621667,-135.0160783,172.4,13.3,172,9342281,C6VG7,NORWEGIAN PEARL,16,GLACIER BAY
2008-07-24T10:07:44,309653000,58.30683167,-135.0162283,172.4,13.3,172,9342281,C6VG7,NORWEGIAN PEARL,16,GLACIER BAY
2008-07-24T10:07:34,309653000,58.30749833,-135.0164117,172.8,13.4,172,9342281,C6VG7,NORWEGIAN PEARL,16,GLACIER BAY
2008-07-24T10:07:23,309653000,58.308115,-135.0165617,172.4,13.4,172,9342281,C6VG7,NORWEGIAN PEARL,16,GLACIER BAY
2008-07-24T10:07:15,309653000,58.30859833,-135.0166783,172.4,13.4,172,9342281,C6VG7,NORWEGIAN PEARL,16,GLACIER BAY
2008-07-24T10:07:04,309653000,58.30928167,-135.016845,172.4,13.4,172,9342281,C6VG7,NORWEGIAN PEARL,16,GLACIER BAY
2008-07-24T10:06:55,309653000,58.30983167,-135.016995,172.4,13.4,172,9342281,C6VG7,NORWEGIAN PEARL,16,GLACIER BAY
2008-07-24T10:06:45,309653000,58.31049833,-135.0171617,172.4,13.4,172,9342281,C6VG7,NORWEGIAN PEARL,16,GLACIER BAY
2008-07-24T10:06:34,309653000,58.31118167,-135.0173283,172.4,13.4,172,9342281,C6VG7,NORWEGIAN PEARL,16,GLACIER BAY
2008-07-24T10:06:23,309653000,58.31179833,-135.0174783,172.4,13.4,172,9342281,C6VG7,NORWEGIAN PEARL,16,GLACIER BAY
2008-07-24T10:06:14,309653000,58.31234833,-135.0176283,172.8,13.4,172,9342281,C6VG7,NORWEGIAN PEARL,16,GLACIER BAY
2008-07-24T10:06:03,309653000,58.31349833,-135.0179117,0.0,0.0,0,9342281,C6VG7,NORWEGIAN PEARL,16,GLACIER BAY
2008-07-24T10:05:55,309653000,58.31349833,-135.0179117,172.4,13.3,172,9342281,C6VG7,NORWEGIAN PEARL,16,GLACIER BAY
2008-07-24T10:05:45,309653000,58.31418,-135.0180783,172.4,13.4,172,9342281,C6VG7,NORWEGIAN PEARL,16,GLACIER BAY
2008-07-24T10:05:34,309653000,58.31479667,-135.0182283,172.8,13.4,172,9342281,C6VG7,NORWEGIAN PEARL,16,GLACIER BAY
2008-07-24T10:05:23,309653000,58.31546333,-135.018395,172.8,13.4,172,9342281,C6VG7,NORWEGIAN PEARL,16,GLACIER BAY
2008-07-24T10:05:14,309653000,58.31594667,-135.0185283,172.8,13.4,172,9342281,C6VG7,NORWEGIAN PEARL,16,GLACIER BAY
2008-07-24T10:04:55,309653000,58.31724667,-135.018845,172.4,13.3,172,9342281,C6VG7,NORWEGIAN PEARL,16,GLACIER BAY
2008-07-24T10:04:45,309653000,58.31779667,-135.0189783,172.4,13.4,172,9342281,C6VG7,NORWEGIAN PEARL,16,GLACIER BAY
2008-07-24T10:04:34,309653000,58.31853,-135.0191617,172.4,13.3,172,9342281,C6VG7,NORWEGIAN PEARL,16,GLACIER BAY
2008-07-24T10:04:23,309653000,58.31913,-135.0193117,172.4,13.3,172,9342281,C6VG7,NORWEGIAN PEARL,16,GLACIER BAY
2008-07-24T10:04:14,309653000,58.31967833,-135.019445,172.4,13.3,172,9342281,C6VG7,NORWEGIAN PEARL,16,GLACIER BAY
2008-07-24T10:04:04,309653000,58.32036,-135.01961,172.0,13.3,172,9342281,C6VG7,NORWEGIAN PEARL,16,GLACIER BAY
2008-07-24T10:03:55,309653000,58.32084333,-135.0197433,172.4,13.4,172,9342281,C6VG7,NORWEGIAN PEARL,16,GLACIER BAY
2008-07-24T10:03:45,309653000,58.32144333,-135.019895,172.4,13.4,172,9342281,C6VG7,NORWEGIAN PEARL,16,GLACIER BAY
2008-07-24T10:03:34,309653000,58.32211,-135.02006,172.4,13.3,172,9342281,C6VG7,NORWEGIAN PEARL,16,GLACIER BAY
2008-07-24T10:03:23,309653000,58.32279333,-135.0202433,172.4,13.3,172,9342281,C6VG7,NORWEGIAN PEARL,16,GLACIER BAY
2008-07-24T10:03:14,309653000,58.32334333,-135.0203767,172.4,13.3,172,9342281,C6VG7,NORWEGIAN PEARL,16,GLACIER BAY
2008-07-24T10:03:04,309653000,58.32401,-135.0205433,172.4,13.3,172,9342281,C6VG7,NORWEGIAN PEARL,16,GLACIER BAY
2008-07-24T10:02:55,309653000,58.32456,-135.0206767,172.4,13.3,172,9342281,C6VG7,NORWEGIAN PEARL,16,GLACIER BAY
2008-07-24T10:02:45,309653000,58.32511,-135.0208267,172.4,13.3,172,9342281,C6VG7,NORWEGIAN PEARL,16,GLACIER BAY
2008-07-24T10:02:34,309653000,58.32577667,-135.0209933,172.4,13.3,172,9342281,C6VG7,NORWEGIAN PEARL,16,GLACIER BAY
2008-07-24T10:02:23,309653000,58.32644167,-135.0211767,172.4,13.3,172,9342281,C6VG7,NORWEGIAN PEARL,16,GLACIER BAY
2008-07-24T10:02:14,309653000,58.326975,-135.0213267,172.4,13.3,172,9342281,C6VG7,NORWEGIAN PEARL,16,GLACIER BAY
2008-07-24T10:02:03,309653000,58.32765833,-135.0214933,172.4,13.3,172,9342281,C6VG7,NORWEGIAN PEARL,16,GLACIER BAY
2008-07-24T10:01:55,309653000,58.32814167,-135.02161,172.4,13.3,172,9342281,C6VG7,NORWEGIAN PEARL,16,GLACIER BAY
2008-07-24T10:01:45,309653000,58.32874167,-135.0217767,172.4,13.3,172,9342281,C6VG7,NORWEGIAN PEARL,16,GLACIER BAY
2008-07-24T10:01:34,309653000,58.329475,-135.02196,172.4,13.3,172,9342281,C6VG7,NORWEGIAN PEARL,16,GLACIER BAY
2008-07-24T10:01:23,309653000,58.33015833,-135.0221267,172.4,13.3,172,9342281,C6VG7,NORWEGIAN PEARL,16,GLACIER BAY
2008-07-24T10:01:14,309653000,58.33064167,-135.02226,172.4,13.3,172,9342281,C6VG7,NORWEGIAN PEARL,16,GLACIER BAY
2008-07-24T10:01:03,309653000,58.33130833,-135.0224267,172.4,13.3,172,9342281,C6VG7,NORWEGIAN PEARL,16,GLACIER BAY
2008-07-24T10:00:55,309653000,58.33185833,-135.02256,172.4,13.2,172,9342281,C6VG7,NORWEGIAN PEARL,16,GLACIER BAY
2008-07-24T10:00:45,309653000,58.33240833,-135.0226933,172.8,13.3,172,9342281,C6VG7,NORWEGIAN PEARL,16,GLACIER BAY
2008-07-24T10:00:34,309653000,58.333075,-135.02286,172.8,13.3,172,9342281,C6VG7,NORWEGIAN PEARL,16,GLACIER BAY
2008-07-24T10:00:23,309653000,58.33374167,-135.0230433,172.8,13.3,172,9342281,C6VG7,NORWEGIAN PEARL,16,GLACIER BAY
2008-07-24T10:00:14,309653000,58.33429,-135.0231767,172.8,13.3,172,9342281,C6VG7,NORWEGIAN PEARL,16,GLACIER BAY
2008-07-24T10:00:03,309653000,58.33497333,-135.0233433,172.4,13.3,172,9342281,C6VG7,NORWEGIAN PEARL,16,GLACIER BAY
2008-07-24T09:59:58,309653000,58.33550667,-135.0234767,0.0,0.0,0,9342281,C6VG7,NORWEGIAN PEARL,16,GLACIER BAY
2008-07-24T09:59:55,309653000,58.33550667,-135.0234767,172.4,13.3,172,9342281,C6VG7,NORWEGIAN PEARL,16,GLACIER BAY
2008-07-24T09:59:45,309653000,58.33605667,-135.02361,172.4,13.3,172,9342281,C6VG7,NORWEGIAN PEARL,16,GLACIER BAY
2008-07-24T09:59:34,309653000,58.33679,-135.02381,172.4,13.3,172,9342281,C6VG7,NORWEGIAN PEARL,16,GLACIER BAY
2008-07-24T09:59:14,309653000,58.33794,-135.0240933,172.4,13.3,172,9342281,C6VG7,NORWEGIAN PEARL,16,GLACIER BAY
2008-07-24T09:59:03,309653000,58.33862167,-135.024275,172.0,13.3,172,9342281,C6VG7,NORWEGIAN PEARL,16,GLACIER BAY
2008-07-24T09:58:55,309653000,58.33908833,-135.0243917,171.0,13.3,171,9342281,C6VG7,NORWEGIAN PEARL,16,GLACIER BAY
2008-07-24T09:58:45,309653000,58.339705,-135.0245583,171.4,13.3,171,9342281,C6VG7,NORWEGIAN PEARL,16,GLACIER BAY
2008-07-24T09:58:34,309653000,58.34037,-135.0247583,171.4,13.3,171,9342281,C6VG7,NORWEGIAN PEARL,16,GLACIER BAY
2008-07-24T09:58:24,309653000,58.34097,-135.0249417,170.4,13.3,170,9342281,C6VG7,NORWEGIAN PEARL,16,GLACIER BAY
2008-07-24T09:58:14,309653000,58.34163833,-135.0251417,170.4,13.3,170,9342281,C6VG7,NORWEGIAN PEARL,16,GLACIER BAY
2008-07-24T09:58:02,309653000,58.342305,-135.0253583,170.8,13.2,170,9342281,C6VG7,NORWEGIAN PEARL,16,GLACIER BAY
2008-07-24T09:57:54,309653000,58.34278833,-135.0255067,169.8,13.3,169,9342281,C6VG7,NORWEGIAN PEARL,16,GLACIER BAY
2008-07-24T09:57:44,309653000,58.343455,-135.02574,169.2,13.3,168,9342281,C6VG7,NORWEGIAN PEARL,16,GLACIER BAY
2008-07-24T09:57:33,309653000,58.344105,-135.0259733,168.3,13.2,167,9342281,C6VG7,NORWEGIAN PEARL,16,GLACIER BAY
2008-07-24T09:57:23,309653000,58.344655,-135.0261717,168.2,13.3,167,9342281,C6VG7,NORWEGIAN PEARL,16,GLACIER BAY
2008-07-24T09:57:13,309653000,58.345255,-135.0264217,168.2,13.3,167,9342281,C6VG7,NORWEGIAN PEARL,16,GLACIER BAY
2008-07-24T09:57:02,309653000,58.34592,-135.0266717,168.2,13.3,167,9342281,C6VG7,NORWEGIAN PEARL,16,GLACIER BAY
2008-07-24T09:56:53,309653000,58.34652,-135.026905,168.2,13.3,167,9342281,C6VG7,NORWEGIAN PEARL,16,GLACIER BAY
2008-07-24T09:56:44,309653000,58.34700333,-135.027105,168.2,13.3,167,9342281,C6VG7,NORWEGIAN PEARL,16,GLACIER BAY
2008-07-24T09:56:33,309653000,58.34765333,-135.0273717,168.2,13.3,167,9342281,C6VG7,NORWEGIAN PEARL,16,GLACIER BAY
2008-07-24T09:56:23,309653000,58.34827,-135.0276217,168.2,13.3,167,9342281,C6VG7,NORWEGIAN PEARL,16,GLACIER BAY
2008-07-24T09:56:13,309653000,58.34880333,-135.0278217,167.8,13.3,167,9342281,C6VG7,NORWEGIAN PEARL,16,GLACIER BAY
2008-07-24T09:56:02,309653000,58.34952,-135.0281217,168.2,13.3,167,9342281,C6VG7,NORWEGIAN PEARL,16,GLACIER BAY
2008-07-24T09:55:53,309653000,58.35013667,-135.028355,167.8,13.3,167,9342281,C6VG7,NORWEGIAN PEARL,16,GLACIER BAY
2008-07-24T09:55:44,309653000,58.35060333,-135.028555,167.8,13.3,167,9342281,C6VG7,NORWEGIAN PEARL,16,GLACIER BAY
2008-07-24T09:55:33,309653000,58.35133667,-135.0288533,167.8,13.3,167,9342281,C6VG7,NORWEGIAN PEARL,16,GLACIER BAY
2008-07-24T09:55:23,309653000,58.35187,-135.0290717,167.8,13.3,167,9342281,C6VG7,NORWEGIAN PEARL,16,GLACIER BAY
2008-07-24T09:55:13,309653000,58.35246833,-135.0293033,168.2,13.3,167,9342281,C6VG7,NORWEGIAN PEARL,16,GLACIER BAY
2008-07-24T09:55:04,309653000,58.35302,-135.0295217,168.2,13.3,167,9342281,C6VG7,NORWEGIAN PEARL,16,GLACIER BAY
2008-07-24T09:54:53,309653000,58.353685,-135.0297867,168.2,13.3,167,9342281,C6VG7,NORWEGIAN PEARL,16,GLACIER BAY
2008-07-24T09:54:44,309653000,58.35422,-135.030005,167.8,13.3,167,9342281,C6VG7,NORWEGIAN PEARL,16,GLACIER BAY
2008-07-24T09:54:33,309653000,58.354885,-135.03027,168.2,13.3,167,9342281,C6VG7,NORWEGIAN PEARL,16,GLACIER BAY
2008-07-24T09:54:23,309653000,58.35555333,-135.0305367,167.8,13.3,167,9342281,C6VG7,NORWEGIAN PEARL,16,GLACIER BAY
2008-07-24T09:54:13,309653000,58.356085,-135.0307533,167.8,13.3,167,9342281,C6VG7,NORWEGIAN PEARL,16,GLACIER BAY
2008-07-24T09:54:04,309653000,58.356685,-135.0310033,167.8,13.3,167,9342281,C6VG7,NORWEGIAN PEARL,16,GLACIER BAY
2008-07-24T09:53:59,309653000,58.35735167,-135.0312533,0.0,0.0,0,9342281,C6VG7,NORWEGIAN PEARL,16,GLACIER BAY
2008-07-24T09:53:53,309653000,58.35735167,-135.0312533,167.8,13.3,167,9342281,C6VG7,NORWEGIAN PEARL,16,GLACIER BAY
2008-07-24T09:53:44,309653000,58.357835,-135.0314533,168.2,13.3,167,9342281,C6VG7,NORWEGIAN PEARL,16,GLACIER BAY
2008-07-24T09:53:34,309653000,58.358435,-135.0317033,168.2,13.3,167,9342281,C6VG7,NORWEGIAN PEARL,16,GLACIER BAY
2008-07-24T09:53:23,309653000,58.35916833,-135.03197,168.2,13.3,167,9342281,C6VG7,NORWEGIAN PEARL,16,GLACIER BAY
2008-07-24T09:53:13,309653000,58.3597,-135.03217,168.2,13.3,167,9342281,C6VG7,NORWEGIAN PEARL,16,GLACIER BAY
2008-07-24T09:53:04,309653000,58.36025167,-135.0323867,168.2,13.3,167,9342281,C6VG7,NORWEGIAN PEARL,16,GLACIER BAY
2008-07-24T09:52:53,309653000,58.36090167,-135.0326383,168.2,13.3,167,9342281,C6VG7,NORWEGIAN PEARL,16,GLACIER BAY
2008-07-24T09:52:44,309653000,58.36151833,-135.0328867,168.2,13.3,167,9342281,C6VG7,NORWEGIAN PEARL,16,GLACIER BAY
2008-07-24T09:52:34,309653000,58.36211667,-135.03312,168.2,13.3,167,9342281,C6VG7,NORWEGIAN PEARL,16,GLACIER BAY
2008-07-24T09:52:23,309653000,58.36278333,-135.0333867,168.2,13.3,167,9342281,C6VG7,NORWEGIAN PEARL,16,GLACIER BAY
2008-07-24T09:52:04,309653000,58.36391667,-135.0338367,168.2,13.3,167,9342281,C6VG7,NORWEGIAN PEARL,16,GLACIER BAY
2008-07-24T09:51:53,309653000,58.36458333,-135.0341033,168.7,13.4,167,9342281,C6VG7,NORWEGIAN PEARL,16,GLACIER BAY
2008-07-24T09:51:44,309653000,58.36506667,-135.0342867,168.2,13.3,167,9342281,C6VG7,NORWEGIAN PEARL,16,GLACIER BAY
2008-07-24T09:51:34,309653000,58.36564833,-135.03452,168.2,13.3,167,9342281,C6VG7,NORWEGIAN PEARL,16,GLACIER BAY
2008-07-24T09:51:23,309653000,58.366315,-135.0348033,168.2,13.4,167,9342281,C6VG7,NORWEGIAN PEARL,16,GLACIER BAY
2008-07-24T09:51:13,309653000,58.36693167,-135.0350367,168.2,13.4,167,9342281,C6VG7,NORWEGIAN PEARL,16,GLACIER BAY
2008-07-24T09:51:04,309653000,58.36753167,-135.03527,168.2,13.4,167,9342281,C6VG7,NORWEGIAN PEARL,16,GLACIER BAY
2008-07-24T09:50:53,309653000,58.36819833,-135.0355367,168.2,13.4,167,9342281,C6VG7,NORWEGIAN PEARL,16,GLACIER BAY
2008-07-24T09:50:44,309653000,58.368665,-135.0357367,168.2,13.4,167,9342281,C6VG7,NORWEGIAN PEARL,16,GLACIER BAY
2008-07-24T09:50:34,309653000,58.36928167,-135.03597,168.2,13.5,167,9342281,C6VG7,NORWEGIAN PEARL,16,GLACIER BAY
2008-07-24T09:50:23,309653000,58.370015,-135.0362683,168.2,13.4,167,9342281,C6VG7,NORWEGIAN PEARL,16,GLACIER BAY
2008-07-24T09:50:13,309653000,58.37056333,-135.036485,168.2,13.5,167,9342281,C6VG7,NORWEGIAN PEARL,16,GLACIER BAY
2008-07-24T09:50:08,309653000,58.37086333,-135.0366017,167.8,13.5,167,9342281,C6VG7,NORWEGIAN PEARL,16,GLACIER BAY
2008-07-24T09:50:04,309653000,58.371115,-135.0367017,167.8,13.4,167,9342281,C6VG7,NORWEGIAN PEARL,16,GLACIER BAY
2008-07-24T09:50:01,309653000,58.37129667,-135.0367683,167.8,13.5,167,9342281,C6VG7,NORWEGIAN PEARL,16,GLACIER BAY
2008-07-24T09:49:55,309653000,58.37164667,-135.0369183,167.8,13.5,167,9342281,C6VG7,NORWEGIAN PEARL,16,GLACIER BAY
2008-07-24T09:49:53,309653000,58.37178,-135.0369683,167.8,13.5,167,9342281,C6VG7,NORWEGIAN PEARL,16,GLACIER BAY
2008-07-24T09:49:49,309653000,58.37201333,-135.0370683,168.2,13.6,167,9342281,C6VG7,NORWEGIAN PEARL,16,GLACIER BAY
2008-07-24T09:49:44,309653000,58.37233,-135.037185,168.2,13.6,167,9342281,C6VG7,NORWEGIAN PEARL,16,GLACIER BAY
2008-07-24T09:49:37,309653000,58.37276333,-135.0373683,168.2,13.6,167,9342281,C6VG7,NORWEGIAN PEARL,16,GLACIER BAY
2008-07-24T09:49:34,309653000,58.37294667,-135.037435,168.2,13.6,167,9342281,C6VG7,NORWEGIAN PEARL,16,GLACIER BAY
2008-07-24T09:49:32,309653000,58.37306333,-135.037485,168.2,13.5,167,9342281,C6VG7,NORWEGIAN PEARL,16,GLACIER BAY
2008-07-24T09:49:26,309653000,58.37343,-135.037635,168.2,13.5,167,9342281,C6VG7,NORWEGIAN PEARL,16,GLACIER BAY
2008-07-24T09:49:23,309653000,58.37366333,-135.037735,168.2,13.5,167,9342281,C6VG7,NORWEGIAN PEARL,16,GLACIER BAY
2008-07-24T09:49:20,309653000,58.37384667,-135.0378017,168.2,13.5,167,9342281,C6VG7,NORWEGIAN PEARL,16,GLACIER BAY
2008-07-24T09:49:13,309653000,58.37423,-135.0379517,167.8,13.5,167,9342281,C6VG7,NORWEGIAN PEARL,16,GLACIER BAY
2008-07-24T09:49:08,309653000,58.37459667,-135.0381017,167.8,13.5,167,9342281,C6VG7,NORWEGIAN PEARL,16,GLACIER BAY
2008-07-24T09:49:01,309653000,58.37496167,-135.0382517,167.8,13.6,167,9342281,C6VG7,NORWEGIAN PEARL,16,GLACIER BAY
2008-07-24T09:48:56,309653000,58.37532833,-135.0384017,168.2,13.6,167,9342281,C6VG7,NORWEGIAN PEARL,16,GLACIER BAY
2008-07-24T09:48:49,309653000,58.375695,-135.0385517,167.8,13.6,167,9342281,C6VG7,NORWEGIAN PEARL,16,GLACIER BAY
2008-07-24T09:48:44,309653000,58.375995,-135.0386683,167.8,13.6,167,9342281,C6VG7,NORWEGIAN PEARL,16,GLACIER BAY
2008-07-24T09:48:37,309653000,58.37642833,-135.03885,167.8,13.6,167,9342281,C6VG7,NORWEGIAN PEARL,16,GLACIER BAY
2008-07-24T09:48:31,309653000,58.376795,-135.039,167.4,13.6,167,9342281,C6VG7,NORWEGIAN PEARL,16,GLACIER BAY
2008-07-24T09:48:26,309653000,58.377095,-135.0391167,167.8,13.6,167,9342281,C6VG7,NORWEGIAN PEARL,16,GLACIER BAY
2008-07-24T09:48:20,309653000,58.37746167,-135.0392667,167.8,13.6,167,9342281,C6VG7,NORWEGIAN PEARL,16,GLACIER BAY
2008-07-24T09:48:13,309653000,58.377895,-135.03945,167.8,13.6,167,9342281,C6VG7,NORWEGIAN PEARL,16,GLACIER BAY
2008-07-24T09:48:08,309653000,58.378195,-135.0395667,167.8,13.6,167,9342281,C6VG7,NORWEGIAN PEARL,16,GLACIER BAY
2008-07-24T09:48:01,309653000,58.37862833,-135.03975,167.8,13.6,167,9342281,C6VG7,NORWEGIAN PEARL,16,GLACIER BAY
2008-07-24T09:48:01,309653000,58.378995,-135.0399,0.0,0.0,0,9342281,C6VG7,NORWEGIAN PEARL,16,GLACIER BAY
2008-07-24T09:47:55,309653000,58.378995,-135.0399,167.4,13.6,167,9342281,C6VG7,NORWEGIAN PEARL,16,GLACIER BAY
2008-07-24T09:47:50,309653000,58.37931167,-135.0400333,167.4,13.6,167,9342281,C6VG7,NORWEGIAN PEARL,16,GLACIER BAY
2008-07-24T09:47:44,309653000,58.37972833,-135.0402167,167.8,13.7,167,9342281,C6VG7,NORWEGIAN PEARL,16,GLACIER BAY
2008-07-24T09:47:37,309653000,58.38016167,-135.0404,167.8,13.7,167,9342281,C6VG7,NORWEGIAN PEARL,16,GLACIER BAY
2008-07-24T09:47:31,309653000,58.38047833,-135.0405167,167.4,13.7,167,9342281,C6VG7,NORWEGIAN PEARL,16,GLACIER BAY
2008-07-24T09:47:26,309653000,58.380845,-135.0406833,167.4,13.7,167,9342281,C6VG7,NORWEGIAN PEARL,16,GLACIER BAY
2008-07-24T09:47:20,309653000,58.38121167,-135.0408333,167.4,13.7,167,9342281,C6VG7,NORWEGIAN PEARL,16,GLACIER BAY
2008-07-24T09:47:13,309653000,58.381595,-135.041,167.4,13.7,167,9342281,C6VG7,NORWEGIAN PEARL,16,GLACIER BAY
2008-07-24T09:47:08,309653000,58.38196,-135.04115,167.4,13.8,167,9342281,C6VG7,NORWEGIAN PEARL,16,GLACIER BAY
2008-07-24T09:47:01,309653000,58.38232667,-135.0413,167.4,13.8,167,9342281,C6VG7,NORWEGIAN PEARL,16,GLACIER BAY
2008-07-24T09:46:55,309653000,58.38269333,-135.0414667,167.4,13.8,167,9342281,C6VG7,NORWEGIAN PEARL,16,GLACIER BAY
2008-07-24T09:46:50,309653000,58.38301,-135.0416,167.4,13.8,167,9342281,C6VG7,NORWEGIAN PEARL,16,GLACIER BAY
2008-07-24T09:46:44,309653000,58.38337667,-135.04175,167.0,13.8,167,9342281,C6VG7,NORWEGIAN PEARL,16,GLACIER BAY
2008-07-24T09:46:37,309653000,58.38382667,-135.0419483,167.0,13.9,167,9342281,C6VG7,NORWEGIAN PEARL,16,GLACIER BAY
2008-07-24T09:46:31,309653000,58.38421,-135.0421167,167.4,13.9,167,9342281,C6VG7,NORWEGIAN PEARL,16,GLACIER BAY
2008-07-24T09:46:26,309653000,58.38451,-135.04225,167.4,13.9,167,9342281,C6VG7,NORWEGIAN PEARL,16,GLACIER BAY
2008-07-24T09:46:20,309653000,58.38489167,-135.0423983,167.0,14.0,167,9342281,C6VG7,NORWEGIAN PEARL,16,GLACIER BAY
2008-07-24T09:46:13,309653000,58.38532667,-135.0425983,167.4,14.0,167,9342281,C6VG7,NORWEGIAN PEARL,16,GLACIER BAY
2008-07-24T09:46:08,309653000,58.38564333,-135.0427333,167.4,14.1,167,9342281,C6VG7,NORWEGIAN PEARL,16,GLACIER BAY
2008-07-24T09:46:01,309653000,58.38609333,-135.0429167,167.4,14.1,167,9342281,C6VG7,NORWEGIAN PEARL,16,GLACIER BAY
2008-07-24T09:45:56,309653000,58.38647667,-135.0430817,167.0,14.2,167,9342281,C6VG7,NORWEGIAN PEARL,16,GLACIER BAY
2008-07-24T09:45:50,309653000,58.38686,-135.0432483,167.0,14.2,167,9342281,C6VG7,NORWEGIAN PEARL,16,GLACIER BAY
2008-07-24T09:45:44,309653000,58.38722667,-135.043415,167.0,14.2,167,9342281,C6VG7,NORWEGIAN PEARL,16,GLACIER BAY
2008-07-24T09:45:37,309653000,58.38761,-135.0435817,167.0,14.2,167,9342281,C6VG7,NORWEGIAN PEARL,16,GLACIER BAY
2008-07-24T09:45:31,309653000,58.38800833,-135.043765,167.0,14.3,167,9342281,C6VG7,NORWEGIAN PEARL,16,GLACIER BAY
2008-07-24T09:45:26,309653000,58.388325,-135.0438983,167.0,14.4,167,9342281,C6VG7,NORWEGIAN PEARL,16,GLACIER BAY
2008-07-24T09:45:20,309653000,58.38870833,-135.044065,167.0,14.4,167,9342281,C6VG7,NORWEGIAN PEARL,16,GLACIER BAY
2008-07-24T09:45:13,309653000,58.38915833,-135.044265,167.0,14.4,167,9342281,C6VG7,NORWEGIAN PEARL,16,GLACIER BAY
2008-07-24T09:45:08,309653000,58.38954,-135.0444317,167.0,14.5,167,9342281,C6VG7,NORWEGIAN PEARL,16,GLACIER BAY
2008-07-24T09:45:01,309653000,58.38992333,-135.0445983,167.0,14.5,167,9342281,C6VG7,NORWEGIAN PEARL,16,GLACIER BAY
2008-07-24T09:44:56,309653000,58.39032333,-135.0447817,167.0,14.5,167,9342281,C6VG7,NORWEGIAN PEARL,16,GLACIER BAY
2008-07-24T09:44:50,309653000,58.39065667,-135.044915,167.0,14.5,167,9342281,C6VG7,NORWEGIAN PEARL,16,GLACIER BAY
2008-07-24T09:44:44,309653000,58.39104,-135.0450983,167.3,14.5,167,9342281,C6VG7,NORWEGIAN PEARL,16,GLACIER BAY
2008-07-24T09:44:37,309653000,58.39150667,-135.0452983,167.3,14.6,167,9342281,C6VG7,NORWEGIAN PEARL,16,GLACIER BAY
2008-07-24T09:44:31,309653000,58.39189,-135.0454633,167.0,14.6,167,9342281,C6VG7,NORWEGIAN PEARL,16,GLACIER BAY
2008-07-24T09:44:26,309653000,58.39229,-135.04563,167.0,14.6,167,9342281,C6VG7,NORWEGIAN PEARL,16,GLACIER BAY
2008-07-24T09:44:20,309653000,58.39267167,-135.0457967,167.0,14.6,167,9342281,C6VG7,NORWEGIAN PEARL,16,GLACIER BAY
2008-07-24T09:44:14,309653000,58.393005,-135.0459467,167.0,14.6,167,9342281,C6VG7,NORWEGIAN PEARL,16,GLACIER BAY
2008-07-24T09:44:08,309653000,58.39347167,-135.0461483,167.3,14.6,167,9342281,C6VG7,NORWEGIAN PEARL,16,GLACIER BAY
2008-07-24T09:43:56,309653000,58.39427167,-135.04648,167.3,14.7,167,9342281,C6VG7,NORWEGIAN PEARL,16,GLACIER BAY
2008-07-24T09:43:50,309653000,58.394655,-135.0466467,167.3,14.7,167,9342281,C6VG7,NORWEGIAN PEARL,16,GLACIER BAY
2008-07-24T09:43:44,309653000,58.395055,-135.0468133,167.3,14.7,167,9342281,C6VG7,NORWEGIAN PEARL,16,GLACIER BAY
2008-07-24T09:43:31,309653000,58.395855,-135.0471633,167.3,14.7,167,9342281,C6VG7,NORWEGIAN PEARL,16,GLACIER BAY
2008-07-24T09:43:26,309653000,58.39625333,-135.04733,167.3,14.8,167,9342281,C6VG7,NORWEGIAN PEARL,16,GLACIER BAY
2008-07-24T09:43:20,309653000,58.39658667,-135.04748,167.7,14.8,167,9342281,C6VG7,NORWEGIAN PEARL,16,GLACIER BAY
2008-07-24T09:43:14,309653000,58.39698667,-135.0476467,167.3,14.8,167,9342281,C6VG7,NORWEGIAN PEARL,16,GLACIER BAY
2008-07-24T09:43:08,309653000,58.39738667,-135.0478133,167.3,14.8,167,9342281,C6VG7,NORWEGIAN PEARL,16,GLACIER BAY
2008-07-24T09:43:02,309653000,58.39778667,-135.0479967,167.3,14.9,167,9342281,C6VG7,NORWEGIAN PEARL,16,GLACIER BAY
2008-07-24T09:42:56,309653000,58.39820333,-135.0481633,167.0,14.9,167,9342281,C6VG7,NORWEGIAN PEARL,16,GLACIER BAY
2008-07-24T09:42:50,309653000,58.39867,-135.0483633,167.3,14.9,167,9342281,C6VG7,NORWEGIAN PEARL,16,GLACIER BAY
2008-07-24T09:42:44,309653000,58.39907,-135.04853,167.3,15.0,167,9342281,C6VG7,NORWEGIAN PEARL,16,GLACIER BAY
2008-07-24T09:42:37,309653000,58.39946833,-135.0487133,167.3,15.0,167,9342281,C6VG7,NORWEGIAN PEARL,16,GLACIER BAY
2008-07-24T09:42:32,309653000,58.399885,-135.04888,167.7,15.0,167,9342281,C6VG7,NORWEGIAN PEARL,16,GLACIER BAY
2008-07-24T09:42:26,309653000,58.400285,-135.0490467,167.3,15.0,167,9342281,C6VG7,NORWEGIAN PEARL,16,GLACIER BAY
2008-07-24T09:42:20,309653000,58.40061833,-135.049195,167.0,15.0,167,9342281,C6VG7,NORWEGIAN PEARL,16,GLACIER BAY
2008-07-24T09:42:14,309653000,58.40101833,-135.0493633,167.3,15.0,167,9342281,C6VG7,NORWEGIAN PEARL,16,GLACIER BAY
2008-07-24T09:42:08,309653000,58.40150167,-135.04958,167.3,15.1,167,9342281,C6VG7,NORWEGIAN PEARL,16,GLACIER BAY
2008-07-24T09:42:02,309653000,58.4019,-135.049745,167.3,15.1,167,9342281,C6VG7,NORWEGIAN PEARL,16,GLACIER BAY
2008-07-24T09:42:01,309653000,58.40231833,-135.0499117,0.0,0.0,0,9342281,C6VG7,NORWEGIAN PEARL,16,GLACIER BAY
2008-07-24T09:41:55,309653000,58.40231833,-135.0499117,167.3,15.0,167,9342281,C6VG7,NORWEGIAN PEARL,16,GLACIER BAY
2008-07-24T09:41:50,309653000,58.40265,-135.0500617,167.3,15.0,167,9342281,C6VG7,NORWEGIAN PEARL,16,GLACIER BAY
2008-07-24T09:41:44,309653000,58.40306833,-135.05023,167.7,15.0,167,9342281,C6VG7,NORWEGIAN PEARL,16,GLACIER BAY
2008-07-24T09:41:38,309653000,58.40346667,-135.0504117,167.3,15.0,167,9342281,C6VG7,NORWEGIAN PEARL,16,GLACIER BAY
2008-07-24T09:41:32,309653000,58.403885,-135.0505783,167.3,15.0,167,9342281,C6VG7,NORWEGIAN PEARL,16,GLACIER BAY
2008-07-24T09:41:26,309653000,58.40428333,-135.050745,167.3,15.1,167,9342281,C6VG7,NORWEGIAN PEARL,16,GLACIER BAY
2008-07-24T09:41:20,309653000,58.40468333,-135.0509117,167.3,15.1,167,9342281,C6VG7,NORWEGIAN PEARL,16,GLACIER BAY
2008-07-24T09:41:14,309653000,58.4051,-135.051095,167.3,15.1,167,9342281,C6VG7,NORWEGIAN PEARL,16,GLACIER BAY
2008-07-24T09:41:08,309653000,58.40556667,-135.051295,167.3,15.1,167,9342281,C6VG7,NORWEGIAN PEARL,16,GLACIER BAY
2008-07-24T09:41:02,309653000,58.40598333,-135.0514617,167.3,15.1,167,9342281,C6VG7,NORWEGIAN PEARL,16,GLACIER BAY
2008-07-24T09:40:55,309653000,58.40645,-135.0516783,167.3,15.1,167,9342281,C6VG7,NORWEGIAN PEARL,16,GLACIER BAY
2008-07-24T09:40:50,309653000,58.40680167,-135.0518283,167.0,15.1,167,9342281,C6VG7,NORWEGIAN PEARL,16,GLACIER BAY
2008-07-24T09:40:44,309653000,58.40713333,-135.0519617,167.3,15.1,167,9342281,C6VG7,NORWEGIAN PEARL,16,GLACIER BAY
2008-07-24T09:40:38,309653000,58.4076,-135.0521783,167.0,15.1,167,9342281,C6VG7,NORWEGIAN PEARL,16,GLACIER BAY
2008-07-24T09:40:32,309653000,58.40801667,-135.052345,167.0,15.1,167,9342281,C6VG7,NORWEGIAN PEARL,16,GLACIER BAY
2008-07-24T09:40:26,309653000,58.40841667,-135.0525283,167.0,15.2,167,9342281,C6VG7,NORWEGIAN PEARL,16,GLACIER BAY
2008-07-24T09:40:20,309653000,58.40876667,-135.0526783,167.0,15.2,167,9342281,C6VG7,NORWEGIAN PEARL,16,GLACIER BAY
2008-07-24T09:40:13,309653000,58.40923333,-135.0528783,167.0,15.1,167,9342281,C6VG7,NORWEGIAN PEARL,16,GLACIER BAY
2008-07-24T09:40:08,309653000,58.40965,-135.0530617,167.0,15.2,167,9342281,C6VG7,NORWEGIAN PEARL,16,GLACIER BAY
2008-07-24T09:40:02,309653000,58.40998333,-135.0532117,167.0,15.2,167,9342281,C6VG7,NORWEGIAN PEARL,16,GLACIER BAY
2008-07-24T09:39:55,309653000,58.41046667,-135.0534283,167.0,15.2,167,9342281,C6VG7,NORWEGIAN PEARL,16,GLACIER BAY
2008-07-24T09:39:50,309653000,58.41079833,-135.0535783,167.0,15.2,167,9342281,C6VG7,NORWEGIAN PEARL,16,GLACIER BAY
2008-07-24T09:39:44,309653000,58.41121667,-135.05376,167.0,15.2,167,9342281,C6VG7,NORWEGIAN PEARL,16,GLACIER BAY
2008-07-24T09:39:38,309653000,58.41163333,-135.0539433,167.0,15.2,167,9342281,C6VG7,NORWEGIAN PEARL,16,GLACIER BAY
2008-07-24T09:39:32,309653000,58.41204833,-135.0541283,167.0,15.3,167,9342281,C6VG7,NORWEGIAN PEARL,16,GLACIER BAY
2008-07-24T09:39:26,309653000,58.412515,-135.0543267,167.0,15.3,167,9342281,C6VG7,NORWEGIAN PEARL,16,GLACIER BAY
2008-07-24T09:39:20,309653000,58.41293167,-135.05451,166.6,15.3,167,9342281,C6VG7,NORWEGIAN PEARL,16,GLACIER BAY
2008-07-24T09:39:13,309653000,58.41334667,-135.0546933,167.0,15.4,167,9342281,C6VG7,NORWEGIAN PEARL,16,GLACIER BAY
2008-07-24T09:39:08,309653000,58.41376333,-135.0548767,167.0,15.4,167,9342281,C6VG7,NORWEGIAN PEARL,16,GLACIER BAY
2008-07-24T09:39:02,309653000,58.41416333,-135.05506,167.0,15.4,167,9342281,C6VG7,NORWEGIAN PEARL,16,GLACIER BAY
2008-07-24T09:38:55,309653000,58.41464667,-135.0552767,167.0,15.4,167,9342281,C6VG7,NORWEGIAN PEARL,16,GLACIER BAY
2008-07-24T09:38:50,309653000,58.41493,-135.0553933,167.0,15.4,167,9342281,C6VG7,NORWEGIAN PEARL,16,GLACIER BAY
2008-07-24T09:38:44,309653000,58.41534667,-135.0555767,167.0,15.4,167,9342281,C6VG7,NORWEGIAN PEARL,16,GLACIER BAY
2008-07-24T09:38:38,309653000,58.41583,-135.0557933,167.0,15.4,167,9342281,C6VG7,NORWEGIAN PEARL,16,GLACIER BAY
2008-07-24T09:38:32,309653000,58.41618,-135.0559433,167.0,15.5,167,9342281,C6VG7,NORWEGIAN PEARL,16,GLACIER BAY
2008-07-24T09:38:26,309653000,58.41666167,-135.0561767,167.0,15.6,167,9342281,C6VG7,NORWEGIAN PEARL,16,GLACIER BAY
2008-07-24T09:38:20,309653000,58.41701167,-135.0563267,167.0,15.6,167,9342281,C6VG7,NORWEGIAN PEARL,16,GLACIER BAY
2008-07-24T09:38:13,309653000,58.41751333,-135.0565433,167.0,15.6,167,9342281,C6VG7,NORWEGIAN PEARL,16,GLACIER BAY
2008-07-24T09:38:08,309653000,58.41786167,-135.0566933,167.0,15.6,167,9342281,C6VG7,NORWEGIAN PEARL,16,GLACIER BAY
2008-07-24T09:38:02,309653000,58.41827833,-135.0568767,167.0,15.7,167,9342281,C6VG7,NORWEGIAN PEARL,16,GLACIER BAY
2008-07-24T09:37:55,309653000,58.41877667,-135.0570917,167.0,15.7,167,9342281,C6VG7,NORWEGIAN PEARL,16,GLACIER BAY
2008-07-24T09:37:49,309653000,58.419195,-135.057275,167.0,15.8,167,9342281,C6VG7,NORWEGIAN PEARL,16,GLACIER BAY
2008-07-24T09:37:44,309653000,58.41954333,-135.0574417,167.0,15.8,167,9342281,C6VG7,NORWEGIAN PEARL,16,GLACIER BAY
2008-07-24T09:37:38,309653000,58.42004333,-135.0576583,167.0,15.8,167,9342281,C6VG7,NORWEGIAN PEARL,16,GLACIER BAY
2008-07-24T09:37:32,309653000,58.42046,-135.0578417,167.0,15.9,167,9342281,C6VG7,NORWEGIAN PEARL,16,GLACIER BAY
2008-07-24T09:37:26,309653000,58.42089333,-135.0580417,167.0,15.9,167,9342281,C6VG7,NORWEGIAN PEARL,16,GLACIER BAY
2008-07-24T09:37:20,309653000,58.42132667,-135.058225,166.6,15.8,167,9342281,C6VG7,NORWEGIAN PEARL,16,GLACIER BAY
2008-07-24T09:37:13,309653000,58.42176,-135.0584083,167.0,15.8,167,9342281,C6VG7,NORWEGIAN PEARL,16,GLACIER BAY
2008-07-24T09:37:08,309653000,58.42219167,-135.0586083,167.0,15.9,167,9342281,C6VG7,NORWEGIAN PEARL,16,GLACIER BAY
2008-07-24T09:37:02,309653000,58.42260833,-135.0587917,167.0,15.9,167,9342281,C6VG7,NORWEGIAN PEARL,16,GLACIER BAY
2008-07-24T09:36:55,309653000,58.42304167,-135.05899,167.0,15.9,167,9342281,C6VG7,NORWEGIAN PEARL,16,GLACIER BAY
2008-07-24T09:36:49,309653000,58.42345833,-135.059175,167.0,15.9,167,9342281,C6VG7,NORWEGIAN PEARL,16,GLACIER BAY
2008-07-24T09:36:44,309653000,58.423825,-135.0593417,167.0,15.9,167,9342281,C6VG7,NORWEGIAN PEARL,16,GLACIER BAY
2008-07-24T09:36:38,309653000,58.42425833,-135.059525,167.0,15.9,167,9342281,C6VG7,NORWEGIAN PEARL,16,GLACIER BAY
2008-07-24T09:36:32,309653000,58.424675,-135.0597067,167.0,16.0,167,9342281,C6VG7,NORWEGIAN PEARL,16,GLACIER BAY
2008-07-24T09:36:26,309653000,58.42510667,-135.0599067,167.0,16.0,167,9342281,C6VG7,NORWEGIAN PEARL,16,GLACIER BAY
2008-07-24T09:36:20,309653000,58.42554,-135.0601067,167.0,16.0,167,9342281,C6VG7,NORWEGIAN PEARL,16,GLACIER BAY
2008-07-24T09:36:13,309653000,58.42604167,-135.0603233,166.6,16.0,167,9342281,C6VG7,NORWEGIAN PEARL,16,GLACIER BAY
2008-07-24T09:36:08,309653000,58.42647333,-135.0605067,167.0,16.0,167,9342281,C6VG7,NORWEGIAN PEARL,16,GLACIER BAY
2008-07-24T09:36:02,309653000,58.42690667,-135.0607067,167.0,16.1,167,9342281,C6VG7,NORWEGIAN PEARL,16,GLACIER BAY
2008-07-24T09:35:58,309653000,58.42742333,-135.0609233,0.0,0.0,0,9342281,C6VG7,NORWEGIAN PEARL,16,GLACIER BAY
2008-07-24T09:35:55,309653000,58.42742333,-135.0609233,166.6,16.1,167,9342281,C6VG7,NORWEGIAN PEARL,16,GLACIER BAY
2008-07-24T09:35:49,309653000,58.42785667,-135.0611233,166.6,16.1,167,9342281,C6VG7,NORWEGIAN PEARL,16,GLACIER BAY
2008-07-24T09:35:44,309653000,58.42814,-135.0612567,167.0,16.1,167,9342281,C6VG7,NORWEGIAN PEARL,16,GLACIER BAY
2008-07-24T09:35:37,309653000,58.42864,-135.0614733,167.0,16.2,167,9342281,C6VG7,NORWEGIAN PEARL,16,GLACIER BAY
2008-07-24T09:35:31,309653000,58.42909,-135.0616733,167.0,16.2,167,9342281,C6VG7,NORWEGIAN PEARL,16,GLACIER BAY
2008-07-24T09:35:26,309653000,58.42952167,-135.0618567,167.0,16.3,167,9342281,C6VG7,NORWEGIAN PEARL,16,GLACIER BAY
2008-07-24T09:35:20,309653000,58.429955,-135.0620567,167.0,16.4,167,9342281,C6VG7,NORWEGIAN PEARL,16,GLACIER BAY
2008-07-24T09:35:13,309653000,58.430405,-135.0622567,167.0,16.4,167,9342281,C6VG7,NORWEGIAN PEARL,16,GLACIER BAY
2008-07-24T09:35:08,309653000,58.43077333,-135.0624067,167.0,16.4,167,9342281,C6VG7,NORWEGIAN PEARL,16,GLACIER BAY
2008-07-24T09:35:02,309653000,58.43122333,-135.0626067,167.0,16.4,167,9342281,C6VG7,NORWEGIAN PEARL,16,GLACIER BAY
2008-07-24T09:34:55,309653000,58.43173833,-135.06284,167.3,16.5,167,9342281,C6VG7,NORWEGIAN PEARL,16,GLACIER BAY
2008-07-24T09:34:49,309653000,58.43217167,-135.0630233,167.3,16.6,167,9342281,C6VG7,NORWEGIAN PEARL,16,GLACIER BAY
2008-07-24T09:34:44,309653000,58.43253833,-135.06319,167.3,16.6,167,9342281,C6VG7,NORWEGIAN PEARL,16,GLACIER BAY
2008-07-24T09:34:37,309653000,58.433005,-135.06339,167.3,16.6,167,9342281,C6VG7,NORWEGIAN PEARL,16,GLACIER BAY
2008-07-24T09:34:31,309653000,58.43352,-135.0636067,167.3,16.7,167,9342281,C6VG7,NORWEGIAN PEARL,16,GLACIER BAY
2008-07-24T09:34:26,309653000,58.43397,-135.06379,167.3,16.7,167,9342281,C6VG7,NORWEGIAN PEARL,16,GLACIER BAY
2008-07-24T09:34:20,309653000,58.43442,-135.06399,167.6,16.8,167,9342281,C6VG7,NORWEGIAN PEARL,16,GLACIER BAY
2008-07-24T09:34:13,309653000,58.43487,-135.0641733,167.6,16.8,167,9342281,C6VG7,NORWEGIAN PEARL,16,GLACIER BAY
2008-07-24T09:34:07,309653000,58.43533667,-135.0643733,167.6,16.8,167,9342281,C6VG7,NORWEGIAN PEARL,16,GLACIER BAY
2008-07-24T09:34:02,309653000,58.435785,-135.0645567,168.0,16.9,167,9342281,C6VG7,NORWEGIAN PEARL,16,GLACIER BAY
2008-07-24T09:33:56,309653000,58.43616833,-135.0647233,167.6,16.9,167,9342281,C6VG7,NORWEGIAN PEARL,16,GLACIER BAY
2008-07-24T09:33:49,309653000,58.43676667,-135.0649733,168.0,16.9,167,9342281,C6VG7,NORWEGIAN PEARL,16,GLACIER BAY
2008-07-24T09:33:44,309653000,58.43708333,-135.06509,168.0,17.0,167,9342281,C6VG7,NORWEGIAN PEARL,16,GLACIER BAY
2008-07-24T09:33:37,309653000,58.437615,-135.0653233,168.3,17.0,167,9342281,C6VG7,NORWEGIAN PEARL,16,GLACIER BAY
2008-07-24T09:33:31,309653000,58.43808167,-135.0655067,168.0,17.0,167,9342281,C6VG7,NORWEGIAN PEARL,16,GLACIER BAY
2008-07-24T09:33:27,309653000,58.43853167,-135.0656883,168.0,17.0,167,9342281,C6VG7,NORWEGIAN PEARL,16,GLACIER BAY
2008-07-24T09:33:20,309653000,58.43899833,-135.0658733,168.0,17.0,167,9342281,C6VG7,NORWEGIAN PEARL,16,GLACIER BAY
2008-07-24T09:33:13,309653000,58.43944833,-135.0660567,168.3,17.1,167,9342281,C6VG7,NORWEGIAN PEARL,16,GLACIER BAY
2008-07-24T09:33:07,309653000,58.439915,-135.0662567,168.0,17.1,167,9342281,C6VG7,NORWEGIAN PEARL,16,GLACIER BAY
2008-07-24T09:33:02,309653000,58.44029833,-135.0664067,168.3,17.0,167,9342281,C6VG7,NORWEGIAN PEARL,16,GLACIER BAY
2008-07-24T09:32:56,309653000,58.44076667,-135.06659,168.0,17.1,167,9342281,C6VG7,NORWEGIAN PEARL,16,GLACIER BAY
2008-07-24T09:32:50,309653000,58.441215,-135.0667717,168.0,17.1,167,9342281,C6VG7,NORWEGIAN PEARL,16,GLACIER BAY
2008-07-24T09:32:44,309653000,58.44176333,-135.0669883,168.0,17.1,167,9342281,C6VG7,NORWEGIAN PEARL,16,GLACIER BAY
2008-07-24T09:32:37,309653000,58.44223,-135.0671717,168.3,17.1,167,9342281,C6VG7,NORWEGIAN PEARL,16,GLACIER BAY
2008-07-24T09:32:31,309653000,58.44269667,-135.0673717,168.3,17.0,167,9342281,C6VG7,NORWEGIAN PEARL,16,GLACIER BAY
2008-07-24T09:32:26,309653000,58.44314667,-135.067555,168.0,17.0,167,9342281,C6VG7,NORWEGIAN PEARL,16,GLACIER BAY
2008-07-24T09:32:20,309653000,58.44361333,-135.0677383,168.3,17.0,167,9342281,C6VG7,NORWEGIAN PEARL,16,GLACIER BAY
2008-07-24T09:32:13,309653000,58.44408,-135.0679217,168.0,17.0,167,9342281,C6VG7,NORWEGIAN PEARL,16,GLACIER BAY
2008-07-24T09:32:07,309653000,58.44454667,-135.0681217,168.3,17.1,167,9342281,C6VG7,NORWEGIAN PEARL,16,GLACIER BAY
2008-07-24T09:32:02,309653000,58.44493,-135.0682717,168.3,17.0,167,9342281,C6VG7,NORWEGIAN PEARL,16,GLACIER BAY
2008-07-24T09:31:56,309653000,58.44538,-135.068455,168.0,17.0,167,9342281,C6VG7,NORWEGIAN PEARL,16,GLACIER BAY
2008-07-24T09:31:50,309653000,58.44584667,-135.0686383,168.3,17.0,167,9342281,C6VG7,NORWEGIAN PEARL,16,GLACIER BAY
2008-07-24T09:31:44,309653000,58.44631333,-135.06884,168.3,17.0,167,9342281,C6VG7,NORWEGIAN PEARL,16,GLACIER BAY
2008-07-24T09:31:37,309653000,58.44684667,-135.0690383,168.3,17.0,167,9342281,C6VG7,NORWEGIAN PEARL,16,GLACIER BAY
2008-07-24T09:31:31,309653000,58.44731333,-135.0692217,168.3,17.0,167,9342281,C6VG7,NORWEGIAN PEARL,16,GLACIER BAY
2008-07-24T09:31:25,309653000,58.44777833,-135.069405,168.6,17.0,167,9342281,C6VG7,NORWEGIAN PEARL,16,GLACIER BAY
2008-07-24T09:31:20,309653000,58.44816167,-135.0695717,168.6,17.0,167,9342281,C6VG7,NORWEGIAN PEARL,16,GLACIER BAY
2008-07-24T09:31:13,309653000,58.44862833,-135.069755,168.6,17.0,167,9342281,C6VG7,NORWEGIAN PEARL,16,GLACIER BAY
2008-07-24T09:31:07,309653000,58.44922833,-135.0699883,168.3,17.0,167,9342281,C6VG7,NORWEGIAN PEARL,16,GLACIER BAY
2008-07-24T09:31:02,309653000,58.44961167,-135.07014,168.6,17.0,167,9342281,C6VG7,NORWEGIAN PEARL,16,GLACIER BAY
2008-07-24T09:30:56,309653000,58.45007833,-135.0703233,168.6,17.0,167,9342281,C6VG7,NORWEGIAN PEARL,16,GLACIER BAY
2008-07-24T09:30:50,309653000,58.450545,-135.0705067,168.6,17.0,167,9342281,C6VG7,NORWEGIAN PEARL,16,GLACIER BAY
2008-07-24T09:30:44,309653000,58.45101167,-135.07069,168.6,17.0,167,9342281,C6VG7,NORWEGIAN PEARL,16,GLACIER BAY
2008-07-24T09:30:37,309653000,58.45146,-135.0708567,168.6,17.0,167,9342281,C6VG7,NORWEGIAN PEARL,16,GLACIER BAY
2008-07-24T09:30:31,309653000,58.45192667,-135.0710233,168.6,17.0,167,9342281,C6VG7,NORWEGIAN PEARL,16,GLACIER BAY
2008-07-24T09:30:25,309653000,58.45239333,-135.0712067,168.6,17.0,167,9342281,C6VG7,NORWEGIAN PEARL,16,GLACIER BAY
2008-07-24T09:30:20,309653000,58.45286,-135.0713733,169.6,17.0,167,9342281,C6VG7,NORWEGIAN PEARL,16,GLACIER BAY
2008-07-24T09:30:14,309653000,58.45331,-135.07154,169.6,17.0,168,9342281,C6VG7,NORWEGIAN PEARL,16,GLACIER BAY
2008-07-24T09:30:07,309653000,58.45377667,-135.071725,169.3,17.0,168,9342281,C6VG7,NORWEGIAN PEARL,16,GLACIER BAY
2008-07-24T09:30:02,309653000,58.45416,-135.0718583,169.6,17.0,168,9342281,C6VG7,NORWEGIAN PEARL,16,GLACIER BAY
2008-07-24T09:30:01,309653000,58.45462667,-135.07201,0.0,0.0,0,9342281,C6VG7,NORWEGIAN PEARL,16,GLACIER BAY
2008-07-24T09:29:56,309653000,58.45462667,-135.07201,170.6,17.0,169,9342281,C6VG7,NORWEGIAN PEARL,16,GLACIER BAY
2008-07-24T09:29:50,309653000,58.45507667,-135.07216,170.3,17.0,169,9342281,C6VG7,NORWEGIAN PEARL,16,GLACIER BAY
2008-07-24T09:29:44,309653000,58.45555833,-135.0723117,171.3,17.1,170,9342281,C6VG7,NORWEGIAN PEARL,16,GLACIER BAY
2008-07-24T09:29:37,309653000,58.45609167,-135.072495,171.3,17.1,170,9342281,C6VG7,NORWEGIAN PEARL,16,GLACIER BAY
2008-07-24T09:29:31,309653000,58.45655667,-135.0726283,171.3,17.1,170,9342281,C6VG7,NORWEGIAN PEARL,16,GLACIER BAY
2008-07-24T09:29:25,309653000,58.457025,-135.0727617,171.3,17.1,170,9342281,C6VG7,NORWEGIAN PEARL,16,GLACIER BAY
2008-07-24T09:29:20,309653000,58.45750833,-135.072895,171.0,17.0,170,9342281,C6VG7,NORWEGIAN PEARL,16,GLACIER BAY
2008-07-24T09:29:13,309653000,58.45795833,-135.0730283,171.0,17.0,170,9342281,C6VG7,NORWEGIAN PEARL,16,GLACIER BAY
2008-07-24T09:29:07,309653000,58.45850667,-135.073195,171.3,17.1,170,9342281,C6VG7,NORWEGIAN PEARL,16,GLACIER BAY
2008-07-24T09:29:02,309653000,58.45889,-135.0733117,171.3,17.1,170,9342281,C6VG7,NORWEGIAN PEARL,16,GLACIER BAY
2008-07-24T09:28:56,309653000,58.45929,-135.07341,171.0,17.1,170,9342281,C6VG7,NORWEGIAN PEARL,16,GLACIER BAY
2008-07-24T09:28:50,309653000,58.45984,-135.0735767,171.0,17.1,170,9342281,C6VG7,NORWEGIAN PEARL,16,GLACIER BAY
2008-07-24T09:28:43,309653000,58.46030667,-135.0737267,171.0,17.1,170,9342281,C6VG7,NORWEGIAN PEARL,16,GLACIER BAY
2008-07-24T09:28:37,309653000,58.46077333,-135.0738617,171.0,17.1,170,9342281,C6VG7,NORWEGIAN PEARL,16,GLACIER BAY
2008-07-24T09:28:31,309653000,58.46124,-135.073995,171.3,17.1,170,9342281,C6VG7,NORWEGIAN PEARL,16,GLACIER BAY
2008-07-24T09:28:25,309653000,58.46170667,-135.0741283,171.3,17.1,170,9342281,C6VG7,NORWEGIAN PEARL,16,GLACIER BAY
2008-07-24T09:28:20,309653000,58.46210667,-135.074245,171.0,17.1,170,9342281,C6VG7,NORWEGIAN PEARL,16,GLACIER BAY
2008-07-24T09:28:13,309653000,58.46264,-135.0744117,171.0,17.1,170,9342281,C6VG7,NORWEGIAN PEARL,16,GLACIER BAY
2008-07-24T09:28:07,309653000,58.46312333,-135.074545,171.3,17.1,170,9342281,C6VG7,NORWEGIAN PEARL,16,GLACIER BAY
2008-07-24T09:28:01,309653000,58.46359,-135.0746783,171.3,17.1,170,9342281,C6VG7,NORWEGIAN PEARL,16,GLACIER BAY
2008-07-24T09:27:56,309653000,58.46397167,-135.074795,171.3,17.1,170,9342281,C6VG7,NORWEGIAN PEARL,16,GLACIER BAY
2008-07-24T09:27:50,309653000,58.46443833,-135.0749283,171.3,17.1,170,9342281,C6VG7,NORWEGIAN PEARL,16,GLACIER BAY
2008-07-24T09:27:43,309653000,58.46498833,-135.075095,171.3,17.1,170,9342281,C6VG7,NORWEGIAN PEARL,16,GLACIER BAY
2008-07-24T09:27:37,309653000,58.465455,-135.0752283,171.3,17.1,170,9342281,C6VG7,NORWEGIAN PEARL,16,GLACIER BAY
2008-07-24T09:27:31,309653000,58.46592167,-135.0753617,171.3,17.1,170,9342281,C6VG7,NORWEGIAN PEARL,16,GLACIER BAY
2008-07-24T09:27:25,309653000,58.46638833,-135.075495,171.6,17.1,170,9342281,C6VG7,NORWEGIAN PEARL,16,GLACIER BAY
2008-07-24T09:27:20,309653000,58.466855,-135.0756283,171.6,17.1,170,9342281,C6VG7,NORWEGIAN PEARL,16,GLACIER BAY
2008-07-24T09:27:07,309653000,58.46778833,-135.075895,171.3,17.0,170,9342281,C6VG7,NORWEGIAN PEARL,16,GLACIER BAY
2008-07-24T09:27:01,309653000,58.468255,-135.0760283,171.3,17.1,170,9342281,C6VG7,NORWEGIAN PEARL,16,GLACIER BAY
2008-07-24T09:26:56,309653000,58.46863833,-135.0761283,172.3,17.1,171,9342281,C6VG7,NORWEGIAN PEARL,16,GLACIER BAY
2008-07-24T09:26:50,309653000,58.469105,-135.0762617,172.3,17.0,171,9342281,C6VG7,NORWEGIAN PEARL,16,GLACIER BAY
2008-07-24T09:26:43,309653000,58.469655,-135.0764133,172.3,17.1,171,9342281,C6VG7,NORWEGIAN PEARL,16,GLACIER BAY
2008-07-24T09:26:37,309653000,58.47012167,-135.0765467,172.3,17.1,171,9342281,C6VG7,NORWEGIAN PEARL,16,GLACIER BAY
2008-07-24T09:26:31,309653000,58.470605,-135.0766633,173.0,17.1,172,9342281,C6VG7,NORWEGIAN PEARL,16,GLACIER BAY
2008-07-24T09:26:25,309653000,58.471055,-135.0767817,173.0,17.0,172,9342281,C6VG7,NORWEGIAN PEARL,16,GLACIER BAY
2008-07-24T09:26:20,309653000,58.471455,-135.0768817,173.0,17.0,172,9342281,C6VG7,NORWEGIAN PEARL,16,GLACIER BAY
2008-07-24T09:26:14,309653000,58.47192167,-135.0769817,173.0,17.0,172,9342281,C6VG7,NORWEGIAN PEARL,16,GLACIER BAY
2008-07-24T09:26:08,309653000,58.47238833,-135.0770983,173.0,17.0,172,9342281,C6VG7,NORWEGIAN PEARL,16,GLACIER BAY
2008-07-24T09:26:01,309653000,58.47301667,-135.07725,173.0,17.0,172,9342281,C6VG7,NORWEGIAN PEARL,16,GLACIER BAY
2008-07-24T09:25:55,309653000,58.47348333,-135.07735,173.0,17.0,172,9342281,C6VG7,NORWEGIAN PEARL,16,GLACIER BAY
2008-07-24T09:25:49,309653000,58.47395,-135.07745,173.0,17.0,172,9342281,C6VG7,NORWEGIAN PEARL,16,GLACIER BAY
2008-07-24T09:25:43,309653000,58.47433167,-135.07755,173.0,17.0,172,9342281,C6VG7,NORWEGIAN PEARL,16,GLACIER BAY
2008-07-24T09:25:37,309653000,58.474815,-135.0776667,173.0,17.0,172,9342281,C6VG7,NORWEGIAN PEARL,16,GLACIER BAY
2008-07-24T09:25:31,309653000,58.47526333,-135.0777667,173.3,16.9,172,9342281,C6VG7,NORWEGIAN PEARL,16,GLACIER BAY
2008-07-24T09:25:25,309653000,58.47574667,-135.0778833,173.0,16.9,172,9342281,C6VG7,NORWEGIAN PEARL,16,GLACIER BAY
2008-07-24T09:25:20,309653000,58.47613,-135.0779667,173.0,17.0,172,9342281,C6VG7,NORWEGIAN PEARL,16,GLACIER BAY
2008-07-24T09:25:14,309653000,58.47668,-135.0780983,172.6,17.0,172,9342281,C6VG7,NORWEGIAN PEARL,16,GLACIER BAY
2008-07-24T09:25:07,309653000,58.47713,-135.0781983,172.6,16.9,172,9342281,C6VG7,NORWEGIAN PEARL,16,GLACIER BAY
2008-07-24T09:25:01,309653000,58.47761333,-135.0783167,172.6,16.9,172,9342281,C6VG7,NORWEGIAN PEARL,16,GLACIER BAY
2008-07-24T09:24:55,309653000,58.47806333,-135.0784167,172.6,16.9,172,9342281,C6VG7,NORWEGIAN PEARL,16,GLACIER BAY
2008-07-24T09:24:49,309653000,58.47853,-135.0785333,173.0,16.9,172,9342281,C6VG7,NORWEGIAN PEARL,16,GLACIER BAY
2008-07-24T09:24:44,309653000,58.47891333,-135.0786167,173.0,16.9,172,9342281,C6VG7,NORWEGIAN PEARL,16,GLACIER BAY
2008-07-24T09:24:32,309653000,58.47984667,-135.0788333,172.6,16.9,172,9342281,C6VG7,NORWEGIAN PEARL,16,GLACIER BAY
2008-07-24T09:24:26,309653000,58.48031333,-135.07895,172.6,16.8,172,9342281,C6VG7,NORWEGIAN PEARL,16,GLACIER BAY
2008-07-24T09:24:20,309653000,58.48084667,-135.0790817,172.6,16.8,172,9342281,C6VG7,NORWEGIAN PEARL,16,GLACIER BAY
2008-07-24T09:24:14,309653000,58.48131167,-135.0791983,172.6,16.8,172,9342281,C6VG7,NORWEGIAN PEARL,16,GLACIER BAY
2008-07-24T09:24:07,309653000,58.48177833,-135.0792983,172.6,16.8,172,9342281,C6VG7,NORWEGIAN PEARL,16,GLACIER BAY
2008-07-24T09:24:02,309653000,58.482245,-135.079415,172.6,16.8,172,9342281,C6VG7,NORWEGIAN PEARL,16,GLACIER BAY
2008-07-24T09:23:57,309653000,58.48277833,-135.0795317,0.0,0.0,0,9342281,C6VG7,NORWEGIAN PEARL,16,GLACIER BAY
2008-07-24T09:23:55,309653000,58.48277833,-135.0795317,172.6,16.8,172,9342281,C6VG7,NORWEGIAN PEARL,16,GLACIER BAY
2008-07-24T09:23:49,309653000,58.48316167,-135.0796317,172.6,16.8,172,9342281,C6VG7,NORWEGIAN PEARL,16,GLACIER BAY
2008-07-24T09:23:44,309653000,58.48362833,-135.0797317,172.6,16.8,172,9342281,C6VG7,NORWEGIAN PEARL,16,GLACIER BAY
2008-07-24T09:23:38,309653000,58.484095,-135.0798483,172.6,16.8,172,9342281,C6VG7,NORWEGIAN PEARL,16,GLACIER BAY
2008-07-24T09:23:32,309653000,58.48446167,-135.0799483,172.6,16.8,172,9342281,C6VG7,NORWEGIAN PEARL,16,GLACIER BAY
2008-07-24T09:23:26,309653000,58.48501167,-135.0800817,173.0,16.8,172,9342281,C6VG7,NORWEGIAN PEARL,16,GLACIER BAY
2008-07-24T09:23:20,309653000,58.485395,-135.080165,172.6,16.8,172,9342281,C6VG7,NORWEGIAN PEARL,16,GLACIER BAY
2008-07-24T09:23:14,309653000,58.48586167,-135.0802817,172.6,16.7,172,9342281,C6VG7,NORWEGIAN PEARL,16,GLACIER BAY
2008-07-24T09:23:07,309653000,58.48639333,-135.080415,172.6,16.8,172,9342281,C6VG7,NORWEGIAN PEARL,16,GLACIER BAY
2008-07-24T09:22:55,309653000,58.48731,-135.0806317,172.6,16.7,172,9342281,C6VG7,NORWEGIAN PEARL,16,GLACIER BAY
2008-07-24T09:22:49,309653000,58.48776,-135.0807483,172.6,16.7,172,9342281,C6VG7,NORWEGIAN PEARL,16,GLACIER BAY
2008-07-24T09:22:44,309653000,58.48822667,-135.080865,172.6,16.7,172,9342281,C6VG7,NORWEGIAN PEARL,16,GLACIER BAY
2008-07-24T09:22:37,309653000,58.48869333,-135.0809817,172.6,16.7,172,9342281,C6VG7,NORWEGIAN PEARL,16,GLACIER BAY
2008-07-24T09:22:32,309653000,58.48914333,-135.0810983,172.3,16.7,172,9342281,C6VG7,NORWEGIAN PEARL,16,GLACIER BAY
2008-07-24T09:22:26,309653000,58.48961,-135.0811983,172.6,16.7,172,9342281,C6VG7,NORWEGIAN PEARL,16,GLACIER BAY
2008-07-24T09:22:20,309653000,58.49006,-135.081315,172.6,16.7,172,9342281,C6VG7,NORWEGIAN PEARL,16,GLACIER BAY
2008-07-24T09:22:14,309653000,58.49052667,-135.0814317,172.6,16.7,172,9342281,C6VG7,NORWEGIAN PEARL,16,GLACIER BAY
2008-07-24T09:22:07,309653000,58.49097667,-135.0815317,172.6,16.7,172,9342281,C6VG7,NORWEGIAN PEARL,16,GLACIER BAY
2008-07-24T09:21:55,309653000,58.49189333,-135.081765,172.3,16.7,172,9342281,C6VG7,NORWEGIAN PEARL,16,GLACIER BAY
2008-07-24T09:21:49,309653000,58.49236,-135.0818817,172.3,16.7,172,9342281,C6VG7,NORWEGIAN PEARL,16,GLACIER BAY
2008-07-24T09:21:44,309653000,58.49281,-135.0819983,172.3,16.7,172,9342281,C6VG7,NORWEGIAN PEARL,16,GLACIER BAY
2008-07-24T09:21:37,309653000,58.49327667,-135.082115,172.3,16.7,172,9342281,C6VG7,NORWEGIAN PEARL,16,GLACIER BAY
2008-07-24T09:21:32,309653000,58.49366,-135.0821983,172.3,16.7,172,9342281,C6VG7,NORWEGIAN PEARL,16,GLACIER BAY
2008-07-24T09:21:26,309653000,58.49412667,-135.082315,172.0,16.7,172,9342281,C6VG7,NORWEGIAN PEARL,16,GLACIER BAY
2008-07-24T09:21:20,309653000,58.49457667,-135.0824317,172.0,16.6,172,9342281,C6VG7,NORWEGIAN PEARL,16,GLACIER BAY
2008-07-24T09:21:14,309653000,58.49504333,-135.0825483,172.0,16.6,172,9342281,C6VG7,NORWEGIAN PEARL,16,GLACIER BAY
2008-07-24T09:21:07,309653000,58.49549333,-135.082665,172.0,16.6,172,9342281,C6VG7,NORWEGIAN PEARL,16,GLACIER BAY
2008-07-24T09:21:02,309653000,58.496025,-135.082815,172.0,16.7,172,9342281,C6VG7,NORWEGIAN PEARL,16,GLACIER BAY
2008-07-24T09:20:55,309653000,58.49655833,-135.0829483,171.0,16.7,171,9342281,C6VG7,NORWEGIAN PEARL,16,GLACIER BAY
2008-07-24T09:20:49,309653000,58.49700833,-135.0830817,171.3,16.7,171,9342281,C6VG7,NORWEGIAN PEARL,16,GLACIER BAY
2008-07-24T09:20:44,309653000,58.497325,-135.083165,171.3,16.7,171,9342281,C6VG7,NORWEGIAN PEARL,16,GLACIER BAY
2008-07-24T09:20:38,309653000,58.49785833,-135.0833133,171.3,16.7,171,9342281,C6VG7,NORWEGIAN PEARL,16,GLACIER BAY
2008-07-24T09:20:32,309653000,58.498225,-135.08343,170.0,16.7,170,9342281,C6VG7,NORWEGIAN PEARL,16,GLACIER BAY
2008-07-24T09:20:26,309653000,58.498775,-135.0835967,170.3,16.7,170,9342281,C6VG7,NORWEGIAN PEARL,16,GLACIER BAY
2008-07-24T09:20:20,309653000,58.49914167,-135.08373,170.0,16.7,170,9342281,C6VG7,NORWEGIAN PEARL,16,GLACIER BAY
2008-07-24T09:20:14,309653000,58.499675,-135.0838967,169.0,16.7,170,9342281,C6VG7,NORWEGIAN PEARL,16,GLACIER BAY
2008-07-24T09:20:07,309653000,58.50014167,-135.0840467,169.3,16.7,169,9342281,C6VG7,NORWEGIAN PEARL,16,GLACIER BAY
2008-07-24T09:20:02,309653000,58.500525,-135.08418,169.3,16.7,169,9342281,C6VG7,NORWEGIAN PEARL,16,GLACIER BAY
2008-07-24T09:19:55,309653000,58.50104167,-135.0843633,169.6,16.7,169,9342281,C6VG7,NORWEGIAN PEARL,16,GLACIER BAY
2008-07-24T09:19:49,309653000,58.50149,-135.08453,168.3,16.7,168,9342281,C6VG7,NORWEGIAN PEARL,16,GLACIER BAY
2008-07-24T09:19:44,309653000,58.50187333,-135.0846783,168.3,16.7,168,9342281,C6VG7,NORWEGIAN PEARL,16,GLACIER BAY
2008-07-24T09:19:37,309653000,58.50233833,-135.084845,168.3,16.7,168,9342281,C6VG7,NORWEGIAN PEARL,16,GLACIER BAY
2008-07-24T09:19:31,309653000,58.502855,-135.0850617,168.3,16.7,168,9342281,C6VG7,NORWEGIAN PEARL,16,GLACIER BAY
2008-07-24T09:19:26,309653000,58.50332167,-135.0852283,168.3,16.7,168,9342281,C6VG7,NORWEGIAN PEARL,16,GLACIER BAY
2008-07-24T09:19:20,309653000,58.50377167,-135.0854117,168.3,16.7,168,9342281,C6VG7,NORWEGIAN PEARL,16,GLACIER BAY
2008-07-24T09:19:14,309653000,58.50422167,-135.085595,168.3,16.7,168,9342281,C6VG7,NORWEGIAN PEARL,16,GLACIER BAY
2008-07-24T09:19:07,309653000,58.50467,-135.0857617,168.3,16.7,168,9342281,C6VG7,NORWEGIAN PEARL,16,GLACIER BAY
2008-07-24T09:19:02,309653000,58.50513667,-135.085945,168.3,16.7,168,9342281,C6VG7,NORWEGIAN PEARL,16,GLACIER BAY
2008-07-24T09:18:56,309653000,58.50558667,-135.0861117,168.3,16.7,168,9342281,C6VG7,NORWEGIAN PEARL,16,GLACIER BAY
2008-07-24T09:18:49,309653000,58.50603667,-135.086295,168.0,16.7,168,9342281,C6VG7,NORWEGIAN PEARL,16,GLACIER BAY
2008-07-24T09:18:44,309653000,58.50642,-135.086445,168.0,16.7,168,9342281,C6VG7,NORWEGIAN PEARL,16,GLACIER BAY
2008-07-24T09:18:38,309653000,58.50687,-135.0866283,168.0,16.7,168,9342281,C6VG7,NORWEGIAN PEARL,16,GLACIER BAY
2008-07-24T09:18:31,309653000,58.50738667,-135.086845,168.3,16.7,168,9342281,C6VG7,NORWEGIAN PEARL,16,GLACIER BAY
2008-07-24T09:18:26,309653000,58.50785333,-135.0870283,168.0,16.8,168,9342281,C6VG7,NORWEGIAN PEARL,16,GLACIER BAY
2008-07-24T09:18:20,309653000,58.50822,-135.0871783,168.0,16.7,168,9342281,C6VG7,NORWEGIAN PEARL,16,GLACIER BAY
2008-07-24T09:18:14,309653000,58.50868667,-135.0873617,168.0,16.7,168,9342281,C6VG7,NORWEGIAN PEARL,16,GLACIER BAY
2008-07-24T09:18:07,309653000,58.50920333,-135.0875783,168.0,16.7,168,9342281,C6VG7,NORWEGIAN PEARL,16,GLACIER BAY
2008-07-24T09:18:02,309653000,58.50958667,-135.0877283,167.0,16.7,167,9342281,C6VG7,NORWEGIAN PEARL,16,GLACIER BAY
2008-07-24T09:17:57,309653000,58.51010333,-135.087945,0.0,0.0,0,9342281,C6VG7,NORWEGIAN PEARL,16,GLACIER BAY
2008-07-24T09:17:56,309653000,58.51010333,-135.087945,167.0,16.7,167,9342281,C6VG7,NORWEGIAN PEARL,16,GLACIER BAY
2008-07-24T09:17:49,309653000,58.51055333,-135.088145,167.0,16.7,167,9342281,C6VG7,NORWEGIAN PEARL,16,GLACIER BAY
2008-07-24T09:17:44,309653000,58.51102,-135.088345,166.0,16.6,166,9342281,C6VG7,NORWEGIAN PEARL,16,GLACIER BAY
2008-07-24T09:17:38,309653000,58.51147,-135.0885433,166.3,16.6,166,9342281,C6VG7,NORWEGIAN PEARL,16,GLACIER BAY
2008-07-24T09:17:31,309653000,58.51198667,-135.0887767,166.3,16.7,166,9342281,C6VG7,NORWEGIAN PEARL,16,GLACIER BAY
2008-07-24T09:17:26,309653000,58.51237,-135.08896,166.3,16.7,166,9342281,C6VG7,NORWEGIAN PEARL,16,GLACIER BAY
2008-07-24T09:17:20,309653000,58.51282,-135.08916,166.3,16.7,166,9342281,C6VG7,NORWEGIAN PEARL,16,GLACIER BAY
2008-07-24T09:17:14,309653000,58.51327,-135.0893767,166.3,16.7,166,9342281,C6VG7,NORWEGIAN PEARL,16,GLACIER BAY
2008-07-24T09:17:07,309653000,58.51370333,-135.0895767,166.3,16.7,166,9342281,C6VG7,NORWEGIAN PEARL,16,GLACIER BAY
2008-07-24T09:17:02,309653000,58.51416833,-135.0897933,166.3,16.6,166,9342281,C6VG7,NORWEGIAN PEARL,16,GLACIER BAY
2008-07-24T09:16:55,309653000,58.51460167,-135.0899933,166.3,16.6,166,9342281,C6VG7,NORWEGIAN PEARL,16,GLACIER BAY
2008-07-24T09:16:49,309653000,58.51505167,-135.0901933,166.3,16.7,166,9342281,C6VG7,NORWEGIAN PEARL,16,GLACIER BAY
2008-07-24T09:16:44,309653000,58.515435,-135.0903767,166.3,16.6,166,9342281,C6VG7,NORWEGIAN PEARL,16,GLACIER BAY
2008-07-24T09:16:38,309653000,58.515885,-135.0905767,166.3,16.6,166,9342281,C6VG7,NORWEGIAN PEARL,16,GLACIER BAY
2008-07-24T09:16:31,309653000,58.51640167,-135.0908267,166.3,16.7,166,9342281,C6VG7,NORWEGIAN PEARL,16,GLACIER BAY
2008-07-24T09:16:25,309653000,58.51685167,-135.0910267,166.3,16.6,166,9342281,C6VG7,NORWEGIAN PEARL,16,GLACIER BAY
2008-07-24T09:16:20,309653000,58.51721833,-135.0911933,166.3,16.6,166,9342281,C6VG7,NORWEGIAN PEARL,16,GLACIER BAY
2008-07-24T09:16:14,309653000,58.51766833,-135.09141,166.3,16.6,166,9342281,C6VG7,NORWEGIAN PEARL,16,GLACIER BAY
2008-07-24T09:16:07,309653000,58.518185,-135.0916433,166.3,16.6,166,9342281,C6VG7,NORWEGIAN PEARL,16,GLACIER BAY
2008-07-24T09:16:02,309653000,58.518635,-135.09186,166.3,16.6,166,9342281,C6VG7,NORWEGIAN PEARL,16,GLACIER BAY
2008-07-24T09:15:55,309653000,58.519085,-135.09206,166.0,16.6,166,9342281,C6VG7,NORWEGIAN PEARL,16,GLACIER BAY
2008-07-24T09:15:38,309653000,58.52041833,-135.0926767,166.0,16.6,166,9342281,C6VG7,NORWEGIAN PEARL,16,GLACIER BAY
2008-07-24T09:15:31,309653000,58.52086833,-135.0928933,166.0,16.6,166,9342281,C6VG7,NORWEGIAN PEARL,16,GLACIER BAY
2008-07-24T09:15:25,309653000,58.52131833,-135.09311,166.0,16.6,166,9342281,C6VG7,NORWEGIAN PEARL,16,GLACIER BAY
2008-07-24T09:15:20,309653000,58.521685,-135.0932767,166.3,16.6,166,9342281,C6VG7,NORWEGIAN PEARL,16,GLACIER BAY
2008-07-24T09:15:14,309653000,58.52213333,-135.0934917,166.3,16.6,166,9342281,C6VG7,NORWEGIAN PEARL,16,GLACIER BAY
2008-07-24T09:15:07,309653000,58.52265,-135.0937433,166.3,16.5,166,9342281,C6VG7,NORWEGIAN PEARL,16,GLACIER BAY
2008-07-24T09:15:02,309653000,58.52303333,-135.0939083,166.3,16.6,166,9342281,C6VG7,NORWEGIAN PEARL,16,GLACIER BAY
2008-07-24T09:14:55,309653000,58.52355,-135.0941417,166.0,16.6,166,9342281,C6VG7,NORWEGIAN PEARL,16,GLACIER BAY
2008-07-24T09:14:50,309653000,58.52398333,-135.0943583,166.0,16.6,166,9342281,C6VG7,NORWEGIAN PEARL,16,GLACIER BAY
2008-07-24T09:14:44,309653000,58.52436667,-135.094525,166.0,16.6,166,9342281,C6VG7,NORWEGIAN PEARL,16,GLACIER BAY
2008-07-24T09:14:38,309653000,58.52481667,-135.0947417,166.3,16.6,166,9342281,C6VG7,NORWEGIAN PEARL,16,GLACIER BAY
2008-07-24T09:14:31,309653000,58.52533167,-135.094975,166.3,16.6,166,9342281,C6VG7,NORWEGIAN PEARL,16,GLACIER BAY
2008-07-24T09:14:25,309653000,58.52584833,-135.095225,166.3,16.6,166,9342281,C6VG7,NORWEGIAN PEARL,16,GLACIER BAY
2008-07-24T09:14:20,309653000,58.52623167,-135.0953917,166.0,16.6,166,9342281,C6VG7,NORWEGIAN PEARL,16,GLACIER BAY
2008-07-24T09:14:14,309653000,58.52668167,-135.0955917,166.0,16.6,166,9342281,C6VG7,NORWEGIAN PEARL,16,GLACIER BAY
2008-07-24T09:14:08,309653000,58.527115,-135.0958083,166.3,16.5,166,9342281,C6VG7,NORWEGIAN PEARL,16,GLACIER BAY
2008-07-24T09:14:02,309653000,58.527565,-135.0960083,166.3,16.5,166,9342281,C6VG7,NORWEGIAN PEARL,16,GLACIER BAY
2008-07-24T09:13:56,309653000,58.528015,-135.096225,166.3,16.6,166,9342281,C6VG7,NORWEGIAN PEARL,16,GLACIER BAY
2008-07-24T09:13:50,309653000,58.528465,-135.096425,166.3,16.6,166,9342281,C6VG7,NORWEGIAN PEARL,16,GLACIER BAY
2008-07-24T09:13:44,309653000,58.52889833,-135.096625,166.3,16.6,166,9342281,C6VG7,NORWEGIAN PEARL,16,GLACIER BAY
2008-07-24T09:13:38,309653000,58.52928167,-135.0968083,166.6,16.5,166,9342281,C6VG7,NORWEGIAN PEARL,16,GLACIER BAY
2008-07-24T09:13:31,309653000,58.52979833,-135.0970417,166.3,16.5,166,9342281,C6VG7,NORWEGIAN PEARL,16,GLACIER BAY
2008-07-24T09:13:25,309653000,58.53024833,-135.0972417,166.6,16.6,166,9342281,C6VG7,NORWEGIAN PEARL,16,GLACIER BAY
2008-07-24T09:13:20,309653000,58.53068167,-135.0974583,166.6,16.6,166,9342281,C6VG7,NORWEGIAN PEARL,16,GLACIER BAY
2008-07-24T09:13:14,309653000,58.531065,-135.097625,166.6,16.6,166,9342281,C6VG7,NORWEGIAN PEARL,16,GLACIER BAY
2008-07-24T09:13:02,309653000,58.53194833,-135.098025,166.6,16.6,166,9342281,C6VG7,NORWEGIAN PEARL,16,GLACIER BAY
2008-07-24T09:12:56,309653000,58.53239667,-135.098225,166.6,16.6,166,9342281,C6VG7,NORWEGIAN PEARL,16,GLACIER BAY
2008-07-24T09:12:50,309653000,58.53284667,-135.0984417,166.6,16.6,166,9342281,C6VG7,NORWEGIAN PEARL,16,GLACIER BAY
2008-07-24T09:12:44,309653000,58.53329667,-135.0986417,167.0,16.6,166,9342281,C6VG7,NORWEGIAN PEARL,16,GLACIER BAY
2008-07-24T09:12:38,309653000,58.53381167,-135.0988733,167.0,16.6,166,9342281,C6VG7,NORWEGIAN PEARL,16,GLACIER BAY
2008-07-24T09:12:31,309653000,58.53432833,-135.09909,167.0,16.6,166,9342281,C6VG7,NORWEGIAN PEARL,16,GLACIER BAY
2008-07-24T09:12:25,309653000,58.53477833,-135.09929,167.0,16.6,166,9342281,C6VG7,NORWEGIAN PEARL,16,GLACIER BAY
2008-07-24T09:12:19,309653000,58.535145,-135.0994567,167.0,16.5,166,9342281,C6VG7,NORWEGIAN PEARL,16,GLACIER BAY
2008-07-24T09:12:14,309653000,58.535595,-135.0996567,167.3,16.5,166,9342281,C6VG7,NORWEGIAN PEARL,16,GLACIER BAY
2008-07-24T09:12:08,309653000,58.53597833,-135.0998067,167.3,16.5,166,9342281,C6VG7,NORWEGIAN PEARL,16,GLACIER BAY
2008-07-24T09:11:56,309653000,58.536945,-135.1002233,167.3,16.5,166,9342281,C6VG7,NORWEGIAN PEARL,16,GLACIER BAY
2008-07-24T09:11:55,309653000,58.53737833,-135.1004067,0.0,0.0,0,9342281,C6VG7,NORWEGIAN PEARL,16,GLACIER BAY
2008-07-24T09:11:50,309653000,58.53737833,-135.1004067,167.7,16.5,166,9342281,C6VG7,NORWEGIAN PEARL,16,GLACIER BAY
2008-07-24T09:11:38,309653000,58.53821167,-135.1007567,168.3,16.5,167,9342281,C6VG7,NORWEGIAN PEARL,16,GLACIER BAY
2008-07-24T09:11:31,309653000,58.53872833,-135.100975,168.7,16.5,167,9342281,C6VG7,NORWEGIAN PEARL,16,GLACIER BAY
2008-07-24T09:11:14,309653000,58.53999333,-135.1014583,169.7,16.5,168,9342281,C6VG7,NORWEGIAN PEARL,16,GLACIER BAY
2008-07-24T09:11:08,309653000,58.54044333,-135.101625,169.3,16.5,168,9342281,C6VG7,NORWEGIAN PEARL,16,GLACIER BAY
2008-07-24T09:11:02,309653000,58.54096,-135.10181,170.7,16.5,169,9342281,C6VG7,NORWEGIAN PEARL,16,GLACIER BAY
2008-07-24T09:10:56,309653000,58.54142667,-135.10196,171.0,16.5,169,9342281,C6VG7,NORWEGIAN PEARL,16,GLACIER BAY
2008-07-24T09:10:50,309653000,58.54187667,-135.1020933,171.7,16.5,170,9342281,C6VG7,NORWEGIAN PEARL,16,GLACIER BAY
2008-07-24T09:10:44,309653000,58.54232667,-135.1022267,171.7,16.6,170,9342281,C6VG7,NORWEGIAN PEARL,16,GLACIER BAY
2008-07-24T09:10:38,309653000,58.542775,-135.10236,172.3,16.6,171,9342281,C6VG7,NORWEGIAN PEARL,16,GLACIER BAY
2008-07-24T09:10:31,309653000,58.54322667,-135.1024767,172.0,16.6,171,9342281,C6VG7,NORWEGIAN PEARL,16,GLACIER BAY
2008-07-24T09:10:26,309653000,58.54369333,-135.10261,172.0,16.6,171,9342281,C6VG7,NORWEGIAN PEARL,16,GLACIER BAY
2008-07-24T09:10:19,309653000,58.54414167,-135.1027267,172.6,16.5,172,9342281,C6VG7,NORWEGIAN PEARL,16,GLACIER BAY
2008-07-24T09:10:14,309653000,58.54450833,-135.1028267,173.0,16.5,172,9342281,C6VG7,NORWEGIAN PEARL,16,GLACIER BAY
2008-07-24T09:10:08,309653000,58.544975,-135.1029433,173.0,16.6,172,9342281,C6VG7,NORWEGIAN PEARL,16,GLACIER BAY
2008-07-24T09:10:02,309653000,58.545425,-135.1030433,173.0,16.6,172,9342281,C6VG7,NORWEGIAN PEARL,16,GLACIER BAY
2008-07-24T09:09:56,309653000,58.54589167,-135.103145,173.3,16.5,172,9342281,C6VG7,NORWEGIAN PEARL,16,GLACIER BAY
2008-07-24T09:09:50,309653000,58.54640833,-135.1032783,173.3,16.6,172,9342281,C6VG7,NORWEGIAN PEARL,16,GLACIER BAY
2008-07-24T09:09:44,309653000,58.54679167,-135.1033617,173.3,16.5,172,9342281,C6VG7,NORWEGIAN PEARL,16,GLACIER BAY
2008-07-24T09:09:38,309653000,58.54725833,-135.1034617,173.3,16.6,172,9342281,C6VG7,NORWEGIAN PEARL,16,GLACIER BAY
2008-07-24T09:09:31,309653000,58.547775,-135.1035783,173.3,16.6,172,9342281,C6VG7,NORWEGIAN PEARL,16,GLACIER BAY
2008-07-24T09:09:26,309653000,58.548175,-135.1036617,173.3,16.6,172,9342281,C6VG7,NORWEGIAN PEARL,16,GLACIER BAY
2008-07-24T09:09:19,309653000,58.54869167,-135.1037783,173.3,16.5,172,9342281,C6VG7,NORWEGIAN PEARL,16,GLACIER BAY
2008-07-24T09:09:14,309653000,58.54914167,-135.1038783,173.3,16.5,172,9342281,C6VG7,NORWEGIAN PEARL,16,GLACIER BAY
2008-07-24T09:09:07,309653000,58.54960833,-135.1039783,173.3,16.5,172,9342281,C6VG7,NORWEGIAN PEARL,16,GLACIER BAY
2008-07-24T09:09:02,309653000,58.55005833,-135.1040783,173.3,16.5,172,9342281,C6VG7,NORWEGIAN PEARL,16,GLACIER BAY
2008-07-24T09:08:56,309653000,58.550525,-135.1041783,173.3,16.5,172,9342281,C6VG7,NORWEGIAN PEARL,16,GLACIER BAY
2008-07-24T09:08:50,309653000,58.550975,-135.1042783,173.0,16.6,172,9342281,C6VG7,NORWEGIAN PEARL,16,GLACIER BAY
2008-07-24T09:08:44,309653000,58.551425,-135.1043767,173.0,16.5,172,9342281,C6VG7,NORWEGIAN PEARL,16,GLACIER BAY
2008-07-24T09:08:37,309653000,58.55189167,-135.1044783,173.0,16.5,172,9342281,C6VG7,NORWEGIAN PEARL,16,GLACIER BAY
2008-07-24T09:08:31,309653000,58.55234167,-135.1045767,173.0,16.5,172,9342281,C6VG7,NORWEGIAN PEARL,16,GLACIER BAY
2008-07-24T09:08:26,309653000,58.55279167,-135.1046783,173.3,16.5,172,9342281,C6VG7,NORWEGIAN PEARL,16,GLACIER BAY
2008-07-24T09:08:20,309653000,58.55324167,-135.1047783,173.3,16.5,172,9342281,C6VG7,NORWEGIAN PEARL,16,GLACIER BAY
2008-07-24T09:08:14,309653000,58.553625,-135.1048767,173.0,16.5,172,9342281,C6VG7,NORWEGIAN PEARL,16,GLACIER BAY
2008-07-24T09:08:07,309653000,58.55415667,-135.1049933,173.3,16.5,172,9342281,C6VG7,NORWEGIAN PEARL,16,GLACIER BAY
2008-07-24T09:08:02,309653000,58.55454,-135.1050767,173.3,16.5,172,9342281,C6VG7,NORWEGIAN PEARL,16,GLACIER BAY
2008-07-24T09:07:56,309653000,58.55499,-135.1051783,173.3,16.5,172,9342281,C6VG7,NORWEGIAN PEARL,16,GLACIER BAY
2008-07-24T09:07:49,309653000,58.55552333,-135.105295,173.3,16.5,172,9342281,C6VG7,NORWEGIAN PEARL,16,GLACIER BAY
2008-07-24T09:07:44,309653000,58.55590667,-135.1053783,173.3,16.5,172,9342281,C6VG7,NORWEGIAN PEARL,16,GLACIER BAY
2008-07-24T09:07:37,309653000,58.55644,-135.1054933,173.3,16.5,172,9342281,C6VG7,NORWEGIAN PEARL,16,GLACIER BAY
2008-07-24T09:07:31,309653000,58.55697333,-135.1056117,173.3,16.5,172,9342281,C6VG7,NORWEGIAN PEARL,16,GLACIER BAY
2008-07-24T09:07:25,309653000,58.55742333,-135.1057117,173.3,16.5,172,9342281,C6VG7,NORWEGIAN PEARL,16,GLACIER BAY
2008-07-24T09:07:19,309653000,58.55780667,-135.105795,173.3,16.5,172,9342281,C6VG7,NORWEGIAN PEARL,16,GLACIER BAY
2008-07-24T09:07:14,309653000,58.558175,-135.1058783,173.3,16.5,172,9342281,C6VG7,NORWEGIAN PEARL,16,GLACIER BAY
2008-07-24T09:07:07,309653000,58.55870667,-135.1059783,173.7,16.5,172,9342281,C6VG7,NORWEGIAN PEARL,16,GLACIER BAY
2008-07-24T09:07:02,309653000,58.55917333,-135.1060783,173.7,16.5,172,9342281,C6VG7,NORWEGIAN PEARL,16,GLACIER BAY
2008-07-24T09:06:56,309653000,58.55954,-135.10616,173.3,16.5,172,9342281,C6VG7,NORWEGIAN PEARL,16,GLACIER BAY
2008-07-24T09:06:49,309653000,58.56007333,-135.1062783,173.3,16.5,172,9342281,C6VG7,NORWEGIAN PEARL,16,GLACIER BAY
2008-07-24T09:06:44,309653000,58.56052333,-135.1063783,173.3,16.5,172,9342281,C6VG7,NORWEGIAN PEARL,16,GLACIER BAY
2008-07-24T09:06:37,309653000,58.56099,-135.1064783,173.3,16.5,172,9342281,C6VG7,NORWEGIAN PEARL,16,GLACIER BAY
2008-07-24T09:06:31,309653000,58.56144,-135.1065617,173.7,16.5,172,9342281,C6VG7,NORWEGIAN PEARL,16,GLACIER BAY
2008-07-24T09:06:25,309653000,58.56189,-135.1066617,173.7,16.5,172,9342281,C6VG7,NORWEGIAN PEARL,16,GLACIER BAY
2008-07-24T09:06:19,309653000,58.56233833,-135.10676,173.3,16.5,172,9342281,C6VG7,NORWEGIAN PEARL,16,GLACIER BAY
2008-07-24T09:06:14,309653000,58.56272167,-135.1068433,173.3,16.5,172,9342281,C6VG7,NORWEGIAN PEARL,16,GLACIER BAY
2008-07-24T09:06:07,309653000,58.56317167,-135.1069433,173.3,16.6,172,9342281,C6VG7,NORWEGIAN PEARL,16,GLACIER BAY
2008-07-24T09:06:02,309653000,58.56372167,-135.1070433,173.7,16.6,172,9342281,C6VG7,NORWEGIAN PEARL,16,GLACIER BAY
2008-07-24T09:05:56,309653000,58.56417167,-135.1071433,173.3,16.6,172,9342281,C6VG7,NORWEGIAN PEARL,16,GLACIER BAY
2008-07-24T09:05:54,309653000,58.56470667,-135.10726,0.0,0.0,0,9342281,C6VG7,NORWEGIAN PEARL,16,GLACIER BAY
2008-07-24T09:05:49,309653000,58.56470667,-135.10726,173.3,16.6,172,9342281,C6VG7,NORWEGIAN PEARL,16,GLACIER BAY
2008-07-24T09:05:44,309653000,58.56507167,-135.1073433,173.3,16.6,172,9342281,C6VG7,NORWEGIAN PEARL,16,GLACIER BAY
2008-07-24T09:05:37,309653000,58.56553833,-135.1074433,173.3,16.5,172,9342281,C6VG7,NORWEGIAN PEARL,16,GLACIER BAY
2008-07-24T09:05:31,309653000,58.56598833,-135.1075433,173.3,16.5,172,9342281,C6VG7,NORWEGIAN PEARL,16,GLACIER BAY
2008-07-24T09:05:25,309653000,58.56652167,-135.10766,173.3,16.5,172,9342281,C6VG7,NORWEGIAN PEARL,16,GLACIER BAY
2008-07-24T09:05:19,309653000,58.56688833,-135.1077433,173.3,16.5,172,9342281,C6VG7,NORWEGIAN PEARL,16,GLACIER BAY
2008-07-24T09:05:14,309653000,58.56727167,-135.1078267,173.3,16.5,172,9342281,C6VG7,NORWEGIAN PEARL,16,GLACIER BAY
2008-07-24T09:05:07,309653000,58.567805,-135.1079433,173.3,16.5,172,9342281,C6VG7,NORWEGIAN PEARL,16,GLACIER BAY
2008-07-24T09:05:02,309653000,58.56825333,-135.1080433,173.3,16.5,172,9342281,C6VG7,NORWEGIAN PEARL,16,GLACIER BAY
2008-07-24T09:04:56,309653000,58.56863833,-135.1081267,173.3,16.6,172,9342281,C6VG7,NORWEGIAN PEARL,16,GLACIER BAY
2008-07-24T09:04:49,309653000,58.56915333,-135.1082433,173.3,16.6,172,9342281,C6VG7,NORWEGIAN PEARL,16,GLACIER BAY
2008-07-24T09:04:44,309653000,58.56955333,-135.1083267,173.3,16.5,172,9342281,C6VG7,NORWEGIAN PEARL,16,GLACIER BAY
2008-07-24T09:04:37,309653000,58.57007,-135.1084433,173.0,16.5,172,9342281,C6VG7,NORWEGIAN PEARL,16,GLACIER BAY
2008-07-24T09:04:31,309653000,58.57053667,-135.1085433,173.0,16.5,172,9342281,C6VG7,NORWEGIAN PEARL,16,GLACIER BAY
2008-07-24T09:04:25,309653000,58.57098667,-135.1086433,173.0,16.5,172,9342281,C6VG7,NORWEGIAN PEARL,16,GLACIER BAY
2008-07-24T09:04:19,309653000,58.57152,-135.1087767,173.0,16.5,172,9342281,C6VG7,NORWEGIAN PEARL,16,GLACIER BAY
2008-07-24T09:04:14,309653000,58.57190333,-135.10886,173.0,16.6,172,9342281,C6VG7,NORWEGIAN PEARL,16,GLACIER BAY
2008-07-24T09:04:07,309653000,58.57235333,-135.10896,173.0,16.6,172,9342281,C6VG7,NORWEGIAN PEARL,16,GLACIER BAY
2008-07-24T09:04:02,309653000,58.57280333,-135.1090767,173.3,16.5,172,9342281,C6VG7,NORWEGIAN PEARL,16,GLACIER BAY
2008-07-24T09:03:56,309653000,58.57327,-135.1091767,173.3,16.5,172,9342281,C6VG7,NORWEGIAN PEARL,16,GLACIER BAY
2008-07-24T09:03:49,309653000,58.57372,-135.1092767,173.3,16.6,172,9342281,C6VG7,NORWEGIAN PEARL,16,GLACIER BAY
2008-07-24T09:03:43,309653000,58.57417,-135.1093767,173.0,16.5,172,9342281,C6VG7,NORWEGIAN PEARL,16,GLACIER BAY
2008-07-24T09:03:37,309653000,58.57463667,-135.1094767,173.0,16.5,172,9342281,C6VG7,NORWEGIAN PEARL,16,GLACIER BAY
2008-07-24T09:03:31,309653000,58.57508667,-135.1095767,173.3,16.5,172,9342281,C6VG7,NORWEGIAN PEARL,16,GLACIER BAY
2008-07-24T09:03:25,309653000,58.57553667,-135.1096767,173.3,16.5,172,9342281,C6VG7,NORWEGIAN PEARL,16,GLACIER BAY
2008-07-24T09:03:19,309653000,58.575985,-135.1097767,173.0,16.5,172,9342281,C6VG7,NORWEGIAN PEARL,16,GLACIER BAY
2008-07-24T09:03:14,309653000,58.57636833,-135.10986,173.0,16.5,172,9342281,C6VG7,NORWEGIAN PEARL,16,GLACIER BAY
2008-07-24T09:03:07,309653000,58.57690167,-135.1099767,173.0,16.5,172,9342281,C6VG7,NORWEGIAN PEARL,16,GLACIER BAY
2008-07-24T09:03:02,309653000,58.577285,-135.11006,173.0,16.6,172,9342281,C6VG7,NORWEGIAN PEARL,16,GLACIER BAY
2008-07-24T09:02:56,309653000,58.577735,-135.11016,173.0,16.6,172,9342281,C6VG7,NORWEGIAN PEARL,16,GLACIER BAY
2008-07-24T09:02:49,309653000,58.57825167,-135.1102767,173.0,16.6,172,9342281,C6VG7,NORWEGIAN PEARL,16,GLACIER BAY
2008-07-24T09:02:43,309653000,58.57871833,-135.1103933,172.6,16.6,172,9342281,C6VG7,NORWEGIAN PEARL,16,GLACIER BAY
2008-07-24T09:02:37,309653000,58.57925167,-135.11051,172.6,16.5,172,9342281,C6VG7,NORWEGIAN PEARL,16,GLACIER BAY
2008-07-24T09:02:31,309653000,58.57970167,-135.1106267,173.0,16.6,172,9342281,C6VG7,NORWEGIAN PEARL,16,GLACIER BAY
2008-07-24T09:02:26,309653000,58.580085,-135.1107083,172.6,16.6,172,9342281,C6VG7,NORWEGIAN PEARL,16,GLACIER BAY
2008-07-24T09:02:19,309653000,58.58061833,-135.1108433,173.0,16.5,172,9342281,C6VG7,NORWEGIAN PEARL,16,GLACIER BAY
2008-07-24T09:02:14,309653000,58.581,-135.1109417,172.6,16.5,172,9342281,C6VG7,NORWEGIAN PEARL,16,GLACIER BAY
2008-07-24T09:02:07,309653000,58.58145,-135.1110417,172.6,16.6,172,9342281,C6VG7,NORWEGIAN PEARL,16,GLACIER BAY
2008-07-24T09:02:02,309653000,58.58183333,-135.1111417,172.6,16.6,172,9342281,C6VG7,NORWEGIAN PEARL,16,GLACIER BAY
2008-07-24T09:01:56,309653000,58.58228333,-135.1112417,172.6,16.6,172,9342281,C6VG7,NORWEGIAN PEARL,16,GLACIER BAY
2008-07-24T09:01:49,309653000,58.58281667,-135.111375,173.0,16.6,172,9342281,C6VG7,NORWEGIAN PEARL,16,GLACIER BAY
2008-07-24T09:01:43,309653000,58.58328333,-135.111475,172.6,16.6,172,9342281,C6VG7,NORWEGIAN PEARL,16,GLACIER BAY
2008-07-24T09:01:37,309653000,58.58373333,-135.1115917,172.6,16.6,172,9342281,C6VG7,NORWEGIAN PEARL,16,GLACIER BAY
2008-07-24T09:01:31,309653000,58.58418333,-135.1117083,172.6,16.6,172,9342281,C6VG7,NORWEGIAN PEARL,16,GLACIER BAY
2008-07-24T09:01:26,309653000,58.58456667,-135.1117917,172.6,16.6,172,9342281,C6VG7,NORWEGIAN PEARL,16,GLACIER BAY
2008-07-24T09:01:19,309653000,58.58511667,-135.111925,172.6,16.6,172,9342281,C6VG7,NORWEGIAN PEARL,16,GLACIER BAY
2008-07-24T09:01:08,309653000,58.58595,-135.112125,172.6,16.6,172,9342281,C6VG7,NORWEGIAN PEARL,16,GLACIER BAY
2008-07-24T09:01:02,309653000,58.5864,-135.112225,173.0,16.6,172,9342281,C6VG7,NORWEGIAN PEARL,16,GLACIER BAY
2008-07-24T09:00:56,309653000,58.58693167,-135.1123583,173.0,16.6,172,9342281,C6VG7,NORWEGIAN PEARL,16,GLACIER BAY
2008-07-24T09:00:50,309653000,58.58738167,-135.1124583,173.0,16.6,172,9342281,C6VG7,NORWEGIAN PEARL,16,GLACIER BAY
2008-07-24T09:00:43,309653000,58.58784833,-135.112575,172.6,16.6,172,9342281,C6VG7,NORWEGIAN PEARL,16,GLACIER BAY
2008-07-24T09:00:37,309653000,58.58829833,-135.112675,173.0,16.6,172,9342281,C6VG7,NORWEGIAN PEARL,16,GLACIER BAY
2008-07-24T09:00:31,309653000,58.588765,-135.1127917,173.0,16.6,172,9342281,C6VG7,NORWEGIAN PEARL,16,GLACIER BAY
2008-07-24T09:00:26,309653000,58.589215,-135.1128917,173.0,16.6,172,9342281,C6VG7,NORWEGIAN PEARL,16,GLACIER BAY
2008-07-24T09:00:19,309653000,58.589665,-135.1130083,173.0,16.6,172,9342281,C6VG7,NORWEGIAN PEARL,16,GLACIER BAY
2008-07-24T09:00:14,309653000,58.59013,-135.1131083,173.0,16.6,172,9342281,C6VG7,NORWEGIAN PEARL,16,GLACIER BAY
2008-07-24T09:00:08,309653000,58.59051333,-135.1132083,173.0,16.7,172,9342281,C6VG7,NORWEGIAN PEARL,16,GLACIER BAY
2008-07-24T09:00:02,309653000,58.59096333,-135.1133083,173.0,16.7,172,9342281,C6VG7,NORWEGIAN PEARL,16,GLACIER BAY
2008-07-24T08:59:56,309653000,58.59143,-135.113425,173.0,16.7,172,9342281,C6VG7,NORWEGIAN PEARL,16,GLACIER BAY
2008-07-24T08:59:54,309653000,58.59196333,-135.1135417,0.0,0.0,0,9342281,C6VG7,NORWEGIAN PEARL,16,GLACIER BAY
2008-07-24T08:59:50,309653000,58.59196333,-135.1135417,173.3,16.7,172,9342281,C6VG7,NORWEGIAN PEARL,16,GLACIER BAY
2008-07-24T08:59:44,309653000,58.59234667,-135.113625,173.3,16.7,172,9342281,C6VG7,NORWEGIAN PEARL,16,GLACIER BAY
2008-07-24T08:59:37,309653000,58.59288,-135.1137583,173.0,16.6,172,9342281,C6VG7,NORWEGIAN PEARL,16,GLACIER BAY
2008-07-24T08:59:31,309653000,58.59333,-135.1138583,173.0,16.6,172,9342281,C6VG7,NORWEGIAN PEARL,16,GLACIER BAY
2008-07-24T08:59:26,309653000,58.59371333,-135.1139417,173.0,16.6,172,9342281,C6VG7,NORWEGIAN PEARL,16,GLACIER BAY
2008-07-24T08:59:19,309653000,58.59433,-135.114075,173.3,16.6,172,9342281,C6VG7,NORWEGIAN PEARL,16,GLACIER BAY
2008-07-24T08:59:08,309653000,58.59516333,-135.114275,173.0,16.6,172,9342281,C6VG7,NORWEGIAN PEARL,16,GLACIER BAY
2008-07-24T08:59:02,309653000,58.59563,-135.114375,173.3,16.6,172,9342281,C6VG7,NORWEGIAN PEARL,16,GLACIER BAY
2008-07-24T08:58:55,309653000,58.59616333,-135.1144917,173.3,16.6,172,9342281,C6VG7,NORWEGIAN PEARL,16,GLACIER BAY
2008-07-24T08:58:50,309653000,58.59653,-135.114575,173.3,16.6,172,9342281,C6VG7,NORWEGIAN PEARL,16,GLACIER BAY
2008-07-24T08:58:44,309653000,58.59691333,-135.1146583,173.0,16.6,172,9342281,C6VG7,NORWEGIAN PEARL,16,GLACIER BAY
2008-07-24T08:58:37,309653000,58.59746333,-135.1147917,173.3,16.6,172,9342281,C6VG7,NORWEGIAN PEARL,16,GLACIER BAY
2008-07-24T08:58:31,309653000,58.59791333,-135.114875,173.3,16.6,172,9342281,C6VG7,NORWEGIAN PEARL,16,GLACIER BAY
2008-07-24T08:58:26,309653000,58.59829667,-135.114975,173.3,16.6,172,9342281,C6VG7,NORWEGIAN PEARL,16,GLACIER BAY
2008-07-24T08:58:20,309653000,58.59874667,-135.115075,173.0,16.6,172,9342281,C6VG7,NORWEGIAN PEARL,16,GLACIER BAY
2008-07-24T08:58:14,309653000,58.59927833,-135.1151917,173.3,16.6,172,9342281,C6VG7,NORWEGIAN PEARL,16,GLACIER BAY
2008-07-24T08:58:08,309653000,58.59966167,-135.115275,173.3,16.6,172,9342281,C6VG7,NORWEGIAN PEARL,16,GLACIER BAY
2008-07-24T08:58:02,309653000,58.60011167,-135.115375,173.3,16.6,172,9342281,C6VG7,NORWEGIAN PEARL,16,GLACIER BAY
2008-07-24T08:57:55,309653000,58.600645,-135.1154917,173.3,16.6,172,9342281,C6VG7,NORWEGIAN PEARL,16,GLACIER BAY
2008-07-24T08:57:50,309653000,58.60102833,-135.115575,173.3,16.6,172,9342281,C6VG7,NORWEGIAN PEARL,16,GLACIER BAY
2008-07-24T08:57:44,309653000,58.60147833,-135.115675,173.3,16.6,172,9342281,C6VG7,NORWEGIAN PEARL,16,GLACIER BAY
2008-07-24T08:57:37,309653000,58.602095,-135.1158083,173.3,16.6,172,9342281,C6VG7,NORWEGIAN PEARL,16,GLACIER BAY
2008-07-24T08:57:31,309653000,58.602545,-135.1159083,173.0,16.6,172,9342281,C6VG7,NORWEGIAN PEARL,16,GLACIER BAY
2008-07-24T08:57:26,309653000,58.60292833,-135.1159917,173.0,16.6,172,9342281,C6VG7,NORWEGIAN PEARL,16,GLACIER BAY
2008-07-24T08:57:14,309653000,58.603845,-135.1161917,173.3,16.6,172,9342281,C6VG7,NORWEGIAN PEARL,16,GLACIER BAY
2008-07-24T08:57:07,309653000,58.604295,-135.1162917,173.3,16.5,172,9342281,C6VG7,NORWEGIAN PEARL,16,GLACIER BAY
2008-07-24T08:57:02,309653000,58.60467833,-135.116375,173.0,16.5,172,9342281,C6VG7,NORWEGIAN PEARL,16,GLACIER BAY
2008-07-24T08:56:55,309653000,58.60521167,-135.1164917,173.0,16.6,172,9342281,C6VG7,NORWEGIAN PEARL,16,GLACIER BAY
2008-07-24T08:56:49,309653000,58.60566167,-135.1165917,173.0,16.6,172,9342281,C6VG7,NORWEGIAN PEARL,16,GLACIER BAY
2008-07-24T08:56:44,309653000,58.606045,-135.1166917,173.3,16.6,172,9342281,C6VG7,NORWEGIAN PEARL,16,GLACIER BAY
2008-07-24T08:56:37,309653000,58.60657667,-135.1168083,173.0,16.5,172,9342281,C6VG7,NORWEGIAN PEARL,16,GLACIER BAY
2008-07-24T08:56:32,309653000,58.60696,-135.1168917,173.0,16.6,172,9342281,C6VG7,NORWEGIAN PEARL,16,GLACIER BAY
2008-07-24T08:56:14,309653000,58.60832833,-135.1171917,173.0,16.5,172,9342281,C6VG7,NORWEGIAN PEARL,16,GLACIER BAY
2008-07-24T08:56:07,309653000,58.60886,-135.117325,173.0,16.6,172,9342281,C6VG7,NORWEGIAN PEARL,16,GLACIER BAY
2008-07-24T08:56:02,309653000,58.60922667,-135.1174083,173.0,16.6,172,9342281,C6VG7,NORWEGIAN PEARL,16,GLACIER BAY
2008-07-24T08:55:55,309653000,58.60984333,-135.1175417,173.0,16.6,172,9342281,C6VG7,NORWEGIAN PEARL,16,GLACIER BAY
2008-07-24T08:55:49,309653000,58.61029333,-135.11764,173.0,16.6,172,9342281,C6VG7,NORWEGIAN PEARL,16,GLACIER BAY
2008-07-24T08:55:44,309653000,58.61059333,-135.1177067,173.0,16.6,172,9342281,C6VG7,NORWEGIAN PEARL,16,GLACIER BAY
2008-07-24T08:55:37,309653000,58.61120833,-135.11784,173.0,16.6,172,9342281,C6VG7,NORWEGIAN PEARL,16,GLACIER BAY
2008-07-24T08:55:32,309653000,58.61159167,-135.1179233,173.0,16.6,172,9342281,C6VG7,NORWEGIAN PEARL,16,GLACIER BAY
2008-07-24T08:55:26,309653000,58.61204167,-135.11804,173.3,16.6,172,9342281,C6VG7,NORWEGIAN PEARL,16,GLACIER BAY
2008-07-24T08:55:20,309653000,58.61249167,-135.1181417,173.0,16.5,172,9342281,C6VG7,NORWEGIAN PEARL,16,GLACIER BAY
2008-07-24T08:55:14,309653000,58.61295833,-135.11824,173.0,16.5,172,9342281,C6VG7,NORWEGIAN PEARL,16,GLACIER BAY
2008-07-24T08:55:07,309653000,58.61340833,-135.11834,173.0,16.6,172,9342281,C6VG7,NORWEGIAN PEARL,16,GLACIER BAY
2008-07-24T08:55:02,309653000,58.61379167,-135.1184233,173.0,16.6,172,9342281,C6VG7,NORWEGIAN PEARL,16,GLACIER BAY
2008-07-24T08:54:55,309653000,58.61430667,-135.11854,173.0,16.6,172,9342281,C6VG7,NORWEGIAN PEARL,16,GLACIER BAY
2008-07-24T08:54:49,309653000,58.61477333,-135.1186567,173.0,16.6,172,9342281,C6VG7,NORWEGIAN PEARL,16,GLACIER BAY
2008-07-24T08:54:44,309653000,58.61515667,-135.11874,173.0,16.6,172,9342281,C6VG7,NORWEGIAN PEARL,16,GLACIER BAY
2008-07-24T08:54:37,309653000,58.61569,-135.1188733,173.0,16.6,172,9342281,C6VG7,NORWEGIAN PEARL,16,GLACIER BAY
2008-07-24T08:54:32,309653000,58.61607333,-135.1189567,173.0,16.6,172,9342281,C6VG7,NORWEGIAN PEARL,16,GLACIER BAY
2008-07-24T08:54:26,309653000,58.61652333,-135.1190733,173.0,16.6,172,9342281,C6VG7,NORWEGIAN PEARL,16,GLACIER BAY
2008-07-24T08:54:20,309653000,58.61705667,-135.11919,173.0,16.6,172,9342281,C6VG7,NORWEGIAN PEARL,16,GLACIER BAY
2008-07-24T08:54:14,309653000,58.61750667,-135.11929,173.3,16.6,172,9342281,C6VG7,NORWEGIAN PEARL,16,GLACIER BAY
2008-07-24T08:54:07,309653000,58.61804,-135.1194233,173.0,16.6,172,9342281,C6VG7,NORWEGIAN PEARL,16,GLACIER BAY
2008-07-24T08:54:02,309653000,58.61842333,-135.1195067,173.0,16.6,172,9342281,C6VG7,NORWEGIAN PEARL,16,GLACIER BAY
2008-07-24T08:53:55,309653000,58.61895667,-135.11964,173.0,16.6,172,9342281,C6VG7,NORWEGIAN PEARL,16,GLACIER BAY
2008-07-24T08:53:55,309653000,58.61940833,-135.11974,0.0,0.0,0,9342281,C6VG7,NORWEGIAN PEARL,16,GLACIER BAY
2008-07-24T08:53:49,309653000,58.61940833,-135.11974,173.0,16.5,172,9342281,C6VG7,NORWEGIAN PEARL,16,GLACIER BAY
2008-07-24T08:53:44,309653000,58.61979167,-135.1198233,173.0,16.5,172,9342281,C6VG7,NORWEGIAN PEARL,16,GLACIER BAY
2008-07-24T08:53:37,309653000,58.62025667,-135.1199233,173.0,16.6,172,9342281,C6VG7,NORWEGIAN PEARL,16,GLACIER BAY
2008-07-24T08:53:32,309653000,58.62070833,-135.12004,173.0,16.6,172,9342281,C6VG7,NORWEGIAN PEARL,16,GLACIER BAY
2008-07-24T08:53:20,309653000,58.62154,-135.1202233,172.6,16.6,172,9342281,C6VG7,NORWEGIAN PEARL,16,GLACIER BAY
2008-07-24T08:53:14,309653000,58.62200667,-135.1203233,172.6,16.6,172,9342281,C6VG7,NORWEGIAN PEARL,16,GLACIER BAY
2008-07-24T08:53:07,309653000,58.62252333,-135.12044,172.6,16.6,172,9342281,C6VG7,NORWEGIAN PEARL,16,GLACIER BAY
2008-07-24T08:53:02,309653000,58.62290667,-135.1205233,172.6,16.6,172,9342281,C6VG7,NORWEGIAN PEARL,16,GLACIER BAY
2008-07-24T08:52:55,309653000,58.62345667,-135.12064,172.6,16.6,172,9342281,C6VG7,NORWEGIAN PEARL,16,GLACIER BAY
2008-07-24T08:52:50,309653000,58.62382333,-135.1207233,172.6,16.6,172,9342281,C6VG7,NORWEGIAN PEARL,16,GLACIER BAY
2008-07-24T08:52:44,309653000,58.62427333,-135.12084,172.6,16.6,172,9342281,C6VG7,NORWEGIAN PEARL,16,GLACIER BAY
2008-07-24T08:52:38,309653000,58.624805,-135.1209567,172.6,16.6,172,9342281,C6VG7,NORWEGIAN PEARL,16,GLACIER BAY
2008-07-24T08:52:32,309653000,58.62527333,-135.1210733,172.6,16.6,172,9342281,C6VG7,NORWEGIAN PEARL,16,GLACIER BAY
2008-07-24T08:52:26,309653000,58.62572167,-135.1211733,172.6,16.6,172,9342281,C6VG7,NORWEGIAN PEARL,16,GLACIER BAY
2008-07-24T08:52:20,309653000,58.62618833,-135.12129,172.6,16.6,172,9342281,C6VG7,NORWEGIAN PEARL,16,GLACIER BAY
2008-07-24T08:52:14,309653000,58.62657167,-135.12139,172.6,16.6,172,9342281,C6VG7,NORWEGIAN PEARL,16,GLACIER BAY
2008-07-24T08:52:07,309653000,58.62717167,-135.1215233,172.6,16.6,172,9342281,C6VG7,NORWEGIAN PEARL,16,GLACIER BAY
2008-07-24T08:52:02,309653000,58.627555,-135.1216217,172.6,16.6,172,9342281,C6VG7,NORWEGIAN PEARL,16,GLACIER BAY
2008-07-24T08:51:55,309653000,58.62800667,-135.1217217,172.3,16.6,172,9342281,C6VG7,NORWEGIAN PEARL,16,GLACIER BAY
2008-07-24T08:51:50,309653000,58.62838833,-135.1218217,172.6,16.6,172,9342281,C6VG7,NORWEGIAN PEARL,16,GLACIER BAY
2008-07-24T08:51:44,309653000,58.62893833,-135.121955,172.6,16.7,172,9342281,C6VG7,NORWEGIAN PEARL,16,GLACIER BAY
2008-07-24T08:51:38,309653000,58.629305,-135.1220383,172.6,16.7,172,9342281,C6VG7,NORWEGIAN PEARL,16,GLACIER BAY
2008-07-24T08:51:32,309653000,58.62977167,-135.122155,172.6,16.7,172,9342281,C6VG7,NORWEGIAN PEARL,16,GLACIER BAY
2008-07-24T08:51:26,309653000,58.63022333,-135.122255,172.3,16.7,172,9342281,C6VG7,NORWEGIAN PEARL,16,GLACIER BAY
2008-07-24T08:51:20,309653000,58.63068667,-135.1223717,172.6,16.7,172,9342281,C6VG7,NORWEGIAN PEARL,16,GLACIER BAY
2008-07-24T08:51:14,309653000,58.63113667,-135.1224883,172.6,16.7,172,9342281,C6VG7,NORWEGIAN PEARL,16,GLACIER BAY
2008-07-24T08:51:02,309653000,58.63205333,-135.122705,172.6,16.7,172,9342281,C6VG7,NORWEGIAN PEARL,16,GLACIER BAY
2008-07-24T08:50:55,309653000,58.63267,-135.122855,172.6,16.7,172,9342281,C6VG7,NORWEGIAN PEARL,16,GLACIER BAY
2008-07-24T08:50:50,309653000,58.63305167,-135.122955,172.6,16.7,172,9342281,C6VG7,NORWEGIAN PEARL,16,GLACIER BAY
2008-07-24T08:50:43,309653000,58.63351833,-135.123055,172.6,16.7,172,9342281,C6VG7,NORWEGIAN PEARL,16,GLACIER BAY
2008-07-24T08:50:38,309653000,58.63396833,-135.1231717,172.6,16.7,172,9342281,C6VG7,NORWEGIAN PEARL,16,GLACIER BAY
2008-07-24T08:50:32,309653000,58.634435,-135.1232883,172.6,16.7,172,9342281,C6VG7,NORWEGIAN PEARL,16,GLACIER BAY
2008-07-24T08:50:25,309653000,58.63496833,-135.123405,172.6,16.7,172,9342281,C6VG7,NORWEGIAN PEARL,16,GLACIER BAY
2008-07-24T08:50:20,309653000,58.63535167,-135.123505,172.6,16.7,172,9342281,C6VG7,NORWEGIAN PEARL,16,GLACIER BAY
2008-07-24T08:50:14,309653000,58.635735,-135.123605,172.6,16.7,172,9342281,C6VG7,NORWEGIAN PEARL,16,GLACIER BAY
2008-07-24T08:50:07,309653000,58.63626833,-135.1237217,172.6,16.7,172,9342281,C6VG7,NORWEGIAN PEARL,16,GLACIER BAY
2008-07-24T08:50:02,309653000,58.63665167,-135.1238217,172.6,16.7,172,9342281,C6VG7,NORWEGIAN PEARL,16,GLACIER BAY
2008-07-24T08:49:55,309653000,58.637185,-135.123955,172.6,16.7,172,9342281,C6VG7,NORWEGIAN PEARL,16,GLACIER BAY
2008-07-24T08:49:50,309653000,58.63756833,-135.1240383,172.6,16.7,172,9342281,C6VG7,NORWEGIAN PEARL,16,GLACIER BAY
2008-07-24T08:49:43,309653000,58.63810167,-135.1241717,173.0,16.7,172,9342281,C6VG7,NORWEGIAN PEARL,16,GLACIER BAY
2008-07-24T08:49:31,309653000,58.639035,-135.1243883,172.6,16.7,172,9342281,C6VG7,NORWEGIAN PEARL,16,GLACIER BAY
2008-07-24T08:49:25,309653000,58.639485,-135.1244883,172.6,16.7,172,9342281,C6VG7,NORWEGIAN PEARL,16,GLACIER BAY
2008-07-24T08:49:20,309653000,58.63986667,-135.1245883,172.6,16.8,172,9342281,C6VG7,NORWEGIAN PEARL,16,GLACIER BAY
2008-07-24T08:49:07,309653000,58.640935,-135.1248383,173.0,16.7,172,9342281,C6VG7,NORWEGIAN PEARL,16,GLACIER BAY
2008-07-24T08:48:55,309653000,58.64178333,-135.1250383,173.0,16.7,172,9342281,C6VG7,NORWEGIAN PEARL,16,GLACIER BAY
2008-07-24T08:48:50,309653000,58.64225,-135.125155,172.6,16.7,172,9342281,C6VG7,NORWEGIAN PEARL,16,GLACIER BAY
2008-07-24T08:48:43,309653000,58.6427,-135.125255,172.6,16.7,172,9342281,C6VG7,NORWEGIAN PEARL,16,GLACIER BAY
2008-07-24T08:48:31,309653000,58.643615,-135.1254717,172.6,16.8,172,9342281,C6VG7,NORWEGIAN PEARL,16,GLACIER BAY
2008-07-24T08:48:25,309653000,58.64408333,-135.1255883,172.6,16.7,172,9342281,C6VG7,NORWEGIAN PEARL,16,GLACIER BAY
2008-07-24T08:48:20,309653000,58.64453333,-135.1256883,172.6,16.8,172,9342281,C6VG7,NORWEGIAN PEARL,16,GLACIER BAY
2008-07-24T08:48:14,309653000,58.64491667,-135.1257883,172.6,16.8,172,9342281,C6VG7,NORWEGIAN PEARL,16,GLACIER BAY
2008-07-24T08:48:07,309653000,58.64546667,-135.12592,172.3,16.7,172,9342281,C6VG7,NORWEGIAN PEARL,16,GLACIER BAY
2008-07-24T08:48:01,309653000,58.64591667,-135.1260367,172.3,16.8,172,9342281,C6VG7,NORWEGIAN PEARL,16,GLACIER BAY
2008-07-24T08:47:55,309653000,58.64638333,-135.1261533,172.3,16.7,172,9342281,C6VG7,NORWEGIAN PEARL,16,GLACIER BAY
2008-07-24T08:47:55,309653000,58.64729833,-135.12637,0.0,0.0,0,9342281,C6VG7,NORWEGIAN PEARL,16,GLACIER BAY
2008-07-24T08:47:43,309653000,58.64729833,-135.12637,172.3,16.8,172,9342281,C6VG7,NORWEGIAN PEARL,16,GLACIER BAY
2008-07-24T08:47:37,309653000,58.64783167,-135.12652,172.0,16.8,172,9342281,C6VG7,NORWEGIAN PEARL,16,GLACIER BAY
2008-07-24T08:47:31,309653000,58.64821667,-135.12662,172.0,16.7,172,9342281,C6VG7,NORWEGIAN PEARL,16,GLACIER BAY
2008-07-24T08:47:25,309653000,58.64875,-135.1267533,172.0,16.7,172,9342281,C6VG7,NORWEGIAN PEARL,16,GLACIER BAY
2008-07-24T08:47:20,309653000,58.64913333,-135.1268533,172.0,16.7,172,9342281,C6VG7,NORWEGIAN PEARL,16,GLACIER BAY
2008-07-24T08:47:14,309653000,58.64959833,-135.12697,172.0,16.7,172,9342281,C6VG7,NORWEGIAN PEARL,16,GLACIER BAY
2008-07-24T08:47:07,309653000,58.65013333,-135.12712,171.6,16.7,172,9342281,C6VG7,NORWEGIAN PEARL,16,GLACIER BAY
2008-07-24T08:47:01,309653000,58.65051667,-135.12722,171.6,16.8,172,9342281,C6VG7,NORWEGIAN PEARL,16,GLACIER BAY
2008-07-24T08:46:55,309653000,58.65098333,-135.127335,171.6,16.8,172,9342281,C6VG7,NORWEGIAN PEARL,16,GLACIER BAY
2008-07-24T08:46:50,309653000,58.65136667,-135.1274517,171.6,16.8,172,9342281,C6VG7,NORWEGIAN PEARL,16,GLACIER BAY
2008-07-24T08:46:43,309653000,58.65189833,-135.1276017,170.6,16.8,171,9342281,C6VG7,NORWEGIAN PEARL,16,GLACIER BAY
2008-07-24T08:46:37,309653000,58.65234833,-135.1277333,170.6,16.8,171,9342281,C6VG7,NORWEGIAN PEARL,16,GLACIER BAY
2008-07-24T08:46:31,309653000,58.652815,-135.1278833,170.6,16.8,171,9342281,C6VG7,NORWEGIAN PEARL,16,GLACIER BAY
2008-07-24T08:46:25,309653000,58.653265,-135.1280333,169.6,16.8,170,9342281,C6VG7,NORWEGIAN PEARL,16,GLACIER BAY
2008-07-24T08:46:20,309653000,58.65364833,-135.1281483,169.6,16.7,170,9342281,C6VG7,NORWEGIAN PEARL,16,GLACIER BAY
2008-07-24T08:46:14,309653000,58.65411667,-135.128315,169.6,16.7,170,9342281,C6VG7,NORWEGIAN PEARL,16,GLACIER BAY
2008-07-24T08:46:07,309653000,58.65464833,-135.1284967,168.6,16.8,169,9342281,C6VG7,NORWEGIAN PEARL,16,GLACIER BAY
2008-07-24T08:46:01,309653000,58.65509833,-135.12868,168.6,16.8,169,9342281,C6VG7,NORWEGIAN PEARL,16,GLACIER BAY
2008-07-24T08:45:55,309653000,58.65563167,-135.12888,167.6,16.8,169,9342281,C6VG7,NORWEGIAN PEARL,16,GLACIER BAY
2008-07-24T08:45:50,309653000,58.656015,-135.12903,167.6,16.8,168,9342281,C6VG7,NORWEGIAN PEARL,16,GLACIER BAY
2008-07-24T08:45:43,309653000,58.656465,-135.1292117,168.0,16.8,168,9342281,C6VG7,NORWEGIAN PEARL,16,GLACIER BAY
2008-07-24T08:45:37,309653000,58.657,-135.1294283,167.0,16.8,167,9342281,C6VG7,NORWEGIAN PEARL,16,GLACIER BAY
2008-07-24T08:45:31,309653000,58.65738333,-135.1295933,166.6,16.8,167,9342281,C6VG7,NORWEGIAN PEARL,16,GLACIER BAY
2008-07-24T08:45:25,309653000,58.65791667,-135.1298283,167.0,16.8,167,9342281,C6VG7,NORWEGIAN PEARL,16,GLACIER BAY
2008-07-24T08:45:20,309653000,58.65828167,-135.1299933,167.0,16.8,167,9342281,C6VG7,NORWEGIAN PEARL,16,GLACIER BAY
2008-07-24T08:45:14,309653000,58.65873167,-135.1301933,167.0,16.8,167,9342281,C6VG7,NORWEGIAN PEARL,16,GLACIER BAY
2008-07-24T08:45:07,309653000,58.65919833,-135.1303933,166.6,16.8,167,9342281,C6VG7,NORWEGIAN PEARL,16,GLACIER BAY
2008-07-24T08:45:01,309653000,58.65964833,-135.1305933,167.0,16.8,167,9342281,C6VG7,NORWEGIAN PEARL,16,GLACIER BAY
2008-07-24T08:44:55,309653000,58.66009833,-135.1307933,167.0,16.8,167,9342281,C6VG7,NORWEGIAN PEARL,16,GLACIER BAY
2008-07-24T08:44:50,309653000,58.66048,-135.13096,166.6,16.8,167,9342281,C6VG7,NORWEGIAN PEARL,16,GLACIER BAY
2008-07-24T08:44:44,309653000,58.66093167,-135.13116,167.0,16.8,167,9342281,C6VG7,NORWEGIAN PEARL,16,GLACIER BAY
2008-07-24T08:44:38,309653000,58.66139833,-135.13136,167.0,16.8,167,9342281,C6VG7,NORWEGIAN PEARL,16,GLACIER BAY
2008-07-24T08:44:31,309653000,58.66193,-135.1315933,167.0,16.8,167,9342281,C6VG7,NORWEGIAN PEARL,16,GLACIER BAY
2008-07-24T08:44:25,309653000,58.66236333,-135.1317933,167.3,16.8,167,9342281,C6VG7,NORWEGIAN PEARL,16,GLACIER BAY
2008-07-24T08:44:20,309653000,58.66274667,-135.1319583,166.3,16.8,166,9342281,C6VG7,NORWEGIAN PEARL,16,GLACIER BAY
2008-07-24T08:44:07,309653000,58.66373,-135.132425,166.3,16.8,166,9342281,C6VG7,NORWEGIAN PEARL,16,GLACIER BAY
2008-07-24T08:44:01,309653000,58.66426333,-135.1326583,166.3,16.8,166,9342281,C6VG7,NORWEGIAN PEARL,16,GLACIER BAY
2008-07-24T08:43:55,309653000,58.66471167,-135.132875,166.3,16.8,166,9342281,C6VG7,NORWEGIAN PEARL,16,GLACIER BAY
2008-07-24T08:43:38,309653000,58.66599667,-135.133475,166.3,16.8,166,9342281,C6VG7,NORWEGIAN PEARL,16,GLACIER BAY
2008-07-24T08:43:31,309653000,58.66644667,-135.133675,166.3,16.8,166,9342281,C6VG7,NORWEGIAN PEARL,16,GLACIER BAY
2008-07-24T08:43:25,309653000,58.66689667,-135.1338917,166.0,16.8,166,9342281,C6VG7,NORWEGIAN PEARL,16,GLACIER BAY
2008-07-24T08:43:14,309653000,58.667795,-135.1343083,166.3,16.8,166,9342281,C6VG7,NORWEGIAN PEARL,16,GLACIER BAY
2008-07-24T08:43:07,309653000,58.66824333,-135.1345233,166.0,16.8,166,9342281,C6VG7,NORWEGIAN PEARL,16,GLACIER BAY
2008-07-24T08:43:01,309653000,58.668695,-135.134725,166.0,16.8,166,9342281,C6VG7,NORWEGIAN PEARL,16,GLACIER BAY
2008-07-24T08:42:55,309653000,58.669145,-135.1349417,166.3,16.8,166,9342281,C6VG7,NORWEGIAN PEARL,16,GLACIER BAY
2008-07-24T08:42:50,309653000,58.66952833,-135.1351083,166.3,16.8,166,9342281,C6VG7,NORWEGIAN PEARL,16,GLACIER BAY
2008-07-24T08:42:44,309653000,58.66997833,-135.135325,166.3,16.8,166,9342281,C6VG7,NORWEGIAN PEARL,16,GLACIER BAY
2008-07-24T08:42:38,309653000,58.67042833,-135.135525,166.3,16.8,166,9342281,C6VG7,NORWEGIAN PEARL,16,GLACIER BAY
2008-07-24T08:42:31,309653000,58.67102667,-135.1358067,166.0,16.8,166,9342281,C6VG7,NORWEGIAN PEARL,16,GLACIER BAY
2008-07-24T08:42:25,309653000,58.67141,-135.13599,166.0,16.8,166,9342281,C6VG7,NORWEGIAN PEARL,16,GLACIER BAY
2008-07-24T08:42:20,309653000,58.67186,-135.13619,166.0,16.8,166,9342281,C6VG7,NORWEGIAN PEARL,16,GLACIER BAY
2008-07-24T08:42:14,309653000,58.67231,-135.1364067,166.0,16.7,166,9342281,C6VG7,NORWEGIAN PEARL,16,GLACIER BAY
2008-07-24T08:42:07,309653000,58.67275833,-135.1366067,166.0,16.7,166,9342281,C6VG7,NORWEGIAN PEARL,16,GLACIER BAY
2008-07-24T08:42:01,309653000,58.67320833,-135.1368233,166.0,16.8,166,9342281,C6VG7,NORWEGIAN PEARL,16,GLACIER BAY
2008-07-24T08:41:56,309653000,58.67365833,-135.13704,166.0,16.7,166,9342281,C6VG7,NORWEGIAN PEARL,16,GLACIER BAY
2008-07-24T08:41:52,309653000,58.67410833,-135.1372383,0.0,0.0,0,9342281,C6VG7,NORWEGIAN PEARL,16,GLACIER BAY
2008-07-24T08:41:50,309653000,58.67410833,-135.1372383,166.0,16.7,166,9342281,C6VG7,NORWEGIAN PEARL,16,GLACIER BAY
2008-07-24T08:41:44,309653000,58.674475,-135.1374233,166.0,16.7,166,9342281,C6VG7,NORWEGIAN PEARL,16,GLACIER BAY
2008-07-24T08:41:38,309653000,58.67494167,-135.1376233,166.0,16.7,166,9342281,C6VG7,NORWEGIAN PEARL,16,GLACIER BAY
2008-07-24T08:41:31,309653000,58.67545833,-135.1378733,166.0,16.8,166,9342281,C6VG7,NORWEGIAN PEARL,16,GLACIER BAY
2008-07-24T08:41:25,309653000,58.67590833,-135.13809,166.0,16.7,166,9342281,C6VG7,NORWEGIAN PEARL,16,GLACIER BAY
2008-07-24T08:41:20,309653000,58.67635833,-135.13829,166.0,16.7,166,9342281,C6VG7,NORWEGIAN PEARL,16,GLACIER BAY
2008-07-24T08:41:14,309653000,58.67674167,-135.1384733,166.0,16.7,166,9342281,C6VG7,NORWEGIAN PEARL,16,GLACIER BAY
2008-07-24T08:41:07,309653000,58.67725833,-135.1387067,166.3,16.7,166,9342281,C6VG7,NORWEGIAN PEARL,16,GLACIER BAY
2008-07-24T08:41:01,309653000,58.67770833,-135.1389233,166.3,16.8,166,9342281,C6VG7,NORWEGIAN PEARL,16,GLACIER BAY
2008-07-24T08:40:56,309653000,58.67809167,-135.13909,166.3,16.8,166,9342281,C6VG7,NORWEGIAN PEARL,16,GLACIER BAY
2008-07-24T08:40:44,309653000,58.67907333,-135.139555,166.3,16.8,166,9342281,C6VG7,NORWEGIAN PEARL,16,GLACIER BAY
2008-07-24T08:40:38,309653000,58.679525,-135.1397567,166.3,16.7,166,9342281,C6VG7,NORWEGIAN PEARL,16,GLACIER BAY
2008-07-24T08:40:31,309653000,58.67997333,-135.1399567,166.3,16.7,166,9342281,C6VG7,NORWEGIAN PEARL,16,GLACIER BAY
2008-07-24T08:40:26,309653000,58.68042333,-135.1401717,166.3,16.7,166,9342281,C6VG7,NORWEGIAN PEARL,16,GLACIER BAY
2008-07-24T08:40:20,309653000,58.68087333,-135.1403733,166.3,16.7,166,9342281,C6VG7,NORWEGIAN PEARL,16,GLACIER BAY
2008-07-24T08:40:07,309653000,58.68177333,-135.1407883,166.3,16.7,166,9342281,C6VG7,NORWEGIAN PEARL,16,GLACIER BAY
2008-07-24T08:40:01,309653000,58.68222333,-135.1409883,166.3,16.7,166,9342281,C6VG7,NORWEGIAN PEARL,16,GLACIER BAY
2008-07-24T08:39:56,309653000,58.68267167,-135.141205,166.6,16.7,166,9342281,C6VG7,NORWEGIAN PEARL,16,GLACIER BAY
2008-07-24T08:39:50,309653000,58.68303833,-135.1413717,166.6,16.7,166,9342281,C6VG7,NORWEGIAN PEARL,16,GLACIER BAY
2008-07-24T08:39:44,309653000,58.683505,-135.1415883,166.6,16.8,166,9342281,C6VG7,NORWEGIAN PEARL,16,GLACIER BAY
2008-07-24T08:39:38,309653000,58.683955,-135.1417883,166.3,16.7,166,9342281,C6VG7,NORWEGIAN PEARL,16,GLACIER BAY
2008-07-24T08:39:31,309653000,58.68447167,-135.1420217,166.6,16.7,166,9342281,C6VG7,NORWEGIAN PEARL,16,GLACIER BAY
2008-07-24T08:39:26,309653000,58.684855,-135.142205,166.6,16.7,166,9342281,C6VG7,NORWEGIAN PEARL,16,GLACIER BAY
2008-07-24T08:39:20,309653000,58.685305,-135.142405,166.6,16.7,166,9342281,C6VG7,NORWEGIAN PEARL,16,GLACIER BAY
2008-07-24T08:39:13,309653000,58.685755,-135.142605,166.6,16.7,166,9342281,C6VG7,NORWEGIAN PEARL,16,GLACIER BAY
2008-07-24T08:39:02,309653000,58.68673833,-135.143055,166.6,16.7,166,9342281,C6VG7,NORWEGIAN PEARL,16,GLACIER BAY
2008-07-24T08:38:56,309653000,58.68718833,-135.143255,166.6,16.7,166,9342281,C6VG7,NORWEGIAN PEARL,16,GLACIER BAY
2008-07-24T08:38:50,309653000,58.68763833,-135.143455,166.6,16.7,166,9342281,C6VG7,NORWEGIAN PEARL,16,GLACIER BAY
2008-07-24T08:38:44,309653000,58.68808833,-135.1436717,166.6,16.7,166,9342281,C6VG7,NORWEGIAN PEARL,16,GLACIER BAY
2008-07-24T08:38:31,309653000,58.68898833,-135.1440883,166.3,16.7,166,9342281,C6VG7,NORWEGIAN PEARL,16,GLACIER BAY
2008-07-24T08:38:26,309653000,58.68943833,-135.1442883,166.3,16.7,166,9342281,C6VG7,NORWEGIAN PEARL,16,GLACIER BAY
2008-07-24T08:38:20,309653000,58.68988833,-135.1444883,166.3,16.7,166,9342281,C6VG7,NORWEGIAN PEARL,16,GLACIER BAY
2008-07-24T08:38:14,309653000,58.69033667,-135.144705,166.3,16.7,166,9342281,C6VG7,NORWEGIAN PEARL,16,GLACIER BAY
2008-07-24T08:38:07,309653000,58.69078667,-135.144905,166.6,16.7,166,9342281,C6VG7,NORWEGIAN PEARL,16,GLACIER BAY
2008-07-24T08:37:50,309653000,58.69205333,-135.1454883,166.3,16.7,166,9342281,C6VG7,NORWEGIAN PEARL,16,GLACIER BAY
2008-07-24T08:37:37,309653000,58.69303667,-135.1459383,166.3,16.7,166,9342281,C6VG7,NORWEGIAN PEARL,16,GLACIER BAY
2008-07-24T08:37:31,309653000,58.69355333,-135.1461717,166.3,16.7,166,9342281,C6VG7,NORWEGIAN PEARL,16,GLACIER BAY
2008-07-24T08:37:26,309653000,58.69393833,-135.1463383,166.6,16.7,166,9342281,C6VG7,NORWEGIAN PEARL,16,GLACIER BAY
2008-07-24T08:37:20,309653000,58.69438667,-135.146555,166.6,16.7,166,9342281,C6VG7,NORWEGIAN PEARL,16,GLACIER BAY
2008-07-24T08:37:13,309653000,58.69483667,-135.146755,166.6,16.7,166,9342281,C6VG7,NORWEGIAN PEARL,16,GLACIER BAY
2008-07-24T08:37:07,309653000,58.69537,-135.147005,166.6,16.7,166,9342281,C6VG7,NORWEGIAN PEARL,16,GLACIER BAY
2008-07-24T08:37:02,309653000,58.69573667,-135.1471717,166.6,16.7,166,9342281,C6VG7,NORWEGIAN PEARL,16,GLACIER BAY
2008-07-24T08:36:56,309653000,58.69618667,-135.1473717,166.6,16.7,166,9342281,C6VG7,NORWEGIAN PEARL,16,GLACIER BAY
2008-07-24T08:36:50,309653000,58.69663667,-135.1475717,166.6,16.7,166,9342281,C6VG7,NORWEGIAN PEARL,16,GLACIER BAY
2008-07-24T08:36:44,309653000,58.69701833,-135.1477533,166.6,16.6,166,9342281,C6VG7,NORWEGIAN PEARL,16,GLACIER BAY
2008-07-24T08:36:37,309653000,58.69755167,-135.1479867,166.6,16.7,166,9342281,C6VG7,NORWEGIAN PEARL,16,GLACIER BAY
2008-07-24T08:36:31,309653000,58.697985,-135.1481867,166.6,16.7,166,9342281,C6VG7,NORWEGIAN PEARL,16,GLACIER BAY
2008-07-24T08:36:26,309653000,58.69843333,-135.1483867,166.6,16.7,166,9342281,C6VG7,NORWEGIAN PEARL,16,GLACIER BAY
2008-07-24T08:36:20,309653000,58.698885,-135.1486033,166.6,16.6,166,9342281,C6VG7,NORWEGIAN PEARL,16,GLACIER BAY
2008-07-24T08:36:07,309653000,58.69978333,-135.1490033,166.6,16.6,166,9342281,C6VG7,NORWEGIAN PEARL,16,GLACIER BAY
2008-07-24T08:36:02,309653000,58.70016667,-135.14917,166.6,16.7,166,9342281,C6VG7,NORWEGIAN PEARL,16,GLACIER BAY
2008-07-24T08:35:50,309653000,58.70113333,-135.1496033,0.0,0.0,0,9342281,C6VG7,NORWEGIAN PEARL,16,GLACIER BAY
2008-07-24T08:35:50,309653000,58.70113333,-135.1496033,167.0,16.7,166,9342281,C6VG7,NORWEGIAN PEARL,16,GLACIER BAY
2008-07-24T08:35:31,309653000,58.70248333,-135.15022,166.6,16.6,166,9342281,C6VG7,NORWEGIAN PEARL,16,GLACIER BAY
2008-07-24T08:35:26,309653000,58.70293333,-135.1504033,166.6,16.7,166,9342281,C6VG7,NORWEGIAN PEARL,16,GLACIER BAY
2008-07-24T08:35:19,309653000,58.70338333,-135.15062,167.0,16.6,166,9342281,C6VG7,NORWEGIAN PEARL,16,GLACIER BAY
2008-07-24T08:35:14,309653000,58.70383333,-135.1508033,167.0,16.6,166,9342281,C6VG7,NORWEGIAN PEARL,16,GLACIER BAY
2008-07-24T08:35:07,309653000,58.70426667,-135.1510033,167.0,16.6,166,9342281,C6VG7,NORWEGIAN PEARL,16,GLACIER BAY
2008-07-24T08:35:02,309653000,58.70473333,-135.1512033,167.0,16.6,166,9342281,C6VG7,NORWEGIAN PEARL,16,GLACIER BAY
2008-07-24T08:34:56,309653000,58.70518333,-135.1514033,167.0,16.6,166,9342281,C6VG7,NORWEGIAN PEARL,16,GLACIER BAY
2008-07-24T08:34:50,309653000,58.70563333,-135.1516033,167.0,16.6,166,9342281,C6VG7,NORWEGIAN PEARL,16,GLACIER BAY
2008-07-24T08:34:44,309653000,58.706,-135.15177,167.0,16.6,166,9342281,C6VG7,NORWEGIAN PEARL,16,GLACIER BAY
2008-07-24T08:34:38,309653000,58.70644833,-135.15197,167.0,16.6,166,9342281,C6VG7,NORWEGIAN PEARL,16,GLACIER BAY
2008-07-24T08:34:26,309653000,58.707365,-135.1523533,167.0,16.6,166,9342281,C6VG7,NORWEGIAN PEARL,16,GLACIER BAY
2008-07-24T08:34:19,309653000,58.70788167,-135.1525867,167.0,16.6,166,9342281,C6VG7,NORWEGIAN PEARL,16,GLACIER BAY
2008-07-24T08:34:14,309653000,58.708265,-135.1527533,167.0,16.6,166,9342281,C6VG7,NORWEGIAN PEARL,16,GLACIER BAY
2008-07-24T08:34:08,309653000,58.70878167,-135.15297,167.0,16.6,166,9342281,C6VG7,NORWEGIAN PEARL,16,GLACIER BAY
2008-07-24T08:33:56,309653000,58.70968,-135.15337,167.0,16.6,166,9342281,C6VG7,NORWEGIAN PEARL,16,GLACIER BAY
2008-07-24T08:33:50,309653000,58.71013,-135.1535533,167.0,16.5,166,9342281,C6VG7,NORWEGIAN PEARL,16,GLACIER BAY
2008-07-24T08:33:44,309653000,58.71058,-135.1537533,167.0,16.6,166,9342281,C6VG7,NORWEGIAN PEARL,16,GLACIER BAY
2008-07-24T08:33:38,309653000,58.71103,-135.1539533,167.0,16.6,166,9342281,C6VG7,NORWEGIAN PEARL,16,GLACIER BAY
2008-07-24T08:33:31,309653000,58.71148,-135.1541367,167.3,16.5,166,9342281,C6VG7,NORWEGIAN PEARL,16,GLACIER BAY
2008-07-24T08:33:26,309653000,58.71191333,-135.1543367,167.3,16.5,166,9342281,C6VG7,NORWEGIAN PEARL,16,GLACIER BAY
2008-07-24T08:33:19,309653000,58.71236333,-135.1545367,167.3,16.5,166,9342281,C6VG7,NORWEGIAN PEARL,16,GLACIER BAY
2008-07-24T08:33:14,309653000,58.71281333,-135.1547183,167.3,16.5,166,9342281,C6VG7,NORWEGIAN PEARL,16,GLACIER BAY
2008-07-24T08:33:02,309653000,58.713645,-135.1550867,167.3,16.5,166,9342281,C6VG7,NORWEGIAN PEARL,16,GLACIER BAY
2008-07-24T08:32:50,309653000,58.714595,-135.1555017,167.3,16.5,166,9342281,C6VG7,NORWEGIAN PEARL,16,GLACIER BAY
2008-07-24T08:32:44,309653000,58.71497833,-135.1556533,167.3,16.5,166,9342281,C6VG7,NORWEGIAN PEARL,16,GLACIER BAY
2008-07-24T08:32:31,309653000,58.71601167,-135.1561033,167.3,16.5,166,9342281,C6VG7,NORWEGIAN PEARL,16,GLACIER BAY
2008-07-24T08:32:25,309653000,58.716395,-135.15627,167.3,16.5,166,9342281,C6VG7,NORWEGIAN PEARL,16,GLACIER BAY
2008-07-24T08:32:19,309653000,58.71691167,-135.1564867,168.0,16.5,167,9342281,C6VG7,NORWEGIAN PEARL,16,GLACIER BAY
2008-07-24T08:32:13,309653000,58.71727833,-135.1566367,168.0,16.5,167,9342281,C6VG7,NORWEGIAN PEARL,16,GLACIER BAY
2008-07-24T08:32:07,309653000,58.71772833,-135.15682,168.0,16.5,167,9342281,C6VG7,NORWEGIAN PEARL,16,GLACIER BAY
2008-07-24T08:32:01,309653000,58.71826,-135.1570367,168.0,16.5,167,9342281,C6VG7,NORWEGIAN PEARL,16,GLACIER BAY
2008-07-24T08:31:56,309653000,58.71862667,-135.1571867,168.0,16.5,167,9342281,C6VG7,NORWEGIAN PEARL,16,GLACIER BAY
2008-07-24T08:31:50,309653000,58.71907833,-135.15737,168.0,16.5,167,9342281,C6VG7,NORWEGIAN PEARL,16,GLACIER BAY
2008-07-24T08:31:44,309653000,58.719445,-135.15752,168.0,16.5,167,9342281,C6VG7,NORWEGIAN PEARL,16,GLACIER BAY
2008-07-24T08:31:31,309653000,58.72042833,-135.1579033,168.0,16.5,167,9342281,C6VG7,NORWEGIAN PEARL,16,GLACIER BAY
2008-07-24T08:31:13,309653000,58.72176,-135.1584533,167.6,16.5,167,9342281,C6VG7,NORWEGIAN PEARL,16,GLACIER BAY
2008-07-24T08:31:01,309653000,58.72266,-135.15882,167.6,16.5,167,9342281,C6VG7,NORWEGIAN PEARL,16,GLACIER BAY
2008-07-24T08:30:56,309653000,58.72302667,-135.1589867,167.6,16.4,167,9342281,C6VG7,NORWEGIAN PEARL,16,GLACIER BAY
2008-07-24T08:30:50,309653000,58.72354333,-135.1592017,167.6,16.5,167,9342281,C6VG7,NORWEGIAN PEARL,16,GLACIER BAY
2008-07-24T08:30:44,309653000,58.72399333,-135.159385,167.3,16.5,167,9342281,C6VG7,NORWEGIAN PEARL,16,GLACIER BAY
2008-07-24T08:30:38,309653000,58.72444333,-135.1595683,167.3,16.4,167,9342281,C6VG7,NORWEGIAN PEARL,16,GLACIER BAY
2008-07-24T08:30:31,309653000,58.72496,-135.159785,167.6,16.4,167,9342281,C6VG7,NORWEGIAN PEARL,16,GLACIER BAY
2008-07-24T08:30:13,309653000,58.72622667,-135.1603183,167.3,16.4,167,9342281,C6VG7,NORWEGIAN PEARL,16,GLACIER BAY
2008-07-24T08:29:51,309653000,58.72801,-135.1610683,0.0,0.0,0,9342281,C6VG7,NORWEGIAN PEARL,16,GLACIER BAY
2008-07-24T08:29:49,309653000,58.72801,-135.1610683,167.3,16.5,167,9342281,C6VG7,NORWEGIAN PEARL,16,GLACIER BAY
2008-07-24T08:29:44,309653000,58.728375,-135.161235,167.3,16.5,167,9342281,C6VG7,NORWEGIAN PEARL,16,GLACIER BAY
2008-07-24T08:29:38,309653000,58.728825,-135.1614183,167.3,16.5,167,9342281,C6VG7,NORWEGIAN PEARL,16,GLACIER BAY
2008-07-24T08:29:31,309653000,58.72935,-135.16165,167.3,16.5,167,9342281,C6VG7,NORWEGIAN PEARL,16,GLACIER BAY
2008-07-24T08:29:25,309653000,58.72979833,-135.1618333,167.3,16.5,167,9342281,C6VG7,NORWEGIAN PEARL,16,GLACIER BAY
2008-07-24T08:29:20,309653000,58.730165,-135.162,167.3,16.5,167,9342281,C6VG7,NORWEGIAN PEARL,16,GLACIER BAY
2008-07-24T08:29:13,309653000,58.730765,-135.1622483,167.0,16.5,167,9342281,C6VG7,NORWEGIAN PEARL,16,GLACIER BAY
2008-07-24T08:29:07,309653000,58.73113,-135.162415,167.0,16.5,167,9342281,C6VG7,NORWEGIAN PEARL,16,GLACIER BAY
2008-07-24T08:29:01,309653000,58.73164667,-135.1626317,167.0,16.5,167,9342281,C6VG7,NORWEGIAN PEARL,16,GLACIER BAY
2008-07-24T08:28:56,309653000,58.73201333,-135.1627983,167.0,16.5,167,9342281,C6VG7,NORWEGIAN PEARL,16,GLACIER BAY
2008-07-24T08:28:50,309653000,58.732465,-135.1629817,167.0,16.5,167,9342281,C6VG7,NORWEGIAN PEARL,16,GLACIER BAY
2008-07-24T08:28:44,309653000,58.73289667,-135.1631817,167.0,16.5,167,9342281,C6VG7,NORWEGIAN PEARL,16,GLACIER BAY
2008-07-24T08:28:38,309653000,58.73334833,-135.163365,167.0,16.5,167,9342281,C6VG7,NORWEGIAN PEARL,16,GLACIER BAY
2008-07-24T08:28:31,309653000,58.73379667,-135.163565,167.0,16.5,167,9342281,C6VG7,NORWEGIAN PEARL,16,GLACIER BAY
2008-07-24T08:28:25,309653000,58.73424667,-135.163765,167.0,16.5,167,9342281,C6VG7,NORWEGIAN PEARL,16,GLACIER BAY
2008-07-24T08:28:20,309653000,58.73468,-135.1639483,167.0,16.5,167,9342281,C6VG7,NORWEGIAN PEARL,16,GLACIER BAY
2008-07-24T08:28:07,309653000,58.73557833,-135.1643483,166.6,16.5,167,9342281,C6VG7,NORWEGIAN PEARL,16,GLACIER BAY
2008-07-24T08:28:01,309653000,58.73602833,-135.1645317,167.0,16.5,167,9342281,C6VG7,NORWEGIAN PEARL,16,GLACIER BAY
2008-07-24T08:27:55,309653000,58.73646167,-135.1647317,167.0,16.5,167,9342281,C6VG7,NORWEGIAN PEARL,16,GLACIER BAY
2008-07-24T08:27:50,309653000,58.736845,-135.1648983,167.0,16.5,167,9342281,C6VG7,NORWEGIAN PEARL,16,GLACIER BAY
2008-07-24T08:27:44,309653000,58.73727833,-135.1650817,166.6,16.5,167,9342281,C6VG7,NORWEGIAN PEARL,16,GLACIER BAY
2008-07-24T08:27:38,309653000,58.73772833,-135.1652817,167.0,16.5,167,9342281,C6VG7,NORWEGIAN PEARL,16,GLACIER BAY
2008-07-24T08:27:31,309653000,58.738245,-135.165515,167.0,16.5,167,9342281,C6VG7,NORWEGIAN PEARL,16,GLACIER BAY
2008-07-24T08:27:25,309653000,58.738695,-135.165715,167.0,16.5,167,9342281,C6VG7,NORWEGIAN PEARL,16,GLACIER BAY
2008-07-24T08:27:20,309653000,58.73912833,-135.165915,167.0,16.5,167,9342281,C6VG7,NORWEGIAN PEARL,16,GLACIER BAY
2008-07-24T08:27:08,309653000,58.74002833,-135.1662983,167.0,16.5,167,9342281,C6VG7,NORWEGIAN PEARL,16,GLACIER BAY
2008-07-24T08:27:01,309653000,58.740545,-135.1665317,167.0,16.5,167,9342281,C6VG7,NORWEGIAN PEARL,16,GLACIER BAY
2008-07-24T08:26:55,309653000,58.74091167,-135.1666983,167.0,16.5,167,9342281,C6VG7,NORWEGIAN PEARL,16,GLACIER BAY
2008-07-24T08:26:50,309653000,58.74136167,-135.1668817,167.0,16.5,167,9342281,C6VG7,NORWEGIAN PEARL,16,GLACIER BAY
2008-07-24T08:26:44,309653000,58.74181167,-135.1670817,167.0,16.5,167,9342281,C6VG7,NORWEGIAN PEARL,16,GLACIER BAY
2008-07-24T08:26:38,309653000,58.742195,-135.1672483,167.0,16.5,167,9342281,C6VG7,NORWEGIAN PEARL,16,GLACIER BAY
2008-07-24T08:26:32,309653000,58.74269333,-135.16748,167.0,16.6,167,9342281,C6VG7,NORWEGIAN PEARL,16,GLACIER BAY
2008-07-24T08:26:20,309653000,58.74352667,-135.1678467,167.0,16.5,167,9342281,C6VG7,NORWEGIAN PEARL,16,GLACIER BAY
2008-07-24T08:26:14,309653000,58.74404333,-135.1680633,167.0,16.6,167,9342281,C6VG7,NORWEGIAN PEARL,16,GLACIER BAY
2008-07-24T08:26:08,309653000,58.74441,-135.16823,167.0,16.6,167,9342281,C6VG7,NORWEGIAN PEARL,16,GLACIER BAY
2008-07-24T08:26:01,309653000,58.74494333,-135.1684633,167.0,16.5,167,9342281,C6VG7,NORWEGIAN PEARL,16,GLACIER BAY
2008-07-24T08:25:55,309653000,58.74537667,-135.1686633,167.0,16.5,167,9342281,C6VG7,NORWEGIAN PEARL,16,GLACIER BAY
2008-07-24T08:25:50,309653000,58.74582667,-135.1688633,166.6,16.6,167,9342281,C6VG7,NORWEGIAN PEARL,16,GLACIER BAY
2008-07-24T08:25:44,309653000,58.74627667,-135.1690633,166.6,16.5,167,9342281,C6VG7,NORWEGIAN PEARL,16,GLACIER BAY
2008-07-24T08:25:38,309653000,58.74672667,-135.1692633,166.6,16.5,167,9342281,C6VG7,NORWEGIAN PEARL,16,GLACIER BAY
2008-07-24T08:25:32,309653000,58.747175,-135.1694467,166.6,16.6,167,9342281,C6VG7,NORWEGIAN PEARL,16,GLACIER BAY
2008-07-24T08:25:26,309653000,58.747625,-135.1696467,166.6,16.6,167,9342281,C6VG7,NORWEGIAN PEARL,16,GLACIER BAY
2008-07-24T08:25:08,309653000,58.74895833,-135.1702467,166.6,16.6,167,9342281,C6VG7,NORWEGIAN PEARL,16,GLACIER BAY
2008-07-24T08:24:55,309653000,58.74985833,-135.1706467,167.0,16.6,167,9342281,C6VG7,NORWEGIAN PEARL,16,GLACIER BAY
2008-07-24T08:24:50,309653000,58.75029167,-135.170845,167.0,16.6,167,9342281,C6VG7,NORWEGIAN PEARL,16,GLACIER BAY
2008-07-24T08:24:44,309653000,58.750675,-135.1710133,167.0,16.6,167,9342281,C6VG7,NORWEGIAN PEARL,16,GLACIER BAY
2008-07-24T08:24:32,309653000,58.751575,-135.1714117,166.6,16.6,167,9342281,C6VG7,NORWEGIAN PEARL,16,GLACIER BAY
2008-07-24T08:24:26,309653000,58.75202333,-135.1716117,167.0,16.5,167,9342281,C6VG7,NORWEGIAN PEARL,16,GLACIER BAY
2008-07-24T08:24:08,309653000,58.75345667,-135.172245,167.0,16.6,167,9342281,C6VG7,NORWEGIAN PEARL,16,GLACIER BAY
2008-07-24T08:24:01,309653000,58.75397333,-135.1724783,167.0,16.6,167,9342281,C6VG7,NORWEGIAN PEARL,16,GLACIER BAY
2008-07-24T08:23:55,309653000,58.75442333,-135.1726783,167.0,16.6,167,9342281,C6VG7,NORWEGIAN PEARL,16,GLACIER BAY
2008-07-24T08:23:50,309653000,58.75479,-135.1728283,167.0,16.6,167,9342281,C6VG7,NORWEGIAN PEARL,16,GLACIER BAY
2008-07-24T08:23:49,309653000,58.75524,-135.1730283,0.0,0.0,0,9342281,C6VG7,NORWEGIAN PEARL,16,GLACIER BAY
2008-07-24T08:23:44,309653000,58.75524,-135.1730283,167.0,16.6,167,9342281,C6VG7,NORWEGIAN PEARL,16,GLACIER BAY
2008-07-24T08:23:37,309653000,58.75569,-135.1732283,167.0,16.7,167,9342281,C6VG7,NORWEGIAN PEARL,16,GLACIER BAY
2008-07-24T08:23:26,309653000,58.75659,-135.1736283,167.0,16.6,167,9342281,C6VG7,NORWEGIAN PEARL,16,GLACIER BAY
2008-07-24T08:23:19,309653000,58.75704,-135.1738283,167.0,16.6,167,9342281,C6VG7,NORWEGIAN PEARL,16,GLACIER BAY
2008-07-24T08:23:14,309653000,58.75742333,-135.173995,167.0,16.6,167,9342281,C6VG7,NORWEGIAN PEARL,16,GLACIER BAY
2008-07-24T08:23:07,309653000,58.75793833,-135.1742283,167.0,16.6,167,9342281,C6VG7,NORWEGIAN PEARL,16,GLACIER BAY
2008-07-24T08:23:01,309653000,58.75838833,-135.1744283,167.0,16.6,167,9342281,C6VG7,NORWEGIAN PEARL,16,GLACIER BAY
2008-07-24T08:22:55,309653000,58.75883833,-135.1746117,167.0,16.6,167,9342281,C6VG7,NORWEGIAN PEARL,16,GLACIER BAY
2008-07-24T08:22:44,309653000,58.759655,-135.1749783,167.0,16.6,167,9342281,C6VG7,NORWEGIAN PEARL,16,GLACIER BAY
2008-07-24T08:22:37,309653000,58.76018833,-135.1752117,167.0,16.6,167,9342281,C6VG7,NORWEGIAN PEARL,16,GLACIER BAY
2008-07-24T08:22:19,309653000,58.76153833,-135.175795,167.0,16.7,167,9342281,C6VG7,NORWEGIAN PEARL,16,GLACIER BAY
2008-07-24T08:22:14,309653000,58.76198833,-135.1760117,167.0,16.7,167,9342281,C6VG7,NORWEGIAN PEARL,16,GLACIER BAY
2008-07-24T08:22:01,309653000,58.76297167,-135.1764283,167.0,16.6,167,9342281,C6VG7,NORWEGIAN PEARL,16,GLACIER BAY
2008-07-24T08:21:55,309653000,58.763355,-135.176595,166.6,16.6,167,9342281,C6VG7,NORWEGIAN PEARL,16,GLACIER BAY
2008-07-24T08:21:44,309653000,58.764255,-135.1770117,167.0,16.7,167,9342281,C6VG7,NORWEGIAN PEARL,16,GLACIER BAY
2008-07-24T08:21:26,309653000,58.76558833,-135.1776283,166.0,16.6,166,9342281,C6VG7,NORWEGIAN PEARL,16,GLACIER BAY
2008-07-24T08:21:19,309653000,58.76603667,-135.1778433,166.0,16.6,166,9342281,C6VG7,NORWEGIAN PEARL,16,GLACIER BAY
2008-07-24T08:21:14,309653000,58.76642,-135.17801,166.0,16.7,166,9342281,C6VG7,NORWEGIAN PEARL,16,GLACIER BAY
2008-07-24T08:21:07,309653000,58.76693667,-135.17826,166.0,16.7,166,9342281,C6VG7,NORWEGIAN PEARL,16,GLACIER BAY
2008-07-24T08:21:01,309653000,58.76738667,-135.1784767,166.0,16.6,166,9342281,C6VG7,NORWEGIAN PEARL,16,GLACIER BAY
2008-07-24T08:20:56,309653000,58.76775333,-135.17866,166.0,16.6,166,9342281,C6VG7,NORWEGIAN PEARL,16,GLACIER BAY
2008-07-24T08:20:50,309653000,58.76820333,-135.17886,166.0,16.6,166,9342281,C6VG7,NORWEGIAN PEARL,16,GLACIER BAY
2008-07-24T08:20:44,309653000,58.76872,-135.17911,166.0,16.6,166,9342281,C6VG7,NORWEGIAN PEARL,16,GLACIER BAY
2008-07-24T08:20:37,309653000,58.76923667,-135.1793433,166.3,16.6,166,9342281,C6VG7,NORWEGIAN PEARL,16,GLACIER BAY
2008-07-24T08:20:19,309653000,58.77050333,-135.1799433,166.3,16.6,166,9342281,C6VG7,NORWEGIAN PEARL,16,GLACIER BAY
2008-07-24T08:20:14,309653000,58.77087,-135.18011,166.3,16.6,166,9342281,C6VG7,NORWEGIAN PEARL,16,GLACIER BAY
2008-07-24T08:20:07,309653000,58.77140167,-135.18036,166.6,16.6,166,9342281,C6VG7,NORWEGIAN PEARL,16,GLACIER BAY
2008-07-24T08:20:01,309653000,58.77185167,-135.18056,166.6,16.6,166,9342281,C6VG7,NORWEGIAN PEARL,16,GLACIER BAY
2008-07-24T08:19:56,309653000,58.77230167,-135.18076,166.3,16.6,166,9342281,C6VG7,NORWEGIAN PEARL,16,GLACIER BAY
2008-07-24T08:19:50,309653000,58.77266833,-135.1809267,166.3,16.6,166,9342281,C6VG7,NORWEGIAN PEARL,16,GLACIER BAY
2008-07-24T08:19:44,309653000,58.77311833,-135.1811433,167.3,16.6,167,9342281,C6VG7,NORWEGIAN PEARL,16,GLACIER BAY
2008-07-24T08:19:32,309653000,58.77401833,-135.1815433,167.6,16.6,167,9342281,C6VG7,NORWEGIAN PEARL,16,GLACIER BAY
2008-07-24T08:19:19,309653000,58.77500167,-135.18196,168.3,16.6,168,9342281,C6VG7,NORWEGIAN PEARL,16,GLACIER BAY
2008-07-24T08:19:14,309653000,58.775385,-135.18211,168.3,16.6,168,9342281,C6VG7,NORWEGIAN PEARL,16,GLACIER BAY
2008-07-24T08:19:07,309653000,58.77598333,-135.18236,168.6,16.6,168,9342281,C6VG7,NORWEGIAN PEARL,16,GLACIER BAY
2008-07-24T08:19:01,309653000,58.77635,-135.1824933,168.6,16.6,168,9342281,C6VG7,NORWEGIAN PEARL,16,GLACIER BAY
2008-07-24T08:18:56,309653000,58.7768,-135.1826767,168.6,16.6,168,9342281,C6VG7,NORWEGIAN PEARL,16,GLACIER BAY
2008-07-24T08:18:50,309653000,58.77725,-135.18286,168.6,16.6,168,9342281,C6VG7,NORWEGIAN PEARL,16,GLACIER BAY
2008-07-24T08:18:44,309653000,58.7777,-135.1830267,168.6,16.6,168,9342281,C6VG7,NORWEGIAN PEARL,16,GLACIER BAY
2008-07-24T08:18:37,309653000,58.77816667,-135.18321,168.6,16.6,168,9342281,C6VG7,NORWEGIAN PEARL,16,GLACIER BAY
2008-07-24T08:18:31,309653000,58.77868333,-135.18341,168.6,16.6,168,9342281,C6VG7,NORWEGIAN PEARL,16,GLACIER BAY
2008-07-24T08:18:26,309653000,58.77905,-135.18356,168.6,16.6,168,9342281,C6VG7,NORWEGIAN PEARL,16,GLACIER BAY
2008-07-24T08:18:19,309653000,58.77951667,-135.1837267,170.0,16.6,169,9342281,C6VG7,NORWEGIAN PEARL,16,GLACIER BAY
2008-07-24T08:18:14,309653000,58.77988333,-135.18386,170.0,16.5,169,9342281,C6VG7,NORWEGIAN PEARL,16,GLACIER BAY
2008-07-24T08:18:07,309653000,58.78041667,-135.184045,170.0,16.5,169,9342281,C6VG7,NORWEGIAN PEARL,16,GLACIER BAY
2008-07-24T08:18:01,309653000,58.78086667,-135.1842117,170.6,16.6,170,9342281,C6VG7,NORWEGIAN PEARL,16,GLACIER BAY
2008-07-24T08:17:56,309653000,58.78125,-135.1843283,170.6,16.6,170,9342281,C6VG7,NORWEGIAN PEARL,16,GLACIER BAY
2008-07-24T08:17:55,309653000,58.7817,-135.1844783,0.0,0.0,0,9342281,C6VG7,NORWEGIAN PEARL,16,GLACIER BAY
2008-07-24T08:17:50,309653000,58.7817,-135.1844783,171.0,16.6,170,9342281,C6VG7,NORWEGIAN PEARL,16,GLACIER BAY
2008-07-24T08:17:44,309653000,58.78215,-135.1846117,171.0,16.6,170,9342281,C6VG7,NORWEGIAN PEARL,16,GLACIER BAY
2008-07-24T08:17:38,309653000,58.7826,-135.184745,171.0,16.6,170,9342281,C6VG7,NORWEGIAN PEARL,16,GLACIER BAY
2008-07-24T08:17:31,309653000,58.78311667,-135.184895,171.6,16.5,171,9342281,C6VG7,NORWEGIAN PEARL,16,GLACIER BAY
2008-07-24T08:17:26,309653000,58.78356667,-135.1850283,171.6,16.5,171,9342281,C6VG7,NORWEGIAN PEARL,16,GLACIER BAY
2008-07-24T08:17:19,309653000,58.78403333,-135.1851617,171.6,16.5,171,9342281,C6VG7,NORWEGIAN PEARL,16,GLACIER BAY
2008-07-24T08:17:13,309653000,58.784465,-135.1852783,172.3,16.6,172,9342281,C6VG7,NORWEGIAN PEARL,16,GLACIER BAY
2008-07-24T08:17:07,309653000,58.78493333,-135.185395,172.6,16.5,172,9342281,C6VG7,NORWEGIAN PEARL,16,GLACIER BAY
2008-07-24T08:17:01,309653000,58.78538333,-135.1855117,172.6,16.5,172,9342281,C6VG7,NORWEGIAN PEARL,16,GLACIER BAY
2008-07-24T08:16:56,309653000,58.78585,-135.1856283,172.6,16.5,172,9342281,C6VG7,NORWEGIAN PEARL,16,GLACIER BAY
2008-07-24T08:16:50,309653000,58.78628333,-135.1857283,172.6,16.5,172,9342281,C6VG7,NORWEGIAN PEARL,16,GLACIER BAY
2008-07-24T08:16:31,309653000,58.78764833,-135.1860617,173.0,16.5,172,9342281,C6VG7,NORWEGIAN PEARL,16,GLACIER BAY
2008-07-24T08:16:26,309653000,58.78809833,-135.1861617,173.3,16.6,172,9342281,C6VG7,NORWEGIAN PEARL,16,GLACIER BAY
2008-07-24T08:16:19,309653000,58.78854833,-135.1862617,173.3,16.5,172,9342281,C6VG7,NORWEGIAN PEARL,16,GLACIER BAY
2008-07-24T08:16:07,309653000,58.789465,-135.18648,174.3,16.5,173,9342281,C6VG7,NORWEGIAN PEARL,16,GLACIER BAY
2008-07-24T08:15:44,309653000,58.79128,-135.1868467,175.0,16.5,174,9342281,C6VG7,NORWEGIAN PEARL,16,GLACIER BAY
2008-07-24T08:15:31,309653000,58.79226333,-135.1869967,175.6,16.5,175,9342281,C6VG7,NORWEGIAN PEARL,16,GLACIER BAY
2008-07-24T08:15:26,309653000,58.79264667,-135.1870633,175.6,16.5,175,9342281,C6VG7,NORWEGIAN PEARL,16,GLACIER BAY
2008-07-24T08:15:07,309653000,58.79401333,-135.1872467,175.6,16.5,175,9342281,C6VG7,NORWEGIAN PEARL,16,GLACIER BAY
2008-07-24T08:15:01,309653000,58.79448,-135.1873133,175.6,16.5,175,9342281,C6VG7,NORWEGIAN PEARL,16,GLACIER BAY
2008-07-24T08:14:50,309653000,58.79531333,-135.18743,175.6,16.6,175,9342281,C6VG7,NORWEGIAN PEARL,16,GLACIER BAY
2008-07-24T08:14:44,309653000,58.79584667,-135.1874967,175.6,16.6,175,9342281,C6VG7,NORWEGIAN PEARL,16,GLACIER BAY
2008-07-24T08:14:31,309653000,58.79676333,-135.18763,175.6,16.6,175,9342281,C6VG7,NORWEGIAN PEARL,16,GLACIER BAY
2008-07-24T08:14:26,309653000,58.79723,-135.1876967,175.6,16.6,175,9342281,C6VG7,NORWEGIAN PEARL,16,GLACIER BAY
2008-07-24T08:13:56,309653000,58.79951167,-135.1880133,175.6,16.5,175,9342281,C6VG7,NORWEGIAN PEARL,16,GLACIER BAY
2008-07-24T08:13:44,309653000,58.80042667,-135.1881633,175.3,16.5,175,9342281,C6VG7,NORWEGIAN PEARL,16,GLACIER BAY
2008-07-24T08:13:32,309653000,58.80136,-135.1882967,175.3,16.6,175,9342281,C6VG7,NORWEGIAN PEARL,16,GLACIER BAY
2008-07-24T08:13:19,309653000,58.80229333,-135.1884467,174.3,16.6,174,9342281,C6VG7,NORWEGIAN PEARL,16,GLACIER BAY
2008-07-24T08:13:13,309653000,58.80276,-135.18853,174.3,16.6,174,9342281,C6VG7,NORWEGIAN PEARL,16,GLACIER BAY
2008-07-24T08:13:07,309653000,58.80319333,-135.1886133,174.3,16.6,174,9342281,C6VG7,NORWEGIAN PEARL,16,GLACIER BAY
2008-07-24T08:13:01,309653000,58.80366,-135.188695,174.3,16.6,174,9342281,C6VG7,NORWEGIAN PEARL,16,GLACIER BAY
2008-07-24T08:12:56,309653000,58.80404333,-135.1887633,174.3,16.6,174,9342281,C6VG7,NORWEGIAN PEARL,16,GLACIER BAY
2008-07-24T08:12:50,309653000,58.80449333,-135.188845,174.3,16.6,174,9342281,C6VG7,NORWEGIAN PEARL,16,GLACIER BAY
2008-07-24T08:12:32,309653000,58.80587667,-135.189095,174.3,16.6,174,9342281,C6VG7,NORWEGIAN PEARL,16,GLACIER BAY
2008-07-24T08:12:20,309653000,58.80685833,-135.1892783,174.3,16.6,174,9342281,C6VG7,NORWEGIAN PEARL,16,GLACIER BAY
2008-07-24T08:12:07,309653000,58.80785833,-135.1894617,174.3,16.6,174,9342281,C6VG7,NORWEGIAN PEARL,16,GLACIER BAY
2008-07-24T08:12:01,309653000,58.80830833,-135.189545,174.3,16.6,174,9342281,C6VG7,NORWEGIAN PEARL,16,GLACIER BAY
2008-07-24T08:11:56,309653000,58.80869167,-135.1896117,174.3,16.6,174,9342281,C6VG7,NORWEGIAN PEARL,16,GLACIER BAY
2008-07-24T08:11:52,309653000,58.80914167,-135.189695,0.0,0.0,0,9342281,C6VG7,NORWEGIAN PEARL,16,GLACIER BAY
2008-07-24T08:11:50,309653000,58.80914167,-135.189695,174.0,16.6,174,9342281,C6VG7,NORWEGIAN PEARL,16,GLACIER BAY
2008-07-24T08:11:32,309653000,58.81044,-135.189945,174.0,16.6,174,9342281,C6VG7,NORWEGIAN PEARL,16,GLACIER BAY
2008-07-24T08:11:20,309653000,58.81144,-135.190145,173.6,16.6,174,9342281,C6VG7,NORWEGIAN PEARL,16,GLACIER BAY
2008-07-24T08:11:07,309653000,58.81235667,-135.1903117,173.6,16.7,174,9342281,C6VG7,NORWEGIAN PEARL,16,GLACIER BAY
2008-07-24T08:11:01,309653000,58.81280667,-135.190395,173.6,16.7,174,9342281,C6VG7,NORWEGIAN PEARL,16,GLACIER BAY
2008-07-24T08:10:56,309653000,58.81319,-135.1904783,174.0,16.7,174,9342281,C6VG7,NORWEGIAN PEARL,16,GLACIER BAY
2008-07-24T08:10:50,309653000,58.81365667,-135.1905617,174.0,16.7,174,9342281,C6VG7,NORWEGIAN PEARL,16,GLACIER BAY
2008-07-24T08:10:44,309653000,58.81419,-135.1906617,174.3,16.7,174,9342281,C6VG7,NORWEGIAN PEARL,16,GLACIER BAY
2008-07-24T08:10:32,309653000,58.81510667,-135.190845,174.3,16.7,174,9342281,C6VG7,NORWEGIAN PEARL,16,GLACIER BAY
2008-07-24T08:10:20,309653000,58.81602333,-135.1910117,174.3,16.7,174,9342281,C6VG7,NORWEGIAN PEARL,16,GLACIER BAY
2008-07-24T08:10:13,309653000,58.81649,-135.1911117,174.3,16.7,174,9342281,C6VG7,NORWEGIAN PEARL,16,GLACIER BAY
2008-07-24T08:10:08,309653000,58.81694,-135.191195,174.6,16.7,174,9342281,C6VG7,NORWEGIAN PEARL,16,GLACIER BAY
2008-07-24T08:09:56,309653000,58.817855,-135.1913617,174.6,16.7,174,9342281,C6VG7,NORWEGIAN PEARL,16,GLACIER BAY
2008-07-24T08:09:50,309653000,58.81825667,-135.1914283,174.3,16.7,174,9342281,C6VG7,NORWEGIAN PEARL,16,GLACIER BAY
2008-07-24T08:09:44,309653000,58.81879,-135.1915283,174.3,16.7,174,9342281,C6VG7,NORWEGIAN PEARL,16,GLACIER BAY
2008-07-24T08:09:38,309653000,58.81925667,-135.1916117,175.6,16.7,175,9342281,C6VG7,NORWEGIAN PEARL,16,GLACIER BAY
2008-07-24T08:09:32,309653000,58.81964,-135.1916783,175.6,16.7,175,9342281,C6VG7,NORWEGIAN PEARL,16,GLACIER BAY
2008-07-24T08:09:13,309653000,58.821105,-135.1919133,176.3,16.8,176,9342281,C6VG7,NORWEGIAN PEARL,16,GLACIER BAY
2008-07-24T08:09:08,309653000,58.82148833,-135.1919633,176.0,16.8,176,9342281,C6VG7,NORWEGIAN PEARL,16,GLACIER BAY
2008-07-24T08:08:50,309653000,58.822955,-135.19213,177.0,16.8,177,9342281,C6VG7,NORWEGIAN PEARL,16,GLACIER BAY
2008-07-24T08:08:38,309653000,58.82388833,-135.192215,177.3,16.8,177,9342281,C6VG7,NORWEGIAN PEARL,16,GLACIER BAY
2008-07-24T08:08:32,309653000,58.824355,-135.192265,177.3,16.8,177,9342281,C6VG7,NORWEGIAN PEARL,16,GLACIER BAY
2008-07-24T08:08:26,309653000,58.82482167,-135.1922983,177.3,16.8,177,9342281,C6VG7,NORWEGIAN PEARL,16,GLACIER BAY
2008-07-24T08:08:20,309653000,58.82528833,-135.1923317,177.6,16.8,177,9342281,C6VG7,NORWEGIAN PEARL,16,GLACIER BAY
2008-07-24T08:08:08,309653000,58.82613667,-135.1923983,177.6,16.8,177,9342281,C6VG7,NORWEGIAN PEARL,16,GLACIER BAY
2008-07-24T08:07:56,309653000,58.82707,-135.1924817,177.6,16.8,177,9342281,C6VG7,NORWEGIAN PEARL,16,GLACIER BAY
2008-07-24T08:07:38,309653000,58.82855333,-135.1925817,178.0,16.8,177,9342281,C6VG7,NORWEGIAN PEARL,16,GLACIER BAY
2008-07-24T08:07:32,309653000,58.82893667,-135.1925983,178.3,16.8,177,9342281,C6VG7,NORWEGIAN PEARL,16,GLACIER BAY
2008-07-24T08:07:26,309653000,58.82940333,-135.1926317,178.3,16.8,177,9342281,C6VG7,NORWEGIAN PEARL,16,GLACIER BAY
2008-07-24T08:07:20,309653000,58.82993667,-135.192665,178.3,16.8,177,9342281,C6VG7,NORWEGIAN PEARL,16,GLACIER BAY
2008-07-24T08:07:13,309653000,58.830485,-135.1926983,178.0,16.8,177,9342281,C6VG7,NORWEGIAN PEARL,16,GLACIER BAY
2008-07-24T08:07:02,309653000,58.831335,-135.1927483,178.3,16.8,177,9342281,C6VG7,NORWEGIAN PEARL,16,GLACIER BAY
2008-07-24T08:06:50,309653000,58.832185,-135.1927983,178.3,16.8,177,9342281,C6VG7,NORWEGIAN PEARL,16,GLACIER BAY
2008-07-24T08:06:44,309653000,58.83265167,-135.1928317,178.3,16.8,177,9342281,C6VG7,NORWEGIAN PEARL,16,GLACIER BAY
2008-07-24T08:06:37,309653000,58.8332,-135.1928483,178.3,16.8,177,9342281,C6VG7,NORWEGIAN PEARL,16,GLACIER BAY
2008-07-24T08:06:31,309653000,58.83365167,-135.192865,178.0,16.7,177,9342281,C6VG7,NORWEGIAN PEARL,16,GLACIER BAY
2008-07-24T08:06:26,309653000,58.83411833,-135.1928983,178.3,16.7,177,9342281,C6VG7,NORWEGIAN PEARL,16,GLACIER BAY
2008-07-24T08:06:20,309653000,58.834585,-135.1929317,178.0,16.8,177,9342281,C6VG7,NORWEGIAN PEARL,16,GLACIER BAY
2008-07-24T08:06:08,309653000,58.835435,-135.1929817,178.3,16.7,177,9342281,C6VG7,NORWEGIAN PEARL,16,GLACIER BAY
2008-07-24T08:06:02,309653000,58.835985,-135.193015,178.0,16.7,177,9342281,C6VG7,NORWEGIAN PEARL,16,GLACIER BAY
2008-07-24T08:05:50,309653000,58.836835,-135.1930483,178.3,16.7,177,9342281,C6VG7,NORWEGIAN PEARL,16,GLACIER BAY
2008-07-24T08:05:44,309653000,58.837285,-135.1930817,178.3,16.7,177,9342281,C6VG7,NORWEGIAN PEARL,16,GLACIER BAY
2008-07-24T08:05:31,309653000,58.83836833,-135.1931317,178.7,16.6,177,9342281,C6VG7,NORWEGIAN PEARL,16,GLACIER BAY
2008-07-24T08:05:26,309653000,58.83875167,-135.1931483,178.7,16.7,177,9342281,C6VG7,NORWEGIAN PEARL,16,GLACIER BAY
2008-07-24T08:05:20,309653000,58.83921833,-135.1931667,178.7,16.7,177,9342281,C6VG7,NORWEGIAN PEARL,16,GLACIER BAY
2008-07-24T08:05:13,309653000,58.83966667,-135.1931817,178.7,16.7,177,9342281,C6VG7,NORWEGIAN PEARL,16,GLACIER BAY
2008-07-24T08:05:08,309653000,58.84013333,-135.1931983,178.7,16.7,177,9342281,C6VG7,NORWEGIAN PEARL,16,GLACIER BAY
2008-07-24T08:05:02,309653000,58.84058333,-135.193215,178.7,16.7,177,9342281,C6VG7,NORWEGIAN PEARL,16,GLACIER BAY
2008-07-24T08:04:56,309653000,58.84105,-135.1932317,178.7,16.7,177,9342281,C6VG7,NORWEGIAN PEARL,16,GLACIER BAY
2008-07-24T08:04:50,309653000,58.84143333,-135.1932483,178.3,16.7,177,9342281,C6VG7,NORWEGIAN PEARL,16,GLACIER BAY
2008-07-24T08:04:20,309653000,58.84373333,-135.1933817,178.3,16.6,177,9342281,C6VG7,NORWEGIAN PEARL,16,GLACIER BAY
2008-07-24T08:04:08,309653000,58.84465,-135.1934317,178.0,16.7,177,9342281,C6VG7,NORWEGIAN PEARL,16,GLACIER BAY
2008-07-24T08:04:02,309653000,58.84511667,-135.193465,178.0,16.6,177,9342281,C6VG7,NORWEGIAN PEARL,16,GLACIER BAY
2008-07-24T08:03:56,309653000,58.84565,-135.1934817,178.0,16.6,177,9342281,C6VG7,NORWEGIAN PEARL,16,GLACIER BAY
2008-07-24T08:03:50,309653000,58.8461,-135.193515,178.0,16.6,177,9342281,C6VG7,NORWEGIAN PEARL,16,GLACIER BAY
2008-07-24T08:03:20,309653000,58.84841667,-135.1936483,178.3,16.6,177,9342281,C6VG7,NORWEGIAN PEARL,16,GLACIER BAY
2008-07-24T08:03:13,309653000,58.848865,-135.193665,178.3,16.6,177,9342281,C6VG7,NORWEGIAN PEARL,16,GLACIER BAY
2008-07-24T08:03:08,309653000,58.84925,-135.1936983,178.3,16.6,177,9342281,C6VG7,NORWEGIAN PEARL,16,GLACIER BAY
2008-07-24T08:03:02,309653000,58.84979833,-135.193715,178.3,16.6,177,9342281,C6VG7,NORWEGIAN PEARL,16,GLACIER BAY
2008-07-24T08:02:50,309653000,58.85063167,-135.193765,178.3,16.6,177,9342281,C6VG7,NORWEGIAN PEARL,16,GLACIER BAY
2008-07-24T08:02:31,309653000,58.85208,-135.1938317,178.7,16.6,177,9342281,C6VG7,NORWEGIAN PEARL,16,GLACIER BAY
2008-07-24T08:02:13,309653000,58.85352833,-135.1938983,179.0,16.6,177,9342281,C6VG7,NORWEGIAN PEARL,16,GLACIER BAY
2008-07-24T08:02:02,309653000,58.85437833,-135.1939317,178.7,16.6,177,9342281,C6VG7,NORWEGIAN PEARL,16,GLACIER BAY
2008-07-24T08:01:56,309653000,58.85482833,-135.1939483,179.0,16.6,177,9342281,C6VG7,NORWEGIAN PEARL,16,GLACIER BAY
2008-07-24T08:01:50,309653000,58.855295,-135.1939833,179.0,16.5,177,9342281,C6VG7,NORWEGIAN PEARL,16,GLACIER BAY
2008-07-24T08:01:43,309653000,58.85576167,-135.1939983,178.7,16.6,177,9342281,C6VG7,NORWEGIAN PEARL,16,GLACIER BAY
2008-07-24T08:01:31,309653000,58.85667833,-135.19403,178.3,16.6,177,9342281,C6VG7,NORWEGIAN PEARL,16,GLACIER BAY
2008-07-24T08:01:20,309653000,58.857595,-135.1940817,178.7,16.6,177,9342281,C6VG7,NORWEGIAN PEARL,16,GLACIER BAY
2008-07-24T08:01:13,309653000,58.858045,-135.1940983,178.3,16.6,177,9342281,C6VG7,NORWEGIAN PEARL,16,GLACIER BAY
2008-07-24T08:00:56,309653000,58.859345,-135.194165,178.0,16.5,177,9342281,C6VG7,NORWEGIAN PEARL,16,GLACIER BAY
2008-07-24T08:00:50,309653000,58.85981167,-135.1941983,178.0,16.5,177,9342281,C6VG7,NORWEGIAN PEARL,16,GLACIER BAY
2008-07-24T08:00:38,309653000,58.86081167,-135.1942483,178.7,16.6,177,9342281,C6VG7,NORWEGIAN PEARL,16,GLACIER BAY
2008-07-24T08:00:31,309653000,58.861345,-135.1942633,178.3,16.6,177,9342281,C6VG7,NORWEGIAN PEARL,16,GLACIER BAY
2008-07-24T08:00:25,309653000,58.86171167,-135.1942983,178.3,16.6,177,9342281,C6VG7,NORWEGIAN PEARL,16,GLACIER BAY
2008-07-24T08:00:20,309653000,58.86217833,-135.194315,178.3,16.6,177,9342281,C6VG7,NORWEGIAN PEARL,16,GLACIER BAY
2008-07-24T08:00:14,309653000,58.862645,-135.1943483,178.0,16.6,177,9342281,C6VG7,NORWEGIAN PEARL,16,GLACIER BAY
2008-07-24T08:00:08,309653000,58.863095,-135.19438,178.3,16.6,177,9342281,C6VG7,NORWEGIAN PEARL,16,GLACIER BAY
2008-07-24T08:00:02,309653000,58.86356167,-135.1943983,178.3,16.6,177,9342281,C6VG7,NORWEGIAN PEARL,16,GLACIER BAY
2008-07-24T07:59:56,309653000,58.86401167,-135.1944317,178.3,16.5,177,9342281,C6VG7,NORWEGIAN PEARL,16,GLACIER BAY
2008-07-24T07:59:50,309653000,58.864395,-135.1944483,178.3,16.5,177,9342281,C6VG7,NORWEGIAN PEARL,16,GLACIER BAY
2008-07-24T07:59:48,309653000,58.86531,-135.194515,0.0,0.0,0,9342281,C6VG7,NORWEGIAN PEARL,16,GLACIER BAY
2008-07-24T07:59:38,309653000,58.86531,-135.194515,178.0,16.6,177,9342281,C6VG7,NORWEGIAN PEARL,16,GLACIER BAY
2008-07-24T07:59:25,309653000,58.86631167,-135.1945633,178.0,16.6,177,9342281,C6VG7,NORWEGIAN PEARL,16,GLACIER BAY
2008-07-24T07:59:20,309653000,58.866695,-135.1945983,178.0,16.6,177,9342281,C6VG7,NORWEGIAN PEARL,16,GLACIER BAY
2008-07-24T07:59:14,309653000,58.86714333,-135.19463,178.0,16.6,177,9342281,C6VG7,NORWEGIAN PEARL,16,GLACIER BAY
2008-07-24T07:59:08,309653000,58.86761,-135.1946483,178.0,16.6,177,9342281,C6VG7,NORWEGIAN PEARL,16,GLACIER BAY
2008-07-24T07:59:01,309653000,58.86814333,-135.19468,178.0,16.6,177,9342281,C6VG7,NORWEGIAN PEARL,16,GLACIER BAY
2008-07-24T07:58:56,309653000,58.86861,-135.1947133,177.6,16.6,177,9342281,C6VG7,NORWEGIAN PEARL,16,GLACIER BAY
2008-07-24T07:58:50,309653000,58.86906167,-135.1947467,178.0,16.6,177,9342281,C6VG7,NORWEGIAN PEARL,16,GLACIER BAY
2008-07-24T07:58:44,309653000,58.86952667,-135.19478,178.0,16.6,177,9342281,C6VG7,NORWEGIAN PEARL,16,GLACIER BAY
2008-07-24T07:58:38,309653000,58.86997667,-135.1948133,178.0,16.6,177,9342281,C6VG7,NORWEGIAN PEARL,16,GLACIER BAY
2008-07-24T07:58:31,309653000,58.87052667,-135.1948483,178.0,16.5,177,9342281,C6VG7,NORWEGIAN PEARL,16,GLACIER BAY
2008-07-24T07:58:25,309653000,58.87090833,-135.1948817,178.0,16.5,177,9342281,C6VG7,NORWEGIAN PEARL,16,GLACIER BAY
2008-07-24T07:58:20,309653000,58.87135833,-135.1948967,178.0,16.5,177,9342281,C6VG7,NORWEGIAN PEARL,16,GLACIER BAY
2008-07-24T07:58:14,309653000,58.87180833,-135.19493,178.0,16.5,177,9342281,C6VG7,NORWEGIAN PEARL,16,GLACIER BAY
2008-07-24T07:58:08,309653000,58.87219167,-135.194965,178.0,16.5,177,9342281,C6VG7,NORWEGIAN PEARL,16,GLACIER BAY
2008-07-24T07:58:01,309653000,58.87274167,-135.1949983,178.0,16.5,177,9342281,C6VG7,NORWEGIAN PEARL,16,GLACIER BAY
2008-07-24T07:57:56,309653000,58.87319167,-135.19503,178.0,16.5,177,9342281,C6VG7,NORWEGIAN PEARL,16,GLACIER BAY
2008-07-24T07:57:50,309653000,58.873575,-135.1950483,178.0,16.5,177,9342281,C6VG7,NORWEGIAN PEARL,16,GLACIER BAY
2008-07-24T07:57:25,309653000,58.875475,-135.195165,178.0,16.5,177,9342281,C6VG7,NORWEGIAN PEARL,16,GLACIER BAY
2008-07-24T07:57:20,309653000,58.87585833,-135.1951967,177.6,16.6,177,9342281,C6VG7,NORWEGIAN PEARL,16,GLACIER BAY
2008-07-24T07:57:14,309653000,58.87639167,-135.1952317,178.0,16.5,177,9342281,C6VG7,NORWEGIAN PEARL,16,GLACIER BAY
2008-07-24T07:57:08,309653000,58.87684167,-135.1952467,178.3,16.5,177,9342281,C6VG7,NORWEGIAN PEARL,16,GLACIER BAY
2008-07-24T07:56:56,309653000,58.87775833,-135.1953133,178.0,16.5,177,9342281,C6VG7,NORWEGIAN PEARL,16,GLACIER BAY
2008-07-24T07:56:44,309653000,58.878675,-135.1953633,178.0,16.5,177,9342281,C6VG7,NORWEGIAN PEARL,16,GLACIER BAY
2008-07-24T07:56:31,309653000,58.87959167,-135.19543,178.0,16.5,177,9342281,C6VG7,NORWEGIAN PEARL,16,GLACIER BAY
2008-07-24T07:56:25,309653000,58.88005833,-135.195465,178.3,16.5,177,9342281,C6VG7,NORWEGIAN PEARL,16,GLACIER BAY
2008-07-24T07:56:20,309653000,58.88050667,-135.19548,178.0,16.5,177,9342281,C6VG7,NORWEGIAN PEARL,16,GLACIER BAY
2008-07-24T07:56:14,309653000,58.88095667,-135.1955133,177.6,16.5,177,9342281,C6VG7,NORWEGIAN PEARL,16,GLACIER BAY
2008-07-24T07:56:08,309653000,58.88134,-135.19553,177.6,16.5,177,9342281,C6VG7,NORWEGIAN PEARL,16,GLACIER BAY
2008-07-24T07:56:01,309653000,58.88187333,-135.19558,177.6,16.5,177,9342281,C6VG7,NORWEGIAN PEARL,16,GLACIER BAY
2008-07-24T07:55:56,309653000,58.88232333,-135.1955967,177.6,16.5,177,9342281,C6VG7,NORWEGIAN PEARL,16,GLACIER BAY
2008-07-24T07:55:50,309653000,58.88270667,-135.19563,177.6,16.5,177,9342281,C6VG7,NORWEGIAN PEARL,16,GLACIER BAY
2008-07-24T07:55:44,309653000,58.88317333,-135.1956633,177.6,16.5,177,9342281,C6VG7,NORWEGIAN PEARL,16,GLACIER BAY
2008-07-24T07:55:31,309653000,58.88424,-135.19573,178.0,16.5,177,9342281,C6VG7,NORWEGIAN PEARL,16,GLACIER BAY
2008-07-24T07:55:20,309653000,58.88507333,-135.1957967,178.0,16.4,177,9342281,C6VG7,NORWEGIAN PEARL,16,GLACIER BAY
2008-07-24T07:55:08,309653000,58.88597333,-135.1958633,177.6,16.5,177,9342281,C6VG7,NORWEGIAN PEARL,16,GLACIER BAY
2008-07-24T07:54:50,309653000,58.88727333,-135.1959633,177.6,16.5,177,9342281,C6VG7,NORWEGIAN PEARL,16,GLACIER BAY
2008-07-24T07:54:31,309653000,58.88872333,-135.19608,178.0,16.5,177,9342281,C6VG7,NORWEGIAN PEARL,16,GLACIER BAY
2008-07-24T07:54:25,309653000,58.88917333,-135.1960967,178.0,16.5,177,9342281,C6VG7,NORWEGIAN PEARL,16,GLACIER BAY
2008-07-24T07:54:07,309653000,58.890555,-135.1961967,177.6,16.5,177,9342281,C6VG7,NORWEGIAN PEARL,16,GLACIER BAY
2008-07-24T07:54:01,309653000,58.891005,-135.19623,177.6,16.5,177,9342281,C6VG7,NORWEGIAN PEARL,16,GLACIER BAY
2008-07-24T07:53:50,309653000,58.89192167,-135.1962967,177.6,16.5,177,9342281,C6VG7,NORWEGIAN PEARL,16,GLACIER BAY
2008-07-24T07:53:49,309653000,58.89328833,-135.1964117,0.0,0.0,0,9342281,C6VG7,NORWEGIAN PEARL,16,GLACIER BAY
2008-07-24T07:53:32,309653000,58.89328833,-135.1964117,177.0,16.5,177,9342281,C6VG7,NORWEGIAN PEARL,16,GLACIER BAY
2008-07-24T07:53:14,309653000,58.89467,-135.196545,177.0,16.5,177,9342281,C6VG7,NORWEGIAN PEARL,16,GLACIER BAY
2008-07-24T07:53:07,309653000,58.89512,-135.196595,177.0,16.6,177,9342281,C6VG7,NORWEGIAN PEARL,16,GLACIER BAY
2008-07-24T07:53:01,309653000,58.89558667,-135.1966283,177.0,16.5,177,9342281,C6VG7,NORWEGIAN PEARL,16,GLACIER BAY
2008-07-24T07:52:56,309653000,58.89597,-135.1966617,177.0,16.5,177,9342281,C6VG7,NORWEGIAN PEARL,16,GLACIER BAY
2008-07-24T07:52:50,309653000,58.89650333,-135.1967117,177.0,16.5,177,9342281,C6VG7,NORWEGIAN PEARL,16,GLACIER BAY
2008-07-24T07:52:32,309653000,58.89786833,-135.196845,177.0,16.5,177,9342281,C6VG7,NORWEGIAN PEARL,16,GLACIER BAY
2008-07-24T07:52:20,309653000,58.89871833,-135.1969283,177.3,16.5,177,9342281,C6VG7,NORWEGIAN PEARL,16,GLACIER BAY
2008-07-24T07:52:14,309653000,58.89925167,-135.1969783,177.3,16.5,177,9342281,C6VG7,NORWEGIAN PEARL,16,GLACIER BAY
2008-07-24T07:52:07,309653000,58.89978667,-135.1970283,177.0,16.5,177,9342281,C6VG7,NORWEGIAN PEARL,16,GLACIER BAY
2008-07-24T07:51:50,309653000,58.90106833,-135.1971467,177.3,16.5,177,9342281,C6VG7,NORWEGIAN PEARL,16,GLACIER BAY
2008-07-24T07:51:37,309653000,58.90200167,-135.19723,177.3,16.5,177,9342281,C6VG7,NORWEGIAN PEARL,16,GLACIER BAY
2008-07-24T07:51:26,309653000,58.90291667,-135.1973133,177.6,16.5,177,9342281,C6VG7,NORWEGIAN PEARL,16,GLACIER BAY
2008-07-24T07:51:14,309653000,58.90375,-135.19738,177.6,16.6,177,9342281,C6VG7,NORWEGIAN PEARL,16,GLACIER BAY
2008-07-24T07:51:07,309653000,58.90428333,-135.1974133,177.6,16.6,177,9342281,C6VG7,NORWEGIAN PEARL,16,GLACIER BAY
2008-07-24T07:51:02,309653000,58.90466667,-135.1974467,177.6,16.5,177,9342281,C6VG7,NORWEGIAN PEARL,16,GLACIER BAY
2008-07-24T07:50:50,309653000,58.90558333,-135.1975133,178.0,16.5,177,9342281,C6VG7,NORWEGIAN PEARL,16,GLACIER BAY
2008-07-24T07:50:43,309653000,58.90611667,-135.1975467,178.0,16.6,177,9342281,C6VG7,NORWEGIAN PEARL,16,GLACIER BAY
2008-07-24T07:50:32,309653000,58.90703333,-135.1976133,178.0,16.6,177,9342281,C6VG7,NORWEGIAN PEARL,16,GLACIER BAY
2008-07-24T07:50:26,309653000,58.9075,-135.1976467,178.3,16.6,177,9342281,C6VG7,NORWEGIAN PEARL,16,GLACIER BAY
2008-07-24T07:50:07,309653000,58.90888333,-135.1977317,178.3,16.6,177,9342281,C6VG7,NORWEGIAN PEARL,16,GLACIER BAY
2008-07-24T07:49:56,309653000,58.90979833,-135.1977817,178.7,16.6,177,9342281,C6VG7,NORWEGIAN PEARL,16,GLACIER BAY
2008-07-24T07:49:43,309653000,58.910715,-135.1978317,178.7,16.6,177,9342281,C6VG7,NORWEGIAN PEARL,16,GLACIER BAY
2008-07-24T07:49:26,309653000,58.91209833,-135.1978817,179.0,16.6,177,9342281,C6VG7,NORWEGIAN PEARL,16,GLACIER BAY
2008-07-24T07:49:20,309653000,58.91254833,-135.1978983,178.7,16.6,177,9342281,C6VG7,NORWEGIAN PEARL,16,GLACIER BAY
2008-07-24T07:49:07,309653000,58.91348167,-135.1979483,178.7,16.5,177,9342281,C6VG7,NORWEGIAN PEARL,16,GLACIER BAY
2008-07-24T07:48:56,309653000,58.91439667,-135.1979817,178.7,16.6,177,9342281,C6VG7,NORWEGIAN PEARL,16,GLACIER BAY
2008-07-24T07:48:43,309653000,58.91539833,-135.198015,178.7,16.5,177,9342281,C6VG7,NORWEGIAN PEARL,16,GLACIER BAY
2008-07-24T07:48:32,309653000,58.91624833,-135.1980483,178.7,16.6,177,9342281,C6VG7,NORWEGIAN PEARL,16,GLACIER BAY
2008-07-24T07:48:26,309653000,58.91669667,-135.198065,178.3,16.6,177,9342281,C6VG7,NORWEGIAN PEARL,16,GLACIER BAY
2008-07-24T07:48:20,309653000,58.91716333,-135.1980983,178.3,16.6,177,9342281,C6VG7,NORWEGIAN PEARL,16,GLACIER BAY
2008-07-24T07:48:14,309653000,58.91754667,-135.1981133,178.3,16.6,177,9342281,C6VG7,NORWEGIAN PEARL,16,GLACIER BAY
2008-07-24T07:48:08,309653000,58.91799667,-135.19813,178.3,16.5,177,9342281,C6VG7,NORWEGIAN PEARL,16,GLACIER BAY
2008-07-24T07:47:56,309653000,58.91899667,-135.19818,178.3,16.5,177,9342281,C6VG7,NORWEGIAN PEARL,16,GLACIER BAY
2008-07-24T07:47:50,309653000,58.91944667,-135.1982133,178.3,16.6,177,9342281,C6VG7,NORWEGIAN PEARL,16,GLACIER BAY
2008-07-24T07:47:43,309653000,58.91991333,-135.19823,178.3,16.6,177,9342281,C6VG7,NORWEGIAN PEARL,16,GLACIER BAY
2008-07-24T07:47:38,309653000,58.92038,-135.1982467,178.3,16.6,177,9342281,C6VG7,NORWEGIAN PEARL,16,GLACIER BAY
2008-07-24T07:47:32,309653000,58.92076333,-135.19828,178.3,16.6,177,9342281,C6VG7,NORWEGIAN PEARL,16,GLACIER BAY
2008-07-24T07:47:20,309653000,58.92166333,-135.1983317,178.7,16.5,177,9342281,C6VG7,NORWEGIAN PEARL,16,GLACIER BAY
2008-07-24T07:47:08,309653000,58.92266167,-135.19838,178.7,16.6,177,9342281,C6VG7,NORWEGIAN PEARL,16,GLACIER BAY
2008-07-24T07:47:02,309653000,58.92313,-135.1983983,178.3,16.5,177,9342281,C6VG7,NORWEGIAN PEARL,16,GLACIER BAY
2008-07-24T07:46:56,309653000,58.92359667,-135.19843,178.7,16.5,177,9342281,C6VG7,NORWEGIAN PEARL,16,GLACIER BAY
2008-07-24T07:46:43,309653000,58.92451333,-135.19848,178.7,16.5,177,9342281,C6VG7,NORWEGIAN PEARL,16,GLACIER BAY
2008-07-24T07:46:32,309653000,58.92543,-135.1985133,178.3,16.5,177,9342281,C6VG7,NORWEGIAN PEARL,16,GLACIER BAY
2008-07-24T07:46:20,309653000,58.92627833,-135.1985633,178.3,16.5,177,9342281,C6VG7,NORWEGIAN PEARL,16,GLACIER BAY
2008-07-24T07:46:02,309653000,58.927645,-135.19863,178.3,16.5,177,9342281,C6VG7,NORWEGIAN PEARL,16,GLACIER BAY
2008-07-24T07:45:56,309653000,58.92817833,-135.1986467,178.7,16.5,177,9342281,C6VG7,NORWEGIAN PEARL,16,GLACIER BAY
2008-07-24T07:45:32,309653000,58.92996,-135.1986967,178.3,16.5,177,9342281,C6VG7,NORWEGIAN PEARL,16,GLACIER BAY
2008-07-24T07:45:26,309653000,58.93041167,-135.198715,178.7,16.5,177,9342281,C6VG7,NORWEGIAN PEARL,16,GLACIER BAY
2008-07-24T07:45:20,309653000,58.93086167,-135.19873,178.3,16.5,177,9342281,C6VG7,NORWEGIAN PEARL,16,GLACIER BAY
2008-07-24T07:45:08,309653000,58.93176167,-135.1987633,178.3,16.4,177,9342281,C6VG7,NORWEGIAN PEARL,16,GLACIER BAY
2008-07-24T07:45:02,309653000,58.93222833,-135.1987817,178.7,16.4,177,9342281,C6VG7,NORWEGIAN PEARL,16,GLACIER BAY
2008-07-24T07:44:56,309653000,58.93267667,-135.1988133,178.7,16.4,177,9342281,C6VG7,NORWEGIAN PEARL,16,GLACIER BAY
2008-07-24T07:44:44,309653000,58.93359333,-135.1988633,178.3,16.4,177,9342281,C6VG7,NORWEGIAN PEARL,16,GLACIER BAY
2008-07-24T07:44:32,309653000,58.93442667,-135.1988967,178.3,16.5,177,9342281,C6VG7,NORWEGIAN PEARL,16,GLACIER BAY
2008-07-24T07:44:26,309653000,58.93496,-135.19893,178.0,16.4,177,9342281,C6VG7,NORWEGIAN PEARL,16,GLACIER BAY
2008-07-24T07:44:20,309653000,58.935325,-135.1989633,178.0,16.4,177,9342281,C6VG7,NORWEGIAN PEARL,16,GLACIER BAY
2008-07-24T07:43:44,309653000,58.93812333,-135.1991467,178.0,16.4,177,9342281,C6VG7,NORWEGIAN PEARL,16,GLACIER BAY
2008-07-24T07:43:26,309653000,58.93947333,-135.199245,177.6,16.4,177,9342281,C6VG7,NORWEGIAN PEARL,16,GLACIER BAY
2008-07-24T07:43:20,309653000,58.93992333,-135.1992783,177.6,16.4,177,9342281,C6VG7,NORWEGIAN PEARL,16,GLACIER BAY
2008-07-24T07:42:44,309653000,58.94257333,-135.19948,178.0,16.3,177,9342281,C6VG7,NORWEGIAN PEARL,16,GLACIER BAY
2008-07-24T07:42:07,309653000,58.94542167,-135.1996783,177.7,16.3,177,9342281,C6VG7,NORWEGIAN PEARL,16,GLACIER BAY
2008-07-24T07:41:56,309653000,58.94623833,-135.199745,177.3,16.3,177,9342281,C6VG7,NORWEGIAN PEARL,16,GLACIER BAY
2008-07-24T07:41:50,309653000,58.94668833,-135.1997783,177.7,16.2,177,9342281,C6VG7,NORWEGIAN PEARL,16,GLACIER BAY
2008-07-24T07:41:38,309653000,58.94758833,-135.199845,177.7,16.3,177,9342281,C6VG7,NORWEGIAN PEARL,16,GLACIER BAY
2008-07-24T07:41:19,309653000,58.94893667,-135.19996,177.3,16.2,177,9342281,C6VG7,NORWEGIAN PEARL,16,GLACIER BAY
2008-07-24T07:41:14,309653000,58.94932,-135.199995,177.3,16.1,177,9342281,C6VG7,NORWEGIAN PEARL,16,GLACIER BAY
2008-07-24T07:41:07,309653000,58.949835,-135.200045,177.3,16.2,177,9342281,C6VG7,NORWEGIAN PEARL,16,GLACIER BAY
2008-07-24T07:40:32,309653000,58.95253333,-135.2002933,177.0,16.2,177,9342281,C6VG7,NORWEGIAN PEARL,16,GLACIER BAY
2008-07-24T07:40:25,309653000,58.95298333,-135.2003433,177.0,16.2,177,9342281,C6VG7,NORWEGIAN PEARL,16,GLACIER BAY
2008-07-24T07:40:19,309653000,58.95351833,-135.2003933,177.3,16.2,177,9342281,C6VG7,NORWEGIAN PEARL,16,GLACIER BAY
2008-07-24T07:40:14,309653000,58.95388333,-135.2004267,177.0,16.1,177,9342281,C6VG7,NORWEGIAN PEARL,16,GLACIER BAY
2008-07-24T07:39:44,309653000,58.95611833,-135.20066,177.0,16.0,177,9342281,C6VG7,NORWEGIAN PEARL,16,GLACIER BAY
2008-07-24T07:39:37,309653000,58.95656667,-135.2006933,177.0,16.0,177,9342281,C6VG7,NORWEGIAN PEARL,16,GLACIER BAY
2008-07-24T07:39:31,309653000,58.95701667,-135.2007433,177.0,16.1,177,9342281,C6VG7,NORWEGIAN PEARL,16,GLACIER BAY
2008-07-24T07:39:19,309653000,58.9579,-135.2008433,177.0,16.0,177,9342281,C6VG7,NORWEGIAN PEARL,16,GLACIER BAY
2008-07-24T07:39:14,309653000,58.95826667,-135.2008767,177.0,16.0,177,9342281,C6VG7,NORWEGIAN PEARL,16,GLACIER BAY
2008-07-24T07:39:07,309653000,58.95878333,-135.2009267,177.0,16.0,177,9342281,C6VG7,NORWEGIAN PEARL,16,GLACIER BAY
2008-07-24T07:39:01,309653000,58.95923167,-135.2009767,176.6,16.0,177,9342281,C6VG7,NORWEGIAN PEARL,16,GLACIER BAY
2008-07-24T07:38:55,309653000,58.95974833,-135.2010267,176.6,16.0,177,9342281,C6VG7,NORWEGIAN PEARL,16,GLACIER BAY
2008-07-24T07:38:50,309653000,58.960115,-135.2010767,176.6,16.0,177,9342281,C6VG7,NORWEGIAN PEARL,16,GLACIER BAY
2008-07-24T07:38:44,309653000,58.96054833,-135.2011267,177.0,16.0,177,9342281,C6VG7,NORWEGIAN PEARL,16,GLACIER BAY
2008-07-24T07:38:37,309653000,58.961065,-135.2011917,176.6,15.9,177,9342281,C6VG7,NORWEGIAN PEARL,16,GLACIER BAY
2008-07-24T07:38:31,309653000,58.96143167,-135.201225,176.6,15.9,177,9342281,C6VG7,NORWEGIAN PEARL,16,GLACIER BAY
2008-07-24T07:38:25,309653000,58.96188167,-135.201275,176.6,15.9,177,9342281,C6VG7,NORWEGIAN PEARL,16,GLACIER BAY
2008-07-24T07:38:19,309653000,58.96239667,-135.2013417,176.2,15.9,177,9342281,C6VG7,NORWEGIAN PEARL,16,GLACIER BAY
2008-07-24T07:38:07,309653000,58.96319667,-135.2014417,176.6,16.0,177,9342281,C6VG7,NORWEGIAN PEARL,16,GLACIER BAY
2008-07-24T07:38:01,309653000,58.96364667,-135.2014917,176.6,15.9,177,9342281,C6VG7,NORWEGIAN PEARL,16,GLACIER BAY
2008-07-24T07:37:55,309653000,58.96408,-135.2015417,176.6,15.9,177,9342281,C6VG7,NORWEGIAN PEARL,16,GLACIER BAY
2008-07-24T07:37:31,309653000,58.96584667,-135.2017733,175.9,15.9,177,9342281,C6VG7,NORWEGIAN PEARL,16,GLACIER BAY
2008-07-24T07:37:19,309653000,58.96673,-135.20189,175.5,15.9,177,9342281,C6VG7,NORWEGIAN PEARL,16,GLACIER BAY
2008-07-24T07:36:55,309653000,58.968495,-135.2021533,174.5,15.9,176,9342281,C6VG7,NORWEGIAN PEARL,16,GLACIER BAY
2008-07-24T07:36:49,309653000,58.96892833,-135.2022183,174.5,15.9,176,9342281,C6VG7,NORWEGIAN PEARL,16,GLACIER BAY
2008-07-24T07:36:44,309653000,58.96937833,-135.2023167,173.1,15.9,175,9342281,C6VG7,NORWEGIAN PEARL,16,GLACIER BAY
2008-07-24T07:36:31,309653000,58.97026167,-135.2025133,172.2,16.0,174,9342281,C6VG7,NORWEGIAN PEARL,16,GLACIER BAY
2008-07-24T07:36:14,309653000,58.971495,-135.20286,170.2,16.0,172,9342281,C6VG7,NORWEGIAN PEARL,16,GLACIER BAY
2008-07-24T07:36:07,309653000,58.97201167,-135.2030083,170.2,16.0,172,9342281,C6VG7,NORWEGIAN PEARL,16,GLACIER BAY
2008-07-24T07:36:02,309653000,58.97237667,-135.20314,169.2,16.0,171,9342281,C6VG7,NORWEGIAN PEARL,16,GLACIER BAY
2008-07-24T07:35:55,309653000,58.97289333,-135.2033217,168.2,16.1,170,9342281,C6VG7,NORWEGIAN PEARL,16,GLACIER BAY
2008-07-24T07:35:31,309653000,58.97471667,-135.2040833,166.9,16.2,168,9342281,C6VG7,NORWEGIAN PEARL,16,GLACIER BAY
2008-07-24T07:32:14,309653000,58.98914333,-135.21063,167.0,16.2,167,9342281,C6VG7,NORWEGIAN PEARL,16,GLACIER BAY
2008-07-24T07:30:55,309653000,58.99482667,-135.2132133,166.2,16.1,167,9342281,C6VG7,NORWEGIAN PEARL,16,GLACIER BAY
2008-07-24T07:30:19,309653000,58.997525,-135.2144633,166.6,16.2,167,9342281,C6VG7,NORWEGIAN PEARL,16,GLACIER BAY
2008-07-24T07:29:31,309653000,59.00094,-135.216045,166.2,16.2,167,9342281,C6VG7,NORWEGIAN PEARL,16,GLACIER BAY
2008-07-24T07:29:26,309653000,59.00137333,-135.216245,166.2,16.1,167,9342281,C6VG7,NORWEGIAN PEARL,16,GLACIER BAY
2008-07-24T07:29:13,309653000,59.00225667,-135.2166617,166.2,16.1,167,9342281,C6VG7,NORWEGIAN PEARL,16,GLACIER BAY
2008-07-24T07:28:55,309653000,59.003555,-135.2172617,166.2,16.2,167,9342281,C6VG7,NORWEGIAN PEARL,16,GLACIER BAY
2008-07-24T07:26:01,309653000,59.01601667,-135.2238917,164.2,16.1,165,9342281,C6VG7,NORWEGIAN PEARL,16,GLACIER BAY
2008-07-24T07:23:37,309653000,59.02646333,-135.2294067,164.6,16.2,165,9342281,C6VG7,NORWEGIAN PEARL,16,GLACIER BAY
2008-07-24T07:19:55,309653000,59.04258833,-135.2377183,165.3,16.4,165,9342281,C6VG7,NORWEGIAN PEARL,16,GLACIER BAY
2008-07-24T07:19:20,309653000,59.04513667,-135.2390183,165.6,16.4,165,9342281,C6VG7,NORWEGIAN PEARL,16,GLACIER BAY
2008-07-24T07:19:07,309653000,59.04602,-135.2394517,165.3,16.4,165,9342281,C6VG7,NORWEGIAN PEARL,16,GLACIER BAY
2008-07-24T07:18:20,309653000,59.04952,-135.24125,165.0,16.3,165,9342281,C6VG7,NORWEGIAN PEARL,16,GLACIER BAY
2008-07-24T07:17:55,309653000,59.051285,-135.24215,165.3,16.3,165,9342281,C6VG7,NORWEGIAN PEARL,16,GLACIER BAY
2008-07-24T07:17:46,309653000,59.052085,-135.2425667,0.0,0.0,0,9342281,C6VG7,NORWEGIAN PEARL,16,GLACIER BAY
2008-07-24T07:17:44,309653000,59.052085,-135.2425667,165.7,16.3,165,9342281,C6VG7,NORWEGIAN PEARL,16,GLACIER BAY
2008-07-24T07:17:08,309653000,59.0547,-135.24385,165.7,16.3,165,9342281,C6VG7,NORWEGIAN PEARL,16,GLACIER BAY
2008-07-24T07:16:55,309653000,59.05571667,-135.2443333,165.7,16.2,165,9342281,C6VG7,NORWEGIAN PEARL,16,GLACIER BAY
2008-07-24T07:16:32,309653000,59.05738333,-135.24515,165.3,16.1,165,9342281,C6VG7,NORWEGIAN PEARL,16,GLACIER BAY
2008-07-24T07:16:20,309653000,59.05825,-135.2455667,165.7,16.2,165,9342281,C6VG7,NORWEGIAN PEARL,16,GLACIER BAY
2008-07-24T07:16:08,309653000,59.05905,-135.2459667,165.7,16.1,165,9342281,C6VG7,NORWEGIAN PEARL,16,GLACIER BAY
2008-07-24T07:15:56,309653000,59.05991667,-135.2464,165.3,16.1,165,9342281,C6VG7,NORWEGIAN PEARL,16,GLACIER BAY
2008-07-24T07:15:32,309653000,59.06163167,-135.24725,165.3,16.1,165,9342281,C6VG7,NORWEGIAN PEARL,16,GLACIER BAY
2008-07-24T07:15:20,309653000,59.06256667,-135.2477333,165.3,16.0,165,9342281,C6VG7,NORWEGIAN PEARL,16,GLACIER BAY
2008-07-24T07:14:56,309653000,59.06429667,-135.2485983,165.7,16.0,165,9342281,C6VG7,NORWEGIAN PEARL,16,GLACIER BAY
2008-07-24T07:14:37,309653000,59.06559667,-135.249265,165.3,16.0,165,9342281,C6VG7,NORWEGIAN PEARL,16,GLACIER BAY
2008-07-24T07:14:20,309653000,59.06681167,-135.2498817,165.7,16.0,165,9342281,C6VG7,NORWEGIAN PEARL,16,GLACIER BAY
2008-07-24T07:13:56,309653000,59.06852833,-135.2507633,165.7,16.0,165,9342281,C6VG7,NORWEGIAN PEARL,16,GLACIER BAY
2008-07-24T07:11:46,309653000,59.07789333,-135.25571,0.0,0.0,0,9342281,C6VG7,NORWEGIAN PEARL,16,GLACIER BAY
2008-07-24T07:11:44,309653000,59.07789333,-135.25571,162.7,15.5,165,9342281,C6VG7,NORWEGIAN PEARL,16,GLACIER BAY
2008-07-24T07:11:32,309653000,59.07871,-135.2561933,163.1,15.5,165,9342281,C6VG7,NORWEGIAN PEARL,16,GLACIER BAY
2008-07-24T07:11:20,309653000,59.07952667,-135.256675,162.7,15.3,165,9342281,C6VG7,NORWEGIAN PEARL,16,GLACIER BAY
2008-07-24T07:10:44,309653000,59.08191167,-135.2582067,160.2,14.8,163,9342281,C6VG7,NORWEGIAN PEARL,16,GLACIER BAY
2008-07-24T07:10:32,309653000,59.08262833,-135.2587217,159.2,14.7,162,9342281,C6VG7,NORWEGIAN PEARL,16,GLACIER BAY
2008-07-24T07:10:20,309653000,59.083445,-135.25932,158.2,14.6,161,9342281,C6VG7,NORWEGIAN PEARL,16,GLACIER BAY
2008-07-24T07:10:08,309653000,59.084195,-135.2599033,157.8,14.4,161,9342281,C6VG7,NORWEGIAN PEARL,16,GLACIER BAY
2008-07-24T07:09:23,309653000,59.08687667,-135.2619867,158.9,14.0,161,9342281,C6VG7,NORWEGIAN PEARL,16,GLACIER BAY
2008-07-24T07:08:44,309653000,59.08922667,-135.2637217,160.1,13.8,161,9342281,C6VG7,NORWEGIAN PEARL,16,GLACIER BAY
2008-07-24T07:08:31,309653000,59.09006,-135.264305,160.5,13.7,161,9342281,C6VG7,NORWEGIAN PEARL,16,GLACIER BAY
2008-07-24T07:08:20,309653000,59.09071,-135.2647383,161.0,13.7,161,9342281,C6VG7,NORWEGIAN PEARL,16,GLACIER BAY
2008-07-24T07:07:55,309653000,59.09215667,-135.265705,161.4,13.8,161,9342281,C6VG7,NORWEGIAN PEARL,16,GLACIER BAY
2008-07-24T07:07:44,309653000,59.09287333,-135.2661717,161.4,13.8,161,9342281,C6VG7,NORWEGIAN PEARL,16,GLACIER BAY
2008-07-24T07:07:31,309653000,59.09360667,-135.2666383,161.8,13.8,161,9342281,C6VG7,NORWEGIAN PEARL,16,GLACIER BAY
2008-07-24T07:07:20,309653000,59.09427333,-135.2670717,161.4,13.8,161,9342281,C6VG7,NORWEGIAN PEARL,16,GLACIER BAY
2008-07-24T07:06:44,309653000,59.09652167,-135.2685217,161.8,13.9,161,9342281,C6VG7,NORWEGIAN PEARL,16,GLACIER BAY
2008-07-24T07:06:14,309653000,59.09828833,-135.26967,161.0,14.0,161,9342281,C6VG7,NORWEGIAN PEARL,16,GLACIER BAY
2008-07-24T07:06:08,309653000,59.098655,-135.2699033,161.0,13.9,161,9342281,C6VG7,NORWEGIAN PEARL,16,GLACIER BAY
2008-07-24T07:05:55,309653000,59.09943667,-135.270435,161.0,13.9,161,9342281,C6VG7,NORWEGIAN PEARL,16,GLACIER BAY
2008-07-24T07:05:44,309653000,59.10017,-135.270935,0.0,0.0,0,9342281,C6VG7,NORWEGIAN PEARL,16,GLACIER BAY
2008-07-24T07:05:44,309653000,59.10017,-135.270935,161.0,14.0,161,9342281,C6VG7,NORWEGIAN PEARL,16,GLACIER BAY
2008-07-24T07:05:31,309653000,59.10092,-135.271435,160.5,14.0,161,9342281,C6VG7,NORWEGIAN PEARL,16,GLACIER BAY
2008-07-24T07:05:20,309653000,59.101635,-135.2719333,160.5,14.0,161,9342281,C6VG7,NORWEGIAN PEARL,16,GLACIER BAY
2008-07-24T07:05:08,309653000,59.10236833,-135.2724333,160.1,14.0,161,9342281,C6VG7,NORWEGIAN PEARL,16,GLACIER BAY
2008-07-24T07:04:49,309653000,59.10346833,-135.2732,160.5,14.0,161,9342281,C6VG7,NORWEGIAN PEARL,16,GLACIER BAY
2008-07-24T07:04:08,309653000,59.10598333,-135.2749483,160.5,14.1,161,9342281,C6VG7,NORWEGIAN PEARL,16,GLACIER BAY
2008-07-24T07:03:55,309653000,59.10676667,-135.2754983,160.1,14.1,161,9342281,C6VG7,NORWEGIAN PEARL,16,GLACIER BAY
2008-07-24T07:03:31,309653000,59.1083,-135.27658,159.7,14.2,161,9342281,C6VG7,NORWEGIAN PEARL,16,GLACIER BAY
2008-07-24T07:03:20,309653000,59.108915,-135.2770133,159.7,14.2,161,9342281,C6VG7,NORWEGIAN PEARL,16,GLACIER BAY
2008-07-24T07:02:49,309653000,59.11083,-135.2783783,159.3,14.2,161,9342281,C6VG7,NORWEGIAN PEARL,16,GLACIER BAY
2008-07-24T07:02:44,309653000,59.11113,-135.2786117,159.7,14.2,161,9342281,C6VG7,NORWEGIAN PEARL,16,GLACIER BAY
2008-07-24T07:02:31,309653000,59.11194667,-135.2791767,159.3,14.3,161,9342281,C6VG7,NORWEGIAN PEARL,16,GLACIER BAY
2008-07-24T07:02:20,309653000,59.11261333,-135.2796617,159.7,14.3,161,9342281,C6VG7,NORWEGIAN PEARL,16,GLACIER BAY
2008-07-24T07:02:08,309653000,59.11336167,-135.2801933,159.7,14.3,161,9342281,C6VG7,NORWEGIAN PEARL,16,GLACIER BAY
2008-07-24T07:01:56,309653000,59.11416167,-135.2807767,159.7,14.3,161,9342281,C6VG7,NORWEGIAN PEARL,16,GLACIER BAY
2008-07-24T07:01:44,309653000,59.11491167,-135.28131,159.7,14.3,161,9342281,C6VG7,NORWEGIAN PEARL,16,GLACIER BAY
2008-07-24T07:01:31,309653000,59.11571,-135.2818933,159.8,14.4,161,9342281,C6VG7,NORWEGIAN PEARL,16,GLACIER BAY
2008-07-24T07:01:20,309653000,59.11632667,-135.2823433,159.7,14.3,161,9342281,C6VG7,NORWEGIAN PEARL,16,GLACIER BAY
2008-07-24T07:01:08,309653000,59.117075,-135.282875,159.7,14.3,161,9342281,C6VG7,NORWEGIAN PEARL,16,GLACIER BAY
2008-07-24T07:00:56,309653000,59.117825,-135.2834083,160.1,14.3,161,9342281,C6VG7,NORWEGIAN PEARL,16,GLACIER BAY
2008-07-24T07:00:50,309653000,59.11819167,-135.283675,160.1,14.2,161,9342281,C6VG7,NORWEGIAN PEARL,16,GLACIER BAY
2008-07-24T07:00:44,309653000,59.11855833,-135.283925,160.1,14.2,161,9342281,C6VG7,NORWEGIAN PEARL,16,GLACIER BAY
2008-07-24T07:00:31,309653000,59.119375,-135.2845083,160.1,14.3,161,9342281,C6VG7,NORWEGIAN PEARL,16,GLACIER BAY
2008-07-24T07:00:20,309653000,59.12010833,-135.285025,160.1,14.2,161,9342281,C6VG7,NORWEGIAN PEARL,16,GLACIER BAY
2008-07-24T06:59:56,309653000,59.12160833,-135.286075,160.1,14.2,161,9342281,C6VG7,NORWEGIAN PEARL,16,GLACIER BAY
2008-07-24T06:59:44,309653000,59.12227333,-135.2865567,0.0,0.0,0,9342281,C6VG7,NORWEGIAN PEARL,16,GLACIER BAY
2008-07-24T06:59:44,309653000,59.12227333,-135.2865567,159.7,14.3,161,9342281,C6VG7,NORWEGIAN PEARL,16,GLACIER BAY
2008-07-24T06:59:37,309653000,59.12270667,-135.2868567,159.7,14.2,161,9342281,C6VG7,NORWEGIAN PEARL,16,GLACIER BAY
2008-07-24T06:59:31,309653000,59.12314,-135.2871583,160.1,14.2,161,9342281,C6VG7,NORWEGIAN PEARL,16,GLACIER BAY
2008-07-24T06:59:26,309653000,59.12339,-135.2873417,160.1,14.2,161,9342281,C6VG7,NORWEGIAN PEARL,16,GLACIER BAY
2008-07-24T06:59:20,309653000,59.12375667,-135.2876067,160.1,14.2,161,9342281,C6VG7,NORWEGIAN PEARL,16,GLACIER BAY
2008-07-24T06:59:08,309653000,59.12450667,-135.2881233,159.7,14.3,161,9342281,C6VG7,NORWEGIAN PEARL,16,GLACIER BAY
2008-07-24T06:58:56,309653000,59.12524,-135.2886567,160.1,14.2,161,9342281,C6VG7,NORWEGIAN PEARL,16,GLACIER BAY
2008-07-24T06:58:31,309653000,59.126855,-135.28979,160.1,14.3,161,9342281,C6VG7,NORWEGIAN PEARL,16,GLACIER BAY
2008-07-24T06:58:26,309653000,59.127155,-135.2900067,160.1,14.2,161,9342281,C6VG7,NORWEGIAN PEARL,16,GLACIER BAY
2008-07-24T06:58:20,309653000,59.12746667,-135.2902333,159.7,14.2,161,9342281,C6VG7,NORWEGIAN PEARL,16,GLACIER BAY
2008-07-24T06:58:08,309653000,59.12821667,-135.29075,159.3,14.2,161,9342281,C6VG7,NORWEGIAN PEARL,16,GLACIER BAY
2008-07-24T06:57:56,309653000,59.12895,-135.2912833,159.7,14.3,161,9342281,C6VG7,NORWEGIAN PEARL,16,GLACIER BAY
2008-07-24T06:57:50,309653000,59.12933167,-135.2915483,159.7,14.3,161,9342281,C6VG7,NORWEGIAN PEARL,16,GLACIER BAY
2008-07-24T06:57:44,309653000,59.12974833,-135.291865,159.7,14.2,161,9342281,C6VG7,NORWEGIAN PEARL,16,GLACIER BAY
2008-07-24T06:57:31,309653000,59.130565,-135.2924483,159.7,14.2,161,9342281,C6VG7,NORWEGIAN PEARL,16,GLACIER BAY
2008-07-24T06:57:19,309653000,59.13123167,-135.2929317,159.7,14.3,161,9342281,C6VG7,NORWEGIAN PEARL,16,GLACIER BAY
2008-07-24T06:57:14,309653000,59.13154833,-135.2931483,159.3,14.3,161,9342281,C6VG7,NORWEGIAN PEARL,16,GLACIER BAY
2008-07-24T06:57:08,309653000,59.131915,-135.293415,159.3,14.2,161,9342281,C6VG7,NORWEGIAN PEARL,16,GLACIER BAY
2008-07-24T06:57:01,309653000,59.13241333,-135.2937817,159.3,14.2,161,9342281,C6VG7,NORWEGIAN PEARL,16,GLACIER BAY
2008-07-24T06:56:56,309653000,59.13271333,-135.2939983,159.3,14.3,161,9342281,C6VG7,NORWEGIAN PEARL,16,GLACIER BAY
2008-07-24T06:56:49,309653000,59.13308,-135.294265,158.9,14.3,161,9342281,C6VG7,NORWEGIAN PEARL,16,GLACIER BAY
2008-07-24T06:56:44,309653000,59.13344667,-135.2945483,158.9,14.3,161,9342281,C6VG7,NORWEGIAN PEARL,16,GLACIER BAY
2008-07-24T06:56:31,309653000,59.13426333,-135.2951467,158.9,14.3,161,9342281,C6VG7,NORWEGIAN PEARL,16,GLACIER BAY
2008-07-24T06:56:19,309653000,59.13493,-135.2956467,158.9,14.3,161,9342281,C6VG7,NORWEGIAN PEARL,16,GLACIER BAY
2008-07-24T06:56:08,309653000,59.13561167,-135.2961467,158.5,14.3,161,9342281,C6VG7,NORWEGIAN PEARL,16,GLACIER BAY
2008-07-24T06:56:01,309653000,59.136045,-135.29648,158.5,14.3,161,9342281,C6VG7,NORWEGIAN PEARL,16,GLACIER BAY
2008-07-24T06:55:56,309653000,59.136345,-135.2966967,158.9,14.3,161,9342281,C6VG7,NORWEGIAN PEARL,16,GLACIER BAY
2008-07-24T06:55:49,309653000,59.13677833,-135.29703,158.9,14.3,161,9342281,C6VG7,NORWEGIAN PEARL,16,GLACIER BAY
2008-07-24T06:55:44,309653000,59.13707833,-135.2972633,158.9,14.3,161,9342281,C6VG7,NORWEGIAN PEARL,16,GLACIER BAY
2008-07-24T06:55:38,309653000,59.13746167,-135.2975467,158.5,14.3,161,9342281,C6VG7,NORWEGIAN PEARL,16,GLACIER BAY
2008-07-24T06:55:31,309653000,59.13787833,-135.2978633,158.9,14.3,161,9342281,C6VG7,NORWEGIAN PEARL,16,GLACIER BAY
2008-07-24T06:55:19,309653000,59.138695,-135.2984617,158.9,14.3,161,9342281,C6VG7,NORWEGIAN PEARL,16,GLACIER BAY
2008-07-24T06:55:14,309653000,59.138995,-135.2986967,158.9,14.3,161,9342281,C6VG7,NORWEGIAN PEARL,16,GLACIER BAY
2008-07-24T06:55:08,309653000,59.13936167,-135.2989617,158.5,14.3,161,9342281,C6VG7,NORWEGIAN PEARL,16,GLACIER BAY
2008-07-24T06:55:01,309653000,59.13972833,-135.2992467,158.9,14.3,161,9342281,C6VG7,NORWEGIAN PEARL,16,GLACIER BAY
2008-07-24T06:54:56,309653000,59.14004333,-135.2994617,158.9,14.3,161,9342281,C6VG7,NORWEGIAN PEARL,16,GLACIER BAY
2008-07-24T06:54:49,309653000,59.14047667,-135.299795,158.9,14.3,161,9342281,C6VG7,NORWEGIAN PEARL,16,GLACIER BAY
2008-07-24T06:54:38,309653000,59.14121,-135.300345,159.3,14.3,161,9342281,C6VG7,NORWEGIAN PEARL,16,GLACIER BAY
2008-07-24T06:54:31,309653000,59.14157667,-135.3006283,159.3,14.3,161,9342281,C6VG7,NORWEGIAN PEARL,16,GLACIER BAY
2008-07-24T06:54:19,309653000,59.14232667,-135.3011617,159.3,14.2,161,9342281,C6VG7,NORWEGIAN PEARL,16,GLACIER BAY
2008-07-24T06:54:08,309653000,59.14299167,-135.3016767,159.3,14.3,161,9342281,C6VG7,NORWEGIAN PEARL,16,GLACIER BAY
2008-07-24T06:54:01,309653000,59.14344167,-135.3019933,158.9,14.3,161,9342281,C6VG7,NORWEGIAN PEARL,16,GLACIER BAY
2008-07-24T06:53:56,309653000,59.14374167,-135.3022267,159.3,14.2,161,9342281,C6VG7,NORWEGIAN PEARL,16,GLACIER BAY
2008-07-24T06:53:49,309653000,59.14415833,-135.3025433,159.3,14.2,161,9342281,C6VG7,NORWEGIAN PEARL,16,GLACIER BAY
2008-07-24T06:53:44,309653000,59.144475,-135.3027767,159.3,14.2,161,9342281,C6VG7,NORWEGIAN PEARL,16,GLACIER BAY
2008-07-24T06:53:43,309653000,59.14490833,-135.3030933,0.0,0.0,0,9342281,C6VG7,NORWEGIAN PEARL,16,GLACIER BAY
2008-07-24T06:53:38,309653000,59.14490833,-135.3030933,159.3,14.2,161,9342281,C6VG7,NORWEGIAN PEARL,16,GLACIER BAY
2008-07-24T06:53:31,309653000,59.14534167,-135.30341,159.3,14.2,161,9342281,C6VG7,NORWEGIAN PEARL,16,GLACIER BAY
2008-07-24T06:53:20,309653000,59.14600833,-135.30391,158.9,14.2,161,9342281,C6VG7,NORWEGIAN PEARL,16,GLACIER BAY
2008-07-24T06:53:08,309653000,59.14667333,-135.30441,159.3,14.2,161,9342281,C6VG7,NORWEGIAN PEARL,16,GLACIER BAY
2008-07-24T06:52:56,309653000,59.14740667,-135.30496,159.3,14.2,161,9342281,C6VG7,NORWEGIAN PEARL,16,GLACIER BAY
2008-07-24T06:52:49,309653000,59.14784,-135.3052767,159.3,14.2,161,9342281,C6VG7,NORWEGIAN PEARL,16,GLACIER BAY
2008-07-24T06:52:44,309653000,59.14820667,-135.3055433,159.3,14.2,161,9342281,C6VG7,NORWEGIAN PEARL,16,GLACIER BAY
2008-07-24T06:52:38,309653000,59.14850667,-135.3057583,159.3,14.2,161,9342281,C6VG7,NORWEGIAN PEARL,16,GLACIER BAY
2008-07-24T06:52:31,309653000,59.14894,-135.306075,159.7,14.1,161,9342281,C6VG7,NORWEGIAN PEARL,16,GLACIER BAY
2008-07-24T06:52:26,309653000,59.14930667,-135.3063583,159.3,14.2,161,9342281,C6VG7,NORWEGIAN PEARL,16,GLACIER BAY
2008-07-24T06:52:20,309653000,59.14960667,-135.306575,159.7,14.2,161,9342281,C6VG7,NORWEGIAN PEARL,16,GLACIER BAY
2008-07-24T06:52:14,309653000,59.14997333,-135.3068417,159.3,14.1,161,9342281,C6VG7,NORWEGIAN PEARL,16,GLACIER BAY
2008-07-24T06:52:07,309653000,59.150405,-135.3071583,159.3,14.2,161,9342281,C6VG7,NORWEGIAN PEARL,16,GLACIER BAY
2008-07-24T06:51:56,309653000,59.15113833,-135.3076917,159.7,14.2,161,9342281,C6VG7,NORWEGIAN PEARL,16,GLACIER BAY
2008-07-24T06:51:49,309653000,59.151505,-135.3079583,159.3,14.2,161,9342281,C6VG7,NORWEGIAN PEARL,16,GLACIER BAY
2008-07-24T06:51:44,309653000,59.15187167,-135.308225,159.3,14.2,161,9342281,C6VG7,NORWEGIAN PEARL,16,GLACIER BAY
2008-07-24T06:51:31,309653000,59.15267167,-135.3088083,159.3,14.2,161,9342281,C6VG7,NORWEGIAN PEARL,16,GLACIER BAY
2008-07-24T06:51:26,309653000,59.15297167,-135.309025,159.3,14.2,161,9342281,C6VG7,NORWEGIAN PEARL,16,GLACIER BAY
2008-07-24T06:51:20,309653000,59.15333833,-135.3092917,158.9,14.2,161,9342281,C6VG7,NORWEGIAN PEARL,16,GLACIER BAY
2008-07-24T06:51:07,309653000,59.15407167,-135.3098417,158.9,14.2,161,9342281,C6VG7,NORWEGIAN PEARL,16,GLACIER BAY
2008-07-24T06:51:01,309653000,59.154455,-135.310125,159.3,14.2,161,9342281,C6VG7,NORWEGIAN PEARL,16,GLACIER BAY
2008-07-24T06:50:56,309653000,59.15482167,-135.3103917,158.9,14.2,161,9342281,C6VG7,NORWEGIAN PEARL,16,GLACIER BAY
2008-07-24T06:50:44,309653000,59.155555,-135.31094,158.9,14.2,161,9342281,C6VG7,NORWEGIAN PEARL,16,GLACIER BAY
2008-07-24T06:50:31,309653000,59.15628667,-135.31149,158.5,14.2,161,9342281,C6VG7,NORWEGIAN PEARL,16,GLACIER BAY
2008-07-24T06:50:26,309653000,59.15660333,-135.3117233,158.5,14.2,161,9342281,C6VG7,NORWEGIAN PEARL,16,GLACIER BAY
2008-07-24T06:50:20,309653000,59.15702,-135.3120567,158.5,14.3,161,9342281,C6VG7,NORWEGIAN PEARL,16,GLACIER BAY
2008-07-24T06:50:07,309653000,59.15777,-135.3126217,157.5,14.3,160,9342281,C6VG7,NORWEGIAN PEARL,16,GLACIER BAY
2008-07-24T06:50:01,309653000,59.15818667,-135.312955,157.5,14.3,160,9342281,C6VG7,NORWEGIAN PEARL,16,GLACIER BAY
2008-07-24T06:49:56,309653000,59.15850167,-135.3131883,157.5,14.3,160,9342281,C6VG7,NORWEGIAN PEARL,16,GLACIER BAY
2008-07-24T06:49:50,309653000,59.15885167,-135.3134883,157.1,14.3,160,9342281,C6VG7,NORWEGIAN PEARL,16,GLACIER BAY
2008-07-24T06:49:44,309653000,59.159235,-135.3137883,157.2,14.4,160,9342281,C6VG7,NORWEGIAN PEARL,16,GLACIER BAY
2008-07-24T06:49:38,309653000,59.15960167,-135.3140883,157.2,14.4,160,9342281,C6VG7,NORWEGIAN PEARL,16,GLACIER BAY
2008-07-24T06:49:31,309653000,59.15996833,-135.3143717,157.2,14.4,160,9342281,C6VG7,NORWEGIAN PEARL,16,GLACIER BAY
2008-07-24T06:49:26,309653000,59.160335,-135.3146717,157.2,14.4,160,9342281,C6VG7,NORWEGIAN PEARL,16,GLACIER BAY
2008-07-24T06:49:20,309653000,59.160635,-135.3149217,157.6,14.4,160,9342281,C6VG7,NORWEGIAN PEARL,16,GLACIER BAY
2008-07-24T06:49:14,309653000,59.16100167,-135.3152383,157.0,14.5,159,9342281,C6VG7,NORWEGIAN PEARL,16,GLACIER BAY
2008-07-24T06:49:07,309653000,59.161435,-135.3155883,156.6,14.5,159,9342281,C6VG7,NORWEGIAN PEARL,16,GLACIER BAY
2008-07-24T06:48:56,309653000,59.16216833,-135.316205,157.0,14.5,159,9342281,C6VG7,NORWEGIAN PEARL,16,GLACIER BAY
2008-07-24T06:48:44,309653000,59.16285167,-135.3167533,157.0,14.6,159,9342281,C6VG7,NORWEGIAN PEARL,16,GLACIER BAY
2008-07-24T06:48:38,309653000,59.16328333,-135.31712,157.0,14.6,159,9342281,C6VG7,NORWEGIAN PEARL,16,GLACIER BAY
2008-07-24T06:48:31,309653000,59.16371667,-135.317485,157.4,14.6,159,9342281,C6VG7,NORWEGIAN PEARL,16,GLACIER BAY
2008-07-24T06:48:20,309653000,59.16439833,-135.3180517,156.8,14.7,158,9342281,C6VG7,NORWEGIAN PEARL,16,GLACIER BAY
2008-07-24T06:48:08,309653000,59.16514833,-135.3186683,156.8,14.7,158,9342281,C6VG7,NORWEGIAN PEARL,16,GLACIER BAY
2008-07-24T06:48:01,309653000,59.16553167,-135.3189833,156.8,14.8,158,9342281,C6VG7,NORWEGIAN PEARL,16,GLACIER BAY
2008-07-24T06:47:56,309653000,59.16589833,-135.3193,156.4,14.8,158,9342281,C6VG7,NORWEGIAN PEARL,16,GLACIER BAY
2008-07-24T06:47:50,309653000,59.166265,-135.3196,156.4,14.8,158,9342281,C6VG7,NORWEGIAN PEARL,16,GLACIER BAY
2008-07-24T06:47:44,309653000,59.16664833,-135.3199167,156.8,14.9,158,9342281,C6VG7,NORWEGIAN PEARL,16,GLACIER BAY
2008-07-24T06:47:41,309653000,59.16703,-135.32025,0.0,0.0,0,9342281,C6VG7,NORWEGIAN PEARL,16,GLACIER BAY
2008-07-24T06:47:38,309653000,59.16703,-135.32025,156.8,14.9,158,9342281,C6VG7,NORWEGIAN PEARL,16,GLACIER BAY
2008-07-24T06:47:31,309653000,59.167415,-135.32055,156.8,14.9,158,9342281,C6VG7,NORWEGIAN PEARL,16,GLACIER BAY
2008-07-24T06:47:20,309653000,59.168165,-135.3212,156.8,15.0,158,9342281,C6VG7,NORWEGIAN PEARL,16,GLACIER BAY
2008-07-24T06:47:13,309653000,59.16854667,-135.3215167,156.8,15.1,158,9342281,C6VG7,NORWEGIAN PEARL,16,GLACIER BAY
2008-07-24T06:47:08,309653000,59.16886333,-135.3217833,156.8,15.1,158,9342281,C6VG7,NORWEGIAN PEARL,16,GLACIER BAY
2008-07-24T06:47:01,309653000,59.16938,-135.3222,156.8,15.2,158,9342281,C6VG7,NORWEGIAN PEARL,16,GLACIER BAY
2008-07-24T06:46:56,309653000,59.16969667,-135.3224667,157.2,15.2,158,9342281,C6VG7,NORWEGIAN PEARL,16,GLACIER BAY
2008-07-24T06:46:43,309653000,59.17054667,-135.3231667,156.8,15.3,158,9342281,C6VG7,NORWEGIAN PEARL,16,GLACIER BAY
2008-07-24T06:46:38,309653000,59.17087833,-135.32345,156.8,15.3,158,9342281,C6VG7,NORWEGIAN PEARL,16,GLACIER BAY
2008-07-24T06:46:26,309653000,59.171645,-135.3241,156.8,15.4,158,9342281,C6VG7,NORWEGIAN PEARL,16,GLACIER BAY
2008-07-24T06:46:20,309653000,59.172045,-135.3244167,156.8,15.4,158,9342281,C6VG7,NORWEGIAN PEARL,16,GLACIER BAY
2008-07-24T06:46:13,309653000,59.172445,-135.3247483,157.2,15.5,158,9342281,C6VG7,NORWEGIAN PEARL,16,GLACIER BAY
2008-07-24T06:46:08,309653000,59.17276167,-135.325015,157.2,15.5,158,9342281,C6VG7,NORWEGIAN PEARL,16,GLACIER BAY
2008-07-24T06:46:01,309653000,59.17322833,-135.3253983,156.8,15.6,158,9342281,C6VG7,NORWEGIAN PEARL,16,GLACIER BAY
2008-07-24T06:45:56,309653000,59.17361167,-135.325715,156.5,15.6,158,9342281,C6VG7,NORWEGIAN PEARL,16,GLACIER BAY
2008-07-24T06:45:43,309653000,59.17441,-135.32638,156.8,15.6,158,9342281,C6VG7,NORWEGIAN PEARL,16,GLACIER BAY
2008-07-24T06:45:38,309653000,59.17481,-135.326715,156.8,15.6,158,9342281,C6VG7,NORWEGIAN PEARL,16,GLACIER BAY
2008-07-24T06:45:31,309653000,59.17521,-135.3270467,156.9,15.7,158,9342281,C6VG7,NORWEGIAN PEARL,16,GLACIER BAY
2008-07-24T06:45:26,309653000,59.17554333,-135.327315,156.9,15.7,158,9342281,C6VG7,NORWEGIAN PEARL,16,GLACIER BAY
2008-07-24T06:45:20,309653000,59.17600833,-135.3277133,156.5,15.7,158,9342281,C6VG7,NORWEGIAN PEARL,16,GLACIER BAY
2008-07-24T06:45:13,309653000,59.176475,-135.3280967,156.5,15.8,158,9342281,C6VG7,NORWEGIAN PEARL,16,GLACIER BAY
2008-07-24T06:45:08,309653000,59.17681,-135.32838,156.5,15.7,158,9342281,C6VG7,NORWEGIAN PEARL,16,GLACIER BAY
2008-07-24T06:45:01,309653000,59.17727667,-135.3287633,156.9,15.7,158,9342281,C6VG7,NORWEGIAN PEARL,16,GLACIER BAY
2008-07-24T06:44:56,309653000,59.17761,-135.3290467,156.5,15.7,158,9342281,C6VG7,NORWEGIAN PEARL,16,GLACIER BAY
2008-07-24T06:44:50,309653000,59.17800833,-135.32938,156.5,15.8,158,9342281,C6VG7,NORWEGIAN PEARL,16,GLACIER BAY
2008-07-24T06:44:43,309653000,59.17840833,-135.3297117,156.5,15.7,158,9342281,C6VG7,NORWEGIAN PEARL,16,GLACIER BAY
2008-07-24T06:44:38,309653000,59.17880833,-135.3300633,156.5,15.7,158,9342281,C6VG7,NORWEGIAN PEARL,16,GLACIER BAY
2008-07-24T06:44:31,309653000,59.179275,-135.3304467,156.9,15.7,158,9342281,C6VG7,NORWEGIAN PEARL,16,GLACIER BAY
2008-07-24T06:44:26,309653000,59.17960833,-135.3307283,156.9,15.7,158,9342281,C6VG7,NORWEGIAN PEARL,16,GLACIER BAY
2008-07-24T06:44:20,309653000,59.18000667,-135.3310617,156.9,15.7,158,9342281,C6VG7,NORWEGIAN PEARL,16,GLACIER BAY
2008-07-24T06:44:13,309653000,59.18042333,-135.331395,156.9,15.7,158,9342281,C6VG7,NORWEGIAN PEARL,16,GLACIER BAY
2008-07-24T06:44:01,309653000,59.18122333,-135.3320617,156.9,15.7,158,9342281,C6VG7,NORWEGIAN PEARL,16,GLACIER BAY
2008-07-24T06:43:56,309653000,59.18160667,-135.332395,156.9,15.7,158,9342281,C6VG7,NORWEGIAN PEARL,16,GLACIER BAY
2008-07-24T06:43:50,309653000,59.18195667,-135.3326783,156.9,15.7,158,9342281,C6VG7,NORWEGIAN PEARL,16,GLACIER BAY
2008-07-24T06:43:46,309653000,59.18240667,-135.3330617,0.0,0.0,0,9342281,C6VG7,NORWEGIAN PEARL,16,GLACIER BAY
2008-07-24T06:43:43,309653000,59.18240667,-135.3330617,156.9,15.7,158,9342281,C6VG7,NORWEGIAN PEARL,16,GLACIER BAY
2008-07-24T06:43:38,309653000,59.18282333,-135.333395,156.9,15.7,158,9342281,C6VG7,NORWEGIAN PEARL,16,GLACIER BAY
2008-07-24T06:43:30,309653000,59.18329,-135.333795,156.9,15.7,158,9342281,C6VG7,NORWEGIAN PEARL,16,GLACIER BAY
2008-07-24T06:43:20,309653000,59.18400667,-135.334395,156.9,15.7,158,9342281,C6VG7,NORWEGIAN PEARL,16,GLACIER BAY
2008-07-24T06:43:13,309653000,59.18442333,-135.3347283,156.9,15.7,158,9342281,C6VG7,NORWEGIAN PEARL,16,GLACIER BAY
2008-07-24T06:43:08,309653000,59.18480667,-135.3350617,157.2,15.6,158,9342281,C6VG7,NORWEGIAN PEARL,16,GLACIER BAY
2008-07-24T06:43:01,309653000,59.18520667,-135.335395,156.8,15.6,158,9342281,C6VG7,NORWEGIAN PEARL,16,GLACIER BAY
2008-07-24T06:42:56,309653000,59.18560667,-135.3357117,157.2,15.6,158,9342281,C6VG7,NORWEGIAN PEARL,16,GLACIER BAY
2008-07-24T06:42:50,309653000,59.18593833,-135.3359933,157.2,15.6,158,9342281,C6VG7,NORWEGIAN PEARL,16,GLACIER BAY
2008-07-24T06:42:43,309653000,59.186405,-135.3363767,157.6,15.6,158,9342281,C6VG7,NORWEGIAN PEARL,16,GLACIER BAY
2008-07-24T06:42:38,309653000,59.186805,-135.3366933,157.2,15.6,158,9342281,C6VG7,NORWEGIAN PEARL,16,GLACIER BAY
2008-07-24T06:42:30,309653000,59.18727167,-135.3370767,157.6,15.6,158,9342281,C6VG7,NORWEGIAN PEARL,16,GLACIER BAY
2008-07-24T06:42:25,309653000,59.187605,-135.33736,157.6,15.6,158,9342281,C6VG7,NORWEGIAN PEARL,16,GLACIER BAY
2008-07-24T06:42:19,309653000,59.188005,-135.3376767,157.2,15.6,158,9342281,C6VG7,NORWEGIAN PEARL,16,GLACIER BAY
2008-07-24T06:42:13,309653000,59.188405,-135.3379933,157.2,15.6,158,9342281,C6VG7,NORWEGIAN PEARL,16,GLACIER BAY
2008-07-24T06:42:08,309653000,59.18873833,-135.3382767,157.6,15.7,158,9342281,C6VG7,NORWEGIAN PEARL,16,GLACIER BAY
2008-07-24T06:42:01,309653000,59.18927167,-135.33871,158.0,15.6,158,9342281,C6VG7,NORWEGIAN PEARL,16,GLACIER BAY
2008-07-24T06:41:56,309653000,59.189605,-135.3389767,158.0,15.7,158,9342281,C6VG7,NORWEGIAN PEARL,16,GLACIER BAY
2008-07-24T06:41:50,309653000,59.190005,-135.3392933,158.0,15.6,158,9342281,C6VG7,NORWEGIAN PEARL,16,GLACIER BAY
2008-07-24T06:41:43,309653000,59.19047,-135.33966,158.6,15.6,159,9342281,C6VG7,NORWEGIAN PEARL,16,GLACIER BAY
2008-07-24T06:41:38,309653000,59.19082,-135.3399267,158.6,15.6,159,9342281,C6VG7,NORWEGIAN PEARL,16,GLACIER BAY
2008-07-24T06:41:30,309653000,59.19128667,-135.340295,159.0,15.6,159,9342281,C6VG7,NORWEGIAN PEARL,16,GLACIER BAY
2008-07-24T06:41:25,309653000,59.19162,-135.340545,159.6,15.6,159,9342281,C6VG7,NORWEGIAN PEARL,16,GLACIER BAY
2008-07-24T06:41:19,309653000,59.19202,-135.340845,160.0,15.6,160,9342281,C6VG7,NORWEGIAN PEARL,16,GLACIER BAY
2008-07-24T06:41:13,309653000,59.19243667,-135.341145,159.6,15.6,160,9342281,C6VG7,NORWEGIAN PEARL,16,GLACIER BAY
2008-07-24T06:41:08,309653000,59.19283667,-135.341445,160.6,15.6,161,9342281,C6VG7,NORWEGIAN PEARL,16,GLACIER BAY
2008-07-24T06:41:01,309653000,59.193235,-135.3417283,160.6,15.6,161,9342281,C6VG7,NORWEGIAN PEARL,16,GLACIER BAY
2008-07-24T06:40:56,309653000,59.193585,-135.3419617,160.6,15.6,161,9342281,C6VG7,NORWEGIAN PEARL,16,GLACIER BAY
2008-07-24T06:40:50,309653000,59.193985,-135.342245,161.6,15.6,162,9342281,C6VG7,NORWEGIAN PEARL,16,GLACIER BAY
2008-07-24T06:40:43,309653000,59.19446833,-135.3425617,161.6,15.6,162,9342281,C6VG7,NORWEGIAN PEARL,16,GLACIER BAY
2008-07-24T06:40:38,309653000,59.19486833,-135.3428467,161.6,15.6,162,9342281,C6VG7,NORWEGIAN PEARL,16,GLACIER BAY
2008-07-24T06:40:30,309653000,59.19535167,-135.3431467,162.6,15.6,163,9342281,C6VG7,NORWEGIAN PEARL,16,GLACIER BAY
2008-07-24T06:40:25,309653000,59.195685,-135.3433633,162.6,15.6,163,9342281,C6VG7,NORWEGIAN PEARL,16,GLACIER BAY
2008-07-24T06:40:19,309653000,59.19618333,-135.3436633,162.6,15.6,163,9342281,C6VG7,NORWEGIAN PEARL,16,GLACIER BAY
2008-07-24T06:40:13,309653000,59.19658333,-135.3439133,162.6,15.6,163,9342281,C6VG7,NORWEGIAN PEARL,16,GLACIER BAY
2008-07-24T06:40:08,309653000,59.19693333,-135.3441133,163.6,15.6,164,9342281,C6VG7,NORWEGIAN PEARL,16,GLACIER BAY
2008-07-24T06:39:56,309653000,59.19776667,-135.3446133,163.6,15.6,164,9342281,C6VG7,NORWEGIAN PEARL,16,GLACIER BAY
2008-07-24T06:39:50,309653000,59.1981,-135.3448133,163.2,15.5,164,9342281,C6VG7,NORWEGIAN PEARL,16,GLACIER BAY
2008-07-24T06:39:43,309653000,59.19858167,-135.34508,163.2,15.5,164,9342281,C6VG7,NORWEGIAN PEARL,16,GLACIER BAY
2008-07-24T06:39:38,309653000,59.19899833,-135.34533,163.2,15.6,164,9342281,C6VG7,NORWEGIAN PEARL,16,GLACIER BAY
2008-07-24T06:39:25,309653000,59.19983167,-135.3458133,163.2,15.6,164,9342281,C6VG7,NORWEGIAN PEARL,16,GLACIER BAY
2008-07-24T06:39:19,309653000,59.20024833,-135.3460467,163.2,15.6,164,9342281,C6VG7,NORWEGIAN PEARL,16,GLACIER BAY
2008-07-24T06:39:08,309653000,59.201065,-135.34653,163.6,15.6,164,9342281,C6VG7,NORWEGIAN PEARL,16,GLACIER BAY
2008-07-24T06:39:01,309653000,59.20148,-135.3467617,163.2,15.6,164,9342281,C6VG7,NORWEGIAN PEARL,16,GLACIER BAY
2008-07-24T06:38:56,309653000,59.20183,-135.3469617,163.2,15.6,164,9342281,C6VG7,NORWEGIAN PEARL,16,GLACIER BAY
2008-07-24T06:38:50,309653000,59.20223167,-135.3472133,163.2,15.5,164,9342281,C6VG7,NORWEGIAN PEARL,16,GLACIER BAY
2008-07-24T06:38:44,309653000,59.202715,-135.34748,163.2,15.5,164,9342281,C6VG7,NORWEGIAN PEARL,16,GLACIER BAY
2008-07-24T06:38:38,309653000,59.20313167,-135.34773,163.2,15.5,164,9342281,C6VG7,NORWEGIAN PEARL,16,GLACIER BAY
2008-07-24T06:38:30,309653000,59.203615,-135.3480117,163.2,15.5,164,9342281,C6VG7,NORWEGIAN PEARL,16,GLACIER BAY
2008-07-24T06:38:25,309653000,59.203965,-135.3482117,163.2,15.5,164,9342281,C6VG7,NORWEGIAN PEARL,16,GLACIER BAY
2008-07-24T06:38:19,309653000,59.20444833,-135.3484967,163.2,15.5,164,9342281,C6VG7,NORWEGIAN PEARL,16,GLACIER BAY
2008-07-24T06:38:14,309653000,59.20478,-135.348695,163.2,15.5,164,9342281,C6VG7,NORWEGIAN PEARL,16,GLACIER BAY
2008-07-24T06:38:08,309653000,59.20519667,-135.3489283,163.2,15.5,164,9342281,C6VG7,NORWEGIAN PEARL,16,GLACIER BAY
2008-07-24T06:38:01,309653000,59.20561333,-135.3491783,163.2,15.5,164,9342281,C6VG7,NORWEGIAN PEARL,16,GLACIER BAY
2008-07-24T06:37:56,309653000,59.20594667,-135.3493783,163.6,15.6,164,9342281,C6VG7,NORWEGIAN PEARL,16,GLACIER BAY
2008-07-24T06:37:50,309653000,59.20636333,-135.3496133,163.6,15.5,164,9342281,C6VG7,NORWEGIAN PEARL,16,GLACIER BAY
2008-07-24T06:37:44,309653000,59.20678,-135.3498617,163.6,15.5,164,9342281,C6VG7,NORWEGIAN PEARL,16,GLACIER BAY
2008-07-24T06:37:38,309653000,59.20726333,-135.3501283,163.2,15.5,164,9342281,C6VG7,NORWEGIAN PEARL,16,GLACIER BAY
2008-07-24T06:37:30,309653000,59.20772833,-135.35041,163.2,15.5,164,9342281,C6VG7,NORWEGIAN PEARL,16,GLACIER BAY
2008-07-24T06:37:25,309653000,59.20807833,-135.3506117,163.2,15.5,164,9342281,C6VG7,NORWEGIAN PEARL,16,GLACIER BAY
2008-07-24T06:37:19,309653000,59.20847833,-135.3508433,163.2,15.4,164,9342281,C6VG7,NORWEGIAN PEARL,16,GLACIER BAY
2008-07-24T06:37:14,309653000,59.20882833,-135.35106,162.6,15.5,163,9342281,C6VG7,NORWEGIAN PEARL,16,GLACIER BAY
2008-07-24T06:37:08,309653000,59.209295,-135.3513433,162.6,15.5,163,9342281,C6VG7,NORWEGIAN PEARL,16,GLACIER BAY
2008-07-24T06:37:01,309653000,59.20977833,-135.3516267,162.6,15.4,163,9342281,C6VG7,NORWEGIAN PEARL,16,GLACIER BAY
2008-07-24T06:36:56,309653000,59.21012833,-135.3518267,162.6,15.4,163,9342281,C6VG7,NORWEGIAN PEARL,16,GLACIER BAY
2008-07-24T06:36:49,309653000,59.210595,-135.35211,162.6,15.5,163,9342281,C6VG7,NORWEGIAN PEARL,16,GLACIER BAY
2008-07-24T06:36:44,309653000,59.21087833,-135.3522767,162.6,15.4,163,9342281,C6VG7,NORWEGIAN PEARL,16,GLACIER BAY
2008-07-24T06:36:38,309653000,59.211345,-135.3525767,161.6,15.4,162,9342281,C6VG7,NORWEGIAN PEARL,16,GLACIER BAY
2008-07-24T06:36:30,309653000,59.21182833,-135.3528767,162.0,15.4,162,9342281,C6VG7,NORWEGIAN PEARL,16,GLACIER BAY
2008-07-24T06:36:25,309653000,59.21217833,-135.353075,162.0,15.5,162,9342281,C6VG7,NORWEGIAN PEARL,16,GLACIER BAY
2008-07-24T06:36:19,309653000,59.21257667,-135.3533417,162.0,15.4,162,9342281,C6VG7,NORWEGIAN PEARL,16,GLACIER BAY
2008-07-24T06:36:14,309653000,59.21291,-135.3535583,162.0,15.4,162,9342281,C6VG7,NORWEGIAN PEARL,16,GLACIER BAY
2008-07-24T06:36:08,309653000,59.21339333,-135.3538583,162.3,15.4,162,9342281,C6VG7,NORWEGIAN PEARL,16,GLACIER BAY
2008-07-24T06:36:01,309653000,59.21379333,-135.3541083,162.3,15.5,162,9342281,C6VG7,NORWEGIAN PEARL,16,GLACIER BAY
2008-07-24T06:35:56,309653000,59.21414333,-135.354325,162.3,15.5,162,9342281,C6VG7,NORWEGIAN PEARL,16,GLACIER BAY
2008-07-24T06:35:49,309653000,59.21461,-135.3546083,162.3,15.5,162,9342281,C6VG7,NORWEGIAN PEARL,16,GLACIER BAY
2008-07-24T06:35:44,309653000,59.21496,-135.354825,162.7,15.5,162,9342281,C6VG7,NORWEGIAN PEARL,16,GLACIER BAY
2008-07-24T06:35:38,309653000,59.21536,-135.355075,0.0,0.0,0,9342281,C6VG7,NORWEGIAN PEARL,16,GLACIER BAY
2008-07-24T06:35:38,309653000,59.21536,-135.355075,162.3,15.5,162,9342281,C6VG7,NORWEGIAN PEARL,16,GLACIER BAY
2008-07-24T06:35:31,309653000,59.21584333,-135.355375,162.3,15.4,162,9342281,C6VG7,NORWEGIAN PEARL,16,GLACIER BAY
2008-07-24T06:35:25,309653000,59.21630833,-135.3556733,162.7,15.5,162,9342281,C6VG7,NORWEGIAN PEARL,16,GLACIER BAY
2008-07-24T06:35:19,309653000,59.216725,-135.3559233,162.7,15.5,162,9342281,C6VG7,NORWEGIAN PEARL,16,GLACIER BAY
2008-07-24T06:35:13,309653000,59.21714167,-135.3561733,162.7,15.5,162,9342281,C6VG7,NORWEGIAN PEARL,16,GLACIER BAY
2008-07-24T06:35:08,309653000,59.21747333,-135.35639,162.3,15.5,162,9342281,C6VG7,NORWEGIAN PEARL,16,GLACIER BAY
2008-07-24T06:35:01,309653000,59.21789,-135.35664,162.3,15.5,162,9342281,C6VG7,NORWEGIAN PEARL,16,GLACIER BAY
2008-07-24T06:34:56,309653000,59.21822333,-135.3568567,162.3,15.5,162,9342281,C6VG7,NORWEGIAN PEARL,16,GLACIER BAY
2008-07-24T06:34:49,309653000,59.21869,-135.35714,161.3,15.6,161,9342281,C6VG7,NORWEGIAN PEARL,16,GLACIER BAY
2008-07-24T06:34:44,309653000,59.21904,-135.357355,161.7,15.6,161,9342281,C6VG7,NORWEGIAN PEARL,16,GLACIER BAY
2008-07-24T06:34:38,309653000,59.21952333,-135.3576733,162.1,15.6,161,9342281,C6VG7,NORWEGIAN PEARL,16,GLACIER BAY
2008-07-24T06:34:31,309653000,59.21992333,-135.3579217,162.1,15.6,161,9342281,C6VG7,NORWEGIAN PEARL,16,GLACIER BAY
2008-07-24T06:34:25,309653000,59.22034,-135.3581883,162.1,15.6,161,9342281,C6VG7,NORWEGIAN PEARL,16,GLACIER BAY
2008-07-24T06:34:20,309653000,59.22069,-135.358405,162.1,15.6,161,9342281,C6VG7,NORWEGIAN PEARL,16,GLACIER BAY
2008-07-24T06:34:13,309653000,59.22117333,-135.3587067,162.4,15.6,161,9342281,C6VG7,NORWEGIAN PEARL,16,GLACIER BAY
2008-07-24T06:34:08,309653000,59.22157333,-135.3589567,162.4,15.6,161,9342281,C6VG7,NORWEGIAN PEARL,16,GLACIER BAY
2008-07-24T06:34:01,309653000,59.22199,-135.3592233,162.4,15.6,161,9342281,C6VG7,NORWEGIAN PEARL,16,GLACIER BAY
2008-07-24T06:33:56,309653000,59.22232333,-135.35944,162.4,15.6,161,9342281,C6VG7,NORWEGIAN PEARL,16,GLACIER BAY
2008-07-24T06:33:49,309653000,59.222805,-135.3597233,162.8,15.7,161,9342281,C6VG7,NORWEGIAN PEARL,16,GLACIER BAY
2008-07-24T06:33:44,309653000,59.22322167,-135.35999,162.8,15.7,161,9342281,C6VG7,NORWEGIAN PEARL,16,GLACIER BAY
2008-07-24T06:33:38,309653000,59.22364,-135.36024,162.8,15.7,161,9342281,C6VG7,NORWEGIAN PEARL,16,GLACIER BAY
2008-07-24T06:33:31,309653000,59.22412333,-135.36054,162.8,15.7,161,9342281,C6VG7,NORWEGIAN PEARL,16,GLACIER BAY
2008-07-24T06:33:25,309653000,59.22447333,-135.36074,163.1,15.7,161,9342281,C6VG7,NORWEGIAN PEARL,16,GLACIER BAY
2008-07-24T06:33:20,309653000,59.22487333,-135.3609917,163.1,15.7,161,9342281,C6VG7,NORWEGIAN PEARL,16,GLACIER BAY
2008-07-24T06:33:13,309653000,59.22530667,-135.3612417,163.5,15.7,161,9342281,C6VG7,NORWEGIAN PEARL,16,GLACIER BAY
2008-07-24T06:33:08,309653000,59.225705,-135.3614733,163.1,15.7,161,9342281,C6VG7,NORWEGIAN PEARL,16,GLACIER BAY
2008-07-24T06:33:01,309653000,59.22618833,-135.3617583,163.5,15.7,161,9342281,C6VG7,NORWEGIAN PEARL,16,GLACIER BAY
2008-07-24T06:32:56,309653000,59.22647167,-135.361925,163.5,15.7,161,9342281,C6VG7,NORWEGIAN PEARL,16,GLACIER BAY
2008-07-24T06:32:49,309653000,59.226955,-135.3622067,163.9,15.7,161,9342281,C6VG7,NORWEGIAN PEARL,16,GLACIER BAY
2008-07-24T06:32:44,309653000,59.22730333,-135.3624067,163.5,15.7,161,9342281,C6VG7,NORWEGIAN PEARL,16,GLACIER BAY
2008-07-24T06:32:38,309653000,59.22780333,-135.36269,163.9,15.7,161,9342281,C6VG7,NORWEGIAN PEARL,16,GLACIER BAY
2008-07-24T06:32:31,309653000,59.22822,-135.3629233,164.2,15.7,161,9342281,C6VG7,NORWEGIAN PEARL,16,GLACIER BAY
2008-07-24T06:32:25,309653000,59.22863667,-135.3631583,164.2,15.8,161,9342281,C6VG7,NORWEGIAN PEARL,16,GLACIER BAY
2008-07-24T06:32:20,309653000,59.22898667,-135.3633417,165.2,15.8,162,9342281,C6VG7,NORWEGIAN PEARL,16,GLACIER BAY
2008-07-24T06:32:13,309653000,59.229485,-135.3636083,165.6,15.8,162,9342281,C6VG7,NORWEGIAN PEARL,16,GLACIER BAY
2008-07-24T06:32:08,309653000,59.229835,-135.3637933,165.6,15.8,162,9342281,C6VG7,NORWEGIAN PEARL,16,GLACIER BAY
2008-07-24T06:32:01,309653000,59.23040167,-135.3640767,165.9,15.8,162,9342281,C6VG7,NORWEGIAN PEARL,16,GLACIER BAY
2008-07-24T06:31:56,309653000,59.23075167,-135.36426,165.6,15.8,162,9342281,C6VG7,NORWEGIAN PEARL,16,GLACIER BAY
2008-07-24T06:31:50,309653000,59.23116833,-135.36446,165.6,15.8,162,9342281,C6VG7,NORWEGIAN PEARL,16,GLACIER BAY
2008-07-24T06:31:44,309653000,59.23160167,-135.3646767,166.6,15.8,163,9342281,C6VG7,NORWEGIAN PEARL,16,GLACIER BAY
2008-07-24T06:31:38,309653000,59.23201833,-135.3648767,166.9,15.8,163,9342281,C6VG7,NORWEGIAN PEARL,16,GLACIER BAY
2008-07-24T06:31:31,309653000,59.23245,-135.3650767,166.9,15.9,163,9342281,C6VG7,NORWEGIAN PEARL,16,GLACIER BAY
2008-07-24T06:31:25,309653000,59.23288333,-135.3652767,166.5,15.9,163,9342281,C6VG7,NORWEGIAN PEARL,16,GLACIER BAY
2008-07-24T06:31:20,309653000,59.23330167,-135.3654767,166.5,15.9,163,9342281,C6VG7,NORWEGIAN PEARL,16,GLACIER BAY
2008-07-24T06:31:13,309653000,59.23373333,-135.3656767,166.5,15.9,163,9342281,C6VG7,NORWEGIAN PEARL,16,GLACIER BAY
2008-07-24T06:31:08,309653000,59.23415,-135.3658767,166.5,15.9,163,9342281,C6VG7,NORWEGIAN PEARL,16,GLACIER BAY
2008-07-24T06:31:01,309653000,59.23458333,-135.3660767,166.5,15.9,163,9342281,C6VG7,NORWEGIAN PEARL,16,GLACIER BAY
2008-07-24T06:30:56,309653000,59.23494833,-135.3662433,166.6,15.8,163,9342281,C6VG7,NORWEGIAN PEARL,16,GLACIER BAY
2008-07-24T06:30:50,309653000,59.235365,-135.3664433,166.5,15.9,163,9342281,C6VG7,NORWEGIAN PEARL,16,GLACIER BAY
2008-07-24T06:30:44,309653000,59.23579833,-135.3666267,166.6,15.8,163,9342281,C6VG7,NORWEGIAN PEARL,16,GLACIER BAY
2008-07-24T06:30:38,309653000,59.23623167,-135.3668267,166.5,15.9,163,9342281,C6VG7,NORWEGIAN PEARL,16,GLACIER BAY
2008-07-24T06:30:31,309653000,59.23673167,-135.36706,166.5,15.9,163,9342281,C6VG7,NORWEGIAN PEARL,16,GLACIER BAY
2008-07-24T06:30:26,309653000,59.237165,-135.36726,166.5,15.9,163,9342281,C6VG7,NORWEGIAN PEARL,16,GLACIER BAY
2008-07-24T06:30:20,309653000,59.23758167,-135.3674583,166.5,15.9,163,9342281,C6VG7,NORWEGIAN PEARL,16,GLACIER BAY
2008-07-24T06:30:13,309653000,59.23808167,-135.3676917,166.5,15.9,163,9342281,C6VG7,NORWEGIAN PEARL,16,GLACIER BAY
2008-07-24T06:30:08,309653000,59.23843167,-135.3678583,166.5,15.9,163,9342281,C6VG7,NORWEGIAN PEARL,16,GLACIER BAY
2008-07-24T06:30:01,309653000,59.23893167,-135.3680917,166.5,15.9,163,9342281,C6VG7,NORWEGIAN PEARL,16,GLACIER BAY
2008-07-24T06:29:56,309653000,59.23929833,-135.3682583,166.2,15.8,163,9342281,C6VG7,NORWEGIAN PEARL,16,GLACIER BAY
2008-07-24T06:29:50,309653000,59.23971333,-135.3684583,166.2,15.8,163,9342281,C6VG7,NORWEGIAN PEARL,16,GLACIER BAY
2008-07-24T06:29:44,309653000,59.24014667,-135.3686583,166.2,15.9,163,9342281,C6VG7,NORWEGIAN PEARL,16,GLACIER BAY
2008-07-24T06:29:41,309653000,59.24058,-135.3688567,0.0,0.0,0,9342281,C6VG7,NORWEGIAN PEARL,16,GLACIER BAY
2008-07-24T06:29:38,309653000,59.24058,-135.3688567,166.2,15.8,163,9342281,C6VG7,NORWEGIAN PEARL,16,GLACIER BAY
2008-07-24T06:29:31,309653000,59.24099667,-135.3690733,165.8,15.8,163,9342281,C6VG7,NORWEGIAN PEARL,16,GLACIER BAY
2008-07-24T06:29:26,309653000,59.24136333,-135.3692417,166.2,15.8,163,9342281,C6VG7,NORWEGIAN PEARL,16,GLACIER BAY
2008-07-24T06:29:20,309653000,59.24184667,-135.36949,165.8,15.9,163,9342281,C6VG7,NORWEGIAN PEARL,16,GLACIER BAY
2008-07-24T06:29:13,309653000,59.24228,-135.36969,165.8,15.8,163,9342281,C6VG7,NORWEGIAN PEARL,16,GLACIER BAY
2008-07-24T06:29:08,309653000,59.24271333,-135.3699067,165.8,15.8,163,9342281,C6VG7,NORWEGIAN PEARL,16,GLACIER BAY
2008-07-24T06:29:01,309653000,59.24313,-135.3701067,165.8,15.8,163,9342281,C6VG7,NORWEGIAN PEARL,16,GLACIER BAY
2008-07-24T06:28:56,309653000,59.24348,-135.3702733,165.8,15.8,163,9342281,C6VG7,NORWEGIAN PEARL,16,GLACIER BAY
2008-07-24T06:28:50,309653000,59.24391167,-135.37049,165.8,15.8,163,9342281,C6VG7,NORWEGIAN PEARL,16,GLACIER BAY
2008-07-24T06:28:44,309653000,59.244395,-135.3707233,165.8,15.8,163,9342281,C6VG7,NORWEGIAN PEARL,16,GLACIER BAY
2008-07-24T06:28:38,309653000,59.24482833,-135.37094,166.2,15.8,163,9342281,C6VG7,NORWEGIAN PEARL,16,GLACIER BAY
2008-07-24T06:28:31,309653000,59.24532833,-135.3711733,165.8,15.8,163,9342281,C6VG7,NORWEGIAN PEARL,16,GLACIER BAY
2008-07-24T06:28:26,309653000,59.24567833,-135.3713567,165.8,15.8,163,9342281,C6VG7,NORWEGIAN PEARL,16,GLACIER BAY
2008-07-24T06:28:20,309653000,59.24609333,-135.3715567,165.8,15.8,163,9342281,C6VG7,NORWEGIAN PEARL,16,GLACIER BAY
2008-07-24T06:28:13,309653000,59.24652667,-135.3717717,165.8,15.8,163,9342281,C6VG7,NORWEGIAN PEARL,16,GLACIER BAY
2008-07-24T06:28:08,309653000,59.246945,-135.3719717,165.8,15.8,163,9342281,C6VG7,NORWEGIAN PEARL,16,GLACIER BAY
2008-07-24T06:28:01,309653000,59.247445,-135.3722217,165.5,15.7,163,9342281,C6VG7,NORWEGIAN PEARL,16,GLACIER BAY
2008-07-24T06:27:56,309653000,59.24772833,-135.372355,165.5,15.7,163,9342281,C6VG7,NORWEGIAN PEARL,16,GLACIER BAY
2008-07-24T06:27:50,309653000,59.248145,-135.3725717,165.5,15.7,163,9342281,C6VG7,NORWEGIAN PEARL,16,GLACIER BAY
2008-07-24T06:27:44,309653000,59.24856,-135.3727867,165.1,15.7,163,9342281,C6VG7,NORWEGIAN PEARL,16,GLACIER BAY
2008-07-24T06:27:38,309653000,59.24906,-135.3730367,164.1,15.7,162,9342281,C6VG7,NORWEGIAN PEARL,16,GLACIER BAY
2008-07-24T06:27:31,309653000,59.24947667,-135.37327,164.1,15.7,162,9342281,C6VG7,NORWEGIAN PEARL,16,GLACIER BAY
2008-07-24T06:27:26,309653000,59.24982667,-135.3734517,164.1,15.7,162,9342281,C6VG7,NORWEGIAN PEARL,16,GLACIER BAY
2008-07-24T06:27:20,309653000,59.25024333,-135.373685,164.5,15.7,162,9342281,C6VG7,NORWEGIAN PEARL,16,GLACIER BAY
2008-07-24T06:27:14,309653000,59.25066,-135.37392,164.5,15.6,162,9342281,C6VG7,NORWEGIAN PEARL,16,GLACIER BAY
2008-07-24T06:27:08,309653000,59.25114333,-135.3741683,164.5,15.6,162,9342281,C6VG7,NORWEGIAN PEARL,16,GLACIER BAY
2008-07-24T06:27:01,309653000,59.25162667,-135.3744367,164.5,15.6,162,9342281,C6VG7,NORWEGIAN PEARL,16,GLACIER BAY
2008-07-24T06:26:56,309653000,59.25197667,-135.374635,164.5,15.6,162,9342281,C6VG7,NORWEGIAN PEARL,16,GLACIER BAY
2008-07-24T06:26:50,309653000,59.25239167,-135.3748517,164.5,15.6,162,9342281,C6VG7,NORWEGIAN PEARL,16,GLACIER BAY
2008-07-24T06:26:44,309653000,59.25280833,-135.375085,164.5,15.6,162,9342281,C6VG7,NORWEGIAN PEARL,16,GLACIER BAY
2008-07-24T06:26:38,309653000,59.253225,-135.3753017,164.5,15.6,162,9342281,C6VG7,NORWEGIAN PEARL,16,GLACIER BAY
2008-07-24T06:26:31,309653000,59.25370833,-135.3755683,164.2,15.6,162,9342281,C6VG7,NORWEGIAN PEARL,16,GLACIER BAY
2008-07-24T06:26:26,309653000,59.25399,-135.3757183,164.5,15.6,162,9342281,C6VG7,NORWEGIAN PEARL,16,GLACIER BAY
2008-07-24T06:26:20,309653000,59.254475,-135.3759683,164.9,15.6,162,9342281,C6VG7,NORWEGIAN PEARL,16,GLACIER BAY
2008-07-24T06:26:14,309653000,59.25489167,-135.3762017,164.5,15.5,162,9342281,C6VG7,NORWEGIAN PEARL,16,GLACIER BAY
2008-07-24T06:26:08,309653000,59.25530833,-135.3764183,164.5,15.5,162,9342281,C6VG7,NORWEGIAN PEARL,16,GLACIER BAY
2008-07-24T06:26:01,309653000,59.25579,-135.376685,164.5,15.6,162,9342281,C6VG7,NORWEGIAN PEARL,16,GLACIER BAY
2008-07-24T06:25:56,309653000,59.25607333,-135.376835,164.9,15.6,162,9342281,C6VG7,NORWEGIAN PEARL,16,GLACIER BAY
2008-07-24T06:25:50,309653000,59.25649,-135.3770517,165.9,15.6,162,9342281,C6VG7,NORWEGIAN PEARL,16,GLACIER BAY
2008-07-24T06:25:44,309653000,59.25690667,-135.37727,165.9,15.6,163,9342281,C6VG7,NORWEGIAN PEARL,16,GLACIER BAY
2008-07-24T06:25:37,309653000,59.25739,-135.37752,165.5,15.6,163,9342281,C6VG7,NORWEGIAN PEARL,16,GLACIER BAY
2008-07-24T06:25:31,309653000,59.257805,-135.37772,166.5,15.6,164,9342281,C6VG7,NORWEGIAN PEARL,16,GLACIER BAY
2008-07-24T06:25:25,309653000,59.25828833,-135.3779717,166.5,15.6,164,9342281,C6VG7,NORWEGIAN PEARL,16,GLACIER BAY
2008-07-24T06:25:20,309653000,59.25863833,-135.3781217,166.9,15.6,164,9342281,C6VG7,NORWEGIAN PEARL,16,GLACIER BAY
2008-07-24T06:25:14,309653000,59.25907167,-135.3783233,167.9,15.6,165,9342281,C6VG7,NORWEGIAN PEARL,16,GLACIER BAY
2008-07-24T06:25:08,309653000,59.25948833,-135.3785083,167.9,15.6,165,9342281,C6VG7,NORWEGIAN PEARL,16,GLACIER BAY
2008-07-24T06:25:01,309653000,59.25998667,-135.378725,168.9,15.6,166,9342281,C6VG7,NORWEGIAN PEARL,16,GLACIER BAY
2008-07-24T06:24:56,309653000,59.26033667,-135.37886,169.3,15.6,166,9342281,C6VG7,NORWEGIAN PEARL,16,GLACIER BAY
2008-07-24T06:24:50,309653000,59.26077,-135.3790267,170.2,15.7,166,9342281,C6VG7,NORWEGIAN PEARL,16,GLACIER BAY
2008-07-24T06:24:44,309653000,59.26112,-135.3791617,170.2,15.7,167,9342281,C6VG7,NORWEGIAN PEARL,16,GLACIER BAY
2008-07-24T06:24:37,309653000,59.26162,-135.379345,170.9,15.6,168,9342281,C6VG7,NORWEGIAN PEARL,16,GLACIER BAY
2008-07-24T06:24:31,309653000,59.26212,-135.3795133,170.9,15.6,168,9342281,C6VG7,NORWEGIAN PEARL,16,GLACIER BAY
2008-07-24T06:24:25,309653000,59.26246833,-135.37963,171.5,15.6,169,9342281,C6VG7,NORWEGIAN PEARL,16,GLACIER BAY
2008-07-24T06:24:20,309653000,59.26282,-135.3797317,171.5,15.7,169,9342281,C6VG7,NORWEGIAN PEARL,16,GLACIER BAY
2008-07-24T06:24:14,309653000,59.26325333,-135.379865,172.5,15.7,169,9342281,C6VG7,NORWEGIAN PEARL,16,GLACIER BAY
2008-07-24T06:24:08,309653000,59.263685,-135.3799833,172.5,15.8,170,9342281,C6VG7,NORWEGIAN PEARL,16,GLACIER BAY
2008-07-24T06:24:01,309653000,59.26420167,-135.3801183,173.5,15.8,171,9342281,C6VG7,NORWEGIAN PEARL,16,GLACIER BAY
2008-07-24T06:23:56,309653000,59.26455,-135.3802017,173.5,15.8,171,9342281,C6VG7,NORWEGIAN PEARL,16,GLACIER BAY
2008-07-24T06:23:50,309653000,59.264985,-135.3803017,174.1,15.7,171,9342281,C6VG7,NORWEGIAN PEARL,16,GLACIER BAY
2008-07-24T06:23:44,309653000,59.26548333,-135.3804217,174.5,15.8,172,9342281,C6VG7,NORWEGIAN PEARL,16,GLACIER BAY
2008-07-24T06:23:40,309653000,59.266,-135.3805233,0.0,0.0,0,9342281,C6VG7,NORWEGIAN PEARL,16,GLACIER BAY
2008-07-24T06:23:37,309653000,59.266,-135.3805233,175.9,15.7,173,9342281,C6VG7,NORWEGIAN PEARL,16,GLACIER BAY
2008-07-24T06:23:31,309653000,59.26643333,-135.38059,175.5,15.8,173,9342281,C6VG7,NORWEGIAN PEARL,16,GLACIER BAY
2008-07-24T06:23:25,309653000,59.2668,-135.3806567,176.5,15.8,174,9342281,C6VG7,NORWEGIAN PEARL,16,GLACIER BAY
2008-07-24T06:23:20,309653000,59.26723333,-135.380725,176.5,15.8,174,9342281,C6VG7,NORWEGIAN PEARL,16,GLACIER BAY
2008-07-24T06:23:14,309653000,59.26766667,-135.380775,176.5,15.8,174,9342281,C6VG7,NORWEGIAN PEARL,16,GLACIER BAY
2008-07-24T06:23:08,309653000,59.26803333,-135.3808267,176.5,15.9,174,9342281,C6VG7,NORWEGIAN PEARL,16,GLACIER BAY
2008-07-24T06:23:01,309653000,59.26855,-135.3808767,177.5,15.9,175,9342281,C6VG7,NORWEGIAN PEARL,16,GLACIER BAY
2008-07-24T06:22:56,309653000,59.2689,-135.3809117,177.5,15.9,175,9342281,C6VG7,NORWEGIAN PEARL,16,GLACIER BAY
2008-07-24T06:22:50,309653000,59.269415,-135.3809617,178.1,15.9,176,9342281,C6VG7,NORWEGIAN PEARL,16,GLACIER BAY
2008-07-24T06:22:44,309653000,59.26978333,-135.3809967,178.5,15.8,176,9342281,C6VG7,NORWEGIAN PEARL,16,GLACIER BAY
2008-07-24T06:22:37,309653000,59.27029833,-135.3810133,178.5,15.9,176,9342281,C6VG7,NORWEGIAN PEARL,16,GLACIER BAY
2008-07-24T06:22:31,309653000,59.270815,-135.3810467,178.8,15.9,176,9342281,C6VG7,NORWEGIAN PEARL,16,GLACIER BAY
2008-07-24T06:22:25,309653000,59.27118167,-135.381065,179.5,15.9,177,9342281,C6VG7,NORWEGIAN PEARL,16,GLACIER BAY
2008-07-24T06:22:20,309653000,59.27154667,-135.3810817,179.5,15.9,177,9342281,C6VG7,NORWEGIAN PEARL,16,GLACIER BAY
2008-07-24T06:22:14,309653000,59.27199667,-135.3811,180.8,15.9,177,9342281,C6VG7,NORWEGIAN PEARL,16,GLACIER BAY
2008-07-24T06:22:08,309653000,59.272495,-135.3811017,181.2,16.0,178,9342281,C6VG7,NORWEGIAN PEARL,16,GLACIER BAY
2008-07-24T06:22:01,309653000,59.27301167,-135.381085,180.8,16.0,178,9342281,C6VG7,NORWEGIAN PEARL,16,GLACIER BAY
2008-07-24T06:21:56,309653000,59.27337833,-135.38107,181.5,16.0,179,9342281,C6VG7,NORWEGIAN PEARL,16,GLACIER BAY
2008-07-24T06:21:50,309653000,59.27382667,-135.38107,181.8,16.0,179,9342281,C6VG7,NORWEGIAN PEARL,16,GLACIER BAY
2008-07-24T06:21:44,309653000,59.27427667,-135.3810367,181.8,16.1,179,9342281,C6VG7,NORWEGIAN PEARL,16,GLACIER BAY
2008-07-24T06:21:37,309653000,59.27471,-135.38102,181.4,16.1,179,9342281,C6VG7,NORWEGIAN PEARL,16,GLACIER BAY
2008-07-24T06:21:31,309653000,59.27524333,-135.3810033,180.7,16.0,179,9342281,C6VG7,NORWEGIAN PEARL,16,GLACIER BAY
2008-07-24T06:21:25,309653000,59.27561,-135.3809867,181.7,16.0,180,9342281,C6VG7,NORWEGIAN PEARL,16,GLACIER BAY
2008-07-24T06:21:20,309653000,59.27606,-135.3809717,181.7,16.1,180,9342281,C6VG7,NORWEGIAN PEARL,16,GLACIER BAY
2008-07-24T06:21:14,309653000,59.276425,-135.3809383,181.7,16.1,180,9342281,C6VG7,NORWEGIAN PEARL,16,GLACIER BAY
2008-07-24T06:21:08,309653000,59.276875,-135.3809033,181.4,16.1,180,9342281,C6VG7,NORWEGIAN PEARL,16,GLACIER BAY
2008-07-24T06:21:01,309653000,59.27738333,-135.3808833,181.4,16.1,180,9342281,C6VG7,NORWEGIAN PEARL,16,GLACIER BAY
2008-07-24T06:20:56,309653000,59.27776667,-135.3808667,181.4,16.0,180,9342281,C6VG7,NORWEGIAN PEARL,16,GLACIER BAY
2008-07-24T06:20:50,309653000,59.27826667,-135.3808333,181.7,16.0,180,9342281,C6VG7,NORWEGIAN PEARL,16,GLACIER BAY
2008-07-24T06:20:37,309653000,59.279165,-135.3807833,181.4,16.0,180,9342281,C6VG7,NORWEGIAN PEARL,16,GLACIER BAY
2008-07-24T06:20:31,309653000,59.27968167,-135.38075,181.4,16.0,180,9342281,C6VG7,NORWEGIAN PEARL,16,GLACIER BAY
2008-07-24T06:20:25,309653000,59.280115,-135.3807333,181.4,15.9,180,9342281,C6VG7,NORWEGIAN PEARL,16,GLACIER BAY
2008-07-24T06:20:20,309653000,59.28049833,-135.3807167,181.4,16.0,180,9342281,C6VG7,NORWEGIAN PEARL,16,GLACIER BAY
2008-07-24T06:20:14,309653000,59.28093167,-135.3807,181.4,16.0,180,9342281,C6VG7,NORWEGIAN PEARL,16,GLACIER BAY
2008-07-24T06:20:08,309653000,59.28138167,-135.3806833,181.4,16.0,180,9342281,C6VG7,NORWEGIAN PEARL,16,GLACIER BAY
2008-07-24T06:20:01,309653000,59.28189833,-135.38065,181.4,16.0,180,9342281,C6VG7,NORWEGIAN PEARL,16,GLACIER BAY
2008-07-24T06:19:56,309653000,59.28226333,-135.3806333,181.4,15.9,180,9342281,C6VG7,NORWEGIAN PEARL,16,GLACIER BAY
2008-07-24T06:19:49,309653000,59.28271333,-135.3806,181.4,15.9,180,9342281,C6VG7,NORWEGIAN PEARL,16,GLACIER BAY
2008-07-24T06:19:43,309653000,59.28314667,-135.3805833,181.0,15.9,180,9342281,C6VG7,NORWEGIAN PEARL,16,GLACIER BAY
2008-07-24T06:19:38,309653000,59.28359667,-135.3805667,181.0,15.9,180,9342281,C6VG7,NORWEGIAN PEARL,16,GLACIER BAY
2008-07-24T06:19:31,309653000,59.28409667,-135.38055,180.7,15.8,180,9342281,C6VG7,NORWEGIAN PEARL,16,GLACIER BAY
2008-07-24T06:19:25,309653000,59.28446333,-135.3805333,180.7,15.8,180,9342281,C6VG7,NORWEGIAN PEARL,16,GLACIER BAY
2008-07-24T06:19:20,309653000,59.28484667,-135.3805333,180.7,15.9,180,9342281,C6VG7,NORWEGIAN PEARL,16,GLACIER BAY
2008-07-24T06:19:14,309653000,59.28528,-135.3805167,180.7,15.9,180,9342281,C6VG7,NORWEGIAN PEARL,16,GLACIER BAY
2008-07-24T06:19:08,309653000,59.28571167,-135.3805,181.0,15.8,180,9342281,C6VG7,NORWEGIAN PEARL,16,GLACIER BAY
2008-07-24T06:19:01,309653000,59.28622833,-135.3804833,181.0,15.8,180,9342281,C6VG7,NORWEGIAN PEARL,16,GLACIER BAY
2008-07-24T06:18:56,309653000,59.286595,-135.3804833,181.0,15.8,180,9342281,C6VG7,NORWEGIAN PEARL,16,GLACIER BAY
2008-07-24T06:18:49,309653000,59.28711167,-135.3804667,181.0,15.9,180,9342281,C6VG7,NORWEGIAN PEARL,16,GLACIER BAY
2008-07-24T06:18:43,309653000,59.28762833,-135.3804333,180.7,15.8,180,9342281,C6VG7,NORWEGIAN PEARL,16,GLACIER BAY
2008-07-24T06:18:38,309653000,59.28797833,-135.3804333,180.7,15.9,180,9342281,C6VG7,NORWEGIAN PEARL,16,GLACIER BAY
2008-07-24T06:18:31,309653000,59.288495,-135.3804167,180.7,15.9,180,9342281,C6VG7,NORWEGIAN PEARL,16,GLACIER BAY
2008-07-24T06:18:25,309653000,59.28886167,-135.3804167,180.7,15.8,180,9342281,C6VG7,NORWEGIAN PEARL,16,GLACIER BAY
2008-07-24T06:18:20,309653000,59.289295,-135.3804,180.7,15.8,180,9342281,C6VG7,NORWEGIAN PEARL,16,GLACIER BAY
2008-07-24T06:18:14,309653000,59.28974333,-135.3803833,180.7,15.8,180,9342281,C6VG7,NORWEGIAN PEARL,16,GLACIER BAY
2008-07-24T06:18:08,309653000,59.29009333,-135.3803833,180.3,15.8,180,9342281,C6VG7,NORWEGIAN PEARL,16,GLACIER BAY
2008-07-24T06:18:01,309653000,59.29061167,-135.3803667,180.7,15.7,180,9342281,C6VG7,NORWEGIAN PEARL,16,GLACIER BAY
2008-07-24T06:17:56,309653000,59.29097667,-135.3803667,180.7,15.8,180,9342281,C6VG7,NORWEGIAN PEARL,16,GLACIER BAY
2008-07-24T06:17:49,309653000,59.29149333,-135.38035,181.0,15.7,180,9342281,C6VG7,NORWEGIAN PEARL,16,GLACIER BAY
2008-07-24T06:17:43,309653000,59.29192667,-135.3803333,181.0,15.7,180,9342281,C6VG7,NORWEGIAN PEARL,16,GLACIER BAY
2008-07-24T06:17:40,309653000,59.29236,-135.3803167,0.0,0.0,0,9342281,C6VG7,NORWEGIAN PEARL,16,GLACIER BAY
2008-07-24T06:17:38,309653000,59.29236,-135.3803167,182.0,15.7,181,9342281,C6VG7,NORWEGIAN PEARL,16,GLACIER BAY
2008-07-24T06:17:31,309653000,59.29287667,-135.3803,182.0,15.7,181,9342281,C6VG7,NORWEGIAN PEARL,16,GLACIER BAY
2008-07-24T06:17:26,309653000,59.29316,-135.3802833,182.0,15.7,181,9342281,C6VG7,NORWEGIAN PEARL,16,GLACIER BAY
2008-07-24T06:17:20,309653000,59.293675,-135.3802333,181.7,15.8,181,9342281,C6VG7,NORWEGIAN PEARL,16,GLACIER BAY
2008-07-24T06:17:14,309653000,59.29410833,-135.3802167,181.7,15.8,181,9342281,C6VG7,NORWEGIAN PEARL,16,GLACIER BAY
2008-07-24T06:17:07,309653000,59.29460833,-135.3801833,181.7,15.8,181,9342281,C6VG7,NORWEGIAN PEARL,16,GLACIER BAY
2008-07-24T06:17:01,309653000,59.29505667,-135.3801517,181.7,15.7,181,9342281,C6VG7,NORWEGIAN PEARL,16,GLACIER BAY
2008-07-24T06:16:56,309653000,59.29540833,-135.3801333,182.7,15.8,182,9342281,C6VG7,NORWEGIAN PEARL,16,GLACIER BAY
2008-07-24T06:16:49,309653000,59.29592333,-135.3801,183.0,15.8,182,9342281,C6VG7,NORWEGIAN PEARL,16,GLACIER BAY
2008-07-24T06:16:43,309653000,59.29629,-135.3800683,183.0,15.8,182,9342281,C6VG7,NORWEGIAN PEARL,16,GLACIER BAY
2008-07-24T06:16:38,309653000,59.29674,-135.3800183,183.0,15.8,182,9342281,C6VG7,NORWEGIAN PEARL,16,GLACIER BAY
2008-07-24T06:16:31,309653000,59.29723833,-135.3799683,184.0,15.8,183,9342281,C6VG7,NORWEGIAN PEARL,16,GLACIER BAY
2008-07-24T06:16:26,309653000,59.297605,-135.379935,184.0,15.8,183,9342281,C6VG7,NORWEGIAN PEARL,16,GLACIER BAY
2008-07-24T06:16:20,309653000,59.29803833,-135.3798683,184.0,15.8,183,9342281,C6VG7,NORWEGIAN PEARL,16,GLACIER BAY
2008-07-24T06:16:14,309653000,59.29847167,-135.3798,184.0,15.9,183,9342281,C6VG7,NORWEGIAN PEARL,16,GLACIER BAY
2008-07-24T06:16:07,309653000,59.29892167,-135.3797517,184.0,15.9,183,9342281,C6VG7,NORWEGIAN PEARL,16,GLACIER BAY
2008-07-24T06:16:01,309653000,59.299355,-135.379685,184.0,16.0,183,9342281,C6VG7,NORWEGIAN PEARL,16,GLACIER BAY
2008-07-24T06:15:56,309653000,59.29972167,-135.379635,184.0,16.0,183,9342281,C6VG7,NORWEGIAN PEARL,16,GLACIER BAY
2008-07-24T06:15:50,309653000,59.30017167,-135.3795683,184.4,16.0,183,9342281,C6VG7,NORWEGIAN PEARL,16,GLACIER BAY
2008-07-24T06:15:43,309653000,59.30067,-135.3795017,184.0,16.0,183,9342281,C6VG7,NORWEGIAN PEARL,16,GLACIER BAY
2008-07-24T06:15:38,309653000,59.30105333,-135.3794517,184.0,16.1,183,9342281,C6VG7,NORWEGIAN PEARL,16,GLACIER BAY
2008-07-24T06:15:31,309653000,59.30157167,-135.379385,184.0,16.0,183,9342281,C6VG7,NORWEGIAN PEARL,16,GLACIER BAY
2008-07-24T06:15:26,309653000,59.30200333,-135.3793183,184.0,16.0,183,9342281,C6VG7,NORWEGIAN PEARL,16,GLACIER BAY
2008-07-24T06:15:20,309653000,59.30245333,-135.3792517,183.7,16.0,183,9342281,C6VG7,NORWEGIAN PEARL,16,GLACIER BAY
2008-07-24T06:15:14,309653000,59.30288667,-135.3792017,184.0,16.1,183,9342281,C6VG7,NORWEGIAN PEARL,16,GLACIER BAY
2008-07-24T06:15:07,309653000,59.30340333,-135.3791183,184.0,16.1,183,9342281,C6VG7,NORWEGIAN PEARL,16,GLACIER BAY
2008-07-24T06:15:01,309653000,59.30377,-135.3790683,184.4,16.1,183,9342281,C6VG7,NORWEGIAN PEARL,16,GLACIER BAY
2008-07-24T06:14:56,309653000,59.30422,-135.3790017,184.0,16.1,183,9342281,C6VG7,NORWEGIAN PEARL,16,GLACIER BAY
2008-07-24T06:14:50,309653000,59.30467,-135.378935,184.0,16.1,183,9342281,C6VG7,NORWEGIAN PEARL,16,GLACIER BAY
2008-07-24T06:14:44,309653000,59.30510333,-135.378885,184.0,16.1,183,9342281,C6VG7,NORWEGIAN PEARL,16,GLACIER BAY
2008-07-24T06:14:38,309653000,59.30555167,-135.3788183,183.7,16.1,183,9342281,C6VG7,NORWEGIAN PEARL,16,GLACIER BAY
2008-07-24T06:14:31,309653000,59.30606833,-135.3787517,183.7,16.1,183,9342281,C6VG7,NORWEGIAN PEARL,16,GLACIER BAY
2008-07-24T06:14:26,309653000,59.30636833,-135.3787017,183.7,16.1,183,9342281,C6VG7,NORWEGIAN PEARL,16,GLACIER BAY
2008-07-24T06:14:20,309653000,59.306885,-135.378635,183.7,16.1,183,9342281,C6VG7,NORWEGIAN PEARL,16,GLACIER BAY
2008-07-24T06:14:14,309653000,59.307335,-135.378585,183.3,16.1,183,9342281,C6VG7,NORWEGIAN PEARL,16,GLACIER BAY
2008-07-24T06:14:07,309653000,59.307785,-135.378535,183.3,16.1,183,9342281,C6VG7,NORWEGIAN PEARL,16,GLACIER BAY
2008-07-24T06:14:01,309653000,59.30821833,-135.3784683,183.3,16.1,183,9342281,C6VG7,NORWEGIAN PEARL,16,GLACIER BAY
2008-07-24T06:13:55,309653000,59.30866833,-135.3784183,183.0,16.1,183,9342281,C6VG7,NORWEGIAN PEARL,16,GLACIER BAY
2008-07-24T06:13:50,309653000,59.309035,-135.3783683,184.0,16.1,184,9342281,C6VG7,NORWEGIAN PEARL,16,GLACIER BAY
2008-07-24T06:13:44,309653000,59.30955167,-135.3783017,184.0,16.2,184,9342281,C6VG7,NORWEGIAN PEARL,16,GLACIER BAY
2008-07-24T06:13:38,309653000,59.31000167,-135.3782517,184.0,16.1,184,9342281,C6VG7,NORWEGIAN PEARL,16,GLACIER BAY
2008-07-24T06:13:31,309653000,59.310535,-135.3781683,184.3,16.1,184,9342281,C6VG7,NORWEGIAN PEARL,16,GLACIER BAY
2008-07-24T06:13:26,309653000,59.31090167,-135.3781183,185.3,16.1,184,9342281,C6VG7,NORWEGIAN PEARL,16,GLACIER BAY
2008-07-24T06:13:20,309653000,59.31133333,-135.3780517,185.0,16.2,185,9342281,C6VG7,NORWEGIAN PEARL,16,GLACIER BAY
2008-07-24T06:13:14,309653000,59.31178333,-135.3779867,185.0,16.1,185,9342281,C6VG7,NORWEGIAN PEARL,16,GLACIER BAY
2008-07-24T06:13:08,309653000,59.312235,-135.3779183,185.0,16.1,185,9342281,C6VG7,NORWEGIAN PEARL,16,GLACIER BAY
2008-07-24T06:13:01,309653000,59.312685,-135.3778367,185.0,16.1,185,9342281,C6VG7,NORWEGIAN PEARL,16,GLACIER BAY
2008-07-24T06:12:55,309653000,59.31311667,-135.37777,185.0,16.1,185,9342281,C6VG7,NORWEGIAN PEARL,16,GLACIER BAY
2008-07-24T06:12:50,309653000,59.31356667,-135.3776867,185.0,16.2,185,9342281,C6VG7,NORWEGIAN PEARL,16,GLACIER BAY
2008-07-24T06:12:44,309653000,59.31401667,-135.37762,185.0,16.2,185,9342281,C6VG7,NORWEGIAN PEARL,16,GLACIER BAY
2008-07-24T06:12:38,309653000,59.31438333,-135.3775533,185.0,16.2,185,9342281,C6VG7,NORWEGIAN PEARL,16,GLACIER BAY
2008-07-24T06:12:31,309653000,59.31498167,-135.3774533,185.0,16.1,185,9342281,C6VG7,NORWEGIAN PEARL,16,GLACIER BAY
2008-07-24T06:12:26,309653000,59.31528167,-135.3774033,185.0,16.1,185,9342281,C6VG7,NORWEGIAN PEARL,16,GLACIER BAY
2008-07-24T06:12:20,309653000,59.31579833,-135.37732,185.0,16.1,185,9342281,C6VG7,NORWEGIAN PEARL,16,GLACIER BAY
2008-07-24T06:12:14,309653000,59.31616667,-135.3772533,185.0,16.1,185,9342281,C6VG7,NORWEGIAN PEARL,16,GLACIER BAY
2008-07-24T06:12:08,309653000,59.316615,-135.3771867,185.0,16.1,185,9342281,C6VG7,NORWEGIAN PEARL,16,GLACIER BAY
2008-07-24T06:12:01,309653000,59.31719667,-135.3770867,184.6,16.1,185,9342281,C6VG7,NORWEGIAN PEARL,16,GLACIER BAY
2008-07-24T06:11:55,309653000,59.31764667,-135.3770033,184.6,16.0,185,9342281,C6VG7,NORWEGIAN PEARL,16,GLACIER BAY
2008-07-24T06:11:50,309653000,59.31801333,-135.3769533,184.6,16.1,185,9342281,C6VG7,NORWEGIAN PEARL,16,GLACIER BAY
2008-07-24T06:11:44,309653000,59.31846333,-135.37687,185.0,16.1,185,9342281,C6VG7,NORWEGIAN PEARL,16,GLACIER BAY
2008-07-24T06:11:38,309653000,59.31891333,-135.3768033,185.0,16.1,185,9342281,C6VG7,NORWEGIAN PEARL,16,GLACIER BAY
2008-07-24T06:11:38,309653000,59.31943,-135.37672,0.0,0.0,0,9342281,C6VG7,NORWEGIAN PEARL,16,GLACIER BAY
2008-07-24T06:11:31,309653000,59.31943,-135.37672,185.0,16.1,185,9342281,C6VG7,NORWEGIAN PEARL,16,GLACIER BAY
2008-07-24T06:11:26,309653000,59.31979667,-135.3766533,185.0,16.0,185,9342281,C6VG7,NORWEGIAN PEARL,16,GLACIER BAY
2008-07-24T06:11:20,309653000,59.32024667,-135.37657,184.6,16.0,185,9342281,C6VG7,NORWEGIAN PEARL,16,GLACIER BAY
2008-07-24T06:11:14,309653000,59.32061333,-135.37652,184.6,16.1,185,9342281,C6VG7,NORWEGIAN PEARL,16,GLACIER BAY
2008-07-24T06:11:08,309653000,59.32113,-135.3764367,184.6,16.0,185,9342281,C6VG7,NORWEGIAN PEARL,16,GLACIER BAY
2008-07-24T06:11:01,309653000,59.32158,-135.3763533,184.6,16.0,185,9342281,C6VG7,NORWEGIAN PEARL,16,GLACIER BAY
2008-07-24T06:10:55,309653000,59.32201167,-135.3762867,184.6,16.1,185,9342281,C6VG7,NORWEGIAN PEARL,16,GLACIER BAY
2008-07-24T06:10:50,309653000,59.322395,-135.3762367,184.2,16.1,185,9342281,C6VG7,NORWEGIAN PEARL,16,GLACIER BAY
2008-07-24T06:10:44,309653000,59.32282833,-135.37617,184.2,16.0,185,9342281,C6VG7,NORWEGIAN PEARL,16,GLACIER BAY
2008-07-24T06:10:38,309653000,59.32327833,-135.3761033,183.9,16.0,185,9342281,C6VG7,NORWEGIAN PEARL,16,GLACIER BAY
2008-07-24T06:10:31,309653000,59.32377833,-135.37602,184.2,16.0,185,9342281,C6VG7,NORWEGIAN PEARL,16,GLACIER BAY
2008-07-24T06:10:26,309653000,59.32422833,-135.37597,184.2,16.0,185,9342281,C6VG7,NORWEGIAN PEARL,16,GLACIER BAY
2008-07-24T06:10:20,309653000,59.32466167,-135.3759033,184.2,16.0,185,9342281,C6VG7,NORWEGIAN PEARL,16,GLACIER BAY
2008-07-24T06:10:14,309653000,59.32511167,-135.3758367,184.2,16.0,185,9342281,C6VG7,NORWEGIAN PEARL,16,GLACIER BAY
2008-07-24T06:10:08,309653000,59.325545,-135.3757867,184.2,16.0,185,9342281,C6VG7,NORWEGIAN PEARL,16,GLACIER BAY
2008-07-24T06:10:01,309653000,59.32607833,-135.3757033,184.2,16.0,185,9342281,C6VG7,NORWEGIAN PEARL,16,GLACIER BAY
2008-07-24T06:09:56,309653000,59.326445,-135.3756533,184.2,16.0,185,9342281,C6VG7,NORWEGIAN PEARL,16,GLACIER BAY
2008-07-24T06:09:50,309653000,59.32687667,-135.3755867,184.2,16.0,185,9342281,C6VG7,NORWEGIAN PEARL,16,GLACIER BAY
2008-07-24T06:09:44,309653000,59.32732667,-135.3755367,184.2,16.0,185,9342281,C6VG7,NORWEGIAN PEARL,16,GLACIER BAY
2008-07-24T06:09:38,309653000,59.32776,-135.3754533,184.6,16.0,185,9342281,C6VG7,NORWEGIAN PEARL,16,GLACIER BAY
2008-07-24T06:09:31,309653000,59.32827667,-135.3753867,184.2,15.9,185,9342281,C6VG7,NORWEGIAN PEARL,16,GLACIER BAY
2008-07-24T06:09:26,309653000,59.32864333,-135.37532,184.2,15.9,185,9342281,C6VG7,NORWEGIAN PEARL,16,GLACIER BAY
2008-07-24T06:09:20,309653000,59.32901,-135.37527,184.2,15.9,185,9342281,C6VG7,NORWEGIAN PEARL,16,GLACIER BAY
2008-07-24T06:09:14,309653000,59.32944167,-135.3752033,184.6,15.9,185,9342281,C6VG7,NORWEGIAN PEARL,16,GLACIER BAY
2008-07-24T06:09:08,309653000,59.32989167,-135.3751367,184.2,15.9,185,9342281,C6VG7,NORWEGIAN PEARL,16,GLACIER BAY
2008-07-24T06:09:01,309653000,59.33040833,-135.37507,184.2,15.9,185,9342281,C6VG7,NORWEGIAN PEARL,16,GLACIER BAY
2008-07-24T06:08:56,309653000,59.330775,-135.3750033,183.9,15.9,185,9342281,C6VG7,NORWEGIAN PEARL,16,GLACIER BAY
2008-07-24T06:08:50,309653000,59.33120833,-135.3749533,183.5,15.9,185,9342281,C6VG7,NORWEGIAN PEARL,16,GLACIER BAY
2008-07-24T06:08:44,309653000,59.331725,-135.37487,183.9,15.9,185,9342281,C6VG7,NORWEGIAN PEARL,16,GLACIER BAY
2008-07-24T06:08:38,309653000,59.332225,-135.3748033,183.9,15.9,185,9342281,C6VG7,NORWEGIAN PEARL,16,GLACIER BAY
2008-07-24T06:08:31,309653000,59.332675,-135.3747533,183.5,15.9,185,9342281,C6VG7,NORWEGIAN PEARL,16,GLACIER BAY
2008-07-24T06:08:26,309653000,59.33304167,-135.3747033,183.5,15.9,185,9342281,C6VG7,NORWEGIAN PEARL,16,GLACIER BAY
2008-07-24T06:08:20,309653000,59.333475,-135.3746533,183.5,15.8,185,9342281,C6VG7,NORWEGIAN PEARL,16,GLACIER BAY
2008-07-24T06:08:14,309653000,59.33384,-135.3746033,183.5,15.8,185,9342281,C6VG7,NORWEGIAN PEARL,16,GLACIER BAY
2008-07-24T06:08:08,309653000,59.33435667,-135.3745367,183.5,15.8,185,9342281,C6VG7,NORWEGIAN PEARL,16,GLACIER BAY
2008-07-24T06:08:02,309653000,59.33479,-135.3744867,183.1,15.8,185,9342281,C6VG7,NORWEGIAN PEARL,16,GLACIER BAY
2008-07-24T06:07:56,309653000,59.33522333,-135.3744367,183.1,15.8,185,9342281,C6VG7,NORWEGIAN PEARL,16,GLACIER BAY
2008-07-24T06:07:50,309653000,59.33559,-135.3743867,183.1,15.8,185,9342281,C6VG7,NORWEGIAN PEARL,16,GLACIER BAY
2008-07-24T06:07:44,309653000,59.33610667,-135.3743367,183.5,15.7,185,9342281,C6VG7,NORWEGIAN PEARL,16,GLACIER BAY
2008-07-24T06:07:38,309653000,59.33654,-135.3742867,183.1,15.7,185,9342281,C6VG7,NORWEGIAN PEARL,16,GLACIER BAY
2008-07-24T06:07:31,309653000,59.33705667,-135.37422,183.5,15.8,185,9342281,C6VG7,NORWEGIAN PEARL,16,GLACIER BAY
2008-07-24T06:07:26,309653000,59.33734,-135.3742033,183.5,15.8,185,9342281,C6VG7,NORWEGIAN PEARL,16,GLACIER BAY
2008-07-24T06:07:20,309653000,59.33777333,-135.3741367,183.5,15.8,185,9342281,C6VG7,NORWEGIAN PEARL,16,GLACIER BAY
2008-07-24T06:07:14,309653000,59.338205,-135.3740867,183.1,15.8,185,9342281,C6VG7,NORWEGIAN PEARL,16,GLACIER BAY
2008-07-24T06:07:08,309653000,59.33863833,-135.3740367,182.8,15.8,185,9342281,C6VG7,NORWEGIAN PEARL,16,GLACIER BAY
2008-07-24T06:07:02,309653000,59.33922167,-135.37397,183.1,15.8,185,9342281,C6VG7,NORWEGIAN PEARL,16,GLACIER BAY
2008-07-24T06:06:56,309653000,59.33958833,-135.3739367,183.1,15.8,185,9342281,C6VG7,NORWEGIAN PEARL,16,GLACIER BAY
2008-07-24T06:06:50,309653000,59.34002167,-135.3738867,183.5,15.7,185,9342281,C6VG7,NORWEGIAN PEARL,16,GLACIER BAY
2008-07-24T06:06:43,309653000,59.340455,-135.3738367,184.5,15.7,185,9342281,C6VG7,NORWEGIAN PEARL,16,GLACIER BAY
2008-07-24T06:06:38,309653000,59.34090333,-135.3737867,184.1,15.8,186,9342281,C6VG7,NORWEGIAN PEARL,16,GLACIER BAY
2008-07-24T06:06:31,309653000,59.34140333,-135.37372,184.1,15.8,186,9342281,C6VG7,NORWEGIAN PEARL,16,GLACIER BAY
2008-07-24T06:06:26,309653000,59.34177,-135.37367,184.1,15.8,186,9342281,C6VG7,NORWEGIAN PEARL,16,GLACIER BAY
2008-07-24T06:06:20,309653000,59.34220333,-135.3736033,184.1,15.8,186,9342281,C6VG7,NORWEGIAN PEARL,16,GLACIER BAY
2008-07-24T06:06:14,309653000,59.34257,-135.373555,184.1,15.8,186,9342281,C6VG7,NORWEGIAN PEARL,16,GLACIER BAY
2008-07-24T06:06:08,309653000,59.34307,-135.3734883,184.5,15.8,186,9342281,C6VG7,NORWEGIAN PEARL,16,GLACIER BAY
2008-07-24T06:06:01,309653000,59.34352,-135.3734217,184.5,15.8,186,9342281,C6VG7,NORWEGIAN PEARL,16,GLACIER BAY
2008-07-24T06:05:56,309653000,59.34387,-135.373355,185.5,15.8,187,9342281,C6VG7,NORWEGIAN PEARL,16,GLACIER BAY
2008-07-24T06:05:50,309653000,59.34432,-135.3732883,185.5,15.8,187,9342281,C6VG7,NORWEGIAN PEARL,16,GLACIER BAY
2008-07-24T06:05:43,309653000,59.34482,-135.373205,185.5,15.8,187,9342281,C6VG7,NORWEGIAN PEARL,16,GLACIER BAY
2008-07-24T06:05:41,309653000,59.34525333,-135.3731233,0.0,0.0,0,9342281,C6VG7,NORWEGIAN PEARL,16,GLACIER BAY
2008-07-24T06:05:38,309653000,59.34525333,-135.3731233,186.5,15.8,188,9342281,C6VG7,NORWEGIAN PEARL,16,GLACIER BAY
2008-07-24T06:05:31,309653000,59.345685,-135.37304,186.5,15.8,188,9342281,C6VG7,NORWEGIAN PEARL,16,GLACIER BAY
2008-07-24T06:05:26,309653000,59.346135,-135.3729567,186.1,15.9,188,9342281,C6VG7,NORWEGIAN PEARL,16,GLACIER BAY
2008-07-24T06:05:20,309653000,59.34656833,-135.3728567,187.1,15.9,189,9342281,C6VG7,NORWEGIAN PEARL,16,GLACIER BAY
2008-07-24T06:05:14,309653000,59.34700167,-135.3727583,187.1,15.8,189,9342281,C6VG7,NORWEGIAN PEARL,16,GLACIER BAY
2008-07-24T06:05:08,309653000,59.347435,-135.3726583,187.1,15.8,189,9342281,C6VG7,NORWEGIAN PEARL,16,GLACIER BAY
2008-07-24T06:05:01,309653000,59.34786833,-135.3725417,188.1,15.8,190,9342281,C6VG7,NORWEGIAN PEARL,16,GLACIER BAY
2008-07-24T06:04:56,309653000,59.34830167,-135.372425,188.5,15.8,190,9342281,C6VG7,NORWEGIAN PEARL,16,GLACIER BAY
2008-07-24T06:04:50,309653000,59.34866833,-135.3723267,188.1,15.8,190,9342281,C6VG7,NORWEGIAN PEARL,16,GLACIER BAY
2008-07-24T06:04:43,309653000,59.34916833,-135.372175,187.8,15.8,190,9342281,C6VG7,NORWEGIAN PEARL,16,GLACIER BAY
2008-07-24T06:04:37,309653000,59.34961833,-135.3720583,188.1,15.8,190,9342281,C6VG7,NORWEGIAN PEARL,16,GLACIER BAY
2008-07-24T06:04:31,309653000,59.35011667,-135.3719083,188.1,15.8,190,9342281,C6VG7,NORWEGIAN PEARL,16,GLACIER BAY
2008-07-24T06:04:26,309653000,59.35048333,-135.37181,188.1,15.9,190,9342281,C6VG7,NORWEGIAN PEARL,16,GLACIER BAY
2008-07-24T06:04:20,309653000,59.35083333,-135.37171,188.1,15.9,190,9342281,C6VG7,NORWEGIAN PEARL,16,GLACIER BAY
2008-07-24T06:04:14,309653000,59.35128333,-135.3715933,188.1,15.9,190,9342281,C6VG7,NORWEGIAN PEARL,16,GLACIER BAY
2008-07-24T06:04:08,309653000,59.35171667,-135.3714767,188.5,15.9,190,9342281,C6VG7,NORWEGIAN PEARL,16,GLACIER BAY
2008-07-24T06:04:01,309653000,59.35223333,-135.3713267,188.9,15.9,190,9342281,C6VG7,NORWEGIAN PEARL,16,GLACIER BAY
2008-07-24T06:03:56,309653000,59.35266667,-135.3711933,188.9,15.9,190,9342281,C6VG7,NORWEGIAN PEARL,16,GLACIER BAY
2008-07-24T06:03:50,309653000,59.35303333,-135.3710933,188.9,16.0,190,9342281,C6VG7,NORWEGIAN PEARL,16,GLACIER BAY
2008-07-24T06:03:43,309653000,59.35359833,-135.3709267,188.5,16.0,190,9342281,C6VG7,NORWEGIAN PEARL,16,GLACIER BAY
2008-07-24T06:03:37,309653000,59.35404833,-135.3707933,188.9,16.0,190,9342281,C6VG7,NORWEGIAN PEARL,16,GLACIER BAY
2008-07-24T06:03:31,309653000,59.35448167,-135.37066,188.9,15.9,190,9342281,C6VG7,NORWEGIAN PEARL,16,GLACIER BAY
2008-07-24T06:03:26,309653000,59.35484833,-135.37056,188.9,15.9,190,9342281,C6VG7,NORWEGIAN PEARL,16,GLACIER BAY
2008-07-24T06:03:20,309653000,59.35528167,-135.3704267,188.5,15.9,190,9342281,C6VG7,NORWEGIAN PEARL,16,GLACIER BAY
2008-07-24T06:03:14,309653000,59.35564667,-135.37031,188.5,16.0,190,9342281,C6VG7,NORWEGIAN PEARL,16,GLACIER BAY
2008-07-24T06:03:08,309653000,59.35616333,-135.37016,188.2,16.0,190,9342281,C6VG7,NORWEGIAN PEARL,16,GLACIER BAY
2008-07-24T06:02:56,309653000,59.35703,-135.3699117,188.5,16.0,190,9342281,C6VG7,NORWEGIAN PEARL,16,GLACIER BAY
2008-07-24T06:02:50,309653000,59.35746333,-135.3697767,188.5,16.0,190,9342281,C6VG7,NORWEGIAN PEARL,16,GLACIER BAY
2008-07-24T06:02:43,309653000,59.35789667,-135.3696267,188.5,16.0,190,9342281,C6VG7,NORWEGIAN PEARL,16,GLACIER BAY
2008-07-24T06:02:37,309653000,59.35834667,-135.36951,188.2,16.0,190,9342281,C6VG7,NORWEGIAN PEARL,16,GLACIER BAY
2008-07-24T06:02:31,309653000,59.35878,-135.3693767,188.1,15.9,190,9342281,C6VG7,NORWEGIAN PEARL,16,GLACIER BAY
2008-07-24T06:02:26,309653000,59.35914667,-135.36926,188.1,15.9,190,9342281,C6VG7,NORWEGIAN PEARL,16,GLACIER BAY
2008-07-24T06:02:20,309653000,59.35958,-135.3691433,188.1,15.9,190,9342281,C6VG7,NORWEGIAN PEARL,16,GLACIER BAY
2008-07-24T06:02:14,309653000,59.36001333,-135.36901,188.5,15.9,190,9342281,C6VG7,NORWEGIAN PEARL,16,GLACIER BAY
2008-07-24T06:02:08,309653000,59.36046333,-135.3688783,188.5,15.9,190,9342281,C6VG7,NORWEGIAN PEARL,16,GLACIER BAY
2008-07-24T06:02:01,309653000,59.36104667,-135.3687117,188.5,16.0,190,9342281,C6VG7,NORWEGIAN PEARL,16,GLACIER BAY
2008-07-24T06:01:56,309653000,59.36139667,-135.3686117,188.5,15.9,190,9342281,C6VG7,NORWEGIAN PEARL,16,GLACIER BAY
2008-07-24T06:01:50,309653000,59.36183,-135.3684767,188.1,15.9,190,9342281,C6VG7,NORWEGIAN PEARL,16,GLACIER BAY
2008-07-24T06:01:43,309653000,59.36227833,-135.36836,187.8,15.9,190,9342281,C6VG7,NORWEGIAN PEARL,16,GLACIER BAY
2008-07-24T06:01:37,309653000,59.36277833,-135.36821,187.8,15.9,190,9342281,C6VG7,NORWEGIAN PEARL,16,GLACIER BAY
2008-07-24T06:01:31,309653000,59.36322833,-135.368095,188.1,15.9,190,9342281,C6VG7,NORWEGIAN PEARL,16,GLACIER BAY
2008-07-24T06:01:26,309653000,59.36357833,-135.3680117,188.5,15.9,190,9342281,C6VG7,NORWEGIAN PEARL,16,GLACIER BAY
2008-07-24T06:01:20,309653000,59.36402833,-135.3678783,188.1,15.9,190,9342281,C6VG7,NORWEGIAN PEARL,16,GLACIER BAY
2008-07-24T06:01:14,309653000,59.36446167,-135.3677617,188.1,15.9,190,9342281,C6VG7,NORWEGIAN PEARL,16,GLACIER BAY
2008-07-24T06:01:08,309653000,59.36482833,-135.3676617,188.1,15.9,190,9342281,C6VG7,NORWEGIAN PEARL,16,GLACIER BAY
2008-07-24T06:01:01,309653000,59.365345,-135.3675117,188.5,15.8,190,9342281,C6VG7,NORWEGIAN PEARL,16,GLACIER BAY
2008-07-24T06:00:56,309653000,59.365695,-135.3674117,188.5,15.9,190,9342281,C6VG7,NORWEGIAN PEARL,16,GLACIER BAY
2008-07-24T06:00:50,309653000,59.36621167,-135.3672783,188.9,15.9,190,9342281,C6VG7,NORWEGIAN PEARL,16,GLACIER BAY
2008-07-24T06:00:43,309653000,59.36664333,-135.367145,188.9,15.9,190,9342281,C6VG7,NORWEGIAN PEARL,16,GLACIER BAY
2008-07-24T06:00:37,309653000,59.36707833,-135.3670117,188.9,15.8,190,9342281,C6VG7,NORWEGIAN PEARL,16,GLACIER BAY
2008-07-24T06:00:31,309653000,59.36751167,-135.3668783,188.1,15.8,190,9342281,C6VG7,NORWEGIAN PEARL,16,GLACIER BAY
2008-07-24T06:00:26,309653000,59.367875,-135.3667783,188.1,15.9,190,9342281,C6VG7,NORWEGIAN PEARL,16,GLACIER BAY
2008-07-24T06:00:20,309653000,59.36837667,-135.3666283,188.5,15.9,190,9342281,C6VG7,NORWEGIAN PEARL,16,GLACIER BAY
2008-07-24T06:00:14,309653000,59.36880833,-135.366495,188.5,15.9,190,9342281,C6VG7,NORWEGIAN PEARL,16,GLACIER BAY
2008-07-24T06:00:08,309653000,59.36924167,-135.3663617,188.5,15.9,190,9342281,C6VG7,NORWEGIAN PEARL,16,GLACIER BAY
2008-07-24T06:00:00,309653000,59.36975833,-135.366195,188.5,15.9,190,9342281,C6VG7,NORWEGIAN PEARL,16,GLACIER BAY
2008-07-24T05:59:56,309653000,59.37010833,-135.366095,188.1,15.9,190,9342281,C6VG7,NORWEGIAN PEARL,16,GLACIER BAY
2008-07-24T05:59:50,309653000,59.37054167,-135.3659617,188.5,15.9,190,9342281,C6VG7,NORWEGIAN PEARL,16,GLACIER BAY
2008-07-24T05:59:43,309653000,59.370975,-135.36583,188.5,15.9,190,9342281,C6VG7,NORWEGIAN PEARL,16,GLACIER BAY
2008-07-24T05:59:40,309653000,59.371425,-135.3657117,0.0,0.0,0,9342281,C6VG7,NORWEGIAN PEARL,16,GLACIER BAY
2008-07-24T05:59:37,309653000,59.371425,-135.3657117,188.5,15.9,190,9342281,C6VG7,NORWEGIAN PEARL,16,GLACIER BAY
2008-07-24T05:59:31,309653000,59.37185833,-135.36558,188.9,15.9,190,9342281,C6VG7,NORWEGIAN PEARL,16,GLACIER BAY
2008-07-24T05:59:25,309653000,59.37229,-135.3654467,188.9,15.9,190,9342281,C6VG7,NORWEGIAN PEARL,16,GLACIER BAY
2008-07-24T05:59:20,309653000,59.37272333,-135.3653133,188.5,15.8,190,9342281,C6VG7,NORWEGIAN PEARL,16,GLACIER BAY
2008-07-24T05:59:14,309653000,59.37309,-135.3652117,188.5,15.8,190,9342281,C6VG7,NORWEGIAN PEARL,16,GLACIER BAY
2008-07-24T05:59:08,309653000,59.37352333,-135.3650783,188.1,15.9,190,9342281,C6VG7,NORWEGIAN PEARL,16,GLACIER BAY
2008-07-24T05:59:00,309653000,59.37410667,-135.3649117,188.1,15.9,190,9342281,C6VG7,NORWEGIAN PEARL,16,GLACIER BAY
2008-07-24T05:58:56,309653000,59.37439,-135.3648283,188.1,15.9,190,9342281,C6VG7,NORWEGIAN PEARL,16,GLACIER BAY
2008-07-24T05:58:50,309653000,59.37482333,-135.3647117,186.8,16.0,189,9342281,C6VG7,NORWEGIAN PEARL,16,GLACIER BAY
2008-07-24T05:58:43,309653000,59.37542333,-135.3645783,187.1,15.9,189,9342281,C6VG7,NORWEGIAN PEARL,16,GLACIER BAY
2008-07-24T05:58:31,309653000,59.37629,-135.36436,187.1,15.9,189,9342281,C6VG7,NORWEGIAN PEARL,16,GLACIER BAY
2008-07-24T05:58:25,309653000,59.37665667,-135.36426,186.5,15.9,188,9342281,C6VG7,NORWEGIAN PEARL,16,GLACIER BAY
2008-07-24T05:58:20,309653000,59.37708833,-135.36416,186.2,16.0,188,9342281,C6VG7,NORWEGIAN PEARL,16,GLACIER BAY
2008-07-24T05:58:14,309653000,59.37753833,-135.36406,186.5,16.0,188,9342281,C6VG7,NORWEGIAN PEARL,16,GLACIER BAY
2008-07-24T05:58:07,309653000,59.37797167,-135.36396,186.5,16.0,188,9342281,C6VG7,NORWEGIAN PEARL,16,GLACIER BAY
2008-07-24T05:58:00,309653000,59.37848667,-135.3638433,186.5,16.0,188,9342281,C6VG7,NORWEGIAN PEARL,16,GLACIER BAY
2008-07-24T05:57:56,309653000,59.37877,-135.3637783,186.9,16.0,188,9342281,C6VG7,NORWEGIAN PEARL,16,GLACIER BAY
2008-07-24T05:57:50,309653000,59.37922,-135.3636783,186.9,16.0,188,9342281,C6VG7,NORWEGIAN PEARL,16,GLACIER BAY
2008-07-24T05:57:44,309653000,59.37972,-135.3635617,186.9,16.0,188,9342281,C6VG7,NORWEGIAN PEARL,16,GLACIER BAY
2008-07-24T05:57:38,309653000,59.38017,-135.363445,186.9,16.0,188,9342281,C6VG7,NORWEGIAN PEARL,16,GLACIER BAY
2008-07-24T05:57:32,309653000,59.38060333,-135.363345,187.2,15.9,188,9342281,C6VG7,NORWEGIAN PEARL,16,GLACIER BAY
2008-07-24T05:57:25,309653000,59.38103667,-135.363245,186.9,15.9,188,9342281,C6VG7,NORWEGIAN PEARL,16,GLACIER BAY
2008-07-24T05:57:20,309653000,59.38140333,-135.363145,187.2,15.9,188,9342281,C6VG7,NORWEGIAN PEARL,16,GLACIER BAY
2008-07-24T05:57:07,309653000,59.38235167,-135.3629117,186.9,15.9,188,9342281,C6VG7,NORWEGIAN PEARL,16,GLACIER BAY
2008-07-24T05:57:00,309653000,59.382935,-135.3627783,186.9,15.9,188,9342281,C6VG7,NORWEGIAN PEARL,16,GLACIER BAY
2008-07-24T05:56:56,309653000,59.38321833,-135.3627117,186.9,15.9,188,9342281,C6VG7,NORWEGIAN PEARL,16,GLACIER BAY
2008-07-24T05:56:50,309653000,59.38365167,-135.3626117,186.5,15.9,188,9342281,C6VG7,NORWEGIAN PEARL,16,GLACIER BAY
2008-07-24T05:56:43,309653000,59.38410167,-135.362495,186.5,15.8,188,9342281,C6VG7,NORWEGIAN PEARL,16,GLACIER BAY
2008-07-24T05:56:38,309653000,59.384535,-135.362395,186.5,15.8,188,9342281,C6VG7,NORWEGIAN PEARL,16,GLACIER BAY
2008-07-24T05:56:32,309653000,59.38496833,-135.362295,186.5,15.8,188,9342281,C6VG7,NORWEGIAN PEARL,16,GLACIER BAY
2008-07-24T05:56:25,309653000,59.38540167,-135.362195,186.5,15.8,188,9342281,C6VG7,NORWEGIAN PEARL,16,GLACIER BAY
2008-07-24T05:56:20,309653000,59.385835,-135.362095,186.9,15.8,188,9342281,C6VG7,NORWEGIAN PEARL,16,GLACIER BAY
2008-07-24T05:56:14,309653000,59.386285,-135.361995,186.9,15.8,188,9342281,C6VG7,NORWEGIAN PEARL,16,GLACIER BAY
2008-07-24T05:56:07,309653000,59.38671667,-135.361895,186.9,15.8,188,9342281,C6VG7,NORWEGIAN PEARL,16,GLACIER BAY
2008-07-24T05:56:02,309653000,59.38714833,-135.3617783,186.9,15.8,188,9342281,C6VG7,NORWEGIAN PEARL,16,GLACIER BAY
2008-07-24T05:55:56,309653000,59.3875,-135.361695,187.2,15.8,188,9342281,C6VG7,NORWEGIAN PEARL,16,GLACIER BAY
2008-07-24T05:55:50,309653000,59.38794833,-135.3615967,187.2,15.8,188,9342281,C6VG7,NORWEGIAN PEARL,16,GLACIER BAY
2008-07-24T05:55:43,309653000,59.38844833,-135.36148,187.6,15.8,188,9342281,C6VG7,NORWEGIAN PEARL,16,GLACIER BAY
2008-07-24T05:55:38,309653000,59.38888167,-135.3613633,187.6,15.8,188,9342281,C6VG7,NORWEGIAN PEARL,16,GLACIER BAY
2008-07-24T05:55:32,309653000,59.38924833,-135.36128,187.2,15.8,188,9342281,C6VG7,NORWEGIAN PEARL,16,GLACIER BAY
2008-07-24T05:55:26,309653000,59.389765,-135.3611467,187.2,15.7,188,9342281,C6VG7,NORWEGIAN PEARL,16,GLACIER BAY
2008-07-24T05:55:20,309653000,59.39018167,-135.36103,187.2,15.7,188,9342281,C6VG7,NORWEGIAN PEARL,16,GLACIER BAY
2008-07-24T05:55:14,309653000,59.39063167,-135.36093,186.9,15.7,188,9342281,C6VG7,NORWEGIAN PEARL,16,GLACIER BAY
2008-07-24T05:55:07,309653000,59.39113167,-135.3607967,186.9,15.7,188,9342281,C6VG7,NORWEGIAN PEARL,16,GLACIER BAY
2008-07-24T05:55:02,309653000,59.39148167,-135.3607133,187.2,15.6,188,9342281,C6VG7,NORWEGIAN PEARL,16,GLACIER BAY
2008-07-24T05:54:56,309653000,59.39184833,-135.36063,187.2,15.7,188,9342281,C6VG7,NORWEGIAN PEARL,16,GLACIER BAY
2008-07-24T05:54:50,309653000,59.39234667,-135.3604967,187.2,15.7,188,9342281,C6VG7,NORWEGIAN PEARL,16,GLACIER BAY
2008-07-24T05:54:43,309653000,59.39278,-135.3603967,187.2,15.7,188,9342281,C6VG7,NORWEGIAN PEARL,16,GLACIER BAY
2008-07-24T05:54:38,309653000,59.393215,-135.3602967,187.2,15.6,188,9342281,C6VG7,NORWEGIAN PEARL,16,GLACIER BAY
2008-07-24T05:54:32,309653000,59.39363167,-135.36018,187.2,15.6,188,9342281,C6VG7,NORWEGIAN PEARL,16,GLACIER BAY
2008-07-24T05:54:20,309653000,59.39449667,-135.3599633,187.6,15.5,188,9342281,C6VG7,NORWEGIAN PEARL,16,GLACIER BAY
2008-07-24T05:54:14,309653000,59.39493,-135.3598467,188.0,15.5,188,9342281,C6VG7,NORWEGIAN PEARL,16,GLACIER BAY
2008-07-24T05:54:07,309653000,59.39534667,-135.3597467,188.0,15.5,188,9342281,C6VG7,NORWEGIAN PEARL,16,GLACIER BAY
2008-07-24T05:54:02,309653000,59.39578,-135.35963,188.0,15.5,188,9342281,C6VG7,NORWEGIAN PEARL,16,GLACIER BAY
2008-07-24T05:53:56,309653000,59.39613,-135.3595317,188.0,15.5,188,9342281,C6VG7,NORWEGIAN PEARL,16,GLACIER BAY
2008-07-24T05:53:50,309653000,59.39656333,-135.359415,188.3,15.5,188,9342281,C6VG7,NORWEGIAN PEARL,16,GLACIER BAY
2008-07-24T05:53:43,309653000,59.39713,-135.359265,188.3,15.4,188,9342281,C6VG7,NORWEGIAN PEARL,16,GLACIER BAY
2008-07-24T05:53:38,309653000,59.39748,-135.359165,188.3,15.4,188,9342281,C6VG7,NORWEGIAN PEARL,16,GLACIER BAY
2008-07-24T05:53:36,309653000,59.39789667,-135.3590483,0.0,0.0,0,9342281,C6VG7,NORWEGIAN PEARL,16,GLACIER BAY
2008-07-24T05:53:32,309653000,59.39789667,-135.3590483,188.0,15.4,188,9342281,C6VG7,NORWEGIAN PEARL,16,GLACIER BAY
2008-07-24T05:53:20,309653000,59.39873,-135.3587983,188.0,15.3,188,9342281,C6VG7,NORWEGIAN PEARL,16,GLACIER BAY
2008-07-24T05:53:14,309653000,59.39916333,-135.3586967,187.6,15.2,188,9342281,C6VG7,NORWEGIAN PEARL,16,GLACIER BAY
2008-07-24T05:53:07,309653000,59.39958,-135.35858,187.6,15.2,188,9342281,C6VG7,NORWEGIAN PEARL,16,GLACIER BAY
2008-07-24T05:53:02,309653000,59.39999667,-135.3584633,187.2,15.2,188,9342281,C6VG7,NORWEGIAN PEARL,16,GLACIER BAY
2008-07-24T05:52:56,309653000,59.40033,-135.35838,187.2,15.2,188,9342281,C6VG7,NORWEGIAN PEARL,16,GLACIER BAY
2008-07-24T05:52:50,309653000,59.40076333,-135.35828,187.2,15.1,188,9342281,C6VG7,NORWEGIAN PEARL,16,GLACIER BAY
2008-07-24T05:52:43,309653000,59.40124667,-135.3581633,187.6,15.0,188,9342281,C6VG7,NORWEGIAN PEARL,16,GLACIER BAY
2008-07-24T05:52:38,309653000,59.40166333,-135.3580467,187.6,15.0,188,9342281,C6VG7,NORWEGIAN PEARL,16,GLACIER BAY
2008-07-24T05:52:32,309653000,59.40206333,-135.3579467,187.2,14.9,188,9342281,C6VG7,NORWEGIAN PEARL,16,GLACIER BAY
2008-07-24T05:52:26,309653000,59.40248,-135.3578467,186.6,14.9,187,9342281,C6VG7,NORWEGIAN PEARL,16,GLACIER BAY
2008-07-24T05:52:20,309653000,59.40281333,-135.3577633,186.6,14.8,187,9342281,C6VG7,NORWEGIAN PEARL,16,GLACIER BAY
2008-07-24T05:52:14,309653000,59.40329667,-135.3576467,186.6,14.8,187,9342281,C6VG7,NORWEGIAN PEARL,16,GLACIER BAY
2008-07-24T05:52:07,309653000,59.40378,-135.35753,187.0,14.7,187,9342281,C6VG7,NORWEGIAN PEARL,16,GLACIER BAY
2008-07-24T05:52:02,309653000,59.404115,-135.3574617,186.6,14.6,187,9342281,C6VG7,NORWEGIAN PEARL,16,GLACIER BAY
2008-07-24T05:51:56,309653000,59.40451333,-135.3573617,186.2,14.5,187,9342281,C6VG7,NORWEGIAN PEARL,16,GLACIER BAY
2008-07-24T05:51:50,309653000,59.40484667,-135.357295,186.2,14.5,187,9342281,C6VG7,NORWEGIAN PEARL,16,GLACIER BAY
2008-07-24T05:51:50,309653000,59.40491333,-135.3572783,186.2,14.5,187,9342281,C6VG7,NORWEGIAN PEARL,16,GLACIER BAY
2008-07-24T05:51:43,309653000,59.40531333,-135.3571783,186.2,14.4,187,9342281,C6VG7,NORWEGIAN PEARL,16,GLACIER BAY
2008-07-24T05:51:40,309653000,59.40558,-135.3571283,186.1,14.3,187,9342281,C6VG7,NORWEGIAN PEARL,16,GLACIER BAY
2008-07-24T05:51:38,309653000,59.40571333,-135.357095,186.1,14.3,187,9342281,C6VG7,NORWEGIAN PEARL,16,GLACIER BAY
2008-07-24T05:51:32,309653000,59.40611333,-135.3570117,186.1,14.3,187,9342281,C6VG7,NORWEGIAN PEARL,16,GLACIER BAY
2008-07-24T05:51:26,309653000,59.406515,-135.3569267,185.7,14.2,187,9342281,C6VG7,NORWEGIAN PEARL,16,GLACIER BAY
2008-07-24T05:51:21,309653000,59.40683,-135.35686,185.7,14.2,187,9342281,C6VG7,NORWEGIAN PEARL,16,GLACIER BAY
2008-07-24T05:51:20,309653000,59.40689667,-135.356845,185.7,14.2,187,9342281,C6VG7,NORWEGIAN PEARL,16,GLACIER BAY
2008-07-24T05:51:14,309653000,59.40729667,-135.3567617,186.1,14.1,187,9342281,C6VG7,NORWEGIAN PEARL,16,GLACIER BAY
2008-07-24T05:51:12,309653000,59.40741333,-135.356745,186.5,14.1,187,9342281,C6VG7,NORWEGIAN PEARL,16,GLACIER BAY
2008-07-24T05:51:07,309653000,59.40768167,-135.3566783,186.5,14.1,187,9342281,C6VG7,NORWEGIAN PEARL,16,GLACIER BAY
2008-07-24T05:51:02,309653000,59.40808,-135.356595,186.5,14.1,187,9342281,C6VG7,NORWEGIAN PEARL,16,GLACIER BAY
2008-07-24T05:50:50,309653000,59.40878,-135.356445,187.0,14.0,187,9342281,C6VG7,NORWEGIAN PEARL,16,GLACIER BAY
2008-07-24T05:50:40,309653000,59.40943,-135.356295,187.0,14.0,187,9342281,C6VG7,NORWEGIAN PEARL,16,GLACIER BAY
2008-07-24T05:50:32,309653000,59.40994667,-135.3561783,186.5,14.0,187,9342281,C6VG7,NORWEGIAN PEARL,16,GLACIER BAY
2008-07-24T05:50:22,309653000,59.41064667,-135.3560133,187.0,13.9,187,9342281,C6VG7,NORWEGIAN PEARL,16,GLACIER BAY
2008-07-24T05:50:12,309653000,59.41128,-135.3558617,186.5,13.8,187,9342281,C6VG7,NORWEGIAN PEARL,16,GLACIER BAY
2008-07-24T05:50:02,309653000,59.41193,-135.3557133,187.0,13.8,187,9342281,C6VG7,NORWEGIAN PEARL,16,GLACIER BAY
2008-07-24T05:49:50,309653000,59.41263,-135.3555467,187.4,13.8,187,9342281,C6VG7,NORWEGIAN PEARL,16,GLACIER BAY
2008-07-24T05:49:41,309653000,59.41324667,-135.3553967,187.0,13.7,187,9342281,C6VG7,NORWEGIAN PEARL,16,GLACIER BAY
2008-07-24T05:49:40,309653000,59.41388,-135.3552467,0.0,0.0,0,9342281,C6VG7,NORWEGIAN PEARL,16,GLACIER BAY
2008-07-24T05:49:30,309653000,59.41388,-135.3552467,187.4,13.6,187,9342281,C6VG7,NORWEGIAN PEARL,16,GLACIER BAY
2008-07-24T05:49:22,309653000,59.41444667,-135.3550967,187.4,13.6,187,9342281,C6VG7,NORWEGIAN PEARL,16,GLACIER BAY
2008-07-24T05:49:12,309653000,59.41506333,-135.3549467,187.4,13.5,187,9342281,C6VG7,NORWEGIAN PEARL,16,GLACIER BAY
2008-07-24T05:49:02,309653000,59.41569667,-135.35478,187.4,13.4,187,9342281,C6VG7,NORWEGIAN PEARL,16,GLACIER BAY
2008-07-24T05:48:50,309653000,59.41636333,-135.3545967,187.4,13.3,187,9342281,C6VG7,NORWEGIAN PEARL,16,GLACIER BAY
2008-07-24T05:48:41,309653000,59.41696333,-135.3544467,187.0,13.2,187,9342281,C6VG7,NORWEGIAN PEARL,16,GLACIER BAY
2008-07-24T05:48:30,309653000,59.41763,-135.3542967,187.4,13.1,187,9342281,C6VG7,NORWEGIAN PEARL,16,GLACIER BAY
2008-07-24T05:48:22,309653000,59.41811333,-135.3541617,187.0,13.0,187,9342281,C6VG7,NORWEGIAN PEARL,16,GLACIER BAY
2008-07-24T05:48:11,309653000,59.418765,-135.3540133,187.4,12.8,187,9342281,C6VG7,NORWEGIAN PEARL,16,GLACIER BAY
2008-07-24T05:48:02,309653000,59.41929833,-135.3538633,187.4,12.7,187,9342281,C6VG7,NORWEGIAN PEARL,16,GLACIER BAY
2008-07-24T05:47:50,309653000,59.41994833,-135.3536967,187.4,12.6,187,9342281,C6VG7,NORWEGIAN PEARL,16,GLACIER BAY
2008-07-24T05:47:41,309653000,59.420465,-135.3535633,187.9,12.5,187,9342281,C6VG7,NORWEGIAN PEARL,16,GLACIER BAY
2008-07-24T05:47:36,309653000,59.42108333,-135.3533967,0.0,0.0,0,9342281,C6VG7,NORWEGIAN PEARL,16,GLACIER BAY
2008-07-24T05:47:30,309653000,59.42108333,-135.3533967,187.4,12.3,187,9342281,C6VG7,NORWEGIAN PEARL,16,GLACIER BAY
2008-07-24T05:47:22,309653000,59.42153333,-135.35328,187.9,12.1,187,9342281,C6VG7,NORWEGIAN PEARL,16,GLACIER BAY
2008-07-24T05:47:11,309653000,59.42215167,-135.3531133,187.9,11.9,187,9342281,C6VG7,NORWEGIAN PEARL,16,GLACIER BAY
2008-07-24T05:47:02,309653000,59.4227,-135.3529633,187.9,11.7,187,9342281,C6VG7,NORWEGIAN PEARL,16,GLACIER BAY
2008-07-24T05:46:50,309653000,59.423335,-135.3527967,187.9,11.6,187,9342281,C6VG7,NORWEGIAN PEARL,16,GLACIER BAY
2008-07-24T05:46:41,309653000,59.42381833,-135.3526633,188.0,11.4,187,9342281,C6VG7,NORWEGIAN PEARL,16,GLACIER BAY
2008-07-24T05:46:30,309653000,59.4244,-135.3525133,187.5,11.3,187,9342281,C6VG7,NORWEGIAN PEARL,16,GLACIER BAY
2008-07-24T05:46:22,309653000,59.42481833,-135.3524133,187.5,11.1,187,9342281,C6VG7,NORWEGIAN PEARL,16,GLACIER BAY
2008-07-24T05:46:11,309653000,59.42536833,-135.3522617,187.5,11.0,187,9342281,C6VG7,NORWEGIAN PEARL,16,GLACIER BAY
2008-07-24T05:46:01,309653000,59.42587,-135.3521283,187.0,10.7,187,9342281,C6VG7,NORWEGIAN PEARL,16,GLACIER BAY
2008-07-24T05:45:51,309653000,59.42632,-135.3520117,187.5,10.7,187,9342281,C6VG7,NORWEGIAN PEARL,16,GLACIER BAY
2008-07-24T05:45:41,309653000,59.42680333,-135.351895,187.0,10.5,187,9342281,C6VG7,NORWEGIAN PEARL,16,GLACIER BAY
2008-07-24T05:45:30,309653000,59.42733667,-135.3517617,187.0,10.3,187,9342281,C6VG7,NORWEGIAN PEARL,16,GLACIER BAY
2008-07-24T05:45:22,309653000,59.42775333,-135.3516617,187.0,10.2,187,9342281,C6VG7,NORWEGIAN PEARL,16,GLACIER BAY
2008-07-24T05:45:11,309653000,59.42827167,-135.3515433,187.0,10.1,187,9342281,C6VG7,NORWEGIAN PEARL,16,GLACIER BAY
2008-07-24T05:45:01,309653000,59.42873833,-135.3514267,187.0,9.9,187,9342281,C6VG7,NORWEGIAN PEARL,16,GLACIER BAY
2008-07-24T05:44:51,309653000,59.42918833,-135.3513267,186.4,9.8,187,9342281,C6VG7,NORWEGIAN PEARL,16,GLACIER BAY
2008-07-24T05:44:41,309653000,59.42963833,-135.3512283,187.0,9.7,187,9342281,C6VG7,NORWEGIAN PEARL,16,GLACIER BAY
2008-07-24T05:44:30,309653000,59.43009,-135.35111,186.4,9.6,187,9342281,C6VG7,NORWEGIAN PEARL,16,GLACIER BAY
2008-07-24T05:44:22,309653000,59.43049,-135.3510267,187.0,9.5,187,9342281,C6VG7,NORWEGIAN PEARL,16,GLACIER BAY
2008-07-24T05:44:11,309653000,59.43096667,-135.3509167,187.0,9.4,187,9342281,C6VG7,NORWEGIAN PEARL,16,GLACIER BAY
2008-07-24T05:43:51,309653000,59.43178333,-135.3507167,188.2,9.2,187,9342281,C6VG7,NORWEGIAN PEARL,16,GLACIER BAY
2008-07-24T05:43:41,309653000,59.4322,-135.3506,187.0,9.1,187,9342281,C6VG7,NORWEGIAN PEARL,16,GLACIER BAY
2008-07-24T05:43:30,309653000,59.4327,-135.3504667,188.6,8.9,188,9342281,C6VG7,NORWEGIAN PEARL,16,GLACIER BAY
2008-07-24T05:43:21,309653000,59.43306667,-135.3503667,188.0,8.8,188,9342281,C6VG7,NORWEGIAN PEARL,16,GLACIER BAY
2008-07-24T05:43:11,309653000,59.43346667,-135.35025,188.0,8.6,188,9342281,C6VG7,NORWEGIAN PEARL,16,GLACIER BAY
2008-07-24T05:43:01,309653000,59.43386667,-135.3501333,189.6,8.5,189,9342281,C6VG7,NORWEGIAN PEARL,16,GLACIER BAY
2008-07-24T05:42:51,309653000,59.434215,-135.3500333,191.3,8.3,190,9342281,C6VG7,NORWEGIAN PEARL,16,GLACIER BAY
2008-07-24T05:42:41,309653000,59.43459833,-135.3498833,191.4,8.1,190,9342281,C6VG7,NORWEGIAN PEARL,16,GLACIER BAY
2008-07-24T05:42:30,309653000,59.43499833,-135.3497333,192.8,7.9,190,9342281,C6VG7,NORWEGIAN PEARL,16,GLACIER BAY
2008-07-24T05:42:21,309653000,59.43534833,-135.3495683,192.2,7.6,190,9342281,C6VG7,NORWEGIAN PEARL,16,GLACIER BAY
2008-07-24T05:42:11,309653000,59.435665,-135.349435,193.0,7.4,190,9342281,C6VG7,NORWEGIAN PEARL,16,GLACIER BAY
2008-07-24T05:42:01,309653000,59.436065,-135.3492517,192.3,7.2,190,9342281,C6VG7,NORWEGIAN PEARL,16,GLACIER BAY
2008-07-24T05:41:51,309653000,59.43634833,-135.3491183,191.6,6.9,190,9342281,C6VG7,NORWEGIAN PEARL,16,GLACIER BAY
2008-07-24T05:41:41,309653000,59.436665,-135.348985,194.4,6.7,191,9342281,C6VG7,NORWEGIAN PEARL,16,GLACIER BAY
2008-07-24T05:41:38,309653000,59.43693167,-135.3488517,0.0,0.0,0,9342281,C6VG7,NORWEGIAN PEARL,16,GLACIER BAY
2008-07-24T05:41:31,309653000,59.43693167,-135.3488517,193.6,6.5,191,9342281,C6VG7,NORWEGIAN PEARL,16,GLACIER BAY
2008-07-24T05:41:21,309653000,59.43726333,-135.3487017,194.7,6.3,192,9342281,C6VG7,NORWEGIAN PEARL,16,GLACIER BAY
2008-07-24T05:41:11,309653000,59.43754833,-135.3485683,194.9,6.0,192,9342281,C6VG7,NORWEGIAN PEARL,16,GLACIER BAY
2008-07-24T05:41:01,309653000,59.437815,-135.348435,194.9,5.9,193,9342281,C6VG7,NORWEGIAN PEARL,16,GLACIER BAY
2008-07-24T05:40:51,309653000,59.43804833,-135.3483017,196.0,5.7,194,9342281,C6VG7,NORWEGIAN PEARL,16,GLACIER BAY
2008-07-24T05:40:41,309653000,59.43829833,-135.348185,195.0,5.4,194,9342281,C6VG7,NORWEGIAN PEARL,16,GLACIER BAY
2008-07-24T05:40:31,309653000,59.43853167,-135.3480517,196.1,5.1,195,9342281,C6VG7,NORWEGIAN PEARL,16,GLACIER BAY
2008-07-24T05:40:21,309653000,59.438815,-135.3479017,197.1,4.8,195,9342281,C6VG7,NORWEGIAN PEARL,16,GLACIER BAY
2008-07-24T05:40:12,309653000,59.43898167,-135.3478017,197.2,4.7,196,9342281,C6VG7,NORWEGIAN PEARL,16,GLACIER BAY
2008-07-24T05:40:01,309653000,59.439215,-135.3476683,198.3,4.4,197,9342281,C6VG7,NORWEGIAN PEARL,16,GLACIER BAY
2008-07-24T05:39:51,309653000,59.43939833,-135.3475517,198.3,4.2,197,9342281,C6VG7,NORWEGIAN PEARL,16,GLACIER BAY
2008-07-24T05:39:41,309653000,59.43958167,-135.347435,199.8,4.0,197,9342281,C6VG7,NORWEGIAN PEARL,16,GLACIER BAY
2008-07-24T05:39:31,309653000,59.43974833,-135.3473017,199.5,3.8,198,9342281,C6VG7,NORWEGIAN PEARL,16,GLACIER BAY
2008-07-24T05:39:21,309653000,59.43993167,-135.347185,201.1,3.6,198,9342281,C6VG7,NORWEGIAN PEARL,16,GLACIER BAY
2008-07-24T05:39:12,309653000,59.44008167,-135.347085,202.4,3.3,198,9342281,C6VG7,NORWEGIAN PEARL,16,GLACIER BAY
2008-07-24T05:39:01,309653000,59.44023167,-135.3469683,200.8,3.1,199,9342281,C6VG7,NORWEGIAN PEARL,16,GLACIER BAY
2008-07-24T05:38:51,309653000,59.440365,-135.3468683,204.0,2.8,200,9342281,C6VG7,NORWEGIAN PEARL,16,GLACIER BAY
2008-07-24T05:38:41,309653000,59.44048167,-135.346785,202.2,2.5,200,9342281,C6VG7,NORWEGIAN PEARL,16,GLACIER BAY
2008-07-24T05:38:31,309653000,59.440615,-135.346685,200.0,2.3,200,9342281,C6VG7,NORWEGIAN PEARL,16,GLACIER BAY
2008-07-24T05:38:21,309653000,59.440715,-135.3466183,200.0,2.0,200,9342281,C6VG7,NORWEGIAN PEARL,16,GLACIER BAY
2008-07-24T05:38:12,309653000,59.44079833,-135.3465517,200.0,1.8,200,9342281,C6VG7,NORWEGIAN PEARL,16,GLACIER BAY
2008-07-24T05:38:01,309653000,59.44089833,-135.3465017,210.6,1.6,200,9342281,C6VG7,NORWEGIAN PEARL,16,GLACIER BAY
2008-07-24T05:37:55,309653000,59.44095,-135.3464517,217.1,1.4,200,9342281,C6VG7,NORWEGIAN PEARL,16,GLACIER BAY
2008-07-24T05:37:50,309653000,59.44096667,-135.3464183,222.6,1.3,200,9342281,C6VG7,NORWEGIAN PEARL,16,GLACIER BAY
2008-07-24T05:37:46,309653000,59.44098333,-135.3464017,224.4,1.2,200,9342281,C6VG7,NORWEGIAN PEARL,16,GLACIER BAY
2008-07-24T05:37:43,309653000,59.441,-135.346385,226.5,1.1,200,9342281,C6VG7,NORWEGIAN PEARL,16,GLACIER BAY
2008-07-24T05:37:42,309653000,59.44101667,-135.3463683,233.6,1.1,200,9342281,C6VG7,NORWEGIAN PEARL,16,GLACIER BAY
2008-07-24T05:37:41,309653000,59.44101667,-135.3463683,233.6,1.1,200,9342281,C6VG7,NORWEGIAN PEARL,16,GLACIER BAY
2008-07-24T05:37:40,309653000,59.44101667,-135.3463517,237.8,1.1,200,9342281,C6VG7,NORWEGIAN PEARL,16,GLACIER BAY
2008-07-24T05:37:37,309653000,59.44103333,-135.346335,253.1,1.0,200,9342281,C6VG7,NORWEGIAN PEARL,16,GLACIER BAY
2008-07-24T05:37:33,309653000,59.44105,-135.3463017,256.3,1.1,200,9342281,C6VG7,NORWEGIAN PEARL,16,GLACIER BAY
2008-07-24T05:37:33,309653000,59.44105,-135.3463017,263.4,1.1,200,9342281,C6VG7,NORWEGIAN PEARL,16,GLACIER BAY
2008-07-24T05:37:31,309653000,59.44105,-135.346285,263.4,1.1,200,9342281,C6VG7,NORWEGIAN PEARL,16,GLACIER BAY
2008-07-24T05:37:28,309653000,59.44105,-135.3462683,268.1,1.1,200,9342281,C6VG7,NORWEGIAN PEARL,16,GLACIER BAY
2008-07-24T05:37:26,309653000,59.44105,-135.3462517,274.7,1.1,200,9342281,C6VG7,NORWEGIAN PEARL,16,GLACIER BAY
2008-07-24T05:37:23,309653000,59.44106667,-135.3462183,279.6,1.1,200,9342281,C6VG7,NORWEGIAN PEARL,16,GLACIER BAY
2008-07-24T05:37:22,309653000,59.44106667,-135.3462017,284.8,1.1,200,9342281,C6VG7,NORWEGIAN PEARL,16,GLACIER BAY
2008-07-24T05:37:21,309653000,59.44106667,-135.346185,284.8,1.1,200,9342281,C6VG7,NORWEGIAN PEARL,16,GLACIER BAY
2008-07-24T05:37:20,309653000,59.44106667,-135.346185,289.0,1.1,200,9342281,C6VG7,NORWEGIAN PEARL,16,GLACIER BAY
2008-07-24T05:37:17,309653000,59.44106667,-135.3461517,293.7,1.2,199,9342281,C6VG7,NORWEGIAN PEARL,16,GLACIER BAY
2008-07-24T05:37:13,309653000,59.44105,-135.3461183,297.1,1.4,199,9342281,C6VG7,NORWEGIAN PEARL,16,GLACIER BAY
2008-07-24T05:37:13,309653000,59.44105,-135.3461183,297.1,1.4,199,9342281,C6VG7,NORWEGIAN PEARL,16,GLACIER BAY
2008-07-24T05:37:12,309653000,59.44105,-135.3461017,300.3,1.5,199,9342281,C6VG7,NORWEGIAN PEARL,16,GLACIER BAY
2008-07-24T05:37:08,309653000,59.44105,-135.3460867,300.5,1.8,198,9342281,C6VG7,NORWEGIAN PEARL,16,GLACIER BAY
2008-07-24T05:37:06,309653000,59.441035,-135.3460533,303.5,1.9,198,9342281,C6VG7,NORWEGIAN PEARL,16,GLACIER BAY
2008-07-24T05:37:03,309653000,59.441035,-135.34602,302.9,2.2,197,9342281,C6VG7,NORWEGIAN PEARL,16,GLACIER BAY
2008-07-24T05:37:02,309653000,59.44101833,-135.3459867,304.6,2.3,197,9342281,C6VG7,NORWEGIAN PEARL,16,GLACIER BAY
2008-07-24T05:37:01,309653000,59.44101833,-135.3459867,304.6,2.3,197,9342281,C6VG7,NORWEGIAN PEARL,16,GLACIER BAY
2008-07-24T05:37:00,309653000,59.44101833,-135.3459867,302.9,2.4,197,9342281,C6VG7,NORWEGIAN PEARL,16,GLACIER BAY
2008-07-24T05:36:57,309653000,59.44100167,-135.34592,303.4,2.5,196,9342281,C6VG7,NORWEGIAN PEARL,16,GLACIER BAY
2008-07-24T05:36:53,309653000,59.440985,-135.3458367,305.3,2.5,194,9342281,C6VG7,NORWEGIAN PEARL,16,GLACIER BAY
2008-07-24T05:36:53,309653000,59.440985,-135.3458367,305.3,2.5,194,9342281,C6VG7,NORWEGIAN PEARL,16,GLACIER BAY
2008-07-24T05:36:50,309653000,59.44096833,-135.3457867,304.3,2.5,193,9342281,C6VG7,NORWEGIAN PEARL,16,GLACIER BAY
2008-07-24T05:36:48,309653000,59.44095167,-135.3457367,303.3,2.5,192,9342281,C6VG7,NORWEGIAN PEARL,16,GLACIER BAY
2008-07-24T05:36:46,309653000,59.440935,-135.3457033,304.4,2.5,191,9342281,C6VG7,NORWEGIAN PEARL,16,GLACIER BAY
2008-07-24T05:36:44,309653000,59.44091833,-135.34567,302.6,2.6,190,9342281,C6VG7,NORWEGIAN PEARL,16,GLACIER BAY
2008-07-24T05:36:42,309653000,59.44090167,-135.3456217,301.6,2.6,189,9342281,C6VG7,NORWEGIAN PEARL,16,GLACIER BAY
2008-07-24T05:36:41,309653000,59.44090167,-135.345605,301.6,2.6,189,9342281,C6VG7,NORWEGIAN PEARL,16,GLACIER BAY
2008-07-24T05:36:40,309653000,59.440885,-135.3455883,300.6,2.6,189,9342281,C6VG7,NORWEGIAN PEARL,16,GLACIER BAY
2008-07-24T05:36:37,309653000,59.44086833,-135.3455217,300.6,2.6,187,9342281,C6VG7,NORWEGIAN PEARL,16,GLACIER BAY
2008-07-24T05:36:33,309653000,59.44085167,-135.3454383,299.5,2.5,185,9342281,C6VG7,NORWEGIAN PEARL,16,GLACIER BAY
2008-07-24T05:36:33,309653000,59.44085167,-135.3454383,299.5,2.5,185,9342281,C6VG7,NORWEGIAN PEARL,16,GLACIER BAY
2008-07-24T05:36:31,309653000,59.440835,-135.3454217,299.5,2.5,184,9342281,C6VG7,NORWEGIAN PEARL,16,GLACIER BAY
2008-07-24T05:36:28,309653000,59.44081833,-135.345355,298.5,2.5,182,9342281,C6VG7,NORWEGIAN PEARL,16,GLACIER BAY
2008-07-24T05:36:26,309653000,59.44080167,-135.3452883,297.5,2.5,181,9342281,C6VG7,NORWEGIAN PEARL,16,GLACIER BAY
2008-07-24T05:36:24,309653000,59.440785,-135.3452383,297.6,2.4,180,9342281,C6VG7,NORWEGIAN PEARL,16,GLACIER BAY
2008-07-24T05:36:22,309653000,59.440785,-135.3451883,295.6,2.4,179,9342281,C6VG7,NORWEGIAN PEARL,16,GLACIER BAY
2008-07-24T05:36:21,309653000,59.44076833,-135.3451717,295.6,2.4,178,9342281,C6VG7,NORWEGIAN PEARL,16,GLACIER BAY
2008-07-24T05:36:20,309653000,59.44076833,-135.345155,294.6,2.4,178,9342281,C6VG7,NORWEGIAN PEARL,16,GLACIER BAY
2008-07-24T05:36:17,309653000,59.44075167,-135.3450883,294.8,2.3,176,9342281,C6VG7,NORWEGIAN PEARL,16,GLACIER BAY
2008-07-24T05:36:13,309653000,59.440735,-135.3450217,292.8,2.3,174,9342281,C6VG7,NORWEGIAN PEARL,16,GLACIER BAY
2008-07-24T05:36:13,309653000,59.440735,-135.345005,292.8,2.3,174,9342281,C6VG7,NORWEGIAN PEARL,16,GLACIER BAY
2008-07-24T05:36:11,309653000,59.44071833,-135.344955,292.0,2.2,173,9342281,C6VG7,NORWEGIAN PEARL,16,GLACIER BAY
2008-07-24T05:36:08,309653000,59.44071833,-135.3449217,291.0,2.2,171,9342281,C6VG7,NORWEGIAN PEARL,16,GLACIER BAY
2008-07-24T05:36:06,309653000,59.4407,-135.344855,292.2,2.2,170,9342281,C6VG7,NORWEGIAN PEARL,16,GLACIER BAY
2008-07-24T05:36:04,309653000,59.4407,-135.3448217,290.4,2.1,169,9342281,C6VG7,NORWEGIAN PEARL,16,GLACIER BAY
2008-07-24T05:36:01,309653000,59.44068333,-135.3447717,289.4,2.1,168,9342281,C6VG7,NORWEGIAN PEARL,16,GLACIER BAY
2008-07-24T05:36:01,309653000,59.44068333,-135.344755,290.6,2.2,168,9342281,C6VG7,NORWEGIAN PEARL,16,GLACIER BAY
2008-07-24T05:36:00,309653000,59.44068333,-135.344755,290.6,2.2,167,9342281,C6VG7,NORWEGIAN PEARL,16,GLACIER BAY
2008-07-24T05:35:57,309653000,59.44068333,-135.3446883,288.9,2.0,166,9342281,C6VG7,NORWEGIAN PEARL,16,GLACIER BAY
2008-07-24T05:35:54,309653000,59.44066667,-135.3446217,290.8,2.0,164,9342281,C6VG7,NORWEGIAN PEARL,16,GLACIER BAY
2008-07-24T05:35:52,309653000,59.44066667,-135.3445883,289.8,2.0,163,9342281,C6VG7,NORWEGIAN PEARL,16,GLACIER BAY
2008-07-24T05:35:50,309653000,59.44065,-135.3445533,286.5,1.9,162,9342281,C6VG7,NORWEGIAN PEARL,16,GLACIER BAY
2008-07-24T05:35:48,309653000,59.44065,-135.3445217,287.2,1.9,161,9342281,C6VG7,NORWEGIAN PEARL,16,GLACIER BAY
2008-07-24T05:35:46,309653000,59.44065,-135.344455,288.6,1.9,160,9342281,C6VG7,NORWEGIAN PEARL,16,GLACIER BAY
2008-07-24T05:35:44,309653000,59.44063333,-135.3444217,287.6,1.9,159,9342281,C6VG7,NORWEGIAN PEARL,16,GLACIER BAY
2008-07-24T05:35:42,309653000,59.44063333,-135.3443883,286.6,1.9,158,9342281,C6VG7,NORWEGIAN PEARL,16,GLACIER BAY
2008-07-24T05:35:41,309653000,59.44063333,-135.3443883,286.6,1.9,158,9342281,C6VG7,NORWEGIAN PEARL,16,GLACIER BAY
2008-07-24T05:35:40,309653000,59.44063333,-135.3443717,285.6,1.9,157,9342281,C6VG7,NORWEGIAN PEARL,16,GLACIER BAY
2008-07-24T05:35:37,309653000,59.44061667,-135.3443217,284.6,1.9,156,9342281,C6VG7,NORWEGIAN PEARL,16,GLACIER BAY
2008-07-24T05:35:36,309653000,59.44061667,-135.34427,0.0,0.0,0,9342281,C6VG7,NORWEGIAN PEARL,16,GLACIER BAY
2008-07-24T05:35:34,309653000,59.44061667,-135.34427,282.1,1.8,154,9342281,C6VG7,NORWEGIAN PEARL,16,GLACIER BAY
2008-07-24T05:35:32,309653000,59.44061667,-135.3442367,283.6,1.8,153,9342281,C6VG7,NORWEGIAN PEARL,16,GLACIER BAY
2008-07-24T05:35:30,309653000,59.44061667,-135.3442033,282.6,1.8,152,9342281,C6VG7,NORWEGIAN PEARL,16,GLACIER BAY
2008-07-24T05:35:28,309653000,59.44061667,-135.34417,281.6,1.8,151,9342281,C6VG7,NORWEGIAN PEARL,16,GLACIER BAY
2008-07-24T05:35:25,309653000,59.4406,-135.34412,280.2,1.7,150,9342281,C6VG7,NORWEGIAN PEARL,16,GLACIER BAY
2008-07-24T05:35:24,309653000,59.4406,-135.34407,279.2,1.7,149,9342281,C6VG7,NORWEGIAN PEARL,16,GLACIER BAY
2008-07-24T05:35:22,309653000,59.4406,-135.3440533,279.2,1.7,149,9342281,C6VG7,NORWEGIAN PEARL,16,GLACIER BAY
2008-07-24T05:35:21,309653000,59.4406,-135.3440367,278.2,1.7,148,9342281,C6VG7,NORWEGIAN PEARL,16,GLACIER BAY
2008-07-24T05:35:20,309653000,59.4406,-135.3440367,278.2,1.7,148,9342281,C6VG7,NORWEGIAN PEARL,16,GLACIER BAY
2008-07-24T05:35:17,309653000,59.4406,-135.34397,276.2,1.7,146,9342281,C6VG7,NORWEGIAN PEARL,16,GLACIER BAY
2008-07-24T05:35:14,309653000,59.4406,-135.34392,278.9,1.7,145,9342281,C6VG7,NORWEGIAN PEARL,16,GLACIER BAY
2008-07-24T05:35:12,309653000,59.4406,-135.3438867,278.9,1.6,144,9342281,C6VG7,NORWEGIAN PEARL,16,GLACIER BAY
2008-07-24T05:35:11,309653000,59.4406,-135.34387,280.4,1.6,144,9342281,C6VG7,NORWEGIAN PEARL,16,GLACIER BAY
2008-07-24T05:35:08,309653000,59.44058333,-135.34382,279.4,1.6,142,9342281,C6VG7,NORWEGIAN PEARL,16,GLACIER BAY
2008-07-24T05:35:06,309653000,59.44058333,-135.3438033,281.1,1.6,141,9342281,C6VG7,NORWEGIAN PEARL,16,GLACIER BAY
2008-07-24T05:35:04,309653000,59.44058333,-135.34377,280.1,1.6,141,9342281,C6VG7,NORWEGIAN PEARL,16,GLACIER BAY
2008-07-24T05:35:02,309653000,59.44058333,-135.3437367,282.1,1.5,139,9342281,C6VG7,NORWEGIAN PEARL,16,GLACIER BAY
2008-07-24T05:35:01,309653000,59.44058333,-135.34372,282.1,1.5,139,9342281,C6VG7,NORWEGIAN PEARL,16,GLACIER BAY
2008-07-24T05:35:01,309653000,59.44058333,-135.34372,282.1,1.5,139,9342281,C6VG7,NORWEGIAN PEARL,16,GLACIER BAY
2008-07-24T05:34:57,309653000,59.44058333,-135.3436533,280.1,1.5,138,9342281,C6VG7,NORWEGIAN PEARL,16,GLACIER BAY
2008-07-24T05:34:54,309653000,59.44058333,-135.34362,279.1,1.5,137,9342281,C6VG7,NORWEGIAN PEARL,16,GLACIER BAY
2008-07-24T05:34:52,309653000,59.44058333,-135.3435867,278.1,1.5,136,9342281,C6VG7,NORWEGIAN PEARL,16,GLACIER BAY
2008-07-24T05:34:50,309653000,59.44058333,-135.3435533,277.4,1.6,135,9342281,C6VG7,NORWEGIAN PEARL,16,GLACIER BAY
2008-07-24T05:34:48,309653000,59.44056667,-135.3435367,276.4,1.6,134,9342281,C6VG7,NORWEGIAN PEARL,16,GLACIER BAY
2008-07-24T05:34:45,309653000,59.44056667,-135.3435033,278.3,1.6,133,9342281,C6VG7,NORWEGIAN PEARL,16,GLACIER BAY
2008-07-24T05:34:44,309653000,59.44056667,-135.34347,277.3,1.6,133,9342281,C6VG7,NORWEGIAN PEARL,16,GLACIER BAY
2008-07-24T05:34:41,309653000,59.44056667,-135.3434367,277.3,1.6,132,9342281,C6VG7,NORWEGIAN PEARL,16,GLACIER BAY
2008-07-24T05:34:41,309653000,59.44056667,-135.34342,279.3,1.5,132,9342281,C6VG7,NORWEGIAN PEARL,16,GLACIER BAY
2008-07-24T05:34:41,309653000,59.44056667,-135.34342,279.3,1.5,132,9342281,C6VG7,NORWEGIAN PEARL,16,GLACIER BAY
2008-07-24T05:34:37,309653000,59.44056667,-135.34337,280.2,1.6,130,9342281,C6VG7,NORWEGIAN PEARL,16,GLACIER BAY
2008-07-24T05:34:34,309653000,59.44056667,-135.34332,279.2,1.6,129,9342281,C6VG7,NORWEGIAN PEARL,16,GLACIER BAY
2008-07-24T05:34:32,309653000,59.44056667,-135.3433033,278.2,1.6,128,9342281,C6VG7,NORWEGIAN PEARL,16,GLACIER BAY
2008-07-24T05:34:30,309653000,59.44056667,-135.3432867,278.2,1.6,128,9342281,C6VG7,NORWEGIAN PEARL,16,GLACIER BAY
2008-07-24T05:34:28,309653000,59.44056667,-135.3432533,277.2,1.6,127,9342281,C6VG7,NORWEGIAN PEARL,16,GLACIER BAY
2008-07-24T05:34:27,309653000,59.44056667,-135.3432367,277.2,1.6,127,9342281,C6VG7,NORWEGIAN PEARL,16,GLACIER BAY
2008-07-24T05:34:25,309653000,59.44056667,-135.3432033,276.2,1.6,126,9342281,C6VG7,NORWEGIAN PEARL,16,GLACIER BAY
2008-07-24T05:34:24,309653000,59.44055,-135.3431867,278.4,1.6,126,9342281,C6VG7,NORWEGIAN PEARL,16,GLACIER BAY
2008-07-24T05:34:21,309653000,59.44055,-135.3431367,277.4,1.6,125,9342281,C6VG7,NORWEGIAN PEARL,16,GLACIER BAY
2008-07-24T05:34:19,309653000,59.44055,-135.3431033,277.4,1.6,124,9342281,C6VG7,NORWEGIAN PEARL,16,GLACIER BAY
2008-07-24T05:34:15,309653000,59.44055,-135.3430533,277.9,1.7,123,9342281,C6VG7,NORWEGIAN PEARL,16,GLACIER BAY
2008-07-24T05:34:11,309653000,59.44055,-135.3429867,279.1,1.6,122,9342281,C6VG7,NORWEGIAN PEARL,16,GLACIER BAY
2008-07-24T05:34:08,309653000,59.44055,-135.3429533,279.1,1.6,121,9342281,C6VG7,NORWEGIAN PEARL,16,GLACIER BAY
2008-07-24T05:34:05,309653000,59.44055,-135.342905,279.4,1.7,120,9342281,C6VG7,NORWEGIAN PEARL,16,GLACIER BAY
2008-07-24T05:34:01,309653000,59.44055,-135.3428383,278.4,1.7,119,9342281,C6VG7,NORWEGIAN PEARL,16,GLACIER BAY
2008-07-24T05:33:59,309653000,59.44053333,-135.342805,277.4,1.7,118,9342281,C6VG7,NORWEGIAN PEARL,16,GLACIER BAY
2008-07-24T05:33:55,309653000,59.44053333,-135.342755,277.5,1.8,117,9342281,C6VG7,NORWEGIAN PEARL,16,GLACIER BAY
2008-07-24T05:33:50,309653000,59.44053333,-135.3426883,276.5,1.8,116,9342281,C6VG7,NORWEGIAN PEARL,16,GLACIER BAY
2008-07-24T05:33:48,309653000,59.44053333,-135.342655,276.5,1.8,116,9342281,C6VG7,NORWEGIAN PEARL,16,GLACIER BAY
2008-07-24T05:33:45,309653000,59.44053333,-135.342605,276.5,1.9,115,9342281,C6VG7,NORWEGIAN PEARL,16,GLACIER BAY
2008-07-24T05:33:41,309653000,59.44053333,-135.3425217,278.4,1.9,114,9342281,C6VG7,NORWEGIAN PEARL,16,GLACIER BAY
2008-07-24T05:33:39,309653000,59.44053333,-135.3424883,277.4,1.9,113,9342281,C6VG7,NORWEGIAN PEARL,16,GLACIER BAY
2008-07-24T05:33:35,309653000,59.44053333,-135.3424217,276.4,1.9,112,9342281,C6VG7,NORWEGIAN PEARL,16,GLACIER BAY
2008-07-24T05:33:30,309653000,59.44051667,-135.3423383,273.4,2.0,111,9342281,C6VG7,NORWEGIAN PEARL,16,GLACIER BAY
2008-07-24T05:33:29,309653000,59.44051667,-135.3423217,273.4,2.0,111,9342281,C6VG7,NORWEGIAN PEARL,16,GLACIER BAY
2008-07-24T05:33:26,309653000,59.44051667,-135.3422717,269.7,2.0,110,9342281,C6VG7,NORWEGIAN PEARL,16,GLACIER BAY
2008-07-24T05:33:21,309653000,59.44051667,-135.3421717,269.7,2.1,109,9342281,C6VG7,NORWEGIAN PEARL,16,GLACIER BAY
2008-07-24T05:33:19,309653000,59.44051667,-135.3421383,268.7,2.1,108,9342281,C6VG7,NORWEGIAN PEARL,16,GLACIER BAY
2008-07-24T05:33:15,309653000,59.44051667,-135.3420567,266.1,2.2,107,9342281,C6VG7,NORWEGIAN PEARL,16,GLACIER BAY
2008-07-24T05:33:11,309653000,59.44053333,-135.34199,265.1,2.2,106,9342281,C6VG7,NORWEGIAN PEARL,16,GLACIER BAY
2008-07-24T05:33:09,309653000,59.44053333,-135.34194,266.5,2.2,106,9342281,C6VG7,NORWEGIAN PEARL,16,GLACIER BAY
2008-07-24T05:33:06,309653000,59.44053333,-135.34189,265.5,2.2,105,9342281,C6VG7,NORWEGIAN PEARL,16,GLACIER BAY
2008-07-24T05:33:02,309653000,59.44053333,-135.3418067,263.0,2.3,103,9342281,C6VG7,NORWEGIAN PEARL,16,GLACIER BAY
2008-07-24T05:32:59,309653000,59.44053333,-135.34174,261.1,2.2,103,9342281,C6VG7,NORWEGIAN PEARL,16,GLACIER BAY
2008-07-24T05:32:55,309653000,59.44055,-135.34169,257.8,2.3,101,9342281,C6VG7,NORWEGIAN PEARL,16,GLACIER BAY
2008-07-24T05:32:50,309653000,59.44054833,-135.3415733,256.7,2.4,100,9342281,C6VG7,NORWEGIAN PEARL,16,GLACIER BAY
2008-07-24T05:32:49,309653000,59.440565,-135.34154,256.7,2.4,99,9342281,C6VG7,NORWEGIAN PEARL,16,GLACIER BAY
2008-07-24T05:32:45,309653000,59.440565,-135.34149,258.8,2.4,98,9342281,C6VG7,NORWEGIAN PEARL,16,GLACIER BAY
2008-07-24T05:32:41,309653000,59.44058167,-135.34139,257.8,2.4,97,9342281,C6VG7,NORWEGIAN PEARL,16,GLACIER BAY
2008-07-24T05:32:38,309653000,59.44058167,-135.34134,256.8,2.4,96,9342281,C6VG7,NORWEGIAN PEARL,16,GLACIER BAY
2008-07-24T05:32:35,309653000,59.44059833,-135.3412733,253.6,2.5,95,9342281,C6VG7,NORWEGIAN PEARL,16,GLACIER BAY
2008-07-24T05:32:30,309653000,59.440615,-135.3411733,251.6,2.5,93,9342281,C6VG7,NORWEGIAN PEARL,16,GLACIER BAY
2008-07-24T05:32:29,309653000,59.440615,-135.3411233,250.6,2.5,92,9342281,C6VG7,NORWEGIAN PEARL,16,GLACIER BAY
2008-07-24T05:32:25,309653000,59.44063167,-135.3410567,249.6,2.5,91,9342281,C6VG7,NORWEGIAN PEARL,16,GLACIER BAY
2008-07-24T05:32:21,309653000,59.44064833,-135.3409567,250.5,2.5,90,9342281,C6VG7,NORWEGIAN PEARL,16,GLACIER BAY
2008-07-24T05:32:18,309653000,59.440665,-135.3409067,249.5,2.5,88,9342281,C6VG7,NORWEGIAN PEARL,16,GLACIER BAY
2008-07-24T05:32:15,309653000,59.440665,-135.3408567,248.5,2.5,87,9342281,C6VG7,NORWEGIAN PEARL,16,GLACIER BAY
2008-07-24T05:32:11,309653000,59.44069833,-135.34074,246.5,2.5,86,9342281,C6VG7,NORWEGIAN PEARL,16,GLACIER BAY
2008-07-24T05:32:08,309653000,59.44069833,-135.3407067,246.5,2.5,85,9342281,C6VG7,NORWEGIAN PEARL,16,GLACIER BAY
2008-07-24T05:32:05,309653000,59.440715,-135.34064,246.7,2.5,83,9342281,C6VG7,NORWEGIAN PEARL,16,GLACIER BAY
2008-07-24T05:32:02,309653000,59.44074833,-135.34054,245.7,2.5,82,9342281,C6VG7,NORWEGIAN PEARL,16,GLACIER BAY
2008-07-24T05:31:59,309653000,59.44074833,-135.3404733,244.7,2.5,81,9342281,C6VG7,NORWEGIAN PEARL,16,GLACIER BAY
2008-07-24T05:31:55,309653000,59.440765,-135.3404233,244.3,2.6,80,9342281,C6VG7,NORWEGIAN PEARL,16,GLACIER BAY
2008-07-24T05:31:50,309653000,59.44079833,-135.3403233,242.3,2.6,78,9342281,C6VG7,NORWEGIAN PEARL,16,GLACIER BAY
2008-07-24T05:31:48,309653000,59.440815,-135.3402733,241.3,2.6,77,9342281,C6VG7,NORWEGIAN PEARL,16,GLACIER BAY
2008-07-24T05:31:41,309653000,59.44084833,-135.34014,238.3,2.6,74,9342281,C6VG7,NORWEGIAN PEARL,16,GLACIER BAY
2008-07-24T05:31:39,309653000,59.440865,-135.34009,237.3,2.6,74,9342281,C6VG7,NORWEGIAN PEARL,16,GLACIER BAY
2008-07-24T05:31:35,309653000,59.44089833,-135.3400067,238.5,2.6,72,9342281,C6VG7,NORWEGIAN PEARL,16,GLACIER BAY
2008-07-24T05:31:31,309653000,59.440915,-135.3399233,236.5,2.6,71,9342281,C6VG7,NORWEGIAN PEARL,16,GLACIER BAY
2008-07-24T05:31:28,309653000,59.44094667,-135.3398733,236.0,2.7,70,9342281,C6VG7,NORWEGIAN PEARL,16,GLACIER BAY
2008-07-24T05:31:25,309653000,59.44096333,-135.3398067,237.1,2.6,69,9342281,C6VG7,NORWEGIAN PEARL,16,GLACIER BAY
2008-07-24T05:31:21,309653000,59.44099667,-135.33974,234.4,2.8,67,9342281,C6VG7,NORWEGIAN PEARL,16,GLACIER BAY
2008-07-24T05:31:19,309653000,59.44099667,-135.33969,233.4,2.8,66,9342281,C6VG7,NORWEGIAN PEARL,16,GLACIER BAY
2008-07-24T05:31:14,309653000,59.44104667,-135.33959,229.4,2.8,65,9342281,C6VG7,NORWEGIAN PEARL,16,GLACIER BAY
2008-07-24T05:31:11,309653000,59.44106333,-135.33954,228.9,2.9,64,9342281,C6VG7,NORWEGIAN PEARL,16,GLACIER BAY
2008-07-24T05:31:08,309653000,59.44109667,-135.3394733,229.9,2.9,63,9342281,C6VG7,NORWEGIAN PEARL,16,GLACIER BAY
2008-07-24T05:31:05,309653000,59.44111333,-135.33944,229.3,3.0,62,9342281,C6VG7,NORWEGIAN PEARL,16,GLACIER BAY
2008-07-24T05:31:02,309653000,59.44114667,-135.3393583,228.6,3.1,60,9342281,C6VG7,NORWEGIAN PEARL,16,GLACIER BAY
2008-07-24T05:30:59,309653000,59.44118,-135.3393067,227.6,3.1,59,9342281,C6VG7,NORWEGIAN PEARL,16,GLACIER BAY
2008-07-24T05:30:54,309653000,59.44121333,-135.339225,227.0,3.2,58,9342281,C6VG7,NORWEGIAN PEARL,16,GLACIER BAY
2008-07-24T05:30:52,309653000,59.44124667,-135.3391583,228.1,3.2,57,9342281,C6VG7,NORWEGIAN PEARL,16,GLACIER BAY
2008-07-24T05:30:48,309653000,59.44128,-135.339075,226.3,3.3,56,9342281,C6VG7,NORWEGIAN PEARL,16,GLACIER BAY
2008-07-24T05:30:41,309653000,59.44134667,-135.3389583,227.2,3.4,54,9342281,C6VG7,NORWEGIAN PEARL,16,GLACIER BAY
2008-07-24T05:30:31,309653000,59.44146333,-135.3387417,227.7,3.5,51,9342281,C6VG7,NORWEGIAN PEARL,16,GLACIER BAY
2008-07-24T05:30:21,309653000,59.441595,-135.338475,224.9,3.8,48,9342281,C6VG7,NORWEGIAN PEARL,16,GLACIER BAY
2008-07-24T05:30:11,309653000,59.44171167,-135.33826,223.2,4.1,46,9342281,C6VG7,NORWEGIAN PEARL,16,GLACIER BAY
2008-07-24T05:30:02,309653000,59.44182833,-135.3380433,222.6,4.2,44,9342281,C6VG7,NORWEGIAN PEARL,16,GLACIER BAY
2008-07-24T05:29:52,309653000,59.44197667,-135.3377933,220.7,4.5,42,9342281,C6VG7,NORWEGIAN PEARL,16,GLACIER BAY
2008-07-24T05:29:41,309653000,59.44214333,-135.33751,219.0,4.7,40,9342281,C6VG7,NORWEGIAN PEARL,16,GLACIER BAY
2008-07-24T05:29:34,309653000,59.44231,-135.337245,0.0,0.0,0,9342281,C6VG7,NORWEGIAN PEARL,16,GLACIER BAY
2008-07-24T05:29:31,309653000,59.44231,-135.337245,219.2,4.7,38,9342281,C6VG7,NORWEGIAN PEARL,16,GLACIER BAY
2008-07-24T05:29:21,309653000,59.44247667,-135.3369617,218.1,4.8,37,9342281,C6VG7,NORWEGIAN PEARL,16,GLACIER BAY
2008-07-24T05:29:12,309653000,59.44262667,-135.3367283,218.3,4.8,36,9342281,C6VG7,NORWEGIAN PEARL,16,GLACIER BAY
2008-07-24T05:29:02,309653000,59.44280833,-135.3364433,216.1,4.9,36,9342281,C6VG7,NORWEGIAN PEARL,16,GLACIER BAY
2008-07-24T05:28:52,309653000,59.442975,-135.3362117,216.1,5.0,35,9342281,C6VG7,NORWEGIAN PEARL,16,GLACIER BAY
2008-07-24T05:28:41,309653000,59.443175,-135.3359283,215.1,5.0,34,9342281,C6VG7,NORWEGIAN PEARL,16,GLACIER BAY
2008-07-24T05:28:31,309653000,59.44339167,-135.3356267,213.0,5.0,33,9342281,C6VG7,NORWEGIAN PEARL,16,GLACIER BAY
2008-07-24T05:28:20,309653000,59.44360833,-135.3353617,214.2,5.1,32,9342281,C6VG7,NORWEGIAN PEARL,16,GLACIER BAY
2008-07-24T05:28:12,309653000,59.44375833,-135.3351617,214.2,5.1,32,9342281,C6VG7,NORWEGIAN PEARL,16,GLACIER BAY
2008-07-24T05:28:02,309653000,59.44394167,-135.334895,214.2,5.1,32,9342281,C6VG7,NORWEGIAN PEARL,16,GLACIER BAY
2008-07-24T05:27:52,309653000,59.44414167,-135.3346283,215.3,5.1,32,9342281,C6VG7,NORWEGIAN PEARL,16,GLACIER BAY
2008-07-24T05:27:41,309653000,59.44435833,-135.3343283,214.2,5.1,32,9342281,C6VG7,NORWEGIAN PEARL,16,GLACIER BAY
2008-07-24T05:27:31,309653000,59.44455833,-135.3340617,215.3,5.1,32,9342281,C6VG7,NORWEGIAN PEARL,16,GLACIER BAY
2008-07-24T05:27:20,309653000,59.44474,-135.3337967,215.2,5.3,32,9342281,C6VG7,NORWEGIAN PEARL,16,GLACIER BAY
2008-07-24T05:27:12,309653000,59.44490667,-135.33358,214.1,5.3,32,9342281,C6VG7,NORWEGIAN PEARL,16,GLACIER BAY
2008-07-24T05:27:02,309653000,59.44515667,-135.3332633,215.2,5.3,32,9342281,C6VG7,NORWEGIAN PEARL,16,GLACIER BAY
2008-07-24T05:26:52,309653000,59.44534,-135.3330133,214.1,5.3,32,9342281,C6VG7,NORWEGIAN PEARL,16,GLACIER BAY
2008-07-24T05:26:41,309653000,59.44555667,-135.3327133,214.1,5.3,32,9342281,C6VG7,NORWEGIAN PEARL,16,GLACIER BAY
2008-07-24T05:26:31,309653000,59.44575667,-135.3324467,215.1,5.4,32,9342281,C6VG7,NORWEGIAN PEARL,16,GLACIER BAY
2008-07-24T05:26:20,309653000,59.44599,-135.33213,215.1,5.5,32,9342281,C6VG7,NORWEGIAN PEARL,16,GLACIER BAY
2008-07-24T05:26:12,309653000,59.44615667,-135.331915,215.0,5.6,32,9342281,C6VG7,NORWEGIAN PEARL,16,GLACIER BAY
2008-07-24T05:26:01,309653000,59.44637333,-135.331615,216.0,5.6,32,9342281,C6VG7,NORWEGIAN PEARL,16,GLACIER BAY
2008-07-24T05:25:52,309653000,59.44657333,-135.33133,215.0,5.5,32,9342281,C6VG7,NORWEGIAN PEARL,16,GLACIER BAY
2008-07-24T05:25:41,309653000,59.44679,-135.33103,215.0,5.5,33,9342281,C6VG7,NORWEGIAN PEARL,16,GLACIER BAY
2008-07-24T05:25:31,309653000,59.44699,-135.3307467,215.1,5.4,33,9342281,C6VG7,NORWEGIAN PEARL,16,GLACIER BAY
2008-07-24T05:25:20,309653000,59.44724,-135.3304133,214.1,5.3,32,9342281,C6VG7,NORWEGIAN PEARL,16,GLACIER BAY
2008-07-24T05:25:12,309653000,59.44740667,-135.3302133,214.2,5.2,32,9342281,C6VG7,NORWEGIAN PEARL,16,GLACIER BAY
2008-07-24T05:25:01,309653000,59.44762333,-135.3299133,216.5,5.0,32,9342281,C6VG7,NORWEGIAN PEARL,16,GLACIER BAY
2008-07-24T05:24:52,309653000,59.44779,-135.3296633,217.6,4.9,33,9342281,C6VG7,NORWEGIAN PEARL,16,GLACIER BAY
2008-07-24T05:24:41,309653000,59.44799167,-135.3293633,217.6,4.7,34,9342281,C6VG7,NORWEGIAN PEARL,16,GLACIER BAY
2008-07-24T05:24:31,309653000,59.44815833,-135.3290967,216.4,4.6,34,9342281,C6VG7,NORWEGIAN PEARL,16,GLACIER BAY
2008-07-24T05:24:21,309653000,59.44830833,-135.3288633,218.8,4.5,35,9342281,C6VG7,NORWEGIAN PEARL,16,GLACIER BAY
2008-07-24T05:24:12,309653000,59.448475,-135.32863,218.9,4.4,35,9342281,C6VG7,NORWEGIAN PEARL,16,GLACIER BAY
2008-07-24T05:24:01,309653000,59.44864167,-135.3283617,216.3,4.2,35,9342281,C6VG7,NORWEGIAN PEARL,16,GLACIER BAY
2008-07-24T05:23:52,309653000,59.448775,-135.3281617,218.8,4.0,36,9342281,C6VG7,NORWEGIAN PEARL,16,GLACIER BAY
2008-07-24T05:23:42,309653000,59.44894167,-135.327895,218.9,3.9,36,9342281,C6VG7,NORWEGIAN PEARL,16,GLACIER BAY
2008-07-24T05:23:33,309653000,59.44909333,-135.327645,0.0,0.0,0,9342281,C6VG7,NORWEGIAN PEARL,16,GLACIER BAY
2008-07-24T05:23:31,309653000,59.44909333,-135.327645,220.1,3.6,37,9342281,C6VG7,NORWEGIAN PEARL,16,GLACIER BAY
2008-07-24T05:23:21,309653000,59.44922667,-135.327445,221.8,3.5,37,9342281,C6VG7,NORWEGIAN PEARL,16,GLACIER BAY
2008-07-24T05:23:12,309653000,59.44934333,-135.327245,221.3,3.4,38,9342281,C6VG7,NORWEGIAN PEARL,16,GLACIER BAY
2008-07-24T05:23:01,309653000,59.44947667,-135.3270117,221.4,3.3,38,9342281,C6VG7,NORWEGIAN PEARL,16,GLACIER BAY
2008-07-24T05:22:51,309653000,59.44959333,-135.3268117,222.5,3.2,39,9342281,C6VG7,NORWEGIAN PEARL,16,GLACIER BAY
2008-07-24T05:22:42,309653000,59.44969333,-135.3266433,222.6,3.1,39,9342281,C6VG7,NORWEGIAN PEARL,16,GLACIER BAY
2008-07-24T05:22:32,309653000,59.44979333,-135.326445,225.5,3.1,40,9342281,C6VG7,NORWEGIAN PEARL,16,GLACIER BAY
2008-07-24T05:22:21,309653000,59.44989333,-135.326245,223.6,3.1,40,9342281,C6VG7,NORWEGIAN PEARL,16,GLACIER BAY
2008-07-24T05:22:12,309653000,59.44997667,-135.3260767,221.9,3.0,40,9342281,C6VG7,NORWEGIAN PEARL,16,GLACIER BAY
2008-07-24T05:22:00,309653000,59.45011167,-135.3258433,223.9,2.9,40,9342281,C6VG7,NORWEGIAN PEARL,16,GLACIER BAY
2008-07-24T05:21:51,309653000,59.450195,-135.3256767,223.0,2.8,41,9342281,C6VG7,NORWEGIAN PEARL,16,GLACIER BAY
2008-07-24T05:21:42,309653000,59.45027833,-135.32551,223.1,2.7,41,9342281,C6VG7,NORWEGIAN PEARL,16,GLACIER BAY
2008-07-24T05:21:32,309653000,59.45037833,-135.3253433,227.8,2.5,41,9342281,C6VG7,NORWEGIAN PEARL,16,GLACIER BAY
2008-07-24T05:21:21,309653000,59.450445,-135.325175,225.7,2.4,41,9342281,C6VG7,NORWEGIAN PEARL,16,GLACIER BAY
2008-07-24T05:21:10,309653000,59.450545,-135.3249917,226.9,2.3,42,9342281,C6VG7,NORWEGIAN PEARL,16,GLACIER BAY
2008-07-24T05:21:00,309653000,59.45061333,-135.3248417,227.1,2.2,42,9342281,C6VG7,NORWEGIAN PEARL,16,GLACIER BAY
2008-07-24T05:20:51,309653000,59.45068,-135.3246917,224.8,2.0,42,9342281,C6VG7,NORWEGIAN PEARL,16,GLACIER BAY
2008-07-24T05:20:42,309653000,59.45074667,-135.324575,228.0,1.9,42,9342281,C6VG7,NORWEGIAN PEARL,16,GLACIER BAY
2008-07-24T05:20:32,309653000,59.45079667,-135.3244567,228.7,1.7,42,9342281,C6VG7,NORWEGIAN PEARL,16,GLACIER BAY
2008-07-24T05:20:21,309653000,59.45086333,-135.32434,225.5,1.6,42,9342281,C6VG7,NORWEGIAN PEARL,16,GLACIER BAY
2008-07-24T05:20:10,309653000,59.45093,-135.32419,233.3,1.5,42,9342281,C6VG7,NORWEGIAN PEARL,16,GLACIER BAY
2008-07-24T05:20:00,309653000,59.45096333,-135.32409,230.1,1.4,42,9342281,C6VG7,NORWEGIAN PEARL,16,GLACIER BAY
2008-07-24T05:19:51,309653000,59.451015,-135.32399,231.7,1.3,43,9342281,C6VG7,NORWEGIAN PEARL,16,GLACIER BAY
2008-07-24T05:19:42,309653000,59.45104833,-135.3239217,232.4,1.2,43,9342281,C6VG7,NORWEGIAN PEARL,16,GLACIER BAY
2008-07-24T05:19:32,309653000,59.45108167,-135.3238217,223.0,1.1,43,9342281,C6VG7,NORWEGIAN PEARL,16,GLACIER BAY
2008-07-24T05:19:21,309653000,59.451115,-135.3237533,229.3,0.9,43,9342281,C6VG7,NORWEGIAN PEARL,16,GLACIER BAY
2008-07-24T05:19:10,309653000,59.45114833,-135.32367,223.0,0.8,43,9342281,C6VG7,NORWEGIAN PEARL,16,GLACIER BAY
2008-07-24T05:19:00,309653000,59.45119833,-135.3236183,214.8,0.7,43,9342281,C6VG7,NORWEGIAN PEARL,16,GLACIER BAY
2008-07-24T05:18:51,309653000,59.45123167,-135.32357,223.0,0.6,43,9342281,C6VG7,NORWEGIAN PEARL,16,GLACIER BAY
2008-07-24T05:18:42,309653000,59.45124833,-135.323535,211.6,0.5,43,9342281,C6VG7,NORWEGIAN PEARL,16,GLACIER BAY
2008-07-24T05:18:32,309653000,59.45128167,-135.3235183,223.0,0.4,43,9342281,C6VG7,NORWEGIAN PEARL,16,GLACIER BAY
2008-07-24T05:18:21,309653000,59.4513,-135.3235017,240.4,0.3,42,9342281,C6VG7,NORWEGIAN PEARL,16,GLACIER BAY
2008-07-24T05:18:10,309653000,59.45131667,-135.3234683,223.0,0.2,43,9342281,C6VG7,NORWEGIAN PEARL,16,GLACIER BAY
2008-07-24T05:18:00,309653000,59.45133333,-135.3234517,249.5,0.2,43,9342281,C6VG7,NORWEGIAN PEARL,16,GLACIER BAY
2008-07-24T05:17:51,309653000,59.45133333,-135.3234333,268.0,0.1,43,9342281,C6VG7,NORWEGIAN PEARL,16,GLACIER BAY
2008-07-24T05:17:42,309653000,59.45133333,-135.3234183,268.0,0.1,43,9342281,C6VG7,NORWEGIAN PEARL,16,GLACIER BAY
2008-07-24T05:17:35,309653000,59.451335,-135.3234183,0.0,0.0,0,9342281,C6VG7,NORWEGIAN PEARL,16,GLACIER BAY
2008-07-24T05:17:32,309653000,59.451335,-135.3234183,313.0,0.4,43,9342281,C6VG7,NORWEGIAN PEARL,16,GLACIER BAY
2008-07-24T05:17:21,309653000,59.45131667,-135.3233833,313.0,0.1,43,9342281,C6VG7,NORWEGIAN PEARL,16,GLACIER BAY
2008-07-24T05:17:11,309653000,59.4513,-135.3233667,313.0,0.1,43,9342281,C6VG7,NORWEGIAN PEARL,16,GLACIER BAY
2008-07-24T05:17:00,309653000,59.45128333,-135.3233667,43.0,0.0,43,9342281,C6VG7,NORWEGIAN PEARL,16,GLACIER BAY
2008-07-24T05:16:51,309653000,59.45126667,-135.3233667,133.0,0.1,43,9342281,C6VG7,NORWEGIAN PEARL,16,GLACIER BAY
2008-07-24T05:16:42,309653000,59.45126667,-135.3233667,43.0,0.0,43,9342281,C6VG7,NORWEGIAN PEARL,16,GLACIER BAY
2008-07-24T05:16:32,309653000,59.45126667,-135.3233667,43.0,0.0,43,9342281,C6VG7,NORWEGIAN PEARL,16,GLACIER BAY
2008-07-24T05:16:21,309653000,59.45126667,-135.3233667,43.0,0.0,43,9342281,C6VG7,NORWEGIAN PEARL,16,GLACIER BAY
2008-07-24T05:16:10,309653000,59.45126667,-135.3233833,43.0,0.0,43,9342281,C6VG7,NORWEGIAN PEARL,16,GLACIER BAY
2008-07-24T05:15:59,309653000,59.45126667,-135.3234,0.0,0.0,0,9342281,C6VG7,NORWEGIAN PEARL,16,GLACIER BAY
2008-07-24T05:13:00,309653000,59.45126667,-135.3234,43.0,0.0,43,9342281,C6VG7,NORWEGIAN PEARL,16,GLACIER BAY
2008-07-24T05:10:54,309653000,59.45125,-135.3234333,0.0,0.0,0,9342281,C6VG7,NORWEGIAN PEARL,16,GLACIER BAY
2008-07-24T05:09:56,309653000,59.45125,-135.3234333,43.0,0.0,43,9342281,C6VG7,NORWEGIAN PEARL,16,GLACIER BAY
2008-07-24T05:06:56,309653000,59.45125,-135.3234167,43.0,0.0,43,9342281,C6VG7,NORWEGIAN PEARL,16,GLACIER BAY
2008-07-24T05:04:56,309653000,59.45126667,-135.3234,0.0,0.0,0,9342281,C6VG7,NORWEGIAN PEARL,16,GLACIER BAY
2008-07-24T05:03:56,309653000,59.45126667,-135.3234,43.0,0.0,43,9342281,C6VG7,NORWEGIAN PEARL,16,GLACIER BAY
2008-07-24T05:00:52,309653000,59.45125,-135.3234333,43.0,0.0,43,9342281,C6VG7,NORWEGIAN PEARL,16,GLACIER BAY
2008-07-24T04:58:54,309653000,59.45125,-135.3234333,0.0,0.0,0,9342281,C6VG7,NORWEGIAN PEARL,16,GLACIER BAY
2008-07-24T04:57:53,309653000,59.45125,-135.3234333,43.0,0.0,43,9342281,C6VG7,NORWEGIAN PEARL,16,GLACIER BAY
2008-07-24T04:54:49,309653000,59.45126667,-135.3234333,43.0,0.0,43,9342281,C6VG7,NORWEGIAN PEARL,16,GLACIER BAY
2008-07-24T04:52:52,309653000,59.45126667,-135.3234,0.0,0.0,0,9342281,C6VG7,NORWEGIAN PEARL,16,GLACIER BAY
2008-07-24T04:51:50,309653000,59.45126667,-135.3234,43.0,0.0,43,9342281,C6VG7,NORWEGIAN PEARL,16,GLACIER BAY
2008-07-24T04:48:47,309653000,59.45126667,-135.3234,43.0,0.0,43,9342281,C6VG7,NORWEGIAN PEARL,16,GLACIER BAY
2008-07-24T04:46:52,309653000,59.45125,-135.3234167,0.0,0.0,0,9342281,C6VG7,NORWEGIAN PEARL,16,GLACIER BAY
2008-07-24T04:45:46,309653000,59.45125,-135.3234167,358.0,0.1,43,9342281,C6VG7,NORWEGIAN PEARL,16,GLACIER BAY
2008-07-24T04:42:44,309653000,59.45125,-135.3234167,43.0,0.0,43,9342281,C6VG7,NORWEGIAN PEARL,16,GLACIER BAY
2008-07-24T04:40:53,309653000,59.45125,-135.3234167,0.0,0.0,0,9342281,C6VG7,NORWEGIAN PEARL,16,GLACIER BAY
2008-07-24T04:39:46,309653000,59.45125,-135.3234167,358.0,0.1,43,9342281,C6VG7,NORWEGIAN PEARL,16,GLACIER BAY
2008-07-24T04:36:44,309653000,59.45123333,-135.3234333,43.0,0.0,43,9342281,C6VG7,NORWEGIAN PEARL,16,GLACIER BAY
2008-07-24T04:34:52,309653000,59.45125,-135.3234333,0.0,0.0,0,9342281,C6VG7,NORWEGIAN PEARL,16,GLACIER BAY
2008-07-24T04:33:43,309653000,59.45125,-135.3234333,43.0,0.0,43,9342281,C6VG7,NORWEGIAN PEARL,16,GLACIER BAY
2008-07-24T04:30:39,309653000,59.45125,-135.3233667,43.0,0.0,43,9342281,C6VG7,NORWEGIAN PEARL,16,GLACIER BAY
2008-07-24T04:28:53,309653000,59.45121667,-135.3234333,0.0,0.0,0,9342281,C6VG7,NORWEGIAN PEARL,16,GLACIER BAY
2008-07-24T04:27:41,309653000,59.45121667,-135.3234333,43.0,0.0,43,9342281,C6VG7,NORWEGIAN PEARL,16,GLACIER BAY
2008-07-24T04:24:38,309653000,59.45123333,-135.3234167,43.0,0.0,43,9342281,C6VG7,NORWEGIAN PEARL,16,GLACIER BAY
2008-07-24T04:22:52,309653000,59.45125,-135.3234,0.0,0.0,0,9342281,C6VG7,NORWEGIAN PEARL,16,GLACIER BAY
2008-07-24T04:21:37,309653000,59.45125,-135.3234,43.0,0.0,43,9342281,C6VG7,NORWEGIAN PEARL,16,GLACIER BAY
2008-07-24T04:18:35,309653000,59.45126667,-135.3234,43.0,0.0,43,9342281,C6VG7,NORWEGIAN PEARL,16,GLACIER BAY
2008-07-24T04:16:53,309653000,59.45126667,-135.3234333,0.0,0.0,0,9342281,C6VG7,NORWEGIAN PEARL,16,GLACIER BAY
2008-07-24T04:15:34,309653000,59.45126667,-135.3234333,223.0,0.1,43,9342281,C6VG7,NORWEGIAN PEARL,16,GLACIER BAY
2008-07-24T04:12:32,309653000,59.45125,-135.3234333,43.0,0.0,43,9342281,C6VG7,NORWEGIAN PEARL,16,GLACIER BAY
2008-07-24T04:10:49,309653000,59.45123333,-135.3234333,0.0,0.0,0,9342281,C6VG7,NORWEGIAN PEARL,16,GLACIER BAY
2008-07-24T04:09:30,309653000,59.45123333,-135.3234333,313.0,0.1,43,9342281,C6VG7,NORWEGIAN PEARL,16,GLACIER BAY
2008-07-24T04:06:28,309653000,59.45123333,-135.3234333,43.0,0.0,43,9342281,C6VG7,NORWEGIAN PEARL,16,GLACIER BAY
2008-07-24T04:04:49,309653000,59.45121667,-135.3234333,0.0,0.0,0,9342281,C6VG7,NORWEGIAN PEARL,16,GLACIER BAY
2008-07-24T04:03:31,309653000,59.45121667,-135.3234333,43.0,0.0,43,9342281,C6VG7,NORWEGIAN PEARL,16,GLACIER BAY
2008-07-24T04:00:25,309653000,59.45121667,-135.3234,43.0,0.0,43,9342281,C6VG7,NORWEGIAN PEARL,16,GLACIER BAY
2008-07-24T03:58:49,309653000,59.45121667,-135.3234333,0.0,0.0,0,9342281,C6VG7,NORWEGIAN PEARL,16,GLACIER BAY
2008-07-24T03:57:28,309653000,59.45121667,-135.3234333,43.0,0.0,43,9342281,C6VG7,NORWEGIAN PEARL,16,GLACIER BAY
2008-07-24T03:56:24,309653000,59.45123333,-135.3234333,43.0,0.0,43,9342281,C6VG7,NORWEGIAN PEARL,16,GLACIER BAY
2008-07-24T03:54:26,309653000,59.45123333,-135.3234167,223.0,0.1,43,9342281,C6VG7,NORWEGIAN PEARL,16,GLACIER BAY
2008-07-24T03:52:49,309653000,59.45125,-135.3233667,0.0,0.0,0,9342281,C6VG7,NORWEGIAN PEARL,16,GLACIER BAY
2008-07-24T03:48:22,309653000,59.45125,-135.3233667,43.0,0.0,43,9342281,C6VG7,NORWEGIAN PEARL,16,GLACIER BAY
2008-07-24T03:46:47,309653000,59.45123333,-135.3233833,0.0,0.0,0,9342281,C6VG7,NORWEGIAN PEARL,16,GLACIER BAY
2008-07-24T03:45:21,309653000,59.45123333,-135.3233833,43.0,0.0,43,9342281,C6VG7,NORWEGIAN PEARL,16,GLACIER BAY
2008-07-24T03:42:20,309653000,59.45125,-135.3234167,43.0,0.0,43,9342281,C6VG7,NORWEGIAN PEARL,16,GLACIER BAY
2008-07-24T03:40:45,309653000,59.45125,-135.32345,0.0,0.0,0,9342281,C6VG7,NORWEGIAN PEARL,16,GLACIER BAY
2008-07-24T03:39:19,309653000,59.45125,-135.32345,43.0,0.1,43,9342281,C6VG7,NORWEGIAN PEARL,16,GLACIER BAY
2008-07-24T03:36:18,309653000,59.45125,-135.3234167,43.0,0.0,43,9342281,C6VG7,NORWEGIAN PEARL,16,GLACIER BAY
2008-07-24T03:34:44,309653000,59.45125,-135.3234,0.0,0.0,0,9342281,C6VG7,NORWEGIAN PEARL,16,GLACIER BAY
2008-07-24T03:33:16,309653000,59.45125,-135.3234,43.0,0.0,43,9342281,C6VG7,NORWEGIAN PEARL,16,GLACIER BAY
2008-07-24T03:30:13,309653000,59.45121667,-135.3234333,43.0,0.0,43,9342281,C6VG7,NORWEGIAN PEARL,16,GLACIER BAY
2008-07-24T03:29:13,309653000,59.45125,-135.3234,0.0,0.0,0,9342281,C6VG7,NORWEGIAN PEARL,16,GLACIER BAY
2008-07-24T03:28:45,309653000,59.45125,-135.3234,0.0,0.0,0,9342281,C6VG7,NORWEGIAN PEARL,16,GLACIER BAY
2008-07-24T03:27:13,309653000,59.45125,-135.3234,43.0,0.0,43,9342281,C6VG7,NORWEGIAN PEARL,16,GLACIER BAY
2008-07-24T03:26:13,309653000,59.45123333,-135.3234167,0.0,0.0,0,9342281,C6VG7,NORWEGIAN PEARL,16,GLACIER BAY
2008-07-24T03:26:01,309653000,59.45123333,-135.3234167,0.0,0.0,0,9342281,C6VG7,NORWEGIAN PEARL,16,GLACIER BAY
2008-07-24T03:24:13,309653000,59.45123333,-135.3234167,43.0,0.0,43,9342281,C6VG7,NORWEGIAN PEARL,16,SKAGWAY
2008-07-24T03:21:10,309653000,59.45123333,-135.3234167,43.0,0.0,43,9342281,C6VG7,NORWEGIAN PEARL,16,SKAGWAY
2008-07-24T03:18:09,309653000,59.45125,-135.3234167,43.0,0.0,43,9342281,C6VG7,NORWEGIAN PEARL,16,SKAGWAY
2008-07-24T03:16:25,309653000,59.45125,-135.3234167,0.0,0.0,0,9342281,C6VG7,NORWEGIAN PEARL,16,SKAGWAY
2008-07-24T03:15:06,309653000,59.45125,-135.3234167,43.0,0.0,43,9342281,C6VG7,NORWEGIAN PEARL,16,SKAGWAY
2008-07-24T03:12:07,309653000,59.45125,-135.3234,358.0,0.1,43,9342281,C6VG7,NORWEGIAN PEARL,16,SKAGWAY
2008-07-24T03:10:25,309653000,59.45125,-135.3234167,0.0,0.0,0,9342281,C6VG7,NORWEGIAN PEARL,16,SKAGWAY
2008-07-24T03:09:04,309653000,59.45125,-135.3234167,43.0,0.0,43,9342281,C6VG7,NORWEGIAN PEARL,16,SKAGWAY
2008-07-24T03:06:03,309653000,59.45125,-135.3234,43.0,0.0,43,9342281,C6VG7,NORWEGIAN PEARL,16,SKAGWAY
2008-07-24T03:04:26,309653000,59.45123333,-135.3234167,0.0,0.0,0,9342281,C6VG7,NORWEGIAN PEARL,16,SKAGWAY
2008-07-24T03:03:03,309653000,59.45123333,-135.3234167,43.0,0.1,43,9342281,C6VG7,NORWEGIAN PEARL,16,SKAGWAY
2008-07-24T03:00:02,309653000,59.45123333,-135.3234167,43.0,0.0,43,9342281,C6VG7,NORWEGIAN PEARL,16,SKAGWAY
2008-07-24T02:58:24,309653000,59.45123333,-135.3234167,0.0,0.0,0,9342281,C6VG7,NORWEGIAN PEARL,16,SKAGWAY
2008-07-24T02:57:00,309653000,59.45123333,-135.3234167,43.0,0.0,43,9342281,C6VG7,NORWEGIAN PEARL,16,SKAGWAY
2008-07-24T02:54:00,309653000,59.45121667,-135.3234,43.0,0.0,43,9342281,C6VG7,NORWEGIAN PEARL,16,SKAGWAY
2008-07-24T02:52:22,309653000,59.45121667,-135.3234167,0.0,0.0,0,9342281,C6VG7,NORWEGIAN PEARL,16,SKAGWAY
2008-07-24T02:50:59,309653000,59.45121667,-135.3234167,43.0,0.0,43,9342281,C6VG7,NORWEGIAN PEARL,16,SKAGWAY
2008-07-24T02:47:57,309653000,59.45123333,-135.3234,43.0,0.0,43,9342281,C6VG7,NORWEGIAN PEARL,16,SKAGWAY
2008-07-24T02:46:21,309653000,59.4512,-135.3234,0.0,0.0,0,9342281,C6VG7,NORWEGIAN PEARL,16,SKAGWAY
2008-07-24T02:44:57,309653000,59.4512,-135.3234,43.0,0.0,43,9342281,C6VG7,NORWEGIAN PEARL,16,SKAGWAY
2008-07-24T02:41:55,309653000,59.45121667,-135.3234167,43.0,0.0,43,9342281,C6VG7,NORWEGIAN PEARL,16,SKAGWAY
2008-07-24T02:40:22,309653000,59.45123333,-135.3234167,0.0,0.0,0,9342281,C6VG7,NORWEGIAN PEARL,16,SKAGWAY
2008-07-24T02:38:51,309653000,59.45123333,-135.3234167,43.0,0.0,43,9342281,C6VG7,NORWEGIAN PEARL,16,SKAGWAY
2008-07-24T02:35:50,309653000,59.45121667,-135.3234,43.0,0.0,43,9342281,C6VG7,NORWEGIAN PEARL,16,SKAGWAY
2008-07-24T02:35:32,309653000,59.45123333,-135.3234,0.0,0.0,0,9342281,C6VG7,NORWEGIAN PEARL,16,SKAGWAY
2008-07-24T02:32:49,309653000,59.45123333,-135.3234,43.0,0.0,43,9342281,C6VG7,NORWEGIAN PEARL,16,SKAGWAY
2008-07-24T02:29:49,309653000,59.45125,-135.3234167,43.0,0.0,43,9342281,C6VG7,NORWEGIAN PEARL,16,SKAGWAY
2008-07-24T02:28:22,309653000,59.45123333,-135.3234167,0.0,0.0,0,9342281,C6VG7,NORWEGIAN PEARL,16,SKAGWAY
2008-07-24T02:26:46,309653000,59.45123333,-135.3234167,43.0,0.0,43,9342281,C6VG7,NORWEGIAN PEARL,16,SKAGWAY
2008-07-24T02:23:46,309653000,59.45123333,-135.3234167,43.0,0.0,43,9342281,C6VG7,NORWEGIAN PEARL,16,SKAGWAY
2008-07-24T02:22:19,309653000,59.45125,-135.3234167,0.0,0.0,0,9342281,C6VG7,NORWEGIAN PEARL,16,SKAGWAY
2008-07-24T02:20:45,309653000,59.45125,-135.3234167,43.0,0.0,43,9342281,C6VG7,NORWEGIAN PEARL,16,SKAGWAY
2008-07-24T02:17:41,309653000,59.45125,-135.3234167,43.0,0.0,43,9342281,C6VG7,NORWEGIAN PEARL,16,SKAGWAY
2008-07-24T02:16:20,309653000,59.45123333,-135.3234333,0.0,0.0,0,9342281,C6VG7,NORWEGIAN PEARL,16,SKAGWAY
2008-07-24T02:14:40,309653000,59.45123333,-135.3234333,43.0,0.0,43,9342281,C6VG7,NORWEGIAN PEARL,16,SKAGWAY
2008-07-24T02:11:41,309653000,59.45125,-135.3234333,43.0,0.0,43,9342281,C6VG7,NORWEGIAN PEARL,16,SKAGWAY
2008-07-24T02:10:20,309653000,59.45125,-135.3234167,0.0,0.0,0,9342281,C6VG7,NORWEGIAN PEARL,16,SKAGWAY
2008-07-24T02:08:39,309653000,59.45125,-135.3234167,313.0,0.1,43,9342281,C6VG7,NORWEGIAN PEARL,16,SKAGWAY
2008-07-24T02:05:37,309653000,59.45123333,-135.3234333,43.0,0.0,43,9342281,C6VG7,NORWEGIAN PEARL,16,SKAGWAY
2008-07-24T02:04:21,309653000,59.45123333,-135.32345,0.0,0.0,0,9342281,C6VG7,NORWEGIAN PEARL,16,SKAGWAY
2008-07-24T02:02:37,309653000,59.45123333,-135.32345,43.0,0.0,43,9342281,C6VG7,NORWEGIAN PEARL,16,SKAGWAY
2008-07-24T01:59:34,309653000,59.45123333,-135.32345,43.0,0.0,43,9342281,C6VG7,NORWEGIAN PEARL,16,SKAGWAY
2008-07-24T01:58:15,309653000,59.45123333,-135.3234167,0.0,0.0,0,9342281,C6VG7,NORWEGIAN PEARL,16,SKAGWAY
2008-07-24T01:56:33,309653000,59.45123333,-135.3234167,43.0,0.0,43,9342281,C6VG7,NORWEGIAN PEARL,16,SKAGWAY
2008-07-24T01:53:33,309653000,59.45125,-135.3234167,43.0,0.0,43,9342281,C6VG7,NORWEGIAN PEARL,16,SKAGWAY
2008-07-24T01:52:16,309653000,59.45125,-135.3234167,0.0,0.0,0,9342281,C6VG7,NORWEGIAN PEARL,16,SKAGWAY
2008-07-24T01:50:30,309653000,59.45125,-135.3234167,43.0,0.0,43,9342281,C6VG7,NORWEGIAN PEARL,16,SKAGWAY
2008-07-24T01:47:30,309653000,59.45125,-135.3234167,43.0,0.0,43,9342281,C6VG7,NORWEGIAN PEARL,16,SKAGWAY
2008-07-24T01:46:20,309653000,59.45125,-135.3234167,0.0,0.0,0,9342281,C6VG7,NORWEGIAN PEARL,16,SKAGWAY
2008-07-24T01:44:29,309653000,59.45125,-135.3234167,43.0,0.0,43,9342281,C6VG7,NORWEGIAN PEARL,16,SKAGWAY
2008-07-24T01:41:28,309653000,59.45125,-135.3234,43.0,0.0,43,9342281,C6VG7,NORWEGIAN PEARL,16,SKAGWAY
2008-07-24T01:40:17,309653000,59.45125,-135.3234,0.0,0.0,0,9342281,C6VG7,NORWEGIAN PEARL,16,SKAGWAY
2008-07-24T01:38:27,309653000,59.45125,-135.3234,43.0,0.0,43,9342281,C6VG7,NORWEGIAN PEARL,16,SKAGWAY
2008-07-24T01:35:26,309653000,59.45126667,-135.3233833,43.0,0.0,43,9342281,C6VG7,NORWEGIAN PEARL,16,SKAGWAY
2008-07-24T01:34:15,309653000,59.45128333,-135.3233667,0.0,0.0,0,9342281,C6VG7,NORWEGIAN PEARL,16,SKAGWAY
2008-07-24T01:32:23,309653000,59.45128333,-135.3233667,43.0,0.0,43,9342281,C6VG7,NORWEGIAN PEARL,16,SKAGWAY
2008-07-24T01:29:22,309653000,59.45126667,-135.3233667,43.0,0.0,43,9342281,C6VG7,NORWEGIAN PEARL,16,SKAGWAY
2008-07-24T01:28:17,309653000,59.45126667,-135.3233333,0.0,0.0,0,9342281,C6VG7,NORWEGIAN PEARL,16,SKAGWAY
2008-07-24T01:26:20,309653000,59.45126667,-135.3233333,43.0,0.0,43,9342281,C6VG7,NORWEGIAN PEARL,16,SKAGWAY
2008-07-24T01:23:20,309653000,59.45123333,-135.3234,43.0,0.0,43,9342281,C6VG7,NORWEGIAN PEARL,16,SKAGWAY
2008-07-24T01:22:15,309653000,59.45121667,-135.3234167,0.0,0.0,0,9342281,C6VG7,NORWEGIAN PEARL,16,SKAGWAY
2008-07-24T01:20:18,309653000,59.45121667,-135.3234167,43.0,0.0,43,9342281,C6VG7,NORWEGIAN PEARL,16,SKAGWAY
2008-07-24T01:17:18,309653000,59.45123333,-135.3234,43.0,0.0,43,9342281,C6VG7,NORWEGIAN PEARL,16,SKAGWAY
2008-07-24T01:16:12,309653000,59.45123333,-135.3234,0.0,0.0,0,9342281,C6VG7,NORWEGIAN PEARL,16,SKAGWAY
2008-07-24T01:14:14,309653000,59.45123333,-135.3234,43.0,0.0,43,9342281,C6VG7,NORWEGIAN PEARL,16,SKAGWAY
2008-07-24T01:11:16,309653000,59.45123333,-135.3234,43.0,0.0,43,9342281,C6VG7,NORWEGIAN PEARL,16,SKAGWAY
2008-07-24T01:10:16,309653000,59.45123333,-135.3233833,0.0,0.0,0,9342281,C6VG7,NORWEGIAN PEARL,16,SKAGWAY
2008-07-24T01:08:14,309653000,59.45123333,-135.3233833,43.0,0.0,43,9342281,C6VG7,NORWEGIAN PEARL,16,SKAGWAY
2008-07-24T01:05:12,309653000,59.45121667,-135.3233833,43.0,0.0,43,9342281,C6VG7,NORWEGIAN PEARL,16,SKAGWAY
2008-07-24T01:04:13,309653000,59.45123333,-135.3234,0.0,0.0,0,9342281,C6VG7,NORWEGIAN PEARL,16,SKAGWAY
2008-07-24T01:02:12,309653000,59.45123333,-135.3234,43.0,0.0,43,9342281,C6VG7,NORWEGIAN PEARL,16,SKAGWAY
2008-07-24T00:59:10,309653000,59.45121667,-135.3234,43.0,0.0,43,9342281,C6VG7,NORWEGIAN PEARL,16,SKAGWAY
2008-07-24T00:58:15,309653000,59.45123333,-135.3234167,0.0,0.0,0,9342281,C6VG7,NORWEGIAN PEARL,16,SKAGWAY
2008-07-24T00:56:09,309653000,59.45123333,-135.3234167,43.0,0.0,43,9342281,C6VG7,NORWEGIAN PEARL,16,SKAGWAY
2008-07-24T00:53:04,309653000,59.45123333,-135.3234333,43.0,0.0,43,9342281,C6VG7,NORWEGIAN PEARL,16,SKAGWAY
2008-07-24T00:52:14,309653000,59.45123333,-135.32345,0.0,0.0,0,9342281,C6VG7,NORWEGIAN PEARL,16,SKAGWAY
2008-07-24T00:50:07,309653000,59.45123333,-135.32345,43.0,0.0,43,9342281,C6VG7,NORWEGIAN PEARL,16,SKAGWAY
2008-07-24T00:47:02,309653000,59.45123333,-135.32345,43.0,0.0,43,9342281,C6VG7,NORWEGIAN PEARL,16,SKAGWAY
2008-07-24T00:46:11,309653000,59.45123333,-135.3234167,0.0,0.0,0,9342281,C6VG7,NORWEGIAN PEARL,16,SKAGWAY
2008-07-24T00:44:02,309653000,59.45123333,-135.3234167,43.0,0.0,43,9342281,C6VG7,NORWEGIAN PEARL,16,SKAGWAY
2008-07-24T00:41:01,309653000,59.45123333,-135.3234333,43.0,0.0,43,9342281,C6VG7,NORWEGIAN PEARL,16,SKAGWAY
2008-07-24T00:40:10,309653000,59.45123333,-135.3234333,0.0,0.0,0,9342281,C6VG7,NORWEGIAN PEARL,16,SKAGWAY
2008-07-24T00:38:00,309653000,59.45123333,-135.3234333,43.0,0.0,43,9342281,C6VG7,NORWEGIAN PEARL,16,SKAGWAY
2008-07-24T00:34:59,309653000,59.45123333,-135.3234333,223.0,0.1,43,9342281,C6VG7,NORWEGIAN PEARL,16,SKAGWAY
2008-07-24T00:34:11,309653000,59.45123333,-135.3234167,0.0,0.0,0,9342281,C6VG7,NORWEGIAN PEARL,16,SKAGWAY
2008-07-24T00:31:58,309653000,59.45123333,-135.3234167,43.0,0.0,43,9342281,C6VG7,NORWEGIAN PEARL,16,SKAGWAY
2008-07-24T00:28:54,309653000,59.45123333,-135.3234167,43.0,0.0,43,9342281,C6VG7,NORWEGIAN PEARL,16,SKAGWAY
2008-07-24T00:28:12,309653000,59.45125,-135.3234333,0.0,0.0,0,9342281,C6VG7,NORWEGIAN PEARL,16,SKAGWAY
2008-07-24T00:25:55,309653000,59.45125,-135.3234333,43.0,0.0,43,9342281,C6VG7,NORWEGIAN PEARL,16,SKAGWAY
2008-07-24T00:22:54,309653000,59.45123333,-135.32345,43.0,0.0,43,9342281,C6VG7,NORWEGIAN PEARL,16,SKAGWAY
2008-07-24T00:22:10,309653000,59.4512,-135.3234667,0.0,0.0,0,9342281,C6VG7,NORWEGIAN PEARL,16,SKAGWAY
2008-07-24T00:19:53,309653000,59.4512,-135.3234667,43.0,0.0,43,9342281,C6VG7,NORWEGIAN PEARL,16,SKAGWAY
2008-07-24T00:19:32,309653000,59.45121667,-135.3235167,0.0,0.0,0,9342281,C6VG7,NORWEGIAN PEARL,16,SKAGWAY
2008-07-24T00:16:49,309653000,59.45121667,-135.3235167,43.0,0.0,43,9342281,C6VG7,NORWEGIAN PEARL,16,SKAGWAY
2008-07-24T00:13:51,309653000,59.45121667,-135.3234833,43.0,0.0,43,9342281,C6VG7,NORWEGIAN PEARL,16,SKAGWAY
2008-07-24T00:10:48,309653000,59.45121667,-135.3234833,43.0,0.0,43,9342281,C6VG7,NORWEGIAN PEARL,16,SKAGWAY
2008-07-24T00:10:11,309653000,59.45121667,-135.3234167,0.0,0.0,0,9342281,C6VG7,NORWEGIAN PEARL,16,SKAGWAY
2008-07-24T00:07:47,309653000,59.45121667,-135.3234167,43.0,0.0,43,9342281,C6VG7,NORWEGIAN PEARL,16,SKAGWAY
2008-07-24T00:06:45,309653000,59.45121667,-135.3234333,43.0,0.0,43,9342281,C6VG7,NORWEGIAN PEARL,16,SKAGWAY
2008-07-24T00:04:46,309653000,59.45121667,-135.3234833,43.0,0.0,43,9342281,C6VG7,NORWEGIAN PEARL,16,SKAGWAY
2008-07-24T00:04:06,309653000,55.32226,-131.6131367,0.0,0.0,0,9342281,C6VG7,NORWEGIAN PEARL,16,SKAGWAY
