bs_ts,mmsi,name,destination,lat,lon,heading,cog,sog,nav_status,imo,callsign
2008-07-13T23:42:15,310505000,TAHITIAN-PRINCESS,GLACIER BAY,59.0358333,-137.0355,511,360,102.3,15,9187899,ZCDS4
2008-07-13T23:11:01,310505000,TAHITIAN-PRINCESS,GLACIER BAY,59.035,-137.035,511,360,102.3,15,9187899,ZCDS4
2008-07-13T20:44:42,310505000,TAHITIAN-PRINCESS,GLACIER BAY,58.7516667,-136.319333,511,360,102.3,15,9187899,ZCDS4
2008-07-13T19:54:27,310505000,TAHITIAN-PRINCESS,GLACIER BAY,58.609235,-136.07827,324,326,13.2,0,9187899,ZCDS4
2008-07-13T19:53:08,310505000,TAHITIAN-PRINCESS,GLACIER BAY,58.60524667,-136.0733783,332,335,13.0,0,9187899,ZCDS4
2008-07-13T19:52:57,310505000,TAHITIAN-PRINCESS,GLACIER BAY,58.60460333,-136.072735,334,336,13.0,0,9187899,ZCDS4
2008-07-13T19:52:47,310505000,TAHITIAN-PRINCESS,GLACIER BAY,58.60411833,-136.0722683,335,337,13.0,0,9187899,ZCDS4
2008-07-13T19:52:18,310505000,TAHITIAN-PRINCESS,GLACIER BAY,58.60247,-136.070835,338,340,13.0,0,9187899,ZCDS4
2008-07-13T19:52:09,310505000,TAHITIAN-PRINCESS,GLACIER BAY,58.60191333,-136.0703933,339,341,13.0,0,9187899,ZCDS4
2008-07-13T19:51:48,310505000,TAHITIAN-PRINCESS,GLACIER BAY,58.60079167,-136.069555,341,343,13.0,0,9187899,ZCDS4
2008-07-13T19:51:37,310505000,TAHITIAN-PRINCESS,GLACIER BAY,58.60022833,-136.0691633,342,344,12.9,0,9187899,ZCDS4
2008-07-13T19:49:47,310505000,TAHITIAN-PRINCESS,GLACIER BAY,58.59383,-136.066295,354,356,12.9,0,9187899,ZCDS4
2008-07-13T19:48:48,310505000,TAHITIAN-PRINCESS,GLACIER BAY,58.59030333,-136.0658883,358,0,12.9,0,9187899,ZCDS4
2008-07-13T19:48:27,310505000,TAHITIAN-PRINCESS,GLACIER BAY,58.58904833,-136.0658817,358,359,13.0,0,9187899,ZCDS4
2008-07-13T19:47:57,310505000,TAHITIAN-PRINCESS,GLACIER BAY,58.58725333,-136.0658267,358,359,13.0,0,9187899,ZCDS4
2008-07-13T19:47:48,310505000,TAHITIAN-PRINCESS,GLACIER BAY,58.586715,-136.065815,358,359,13.0,0,9187899,ZCDS4
2008-07-13T19:47:08,310505000,TAHITIAN-PRINCESS,GLACIER BAY,58.58432167,-136.06576,358,359,13.0,0,9187899,ZCDS4
2008-07-13T19:46:38,310505000,TAHITIAN-PRINCESS,GLACIER BAY,58.58246833,-136.0656917,358,359,12.9,0,9187899,ZCDS4
2008-07-13T19:45:48,310505000,TAHITIAN-PRINCESS,GLACIER BAY,58.57953833,-136.0655867,359,359,12.9,0,9187899,ZCDS4
2008-07-13T19:45:28,310505000,TAHITIAN-PRINCESS,GLACIER BAY,58.578285,-136.0655583,358,359,12.9,0,9187899,ZCDS4
2008-07-13T19:44:50,310505000,TAHITIAN-PRINCESS,GLACIER BAY,58.57472833,-136.0654283,0,0,0.0,0,9187899,ZCDS4
2008-07-13T19:44:27,310505000,TAHITIAN-PRINCESS,GLACIER BAY,58.57472833,-136.0654283,358,359,12.8,0,9187899,ZCDS4
2008-07-13T19:44:07,310505000,TAHITIAN-PRINCESS,GLACIER BAY,58.57349167,-136.0653833,358,359,12.7,0,9187899,ZCDS4
2008-07-13T19:43:59,310505000,TAHITIAN-PRINCESS,GLACIER BAY,58.57302333,-136.0653667,358,359,12.7,0,9187899,ZCDS4
2008-07-13T19:42:48,310505000,TAHITIAN-PRINCESS,GLACIER BAY,58.56896333,-136.06522,358,358,12.4,0,9187899,ZCDS4
2008-07-13T19:42:39,310505000,TAHITIAN-PRINCESS,GLACIER BAY,58.56833167,-136.0651833,358,359,12.4,0,9187899,ZCDS4
2008-07-13T19:42:28,310505000,TAHITIAN-PRINCESS,GLACIER BAY,58.56775833,-136.065175,358,358,12.4,0,9187899,ZCDS4
2008-07-13T19:42:18,310505000,TAHITIAN-PRINCESS,GLACIER BAY,58.567245,-136.06516,358,359,12.4,0,9187899,ZCDS4
2008-07-13T19:42:07,310505000,TAHITIAN-PRINCESS,GLACIER BAY,58.56655833,-136.0651233,358,358,12.4,0,9187899,ZCDS4
2008-07-13T19:41:48,310505000,TAHITIAN-PRINCESS,GLACIER BAY,58.56553,-136.0650583,358,359,12.4,0,9187899,ZCDS4
2008-07-13T19:41:46,310505000,TAHITIAN-PRINCESS,GLACIER BAY,58.5516667,-136.053667,511,360,102.3,15,9187899,ZCDS4
2008-07-13T19:41:27,310505000,TAHITIAN-PRINCESS,GLACIER BAY,58.56433333,-136.0650017,358,359,12.3,0,9187899,ZCDS4
2008-07-13T19:39:48,310505000,TAHITIAN-PRINCESS,GLACIER BAY,58.558715,-136.0647317,358,358,12.2,0,9187899,ZCDS4
2008-07-13T19:39:18,310505000,TAHITIAN-PRINCESS,GLACIER BAY,58.557025,-136.06464,358,359,12.2,0,9187899,ZCDS4
2008-07-13T19:39:07,310505000,TAHITIAN-PRINCESS,GLACIER BAY,58.55640667,-136.0646133,358,359,12.2,0,9187899,ZCDS4
2008-07-13T19:38:37,310505000,TAHITIAN-PRINCESS,GLACIER BAY,58.55472,-136.06452,359,359,12.2,0,9187899,ZCDS4
2008-07-13T19:38:18,310505000,TAHITIAN-PRINCESS,GLACIER BAY,58.55365167,-136.0644917,358,358,12.2,0,9187899,ZCDS4
2008-07-13T19:38:07,310505000,TAHITIAN-PRINCESS,GLACIER BAY,58.55303333,-136.06445,358,358,12.2,0,9187899,ZCDS4
2008-07-13T19:37:57,310505000,TAHITIAN-PRINCESS,GLACIER BAY,58.55247,-136.064415,358,358,12.2,0,9187899,ZCDS4
2008-07-13T19:37:48,310505000,TAHITIAN-PRINCESS,GLACIER BAY,58.55190667,-136.0643817,358,358,12.2,0,9187899,ZCDS4
2008-07-13T19:37:07,310505000,TAHITIAN-PRINCESS,GLACIER BAY,58.54964333,-136.064245,358,358,12.3,0,9187899,ZCDS4
2008-07-13T19:36:57,310505000,TAHITIAN-PRINCESS,GLACIER BAY,58.54907333,-136.0641867,358,358,12.4,0,9187899,ZCDS4
2008-07-13T19:36:48,310505000,TAHITIAN-PRINCESS,GLACIER BAY,58.54850167,-136.064135,359,358,12.4,0,9187899,ZCDS4
2008-07-13T19:35:48,310505000,TAHITIAN-PRINCESS,GLACIER BAY,58.545005,-136.063925,357,358,13.0,0,9187899,ZCDS4
2008-07-13T19:35:37,310505000,TAHITIAN-PRINCESS,GLACIER BAY,58.544405,-136.0638667,357,359,13.1,0,9187899,ZCDS4
2008-07-13T19:35:27,310505000,TAHITIAN-PRINCESS,GLACIER BAY,58.5438,-136.063825,358,0,13.2,0,9187899,ZCDS4
2008-07-13T19:35:18,310505000,TAHITIAN-PRINCESS,GLACIER BAY,58.54325333,-136.0638133,358,0,13.2,0,9187899,ZCDS4
2008-07-13T19:34:58,310505000,TAHITIAN-PRINCESS,GLACIER BAY,58.54196833,-136.06384,358,1,13.3,0,9187899,ZCDS4
2008-07-13T19:34:49,310505000,TAHITIAN-PRINCESS,GLACIER BAY,58.54135667,-136.0638483,358,1,13.3,0,9187899,ZCDS4
2008-07-13T19:34:38,310505000,TAHITIAN-PRINCESS,GLACIER BAY,58.540805,-136.06386,358,1,13.2,0,9187899,ZCDS4
2008-07-13T19:34:27,310505000,TAHITIAN-PRINCESS,GLACIER BAY,58.54013,-136.0638733,358,1,13.2,0,9187899,ZCDS4
2008-07-13T19:34:19,310505000,TAHITIAN-PRINCESS,GLACIER BAY,58.53957833,-136.063875,359,1,13.2,0,9187899,ZCDS4
2008-07-13T19:33:57,310505000,TAHITIAN-PRINCESS,GLACIER BAY,58.53829667,-136.06389,359,1,13.2,0,9187899,ZCDS4
2008-07-13T19:33:27,310505000,TAHITIAN-PRINCESS,GLACIER BAY,58.53646833,-136.06396,358,359,13.2,0,9187899,ZCDS4
2008-07-13T19:32:58,310505000,TAHITIAN-PRINCESS,GLACIER BAY,58.53464833,-136.0638933,358,359,13.1,0,9187899,ZCDS4
2008-07-13T19:32:50,310505000,TAHITIAN-PRINCESS,GLACIER BAY,58.534045,-136.0638767,0,0,0.0,0,9187899,ZCDS4
2008-07-13T19:32:48,310505000,TAHITIAN-PRINCESS,GLACIER BAY,58.534045,-136.0638767,358,359,13.1,0,9187899,ZCDS4
2008-07-13T19:32:27,310505000,TAHITIAN-PRINCESS,GLACIER BAY,58.53284,-136.0638517,358,359,13.0,0,9187899,ZCDS4
2008-07-13T19:32:21,310505000,TAHITIAN-PRINCESS,GLACIER BAY,58.5323,-136.063835,358,0,13.0,0,9187899,ZCDS4
2008-07-13T19:31:48,310505000,TAHITIAN-PRINCESS,GLACIER BAY,58.530445,-136.0638,358,359,12.9,0,9187899,ZCDS4
2008-07-13T19:31:27,310505000,TAHITIAN-PRINCESS,GLACIER BAY,58.52925,-136.0637467,358,359,12.9,0,9187899,ZCDS4
2008-07-13T19:30:48,310505000,TAHITIAN-PRINCESS,GLACIER BAY,58.52685,-136.0637167,358,0,13.1,0,9187899,ZCDS4
2008-07-13T19:30:39,310505000,TAHITIAN-PRINCESS,GLACIER BAY,58.52630667,-136.063725,358,0,13.1,0,9187899,ZCDS4
2008-07-13T19:30:27,310505000,TAHITIAN-PRINCESS,GLACIER BAY,58.52564,-136.0637067,359,0,13.1,0,9187899,ZCDS4
2008-07-13T19:30:18,310505000,TAHITIAN-PRINCESS,GLACIER BAY,58.52509333,-136.0636817,359,0,13.2,0,9187899,ZCDS4
2008-07-13T19:30:06,310505000,TAHITIAN-PRINCESS,GLACIER BAY,58.524365,-136.06369,359,359,13.2,0,9187899,ZCDS4
2008-07-13T19:29:28,310505000,TAHITIAN-PRINCESS,GLACIER BAY,58.521985,-136.06359,358,358,13.3,0,9187899,ZCDS4
2008-07-13T19:29:13,310505000,TAHITIAN-PRINCESS,GLACIER BAY,58.52106833,-136.0635317,358,357,13.3,0,9187899,ZCDS4
2008-07-13T19:29:05,310505000,TAHITIAN-PRINCESS,GLACIER BAY,58.52064,-136.0634933,358,357,13.3,0,9187899,ZCDS4
2008-07-13T19:29:00,310505000,TAHITIAN-PRINCESS,GLACIER BAY,58.52027333,-136.0634533,358,357,13.3,0,9187899,ZCDS4
2008-07-13T19:28:57,310505000,TAHITIAN-PRINCESS,GLACIER BAY,58.52015,-136.0634417,358,357,13.3,0,9187899,ZCDS4
2008-07-13T19:28:48,310505000,TAHITIAN-PRINCESS,GLACIER BAY,58.51953833,-136.06338,358,357,13.3,0,9187899,ZCDS4
2008-07-13T19:28:35,310505000,TAHITIAN-PRINCESS,GLACIER BAY,58.51880333,-136.06331,358,357,13.3,0,9187899,ZCDS4
2008-07-13T19:28:12,310505000,TAHITIAN-PRINCESS,GLACIER BAY,58.51739167,-136.0631667,358,356,13.3,0,9187899,ZCDS4
2008-07-13T19:28:05,310505000,TAHITIAN-PRINCESS,GLACIER BAY,58.51696167,-136.0631217,358,356,13.4,0,9187899,ZCDS4
2008-07-13T19:27:59,310505000,TAHITIAN-PRINCESS,GLACIER BAY,58.51659333,-136.0630733,358,356,13.4,0,9187899,ZCDS4
2008-07-13T19:27:54,310505000,TAHITIAN-PRINCESS,GLACIER BAY,58.51622333,-136.063025,358,356,13.4,0,9187899,ZCDS4
2008-07-13T19:27:42,310505000,TAHITIAN-PRINCESS,GLACIER BAY,58.51548333,-136.06294,358,355,13.4,0,9187899,ZCDS4
2008-07-13T19:27:18,310505000,TAHITIAN-PRINCESS,GLACIER BAY,58.51400167,-136.0627633,356,354,13.5,0,9187899,ZCDS4
2008-07-13T19:27:12,310505000,TAHITIAN-PRINCESS,GLACIER BAY,58.51369167,-136.0627033,356,354,13.5,0,9187899,ZCDS4
2008-07-13T19:27:05,310505000,TAHITIAN-PRINCESS,GLACIER BAY,58.51325833,-136.062615,356,354,13.5,0,9187899,ZCDS4
2008-07-13T19:26:55,310505000,TAHITIAN-PRINCESS,GLACIER BAY,58.51251333,-136.0624683,356,354,13.6,0,9187899,ZCDS4
2008-07-13T19:26:48,310505000,TAHITIAN-PRINCESS,GLACIER BAY,58.51214,-136.0623917,356,354,13.6,0,9187899,ZCDS4
2008-07-13T19:26:35,310505000,TAHITIAN-PRINCESS,GLACIER BAY,58.51139167,-136.0622183,356,354,13.6,0,9187899,ZCDS4
2008-07-13T19:26:18,310505000,TAHITIAN-PRINCESS,GLACIER BAY,58.51026667,-136.0619783,356,353,13.7,0,9187899,ZCDS4
2008-07-13T19:26:13,310505000,TAHITIAN-PRINCESS,GLACIER BAY,58.50995333,-136.061925,356,352,13.7,0,9187899,ZCDS4
2008-07-13T19:26:06,310505000,TAHITIAN-PRINCESS,GLACIER BAY,58.50951333,-136.0618383,355,352,13.7,0,9187899,ZCDS4
2008-07-13T19:25:54,310505000,TAHITIAN-PRINCESS,GLACIER BAY,58.50875833,-136.061685,354,351,13.8,0,9187899,ZCDS4
2008-07-13T19:25:48,310505000,TAHITIAN-PRINCESS,GLACIER BAY,58.50838,-136.061595,354,351,13.8,0,9187899,ZCDS4
2008-07-13T19:25:41,310505000,TAHITIAN-PRINCESS,GLACIER BAY,58.508,-136.06151,353,350,13.8,0,9187899,ZCDS4
2008-07-13T19:25:35,310505000,TAHITIAN-PRINCESS,GLACIER BAY,58.50762167,-136.0614183,352,350,13.9,0,9187899,ZCDS4
2008-07-13T19:25:29,310505000,TAHITIAN-PRINCESS,GLACIER BAY,58.50724333,-136.0613183,352,349,13.9,0,9187899,ZCDS4
2008-07-13T19:25:18,310505000,TAHITIAN-PRINCESS,GLACIER BAY,58.506485,-136.0610983,350,348,14.0,0,9187899,ZCDS4
2008-07-13T19:25:05,310505000,TAHITIAN-PRINCESS,GLACIER BAY,58.505725,-136.0608467,349,347,14.0,0,9187899,ZCDS4
2008-07-13T19:24:53,310505000,TAHITIAN-PRINCESS,GLACIER BAY,58.50496667,-136.0605567,348,346,14.1,0,9187899,ZCDS4
2008-07-13T19:24:36,310505000,TAHITIAN-PRINCESS,GLACIER BAY,58.50382833,-136.0600833,346,345,14.1,0,9187899,ZCDS4
2008-07-13T19:24:29,310505000,TAHITIAN-PRINCESS,GLACIER BAY,58.50345,-136.05991,346,344,14.1,0,9187899,ZCDS4
2008-07-13T19:24:25,310505000,TAHITIAN-PRINCESS,GLACIER BAY,58.50307167,-136.0597317,345,344,14.1,0,9187899,ZCDS4
2008-07-13T19:24:18,310505000,TAHITIAN-PRINCESS,GLACIER BAY,58.50269333,-136.05954,345,344,14.1,0,9187899,ZCDS4
2008-07-13T19:24:12,310505000,TAHITIAN-PRINCESS,GLACIER BAY,58.50238,-136.0593683,345,344,14.1,0,9187899,ZCDS4
2008-07-13T19:23:59,310505000,TAHITIAN-PRINCESS,GLACIER BAY,58.501565,-136.0589167,345,344,14.2,0,9187899,ZCDS4
2008-07-13T19:23:54,310505000,TAHITIAN-PRINCESS,GLACIER BAY,58.50118833,-136.058715,345,344,14.2,0,9187899,ZCDS4
2008-07-13T19:23:35,310505000,TAHITIAN-PRINCESS,GLACIER BAY,58.50005333,-136.05811,345,344,14.2,0,9187899,ZCDS4
2008-07-13T19:23:29,310505000,TAHITIAN-PRINCESS,GLACIER BAY,58.49967667,-136.0579,345,345,14.2,0,9187899,ZCDS4
2008-07-13T19:23:18,310505000,TAHITIAN-PRINCESS,GLACIER BAY,58.49891833,-136.0574867,346,345,14.2,0,9187899,ZCDS4
2008-07-13T19:22:59,310505000,TAHITIAN-PRINCESS,GLACIER BAY,58.49777667,-136.0569033,345,345,14.2,0,9187899,ZCDS4
2008-07-13T19:22:54,310505000,TAHITIAN-PRINCESS,GLACIER BAY,58.49739667,-136.0567083,345,345,14.2,0,9187899,ZCDS4
2008-07-13T19:22:41,310505000,TAHITIAN-PRINCESS,GLACIER BAY,58.49663667,-136.0563117,345,345,14.2,0,9187899,ZCDS4
2008-07-13T19:22:35,310505000,TAHITIAN-PRINCESS,GLACIER BAY,58.49625833,-136.0561167,345,345,14.2,0,9187899,ZCDS4
2008-07-13T19:22:32,310505000,TAHITIAN-PRINCESS,GLACIER BAY,58.496005,-136.05599,345,345,14.2,0,9187899,ZCDS4
2008-07-13T19:22:24,310505000,TAHITIAN-PRINCESS,GLACIER BAY,58.49549833,-136.05573,345,345,14.1,0,9187899,ZCDS4
2008-07-13T19:22:23,310505000,TAHITIAN-PRINCESS,GLACIER BAY,58.49543667,-136.0556967,345,345,14.1,0,9187899,ZCDS4
2008-07-13T19:22:12,310505000,TAHITIAN-PRINCESS,GLACIER BAY,58.49474333,-136.0553317,345,345,14.1,0,9187899,ZCDS4
2008-07-13T19:22:02,310505000,TAHITIAN-PRINCESS,GLACIER BAY,58.49417833,-136.0550367,345,345,14.1,0,9187899,ZCDS4
2008-07-13T19:21:54,310505000,TAHITIAN-PRINCESS,GLACIER BAY,58.49361333,-136.0547533,345,345,14.0,0,9187899,ZCDS4
2008-07-13T19:21:52,310505000,TAHITIAN-PRINCESS,GLACIER BAY,58.49355,-136.0547233,345,345,14.0,0,9187899,ZCDS4
2008-07-13T19:21:42,310505000,TAHITIAN-PRINCESS,GLACIER BAY,58.49292333,-136.0544117,345,345,14.0,0,9187899,ZCDS4
2008-07-13T19:21:31,310505000,TAHITIAN-PRINCESS,GLACIER BAY,58.49223667,-136.05408,345,345,13.9,0,9187899,ZCDS4
2008-07-13T19:21:22,310505000,TAHITIAN-PRINCESS,GLACIER BAY,58.49167833,-136.053795,345,345,13.9,0,9187899,ZCDS4
2008-07-13T19:20:52,310505000,TAHITIAN-PRINCESS,GLACIER BAY,58.48983167,-136.0528267,346,345,13.7,0,9187899,ZCDS4
2008-07-13T19:20:49,310505000,TAHITIAN-PRINCESS,GLACIER BAY,58.48922,-136.0525283,0,0,0.0,0,9187899,ZCDS4
2008-07-13T19:20:42,310505000,TAHITIAN-PRINCESS,GLACIER BAY,58.48922,-136.0525283,346,345,13.6,0,9187899,ZCDS4
2008-07-13T19:20:31,310505000,TAHITIAN-PRINCESS,GLACIER BAY,58.48855,-136.0521967,345,345,13.6,0,9187899,ZCDS4
2008-07-13T19:20:23,310505000,TAHITIAN-PRINCESS,GLACIER BAY,58.488005,-136.051925,345,345,13.5,0,9187899,ZCDS4
2008-07-13T19:20:11,310505000,TAHITIAN-PRINCESS,GLACIER BAY,58.48734333,-136.0515883,345,345,13.5,0,9187899,ZCDS4
2008-07-13T19:20:02,310505000,TAHITIAN-PRINCESS,GLACIER BAY,58.48674333,-136.05128,345,345,13.4,0,9187899,ZCDS4
2008-07-13T19:19:52,310505000,TAHITIAN-PRINCESS,GLACIER BAY,58.48620667,-136.0509983,345,345,13.3,0,9187899,ZCDS4
2008-07-13T19:19:26,310505000,TAHITIAN-PRINCESS,GLACIER BAY,58.484435,-136.0500617,345,345,13.1,0,9187899,ZCDS4
2008-07-13T19:19:11,310505000,TAHITIAN-PRINCESS,GLACIER BAY,58.48379167,-136.0497267,345,345,13.0,0,9187899,ZCDS4
2008-07-13T19:19:01,310505000,TAHITIAN-PRINCESS,GLACIER BAY,58.48321,-136.0494267,345,345,13.0,0,9187899,ZCDS4
2008-07-13T19:18:42,310505000,TAHITIAN-PRINCESS,GLACIER BAY,58.48211667,-136.048835,346,345,12.8,0,9187899,ZCDS4
2008-07-13T19:18:31,310505000,TAHITIAN-PRINCESS,GLACIER BAY,58.481485,-136.048525,345,345,12.7,0,9187899,ZCDS4
2008-07-13T19:18:23,310505000,TAHITIAN-PRINCESS,GLACIER BAY,58.48097167,-136.048275,345,345,12.7,0,9187899,ZCDS4
2008-07-13T19:18:11,310505000,TAHITIAN-PRINCESS,GLACIER BAY,58.48034667,-136.0479817,345,345,12.6,0,9187899,ZCDS4
2008-07-13T19:17:42,310505000,TAHITIAN-PRINCESS,GLACIER BAY,58.47872333,-136.0471417,345,345,12.4,0,9187899,ZCDS4
2008-07-13T19:17:32,310505000,TAHITIAN-PRINCESS,GLACIER BAY,58.47811167,-136.046845,344,345,12.4,0,9187899,ZCDS4
2008-07-13T19:17:23,310505000,TAHITIAN-PRINCESS,GLACIER BAY,58.47761333,-136.046605,344,344,12.4,0,9187899,ZCDS4
2008-07-13T19:17:12,310505000,TAHITIAN-PRINCESS,GLACIER BAY,58.47700333,-136.0463133,343,344,12.4,0,9187899,ZCDS4
2008-07-13T19:17:02,310505000,TAHITIAN-PRINCESS,GLACIER BAY,58.47645167,-136.0460383,343,343,12.4,0,9187899,ZCDS4
2008-07-13T19:16:52,310505000,TAHITIAN-PRINCESS,GLACIER BAY,58.47595667,-136.0457867,342,343,12.4,0,9187899,ZCDS4
2008-07-13T19:16:42,310505000,TAHITIAN-PRINCESS,GLACIER BAY,58.475405,-136.0455017,341,343,12.4,0,9187899,ZCDS4
2008-07-13T19:16:31,310505000,TAHITIAN-PRINCESS,GLACIER BAY,58.4748,-136.045175,341,342,12.4,0,9187899,ZCDS4
2008-07-13T19:16:22,310505000,TAHITIAN-PRINCESS,GLACIER BAY,58.474305,-136.0449083,340,342,12.4,0,9187899,ZCDS4
2008-07-13T19:15:42,310505000,TAHITIAN-PRINCESS,GLACIER BAY,58.472105,-136.043585,336,339,12.7,0,9187899,ZCDS4
2008-07-13T19:15:11,310505000,TAHITIAN-PRINCESS,GLACIER BAY,58.47040167,-136.0423633,335,336,12.9,0,9187899,ZCDS4
2008-07-13T19:15:01,310505000,TAHITIAN-PRINCESS,GLACIER BAY,58.46979667,-136.0418833,334,336,13.0,0,9187899,ZCDS4
2008-07-13T19:14:42,310505000,TAHITIAN-PRINCESS,GLACIER BAY,58.46880833,-136.04107,333,334,13.0,0,9187899,ZCDS4
2008-07-13T19:14:21,310505000,TAHITIAN-PRINCESS,GLACIER BAY,58.46761333,-136.0399933,331,332,13.0,0,9187899,ZCDS4
2008-07-13T19:14:11,310505000,TAHITIAN-PRINCESS,GLACIER BAY,58.46713167,-136.03953,331,332,13.0,0,9187899,ZCDS4
2008-07-13T19:13:52,310505000,TAHITIAN-PRINCESS,GLACIER BAY,58.46606167,-136.038485,330,330,13.1,0,9187899,ZCDS4
2008-07-13T19:13:34,310505000,TAHITIAN-PRINCESS,GLACIER BAY,58.465055,-136.0374417,328,329,13.1,0,9187899,ZCDS4
2008-07-13T19:13:12,310505000,TAHITIAN-PRINCESS,GLACIER BAY,58.46395167,-136.036245,327,328,13.1,0,9187899,ZCDS4
2008-07-13T19:12:52,310505000,TAHITIAN-PRINCESS,GLACIER BAY,58.46291167,-136.0350617,326,327,13.2,0,9187899,ZCDS4
2008-07-13T19:12:42,310505000,TAHITIAN-PRINCESS,GLACIER BAY,58.46244833,-136.03451,325,326,13.2,0,9187899,ZCDS4
2008-07-13T19:12:32,310505000,TAHITIAN-PRINCESS,GLACIER BAY,58.461935,-136.0338933,325,325,13.2,0,9187899,ZCDS4
2008-07-13T19:12:11,310505000,TAHITIAN-PRINCESS,GLACIER BAY,58.46086333,-136.03255,323,324,13.3,0,9187899,ZCDS4
2008-07-13T19:11:51,310505000,TAHITIAN-PRINCESS,GLACIER BAY,58.45985667,-136.03122,322,324,13.3,0,9187899,ZCDS4
2008-07-13T19:11:42,310505000,TAHITIAN-PRINCESS,GLACIER BAY,58.45940333,-136.0306117,322,323,13.4,0,9187899,ZCDS4
2008-07-13T19:11:32,310505000,TAHITIAN-PRINCESS,GLACIER BAY,58.45890333,-136.029925,321,323,13.4,0,9187899,ZCDS4
2008-07-13T19:11:21,310505000,TAHITIAN-PRINCESS,GLACIER BAY,58.45830333,-136.0290917,320,322,13.5,0,9187899,ZCDS4
2008-07-13T19:11:11,310505000,TAHITIAN-PRINCESS,GLACIER BAY,58.45785333,-136.02846,319,322,13.5,0,9187899,ZCDS4
2008-07-13T19:11:01,310505000,TAHITIAN-PRINCESS,GLACIER BAY,58.45730167,-136.0276767,319,322,13.6,0,9187899,ZCDS4
2008-07-13T19:10:02,310505000,TAHITIAN-PRINCESS,GLACIER BAY,58.45439,-136.023425,316,319,13.7,0,9187899,ZCDS4
2008-07-13T19:09:41,310505000,TAHITIAN-PRINCESS,GLACIER BAY,58.45336,-136.02181,315,317,13.7,0,9187899,ZCDS4
2008-07-13T19:09:12,310505000,TAHITIAN-PRINCESS,GLACIER BAY,58.45199,-136.0194717,313,315,13.7,0,9187899,ZCDS4
2008-07-13T19:09:02,310505000,TAHITIAN-PRINCESS,GLACIER BAY,58.45153167,-136.0186417,312,315,13.7,0,9187899,ZCDS4
2008-07-13T19:08:49,310505000,TAHITIAN-PRINCESS,GLACIER BAY,58.45018,-136.0161167,0,0,0.0,0,9187899,ZCDS4
2008-07-13T19:08:32,310505000,TAHITIAN-PRINCESS,GLACIER BAY,58.45018,-136.0161167,310,313,13.6,0,9187899,ZCDS4
2008-07-13T19:08:21,310505000,TAHITIAN-PRINCESS,GLACIER BAY,58.44965833,-136.0150733,310,313,13.6,0,9187899,ZCDS4
2008-07-13T19:08:04,310505000,TAHITIAN-PRINCESS,GLACIER BAY,58.448885,-136.0134983,310,313,13.6,0,9187899,ZCDS4
2008-07-13T19:07:52,310505000,TAHITIAN-PRINCESS,GLACIER BAY,58.44846,-136.0126167,310,314,13.6,0,9187899,ZCDS4
2008-07-13T19:07:41,310505000,TAHITIAN-PRINCESS,GLACIER BAY,58.44798833,-136.01166,311,313,13.5,0,9187899,ZCDS4
2008-07-13T19:06:53,310505000,TAHITIAN-PRINCESS,GLACIER BAY,58.44589667,-136.0074183,310,313,13.4,0,9187899,ZCDS4
2008-07-13T19:06:41,310505000,TAHITIAN-PRINCESS,GLACIER BAY,58.44543,-136.00647,310,313,13.4,0,9187899,ZCDS4
2008-07-13T19:06:21,310505000,TAHITIAN-PRINCESS,GLACIER BAY,58.444585,-136.0047433,310,313,13.4,0,9187899,ZCDS4
2008-07-13T19:06:02,310505000,TAHITIAN-PRINCESS,GLACIER BAY,58.443795,-136.0030933,310,312,13.3,0,9187899,ZCDS4
2008-07-13T19:05:52,310505000,TAHITIAN-PRINCESS,GLACIER BAY,58.44337667,-136.0022333,310,313,13.3,0,9187899,ZCDS4
2008-07-13T19:05:41,310505000,TAHITIAN-PRINCESS,GLACIER BAY,58.44291667,-136.0012933,310,312,13.2,0,9187899,ZCDS4
2008-07-13T19:05:31,310505000,TAHITIAN-PRINCESS,GLACIER BAY,58.442505,-136.0004333,310,312,13.2,0,9187899,ZCDS4
2008-07-13T19:05:21,310505000,TAHITIAN-PRINCESS,GLACIER BAY,58.44209333,-135.9995767,310,313,13.2,0,9187899,ZCDS4
2008-07-13T19:05:12,310505000,TAHITIAN-PRINCESS,GLACIER BAY,58.441725,-135.998805,310,312,13.2,0,9187899,ZCDS4
2008-07-13T19:05:03,310505000,TAHITIAN-PRINCESS,GLACIER BAY,58.44131833,-135.9979417,310,312,13.2,0,9187899,ZCDS4
2008-07-13T19:04:52,310505000,TAHITIAN-PRINCESS,GLACIER BAY,58.44091667,-135.9970717,310,313,13.2,0,9187899,ZCDS4
2008-07-13T19:04:42,310505000,TAHITIAN-PRINCESS,GLACIER BAY,58.44046167,-135.9961367,310,312,13.1,0,9187899,ZCDS4
2008-07-13T19:04:21,310505000,TAHITIAN-PRINCESS,GLACIER BAY,58.439645,-135.9944317,310,312,13.1,0,9187899,ZCDS4
2008-07-13T19:03:43,310505000,TAHITIAN-PRINCESS,GLACIER BAY,58.438045,-135.9910233,310,312,12.8,0,9187899,ZCDS4
2008-07-13T19:03:31,310505000,TAHITIAN-PRINCESS,GLACIER BAY,58.43760833,-135.9901017,310,311,12.8,0,9187899,ZCDS4
2008-07-13T19:03:21,310505000,TAHITIAN-PRINCESS,GLACIER BAY,58.437255,-135.989345,310,312,12.7,0,9187899,ZCDS4
2008-07-13T19:03:02,310505000,TAHITIAN-PRINCESS,GLACIER BAY,58.43651667,-135.9877667,310,312,12.5,0,9187899,ZCDS4
2008-07-13T19:02:31,310505000,TAHITIAN-PRINCESS,GLACIER BAY,58.43534,-135.985225,310,312,12.2,0,9187899,ZCDS4
2008-07-13T19:02:21,310505000,TAHITIAN-PRINCESS,GLACIER BAY,58.43496333,-135.9844267,310,312,12.1,0,9187899,ZCDS4
2008-07-13T19:02:02,310505000,TAHITIAN-PRINCESS,GLACIER BAY,58.43426167,-135.982905,311,313,11.9,0,9187899,ZCDS4
2008-07-13T19:01:58,310505000,TAHITIAN-PRINCESS,GLACIER BAY,58.434115,-135.9825867,311,313,11.9,0,9187899,ZCDS4
2008-07-13T19:01:56,310505000,TAHITIAN-PRINCESS,GLACIER BAY,58.43397167,-135.9822667,311,314,11.9,0,9187899,ZCDS4
2008-07-13T19:01:53,310505000,TAHITIAN-PRINCESS,GLACIER BAY,58.4339,-135.982105,312,314,11.9,0,9187899,ZCDS4
2008-07-13T19:01:25,310505000,TAHITIAN-PRINCESS,GLACIER BAY,58.43291833,-135.9799983,316,318,11.6,0,9187899,ZCDS4
2008-07-13T19:01:22,310505000,TAHITIAN-PRINCESS,GLACIER BAY,58.43277167,-135.9796967,317,319,11.5,0,9187899,ZCDS4
2008-07-13T19:01:15,310505000,TAHITIAN-PRINCESS,GLACIER BAY,58.43250833,-135.9791783,318,320,11.5,0,9187899,ZCDS4
2008-07-13T19:01:11,310505000,TAHITIAN-PRINCESS,GLACIER BAY,58.432395,-135.9789617,318,321,11.5,0,9187899,ZCDS4
2008-07-13T19:01:08,310505000,TAHITIAN-PRINCESS,GLACIER BAY,58.43228167,-135.978745,319,321,11.4,0,9187899,ZCDS4
2008-07-13T19:01:03,310505000,TAHITIAN-PRINCESS,GLACIER BAY,58.43205,-135.978325,320,322,11.4,0,9187899,ZCDS4
2008-07-13T19:00:49,310505000,TAHITIAN-PRINCESS,GLACIER BAY,58.43150333,-135.9773717,323,324,11.2,0,9187899,ZCDS4
2008-07-13T19:00:38,310505000,TAHITIAN-PRINCESS,GLACIER BAY,58.43110667,-135.9767233,324,326,11.1,0,9187899,ZCDS4
2008-07-13T19:00:35,310505000,TAHITIAN-PRINCESS,GLACIER BAY,58.430985,-135.9765367,325,326,11.0,0,9187899,ZCDS4
2008-07-13T19:00:31,310505000,TAHITIAN-PRINCESS,GLACIER BAY,58.43082167,-135.976295,325,326,11.0,0,9187899,ZCDS4
2008-07-13T19:00:30,310505000,TAHITIAN-PRINCESS,GLACIER BAY,58.4307,-135.9761133,326,327,11.0,0,9187899,ZCDS4
2008-07-13T19:00:24,310505000,TAHITIAN-PRINCESS,GLACIER BAY,58.43053667,-135.9758767,327,328,10.9,0,9187899,ZCDS4
2008-07-13T19:00:16,310505000,TAHITIAN-PRINCESS,GLACIER BAY,58.43017,-135.9753517,328,329,10.8,0,9187899,ZCDS4
2008-07-13T19:00:09,310505000,TAHITIAN-PRINCESS,GLACIER BAY,58.42988833,-135.9749467,329,330,10.7,0,9187899,ZCDS4
2008-07-13T19:00:05,310505000,TAHITIAN-PRINCESS,GLACIER BAY,58.42976667,-135.9747783,330,331,10.6,0,9187899,ZCDS4
2008-07-13T18:59:58,310505000,TAHITIAN-PRINCESS,GLACIER BAY,58.42948,-135.9743983,331,332,10.5,0,9187899,ZCDS4
2008-07-13T18:59:55,310505000,TAHITIAN-PRINCESS,GLACIER BAY,58.42931667,-135.9741883,332,332,10.4,0,9187899,ZCDS4
2008-07-13T18:59:52,310505000,TAHITIAN-PRINCESS,GLACIER BAY,58.429235,-135.974085,333,333,10.4,0,9187899,ZCDS4
2008-07-13T18:59:48,310505000,TAHITIAN-PRINCESS,GLACIER BAY,58.42907167,-135.97388,333,333,10.3,0,9187899,ZCDS4
2008-07-13T18:59:45,310505000,TAHITIAN-PRINCESS,GLACIER BAY,58.42890667,-135.9736833,334,334,10.2,0,9187899,ZCDS4
2008-07-13T18:59:43,310505000,TAHITIAN-PRINCESS,GLACIER BAY,58.428825,-135.973585,334,334,10.2,0,9187899,ZCDS4
2008-07-13T18:59:38,310505000,TAHITIAN-PRINCESS,GLACIER BAY,58.42866167,-135.973395,335,335,10.1,0,9187899,ZCDS4
2008-07-13T18:59:35,310505000,TAHITIAN-PRINCESS,GLACIER BAY,58.42853833,-135.9732567,336,335,10.0,0,9187899,ZCDS4
2008-07-13T18:59:28,310505000,TAHITIAN-PRINCESS,GLACIER BAY,58.42825333,-135.9729417,337,336,9.9,0,9187899,ZCDS4
2008-07-13T18:59:26,310505000,TAHITIAN-PRINCESS,GLACIER BAY,58.42813,-135.97281,337,337,9.8,0,9187899,ZCDS4
2008-07-13T18:59:19,310505000,TAHITIAN-PRINCESS,GLACIER BAY,58.42784667,-135.972515,339,337,9.7,0,9187899,ZCDS4
2008-07-13T18:59:15,310505000,TAHITIAN-PRINCESS,GLACIER BAY,58.427685,-135.97235,339,338,9.6,0,9187899,ZCDS4
2008-07-13T18:59:08,310505000,TAHITIAN-PRINCESS,GLACIER BAY,58.427445,-135.97211,340,339,9.5,0,9187899,ZCDS4
2008-07-13T18:58:51,310505000,TAHITIAN-PRINCESS,GLACIER BAY,58.42677,-135.9714917,343,341,9.0,0,9187899,ZCDS4
2008-07-13T18:58:31,310505000,TAHITIAN-PRINCESS,GLACIER BAY,58.42599833,-135.9709067,345,342,8.5,0,9187899,ZCDS4
2008-07-13T18:58:21,310505000,TAHITIAN-PRINCESS,GLACIER BAY,58.42562833,-135.97064,346,343,8.2,0,9187899,ZCDS4
2008-07-13T18:58:12,310505000,TAHITIAN-PRINCESS,GLACIER BAY,58.42526667,-135.97039,347,343,8.0,0,9187899,ZCDS4
2008-07-13T18:58:03,310505000,TAHITIAN-PRINCESS,GLACIER BAY,58.42494833,-135.9701683,348,344,7.8,0,9187899,ZCDS4
2008-07-13T18:57:42,310505000,TAHITIAN-PRINCESS,GLACIER BAY,58.424265,-135.9697217,350,346,7.4,0,9187899,ZCDS4
2008-07-13T18:57:31,310505000,TAHITIAN-PRINCESS,GLACIER BAY,58.42390333,-135.9694983,351,347,7.2,0,9187899,ZCDS4
2008-07-13T18:57:21,310505000,TAHITIAN-PRINCESS,GLACIER BAY,58.42358,-135.969325,352,348,7.0,0,9187899,ZCDS4
2008-07-13T18:57:03,310505000,TAHITIAN-PRINCESS,GLACIER BAY,58.42298167,-135.96901,353,350,6.8,0,9187899,ZCDS4
2008-07-13T18:56:52,310505000,TAHITIAN-PRINCESS,GLACIER BAY,58.42264,-135.96885,354,350,6.8,0,9187899,ZCDS4
2008-07-13T18:56:49,310505000,TAHITIAN-PRINCESS,GLACIER BAY,58.42233,-135.9687083,0,0,0.0,0,9187899,ZCDS4
2008-07-13T18:56:42,310505000,TAHITIAN-PRINCESS,GLACIER BAY,58.42233,-135.9687083,355,351,6.8,0,9187899,ZCDS4
2008-07-13T18:56:21,310505000,TAHITIAN-PRINCESS,GLACIER BAY,58.42171,-135.968445,357,353,6.8,0,9187899,ZCDS4
2008-07-13T18:56:11,310505000,TAHITIAN-PRINCESS,GLACIER BAY,58.42139667,-135.9683383,358,354,6.8,0,9187899,ZCDS4
2008-07-13T18:55:51,310505000,TAHITIAN-PRINCESS,GLACIER BAY,58.42077,-135.968145,0,356,6.8,0,9187899,ZCDS4
2008-07-13T18:55:32,310505000,TAHITIAN-PRINCESS,GLACIER BAY,58.42013667,-135.967995,1,357,6.9,0,9187899,ZCDS4
2008-07-13T18:55:21,310505000,TAHITIAN-PRINCESS,GLACIER BAY,58.41981667,-135.9679283,2,358,6.9,0,9187899,ZCDS4
2008-07-13T18:55:04,310505000,TAHITIAN-PRINCESS,GLACIER BAY,58.41920167,-135.9678067,4,359,7.0,0,9187899,ZCDS4
2008-07-13T18:54:51,310505000,TAHITIAN-PRINCESS,GLACIER BAY,58.41884,-135.9677433,5,0,7.1,0,9187899,ZCDS4
2008-07-13T18:54:31,310505000,TAHITIAN-PRINCESS,GLACIER BAY,58.41813333,-135.967665,7,2,7.3,0,9187899,ZCDS4
2008-07-13T18:54:12,310505000,TAHITIAN-PRINCESS,GLACIER BAY,58.41748167,-135.9676483,9,4,7.5,0,9187899,ZCDS4
2008-07-13T18:53:11,310505000,TAHITIAN-PRINCESS,GLACIER BAY,58.415315,-135.9678133,14,7,8.2,0,9187899,ZCDS4
2008-07-13T18:52:41,310505000,TAHITIAN-PRINCESS,GLACIER BAY,58.41416,-135.9680583,15,9,8.8,0,9187899,ZCDS4
2008-07-13T18:52:21,310505000,TAHITIAN-PRINCESS,GLACIER BAY,58.41331,-135.9683117,15,9,9.3,0,9187899,ZCDS4
2008-07-13T18:52:02,310505000,TAHITIAN-PRINCESS,GLACIER BAY,58.412545,-135.968555,15,9,9.7,0,9187899,ZCDS4
2008-07-13T18:51:43,310505000,TAHITIAN-PRINCESS,GLACIER BAY,58.411645,-135.9688267,15,9,10.3,0,9187899,ZCDS4
2008-07-13T18:51:31,310505000,TAHITIAN-PRINCESS,GLACIER BAY,58.41108333,-135.969,15,10,10.6,0,9187899,ZCDS4
2008-07-13T18:51:23,310505000,TAHITIAN-PRINCESS,GLACIER BAY,58.41060167,-135.969145,15,9,10.8,0,9187899,ZCDS4
2008-07-13T18:51:02,310505000,TAHITIAN-PRINCESS,GLACIER BAY,58.40970833,-135.9694283,16,9,11.2,0,9187899,ZCDS4
2008-07-13T18:50:52,310505000,TAHITIAN-PRINCESS,GLACIER BAY,58.40914667,-135.9696167,15,10,11.4,0,9187899,ZCDS4
2008-07-13T18:50:49,310505000,TAHITIAN-PRINCESS,GLACIER BAY,58.40868167,-135.969775,0,0,0.0,0,9187899,ZCDS4
2008-07-13T18:50:43,310505000,TAHITIAN-PRINCESS,GLACIER BAY,58.40868167,-135.969775,15,9,11.5,0,9187899,ZCDS4
2008-07-13T18:50:31,310505000,TAHITIAN-PRINCESS,GLACIER BAY,58.40805667,-135.969975,15,9,11.5,0,9187899,ZCDS4
2008-07-13T18:50:21,310505000,TAHITIAN-PRINCESS,GLACIER BAY,58.40753,-135.970135,15,10,11.5,0,9187899,ZCDS4
2008-07-13T18:50:12,310505000,TAHITIAN-PRINCESS,GLACIER BAY,58.40711,-135.9702683,15,9,11.5,0,9187899,ZCDS4
2008-07-13T18:49:51,310505000,TAHITIAN-PRINCESS,GLACIER BAY,58.40601167,-135.9706333,15,9,11.4,0,9187899,ZCDS4
2008-07-13T18:49:42,310505000,TAHITIAN-PRINCESS,GLACIER BAY,58.40554,-135.9707767,15,9,11.4,0,9187899,ZCDS4
2008-07-13T18:49:21,310505000,TAHITIAN-PRINCESS,GLACIER BAY,58.40439333,-135.971115,15,9,11.3,0,9187899,ZCDS4
2008-07-13T18:49:12,310505000,TAHITIAN-PRINCESS,GLACIER BAY,58.40398167,-135.9712533,15,10,11.3,0,9187899,ZCDS4
2008-07-13T18:48:51,310505000,TAHITIAN-PRINCESS,GLACIER BAY,58.40290333,-135.971585,15,10,11.2,0,9187899,ZCDS4
2008-07-13T18:48:43,310505000,TAHITIAN-PRINCESS,GLACIER BAY,58.40244667,-135.9717417,15,9,11.1,0,9187899,ZCDS4
2008-07-13T18:48:20,310505000,TAHITIAN-PRINCESS,GLACIER BAY,58.40133667,-135.9721033,15,10,11.0,0,9187899,ZCDS4
2008-07-13T18:48:12,310505000,TAHITIAN-PRINCESS,GLACIER BAY,58.40094167,-135.9722667,14,10,11.0,0,9187899,ZCDS4
2008-07-13T18:48:01,310505000,TAHITIAN-PRINCESS,GLACIER BAY,58.40039833,-135.9724833,13,9,10.9,0,9187899,ZCDS4
2008-07-13T18:47:42,310505000,TAHITIAN-PRINCESS,GLACIER BAY,58.39946,-135.9728117,13,10,10.8,0,9187899,ZCDS4
2008-07-13T18:47:31,310505000,TAHITIAN-PRINCESS,GLACIER BAY,58.398875,-135.9730317,12,12,10.8,0,9187899,ZCDS4
2008-07-13T18:47:13,310505000,TAHITIAN-PRINCESS,GLACIER BAY,58.39799333,-135.9733633,13,15,10.8,0,9187899,ZCDS4
2008-07-13T18:47:02,310505000,TAHITIAN-PRINCESS,GLACIER BAY,58.397455,-135.9735833,14,17,10.8,0,9187899,ZCDS4
2008-07-13T18:46:53,310505000,TAHITIAN-PRINCESS,GLACIER BAY,58.396975,-135.97384,15,19,10.7,0,9187899,ZCDS4
2008-07-13T18:46:42,310505000,TAHITIAN-PRINCESS,GLACIER BAY,58.39655167,-135.97411,15,19,10.7,0,9187899,ZCDS4
2008-07-13T18:46:31,310505000,TAHITIAN-PRINCESS,GLACIER BAY,58.39599,-135.9744683,15,19,10.7,0,9187899,ZCDS4
2008-07-13T18:46:20,310505000,TAHITIAN-PRINCESS,GLACIER BAY,58.39552333,-135.9747733,15,18,10.7,0,9187899,ZCDS4
2008-07-13T18:46:12,310505000,TAHITIAN-PRINCESS,GLACIER BAY,58.39514833,-135.9750083,15,18,10.6,0,9187899,ZCDS4
2008-07-13T18:46:02,310505000,TAHITIAN-PRINCESS,GLACIER BAY,58.394635,-135.9753317,15,18,10.6,0,9187899,ZCDS4
2008-07-13T18:45:42,310505000,TAHITIAN-PRINCESS,GLACIER BAY,58.39374667,-135.9758833,15,18,10.6,0,9187899,ZCDS4
2008-07-13T18:45:31,310505000,TAHITIAN-PRINCESS,GLACIER BAY,58.39318667,-135.9762283,15,18,10.6,0,9187899,ZCDS4
2008-07-13T18:45:20,310505000,TAHITIAN-PRINCESS,GLACIER BAY,58.39272,-135.97651,15,18,10.6,0,9187899,ZCDS4
2008-07-13T18:45:00,310505000,TAHITIAN-PRINCESS,GLACIER BAY,58.39178833,-135.9770817,15,18,10.6,0,9187899,ZCDS4
2008-07-13T18:44:52,310505000,TAHITIAN-PRINCESS,GLACIER BAY,58.39136833,-135.9773333,15,18,10.6,0,9187899,ZCDS4
2008-07-13T18:44:49,310505000,TAHITIAN-PRINCESS,GLACIER BAY,58.39095167,-135.9775967,0,0,0.0,0,9187899,ZCDS4
2008-07-13T18:44:43,310505000,TAHITIAN-PRINCESS,GLACIER BAY,58.39095167,-135.9775967,15,18,10.6,0,9187899,ZCDS4
2008-07-13T18:44:00,310505000,TAHITIAN-PRINCESS,GLACIER BAY,58.389,-135.9788183,15,18,10.6,0,9187899,ZCDS4
2008-07-13T18:43:42,310505000,TAHITIAN-PRINCESS,GLACIER BAY,58.38816667,-135.9793533,15,18,10.6,0,9187899,ZCDS4
2008-07-13T18:43:31,310505000,TAHITIAN-PRINCESS,GLACIER BAY,58.38761167,-135.9797033,15,18,10.6,0,9187899,ZCDS4
2008-07-13T18:43:22,310505000,TAHITIAN-PRINCESS,GLACIER BAY,58.387195,-135.9799683,15,19,10.6,0,9187899,ZCDS4
2008-07-13T18:43:12,310505000,TAHITIAN-PRINCESS,GLACIER BAY,58.38677833,-135.9802383,15,19,10.6,0,9187899,ZCDS4
2008-07-13T18:43:01,310505000,TAHITIAN-PRINCESS,GLACIER BAY,58.38622333,-135.9805967,15,20,10.6,0,9187899,ZCDS4
2008-07-13T18:42:51,310505000,TAHITIAN-PRINCESS,GLACIER BAY,58.38580667,-135.98086,15,20,10.6,0,9187899,ZCDS4
2008-07-13T18:42:32,310505000,TAHITIAN-PRINCESS,GLACIER BAY,58.38488,-135.9814483,17,22,10.5,0,9187899,ZCDS4
2008-07-13T18:42:13,310505000,TAHITIAN-PRINCESS,GLACIER BAY,58.38400333,-135.982025,20,25,10.6,0,9187899,ZCDS4
2008-07-13T18:41:52,310505000,TAHITIAN-PRINCESS,GLACIER BAY,58.38306833,-135.9828267,20,25,10.5,0,9187899,ZCDS4
2008-07-13T18:41:42,310505000,TAHITIAN-PRINCESS,GLACIER BAY,58.38267,-135.983175,20,25,10.5,0,9187899,ZCDS4
2008-07-13T18:41:32,310505000,TAHITIAN-PRINCESS,GLACIER BAY,58.38218667,-135.9836083,21,25,10.5,0,9187899,ZCDS4
2008-07-13T18:41:12,310505000,TAHITIAN-PRINCESS,GLACIER BAY,58.38135,-135.984345,21,26,10.5,0,9187899,ZCDS4
2008-07-13T18:41:00,310505000,TAHITIAN-PRINCESS,GLACIER BAY,58.38082667,-135.9848217,21,26,10.4,0,9187899,ZCDS4
2008-07-13T18:40:51,310505000,TAHITIAN-PRINCESS,GLACIER BAY,58.38043833,-135.9851883,21,26,10.4,0,9187899,ZCDS4
2008-07-13T18:40:42,310505000,TAHITIAN-PRINCESS,GLACIER BAY,58.38004833,-135.985545,21,26,10.4,0,9187899,ZCDS4
2008-07-13T18:40:22,310505000,TAHITIAN-PRINCESS,GLACIER BAY,58.379185,-135.986345,21,25,10.4,0,9187899,ZCDS4
2008-07-13T18:40:13,310505000,TAHITIAN-PRINCESS,GLACIER BAY,58.3686667,-135.985167,511,360,102.3,15,9187899,ZCDS4
2008-07-13T18:40:12,310505000,TAHITIAN-PRINCESS,GLACIER BAY,58.37875333,-135.9867383,20,25,10.3,0,9187899,ZCDS4
2008-07-13T18:40:02,310505000,TAHITIAN-PRINCESS,GLACIER BAY,58.37832,-135.9871167,21,25,10.3,0,9187899,ZCDS4
2008-07-13T18:39:51,310505000,TAHITIAN-PRINCESS,GLACIER BAY,58.37784333,-135.9875283,21,25,10.3,0,9187899,ZCDS4
2008-07-13T18:39:12,310505000,TAHITIAN-PRINCESS,GLACIER BAY,58.37613,-135.989075,20,24,10.2,0,9187899,ZCDS4
2008-07-13T18:38:52,310505000,TAHITIAN-PRINCESS,GLACIER BAY,58.37527333,-135.9898283,20,24,10.2,0,9187899,ZCDS4
2008-07-13T18:38:32,310505000,TAHITIAN-PRINCESS,GLACIER BAY,58.37442,-135.990565,20,24,10.1,0,9187899,ZCDS4
2008-07-13T18:38:23,310505000,TAHITIAN-PRINCESS,GLACIER BAY,58.374035,-135.9908883,20,24,10.2,0,9187899,ZCDS4
2008-07-13T18:38:12,310505000,TAHITIAN-PRINCESS,GLACIER BAY,58.37356333,-135.9912833,20,24,10.2,0,9187899,ZCDS4
2008-07-13T18:38:03,310505000,TAHITIAN-PRINCESS,GLACIER BAY,58.37317833,-135.991615,20,24,10.2,0,9187899,ZCDS4
2008-07-13T18:37:51,310505000,TAHITIAN-PRINCESS,GLACIER BAY,58.37270667,-135.992015,20,24,10.2,0,9187899,ZCDS4
2008-07-13T18:37:42,310505000,TAHITIAN-PRINCESS,GLACIER BAY,58.37227667,-135.9923783,20,24,10.2,0,9187899,ZCDS4
2008-07-13T18:37:31,310505000,TAHITIAN-PRINCESS,GLACIER BAY,58.37184333,-135.9927417,20,24,10.3,0,9187899,ZCDS4
2008-07-13T18:37:22,310505000,TAHITIAN-PRINCESS,GLACIER BAY,58.371455,-135.99307,20,24,10.3,0,9187899,ZCDS4
2008-07-13T18:37:12,310505000,TAHITIAN-PRINCESS,GLACIER BAY,58.37098,-135.99348,20,24,10.3,0,9187899,ZCDS4
2008-07-13T18:37:04,310505000,TAHITIAN-PRINCESS,GLACIER BAY,58.37058833,-135.993815,20,25,10.3,0,9187899,ZCDS4
2008-07-13T18:36:51,310505000,TAHITIAN-PRINCESS,GLACIER BAY,58.37011,-135.9942317,20,24,10.4,0,9187899,ZCDS4
2008-07-13T18:36:42,310505000,TAHITIAN-PRINCESS,GLACIER BAY,58.369675,-135.9946117,20,25,10.4,0,9187899,ZCDS4
2008-07-13T18:36:31,310505000,TAHITIAN-PRINCESS,GLACIER BAY,58.36923833,-135.9950017,20,25,10.5,0,9187899,ZCDS4
2008-07-13T18:36:22,310505000,TAHITIAN-PRINCESS,GLACIER BAY,58.36884,-135.9953433,20,25,10.6,0,9187899,ZCDS4
2008-07-13T18:36:12,310505000,TAHITIAN-PRINCESS,GLACIER BAY,58.36834833,-135.9957533,21,26,10.7,0,9187899,ZCDS4
2008-07-13T18:36:02,310505000,TAHITIAN-PRINCESS,GLACIER BAY,58.36794,-135.9960833,22,27,10.7,0,9187899,ZCDS4
2008-07-13T18:35:51,310505000,TAHITIAN-PRINCESS,GLACIER BAY,58.36744,-135.9964983,23,30,10.8,0,9187899,ZCDS4
2008-07-13T18:35:42,310505000,TAHITIAN-PRINCESS,GLACIER BAY,58.36698667,-135.996905,25,31,10.9,0,9187899,ZCDS4
2008-07-13T18:35:31,310505000,TAHITIAN-PRINCESS,GLACIER BAY,58.366535,-135.9973383,27,33,11.1,0,9187899,ZCDS4
2008-07-13T18:35:12,310505000,TAHITIAN-PRINCESS,GLACIER BAY,58.36565167,-135.9983333,29,36,11.2,0,9187899,ZCDS4
2008-07-13T18:35:03,310505000,TAHITIAN-PRINCESS,GLACIER BAY,58.36518167,-135.99895,30,37,11.4,0,9187899,ZCDS4
2008-07-13T18:34:52,310505000,TAHITIAN-PRINCESS,GLACIER BAY,58.3648,-135.9994783,30,38,11.4,0,9187899,ZCDS4
2008-07-13T18:34:32,310505000,TAHITIAN-PRINCESS,GLACIER BAY,58.36400667,-136.0006533,30,37,11.5,0,9187899,ZCDS4
2008-07-13T18:34:23,310505000,TAHITIAN-PRINCESS,GLACIER BAY,58.363585,-136.0012733,30,37,11.6,0,9187899,ZCDS4
2008-07-13T18:34:12,310505000,TAHITIAN-PRINCESS,GLACIER BAY,58.36311333,-136.0019433,30,37,11.6,0,9187899,ZCDS4
2008-07-13T18:34:01,310505000,TAHITIAN-PRINCESS,GLACIER BAY,58.36264,-136.0026167,30,37,11.7,0,9187899,ZCDS4
2008-07-13T18:33:52,310505000,TAHITIAN-PRINCESS,GLACIER BAY,58.36225333,-136.0031717,30,37,11.7,0,9187899,ZCDS4
2008-07-13T18:33:41,310505000,TAHITIAN-PRINCESS,GLACIER BAY,58.36181833,-136.00378,30,37,11.7,0,9187899,ZCDS4
2008-07-13T18:33:32,310505000,TAHITIAN-PRINCESS,GLACIER BAY,58.36143,-136.0043317,30,37,11.7,0,9187899,ZCDS4
2008-07-13T18:33:01,310505000,TAHITIAN-PRINCESS,GLACIER BAY,58.360045,-136.0062933,30,36,11.7,0,9187899,ZCDS4
2008-07-13T18:32:51,310505000,TAHITIAN-PRINCESS,GLACIER BAY,58.359655,-136.0068433,30,36,11.7,0,9187899,ZCDS4
2008-07-13T18:32:49,310505000,TAHITIAN-PRINCESS,GLACIER BAY,58.35922333,-136.00746,0,0,0.0,0,9187899,ZCDS4
2008-07-13T18:32:42,310505000,TAHITIAN-PRINCESS,GLACIER BAY,58.35922333,-136.00746,30,36,11.7,0,9187899,ZCDS4
2008-07-13T18:32:32,310505000,TAHITIAN-PRINCESS,GLACIER BAY,58.35883333,-136.0080083,30,36,11.7,0,9187899,ZCDS4
2008-07-13T18:32:00,310505000,TAHITIAN-PRINCESS,GLACIER BAY,58.35744667,-136.0099583,29,36,11.7,0,9187899,ZCDS4
2008-07-13T18:31:41,310505000,TAHITIAN-PRINCESS,GLACIER BAY,58.356615,-136.011105,30,36,11.7,0,9187899,ZCDS4
2008-07-13T18:31:32,310505000,TAHITIAN-PRINCESS,GLACIER BAY,58.35622333,-136.0116467,30,37,11.7,0,9187899,ZCDS4
2008-07-13T18:31:11,310505000,TAHITIAN-PRINCESS,GLACIER BAY,58.35531333,-136.01293,30,36,11.6,0,9187899,ZCDS4
2008-07-13T18:31:01,310505000,TAHITIAN-PRINCESS,GLACIER BAY,58.354835,-136.0135867,30,36,11.6,0,9187899,ZCDS4
2008-07-13T18:30:52,310505000,TAHITIAN-PRINCESS,GLACIER BAY,58.35444,-136.0141133,30,37,11.6,0,9187899,ZCDS4
2008-07-13T18:30:41,310505000,TAHITIAN-PRINCESS,GLACIER BAY,58.354005,-136.0147033,31,37,11.6,0,9187899,ZCDS4
2008-07-13T18:30:32,310505000,TAHITIAN-PRINCESS,GLACIER BAY,58.35361667,-136.0152383,31,38,11.6,0,9187899,ZCDS4
2008-07-13T18:30:22,310505000,TAHITIAN-PRINCESS,GLACIER BAY,58.35313667,-136.0158867,32,38,11.6,0,9187899,ZCDS4
2008-07-13T18:30:11,310505000,TAHITIAN-PRINCESS,GLACIER BAY,58.3527,-136.01647,34,39,11.6,0,9187899,ZCDS4
2008-07-13T18:30:01,310505000,TAHITIAN-PRINCESS,GLACIER BAY,58.35222333,-136.0171283,35,40,11.6,0,9187899,ZCDS4
2008-07-13T18:29:52,310505000,TAHITIAN-PRINCESS,GLACIER BAY,58.35185,-136.0177083,35,40,11.6,0,9187899,ZCDS4
2008-07-13T18:29:42,310505000,TAHITIAN-PRINCESS,GLACIER BAY,58.35144667,-136.0183717,35,40,11.5,0,9187899,ZCDS4
2008-07-13T18:29:22,310505000,TAHITIAN-PRINCESS,GLACIER BAY,58.35063833,-136.0196883,35,40,11.5,0,9187899,ZCDS4
2008-07-13T18:29:01,310505000,TAHITIAN-PRINCESS,GLACIER BAY,58.34978833,-136.021065,35,40,11.5,0,9187899,ZCDS4
2008-07-13T18:28:52,310505000,TAHITIAN-PRINCESS,GLACIER BAY,58.34946333,-136.0215817,35,40,11.5,0,9187899,ZCDS4
2008-07-13T18:28:21,310505000,TAHITIAN-PRINCESS,GLACIER BAY,58.34817,-136.0236517,35,41,11.4,0,9187899,ZCDS4
2008-07-13T18:28:11,310505000,TAHITIAN-PRINCESS,GLACIER BAY,58.34780667,-136.0242333,35,40,11.4,0,9187899,ZCDS4
2008-07-13T18:27:42,310505000,TAHITIAN-PRINCESS,GLACIER BAY,58.34660167,-136.0261667,35,41,11.3,0,9187899,ZCDS4
2008-07-13T18:27:21,310505000,TAHITIAN-PRINCESS,GLACIER BAY,58.34575833,-136.0275083,36,42,11.3,0,9187899,ZCDS4
2008-07-13T18:27:02,310505000,TAHITIAN-PRINCESS,GLACIER BAY,58.34502833,-136.0286383,39,43,11.3,0,9187899,ZCDS4
2008-07-13T18:26:52,310505000,TAHITIAN-PRINCESS,GLACIER BAY,58.34463333,-136.02929,40,45,11.3,0,9187899,ZCDS4
2008-07-13T18:26:48,310505000,TAHITIAN-PRINCESS,GLACIER BAY,58.34344167,-136.0315067,0,0,0.0,0,9187899,ZCDS4
2008-07-13T18:26:21,310505000,TAHITIAN-PRINCESS,GLACIER BAY,58.34344167,-136.0315067,40,46,11.3,0,9187899,ZCDS4
2008-07-13T18:26:16,310505000,TAHITIAN-PRINCESS,GLACIER BAY,58.343215,-136.0319167,41,46,11.3,0,9187899,ZCDS4
2008-07-13T18:26:09,310505000,TAHITIAN-PRINCESS,GLACIER BAY,58.34298667,-136.0323217,42,47,11.3,0,9187899,ZCDS4
2008-07-13T18:26:02,310505000,TAHITIAN-PRINCESS,GLACIER BAY,58.34275833,-136.0327317,42,48,11.3,0,9187899,ZCDS4
2008-07-13T18:25:52,310505000,TAHITIAN-PRINCESS,GLACIER BAY,58.342375,-136.0334117,44,50,11.3,0,9187899,ZCDS4
2008-07-13T18:25:41,310505000,TAHITIAN-PRINCESS,GLACIER BAY,58.34197,-136.0341933,46,51,11.3,0,9187899,ZCDS4
2008-07-13T18:25:31,310505000,TAHITIAN-PRINCESS,GLACIER BAY,58.341615,-136.03493,48,53,11.4,0,9187899,ZCDS4
2008-07-13T18:25:14,310505000,TAHITIAN-PRINCESS,GLACIER BAY,58.34103167,-136.03622,50,55,11.4,0,9187899,ZCDS4
2008-07-13T18:25:11,310505000,TAHITIAN-PRINCESS,GLACIER BAY,58.34089833,-136.0365317,51,56,11.4,0,9187899,ZCDS4
2008-07-13T18:25:08,310505000,TAHITIAN-PRINCESS,GLACIER BAY,58.3408,-136.036765,52,56,11.4,0,9187899,ZCDS4
2008-07-13T18:25:07,310505000,TAHITIAN-PRINCESS,GLACIER BAY,58.34070167,-136.0370017,52,57,11.4,0,9187899,ZCDS4
2008-07-13T18:25:02,310505000,TAHITIAN-PRINCESS,GLACIER BAY,58.34063667,-136.03716,52,57,11.4,0,9187899,ZCDS4
2008-07-13T18:24:58,310505000,TAHITIAN-PRINCESS,GLACIER BAY,58.34051,-136.0374817,53,57,11.4,0,9187899,ZCDS4
2008-07-13T18:24:41,310505000,TAHITIAN-PRINCESS,GLACIER BAY,58.33997167,-136.0388567,56,60,11.4,0,9187899,ZCDS4
2008-07-13T18:24:31,310505000,TAHITIAN-PRINCESS,GLACIER BAY,58.339675,-136.0396933,58,61,11.5,0,9187899,ZCDS4
2008-07-13T18:24:21,310505000,TAHITIAN-PRINCESS,GLACIER BAY,58.33937667,-136.0406467,58,62,11.5,0,9187899,ZCDS4
2008-07-13T18:24:11,310505000,TAHITIAN-PRINCESS,GLACIER BAY,58.33911167,-136.04152,59,63,11.5,0,9187899,ZCDS4
2008-07-13T18:24:03,310505000,TAHITIAN-PRINCESS,GLACIER BAY,58.3389,-136.0422217,60,63,11.5,0,9187899,ZCDS4
2008-07-13T18:23:52,310505000,TAHITIAN-PRINCESS,GLACIER BAY,58.33864,-136.043105,61,64,11.5,0,9187899,ZCDS4
2008-07-13T18:23:42,310505000,TAHITIAN-PRINCESS,GLACIER BAY,58.33836667,-136.0440883,62,65,11.5,0,9187899,ZCDS4
2008-07-13T18:23:31,310505000,TAHITIAN-PRINCESS,GLACIER BAY,58.33812833,-136.0449933,63,65,11.5,0,9187899,ZCDS4
2008-07-13T18:23:10,310505000,TAHITIAN-PRINCESS,GLACIER BAY,58.33763167,-136.0469,65,67,11.5,0,9187899,ZCDS4
2008-07-13T18:23:02,310505000,TAHITIAN-PRINCESS,GLACIER BAY,58.33746167,-136.0476417,65,67,11.5,0,9187899,ZCDS4
2008-07-13T18:22:52,310505000,TAHITIAN-PRINCESS,GLACIER BAY,58.33725833,-136.0485767,65,67,11.5,0,9187899,ZCDS4
2008-07-13T18:22:31,310505000,TAHITIAN-PRINCESS,GLACIER BAY,58.33681833,-136.05053,65,67,11.5,0,9187899,ZCDS4
2008-07-13T18:22:22,310505000,TAHITIAN-PRINCESS,GLACIER BAY,58.33659,-136.0515533,65,67,11.5,0,9187899,ZCDS4
2008-07-13T18:22:11,310505000,TAHITIAN-PRINCESS,GLACIER BAY,58.33640333,-136.0523933,65,67,11.5,0,9187899,ZCDS4
2008-07-13T18:21:52,310505000,TAHITIAN-PRINCESS,GLACIER BAY,58.33601333,-136.054165,65,67,11.5,0,9187899,ZCDS4
2008-07-13T18:21:42,310505000,TAHITIAN-PRINCESS,GLACIER BAY,58.335785,-136.0551917,65,67,11.5,0,9187899,ZCDS4
2008-07-13T18:21:22,310505000,TAHITIAN-PRINCESS,GLACIER BAY,58.335365,-136.05705,65,67,11.5,0,9187899,ZCDS4
2008-07-13T18:21:12,310505000,TAHITIAN-PRINCESS,GLACIER BAY,58.33516,-136.0579817,65,67,11.5,0,9187899,ZCDS4
2008-07-13T18:21:02,310505000,TAHITIAN-PRINCESS,GLACIER BAY,58.334975,-136.05882,65,67,11.5,0,9187899,ZCDS4
2008-07-13T18:20:52,310505000,TAHITIAN-PRINCESS,GLACIER BAY,58.33477167,-136.0597533,65,67,11.5,0,9187899,ZCDS4
2008-07-13T18:20:48,310505000,TAHITIAN-PRINCESS,GLACIER BAY,58.33454667,-136.0607767,0,0,0.0,0,9187899,ZCDS4
2008-07-13T18:20:42,310505000,TAHITIAN-PRINCESS,GLACIER BAY,58.33454667,-136.0607767,65,67,11.5,0,9187899,ZCDS4
2008-07-13T18:20:22,310505000,TAHITIAN-PRINCESS,GLACIER BAY,58.33413667,-136.0626367,65,67,11.5,0,9187899,ZCDS4
2008-07-13T18:19:53,310505000,TAHITIAN-PRINCESS,GLACIER BAY,58.33354333,-136.0653317,65,67,11.5,0,9187899,ZCDS4
2008-07-13T18:19:42,310505000,TAHITIAN-PRINCESS,GLACIER BAY,58.33332,-136.0663533,65,67,11.5,0,9187899,ZCDS4
2008-07-13T18:19:22,310505000,TAHITIAN-PRINCESS,GLACIER BAY,58.33291333,-136.0682133,65,68,11.5,0,9187899,ZCDS4
2008-07-13T18:19:11,310505000,TAHITIAN-PRINCESS,GLACIER BAY,58.332705,-136.0691383,65,68,11.5,0,9187899,ZCDS4
2008-07-13T18:19:01,310505000,TAHITIAN-PRINCESS,GLACIER BAY,58.33249167,-136.070065,66,69,11.5,0,9187899,ZCDS4
2008-07-13T18:18:53,310505000,TAHITIAN-PRINCESS,GLACIER BAY,58.332295,-136.0708967,67,70,11.5,0,9187899,ZCDS4
2008-07-13T18:18:42,310505000,TAHITIAN-PRINCESS,GLACIER BAY,58.33205167,-136.071915,69,72,11.5,0,9187899,ZCDS4
2008-07-13T18:18:31,310505000,TAHITIAN-PRINCESS,GLACIER BAY,58.33183333,-136.072955,71,73,11.5,0,9187899,ZCDS4
2008-07-13T18:18:22,310505000,TAHITIAN-PRINCESS,GLACIER BAY,58.33168167,-136.0738217,71,74,11.6,0,9187899,ZCDS4
2008-07-13T18:18:12,310505000,TAHITIAN-PRINCESS,GLACIER BAY,58.33153333,-136.0747967,71,73,11.6,0,9187899,ZCDS4
2008-07-13T18:18:02,310505000,TAHITIAN-PRINCESS,GLACIER BAY,58.33138333,-136.0757717,71,73,11.6,0,9187899,ZCDS4
2008-07-13T18:17:54,310505000,TAHITIAN-PRINCESS,GLACIER BAY,58.331245,-136.0766483,71,73,11.6,0,9187899,ZCDS4
2008-07-13T18:17:42,310505000,TAHITIAN-PRINCESS,GLACIER BAY,58.33107167,-136.0777183,71,73,11.6,0,9187899,ZCDS4
2008-07-13T18:17:22,310505000,TAHITIAN-PRINCESS,GLACIER BAY,58.33075833,-136.0796667,71,73,11.6,0,9187899,ZCDS4
2008-07-13T18:17:12,310505000,TAHITIAN-PRINCESS,GLACIER BAY,58.330605,-136.0806433,71,73,11.6,0,9187899,ZCDS4
2008-07-13T18:17:02,310505000,TAHITIAN-PRINCESS,GLACIER BAY,58.330455,-136.0816217,71,73,11.6,0,9187899,ZCDS4
2008-07-13T18:16:52,310505000,TAHITIAN-PRINCESS,GLACIER BAY,58.330315,-136.0825,70,73,11.6,0,9187899,ZCDS4
2008-07-13T18:16:42,310505000,TAHITIAN-PRINCESS,GLACIER BAY,58.33014167,-136.083575,71,73,11.6,0,9187899,ZCDS4
2008-07-13T18:16:31,310505000,TAHITIAN-PRINCESS,GLACIER BAY,58.329965,-136.08465,71,74,11.7,0,9187899,ZCDS4
2008-07-13T18:16:25,310505000,TAHITIAN-PRINCESS,GLACIER BAY,58.32982667,-136.0855333,71,74,11.7,0,9187899,ZCDS4
2008-07-13T18:16:12,310505000,TAHITIAN-PRINCESS,GLACIER BAY,58.32967833,-136.0865183,71,74,11.7,0,9187899,ZCDS4
2008-07-13T18:16:02,310505000,TAHITIAN-PRINCESS,GLACIER BAY,58.32953333,-136.0875067,71,74,11.7,0,9187899,ZCDS4
2008-07-13T18:15:42,310505000,TAHITIAN-PRINCESS,GLACIER BAY,58.32924333,-136.0894817,71,73,11.7,0,9187899,ZCDS4
2008-07-13T18:15:22,310505000,TAHITIAN-PRINCESS,GLACIER BAY,58.32893,-136.0914433,71,73,11.7,0,9187899,ZCDS4
2008-07-13T18:15:11,310505000,TAHITIAN-PRINCESS,GLACIER BAY,58.32877333,-136.092425,71,74,11.7,0,9187899,ZCDS4
2008-07-13T18:14:53,310505000,TAHITIAN-PRINCESS,GLACIER BAY,58.328485,-136.0942967,71,74,11.7,0,9187899,ZCDS4
2008-07-13T18:14:49,310505000,TAHITIAN-PRINCESS,GLACIER BAY,58.32831167,-136.0954817,0,0,0.0,0,9187899,ZCDS4
2008-07-13T18:14:40,310505000,TAHITIAN-PRINCESS,GLACIER BAY,58.32831167,-136.0954817,70,73,11.7,0,9187899,ZCDS4
2008-07-13T18:14:31,310505000,TAHITIAN-PRINCESS,GLACIER BAY,58.32816,-136.0964667,70,73,11.7,0,9187899,ZCDS4
2008-07-13T18:14:22,310505000,TAHITIAN-PRINCESS,GLACIER BAY,58.32803333,-136.09725,70,73,11.7,0,9187899,ZCDS4
2008-07-13T18:14:12,310505000,TAHITIAN-PRINCESS,GLACIER BAY,58.32785667,-136.0983283,71,74,11.7,0,9187899,ZCDS4
2008-07-13T18:13:52,310505000,TAHITIAN-PRINCESS,GLACIER BAY,58.32756333,-136.1001967,71,74,11.7,0,9187899,ZCDS4
2008-07-13T18:13:40,310505000,TAHITIAN-PRINCESS,GLACIER BAY,58.32738333,-136.10138,71,74,11.7,0,9187899,ZCDS4
2008-07-13T18:13:23,310505000,TAHITIAN-PRINCESS,GLACIER BAY,58.32711,-136.1031533,71,74,11.7,0,9187899,ZCDS4
2008-07-13T18:13:01,310505000,TAHITIAN-PRINCESS,GLACIER BAY,58.32679,-136.10522,71,73,11.7,0,9187899,ZCDS4
2008-07-13T18:12:52,310505000,TAHITIAN-PRINCESS,GLACIER BAY,58.32665333,-136.1061067,71,73,11.7,0,9187899,ZCDS4
2008-07-13T18:12:32,310505000,TAHITIAN-PRINCESS,GLACIER BAY,58.32634167,-136.1080717,71,73,11.7,0,9187899,ZCDS4
2008-07-13T18:12:22,310505000,TAHITIAN-PRINCESS,GLACIER BAY,58.326185,-136.109055,71,73,11.7,0,9187899,ZCDS4
2008-07-13T18:11:52,310505000,TAHITIAN-PRINCESS,GLACIER BAY,58.32572333,-136.112015,71,73,11.8,0,9187899,ZCDS4
2008-07-13T18:11:41,310505000,TAHITIAN-PRINCESS,GLACIER BAY,58.32553833,-136.1132017,71,73,11.8,0,9187899,ZCDS4
2008-07-13T18:11:33,310505000,TAHITIAN-PRINCESS,GLACIER BAY,58.325415,-136.113995,71,73,11.8,0,9187899,ZCDS4
2008-07-13T18:11:22,310505000,TAHITIAN-PRINCESS,GLACIER BAY,58.32525667,-136.1149833,71,73,11.8,0,9187899,ZCDS4
2008-07-13T18:11:12,310505000,TAHITIAN-PRINCESS,GLACIER BAY,58.3251,-136.115975,71,73,11.8,0,9187899,ZCDS4
2008-07-13T18:11:02,310505000,TAHITIAN-PRINCESS,GLACIER BAY,58.32492333,-136.1170633,71,73,11.8,0,9187899,ZCDS4
2008-07-13T18:10:53,310505000,TAHITIAN-PRINCESS,GLACIER BAY,58.32476167,-136.1180517,71,74,11.8,0,9187899,ZCDS4
2008-07-13T18:10:42,310505000,TAHITIAN-PRINCESS,GLACIER BAY,58.32459,-136.1191433,71,74,11.8,0,9187899,ZCDS4
2008-07-13T18:10:23,310505000,TAHITIAN-PRINCESS,GLACIER BAY,58.32431667,-136.1209317,71,73,11.8,0,9187899,ZCDS4
2008-07-13T18:10:13,310505000,TAHITIAN-PRINCESS,GLACIER BAY,58.32416333,-136.121925,71,73,11.8,0,9187899,ZCDS4
2008-07-13T18:09:52,310505000,TAHITIAN-PRINCESS,GLACIER BAY,58.323835,-136.12401,71,73,11.8,0,9187899,ZCDS4
2008-07-13T18:09:32,310505000,TAHITIAN-PRINCESS,GLACIER BAY,58.32353167,-136.1258933,71,73,11.8,0,9187899,ZCDS4
2008-07-13T18:09:01,310505000,TAHITIAN-PRINCESS,GLACIER BAY,58.32302167,-136.1289617,71,72,11.8,0,9187899,ZCDS4
2008-07-13T18:08:52,310505000,TAHITIAN-PRINCESS,GLACIER BAY,58.32286,-136.12995,71,73,11.8,0,9187899,ZCDS4
2008-07-13T18:08:48,310505000,TAHITIAN-PRINCESS,GLACIER BAY,58.32269667,-136.130935,0,0,0.0,0,9187899,ZCDS4
2008-07-13T18:08:42,310505000,TAHITIAN-PRINCESS,GLACIER BAY,58.32269667,-136.130935,71,72,11.8,0,9187899,ZCDS4
2008-07-13T18:08:02,310505000,TAHITIAN-PRINCESS,GLACIER BAY,58.322035,-136.1348533,71,72,11.7,0,9187899,ZCDS4
2008-07-13T18:07:41,310505000,TAHITIAN-PRINCESS,GLACIER BAY,58.321695,-136.1368,71,72,11.7,0,9187899,ZCDS4
2008-07-13T18:07:32,310505000,TAHITIAN-PRINCESS,GLACIER BAY,58.321545,-136.1376767,71,72,11.6,0,9187899,ZCDS4
2008-07-13T18:07:13,310505000,TAHITIAN-PRINCESS,GLACIER BAY,58.32121167,-136.1396167,71,72,11.6,0,9187899,ZCDS4
2008-07-13T18:06:52,310505000,TAHITIAN-PRINCESS,GLACIER BAY,58.320865,-136.1416483,71,72,11.5,0,9187899,ZCDS4
2008-07-13T18:06:32,310505000,TAHITIAN-PRINCESS,GLACIER BAY,58.32055,-136.1434767,71,72,11.5,0,9187899,ZCDS4
2008-07-13T18:06:22,310505000,TAHITIAN-PRINCESS,GLACIER BAY,58.320385,-136.1444367,71,72,11.5,0,9187899,ZCDS4
2008-07-13T18:05:52,310505000,TAHITIAN-PRINCESS,GLACIER BAY,58.31988333,-136.1474,71,72,11.4,0,9187899,ZCDS4
2008-07-13T18:05:32,310505000,TAHITIAN-PRINCESS,GLACIER BAY,58.31956167,-136.1492967,71,72,11.3,0,9187899,ZCDS4
2008-07-13T18:05:03,310505000,TAHITIAN-PRINCESS,GLACIER BAY,58.319085,-136.1521183,71,72,11.2,0,9187899,ZCDS4
2008-07-13T18:04:24,310505000,TAHITIAN-PRINCESS,GLACIER BAY,58.31846,-136.1557483,71,73,11.1,0,9187899,ZCDS4
2008-07-13T18:04:12,310505000,TAHITIAN-PRINCESS,GLACIER BAY,58.31829167,-136.156775,71,72,11.1,0,9187899,ZCDS4
2008-07-13T18:03:42,310505000,TAHITIAN-PRINCESS,GLACIER BAY,58.31782833,-136.1595717,71,72,11.2,0,9187899,ZCDS4
2008-07-13T18:03:32,310505000,TAHITIAN-PRINCESS,GLACIER BAY,58.317675,-136.1605067,71,72,11.2,0,9187899,ZCDS4
2008-07-13T18:03:03,310505000,TAHITIAN-PRINCESS,GLACIER BAY,58.31719333,-136.163305,71,72,11.2,0,9187899,ZCDS4
2008-07-13T18:02:48,310505000,TAHITIAN-PRINCESS,GLACIER BAY,58.31624167,-136.168925,0,0,0.0,0,9187899,ZCDS4
2008-07-13T18:02:03,310505000,TAHITIAN-PRINCESS,GLACIER BAY,58.31624167,-136.168925,71,72,11.2,0,9187899,ZCDS4
2008-07-13T18:01:51,310505000,TAHITIAN-PRINCESS,GLACIER BAY,58.31607,-136.1699533,71,72,11.2,0,9187899,ZCDS4
2008-07-13T18:01:42,310505000,TAHITIAN-PRINCESS,GLACIER BAY,58.31592833,-136.1707967,71,72,11.2,0,9187899,ZCDS4
2008-07-13T18:01:22,310505000,TAHITIAN-PRINCESS,GLACIER BAY,58.31563333,-136.1725833,70,72,11.3,0,9187899,ZCDS4
2008-07-13T18:01:14,310505000,TAHITIAN-PRINCESS,GLACIER BAY,58.31545667,-136.1736183,70,71,11.3,0,9187899,ZCDS4
2008-07-13T18:01:01,310505000,TAHITIAN-PRINCESS,GLACIER BAY,58.31529167,-136.17456,70,72,11.4,0,9187899,ZCDS4
2008-07-13T18:00:22,310505000,TAHITIAN-PRINCESS,GLACIER BAY,58.31463333,-136.1782667,71,74,11.5,0,9187899,ZCDS4
2008-07-13T18:00:01,310505000,TAHITIAN-PRINCESS,GLACIER BAY,58.31432333,-136.1803033,71,74,11.5,0,9187899,ZCDS4
2008-07-13T17:59:53,310505000,TAHITIAN-PRINCESS,GLACIER BAY,58.31417833,-136.1812733,71,74,11.5,0,9187899,ZCDS4
2008-07-13T17:59:42,310505000,TAHITIAN-PRINCESS,GLACIER BAY,58.31402833,-136.1822433,71,74,11.5,0,9187899,ZCDS4
2008-07-13T17:59:12,310505000,TAHITIAN-PRINCESS,GLACIER BAY,58.31358333,-136.1851633,71,74,11.6,0,9187899,ZCDS4
2008-07-13T17:59:01,310505000,TAHITIAN-PRINCESS,GLACIER BAY,58.31343833,-136.1861417,71,74,11.6,0,9187899,ZCDS4
2008-07-13T17:58:44,310505000,TAHITIAN-PRINCESS,GLACIER BAY,58.313145,-136.188,71,74,11.7,0,9187899,ZCDS4
2008-07-13T17:58:32,310505000,TAHITIAN-PRINCESS,GLACIER BAY,58.31296667,-136.1890767,72,74,11.7,0,9187899,ZCDS4
2008-07-13T17:58:22,310505000,TAHITIAN-PRINCESS,GLACIER BAY,58.31282,-136.1900633,71,74,11.7,0,9187899,ZCDS4
2008-07-13T17:58:12,310505000,TAHITIAN-PRINCESS,GLACIER BAY,58.31267,-136.1910483,71,74,11.7,0,9187899,ZCDS4
2008-07-13T17:58:01,310505000,TAHITIAN-PRINCESS,GLACIER BAY,58.31251833,-136.1920367,71,73,11.7,0,9187899,ZCDS4
2008-07-13T17:57:52,310505000,TAHITIAN-PRINCESS,GLACIER BAY,58.31236167,-136.1930217,71,74,11.8,0,9187899,ZCDS4
2008-07-13T17:57:42,310505000,TAHITIAN-PRINCESS,GLACIER BAY,58.312225,-136.1939133,71,73,11.8,0,9187899,ZCDS4
2008-07-13T17:57:32,310505000,TAHITIAN-PRINCESS,GLACIER BAY,58.31207167,-136.1949033,71,74,11.8,0,9187899,ZCDS4
2008-07-13T17:57:12,310505000,TAHITIAN-PRINCESS,GLACIER BAY,58.31175667,-136.1969983,71,73,11.9,0,9187899,ZCDS4
2008-07-13T17:57:01,310505000,TAHITIAN-PRINCESS,GLACIER BAY,58.31159333,-136.1979933,71,73,11.9,0,9187899,ZCDS4
2008-07-13T17:56:42,310505000,TAHITIAN-PRINCESS,GLACIER BAY,58.311295,-136.1998983,71,73,12.0,0,9187899,ZCDS4
2008-07-13T17:56:33,310505000,TAHITIAN-PRINCESS,GLACIER BAY,58.31113167,-136.2009017,71,74,12.0,0,9187899,ZCDS4
2008-07-13T17:56:03,310505000,TAHITIAN-PRINCESS,GLACIER BAY,58.31065333,-136.204035,71,74,12.0,0,9187899,ZCDS4
2008-07-13T17:55:43,310505000,TAHITIAN-PRINCESS,GLACIER BAY,58.31033,-136.2059433,73,75,12.0,0,9187899,ZCDS4
2008-07-13T17:55:32,310505000,TAHITIAN-PRINCESS,GLACIER BAY,58.31017667,-136.2069583,73,75,12.0,0,9187899,ZCDS4
2008-07-13T17:55:23,310505000,TAHITIAN-PRINCESS,GLACIER BAY,58.31001667,-136.2080783,73,75,12.1,0,9187899,ZCDS4
2008-07-13T17:55:12,310505000,TAHITIAN-PRINCESS,GLACIER BAY,58.30987333,-136.2091,73,75,12.1,0,9187899,ZCDS4
2008-07-13T17:55:01,310505000,TAHITIAN-PRINCESS,GLACIER BAY,58.309725,-136.21012,73,75,12.1,0,9187899,ZCDS4
2008-07-13T17:54:52,310505000,TAHITIAN-PRINCESS,GLACIER BAY,58.30958,-136.2111433,73,75,12.1,0,9187899,ZCDS4
2008-07-13T17:54:43,310505000,TAHITIAN-PRINCESS,GLACIER BAY,58.30943667,-136.2121683,73,75,12.1,0,9187899,ZCDS4
2008-07-13T17:54:33,310505000,TAHITIAN-PRINCESS,GLACIER BAY,58.30931,-136.2130933,73,75,12.1,0,9187899,ZCDS4
2008-07-13T17:54:11,310505000,TAHITIAN-PRINCESS,GLACIER BAY,58.30900667,-136.2152533,73,74,12.2,0,9187899,ZCDS4
2008-07-13T17:54:02,310505000,TAHITIAN-PRINCESS,GLACIER BAY,58.30885333,-136.2162817,73,75,12.2,0,9187899,ZCDS4
2008-07-13T17:53:32,310505000,TAHITIAN-PRINCESS,GLACIER BAY,58.30840667,-136.219265,73,74,12.2,0,9187899,ZCDS4
2008-07-13T17:53:12,310505000,TAHITIAN-PRINCESS,GLACIER BAY,58.30809167,-136.2214333,73,74,12.2,0,9187899,ZCDS4
2008-07-13T17:53:02,310505000,TAHITIAN-PRINCESS,GLACIER BAY,58.30794333,-136.2224683,73,74,12.3,0,9187899,ZCDS4
2008-07-13T17:52:52,310505000,TAHITIAN-PRINCESS,GLACIER BAY,58.30780167,-136.2234,73,74,12.3,0,9187899,ZCDS4
2008-07-13T17:52:43,310505000,TAHITIAN-PRINCESS,GLACIER BAY,58.307635,-136.22454,73,74,12.3,0,9187899,ZCDS4
2008-07-13T17:52:11,310505000,TAHITIAN-PRINCESS,GLACIER BAY,58.30716333,-136.2276533,73,74,12.4,0,9187899,ZCDS4
2008-07-13T17:51:42,310505000,TAHITIAN-PRINCESS,GLACIER BAY,58.30670333,-136.2306883,74,74,12.5,0,9187899,ZCDS4
2008-07-13T17:51:33,310505000,TAHITIAN-PRINCESS,GLACIER BAY,58.30655167,-136.231745,73,74,12.5,0,9187899,ZCDS4
2008-07-13T17:51:02,310505000,TAHITIAN-PRINCESS,GLACIER BAY,58.30605667,-136.235015,73,73,12.6,0,9187899,ZCDS4
2008-07-13T17:50:52,310505000,TAHITIAN-PRINCESS,GLACIER BAY,58.30589667,-136.2359617,73,74,12.6,0,9187899,ZCDS4
2008-07-13T17:50:48,310505000,TAHITIAN-PRINCESS,GLACIER BAY,58.30571333,-136.2371233,0,0,0.0,0,9187899,ZCDS4
2008-07-13T17:50:41,310505000,TAHITIAN-PRINCESS,GLACIER BAY,58.30571333,-136.2371233,73,74,12.6,0,9187899,ZCDS4
2008-07-13T17:50:21,310505000,TAHITIAN-PRINCESS,GLACIER BAY,58.305395,-136.2392433,73,73,12.6,0,9187899,ZCDS4
2008-07-13T17:50:02,310505000,TAHITIAN-PRINCESS,GLACIER BAY,58.305045,-136.24135,73,73,12.6,0,9187899,ZCDS4
2008-07-13T17:49:52,310505000,TAHITIAN-PRINCESS,GLACIER BAY,58.304895,-136.2423,73,73,12.6,0,9187899,ZCDS4
2008-07-13T17:49:31,310505000,TAHITIAN-PRINCESS,GLACIER BAY,58.30452167,-136.2446233,73,73,12.6,0,9187899,ZCDS4
2008-07-13T17:49:21,310505000,TAHITIAN-PRINCESS,GLACIER BAY,58.30437,-136.245575,74,74,12.6,0,9187899,ZCDS4
2008-07-13T17:49:12,310505000,TAHITIAN-PRINCESS,GLACIER BAY,58.30418833,-136.2467417,74,74,12.6,0,9187899,ZCDS4
2008-07-13T17:49:02,310505000,TAHITIAN-PRINCESS,GLACIER BAY,58.30404167,-136.247695,73,74,12.6,0,9187899,ZCDS4
2008-07-13T17:48:41,310505000,TAHITIAN-PRINCESS,GLACIER BAY,58.30371833,-136.2498183,73,73,12.6,0,9187899,ZCDS4
2008-07-13T17:48:24,310505000,TAHITIAN-PRINCESS,GLACIER BAY,58.30337667,-136.251935,74,74,12.6,0,9187899,ZCDS4
2008-07-13T17:47:11,310505000,TAHITIAN-PRINCESS,GLACIER BAY,58.30218167,-136.259495,74,73,12.7,0,9187899,ZCDS4
2008-07-13T17:46:31,310505000,TAHITIAN-PRINCESS,GLACIER BAY,58.301515,-136.2637617,73,73,12.7,0,9187899,ZCDS4
2008-07-13T17:46:03,310505000,TAHITIAN-PRINCESS,GLACIER BAY,58.30101667,-136.2668417,73,73,12.6,0,9187899,ZCDS4
2008-07-13T17:45:11,310505000,TAHITIAN-PRINCESS,GLACIER BAY,58.300175,-136.2722667,73,74,12.6,0,9187899,ZCDS4
2008-07-13T17:45:03,310505000,TAHITIAN-PRINCESS,GLACIER BAY,58.30000667,-136.2733267,73,74,12.6,0,9187899,ZCDS4
2008-07-13T17:44:48,310505000,TAHITIAN-PRINCESS,GLACIER BAY,58.29938833,-136.2774733,0,0,0.0,0,9187899,ZCDS4
2008-07-13T17:44:21,310505000,TAHITIAN-PRINCESS,GLACIER BAY,58.29938833,-136.2774733,73,74,12.5,0,9187899,ZCDS4
2008-07-13T17:43:44,310505000,TAHITIAN-PRINCESS,GLACIER BAY,58.29877667,-136.2817133,73,74,12.5,0,9187899,ZCDS4
2008-07-13T17:42:51,310505000,TAHITIAN-PRINCESS,GLACIER BAY,58.297995,-136.2871,73,75,12.5,0,9187899,ZCDS4
2008-07-13T17:42:32,310505000,TAHITIAN-PRINCESS,GLACIER BAY,58.29771667,-136.289105,73,75,12.4,0,9187899,ZCDS4
2008-07-13T17:42:23,310505000,TAHITIAN-PRINCESS,GLACIER BAY,58.29757833,-136.2900517,73,75,12.4,0,9187899,ZCDS4
2008-07-13T17:41:51,310505000,TAHITIAN-PRINCESS,GLACIER BAY,58.29709,-136.29342,74,76,12.4,0,9187899,ZCDS4
2008-07-13T17:41:43,310505000,TAHITIAN-PRINCESS,GLACIER BAY,58.29696167,-136.2943717,74,76,12.4,0,9187899,ZCDS4
2008-07-13T17:41:30,310505000,TAHITIAN-PRINCESS,GLACIER BAY,58.29681167,-136.295535,73,75,12.4,0,9187899,ZCDS4
2008-07-13T17:41:01,310505000,TAHITIAN-PRINCESS,GLACIER BAY,58.29638667,-136.2987017,73,75,12.4,0,9187899,ZCDS4
2008-07-13T17:40:23,310505000,TAHITIAN-PRINCESS,GLACIER BAY,58.295845,-136.3027183,73,76,12.4,0,9187899,ZCDS4
2008-07-13T17:39:51,310505000,TAHITIAN-PRINCESS,GLACIER BAY,58.29539667,-136.3061083,74,76,12.4,0,9187899,ZCDS4
2008-07-13T17:39:33,310505000,TAHITIAN-PRINCESS,GLACIER BAY,58.29509333,-136.3082217,75,77,12.5,0,9187899,ZCDS4
2008-07-13T17:39:22,310505000,TAHITIAN-PRINCESS,GLACIER BAY,58.286,-136.316667,511,360,102.3,15,9187899,ZCDS4
2008-07-13T17:39:01,310505000,TAHITIAN-PRINCESS,GLACIER BAY,58.29471333,-136.3114217,75,77,12.5,0,9187899,ZCDS4
2008-07-13T17:38:48,310505000,TAHITIAN-PRINCESS,GLACIER BAY,58.29420833,-136.31559,0,0,0.0,0,9187899,ZCDS4
2008-07-13T17:38:21,310505000,TAHITIAN-PRINCESS,GLACIER BAY,58.29420833,-136.31559,75,77,12.5,0,9187899,ZCDS4
2008-07-13T17:38:11,310505000,TAHITIAN-PRINCESS,GLACIER BAY,58.29406,-136.3167683,75,77,12.6,0,9187899,ZCDS4
2008-07-13T17:37:11,310505000,TAHITIAN-PRINCESS,GLACIER BAY,58.29328167,-136.323245,75,76,12.7,0,9187899,ZCDS4
2008-07-13T17:36:51,310505000,TAHITIAN-PRINCESS,GLACIER BAY,58.29297667,-136.3254017,76,76,12.8,0,9187899,ZCDS4
2008-07-13T17:36:22,310505000,TAHITIAN-PRINCESS,GLACIER BAY,58.29253667,-136.328555,75,75,12.9,0,9187899,ZCDS4
2008-07-13T17:36:12,310505000,TAHITIAN-PRINCESS,GLACIER BAY,58.292355,-136.3297567,76,75,12.9,0,9187899,ZCDS4
2008-07-13T17:35:43,310505000,TAHITIAN-PRINCESS,GLACIER BAY,58.29191333,-136.3328267,75,74,13.0,0,9187899,ZCDS4
2008-07-13T17:35:32,310505000,TAHITIAN-PRINCESS,GLACIER BAY,58.291705,-136.33414,76,74,13.0,0,9187899,ZCDS4
2008-07-13T17:35:12,310505000,TAHITIAN-PRINCESS,GLACIER BAY,58.29140333,-136.3363517,75,74,13.1,0,9187899,ZCDS4
2008-07-13T17:34:30,310505000,TAHITIAN-PRINCESS,GLACIER BAY,58.290715,-136.34077,75,74,13.1,0,9187899,ZCDS4
2008-07-13T17:34:21,310505000,TAHITIAN-PRINCESS,GLACIER BAY,58.29054833,-136.34188,75,74,13.1,0,9187899,ZCDS4
2008-07-13T17:34:02,310505000,TAHITIAN-PRINCESS,GLACIER BAY,58.290245,-136.3439883,75,74,13.1,0,9187899,ZCDS4
2008-07-13T17:33:51,310505000,TAHITIAN-PRINCESS,GLACIER BAY,58.29006167,-136.345205,75,74,13.1,0,9187899,ZCDS4
2008-07-13T17:33:32,310505000,TAHITIAN-PRINCESS,GLACIER BAY,58.28974,-136.3473067,75,74,13.1,0,9187899,ZCDS4
2008-07-13T17:33:02,310505000,TAHITIAN-PRINCESS,GLACIER BAY,58.28923833,-136.3506333,75,74,13.2,0,9187899,ZCDS4
2008-07-13T17:32:51,310505000,TAHITIAN-PRINCESS,GLACIER BAY,58.289055,-136.3518567,75,74,13.2,0,9187899,ZCDS4
2008-07-13T17:32:49,310505000,TAHITIAN-PRINCESS,GLACIER BAY,58.28891167,-136.3528583,0,0,0.0,0,9187899,ZCDS4
2008-07-13T17:32:41,310505000,TAHITIAN-PRINCESS,GLACIER BAY,58.28891167,-136.3528583,75,74,13.2,0,9187899,ZCDS4
2008-07-13T17:32:21,310505000,TAHITIAN-PRINCESS,GLACIER BAY,58.28856167,-136.3551933,75,74,13.2,0,9187899,ZCDS4
2008-07-13T17:32:02,310505000,TAHITIAN-PRINCESS,GLACIER BAY,58.28824667,-136.3573133,75,74,13.3,0,9187899,ZCDS4
2008-07-13T17:31:51,310505000,TAHITIAN-PRINCESS,GLACIER BAY,58.28806667,-136.3585467,75,75,13.3,0,9187899,ZCDS4
2008-07-13T17:31:42,310505000,TAHITIAN-PRINCESS,GLACIER BAY,58.2879,-136.3596733,75,75,13.4,0,9187899,ZCDS4
2008-07-13T17:31:32,310505000,TAHITIAN-PRINCESS,GLACIER BAY,58.28775333,-136.3606883,75,75,13.4,0,9187899,ZCDS4
2008-07-13T17:31:21,310505000,TAHITIAN-PRINCESS,GLACIER BAY,58.28758333,-136.36194,75,76,13.4,0,9187899,ZCDS4
2008-07-13T17:31:11,310505000,TAHITIAN-PRINCESS,GLACIER BAY,58.28742833,-136.36308,75,76,13.5,0,9187899,ZCDS4
2008-07-13T17:31:02,310505000,TAHITIAN-PRINCESS,GLACIER BAY,58.28729167,-136.3641133,75,76,13.5,0,9187899,ZCDS4
2008-07-13T17:30:51,310505000,TAHITIAN-PRINCESS,GLACIER BAY,58.28712667,-136.3653767,75,77,13.5,0,9187899,ZCDS4
2008-07-13T17:30:41,310505000,TAHITIAN-PRINCESS,GLACIER BAY,58.28698833,-136.3665333,75,77,13.6,0,9187899,ZCDS4
2008-07-13T17:30:33,310505000,TAHITIAN-PRINCESS,GLACIER BAY,58.28686667,-136.3675767,75,77,13.6,0,9187899,ZCDS4
2008-07-13T17:30:11,310505000,TAHITIAN-PRINCESS,GLACIER BAY,58.28658167,-136.3700233,75,78,13.6,0,9187899,ZCDS4
2008-07-13T17:29:41,310505000,TAHITIAN-PRINCESS,GLACIER BAY,58.2862,-136.37355,75,79,13.7,0,9187899,ZCDS4
2008-07-13T17:29:23,310505000,TAHITIAN-PRINCESS,GLACIER BAY,58.28596333,-136.3759167,75,81,13.8,0,9187899,ZCDS4
2008-07-13T17:29:11,310505000,TAHITIAN-PRINCESS,GLACIER BAY,58.28586333,-136.3771083,75,81,13.7,0,9187899,ZCDS4
2008-07-13T17:28:32,310505000,TAHITIAN-PRINCESS,GLACIER BAY,58.28548667,-136.3817167,75,81,13.5,0,9187899,ZCDS4
2008-07-13T17:28:11,310505000,TAHITIAN-PRINCESS,GLACIER BAY,58.285255,-136.3841617,76,79,13.4,0,9187899,ZCDS4
2008-07-13T17:27:52,310505000,TAHITIAN-PRINCESS,GLACIER BAY,58.28504667,-136.3863617,75,76,13.4,0,9187899,ZCDS4
2008-07-13T17:27:41,310505000,TAHITIAN-PRINCESS,GLACIER BAY,58.284885,-136.3876117,75,75,13.3,0,9187899,ZCDS4
2008-07-13T17:27:33,310505000,TAHITIAN-PRINCESS,GLACIER BAY,58.28472667,-136.388625,76,76,13.3,0,9187899,ZCDS4
2008-07-13T17:27:22,310505000,TAHITIAN-PRINCESS,GLACIER BAY,58.28458667,-136.38976,76,75,13.3,0,9187899,ZCDS4
2008-07-13T17:27:11,310505000,TAHITIAN-PRINCESS,GLACIER BAY,58.28442667,-136.3910017,75,74,13.3,0,9187899,ZCDS4
2008-07-13T17:27:04,310505000,TAHITIAN-PRINCESS,GLACIER BAY,58.28425333,-136.3920017,76,74,13.3,0,9187899,ZCDS4
2008-07-13T17:26:47,310505000,TAHITIAN-PRINCESS,GLACIER BAY,58.28398667,-136.39379,0,0,0.0,0,9187899,ZCDS4
2008-07-13T17:26:46,310505000,TAHITIAN-PRINCESS,GLACIER BAY,58.28398667,-136.39379,76,73,13.2,0,9187899,ZCDS4
2008-07-13T17:26:35,310505000,TAHITIAN-PRINCESS,GLACIER BAY,58.28376667,-136.3952333,75,73,13.1,0,9187899,ZCDS4
2008-07-13T17:26:29,310505000,TAHITIAN-PRINCESS,GLACIER BAY,58.283675,-136.3957833,75,73,13.1,0,9187899,ZCDS4
2008-07-13T17:26:22,310505000,TAHITIAN-PRINCESS,GLACIER BAY,58.28357833,-136.3964483,75,72,13.1,0,9187899,ZCDS4
2008-07-13T17:26:16,310505000,TAHITIAN-PRINCESS,GLACIER BAY,58.28346333,-136.3971067,75,74,13.1,0,9187899,ZCDS4
2008-07-13T17:26:11,310505000,TAHITIAN-PRINCESS,GLACIER BAY,58.28335667,-136.39765,75,74,13.2,0,9187899,ZCDS4
2008-07-13T17:26:09,310505000,TAHITIAN-PRINCESS,GLACIER BAY,58.28331833,-136.39787,76,74,13.2,0,9187899,ZCDS4
2008-07-13T17:26:03,310505000,TAHITIAN-PRINCESS,GLACIER BAY,58.28323167,-136.3984233,76,74,13.2,0,9187899,ZCDS4
2008-07-13T17:25:57,310505000,TAHITIAN-PRINCESS,GLACIER BAY,58.28310333,-136.399195,77,75,13.3,0,9187899,ZCDS4
2008-07-13T17:25:52,310505000,TAHITIAN-PRINCESS,GLACIER BAY,58.28303833,-136.3997583,76,74,13.3,0,9187899,ZCDS4
2008-07-13T17:25:46,310505000,TAHITIAN-PRINCESS,GLACIER BAY,58.28296333,-136.40044,75,73,13.3,0,9187899,ZCDS4
2008-07-13T17:25:40,310505000,TAHITIAN-PRINCESS,GLACIER BAY,58.28284667,-136.4011067,75,73,13.4,0,9187899,ZCDS4
2008-07-13T17:25:34,310505000,TAHITIAN-PRINCESS,GLACIER BAY,58.28271833,-136.4018917,75,73,13.5,0,9187899,ZCDS4
2008-07-13T17:25:27,310505000,TAHITIAN-PRINCESS,GLACIER BAY,58.28261,-136.4024483,76,73,13.5,0,9187899,ZCDS4
2008-07-13T17:25:16,310505000,TAHITIAN-PRINCESS,GLACIER BAY,58.28238667,-136.403805,76,73,13.6,0,9187899,ZCDS4
2008-07-13T17:25:09,310505000,TAHITIAN-PRINCESS,GLACIER BAY,58.28225,-136.4046033,77,71,13.7,0,9187899,ZCDS4
2008-07-13T17:25:03,310505000,TAHITIAN-PRINCESS,GLACIER BAY,58.28214,-136.40517,77,71,13.8,0,9187899,ZCDS4
2008-07-13T17:24:52,310505000,TAHITIAN-PRINCESS,GLACIER BAY,58.281895,-136.4065483,77,68,14.1,0,9187899,ZCDS4
2008-07-13T17:24:46,310505000,TAHITIAN-PRINCESS,GLACIER BAY,58.28176167,-136.40724,77,67,14.2,0,9187899,ZCDS4
2008-07-13T17:24:40,310505000,TAHITIAN-PRINCESS,GLACIER BAY,58.28163167,-136.4079333,76,66,14.3,0,9187899,ZCDS4
2008-07-13T17:24:34,310505000,TAHITIAN-PRINCESS,GLACIER BAY,58.28145167,-136.408735,75,66,14.2,0,9187899,ZCDS4
2008-07-13T17:24:29,310505000,TAHITIAN-PRINCESS,GLACIER BAY,58.28137167,-136.409075,75,65,14.2,0,9187899,ZCDS4
2008-07-13T17:24:27,310505000,TAHITIAN-PRINCESS,GLACIER BAY,58.281315,-136.4093017,75,65,14.2,0,9187899,ZCDS4
2008-07-13T17:24:22,310505000,TAHITIAN-PRINCESS,GLACIER BAY,58.281155,-136.4099833,75,65,14.2,0,9187899,ZCDS4
2008-07-13T17:24:19,310505000,TAHITIAN-PRINCESS,GLACIER BAY,58.28107,-136.4103233,75,65,14.2,0,9187899,ZCDS4
2008-07-13T17:24:16,310505000,TAHITIAN-PRINCESS,GLACIER BAY,58.28099,-136.4106633,75,65,14.2,0,9187899,ZCDS4
2008-07-13T17:24:09,310505000,TAHITIAN-PRINCESS,GLACIER BAY,58.28081167,-136.4114567,74,64,14.2,0,9187899,ZCDS4
2008-07-13T17:24:01,310505000,TAHITIAN-PRINCESS,GLACIER BAY,58.28060667,-136.4123633,73,64,14.1,0,9187899,ZCDS4
2008-07-13T17:23:57,310505000,TAHITIAN-PRINCESS,GLACIER BAY,58.28050167,-136.4128133,73,63,14.1,0,9187899,ZCDS4
2008-07-13T17:23:52,310505000,TAHITIAN-PRINCESS,GLACIER BAY,58.28036833,-136.4133733,73,63,14.1,0,9187899,ZCDS4
2008-07-13T17:23:50,310505000,TAHITIAN-PRINCESS,GLACIER BAY,58.28029,-136.4137083,72,63,14.1,0,9187899,ZCDS4
2008-07-13T17:23:43,310505000,TAHITIAN-PRINCESS,GLACIER BAY,58.28012833,-136.4143767,71,62,14.1,0,9187899,ZCDS4
2008-07-13T17:23:40,310505000,TAHITIAN-PRINCESS,GLACIER BAY,58.28007167,-136.4145967,71,62,14.1,0,9187899,ZCDS4
2008-07-13T17:23:36,310505000,TAHITIAN-PRINCESS,GLACIER BAY,58.27993333,-136.4151483,71,62,14.0,0,9187899,ZCDS4
2008-07-13T17:23:35,310505000,TAHITIAN-PRINCESS,GLACIER BAY,58.27984667,-136.4154767,70,61,14.0,0,9187899,ZCDS4
2008-07-13T17:23:29,310505000,TAHITIAN-PRINCESS,GLACIER BAY,58.27975667,-136.4158017,70,61,13.9,0,9187899,ZCDS4
2008-07-13T17:23:26,310505000,TAHITIAN-PRINCESS,GLACIER BAY,58.27967,-136.4161267,70,61,13.9,0,9187899,ZCDS4
2008-07-13T17:23:22,310505000,TAHITIAN-PRINCESS,GLACIER BAY,58.27955,-136.41656,70,60,13.9,0,9187899,ZCDS4
2008-07-13T17:23:19,310505000,TAHITIAN-PRINCESS,GLACIER BAY,58.279435,-136.4169917,69,60,13.9,0,9187899,ZCDS4
2008-07-13T17:23:16,310505000,TAHITIAN-PRINCESS,GLACIER BAY,58.27934667,-136.417315,69,60,13.8,0,9187899,ZCDS4
2008-07-13T17:23:13,310505000,TAHITIAN-PRINCESS,GLACIER BAY,58.27926167,-136.4176417,69,59,13.8,0,9187899,ZCDS4
2008-07-13T17:23:09,310505000,TAHITIAN-PRINCESS,GLACIER BAY,58.27916,-136.4180767,67,58,13.9,0,9187899,ZCDS4
2008-07-13T17:23:06,310505000,TAHITIAN-PRINCESS,GLACIER BAY,58.27910333,-136.4182917,67,58,13.9,0,9187899,ZCDS4
2008-07-13T17:23:03,310505000,TAHITIAN-PRINCESS,GLACIER BAY,58.27897667,-136.4187117,67,58,13.9,0,9187899,ZCDS4
2008-07-13T17:23:00,310505000,TAHITIAN-PRINCESS,GLACIER BAY,58.27891667,-136.418925,66,58,13.8,0,9187899,ZCDS4
2008-07-13T17:22:57,310505000,TAHITIAN-PRINCESS,GLACIER BAY,58.278805,-136.419355,65,56,13.8,0,9187899,ZCDS4
2008-07-13T17:22:53,310505000,TAHITIAN-PRINCESS,GLACIER BAY,58.27868833,-136.419775,64,56,13.8,0,9187899,ZCDS4
2008-07-13T17:22:50,310505000,TAHITIAN-PRINCESS,GLACIER BAY,58.27855167,-136.4201817,64,55,13.8,0,9187899,ZCDS4
2008-07-13T17:22:46,310505000,TAHITIAN-PRINCESS,GLACIER BAY,58.27845667,-136.4204917,63,54,13.8,0,9187899,ZCDS4
2008-07-13T17:22:44,310505000,TAHITIAN-PRINCESS,GLACIER BAY,58.278365,-136.420805,63,53,13.9,0,9187899,ZCDS4
2008-07-13T17:22:40,310505000,TAHITIAN-PRINCESS,GLACIER BAY,58.27829833,-136.4210083,62,53,13.9,0,9187899,ZCDS4
2008-07-13T17:22:36,310505000,TAHITIAN-PRINCESS,GLACIER BAY,58.27815167,-136.4214017,62,54,13.9,0,9187899,ZCDS4
2008-07-13T17:22:34,310505000,TAHITIAN-PRINCESS,GLACIER BAY,58.27801167,-136.421805,61,52,13.8,0,9187899,ZCDS4
2008-07-13T17:22:29,310505000,TAHITIAN-PRINCESS,GLACIER BAY,58.27792,-136.4221183,61,51,13.9,0,9187899,ZCDS4
2008-07-13T17:22:27,310505000,TAHITIAN-PRINCESS,GLACIER BAY,58.27778,-136.422515,60,51,13.9,0,9187899,ZCDS4
2008-07-13T17:22:23,310505000,TAHITIAN-PRINCESS,GLACIER BAY,58.27766333,-136.4228017,59,51,13.9,0,9187899,ZCDS4
2008-07-13T17:22:19,310505000,TAHITIAN-PRINCESS,GLACIER BAY,58.277515,-136.4231917,59,50,13.8,0,9187899,ZCDS4
2008-07-13T17:22:16,310505000,TAHITIAN-PRINCESS,GLACIER BAY,58.27744833,-136.423395,58,49,13.8,0,9187899,ZCDS4
2008-07-13T17:22:13,310505000,TAHITIAN-PRINCESS,GLACIER BAY,58.27730333,-136.4237883,57,49,13.9,0,9187899,ZCDS4
2008-07-13T17:22:09,310505000,TAHITIAN-PRINCESS,GLACIER BAY,58.27714167,-136.42416,57,49,13.9,0,9187899,ZCDS4
2008-07-13T17:22:06,310505000,TAHITIAN-PRINCESS,GLACIER BAY,58.27701833,-136.4244383,57,48,13.9,0,9187899,ZCDS4
2008-07-13T17:22:03,310505000,TAHITIAN-PRINCESS,GLACIER BAY,58.27690667,-136.4247283,56,47,13.9,0,9187899,ZCDS4
2008-07-13T17:22:01,310505000,TAHITIAN-PRINCESS,GLACIER BAY,58.27683167,-136.4249217,56,47,13.9,0,9187899,ZCDS4
2008-07-13T17:21:56,310505000,TAHITIAN-PRINCESS,GLACIER BAY,58.27663167,-136.4253883,55,47,13.9,0,9187899,ZCDS4
2008-07-13T17:21:53,310505000,TAHITIAN-PRINCESS,GLACIER BAY,58.276505,-136.42566,54,46,13.9,0,9187899,ZCDS4
2008-07-13T17:21:49,310505000,TAHITIAN-PRINCESS,GLACIER BAY,58.27634167,-136.4260283,54,46,13.8,0,9187899,ZCDS4
2008-07-13T17:21:46,310505000,TAHITIAN-PRINCESS,GLACIER BAY,58.27626167,-136.4262133,54,45,13.8,0,9187899,ZCDS4
2008-07-13T17:21:43,310505000,TAHITIAN-PRINCESS,GLACIER BAY,58.27609833,-136.42658,53,45,13.8,0,9187899,ZCDS4
2008-07-13T17:21:40,310505000,TAHITIAN-PRINCESS,GLACIER BAY,58.276015,-136.4267583,52,45,13.8,0,9187899,ZCDS4
2008-07-13T17:21:36,310505000,TAHITIAN-PRINCESS,GLACIER BAY,58.27584167,-136.4271117,52,44,13.8,0,9187899,ZCDS4
2008-07-13T17:21:33,310505000,TAHITIAN-PRINCESS,GLACIER BAY,58.27567333,-136.4274683,51,44,13.8,0,9187899,ZCDS4
2008-07-13T17:21:30,310505000,TAHITIAN-PRINCESS,GLACIER BAY,58.27555,-136.4277383,51,43,13.8,0,9187899,ZCDS4
2008-07-13T17:21:26,310505000,TAHITIAN-PRINCESS,GLACIER BAY,58.27537667,-136.4280883,50,43,13.8,0,9187899,ZCDS4
2008-07-13T17:21:24,310505000,TAHITIAN-PRINCESS,GLACIER BAY,58.275245,-136.4283467,50,42,13.8,0,9187899,ZCDS4
2008-07-13T17:21:20,310505000,TAHITIAN-PRINCESS,GLACIER BAY,58.27507,-136.4286933,49,42,13.8,0,9187899,ZCDS4
2008-07-13T17:21:16,310505000,TAHITIAN-PRINCESS,GLACIER BAY,58.274985,-136.4288683,48,41,13.8,0,9187899,ZCDS4
2008-07-13T17:21:13,310505000,TAHITIAN-PRINCESS,GLACIER BAY,58.27481,-136.4292117,48,41,13.8,0,9187899,ZCDS4
2008-07-13T17:21:09,310505000,TAHITIAN-PRINCESS,GLACIER BAY,58.274625,-136.42954,47,41,13.7,0,9187899,ZCDS4
2008-07-13T17:21:07,310505000,TAHITIAN-PRINCESS,GLACIER BAY,58.27448833,-136.42979,47,40,13.7,0,9187899,ZCDS4
2008-07-13T17:21:01,310505000,TAHITIAN-PRINCESS,GLACIER BAY,58.274265,-136.4302083,46,39,13.7,0,9187899,ZCDS4
2008-07-13T17:20:53,310505000,TAHITIAN-PRINCESS,GLACIER BAY,58.27389167,-136.4308517,45,38,13.7,0,9187899,ZCDS4
2008-07-13T17:20:53,310505000,TAHITIAN-PRINCESS,GLACIER BAY,58.27370833,-136.431175,44,38,13.7,0,9187899,ZCDS4
2008-07-13T17:20:47,310505000,TAHITIAN-PRINCESS,GLACIER BAY,58.27361333,-136.4313333,0,0,0.0,0,9187899,ZCDS4
2008-07-13T17:20:47,310505000,TAHITIAN-PRINCESS,GLACIER BAY,58.27361333,-136.4313333,44,38,13.7,0,9187899,ZCDS4
2008-07-13T17:20:43,310505000,TAHITIAN-PRINCESS,GLACIER BAY,58.27342167,-136.43164,43,37,13.7,0,9187899,ZCDS4
2008-07-13T17:20:40,310505000,TAHITIAN-PRINCESS,GLACIER BAY,58.27327833,-136.4318733,43,37,13.7,0,9187899,ZCDS4
2008-07-13T17:20:36,310505000,TAHITIAN-PRINCESS,GLACIER BAY,58.27308667,-136.4321817,42,36,13.7,0,9187899,ZCDS4
2008-07-13T17:20:33,310505000,TAHITIAN-PRINCESS,GLACIER BAY,58.27294,-136.4324033,42,36,13.7,0,9187899,ZCDS4
2008-07-13T17:20:29,310505000,TAHITIAN-PRINCESS,GLACIER BAY,58.27278667,-136.4326167,42,36,13.6,0,9187899,ZCDS4
2008-07-13T17:20:28,310505000,TAHITIAN-PRINCESS,GLACIER BAY,58.27264167,-136.4328433,42,36,13.7,0,9187899,ZCDS4
2008-07-13T17:20:20,310505000,TAHITIAN-PRINCESS,GLACIER BAY,58.27225,-136.433435,40,35,13.6,0,9187899,ZCDS4
2008-07-13T17:20:09,310505000,TAHITIAN-PRINCESS,GLACIER BAY,58.271765,-136.4341833,39,34,13.7,0,9187899,ZCDS4
2008-07-13T17:20:00,310505000,TAHITIAN-PRINCESS,GLACIER BAY,58.27135,-136.4347233,38,33,13.6,0,9187899,ZCDS4
2008-07-13T17:19:48,310505000,TAHITIAN-PRINCESS,GLACIER BAY,58.27073667,-136.4355467,37,33,13.6,0,9187899,ZCDS4
2008-07-13T17:19:40,310505000,TAHITIAN-PRINCESS,GLACIER BAY,58.270265,-136.4361317,37,32,13.5,0,9187899,ZCDS4
2008-07-13T17:19:29,310505000,TAHITIAN-PRINCESS,GLACIER BAY,58.26975,-136.4367867,36,32,13.4,0,9187899,ZCDS4
2008-07-13T17:19:19,310505000,TAHITIAN-PRINCESS,GLACIER BAY,58.26918167,-136.4375033,35,31,13.4,0,9187899,ZCDS4
2008-07-13T17:19:12,310505000,TAHITIAN-PRINCESS,GLACIER BAY,58.26866667,-136.43814,34,31,13.3,0,9187899,ZCDS4
2008-07-13T17:19:00,310505000,TAHITIAN-PRINCESS,GLACIER BAY,58.268245,-136.4386233,34,32,13.3,0,9187899,ZCDS4
2008-07-13T17:18:50,310505000,TAHITIAN-PRINCESS,GLACIER BAY,58.267685,-136.4393283,33,32,13.2,0,9187899,ZCDS4
2008-07-13T17:18:40,310505000,TAHITIAN-PRINCESS,GLACIER BAY,58.26717167,-136.4399467,33,33,13.1,0,9187899,ZCDS4
2008-07-13T17:18:29,310505000,TAHITIAN-PRINCESS,GLACIER BAY,58.26665,-136.4405433,34,35,13.1,0,9187899,ZCDS4
2008-07-13T17:18:19,310505000,TAHITIAN-PRINCESS,GLACIER BAY,58.26608167,-136.4412233,35,37,13.1,0,9187899,ZCDS4
2008-07-13T17:18:09,310505000,TAHITIAN-PRINCESS,GLACIER BAY,58.2656,-136.4419133,35,37,13.1,0,9187899,ZCDS4
2008-07-13T17:18:01,310505000,TAHITIAN-PRINCESS,GLACIER BAY,58.26521833,-136.4424767,35,37,13.0,0,9187899,ZCDS4
2008-07-13T17:17:49,310505000,TAHITIAN-PRINCESS,GLACIER BAY,58.26469667,-136.44325,35,37,13.1,0,9187899,ZCDS4
2008-07-13T17:17:40,310505000,TAHITIAN-PRINCESS,GLACIER BAY,58.26421167,-136.443935,35,37,13.0,0,9187899,ZCDS4
2008-07-13T17:17:30,310505000,TAHITIAN-PRINCESS,GLACIER BAY,58.26372667,-136.44461,35,38,13.0,0,9187899,ZCDS4
2008-07-13T17:17:19,310505000,TAHITIAN-PRINCESS,GLACIER BAY,58.26320833,-136.4453867,35,38,13.0,0,9187899,ZCDS4
2008-07-13T17:17:09,310505000,TAHITIAN-PRINCESS,GLACIER BAY,58.26273667,-136.44609,35,38,12.9,0,9187899,ZCDS4
2008-07-13T17:16:59,310505000,TAHITIAN-PRINCESS,GLACIER BAY,58.26226833,-136.4467967,35,38,13.0,0,9187899,ZCDS4
2008-07-13T17:16:50,310505000,TAHITIAN-PRINCESS,GLACIER BAY,58.26184667,-136.4474317,34,38,12.9,0,9187899,ZCDS4
2008-07-13T17:16:40,310505000,TAHITIAN-PRINCESS,GLACIER BAY,58.26137333,-136.4481267,35,38,12.9,0,9187899,ZCDS4
2008-07-13T17:16:30,310505000,TAHITIAN-PRINCESS,GLACIER BAY,58.26090333,-136.4488183,35,38,12.9,0,9187899,ZCDS4
2008-07-13T17:16:20,310505000,TAHITIAN-PRINCESS,GLACIER BAY,58.26043167,-136.4495083,35,39,12.9,0,9187899,ZCDS4
2008-07-13T17:16:09,310505000,TAHITIAN-PRINCESS,GLACIER BAY,58.25991333,-136.4502633,35,39,12.8,0,9187899,ZCDS4
2008-07-13T17:15:59,310505000,TAHITIAN-PRINCESS,GLACIER BAY,58.259445,-136.450955,36,39,12.8,0,9187899,ZCDS4
2008-07-13T17:15:50,310505000,TAHITIAN-PRINCESS,GLACIER BAY,58.25903,-136.4515933,36,39,12.8,0,9187899,ZCDS4
2008-07-13T17:15:39,310505000,TAHITIAN-PRINCESS,GLACIER BAY,58.25853333,-136.4523867,35,39,12.8,0,9187899,ZCDS4
2008-07-13T17:15:30,310505000,TAHITIAN-PRINCESS,GLACIER BAY,58.25812,-136.4530217,35,38,12.7,0,9187899,ZCDS4
2008-07-13T17:15:20,310505000,TAHITIAN-PRINCESS,GLACIER BAY,58.25765833,-136.4537133,35,38,12.8,0,9187899,ZCDS4
2008-07-13T17:15:09,310505000,TAHITIAN-PRINCESS,GLACIER BAY,58.25714833,-136.4544717,35,38,12.7,0,9187899,ZCDS4
2008-07-13T17:14:59,310505000,TAHITIAN-PRINCESS,GLACIER BAY,58.25668333,-136.4551583,35,39,12.7,0,9187899,ZCDS4
2008-07-13T17:14:50,310505000,TAHITIAN-PRINCESS,GLACIER BAY,58.25627333,-136.4557933,35,38,12.7,0,9187899,ZCDS4
2008-07-13T17:14:47,310505000,TAHITIAN-PRINCESS,GLACIER BAY,58.25576667,-136.456555,0,0,0.0,0,9187899,ZCDS4
2008-07-13T17:14:39,310505000,TAHITIAN-PRINCESS,GLACIER BAY,58.25576667,-136.456555,35,38,12.7,0,9187899,ZCDS4
2008-07-13T17:14:30,310505000,TAHITIAN-PRINCESS,GLACIER BAY,58.25534833,-136.4571683,35,39,12.7,0,9187899,ZCDS4
2008-07-13T17:14:20,310505000,TAHITIAN-PRINCESS,GLACIER BAY,58.25488667,-136.45786,36,38,12.7,0,9187899,ZCDS4
2008-07-13T17:14:09,310505000,TAHITIAN-PRINCESS,GLACIER BAY,58.25438167,-136.45862,36,38,12.7,0,9187899,ZCDS4
2008-07-13T17:14:00,310505000,TAHITIAN-PRINCESS,GLACIER BAY,58.253925,-136.4593183,35,38,12.6,0,9187899,ZCDS4
2008-07-13T17:13:50,310505000,TAHITIAN-PRINCESS,GLACIER BAY,58.25351167,-136.4599367,35,38,12.7,0,9187899,ZCDS4
2008-07-13T17:13:39,310505000,TAHITIAN-PRINCESS,GLACIER BAY,58.25301,-136.460705,35,38,12.6,0,9187899,ZCDS4
2008-07-13T17:13:33,310505000,TAHITIAN-PRINCESS,GLACIER BAY,58.252595,-136.4613167,35,38,12.6,0,9187899,ZCDS4
2008-07-13T17:13:20,310505000,TAHITIAN-PRINCESS,GLACIER BAY,58.252135,-136.4619967,35,38,12.6,0,9187899,ZCDS4
2008-07-13T17:13:09,310505000,TAHITIAN-PRINCESS,GLACIER BAY,58.25163,-136.4627483,35,38,12.6,0,9187899,ZCDS4
2008-07-13T17:13:01,310505000,TAHITIAN-PRINCESS,GLACIER BAY,58.25117,-136.4634183,36,38,12.6,0,9187899,ZCDS4
2008-07-13T17:12:49,310505000,TAHITIAN-PRINCESS,GLACIER BAY,58.25076,-136.4640367,35,38,12.5,0,9187899,ZCDS4
2008-07-13T17:12:39,310505000,TAHITIAN-PRINCESS,GLACIER BAY,58.25025833,-136.4647817,35,38,12.5,0,9187899,ZCDS4
2008-07-13T17:12:29,310505000,TAHITIAN-PRINCESS,GLACIER BAY,58.24980667,-136.4654667,35,38,12.5,0,9187899,ZCDS4
2008-07-13T17:12:21,310505000,TAHITIAN-PRINCESS,GLACIER BAY,58.24939667,-136.4660683,35,38,12.5,0,9187899,ZCDS4
2008-07-13T17:12:09,310505000,TAHITIAN-PRINCESS,GLACIER BAY,58.24889667,-136.4668117,35,38,12.4,0,9187899,ZCDS4
2008-07-13T17:11:59,310505000,TAHITIAN-PRINCESS,GLACIER BAY,58.248445,-136.4674783,35,37,12.4,0,9187899,ZCDS4
2008-07-13T17:11:49,310505000,TAHITIAN-PRINCESS,GLACIER BAY,58.24803167,-136.46807,35,38,12.3,0,9187899,ZCDS4
2008-07-13T17:11:39,310505000,TAHITIAN-PRINCESS,GLACIER BAY,58.24752667,-136.4687767,36,38,12.4,0,9187899,ZCDS4
2008-07-13T17:11:30,310505000,TAHITIAN-PRINCESS,GLACIER BAY,58.24707667,-136.46945,36,38,12.3,0,9187899,ZCDS4
2008-07-13T17:11:19,310505000,TAHITIAN-PRINCESS,GLACIER BAY,58.24663167,-136.4701233,35,37,12.3,0,9187899,ZCDS4
2008-07-13T17:11:10,310505000,TAHITIAN-PRINCESS,GLACIER BAY,58.24622667,-136.4707167,35,38,12.3,0,9187899,ZCDS4
2008-07-13T17:10:59,310505000,TAHITIAN-PRINCESS,GLACIER BAY,58.24573167,-136.4714383,35,38,12.2,0,9187899,ZCDS4
2008-07-13T17:10:49,310505000,TAHITIAN-PRINCESS,GLACIER BAY,58.24533,-136.47203,35,37,12.2,0,9187899,ZCDS4
2008-07-13T17:10:39,310505000,TAHITIAN-PRINCESS,GLACIER BAY,58.24483833,-136.4727483,35,37,12.1,0,9187899,ZCDS4
2008-07-13T17:10:29,310505000,TAHITIAN-PRINCESS,GLACIER BAY,58.24439167,-136.47339,35,37,12.2,0,9187899,ZCDS4
2008-07-13T17:10:19,310505000,TAHITIAN-PRINCESS,GLACIER BAY,58.24394667,-136.4740383,35,37,12.1,0,9187899,ZCDS4
2008-07-13T17:10:10,310505000,TAHITIAN-PRINCESS,GLACIER BAY,58.24354333,-136.4746133,35,38,12.1,0,9187899,ZCDS4
2008-07-13T17:09:59,310505000,TAHITIAN-PRINCESS,GLACIER BAY,58.243055,-136.4753317,35,38,12.1,0,9187899,ZCDS4
2008-07-13T17:09:49,310505000,TAHITIAN-PRINCESS,GLACIER BAY,58.24265667,-136.47592,35,38,12.1,0,9187899,ZCDS4
2008-07-13T17:09:39,310505000,TAHITIAN-PRINCESS,GLACIER BAY,58.24217,-136.47664,35,38,12.2,0,9187899,ZCDS4
2008-07-13T17:09:29,310505000,TAHITIAN-PRINCESS,GLACIER BAY,58.24173,-136.4773033,35,38,12.1,0,9187899,ZCDS4
2008-07-13T17:09:19,310505000,TAHITIAN-PRINCESS,GLACIER BAY,58.24128333,-136.4779517,35,38,12.2,0,9187899,ZCDS4
2008-07-13T17:09:10,310505000,TAHITIAN-PRINCESS,GLACIER BAY,58.24087833,-136.47853,36,39,12.2,0,9187899,ZCDS4
2008-07-13T17:09:00,310505000,TAHITIAN-PRINCESS,GLACIER BAY,58.24044,-136.479195,36,39,12.2,0,9187899,ZCDS4
2008-07-13T17:08:50,310505000,TAHITIAN-PRINCESS,GLACIER BAY,58.240005,-136.4798733,35,38,12.2,0,9187899,ZCDS4
2008-07-13T17:08:47,310505000,TAHITIAN-PRINCESS,GLACIER BAY,58.23952,-136.480605,0,0,0.0,0,9187899,ZCDS4
2008-07-13T17:08:39,310505000,TAHITIAN-PRINCESS,GLACIER BAY,58.23952,-136.480605,35,38,12.2,0,9187899,ZCDS4
2008-07-13T17:08:29,310505000,TAHITIAN-PRINCESS,GLACIER BAY,58.23908167,-136.4812767,35,38,12.2,0,9187899,ZCDS4
2008-07-13T17:08:19,310505000,TAHITIAN-PRINCESS,GLACIER BAY,58.238635,-136.4819333,35,38,12.2,0,9187899,ZCDS4
2008-07-13T17:08:10,310505000,TAHITIAN-PRINCESS,GLACIER BAY,58.23822833,-136.482515,35,39,12.3,0,9187899,ZCDS4
2008-07-13T17:08:00,310505000,TAHITIAN-PRINCESS,GLACIER BAY,58.23778333,-136.4831767,36,39,12.3,0,9187899,ZCDS4
2008-07-13T17:07:50,310505000,TAHITIAN-PRINCESS,GLACIER BAY,58.237345,-136.48386,35,38,12.3,0,9187899,ZCDS4
2008-07-13T17:07:39,310505000,TAHITIAN-PRINCESS,GLACIER BAY,58.23690167,-136.4845333,35,38,12.3,0,9187899,ZCDS4
2008-07-13T17:07:29,310505000,TAHITIAN-PRINCESS,GLACIER BAY,58.23641,-136.4852683,35,38,12.3,0,9187899,ZCDS4
2008-07-13T17:07:19,310505000,TAHITIAN-PRINCESS,GLACIER BAY,58.23596333,-136.4859433,35,38,12.3,0,9187899,ZCDS4
2008-07-13T17:07:10,310505000,TAHITIAN-PRINCESS,GLACIER BAY,58.23556167,-136.486545,35,38,12.3,0,9187899,ZCDS4
2008-07-13T17:07:00,310505000,TAHITIAN-PRINCESS,GLACIER BAY,58.23511,-136.48721,35,38,12.4,0,9187899,ZCDS4
2008-07-13T17:06:52,310505000,TAHITIAN-PRINCESS,GLACIER BAY,58.23465667,-136.48787,35,38,12.4,0,9187899,ZCDS4
2008-07-13T17:06:40,310505000,TAHITIAN-PRINCESS,GLACIER BAY,58.23420167,-136.4885267,36,38,12.4,0,9187899,ZCDS4
2008-07-13T17:06:29,310505000,TAHITIAN-PRINCESS,GLACIER BAY,58.23370833,-136.4892717,36,38,12.4,0,9187899,ZCDS4
2008-07-13T17:06:19,310505000,TAHITIAN-PRINCESS,GLACIER BAY,58.23326167,-136.4899567,35,38,12.4,0,9187899,ZCDS4
2008-07-13T17:06:10,310505000,TAHITIAN-PRINCESS,GLACIER BAY,58.23285833,-136.4905633,35,38,12.5,0,9187899,ZCDS4
2008-07-13T17:06:00,310505000,TAHITIAN-PRINCESS,GLACIER BAY,58.2324,-136.4912283,35,38,12.5,0,9187899,ZCDS4
2008-07-13T17:05:50,310505000,TAHITIAN-PRINCESS,GLACIER BAY,58.23194667,-136.4919017,35,37,12.5,0,9187899,ZCDS4
2008-07-13T17:05:40,310505000,TAHITIAN-PRINCESS,GLACIER BAY,58.23149,-136.4925733,35,38,12.5,0,9187899,ZCDS4
2008-07-13T17:05:29,310505000,TAHITIAN-PRINCESS,GLACIER BAY,58.23098667,-136.4933133,35,38,12.6,0,9187899,ZCDS4
2008-07-13T17:05:19,310505000,TAHITIAN-PRINCESS,GLACIER BAY,58.23052667,-136.4939867,35,38,12.6,0,9187899,ZCDS4
2008-07-13T17:05:11,310505000,TAHITIAN-PRINCESS,GLACIER BAY,58.230105,-136.4945783,36,39,12.6,0,9187899,ZCDS4
2008-07-13T17:05:00,310505000,TAHITIAN-PRINCESS,GLACIER BAY,58.22964667,-136.4952633,36,38,12.6,0,9187899,ZCDS4
2008-07-13T17:04:50,310505000,TAHITIAN-PRINCESS,GLACIER BAY,58.22918667,-136.4959433,36,38,12.7,0,9187899,ZCDS4
2008-07-13T17:04:39,310505000,TAHITIAN-PRINCESS,GLACIER BAY,58.22873333,-136.4966467,36,38,12.7,0,9187899,ZCDS4
2008-07-13T17:04:29,310505000,TAHITIAN-PRINCESS,GLACIER BAY,58.22823,-136.4974167,35,37,12.8,0,9187899,ZCDS4
2008-07-13T17:04:19,310505000,TAHITIAN-PRINCESS,GLACIER BAY,58.22776167,-136.498095,35,38,12.8,0,9187899,ZCDS4
2008-07-13T17:04:10,310505000,TAHITIAN-PRINCESS,GLACIER BAY,58.22734833,-136.49873,35,37,12.9,0,9187899,ZCDS4
2008-07-13T17:03:59,310505000,TAHITIAN-PRINCESS,GLACIER BAY,58.22682833,-136.4994767,35,37,12.9,0,9187899,ZCDS4
2008-07-13T17:03:50,310505000,TAHITIAN-PRINCESS,GLACIER BAY,58.22640167,-136.500095,35,38,13.0,0,9187899,ZCDS4
2008-07-13T17:03:39,310505000,TAHITIAN-PRINCESS,GLACIER BAY,58.22592833,-136.50079,35,37,13.0,0,9187899,ZCDS4
2008-07-13T17:03:29,310505000,TAHITIAN-PRINCESS,GLACIER BAY,58.2254,-136.5015467,35,38,13.1,0,9187899,ZCDS4
2008-07-13T17:03:19,310505000,TAHITIAN-PRINCESS,GLACIER BAY,58.224925,-136.5022567,35,38,13.1,0,9187899,ZCDS4
2008-07-13T17:03:11,310505000,TAHITIAN-PRINCESS,GLACIER BAY,58.22448833,-136.5028817,35,38,13.2,0,9187899,ZCDS4
2008-07-13T17:02:59,310505000,TAHITIAN-PRINCESS,GLACIER BAY,58.22396167,-136.5036617,35,39,13.1,0,9187899,ZCDS4
2008-07-13T17:02:50,310505000,TAHITIAN-PRINCESS,GLACIER BAY,58.22353333,-136.504305,35,38,13.1,0,9187899,ZCDS4
2008-07-13T17:02:47,310505000,TAHITIAN-PRINCESS,GLACIER BAY,58.22306,-136.5050183,0,0,0.0,0,9187899,ZCDS4
2008-07-13T17:02:40,310505000,TAHITIAN-PRINCESS,GLACIER BAY,58.22306,-136.5050183,35,39,13.1,0,9187899,ZCDS4
2008-07-13T17:02:29,310505000,TAHITIAN-PRINCESS,GLACIER BAY,58.22254167,-136.5058067,35,39,13.1,0,9187899,ZCDS4
2008-07-13T17:02:20,310505000,TAHITIAN-PRINCESS,GLACIER BAY,58.22206833,-136.5065183,35,39,13.1,0,9187899,ZCDS4
2008-07-13T17:02:10,310505000,TAHITIAN-PRINCESS,GLACIER BAY,58.22164,-136.50715,35,39,13.0,0,9187899,ZCDS4
2008-07-13T17:01:59,310505000,TAHITIAN-PRINCESS,GLACIER BAY,58.22112667,-136.5079467,35,39,13.1,0,9187899,ZCDS4
2008-07-13T17:01:50,310505000,TAHITIAN-PRINCESS,GLACIER BAY,58.22071167,-136.5086083,35,39,13.0,0,9187899,ZCDS4
2008-07-13T17:01:41,310505000,TAHITIAN-PRINCESS,GLACIER BAY,58.22024333,-136.5093283,35,39,13.1,0,9187899,ZCDS4
2008-07-13T17:01:29,310505000,TAHITIAN-PRINCESS,GLACIER BAY,58.21973,-136.51012,35,40,13.0,0,9187899,ZCDS4
2008-07-13T17:01:20,310505000,TAHITIAN-PRINCESS,GLACIER BAY,58.21926333,-136.51084,35,40,12.9,0,9187899,ZCDS4
2008-07-13T17:01:10,310505000,TAHITIAN-PRINCESS,GLACIER BAY,58.21884667,-136.5114867,35,40,13.0,0,9187899,ZCDS4
2008-07-13T17:01:01,310505000,TAHITIAN-PRINCESS,GLACIER BAY,58.21834333,-136.5122917,35,40,12.8,0,9187899,ZCDS4
2008-07-13T17:00:49,310505000,TAHITIAN-PRINCESS,GLACIER BAY,58.21789167,-136.5130233,35,40,12.9,0,9187899,ZCDS4
2008-07-13T17:00:41,310505000,TAHITIAN-PRINCESS,GLACIER BAY,58.217485,-136.5136833,35,40,12.8,0,9187899,ZCDS4
2008-07-13T17:00:28,310505000,TAHITIAN-PRINCESS,GLACIER BAY,58.21699167,-136.5144833,35,40,12.8,0,9187899,ZCDS4
2008-07-13T17:00:19,310505000,TAHITIAN-PRINCESS,GLACIER BAY,58.21654,-136.5152033,35,40,12.7,0,9187899,ZCDS4
2008-07-13T17:00:10,310505000,TAHITIAN-PRINCESS,GLACIER BAY,58.21613667,-136.5158533,35,40,12.7,0,9187899,ZCDS4
2008-07-13T16:59:59,310505000,TAHITIAN-PRINCESS,GLACIER BAY,58.21564,-136.5166283,35,40,12.7,0,9187899,ZCDS4
2008-07-13T16:59:49,310505000,TAHITIAN-PRINCESS,GLACIER BAY,58.21518833,-136.5173367,35,41,12.6,0,9187899,ZCDS4
2008-07-13T16:59:40,310505000,TAHITIAN-PRINCESS,GLACIER BAY,58.21474,-136.5180433,36,41,12.7,0,9187899,ZCDS4
2008-07-13T16:59:29,310505000,TAHITIAN-PRINCESS,GLACIER BAY,58.21427833,-136.518725,37,42,12.6,0,9187899,ZCDS4
2008-07-13T16:59:20,310505000,TAHITIAN-PRINCESS,GLACIER BAY,58.21388333,-136.5193833,37,42,12.6,0,9187899,ZCDS4
2008-07-13T16:59:10,310505000,TAHITIAN-PRINCESS,GLACIER BAY,58.212975,-136.52094,37,42,12.6,0,9187899,ZCDS4
2008-07-13T16:59:10,310505000,TAHITIAN-PRINCESS,GLACIER BAY,58.21254,-136.52167,37,42,12.6,0,9187899,ZCDS4
2008-07-13T16:59:10,310505000,TAHITIAN-PRINCESS,GLACIER BAY,58.21210833,-136.5224083,37,42,12.6,0,9187899,ZCDS4
2008-07-13T16:59:10,310505000,TAHITIAN-PRINCESS,GLACIER BAY,58.21345167,-136.5201267,37,42,12.6,0,9187899,ZCDS4
2008-07-13T16:58:30,310505000,TAHITIAN-PRINCESS,GLACIER BAY,58.21176333,-136.5230017,37,42,12.5,0,9187899,ZCDS4
2008-07-13T16:58:20,310505000,TAHITIAN-PRINCESS,GLACIER BAY,58.21129167,-136.5238117,37,42,12.6,0,9187899,ZCDS4
2008-07-13T16:58:10,310505000,TAHITIAN-PRINCESS,GLACIER BAY,58.21086333,-136.5245567,37,41,12.5,0,9187899,ZCDS4
2008-07-13T16:58:00,310505000,TAHITIAN-PRINCESS,GLACIER BAY,58.21038667,-136.5253567,37,41,12.5,0,9187899,ZCDS4
2008-07-13T16:57:49,310505000,TAHITIAN-PRINCESS,GLACIER BAY,58.20994333,-136.526065,37,42,12.6,0,9187899,ZCDS4
2008-07-13T16:57:39,310505000,TAHITIAN-PRINCESS,GLACIER BAY,58.20950667,-136.5267933,37,41,12.5,0,9187899,ZCDS4
2008-07-13T16:57:30,310505000,TAHITIAN-PRINCESS,GLACIER BAY,58.20915833,-136.5273733,37,41,12.6,0,9187899,ZCDS4
2008-07-13T16:57:20,310505000,TAHITIAN-PRINCESS,GLACIER BAY,58.20867333,-136.5281683,37,41,12.7,0,9187899,ZCDS4
2008-07-13T16:57:10,310505000,TAHITIAN-PRINCESS,GLACIER BAY,58.208235,-136.5288983,37,41,12.7,0,9187899,ZCDS4
2008-07-13T16:56:59,310505000,TAHITIAN-PRINCESS,GLACIER BAY,58.207795,-136.5296317,37,41,12.7,0,9187899,ZCDS4
2008-07-13T16:56:49,310505000,TAHITIAN-PRINCESS,GLACIER BAY,58.20730333,-136.530425,37,41,12.7,0,9187899,ZCDS4
2008-07-13T16:56:47,310505000,TAHITIAN-PRINCESS,GLACIER BAY,58.206855,-136.5311467,0,0,0.0,0,9187899,ZCDS4
2008-07-13T16:56:39,310505000,TAHITIAN-PRINCESS,GLACIER BAY,58.206855,-136.5311467,37,41,12.8,0,9187899,ZCDS4
2008-07-13T16:56:30,310505000,TAHITIAN-PRINCESS,GLACIER BAY,58.20646,-136.5318217,37,40,12.8,0,9187899,ZCDS4
2008-07-13T16:56:20,310505000,TAHITIAN-PRINCESS,GLACIER BAY,58.20601,-136.5325417,37,40,12.8,0,9187899,ZCDS4
2008-07-13T16:56:09,310505000,TAHITIAN-PRINCESS,GLACIER BAY,58.20551333,-136.5333383,37,40,12.8,0,9187899,ZCDS4
2008-07-13T16:56:00,310505000,TAHITIAN-PRINCESS,GLACIER BAY,58.20510667,-136.5339883,37,40,12.9,0,9187899,ZCDS4
2008-07-13T16:55:51,310505000,TAHITIAN-PRINCESS,GLACIER BAY,58.20460833,-136.5347917,37,40,12.9,0,9187899,ZCDS4
2008-07-13T16:55:39,310505000,TAHITIAN-PRINCESS,GLACIER BAY,58.20415333,-136.535515,37,40,12.9,0,9187899,ZCDS4
2008-07-13T16:55:31,310505000,TAHITIAN-PRINCESS,GLACIER BAY,58.20379,-136.5361,37,40,12.9,0,9187899,ZCDS4
2008-07-13T16:55:20,310505000,TAHITIAN-PRINCESS,GLACIER BAY,58.203285,-136.5368933,37,40,12.9,0,9187899,ZCDS4
2008-07-13T16:55:09,310505000,TAHITIAN-PRINCESS,GLACIER BAY,58.20278,-136.5376917,37,39,12.9,0,9187899,ZCDS4
2008-07-13T16:54:59,310505000,TAHITIAN-PRINCESS,GLACIER BAY,58.202365,-136.5383367,37,39,13.0,0,9187899,ZCDS4
2008-07-13T16:54:49,310505000,TAHITIAN-PRINCESS,GLACIER BAY,58.201855,-136.5391317,37,39,13.0,0,9187899,ZCDS4
2008-07-13T16:54:39,310505000,TAHITIAN-PRINCESS,GLACIER BAY,58.20139167,-136.5398517,37,39,13.0,0,9187899,ZCDS4
2008-07-13T16:54:30,310505000,TAHITIAN-PRINCESS,GLACIER BAY,58.20096833,-136.5404967,37,39,13.1,0,9187899,ZCDS4
2008-07-13T16:54:20,310505000,TAHITIAN-PRINCESS,GLACIER BAY,58.2005,-136.541215,37,40,13.1,0,9187899,ZCDS4
2008-07-13T16:54:09,310505000,TAHITIAN-PRINCESS,GLACIER BAY,58.19998667,-136.542015,37,39,13.1,0,9187899,ZCDS4
2008-07-13T16:53:59,310505000,TAHITIAN-PRINCESS,GLACIER BAY,58.19956,-136.5426583,37,39,13.1,0,9187899,ZCDS4
2008-07-13T16:53:59,310505000,TAHITIAN-PRINCESS,GLACIER BAY,58.19904167,-136.543455,38,40,13.2,0,9187899,ZCDS4
2008-07-13T16:53:59,310505000,TAHITIAN-PRINCESS,GLACIER BAY,58.19857833,-136.5442033,37,39,13.2,0,9187899,ZCDS4
2008-07-13T16:53:59,310505000,TAHITIAN-PRINCESS,GLACIER BAY,58.19816167,-136.5448767,37,39,13.2,0,9187899,ZCDS4
2008-07-13T16:53:59,310505000,TAHITIAN-PRINCESS,GLACIER BAY,58.197885,-136.5453317,36,39,13.2,0,9187899,ZCDS4
2008-07-13T16:53:59,310505000,TAHITIAN-PRINCESS,GLACIER BAY,58.19754833,-136.5458317,36,39,13.2,0,9187899,ZCDS4
2008-07-13T16:53:12,310505000,TAHITIAN-PRINCESS,GLACIER BAY,58.19731333,-136.5462,36,39,13.3,0,9187899,ZCDS4
2008-07-13T16:53:09,310505000,TAHITIAN-PRINCESS,GLACIER BAY,58.19716833,-136.5464117,37,40,13.4,0,9187899,ZCDS4
2008-07-13T16:53:06,310505000,TAHITIAN-PRINCESS,GLACIER BAY,58.19702,-136.5466183,37,40,13.3,0,9187899,ZCDS4
2008-07-13T16:52:59,310505000,TAHITIAN-PRINCESS,GLACIER BAY,58.19673167,-136.5470583,37,40,13.3,0,9187899,ZCDS4
2008-07-13T16:52:54,310505000,TAHITIAN-PRINCESS,GLACIER BAY,58.196445,-136.5474983,37,40,13.4,0,9187899,ZCDS4
2008-07-13T16:52:49,310505000,TAHITIAN-PRINCESS,GLACIER BAY,58.19620833,-136.5478667,37,40,13.4,0,9187899,ZCDS4
2008-07-13T16:52:47,310505000,TAHITIAN-PRINCESS,GLACIER BAY,58.196115,-136.54802,37,40,13.4,0,9187899,ZCDS4
2008-07-13T16:52:42,310505000,TAHITIAN-PRINCESS,GLACIER BAY,58.19588167,-136.5484067,37,40,13.3,0,9187899,ZCDS4
2008-07-13T16:52:36,310505000,TAHITIAN-PRINCESS,GLACIER BAY,58.19559667,-136.5488533,37,40,13.4,0,9187899,ZCDS4
2008-07-13T16:52:31,310505000,TAHITIAN-PRINCESS,GLACIER BAY,58.19531667,-136.54931,37,40,13.4,0,9187899,ZCDS4
2008-07-13T16:52:24,310505000,TAHITIAN-PRINCESS,GLACIER BAY,58.19503,-136.5497617,37,40,13.4,0,9187899,ZCDS4
2008-07-13T16:52:17,310505000,TAHITIAN-PRINCESS,GLACIER BAY,58.19469833,-136.5502867,37,39,13.4,0,9187899,ZCDS4
2008-07-13T16:52:12,310505000,TAHITIAN-PRINCESS,GLACIER BAY,58.194465,-136.5506717,37,40,13.4,0,9187899,ZCDS4
2008-07-13T16:52:05,310505000,TAHITIAN-PRINCESS,GLACIER BAY,58.194175,-136.5511117,37,40,13.4,0,9187899,ZCDS4
2008-07-13T16:52:00,310505000,TAHITIAN-PRINCESS,GLACIER BAY,58.19389667,-136.5515767,37,39,13.4,0,9187899,ZCDS4
2008-07-13T16:51:54,310505000,TAHITIAN-PRINCESS,GLACIER BAY,58.19360833,-136.5520217,37,40,13.5,0,9187899,ZCDS4
2008-07-13T16:51:48,310505000,TAHITIAN-PRINCESS,GLACIER BAY,58.19327167,-136.5525417,37,39,13.5,0,9187899,ZCDS4
2008-07-13T16:51:41,310505000,TAHITIAN-PRINCESS,GLACIER BAY,58.19298833,-136.5530033,36,39,13.5,0,9187899,ZCDS4
2008-07-13T16:51:36,310505000,TAHITIAN-PRINCESS,GLACIER BAY,58.19274333,-136.553365,36,40,13.5,0,9187899,ZCDS4
2008-07-13T16:51:30,310505000,TAHITIAN-PRINCESS,GLACIER BAY,58.19245,-136.5538067,37,39,13.5,0,9187899,ZCDS4
2008-07-13T16:51:24,310505000,TAHITIAN-PRINCESS,GLACIER BAY,58.19216167,-136.554255,37,39,13.6,0,9187899,ZCDS4
2008-07-13T16:51:17,310505000,TAHITIAN-PRINCESS,GLACIER BAY,58.19181167,-136.5547567,37,40,13.6,0,9187899,ZCDS4
2008-07-13T16:51:12,310505000,TAHITIAN-PRINCESS,GLACIER BAY,58.19157333,-136.5551417,37,39,13.6,0,9187899,ZCDS4
2008-07-13T16:50:59,310505000,TAHITIAN-PRINCESS,GLACIER BAY,58.19098833,-136.55604,37,39,13.6,0,9187899,ZCDS4
2008-07-13T16:50:54,310505000,TAHITIAN-PRINCESS,GLACIER BAY,58.19069667,-136.5564983,37,39,13.7,0,9187899,ZCDS4
2008-07-13T16:50:47,310505000,TAHITIAN-PRINCESS,GLACIER BAY,58.19035167,-136.5570217,38,39,13.7,0,9187899,ZCDS4
2008-07-13T16:50:46,310505000,TAHITIAN-PRINCESS,GLACIER BAY,58.19005667,-136.5574767,0,0,0.0,0,9187899,ZCDS4
2008-07-13T16:50:42,310505000,TAHITIAN-PRINCESS,GLACIER BAY,58.19005667,-136.5574767,38,39,13.8,0,9187899,ZCDS4
2008-07-13T16:50:36,310505000,TAHITIAN-PRINCESS,GLACIER BAY,58.18981333,-136.5578633,37,39,13.8,0,9187899,ZCDS4
2008-07-13T16:50:30,310505000,TAHITIAN-PRINCESS,GLACIER BAY,58.18952,-136.5583267,37,39,13.8,0,9187899,ZCDS4
2008-07-13T16:50:23,310505000,TAHITIAN-PRINCESS,GLACIER BAY,58.18918,-136.55887,36,39,13.8,0,9187899,ZCDS4
2008-07-13T16:50:17,310505000,TAHITIAN-PRINCESS,GLACIER BAY,58.18888167,-136.5593233,37,38,13.8,0,9187899,ZCDS4
2008-07-13T16:50:12,310505000,TAHITIAN-PRINCESS,GLACIER BAY,58.18862833,-136.559695,37,39,13.8,0,9187899,ZCDS4
2008-07-13T16:50:06,310505000,TAHITIAN-PRINCESS,GLACIER BAY,58.18832667,-136.5601433,37,39,13.9,0,9187899,ZCDS4
2008-07-13T16:49:59,310505000,TAHITIAN-PRINCESS,GLACIER BAY,58.18802333,-136.5605867,37,39,13.9,0,9187899,ZCDS4
2008-07-13T16:49:54,310505000,TAHITIAN-PRINCESS,GLACIER BAY,58.18773,-136.5610533,37,38,13.9,0,9187899,ZCDS4
2008-07-13T16:49:47,310505000,TAHITIAN-PRINCESS,GLACIER BAY,58.18737167,-136.5615683,37,39,13.9,0,9187899,ZCDS4
2008-07-13T16:49:41,310505000,TAHITIAN-PRINCESS,GLACIER BAY,58.18707833,-136.56204,37,38,13.9,0,9187899,ZCDS4
2008-07-13T16:49:36,310505000,TAHITIAN-PRINCESS,GLACIER BAY,58.186835,-136.562435,37,38,13.9,0,9187899,ZCDS4
2008-07-13T16:49:30,310505000,TAHITIAN-PRINCESS,GLACIER BAY,58.186525,-136.56287,37,39,13.9,0,9187899,ZCDS4
2008-07-13T16:49:23,310505000,TAHITIAN-PRINCESS,GLACIER BAY,58.18618167,-136.563425,37,38,13.9,0,9187899,ZCDS4
2008-07-13T16:49:17,310505000,TAHITIAN-PRINCESS,GLACIER BAY,58.185875,-136.56387,37,39,13.9,0,9187899,ZCDS4
2008-07-13T16:49:12,310505000,TAHITIAN-PRINCESS,GLACIER BAY,58.18562167,-136.5642467,37,40,14.0,0,9187899,ZCDS4
2008-07-13T16:49:05,310505000,TAHITIAN-PRINCESS,GLACIER BAY,58.18527,-136.564785,37,40,14.0,0,9187899,ZCDS4
2008-07-13T16:48:59,310505000,TAHITIAN-PRINCESS,GLACIER BAY,58.18501667,-136.5651683,37,40,14.0,0,9187899,ZCDS4
2008-07-13T16:48:55,310505000,TAHITIAN-PRINCESS,GLACIER BAY,58.18470833,-136.5656183,38,41,14.0,0,9187899,ZCDS4
2008-07-13T16:48:47,310505000,TAHITIAN-PRINCESS,GLACIER BAY,58.18436,-136.5661683,38,41,14.0,0,9187899,ZCDS4
2008-07-13T16:48:41,310505000,TAHITIAN-PRINCESS,GLACIER BAY,58.18406,-136.56664,38,41,14.0,0,9187899,ZCDS4
2008-07-13T16:48:36,310505000,TAHITIAN-PRINCESS,GLACIER BAY,58.18381,-136.567025,39,41,14.0,0,9187899,ZCDS4
2008-07-13T16:48:30,310505000,TAHITIAN-PRINCESS,GLACIER BAY,58.18351667,-136.56751,39,41,14.0,0,9187899,ZCDS4
2008-07-13T16:48:23,310505000,TAHITIAN-PRINCESS,GLACIER BAY,58.183175,-136.5680717,39,42,14.0,0,9187899,ZCDS4
2008-07-13T16:48:12,310505000,TAHITIAN-PRINCESS,GLACIER BAY,58.182645,-136.5689667,39,41,14.0,0,9187899,ZCDS4
2008-07-13T16:48:06,310505000,TAHITIAN-PRINCESS,GLACIER BAY,58.18229,-136.569505,39,42,14.0,0,9187899,ZCDS4
2008-07-13T16:48:01,310505000,TAHITIAN-PRINCESS,GLACIER BAY,58.18205333,-136.5699167,39,41,13.9,0,9187899,ZCDS4
2008-07-13T16:47:55,310505000,TAHITIAN-PRINCESS,GLACIER BAY,58.18181333,-136.57032,39,41,14.0,0,9187899,ZCDS4
2008-07-13T16:47:54,310505000,TAHITIAN-PRINCESS,GLACIER BAY,58.18176333,-136.5703983,39,41,14.0,0,9187899,ZCDS4
2008-07-13T16:47:47,310505000,TAHITIAN-PRINCESS,GLACIER BAY,58.18142,-136.5709567,39,42,13.9,0,9187899,ZCDS4
2008-07-13T16:47:45,310505000,TAHITIAN-PRINCESS,GLACIER BAY,58.181325,-136.5711233,39,41,13.9,0,9187899,ZCDS4
2008-07-13T16:47:41,310505000,TAHITIAN-PRINCESS,GLACIER BAY,58.18113833,-136.5714567,39,41,13.9,0,9187899,ZCDS4
2008-07-13T16:47:36,310505000,TAHITIAN-PRINCESS,GLACIER BAY,58.18089,-136.5718417,39,42,13.9,0,9187899,ZCDS4
2008-07-13T16:47:30,310505000,TAHITIAN-PRINCESS,GLACIER BAY,58.18060167,-136.5723283,39,41,13.9,0,9187899,ZCDS4
2008-07-13T16:47:26,310505000,TAHITIAN-PRINCESS,GLACIER BAY,58.18041167,-136.5726533,39,41,13.9,0,9187899,ZCDS4
2008-07-13T16:47:23,310505000,TAHITIAN-PRINCESS,GLACIER BAY,58.180265,-136.57289,39,41,13.9,0,9187899,ZCDS4
2008-07-13T16:47:17,310505000,TAHITIAN-PRINCESS,GLACIER BAY,58.17997333,-136.5733667,39,42,13.8,0,9187899,ZCDS4
2008-07-13T16:47:17,310505000,TAHITIAN-PRINCESS,GLACIER BAY,58.17992333,-136.573445,39,42,13.8,0,9187899,ZCDS4
2008-07-13T16:46:59,310505000,TAHITIAN-PRINCESS,GLACIER BAY,58.17911167,-136.5748167,39,41,13.8,0,9187899,ZCDS4
2008-07-13T16:46:57,310505000,TAHITIAN-PRINCESS,GLACIER BAY,58.17896833,-136.57506,39,41,13.8,0,9187899,ZCDS4
2008-07-13T16:46:54,310505000,TAHITIAN-PRINCESS,GLACIER BAY,58.17877833,-136.57538,39,40,13.9,0,9187899,ZCDS4
2008-07-13T16:46:49,310505000,TAHITIAN-PRINCESS,GLACIER BAY,58.17863167,-136.57561,39,40,13.9,0,9187899,ZCDS4
2008-07-13T16:46:45,310505000,TAHITIAN-PRINCESS,GLACIER BAY,58.17844,-136.5759283,39,40,13.9,0,9187899,ZCDS4
2008-07-13T16:46:42,310505000,TAHITIAN-PRINCESS,GLACIER BAY,58.178295,-136.57617,39,40,13.8,0,9187899,ZCDS4
2008-07-13T16:46:39,310505000,TAHITIAN-PRINCESS,GLACIER BAY,58.17814667,-136.576405,39,40,13.8,0,9187899,ZCDS4
2008-07-13T16:46:37,310505000,TAHITIAN-PRINCESS,GLACIER BAY,58.17800167,-136.5766417,39,40,13.7,0,9187899,ZCDS4
2008-07-13T16:46:32,310505000,TAHITIAN-PRINCESS,GLACIER BAY,58.17781167,-136.5769617,39,39,13.9,0,9187899,ZCDS4
2008-07-13T16:46:29,310505000,TAHITIAN-PRINCESS,GLACIER BAY,58.17767167,-136.5772017,38,39,13.9,0,9187899,ZCDS4
2008-07-13T16:46:26,310505000,TAHITIAN-PRINCESS,GLACIER BAY,58.17752833,-136.577445,38,38,13.9,0,9187899,ZCDS4
2008-07-13T16:46:23,310505000,TAHITIAN-PRINCESS,GLACIER BAY,58.17733833,-136.57777,37,38,13.8,0,9187899,ZCDS4
2008-07-13T16:46:19,310505000,TAHITIAN-PRINCESS,GLACIER BAY,58.17719333,-136.57801,37,37,13.7,0,9187899,ZCDS4
2008-07-13T16:46:16,310505000,TAHITIAN-PRINCESS,GLACIER BAY,58.17705167,-136.5782483,36,36,13.8,0,9187899,ZCDS4
2008-07-13T16:46:12,310505000,TAHITIAN-PRINCESS,GLACIER BAY,58.17685833,-136.57856,36,36,13.9,0,9187899,ZCDS4
2008-07-13T16:46:09,310505000,TAHITIAN-PRINCESS,GLACIER BAY,58.17671,-136.578785,35,36,13.8,0,9187899,ZCDS4
2008-07-13T16:46:05,310505000,TAHITIAN-PRINCESS,GLACIER BAY,58.17651333,-136.5790967,35,35,13.8,0,9187899,ZCDS4
2008-07-13T16:46:02,310505000,TAHITIAN-PRINCESS,GLACIER BAY,58.176365,-136.579325,34,35,13.8,0,9187899,ZCDS4
2008-07-13T16:46:00,310505000,TAHITIAN-PRINCESS,GLACIER BAY,58.17621667,-136.57955,34,34,13.8,0,9187899,ZCDS4
2008-07-13T16:45:56,310505000,TAHITIAN-PRINCESS,GLACIER BAY,58.17606333,-136.5797667,33,34,13.8,0,9187899,ZCDS4
2008-07-13T16:45:54,310505000,TAHITIAN-PRINCESS,GLACIER BAY,58.17591333,-136.579985,33,33,13.8,0,9187899,ZCDS4
2008-07-13T16:45:49,310505000,TAHITIAN-PRINCESS,GLACIER BAY,58.17571,-136.5802717,32,33,13.8,0,9187899,ZCDS4
2008-07-13T16:45:45,310505000,TAHITIAN-PRINCESS,GLACIER BAY,58.17550833,-136.5805683,31,32,13.8,0,9187899,ZCDS4
2008-07-13T16:45:42,310505000,TAHITIAN-PRINCESS,GLACIER BAY,58.17535667,-136.5807817,31,31,13.7,0,9187899,ZCDS4
2008-07-13T16:45:40,310505000,TAHITIAN-PRINCESS,GLACIER BAY,58.17519833,-136.5809817,31,31,13.8,0,9187899,ZCDS4
2008-07-13T16:45:38,310505000,TAHITIAN-PRINCESS,GLACIER BAY,58.17504333,-136.58119,30,31,13.8,0,9187899,ZCDS4
2008-07-13T16:45:35,310505000,TAHITIAN-PRINCESS,GLACIER BAY,58.17489,-136.5814033,29,30,13.8,0,9187899,ZCDS4
2008-07-13T16:45:31,310505000,TAHITIAN-PRINCESS,GLACIER BAY,58.17468,-136.5816717,29,29,13.7,0,9187899,ZCDS4
2008-07-13T16:45:29,310505000,TAHITIAN-PRINCESS,GLACIER BAY,58.17452,-136.5818667,28,29,13.7,0,9187899,ZCDS4
2008-07-13T16:45:22,310505000,TAHITIAN-PRINCESS,GLACIER BAY,58.174305,-136.5821217,28,28,13.8,0,9187899,ZCDS4
2008-07-13T16:45:19,310505000,TAHITIAN-PRINCESS,GLACIER BAY,58.174145,-136.582315,27,28,13.8,0,9187899,ZCDS4
2008-07-13T16:45:16,310505000,TAHITIAN-PRINCESS,GLACIER BAY,58.17398667,-136.5825117,27,27,13.7,0,9187899,ZCDS4
2008-07-13T16:45:12,310505000,TAHITIAN-PRINCESS,GLACIER BAY,58.17382333,-136.582695,26,27,13.7,0,9187899,ZCDS4
2008-07-13T16:45:09,310505000,TAHITIAN-PRINCESS,GLACIER BAY,58.1736,-136.5829267,26,27,13.7,0,9187899,ZCDS4
2008-07-13T16:45:05,310505000,TAHITIAN-PRINCESS,GLACIER BAY,58.17338333,-136.5831683,25,26,13.7,0,9187899,ZCDS4
2008-07-13T16:45:02,310505000,TAHITIAN-PRINCESS,GLACIER BAY,58.17322,-136.5833483,25,26,13.7,0,9187899,ZCDS4
2008-07-13T16:44:59,310505000,TAHITIAN-PRINCESS,GLACIER BAY,58.17305333,-136.58352,24,25,13.7,0,9187899,ZCDS4
2008-07-13T16:44:56,310505000,TAHITIAN-PRINCESS,GLACIER BAY,58.17288667,-136.58369,24,25,13.7,0,9187899,ZCDS4
2008-07-13T16:44:52,310505000,TAHITIAN-PRINCESS,GLACIER BAY,58.17266667,-136.5839283,23,24,13.7,0,9187899,ZCDS4
2008-07-13T16:44:49,310505000,TAHITIAN-PRINCESS,GLACIER BAY,58.17250333,-136.5841017,23,23,13.7,0,9187899,ZCDS4
2008-07-13T16:44:46,310505000,TAHITIAN-PRINCESS,GLACIER BAY,58.17227667,-136.5843167,0,0,0.0,0,9187899,ZCDS4
2008-07-13T16:44:45,310505000,TAHITIAN-PRINCESS,GLACIER BAY,58.17227667,-136.5843167,22,23,13.6,0,9187899,ZCDS4
2008-07-13T16:44:43,310505000,TAHITIAN-PRINCESS,GLACIER BAY,58.17216167,-136.5844183,22,23,13.6,0,9187899,ZCDS4
2008-07-13T16:44:39,310505000,TAHITIAN-PRINCESS,GLACIER BAY,58.17193833,-136.5846383,21,22,13.7,0,9187899,ZCDS4
2008-07-13T16:44:36,310505000,TAHITIAN-PRINCESS,GLACIER BAY,58.17177167,-136.5848033,21,22,13.7,0,9187899,ZCDS4
2008-07-13T16:44:32,310505000,TAHITIAN-PRINCESS,GLACIER BAY,58.17154667,-136.5850133,20,21,13.6,0,9187899,ZCDS4
2008-07-13T16:44:30,310505000,TAHITIAN-PRINCESS,GLACIER BAY,58.17137,-136.5851467,20,22,13.6,0,9187899,ZCDS4
2008-07-13T16:44:26,310505000,TAHITIAN-PRINCESS,GLACIER BAY,58.17119833,-136.5852933,19,21,13.6,0,9187899,ZCDS4
2008-07-13T16:44:22,310505000,TAHITIAN-PRINCESS,GLACIER BAY,58.17097667,-136.5855133,19,20,13.6,0,9187899,ZCDS4
2008-07-13T16:44:16,310505000,TAHITIAN-PRINCESS,GLACIER BAY,58.17063167,-136.5858017,17,20,13.6,0,9187899,ZCDS4
2008-07-13T16:44:05,310505000,TAHITIAN-PRINCESS,GLACIER BAY,58.16999667,-136.5863033,16,18,13.5,0,9187899,ZCDS4
2008-07-13T16:43:56,310505000,TAHITIAN-PRINCESS,GLACIER BAY,58.169465,-136.586655,15,18,13.5,0,9187899,ZCDS4
2008-07-13T16:43:45,310505000,TAHITIAN-PRINCESS,GLACIER BAY,58.16882,-136.5870933,15,18,13.4,0,9187899,ZCDS4
2008-07-13T16:43:37,310505000,TAHITIAN-PRINCESS,GLACIER BAY,58.16829333,-136.587435,14,18,13.5,0,9187899,ZCDS4
2008-07-13T16:43:27,310505000,TAHITIAN-PRINCESS,GLACIER BAY,58.167705,-136.5878017,14,18,13.3,0,9187899,ZCDS4
2008-07-13T16:43:17,310505000,TAHITIAN-PRINCESS,GLACIER BAY,58.16711667,-136.5881417,14,18,13.4,0,9187899,ZCDS4
2008-07-13T16:43:05,310505000,TAHITIAN-PRINCESS,GLACIER BAY,58.16646667,-136.58851,15,20,13.3,0,9187899,ZCDS4
2008-07-13T16:42:56,310505000,TAHITIAN-PRINCESS,GLACIER BAY,58.16594333,-136.5888483,15,20,13.3,0,9187899,ZCDS4
2008-07-13T16:42:45,310505000,TAHITIAN-PRINCESS,GLACIER BAY,58.1653,-136.5892433,16,22,13.3,0,9187899,ZCDS4
2008-07-13T16:42:36,310505000,TAHITIAN-PRINCESS,GLACIER BAY,58.16478333,-136.5896033,17,24,13.3,0,9187899,ZCDS4
2008-07-13T16:42:26,310505000,TAHITIAN-PRINCESS,GLACIER BAY,58.16421833,-136.5900583,17,24,13.3,0,9187899,ZCDS4
2008-07-13T16:42:15,310505000,TAHITIAN-PRINCESS,GLACIER BAY,58.16365667,-136.5905283,17,23,13.2,0,9187899,ZCDS4
2008-07-13T16:42:05,310505000,TAHITIAN-PRINCESS,GLACIER BAY,58.16303333,-136.5910017,18,24,13.3,0,9187899,ZCDS4
2008-07-13T16:41:58,310505000,TAHITIAN-PRINCESS,GLACIER BAY,58.16252333,-136.591405,19,25,13.2,0,9187899,ZCDS4
2008-07-13T16:41:45,310505000,TAHITIAN-PRINCESS,GLACIER BAY,58.16191,-136.5919233,19,26,13.2,0,9187899,ZCDS4
2008-07-13T16:41:36,310505000,TAHITIAN-PRINCESS,GLACIER BAY,58.16141333,-136.59237,19,25,13.2,0,9187899,ZCDS4
2008-07-13T16:41:25,310505000,TAHITIAN-PRINCESS,GLACIER BAY,58.16080667,-136.5928983,19,25,13.1,0,9187899,ZCDS4
2008-07-13T16:41:15,310505000,TAHITIAN-PRINCESS,GLACIER BAY,58.16031167,-136.5933367,19,25,13.1,0,9187899,ZCDS4
2008-07-13T16:41:05,310505000,TAHITIAN-PRINCESS,GLACIER BAY,58.15970833,-136.5938667,19,24,13.0,0,9187899,ZCDS4
2008-07-13T16:40:56,310505000,TAHITIAN-PRINCESS,GLACIER BAY,58.15921167,-136.5942817,19,24,13.1,0,9187899,ZCDS4
2008-07-13T16:40:45,310505000,TAHITIAN-PRINCESS,GLACIER BAY,58.15860667,-136.5948067,19,23,13.1,0,9187899,ZCDS4
2008-07-13T16:40:38,310505000,TAHITIAN-PRINCESS,GLACIER BAY,58.15810833,-136.5952083,19,24,13.1,0,9187899,ZCDS4
2008-07-13T16:40:29,310505000,TAHITIAN-PRINCESS,GLACIER BAY,58.12806667,-136.616845,18,20,14.2,0,9187899,ZCDS4
2008-07-13T16:40:25,310505000,TAHITIAN-PRINCESS,GLACIER BAY,58.15750167,-136.5957267,19,24,13.1,0,9187899,ZCDS4
2008-07-13T16:40:16,310505000,TAHITIAN-PRINCESS,GLACIER BAY,58.157005,-136.5961483,19,22,13.1,0,9187899,ZCDS4
2008-07-13T16:40:05,310505000,TAHITIAN-PRINCESS,GLACIER BAY,58.15638833,-136.5966283,18,23,13.1,0,9187899,ZCDS4
2008-07-13T16:39:56,310505000,TAHITIAN-PRINCESS,GLACIER BAY,58.15588667,-136.5970283,18,23,13.1,0,9187899,ZCDS4
2008-07-13T16:39:45,310505000,TAHITIAN-PRINCESS,GLACIER BAY,58.15527,-136.5975117,19,22,13.1,0,9187899,ZCDS4
2008-07-13T16:39:36,310505000,TAHITIAN-PRINCESS,GLACIER BAY,58.154765,-136.5978983,19,23,13.1,0,9187899,ZCDS4
2008-07-13T16:39:26,310505000,TAHITIAN-PRINCESS,GLACIER BAY,58.15414667,-136.5983717,19,23,13.1,0,9187899,ZCDS4
2008-07-13T16:39:16,310505000,TAHITIAN-PRINCESS,GLACIER BAY,58.15364667,-136.5987733,19,22,13.1,0,9187899,ZCDS4
2008-07-13T16:39:02,310505000,TAHITIAN-PRINCESS,GLACIER BAY,58.1373333,-136.600667,511,360,102.3,15,9187899,ZCDS4
2008-07-13T16:38:56,310505000,TAHITIAN-PRINCESS,GLACIER BAY,58.15253667,-136.599665,19,22,13.1,0,9187899,ZCDS4
2008-07-13T16:38:46,310505000,TAHITIAN-PRINCESS,GLACIER BAY,58.15197333,-136.6000767,19,22,13.0,0,9187899,ZCDS4
2008-07-13T16:38:46,310505000,TAHITIAN-PRINCESS,GLACIER BAY,58.15141833,-136.600515,0,0,0.0,0,9187899,ZCDS4
2008-07-13T16:38:36,310505000,TAHITIAN-PRINCESS,GLACIER BAY,58.15141833,-136.600515,19,23,13.1,0,9187899,ZCDS4
2008-07-13T16:38:26,310505000,TAHITIAN-PRINCESS,GLACIER BAY,58.15081,-136.6010133,19,21,13.0,0,9187899,ZCDS4
2008-07-13T16:38:18,310505000,TAHITIAN-PRINCESS,GLACIER BAY,58.150305,-136.6013833,19,22,13.0,0,9187899,ZCDS4
2008-07-13T16:38:06,310505000,TAHITIAN-PRINCESS,GLACIER BAY,58.14975,-136.60182,18,21,13.0,0,9187899,ZCDS4
2008-07-13T16:37:56,310505000,TAHITIAN-PRINCESS,GLACIER BAY,58.14918833,-136.6022283,18,21,13.1,0,9187899,ZCDS4
2008-07-13T16:37:46,310505000,TAHITIAN-PRINCESS,GLACIER BAY,58.14863,-136.6026533,18,21,13.0,0,9187899,ZCDS4
2008-07-13T16:37:36,310505000,TAHITIAN-PRINCESS,GLACIER BAY,58.14807,-136.603075,17,20,13.0,0,9187899,ZCDS4
2008-07-13T16:37:25,310505000,TAHITIAN-PRINCESS,GLACIER BAY,58.14745167,-136.60352,17,20,13.0,0,9187899,ZCDS4
2008-07-13T16:37:18,310505000,TAHITIAN-PRINCESS,GLACIER BAY,58.14694333,-136.6038667,17,20,13.1,0,9187899,ZCDS4
2008-07-13T16:37:06,310505000,TAHITIAN-PRINCESS,GLACIER BAY,58.14637833,-136.6042583,17,20,13.1,0,9187899,ZCDS4
2008-07-13T16:36:56,310505000,TAHITIAN-PRINCESS,GLACIER BAY,58.14580833,-136.60463,17,20,13.0,0,9187899,ZCDS4
2008-07-13T16:36:47,310505000,TAHITIAN-PRINCESS,GLACIER BAY,58.14524333,-136.6050133,17,20,13.1,0,9187899,ZCDS4
2008-07-13T16:36:36,310505000,TAHITIAN-PRINCESS,GLACIER BAY,58.144675,-136.60539,17,20,13.0,0,9187899,ZCDS4
2008-07-13T16:36:25,310505000,TAHITIAN-PRINCESS,GLACIER BAY,58.14405333,-136.6058117,17,21,13.0,0,9187899,ZCDS4
2008-07-13T16:36:16,310505000,TAHITIAN-PRINCESS,GLACIER BAY,58.14354667,-136.6061717,17,20,13.0,0,9187899,ZCDS4
2008-07-13T16:36:06,310505000,TAHITIAN-PRINCESS,GLACIER BAY,58.14298167,-136.606555,17,21,13.0,0,9187899,ZCDS4
2008-07-13T16:36:03,310505000,TAHITIAN-PRINCESS,GLACIER BAY,58.14258833,-136.6068367,17,20,13.1,0,9187899,ZCDS4
2008-07-13T16:35:54,310505000,TAHITIAN-PRINCESS,GLACIER BAY,58.14224833,-136.6070717,17,20,13.0,0,9187899,ZCDS4
2008-07-13T16:35:48,310505000,TAHITIAN-PRINCESS,GLACIER BAY,58.14196333,-136.60726,17,21,13.0,0,9187899,ZCDS4
2008-07-13T16:35:42,310505000,TAHITIAN-PRINCESS,GLACIER BAY,58.14163,-136.60751,17,20,13.1,0,9187899,ZCDS4
2008-07-13T16:35:36,310505000,TAHITIAN-PRINCESS,GLACIER BAY,58.14128833,-136.6077383,17,20,13.1,0,9187899,ZCDS4
2008-07-13T16:35:31,310505000,TAHITIAN-PRINCESS,GLACIER BAY,58.14094833,-136.6079717,17,20,13.0,0,9187899,ZCDS4
2008-07-13T16:35:25,310505000,TAHITIAN-PRINCESS,GLACIER BAY,58.14066833,-136.60818,17,20,13.0,0,9187899,ZCDS4
2008-07-13T16:35:23,310505000,TAHITIAN-PRINCESS,GLACIER BAY,58.140555,-136.6082533,17,20,13.0,0,9187899,ZCDS4
2008-07-13T16:35:18,310505000,TAHITIAN-PRINCESS,GLACIER BAY,58.14027167,-136.6084417,17,20,13.1,0,9187899,ZCDS4
2008-07-13T16:35:12,310505000,TAHITIAN-PRINCESS,GLACIER BAY,58.13993167,-136.6086833,17,20,13.0,0,9187899,ZCDS4
2008-07-13T16:35:07,310505000,TAHITIAN-PRINCESS,GLACIER BAY,58.13959333,-136.608925,17,19,13.0,0,9187899,ZCDS4
2008-07-13T16:27:24,310505000,TAHITIAN-PRINCESS,GLACIER BAY,58.11146333,-136.62812,16,20,14.6,0,9187899,ZCDS4
2008-07-13T16:27:17,310505000,TAHITIAN-PRINCESS,GLACIER BAY,58.11101833,-136.6284183,16,20,14.6,0,9187899,ZCDS4
2008-07-13T16:27:14,310505000,TAHITIAN-PRINCESS,GLACIER BAY,58.110635,-136.628665,16,20,14.5,0,9187899,ZCDS4
2008-07-13T16:27:14,310505000,TAHITIAN-PRINCESS,GLACIER BAY,58.110315,-136.6288683,16,21,14.6,0,9187899,ZCDS4
2008-07-13T16:27:14,310505000,TAHITIAN-PRINCESS,GLACIER BAY,58.10993667,-136.6291317,17,20,14.6,0,9187899,ZCDS4
2008-07-13T16:27:14,310505000,TAHITIAN-PRINCESS,GLACIER BAY,58.10949167,-136.62943,17,21,14.5,0,9187899,ZCDS4
2008-07-13T16:27:14,310505000,TAHITIAN-PRINCESS,GLACIER BAY,58.10911333,-136.6296883,17,21,14.6,0,9187899,ZCDS4
2008-07-13T16:27:14,310505000,TAHITIAN-PRINCESS,GLACIER BAY,58.1088,-136.629915,0,0,0.0,0,9187899,ZCDS4
2008-07-13T16:27:14,310505000,TAHITIAN-PRINCESS,GLACIER BAY,58.1088,-136.629915,17,21,14.5,0,9187899,ZCDS4
2008-07-13T16:27:14,310505000,TAHITIAN-PRINCESS,GLACIER BAY,58.10841833,-136.63017,18,22,14.5,0,9187899,ZCDS4
2008-07-13T16:27:14,310505000,TAHITIAN-PRINCESS,GLACIER BAY,58.10798,-136.6304867,18,22,14.5,0,9187899,ZCDS4
2008-07-13T16:27:14,310505000,TAHITIAN-PRINCESS,GLACIER BAY,58.10766833,-136.630715,18,22,14.5,0,9187899,ZCDS4
2008-07-13T16:27:14,310505000,TAHITIAN-PRINCESS,GLACIER BAY,58.10722667,-136.6310167,19,23,14.5,0,9187899,ZCDS4
2008-07-13T16:27:14,310505000,TAHITIAN-PRINCESS,GLACIER BAY,58.10685333,-136.6312967,19,23,14.5,0,9187899,ZCDS4
2008-07-13T16:27:14,310505000,TAHITIAN-PRINCESS,GLACIER BAY,58.10616833,-136.6318083,19,23,14.5,0,9187899,ZCDS4
2008-07-13T16:27:14,310505000,TAHITIAN-PRINCESS,GLACIER BAY,58.10573167,-136.6321367,20,23,14.5,0,9187899,ZCDS4
2008-07-13T16:27:14,310505000,TAHITIAN-PRINCESS,GLACIER BAY,58.10536333,-136.6324367,20,23,14.4,0,9187899,ZCDS4
2008-07-13T16:27:14,310505000,TAHITIAN-PRINCESS,GLACIER BAY,58.10505333,-136.63267,20,23,14.5,0,9187899,ZCDS4
2008-07-13T16:27:14,310505000,TAHITIAN-PRINCESS,GLACIER BAY,58.104685,-136.6329633,20,23,14.5,0,9187899,ZCDS4
2008-07-13T16:27:14,310505000,TAHITIAN-PRINCESS,GLACIER BAY,58.104255,-136.6333183,20,23,14.4,0,9187899,ZCDS4
2008-07-13T16:25:24,310505000,TAHITIAN-PRINCESS,GLACIER BAY,58.10394667,-136.6335583,20,23,14.4,0,9187899,ZCDS4
2008-07-13T16:25:17,310505000,TAHITIAN-PRINCESS,GLACIER BAY,58.10352167,-136.633915,20,22,14.4,0,9187899,ZCDS4
2008-07-13T16:25:14,310505000,TAHITIAN-PRINCESS,GLACIER BAY,58.103215,-136.6341617,19,22,14.4,0,9187899,ZCDS4
2008-07-13T16:25:06,310505000,TAHITIAN-PRINCESS,GLACIER BAY,58.10284667,-136.63445,19,22,14.4,0,9187899,ZCDS4
2008-07-13T16:25:00,310505000,TAHITIAN-PRINCESS,GLACIER BAY,58.10247833,-136.6347383,19,22,14.4,0,9187899,ZCDS4
2008-07-13T16:24:53,310505000,TAHITIAN-PRINCESS,GLACIER BAY,58.10204833,-136.635075,19,22,14.4,0,9187899,ZCDS4
2008-07-13T16:24:48,310505000,TAHITIAN-PRINCESS,GLACIER BAY,58.10168,-136.6353567,19,22,14.3,0,9187899,ZCDS4
2008-07-13T16:24:43,310505000,TAHITIAN-PRINCESS,GLACIER BAY,58.10137333,-136.6355917,19,21,14.4,0,9187899,ZCDS4
2008-07-13T16:24:36,310505000,TAHITIAN-PRINCESS,GLACIER BAY,58.101005,-136.6358783,18,21,14.3,0,9187899,ZCDS4
2008-07-13T16:24:23,310505000,TAHITIAN-PRINCESS,GLACIER BAY,58.10020333,-136.63647,18,21,14.3,0,9187899,ZCDS4
2008-07-13T16:24:17,310505000,TAHITIAN-PRINCESS,GLACIER BAY,58.099835,-136.6367433,19,21,14.3,0,9187899,ZCDS4
2008-07-13T16:24:12,310505000,TAHITIAN-PRINCESS,GLACIER BAY,58.09952833,-136.63697,18,21,14.3,0,9187899,ZCDS4
2008-07-13T16:24:07,310505000,TAHITIAN-PRINCESS,GLACIER BAY,58.09915833,-136.63724,19,21,14.3,0,9187899,ZCDS4
2008-07-13T16:23:59,310505000,TAHITIAN-PRINCESS,GLACIER BAY,58.098725,-136.6375517,19,21,14.3,0,9187899,ZCDS4
2008-07-13T16:23:53,310505000,TAHITIAN-PRINCESS,GLACIER BAY,58.09835667,-136.6378217,19,22,14.3,0,9187899,ZCDS4
2008-07-13T16:23:47,310505000,TAHITIAN-PRINCESS,GLACIER BAY,58.09798667,-136.6380883,19,21,14.2,0,9187899,ZCDS4
2008-07-13T16:23:42,310505000,TAHITIAN-PRINCESS,GLACIER BAY,58.09768,-136.63832,19,22,14.2,0,9187899,ZCDS4
2008-07-13T16:23:37,310505000,TAHITIAN-PRINCESS,GLACIER BAY,58.09731333,-136.6385883,19,22,14.2,0,9187899,ZCDS4
2008-07-13T16:23:31,310505000,TAHITIAN-PRINCESS,GLACIER BAY,58.09694667,-136.6388633,19,22,14.2,0,9187899,ZCDS4
2008-07-13T16:23:24,310505000,TAHITIAN-PRINCESS,GLACIER BAY,58.09651833,-136.6391783,19,22,14.2,0,9187899,ZCDS4
2008-07-13T16:23:17,310505000,TAHITIAN-PRINCESS,GLACIER BAY,58.09615167,-136.6394483,19,22,14.2,0,9187899,ZCDS4
2008-07-13T16:23:13,310505000,TAHITIAN-PRINCESS,GLACIER BAY,58.09584833,-136.6396783,19,22,14.2,0,9187899,ZCDS4
2008-07-13T16:23:06,310505000,TAHITIAN-PRINCESS,GLACIER BAY,58.09548333,-136.6399567,19,22,14.1,0,9187899,ZCDS4
2008-07-13T16:22:59,310505000,TAHITIAN-PRINCESS,GLACIER BAY,58.09505667,-136.6402717,19,22,14.1,0,9187899,ZCDS4
2008-07-13T16:22:53,310505000,TAHITIAN-PRINCESS,GLACIER BAY,58.094695,-136.6405517,19,21,14.2,0,9187899,ZCDS4
2008-07-13T16:22:47,310505000,TAHITIAN-PRINCESS,GLACIER BAY,58.09432833,-136.6408217,19,22,14.1,0,9187899,ZCDS4
2008-07-13T16:22:43,310505000,TAHITIAN-PRINCESS,GLACIER BAY,58.094025,-136.641045,19,22,14.1,0,9187899,ZCDS4
2008-07-13T16:22:36,310505000,TAHITIAN-PRINCESS,GLACIER BAY,58.093665,-136.64133,19,21,14.1,0,9187899,ZCDS4
2008-07-13T16:22:30,310505000,TAHITIAN-PRINCESS,GLACIER BAY,58.09330167,-136.6416033,19,22,14.1,0,9187899,ZCDS4
2008-07-13T16:22:27,310505000,TAHITIAN-PRINCESS,GLACIER BAY,58.09287667,-136.6419167,19,21,14.0,0,9187899,ZCDS4
2008-07-13T16:22:17,310505000,TAHITIAN-PRINCESS,GLACIER BAY,58.09251667,-136.642205,19,21,14.1,0,9187899,ZCDS4
2008-07-13T16:22:15,310505000,TAHITIAN-PRINCESS,GLACIER BAY,58.09221167,-136.642415,19,22,14.1,0,9187899,ZCDS4
2008-07-13T16:22:05,310505000,TAHITIAN-PRINCESS,GLACIER BAY,58.09179,-136.64274,19,21,14.1,0,9187899,ZCDS4
2008-07-13T16:21:59,310505000,TAHITIAN-PRINCESS,GLACIER BAY,58.09142667,-136.643015,18,21,14.0,0,9187899,ZCDS4
2008-07-13T16:21:53,310505000,TAHITIAN-PRINCESS,GLACIER BAY,58.09106,-136.64326,19,22,14.1,0,9187899,ZCDS4
2008-07-13T16:21:47,310505000,TAHITIAN-PRINCESS,GLACIER BAY,58.09069667,-136.643535,19,21,14.1,0,9187899,ZCDS4
2008-07-13T16:21:42,310505000,TAHITIAN-PRINCESS,GLACIER BAY,58.09039333,-136.6437583,18,21,14.0,0,9187899,ZCDS4
2008-07-13T16:21:36,310505000,TAHITIAN-PRINCESS,GLACIER BAY,58.09002667,-136.64401,19,21,14.1,0,9187899,ZCDS4
2008-07-13T16:21:30,310505000,TAHITIAN-PRINCESS,GLACIER BAY,58.089665,-136.6442817,19,21,14.1,0,9187899,ZCDS4
2008-07-13T16:21:23,310505000,TAHITIAN-PRINCESS,GLACIER BAY,58.08924,-136.6445967,19,21,14.0,0,9187899,ZCDS4
2008-07-13T16:21:17,310505000,TAHITIAN-PRINCESS,GLACIER BAY,58.088875,-136.6448533,19,21,14.1,0,9187899,ZCDS4
2008-07-13T16:21:12,310505000,TAHITIAN-PRINCESS,GLACIER BAY,58.088575,-136.645075,19,21,14.1,0,9187899,ZCDS4
2008-07-13T16:21:05,310505000,TAHITIAN-PRINCESS,GLACIER BAY,58.08815,-136.6453933,18,21,14.0,0,9187899,ZCDS4
2008-07-13T16:21:00,310505000,TAHITIAN-PRINCESS,GLACIER BAY,58.08778667,-136.6456517,19,21,14.0,0,9187899,ZCDS4
2008-07-13T16:20:53,310505000,TAHITIAN-PRINCESS,GLACIER BAY,58.08742667,-136.645925,18,21,14.1,0,9187899,ZCDS4
2008-07-13T16:20:45,310505000,TAHITIAN-PRINCESS,GLACIER BAY,58.08675333,-136.6463967,0,0,0.0,0,9187899,ZCDS4
2008-07-13T16:20:42,310505000,TAHITIAN-PRINCESS,GLACIER BAY,58.08675333,-136.6463967,18,21,14.0,0,9187899,ZCDS4
2008-07-13T16:20:36,310505000,TAHITIAN-PRINCESS,GLACIER BAY,58.08639333,-136.6466667,18,21,14.1,0,9187899,ZCDS4
2008-07-13T16:20:32,310505000,TAHITIAN-PRINCESS,GLACIER BAY,58.08602833,-136.6469233,18,21,14.1,0,9187899,ZCDS4
2008-07-13T16:20:23,310505000,TAHITIAN-PRINCESS,GLACIER BAY,58.08560167,-136.6472267,19,21,14.0,0,9187899,ZCDS4
2008-07-13T16:20:18,310505000,TAHITIAN-PRINCESS,GLACIER BAY,58.0853,-136.6474433,19,22,14.1,0,9187899,ZCDS4
2008-07-13T16:20:12,310505000,TAHITIAN-PRINCESS,GLACIER BAY,58.08493667,-136.6477067,19,21,14.1,0,9187899,ZCDS4
2008-07-13T16:20:05,310505000,TAHITIAN-PRINCESS,GLACIER BAY,58.08451167,-136.6480083,19,22,14.1,0,9187899,ZCDS4
2008-07-13T16:19:59,310505000,TAHITIAN-PRINCESS,GLACIER BAY,58.08414833,-136.6482733,19,22,14.1,0,9187899,ZCDS4
2008-07-13T16:19:53,310505000,TAHITIAN-PRINCESS,GLACIER BAY,58.08378667,-136.64855,19,22,14.1,0,9187899,ZCDS4
2008-07-13T16:19:47,310505000,TAHITIAN-PRINCESS,GLACIER BAY,58.08342167,-136.6488083,20,23,14.1,0,9187899,ZCDS4
2008-07-13T16:19:37,310505000,TAHITIAN-PRINCESS,GLACIER BAY,58.08275833,-136.6493233,20,23,14.1,0,9187899,ZCDS4
2008-07-13T16:19:31,310505000,TAHITIAN-PRINCESS,GLACIER BAY,58.08239667,-136.649595,20,23,14.1,0,9187899,ZCDS4
2008-07-13T16:19:23,310505000,TAHITIAN-PRINCESS,GLACIER BAY,58.08197667,-136.6499267,20,23,14.1,0,9187899,ZCDS4
2008-07-13T16:19:19,310505000,TAHITIAN-PRINCESS,GLACIER BAY,58.08167833,-136.6501767,20,22,14.0,0,9187899,ZCDS4
2008-07-13T16:19:13,310505000,TAHITIAN-PRINCESS,GLACIER BAY,58.081315,-136.6504517,20,23,14.1,0,9187899,ZCDS4
2008-07-13T16:18:59,310505000,TAHITIAN-PRINCESS,GLACIER BAY,58.08054,-136.6510833,20,22,14.1,0,9187899,ZCDS4
2008-07-13T16:18:53,310505000,TAHITIAN-PRINCESS,GLACIER BAY,58.080175,-136.65135,20,22,14.0,0,9187899,ZCDS4
2008-07-13T16:18:47,310505000,TAHITIAN-PRINCESS,GLACIER BAY,58.07981833,-136.65164,20,22,14.2,0,9187899,ZCDS4
2008-07-13T16:18:41,310505000,TAHITIAN-PRINCESS,GLACIER BAY,58.079455,-136.6519167,20,22,14.2,0,9187899,ZCDS4
2008-07-13T16:18:36,310505000,TAHITIAN-PRINCESS,GLACIER BAY,58.07915,-136.6521433,20,22,14.1,0,9187899,ZCDS4
2008-07-13T16:18:30,310505000,TAHITIAN-PRINCESS,GLACIER BAY,58.07879,-136.6524317,20,22,14.1,0,9187899,ZCDS4
2008-07-13T16:18:23,310505000,TAHITIAN-PRINCESS,GLACIER BAY,58.07836667,-136.652745,20,22,14.2,0,9187899,ZCDS4
2008-07-13T16:18:18,310505000,TAHITIAN-PRINCESS,GLACIER BAY,58.07806167,-136.65297,20,22,14.1,0,9187899,ZCDS4
2008-07-13T16:18:13,310505000,TAHITIAN-PRINCESS,GLACIER BAY,58.077695,-136.653245,20,22,14.1,0,9187899,ZCDS4
2008-07-13T16:18:05,310505000,TAHITIAN-PRINCESS,GLACIER BAY,58.07727333,-136.6535567,20,22,14.3,0,9187899,ZCDS4
2008-07-13T16:17:59,310505000,TAHITIAN-PRINCESS,GLACIER BAY,58.076905,-136.6538267,20,22,14.1,0,9187899,ZCDS4
2008-07-13T16:17:47,310505000,TAHITIAN-PRINCESS,GLACIER BAY,58.07617833,-136.6543767,20,22,14.2,0,9187899,ZCDS4
2008-07-13T16:17:42,310505000,TAHITIAN-PRINCESS,GLACIER BAY,58.07581,-136.654635,20,22,14.1,0,9187899,ZCDS4
2008-07-13T16:17:36,310505000,TAHITIAN-PRINCESS,GLACIER BAY,58.07550833,-136.6548733,20,22,14.1,0,9187899,ZCDS4
2008-07-13T16:17:30,310505000,TAHITIAN-PRINCESS,GLACIER BAY,58.07514667,-136.6551517,20,22,14.1,0,9187899,ZCDS4
2008-07-13T16:17:23,310505000,TAHITIAN-PRINCESS,GLACIER BAY,58.07472,-136.6554583,20,22,14.1,0,9187899,ZCDS4
2008-07-13T16:17:18,310505000,TAHITIAN-PRINCESS,GLACIER BAY,58.07442167,-136.655705,20,22,14.1,0,9187899,ZCDS4
2008-07-13T16:17:12,310505000,TAHITIAN-PRINCESS,GLACIER BAY,58.07405667,-136.6559667,20,22,14.1,0,9187899,ZCDS4
2008-07-13T16:17:05,310505000,TAHITIAN-PRINCESS,GLACIER BAY,58.073635,-136.6562883,20,22,14.1,0,9187899,ZCDS4
2008-07-13T16:16:59,310505000,TAHITIAN-PRINCESS,GLACIER BAY,58.07327167,-136.6565517,20,22,14.0,0,9187899,ZCDS4
2008-07-13T16:16:54,310505000,TAHITIAN-PRINCESS,GLACIER BAY,58.07297,-136.6567817,20,22,14.1,0,9187899,ZCDS4
2008-07-13T16:16:47,310505000,TAHITIAN-PRINCESS,GLACIER BAY,58.07254833,-136.6571017,20,22,14.0,0,9187899,ZCDS4
2008-07-13T16:16:41,310505000,TAHITIAN-PRINCESS,GLACIER BAY,58.07218333,-136.6573617,20,22,14.0,0,9187899,ZCDS4
2008-07-13T16:16:36,310505000,TAHITIAN-PRINCESS,GLACIER BAY,58.07188667,-136.657605,20,22,14.0,0,9187899,ZCDS4
2008-07-13T16:16:33,310505000,TAHITIAN-PRINCESS,GLACIER BAY,58.07152167,-136.6578583,21,23,14.0,0,9187899,ZCDS4
2008-07-13T16:16:25,310505000,TAHITIAN-PRINCESS,GLACIER BAY,58.071165,-136.6581483,21,22,14.0,0,9187899,ZCDS4
2008-07-13T16:16:12,310505000,TAHITIAN-PRINCESS,GLACIER BAY,58.07044167,-136.658695,21,22,14.0,0,9187899,ZCDS4
2008-07-13T16:16:05,310505000,TAHITIAN-PRINCESS,GLACIER BAY,58.07002667,-136.659035,20,21,14.0,0,9187899,ZCDS4
2008-07-13T16:16:00,310505000,TAHITIAN-PRINCESS,GLACIER BAY,58.06966333,-136.6592933,20,22,14.0,0,9187899,ZCDS4
2008-07-13T16:15:54,310505000,TAHITIAN-PRINCESS,GLACIER BAY,58.06936167,-136.65952,20,22,14.0,0,9187899,ZCDS4
2008-07-13T16:15:47,310505000,TAHITIAN-PRINCESS,GLACIER BAY,58.06894333,-136.6598433,20,21,14.0,0,9187899,ZCDS4
2008-07-13T16:15:41,310505000,TAHITIAN-PRINCESS,GLACIER BAY,58.068585,-136.6601167,20,22,14.0,0,9187899,ZCDS4
2008-07-13T16:15:36,310505000,TAHITIAN-PRINCESS,GLACIER BAY,58.06828333,-136.6603417,20,22,14.0,0,9187899,ZCDS4
2008-07-13T16:15:30,310505000,TAHITIAN-PRINCESS,GLACIER BAY,58.06792167,-136.6606133,20,22,13.9,0,9187899,ZCDS4
2008-07-13T16:15:25,310505000,TAHITIAN-PRINCESS,GLACIER BAY,58.06756,-136.6608733,20,22,14.0,0,9187899,ZCDS4
2008-07-13T16:15:17,310505000,TAHITIAN-PRINCESS,GLACIER BAY,58.06714,-136.661195,20,22,13.9,0,9187899,ZCDS4
2008-07-13T16:15:12,310505000,TAHITIAN-PRINCESS,GLACIER BAY,58.06683833,-136.6614117,20,22,13.9,0,9187899,ZCDS4
2008-07-13T16:15:05,310505000,TAHITIAN-PRINCESS,GLACIER BAY,58.06642333,-136.66174,20,21,14.0,0,9187899,ZCDS4
2008-07-13T16:14:59,310505000,TAHITIAN-PRINCESS,GLACIER BAY,58.06605667,-136.6619867,20,22,14.0,0,9187899,ZCDS4
2008-07-13T16:14:54,310505000,TAHITIAN-PRINCESS,GLACIER BAY,58.06575833,-136.6622133,20,21,14.0,0,9187899,ZCDS4
2008-07-13T16:14:48,310505000,TAHITIAN-PRINCESS,GLACIER BAY,58.06534167,-136.66254,20,22,14.0,0,9187899,ZCDS4
2008-07-13T16:14:45,310505000,TAHITIAN-PRINCESS,GLACIER BAY,58.06497667,-136.6627883,0,0,0.0,0,9187899,ZCDS4
2008-07-13T16:14:41,310505000,TAHITIAN-PRINCESS,GLACIER BAY,58.06497667,-136.6627883,21,22,14.0,0,9187899,ZCDS4
2008-07-13T16:14:39,310505000,TAHITIAN-PRINCESS,GLACIER BAY,58.06468167,-136.6630417,20,21,14.0,0,9187899,ZCDS4
2008-07-13T16:14:30,310505000,TAHITIAN-PRINCESS,GLACIER BAY,58.064315,-136.663295,20,22,14.0,0,9187899,ZCDS4
2008-07-13T16:14:24,310505000,TAHITIAN-PRINCESS,GLACIER BAY,58.06395833,-136.6635817,20,21,14.0,0,9187899,ZCDS4
2008-07-13T16:14:17,310505000,TAHITIAN-PRINCESS,GLACIER BAY,58.063535,-136.6638983,20,22,14.1,0,9187899,ZCDS4
2008-07-13T16:14:12,310505000,TAHITIAN-PRINCESS,GLACIER BAY,58.06323333,-136.6641267,20,21,14.1,0,9187899,ZCDS4
2008-07-13T16:14:05,310505000,TAHITIAN-PRINCESS,GLACIER BAY,58.06281167,-136.6644467,20,22,14.0,0,9187899,ZCDS4
2008-07-13T16:13:59,310505000,TAHITIAN-PRINCESS,GLACIER BAY,58.06244667,-136.664705,20,21,14.1,0,9187899,ZCDS4
2008-07-13T16:13:54,310505000,TAHITIAN-PRINCESS,GLACIER BAY,58.06215,-136.6649517,20,21,14.1,0,9187899,ZCDS4
2008-07-13T16:13:41,310505000,TAHITIAN-PRINCESS,GLACIER BAY,58.06136333,-136.6655317,20,21,14.0,0,9187899,ZCDS4
2008-07-13T16:13:36,310505000,TAHITIAN-PRINCESS,GLACIER BAY,58.06106167,-136.6657533,20,21,14.0,0,9187899,ZCDS4
2008-07-13T16:13:30,310505000,TAHITIAN-PRINCESS,GLACIER BAY,58.0607,-136.66602,20,21,14.0,0,9187899,ZCDS4
2008-07-13T16:13:24,310505000,TAHITIAN-PRINCESS,GLACIER BAY,58.06034,-136.6662933,20,21,14.0,0,9187899,ZCDS4
2008-07-13T16:13:17,310505000,TAHITIAN-PRINCESS,GLACIER BAY,58.059915,-136.6665983,20,21,14.0,0,9187899,ZCDS4
2008-07-13T16:13:13,310505000,TAHITIAN-PRINCESS,GLACIER BAY,58.059615,-136.66682,19,21,14.0,0,9187899,ZCDS4
2008-07-13T16:13:05,310505000,TAHITIAN-PRINCESS,GLACIER BAY,58.05919167,-136.6671267,19,21,14.0,0,9187899,ZCDS4
2008-07-13T16:13:01,310505000,TAHITIAN-PRINCESS,GLACIER BAY,58.05889167,-136.66735,19,21,14.0,0,9187899,ZCDS4
2008-07-13T16:12:54,310505000,TAHITIAN-PRINCESS,GLACIER BAY,58.05852833,-136.6676067,19,21,14.0,0,9187899,ZCDS4
2008-07-13T16:12:47,310505000,TAHITIAN-PRINCESS,GLACIER BAY,58.058105,-136.6679083,19,20,13.9,0,9187899,ZCDS4
2008-07-13T16:12:42,310505000,TAHITIAN-PRINCESS,GLACIER BAY,58.057745,-136.6681717,19,20,14.0,0,9187899,ZCDS4
2008-07-13T16:12:36,310505000,TAHITIAN-PRINCESS,GLACIER BAY,58.05744,-136.6683683,19,21,14.0,0,9187899,ZCDS4
2008-07-13T16:12:30,310505000,TAHITIAN-PRINCESS,GLACIER BAY,58.05708,-136.6686433,19,20,13.9,0,9187899,ZCDS4
2008-07-13T16:12:23,310505000,TAHITIAN-PRINCESS,GLACIER BAY,58.056655,-136.66893,19,21,14.0,0,9187899,ZCDS4
2008-07-13T16:12:17,310505000,TAHITIAN-PRINCESS,GLACIER BAY,58.056295,-136.6691917,19,21,14.0,0,9187899,ZCDS4
2008-07-13T16:12:13,310505000,TAHITIAN-PRINCESS,GLACIER BAY,58.05599,-136.6693983,19,21,13.9,0,9187899,ZCDS4
2008-07-13T16:12:05,310505000,TAHITIAN-PRINCESS,GLACIER BAY,58.05556833,-136.6697017,19,21,13.9,0,9187899,ZCDS4
2008-07-13T16:12:01,310505000,TAHITIAN-PRINCESS,GLACIER BAY,58.05526667,-136.6699083,19,21,14.0,0,9187899,ZCDS4
2008-07-13T16:11:54,310505000,TAHITIAN-PRINCESS,GLACIER BAY,58.054905,-136.67017,20,21,13.9,0,9187899,ZCDS4
2008-07-13T16:11:48,310505000,TAHITIAN-PRINCESS,GLACIER BAY,58.054485,-136.6704767,19,21,13.9,0,9187899,ZCDS4
2008-07-13T16:11:41,310505000,TAHITIAN-PRINCESS,GLACIER BAY,58.05412333,-136.6707317,20,21,13.9,0,9187899,ZCDS4
2008-07-13T16:11:38,310505000,TAHITIAN-PRINCESS,GLACIER BAY,58.053825,-136.6709617,19,21,13.9,0,9187899,ZCDS4
2008-07-13T16:11:30,310505000,TAHITIAN-PRINCESS,GLACIER BAY,58.05346167,-136.671205,20,21,14.0,0,9187899,ZCDS4
2008-07-13T16:11:23,310505000,TAHITIAN-PRINCESS,GLACIER BAY,58.05304167,-136.67152,20,21,13.9,0,9187899,ZCDS4
2008-07-13T16:11:17,310505000,TAHITIAN-PRINCESS,GLACIER BAY,58.05268,-136.6717717,20,21,13.9,0,9187899,ZCDS4
2008-07-13T16:11:06,310505000,TAHITIAN-PRINCESS,GLACIER BAY,58.05195833,-136.6722867,20,22,13.8,0,9187899,ZCDS4
2008-07-13T16:11:01,310505000,TAHITIAN-PRINCESS,GLACIER BAY,58.05166167,-136.6725267,20,21,13.8,0,9187899,ZCDS4
2008-07-13T16:10:54,310505000,TAHITIAN-PRINCESS,GLACIER BAY,58.0513,-136.6727733,20,22,14.0,0,9187899,ZCDS4
2008-07-13T16:10:48,310505000,TAHITIAN-PRINCESS,GLACIER BAY,58.05094,-136.6730383,21,22,13.9,0,9187899,ZCDS4
2008-07-13T16:10:41,310505000,TAHITIAN-PRINCESS,GLACIER BAY,58.05052,-136.6733517,21,23,13.8,0,9187899,ZCDS4
2008-07-13T16:10:36,310505000,TAHITIAN-PRINCESS,GLACIER BAY,58.05022167,-136.6735633,21,23,14.0,0,9187899,ZCDS4
2008-07-13T16:10:30,310505000,TAHITIAN-PRINCESS,GLACIER BAY,58.049865,-136.6738517,21,22,14.0,0,9187899,ZCDS4
2008-07-13T16:10:24,310505000,TAHITIAN-PRINCESS,GLACIER BAY,58.04944,-136.674155,21,23,13.9,0,9187899,ZCDS4
2008-07-13T16:10:17,310505000,TAHITIAN-PRINCESS,GLACIER BAY,58.04908667,-136.6744383,21,22,14.0,0,9187899,ZCDS4
2008-07-13T16:10:11,310505000,TAHITIAN-PRINCESS,GLACIER BAY,58.04872667,-136.674715,21,23,14.0,0,9187899,ZCDS4
2008-07-13T16:10:06,310505000,TAHITIAN-PRINCESS,GLACIER BAY,58.04836667,-136.6749883,22,23,14.0,0,9187899,ZCDS4
2008-07-13T16:09:54,310505000,TAHITIAN-PRINCESS,GLACIER BAY,58.04771333,-136.6755133,22,23,14.0,0,9187899,ZCDS4
2008-07-13T16:09:48,310505000,TAHITIAN-PRINCESS,GLACIER BAY,58.047355,-136.6758033,22,23,14.0,0,9187899,ZCDS4
2008-07-13T16:09:41,310505000,TAHITIAN-PRINCESS,GLACIER BAY,58.04693833,-136.6761317,22,23,14.1,0,9187899,ZCDS4
2008-07-13T16:09:36,310505000,TAHITIAN-PRINCESS,GLACIER BAY,58.04663833,-136.676365,22,23,14.0,0,9187899,ZCDS4
2008-07-13T16:09:30,310505000,TAHITIAN-PRINCESS,GLACIER BAY,58.04628,-136.6766483,22,23,14.0,0,9187899,ZCDS4
2008-07-13T16:09:24,310505000,TAHITIAN-PRINCESS,GLACIER BAY,58.045865,-136.6769833,22,23,14.0,0,9187899,ZCDS4
2008-07-13T16:09:17,310505000,TAHITIAN-PRINCESS,GLACIER BAY,58.04550667,-136.6772667,22,23,14.0,0,9187899,ZCDS4
2008-07-13T16:09:11,310505000,TAHITIAN-PRINCESS,GLACIER BAY,58.04515333,-136.67757,22,23,13.9,0,9187899,ZCDS4
2008-07-13T16:09:06,310505000,TAHITIAN-PRINCESS,GLACIER BAY,58.044795,-136.67784,22,23,14.0,0,9187899,ZCDS4
2008-07-13T16:09:00,310505000,TAHITIAN-PRINCESS,GLACIER BAY,58.0445,-136.678085,22,23,14.0,0,9187899,ZCDS4
2008-07-13T16:08:54,310505000,TAHITIAN-PRINCESS,GLACIER BAY,58.04414167,-136.6783733,22,23,13.9,0,9187899,ZCDS4
2008-07-13T16:08:48,310505000,TAHITIAN-PRINCESS,GLACIER BAY,58.043785,-136.6786483,22,23,14.0,0,9187899,ZCDS4
2008-07-13T16:08:45,310505000,TAHITIAN-PRINCESS,GLACIER BAY,58.04306833,-136.67921,0,0,0.0,0,9187899,ZCDS4
2008-07-13T16:08:36,310505000,TAHITIAN-PRINCESS,GLACIER BAY,58.04306833,-136.67921,22,23,13.9,0,9187899,ZCDS4
2008-07-13T16:08:30,310505000,TAHITIAN-PRINCESS,GLACIER BAY,58.042715,-136.6795067,22,23,13.9,0,9187899,ZCDS4
2008-07-13T16:08:23,310505000,TAHITIAN-PRINCESS,GLACIER BAY,58.042295,-136.6798217,22,24,13.9,0,9187899,ZCDS4
2008-07-13T16:08:17,310505000,TAHITIAN-PRINCESS,GLACIER BAY,58.04194333,-136.6801233,22,23,14.0,0,9187899,ZCDS4
2008-07-13T16:08:06,310505000,TAHITIAN-PRINCESS,GLACIER BAY,58.04122833,-136.6806883,22,23,14.0,0,9187899,ZCDS4
2008-07-13T16:08:00,310505000,TAHITIAN-PRINCESS,GLACIER BAY,58.04093833,-136.6809533,22,23,14.0,0,9187899,ZCDS4
2008-07-13T16:07:57,310505000,TAHITIAN-PRINCESS,GLACIER BAY,58.040575,-136.68122,22,24,14.0,0,9187899,ZCDS4
2008-07-13T16:07:48,310505000,TAHITIAN-PRINCESS,GLACIER BAY,58.040225,-136.681535,22,23,14.0,0,9187899,ZCDS4
2008-07-13T16:07:41,310505000,TAHITIAN-PRINCESS,GLACIER BAY,58.039805,-136.68186,22,24,13.9,0,9187899,ZCDS4
2008-07-13T16:07:37,310505000,TAHITIAN-PRINCESS,GLACIER BAY,58.03945167,-136.68216,22,23,14.1,0,9187899,ZCDS4
2008-07-13T16:07:30,310505000,TAHITIAN-PRINCESS,GLACIER BAY,58.039155,-136.6823967,22,23,14.1,0,9187899,ZCDS4
2008-07-13T16:07:23,310505000,TAHITIAN-PRINCESS,GLACIER BAY,58.03873667,-136.6827333,22,23,13.9,0,9187899,ZCDS4
2008-07-13T16:07:17,310505000,TAHITIAN-PRINCESS,GLACIER BAY,58.03838167,-136.6830133,22,23,14.0,0,9187899,ZCDS4
2008-07-13T16:07:13,310505000,TAHITIAN-PRINCESS,GLACIER BAY,58.038025,-136.6833017,22,23,14.0,0,9187899,ZCDS4
2008-07-13T16:07:06,310505000,TAHITIAN-PRINCESS,GLACIER BAY,58.03766667,-136.6835817,22,23,13.9,0,9187899,ZCDS4
2008-07-13T16:06:59,310505000,TAHITIAN-PRINCESS,GLACIER BAY,58.03731167,-136.6838667,22,23,14.0,0,9187899,ZCDS4
2008-07-13T16:06:54,310505000,TAHITIAN-PRINCESS,GLACIER BAY,58.03701667,-136.6841067,22,23,14.0,0,9187899,ZCDS4
2008-07-13T16:06:48,310505000,TAHITIAN-PRINCESS,GLACIER BAY,58.03665667,-136.684385,22,23,13.9,0,9187899,ZCDS4
2008-07-13T16:06:41,310505000,TAHITIAN-PRINCESS,GLACIER BAY,58.036245,-136.6847217,22,23,13.9,0,9187899,ZCDS4
2008-07-13T16:06:35,310505000,TAHITIAN-PRINCESS,GLACIER BAY,58.03589,-136.6850017,22,23,14.0,0,9187899,ZCDS4
2008-07-13T16:06:30,310505000,TAHITIAN-PRINCESS,GLACIER BAY,58.035595,-136.6852483,22,23,13.8,0,9187899,ZCDS4
2008-07-13T16:06:23,310505000,TAHITIAN-PRINCESS,GLACIER BAY,58.03517833,-136.6855683,22,23,13.9,0,9187899,ZCDS4
2008-07-13T16:06:17,310505000,TAHITIAN-PRINCESS,GLACIER BAY,58.03482833,-136.6858617,22,23,13.9,0,9187899,ZCDS4
2008-07-13T16:06:00,310505000,TAHITIAN-PRINCESS,GLACIER BAY,58.03376333,-136.686715,22,23,13.9,0,9187899,ZCDS4
2008-07-13T16:05:54,310505000,TAHITIAN-PRINCESS,GLACIER BAY,58.03346667,-136.6869567,22,23,13.8,0,9187899,ZCDS4
2008-07-13T16:05:35,310505000,TAHITIAN-PRINCESS,GLACIER BAY,58.03234667,-136.687865,22,23,13.9,0,9187899,ZCDS4
2008-07-13T16:05:30,310505000,TAHITIAN-PRINCESS,GLACIER BAY,58.03205,-136.6880933,22,24,13.9,0,9187899,ZCDS4
2008-07-13T16:05:23,310505000,TAHITIAN-PRINCESS,GLACIER BAY,58.03164,-136.6884417,22,23,13.8,0,9187899,ZCDS4
2008-07-13T16:05:17,310505000,TAHITIAN-PRINCESS,GLACIER BAY,58.031285,-136.688715,22,24,13.9,0,9187899,ZCDS4
2008-07-13T16:05:11,310505000,TAHITIAN-PRINCESS,GLACIER BAY,58.03093333,-136.6890067,22,23,13.9,0,9187899,ZCDS4
2008-07-13T16:04:59,310505000,TAHITIAN-PRINCESS,GLACIER BAY,58.03022667,-136.68958,22,23,13.9,0,9187899,ZCDS4
2008-07-13T16:04:54,310505000,TAHITIAN-PRINCESS,GLACIER BAY,58.029935,-136.68982,22,23,13.9,0,9187899,ZCDS4
2008-07-13T16:04:35,310505000,TAHITIAN-PRINCESS,GLACIER BAY,58.02881167,-136.6907183,22,23,13.9,0,9187899,ZCDS4
2008-07-13T16:04:31,310505000,TAHITIAN-PRINCESS,GLACIER BAY,57.985405,-136.7207467,8,9,14.2,0,9187899,ZCDS4
2008-07-13T16:04:31,310505000,TAHITIAN-PRINCESS,GLACIER BAY,57.98391833,-136.7212533,6,8,14.2,0,9187899,ZCDS4
2008-07-13T16:04:31,310505000,TAHITIAN-PRINCESS,GLACIER BAY,57.98235833,-136.721715,5,7,14.2,0,9187899,ZCDS4
2008-07-13T16:04:30,310505000,TAHITIAN-PRINCESS,GLACIER BAY,58.02852333,-136.6909717,22,22,14.0,0,9187899,ZCDS4
2008-07-13T16:04:24,310505000,TAHITIAN-PRINCESS,GLACIER BAY,58.02816833,-136.6912567,22,23,13.9,0,9187899,ZCDS4
2008-07-13T16:04:17,310505000,TAHITIAN-PRINCESS,GLACIER BAY,58.02775333,-136.6915833,22,22,13.9,0,9187899,ZCDS4
2008-07-13T16:04:12,310505000,TAHITIAN-PRINCESS,GLACIER BAY,58.02746167,-136.6918217,22,22,13.9,0,9187899,ZCDS4
2008-07-13T16:04:06,310505000,TAHITIAN-PRINCESS,GLACIER BAY,58.027105,-136.6920933,22,23,13.8,0,9187899,ZCDS4
2008-07-13T16:03:59,310505000,TAHITIAN-PRINCESS,GLACIER BAY,58.02669167,-136.6924233,22,22,13.8,0,9187899,ZCDS4
2008-07-13T16:03:54,310505000,TAHITIAN-PRINCESS,GLACIER BAY,58.02639667,-136.69265,22,22,13.9,0,9187899,ZCDS4
2008-07-13T16:03:48,310505000,TAHITIAN-PRINCESS,GLACIER BAY,58.02604167,-136.6929217,22,23,13.9,0,9187899,ZCDS4
2008-07-13T16:03:35,310505000,TAHITIAN-PRINCESS,GLACIER BAY,58.02527167,-136.69352,22,23,13.9,0,9187899,ZCDS4
2008-07-13T16:03:31,310505000,TAHITIAN-PRINCESS,GLACIER BAY,58.02497833,-136.69376,22,23,13.9,0,9187899,ZCDS4
2008-07-13T16:03:24,310505000,TAHITIAN-PRINCESS,GLACIER BAY,58.02462,-136.6940267,22,23,13.9,0,9187899,ZCDS4
2008-07-13T16:03:18,310505000,TAHITIAN-PRINCESS,GLACIER BAY,58.02426667,-136.6943167,22,23,13.9,0,9187899,ZCDS4
2008-07-13T16:03:13,310505000,TAHITIAN-PRINCESS,GLACIER BAY,58.02391167,-136.69459,22,23,13.9,0,9187899,ZCDS4
2008-07-13T16:03:06,310505000,TAHITIAN-PRINCESS,GLACIER BAY,58.02355667,-136.6948667,22,23,13.9,0,9187899,ZCDS4
2008-07-13T16:02:59,310505000,TAHITIAN-PRINCESS,GLACIER BAY,58.023145,-136.695205,22,23,13.9,0,9187899,ZCDS4
2008-07-13T16:02:56,310505000,TAHITIAN-PRINCESS,GLACIER BAY,58.02285167,-136.6954417,22,23,13.8,0,9187899,ZCDS4
2008-07-13T16:02:48,310505000,TAHITIAN-PRINCESS,GLACIER BAY,58.0225,-136.69573,22,23,13.9,0,9187899,ZCDS4
2008-07-13T16:02:45,310505000,TAHITIAN-PRINCESS,GLACIER BAY,58.02208833,-136.6960667,0,0,0.0,0,9187899,ZCDS4
2008-07-13T16:02:42,310505000,TAHITIAN-PRINCESS,GLACIER BAY,58.02208833,-136.6960667,22,23,13.9,0,9187899,ZCDS4
2008-07-13T16:02:35,310505000,TAHITIAN-PRINCESS,GLACIER BAY,58.02173333,-136.6963517,22,23,13.8,0,9187899,ZCDS4
2008-07-13T16:02:30,310505000,TAHITIAN-PRINCESS,GLACIER BAY,58.02137833,-136.6966167,22,23,13.9,0,9187899,ZCDS4
2008-07-13T16:02:25,310505000,TAHITIAN-PRINCESS,GLACIER BAY,58.02108833,-136.6968767,22,23,13.9,0,9187899,ZCDS4
2008-07-13T16:02:18,310505000,TAHITIAN-PRINCESS,GLACIER BAY,58.02072667,-136.6971367,22,24,13.8,0,9187899,ZCDS4
2008-07-13T16:02:12,310505000,TAHITIAN-PRINCESS,GLACIER BAY,58.02037833,-136.697435,22,23,13.9,0,9187899,ZCDS4
2008-07-13T16:02:06,310505000,TAHITIAN-PRINCESS,GLACIER BAY,58.020025,-136.6977167,22,23,13.9,0,9187899,ZCDS4
2008-07-13T16:01:59,310505000,TAHITIAN-PRINCESS,GLACIER BAY,58.01961,-136.6980433,22,23,13.8,0,9187899,ZCDS4
2008-07-13T16:01:54,310505000,TAHITIAN-PRINCESS,GLACIER BAY,58.01932,-136.6982967,22,23,13.8,0,9187899,ZCDS4
2008-07-13T16:01:48,310505000,TAHITIAN-PRINCESS,GLACIER BAY,58.01896333,-136.69856,22,23,13.9,0,9187899,ZCDS4
2008-07-13T16:01:41,310505000,TAHITIAN-PRINCESS,GLACIER BAY,58.01855167,-136.6989083,22,23,13.9,0,9187899,ZCDS4
2008-07-13T16:01:35,310505000,TAHITIAN-PRINCESS,GLACIER BAY,58.018195,-136.6991817,22,23,13.9,0,9187899,ZCDS4
2008-07-13T16:01:31,310505000,TAHITIAN-PRINCESS,GLACIER BAY,58.01784167,-136.6994667,22,23,14.0,0,9187899,ZCDS4
2008-07-13T16:01:24,310505000,TAHITIAN-PRINCESS,GLACIER BAY,58.01754167,-136.699695,22,23,13.9,0,9187899,ZCDS4
2008-07-13T16:01:18,310505000,TAHITIAN-PRINCESS,GLACIER BAY,58.01718667,-136.6999783,22,23,13.9,0,9187899,ZCDS4
2008-07-13T16:01:13,310505000,TAHITIAN-PRINCESS,GLACIER BAY,58.01683167,-136.70026,22,23,13.9,0,9187899,ZCDS4
2008-07-13T16:01:06,310505000,TAHITIAN-PRINCESS,GLACIER BAY,58.01647667,-136.7005433,22,23,13.9,0,9187899,ZCDS4
2008-07-13T16:01:00,310505000,TAHITIAN-PRINCESS,GLACIER BAY,58.01606167,-136.700875,22,23,13.9,0,9187899,ZCDS4
2008-07-13T16:00:54,310505000,TAHITIAN-PRINCESS,GLACIER BAY,58.015765,-136.7011083,22,23,13.9,0,9187899,ZCDS4
2008-07-13T16:00:48,310505000,TAHITIAN-PRINCESS,GLACIER BAY,58.01541167,-136.7013983,22,23,13.9,0,9187899,ZCDS4
2008-07-13T16:00:41,310505000,TAHITIAN-PRINCESS,GLACIER BAY,58.01499667,-136.7017283,22,23,13.9,0,9187899,ZCDS4
2008-07-13T16:00:38,310505000,TAHITIAN-PRINCESS,GLACIER BAY,58.01463833,-136.7020067,22,23,13.9,0,9187899,ZCDS4
2008-07-13T16:00:38,310505000,TAHITIAN-PRINCESS,GLACIER BAY,58.01428667,-136.7023,22,23,13.9,0,9187899,ZCDS4
2008-07-13T16:00:38,310505000,TAHITIAN-PRINCESS,GLACIER BAY,58.01398667,-136.7025217,22,23,13.9,0,9187899,ZCDS4
2008-07-13T16:00:38,310505000,TAHITIAN-PRINCESS,GLACIER BAY,58.01363,-136.7028067,22,23,13.9,0,9187899,ZCDS4
2008-07-13T16:00:38,310505000,TAHITIAN-PRINCESS,GLACIER BAY,58.01327667,-136.7030933,22,23,14.0,0,9187899,ZCDS4
2008-07-13T16:00:38,310505000,TAHITIAN-PRINCESS,GLACIER BAY,58.01291833,-136.7033717,22,23,14.0,0,9187899,ZCDS4
2008-07-13T16:00:38,310505000,TAHITIAN-PRINCESS,GLACIER BAY,58.012505,-136.703715,22,23,13.9,0,9187899,ZCDS4
2008-07-13T16:00:38,310505000,TAHITIAN-PRINCESS,GLACIER BAY,58.01185167,-136.704225,22,23,14.0,0,9187899,ZCDS4
2008-07-13T16:00:38,310505000,TAHITIAN-PRINCESS,GLACIER BAY,58.011435,-136.7045667,22,23,13.9,0,9187899,ZCDS4
2008-07-13T16:00:38,310505000,TAHITIAN-PRINCESS,GLACIER BAY,58.010065,-136.7056483,22,24,14.0,0,9187899,ZCDS4
2008-07-13T16:00:38,310505000,TAHITIAN-PRINCESS,GLACIER BAY,58.00971,-136.7059483,22,23,14.0,0,9187899,ZCDS4
2008-07-13T16:00:38,310505000,TAHITIAN-PRINCESS,GLACIER BAY,58.00935,-136.7062267,22,24,14.0,0,9187899,ZCDS4
2008-07-13T16:00:38,310505000,TAHITIAN-PRINCESS,GLACIER BAY,58.00894,-136.706575,22,23,14.0,0,9187899,ZCDS4
2008-07-13T16:00:38,310505000,TAHITIAN-PRINCESS,GLACIER BAY,58.00858167,-136.7068617,22,23,14.0,0,9187899,ZCDS4
2008-07-13T16:00:38,310505000,TAHITIAN-PRINCESS,GLACIER BAY,58.00787167,-136.70744,22,23,14.0,0,9187899,ZCDS4
2008-07-13T16:00:38,310505000,TAHITIAN-PRINCESS,GLACIER BAY,58.007155,-136.7080083,22,23,14.0,0,9187899,ZCDS4
2008-07-13T16:00:38,310505000,TAHITIAN-PRINCESS,GLACIER BAY,58.00686167,-136.708255,22,22,14.0,0,9187899,ZCDS4
2008-07-13T16:00:38,310505000,TAHITIAN-PRINCESS,GLACIER BAY,58.00650667,-136.7085433,22,23,14.0,0,9187899,ZCDS4
2008-07-13T16:00:38,310505000,TAHITIAN-PRINCESS,GLACIER BAY,58.00615,-136.70883,22,22,13.9,0,9187899,ZCDS4
2008-07-13T16:00:38,310505000,TAHITIAN-PRINCESS,GLACIER BAY,58.00579667,-136.7091283,21,22,13.9,0,9187899,ZCDS4
2008-07-13T16:00:38,310505000,TAHITIAN-PRINCESS,GLACIER BAY,58.00538,-136.7094517,21,22,14.0,0,9187899,ZCDS4
2008-07-13T16:00:38,310505000,TAHITIAN-PRINCESS,GLACIER BAY,58.005025,-136.709745,21,21,14.0,0,9187899,ZCDS4
2008-07-13T16:00:38,310505000,TAHITIAN-PRINCESS,GLACIER BAY,58.00430833,-136.7102917,20,21,14.0,0,9187899,ZCDS4
2008-07-13T16:00:38,310505000,TAHITIAN-PRINCESS,GLACIER BAY,58.00395,-136.7105667,20,21,13.9,0,9187899,ZCDS4
2008-07-13T16:00:38,310505000,TAHITIAN-PRINCESS,GLACIER BAY,58.00286667,-136.7113517,20,21,13.9,0,9187899,ZCDS4
2008-07-13T16:00:38,310505000,TAHITIAN-PRINCESS,GLACIER BAY,58.00178167,-136.71212,20,21,14.0,0,9187899,ZCDS4
2008-07-13T16:00:38,310505000,TAHITIAN-PRINCESS,GLACIER BAY,58.00142167,-136.7123783,20,21,14.0,0,9187899,ZCDS4
2008-07-13T16:00:38,310505000,TAHITIAN-PRINCESS,GLACIER BAY,58.00112167,-136.7126,20,21,13.9,0,9187899,ZCDS4
2008-07-13T16:00:38,310505000,TAHITIAN-PRINCESS,GLACIER BAY,58.00070167,-136.7129,0,0,0.0,0,9187899,ZCDS4
2008-07-13T16:00:38,310505000,TAHITIAN-PRINCESS,GLACIER BAY,58.00070167,-136.7129,20,21,14.0,0,9187899,ZCDS4
2008-07-13T15:56:29,310505000,TAHITIAN-PRINCESS,GLACIER BAY,57.99997833,-136.713415,20,21,13.9,0,9187899,ZCDS4
2008-07-13T15:56:25,310505000,TAHITIAN-PRINCESS,GLACIER BAY,57.99968167,-136.71364,20,20,13.9,0,9187899,ZCDS4
2008-07-13T15:56:12,310505000,TAHITIAN-PRINCESS,GLACIER BAY,57.99896167,-136.714155,20,20,13.9,0,9187899,ZCDS4
2008-07-13T15:56:06,310505000,TAHITIAN-PRINCESS,GLACIER BAY,57.99854833,-136.7144783,19,20,14.0,0,9187899,ZCDS4
2008-07-13T15:56:04,310505000,TAHITIAN-PRINCESS,GLACIER BAY,57.99818667,-136.7147333,19,19,13.9,0,9187899,ZCDS4
2008-07-13T15:56:04,310505000,TAHITIAN-PRINCESS,GLACIER BAY,57.99753,-136.7152183,18,19,13.9,0,9187899,ZCDS4
2008-07-13T15:56:04,310505000,TAHITIAN-PRINCESS,GLACIER BAY,57.99638667,-136.7160117,16,17,13.9,0,9187899,ZCDS4
2008-07-13T15:56:04,310505000,TAHITIAN-PRINCESS,GLACIER BAY,57.99608667,-136.7162183,16,16,14.0,0,9187899,ZCDS4
2008-07-13T15:56:04,310505000,TAHITIAN-PRINCESS,GLACIER BAY,57.99565833,-136.716485,15,16,13.9,0,9187899,ZCDS4
2008-07-13T15:56:04,310505000,TAHITIAN-PRINCESS,GLACIER BAY,57.99535333,-136.7166683,15,16,13.9,0,9187899,ZCDS4
2008-07-13T15:56:04,310505000,TAHITIAN-PRINCESS,GLACIER BAY,57.99493167,-136.7169383,14,14,14.0,0,9187899,ZCDS4
2008-07-13T15:56:04,310505000,TAHITIAN-PRINCESS,GLACIER BAY,57.99455833,-136.7171333,14,15,13.9,0,9187899,ZCDS4
2008-07-13T15:56:04,310505000,TAHITIAN-PRINCESS,GLACIER BAY,57.99419167,-136.7173517,13,13,13.9,0,9187899,ZCDS4
2008-07-13T15:56:04,310505000,TAHITIAN-PRINCESS,GLACIER BAY,57.99388333,-136.7175217,12,14,14.0,0,9187899,ZCDS4
2008-07-13T15:56:04,310505000,TAHITIAN-PRINCESS,GLACIER BAY,57.99344667,-136.717725,12,13,14.0,0,9187899,ZCDS4
2008-07-13T15:56:04,310505000,TAHITIAN-PRINCESS,GLACIER BAY,57.993075,-136.7179267,11,12,14.0,0,9187899,ZCDS4
2008-07-13T15:56:04,310505000,TAHITIAN-PRINCESS,GLACIER BAY,57.99269667,-136.7180783,11,13,14.0,0,9187899,ZCDS4
2008-07-13T15:56:04,310505000,TAHITIAN-PRINCESS,GLACIER BAY,57.99244833,-136.71821,11,12,14.0,0,9187899,ZCDS4
2008-07-13T15:56:04,310505000,TAHITIAN-PRINCESS,GLACIER BAY,57.99226167,-136.7183067,11,12,14.0,0,9187899,ZCDS4
2008-07-13T15:56:04,310505000,TAHITIAN-PRINCESS,GLACIER BAY,57.99207167,-136.718385,10,12,14.0,0,9187899,ZCDS4
2008-07-13T15:56:04,310505000,TAHITIAN-PRINCESS,GLACIER BAY,57.99194667,-136.718435,10,12,14.0,0,9187899,ZCDS4
2008-07-13T15:56:04,310505000,TAHITIAN-PRINCESS,GLACIER BAY,57.99182,-136.71849,10,12,14.1,0,9187899,ZCDS4
2008-07-13T15:56:04,310505000,TAHITIAN-PRINCESS,GLACIER BAY,57.991695,-136.7185483,10,11,14.1,0,9187899,ZCDS4
2008-07-13T15:56:04,310505000,TAHITIAN-PRINCESS,GLACIER BAY,57.99163333,-136.7185783,10,11,14.1,0,9187899,ZCDS4
2008-07-13T15:56:04,310505000,TAHITIAN-PRINCESS,GLACIER BAY,57.991445,-136.7186733,10,11,14.1,0,9187899,ZCDS4
2008-07-13T15:56:04,310505000,TAHITIAN-PRINCESS,GLACIER BAY,57.99119,-136.7187583,10,12,14.0,0,9187899,ZCDS4
2008-07-13T15:56:04,310505000,TAHITIAN-PRINCESS,GLACIER BAY,57.99081333,-136.7189383,9,10,14.1,0,9187899,ZCDS4
2008-07-13T15:56:04,310505000,TAHITIAN-PRINCESS,GLACIER BAY,57.99043167,-136.7190817,9,11,14.1,0,9187899,ZCDS4
2008-07-13T15:56:04,310505000,TAHITIAN-PRINCESS,GLACIER BAY,57.99011167,-136.719195,9,10,14.1,0,9187899,ZCDS4
2008-07-13T15:56:04,310505000,TAHITIAN-PRINCESS,GLACIER BAY,57.98966833,-136.7193783,8,10,14.2,0,9187899,ZCDS4
2008-07-13T15:56:04,310505000,TAHITIAN-PRINCESS,GLACIER BAY,57.98928167,-136.7195083,8,10,14.1,0,9187899,ZCDS4
2008-07-13T15:56:04,310505000,TAHITIAN-PRINCESS,GLACIER BAY,57.98889667,-136.719645,8,10,14.2,0,9187899,ZCDS4
2008-07-13T15:56:04,310505000,TAHITIAN-PRINCESS,GLACIER BAY,57.98857667,-136.71975,8,9,14.2,0,9187899,ZCDS4
2008-07-13T15:56:04,310505000,TAHITIAN-PRINCESS,GLACIER BAY,57.98812333,-136.7198933,8,10,14.2,0,9187899,ZCDS4
2008-07-13T15:56:04,310505000,TAHITIAN-PRINCESS,GLACIER BAY,57.9878,-136.7199917,8,9,14.2,0,9187899,ZCDS4
2008-07-13T15:56:04,310505000,TAHITIAN-PRINCESS,GLACIER BAY,57.98734833,-136.720135,8,9,14.2,0,9187899,ZCDS4
2008-07-13T15:56:04,310505000,TAHITIAN-PRINCESS,GLACIER BAY,57.98695833,-136.7202467,8,10,14.2,0,9187899,ZCDS4
2008-07-13T15:56:04,310505000,TAHITIAN-PRINCESS,GLACIER BAY,57.98656833,-136.720365,8,10,14.2,0,9187899,ZCDS4
2008-07-13T15:56:04,310505000,TAHITIAN-PRINCESS,GLACIER BAY,57.98624667,-136.7204733,8,9,14.2,0,9187899,ZCDS4
2008-07-13T15:56:04,310505000,TAHITIAN-PRINCESS,GLACIER BAY,57.985795,-136.72063,8,10,14.2,0,9187899,ZCDS4
2008-07-13T15:56:04,310505000,TAHITIAN-PRINCESS,GLACIER BAY,57.985405,-136.7207467,8,9,14.2,0,9187899,ZCDS4
2008-07-13T15:56:04,310505000,TAHITIAN-PRINCESS,GLACIER BAY,57.98502,-136.720895,7,9,14.3,0,9187899,ZCDS4
2008-07-13T15:56:04,310505000,TAHITIAN-PRINCESS,GLACIER BAY,57.984695,-136.720995,7,8,14.3,0,9187899,ZCDS4
2008-07-13T15:56:04,310505000,TAHITIAN-PRINCESS,GLACIER BAY,57.98424167,-136.7211533,6,9,14.2,0,9187899,ZCDS4
2008-07-13T15:56:04,310505000,TAHITIAN-PRINCESS,GLACIER BAY,57.98391833,-136.7212533,6,8,14.2,0,9187899,ZCDS4
2008-07-13T15:56:04,310505000,TAHITIAN-PRINCESS,GLACIER BAY,57.98346333,-136.7213983,6,8,14.3,0,9187899,ZCDS4
2008-07-13T15:56:04,310505000,TAHITIAN-PRINCESS,GLACIER BAY,57.98307333,-136.7215117,6,7,14.3,0,9187899,ZCDS4
2008-07-13T15:56:04,310505000,TAHITIAN-PRINCESS,GLACIER BAY,57.98268333,-136.7216217,5,7,14.2,0,9187899,ZCDS4
2008-07-13T15:56:04,310505000,TAHITIAN-PRINCESS,GLACIER BAY,57.98235833,-136.721715,5,7,14.2,0,9187899,ZCDS4
2008-07-13T15:56:04,310505000,TAHITIAN-PRINCESS,GLACIER BAY,57.9819,-136.721795,5,7,14.3,0,9187899,ZCDS4
2008-07-13T15:56:04,310505000,TAHITIAN-PRINCESS,GLACIER BAY,57.98151,-136.7219233,5,7,14.3,0,9187899,ZCDS4
2008-07-13T15:56:04,310505000,TAHITIAN-PRINCESS,GLACIER BAY,57.98111333,-136.7219733,6,8,14.3,0,9187899,ZCDS4
2008-07-13T15:56:04,310505000,TAHITIAN-PRINCESS,GLACIER BAY,57.98085667,-136.7220517,6,7,14.3,0,9187899,ZCDS4
2008-07-13T15:56:04,310505000,TAHITIAN-PRINCESS,GLACIER BAY,57.98033,-136.72216,6,8,14.2,0,9187899,ZCDS4
2008-07-13T15:51:12,310505000,TAHITIAN-PRINCESS,GLACIER BAY,57.98000333,-136.722245,6,8,14.2,0,9187899,ZCDS4
2008-07-13T15:51:05,310505000,TAHITIAN-PRINCESS,GLACIER BAY,57.97954833,-136.72236,6,8,14.3,0,9187899,ZCDS4
2008-07-13T15:50:59,310505000,TAHITIAN-PRINCESS,GLACIER BAY,57.97915667,-136.72246,6,7,14.3,0,9187899,ZCDS4
2008-07-13T15:50:48,310505000,TAHITIAN-PRINCESS,GLACIER BAY,57.97850333,-136.7226267,6,7,14.3,0,9187899,ZCDS4
2008-07-13T15:50:45,310505000,TAHITIAN-PRINCESS,GLACIER BAY,57.97798333,-136.722785,0,0,0.0,0,9187899,ZCDS4
2008-07-13T15:50:42,310505000,TAHITIAN-PRINCESS,GLACIER BAY,57.97798333,-136.722785,5,7,14.3,0,9187899,ZCDS4
2008-07-13T15:50:35,310505000,TAHITIAN-PRINCESS,GLACIER BAY,57.97759,-136.722875,5,6,14.3,0,9187899,ZCDS4
2008-07-13T15:50:30,310505000,TAHITIAN-PRINCESS,GLACIER BAY,57.97719833,-136.7229917,4,5,14.4,0,9187899,ZCDS4
2008-07-13T15:50:18,310505000,TAHITIAN-PRINCESS,GLACIER BAY,57.97647833,-136.7231717,3,4,14.3,0,9187899,ZCDS4
2008-07-13T15:50:12,310505000,TAHITIAN-PRINCESS,GLACIER BAY,57.97608333,-136.7232467,3,4,14.4,0,9187899,ZCDS4
2008-07-13T15:50:06,310505000,TAHITIAN-PRINCESS,GLACIER BAY,57.97562333,-136.7233517,2,3,14.4,0,9187899,ZCDS4
2008-07-13T15:49:59,310505000,TAHITIAN-PRINCESS,GLACIER BAY,57.97522667,-136.7233967,2,3,14.4,0,9187899,ZCDS4
2008-07-13T15:49:53,310505000,TAHITIAN-PRINCESS,GLACIER BAY,57.97483,-136.7234683,1,2,14.4,0,9187899,ZCDS4
2008-07-13T15:49:48,310505000,TAHITIAN-PRINCESS,GLACIER BAY,57.97449833,-136.7235,1,3,14.5,0,9187899,ZCDS4
2008-07-13T15:49:43,310505000,TAHITIAN-PRINCESS,GLACIER BAY,57.974035,-136.72355,0,2,14.4,0,9187899,ZCDS4
2008-07-13T15:49:35,310505000,TAHITIAN-PRINCESS,GLACIER BAY,57.973635,-136.7235917,0,2,14.4,0,9187899,ZCDS4
2008-07-13T15:49:29,310505000,TAHITIAN-PRINCESS,GLACIER BAY,57.97330333,-136.7236067,0,2,14.5,0,9187899,ZCDS4
2008-07-13T15:49:24,310505000,TAHITIAN-PRINCESS,GLACIER BAY,57.972905,-136.7236567,0,2,14.4,0,9187899,ZCDS4
2008-07-13T15:49:18,310505000,TAHITIAN-PRINCESS,GLACIER BAY,57.97250333,-136.7236583,0,2,14.4,0,9187899,ZCDS4
2008-07-13T15:49:13,310505000,TAHITIAN-PRINCESS,GLACIER BAY,57.972105,-136.7237083,0,2,14.5,0,9187899,ZCDS4
2008-07-13T15:49:05,310505000,TAHITIAN-PRINCESS,GLACIER BAY,57.97163667,-136.7237217,0,2,14.5,0,9187899,ZCDS4
2008-07-13T15:49:00,310505000,TAHITIAN-PRINCESS,GLACIER BAY,57.971235,-136.72376,0,2,14.5,0,9187899,ZCDS4
2008-07-13T15:48:54,310505000,TAHITIAN-PRINCESS,GLACIER BAY,57.970835,-136.7237683,0,2,14.5,0,9187899,ZCDS4
2008-07-13T15:48:49,310505000,TAHITIAN-PRINCESS,GLACIER BAY,57.97056833,-136.7238033,0,2,14.5,0,9187899,ZCDS4
2008-07-13T15:48:42,310505000,TAHITIAN-PRINCESS,GLACIER BAY,57.97003,-136.7238217,0,2,14.6,0,9187899,ZCDS4
2008-07-13T15:48:35,310505000,TAHITIAN-PRINCESS,GLACIER BAY,57.96962833,-136.7238583,0,2,14.5,0,9187899,ZCDS4
2008-07-13T15:48:29,310505000,TAHITIAN-PRINCESS,GLACIER BAY,57.96922333,-136.72389,0,2,14.5,0,9187899,ZCDS4
2008-07-13T15:48:24,310505000,TAHITIAN-PRINCESS,GLACIER BAY,57.968955,-136.7238967,0,3,14.6,0,9187899,ZCDS4
2008-07-13T15:48:20,310505000,TAHITIAN-PRINCESS,GLACIER BAY,57.96848667,-136.7239433,0,2,14.6,0,9187899,ZCDS4
2008-07-13T15:48:11,310505000,TAHITIAN-PRINCESS,GLACIER BAY,57.96801333,-136.723965,0,3,14.5,0,9187899,ZCDS4
2008-07-13T15:48:05,310505000,TAHITIAN-PRINCESS,GLACIER BAY,57.96761,-136.723985,1,2,14.6,0,9187899,ZCDS4
2008-07-13T15:48:00,310505000,TAHITIAN-PRINCESS,GLACIER BAY,57.96720833,-136.7240517,0,2,14.6,0,9187899,ZCDS4
2008-07-13T15:47:53,310505000,TAHITIAN-PRINCESS,GLACIER BAY,57.9668,-136.7240483,0,2,14.5,0,9187899,ZCDS4
2008-07-13T15:47:48,310505000,TAHITIAN-PRINCESS,GLACIER BAY,57.96639667,-136.7241033,0,3,14.6,0,9187899,ZCDS4
2008-07-13T15:47:41,310505000,TAHITIAN-PRINCESS,GLACIER BAY,57.96599333,-136.724125,0,2,14.6,0,9187899,ZCDS4
2008-07-13T15:47:35,310505000,TAHITIAN-PRINCESS,GLACIER BAY,57.96558667,-136.724165,0,3,14.6,0,9187899,ZCDS4
2008-07-13T15:47:29,310505000,TAHITIAN-PRINCESS,GLACIER BAY,57.96518333,-136.7242,0,1,14.7,0,9187899,ZCDS4
2008-07-13T15:47:24,310505000,TAHITIAN-PRINCESS,GLACIER BAY,57.96491333,-136.7242467,359,1,14.6,0,9187899,ZCDS4
2008-07-13T15:47:20,310505000,TAHITIAN-PRINCESS,GLACIER BAY,57.96450667,-136.7242383,0,2,14.7,0,9187899,ZCDS4
2008-07-13T15:47:19,310505000,TAHITIAN-PRINCESS,GLACIER BAY,57.96444,-136.7242483,0,1,14.7,0,9187899,ZCDS4
2008-07-13T15:47:15,310505000,TAHITIAN-PRINCESS,GLACIER BAY,57.96423833,-136.72429,359,1,14.8,0,9187899,ZCDS4
2008-07-13T15:47:13,310505000,TAHITIAN-PRINCESS,GLACIER BAY,57.96410333,-136.7243117,359,1,14.8,0,9187899,ZCDS4
2008-07-13T15:47:11,310505000,TAHITIAN-PRINCESS,GLACIER BAY,57.96396833,-136.7243083,359,1,14.8,0,9187899,ZCDS4
2008-07-13T15:47:10,310505000,TAHITIAN-PRINCESS,GLACIER BAY,57.9639,-136.7243033,359,1,14.8,0,9187899,ZCDS4
2008-07-13T15:47:10,310505000,TAHITIAN-PRINCESS,GLACIER BAY,57.963695,-136.7243167,359,0,14.7,0,9187899,ZCDS4
2008-07-13T15:47:05,310505000,TAHITIAN-PRINCESS,GLACIER BAY,57.96356,-136.7243533,358,0,14.7,0,9187899,ZCDS4
2008-07-13T15:47:03,310505000,TAHITIAN-PRINCESS,GLACIER BAY,57.963425,-136.72437,358,0,14.7,0,9187899,ZCDS4
2008-07-13T15:46:59,310505000,TAHITIAN-PRINCESS,GLACIER BAY,57.96315167,-136.7243417,358,0,14.7,0,9187899,ZCDS4
2008-07-13T15:46:54,310505000,TAHITIAN-PRINCESS,GLACIER BAY,57.96274667,-136.7244,358,358,14.8,0,9187899,ZCDS4
2008-07-13T15:46:48,310505000,TAHITIAN-PRINCESS,GLACIER BAY,57.96233833,-136.7243867,357,359,14.8,0,9187899,ZCDS4
2008-07-13T15:46:41,310505000,TAHITIAN-PRINCESS,GLACIER BAY,57.96192833,-136.72441,357,358,14.6,0,9187899,ZCDS4
2008-07-13T15:46:36,310505000,TAHITIAN-PRINCESS,GLACIER BAY,57.96152167,-136.7244117,356,358,14.7,0,9187899,ZCDS4
2008-07-13T15:46:32,310505000,TAHITIAN-PRINCESS,GLACIER BAY,57.96111667,-136.7243883,356,358,14.8,0,9187899,ZCDS4
2008-07-13T15:46:24,310505000,TAHITIAN-PRINCESS,GLACIER BAY,57.96084333,-136.7243983,356,358,14.8,0,9187899,ZCDS4
2008-07-13T15:46:17,310505000,TAHITIAN-PRINCESS,GLACIER BAY,57.96029833,-136.72437,355,357,14.7,0,9187899,ZCDS4
2008-07-13T15:46:12,310505000,TAHITIAN-PRINCESS,GLACIER BAY,57.95989167,-136.7243167,355,358,14.8,0,9187899,ZCDS4
2008-07-13T15:46:05,310505000,TAHITIAN-PRINCESS,GLACIER BAY,57.959485,-136.7243183,355,357,14.8,0,9187899,ZCDS4
2008-07-13T15:46:00,310505000,TAHITIAN-PRINCESS,GLACIER BAY,57.95914333,-136.7242667,355,358,14.8,0,9187899,ZCDS4
2008-07-13T15:45:53,310505000,TAHITIAN-PRINCESS,GLACIER BAY,57.958665,-136.7242383,355,357,14.7,0,9187899,ZCDS4
2008-07-13T15:45:49,310505000,TAHITIAN-PRINCESS,GLACIER BAY,57.958325,-136.7242,355,357,14.8,0,9187899,ZCDS4
2008-07-13T15:45:41,310505000,TAHITIAN-PRINCESS,GLACIER BAY,57.95785167,-136.724165,355,357,14.8,0,9187899,ZCDS4
2008-07-13T15:45:29,310505000,TAHITIAN-PRINCESS,GLACIER BAY,57.957035,-136.7240717,355,357,14.7,0,9187899,ZCDS4
2008-07-13T15:45:24,310505000,TAHITIAN-PRINCESS,GLACIER BAY,57.95669667,-136.7240683,355,357,14.8,0,9187899,ZCDS4
2008-07-13T15:45:18,310505000,TAHITIAN-PRINCESS,GLACIER BAY,57.95628833,-136.7239933,355,357,14.7,0,9187899,ZCDS4
2008-07-13T15:45:11,310505000,TAHITIAN-PRINCESS,GLACIER BAY,57.95581333,-136.7239667,355,357,14.7,0,9187899,ZCDS4
2008-07-13T15:45:05,310505000,TAHITIAN-PRINCESS,GLACIER BAY,57.95540667,-136.7239333,355,357,14.7,0,9187899,ZCDS4
2008-07-13T15:45:00,310505000,TAHITIAN-PRINCESS,GLACIER BAY,57.955135,-136.7238783,356,357,14.7,0,9187899,ZCDS4
2008-07-13T15:44:53,310505000,TAHITIAN-PRINCESS,GLACIER BAY,57.95459333,-136.72385,355,358,14.9,0,9187899,ZCDS4
2008-07-13T15:44:48,310505000,TAHITIAN-PRINCESS,GLACIER BAY,57.95418333,-136.7238,355,357,14.7,0,9187899,ZCDS4
2008-07-13T15:44:47,310505000,TAHITIAN-PRINCESS,GLACIER BAY,57.953775,-136.7237667,0,0,0.0,0,9187899,ZCDS4
2008-07-13T15:44:41,310505000,TAHITIAN-PRINCESS,GLACIER BAY,57.953775,-136.7237667,356,358,14.7,0,9187899,ZCDS4
2008-07-13T15:44:36,310505000,TAHITIAN-PRINCESS,GLACIER BAY,57.95336833,-136.7237167,356,357,14.8,0,9187899,ZCDS4
2008-07-13T15:44:32,310505000,TAHITIAN-PRINCESS,GLACIER BAY,57.95295833,-136.723705,355,358,14.7,0,9187899,ZCDS4
2008-07-13T15:44:24,310505000,TAHITIAN-PRINCESS,GLACIER BAY,57.95268667,-136.7236417,356,358,14.7,0,9187899,ZCDS4
2008-07-13T15:44:18,310505000,TAHITIAN-PRINCESS,GLACIER BAY,57.95214333,-136.7236367,355,357,14.8,0,9187899,ZCDS4
2008-07-13T15:44:11,310505000,TAHITIAN-PRINCESS,GLACIER BAY,57.951735,-136.7235833,356,357,14.7,0,9187899,ZCDS4
2008-07-13T15:44:06,310505000,TAHITIAN-PRINCESS,GLACIER BAY,57.95132667,-136.723555,355,357,14.7,0,9187899,ZCDS4
2008-07-13T15:44:00,310505000,TAHITIAN-PRINCESS,GLACIER BAY,57.951055,-136.72354,355,357,14.7,0,9187899,ZCDS4
2008-07-13T15:43:53,310505000,TAHITIAN-PRINCESS,GLACIER BAY,57.95051167,-136.72348,355,357,14.7,0,9187899,ZCDS4
2008-07-13T15:43:47,310505000,TAHITIAN-PRINCESS,GLACIER BAY,57.950105,-136.7234467,355,356,14.7,0,9187899,ZCDS4
2008-07-13T15:43:42,310505000,TAHITIAN-PRINCESS,GLACIER BAY,57.94969667,-136.72341,355,357,14.7,0,9187899,ZCDS4
2008-07-13T15:43:32,310505000,TAHITIAN-PRINCESS,GLACIER BAY,57.94901833,-136.7233667,354,356,14.8,0,9187899,ZCDS4
2008-07-13T15:43:30,310505000,TAHITIAN-PRINCESS,GLACIER BAY,57.94888333,-136.7233317,354,357,14.8,0,9187899,ZCDS4
2008-07-13T15:43:30,310505000,TAHITIAN-PRINCESS,GLACIER BAY,57.94874667,-136.7233033,355,357,14.8,0,9187899,ZCDS4
2008-07-13T15:43:26,310505000,TAHITIAN-PRINCESS,GLACIER BAY,57.94861167,-136.7233,355,356,14.7,0,9187899,ZCDS4
2008-07-13T15:43:24,310505000,TAHITIAN-PRINCESS,GLACIER BAY,57.94861167,-136.7233,355,356,14.7,0,9187899,ZCDS4
2008-07-13T15:43:22,310505000,TAHITIAN-PRINCESS,GLACIER BAY,57.94833833,-136.7232867,354,356,14.7,0,9187899,ZCDS4
2008-07-13T15:43:19,310505000,TAHITIAN-PRINCESS,GLACIER BAY,57.94820333,-136.7232567,354,357,14.7,0,9187899,ZCDS4
2008-07-13T15:43:17,310505000,TAHITIAN-PRINCESS,GLACIER BAY,57.94806833,-136.7232117,355,357,14.7,0,9187899,ZCDS4
2008-07-13T15:43:15,310505000,TAHITIAN-PRINCESS,GLACIER BAY,57.94793167,-136.7231983,355,356,14.8,0,9187899,ZCDS4
2008-07-13T15:43:12,310505000,TAHITIAN-PRINCESS,GLACIER BAY,57.94766167,-136.7232167,354,356,14.8,0,9187899,ZCDS4
2008-07-13T15:43:05,310505000,TAHITIAN-PRINCESS,GLACIER BAY,57.94725333,-136.7231083,355,358,14.8,0,9187899,ZCDS4
2008-07-13T15:43:01,310505000,TAHITIAN-PRINCESS,GLACIER BAY,57.94698,-136.7230967,355,356,14.8,0,9187899,ZCDS4
2008-07-13T15:43:00,310505000,TAHITIAN-PRINCESS,GLACIER BAY,57.94691167,-136.7231033,355,356,14.8,0,9187899,ZCDS4
2008-07-13T15:42:57,310505000,TAHITIAN-PRINCESS,GLACIER BAY,57.946775,-136.723105,354,356,14.8,0,9187899,ZCDS4
2008-07-13T15:42:56,310505000,TAHITIAN-PRINCESS,GLACIER BAY,57.94663833,-136.7230717,355,357,14.8,0,9187899,ZCDS4
2008-07-13T15:42:54,310505000,TAHITIAN-PRINCESS,GLACIER BAY,57.946435,-136.7230267,355,357,14.8,0,9187899,ZCDS4
2008-07-13T15:42:52,310505000,TAHITIAN-PRINCESS,GLACIER BAY,57.9463,-136.7230067,355,357,14.8,0,9187899,ZCDS4
2008-07-13T15:42:50,310505000,TAHITIAN-PRINCESS,GLACIER BAY,57.94623167,-136.7230017,355,357,14.8,0,9187899,ZCDS4
2008-07-13T15:42:47,310505000,TAHITIAN-PRINCESS,GLACIER BAY,57.946095,-136.72299,355,358,14.8,0,9187899,ZCDS4
2008-07-13T15:42:45,310505000,TAHITIAN-PRINCESS,GLACIER BAY,57.94589,-136.72296,355,358,14.8,0,9187899,ZCDS4
2008-07-13T15:42:43,310505000,TAHITIAN-PRINCESS,GLACIER BAY,57.94575333,-136.7229367,355,358,14.8,0,9187899,ZCDS4
2008-07-13T15:42:39,310505000,TAHITIAN-PRINCESS,GLACIER BAY,57.94548,-136.7229067,356,358,14.8,0,9187899,ZCDS4
2008-07-13T15:42:37,310505000,TAHITIAN-PRINCESS,GLACIER BAY,57.94541167,-136.722905,356,358,14.8,0,9187899,ZCDS4
2008-07-13T15:42:36,310505000,TAHITIAN-PRINCESS,GLACIER BAY,57.94520667,-136.7228833,356,358,14.8,0,9187899,ZCDS4
2008-07-13T15:42:34,310505000,TAHITIAN-PRINCESS,GLACIER BAY,57.94507,-136.7228567,356,359,14.8,0,9187899,ZCDS4
2008-07-13T15:42:33,310505000,TAHITIAN-PRINCESS,GLACIER BAY,57.94500333,-136.7228433,356,359,14.8,0,9187899,ZCDS4
2008-07-13T15:42:29,310505000,TAHITIAN-PRINCESS,GLACIER BAY,57.94479833,-136.7228067,357,0,14.9,0,9187899,ZCDS4
2008-07-13T15:42:27,310505000,TAHITIAN-PRINCESS,GLACIER BAY,57.94473,-136.72279,357,0,14.9,0,9187899,ZCDS4
2008-07-13T15:42:24,310505000,TAHITIAN-PRINCESS,GLACIER BAY,57.94445667,-136.7228017,357,359,14.9,0,9187899,ZCDS4
2008-07-13T15:42:17,310505000,TAHITIAN-PRINCESS,GLACIER BAY,57.944045,-136.7227467,358,0,14.7,0,9187899,ZCDS4
2008-07-13T15:42:11,310505000,TAHITIAN-PRINCESS,GLACIER BAY,57.94356667,-136.722735,358,0,14.8,0,9187899,ZCDS4
2008-07-13T15:42:00,310505000,TAHITIAN-PRINCESS,GLACIER BAY,57.94281333,-136.7227233,359,1,14.8,0,9187899,ZCDS4
2008-07-13T15:41:53,310505000,TAHITIAN-PRINCESS,GLACIER BAY,57.94233333,-136.72269,359,2,14.9,0,9187899,ZCDS4
2008-07-13T15:41:11,310505000,TAHITIAN-PRINCESS,GLACIER BAY,57.93946167,-136.7228033,0,2,14.8,0,9187899,ZCDS4
2008-07-13T15:40:50,310505000,TAHITIAN-PRINCESS,GLACIER BAY,57.93789167,-136.72287,0,2,14.8,0,9187899,ZCDS4
2008-07-13T15:40:42,310505000,TAHITIAN-PRINCESS,GLACIER BAY,57.93741667,-136.722905,0,2,14.8,0,9187899,ZCDS4
2008-07-13T15:40:05,310505000,TAHITIAN-PRINCESS,GLACIER BAY,57.93496,-136.72302,3,5,14.7,0,9187899,ZCDS4
2008-07-13T15:39:54,310505000,TAHITIAN-PRINCESS,GLACIER BAY,57.93421167,-136.7231133,3,6,14.8,0,9187899,ZCDS4
2008-07-13T15:39:41,310505000,TAHITIAN-PRINCESS,GLACIER BAY,57.93332333,-136.723245,4,7,14.8,0,9187899,ZCDS4
2008-07-13T15:39:35,310505000,TAHITIAN-PRINCESS,GLACIER BAY,57.93291333,-136.7232933,5,8,14.8,0,9187899,ZCDS4
2008-07-13T15:38:47,310505000,TAHITIAN-PRINCESS,GLACIER BAY,57.92972167,-136.7240833,10,12,14.8,0,9187899,ZCDS4
2008-07-13T15:38:42,310505000,TAHITIAN-PRINCESS,GLACIER BAY,57.9186667,-136.719167,511,360,102.3,15,9187899,ZCDS4
2008-07-13T15:32:59,310505000,TAHITIAN-PRINCESS,GLACIER BAY,57.90702333,-136.7364283,15,17,14.5,0,9187899,ZCDS4
2008-07-13T14:38:22,310505000,TAHITIAN-PRINCESS,GLACIER BAY,57.6861667,-136.770667,511,360,102.3,15,9187899,ZCDS4
2008-07-13T13:39:35,310505000,TAHITIAN-PRINCESS,GLACIER BAY,57.44718667,-136.634845,341,343,16.9,0,9187899,ZCDS4
2008-07-13T13:38:47,310505000,TAHITIAN-PRINCESS,GLACIER BAY,57.44359167,-136.6327483,341,343,16.9,0,9187899,ZCDS4
2008-07-13T13:37:27,310505000,TAHITIAN-PRINCESS,GLACIER BAY,57.4206667,-136.619167,511,360,102.3,15,9187899,ZCDS4
2008-07-13T13:08:36,310505000,TAHITIAN-PRINCESS,GLACIER BAY,57.3071,-136.5515467,342,344,17.2,0,9187899,ZCDS4
2008-07-13T13:02:53,310505000,TAHITIAN-PRINCESS,GLACIER BAY,57.28114167,-136.536375,342,344,17.4,0,9187899,ZCDS4
2008-07-13T13:02:45,310505000,TAHITIAN-PRINCESS,GLACIER BAY,57.28052833,-136.53603,342,344,17.3,0,9187899,ZCDS4
2008-07-13T13:02:43,310505000,TAHITIAN-PRINCESS,GLACIER BAY,57.28037167,-136.53596,342,344,17.4,0,9187899,ZCDS4
2008-07-13T13:02:39,310505000,TAHITIAN-PRINCESS,GLACIER BAY,57.28006167,-136.535825,342,344,17.4,0,9187899,ZCDS4
2008-07-13T13:02:28,310505000,TAHITIAN-PRINCESS,GLACIER BAY,57.279215,-136.535365,341,344,17.3,0,9187899,ZCDS4
2008-07-13T13:00:47,310505000,TAHITIAN-PRINCESS,GLACIER BAY,57.27153167,-136.5307717,339,341,17.4,0,9187899,ZCDS4
2008-07-13T13:00:23,310505000,TAHITIAN-PRINCESS,GLACIER BAY,57.269715,-136.5296067,339,341,17.3,0,9187899,ZCDS4
2008-07-13T13:00:11,310505000,TAHITIAN-PRINCESS,GLACIER BAY,57.26880667,-136.5290217,340,341,17.4,0,9187899,ZCDS4
2008-07-13T13:00:05,310505000,TAHITIAN-PRINCESS,GLACIER BAY,57.26835,-136.5287333,340,342,17.3,0,9187899,ZCDS4
2008-07-13T12:59:53,310505000,TAHITIAN-PRINCESS,GLACIER BAY,57.26744,-136.5281633,340,342,17.4,0,9187899,ZCDS4
2008-07-13T12:59:41,310505000,TAHITIAN-PRINCESS,GLACIER BAY,57.26652333,-136.5276,340,343,17.3,0,9187899,ZCDS4
2008-07-13T12:59:17,310505000,TAHITIAN-PRINCESS,GLACIER BAY,57.26468833,-136.526525,341,343,17.4,0,9187899,ZCDS4
2008-07-13T12:59:11,310505000,TAHITIAN-PRINCESS,GLACIER BAY,57.26423,-136.5262567,341,343,17.4,0,9187899,ZCDS4
2008-07-13T12:59:05,310505000,TAHITIAN-PRINCESS,GLACIER BAY,57.26376833,-136.525995,341,343,17.4,0,9187899,ZCDS4
2008-07-13T12:58:59,310505000,TAHITIAN-PRINCESS,GLACIER BAY,57.26330833,-136.525725,341,343,17.4,0,9187899,ZCDS4
2008-07-13T12:58:53,310505000,TAHITIAN-PRINCESS,GLACIER BAY,57.26285,-136.5254633,341,343,17.4,0,9187899,ZCDS4
2008-07-13T12:58:47,310505000,TAHITIAN-PRINCESS,GLACIER BAY,57.26238833,-136.5251983,341,343,17.4,0,9187899,ZCDS4
2008-07-13T12:58:41,310505000,TAHITIAN-PRINCESS,GLACIER BAY,57.26192667,-136.524945,341,343,17.4,0,9187899,ZCDS4
2008-07-13T12:58:35,310505000,TAHITIAN-PRINCESS,GLACIER BAY,57.26146833,-136.5246733,341,343,17.4,0,9187899,ZCDS4
2008-07-13T12:58:29,310505000,TAHITIAN-PRINCESS,GLACIER BAY,57.26100667,-136.52442,341,342,17.4,0,9187899,ZCDS4
2008-07-13T12:58:23,310505000,TAHITIAN-PRINCESS,GLACIER BAY,57.26054833,-136.5241433,341,342,17.3,0,9187899,ZCDS4
2008-07-13T12:58:11,310505000,TAHITIAN-PRINCESS,GLACIER BAY,57.25963,-136.523625,340,342,17.4,0,9187899,ZCDS4
2008-07-13T12:58:05,310505000,TAHITIAN-PRINCESS,GLACIER BAY,57.25917,-136.5233567,340,342,17.3,0,9187899,ZCDS4
2008-07-13T12:57:59,310505000,TAHITIAN-PRINCESS,GLACIER BAY,57.25871167,-136.52308,340,342,17.3,0,9187899,ZCDS4
2008-07-13T12:57:53,310505000,TAHITIAN-PRINCESS,GLACIER BAY,57.25817833,-136.5227667,340,342,17.4,0,9187899,ZCDS4
2008-07-13T12:57:47,310505000,TAHITIAN-PRINCESS,GLACIER BAY,57.25779833,-136.522515,341,343,17.4,0,9187899,ZCDS4
2008-07-13T12:57:41,310505000,TAHITIAN-PRINCESS,GLACIER BAY,57.25733833,-136.5222483,341,342,17.3,0,9187899,ZCDS4
2008-07-13T12:57:35,310505000,TAHITIAN-PRINCESS,GLACIER BAY,57.25688167,-136.52198,341,342,17.3,0,9187899,ZCDS4
2008-07-13T12:57:29,310505000,TAHITIAN-PRINCESS,GLACIER BAY,57.25642333,-136.521715,340,342,17.4,0,9187899,ZCDS4
2008-07-13T12:57:23,310505000,TAHITIAN-PRINCESS,GLACIER BAY,57.25596333,-136.5214533,340,342,17.4,0,9187899,ZCDS4
2008-07-13T12:57:17,310505000,TAHITIAN-PRINCESS,GLACIER BAY,57.255505,-136.52117,340,342,17.4,0,9187899,ZCDS4
2008-07-13T12:57:11,310505000,TAHITIAN-PRINCESS,GLACIER BAY,57.25504833,-136.52089,341,342,17.4,0,9187899,ZCDS4
2008-07-13T12:57:05,310505000,TAHITIAN-PRINCESS,GLACIER BAY,57.25459,-136.5206283,341,342,17.4,0,9187899,ZCDS4
2008-07-13T12:56:59,310505000,TAHITIAN-PRINCESS,GLACIER BAY,57.25413167,-136.5203517,341,342,17.4,0,9187899,ZCDS4
2008-07-13T12:56:53,310505000,TAHITIAN-PRINCESS,GLACIER BAY,57.25359833,-136.5200283,341,343,17.4,0,9187899,ZCDS4
2008-07-13T12:56:47,310505000,TAHITIAN-PRINCESS,GLACIER BAY,57.253215,-136.5198083,341,342,17.4,0,9187899,ZCDS4
2008-07-13T12:56:41,310505000,TAHITIAN-PRINCESS,GLACIER BAY,57.252755,-136.5195533,0,0,0.0,0,9187899,ZCDS4
2008-07-13T12:56:41,310505000,TAHITIAN-PRINCESS,GLACIER BAY,57.252755,-136.5195533,341,343,17.4,0,9187899,ZCDS4
2008-07-13T12:56:35,310505000,TAHITIAN-PRINCESS,GLACIER BAY,57.252295,-136.5192833,341,343,17.4,0,9187899,ZCDS4
2008-07-13T12:56:29,310505000,TAHITIAN-PRINCESS,GLACIER BAY,57.25183167,-136.5190367,340,342,17.4,0,9187899,ZCDS4
2008-07-13T12:56:23,310505000,TAHITIAN-PRINCESS,GLACIER BAY,57.25137667,-136.518735,341,342,17.4,0,9187899,ZCDS4
2008-07-13T12:56:17,310505000,TAHITIAN-PRINCESS,GLACIER BAY,57.25091333,-136.5184967,340,342,17.5,0,9187899,ZCDS4
2008-07-13T12:56:11,310505000,TAHITIAN-PRINCESS,GLACIER BAY,57.250455,-136.5182167,341,342,17.4,0,9187899,ZCDS4
2008-07-13T12:56:05,310505000,TAHITIAN-PRINCESS,GLACIER BAY,57.249995,-136.5179467,340,342,17.3,0,9187899,ZCDS4
2008-07-13T12:55:59,310505000,TAHITIAN-PRINCESS,GLACIER BAY,57.24953833,-136.5176667,341,343,17.4,0,9187899,ZCDS4
2008-07-13T12:55:53,310505000,TAHITIAN-PRINCESS,GLACIER BAY,57.249,-136.5173617,341,342,17.4,0,9187899,ZCDS4
2008-07-13T12:55:47,310505000,TAHITIAN-PRINCESS,GLACIER BAY,57.24861833,-136.5171317,340,342,17.4,0,9187899,ZCDS4
2008-07-13T12:55:41,310505000,TAHITIAN-PRINCESS,GLACIER BAY,57.24816,-136.516855,341,342,17.4,0,9187899,ZCDS4
2008-07-13T12:55:35,310505000,TAHITIAN-PRINCESS,GLACIER BAY,57.2477,-136.5165933,340,342,17.4,0,9187899,ZCDS4
2008-07-13T12:55:29,310505000,TAHITIAN-PRINCESS,GLACIER BAY,57.24724333,-136.5163167,341,342,17.4,0,9187899,ZCDS4
2008-07-13T12:55:23,310505000,TAHITIAN-PRINCESS,GLACIER BAY,57.24678,-136.5160717,340,342,17.3,0,9187899,ZCDS4
2008-07-13T12:55:17,310505000,TAHITIAN-PRINCESS,GLACIER BAY,57.24632667,-136.5157667,341,343,17.3,0,9187899,ZCDS4
2008-07-13T12:55:11,310505000,TAHITIAN-PRINCESS,GLACIER BAY,57.24586667,-136.5155183,340,342,17.4,0,9187899,ZCDS4
2008-07-13T12:55:05,310505000,TAHITIAN-PRINCESS,GLACIER BAY,57.245405,-136.5152617,340,342,17.4,0,9187899,ZCDS4
2008-07-13T12:54:59,310505000,TAHITIAN-PRINCESS,GLACIER BAY,57.24495,-136.5149567,340,342,17.4,0,9187899,ZCDS4
2008-07-13T12:54:53,310505000,TAHITIAN-PRINCESS,GLACIER BAY,57.24441333,-136.5146667,340,342,17.4,0,9187899,ZCDS4
2008-07-13T12:54:47,310505000,TAHITIAN-PRINCESS,GLACIER BAY,57.24403333,-136.5144267,340,342,17.3,0,9187899,ZCDS4
2008-07-13T12:54:41,310505000,TAHITIAN-PRINCESS,GLACIER BAY,57.24357667,-136.51415,340,342,17.3,0,9187899,ZCDS4
2008-07-13T12:54:35,310505000,TAHITIAN-PRINCESS,GLACIER BAY,57.24311833,-136.51388,340,342,17.4,0,9187899,ZCDS4
2008-07-13T12:54:31,310505000,TAHITIAN-PRINCESS,GLACIER BAY,57.242815,-136.51368,340,343,17.4,0,9187899,ZCDS4
2008-07-13T12:54:29,310505000,TAHITIAN-PRINCESS,GLACIER BAY,57.24266333,-136.5135917,340,343,17.3,0,9187899,ZCDS4
2008-07-13T12:54:27,310505000,TAHITIAN-PRINCESS,GLACIER BAY,57.24251,-136.513505,340,342,17.3,0,9187899,ZCDS4
2008-07-13T12:54:25,310505000,TAHITIAN-PRINCESS,GLACIER BAY,57.24235667,-136.513425,340,342,17.3,0,9187899,ZCDS4
2008-07-13T12:54:23,310505000,TAHITIAN-PRINCESS,GLACIER BAY,57.24220167,-136.513335,340,342,17.3,0,9187899,ZCDS4
2008-07-13T12:54:21,310505000,TAHITIAN-PRINCESS,GLACIER BAY,57.24205,-136.5132433,340,343,17.3,0,9187899,ZCDS4
2008-07-13T12:54:19,310505000,TAHITIAN-PRINCESS,GLACIER BAY,57.24189833,-136.5131433,340,343,17.4,0,9187899,ZCDS4
2008-07-13T12:54:17,310505000,TAHITIAN-PRINCESS,GLACIER BAY,57.24174833,-136.5130417,341,343,17.4,0,9187899,ZCDS4
2008-07-13T12:54:15,310505000,TAHITIAN-PRINCESS,GLACIER BAY,57.24159667,-136.512945,341,343,17.4,0,9187899,ZCDS4
2008-07-13T12:54:11,310505000,TAHITIAN-PRINCESS,GLACIER BAY,57.24128833,-136.5127883,341,343,17.4,0,9187899,ZCDS4
2008-07-13T12:54:05,310505000,TAHITIAN-PRINCESS,GLACIER BAY,57.24083,-136.5125,341,344,17.4,0,9187899,ZCDS4
2008-07-13T12:53:59,310505000,TAHITIAN-PRINCESS,GLACIER BAY,57.24036667,-136.5122517,341,343,17.4,0,9187899,ZCDS4
2008-07-13T12:53:53,310505000,TAHITIAN-PRINCESS,GLACIER BAY,57.23983,-136.5119267,342,344,17.4,0,9187899,ZCDS4
2008-07-13T12:53:47,310505000,TAHITIAN-PRINCESS,GLACIER BAY,57.23944333,-136.511725,342,344,17.4,0,9187899,ZCDS4
2008-07-13T12:53:41,310505000,TAHITIAN-PRINCESS,GLACIER BAY,57.23898333,-136.5114583,342,344,17.4,0,9187899,ZCDS4
2008-07-13T12:53:35,310505000,TAHITIAN-PRINCESS,GLACIER BAY,57.23851833,-136.5112133,342,344,17.4,0,9187899,ZCDS4
2008-07-13T12:53:29,310505000,TAHITIAN-PRINCESS,GLACIER BAY,57.23805833,-136.5109417,343,344,17.3,0,9187899,ZCDS4
2008-07-13T12:53:23,310505000,TAHITIAN-PRINCESS,GLACIER BAY,57.23759167,-136.5107267,342,344,17.4,0,9187899,ZCDS4
2008-07-13T12:53:17,310505000,TAHITIAN-PRINCESS,GLACIER BAY,57.23713333,-136.5104583,343,345,17.5,0,9187899,ZCDS4
2008-07-13T12:53:11,310505000,TAHITIAN-PRINCESS,GLACIER BAY,57.23666,-136.510265,342,343,17.4,0,9187899,ZCDS4
2008-07-13T12:53:05,310505000,TAHITIAN-PRINCESS,GLACIER BAY,57.23619667,-136.510005,342,344,17.4,0,9187899,ZCDS4
2008-07-13T12:52:59,310505000,TAHITIAN-PRINCESS,GLACIER BAY,57.23573333,-136.5097683,342,344,17.5,0,9187899,ZCDS4
2008-07-13T12:52:53,310505000,TAHITIAN-PRINCESS,GLACIER BAY,57.23518833,-136.5094967,342,343,17.4,0,9187899,ZCDS4
2008-07-13T12:52:47,310505000,TAHITIAN-PRINCESS,GLACIER BAY,57.234725,-136.5092467,341,343,17.4,0,9187899,ZCDS4
2008-07-13T12:52:41,310505000,TAHITIAN-PRINCESS,GLACIER BAY,57.23433667,-136.509055,341,343,17.4,0,9187899,ZCDS4
2008-07-13T12:52:35,310505000,TAHITIAN-PRINCESS,GLACIER BAY,57.23387667,-136.5087883,341,344,17.5,0,9187899,ZCDS4
2008-07-13T12:52:29,310505000,TAHITIAN-PRINCESS,GLACIER BAY,57.23341333,-136.5085283,341,343,17.4,0,9187899,ZCDS4
2008-07-13T12:52:23,310505000,TAHITIAN-PRINCESS,GLACIER BAY,57.23295,-136.508275,341,343,17.4,0,9187899,ZCDS4
2008-07-13T12:52:17,310505000,TAHITIAN-PRINCESS,GLACIER BAY,57.23249,-136.508,342,344,17.4,0,9187899,ZCDS4
2008-07-13T12:52:11,310505000,TAHITIAN-PRINCESS,GLACIER BAY,57.23202833,-136.5077483,342,344,17.5,0,9187899,ZCDS4
2008-07-13T12:52:05,310505000,TAHITIAN-PRINCESS,GLACIER BAY,57.23156,-136.507505,342,343,17.4,0,9187899,ZCDS4
2008-07-13T12:51:59,310505000,TAHITIAN-PRINCESS,GLACIER BAY,57.231095,-136.5072533,342,344,17.4,0,9187899,ZCDS4
2008-07-13T12:51:55,310505000,TAHITIAN-PRINCESS,GLACIER BAY,57.23078667,-136.5070833,342,344,17.5,0,9187899,ZCDS4
2008-07-13T12:51:53,310505000,TAHITIAN-PRINCESS,GLACIER BAY,57.23063,-136.5070083,342,343,17.5,0,9187899,ZCDS4
2008-07-13T12:51:51,310505000,TAHITIAN-PRINCESS,GLACIER BAY,57.23047333,-136.5069383,341,343,17.5,0,9187899,ZCDS4
2008-07-13T12:51:49,310505000,TAHITIAN-PRINCESS,GLACIER BAY,57.23031667,-136.5068667,341,343,17.5,0,9187899,ZCDS4
2008-07-13T12:51:45,310505000,TAHITIAN-PRINCESS,GLACIER BAY,57.23000833,-136.50668,341,343,17.6,0,9187899,ZCDS4
2008-07-13T12:51:43,310505000,TAHITIAN-PRINCESS,GLACIER BAY,57.22985333,-136.5066017,341,342,17.6,0,9187899,ZCDS4
2008-07-13T12:51:41,310505000,TAHITIAN-PRINCESS,GLACIER BAY,57.22969667,-136.50653,341,342,17.5,0,9187899,ZCDS4
2008-07-13T12:51:39,310505000,TAHITIAN-PRINCESS,GLACIER BAY,57.22954,-136.5064483,341,342,17.5,0,9187899,ZCDS4
2008-07-13T12:51:37,310505000,TAHITIAN-PRINCESS,GLACIER BAY,57.22938333,-136.50637,340,342,17.5,0,9187899,ZCDS4
2008-07-13T12:51:35,310505000,TAHITIAN-PRINCESS,GLACIER BAY,57.22922833,-136.506285,340,342,17.5,0,9187899,ZCDS4
2008-07-13T12:51:33,310505000,TAHITIAN-PRINCESS,GLACIER BAY,57.22907667,-136.50618,340,342,17.5,0,9187899,ZCDS4
2008-07-13T12:51:29,310505000,TAHITIAN-PRINCESS,GLACIER BAY,57.228765,-136.5060217,340,341,17.5,0,9187899,ZCDS4
2008-07-13T12:51:23,310505000,TAHITIAN-PRINCESS,GLACIER BAY,57.2283,-136.5057767,339,341,17.6,0,9187899,ZCDS4
2008-07-13T12:51:17,310505000,TAHITIAN-PRINCESS,GLACIER BAY,57.22783667,-136.505495,339,340,17.5,0,9187899,ZCDS4
2008-07-13T12:51:11,310505000,TAHITIAN-PRINCESS,GLACIER BAY,57.227375,-136.5052117,338,340,17.5,0,9187899,ZCDS4
2008-07-13T12:50:59,310505000,TAHITIAN-PRINCESS,GLACIER BAY,57.22638333,-136.50457,337,339,17.5,0,9187899,ZCDS4
2008-07-13T12:50:53,310505000,TAHITIAN-PRINCESS,GLACIER BAY,57.22599667,-136.5043433,336,338,17.5,0,9187899,ZCDS4
2008-07-13T12:50:47,310505000,TAHITIAN-PRINCESS,GLACIER BAY,57.22547,-136.5039667,336,338,17.5,0,9187899,ZCDS4
2008-07-13T12:50:41,310505000,TAHITIAN-PRINCESS,GLACIER BAY,57.22509333,-136.5036967,336,338,17.6,0,9187899,ZCDS4
2008-07-13T12:50:41,310505000,TAHITIAN-PRINCESS,GLACIER BAY,57.224635,-136.5033933,0,0,0.0,0,9187899,ZCDS4
2008-07-13T12:50:35,310505000,TAHITIAN-PRINCESS,GLACIER BAY,57.224635,-136.5033933,335,338,17.6,0,9187899,ZCDS4
2008-07-13T12:50:29,310505000,TAHITIAN-PRINCESS,GLACIER BAY,57.22418667,-136.5030433,335,338,17.5,0,9187899,ZCDS4
2008-07-13T12:50:23,310505000,TAHITIAN-PRINCESS,GLACIER BAY,57.22373833,-136.5027067,335,338,17.6,0,9187899,ZCDS4
2008-07-13T12:50:16,310505000,TAHITIAN-PRINCESS,GLACIER BAY,57.22321167,-136.5023217,335,338,17.6,0,9187899,ZCDS4
2008-07-13T12:50:13,310505000,TAHITIAN-PRINCESS,GLACIER BAY,57.22298833,-136.5021467,335,338,17.6,0,9187899,ZCDS4
2008-07-13T12:50:11,310505000,TAHITIAN-PRINCESS,GLACIER BAY,57.22283833,-136.5020217,335,338,17.6,0,9187899,ZCDS4
2008-07-13T12:50:09,310505000,TAHITIAN-PRINCESS,GLACIER BAY,57.22269,-136.50191,335,338,17.6,0,9187899,ZCDS4
2008-07-13T12:50:07,310505000,TAHITIAN-PRINCESS,GLACIER BAY,57.22253833,-136.501805,335,338,17.6,0,9187899,ZCDS4
2008-07-13T12:50:05,310505000,TAHITIAN-PRINCESS,GLACIER BAY,57.22238667,-136.5017,335,338,17.5,0,9187899,ZCDS4
2008-07-13T12:50:03,310505000,TAHITIAN-PRINCESS,GLACIER BAY,57.222235,-136.50159,335,338,17.5,0,9187899,ZCDS4
2008-07-13T12:50:01,310505000,TAHITIAN-PRINCESS,GLACIER BAY,57.22208833,-136.501465,335,338,17.6,0,9187899,ZCDS4
2008-07-13T12:49:58,310505000,TAHITIAN-PRINCESS,GLACIER BAY,57.22186833,-136.5012817,336,339,17.6,0,9187899,ZCDS4
2008-07-13T12:49:57,310505000,TAHITIAN-PRINCESS,GLACIER BAY,57.22179167,-136.5012267,336,338,17.6,0,9187899,ZCDS4
2008-07-13T12:49:53,310505000,TAHITIAN-PRINCESS,GLACIER BAY,57.22148333,-136.5010383,335,337,17.6,0,9187899,ZCDS4
2008-07-13T12:49:47,310505000,TAHITIAN-PRINCESS,GLACIER BAY,57.22096333,-136.500605,336,339,17.5,0,9187899,ZCDS4
2008-07-13T12:49:41,310505000,TAHITIAN-PRINCESS,GLACIER BAY,57.22058333,-136.5003467,335,338,17.5,0,9187899,ZCDS4
2008-07-13T12:49:35,310505000,TAHITIAN-PRINCESS,GLACIER BAY,57.22013833,-136.499985,336,339,17.6,0,9187899,ZCDS4
2008-07-13T12:49:29,310505000,TAHITIAN-PRINCESS,GLACIER BAY,57.219685,-136.4996483,336,339,17.6,0,9187899,ZCDS4
2008-07-13T12:49:23,310505000,TAHITIAN-PRINCESS,GLACIER BAY,57.219235,-136.4992917,337,340,17.6,0,9187899,ZCDS4
2008-07-13T12:49:16,310505000,TAHITIAN-PRINCESS,GLACIER BAY,57.21870333,-136.49891,337,341,17.5,0,9187899,ZCDS4
2008-07-13T12:49:13,310505000,TAHITIAN-PRINCESS,GLACIER BAY,57.21847833,-136.4987417,338,341,17.5,0,9187899,ZCDS4
2008-07-13T12:49:11,310505000,TAHITIAN-PRINCESS,GLACIER BAY,57.21832667,-136.4986383,338,341,17.6,0,9187899,ZCDS4
2008-07-13T12:49:09,310505000,TAHITIAN-PRINCESS,GLACIER BAY,57.21817333,-136.4985383,338,341,17.6,0,9187899,ZCDS4
2008-07-13T12:49:07,310505000,TAHITIAN-PRINCESS,GLACIER BAY,57.21802167,-136.4984333,338,341,17.6,0,9187899,ZCDS4
2008-07-13T12:49:05,310505000,TAHITIAN-PRINCESS,GLACIER BAY,57.21787,-136.498325,338,341,17.6,0,9187899,ZCDS4
2008-07-13T12:49:03,310505000,TAHITIAN-PRINCESS,GLACIER BAY,57.21771667,-136.498215,339,342,17.6,0,9187899,ZCDS4
2008-07-13T12:49:01,310505000,TAHITIAN-PRINCESS,GLACIER BAY,57.217565,-136.4981033,339,342,17.7,0,9187899,ZCDS4
2008-07-13T12:48:59,310505000,TAHITIAN-PRINCESS,GLACIER BAY,57.21733667,-136.4979417,339,342,17.7,0,9187899,ZCDS4
2008-07-13T12:48:57,310505000,TAHITIAN-PRINCESS,GLACIER BAY,57.21726,-136.4978917,339,342,17.6,0,9187899,ZCDS4
2008-07-13T12:48:55,310505000,TAHITIAN-PRINCESS,GLACIER BAY,57.21710333,-136.4977983,340,342,17.6,0,9187899,ZCDS4
2008-07-13T12:48:53,310505000,TAHITIAN-PRINCESS,GLACIER BAY,57.21694667,-136.497715,339,342,17.6,0,9187899,ZCDS4
2008-07-13T12:48:51,310505000,TAHITIAN-PRINCESS,GLACIER BAY,57.21679167,-136.497625,339,342,17.6,0,9187899,ZCDS4
2008-07-13T12:48:49,310505000,TAHITIAN-PRINCESS,GLACIER BAY,57.21664,-136.49751,340,343,17.6,0,9187899,ZCDS4
2008-07-13T12:48:47,310505000,TAHITIAN-PRINCESS,GLACIER BAY,57.21641,-136.49735,340,343,17.6,0,9187899,ZCDS4
2008-07-13T12:48:45,310505000,TAHITIAN-PRINCESS,GLACIER BAY,57.21633333,-136.497305,340,343,17.6,0,9187899,ZCDS4
2008-07-13T12:48:43,310505000,TAHITIAN-PRINCESS,GLACIER BAY,57.21617833,-136.4972117,340,343,17.6,0,9187899,ZCDS4
2008-07-13T12:48:41,310505000,TAHITIAN-PRINCESS,GLACIER BAY,57.21602333,-136.4971217,341,343,17.7,0,9187899,ZCDS4
2008-07-13T12:48:39,310505000,TAHITIAN-PRINCESS,GLACIER BAY,57.21586833,-136.4970267,341,344,17.7,0,9187899,ZCDS4
2008-07-13T12:48:37,310505000,TAHITIAN-PRINCESS,GLACIER BAY,57.215715,-136.49692,341,344,17.7,0,9187899,ZCDS4
2008-07-13T12:48:35,310505000,TAHITIAN-PRINCESS,GLACIER BAY,57.21556,-136.496815,341,345,17.7,0,9187899,ZCDS4
2008-07-13T12:48:33,310505000,TAHITIAN-PRINCESS,GLACIER BAY,57.215405,-136.4967233,342,344,17.7,0,9187899,ZCDS4
2008-07-13T12:48:29,310505000,TAHITIAN-PRINCESS,GLACIER BAY,57.21508833,-136.4965667,342,344,17.6,0,9187899,ZCDS4
2008-07-13T12:48:27,310505000,TAHITIAN-PRINCESS,GLACIER BAY,57.21493167,-136.4964767,342,344,17.6,0,9187899,ZCDS4
2008-07-13T12:48:25,310505000,TAHITIAN-PRINCESS,GLACIER BAY,57.21477667,-136.49638,342,345,17.6,0,9187899,ZCDS4
2008-07-13T12:48:23,310505000,TAHITIAN-PRINCESS,GLACIER BAY,57.21462333,-136.4962783,342,345,17.7,0,9187899,ZCDS4
2008-07-13T12:48:21,310505000,TAHITIAN-PRINCESS,GLACIER BAY,57.21446833,-136.4961867,343,345,17.7,0,9187899,ZCDS4
2008-07-13T12:48:19,310505000,TAHITIAN-PRINCESS,GLACIER BAY,57.21431167,-136.4961117,343,345,17.7,0,9187899,ZCDS4
2008-07-13T12:48:16,310505000,TAHITIAN-PRINCESS,GLACIER BAY,57.214075,-136.49599,343,345,17.7,0,9187899,ZCDS4
2008-07-13T12:48:15,310505000,TAHITIAN-PRINCESS,GLACIER BAY,57.21399667,-136.4959483,343,345,17.7,0,9187899,ZCDS4
2008-07-13T12:48:13,310505000,TAHITIAN-PRINCESS,GLACIER BAY,57.21383833,-136.4958567,343,346,17.6,0,9187899,ZCDS4
2008-07-13T12:48:11,310505000,TAHITIAN-PRINCESS,GLACIER BAY,57.21368167,-136.4957633,343,346,17.6,0,9187899,ZCDS4
2008-07-13T12:48:09,310505000,TAHITIAN-PRINCESS,GLACIER BAY,57.21352667,-136.495675,344,346,17.6,0,9187899,ZCDS4
2008-07-13T12:48:05,310505000,TAHITIAN-PRINCESS,GLACIER BAY,57.21320833,-136.495545,344,346,17.6,0,9187899,ZCDS4
2008-07-13T12:47:59,310505000,TAHITIAN-PRINCESS,GLACIER BAY,57.21265667,-136.495255,344,347,17.7,0,9187899,ZCDS4
2008-07-13T12:47:53,310505000,TAHITIAN-PRINCESS,GLACIER BAY,57.21226333,-136.495065,345,346,17.7,0,9187899,ZCDS4
2008-07-13T12:47:47,310505000,TAHITIAN-PRINCESS,GLACIER BAY,57.21170333,-136.49484,344,346,17.7,0,9187899,ZCDS4
2008-07-13T12:47:41,310505000,TAHITIAN-PRINCESS,GLACIER BAY,57.21130833,-136.4946367,344,347,17.7,0,9187899,ZCDS4
2008-07-13T12:47:35,310505000,TAHITIAN-PRINCESS,GLACIER BAY,57.21083,-136.494445,344,345,17.7,0,9187899,ZCDS4
2008-07-13T12:47:29,310505000,TAHITIAN-PRINCESS,GLACIER BAY,57.21035333,-136.4942283,344,346,17.7,0,9187899,ZCDS4
2008-07-13T12:47:23,310505000,TAHITIAN-PRINCESS,GLACIER BAY,57.20987667,-136.4939933,344,345,17.7,0,9187899,ZCDS4
2008-07-13T12:47:16,310505000,TAHITIAN-PRINCESS,GLACIER BAY,57.20932167,-136.4937467,344,345,17.8,0,9187899,ZCDS4
2008-07-13T12:47:11,310505000,TAHITIAN-PRINCESS,GLACIER BAY,57.208925,-136.4935633,343,345,17.7,0,9187899,ZCDS4
2008-07-13T12:47:05,310505000,TAHITIAN-PRINCESS,GLACIER BAY,57.20845,-136.4933383,343,345,17.7,0,9187899,ZCDS4
2008-07-13T12:46:59,310505000,TAHITIAN-PRINCESS,GLACIER BAY,57.20789833,-136.49307,343,344,17.7,0,9187899,ZCDS4
2008-07-13T12:46:53,310505000,TAHITIAN-PRINCESS,GLACIER BAY,57.20750333,-136.4928667,343,344,17.7,0,9187899,ZCDS4
2008-07-13T12:46:47,310505000,TAHITIAN-PRINCESS,GLACIER BAY,57.20694833,-136.4926033,342,343,17.6,0,9187899,ZCDS4
2008-07-13T12:46:41,310505000,TAHITIAN-PRINCESS,GLACIER BAY,57.20655833,-136.4923783,342,344,17.7,0,9187899,ZCDS4
2008-07-13T12:46:35,310505000,TAHITIAN-PRINCESS,GLACIER BAY,57.206085,-136.4921583,342,343,17.7,0,9187899,ZCDS4
2008-07-13T12:46:29,310505000,TAHITIAN-PRINCESS,GLACIER BAY,57.20561333,-136.491905,341,343,17.7,0,9187899,ZCDS4
2008-07-13T12:46:23,310505000,TAHITIAN-PRINCESS,GLACIER BAY,57.20514167,-136.4916533,341,342,17.6,0,9187899,ZCDS4
2008-07-13T12:46:19,310505000,TAHITIAN-PRINCESS,GLACIER BAY,57.20482667,-136.4915033,340,342,17.7,0,9187899,ZCDS4
2008-07-13T12:46:17,310505000,TAHITIAN-PRINCESS,GLACIER BAY,57.20467167,-136.491405,340,342,17.7,0,9187899,ZCDS4
2008-07-13T12:46:15,310505000,TAHITIAN-PRINCESS,GLACIER BAY,57.20451833,-136.4913033,340,343,17.7,0,9187899,ZCDS4
2008-07-13T12:46:13,310505000,TAHITIAN-PRINCESS,GLACIER BAY,57.204365,-136.4912,341,342,17.7,0,9187899,ZCDS4
2008-07-13T12:46:11,310505000,TAHITIAN-PRINCESS,GLACIER BAY,57.20420833,-136.4911167,341,342,17.7,0,9187899,ZCDS4
2008-07-13T12:46:09,310505000,TAHITIAN-PRINCESS,GLACIER BAY,57.20405,-136.4910467,340,341,17.7,0,9187899,ZCDS4
2008-07-13T12:46:07,310505000,TAHITIAN-PRINCESS,GLACIER BAY,57.20389167,-136.4909683,340,341,17.7,0,9187899,ZCDS4
2008-07-13T12:46:05,310505000,TAHITIAN-PRINCESS,GLACIER BAY,57.20373667,-136.4908717,340,341,17.7,0,9187899,ZCDS4
2008-07-13T12:46:03,310505000,TAHITIAN-PRINCESS,GLACIER BAY,57.20358333,-136.4907717,340,341,17.7,0,9187899,ZCDS4
2008-07-13T12:46:01,310505000,TAHITIAN-PRINCESS,GLACIER BAY,57.20342667,-136.490675,340,341,17.7,0,9187899,ZCDS4
2008-07-13T12:45:58,310505000,TAHITIAN-PRINCESS,GLACIER BAY,57.20319333,-136.4905483,339,341,17.7,0,9187899,ZCDS4
2008-07-13T12:45:57,310505000,TAHITIAN-PRINCESS,GLACIER BAY,57.20311667,-136.490495,339,342,17.7,0,9187899,ZCDS4
2008-07-13T12:45:55,310505000,TAHITIAN-PRINCESS,GLACIER BAY,57.202965,-136.4903767,339,342,17.7,0,9187899,ZCDS4
2008-07-13T12:45:53,310505000,TAHITIAN-PRINCESS,GLACIER BAY,57.20281167,-136.4902783,340,341,17.7,0,9187899,ZCDS4
2008-07-13T12:45:51,310505000,TAHITIAN-PRINCESS,GLACIER BAY,57.20265333,-136.490205,339,340,17.7,0,9187899,ZCDS4
2008-07-13T12:45:49,310505000,TAHITIAN-PRINCESS,GLACIER BAY,57.20249333,-136.49014,339,339,17.7,0,9187899,ZCDS4
2008-07-13T12:45:47,310505000,TAHITIAN-PRINCESS,GLACIER BAY,57.20225667,-136.490015,338,339,17.8,0,9187899,ZCDS4
2008-07-13T12:45:45,310505000,TAHITIAN-PRINCESS,GLACIER BAY,57.20218,-136.48996,338,340,17.8,0,9187899,ZCDS4
2008-07-13T12:45:41,310505000,TAHITIAN-PRINCESS,GLACIER BAY,57.20187833,-136.4897233,339,340,17.7,0,9187899,ZCDS4
2008-07-13T12:45:37,310505000,TAHITIAN-PRINCESS,GLACIER BAY,57.20156333,-136.48955,338,339,17.7,0,9187899,ZCDS4
2008-07-13T12:45:35,310505000,TAHITIAN-PRINCESS,GLACIER BAY,57.20140667,-136.4894683,338,338,17.7,0,9187899,ZCDS4
2008-07-13T12:45:33,310505000,TAHITIAN-PRINCESS,GLACIER BAY,57.20125167,-136.489365,337,338,17.7,0,9187899,ZCDS4
2008-07-13T12:45:31,310505000,TAHITIAN-PRINCESS,GLACIER BAY,57.2011,-136.489255,337,338,17.7,0,9187899,ZCDS4
2008-07-13T12:45:29,310505000,TAHITIAN-PRINCESS,GLACIER BAY,57.20094833,-136.48914,337,338,17.8,0,9187899,ZCDS4
2008-07-13T12:45:27,310505000,TAHITIAN-PRINCESS,GLACIER BAY,57.20079667,-136.48903,337,338,17.8,0,9187899,ZCDS4
2008-07-13T12:45:25,310505000,TAHITIAN-PRINCESS,GLACIER BAY,57.20064167,-136.48893,337,338,17.8,0,9187899,ZCDS4
2008-07-13T12:45:23,310505000,TAHITIAN-PRINCESS,GLACIER BAY,57.20048667,-136.488835,337,337,17.8,0,9187899,ZCDS4
2008-07-13T12:45:21,310505000,TAHITIAN-PRINCESS,GLACIER BAY,57.20033167,-136.48873,336,338,17.8,0,9187899,ZCDS4
2008-07-13T12:45:19,310505000,TAHITIAN-PRINCESS,GLACIER BAY,57.20017833,-136.4886167,336,338,17.8,0,9187899,ZCDS4
2008-07-13T12:45:17,310505000,TAHITIAN-PRINCESS,GLACIER BAY,57.20002667,-136.4885017,336,338,17.8,0,9187899,ZCDS4
2008-07-13T12:45:15,310505000,TAHITIAN-PRINCESS,GLACIER BAY,57.199875,-136.4883833,336,338,17.8,0,9187899,ZCDS4
2008-07-13T12:45:11,310505000,TAHITIAN-PRINCESS,GLACIER BAY,57.19956667,-136.4881817,336,336,17.7,0,9187899,ZCDS4
2008-07-13T12:45:05,310505000,TAHITIAN-PRINCESS,GLACIER BAY,57.19910667,-136.48786,335,336,17.7,0,9187899,ZCDS4
2008-07-13T12:44:58,310505000,TAHITIAN-PRINCESS,GLACIER BAY,57.19858167,-136.4874417,335,336,17.8,0,9187899,ZCDS4
2008-07-13T12:44:53,310505000,TAHITIAN-PRINCESS,GLACIER BAY,57.19812167,-136.4871117,334,334,17.7,0,9187899,ZCDS4
2008-07-13T12:44:47,310505000,TAHITIAN-PRINCESS,GLACIER BAY,57.197675,-136.4867217,334,335,17.7,0,9187899,ZCDS4
2008-07-13T12:44:43,310505000,TAHITIAN-PRINCESS,GLACIER BAY,57.19745,-136.486545,333,334,17.8,0,9187899,ZCDS4
2008-07-13T12:44:41,310505000,TAHITIAN-PRINCESS,GLACIER BAY,57.19722167,-136.48638,0,0,0.0,0,9187899,ZCDS4
2008-07-13T12:44:40,310505000,TAHITIAN-PRINCESS,GLACIER BAY,57.19722167,-136.48638,333,334,17.8,0,9187899,ZCDS4
2008-07-13T12:44:39,310505000,TAHITIAN-PRINCESS,GLACIER BAY,57.19714833,-136.4863167,333,334,17.8,0,9187899,ZCDS4
2008-07-13T12:44:37,310505000,TAHITIAN-PRINCESS,GLACIER BAY,57.197,-136.4861867,333,333,17.8,0,9187899,ZCDS4
2008-07-13T12:44:35,310505000,TAHITIAN-PRINCESS,GLACIER BAY,57.19685,-136.4860617,332,333,17.8,0,9187899,ZCDS4
2008-07-13T12:44:33,310505000,TAHITIAN-PRINCESS,GLACIER BAY,57.19669833,-136.4859417,332,333,17.8,0,9187899,ZCDS4
2008-07-13T12:44:31,310505000,TAHITIAN-PRINCESS,GLACIER BAY,57.19655,-136.4858067,332,333,17.7,0,9187899,ZCDS4
2008-07-13T12:44:29,310505000,TAHITIAN-PRINCESS,GLACIER BAY,57.19633167,-136.485595,332,333,17.7,0,9187899,ZCDS4
2008-07-13T12:44:27,310505000,TAHITIAN-PRINCESS,GLACIER BAY,57.19625833,-136.485525,332,333,17.7,0,9187899,ZCDS4
2008-07-13T12:44:25,310505000,TAHITIAN-PRINCESS,GLACIER BAY,57.19611,-136.4854,332,333,17.7,0,9187899,ZCDS4
2008-07-13T12:44:23,310505000,TAHITIAN-PRINCESS,GLACIER BAY,57.19596,-136.48528,331,332,17.7,0,9187899,ZCDS4
2008-07-13T12:44:21,310505000,TAHITIAN-PRINCESS,GLACIER BAY,57.19581167,-136.4851533,331,332,17.8,0,9187899,ZCDS4
2008-07-13T12:44:19,310505000,TAHITIAN-PRINCESS,GLACIER BAY,57.195665,-136.4850167,331,332,17.8,0,9187899,ZCDS4
2008-07-13T12:44:17,310505000,TAHITIAN-PRINCESS,GLACIER BAY,57.19552167,-136.4848767,331,332,17.8,0,9187899,ZCDS4
2008-07-13T12:44:15,310505000,TAHITIAN-PRINCESS,GLACIER BAY,57.19537333,-136.4847467,331,331,17.8,0,9187899,ZCDS4
2008-07-13T12:44:13,310505000,TAHITIAN-PRINCESS,GLACIER BAY,57.19522167,-136.4846267,330,331,17.7,0,9187899,ZCDS4
2008-07-13T12:44:11,310505000,TAHITIAN-PRINCESS,GLACIER BAY,57.19507333,-136.4844983,330,331,17.7,0,9187899,ZCDS4
2008-07-13T12:44:09,310505000,TAHITIAN-PRINCESS,GLACIER BAY,57.19492833,-136.4843583,330,331,17.7,0,9187899,ZCDS4
2008-07-13T12:44:05,310505000,TAHITIAN-PRINCESS,GLACIER BAY,57.19464333,-136.4840583,330,330,17.7,0,9187899,ZCDS4
2008-07-13T12:44:01,310505000,TAHITIAN-PRINCESS,GLACIER BAY,57.19434833,-136.4838067,329,329,17.8,0,9187899,ZCDS4
2008-07-13T12:43:59,310505000,TAHITIAN-PRINCESS,GLACIER BAY,57.19420167,-136.4836733,329,329,17.8,0,9187899,ZCDS4
2008-07-13T12:43:55,310505000,TAHITIAN-PRINCESS,GLACIER BAY,57.19391667,-136.4833733,328,329,17.7,0,9187899,ZCDS4
2008-07-13T12:43:53,310505000,TAHITIAN-PRINCESS,GLACIER BAY,57.19370167,-136.4831533,328,329,17.7,0,9187899,ZCDS4
2008-07-13T12:43:51,310505000,TAHITIAN-PRINCESS,GLACIER BAY,57.19363,-136.48308,328,328,17.7,0,9187899,ZCDS4
2008-07-13T12:43:47,310505000,TAHITIAN-PRINCESS,GLACIER BAY,57.19327167,-136.48272,327,327,17.7,0,9187899,ZCDS4
2008-07-13T12:43:45,310505000,TAHITIAN-PRINCESS,GLACIER BAY,57.1932,-136.4826467,327,327,17.7,0,9187899,ZCDS4
2008-07-13T12:43:43,310505000,TAHITIAN-PRINCESS,GLACIER BAY,57.19306,-136.4824933,327,328,17.7,0,9187899,ZCDS4
2008-07-13T12:43:41,310505000,TAHITIAN-PRINCESS,GLACIER BAY,57.19285,-136.4822617,327,327,17.7,0,9187899,ZCDS4
2008-07-13T12:43:39,310505000,TAHITIAN-PRINCESS,GLACIER BAY,57.19278,-136.482185,326,327,17.7,0,9187899,ZCDS4
2008-07-13T12:43:37,310505000,TAHITIAN-PRINCESS,GLACIER BAY,57.19264,-136.4820317,326,327,17.7,0,9187899,ZCDS4
2008-07-13T12:43:35,310505000,TAHITIAN-PRINCESS,GLACIER BAY,57.1925,-136.4818767,326,327,17.7,0,9187899,ZCDS4
2008-07-13T12:43:33,310505000,TAHITIAN-PRINCESS,GLACIER BAY,57.19235667,-136.48173,326,326,17.7,0,9187899,ZCDS4
2008-07-13T12:43:31,310505000,TAHITIAN-PRINCESS,GLACIER BAY,57.19221167,-136.4815883,325,325,17.6,0,9187899,ZCDS4
2008-07-13T12:43:29,310505000,TAHITIAN-PRINCESS,GLACIER BAY,57.19206833,-136.4814417,325,325,17.6,0,9187899,ZCDS4
2008-07-13T12:43:27,310505000,TAHITIAN-PRINCESS,GLACIER BAY,57.19193167,-136.48128,324,325,17.6,0,9187899,ZCDS4
2008-07-13T12:43:25,310505000,TAHITIAN-PRINCESS,GLACIER BAY,57.19179667,-136.48111,324,326,17.6,0,9187899,ZCDS4
2008-07-13T12:43:23,310505000,TAHITIAN-PRINCESS,GLACIER BAY,57.19166333,-136.480935,324,325,17.7,0,9187899,ZCDS4
2008-07-13T12:43:19,310505000,TAHITIAN-PRINCESS,GLACIER BAY,57.191385,-136.480625,324,324,17.7,0,9187899,ZCDS4
2008-07-13T12:43:17,310505000,TAHITIAN-PRINCESS,GLACIER BAY,57.19124667,-136.4804667,323,324,17.7,0,9187899,ZCDS4
2008-07-13T12:43:15,310505000,TAHITIAN-PRINCESS,GLACIER BAY,57.19110833,-136.480305,323,324,17.7,0,9187899,ZCDS4
2008-07-13T12:43:13,310505000,TAHITIAN-PRINCESS,GLACIER BAY,57.19097167,-136.4801383,323,324,17.7,0,9187899,ZCDS4
2008-07-13T12:43:11,310505000,TAHITIAN-PRINCESS,GLACIER BAY,57.19083833,-136.4799667,323,324,17.6,0,9187899,ZCDS4
2008-07-13T12:43:09,310505000,TAHITIAN-PRINCESS,GLACIER BAY,57.190705,-136.4797867,323,324,17.6,0,9187899,ZCDS4
2008-07-13T12:43:07,310505000,TAHITIAN-PRINCESS,GLACIER BAY,57.19057167,-136.4796133,323,324,17.6,0,9187899,ZCDS4
2008-07-13T12:43:05,310505000,TAHITIAN-PRINCESS,GLACIER BAY,57.19044,-136.4794383,322,324,17.6,0,9187899,ZCDS4
2008-07-13T12:43:03,310505000,TAHITIAN-PRINCESS,GLACIER BAY,57.190305,-136.47927,322,323,17.7,0,9187899,ZCDS4
2008-07-13T12:43:01,310505000,TAHITIAN-PRINCESS,GLACIER BAY,57.19016833,-136.4791083,322,323,17.7,0,9187899,ZCDS4
2008-07-13T12:42:59,310505000,TAHITIAN-PRINCESS,GLACIER BAY,57.19003167,-136.478945,321,322,17.7,0,9187899,ZCDS4
2008-07-13T12:42:57,310505000,TAHITIAN-PRINCESS,GLACIER BAY,57.18989833,-136.4787717,321,322,17.7,0,9187899,ZCDS4
2008-07-13T12:42:53,310505000,TAHITIAN-PRINCESS,GLACIER BAY,57.189575,-136.4783133,321,323,17.7,0,9187899,ZCDS4
2008-07-13T12:42:47,310505000,TAHITIAN-PRINCESS,GLACIER BAY,57.18916833,-136.4778117,320,321,17.6,0,9187899,ZCDS4
2008-07-13T12:42:40,310505000,TAHITIAN-PRINCESS,GLACIER BAY,57.18878667,-136.4772467,320,321,17.7,0,9187899,ZCDS4
2008-07-13T12:42:35,310505000,TAHITIAN-PRINCESS,GLACIER BAY,57.18845667,-136.4768067,319,320,17.7,0,9187899,ZCDS4
2008-07-13T12:42:29,310505000,TAHITIAN-PRINCESS,GLACIER BAY,57.18807167,-136.4762433,319,320,17.6,0,9187899,ZCDS4
2008-07-13T12:42:23,310505000,TAHITIAN-PRINCESS,GLACIER BAY,57.18769333,-136.4756683,319,320,17.7,0,9187899,ZCDS4
2008-07-13T12:42:17,310505000,TAHITIAN-PRINCESS,GLACIER BAY,57.187315,-136.4750983,318,319,17.7,0,9187899,ZCDS4
2008-07-13T12:42:11,310505000,TAHITIAN-PRINCESS,GLACIER BAY,57.18693667,-136.4745217,318,320,17.7,0,9187899,ZCDS4
2008-07-13T12:42:05,310505000,TAHITIAN-PRINCESS,GLACIER BAY,57.18656333,-136.473935,318,320,17.7,0,9187899,ZCDS4
2008-07-13T12:41:59,310505000,TAHITIAN-PRINCESS,GLACIER BAY,57.18617833,-136.4733767,317,319,17.7,0,9187899,ZCDS4
2008-07-13T12:41:53,310505000,TAHITIAN-PRINCESS,GLACIER BAY,57.18575167,-136.4726733,318,319,17.7,0,9187899,ZCDS4
2008-07-13T12:41:47,310505000,TAHITIAN-PRINCESS,GLACIER BAY,57.18537667,-136.472095,317,319,17.7,0,9187899,ZCDS4
2008-07-13T12:41:40,310505000,TAHITIAN-PRINCESS,GLACIER BAY,57.18500667,-136.4715,317,319,17.7,0,9187899,ZCDS4
2008-07-13T12:41:35,310505000,TAHITIAN-PRINCESS,GLACIER BAY,57.18464167,-136.4708983,318,319,17.7,0,9187899,ZCDS4
2008-07-13T12:41:29,310505000,TAHITIAN-PRINCESS,GLACIER BAY,57.18432667,-136.4704233,317,319,17.7,0,9187899,ZCDS4
2008-07-13T12:41:23,310505000,TAHITIAN-PRINCESS,GLACIER BAY,57.18396,-136.4698217,317,319,17.7,0,9187899,ZCDS4
2008-07-13T12:41:17,310505000,TAHITIAN-PRINCESS,GLACIER BAY,57.18358667,-136.4692383,317,318,17.7,0,9187899,ZCDS4
2008-07-13T12:41:11,310505000,TAHITIAN-PRINCESS,GLACIER BAY,57.18321833,-136.4686483,317,319,17.7,0,9187899,ZCDS4
2008-07-13T12:41:05,310505000,TAHITIAN-PRINCESS,GLACIER BAY,57.18285,-136.4680533,317,319,17.7,0,9187899,ZCDS4
2008-07-13T12:40:59,310505000,TAHITIAN-PRINCESS,GLACIER BAY,57.18247667,-136.4674667,317,319,17.6,0,9187899,ZCDS4
2008-07-13T12:40:53,310505000,TAHITIAN-PRINCESS,GLACIER BAY,57.18205,-136.466765,317,318,17.7,0,9187899,ZCDS4
2008-07-13T12:40:47,310505000,TAHITIAN-PRINCESS,GLACIER BAY,57.181685,-136.466165,317,319,17.7,0,9187899,ZCDS4
2008-07-13T12:40:41,310505000,TAHITIAN-PRINCESS,GLACIER BAY,57.18137333,-136.46568,317,319,17.6,0,9187899,ZCDS4
2008-07-13T12:40:35,310505000,TAHITIAN-PRINCESS,GLACIER BAY,57.18095,-136.464975,317,318,17.6,0,9187899,ZCDS4
2008-07-13T12:40:29,310505000,TAHITIAN-PRINCESS,GLACIER BAY,57.18058,-136.4643883,317,319,17.7,0,9187899,ZCDS4
2008-07-13T12:40:23,310505000,TAHITIAN-PRINCESS,GLACIER BAY,57.18027,-136.4639,317,318,17.6,0,9187899,ZCDS4
2008-07-13T12:40:17,310505000,TAHITIAN-PRINCESS,GLACIER BAY,57.179905,-136.4632967,317,319,17.6,0,9187899,ZCDS4
2008-07-13T12:40:11,310505000,TAHITIAN-PRINCESS,GLACIER BAY,57.17953833,-136.4627033,317,318,17.7,0,9187899,ZCDS4
2008-07-13T12:40:05,310505000,TAHITIAN-PRINCESS,GLACIER BAY,57.17917,-136.4621117,317,319,17.6,0,9187899,ZCDS4
2008-07-13T12:39:59,310505000,TAHITIAN-PRINCESS,GLACIER BAY,57.17874833,-136.4614067,317,318,17.6,0,9187899,ZCDS4
2008-07-13T12:39:53,310505000,TAHITIAN-PRINCESS,GLACIER BAY,57.17838167,-136.4608117,317,319,17.7,0,9187899,ZCDS4
2008-07-13T12:39:47,310505000,TAHITIAN-PRINCESS,GLACIER BAY,57.17801333,-136.46022,317,318,17.6,0,9187899,ZCDS4
2008-07-13T12:39:41,310505000,TAHITIAN-PRINCESS,GLACIER BAY,57.17771333,-136.4597133,317,319,17.5,0,9187899,ZCDS4
2008-07-13T12:39:35,310505000,TAHITIAN-PRINCESS,GLACIER BAY,57.17727833,-136.45904,317,318,17.6,0,9187899,ZCDS4
2008-07-13T12:39:29,310505000,TAHITIAN-PRINCESS,GLACIER BAY,57.17692167,-136.4584283,317,319,17.7,0,9187899,ZCDS4
2008-07-13T12:39:23,310505000,TAHITIAN-PRINCESS,GLACIER BAY,57.17660833,-136.45795,317,318,17.6,0,9187899,ZCDS4
2008-07-13T12:39:17,310505000,TAHITIAN-PRINCESS,GLACIER BAY,57.17625167,-136.4573317,317,319,17.6,0,9187899,ZCDS4
2008-07-13T12:39:11,310505000,TAHITIAN-PRINCESS,GLACIER BAY,57.175885,-136.45674,317,318,17.4,0,9187899,ZCDS4
2008-07-13T12:39:05,310505000,TAHITIAN-PRINCESS,GLACIER BAY,57.17552333,-136.4561433,317,319,17.6,0,9187899,ZCDS4
2008-07-13T12:38:59,310505000,TAHITIAN-PRINCESS,GLACIER BAY,57.17508667,-136.4554683,317,318,17.6,0,9187899,ZCDS4
2008-07-13T12:38:53,310505000,TAHITIAN-PRINCESS,GLACIER BAY,57.17472667,-136.4548633,317,319,17.6,0,9187899,ZCDS4
2008-07-13T12:38:47,310505000,TAHITIAN-PRINCESS,GLACIER BAY,57.17435167,-136.4542933,317,318,17.6,0,9187899,ZCDS4
2008-07-13T12:38:41,310505000,TAHITIAN-PRINCESS,GLACIER BAY,57.17405,-136.4537917,317,318,17.6,0,9187899,ZCDS4
2008-07-13T12:38:41,310505000,TAHITIAN-PRINCESS,GLACIER BAY,57.17362667,-136.4530883,0,0,0.0,0,9187899,ZCDS4
2008-07-13T12:38:35,310505000,TAHITIAN-PRINCESS,GLACIER BAY,57.17362667,-136.4530883,317,319,17.6,0,9187899,ZCDS4
2008-07-13T12:38:29,310505000,TAHITIAN-PRINCESS,GLACIER BAY,57.17326167,-136.4524933,317,318,17.6,0,9187899,ZCDS4
2008-07-13T12:38:23,310505000,TAHITIAN-PRINCESS,GLACIER BAY,57.17289833,-136.4518933,317,319,17.6,0,9187899,ZCDS4
2008-07-13T12:38:19,310505000,TAHITIAN-PRINCESS,GLACIER BAY,57.17271667,-136.4515933,317,319,17.6,0,9187899,ZCDS4
2008-07-13T12:38:17,310505000,TAHITIAN-PRINCESS,GLACIER BAY,57.172595,-136.4513967,317,319,17.6,0,9187899,ZCDS4
2008-07-13T12:38:15,310505000,TAHITIAN-PRINCESS,GLACIER BAY,57.172475,-136.4511967,317,319,17.6,0,9187899,ZCDS4
2008-07-13T12:38:13,310505000,TAHITIAN-PRINCESS,GLACIER BAY,57.17235167,-136.4510017,317,319,17.6,0,9187899,ZCDS4
2008-07-13T12:38:11,310505000,TAHITIAN-PRINCESS,GLACIER BAY,57.17222667,-136.4508117,317,318,17.5,0,9187899,ZCDS4
2008-07-13T12:38:09,310505000,TAHITIAN-PRINCESS,GLACIER BAY,57.1721,-136.4506217,317,318,17.5,0,9187899,ZCDS4
2008-07-13T12:38:07,310505000,TAHITIAN-PRINCESS,GLACIER BAY,57.17197833,-136.450425,317,319,17.6,0,9187899,ZCDS4
2008-07-13T12:38:05,310505000,TAHITIAN-PRINCESS,GLACIER BAY,57.17186,-136.4502183,317,319,17.6,0,9187899,ZCDS4
2008-07-13T12:38:03,310505000,TAHITIAN-PRINCESS,GLACIER BAY,57.17174333,-136.45001,318,319,17.6,0,9187899,ZCDS4
2008-07-13T12:37:59,310505000,TAHITIAN-PRINCESS,GLACIER BAY,57.17142667,-136.449545,317,319,17.6,0,9187899,ZCDS4
2008-07-13T12:37:53,310505000,TAHITIAN-PRINCESS,GLACIER BAY,57.17107333,-136.4489183,318,319,17.6,0,9187899,ZCDS4
2008-07-13T12:37:41,310505000,TAHITIAN-PRINCESS,GLACIER BAY,57.17039833,-136.4478333,318,320,17.6,0,9187899,ZCDS4
2008-07-13T12:37:35,310505000,TAHITIAN-PRINCESS,GLACIER BAY,57.17001667,-136.447275,317,319,17.7,0,9187899,ZCDS4
2008-07-13T12:37:29,310505000,TAHITIAN-PRINCESS,GLACIER BAY,57.16959167,-136.4465667,318,319,17.6,0,9187899,ZCDS4
2008-07-13T12:37:24,310505000,TAHITIAN-PRINCESS,GLACIER BAY,57.1538333,-136.435,511,360,102.3,15,9187899,ZCDS4
2008-07-13T12:37:23,310505000,TAHITIAN-PRINCESS,GLACIER BAY,57.16922167,-136.4459783,317,319,17.7,0,9187899,ZCDS4
2008-07-13T12:37:17,310505000,TAHITIAN-PRINCESS,GLACIER BAY,57.16885,-136.445395,317,319,17.7,0,9187899,ZCDS4
2008-07-13T12:37:11,310505000,TAHITIAN-PRINCESS,GLACIER BAY,57.16854833,-136.4448883,318,319,17.7,0,9187899,ZCDS4
2008-07-13T12:37:05,310505000,TAHITIAN-PRINCESS,GLACIER BAY,57.16818,-136.4442933,318,319,17.6,0,9187899,ZCDS4
2008-07-13T12:36:59,310505000,TAHITIAN-PRINCESS,GLACIER BAY,57.16774833,-136.4436033,318,319,17.7,0,9187899,ZCDS4
2008-07-13T12:36:53,310505000,TAHITIAN-PRINCESS,GLACIER BAY,57.16737833,-136.44301,318,319,17.7,0,9187899,ZCDS4
2008-07-13T12:36:47,310505000,TAHITIAN-PRINCESS,GLACIER BAY,57.16706667,-136.4425267,318,319,17.7,0,9187899,ZCDS4
2008-07-13T12:36:41,310505000,TAHITIAN-PRINCESS,GLACIER BAY,57.166695,-136.44194,318,319,17.7,0,9187899,ZCDS4
2008-07-13T12:36:35,310505000,TAHITIAN-PRINCESS,GLACIER BAY,57.16632167,-136.4413567,317,319,17.7,0,9187899,ZCDS4
2008-07-13T12:36:30,310505000,TAHITIAN-PRINCESS,GLACIER BAY,57.16596,-136.44075,318,319,17.7,0,9187899,ZCDS4
2008-07-13T12:36:23,310505000,TAHITIAN-PRINCESS,GLACIER BAY,57.16552333,-136.4400683,317,319,17.7,0,9187899,ZCDS4
2008-07-13T12:36:17,310505000,TAHITIAN-PRINCESS,GLACIER BAY,57.16515833,-136.4394667,317,319,17.6,0,9187899,ZCDS4
2008-07-13T12:36:11,310505000,TAHITIAN-PRINCESS,GLACIER BAY,57.16485,-136.4389783,317,319,17.6,0,9187899,ZCDS4
2008-07-13T12:36:05,310505000,TAHITIAN-PRINCESS,GLACIER BAY,57.16448667,-136.43838,317,319,17.7,0,9187899,ZCDS4
2008-07-13T12:35:59,310505000,TAHITIAN-PRINCESS,GLACIER BAY,57.16405833,-136.4376783,318,319,17.6,0,9187899,ZCDS4
2008-07-13T12:35:53,310505000,TAHITIAN-PRINCESS,GLACIER BAY,57.16375333,-136.4371833,318,319,17.6,0,9187899,ZCDS4
2008-07-13T12:35:47,310505000,TAHITIAN-PRINCESS,GLACIER BAY,57.16338167,-136.4366017,318,319,17.7,0,9187899,ZCDS4
2008-07-13T12:35:41,310505000,TAHITIAN-PRINCESS,GLACIER BAY,57.16301833,-136.4359933,318,319,17.6,0,9187899,ZCDS4
2008-07-13T12:35:35,310505000,TAHITIAN-PRINCESS,GLACIER BAY,57.16264333,-136.4354183,318,319,17.6,0,9187899,ZCDS4
2008-07-13T12:35:30,310505000,TAHITIAN-PRINCESS,GLACIER BAY,57.16227167,-136.434835,318,318,17.6,0,9187899,ZCDS4
2008-07-13T12:35:23,310505000,TAHITIAN-PRINCESS,GLACIER BAY,57.161845,-136.4341367,318,319,17.6,0,9187899,ZCDS4
2008-07-13T12:35:17,310505000,TAHITIAN-PRINCESS,GLACIER BAY,57.16147333,-136.433555,317,318,17.6,0,9187899,ZCDS4
2008-07-13T12:35:11,310505000,TAHITIAN-PRINCESS,GLACIER BAY,57.16110667,-136.43296,317,318,17.6,0,9187899,ZCDS4
2008-07-13T12:35:05,310505000,TAHITIAN-PRINCESS,GLACIER BAY,57.16080333,-136.4324667,317,318,17.6,0,9187899,ZCDS4
2008-07-13T12:34:59,310505000,TAHITIAN-PRINCESS,GLACIER BAY,57.160375,-136.4317717,317,318,17.6,0,9187899,ZCDS4
2008-07-13T12:34:53,310505000,TAHITIAN-PRINCESS,GLACIER BAY,57.16007167,-136.4312767,317,318,17.6,0,9187899,ZCDS4
2008-07-13T12:34:47,310505000,TAHITIAN-PRINCESS,GLACIER BAY,57.159705,-136.43069,317,318,17.6,0,9187899,ZCDS4
2008-07-13T12:34:41,310505000,TAHITIAN-PRINCESS,GLACIER BAY,57.15934,-136.4300917,316,318,17.7,0,9187899,ZCDS4
2008-07-13T12:34:35,310505000,TAHITIAN-PRINCESS,GLACIER BAY,57.15898333,-136.42948,317,318,17.6,0,9187899,ZCDS4
2008-07-13T12:34:30,310505000,TAHITIAN-PRINCESS,GLACIER BAY,57.15861667,-136.4288867,316,318,17.6,0,9187899,ZCDS4
2008-07-13T12:34:23,310505000,TAHITIAN-PRINCESS,GLACIER BAY,57.158195,-136.4281833,316,318,17.6,0,9187899,ZCDS4
2008-07-13T12:34:17,310505000,TAHITIAN-PRINCESS,GLACIER BAY,57.15784167,-136.427565,317,318,17.6,0,9187899,ZCDS4
2008-07-13T12:34:11,310505000,TAHITIAN-PRINCESS,GLACIER BAY,57.15747333,-136.426975,317,318,17.6,0,9187899,ZCDS4
2008-07-13T12:34:05,310505000,TAHITIAN-PRINCESS,GLACIER BAY,57.15717667,-136.4264633,317,318,17.6,0,9187899,ZCDS4
2008-07-13T12:33:59,310505000,TAHITIAN-PRINCESS,GLACIER BAY,57.15674833,-136.4257767,317,318,17.6,0,9187899,ZCDS4
2008-07-13T12:33:53,310505000,TAHITIAN-PRINCESS,GLACIER BAY,57.15645,-136.4252667,317,318,17.6,0,9187899,ZCDS4
2008-07-13T12:33:47,310505000,TAHITIAN-PRINCESS,GLACIER BAY,57.15608167,-136.4246817,317,319,17.7,0,9187899,ZCDS4
2008-07-13T12:33:41,310505000,TAHITIAN-PRINCESS,GLACIER BAY,57.15571333,-136.4240883,317,318,17.6,0,9187899,ZCDS4
2008-07-13T12:33:35,310505000,TAHITIAN-PRINCESS,GLACIER BAY,57.15536,-136.423465,317,319,17.6,0,9187899,ZCDS4
2008-07-13T12:33:30,310505000,TAHITIAN-PRINCESS,GLACIER BAY,57.15499167,-136.4228817,317,319,17.6,0,9187899,ZCDS4
2008-07-13T12:33:23,310505000,TAHITIAN-PRINCESS,GLACIER BAY,57.15456667,-136.4221783,317,319,17.6,0,9187899,ZCDS4
2008-07-13T12:33:17,310505000,TAHITIAN-PRINCESS,GLACIER BAY,57.15419833,-136.42159,317,319,17.6,0,9187899,ZCDS4
2008-07-13T12:33:05,310505000,TAHITIAN-PRINCESS,GLACIER BAY,57.15351833,-136.4205217,317,319,17.6,0,9187899,ZCDS4
2008-07-13T12:32:59,310505000,TAHITIAN-PRINCESS,GLACIER BAY,57.15309833,-136.41981,318,319,17.6,0,9187899,ZCDS4
2008-07-13T12:32:53,310505000,TAHITIAN-PRINCESS,GLACIER BAY,57.15278167,-136.41934,317,319,17.7,0,9187899,ZCDS4
2008-07-13T12:32:47,310505000,TAHITIAN-PRINCESS,GLACIER BAY,57.15242167,-136.4187233,318,319,17.6,0,9187899,ZCDS4
2008-07-13T12:32:41,310505000,TAHITIAN-PRINCESS,GLACIER BAY,57.152045,-136.4181517,318,319,17.6,0,9187899,ZCDS4
2008-07-13T12:32:41,310505000,TAHITIAN-PRINCESS,GLACIER BAY,57.15167833,-136.4175583,0,0,0.0,0,9187899,ZCDS4
2008-07-13T12:32:35,310505000,TAHITIAN-PRINCESS,GLACIER BAY,57.15167833,-136.4175583,318,320,17.6,0,9187899,ZCDS4
2008-07-13T12:32:30,310505000,TAHITIAN-PRINCESS,GLACIER BAY,57.15130333,-136.4169817,318,320,17.6,0,9187899,ZCDS4
2008-07-13T12:32:23,310505000,TAHITIAN-PRINCESS,GLACIER BAY,57.15093333,-136.4163917,318,319,17.6,0,9187899,ZCDS4
2008-07-13T12:32:17,310505000,TAHITIAN-PRINCESS,GLACIER BAY,57.15050333,-136.4157067,318,320,17.6,0,9187899,ZCDS4
2008-07-13T12:32:05,310505000,TAHITIAN-PRINCESS,GLACIER BAY,57.149815,-136.4146567,318,319,17.6,0,9187899,ZCDS4
2008-07-13T12:31:59,310505000,TAHITIAN-PRINCESS,GLACIER BAY,57.14945,-136.4140617,318,319,17.6,0,9187899,ZCDS4
2008-07-13T12:31:53,310505000,TAHITIAN-PRINCESS,GLACIER BAY,57.14908,-136.4134783,318,319,17.6,0,9187899,ZCDS4
2008-07-13T12:31:47,310505000,TAHITIAN-PRINCESS,GLACIER BAY,57.148645,-136.4128033,318,319,17.5,0,9187899,ZCDS4
2008-07-13T12:31:41,310505000,TAHITIAN-PRINCESS,GLACIER BAY,57.14834167,-136.4123033,318,319,17.5,0,9187899,ZCDS4
2008-07-13T12:31:35,310505000,TAHITIAN-PRINCESS,GLACIER BAY,57.14796833,-136.4117317,318,319,17.5,0,9187899,ZCDS4
2008-07-13T12:31:30,310505000,TAHITIAN-PRINCESS,GLACIER BAY,57.14759833,-136.41115,317,319,17.5,0,9187899,ZCDS4
2008-07-13T12:31:23,310505000,TAHITIAN-PRINCESS,GLACIER BAY,57.14723,-136.410565,317,318,17.6,0,9187899,ZCDS4
2008-07-13T12:31:17,310505000,TAHITIAN-PRINCESS,GLACIER BAY,57.14681,-136.4098617,318,319,17.5,0,9187899,ZCDS4
2008-07-13T12:31:05,310505000,TAHITIAN-PRINCESS,GLACIER BAY,57.14613833,-136.408785,318,319,17.5,0,9187899,ZCDS4
2008-07-13T12:30:59,310505000,TAHITIAN-PRINCESS,GLACIER BAY,57.14577167,-136.4082033,317,319,17.5,0,9187899,ZCDS4
2008-07-13T12:30:53,310505000,TAHITIAN-PRINCESS,GLACIER BAY,57.14539667,-136.4076367,317,318,17.5,0,9187899,ZCDS4
2008-07-13T12:30:47,310505000,TAHITIAN-PRINCESS,GLACIER BAY,57.144975,-136.40694,317,318,17.5,0,9187899,ZCDS4
2008-07-13T12:30:41,310505000,TAHITIAN-PRINCESS,GLACIER BAY,57.14467333,-136.4064483,317,318,17.5,0,9187899,ZCDS4
2008-07-13T12:30:35,310505000,TAHITIAN-PRINCESS,GLACIER BAY,57.144305,-136.4058667,317,318,17.5,0,9187899,ZCDS4
2008-07-13T12:30:29,310505000,TAHITIAN-PRINCESS,GLACIER BAY,57.14394833,-136.4052617,317,318,17.5,0,9187899,ZCDS4
2008-07-13T12:30:23,310505000,TAHITIAN-PRINCESS,GLACIER BAY,57.14358167,-136.40468,316,318,17.5,0,9187899,ZCDS4
2008-07-13T12:30:18,310505000,TAHITIAN-PRINCESS,GLACIER BAY,57.143225,-136.4040783,316,318,17.5,0,9187899,ZCDS4
2008-07-13T12:30:11,310505000,TAHITIAN-PRINCESS,GLACIER BAY,57.14286167,-136.403485,316,317,17.5,0,9187899,ZCDS4
2008-07-13T12:30:05,310505000,TAHITIAN-PRINCESS,GLACIER BAY,57.14251,-136.402875,316,317,17.5,0,9187899,ZCDS4
2008-07-13T12:29:59,310505000,TAHITIAN-PRINCESS,GLACIER BAY,57.14214667,-136.4022883,316,318,17.5,0,9187899,ZCDS4
2008-07-13T12:29:53,310505000,TAHITIAN-PRINCESS,GLACIER BAY,57.14178833,-136.401685,316,318,17.5,0,9187899,ZCDS4
2008-07-13T12:29:47,310505000,TAHITIAN-PRINCESS,GLACIER BAY,57.14136833,-136.4009917,316,317,17.4,0,9187899,ZCDS4
2008-07-13T12:29:41,310505000,TAHITIAN-PRINCESS,GLACIER BAY,57.14108,-136.4004717,316,318,17.5,0,9187899,ZCDS4
2008-07-13T12:29:37,310505000,TAHITIAN-PRINCESS,GLACIER BAY,57.14084167,-136.40007,316,318,17.5,0,9187899,ZCDS4
2008-07-13T12:29:36,310505000,TAHITIAN-PRINCESS,GLACIER BAY,57.140715,-136.3998867,316,317,17.5,0,9187899,ZCDS4
2008-07-13T12:29:33,310505000,TAHITIAN-PRINCESS,GLACIER BAY,57.14059167,-136.399695,316,318,17.5,0,9187899,ZCDS4
2008-07-13T12:29:31,310505000,TAHITIAN-PRINCESS,GLACIER BAY,57.14047667,-136.3994833,316,318,17.4,0,9187899,ZCDS4
2008-07-13T12:29:29,310505000,TAHITIAN-PRINCESS,GLACIER BAY,57.14036333,-136.39927,316,318,17.4,0,9187899,ZCDS4
2008-07-13T12:29:27,310505000,TAHITIAN-PRINCESS,GLACIER BAY,57.14024167,-136.3990733,316,318,17.4,0,9187899,ZCDS4
2008-07-13T12:29:25,310505000,TAHITIAN-PRINCESS,GLACIER BAY,57.14012,-136.39888,316,318,17.4,0,9187899,ZCDS4
2008-07-13T12:29:23,310505000,TAHITIAN-PRINCESS,GLACIER BAY,57.13993833,-136.3985883,316,318,17.5,0,9187899,ZCDS4
2008-07-13T12:29:21,310505000,TAHITIAN-PRINCESS,GLACIER BAY,57.13988167,-136.3984817,316,318,17.5,0,9187899,ZCDS4
2008-07-13T12:29:19,310505000,TAHITIAN-PRINCESS,GLACIER BAY,57.13976833,-136.3982683,316,319,17.6,0,9187899,ZCDS4
2008-07-13T12:29:18,310505000,TAHITIAN-PRINCESS,GLACIER BAY,57.13965,-136.3980667,317,319,17.6,0,9187899,ZCDS4
2008-07-13T12:29:15,310505000,TAHITIAN-PRINCESS,GLACIER BAY,57.13952667,-136.397875,316,318,17.5,0,9187899,ZCDS4
2008-07-13T12:29:11,310505000,TAHITIAN-PRINCESS,GLACIER BAY,57.13927833,-136.3974917,316,318,17.4,0,9187899,ZCDS4
2008-07-13T12:29:05,310505000,TAHITIAN-PRINCESS,GLACIER BAY,57.138935,-136.3968567,317,319,17.5,0,9187899,ZCDS4
2008-07-13T12:28:59,310505000,TAHITIAN-PRINCESS,GLACIER BAY,57.13856833,-136.39628,317,319,17.6,0,9187899,ZCDS4
2008-07-13T12:28:52,310505000,TAHITIAN-PRINCESS,GLACIER BAY,57.13814667,-136.3955767,317,319,17.4,0,9187899,ZCDS4
2008-07-13T12:28:47,310505000,TAHITIAN-PRINCESS,GLACIER BAY,57.137785,-136.394985,317,319,17.5,0,9187899,ZCDS4
2008-07-13T12:28:41,310505000,TAHITIAN-PRINCESS,GLACIER BAY,57.13748333,-136.3944917,318,319,17.5,0,9187899,ZCDS4
2008-07-13T12:28:36,310505000,TAHITIAN-PRINCESS,GLACIER BAY,57.13711833,-136.393905,318,319,17.5,0,9187899,ZCDS4
2008-07-13T12:28:29,310505000,TAHITIAN-PRINCESS,GLACIER BAY,57.13675,-136.393325,318,319,17.5,0,9187899,ZCDS4
2008-07-13T12:28:23,310505000,TAHITIAN-PRINCESS,GLACIER BAY,57.13632333,-136.39264,318,319,17.5,0,9187899,ZCDS4
2008-07-13T12:28:18,310505000,TAHITIAN-PRINCESS,GLACIER BAY,57.13601667,-136.3921617,318,320,17.5,0,9187899,ZCDS4
2008-07-13T12:28:11,310505000,TAHITIAN-PRINCESS,GLACIER BAY,57.13564833,-136.3915817,318,320,17.5,0,9187899,ZCDS4
2008-07-13T12:28:05,310505000,TAHITIAN-PRINCESS,GLACIER BAY,57.13528167,-136.3909967,318,320,17.4,0,9187899,ZCDS4
2008-07-13T12:27:59,310505000,TAHITIAN-PRINCESS,GLACIER BAY,57.134915,-136.3904167,318,320,17.5,0,9187899,ZCDS4
2008-07-13T12:27:52,310505000,TAHITIAN-PRINCESS,GLACIER BAY,57.13448667,-136.38974,318,320,17.5,0,9187899,ZCDS4
2008-07-13T12:27:47,310505000,TAHITIAN-PRINCESS,GLACIER BAY,57.13411333,-136.3891683,319,320,17.5,0,9187899,ZCDS4
2008-07-13T12:27:41,310505000,TAHITIAN-PRINCESS,GLACIER BAY,57.13380667,-136.38869,319,321,17.4,0,9187899,ZCDS4
2008-07-13T12:27:36,310505000,TAHITIAN-PRINCESS,GLACIER BAY,57.13343,-136.3881283,319,319,17.5,0,9187899,ZCDS4
2008-07-13T12:27:29,310505000,TAHITIAN-PRINCESS,GLACIER BAY,57.13307,-136.3875333,319,321,17.5,0,9187899,ZCDS4
2008-07-13T12:27:23,310505000,TAHITIAN-PRINCESS,GLACIER BAY,57.13262333,-136.3868983,318,320,17.5,0,9187899,ZCDS4
2008-07-13T12:27:18,310505000,TAHITIAN-PRINCESS,GLACIER BAY,57.13232333,-136.3863983,319,320,17.5,0,9187899,ZCDS4
2008-07-13T12:27:11,310505000,TAHITIAN-PRINCESS,GLACIER BAY,57.13193833,-136.3858583,318,319,17.5,0,9187899,ZCDS4
2008-07-13T12:27:05,310505000,TAHITIAN-PRINCESS,GLACIER BAY,57.13157,-136.3852767,318,319,17.4,0,9187899,ZCDS4
2008-07-13T12:26:59,310505000,TAHITIAN-PRINCESS,GLACIER BAY,57.1312,-136.3847017,318,319,17.5,0,9187899,ZCDS4
2008-07-13T12:26:52,310505000,TAHITIAN-PRINCESS,GLACIER BAY,57.13077167,-136.3840267,318,319,17.5,0,9187899,ZCDS4
2008-07-13T12:26:47,310505000,TAHITIAN-PRINCESS,GLACIER BAY,57.1304,-136.3834533,317,318,17.4,0,9187899,ZCDS4
2008-07-13T12:26:41,310505000,TAHITIAN-PRINCESS,GLACIER BAY,57.130105,-136.38295,317,319,17.5,0,9187899,ZCDS4
2008-07-13T12:26:41,310505000,TAHITIAN-PRINCESS,GLACIER BAY,57.12973333,-136.3823833,0,0,0.0,0,9187899,ZCDS4
2008-07-13T12:26:36,310505000,TAHITIAN-PRINCESS,GLACIER BAY,57.12973333,-136.3823833,317,318,17.5,0,9187899,ZCDS4
2008-07-13T12:26:29,310505000,TAHITIAN-PRINCESS,GLACIER BAY,57.129315,-136.3816833,317,318,17.4,0,9187899,ZCDS4
2008-07-13T12:26:23,310505000,TAHITIAN-PRINCESS,GLACIER BAY,57.12900833,-136.381205,317,318,17.4,0,9187899,ZCDS4
2008-07-13T12:26:18,310505000,TAHITIAN-PRINCESS,GLACIER BAY,57.12865167,-136.3806083,317,318,17.4,0,9187899,ZCDS4
2008-07-13T12:26:11,310505000,TAHITIAN-PRINCESS,GLACIER BAY,57.128285,-136.3800317,316,318,17.4,0,9187899,ZCDS4
2008-07-13T12:26:05,310505000,TAHITIAN-PRINCESS,GLACIER BAY,57.12793167,-136.3794217,316,318,17.4,0,9187899,ZCDS4
2008-07-13T12:25:59,310505000,TAHITIAN-PRINCESS,GLACIER BAY,57.12757167,-136.37883,316,318,17.4,0,9187899,ZCDS4
2008-07-13T12:25:52,310505000,TAHITIAN-PRINCESS,GLACIER BAY,57.12715667,-136.3781267,316,318,17.5,0,9187899,ZCDS4
2008-07-13T12:25:41,310505000,TAHITIAN-PRINCESS,GLACIER BAY,57.12650333,-136.3770233,316,318,17.5,0,9187899,ZCDS4
2008-07-13T12:25:35,310505000,TAHITIAN-PRINCESS,GLACIER BAY,57.12608,-136.3763383,316,318,17.4,0,9187899,ZCDS4
2008-07-13T12:25:29,310505000,TAHITIAN-PRINCESS,GLACIER BAY,57.125785,-136.3758333,316,318,17.4,0,9187899,ZCDS4
2008-07-13T12:25:23,310505000,TAHITIAN-PRINCESS,GLACIER BAY,57.12542167,-136.3752483,316,318,17.4,0,9187899,ZCDS4
2008-07-13T12:25:18,310505000,TAHITIAN-PRINCESS,GLACIER BAY,57.12507,-136.3746417,316,318,17.4,0,9187899,ZCDS4
2008-07-13T12:25:11,310505000,TAHITIAN-PRINCESS,GLACIER BAY,57.12470833,-136.3740483,316,318,17.4,0,9187899,ZCDS4
2008-07-13T12:25:05,310505000,TAHITIAN-PRINCESS,GLACIER BAY,57.12435833,-136.3734367,317,319,17.4,0,9187899,ZCDS4
2008-07-13T12:24:59,310505000,TAHITIAN-PRINCESS,GLACIER BAY,57.123995,-136.3728533,317,319,17.4,0,9187899,ZCDS4
2008-07-13T12:24:52,310505000,TAHITIAN-PRINCESS,GLACIER BAY,57.12357333,-136.3721633,317,319,17.4,0,9187899,ZCDS4
2008-07-13T12:24:47,310505000,TAHITIAN-PRINCESS,GLACIER BAY,57.12327333,-136.3716683,317,319,17.3,0,9187899,ZCDS4
2008-07-13T12:24:41,310505000,TAHITIAN-PRINCESS,GLACIER BAY,57.12291333,-136.3710817,317,319,17.4,0,9187899,ZCDS4
2008-07-13T12:24:18,310505000,TAHITIAN-PRINCESS,GLACIER BAY,57.12145167,-136.3687633,317,319,17.4,0,9187899,ZCDS4
2008-07-13T12:24:05,310505000,TAHITIAN-PRINCESS,GLACIER BAY,57.12072333,-136.3675983,317,319,17.4,0,9187899,ZCDS4
2008-07-13T12:23:59,310505000,TAHITIAN-PRINCESS,GLACIER BAY,57.12035667,-136.3670167,317,319,17.4,0,9187899,ZCDS4
2008-07-13T12:23:53,310505000,TAHITIAN-PRINCESS,GLACIER BAY,57.119995,-136.366425,317,319,17.4,0,9187899,ZCDS4
2008-07-13T12:23:11,310505000,TAHITIAN-PRINCESS,GLACIER BAY,57.11743833,-136.3623517,317,319,17.5,0,9187899,ZCDS4
2008-07-13T12:22:53,310505000,TAHITIAN-PRINCESS,GLACIER BAY,57.116345,-136.36061,317,318,17.4,0,9187899,ZCDS4
2008-07-13T12:19:17,310505000,TAHITIAN-PRINCESS,GLACIER BAY,57.10328667,-136.3394917,318,319,17.3,0,9187899,ZCDS4
2008-07-13T12:19:11,310505000,TAHITIAN-PRINCESS,GLACIER BAY,57.10297167,-136.3390417,317,319,17.3,0,9187899,ZCDS4
2008-07-13T12:19:05,310505000,TAHITIAN-PRINCESS,GLACIER BAY,57.10261667,-136.338445,317,319,17.3,0,9187899,ZCDS4
2008-07-13T12:18:59,310505000,TAHITIAN-PRINCESS,GLACIER BAY,57.10218667,-136.3377833,317,319,17.3,0,9187899,ZCDS4
2008-07-13T12:18:53,310505000,TAHITIAN-PRINCESS,GLACIER BAY,57.10188833,-136.3372933,317,319,17.4,0,9187899,ZCDS4
2008-07-13T12:18:47,310505000,TAHITIAN-PRINCESS,GLACIER BAY,57.10152,-136.336725,317,319,17.4,0,9187899,ZCDS4
2008-07-13T12:18:41,310505000,TAHITIAN-PRINCESS,GLACIER BAY,57.10115667,-136.336145,317,318,17.3,0,9187899,ZCDS4
2008-07-13T12:18:11,310505000,TAHITIAN-PRINCESS,GLACIER BAY,57.09935,-136.3332417,317,318,17.3,0,9187899,ZCDS4
2008-07-13T12:18:05,310505000,TAHITIAN-PRINCESS,GLACIER BAY,57.09899167,-136.3326533,317,318,17.3,0,9187899,ZCDS4
2008-07-13T12:17:59,310505000,TAHITIAN-PRINCESS,GLACIER BAY,57.09857333,-136.3319733,317,318,17.3,0,9187899,ZCDS4
2008-07-13T12:17:47,310505000,TAHITIAN-PRINCESS,GLACIER BAY,57.09791333,-136.3309083,316,318,17.3,0,9187899,ZCDS4
2008-07-13T12:17:35,310505000,TAHITIAN-PRINCESS,GLACIER BAY,57.09719833,-136.3297333,317,318,17.2,0,9187899,ZCDS4
2008-07-13T12:17:23,310505000,TAHITIAN-PRINCESS,GLACIER BAY,57.09647833,-136.3285717,316,318,17.3,0,9187899,ZCDS4
2008-07-13T12:17:17,310505000,TAHITIAN-PRINCESS,GLACIER BAY,57.09611833,-136.3279917,316,317,17.3,0,9187899,ZCDS4
2008-07-13T12:17:05,310505000,TAHITIAN-PRINCESS,GLACIER BAY,57.09540833,-136.3268117,316,318,17.3,0,9187899,ZCDS4
2008-07-13T12:16:59,310505000,TAHITIAN-PRINCESS,GLACIER BAY,57.094995,-136.3261217,316,318,17.3,0,9187899,ZCDS4
2008-07-13T12:16:47,310505000,TAHITIAN-PRINCESS,GLACIER BAY,57.094345,-136.3250317,316,318,17.3,0,9187899,ZCDS4
2008-07-13T12:16:41,310505000,TAHITIAN-PRINCESS,GLACIER BAY,57.09399833,-136.324425,316,318,17.3,0,9187899,ZCDS4
2008-07-13T12:16:35,310505000,TAHITIAN-PRINCESS,GLACIER BAY,57.09364,-136.3238417,316,318,17.3,0,9187899,ZCDS4
2008-07-13T12:16:29,310505000,TAHITIAN-PRINCESS,GLACIER BAY,57.09328333,-136.323255,316,318,17.3,0,9187899,ZCDS4
2008-07-13T12:16:23,310505000,TAHITIAN-PRINCESS,GLACIER BAY,57.09293,-136.3226617,317,319,17.3,0,9187899,ZCDS4
2008-07-13T12:16:17,310505000,TAHITIAN-PRINCESS,GLACIER BAY,57.092575,-136.3220667,317,319,17.3,0,9187899,ZCDS4
2008-07-13T12:16:12,310505000,TAHITIAN-PRINCESS,GLACIER BAY,57.09221333,-136.3214917,317,319,17.3,0,9187899,ZCDS4
2008-07-13T12:16:05,310505000,TAHITIAN-PRINCESS,GLACIER BAY,57.09179167,-136.32082,317,318,17.3,0,9187899,ZCDS4
2008-07-13T12:15:59,310505000,TAHITIAN-PRINCESS,GLACIER BAY,57.09143667,-136.3202267,317,319,17.3,0,9187899,ZCDS4
2008-07-13T12:15:53,310505000,TAHITIAN-PRINCESS,GLACIER BAY,57.09113,-136.31976,317,319,17.3,0,9187899,ZCDS4
2008-07-13T12:15:47,310505000,TAHITIAN-PRINCESS,GLACIER BAY,57.090775,-136.319165,317,319,17.3,0,9187899,ZCDS4
2008-07-13T12:15:41,310505000,TAHITIAN-PRINCESS,GLACIER BAY,57.09041,-136.3186,317,319,17.3,0,9187899,ZCDS4
2008-07-13T12:15:35,310505000,TAHITIAN-PRINCESS,GLACIER BAY,57.090055,-136.3180083,317,319,17.3,0,9187899,ZCDS4
2008-07-13T12:15:29,310505000,TAHITIAN-PRINCESS,GLACIER BAY,57.08968667,-136.3174467,317,319,17.3,0,9187899,ZCDS4
2008-07-13T12:15:23,310505000,TAHITIAN-PRINCESS,GLACIER BAY,57.08927,-136.3167633,317,319,17.2,0,9187899,ZCDS4
2008-07-13T12:15:17,310505000,TAHITIAN-PRINCESS,GLACIER BAY,57.08896833,-136.316285,317,319,17.2,0,9187899,ZCDS4
2008-07-13T12:15:12,310505000,TAHITIAN-PRINCESS,GLACIER BAY,57.088605,-136.3157067,318,320,17.2,0,9187899,ZCDS4
2008-07-13T12:15:05,310505000,TAHITIAN-PRINCESS,GLACIER BAY,57.08818333,-136.315035,318,319,17.3,0,9187899,ZCDS4
2008-07-13T12:14:59,310505000,TAHITIAN-PRINCESS,GLACIER BAY,57.08782,-136.3144617,318,320,17.3,0,9187899,ZCDS4
2008-07-13T12:14:53,310505000,TAHITIAN-PRINCESS,GLACIER BAY,57.08751667,-136.3139883,318,320,17.2,0,9187899,ZCDS4
2008-07-13T12:14:47,310505000,TAHITIAN-PRINCESS,GLACIER BAY,57.08714833,-136.3134317,318,320,17.3,0,9187899,ZCDS4
2008-07-13T12:14:41,310505000,TAHITIAN-PRINCESS,GLACIER BAY,57.086785,-136.3128583,318,319,17.3,0,9187899,ZCDS4
2008-07-13T12:14:41,310505000,TAHITIAN-PRINCESS,GLACIER BAY,57.08641667,-136.3122933,0,0,0.0,0,9187899,ZCDS4
2008-07-13T12:14:35,310505000,TAHITIAN-PRINCESS,GLACIER BAY,57.08641667,-136.3122933,317,319,17.3,0,9187899,ZCDS4
2008-07-13T12:14:29,310505000,TAHITIAN-PRINCESS,GLACIER BAY,57.08605167,-136.3117267,317,319,17.3,0,9187899,ZCDS4
2008-07-13T12:14:23,310505000,TAHITIAN-PRINCESS,GLACIER BAY,57.08563333,-136.3110467,317,319,17.3,0,9187899,ZCDS4
2008-07-13T12:14:17,310505000,TAHITIAN-PRINCESS,GLACIER BAY,57.085325,-136.31058,317,319,17.3,0,9187899,ZCDS4
2008-07-13T12:14:12,310505000,TAHITIAN-PRINCESS,GLACIER BAY,57.08496667,-136.3099983,317,319,17.3,0,9187899,ZCDS4
2008-07-13T12:14:05,310505000,TAHITIAN-PRINCESS,GLACIER BAY,57.08454333,-136.3093317,317,318,17.3,0,9187899,ZCDS4
2008-07-13T12:13:59,310505000,TAHITIAN-PRINCESS,GLACIER BAY,57.08418333,-136.3087483,317,319,17.3,0,9187899,ZCDS4
2008-07-13T12:13:53,310505000,TAHITIAN-PRINCESS,GLACIER BAY,57.08388,-136.3082667,317,318,17.2,0,9187899,ZCDS4
2008-07-13T12:13:47,310505000,TAHITIAN-PRINCESS,GLACIER BAY,57.083525,-136.307685,317,319,17.2,0,9187899,ZCDS4
2008-07-13T12:13:42,310505000,TAHITIAN-PRINCESS,GLACIER BAY,57.08316333,-136.3071117,317,319,17.3,0,9187899,ZCDS4
2008-07-13T12:13:35,310505000,TAHITIAN-PRINCESS,GLACIER BAY,57.08280333,-136.306525,317,318,17.2,0,9187899,ZCDS4
2008-07-13T12:13:29,310505000,TAHITIAN-PRINCESS,GLACIER BAY,57.082445,-136.3059467,317,319,17.3,0,9187899,ZCDS4
2008-07-13T12:13:23,310505000,TAHITIAN-PRINCESS,GLACIER BAY,57.082025,-136.305275,317,319,17.3,0,9187899,ZCDS4
2008-07-13T12:13:17,310505000,TAHITIAN-PRINCESS,GLACIER BAY,57.08166667,-136.30469,317,318,17.2,0,9187899,ZCDS4
2008-07-13T12:13:11,310505000,TAHITIAN-PRINCESS,GLACIER BAY,57.08136833,-136.3042067,317,319,17.3,0,9187899,ZCDS4
2008-07-13T12:13:05,310505000,TAHITIAN-PRINCESS,GLACIER BAY,57.08095167,-136.3035217,317,319,17.3,0,9187899,ZCDS4
2008-07-13T12:12:59,310505000,TAHITIAN-PRINCESS,GLACIER BAY,57.080645,-136.303055,317,318,17.2,0,9187899,ZCDS4
2008-07-13T12:12:53,310505000,TAHITIAN-PRINCESS,GLACIER BAY,57.08028833,-136.3024717,317,319,17.2,0,9187899,ZCDS4
2008-07-13T12:12:47,310505000,TAHITIAN-PRINCESS,GLACIER BAY,57.07992,-136.30191,316,318,17.2,0,9187899,ZCDS4
2008-07-13T12:12:42,310505000,TAHITIAN-PRINCESS,GLACIER BAY,57.07956667,-136.3013217,316,318,17.3,0,9187899,ZCDS4
2008-07-13T12:12:35,310505000,TAHITIAN-PRINCESS,GLACIER BAY,57.07920333,-136.3007533,316,318,17.3,0,9187899,ZCDS4
2008-07-13T12:12:29,310505000,TAHITIAN-PRINCESS,GLACIER BAY,57.07885333,-136.3001483,316,318,17.3,0,9187899,ZCDS4
2008-07-13T12:12:23,310505000,TAHITIAN-PRINCESS,GLACIER BAY,57.07843667,-136.29946,316,318,17.3,0,9187899,ZCDS4
2008-07-13T12:12:16,310505000,TAHITIAN-PRINCESS,GLACIER BAY,57.07808167,-136.2988733,316,318,17.3,0,9187899,ZCDS4
2008-07-13T12:12:11,310505000,TAHITIAN-PRINCESS,GLACIER BAY,57.07778167,-136.2983967,316,318,17.3,0,9187899,ZCDS4
2008-07-13T12:12:05,310505000,TAHITIAN-PRINCESS,GLACIER BAY,57.07736667,-136.297705,316,318,17.3,0,9187899,ZCDS4
2008-07-13T12:11:59,310505000,TAHITIAN-PRINCESS,GLACIER BAY,57.077075,-136.2972067,316,318,17.3,0,9187899,ZCDS4
2008-07-13T12:11:53,310505000,TAHITIAN-PRINCESS,GLACIER BAY,57.07666333,-136.296515,316,318,17.3,0,9187899,ZCDS4
2008-07-13T12:11:47,310505000,TAHITIAN-PRINCESS,GLACIER BAY,57.07636667,-136.2960233,316,318,17.3,0,9187899,ZCDS4
2008-07-13T12:11:41,310505000,TAHITIAN-PRINCESS,GLACIER BAY,57.07601333,-136.29543,316,318,17.3,0,9187899,ZCDS4
2008-07-13T12:11:35,310505000,TAHITIAN-PRINCESS,GLACIER BAY,57.07566,-136.294835,317,319,17.3,0,9187899,ZCDS4
2008-07-13T12:11:29,310505000,TAHITIAN-PRINCESS,GLACIER BAY,57.075295,-136.29426,316,319,17.3,0,9187899,ZCDS4
2008-07-13T12:11:23,310505000,TAHITIAN-PRINCESS,GLACIER BAY,57.07487667,-136.293575,317,318,17.3,0,9187899,ZCDS4
2008-07-13T12:11:17,310505000,TAHITIAN-PRINCESS,GLACIER BAY,57.07452167,-136.29298,317,318,17.3,0,9187899,ZCDS4
2008-07-13T12:11:11,310505000,TAHITIAN-PRINCESS,GLACIER BAY,57.07422167,-136.2924983,317,319,17.3,0,9187899,ZCDS4
2008-07-13T12:11:05,310505000,TAHITIAN-PRINCESS,GLACIER BAY,57.07385833,-136.29192,317,318,17.3,0,9187899,ZCDS4
2008-07-13T12:10:59,310505000,TAHITIAN-PRINCESS,GLACIER BAY,57.073505,-136.2913217,317,319,17.3,0,9187899,ZCDS4
2008-07-13T12:10:53,310505000,TAHITIAN-PRINCESS,GLACIER BAY,57.073085,-136.2906417,317,319,17.3,0,9187899,ZCDS4
2008-07-13T12:10:47,310505000,TAHITIAN-PRINCESS,GLACIER BAY,57.07278,-136.2901633,317,319,17.3,0,9187899,ZCDS4
2008-07-13T12:10:41,310505000,TAHITIAN-PRINCESS,GLACIER BAY,57.072425,-136.2895617,317,319,17.4,0,9187899,ZCDS4
2008-07-13T12:10:36,310505000,TAHITIAN-PRINCESS,GLACIER BAY,57.07206167,-136.2889867,317,319,17.4,0,9187899,ZCDS4
2008-07-13T12:10:29,310505000,TAHITIAN-PRINCESS,GLACIER BAY,57.07170167,-136.2883933,317,319,17.4,0,9187899,ZCDS4
2008-07-13T12:10:23,310505000,TAHITIAN-PRINCESS,GLACIER BAY,57.071275,-136.2877217,317,319,17.3,0,9187899,ZCDS4
2008-07-13T12:10:17,310505000,TAHITIAN-PRINCESS,GLACIER BAY,57.07090833,-136.28715,317,319,17.3,0,9187899,ZCDS4
2008-07-13T12:10:11,310505000,TAHITIAN-PRINCESS,GLACIER BAY,57.07060833,-136.2866633,317,319,17.4,0,9187899,ZCDS4
2008-07-13T12:10:05,310505000,TAHITIAN-PRINCESS,GLACIER BAY,57.07024333,-136.286085,317,319,17.4,0,9187899,ZCDS4
2008-07-13T12:09:59,310505000,TAHITIAN-PRINCESS,GLACIER BAY,57.06988,-136.2855,317,319,17.3,0,9187899,ZCDS4
2008-07-13T12:09:53,310505000,TAHITIAN-PRINCESS,GLACIER BAY,57.06945333,-136.2848317,317,319,17.4,0,9187899,ZCDS4
2008-07-13T12:09:47,310505000,TAHITIAN-PRINCESS,GLACIER BAY,57.06915167,-136.284345,318,319,17.4,0,9187899,ZCDS4
2008-07-13T12:09:42,310505000,TAHITIAN-PRINCESS,GLACIER BAY,57.06878667,-136.283765,317,319,17.4,0,9187899,ZCDS4
2008-07-13T12:09:36,310505000,TAHITIAN-PRINCESS,GLACIER BAY,57.06842333,-136.2831867,318,319,17.4,0,9187899,ZCDS4
2008-07-13T12:09:29,310505000,TAHITIAN-PRINCESS,GLACIER BAY,57.06806,-136.282605,318,319,17.4,0,9187899,ZCDS4
2008-07-13T12:09:23,310505000,TAHITIAN-PRINCESS,GLACIER BAY,57.06763,-136.28194,318,319,17.4,0,9187899,ZCDS4
2008-07-13T12:09:17,310505000,TAHITIAN-PRINCESS,GLACIER BAY,57.06727333,-136.2813467,318,320,17.3,0,9187899,ZCDS4
2008-07-13T12:09:11,310505000,TAHITIAN-PRINCESS,GLACIER BAY,57.06695833,-136.28089,318,319,17.4,0,9187899,ZCDS4
2008-07-13T12:09:05,310505000,TAHITIAN-PRINCESS,GLACIER BAY,57.0666,-136.2802967,318,319,17.4,0,9187899,ZCDS4
2008-07-13T12:08:59,310505000,TAHITIAN-PRINCESS,GLACIER BAY,57.06616333,-136.279645,317,319,17.4,0,9187899,ZCDS4
2008-07-13T12:08:53,310505000,TAHITIAN-PRINCESS,GLACIER BAY,57.06580167,-136.279055,317,319,17.4,0,9187899,ZCDS4
2008-07-13T12:08:47,310505000,TAHITIAN-PRINCESS,GLACIER BAY,57.06549833,-136.2785717,317,319,17.4,0,9187899,ZCDS4
2008-07-13T12:08:41,310505000,TAHITIAN-PRINCESS,GLACIER BAY,57.06513333,-136.2779933,317,319,17.4,0,9187899,ZCDS4
2008-07-13T12:08:40,310505000,TAHITIAN-PRINCESS,GLACIER BAY,57.064765,-136.2774217,0,0,0.0,0,9187899,ZCDS4
2008-07-13T12:08:36,310505000,TAHITIAN-PRINCESS,GLACIER BAY,57.064765,-136.2774217,317,318,17.4,0,9187899,ZCDS4
2008-07-13T12:08:29,310505000,TAHITIAN-PRINCESS,GLACIER BAY,57.064405,-136.2768317,317,318,17.4,0,9187899,ZCDS4
2008-07-13T12:08:22,310505000,TAHITIAN-PRINCESS,GLACIER BAY,57.06398,-136.2761567,317,318,17.5,0,9187899,ZCDS4
2008-07-13T12:08:17,310505000,TAHITIAN-PRINCESS,GLACIER BAY,57.06362,-136.275565,316,318,17.4,0,9187899,ZCDS4
2008-07-13T12:08:11,310505000,TAHITIAN-PRINCESS,GLACIER BAY,57.06331167,-136.2750883,316,318,17.3,0,9187899,ZCDS4
2008-07-13T12:08:05,310505000,TAHITIAN-PRINCESS,GLACIER BAY,57.06296333,-136.2744783,317,318,17.4,0,9187899,ZCDS4
2008-07-13T12:07:59,310505000,TAHITIAN-PRINCESS,GLACIER BAY,57.06253833,-136.2738017,316,319,17.4,0,9187899,ZCDS4
2008-07-13T12:07:53,310505000,TAHITIAN-PRINCESS,GLACIER BAY,57.062235,-136.273315,317,318,17.4,0,9187899,ZCDS4
2008-07-13T12:07:47,310505000,TAHITIAN-PRINCESS,GLACIER BAY,57.06181667,-136.2726233,317,318,17.4,0,9187899,ZCDS4
2008-07-13T12:07:41,310505000,TAHITIAN-PRINCESS,GLACIER BAY,57.06150833,-136.2721567,316,318,17.4,0,9187899,ZCDS4
2008-07-13T12:07:36,310505000,TAHITIAN-PRINCESS,GLACIER BAY,57.06115,-136.2715617,316,318,17.4,0,9187899,ZCDS4
2008-07-13T12:07:29,310505000,TAHITIAN-PRINCESS,GLACIER BAY,57.06079,-136.2709683,316,318,17.4,0,9187899,ZCDS4
2008-07-13T12:07:22,310505000,TAHITIAN-PRINCESS,GLACIER BAY,57.060375,-136.2702717,316,318,17.4,0,9187899,ZCDS4
2008-07-13T12:07:17,310505000,TAHITIAN-PRINCESS,GLACIER BAY,57.06000667,-136.2696983,316,318,17.4,0,9187899,ZCDS4
2008-07-13T12:07:11,310505000,TAHITIAN-PRINCESS,GLACIER BAY,57.05971167,-136.2691967,316,318,17.4,0,9187899,ZCDS4
2008-07-13T12:07:07,310505000,TAHITIAN-PRINCESS,GLACIER BAY,57.05947,-136.2688083,316,318,17.4,0,9187899,ZCDS4
2008-07-13T12:07:05,310505000,TAHITIAN-PRINCESS,GLACIER BAY,57.05935,-136.2686133,316,318,17.4,0,9187899,ZCDS4
2008-07-13T12:07:03,310505000,TAHITIAN-PRINCESS,GLACIER BAY,57.05917167,-136.2683183,316,318,17.5,0,9187899,ZCDS4
2008-07-13T12:07:01,310505000,TAHITIAN-PRINCESS,GLACIER BAY,57.05911333,-136.268215,316,318,17.5,0,9187899,ZCDS4
2008-07-13T12:06:59,310505000,TAHITIAN-PRINCESS,GLACIER BAY,57.058935,-136.26792,316,318,17.4,0,9187899,ZCDS4
2008-07-13T12:06:57,310505000,TAHITIAN-PRINCESS,GLACIER BAY,57.058875,-136.2678233,316,318,17.4,0,9187899,ZCDS4
2008-07-13T12:06:55,310505000,TAHITIAN-PRINCESS,GLACIER BAY,57.05868833,-136.267535,316,318,17.4,0,9187899,ZCDS4
2008-07-13T12:06:53,310505000,TAHITIAN-PRINCESS,GLACIER BAY,57.05862833,-136.2674367,316,318,17.4,0,9187899,ZCDS4
2008-07-13T12:06:51,310505000,TAHITIAN-PRINCESS,GLACIER BAY,57.05851167,-136.2672333,316,318,17.4,0,9187899,ZCDS4
2008-07-13T12:06:47,310505000,TAHITIAN-PRINCESS,GLACIER BAY,57.058215,-136.266735,316,317,17.3,0,9187899,ZCDS4
2008-07-13T12:06:41,310505000,TAHITIAN-PRINCESS,GLACIER BAY,57.05786167,-136.2661383,316,319,17.4,0,9187899,ZCDS4
2008-07-13T12:06:35,310505000,TAHITIAN-PRINCESS,GLACIER BAY,57.05756,-136.26565,316,318,17.5,0,9187899,ZCDS4
2008-07-13T12:06:29,310505000,TAHITIAN-PRINCESS,GLACIER BAY,57.057205,-136.2650467,316,318,17.4,0,9187899,ZCDS4
2008-07-13T12:06:22,310505000,TAHITIAN-PRINCESS,GLACIER BAY,57.05678667,-136.26436,316,318,17.4,0,9187899,ZCDS4
2008-07-13T12:06:17,310505000,TAHITIAN-PRINCESS,GLACIER BAY,57.05642667,-136.2637733,316,319,17.5,0,9187899,ZCDS4
2008-07-13T12:06:11,310505000,TAHITIAN-PRINCESS,GLACIER BAY,57.05613,-136.2632733,317,318,17.4,0,9187899,ZCDS4
2008-07-13T12:06:05,310505000,TAHITIAN-PRINCESS,GLACIER BAY,57.055765,-136.2626917,316,319,17.4,0,9187899,ZCDS4
2008-07-13T12:05:59,310505000,TAHITIAN-PRINCESS,GLACIER BAY,57.055345,-136.2620083,316,318,17.4,0,9187899,ZCDS4
2008-07-13T12:05:53,310505000,TAHITIAN-PRINCESS,GLACIER BAY,57.05504833,-136.26151,317,319,17.4,0,9187899,ZCDS4
2008-07-13T12:05:47,310505000,TAHITIAN-PRINCESS,GLACIER BAY,57.054625,-136.26083,317,319,17.4,0,9187899,ZCDS4
2008-07-13T12:05:41,310505000,TAHITIAN-PRINCESS,GLACIER BAY,57.05426667,-136.2602367,317,319,17.4,0,9187899,ZCDS4
2008-07-13T12:05:35,310505000,TAHITIAN-PRINCESS,GLACIER BAY,57.053965,-136.2597467,317,319,17.4,0,9187899,ZCDS4
2008-07-13T12:05:30,310505000,TAHITIAN-PRINCESS,GLACIER BAY,57.05360833,-136.259155,318,319,17.4,0,9187899,ZCDS4
2008-07-13T12:05:22,310505000,TAHITIAN-PRINCESS,GLACIER BAY,57.05318333,-136.2584767,318,320,17.4,0,9187899,ZCDS4
2008-07-13T12:05:17,310505000,TAHITIAN-PRINCESS,GLACIER BAY,57.05281167,-136.2579117,318,319,17.3,0,9187899,ZCDS4
2008-07-13T12:05:11,310505000,TAHITIAN-PRINCESS,GLACIER BAY,57.05250667,-136.2574367,318,320,17.4,0,9187899,ZCDS4
2008-07-13T12:05:05,310505000,TAHITIAN-PRINCESS,GLACIER BAY,57.05214167,-136.2568617,318,319,17.4,0,9187899,ZCDS4
2008-07-13T12:04:59,310505000,TAHITIAN-PRINCESS,GLACIER BAY,57.05171333,-136.25619,318,319,17.4,0,9187899,ZCDS4
2008-07-13T12:04:53,310505000,TAHITIAN-PRINCESS,GLACIER BAY,57.05140333,-136.2557183,318,319,17.4,0,9187899,ZCDS4
2008-07-13T12:04:47,310505000,TAHITIAN-PRINCESS,GLACIER BAY,57.050975,-136.2550483,317,319,17.4,0,9187899,ZCDS4
2008-07-13T12:04:41,310505000,TAHITIAN-PRINCESS,GLACIER BAY,57.05061167,-136.254465,317,319,17.4,0,9187899,ZCDS4
2008-07-13T12:04:35,310505000,TAHITIAN-PRINCESS,GLACIER BAY,57.050305,-136.2539867,317,319,17.4,0,9187899,ZCDS4
2008-07-13T12:04:30,310505000,TAHITIAN-PRINCESS,GLACIER BAY,57.04994,-136.25341,317,319,17.4,0,9187899,ZCDS4
2008-07-13T12:04:22,310505000,TAHITIAN-PRINCESS,GLACIER BAY,57.04951667,-136.2527283,317,319,17.4,0,9187899,ZCDS4
2008-07-13T12:04:17,310505000,TAHITIAN-PRINCESS,GLACIER BAY,57.04915167,-136.2521517,317,319,17.4,0,9187899,ZCDS4
2008-07-13T12:04:11,310505000,TAHITIAN-PRINCESS,GLACIER BAY,57.04884333,-136.2516767,317,319,17.4,0,9187899,ZCDS4
2008-07-13T12:04:05,310505000,TAHITIAN-PRINCESS,GLACIER BAY,57.04848167,-136.25109,317,319,17.3,0,9187899,ZCDS4
2008-07-13T12:03:59,310505000,TAHITIAN-PRINCESS,GLACIER BAY,57.048055,-136.25042,317,319,17.4,0,9187899,ZCDS4
2008-07-13T12:03:53,310505000,TAHITIAN-PRINCESS,GLACIER BAY,57.04774833,-136.2499433,317,319,17.4,0,9187899,ZCDS4
2008-07-13T12:03:47,310505000,TAHITIAN-PRINCESS,GLACIER BAY,57.047325,-136.2492617,317,319,17.3,0,9187899,ZCDS4
2008-07-13T12:03:41,310505000,TAHITIAN-PRINCESS,GLACIER BAY,57.04696,-136.2486867,317,319,17.4,0,9187899,ZCDS4
2008-07-13T12:03:35,310505000,TAHITIAN-PRINCESS,GLACIER BAY,57.04665333,-136.24821,317,319,17.4,0,9187899,ZCDS4
2008-07-13T12:03:30,310505000,TAHITIAN-PRINCESS,GLACIER BAY,57.04629333,-136.2476267,317,318,17.3,0,9187899,ZCDS4
2008-07-13T12:03:22,310505000,TAHITIAN-PRINCESS,GLACIER BAY,57.04587,-136.2469533,317,319,17.4,0,9187899,ZCDS4
2008-07-13T12:03:17,310505000,TAHITIAN-PRINCESS,GLACIER BAY,57.04556667,-136.2464733,317,318,17.4,0,9187899,ZCDS4
2008-07-13T12:03:11,310505000,TAHITIAN-PRINCESS,GLACIER BAY,57.04520167,-136.245895,317,318,17.3,0,9187899,ZCDS4
2008-07-13T12:03:05,310505000,TAHITIAN-PRINCESS,GLACIER BAY,57.044845,-136.2453033,317,319,17.3,0,9187899,ZCDS4
2008-07-13T12:02:59,310505000,TAHITIAN-PRINCESS,GLACIER BAY,57.04442,-136.244635,317,318,17.4,0,9187899,ZCDS4
2008-07-13T12:02:53,310505000,TAHITIAN-PRINCESS,GLACIER BAY,57.04412,-136.2441417,317,318,17.4,0,9187899,ZCDS4
2008-07-13T12:02:47,310505000,TAHITIAN-PRINCESS,GLACIER BAY,57.04370167,-136.243455,317,318,17.3,0,9187899,ZCDS4
2008-07-13T12:02:41,310505000,TAHITIAN-PRINCESS,GLACIER BAY,57.04334,-136.2428783,316,318,17.3,0,9187899,ZCDS4
2008-07-13T12:02:40,310505000,TAHITIAN-PRINCESS,GLACIER BAY,57.04303333,-136.242405,0,0,0.0,0,9187899,ZCDS4
2008-07-13T12:02:35,310505000,TAHITIAN-PRINCESS,GLACIER BAY,57.04303333,-136.242405,316,318,17.3,0,9187899,ZCDS4
2008-07-13T12:02:30,310505000,TAHITIAN-PRINCESS,GLACIER BAY,57.04268167,-136.2418017,316,318,17.4,0,9187899,ZCDS4
2008-07-13T12:02:22,310505000,TAHITIAN-PRINCESS,GLACIER BAY,57.042265,-136.241115,316,318,17.4,0,9187899,ZCDS4
2008-07-13T12:02:17,310505000,TAHITIAN-PRINCESS,GLACIER BAY,57.04196333,-136.2406317,316,318,17.3,0,9187899,ZCDS4
2008-07-13T12:02:11,310505000,TAHITIAN-PRINCESS,GLACIER BAY,57.04160833,-136.2400383,316,318,17.3,0,9187899,ZCDS4
2008-07-13T12:02:05,310505000,TAHITIAN-PRINCESS,GLACIER BAY,57.04124667,-136.23946,316,318,17.3,0,9187899,ZCDS4
2008-07-13T12:01:59,310505000,TAHITIAN-PRINCESS,GLACIER BAY,57.04084333,-136.23875,316,318,17.3,0,9187899,ZCDS4
2008-07-13T12:01:53,310505000,TAHITIAN-PRINCESS,GLACIER BAY,57.04053333,-136.2382867,316,318,17.4,0,9187899,ZCDS4
2008-07-13T12:01:47,310505000,TAHITIAN-PRINCESS,GLACIER BAY,57.040125,-136.2375767,316,318,17.3,0,9187899,ZCDS4
2008-07-13T12:01:41,310505000,TAHITIAN-PRINCESS,GLACIER BAY,57.03977,-136.236985,316,318,17.3,0,9187899,ZCDS4
2008-07-13T12:01:35,310505000,TAHITIAN-PRINCESS,GLACIER BAY,57.03947333,-136.2364917,316,319,17.4,0,9187899,ZCDS4
2008-07-13T12:01:30,310505000,TAHITIAN-PRINCESS,GLACIER BAY,57.03912,-136.235895,317,319,17.3,0,9187899,ZCDS4
2008-07-13T12:01:23,310505000,TAHITIAN-PRINCESS,GLACIER BAY,57.03876,-136.2353067,317,319,17.3,0,9187899,ZCDS4
2008-07-13T12:01:17,310505000,TAHITIAN-PRINCESS,GLACIER BAY,57.03839833,-136.2347283,317,319,17.3,0,9187899,ZCDS4
2008-07-13T12:01:11,310505000,TAHITIAN-PRINCESS,GLACIER BAY,57.038045,-136.234135,317,320,17.4,0,9187899,ZCDS4
2008-07-13T12:01:05,310505000,TAHITIAN-PRINCESS,GLACIER BAY,57.03767667,-136.233565,317,319,17.3,0,9187899,ZCDS4
2008-07-13T12:00:53,310505000,TAHITIAN-PRINCESS,GLACIER BAY,57.03695833,-136.2323933,318,320,17.4,0,9187899,ZCDS4
2008-07-13T12:00:47,310505000,TAHITIAN-PRINCESS,GLACIER BAY,57.03652333,-136.2317417,317,319,17.3,0,9187899,ZCDS4
2008-07-13T12:00:41,310505000,TAHITIAN-PRINCESS,GLACIER BAY,57.03616333,-136.2311567,317,319,17.3,0,9187899,ZCDS4
2008-07-13T12:00:35,310505000,TAHITIAN-PRINCESS,GLACIER BAY,57.03585833,-136.230685,317,319,17.4,0,9187899,ZCDS4
2008-07-13T12:00:30,310505000,TAHITIAN-PRINCESS,GLACIER BAY,57.035495,-136.23011,317,319,17.4,0,9187899,ZCDS4
2008-07-13T12:00:23,310505000,TAHITIAN-PRINCESS,GLACIER BAY,57.03513,-136.2295333,317,319,17.3,0,9187899,ZCDS4
2008-07-13T12:00:17,310505000,TAHITIAN-PRINCESS,GLACIER BAY,57.03476833,-136.2289583,317,319,17.4,0,9187899,ZCDS4
2008-07-13T12:00:11,310505000,TAHITIAN-PRINCESS,GLACIER BAY,57.03434167,-136.2282867,317,318,17.4,0,9187899,ZCDS4
2008-07-13T12:00:05,310505000,TAHITIAN-PRINCESS,GLACIER BAY,57.03404333,-136.2277933,317,319,17.3,0,9187899,ZCDS4
2008-07-13T11:59:53,310505000,TAHITIAN-PRINCESS,GLACIER BAY,57.03332333,-136.2266233,317,318,17.3,0,9187899,ZCDS4
2008-07-13T11:59:41,310505000,TAHITIAN-PRINCESS,GLACIER BAY,57.0326,-136.2254583,317,319,17.3,0,9187899,ZCDS4
2008-07-13T11:59:30,310505000,TAHITIAN-PRINCESS,GLACIER BAY,57.03187833,-136.2242917,317,319,17.3,0,9187899,ZCDS4
2008-07-13T11:59:23,310505000,TAHITIAN-PRINCESS,GLACIER BAY,57.031525,-136.2236933,318,319,17.4,0,9187899,ZCDS4
2008-07-13T11:59:17,310505000,TAHITIAN-PRINCESS,GLACIER BAY,57.031165,-136.22311,318,319,17.3,0,9187899,ZCDS4
2008-07-13T11:59:05,310505000,TAHITIAN-PRINCESS,GLACIER BAY,57.030445,-136.2219467,318,320,17.3,0,9187899,ZCDS4
2008-07-13T11:58:59,310505000,TAHITIAN-PRINCESS,GLACIER BAY,57.030075,-136.2213883,318,319,17.3,0,9187899,ZCDS4
2008-07-13T11:58:53,310505000,TAHITIAN-PRINCESS,GLACIER BAY,57.02971667,-136.220805,318,319,17.3,0,9187899,ZCDS4
2008-07-13T11:58:46,310505000,TAHITIAN-PRINCESS,GLACIER BAY,57.02929,-136.2201467,318,320,17.3,0,9187899,ZCDS4
2008-07-13T11:58:41,310505000,TAHITIAN-PRINCESS,GLACIER BAY,57.02898,-136.21968,318,319,17.3,0,9187899,ZCDS4
2008-07-13T11:58:35,310505000,TAHITIAN-PRINCESS,GLACIER BAY,57.02862,-136.2191017,317,319,17.3,0,9187899,ZCDS4
2008-07-13T11:58:29,310505000,TAHITIAN-PRINCESS,GLACIER BAY,57.02826,-136.2185183,317,319,17.3,0,9187899,ZCDS4
2008-07-13T11:58:23,310505000,TAHITIAN-PRINCESS,GLACIER BAY,57.02789667,-136.217945,317,319,17.3,0,9187899,ZCDS4
2008-07-13T11:58:17,310505000,TAHITIAN-PRINCESS,GLACIER BAY,57.02753667,-136.2173683,317,319,17.3,0,9187899,ZCDS4
2008-07-13T11:58:11,310505000,TAHITIAN-PRINCESS,GLACIER BAY,57.027105,-136.21671,317,318,17.3,0,9187899,ZCDS4
2008-07-13T11:58:05,310505000,TAHITIAN-PRINCESS,GLACIER BAY,57.02681,-136.216215,317,319,17.3,0,9187899,ZCDS4
2008-07-13T11:57:59,310505000,TAHITIAN-PRINCESS,GLACIER BAY,57.026445,-136.2156433,317,318,17.3,0,9187899,ZCDS4
2008-07-13T11:57:53,310505000,TAHITIAN-PRINCESS,GLACIER BAY,57.02609333,-136.215045,317,318,17.3,0,9187899,ZCDS4
2008-07-13T11:57:46,310505000,TAHITIAN-PRINCESS,GLACIER BAY,57.02567333,-136.2143667,317,319,17.3,0,9187899,ZCDS4
2008-07-13T11:57:41,310505000,TAHITIAN-PRINCESS,GLACIER BAY,57.02537833,-136.213875,317,318,17.3,0,9187899,ZCDS4
2008-07-13T11:57:35,310505000,TAHITIAN-PRINCESS,GLACIER BAY,57.02502,-136.2132917,317,319,17.3,0,9187899,ZCDS4
2008-07-13T11:57:29,310505000,TAHITIAN-PRINCESS,GLACIER BAY,57.02465833,-136.212715,317,318,17.2,0,9187899,ZCDS4
2008-07-13T11:57:23,310505000,TAHITIAN-PRINCESS,GLACIER BAY,57.02430333,-136.2121233,317,319,17.3,0,9187899,ZCDS4
2008-07-13T11:57:17,310505000,TAHITIAN-PRINCESS,GLACIER BAY,57.02394333,-136.2115483,317,318,17.3,0,9187899,ZCDS4
2008-07-13T11:57:11,310505000,TAHITIAN-PRINCESS,GLACIER BAY,57.023525,-136.210865,317,319,17.2,0,9187899,ZCDS4
2008-07-13T11:57:04,310505000,TAHITIAN-PRINCESS,GLACIER BAY,57.02316833,-136.2102783,317,319,17.3,0,9187899,ZCDS4
2008-07-13T11:56:59,310505000,TAHITIAN-PRINCESS,GLACIER BAY,57.02286667,-136.2098033,317,318,17.3,0,9187899,ZCDS4
2008-07-13T11:56:53,310505000,TAHITIAN-PRINCESS,GLACIER BAY,57.02250833,-136.2092233,317,319,17.2,0,9187899,ZCDS4
2008-07-13T11:56:46,310505000,TAHITIAN-PRINCESS,GLACIER BAY,57.02208667,-136.208555,317,318,17.2,0,9187899,ZCDS4
2008-07-13T11:56:41,310505000,TAHITIAN-PRINCESS,GLACIER BAY,57.02179333,-136.208065,317,318,17.2,0,9187899,ZCDS4
2008-07-13T11:56:40,310505000,TAHITIAN-PRINCESS,GLACIER BAY,57.02142833,-136.2075033,0,0,0.0,0,9187899,ZCDS4
2008-07-13T11:56:35,310505000,TAHITIAN-PRINCESS,GLACIER BAY,57.02142833,-136.2075033,317,318,17.2,0,9187899,ZCDS4
2008-07-13T11:56:29,310505000,TAHITIAN-PRINCESS,GLACIER BAY,57.02107667,-136.206905,317,318,17.2,0,9187899,ZCDS4
2008-07-13T11:56:23,310505000,TAHITIAN-PRINCESS,GLACIER BAY,57.02072,-136.2063267,317,319,17.2,0,9187899,ZCDS4
2008-07-13T11:56:17,310505000,TAHITIAN-PRINCESS,GLACIER BAY,57.02035667,-136.2057567,317,319,17.2,0,9187899,ZCDS4
2008-07-13T11:56:11,310505000,TAHITIAN-PRINCESS,GLACIER BAY,57.01994167,-136.2050783,317,318,17.2,0,9187899,ZCDS4
2008-07-13T11:56:04,310505000,TAHITIAN-PRINCESS,GLACIER BAY,57.01958167,-136.2045067,317,319,17.2,0,9187899,ZCDS4
2008-07-13T11:55:59,310505000,TAHITIAN-PRINCESS,GLACIER BAY,57.01928333,-136.2040283,317,318,17.2,0,9187899,ZCDS4
2008-07-13T11:55:53,310505000,TAHITIAN-PRINCESS,GLACIER BAY,57.01887,-136.203345,317,318,17.2,0,9187899,ZCDS4
2008-07-13T11:55:46,310505000,TAHITIAN-PRINCESS,GLACIER BAY,57.01851167,-136.2027717,317,319,17.2,0,9187899,ZCDS4
2008-07-13T11:55:41,310505000,TAHITIAN-PRINCESS,GLACIER BAY,57.018155,-136.2021967,317,318,17.2,0,9187899,ZCDS4
2008-07-13T11:55:35,310505000,TAHITIAN-PRINCESS,GLACIER BAY,57.01786,-136.2017133,317,319,17.1,0,9187899,ZCDS4
2008-07-13T11:55:29,310505000,TAHITIAN-PRINCESS,GLACIER BAY,57.01750333,-136.2011383,317,318,17.2,0,9187899,ZCDS4
2008-07-13T11:55:23,310505000,TAHITIAN-PRINCESS,GLACIER BAY,57.01714667,-136.20057,317,319,17.2,0,9187899,ZCDS4
2008-07-13T11:55:17,310505000,TAHITIAN-PRINCESS,GLACIER BAY,57.016795,-136.19998,317,318,17.1,0,9187899,ZCDS4
2008-07-13T11:55:11,310505000,TAHITIAN-PRINCESS,GLACIER BAY,57.016385,-136.1993,317,319,17.1,0,9187899,ZCDS4
2008-07-13T11:55:04,310505000,TAHITIAN-PRINCESS,GLACIER BAY,57.01602833,-136.1987333,317,319,17.2,0,9187899,ZCDS4
2008-07-13T11:54:59,310505000,TAHITIAN-PRINCESS,GLACIER BAY,57.015735,-136.1982433,317,319,17.2,0,9187899,ZCDS4
2008-07-13T11:54:53,310505000,TAHITIAN-PRINCESS,GLACIER BAY,57.01532667,-136.1975617,317,319,17.1,0,9187899,ZCDS4
2008-07-13T11:54:46,310505000,TAHITIAN-PRINCESS,GLACIER BAY,57.01496833,-136.1969983,317,319,17.2,0,9187899,ZCDS4
2008-07-13T11:54:41,310505000,TAHITIAN-PRINCESS,GLACIER BAY,57.01460833,-136.1964233,317,319,17.1,0,9187899,ZCDS4
2008-07-13T11:54:35,310505000,TAHITIAN-PRINCESS,GLACIER BAY,57.01424833,-136.1958517,317,320,17.2,0,9187899,ZCDS4
2008-07-13T11:54:29,310505000,TAHITIAN-PRINCESS,GLACIER BAY,57.01395333,-136.195365,318,319,17.1,0,9187899,ZCDS4
2008-07-13T11:54:23,310505000,TAHITIAN-PRINCESS,GLACIER BAY,57.01358833,-136.1948117,317,319,17.2,0,9187899,ZCDS4
2008-07-13T11:54:17,310505000,TAHITIAN-PRINCESS,GLACIER BAY,57.01322333,-136.1942533,317,318,17.2,0,9187899,ZCDS4
2008-07-13T11:54:11,310505000,TAHITIAN-PRINCESS,GLACIER BAY,57.01280667,-136.1935817,317,319,17.1,0,9187899,ZCDS4
2008-07-13T11:54:04,310505000,TAHITIAN-PRINCESS,GLACIER BAY,57.01244833,-136.193015,317,319,17.2,0,9187899,ZCDS4
2008-07-13T11:53:59,310505000,TAHITIAN-PRINCESS,GLACIER BAY,57.01208833,-136.1924517,317,318,17.2,0,9187899,ZCDS4
2008-07-13T11:53:53,310505000,TAHITIAN-PRINCESS,GLACIER BAY,57.01179667,-136.191955,317,318,17.1,0,9187899,ZCDS4
2008-07-13T11:53:46,310505000,TAHITIAN-PRINCESS,GLACIER BAY,57.01137667,-136.1912933,317,319,17.1,0,9187899,ZCDS4
2008-07-13T11:53:41,310505000,TAHITIAN-PRINCESS,GLACIER BAY,57.01102333,-136.190715,317,319,17.2,0,9187899,ZCDS4
2008-07-13T11:53:35,310505000,TAHITIAN-PRINCESS,GLACIER BAY,57.01067333,-136.1901217,317,318,17.1,0,9187899,ZCDS4
2008-07-13T11:53:29,310505000,TAHITIAN-PRINCESS,GLACIER BAY,57.01031667,-136.1895483,317,318,17.1,0,9187899,ZCDS4
2008-07-13T11:53:23,310505000,TAHITIAN-PRINCESS,GLACIER BAY,57.010015,-136.1890783,317,318,17.2,0,9187899,ZCDS4
2008-07-13T11:53:17,310505000,TAHITIAN-PRINCESS,GLACIER BAY,57.00960667,-136.18839,317,318,17.1,0,9187899,ZCDS4
2008-07-13T11:53:11,310505000,TAHITIAN-PRINCESS,GLACIER BAY,57.00930833,-136.1879133,317,319,17.1,0,9187899,ZCDS4
2008-07-13T11:53:04,310505000,TAHITIAN-PRINCESS,GLACIER BAY,57.00889833,-136.1872267,317,319,17.1,0,9187899,ZCDS4
2008-07-13T11:52:59,310505000,TAHITIAN-PRINCESS,GLACIER BAY,57.00853833,-136.1866617,317,319,17.1,0,9187899,ZCDS4
2008-07-13T11:52:53,310505000,TAHITIAN-PRINCESS,GLACIER BAY,57.00824333,-136.1861817,317,319,17.1,0,9187899,ZCDS4
2008-07-13T11:52:47,310505000,TAHITIAN-PRINCESS,GLACIER BAY,57.00782833,-136.1855083,317,319,17.1,0,9187899,ZCDS4
2008-07-13T11:52:35,310505000,TAHITIAN-PRINCESS,GLACIER BAY,57.007115,-136.184355,317,319,17.2,0,9187899,ZCDS4
2008-07-13T11:52:29,310505000,TAHITIAN-PRINCESS,GLACIER BAY,57.00675333,-136.18379,317,319,17.1,0,9187899,ZCDS4
2008-07-13T11:52:23,310505000,TAHITIAN-PRINCESS,GLACIER BAY,57.006455,-136.1833117,317,318,17.1,0,9187899,ZCDS4
2008-07-13T11:52:17,310505000,TAHITIAN-PRINCESS,GLACIER BAY,57.00604167,-136.1826383,317,319,17.1,0,9187899,ZCDS4
2008-07-13T11:52:11,310505000,TAHITIAN-PRINCESS,GLACIER BAY,57.00574167,-136.18217,317,319,17.2,0,9187899,ZCDS4
2008-07-13T11:52:04,310505000,TAHITIAN-PRINCESS,GLACIER BAY,57.00533,-136.181485,317,318,17.2,0,9187899,ZCDS4
2008-07-13T11:51:59,310505000,TAHITIAN-PRINCESS,GLACIER BAY,57.00496833,-136.1809133,317,319,17.2,0,9187899,ZCDS4
2008-07-13T11:51:53,310505000,TAHITIAN-PRINCESS,GLACIER BAY,57.00467333,-136.1804267,317,319,17.2,0,9187899,ZCDS4
2008-07-13T11:51:47,310505000,TAHITIAN-PRINCESS,GLACIER BAY,57.00426167,-136.1797433,317,319,17.1,0,9187899,ZCDS4
2008-07-13T11:51:41,310505000,TAHITIAN-PRINCESS,GLACIER BAY,57.00395833,-136.17928,317,319,17.2,0,9187899,ZCDS4
2008-07-13T11:51:35,310505000,TAHITIAN-PRINCESS,GLACIER BAY,57.00354,-136.1786117,317,318,17.2,0,9187899,ZCDS4
2008-07-13T11:51:29,310505000,TAHITIAN-PRINCESS,GLACIER BAY,57.00319167,-136.1780167,317,319,17.2,0,9187899,ZCDS4
2008-07-13T11:51:23,310505000,TAHITIAN-PRINCESS,GLACIER BAY,57.00283167,-136.17745,317,319,17.2,0,9187899,ZCDS4
2008-07-13T11:51:17,310505000,TAHITIAN-PRINCESS,GLACIER BAY,57.00247333,-136.1768717,317,318,17.1,0,9187899,ZCDS4
2008-07-13T11:51:04,310505000,TAHITIAN-PRINCESS,GLACIER BAY,57.001765,-136.1757167,317,319,17.2,0,9187899,ZCDS4
2008-07-13T11:50:59,310505000,TAHITIAN-PRINCESS,GLACIER BAY,57.00141,-136.1751417,317,318,17.2,0,9187899,ZCDS4
2008-07-13T11:50:53,310505000,TAHITIAN-PRINCESS,GLACIER BAY,57.00111,-136.174665,317,318,17.1,0,9187899,ZCDS4
2008-07-13T11:50:47,310505000,TAHITIAN-PRINCESS,GLACIER BAY,57.00069667,-136.1739883,317,319,17.1,0,9187899,ZCDS4
2008-07-13T11:50:41,310505000,TAHITIAN-PRINCESS,GLACIER BAY,57.00039833,-136.17352,317,319,17.2,0,9187899,ZCDS4
2008-07-13T11:50:40,310505000,TAHITIAN-PRINCESS,GLACIER BAY,57.000045,-136.172935,0,0,0.0,0,9187899,ZCDS4
2008-07-13T11:50:35,310505000,TAHITIAN-PRINCESS,GLACIER BAY,57.000045,-136.172935,317,318,17.2,0,9187899,ZCDS4
2008-07-13T11:50:29,310505000,TAHITIAN-PRINCESS,GLACIER BAY,56.99962833,-136.1722533,317,318,17.1,0,9187899,ZCDS4
2008-07-13T11:50:23,310505000,TAHITIAN-PRINCESS,GLACIER BAY,56.99926667,-136.1716883,317,319,17.2,0,9187899,ZCDS4
2008-07-13T11:50:17,310505000,TAHITIAN-PRINCESS,GLACIER BAY,56.99891167,-136.17111,317,318,17.2,0,9187899,ZCDS4
2008-07-13T11:50:11,310505000,TAHITIAN-PRINCESS,GLACIER BAY,56.998615,-136.170625,317,319,17.1,0,9187899,ZCDS4
2008-07-13T11:50:04,310505000,TAHITIAN-PRINCESS,GLACIER BAY,56.99819667,-136.1699567,317,319,17.1,0,9187899,ZCDS4
2008-07-13T11:49:59,310505000,TAHITIAN-PRINCESS,GLACIER BAY,56.997845,-136.1693717,317,319,17.2,0,9187899,ZCDS4
2008-07-13T11:49:53,310505000,TAHITIAN-PRINCESS,GLACIER BAY,56.997545,-136.1688967,317,319,17.2,0,9187899,ZCDS4
2008-07-13T11:49:47,310505000,TAHITIAN-PRINCESS,GLACIER BAY,56.99713333,-136.1682183,318,319,17.2,0,9187899,ZCDS4
2008-07-13T11:49:41,310505000,TAHITIAN-PRINCESS,GLACIER BAY,56.99682833,-136.167755,317,319,17.1,0,9187899,ZCDS4
2008-07-13T11:49:35,310505000,TAHITIAN-PRINCESS,GLACIER BAY,56.996415,-136.16708,318,318,17.2,0,9187899,ZCDS4
2008-07-13T11:49:29,310505000,TAHITIAN-PRINCESS,GLACIER BAY,56.99605833,-136.1665067,317,319,17.2,0,9187899,ZCDS4
2008-07-13T11:49:23,310505000,TAHITIAN-PRINCESS,GLACIER BAY,56.9957,-136.1659333,317,319,17.1,0,9187899,ZCDS4
2008-07-13T11:49:17,310505000,TAHITIAN-PRINCESS,GLACIER BAY,56.99534167,-136.1653583,317,319,17.1,0,9187899,ZCDS4
2008-07-13T11:49:11,310505000,TAHITIAN-PRINCESS,GLACIER BAY,56.995045,-136.1648767,318,319,17.2,0,9187899,ZCDS4
2008-07-13T11:49:05,310505000,TAHITIAN-PRINCESS,GLACIER BAY,56.99468333,-136.164315,317,319,17.2,0,9187899,ZCDS4
2008-07-13T11:48:59,310505000,TAHITIAN-PRINCESS,GLACIER BAY,56.99432833,-136.16373,317,319,17.1,0,9187899,ZCDS4
2008-07-13T11:48:53,310505000,TAHITIAN-PRINCESS,GLACIER BAY,56.99397,-136.1631567,318,319,17.1,0,9187899,ZCDS4
2008-07-13T11:48:47,310505000,TAHITIAN-PRINCESS,GLACIER BAY,56.99355167,-136.1624933,318,319,17.2,0,9187899,ZCDS4
2008-07-13T11:48:41,310505000,TAHITIAN-PRINCESS,GLACIER BAY,56.99325167,-136.16202,318,319,17.2,0,9187899,ZCDS4
2008-07-13T11:48:35,310505000,TAHITIAN-PRINCESS,GLACIER BAY,56.99282833,-136.1613617,318,320,17.1,0,9187899,ZCDS4
2008-07-13T11:48:28,310505000,TAHITIAN-PRINCESS,GLACIER BAY,56.99246667,-136.1608017,317,318,17.2,0,9187899,ZCDS4
2008-07-13T11:48:23,310505000,TAHITIAN-PRINCESS,GLACIER BAY,56.992115,-136.160215,317,319,17.2,0,9187899,ZCDS4
2008-07-13T11:48:17,310505000,TAHITIAN-PRINCESS,GLACIER BAY,56.99175667,-136.15964,317,319,17.2,0,9187899,ZCDS4
2008-07-13T11:48:11,310505000,TAHITIAN-PRINCESS,GLACIER BAY,56.99146167,-136.1591533,318,319,17.1,0,9187899,ZCDS4
2008-07-13T11:48:05,310505000,TAHITIAN-PRINCESS,GLACIER BAY,56.9911,-136.1585867,317,319,17.1,0,9187899,ZCDS4
2008-07-13T11:47:59,310505000,TAHITIAN-PRINCESS,GLACIER BAY,56.99073667,-136.158025,317,319,17.2,0,9187899,ZCDS4
2008-07-13T11:47:53,310505000,TAHITIAN-PRINCESS,GLACIER BAY,56.99038167,-136.1574433,317,318,17.1,0,9187899,ZCDS4
2008-07-13T11:47:47,310505000,TAHITIAN-PRINCESS,GLACIER BAY,56.989965,-136.1567767,317,319,17.1,0,9187899,ZCDS4
2008-07-13T11:47:35,310505000,TAHITIAN-PRINCESS,GLACIER BAY,56.98925,-136.1556317,317,318,17.1,0,9187899,ZCDS4
2008-07-13T11:47:28,310505000,TAHITIAN-PRINCESS,GLACIER BAY,56.988895,-136.1550583,317,318,17.1,0,9187899,ZCDS4
2008-07-13T11:47:23,310505000,TAHITIAN-PRINCESS,GLACIER BAY,56.98854333,-136.1544717,317,319,17.2,0,9187899,ZCDS4
2008-07-13T11:47:17,310505000,TAHITIAN-PRINCESS,GLACIER BAY,56.98818,-136.1539067,317,318,17.2,0,9187899,ZCDS4
2008-07-13T11:47:11,310505000,TAHITIAN-PRINCESS,GLACIER BAY,56.98789167,-136.1534133,317,319,17.1,0,9187899,ZCDS4
2008-07-13T11:47:05,310505000,TAHITIAN-PRINCESS,GLACIER BAY,56.98753333,-136.1528433,317,319,17.2,0,9187899,ZCDS4
2008-07-13T11:46:59,310505000,TAHITIAN-PRINCESS,GLACIER BAY,56.98717833,-136.15226,317,319,17.2,0,9187899,ZCDS4
2008-07-13T11:46:53,310505000,TAHITIAN-PRINCESS,GLACIER BAY,56.98682,-136.1516867,317,319,17.1,0,9187899,ZCDS4
2008-07-13T11:46:47,310505000,TAHITIAN-PRINCESS,GLACIER BAY,56.98640167,-136.15102,317,319,17.2,0,9187899,ZCDS4
2008-07-13T11:46:41,310505000,TAHITIAN-PRINCESS,GLACIER BAY,56.98611,-136.15052,318,319,17.2,0,9187899,ZCDS4
2008-07-13T11:46:35,310505000,TAHITIAN-PRINCESS,GLACIER BAY,56.98568667,-136.14986,318,320,17.1,0,9187899,ZCDS4
2008-07-13T11:46:28,310505000,TAHITIAN-PRINCESS,GLACIER BAY,56.985325,-136.1492933,318,319,17.2,0,9187899,ZCDS4
2008-07-13T11:46:23,310505000,TAHITIAN-PRINCESS,GLACIER BAY,56.98496833,-136.1487167,318,319,17.2,0,9187899,ZCDS4
2008-07-13T11:46:17,310505000,TAHITIAN-PRINCESS,GLACIER BAY,56.98466667,-136.1482417,318,319,17.2,0,9187899,ZCDS4
2008-07-13T11:46:11,310505000,TAHITIAN-PRINCESS,GLACIER BAY,56.98430333,-136.1476783,318,319,17.1,0,9187899,ZCDS4
2008-07-13T11:46:05,310505000,TAHITIAN-PRINCESS,GLACIER BAY,56.98394333,-136.1471083,318,319,17.2,0,9187899,ZCDS4
2008-07-13T11:45:59,310505000,TAHITIAN-PRINCESS,GLACIER BAY,56.98358667,-136.1465317,318,319,17.2,0,9187899,ZCDS4
2008-07-13T11:45:53,310505000,TAHITIAN-PRINCESS,GLACIER BAY,56.98322333,-136.1459667,318,319,17.2,0,9187899,ZCDS4
2008-07-13T11:45:47,310505000,TAHITIAN-PRINCESS,GLACIER BAY,56.982805,-136.1453033,318,319,17.3,0,9187899,ZCDS4
2008-07-13T11:45:41,310505000,TAHITIAN-PRINCESS,GLACIER BAY,56.982495,-136.144845,317,318,17.2,0,9187899,ZCDS4
2008-07-13T11:45:35,310505000,TAHITIAN-PRINCESS,GLACIER BAY,56.98208667,-136.1441483,318,319,17.2,0,9187899,ZCDS4
2008-07-13T11:45:28,310505000,TAHITIAN-PRINCESS,GLACIER BAY,56.98172167,-136.14359,317,318,17.3,0,9187899,ZCDS4
2008-07-13T11:45:22,310505000,TAHITIAN-PRINCESS,GLACIER BAY,56.981365,-136.14301,317,318,17.3,0,9187899,ZCDS4
2008-07-13T11:45:17,310505000,TAHITIAN-PRINCESS,GLACIER BAY,56.98106833,-136.1425267,317,319,17.2,0,9187899,ZCDS4
2008-07-13T11:45:11,310505000,TAHITIAN-PRINCESS,GLACIER BAY,56.98071,-136.141955,317,318,17.2,0,9187899,ZCDS4
2008-07-13T11:45:05,310505000,TAHITIAN-PRINCESS,GLACIER BAY,56.980365,-136.14136,317,318,17.2,0,9187899,ZCDS4
2008-07-13T11:44:59,310505000,TAHITIAN-PRINCESS,GLACIER BAY,56.97994,-136.140685,317,318,17.2,0,9187899,ZCDS4
2008-07-13T11:44:53,310505000,TAHITIAN-PRINCESS,GLACIER BAY,56.97958167,-136.1401117,317,319,17.2,0,9187899,ZCDS4
2008-07-13T11:44:47,310505000,TAHITIAN-PRINCESS,GLACIER BAY,56.97922167,-136.1395383,317,318,17.2,0,9187899,ZCDS4
2008-07-13T11:44:41,310505000,TAHITIAN-PRINCESS,GLACIER BAY,56.97892667,-136.139055,317,318,17.2,0,9187899,ZCDS4
2008-07-13T11:44:40,310505000,TAHITIAN-PRINCESS,GLACIER BAY,56.97851,-136.1383767,0,0,0.0,0,9187899,ZCDS4
2008-07-13T11:44:35,310505000,TAHITIAN-PRINCESS,GLACIER BAY,56.97851,-136.1383767,317,318,17.2,0,9187899,ZCDS4
2008-07-13T11:44:28,310505000,TAHITIAN-PRINCESS,GLACIER BAY,56.97815333,-136.1378,317,318,17.1,0,9187899,ZCDS4
2008-07-13T11:44:22,310505000,TAHITIAN-PRINCESS,GLACIER BAY,56.97779833,-136.13722,317,318,17.2,0,9187899,ZCDS4
2008-07-13T11:44:17,310505000,TAHITIAN-PRINCESS,GLACIER BAY,56.97750833,-136.1367233,317,319,17.3,0,9187899,ZCDS4
2008-07-13T11:44:11,310505000,TAHITIAN-PRINCESS,GLACIER BAY,56.97715,-136.13614,317,318,17.3,0,9187899,ZCDS4
2008-07-13T11:44:05,310505000,TAHITIAN-PRINCESS,GLACIER BAY,56.97679833,-136.1355433,317,318,17.2,0,9187899,ZCDS4
2008-07-13T11:43:59,310505000,TAHITIAN-PRINCESS,GLACIER BAY,56.97638333,-136.134865,317,318,17.2,0,9187899,ZCDS4
2008-07-13T11:43:53,310505000,TAHITIAN-PRINCESS,GLACIER BAY,56.97602333,-136.1342983,317,319,17.3,0,9187899,ZCDS4
2008-07-13T11:43:47,310505000,TAHITIAN-PRINCESS,GLACIER BAY,56.97566333,-136.1337217,317,318,17.2,0,9187899,ZCDS4
2008-07-13T11:43:41,310505000,TAHITIAN-PRINCESS,GLACIER BAY,56.97537167,-136.133225,317,319,17.2,0,9187899,ZCDS4
2008-07-13T11:43:35,310505000,TAHITIAN-PRINCESS,GLACIER BAY,56.97495167,-136.13256,317,318,17.3,0,9187899,ZCDS4
2008-07-13T11:43:28,310505000,TAHITIAN-PRINCESS,GLACIER BAY,56.97459167,-136.1319783,317,318,17.2,0,9187899,ZCDS4
2008-07-13T11:43:22,310505000,TAHITIAN-PRINCESS,GLACIER BAY,56.97424167,-136.13138,317,319,17.2,0,9187899,ZCDS4
2008-07-13T11:43:17,310505000,TAHITIAN-PRINCESS,GLACIER BAY,56.97394167,-136.1309067,317,319,17.2,0,9187899,ZCDS4
2008-07-13T11:43:11,310505000,TAHITIAN-PRINCESS,GLACIER BAY,56.97358167,-136.130335,317,318,17.3,0,9187899,ZCDS4
2008-07-13T11:43:05,310505000,TAHITIAN-PRINCESS,GLACIER BAY,56.97323,-136.1297383,318,319,17.2,0,9187899,ZCDS4
2008-07-13T11:42:59,310505000,TAHITIAN-PRINCESS,GLACIER BAY,56.97281167,-136.1290683,318,319,17.2,0,9187899,ZCDS4
2008-07-13T11:42:53,310505000,TAHITIAN-PRINCESS,GLACIER BAY,56.97245167,-136.1284983,318,320,17.2,0,9187899,ZCDS4
2008-07-13T11:42:47,310505000,TAHITIAN-PRINCESS,GLACIER BAY,56.97209167,-136.1279233,318,319,17.2,0,9187899,ZCDS4
2008-07-13T11:42:41,310505000,TAHITIAN-PRINCESS,GLACIER BAY,56.97179167,-136.127445,318,319,17.2,0,9187899,ZCDS4
2008-07-13T11:42:35,310505000,TAHITIAN-PRINCESS,GLACIER BAY,56.97137,-136.1267783,318,320,17.2,0,9187899,ZCDS4
2008-07-13T11:42:28,310505000,TAHITIAN-PRINCESS,GLACIER BAY,56.97101167,-136.1262,319,320,17.2,0,9187899,ZCDS4
2008-07-13T11:42:22,310505000,TAHITIAN-PRINCESS,GLACIER BAY,56.97064333,-136.125645,319,320,17.2,0,9187899,ZCDS4
2008-07-13T11:42:17,310505000,TAHITIAN-PRINCESS,GLACIER BAY,56.97034,-136.12517,319,319,17.2,0,9187899,ZCDS4
2008-07-13T11:42:11,310505000,TAHITIAN-PRINCESS,GLACIER BAY,56.969985,-136.1245883,319,320,17.2,0,9187899,ZCDS4
2008-07-13T11:42:04,310505000,TAHITIAN-PRINCESS,GLACIER BAY,56.96955167,-136.1239483,319,320,17.2,0,9187899,ZCDS4
2008-07-13T11:41:58,310505000,TAHITIAN-PRINCESS,GLACIER BAY,56.96918833,-136.1233817,319,319,17.2,0,9187899,ZCDS4
2008-07-13T11:41:53,310505000,TAHITIAN-PRINCESS,GLACIER BAY,56.96882667,-136.1228167,318,320,17.2,0,9187899,ZCDS4
2008-07-13T11:41:47,310505000,TAHITIAN-PRINCESS,GLACIER BAY,56.96846167,-136.1222517,318,319,17.2,0,9187899,ZCDS4
2008-07-13T11:41:41,310505000,TAHITIAN-PRINCESS,GLACIER BAY,56.96815,-136.121795,318,319,17.2,0,9187899,ZCDS4
2008-07-13T11:41:35,310505000,TAHITIAN-PRINCESS,GLACIER BAY,56.96772833,-136.1211333,318,319,17.3,0,9187899,ZCDS4
2008-07-13T11:41:28,310505000,TAHITIAN-PRINCESS,GLACIER BAY,56.96736833,-136.120555,318,319,17.2,0,9187899,ZCDS4
2008-07-13T11:41:22,310505000,TAHITIAN-PRINCESS,GLACIER BAY,56.96700667,-136.1199817,318,319,17.2,0,9187899,ZCDS4
2008-07-13T11:41:17,310505000,TAHITIAN-PRINCESS,GLACIER BAY,56.96665167,-136.1193967,318,319,17.1,0,9187899,ZCDS4
2008-07-13T11:41:11,310505000,TAHITIAN-PRINCESS,GLACIER BAY,56.966345,-136.118935,318,319,17.1,0,9187899,ZCDS4
2008-07-13T11:41:04,310505000,TAHITIAN-PRINCESS,GLACIER BAY,56.96592833,-136.1182667,318,319,17.2,0,9187899,ZCDS4
2008-07-13T11:40:58,310505000,TAHITIAN-PRINCESS,GLACIER BAY,56.96558,-136.1176783,318,319,17.3,0,9187899,ZCDS4
2008-07-13T11:40:53,310505000,TAHITIAN-PRINCESS,GLACIER BAY,56.965225,-136.1171017,318,319,17.3,0,9187899,ZCDS4
2008-07-13T11:40:47,310505000,TAHITIAN-PRINCESS,GLACIER BAY,56.964855,-136.1165417,317,319,17.2,0,9187899,ZCDS4
2008-07-13T11:40:41,310505000,TAHITIAN-PRINCESS,GLACIER BAY,56.96455833,-136.1160533,318,319,17.2,0,9187899,ZCDS4
2008-07-13T11:40:35,310505000,TAHITIAN-PRINCESS,GLACIER BAY,56.96414333,-136.1153783,317,319,17.3,0,9187899,ZCDS4
2008-07-13T11:40:28,310505000,TAHITIAN-PRINCESS,GLACIER BAY,56.96377667,-136.1148067,317,319,17.2,0,9187899,ZCDS4
2008-07-13T11:40:22,310505000,TAHITIAN-PRINCESS,GLACIER BAY,56.96342,-136.1142217,318,319,17.2,0,9187899,ZCDS4
2008-07-13T11:40:17,310505000,TAHITIAN-PRINCESS,GLACIER BAY,56.96306333,-136.113645,318,319,17.3,0,9187899,ZCDS4
2008-07-13T11:40:11,310505000,TAHITIAN-PRINCESS,GLACIER BAY,56.96276667,-136.113165,318,319,17.3,0,9187899,ZCDS4
2008-07-13T11:40:04,310505000,TAHITIAN-PRINCESS,GLACIER BAY,56.96235167,-136.112495,318,319,17.2,0,9187899,ZCDS4
2008-07-13T11:39:58,310505000,TAHITIAN-PRINCESS,GLACIER BAY,56.96198333,-136.1119267,318,319,17.2,0,9187899,ZCDS4
2008-07-13T11:39:52,310505000,TAHITIAN-PRINCESS,GLACIER BAY,56.96162,-136.1113617,317,318,17.1,0,9187899,ZCDS4
2008-07-13T11:39:47,310505000,TAHITIAN-PRINCESS,GLACIER BAY,56.96126167,-136.110785,317,319,17.2,0,9187899,ZCDS4
2008-07-13T11:39:41,310505000,TAHITIAN-PRINCESS,GLACIER BAY,56.96095667,-136.11032,317,318,17.1,0,9187899,ZCDS4
2008-07-13T11:39:35,310505000,TAHITIAN-PRINCESS,GLACIER BAY,56.96054167,-136.1096483,317,318,17.2,0,9187899,ZCDS4
2008-07-13T11:39:28,310505000,TAHITIAN-PRINCESS,GLACIER BAY,56.960185,-136.1090767,317,318,17.2,0,9187899,ZCDS4
2008-07-13T11:39:22,310505000,TAHITIAN-PRINCESS,GLACIER BAY,56.959835,-136.1084833,317,318,17.2,0,9187899,ZCDS4
2008-07-13T11:39:16,310505000,TAHITIAN-PRINCESS,GLACIER BAY,56.95947667,-136.1079083,317,318,17.2,0,9187899,ZCDS4
2008-07-13T11:39:11,310505000,TAHITIAN-PRINCESS,GLACIER BAY,56.95918833,-136.1074117,317,318,17.2,0,9187899,ZCDS4
2008-07-13T11:39:04,310505000,TAHITIAN-PRINCESS,GLACIER BAY,56.95876833,-136.1067517,317,318,17.2,0,9187899,ZCDS4
2008-07-13T11:38:58,310505000,TAHITIAN-PRINCESS,GLACIER BAY,56.95842,-136.1061567,317,318,17.2,0,9187899,ZCDS4
2008-07-13T11:38:53,310505000,TAHITIAN-PRINCESS,GLACIER BAY,56.958125,-136.105675,317,319,17.1,0,9187899,ZCDS4
2008-07-13T11:38:46,310505000,TAHITIAN-PRINCESS,GLACIER BAY,56.95770667,-136.1050083,317,318,17.1,0,9187899,ZCDS4
2008-07-13T11:38:41,310505000,TAHITIAN-PRINCESS,GLACIER BAY,56.95735833,-136.1044217,317,318,17.2,0,9187899,ZCDS4
2008-07-13T11:38:40,310505000,TAHITIAN-PRINCESS,GLACIER BAY,56.957005,-136.10384,0,0,0.0,0,9187899,ZCDS4
2008-07-13T11:38:35,310505000,TAHITIAN-PRINCESS,GLACIER BAY,56.957005,-136.10384,317,318,17.1,0,9187899,ZCDS4
2008-07-13T11:38:28,310505000,TAHITIAN-PRINCESS,GLACIER BAY,56.95664833,-136.1032683,317,319,17.0,0,9187899,ZCDS4
2008-07-13T11:38:23,310505000,TAHITIAN-PRINCESS,GLACIER BAY,56.95635333,-136.1027883,317,318,17.1,0,9187899,ZCDS4
2008-07-13T11:38:16,310505000,TAHITIAN-PRINCESS,GLACIER BAY,56.95594333,-136.10211,317,318,17.1,0,9187899,ZCDS4
2008-07-13T11:38:11,310505000,TAHITIAN-PRINCESS,GLACIER BAY,56.95564667,-136.1016283,317,318,17.1,0,9187899,ZCDS4
2008-07-13T11:38:04,310505000,TAHITIAN-PRINCESS,GLACIER BAY,56.95524,-136.1009433,317,319,17.1,0,9187899,ZCDS4
2008-07-13T11:37:58,310505000,TAHITIAN-PRINCESS,GLACIER BAY,56.954885,-136.10037,317,318,17.1,0,9187899,ZCDS4
2008-07-13T11:37:53,310505000,TAHITIAN-PRINCESS,GLACIER BAY,56.954585,-136.0999017,317,319,17.1,0,9187899,ZCDS4
2008-07-13T11:37:46,310505000,TAHITIAN-PRINCESS,GLACIER BAY,56.95417667,-136.0992167,317,318,17.0,0,9187899,ZCDS4
2008-07-13T11:37:40,310505000,TAHITIAN-PRINCESS,GLACIER BAY,56.95382167,-136.0986433,317,318,17.1,0,9187899,ZCDS4
2008-07-13T11:37:35,310505000,TAHITIAN-PRINCESS,GLACIER BAY,56.95346833,-136.09807,317,319,17.1,0,9187899,ZCDS4
2008-07-13T11:37:29,310505000,TAHITIAN-PRINCESS,GLACIER BAY,56.95317167,-136.09759,317,318,17.1,0,9187899,ZCDS4
2008-07-13T11:37:23,310505000,TAHITIAN-PRINCESS,GLACIER BAY,56.95281833,-136.09701,317,318,17.1,0,9187899,ZCDS4
2008-07-13T11:37:16,310505000,TAHITIAN-PRINCESS,GLACIER BAY,56.952405,-136.09634,317,319,17.2,0,9187899,ZCDS4
2008-07-13T11:37:10,310505000,TAHITIAN-PRINCESS,GLACIER BAY,56.95204667,-136.095765,317,318,17.1,0,9187899,ZCDS4
2008-07-13T11:37:04,310505000,TAHITIAN-PRINCESS,GLACIER BAY,56.95169167,-136.09519,317,319,17.1,0,9187899,ZCDS4
2008-07-13T11:36:58,310505000,TAHITIAN-PRINCESS,GLACIER BAY,56.95133667,-136.0946117,317,318,17.1,0,9187899,ZCDS4
2008-07-13T11:36:53,310505000,TAHITIAN-PRINCESS,GLACIER BAY,56.95103667,-136.0941433,317,318,17.1,0,9187899,ZCDS4
2008-07-13T11:36:46,310505000,TAHITIAN-PRINCESS,GLACIER BAY,56.95062833,-136.093455,317,319,17.1,0,9187899,ZCDS4
2008-07-13T11:36:40,310505000,TAHITIAN-PRINCESS,GLACIER BAY,56.95027333,-136.0928833,317,319,17.1,0,9187899,ZCDS4
2008-07-13T11:36:38,310505000,TAHITIAN-PRINCESS,GLACIER BAY,56.9365,-136.084,511,360,102.3,15,9187899,ZCDS4
2008-07-13T11:36:35,310505000,TAHITIAN-PRINCESS,GLACIER BAY,56.94991667,-136.0923117,317,319,17.1,0,9187899,ZCDS4
2008-07-13T11:36:29,310505000,TAHITIAN-PRINCESS,GLACIER BAY,56.94962667,-136.0918233,317,319,17.1,0,9187899,ZCDS4
2008-07-13T11:36:23,310505000,TAHITIAN-PRINCESS,GLACIER BAY,56.94926833,-136.0912567,317,319,17.2,0,9187899,ZCDS4
2008-07-13T11:36:16,310505000,TAHITIAN-PRINCESS,GLACIER BAY,56.94885,-136.0905833,317,319,17.1,0,9187899,ZCDS4
2008-07-13T11:36:10,310505000,TAHITIAN-PRINCESS,GLACIER BAY,56.94849833,-136.09,318,319,17.2,0,9187899,ZCDS4
2008-07-13T11:36:05,310505000,TAHITIAN-PRINCESS,GLACIER BAY,56.948135,-136.0894383,317,319,17.2,0,9187899,ZCDS4
2008-07-13T11:35:58,310505000,TAHITIAN-PRINCESS,GLACIER BAY,56.94777667,-136.08886,318,319,17.1,0,9187899,ZCDS4
2008-07-13T11:35:53,310505000,TAHITIAN-PRINCESS,GLACIER BAY,56.947475,-136.08839,318,320,17.2,0,9187899,ZCDS4
2008-07-13T11:35:46,310505000,TAHITIAN-PRINCESS,GLACIER BAY,56.94705667,-136.087725,318,319,17.2,0,9187899,ZCDS4
2008-07-13T11:35:40,310505000,TAHITIAN-PRINCESS,GLACIER BAY,56.946695,-136.087155,318,320,17.1,0,9187899,ZCDS4
2008-07-13T11:35:35,310505000,TAHITIAN-PRINCESS,GLACIER BAY,56.94633167,-136.0865917,318,319,17.2,0,9187899,ZCDS4
2008-07-13T11:35:29,310505000,TAHITIAN-PRINCESS,GLACIER BAY,56.94603333,-136.0861167,318,319,17.2,0,9187899,ZCDS4
2008-07-13T11:35:23,310505000,TAHITIAN-PRINCESS,GLACIER BAY,56.94567,-136.0855533,318,319,17.2,0,9187899,ZCDS4
2008-07-13T11:35:16,310505000,TAHITIAN-PRINCESS,GLACIER BAY,56.94524667,-136.0848933,318,320,17.1,0,9187899,ZCDS4
2008-07-13T11:35:10,310505000,TAHITIAN-PRINCESS,GLACIER BAY,56.94482667,-136.0842333,318,319,17.2,0,9187899,ZCDS4
2008-07-13T11:35:05,310505000,TAHITIAN-PRINCESS,GLACIER BAY,56.94452333,-136.0837617,317,319,17.2,0,9187899,ZCDS4
2008-07-13T11:34:58,310505000,TAHITIAN-PRINCESS,GLACIER BAY,56.94416333,-136.0831933,317,319,17.2,0,9187899,ZCDS4
2008-07-13T11:34:53,310505000,TAHITIAN-PRINCESS,GLACIER BAY,56.94386167,-136.0827167,317,318,17.2,0,9187899,ZCDS4
2008-07-13T11:34:46,310505000,TAHITIAN-PRINCESS,GLACIER BAY,56.943445,-136.08205,317,319,17.2,0,9187899,ZCDS4
2008-07-13T11:34:40,310505000,TAHITIAN-PRINCESS,GLACIER BAY,56.94308333,-136.081485,317,318,17.1,0,9187899,ZCDS4
2008-07-13T11:34:35,310505000,TAHITIAN-PRINCESS,GLACIER BAY,56.94272667,-136.0809067,317,318,17.2,0,9187899,ZCDS4
2008-07-13T11:34:29,310505000,TAHITIAN-PRINCESS,GLACIER BAY,56.94243333,-136.08042,317,319,17.2,0,9187899,ZCDS4
2008-07-13T11:34:22,310505000,TAHITIAN-PRINCESS,GLACIER BAY,56.94201667,-136.0797433,317,318,17.2,0,9187899,ZCDS4
2008-07-13T11:34:10,310505000,TAHITIAN-PRINCESS,GLACIER BAY,56.941305,-136.0785867,317,319,17.2,0,9187899,ZCDS4
2008-07-13T11:34:05,310505000,TAHITIAN-PRINCESS,GLACIER BAY,56.94095,-136.0779983,317,319,17.2,0,9187899,ZCDS4
2008-07-13T11:33:58,310505000,TAHITIAN-PRINCESS,GLACIER BAY,56.940595,-136.0774183,317,319,17.2,0,9187899,ZCDS4
2008-07-13T11:33:53,310505000,TAHITIAN-PRINCESS,GLACIER BAY,56.94023667,-136.076845,317,318,17.2,0,9187899,ZCDS4
2008-07-13T11:33:46,310505000,TAHITIAN-PRINCESS,GLACIER BAY,56.93988,-136.0762667,317,318,17.2,0,9187899,ZCDS4
2008-07-13T11:33:41,310505000,TAHITIAN-PRINCESS,GLACIER BAY,56.93952667,-136.0756783,317,319,17.2,0,9187899,ZCDS4
2008-07-13T11:33:34,310505000,TAHITIAN-PRINCESS,GLACIER BAY,56.939155,-136.0751333,316,318,17.2,0,9187899,ZCDS4
2008-07-13T11:33:29,310505000,TAHITIAN-PRINCESS,GLACIER BAY,56.93880667,-136.0745333,317,319,17.2,0,9187899,ZCDS4
2008-07-13T11:33:22,310505000,TAHITIAN-PRINCESS,GLACIER BAY,56.93845167,-136.07395,317,318,17.2,0,9187899,ZCDS4
2008-07-13T11:33:17,310505000,TAHITIAN-PRINCESS,GLACIER BAY,56.93809667,-136.073365,317,318,17.3,0,9187899,ZCDS4
2008-07-13T11:33:10,310505000,TAHITIAN-PRINCESS,GLACIER BAY,56.93768,-136.0726817,317,319,17.2,0,9187899,ZCDS4
2008-07-13T11:33:05,310505000,TAHITIAN-PRINCESS,GLACIER BAY,56.93738833,-136.072185,317,319,17.3,0,9187899,ZCDS4
2008-07-13T11:32:58,310505000,TAHITIAN-PRINCESS,GLACIER BAY,56.93702167,-136.0716283,317,318,17.3,0,9187899,ZCDS4
2008-07-13T11:32:53,310505000,TAHITIAN-PRINCESS,GLACIER BAY,56.936665,-136.0710433,317,319,17.2,0,9187899,ZCDS4
2008-07-13T11:32:46,310505000,TAHITIAN-PRINCESS,GLACIER BAY,56.93630833,-136.0704617,317,319,17.3,0,9187899,ZCDS4
2008-07-13T11:32:41,310505000,TAHITIAN-PRINCESS,GLACIER BAY,56.93594667,-136.06989,317,318,17.3,0,9187899,ZCDS4
2008-07-13T11:32:39,310505000,TAHITIAN-PRINCESS,GLACIER BAY,56.935585,-136.06931,0,0,0.0,0,9187899,ZCDS4
2008-07-13T11:32:34,310505000,TAHITIAN-PRINCESS,GLACIER BAY,56.935585,-136.06931,317,319,17.2,0,9187899,ZCDS4
2008-07-13T11:32:29,310505000,TAHITIAN-PRINCESS,GLACIER BAY,56.93522667,-136.0687333,317,319,17.3,0,9187899,ZCDS4
2008-07-13T11:32:22,310505000,TAHITIAN-PRINCESS,GLACIER BAY,56.93487167,-136.0681467,317,319,17.3,0,9187899,ZCDS4
2008-07-13T11:32:17,310505000,TAHITIAN-PRINCESS,GLACIER BAY,56.93451333,-136.0675683,317,319,17.3,0,9187899,ZCDS4
2008-07-13T11:32:10,310505000,TAHITIAN-PRINCESS,GLACIER BAY,56.93409167,-136.066895,317,319,17.3,0,9187899,ZCDS4
2008-07-13T11:32:05,310505000,TAHITIAN-PRINCESS,GLACIER BAY,56.93379333,-136.0664033,318,319,17.3,0,9187899,ZCDS4
2008-07-13T11:31:58,310505000,TAHITIAN-PRINCESS,GLACIER BAY,56.93342833,-136.0658367,317,319,17.3,0,9187899,ZCDS4
2008-07-13T11:31:53,310505000,TAHITIAN-PRINCESS,GLACIER BAY,56.93306,-136.0652717,317,319,17.3,0,9187899,ZCDS4
2008-07-13T11:31:47,310505000,TAHITIAN-PRINCESS,GLACIER BAY,56.93270333,-136.0646817,317,319,17.3,0,9187899,ZCDS4
2008-07-13T11:31:41,310505000,TAHITIAN-PRINCESS,GLACIER BAY,56.93234,-136.0641117,317,319,17.3,0,9187899,ZCDS4
2008-07-13T11:31:34,310505000,TAHITIAN-PRINCESS,GLACIER BAY,56.93197,-136.0635533,317,318,17.3,0,9187899,ZCDS4
2008-07-13T11:31:29,310505000,TAHITIAN-PRINCESS,GLACIER BAY,56.93161667,-136.0629533,317,319,17.3,0,9187899,ZCDS4
2008-07-13T11:31:22,310505000,TAHITIAN-PRINCESS,GLACIER BAY,56.93125167,-136.0623883,317,319,17.3,0,9187899,ZCDS4
2008-07-13T11:31:17,310505000,TAHITIAN-PRINCESS,GLACIER BAY,56.93088833,-136.0618217,317,318,17.3,0,9187899,ZCDS4
2008-07-13T11:31:11,310505000,TAHITIAN-PRINCESS,GLACIER BAY,56.93053,-136.0612417,317,319,17.3,0,9187899,ZCDS4
2008-07-13T11:31:04,310505000,TAHITIAN-PRINCESS,GLACIER BAY,56.93017167,-136.0606567,317,318,17.3,0,9187899,ZCDS4
2008-07-13T11:30:58,310505000,TAHITIAN-PRINCESS,GLACIER BAY,56.92981,-136.0600833,317,318,17.3,0,9187899,ZCDS4
2008-07-13T11:30:53,310505000,TAHITIAN-PRINCESS,GLACIER BAY,56.92945833,-136.0594883,317,319,17.3,0,9187899,ZCDS4
2008-07-13T11:30:47,310505000,TAHITIAN-PRINCESS,GLACIER BAY,56.92910333,-136.0588983,317,319,17.3,0,9187899,ZCDS4
2008-07-13T11:30:40,310505000,TAHITIAN-PRINCESS,GLACIER BAY,56.92873667,-136.058335,317,319,17.3,0,9187899,ZCDS4
2008-07-13T11:30:34,310505000,TAHITIAN-PRINCESS,GLACIER BAY,56.92838333,-136.0577417,317,319,17.2,0,9187899,ZCDS4
2008-07-13T11:30:29,310505000,TAHITIAN-PRINCESS,GLACIER BAY,56.92802333,-136.057165,317,319,17.3,0,9187899,ZCDS4
2008-07-13T11:30:22,310505000,TAHITIAN-PRINCESS,GLACIER BAY,56.92766833,-136.056585,317,320,17.3,0,9187899,ZCDS4
2008-07-13T11:30:17,310505000,TAHITIAN-PRINCESS,GLACIER BAY,56.92730167,-136.05602,317,318,17.3,0,9187899,ZCDS4
2008-07-13T11:30:11,310505000,TAHITIAN-PRINCESS,GLACIER BAY,56.92695167,-136.0554217,317,320,17.2,0,9187899,ZCDS4
2008-07-13T11:30:04,310505000,TAHITIAN-PRINCESS,GLACIER BAY,56.92658167,-136.054875,317,319,17.3,0,9187899,ZCDS4
2008-07-13T11:29:58,310505000,TAHITIAN-PRINCESS,GLACIER BAY,56.92622167,-136.0542967,317,319,17.2,0,9187899,ZCDS4
2008-07-13T11:29:47,310505000,TAHITIAN-PRINCESS,GLACIER BAY,56.92549833,-136.053155,317,319,17.3,0,9187899,ZCDS4
2008-07-13T11:29:40,310505000,TAHITIAN-PRINCESS,GLACIER BAY,56.92513167,-136.0525883,317,319,17.2,0,9187899,ZCDS4
2008-07-13T11:29:29,310505000,TAHITIAN-PRINCESS,GLACIER BAY,56.92441,-136.05144,317,318,17.3,0,9187899,ZCDS4
2008-07-13T11:29:22,310505000,TAHITIAN-PRINCESS,GLACIER BAY,56.92405833,-136.050845,317,319,17.3,0,9187899,ZCDS4
2008-07-13T11:29:11,310505000,TAHITIAN-PRINCESS,GLACIER BAY,56.923335,-136.0496967,317,318,17.3,0,9187899,ZCDS4
2008-07-13T11:29:04,310505000,TAHITIAN-PRINCESS,GLACIER BAY,56.922985,-136.0490983,317,319,17.3,0,9187899,ZCDS4
2008-07-13T11:28:58,310505000,TAHITIAN-PRINCESS,GLACIER BAY,56.922625,-136.0485217,317,318,17.3,0,9187899,ZCDS4
2008-07-13T11:28:53,310505000,TAHITIAN-PRINCESS,GLACIER BAY,56.92225833,-136.0479583,316,318,17.3,0,9187899,ZCDS4
2008-07-13T11:28:47,310505000,TAHITIAN-PRINCESS,GLACIER BAY,56.92191167,-136.0473517,317,318,17.2,0,9187899,ZCDS4
2008-07-13T11:28:40,310505000,TAHITIAN-PRINCESS,GLACIER BAY,56.92155,-136.04678,317,318,17.3,0,9187899,ZCDS4
2008-07-13T11:28:34,310505000,TAHITIAN-PRINCESS,GLACIER BAY,56.92119167,-136.0461983,317,318,17.4,0,9187899,ZCDS4
2008-07-13T11:28:29,310505000,TAHITIAN-PRINCESS,GLACIER BAY,56.92083667,-136.0456067,317,318,17.3,0,9187899,ZCDS4
2008-07-13T11:28:22,310505000,TAHITIAN-PRINCESS,GLACIER BAY,56.92047333,-136.0450317,317,318,17.3,0,9187899,ZCDS4
2008-07-13T11:28:17,310505000,TAHITIAN-PRINCESS,GLACIER BAY,56.92012,-136.0444367,317,318,17.4,0,9187899,ZCDS4
2008-07-13T11:28:11,310505000,TAHITIAN-PRINCESS,GLACIER BAY,56.91976167,-136.043855,317,319,17.3,0,9187899,ZCDS4
2008-07-13T11:27:58,310505000,TAHITIAN-PRINCESS,GLACIER BAY,56.91904167,-136.0426883,317,318,17.4,0,9187899,ZCDS4
2008-07-13T11:27:53,310505000,TAHITIAN-PRINCESS,GLACIER BAY,56.918685,-136.042095,317,320,17.4,0,9187899,ZCDS4
2008-07-13T11:27:47,310505000,TAHITIAN-PRINCESS,GLACIER BAY,56.91831167,-136.041535,317,318,17.4,0,9187899,ZCDS4
2008-07-13T11:27:40,310505000,TAHITIAN-PRINCESS,GLACIER BAY,56.91795333,-136.0409417,317,319,17.4,0,9187899,ZCDS4
2008-07-13T11:27:34,310505000,TAHITIAN-PRINCESS,GLACIER BAY,56.91759,-136.04036,317,318,17.4,0,9187899,ZCDS4
2008-07-13T11:27:29,310505000,TAHITIAN-PRINCESS,GLACIER BAY,56.91723167,-136.0397683,317,319,17.5,0,9187899,ZCDS4
2008-07-13T11:27:22,310505000,TAHITIAN-PRINCESS,GLACIER BAY,56.91686167,-136.0392,317,319,17.5,0,9187899,ZCDS4
2008-07-13T11:27:11,310505000,TAHITIAN-PRINCESS,GLACIER BAY,56.91614,-136.0380117,317,319,17.5,0,9187899,ZCDS4
2008-07-13T11:27:04,310505000,TAHITIAN-PRINCESS,GLACIER BAY,56.915775,-136.0374283,317,319,17.5,0,9187899,ZCDS4
2008-07-13T11:26:59,310505000,TAHITIAN-PRINCESS,GLACIER BAY,56.91540833,-136.03685,317,319,17.5,0,9187899,ZCDS4
2008-07-13T11:26:47,310505000,TAHITIAN-PRINCESS,GLACIER BAY,56.91467833,-136.0356833,317,319,17.5,0,9187899,ZCDS4
2008-07-13T11:26:41,310505000,TAHITIAN-PRINCESS,GLACIER BAY,56.91431167,-136.0351,318,320,17.5,0,9187899,ZCDS4
2008-07-13T11:26:34,310505000,TAHITIAN-PRINCESS,GLACIER BAY,56.91393,-136.0345583,317,319,17.5,0,9187899,ZCDS4
2008-07-13T11:26:22,310505000,TAHITIAN-PRINCESS,GLACIER BAY,56.9132,-136.03338,318,319,17.5,0,9187899,ZCDS4
2008-07-13T11:25:46,310505000,TAHITIAN-PRINCESS,GLACIER BAY,56.91099833,-136.0299067,317,319,17.5,0,9187899,ZCDS4
2008-07-13T11:25:34,310505000,TAHITIAN-PRINCESS,GLACIER BAY,56.91026833,-136.0287467,317,319,17.4,0,9187899,ZCDS4
2008-07-13T11:25:28,310505000,TAHITIAN-PRINCESS,GLACIER BAY,56.90990333,-136.0281683,317,319,17.5,0,9187899,ZCDS4
2008-07-13T11:25:16,310505000,TAHITIAN-PRINCESS,GLACIER BAY,56.90916333,-136.0270233,317,318,17.4,0,9187899,ZCDS4
2008-07-13T11:25:10,310505000,TAHITIAN-PRINCESS,GLACIER BAY,56.90874167,-136.026345,317,319,17.5,0,9187899,ZCDS4
2008-07-13T11:24:59,310505000,TAHITIAN-PRINCESS,GLACIER BAY,56.90807167,-136.0252833,316,318,17.4,0,9187899,ZCDS4
2008-07-13T11:24:46,310505000,TAHITIAN-PRINCESS,GLACIER BAY,56.90735333,-136.0241067,316,318,17.4,0,9187899,ZCDS4
2008-07-13T11:24:34,310505000,TAHITIAN-PRINCESS,GLACIER BAY,56.90663833,-136.022925,316,318,17.4,0,9187899,ZCDS4
2008-07-13T11:24:22,310505000,TAHITIAN-PRINCESS,GLACIER BAY,56.90592333,-136.0217317,316,318,17.4,0,9187899,ZCDS4
2008-07-13T11:24:10,310505000,TAHITIAN-PRINCESS,GLACIER BAY,56.90515167,-136.02044,316,318,17.4,0,9187899,ZCDS4
2008-07-13T11:23:58,310505000,TAHITIAN-PRINCESS,GLACIER BAY,56.90449833,-136.0193417,316,318,17.4,0,9187899,ZCDS4
2008-07-13T11:23:46,310505000,TAHITIAN-PRINCESS,GLACIER BAY,56.90378,-136.0181633,317,319,17.4,0,9187899,ZCDS4
2008-07-13T11:23:40,310505000,TAHITIAN-PRINCESS,GLACIER BAY,56.90342333,-136.0175733,317,319,17.4,0,9187899,ZCDS4
2008-07-13T11:23:34,310505000,TAHITIAN-PRINCESS,GLACIER BAY,56.90306,-136.0169917,317,318,17.3,0,9187899,ZCDS4
2008-07-13T11:23:22,310505000,TAHITIAN-PRINCESS,GLACIER BAY,56.90234,-136.0158217,317,319,17.4,0,9187899,ZCDS4
2008-07-13T11:22:46,310505000,TAHITIAN-PRINCESS,GLACIER BAY,56.90016167,-136.0123433,317,319,17.3,0,9187899,ZCDS4
2008-07-13T11:22:34,310505000,TAHITIAN-PRINCESS,GLACIER BAY,56.899435,-136.0111967,317,319,17.4,0,9187899,ZCDS4
2008-07-13T11:22:23,310505000,TAHITIAN-PRINCESS,GLACIER BAY,56.89870833,-136.010045,317,319,17.4,0,9187899,ZCDS4
2008-07-13T11:22:10,310505000,TAHITIAN-PRINCESS,GLACIER BAY,56.89792833,-136.0087817,317,318,17.3,0,9187899,ZCDS4
2008-07-13T11:21:46,310505000,TAHITIAN-PRINCESS,GLACIER BAY,56.89655167,-136.0065533,317,319,17.3,0,9187899,ZCDS4
2008-07-13T11:21:22,310505000,TAHITIAN-PRINCESS,GLACIER BAY,56.89510667,-136.0042417,317,319,17.3,0,9187899,ZCDS4
2008-07-13T11:21:10,310505000,TAHITIAN-PRINCESS,GLACIER BAY,56.894325,-136.00298,317,319,17.4,0,9187899,ZCDS4
2008-07-13T11:20:58,310505000,TAHITIAN-PRINCESS,GLACIER BAY,56.89360167,-136.001825,317,319,17.3,0,9187899,ZCDS4
2008-07-13T11:20:46,310505000,TAHITIAN-PRINCESS,GLACIER BAY,56.89293667,-136.00077,317,319,17.4,0,9187899,ZCDS4
2008-07-13T11:20:39,310505000,TAHITIAN-PRINCESS,GLACIER BAY,56.89215333,-135.9995083,0,0,0.0,0,9187899,ZCDS4
2008-07-13T11:20:34,310505000,TAHITIAN-PRINCESS,GLACIER BAY,56.89215333,-135.9995083,317,319,17.3,0,9187899,ZCDS4
2008-07-13T11:20:22,310505000,TAHITIAN-PRINCESS,GLACIER BAY,56.89149,-135.9984467,318,319,17.4,0,9187899,ZCDS4
2008-07-13T11:20:16,310505000,TAHITIAN-PRINCESS,GLACIER BAY,56.89112667,-135.9978617,318,319,17.4,0,9187899,ZCDS4
2008-07-13T11:20:09,310505000,TAHITIAN-PRINCESS,GLACIER BAY,56.89070667,-135.9971833,318,319,17.3,0,9187899,ZCDS4
2008-07-13T11:19:58,310505000,TAHITIAN-PRINCESS,GLACIER BAY,56.88997833,-135.9960367,318,320,17.3,0,9187899,ZCDS4
2008-07-13T11:19:46,310505000,TAHITIAN-PRINCESS,GLACIER BAY,56.88930667,-135.9949983,318,319,17.3,0,9187899,ZCDS4
2008-07-13T11:19:40,310505000,TAHITIAN-PRINCESS,GLACIER BAY,56.88894667,-135.99441,318,319,17.4,0,9187899,ZCDS4
2008-07-13T11:19:34,310505000,TAHITIAN-PRINCESS,GLACIER BAY,56.888515,-135.9937583,318,319,17.3,0,9187899,ZCDS4
2008-07-13T11:19:22,310505000,TAHITIAN-PRINCESS,GLACIER BAY,56.88784833,-135.9927067,318,319,17.3,0,9187899,ZCDS4
2008-07-13T11:18:58,310505000,TAHITIAN-PRINCESS,GLACIER BAY,56.88633833,-135.9903083,317,318,17.4,0,9187899,ZCDS4
2008-07-13T11:18:52,310505000,TAHITIAN-PRINCESS,GLACIER BAY,56.88597667,-135.9897317,317,318,17.3,0,9187899,ZCDS4
2008-07-13T11:18:34,310505000,TAHITIAN-PRINCESS,GLACIER BAY,56.88490333,-135.987975,317,318,17.3,0,9187899,ZCDS4
2008-07-13T11:18:22,310505000,TAHITIAN-PRINCESS,GLACIER BAY,56.88424833,-135.9869,317,318,17.3,0,9187899,ZCDS4
2008-07-13T11:18:04,310505000,TAHITIAN-PRINCESS,GLACIER BAY,56.88318,-135.9851483,317,318,17.3,0,9187899,ZCDS4
2008-07-13T11:17:58,310505000,TAHITIAN-PRINCESS,GLACIER BAY,56.88276667,-135.9844633,317,319,17.3,0,9187899,ZCDS4
2008-07-13T11:17:51,310505000,TAHITIAN-PRINCESS,GLACIER BAY,56.88241167,-135.983875,317,318,17.3,0,9187899,ZCDS4
2008-07-13T11:17:46,310505000,TAHITIAN-PRINCESS,GLACIER BAY,56.88205,-135.9833017,317,318,17.2,0,9187899,ZCDS4
2008-07-13T11:17:34,310505000,TAHITIAN-PRINCESS,GLACIER BAY,56.881335,-135.9821417,317,318,17.3,0,9187899,ZCDS4
2008-07-13T11:17:21,310505000,TAHITIAN-PRINCESS,GLACIER BAY,56.88063,-135.98096,317,318,17.3,0,9187899,ZCDS4
2008-07-13T11:17:10,310505000,TAHITIAN-PRINCESS,GLACIER BAY,56.87991167,-135.979805,317,319,17.3,0,9187899,ZCDS4
2008-07-13T11:17:04,310505000,TAHITIAN-PRINCESS,GLACIER BAY,56.87955667,-135.97922,318,319,17.3,0,9187899,ZCDS4
2008-07-13T11:16:58,310505000,TAHITIAN-PRINCESS,GLACIER BAY,56.879195,-135.9786483,318,319,17.2,0,9187899,ZCDS4
2008-07-13T11:16:34,310505000,TAHITIAN-PRINCESS,GLACIER BAY,56.87776,-135.9763383,318,320,17.2,0,9187899,ZCDS4
2008-07-13T11:16:04,310505000,TAHITIAN-PRINCESS,GLACIER BAY,56.87594,-135.9735167,318,319,17.2,0,9187899,ZCDS4
2008-07-13T11:15:58,310505000,TAHITIAN-PRINCESS,GLACIER BAY,56.87558,-135.9729433,318,319,17.2,0,9187899,ZCDS4
2008-07-13T11:15:46,310505000,TAHITIAN-PRINCESS,GLACIER BAY,56.87485167,-135.971825,318,319,17.2,0,9187899,ZCDS4
2008-07-13T11:15:39,310505000,TAHITIAN-PRINCESS,GLACIER BAY,56.87449333,-135.9712483,318,319,17.2,0,9187899,ZCDS4
2008-07-13T11:15:34,310505000,TAHITIAN-PRINCESS,GLACIER BAY,56.87413667,-135.9706733,318,319,17.2,0,9187899,ZCDS4
2008-07-13T11:15:16,310505000,TAHITIAN-PRINCESS,GLACIER BAY,56.87306167,-135.9689617,317,319,17.2,0,9187899,ZCDS4
2008-07-13T11:15:10,310505000,TAHITIAN-PRINCESS,GLACIER BAY,56.87269167,-135.9684183,317,319,17.3,0,9187899,ZCDS4
2008-07-13T11:14:58,310505000,TAHITIAN-PRINCESS,GLACIER BAY,56.87198833,-135.9672317,317,318,17.2,0,9187899,ZCDS4
2008-07-13T11:14:46,310505000,TAHITIAN-PRINCESS,GLACIER BAY,56.87126833,-135.966095,317,318,17.2,0,9187899,ZCDS4
2008-07-13T11:14:39,310505000,TAHITIAN-PRINCESS,GLACIER BAY,56.8702,-135.9643583,0,0,0.0,0,9187899,ZCDS4
2008-07-13T11:14:27,310505000,TAHITIAN-PRINCESS,GLACIER BAY,56.8702,-135.9643583,317,319,17.2,0,9187899,ZCDS4
2008-07-13T11:14:09,310505000,TAHITIAN-PRINCESS,GLACIER BAY,56.86907,-135.9625217,317,318,17.1,0,9187899,ZCDS4
2008-07-13T11:13:58,310505000,TAHITIAN-PRINCESS,GLACIER BAY,56.86842167,-135.9614567,317,319,17.2,0,9187899,ZCDS4
2008-07-13T11:13:52,310505000,TAHITIAN-PRINCESS,GLACIER BAY,56.86805333,-135.960905,317,318,17.2,0,9187899,ZCDS4
2008-07-13T11:13:46,310505000,TAHITIAN-PRINCESS,GLACIER BAY,56.86770833,-135.9602983,317,318,17.1,0,9187899,ZCDS4
2008-07-13T11:13:39,310505000,TAHITIAN-PRINCESS,GLACIER BAY,56.86734333,-135.9597433,317,318,17.2,0,9187899,ZCDS4
2008-07-13T11:13:33,310505000,TAHITIAN-PRINCESS,GLACIER BAY,56.86698,-135.9591817,317,318,17.3,0,9187899,ZCDS4
2008-07-13T11:13:22,310505000,TAHITIAN-PRINCESS,GLACIER BAY,56.86627333,-135.9580083,317,318,17.2,0,9187899,ZCDS4
2008-07-13T11:13:09,310505000,TAHITIAN-PRINCESS,GLACIER BAY,56.86550667,-135.9567383,317,318,17.2,0,9187899,ZCDS4
2008-07-13T11:12:57,310505000,TAHITIAN-PRINCESS,GLACIER BAY,56.86485167,-135.95568,317,318,17.2,0,9187899,ZCDS4
2008-07-13T11:12:45,310505000,TAHITIAN-PRINCESS,GLACIER BAY,56.86415,-135.9544983,318,319,17.2,0,9187899,ZCDS4
2008-07-13T11:12:33,310505000,TAHITIAN-PRINCESS,GLACIER BAY,56.86337167,-135.953255,318,319,17.2,0,9187899,ZCDS4
2008-07-13T11:12:22,310505000,TAHITIAN-PRINCESS,GLACIER BAY,56.86271,-135.952215,318,319,17.2,0,9187899,ZCDS4
2008-07-13T11:12:09,310505000,TAHITIAN-PRINCESS,GLACIER BAY,56.86192833,-135.9509867,318,319,17.2,0,9187899,ZCDS4
2008-07-13T11:12:04,310505000,TAHITIAN-PRINCESS,GLACIER BAY,56.86162667,-135.9505167,318,319,17.2,0,9187899,ZCDS4
2008-07-13T11:11:57,310505000,TAHITIAN-PRINCESS,GLACIER BAY,56.86126333,-135.9499467,318,319,17.2,0,9187899,ZCDS4
2008-07-13T11:11:45,310505000,TAHITIAN-PRINCESS,GLACIER BAY,56.86054667,-135.9488,318,319,17.2,0,9187899,ZCDS4
2008-07-13T11:11:40,310505000,TAHITIAN-PRINCESS,GLACIER BAY,56.86018333,-135.94824,318,320,17.2,0,9187899,ZCDS4
2008-07-13T11:11:33,310505000,TAHITIAN-PRINCESS,GLACIER BAY,56.85976,-135.9475783,319,320,17.2,0,9187899,ZCDS4
2008-07-13T11:11:22,310505000,TAHITIAN-PRINCESS,GLACIER BAY,56.85909667,-135.9465467,319,320,17.2,0,9187899,ZCDS4
2008-07-13T11:11:03,310505000,TAHITIAN-PRINCESS,GLACIER BAY,56.85800667,-135.9448633,319,320,17.2,0,9187899,ZCDS4
2008-07-13T11:10:45,310505000,TAHITIAN-PRINCESS,GLACIER BAY,56.856855,-135.94309,318,319,17.1,0,9187899,ZCDS4
2008-07-13T11:10:33,310505000,TAHITIAN-PRINCESS,GLACIER BAY,56.85613333,-135.94196,318,319,17.2,0,9187899,ZCDS4
2008-07-13T11:10:27,310505000,TAHITIAN-PRINCESS,GLACIER BAY,56.85583167,-135.9414917,317,318,17.1,0,9187899,ZCDS4
2008-07-13T11:10:22,310505000,TAHITIAN-PRINCESS,GLACIER BAY,56.855475,-135.9409167,317,318,17.1,0,9187899,ZCDS4
2008-07-13T11:10:09,310505000,TAHITIAN-PRINCESS,GLACIER BAY,56.85470667,-135.939675,317,318,17.1,0,9187899,ZCDS4
2008-07-13T11:09:57,310505000,TAHITIAN-PRINCESS,GLACIER BAY,56.85400167,-135.93851,317,318,17.1,0,9187899,ZCDS4
2008-07-13T11:09:45,310505000,TAHITIAN-PRINCESS,GLACIER BAY,56.85329,-135.9373633,317,319,17.1,0,9187899,ZCDS4
2008-07-13T11:09:22,310505000,TAHITIAN-PRINCESS,GLACIER BAY,56.85192833,-135.93517,317,318,17.1,0,9187899,ZCDS4
2008-07-13T11:09:09,310505000,TAHITIAN-PRINCESS,GLACIER BAY,56.85117,-135.933915,317,318,17.1,0,9187899,ZCDS4
2008-07-13T11:08:57,310505000,TAHITIAN-PRINCESS,GLACIER BAY,56.850465,-135.932765,317,319,17.0,0,9187899,ZCDS4
2008-07-13T11:08:45,310505000,TAHITIAN-PRINCESS,GLACIER BAY,56.84976167,-135.9316167,317,318,17.1,0,9187899,ZCDS4
2008-07-13T11:08:39,310505000,TAHITIAN-PRINCESS,GLACIER BAY,56.84910667,-135.9305833,0,0,0.0,0,9187899,ZCDS4
2008-07-13T11:08:34,310505000,TAHITIAN-PRINCESS,GLACIER BAY,56.84910667,-135.9305833,317,318,17.0,0,9187899,ZCDS4
2008-07-13T11:08:22,310505000,TAHITIAN-PRINCESS,GLACIER BAY,56.84839833,-135.9294433,317,319,17.1,0,9187899,ZCDS4
2008-07-13T11:08:15,310505000,TAHITIAN-PRINCESS,GLACIER BAY,56.848045,-135.9288683,318,319,17.0,0,9187899,ZCDS4
2008-07-13T11:08:09,310505000,TAHITIAN-PRINCESS,GLACIER BAY,56.84763,-135.928205,318,319,17.0,0,9187899,ZCDS4
2008-07-13T11:07:57,310505000,TAHITIAN-PRINCESS,GLACIER BAY,56.84691667,-135.9270767,317,319,17.1,0,9187899,ZCDS4
2008-07-13T11:07:45,310505000,TAHITIAN-PRINCESS,GLACIER BAY,56.84620167,-135.9259483,317,318,17.1,0,9187899,ZCDS4
2008-07-13T11:07:34,310505000,TAHITIAN-PRINCESS,GLACIER BAY,56.84555167,-135.9249017,317,318,17.0,0,9187899,ZCDS4
2008-07-13T11:07:15,310505000,TAHITIAN-PRINCESS,GLACIER BAY,56.84443667,-135.9230867,317,318,17.0,0,9187899,ZCDS4
2008-07-13T11:07:09,310505000,TAHITIAN-PRINCESS,GLACIER BAY,56.844085,-135.9225183,317,319,17.0,0,9187899,ZCDS4
2008-07-13T11:06:57,310505000,TAHITIAN-PRINCESS,GLACIER BAY,56.843385,-135.921365,317,319,17.0,0,9187899,ZCDS4
2008-07-13T11:06:45,310505000,TAHITIAN-PRINCESS,GLACIER BAY,56.84268,-135.9202283,317,319,17.0,0,9187899,ZCDS4
2008-07-13T11:06:39,310505000,TAHITIAN-PRINCESS,GLACIER BAY,56.84233167,-135.9196517,317,319,17.0,0,9187899,ZCDS4
2008-07-13T11:06:34,310505000,TAHITIAN-PRINCESS,GLACIER BAY,56.84203667,-135.9191733,318,319,17.0,0,9187899,ZCDS4
2008-07-13T11:06:15,310505000,TAHITIAN-PRINCESS,GLACIER BAY,56.84091833,-135.9173833,318,319,16.9,0,9187899,ZCDS4
2008-07-13T11:06:09,310505000,TAHITIAN-PRINCESS,GLACIER BAY,56.840565,-135.9168133,318,320,17.0,0,9187899,ZCDS4
2008-07-13T11:06:03,310505000,TAHITIAN-PRINCESS,GLACIER BAY,56.84026667,-135.91635,318,319,16.9,0,9187899,ZCDS4
2008-07-13T11:05:57,310505000,TAHITIAN-PRINCESS,GLACIER BAY,56.83985333,-135.9156933,318,320,17.0,0,9187899,ZCDS4
2008-07-13T11:05:45,310505000,TAHITIAN-PRINCESS,GLACIER BAY,56.83914,-135.9145733,318,319,17.0,0,9187899,ZCDS4
2008-07-13T11:05:09,310505000,TAHITIAN-PRINCESS,GLACIER BAY,56.837005,-135.911215,317,319,17.0,0,9187899,ZCDS4
2008-07-13T11:05:03,310505000,TAHITIAN-PRINCESS,GLACIER BAY,56.836705,-135.9107583,317,318,17.0,0,9187899,ZCDS4
2008-07-13T11:04:57,310505000,TAHITIAN-PRINCESS,GLACIER BAY,56.836295,-135.91009,317,318,17.0,0,9187899,ZCDS4
2008-07-13T11:04:44,310505000,TAHITIAN-PRINCESS,GLACIER BAY,56.83559667,-135.9089433,317,318,17.0,0,9187899,ZCDS4
2008-07-13T11:04:33,310505000,TAHITIAN-PRINCESS,GLACIER BAY,56.834955,-135.9078967,317,318,16.9,0,9187899,ZCDS4
2008-07-13T11:04:20,310505000,TAHITIAN-PRINCESS,GLACIER BAY,56.83419167,-135.9066733,317,319,16.9,0,9187899,ZCDS4
2008-07-13T11:04:09,310505000,TAHITIAN-PRINCESS,GLACIER BAY,56.83348833,-135.9055417,317,318,16.9,0,9187899,ZCDS4
2008-07-13T11:04:03,310505000,TAHITIAN-PRINCESS,GLACIER BAY,56.83319667,-135.9050683,317,319,16.9,0,9187899,ZCDS4
2008-07-13T11:03:57,310505000,TAHITIAN-PRINCESS,GLACIER BAY,56.83278167,-135.9044167,317,318,16.9,0,9187899,ZCDS4
2008-07-13T11:03:44,310505000,TAHITIAN-PRINCESS,GLACIER BAY,56.83208333,-135.903275,317,319,17.0,0,9187899,ZCDS4
2008-07-13T11:03:09,310505000,TAHITIAN-PRINCESS,GLACIER BAY,56.82997333,-135.8998617,317,319,17.1,0,9187899,ZCDS4
2008-07-13T11:03:03,310505000,TAHITIAN-PRINCESS,GLACIER BAY,56.82962,-135.89929,317,318,17.0,0,9187899,ZCDS4
2008-07-13T11:02:56,310505000,TAHITIAN-PRINCESS,GLACIER BAY,56.82926167,-135.89873,317,319,17.0,0,9187899,ZCDS4
2008-07-13T11:02:51,310505000,TAHITIAN-PRINCESS,GLACIER BAY,56.82890833,-135.8981667,317,319,17.0,0,9187899,ZCDS4
2008-07-13T11:02:44,310505000,TAHITIAN-PRINCESS,GLACIER BAY,56.82849,-135.8975133,317,318,17.0,0,9187899,ZCDS4
2008-07-13T11:02:26,310505000,TAHITIAN-PRINCESS,GLACIER BAY,56.82748833,-135.895895,317,319,17.1,0,9187899,ZCDS4
2008-07-13T11:02:20,310505000,TAHITIAN-PRINCESS,GLACIER BAY,56.82713667,-135.8953167,317,318,17.0,0,9187899,ZCDS4
2008-07-13T11:02:14,310505000,TAHITIAN-PRINCESS,GLACIER BAY,56.82678,-135.8947533,317,319,17.1,0,9187899,ZCDS4
2008-07-13T11:02:08,310505000,TAHITIAN-PRINCESS,GLACIER BAY,56.826425,-135.89418,317,319,17.1,0,9187899,ZCDS4
2008-07-13T11:02:03,310505000,TAHITIAN-PRINCESS,GLACIER BAY,56.82606833,-135.8936117,317,318,17.0,0,9187899,ZCDS4
2008-07-13T11:01:56,310505000,TAHITIAN-PRINCESS,GLACIER BAY,56.82570833,-135.8930533,317,318,17.1,0,9187899,ZCDS4
2008-07-13T11:01:44,310505000,TAHITIAN-PRINCESS,GLACIER BAY,56.82493667,-135.8918183,317,318,17.0,0,9187899,ZCDS4
2008-07-13T11:01:38,310505000,TAHITIAN-PRINCESS,GLACIER BAY,56.82464667,-135.8913317,317,319,17.1,0,9187899,ZCDS4
2008-07-13T11:01:32,310505000,TAHITIAN-PRINCESS,GLACIER BAY,56.82423,-135.890675,317,318,17.1,0,9187899,ZCDS4
2008-07-13T11:01:27,310505000,TAHITIAN-PRINCESS,GLACIER BAY,56.82394,-135.890185,317,319,17.1,0,9187899,ZCDS4
2008-07-13T11:01:21,310505000,TAHITIAN-PRINCESS,GLACIER BAY,56.82358333,-135.8896167,317,319,17.1,0,9187899,ZCDS4
2008-07-13T11:01:08,310505000,TAHITIAN-PRINCESS,GLACIER BAY,56.82287667,-135.888465,317,319,17.1,0,9187899,ZCDS4
2008-07-13T11:00:44,310505000,TAHITIAN-PRINCESS,GLACIER BAY,56.82138167,-135.886105,317,319,17.2,0,9187899,ZCDS4
2008-07-13T11:00:32,310505000,TAHITIAN-PRINCESS,GLACIER BAY,56.82067,-135.8849583,317,319,17.1,0,9187899,ZCDS4
2008-07-13T11:00:26,310505000,TAHITIAN-PRINCESS,GLACIER BAY,56.820375,-135.88448,318,319,17.2,0,9187899,ZCDS4
2008-07-13T11:00:09,310505000,TAHITIAN-PRINCESS,GLACIER BAY,56.81929167,-135.8827933,318,319,17.1,0,9187899,ZCDS4
2008-07-13T10:59:45,310505000,TAHITIAN-PRINCESS,GLACIER BAY,56.81785667,-135.8805317,317,319,17.1,0,9187899,ZCDS4
2008-07-13T10:59:32,310505000,TAHITIAN-PRINCESS,GLACIER BAY,56.81708167,-135.8792917,318,319,17.1,0,9187899,ZCDS4
2008-07-13T10:59:21,310505000,TAHITIAN-PRINCESS,GLACIER BAY,56.81641667,-135.878275,317,318,17.2,0,9187899,ZCDS4
2008-07-13T10:59:08,310505000,TAHITIAN-PRINCESS,GLACIER BAY,56.815705,-135.8771217,317,319,17.1,0,9187899,ZCDS4
2008-07-13T10:58:50,310505000,TAHITIAN-PRINCESS,GLACIER BAY,56.81457333,-135.8753183,317,319,17.2,0,9187899,ZCDS4
2008-07-13T10:58:45,310505000,TAHITIAN-PRINCESS,GLACIER BAY,56.81427333,-135.8748433,317,318,17.2,0,9187899,ZCDS4
2008-07-13T10:58:32,310505000,TAHITIAN-PRINCESS,GLACIER BAY,56.81351333,-135.873575,317,319,17.2,0,9187899,ZCDS4
2008-07-13T10:58:21,310505000,TAHITIAN-PRINCESS,GLACIER BAY,56.81285667,-135.8725283,317,318,17.2,0,9187899,ZCDS4
2008-07-13T10:58:08,310505000,TAHITIAN-PRINCESS,GLACIER BAY,56.81215,-135.8713683,317,319,17.2,0,9187899,ZCDS4
2008-07-13T10:57:56,310505000,TAHITIAN-PRINCESS,GLACIER BAY,56.811375,-135.8701283,317,319,17.1,0,9187899,ZCDS4
2008-07-13T10:57:45,310505000,TAHITIAN-PRINCESS,GLACIER BAY,56.81071833,-135.8690917,317,319,17.1,0,9187899,ZCDS4
2008-07-13T10:57:32,310505000,TAHITIAN-PRINCESS,GLACIER BAY,56.809945,-135.8678617,317,319,17.0,0,9187899,ZCDS4
2008-07-13T10:57:26,310505000,TAHITIAN-PRINCESS,GLACIER BAY,56.80965167,-135.867385,317,319,17.1,0,9187899,ZCDS4
2008-07-13T10:57:21,310505000,TAHITIAN-PRINCESS,GLACIER BAY,56.80928667,-135.8668367,317,318,17.1,0,9187899,ZCDS4
2008-07-13T10:57:08,310505000,TAHITIAN-PRINCESS,GLACIER BAY,56.80858333,-135.86568,317,319,17.0,0,9187899,ZCDS4
2008-07-13T10:57:02,310505000,TAHITIAN-PRINCESS,GLACIER BAY,56.80816167,-135.86503,317,318,17.1,0,9187899,ZCDS4
2008-07-13T10:56:56,310505000,TAHITIAN-PRINCESS,GLACIER BAY,56.80781833,-135.864435,317,318,17.1,0,9187899,ZCDS4
2008-07-13T10:56:44,310505000,TAHITIAN-PRINCESS,GLACIER BAY,56.80715833,-135.8634117,317,318,17.1,0,9187899,ZCDS4
2008-07-13T10:56:39,310505000,TAHITIAN-PRINCESS,GLACIER BAY,56.80639333,-135.8621617,0,0,0.0,0,9187899,ZCDS4
2008-07-13T10:56:32,310505000,TAHITIAN-PRINCESS,GLACIER BAY,56.80639333,-135.8621617,316,318,17.1,0,9187899,ZCDS4
2008-07-13T10:56:21,310505000,TAHITIAN-PRINCESS,GLACIER BAY,56.80574333,-135.8611067,316,318,17.1,0,9187899,ZCDS4
2008-07-13T10:56:08,310505000,TAHITIAN-PRINCESS,GLACIER BAY,56.80504,-135.8599533,316,318,17.2,0,9187899,ZCDS4
2008-07-13T10:55:56,310505000,TAHITIAN-PRINCESS,GLACIER BAY,56.80427833,-135.8586917,316,319,17.1,0,9187899,ZCDS4
2008-07-13T10:55:44,310505000,TAHITIAN-PRINCESS,GLACIER BAY,56.80362667,-135.8576333,316,319,17.2,0,9187899,ZCDS4
2008-07-13T10:55:32,310505000,TAHITIAN-PRINCESS,GLACIER BAY,56.802855,-135.85639,317,319,17.1,0,9187899,ZCDS4
2008-07-13T10:55:26,310505000,TAHITIAN-PRINCESS,GLACIER BAY,56.80256667,-135.8558933,317,320,17.2,0,9187899,ZCDS4
2008-07-13T10:55:21,310505000,TAHITIAN-PRINCESS,GLACIER BAY,56.80220333,-135.855335,317,319,17.2,0,9187899,ZCDS4
2008-07-13T10:55:14,310505000,TAHITIAN-PRINCESS,GLACIER BAY,56.80178833,-135.854665,317,319,17.2,0,9187899,ZCDS4
2008-07-13T10:55:08,310505000,TAHITIAN-PRINCESS,GLACIER BAY,56.80149,-135.85419,317,320,17.2,0,9187899,ZCDS4
2008-07-13T10:54:56,310505000,TAHITIAN-PRINCESS,GLACIER BAY,56.80070833,-135.85297,317,319,17.2,0,9187899,ZCDS4
2008-07-13T10:54:44,310505000,TAHITIAN-PRINCESS,GLACIER BAY,56.79998333,-135.8518483,317,319,17.2,0,9187899,ZCDS4
2008-07-13T10:54:38,310505000,TAHITIAN-PRINCESS,GLACIER BAY,56.79963167,-135.8512683,317,319,17.2,0,9187899,ZCDS4
2008-07-13T10:54:32,310505000,TAHITIAN-PRINCESS,GLACIER BAY,56.799265,-135.8507133,317,319,17.1,0,9187899,ZCDS4
2008-07-13T10:54:20,310505000,TAHITIAN-PRINCESS,GLACIER BAY,56.79861167,-135.84967,317,319,17.1,0,9187899,ZCDS4
2008-07-13T10:54:14,310505000,TAHITIAN-PRINCESS,GLACIER BAY,56.79819333,-135.84901,317,318,17.1,0,9187899,ZCDS4
2008-07-13T10:53:56,310505000,TAHITIAN-PRINCESS,GLACIER BAY,56.79713167,-135.847275,317,319,17.1,0,9187899,ZCDS4
2008-07-13T10:53:50,310505000,TAHITIAN-PRINCESS,GLACIER BAY,56.79683333,-135.84681,317,319,17.1,0,9187899,ZCDS4
2008-07-13T10:53:44,310505000,TAHITIAN-PRINCESS,GLACIER BAY,56.79641333,-135.846155,317,319,17.0,0,9187899,ZCDS4
2008-07-13T10:53:38,310505000,TAHITIAN-PRINCESS,GLACIER BAY,56.79612333,-135.8456667,317,319,17.1,0,9187899,ZCDS4
2008-07-13T10:53:32,310505000,TAHITIAN-PRINCESS,GLACIER BAY,56.79576167,-135.8451133,317,320,17.2,0,9187899,ZCDS4
2008-07-13T10:53:26,310505000,TAHITIAN-PRINCESS,GLACIER BAY,56.79540333,-135.844545,317,318,17.0,0,9187899,ZCDS4
2008-07-13T10:53:20,310505000,TAHITIAN-PRINCESS,GLACIER BAY,56.79505167,-135.8439633,317,320,17.0,0,9187899,ZCDS4
2008-07-13T10:53:14,310505000,TAHITIAN-PRINCESS,GLACIER BAY,56.79469333,-135.8434083,317,319,17.1,0,9187899,ZCDS4
2008-07-13T10:53:08,310505000,TAHITIAN-PRINCESS,GLACIER BAY,56.79427833,-135.8427417,317,319,17.1,0,9187899,ZCDS4
2008-07-13T10:53:02,310505000,TAHITIAN-PRINCESS,GLACIER BAY,56.79397333,-135.8422883,317,319,17.1,0,9187899,ZCDS4
2008-07-13T10:52:50,310505000,TAHITIAN-PRINCESS,GLACIER BAY,56.79326333,-135.84115,317,319,17.1,0,9187899,ZCDS4
2008-07-13T10:52:44,310505000,TAHITIAN-PRINCESS,GLACIER BAY,56.79284167,-135.8404967,317,319,17.1,0,9187899,ZCDS4
2008-07-13T10:52:38,310505000,TAHITIAN-PRINCESS,GLACIER BAY,56.79254667,-135.8400233,317,319,17.1,0,9187899,ZCDS4
2008-07-13T10:52:32,310505000,TAHITIAN-PRINCESS,GLACIER BAY,56.792185,-135.8394683,317,319,17.1,0,9187899,ZCDS4
2008-07-13T10:52:26,310505000,TAHITIAN-PRINCESS,GLACIER BAY,56.79183167,-135.838895,317,319,17.1,0,9187899,ZCDS4
2008-07-13T10:52:20,310505000,TAHITIAN-PRINCESS,GLACIER BAY,56.79147,-135.8383367,317,319,17.0,0,9187899,ZCDS4
2008-07-13T10:52:07,310505000,TAHITIAN-PRINCESS,GLACIER BAY,56.7907,-135.8370983,318,319,17.1,0,9187899,ZCDS4
2008-07-13T10:52:02,310505000,TAHITIAN-PRINCESS,GLACIER BAY,56.79039833,-135.836635,317,320,17.1,0,9187899,ZCDS4
2008-07-13T10:51:56,310505000,TAHITIAN-PRINCESS,GLACIER BAY,56.78997333,-135.83599,317,319,17.2,0,9187899,ZCDS4
2008-07-13T10:51:44,310505000,TAHITIAN-PRINCESS,GLACIER BAY,56.78925333,-135.8348617,317,319,17.1,0,9187899,ZCDS4
2008-07-13T10:51:38,310505000,TAHITIAN-PRINCESS,GLACIER BAY,56.788955,-135.8343883,317,318,17.1,0,9187899,ZCDS4
2008-07-13T10:51:32,310505000,TAHITIAN-PRINCESS,GLACIER BAY,56.788595,-135.8338283,317,318,17.2,0,9187899,ZCDS4
2008-07-13T10:51:26,310505000,TAHITIAN-PRINCESS,GLACIER BAY,56.78824167,-135.8332433,317,318,17.2,0,9187899,ZCDS4
2008-07-13T10:51:20,310505000,TAHITIAN-PRINCESS,GLACIER BAY,56.78782167,-135.8325767,316,318,17.2,0,9187899,ZCDS4
2008-07-13T10:51:14,310505000,TAHITIAN-PRINCESS,GLACIER BAY,56.78752333,-135.8321033,316,318,17.2,0,9187899,ZCDS4
2008-07-13T10:51:07,310505000,TAHITIAN-PRINCESS,GLACIER BAY,56.78710833,-135.8314267,316,318,17.2,0,9187899,ZCDS4
2008-07-13T10:50:56,310505000,TAHITIAN-PRINCESS,GLACIER BAY,56.786395,-135.8302783,316,318,17.2,0,9187899,ZCDS4
2008-07-13T10:50:43,310505000,TAHITIAN-PRINCESS,GLACIER BAY,56.78574333,-135.8292167,316,317,17.2,0,9187899,ZCDS4
2008-07-13T10:50:39,310505000,TAHITIAN-PRINCESS,GLACIER BAY,56.78533333,-135.828535,0,0,0.0,0,9187899,ZCDS4
2008-07-13T10:50:38,310505000,TAHITIAN-PRINCESS,GLACIER BAY,56.78533333,-135.828535,316,318,17.2,0,9187899,ZCDS4
2008-07-13T10:50:25,310505000,TAHITIAN-PRINCESS,GLACIER BAY,56.78456167,-135.8272833,315,317,17.2,0,9187899,ZCDS4
2008-07-13T10:50:20,310505000,TAHITIAN-PRINCESS,GLACIER BAY,56.78428,-135.82677,315,318,17.2,0,9187899,ZCDS4
2008-07-13T10:50:14,310505000,TAHITIAN-PRINCESS,GLACIER BAY,56.78398333,-135.8262917,315,318,17.2,0,9187899,ZCDS4
2008-07-13T10:50:07,310505000,TAHITIAN-PRINCESS,GLACIER BAY,56.78351833,-135.8254983,316,318,17.2,0,9187899,ZCDS4
2008-07-13T10:50:01,310505000,TAHITIAN-PRINCESS,GLACIER BAY,56.78328667,-135.8251017,316,318,17.2,0,9187899,ZCDS4
2008-07-13T10:49:56,310505000,TAHITIAN-PRINCESS,GLACIER BAY,56.78292833,-135.8245283,316,318,17.2,0,9187899,ZCDS4
2008-07-13T10:49:50,310505000,TAHITIAN-PRINCESS,GLACIER BAY,56.782585,-135.823925,316,318,17.2,0,9187899,ZCDS4
2008-07-13T10:49:44,310505000,TAHITIAN-PRINCESS,GLACIER BAY,56.78222333,-135.8233617,316,319,17.2,0,9187899,ZCDS4
2008-07-13T10:49:38,310505000,TAHITIAN-PRINCESS,GLACIER BAY,56.78187333,-135.82277,317,318,17.2,0,9187899,ZCDS4
2008-07-13T10:49:31,310505000,TAHITIAN-PRINCESS,GLACIER BAY,56.78151833,-135.8221983,316,319,17.2,0,9187899,ZCDS4
2008-07-13T10:49:25,310505000,TAHITIAN-PRINCESS,GLACIER BAY,56.78104167,-135.8214333,317,319,17.2,0,9187899,ZCDS4
2008-07-13T10:49:20,310505000,TAHITIAN-PRINCESS,GLACIER BAY,56.78074167,-135.82096,317,319,17.2,0,9187899,ZCDS4
2008-07-13T10:49:14,310505000,TAHITIAN-PRINCESS,GLACIER BAY,56.78044833,-135.8204717,317,319,17.2,0,9187899,ZCDS4
2008-07-13T10:49:07,310505000,TAHITIAN-PRINCESS,GLACIER BAY,56.77996667,-135.8197183,317,319,17.3,0,9187899,ZCDS4
2008-07-13T10:48:56,310505000,TAHITIAN-PRINCESS,GLACIER BAY,56.77936667,-135.8187717,317,319,17.2,0,9187899,ZCDS4
2008-07-13T10:48:50,310505000,TAHITIAN-PRINCESS,GLACIER BAY,56.77901167,-135.8181883,317,319,17.2,0,9187899,ZCDS4
2008-07-13T10:48:44,310505000,TAHITIAN-PRINCESS,GLACIER BAY,56.778595,-135.8175167,317,319,17.2,0,9187899,ZCDS4
2008-07-13T10:48:38,310505000,TAHITIAN-PRINCESS,GLACIER BAY,56.77829333,-135.8170433,317,319,17.2,0,9187899,ZCDS4
2008-07-13T10:48:31,310505000,TAHITIAN-PRINCESS,GLACIER BAY,56.777875,-135.8163783,317,319,17.2,0,9187899,ZCDS4
2008-07-13T10:48:25,310505000,TAHITIAN-PRINCESS,GLACIER BAY,56.777455,-135.815715,317,319,17.2,0,9187899,ZCDS4
2008-07-13T10:48:20,310505000,TAHITIAN-PRINCESS,GLACIER BAY,56.77715,-135.8152533,317,319,17.2,0,9187899,ZCDS4
2008-07-13T10:48:14,310505000,TAHITIAN-PRINCESS,GLACIER BAY,56.77685667,-135.8147667,317,319,17.2,0,9187899,ZCDS4
2008-07-13T10:48:07,310505000,TAHITIAN-PRINCESS,GLACIER BAY,56.77643167,-135.8141117,317,319,17.2,0,9187899,ZCDS4
2008-07-13T10:48:01,310505000,TAHITIAN-PRINCESS,GLACIER BAY,56.77601333,-135.8134433,317,319,17.2,0,9187899,ZCDS4
2008-07-13T10:47:56,310505000,TAHITIAN-PRINCESS,GLACIER BAY,56.77571,-135.812975,317,319,17.3,0,9187899,ZCDS4
2008-07-13T10:47:50,310505000,TAHITIAN-PRINCESS,GLACIER BAY,56.77541167,-135.8124983,317,320,17.3,0,9187899,ZCDS4
2008-07-13T10:47:43,310505000,TAHITIAN-PRINCESS,GLACIER BAY,56.77504667,-135.8119383,317,319,17.2,0,9187899,ZCDS4
2008-07-13T10:47:38,310505000,TAHITIAN-PRINCESS,GLACIER BAY,56.77469,-135.81136,317,319,17.2,0,9187899,ZCDS4
2008-07-13T10:47:31,310505000,TAHITIAN-PRINCESS,GLACIER BAY,56.77432,-135.8108167,317,319,17.3,0,9187899,ZCDS4
2008-07-13T10:47:25,310505000,TAHITIAN-PRINCESS,GLACIER BAY,56.77384167,-135.81005,317,319,17.2,0,9187899,ZCDS4
2008-07-13T10:47:19,310505000,TAHITIAN-PRINCESS,GLACIER BAY,56.773545,-135.809565,317,319,17.2,0,9187899,ZCDS4
2008-07-13T10:47:14,310505000,TAHITIAN-PRINCESS,GLACIER BAY,56.77323667,-135.80911,317,319,17.3,0,9187899,ZCDS4
2008-07-13T10:47:07,310505000,TAHITIAN-PRINCESS,GLACIER BAY,56.77281667,-135.80844,317,319,17.3,0,9187899,ZCDS4
2008-07-13T10:47:01,310505000,TAHITIAN-PRINCESS,GLACIER BAY,56.77239833,-135.8077617,317,318,17.2,0,9187899,ZCDS4
2008-07-13T10:46:55,310505000,TAHITIAN-PRINCESS,GLACIER BAY,56.77215167,-135.8074033,317,319,17.3,0,9187899,ZCDS4
2008-07-13T10:46:50,310505000,TAHITIAN-PRINCESS,GLACIER BAY,56.77180167,-135.80681,317,319,17.3,0,9187899,ZCDS4
2008-07-13T10:46:43,310505000,TAHITIAN-PRINCESS,GLACIER BAY,56.77143333,-135.80625,317,318,17.3,0,9187899,ZCDS4
2008-07-13T10:46:38,310505000,TAHITIAN-PRINCESS,GLACIER BAY,56.77107333,-135.8056667,317,318,17.2,0,9187899,ZCDS4
2008-07-13T10:46:31,310505000,TAHITIAN-PRINCESS,GLACIER BAY,56.77060333,-135.804885,317,319,17.3,0,9187899,ZCDS4
2008-07-13T10:46:25,310505000,TAHITIAN-PRINCESS,GLACIER BAY,56.77023167,-135.804335,317,318,17.3,0,9187899,ZCDS4
2008-07-13T10:46:19,310505000,TAHITIAN-PRINCESS,GLACIER BAY,56.76987667,-135.8037433,317,318,17.2,0,9187899,ZCDS4
2008-07-13T10:46:14,310505000,TAHITIAN-PRINCESS,GLACIER BAY,56.76964167,-135.8033567,316,319,17.3,0,9187899,ZCDS4
2008-07-13T10:46:07,310505000,TAHITIAN-PRINCESS,GLACIER BAY,56.76922,-135.802695,316,318,17.3,0,9187899,ZCDS4
2008-07-13T10:46:01,310505000,TAHITIAN-PRINCESS,GLACIER BAY,56.76880333,-135.8020133,316,319,17.3,0,9187899,ZCDS4
2008-07-13T10:45:56,310505000,TAHITIAN-PRINCESS,GLACIER BAY,56.76856667,-135.8016217,317,319,17.2,0,9187899,ZCDS4
2008-07-13T10:45:50,310505000,TAHITIAN-PRINCESS,GLACIER BAY,56.768205,-135.801055,316,318,17.2,0,9187899,ZCDS4
2008-07-13T10:45:43,310505000,TAHITIAN-PRINCESS,GLACIER BAY,56.767735,-135.8002767,317,319,17.3,0,9187899,ZCDS4
2008-07-13T10:45:38,310505000,TAHITIAN-PRINCESS,GLACIER BAY,56.76749667,-135.7998867,317,318,17.3,0,9187899,ZCDS4
2008-07-13T10:45:31,310505000,TAHITIAN-PRINCESS,GLACIER BAY,56.76701833,-135.799115,317,319,17.2,0,9187899,ZCDS4
2008-07-13T10:45:25,310505000,TAHITIAN-PRINCESS,GLACIER BAY,56.76666333,-135.7985383,317,318,17.3,0,9187899,ZCDS4
2008-07-13T10:45:19,310505000,TAHITIAN-PRINCESS,GLACIER BAY,56.76630167,-135.7979733,317,319,17.3,0,9187899,ZCDS4
2008-07-13T10:45:13,310505000,TAHITIAN-PRINCESS,GLACIER BAY,56.76606667,-135.797575,317,319,17.2,0,9187899,ZCDS4
2008-07-13T10:45:07,310505000,TAHITIAN-PRINCESS,GLACIER BAY,56.76558167,-135.7968217,317,319,17.3,0,9187899,ZCDS4
2008-07-13T10:45:01,310505000,TAHITIAN-PRINCESS,GLACIER BAY,56.76522833,-135.79624,317,319,17.3,0,9187899,ZCDS4
2008-07-13T10:44:56,310505000,TAHITIAN-PRINCESS,GLACIER BAY,56.76499,-135.7958483,317,319,17.3,0,9187899,ZCDS4
2008-07-13T10:44:49,310505000,TAHITIAN-PRINCESS,GLACIER BAY,56.764505,-135.79509,317,319,17.2,0,9187899,ZCDS4
2008-07-13T10:44:43,310505000,TAHITIAN-PRINCESS,GLACIER BAY,56.76415167,-135.7945033,317,319,17.3,0,9187899,ZCDS4
2008-07-13T10:44:39,310505000,TAHITIAN-PRINCESS,GLACIER BAY,56.76384333,-135.79405,0,0,0.0,0,9187899,ZCDS4
2008-07-13T10:44:37,310505000,TAHITIAN-PRINCESS,GLACIER BAY,56.76384333,-135.79405,317,319,17.3,0,9187899,ZCDS4
2008-07-13T10:44:31,310505000,TAHITIAN-PRINCESS,GLACIER BAY,56.76342167,-135.7933767,317,318,17.2,0,9187899,ZCDS4
2008-07-13T10:44:25,310505000,TAHITIAN-PRINCESS,GLACIER BAY,56.76306,-135.7928067,317,319,17.3,0,9187899,ZCDS4
2008-07-13T10:44:13,310505000,TAHITIAN-PRINCESS,GLACIER BAY,56.76246167,-135.7918533,317,319,17.3,0,9187899,ZCDS4
2008-07-13T10:44:07,310505000,TAHITIAN-PRINCESS,GLACIER BAY,56.76199333,-135.7910567,318,319,17.2,0,9187899,ZCDS4
2008-07-13T10:44:01,310505000,TAHITIAN-PRINCESS,GLACIER BAY,56.76162,-135.79052,317,319,17.3,0,9187899,ZCDS4
2008-07-13T10:43:55,310505000,TAHITIAN-PRINCESS,GLACIER BAY,56.76139,-135.7901133,318,319,17.3,0,9187899,ZCDS4
2008-07-13T10:43:49,310505000,TAHITIAN-PRINCESS,GLACIER BAY,56.76095667,-135.7894767,317,319,17.3,0,9187899,ZCDS4
2008-07-13T10:43:43,310505000,TAHITIAN-PRINCESS,GLACIER BAY,56.76059833,-135.7888983,317,319,17.3,0,9187899,ZCDS4
2008-07-13T10:43:37,310505000,TAHITIAN-PRINCESS,GLACIER BAY,56.760295,-135.788425,317,319,17.2,0,9187899,ZCDS4
2008-07-13T10:43:31,310505000,TAHITIAN-PRINCESS,GLACIER BAY,56.75987333,-135.7877633,317,318,17.3,0,9187899,ZCDS4
2008-07-13T10:43:24,310505000,TAHITIAN-PRINCESS,GLACIER BAY,56.75951833,-135.7871833,317,318,17.3,0,9187899,ZCDS4
2008-07-13T10:43:19,310505000,TAHITIAN-PRINCESS,GLACIER BAY,56.75915833,-135.7866,317,318,17.2,0,9187899,ZCDS4
2008-07-13T10:43:13,310505000,TAHITIAN-PRINCESS,GLACIER BAY,56.7588,-135.786025,317,318,17.3,0,9187899,ZCDS4
2008-07-13T10:43:07,310505000,TAHITIAN-PRINCESS,GLACIER BAY,56.75844167,-135.7854567,316,318,17.3,0,9187899,ZCDS4
2008-07-13T10:43:00,310505000,TAHITIAN-PRINCESS,GLACIER BAY,56.75808667,-135.784865,316,319,17.2,0,9187899,ZCDS4
2008-07-13T10:42:55,310505000,TAHITIAN-PRINCESS,GLACIER BAY,56.75778333,-135.7843967,316,318,17.2,0,9187899,ZCDS4
2008-07-13T10:42:49,310505000,TAHITIAN-PRINCESS,GLACIER BAY,56.75737,-135.7837167,316,318,17.3,0,9187899,ZCDS4
2008-07-13T10:42:43,310505000,TAHITIAN-PRINCESS,GLACIER BAY,56.757015,-135.7831283,317,318,17.2,0,9187899,ZCDS4
2008-07-13T10:42:37,310505000,TAHITIAN-PRINCESS,GLACIER BAY,56.756715,-135.7826467,317,319,17.2,0,9187899,ZCDS4
2008-07-13T10:42:31,310505000,TAHITIAN-PRINCESS,GLACIER BAY,56.7563,-135.78197,317,319,17.3,0,9187899,ZCDS4
2008-07-13T10:42:25,310505000,TAHITIAN-PRINCESS,GLACIER BAY,56.75594167,-135.7813983,317,319,17.3,0,9187899,ZCDS4
2008-07-13T10:42:19,310505000,TAHITIAN-PRINCESS,GLACIER BAY,56.75558,-135.7808267,317,318,17.2,0,9187899,ZCDS4
2008-07-13T10:42:13,310505000,TAHITIAN-PRINCESS,GLACIER BAY,56.75522333,-135.7802467,317,319,17.2,0,9187899,ZCDS4
2008-07-13T10:42:07,310505000,TAHITIAN-PRINCESS,GLACIER BAY,56.75485833,-135.7796883,317,319,17.2,0,9187899,ZCDS4
2008-07-13T10:42:00,310505000,TAHITIAN-PRINCESS,GLACIER BAY,56.75449833,-135.779115,317,318,17.2,0,9187899,ZCDS4
2008-07-13T10:41:55,310505000,TAHITIAN-PRINCESS,GLACIER BAY,56.7542,-135.7786333,317,319,17.2,0,9187899,ZCDS4
2008-07-13T10:41:49,310505000,TAHITIAN-PRINCESS,GLACIER BAY,56.75378167,-135.7779633,317,319,17.3,0,9187899,ZCDS4
2008-07-13T10:41:43,310505000,TAHITIAN-PRINCESS,GLACIER BAY,56.753425,-135.7773867,317,318,17.3,0,9187899,ZCDS4
2008-07-13T10:41:37,310505000,TAHITIAN-PRINCESS,GLACIER BAY,56.75312667,-135.7769,317,318,17.2,0,9187899,ZCDS4
2008-07-13T10:41:31,310505000,TAHITIAN-PRINCESS,GLACIER BAY,56.75271,-135.7762183,317,318,17.1,0,9187899,ZCDS4
2008-07-13T10:41:25,310505000,TAHITIAN-PRINCESS,GLACIER BAY,56.75235333,-135.7756467,317,319,17.2,0,9187899,ZCDS4
2008-07-13T10:41:19,310505000,TAHITIAN-PRINCESS,GLACIER BAY,56.75198833,-135.7750917,317,319,17.3,0,9187899,ZCDS4
2008-07-13T10:41:13,310505000,TAHITIAN-PRINCESS,GLACIER BAY,56.75163,-135.77451,317,319,17.2,0,9187899,ZCDS4
2008-07-13T10:41:07,310505000,TAHITIAN-PRINCESS,GLACIER BAY,56.75133833,-135.77402,317,319,17.2,0,9187899,ZCDS4
2008-07-13T10:41:00,310505000,TAHITIAN-PRINCESS,GLACIER BAY,56.75091167,-135.7733767,317,319,17.3,0,9187899,ZCDS4
2008-07-13T10:40:55,310505000,TAHITIAN-PRINCESS,GLACIER BAY,56.75055333,-135.7727967,317,319,17.2,0,9187899,ZCDS4
2008-07-13T10:40:49,310505000,TAHITIAN-PRINCESS,GLACIER BAY,56.750195,-135.7722217,317,319,17.1,0,9187899,ZCDS4
2008-07-13T10:40:42,310505000,TAHITIAN-PRINCESS,GLACIER BAY,56.74983167,-135.771665,316,318,17.2,0,9187899,ZCDS4
2008-07-13T10:40:37,310505000,TAHITIAN-PRINCESS,GLACIER BAY,56.74947667,-135.7710867,316,319,17.2,0,9187899,ZCDS4
2008-07-13T10:40:31,310505000,TAHITIAN-PRINCESS,GLACIER BAY,56.74911667,-135.770515,316,318,17.2,0,9187899,ZCDS4
2008-07-13T10:40:25,310505000,TAHITIAN-PRINCESS,GLACIER BAY,56.74876167,-135.7699367,316,319,17.2,0,9187899,ZCDS4
2008-07-13T10:40:18,310505000,TAHITIAN-PRINCESS,GLACIER BAY,56.748405,-135.7693683,316,318,17.2,0,9187899,ZCDS4
2008-07-13T10:40:13,310505000,TAHITIAN-PRINCESS,GLACIER BAY,56.74804333,-135.7688017,316,319,17.2,0,9187899,ZCDS4
2008-07-13T10:40:07,310505000,TAHITIAN-PRINCESS,GLACIER BAY,56.747695,-135.768205,317,320,17.2,0,9187899,ZCDS4
2008-07-13T10:40:01,310505000,TAHITIAN-PRINCESS,GLACIER BAY,56.747395,-135.7677283,317,318,17.2,0,9187899,ZCDS4
2008-07-13T10:39:55,310505000,TAHITIAN-PRINCESS,GLACIER BAY,56.74697833,-135.7670567,316,319,17.2,0,9187899,ZCDS4
2008-07-13T10:39:49,310505000,TAHITIAN-PRINCESS,GLACIER BAY,56.746615,-135.7664933,317,319,17.2,0,9187899,ZCDS4
2008-07-13T10:39:42,310505000,TAHITIAN-PRINCESS,GLACIER BAY,56.746255,-135.765925,317,319,17.3,0,9187899,ZCDS4
2008-07-13T10:39:37,310505000,TAHITIAN-PRINCESS,GLACIER BAY,56.74589667,-135.7653483,317,318,17.2,0,9187899,ZCDS4
2008-07-13T10:39:31,310505000,TAHITIAN-PRINCESS,GLACIER BAY,56.74553667,-135.7647817,316,318,17.2,0,9187899,ZCDS4
2008-07-13T10:39:25,310505000,TAHITIAN-PRINCESS,GLACIER BAY,56.74517333,-135.76422,316,318,17.2,0,9187899,ZCDS4
2008-07-13T10:39:18,310505000,TAHITIAN-PRINCESS,GLACIER BAY,56.74481667,-135.76364,316,318,17.3,0,9187899,ZCDS4
2008-07-13T10:39:13,310505000,TAHITIAN-PRINCESS,GLACIER BAY,56.74446,-135.7630633,316,318,17.3,0,9187899,ZCDS4
2008-07-13T10:39:07,310505000,TAHITIAN-PRINCESS,GLACIER BAY,56.74410667,-135.7624717,316,318,17.3,0,9187899,ZCDS4
2008-07-13T10:39:01,310505000,TAHITIAN-PRINCESS,GLACIER BAY,56.743755,-135.7618833,316,318,17.2,0,9187899,ZCDS4
2008-07-13T10:38:55,310505000,TAHITIAN-PRINCESS,GLACIER BAY,56.74339833,-135.7613067,316,319,17.3,0,9187899,ZCDS4
2008-07-13T10:38:49,310505000,TAHITIAN-PRINCESS,GLACIER BAY,56.74304333,-135.7607217,317,318,17.2,0,9187899,ZCDS4
2008-07-13T10:38:42,310505000,TAHITIAN-PRINCESS,GLACIER BAY,56.742625,-135.7600533,317,318,17.2,0,9187899,ZCDS4
2008-07-13T10:38:39,310505000,TAHITIAN-PRINCESS,GLACIER BAY,56.74232833,-135.759575,0,0,0.0,0,9187899,ZCDS4
2008-07-13T10:38:37,310505000,TAHITIAN-PRINCESS,GLACIER BAY,56.74232833,-135.759575,316,318,17.2,0,9187899,ZCDS4
2008-07-13T10:38:30,310505000,TAHITIAN-PRINCESS,GLACIER BAY,56.74197833,-135.75898,317,319,17.2,0,9187899,ZCDS4
2008-07-13T10:38:25,310505000,TAHITIAN-PRINCESS,GLACIER BAY,56.741615,-135.7584233,317,319,17.3,0,9187899,ZCDS4
2008-07-13T10:38:18,310505000,TAHITIAN-PRINCESS,GLACIER BAY,56.741195,-135.7577533,317,319,17.2,0,9187899,ZCDS4
2008-07-13T10:38:13,310505000,TAHITIAN-PRINCESS,GLACIER BAY,56.74089833,-135.7572667,317,318,17.2,0,9187899,ZCDS4
2008-07-13T10:38:07,310505000,TAHITIAN-PRINCESS,GLACIER BAY,56.74053667,-135.756705,316,319,17.3,0,9187899,ZCDS4
2008-07-13T10:38:01,310505000,TAHITIAN-PRINCESS,GLACIER BAY,56.74017667,-135.756135,316,319,17.2,0,9187899,ZCDS4
2008-07-13T10:37:55,310505000,TAHITIAN-PRINCESS,GLACIER BAY,56.73982,-135.7555517,317,318,17.2,0,9187899,ZCDS4
2008-07-13T10:37:49,310505000,TAHITIAN-PRINCESS,GLACIER BAY,56.739465,-135.75497,316,318,17.3,0,9187899,ZCDS4
2008-07-13T10:37:42,310505000,TAHITIAN-PRINCESS,GLACIER BAY,56.739045,-135.7543067,316,318,17.3,0,9187899,ZCDS4
2008-07-13T10:37:37,310505000,TAHITIAN-PRINCESS,GLACIER BAY,56.73874833,-135.753825,316,319,17.4,0,9187899,ZCDS4
2008-07-13T10:37:31,310505000,TAHITIAN-PRINCESS,GLACIER BAY,56.73839,-135.753245,316,318,17.3,0,9187899,ZCDS4
2008-07-13T10:37:25,310505000,TAHITIAN-PRINCESS,GLACIER BAY,56.73803333,-135.7526667,316,318,17.2,0,9187899,ZCDS4
2008-07-13T10:37:18,310505000,TAHITIAN-PRINCESS,GLACIER BAY,56.73761833,-135.75199,316,318,17.2,0,9187899,ZCDS4
2008-07-13T10:37:13,310505000,TAHITIAN-PRINCESS,GLACIER BAY,56.73732333,-135.75151,316,318,17.3,0,9187899,ZCDS4
2008-07-13T10:37:10,310505000,TAHITIAN-PRINCESS,GLACIER BAY,56.7206667,-135.736167,511,360,102.3,15,9187899,ZCDS4
2008-07-13T10:37:07,310505000,TAHITIAN-PRINCESS,GLACIER BAY,56.73696833,-135.750925,316,319,17.2,0,9187899,ZCDS4
2008-07-13T10:37:01,310505000,TAHITIAN-PRINCESS,GLACIER BAY,56.73660833,-135.750345,317,319,17.2,0,9187899,ZCDS4
2008-07-13T10:36:55,310505000,TAHITIAN-PRINCESS,GLACIER BAY,56.73625833,-135.74976,317,319,17.3,0,9187899,ZCDS4
2008-07-13T10:36:49,310505000,TAHITIAN-PRINCESS,GLACIER BAY,56.73589167,-135.7491967,317,319,17.2,0,9187899,ZCDS4
2008-07-13T10:36:42,310505000,TAHITIAN-PRINCESS,GLACIER BAY,56.735475,-135.74852,317,319,17.2,0,9187899,ZCDS4
2008-07-13T10:36:37,310505000,TAHITIAN-PRINCESS,GLACIER BAY,56.73517667,-135.7480383,317,319,17.3,0,9187899,ZCDS4
2008-07-13T10:36:30,310505000,TAHITIAN-PRINCESS,GLACIER BAY,56.73481833,-135.7474683,317,319,17.3,0,9187899,ZCDS4
2008-07-13T10:36:25,310505000,TAHITIAN-PRINCESS,GLACIER BAY,56.734455,-135.7469,317,318,17.2,0,9187899,ZCDS4
2008-07-13T10:36:18,310505000,TAHITIAN-PRINCESS,GLACIER BAY,56.73403833,-135.7462217,317,318,17.2,0,9187899,ZCDS4
2008-07-13T10:36:13,310505000,TAHITIAN-PRINCESS,GLACIER BAY,56.73374,-135.7457467,317,319,17.3,0,9187899,ZCDS4
2008-07-13T10:36:07,310505000,TAHITIAN-PRINCESS,GLACIER BAY,56.73337167,-135.7451867,317,319,17.3,0,9187899,ZCDS4
2008-07-13T10:36:01,310505000,TAHITIAN-PRINCESS,GLACIER BAY,56.73295333,-135.744505,317,319,17.2,0,9187899,ZCDS4
2008-07-13T10:35:54,310505000,TAHITIAN-PRINCESS,GLACIER BAY,56.73265667,-135.744025,317,319,17.3,0,9187899,ZCDS4
2008-07-13T10:35:49,310505000,TAHITIAN-PRINCESS,GLACIER BAY,56.73229667,-135.74345,317,319,17.3,0,9187899,ZCDS4
2008-07-13T10:35:42,310505000,TAHITIAN-PRINCESS,GLACIER BAY,56.73187333,-135.7427867,317,318,17.3,0,9187899,ZCDS4
2008-07-13T10:35:36,310505000,TAHITIAN-PRINCESS,GLACIER BAY,56.731575,-135.7423,317,319,17.2,0,9187899,ZCDS4
2008-07-13T10:35:30,310505000,TAHITIAN-PRINCESS,GLACIER BAY,56.73114667,-135.741645,317,319,17.3,0,9187899,ZCDS4
2008-07-13T10:35:24,310505000,TAHITIAN-PRINCESS,GLACIER BAY,56.730855,-135.7411467,317,319,17.3,0,9187899,ZCDS4
2008-07-13T10:35:18,310505000,TAHITIAN-PRINCESS,GLACIER BAY,56.73043667,-135.7404733,317,319,17.3,0,9187899,ZCDS4
2008-07-13T10:35:12,310505000,TAHITIAN-PRINCESS,GLACIER BAY,56.73013,-135.740005,317,319,17.3,0,9187899,ZCDS4
2008-07-13T10:35:07,310505000,TAHITIAN-PRINCESS,GLACIER BAY,56.72977167,-135.7394267,317,320,17.3,0,9187899,ZCDS4
2008-07-13T10:35:01,310505000,TAHITIAN-PRINCESS,GLACIER BAY,56.72940333,-135.7388667,317,319,17.3,0,9187899,ZCDS4
2008-07-13T10:34:54,310505000,TAHITIAN-PRINCESS,GLACIER BAY,56.72898833,-135.7381867,317,320,17.3,0,9187899,ZCDS4
2008-07-13T10:34:48,310505000,TAHITIAN-PRINCESS,GLACIER BAY,56.72867667,-135.7377333,317,319,17.3,0,9187899,ZCDS4
2008-07-13T10:34:42,310505000,TAHITIAN-PRINCESS,GLACIER BAY,56.72825833,-135.737055,318,319,17.3,0,9187899,ZCDS4
2008-07-13T10:34:30,310505000,TAHITIAN-PRINCESS,GLACIER BAY,56.727525,-135.7359267,317,319,17.4,0,9187899,ZCDS4
2008-07-13T10:34:24,310505000,TAHITIAN-PRINCESS,GLACIER BAY,56.72722833,-135.7354367,317,319,17.3,0,9187899,ZCDS4
2008-07-13T10:34:12,310505000,TAHITIAN-PRINCESS,GLACIER BAY,56.72643667,-135.734205,317,318,17.3,0,9187899,ZCDS4
2008-07-13T10:34:07,310505000,TAHITIAN-PRINCESS,GLACIER BAY,56.72613,-135.73373,317,318,17.2,0,9187899,ZCDS4
2008-07-13T10:33:55,310505000,TAHITIAN-PRINCESS,GLACIER BAY,56.72540833,-135.73257,317,318,17.1,0,9187899,ZCDS4
2008-07-13T10:33:48,310505000,TAHITIAN-PRINCESS,GLACIER BAY,56.72504833,-135.7319883,317,318,17.3,0,9187899,ZCDS4
2008-07-13T10:33:42,310505000,TAHITIAN-PRINCESS,GLACIER BAY,56.724635,-135.731295,317,319,17.3,0,9187899,ZCDS4
2008-07-13T10:33:36,310505000,TAHITIAN-PRINCESS,GLACIER BAY,56.72427167,-135.73073,317,318,17.5,0,9187899,ZCDS4
2008-07-13T10:33:30,310505000,TAHITIAN-PRINCESS,GLACIER BAY,56.72390833,-135.7301517,317,319,17.4,0,9187899,ZCDS4
2008-07-13T10:33:24,310505000,TAHITIAN-PRINCESS,GLACIER BAY,56.72361333,-135.72965,317,319,17.3,0,9187899,ZCDS4
2008-07-13T10:33:18,310505000,TAHITIAN-PRINCESS,GLACIER BAY,56.72319167,-135.7289783,317,318,17.4,0,9187899,ZCDS4
2008-07-13T10:33:12,310505000,TAHITIAN-PRINCESS,GLACIER BAY,56.722835,-135.7283967,317,319,17.4,0,9187899,ZCDS4
2008-07-13T10:33:06,310505000,TAHITIAN-PRINCESS,GLACIER BAY,56.722475,-135.7278083,317,319,17.3,0,9187899,ZCDS4
2008-07-13T10:33:00,310505000,TAHITIAN-PRINCESS,GLACIER BAY,56.72211667,-135.7272267,317,319,17.3,0,9187899,ZCDS4
2008-07-13T10:32:55,310505000,TAHITIAN-PRINCESS,GLACIER BAY,56.72181,-135.726765,317,319,17.4,0,9187899,ZCDS4
2008-07-13T10:32:42,310505000,TAHITIAN-PRINCESS,GLACIER BAY,56.72102833,-135.725505,318,319,17.3,0,9187899,ZCDS4
2008-07-13T10:32:38,310505000,TAHITIAN-PRINCESS,GLACIER BAY,56.72065833,-135.7249567,0,0,0.0,0,9187899,ZCDS4
2008-07-13T10:32:36,310505000,TAHITIAN-PRINCESS,GLACIER BAY,56.72065833,-135.7249567,317,319,17.4,0,9187899,ZCDS4
2008-07-13T10:32:30,310505000,TAHITIAN-PRINCESS,GLACIER BAY,56.7203,-135.7243683,317,319,17.4,0,9187899,ZCDS4
2008-07-13T10:32:24,310505000,TAHITIAN-PRINCESS,GLACIER BAY,56.719935,-135.7237967,317,319,17.3,0,9187899,ZCDS4
2008-07-13T10:32:18,310505000,TAHITIAN-PRINCESS,GLACIER BAY,56.71956833,-135.7232367,317,319,17.4,0,9187899,ZCDS4
2008-07-13T10:32:12,310505000,TAHITIAN-PRINCESS,GLACIER BAY,56.71921167,-135.7226483,317,318,17.3,0,9187899,ZCDS4
2008-07-13T10:32:06,310505000,TAHITIAN-PRINCESS,GLACIER BAY,56.71884833,-135.7220767,317,318,17.4,0,9187899,ZCDS4
2008-07-13T10:32:00,310505000,TAHITIAN-PRINCESS,GLACIER BAY,56.71848833,-135.72149,317,319,17.3,0,9187899,ZCDS4
2008-07-13T10:31:55,310505000,TAHITIAN-PRINCESS,GLACIER BAY,56.718185,-135.7210133,317,318,17.4,0,9187899,ZCDS4
2008-07-13T10:31:48,310505000,TAHITIAN-PRINCESS,GLACIER BAY,56.717765,-135.720335,317,318,17.3,0,9187899,ZCDS4
2008-07-13T10:31:42,310505000,TAHITIAN-PRINCESS,GLACIER BAY,56.71740667,-135.7197517,317,318,17.3,0,9187899,ZCDS4
2008-07-13T10:31:36,310505000,TAHITIAN-PRINCESS,GLACIER BAY,56.71705167,-135.7191667,317,318,17.3,0,9187899,ZCDS4
2008-07-13T10:31:30,310505000,TAHITIAN-PRINCESS,GLACIER BAY,56.71669,-135.71859,317,318,17.4,0,9187899,ZCDS4
2008-07-13T10:31:25,310505000,TAHITIAN-PRINCESS,GLACIER BAY,56.71638833,-135.7181083,317,319,17.4,0,9187899,ZCDS4
2008-07-13T10:31:18,310505000,TAHITIAN-PRINCESS,GLACIER BAY,56.715965,-135.717435,317,318,17.4,0,9187899,ZCDS4
2008-07-13T10:31:12,310505000,TAHITIAN-PRINCESS,GLACIER BAY,56.71561167,-135.7168367,317,318,17.4,0,9187899,ZCDS4
2008-07-13T10:31:06,310505000,TAHITIAN-PRINCESS,GLACIER BAY,56.71525833,-135.7162433,317,319,17.3,0,9187899,ZCDS4
2008-07-13T10:31:00,310505000,TAHITIAN-PRINCESS,GLACIER BAY,56.714895,-135.7156717,317,318,17.4,0,9187899,ZCDS4
2008-07-13T10:30:55,310505000,TAHITIAN-PRINCESS,GLACIER BAY,56.71459,-135.7152,317,318,17.3,0,9187899,ZCDS4
2008-07-13T10:30:48,310505000,TAHITIAN-PRINCESS,GLACIER BAY,56.71417667,-135.7145033,317,318,17.3,0,9187899,ZCDS4
2008-07-13T10:30:42,310505000,TAHITIAN-PRINCESS,GLACIER BAY,56.71381667,-135.71393,317,318,17.3,0,9187899,ZCDS4
2008-07-13T10:30:36,310505000,TAHITIAN-PRINCESS,GLACIER BAY,56.71346,-135.71335,316,318,17.4,0,9187899,ZCDS4
2008-07-13T10:30:30,310505000,TAHITIAN-PRINCESS,GLACIER BAY,56.71310667,-135.7127567,317,318,17.3,0,9187899,ZCDS4
2008-07-13T10:30:24,310505000,TAHITIAN-PRINCESS,GLACIER BAY,56.712805,-135.712275,317,318,17.3,0,9187899,ZCDS4
2008-07-13T10:30:18,310505000,TAHITIAN-PRINCESS,GLACIER BAY,56.71238833,-135.7115967,317,318,17.3,0,9187899,ZCDS4
2008-07-13T10:30:11,310505000,TAHITIAN-PRINCESS,GLACIER BAY,56.712035,-135.7110033,317,319,17.3,0,9187899,ZCDS4
2008-07-13T10:30:06,310505000,TAHITIAN-PRINCESS,GLACIER BAY,56.711675,-135.710425,317,319,17.3,0,9187899,ZCDS4
2008-07-13T10:30:00,310505000,TAHITIAN-PRINCESS,GLACIER BAY,56.71132333,-135.709835,317,319,17.3,0,9187899,ZCDS4
2008-07-13T10:29:54,310505000,TAHITIAN-PRINCESS,GLACIER BAY,56.711015,-135.70937,317,319,17.3,0,9187899,ZCDS4
2008-07-13T10:29:48,310505000,TAHITIAN-PRINCESS,GLACIER BAY,56.71059833,-135.7086867,318,319,17.3,0,9187899,ZCDS4
2008-07-13T10:29:42,310505000,TAHITIAN-PRINCESS,GLACIER BAY,56.710235,-135.70812,318,319,17.3,0,9187899,ZCDS4
2008-07-13T10:29:36,310505000,TAHITIAN-PRINCESS,GLACIER BAY,56.70987333,-135.7075467,318,319,17.3,0,9187899,ZCDS4
2008-07-13T10:29:30,310505000,TAHITIAN-PRINCESS,GLACIER BAY,56.70951,-135.7069767,318,320,17.3,0,9187899,ZCDS4
2008-07-13T10:29:24,310505000,TAHITIAN-PRINCESS,GLACIER BAY,56.70921167,-135.70649,318,319,17.2,0,9187899,ZCDS4
2008-07-13T10:29:18,310505000,TAHITIAN-PRINCESS,GLACIER BAY,56.70878667,-135.7058283,318,320,17.3,0,9187899,ZCDS4
2008-07-13T10:29:12,310505000,TAHITIAN-PRINCESS,GLACIER BAY,56.70842,-135.7052717,318,319,17.3,0,9187899,ZCDS4
2008-07-13T10:29:05,310505000,TAHITIAN-PRINCESS,GLACIER BAY,56.70799667,-135.7046033,318,320,17.3,0,9187899,ZCDS4
2008-07-13T10:29:00,310505000,TAHITIAN-PRINCESS,GLACIER BAY,56.70769667,-135.7041267,318,320,17.3,0,9187899,ZCDS4
2008-07-13T10:28:54,310505000,TAHITIAN-PRINCESS,GLACIER BAY,56.70739,-135.7036667,318,319,17.3,0,9187899,ZCDS4
2008-07-13T10:28:48,310505000,TAHITIAN-PRINCESS,GLACIER BAY,56.706965,-135.7030033,318,321,17.5,0,9187899,ZCDS4
2008-07-13T10:28:41,310505000,TAHITIAN-PRINCESS,GLACIER BAY,56.70659667,-135.7024533,318,319,17.3,0,9187899,ZCDS4
2008-07-13T10:28:36,310505000,TAHITIAN-PRINCESS,GLACIER BAY,56.70623,-135.7018867,318,319,17.3,0,9187899,ZCDS4
2008-07-13T10:28:30,310505000,TAHITIAN-PRINCESS,GLACIER BAY,56.70587167,-135.70131,318,319,17.3,0,9187899,ZCDS4
2008-07-13T10:28:24,310505000,TAHITIAN-PRINCESS,GLACIER BAY,56.70549667,-135.7007683,317,318,17.4,0,9187899,ZCDS4
2008-07-13T10:28:18,310505000,TAHITIAN-PRINCESS,GLACIER BAY,56.70514833,-135.700165,317,319,17.2,0,9187899,ZCDS4
2008-07-13T10:28:12,310505000,TAHITIAN-PRINCESS,GLACIER BAY,56.70478333,-135.6996033,317,318,17.3,0,9187899,ZCDS4
2008-07-13T10:28:05,310505000,TAHITIAN-PRINCESS,GLACIER BAY,56.70437333,-135.69891,317,318,17.3,0,9187899,ZCDS4
2008-07-13T10:28:00,310505000,TAHITIAN-PRINCESS,GLACIER BAY,56.70406667,-135.698445,317,319,17.2,0,9187899,ZCDS4
2008-07-13T10:27:54,310505000,TAHITIAN-PRINCESS,GLACIER BAY,56.703705,-135.6978733,317,318,17.3,0,9187899,ZCDS4
2008-07-13T10:27:48,310505000,TAHITIAN-PRINCESS,GLACIER BAY,56.703345,-135.6972967,317,318,17.4,0,9187899,ZCDS4
2008-07-13T10:27:41,310505000,TAHITIAN-PRINCESS,GLACIER BAY,56.70299,-135.6967067,317,318,17.4,0,9187899,ZCDS4
2008-07-13T10:27:36,310505000,TAHITIAN-PRINCESS,GLACIER BAY,56.70262833,-135.69613,317,318,17.3,0,9187899,ZCDS4
2008-07-13T10:27:29,310505000,TAHITIAN-PRINCESS,GLACIER BAY,56.702275,-135.6955417,317,318,17.3,0,9187899,ZCDS4
2008-07-13T10:27:24,310505000,TAHITIAN-PRINCESS,GLACIER BAY,56.70192167,-135.6949467,317,318,17.3,0,9187899,ZCDS4
2008-07-13T10:27:18,310505000,TAHITIAN-PRINCESS,GLACIER BAY,56.70155667,-135.6943833,317,318,17.3,0,9187899,ZCDS4
2008-07-13T10:27:12,310505000,TAHITIAN-PRINCESS,GLACIER BAY,56.701205,-135.693785,317,319,17.4,0,9187899,ZCDS4
2008-07-13T10:27:05,310505000,TAHITIAN-PRINCESS,GLACIER BAY,56.70077167,-135.6931367,317,318,17.3,0,9187899,ZCDS4
2008-07-13T10:27:00,310505000,TAHITIAN-PRINCESS,GLACIER BAY,56.70048333,-135.6926333,317,318,17.4,0,9187899,ZCDS4
2008-07-13T10:26:54,310505000,TAHITIAN-PRINCESS,GLACIER BAY,56.70011667,-135.6920717,317,318,17.4,0,9187899,ZCDS4
2008-07-13T10:26:42,310505000,TAHITIAN-PRINCESS,GLACIER BAY,56.69940167,-135.6908967,317,318,17.4,0,9187899,ZCDS4
2008-07-13T10:26:38,310505000,TAHITIAN-PRINCESS,GLACIER BAY,56.69904667,-135.6903033,0,0,0.0,0,9187899,ZCDS4
2008-07-13T10:26:36,310505000,TAHITIAN-PRINCESS,GLACIER BAY,56.69904667,-135.6903033,317,318,17.4,0,9187899,ZCDS4
2008-07-13T10:26:29,310505000,TAHITIAN-PRINCESS,GLACIER BAY,56.69868667,-135.689725,317,319,17.4,0,9187899,ZCDS4
2008-07-13T10:26:24,310505000,TAHITIAN-PRINCESS,GLACIER BAY,56.69832333,-135.68915,317,318,17.4,0,9187899,ZCDS4
2008-07-13T10:26:18,310505000,TAHITIAN-PRINCESS,GLACIER BAY,56.69796833,-135.6885517,318,319,17.4,0,9187899,ZCDS4
2008-07-13T10:26:12,310505000,TAHITIAN-PRINCESS,GLACIER BAY,56.69761,-135.6879683,318,319,17.4,0,9187899,ZCDS4
2008-07-13T10:26:05,310505000,TAHITIAN-PRINCESS,GLACIER BAY,56.69717667,-135.687315,317,319,17.4,0,9187899,ZCDS4
2008-07-13T10:26:00,310505000,TAHITIAN-PRINCESS,GLACIER BAY,56.69688333,-135.6868133,318,319,17.4,0,9187899,ZCDS4
2008-07-13T10:25:53,310505000,TAHITIAN-PRINCESS,GLACIER BAY,56.69652167,-135.6862333,318,319,17.4,0,9187899,ZCDS4
2008-07-13T10:25:48,310505000,TAHITIAN-PRINCESS,GLACIER BAY,56.696155,-135.6856683,318,319,17.4,0,9187899,ZCDS4
2008-07-13T10:25:42,310505000,TAHITIAN-PRINCESS,GLACIER BAY,56.69579333,-135.685085,318,319,17.4,0,9187899,ZCDS4
2008-07-13T10:25:36,310505000,TAHITIAN-PRINCESS,GLACIER BAY,56.695435,-135.6845,318,319,17.4,0,9187899,ZCDS4
2008-07-13T10:25:29,310505000,TAHITIAN-PRINCESS,GLACIER BAY,56.69500833,-135.683835,318,319,17.4,0,9187899,ZCDS4
2008-07-13T10:25:24,310505000,TAHITIAN-PRINCESS,GLACIER BAY,56.6947,-135.6833717,318,319,17.5,0,9187899,ZCDS4
2008-07-13T10:25:18,310505000,TAHITIAN-PRINCESS,GLACIER BAY,56.69433333,-135.6828,318,319,17.4,0,9187899,ZCDS4
2008-07-13T10:25:12,310505000,TAHITIAN-PRINCESS,GLACIER BAY,56.693975,-135.68221,318,319,17.4,0,9187899,ZCDS4
2008-07-13T10:25:05,310505000,TAHITIAN-PRINCESS,GLACIER BAY,56.69355167,-135.6815383,318,319,17.5,0,9187899,ZCDS4
2008-07-13T10:24:59,310505000,TAHITIAN-PRINCESS,GLACIER BAY,56.69324333,-135.681065,317,318,17.4,0,9187899,ZCDS4
2008-07-13T10:24:53,310505000,TAHITIAN-PRINCESS,GLACIER BAY,56.692825,-135.6803733,317,319,17.4,0,9187899,ZCDS4
2008-07-13T10:24:47,310505000,TAHITIAN-PRINCESS,GLACIER BAY,56.69252333,-135.6798883,317,318,17.4,0,9187899,ZCDS4
2008-07-13T10:24:41,310505000,TAHITIAN-PRINCESS,GLACIER BAY,56.69215833,-135.6793083,317,319,17.4,0,9187899,ZCDS4
2008-07-13T10:24:36,310505000,TAHITIAN-PRINCESS,GLACIER BAY,56.69180167,-135.6787133,318,319,17.5,0,9187899,ZCDS4
2008-07-13T10:24:29,310505000,TAHITIAN-PRINCESS,GLACIER BAY,56.69137167,-135.6780467,318,319,17.4,0,9187899,ZCDS4
2008-07-13T10:24:24,310505000,TAHITIAN-PRINCESS,GLACIER BAY,56.69107667,-135.6775433,318,319,17.4,0,9187899,ZCDS4
2008-07-13T10:24:17,310505000,TAHITIAN-PRINCESS,GLACIER BAY,56.69071,-135.6769783,318,319,17.5,0,9187899,ZCDS4
2008-07-13T10:24:12,310505000,TAHITIAN-PRINCESS,GLACIER BAY,56.69035,-135.6763867,318,319,17.5,0,9187899,ZCDS4
2008-07-13T10:24:05,310505000,TAHITIAN-PRINCESS,GLACIER BAY,56.689925,-135.6757117,318,320,17.4,0,9187899,ZCDS4
2008-07-13T10:23:59,310505000,TAHITIAN-PRINCESS,GLACIER BAY,56.68955833,-135.6751383,319,320,17.4,0,9187899,ZCDS4
2008-07-13T10:23:53,310505000,TAHITIAN-PRINCESS,GLACIER BAY,56.68919333,-135.674565,319,320,17.4,0,9187899,ZCDS4
2008-07-13T10:23:47,310505000,TAHITIAN-PRINCESS,GLACIER BAY,56.68887333,-135.6741183,318,319,17.4,0,9187899,ZCDS4
2008-07-13T10:23:41,310505000,TAHITIAN-PRINCESS,GLACIER BAY,56.688515,-135.6735267,318,319,17.5,0,9187899,ZCDS4
2008-07-13T10:23:35,310505000,TAHITIAN-PRINCESS,GLACIER BAY,56.68814667,-135.672965,318,319,17.5,0,9187899,ZCDS4
2008-07-13T10:23:29,310505000,TAHITIAN-PRINCESS,GLACIER BAY,56.68772,-135.6722917,318,318,17.4,0,9187899,ZCDS4
2008-07-13T10:23:24,310505000,TAHITIAN-PRINCESS,GLACIER BAY,56.68742167,-135.6718,318,319,17.4,0,9187899,ZCDS4
2008-07-13T10:23:17,310505000,TAHITIAN-PRINCESS,GLACIER BAY,56.68705667,-135.6712283,318,319,17.4,0,9187899,ZCDS4
2008-07-13T10:23:12,310505000,TAHITIAN-PRINCESS,GLACIER BAY,56.68669167,-135.6706567,318,319,17.4,0,9187899,ZCDS4
2008-07-13T10:23:05,310505000,TAHITIAN-PRINCESS,GLACIER BAY,56.68626167,-135.6699983,318,318,17.4,0,9187899,ZCDS4
2008-07-13T10:22:59,310505000,TAHITIAN-PRINCESS,GLACIER BAY,56.68590667,-135.6694,318,318,17.4,0,9187899,ZCDS4
2008-07-13T10:22:53,310505000,TAHITIAN-PRINCESS,GLACIER BAY,56.685545,-135.6688233,318,319,17.4,0,9187899,ZCDS4
2008-07-13T10:22:47,310505000,TAHITIAN-PRINCESS,GLACIER BAY,56.68518333,-135.6682433,318,318,17.5,0,9187899,ZCDS4
2008-07-13T10:22:41,310505000,TAHITIAN-PRINCESS,GLACIER BAY,56.68482833,-135.6676467,318,318,17.4,0,9187899,ZCDS4
2008-07-13T10:22:35,310505000,TAHITIAN-PRINCESS,GLACIER BAY,56.68453167,-135.66715,318,320,17.4,0,9187899,ZCDS4
2008-07-13T10:22:29,310505000,TAHITIAN-PRINCESS,GLACIER BAY,56.6841,-135.6664967,318,319,17.5,0,9187899,ZCDS4
2008-07-13T10:22:23,310505000,TAHITIAN-PRINCESS,GLACIER BAY,56.68380333,-135.665995,319,319,17.4,0,9187899,ZCDS4
2008-07-13T10:22:17,310505000,TAHITIAN-PRINCESS,GLACIER BAY,56.68344167,-135.6654167,318,319,17.4,0,9187899,ZCDS4
2008-07-13T10:22:12,310505000,TAHITIAN-PRINCESS,GLACIER BAY,56.683075,-135.6648533,318,319,17.4,0,9187899,ZCDS4
2008-07-13T10:22:05,310505000,TAHITIAN-PRINCESS,GLACIER BAY,56.68264667,-135.6641917,318,318,17.4,0,9187899,ZCDS4
2008-07-13T10:21:59,310505000,TAHITIAN-PRINCESS,GLACIER BAY,56.682285,-135.663615,318,319,17.4,0,9187899,ZCDS4
2008-07-13T10:21:53,310505000,TAHITIAN-PRINCESS,GLACIER BAY,56.68192333,-135.6630283,318,319,17.3,0,9187899,ZCDS4
2008-07-13T10:21:47,310505000,TAHITIAN-PRINCESS,GLACIER BAY,56.68156833,-135.66244,318,319,17.4,0,9187899,ZCDS4
2008-07-13T10:21:41,310505000,TAHITIAN-PRINCESS,GLACIER BAY,56.68119833,-135.6618833,318,319,17.4,0,9187899,ZCDS4
2008-07-13T10:21:35,310505000,TAHITIAN-PRINCESS,GLACIER BAY,56.680835,-135.6613083,318,319,17.4,0,9187899,ZCDS4
2008-07-13T10:21:29,310505000,TAHITIAN-PRINCESS,GLACIER BAY,56.68048,-135.660715,318,318,17.4,0,9187899,ZCDS4
2008-07-13T10:21:23,310505000,TAHITIAN-PRINCESS,GLACIER BAY,56.68017,-135.66025,318,318,17.4,0,9187899,ZCDS4
2008-07-13T10:21:17,310505000,TAHITIAN-PRINCESS,GLACIER BAY,56.67975167,-135.65957,318,318,17.4,0,9187899,ZCDS4
2008-07-13T10:21:12,310505000,TAHITIAN-PRINCESS,GLACIER BAY,56.67945167,-135.659085,318,318,17.4,0,9187899,ZCDS4
2008-07-13T10:21:05,310505000,TAHITIAN-PRINCESS,GLACIER BAY,56.67903333,-135.6583983,318,319,17.3,0,9187899,ZCDS4
2008-07-13T10:20:59,310505000,TAHITIAN-PRINCESS,GLACIER BAY,56.67867167,-135.6578283,318,318,17.4,0,9187899,ZCDS4
2008-07-13T10:20:53,310505000,TAHITIAN-PRINCESS,GLACIER BAY,56.67831667,-135.657235,318,318,17.4,0,9187899,ZCDS4
2008-07-13T10:20:47,310505000,TAHITIAN-PRINCESS,GLACIER BAY,56.67796167,-135.65664,318,319,17.4,0,9187899,ZCDS4
2008-07-13T10:20:41,310505000,TAHITIAN-PRINCESS,GLACIER BAY,56.6776,-135.6560633,318,319,17.4,0,9187899,ZCDS4
2008-07-13T10:20:38,310505000,TAHITIAN-PRINCESS,GLACIER BAY,56.67724,-135.6554817,0,0,0.0,0,9187899,ZCDS4
2008-07-13T10:20:35,310505000,TAHITIAN-PRINCESS,GLACIER BAY,56.67724,-135.6554817,318,319,17.5,0,9187899,ZCDS4
2008-07-13T10:20:29,310505000,TAHITIAN-PRINCESS,GLACIER BAY,56.67687833,-135.6548983,318,319,17.4,0,9187899,ZCDS4
2008-07-13T10:20:23,310505000,TAHITIAN-PRINCESS,GLACIER BAY,56.67651833,-135.6543117,319,319,17.3,0,9187899,ZCDS4
2008-07-13T10:20:17,310505000,TAHITIAN-PRINCESS,GLACIER BAY,56.67615167,-135.65375,318,319,17.5,0,9187899,ZCDS4
2008-07-13T10:20:12,310505000,TAHITIAN-PRINCESS,GLACIER BAY,56.67584833,-135.6532683,319,320,17.4,0,9187899,ZCDS4
2008-07-13T10:20:05,310505000,TAHITIAN-PRINCESS,GLACIER BAY,56.67547667,-135.6527067,318,319,17.3,0,9187899,ZCDS4
2008-07-13T10:19:59,310505000,TAHITIAN-PRINCESS,GLACIER BAY,56.67505667,-135.65203,319,320,17.5,0,9187899,ZCDS4
2008-07-13T10:19:53,310505000,TAHITIAN-PRINCESS,GLACIER BAY,56.67469,-135.65146,319,319,17.5,0,9187899,ZCDS4
2008-07-13T10:19:41,310505000,TAHITIAN-PRINCESS,GLACIER BAY,56.67396167,-135.6502983,319,320,17.4,0,9187899,ZCDS4
2008-07-13T10:19:35,310505000,TAHITIAN-PRINCESS,GLACIER BAY,56.67359,-135.6497417,319,319,17.4,0,9187899,ZCDS4
2008-07-13T10:19:30,310505000,TAHITIAN-PRINCESS,GLACIER BAY,56.67328833,-135.64926,319,320,17.4,0,9187899,ZCDS4
2008-07-13T10:19:23,310505000,TAHITIAN-PRINCESS,GLACIER BAY,56.67285833,-135.6485917,319,320,17.4,0,9187899,ZCDS4
2008-07-13T10:19:17,310505000,TAHITIAN-PRINCESS,GLACIER BAY,56.67248333,-135.6480483,319,319,17.5,0,9187899,ZCDS4
2008-07-13T10:19:11,310505000,TAHITIAN-PRINCESS,GLACIER BAY,56.67218333,-135.6475617,319,320,17.5,0,9187899,ZCDS4
2008-07-13T10:19:05,310505000,TAHITIAN-PRINCESS,GLACIER BAY,56.67175,-135.6468967,319,319,17.5,0,9187899,ZCDS4
2008-07-13T10:18:59,310505000,TAHITIAN-PRINCESS,GLACIER BAY,56.67138333,-135.6463217,319,319,17.4,0,9187899,ZCDS4
2008-07-13T10:18:52,310505000,TAHITIAN-PRINCESS,GLACIER BAY,56.67101667,-135.64575,319,319,17.4,0,9187899,ZCDS4
2008-07-13T10:18:47,310505000,TAHITIAN-PRINCESS,GLACIER BAY,56.67071333,-135.6452733,319,319,17.5,0,9187899,ZCDS4
2008-07-13T10:18:41,310505000,TAHITIAN-PRINCESS,GLACIER BAY,56.670285,-135.6446033,319,319,17.4,0,9187899,ZCDS4
2008-07-13T10:18:35,310505000,TAHITIAN-PRINCESS,GLACIER BAY,56.66991833,-135.644035,318,319,17.4,0,9187899,ZCDS4
2008-07-13T10:18:29,310505000,TAHITIAN-PRINCESS,GLACIER BAY,56.66961833,-135.64355,318,319,17.4,0,9187899,ZCDS4
2008-07-13T10:18:23,310505000,TAHITIAN-PRINCESS,GLACIER BAY,56.66918667,-135.642895,318,318,17.4,0,9187899,ZCDS4
2008-07-13T10:18:17,310505000,TAHITIAN-PRINCESS,GLACIER BAY,56.66883167,-135.6423017,318,319,17.3,0,9187899,ZCDS4
2008-07-13T10:18:11,310505000,TAHITIAN-PRINCESS,GLACIER BAY,56.66846167,-135.6417433,318,318,17.4,0,9187899,ZCDS4
2008-07-13T10:18:05,310505000,TAHITIAN-PRINCESS,GLACIER BAY,56.66810667,-135.6411483,318,318,17.5,0,9187899,ZCDS4
2008-07-13T10:17:59,310505000,TAHITIAN-PRINCESS,GLACIER BAY,56.667745,-135.6405683,318,318,17.4,0,9187899,ZCDS4
2008-07-13T10:17:52,310505000,TAHITIAN-PRINCESS,GLACIER BAY,56.667385,-135.639985,318,318,17.3,0,9187899,ZCDS4
2008-07-13T10:17:47,310505000,TAHITIAN-PRINCESS,GLACIER BAY,56.66708333,-135.639505,318,318,17.3,0,9187899,ZCDS4
2008-07-13T10:17:34,310505000,TAHITIAN-PRINCESS,GLACIER BAY,56.66630167,-135.638255,318,318,17.3,0,9187899,ZCDS4
2008-07-13T10:17:29,310505000,TAHITIAN-PRINCESS,GLACIER BAY,56.66594833,-135.6376617,318,318,17.3,0,9187899,ZCDS4
2008-07-13T10:17:23,310505000,TAHITIAN-PRINCESS,GLACIER BAY,56.66559,-135.6370817,317,318,17.4,0,9187899,ZCDS4
2008-07-13T10:17:17,310505000,TAHITIAN-PRINCESS,GLACIER BAY,56.66522333,-135.636515,317,317,17.4,0,9187899,ZCDS4
2008-07-13T10:17:11,310505000,TAHITIAN-PRINCESS,GLACIER BAY,56.66486667,-135.6359317,317,318,17.3,0,9187899,ZCDS4
2008-07-13T10:17:05,310505000,TAHITIAN-PRINCESS,GLACIER BAY,56.66451167,-135.635345,317,317,17.4,0,9187899,ZCDS4
2008-07-13T10:16:59,310505000,TAHITIAN-PRINCESS,GLACIER BAY,56.66415333,-135.6347617,317,318,17.4,0,9187899,ZCDS4
2008-07-13T10:16:52,310505000,TAHITIAN-PRINCESS,GLACIER BAY,56.66373667,-135.63408,316,317,17.4,0,9187899,ZCDS4
2008-07-13T10:16:47,310505000,TAHITIAN-PRINCESS,GLACIER BAY,56.66344833,-135.63357,317,317,17.3,0,9187899,ZCDS4
2008-07-13T10:16:41,310505000,TAHITIAN-PRINCESS,GLACIER BAY,56.66309667,-135.6329783,317,318,17.3,0,9187899,ZCDS4
2008-07-13T10:16:37,310505000,TAHITIAN-PRINCESS,GLACIER BAY,56.662865,-135.63258,317,318,17.4,0,9187899,ZCDS4
2008-07-13T10:16:33,310505000,TAHITIAN-PRINCESS,GLACIER BAY,56.66262833,-135.632185,317,319,17.4,0,9187899,ZCDS4
2008-07-13T10:16:31,310505000,TAHITIAN-PRINCESS,GLACIER BAY,56.662515,-135.6319783,317,318,17.3,0,9187899,ZCDS4
2008-07-13T10:16:29,310505000,TAHITIAN-PRINCESS,GLACIER BAY,56.66239,-135.6317933,317,318,17.3,0,9187899,ZCDS4
2008-07-13T10:16:26,310505000,TAHITIAN-PRINCESS,GLACIER BAY,56.66226333,-135.6316167,317,318,17.2,0,9187899,ZCDS4
2008-07-13T10:16:24,310505000,TAHITIAN-PRINCESS,GLACIER BAY,56.662145,-135.63142,317,319,17.2,0,9187899,ZCDS4
2008-07-13T10:16:23,310505000,TAHITIAN-PRINCESS,GLACIER BAY,56.662035,-135.631205,317,319,17.3,0,9187899,ZCDS4
2008-07-13T10:16:20,310505000,TAHITIAN-PRINCESS,GLACIER BAY,56.66192167,-135.6309983,317,319,17.3,0,9187899,ZCDS4
2008-07-13T10:16:19,310505000,TAHITIAN-PRINCESS,GLACIER BAY,56.66179833,-135.6308183,317,318,17.3,0,9187899,ZCDS4
2008-07-13T10:16:17,310505000,TAHITIAN-PRINCESS,GLACIER BAY,56.66167167,-135.6306433,317,318,17.3,0,9187899,ZCDS4
2008-07-13T10:16:15,310505000,TAHITIAN-PRINCESS,GLACIER BAY,56.66154833,-135.63046,317,318,17.3,0,9187899,ZCDS4
2008-07-13T10:16:11,310505000,TAHITIAN-PRINCESS,GLACIER BAY,56.661315,-135.630065,317,318,17.3,0,9187899,ZCDS4
2008-07-13T10:16:05,310505000,TAHITIAN-PRINCESS,GLACIER BAY,56.660965,-135.6294617,317,319,17.3,0,9187899,ZCDS4
2008-07-13T10:15:59,310505000,TAHITIAN-PRINCESS,GLACIER BAY,56.66060167,-135.628895,317,318,17.3,0,9187899,ZCDS4
2008-07-13T10:15:52,310505000,TAHITIAN-PRINCESS,GLACIER BAY,56.66024667,-135.6283083,317,318,17.3,0,9187899,ZCDS4
2008-07-13T10:15:47,310505000,TAHITIAN-PRINCESS,GLACIER BAY,56.65989667,-135.62771,318,319,17.3,0,9187899,ZCDS4
2008-07-13T10:15:41,310505000,TAHITIAN-PRINCESS,GLACIER BAY,56.65953,-135.6271517,317,319,17.3,0,9187899,ZCDS4
2008-07-13T10:15:34,310505000,TAHITIAN-PRINCESS,GLACIER BAY,56.65917333,-135.6265717,317,319,17.2,0,9187899,ZCDS4
2008-07-13T10:15:30,310505000,TAHITIAN-PRINCESS,GLACIER BAY,56.65882167,-135.6259783,318,319,17.3,0,9187899,ZCDS4
2008-07-13T10:15:23,310505000,TAHITIAN-PRINCESS,GLACIER BAY,56.65845,-135.6254333,318,319,17.4,0,9187899,ZCDS4
2008-07-13T10:15:16,310505000,TAHITIAN-PRINCESS,GLACIER BAY,56.65809667,-135.624835,318,319,17.3,0,9187899,ZCDS4
2008-07-13T10:15:11,310505000,TAHITIAN-PRINCESS,GLACIER BAY,56.657735,-135.6242683,318,319,17.2,0,9187899,ZCDS4
2008-07-13T10:15:05,310505000,TAHITIAN-PRINCESS,GLACIER BAY,56.65737333,-135.6237067,318,319,17.3,0,9187899,ZCDS4
2008-07-13T10:14:59,310505000,TAHITIAN-PRINCESS,GLACIER BAY,56.65701,-135.6231417,318,319,17.3,0,9187899,ZCDS4
2008-07-13T10:14:52,310505000,TAHITIAN-PRINCESS,GLACIER BAY,56.65658833,-135.6224733,318,319,17.3,0,9187899,ZCDS4
2008-07-13T10:14:47,310505000,TAHITIAN-PRINCESS,GLACIER BAY,56.65628667,-135.622,318,319,17.3,0,9187899,ZCDS4
2008-07-13T10:14:40,310505000,TAHITIAN-PRINCESS,GLACIER BAY,56.655925,-135.6214283,318,319,17.3,0,9187899,ZCDS4
2008-07-13T10:14:38,310505000,TAHITIAN-PRINCESS,GLACIER BAY,56.65556667,-135.6208517,0,0,0.0,0,9187899,ZCDS4
2008-07-13T10:14:34,310505000,TAHITIAN-PRINCESS,GLACIER BAY,56.65556667,-135.6208517,318,319,17.4,0,9187899,ZCDS4
2008-07-13T10:14:29,310505000,TAHITIAN-PRINCESS,GLACIER BAY,56.6552,-135.6202817,318,319,17.3,0,9187899,ZCDS4
2008-07-13T10:14:23,310505000,TAHITIAN-PRINCESS,GLACIER BAY,56.65483667,-135.61971,318,319,17.3,0,9187899,ZCDS4
2008-07-13T10:14:11,310505000,TAHITIAN-PRINCESS,GLACIER BAY,56.65411,-135.618565,318,319,17.4,0,9187899,ZCDS4
2008-07-13T10:14:05,310505000,TAHITIAN-PRINCESS,GLACIER BAY,56.653745,-135.6179933,318,319,17.3,0,9187899,ZCDS4
2008-07-13T10:13:59,310505000,TAHITIAN-PRINCESS,GLACIER BAY,56.65338,-135.617425,318,319,17.4,0,9187899,ZCDS4
2008-07-13T10:13:52,310505000,TAHITIAN-PRINCESS,GLACIER BAY,56.65295333,-135.6167617,318,319,17.4,0,9187899,ZCDS4
2008-07-13T10:13:49,310505000,TAHITIAN-PRINCESS,GLACIER BAY,56.65277167,-135.61647,319,320,17.4,0,9187899,ZCDS4
2008-07-13T10:13:47,310505000,TAHITIAN-PRINCESS,GLACIER BAY,56.65265,-135.61628,319,320,17.4,0,9187899,ZCDS4
2008-07-13T10:13:44,310505000,TAHITIAN-PRINCESS,GLACIER BAY,56.65253167,-135.6160833,319,320,17.4,0,9187899,ZCDS4
2008-07-13T10:13:42,310505000,TAHITIAN-PRINCESS,GLACIER BAY,56.65240833,-135.6158933,319,320,17.4,0,9187899,ZCDS4
2008-07-13T10:13:40,310505000,TAHITIAN-PRINCESS,GLACIER BAY,56.65222333,-135.615615,319,320,17.4,0,9187899,ZCDS4
2008-07-13T10:13:38,310505000,TAHITIAN-PRINCESS,GLACIER BAY,56.65216167,-135.6155233,319,320,17.4,0,9187899,ZCDS4
2008-07-13T10:13:36,310505000,TAHITIAN-PRINCESS,GLACIER BAY,56.65198167,-135.6152283,319,320,17.4,0,9187899,ZCDS4
2008-07-13T10:13:34,310505000,TAHITIAN-PRINCESS,GLACIER BAY,56.65186,-135.6150367,319,319,17.4,0,9187899,ZCDS4
2008-07-13T10:13:32,310505000,TAHITIAN-PRINCESS,GLACIER BAY,56.65173,-135.614865,319,319,17.4,0,9187899,ZCDS4
2008-07-13T10:13:29,310505000,TAHITIAN-PRINCESS,GLACIER BAY,56.65154333,-135.6145883,319,320,17.4,0,9187899,ZCDS4
2008-07-13T10:13:22,310505000,TAHITIAN-PRINCESS,GLACIER BAY,56.65117667,-135.6140133,319,319,17.4,0,9187899,ZCDS4
2008-07-13T10:13:16,310505000,TAHITIAN-PRINCESS,GLACIER BAY,56.65074167,-135.6133633,318,318,17.4,0,9187899,ZCDS4
2008-07-13T10:13:11,310505000,TAHITIAN-PRINCESS,GLACIER BAY,56.650435,-135.612895,318,319,17.4,0,9187899,ZCDS4
2008-07-13T10:13:04,310505000,TAHITIAN-PRINCESS,GLACIER BAY,56.650005,-135.6122333,318,318,17.4,0,9187899,ZCDS4
2008-07-13T10:12:58,310505000,TAHITIAN-PRINCESS,GLACIER BAY,56.64964,-135.6116583,317,318,17.4,0,9187899,ZCDS4
2008-07-13T10:12:52,310505000,TAHITIAN-PRINCESS,GLACIER BAY,56.64928167,-135.61107,317,318,17.4,0,9187899,ZCDS4
2008-07-13T10:12:46,310505000,TAHITIAN-PRINCESS,GLACIER BAY,56.64891833,-135.6104933,317,318,17.4,0,9187899,ZCDS4
2008-07-13T10:12:40,310505000,TAHITIAN-PRINCESS,GLACIER BAY,56.64856,-135.6099067,317,318,17.4,0,9187899,ZCDS4
2008-07-13T10:12:34,310505000,TAHITIAN-PRINCESS,GLACIER BAY,56.6482,-135.6093217,317,318,17.3,0,9187899,ZCDS4
2008-07-13T10:12:28,310505000,TAHITIAN-PRINCESS,GLACIER BAY,56.6479,-135.6088383,317,317,17.4,0,9187899,ZCDS4
2008-07-13T10:12:22,310505000,TAHITIAN-PRINCESS,GLACIER BAY,56.64748167,-135.60816,316,317,17.5,0,9187899,ZCDS4
2008-07-13T10:12:16,310505000,TAHITIAN-PRINCESS,GLACIER BAY,56.64713,-135.607555,316,317,17.4,0,9187899,ZCDS4
2008-07-13T10:12:10,310505000,TAHITIAN-PRINCESS,GLACIER BAY,56.64682833,-135.6070717,316,318,17.4,0,9187899,ZCDS4
2008-07-13T10:12:04,310505000,TAHITIAN-PRINCESS,GLACIER BAY,56.64641667,-135.6063817,316,317,17.5,0,9187899,ZCDS4
2008-07-13T10:11:58,310505000,TAHITIAN-PRINCESS,GLACIER BAY,56.64606,-135.605785,316,318,17.5,0,9187899,ZCDS4
2008-07-13T10:11:52,310505000,TAHITIAN-PRINCESS,GLACIER BAY,56.64570833,-135.6051767,317,318,17.4,0,9187899,ZCDS4
2008-07-13T10:11:46,310505000,TAHITIAN-PRINCESS,GLACIER BAY,56.64534667,-135.6045933,317,318,17.4,0,9187899,ZCDS4
2008-07-13T10:11:40,310505000,TAHITIAN-PRINCESS,GLACIER BAY,56.64499667,-135.6039883,317,318,17.5,0,9187899,ZCDS4
2008-07-13T10:11:35,310505000,TAHITIAN-PRINCESS,GLACIER BAY,56.64469,-135.603515,317,318,17.5,0,9187899,ZCDS4
2008-07-13T10:11:28,310505000,TAHITIAN-PRINCESS,GLACIER BAY,56.64433333,-135.6029133,317,319,17.4,0,9187899,ZCDS4
2008-07-13T10:11:16,310505000,TAHITIAN-PRINCESS,GLACIER BAY,56.64354667,-135.6016567,317,319,17.5,0,9187899,ZCDS4
2008-07-13T10:11:10,310505000,TAHITIAN-PRINCESS,GLACIER BAY,56.64324833,-135.6011617,317,318,17.5,0,9187899,ZCDS4
2008-07-13T10:11:04,310505000,TAHITIAN-PRINCESS,GLACIER BAY,56.64282833,-135.6004733,318,319,17.5,0,9187899,ZCDS4
2008-07-13T10:10:58,310505000,TAHITIAN-PRINCESS,GLACIER BAY,56.64246167,-135.5998983,318,319,17.6,0,9187899,ZCDS4
2008-07-13T10:10:52,310505000,TAHITIAN-PRINCESS,GLACIER BAY,56.6421,-135.5993083,318,319,17.6,0,9187899,ZCDS4
2008-07-13T10:10:46,310505000,TAHITIAN-PRINCESS,GLACIER BAY,56.64173167,-135.5987267,318,319,17.5,0,9187899,ZCDS4
2008-07-13T10:10:40,310505000,TAHITIAN-PRINCESS,GLACIER BAY,56.64136833,-135.5981433,318,320,17.5,0,9187899,ZCDS4
2008-07-13T10:10:35,310505000,TAHITIAN-PRINCESS,GLACIER BAY,56.64105833,-135.5976767,318,319,17.5,0,9187899,ZCDS4
2008-07-13T10:10:28,310505000,TAHITIAN-PRINCESS,GLACIER BAY,56.64069333,-135.5970933,318,319,17.5,0,9187899,ZCDS4
2008-07-13T10:10:22,310505000,TAHITIAN-PRINCESS,GLACIER BAY,56.64032833,-135.596515,318,319,17.6,0,9187899,ZCDS4
2008-07-13T10:10:16,310505000,TAHITIAN-PRINCESS,GLACIER BAY,56.63989667,-135.5958483,318,320,17.6,0,9187899,ZCDS4
2008-07-13T10:10:10,310505000,TAHITIAN-PRINCESS,GLACIER BAY,56.63952833,-135.5952617,318,319,17.5,0,9187899,ZCDS4
2008-07-13T10:10:04,310505000,TAHITIAN-PRINCESS,GLACIER BAY,56.63917333,-135.5946633,319,319,17.5,0,9187899,ZCDS4
2008-07-13T10:09:58,310505000,TAHITIAN-PRINCESS,GLACIER BAY,56.638795,-135.5941117,318,319,17.5,0,9187899,ZCDS4
2008-07-13T10:09:52,310505000,TAHITIAN-PRINCESS,GLACIER BAY,56.63842833,-135.5935283,318,319,17.5,0,9187899,ZCDS4
2008-07-13T10:09:46,310505000,TAHITIAN-PRINCESS,GLACIER BAY,56.63806333,-135.5929467,318,319,17.5,0,9187899,ZCDS4
2008-07-13T10:09:40,310505000,TAHITIAN-PRINCESS,GLACIER BAY,56.63769667,-135.59237,318,319,17.5,0,9187899,ZCDS4
2008-07-13T10:09:35,310505000,TAHITIAN-PRINCESS,GLACIER BAY,56.63739167,-135.5918917,318,319,17.5,0,9187899,ZCDS4
2008-07-13T10:09:28,310505000,TAHITIAN-PRINCESS,GLACIER BAY,56.636965,-135.591215,318,319,17.5,0,9187899,ZCDS4
2008-07-13T10:09:22,310505000,TAHITIAN-PRINCESS,GLACIER BAY,56.63660333,-135.59063,318,320,17.5,0,9187899,ZCDS4
2008-07-13T10:09:16,310505000,TAHITIAN-PRINCESS,GLACIER BAY,56.63623167,-135.5900633,318,319,17.5,0,9187899,ZCDS4
2008-07-13T10:09:10,310505000,TAHITIAN-PRINCESS,GLACIER BAY,56.63586667,-135.5894817,319,320,17.4,0,9187899,ZCDS4
2008-07-13T10:09:04,310505000,TAHITIAN-PRINCESS,GLACIER BAY,56.635505,-135.5888933,319,319,17.4,0,9187899,ZCDS4
2008-07-13T10:08:58,310505000,TAHITIAN-PRINCESS,GLACIER BAY,56.63514167,-135.588315,319,320,17.5,0,9187899,ZCDS4
2008-07-13T10:08:52,310505000,TAHITIAN-PRINCESS,GLACIER BAY,56.63476167,-135.58777,319,320,17.5,0,9187899,ZCDS4
2008-07-13T10:08:46,310505000,TAHITIAN-PRINCESS,GLACIER BAY,56.63438667,-135.5872067,319,319,17.5,0,9187899,ZCDS4
2008-07-13T10:08:40,310505000,TAHITIAN-PRINCESS,GLACIER BAY,56.63402667,-135.5866117,319,319,17.5,0,9187899,ZCDS4
2008-07-13T10:08:38,310505000,TAHITIAN-PRINCESS,GLACIER BAY,56.63371333,-135.5861517,0,0,0.0,0,9187899,ZCDS4
2008-07-13T10:08:34,310505000,TAHITIAN-PRINCESS,GLACIER BAY,56.63371333,-135.5861517,319,320,17.5,0,9187899,ZCDS4
2008-07-13T10:08:28,310505000,TAHITIAN-PRINCESS,GLACIER BAY,56.63327833,-135.585495,318,319,17.5,0,9187899,ZCDS4
2008-07-13T10:08:22,310505000,TAHITIAN-PRINCESS,GLACIER BAY,56.632915,-135.584905,318,319,17.5,0,9187899,ZCDS4
2008-07-13T10:08:15,310505000,TAHITIAN-PRINCESS,GLACIER BAY,56.632545,-135.5843417,318,319,17.6,0,9187899,ZCDS4
2008-07-13T10:08:10,310505000,TAHITIAN-PRINCESS,GLACIER BAY,56.63218167,-135.5837533,318,319,17.6,0,9187899,ZCDS4
2008-07-13T10:08:04,310505000,TAHITIAN-PRINCESS,GLACIER BAY,56.63180833,-135.5831867,318,318,17.6,0,9187899,ZCDS4
2008-07-13T10:07:57,310505000,TAHITIAN-PRINCESS,GLACIER BAY,56.63144833,-135.5825883,318,318,17.5,0,9187899,ZCDS4
2008-07-13T10:07:52,310505000,TAHITIAN-PRINCESS,GLACIER BAY,56.63108167,-135.5820117,318,318,17.6,0,9187899,ZCDS4
2008-07-13T10:07:46,310505000,TAHITIAN-PRINCESS,GLACIER BAY,56.63071667,-135.581435,318,318,17.5,0,9187899,ZCDS4
2008-07-13T10:07:39,310505000,TAHITIAN-PRINCESS,GLACIER BAY,56.630355,-135.5808433,318,319,17.5,0,9187899,ZCDS4
2008-07-13T10:07:34,310505000,TAHITIAN-PRINCESS,GLACIER BAY,56.63004667,-135.5803617,318,319,17.6,0,9187899,ZCDS4
2008-07-13T10:07:28,310505000,TAHITIAN-PRINCESS,GLACIER BAY,56.62962333,-135.57968,318,318,17.6,0,9187899,ZCDS4
2008-07-13T10:07:22,310505000,TAHITIAN-PRINCESS,GLACIER BAY,56.62926833,-135.57907,318,318,17.5,0,9187899,ZCDS4
2008-07-13T10:07:15,310505000,TAHITIAN-PRINCESS,GLACIER BAY,56.62884167,-135.578395,318,318,17.6,0,9187899,ZCDS4
2008-07-13T10:07:10,310505000,TAHITIAN-PRINCESS,GLACIER BAY,56.628535,-135.5779183,318,319,17.5,0,9187899,ZCDS4
2008-07-13T10:07:04,310505000,TAHITIAN-PRINCESS,GLACIER BAY,56.62816667,-135.5773417,318,318,17.5,0,9187899,ZCDS4
2008-07-13T10:06:57,310505000,TAHITIAN-PRINCESS,GLACIER BAY,56.62775333,-135.5766383,318,319,17.6,0,9187899,ZCDS4
2008-07-13T10:06:52,310505000,TAHITIAN-PRINCESS,GLACIER BAY,56.62744333,-135.5761683,318,318,17.6,0,9187899,ZCDS4
2008-07-13T10:06:46,310505000,TAHITIAN-PRINCESS,GLACIER BAY,56.62708,-135.5755733,318,318,17.5,0,9187899,ZCDS4
2008-07-13T10:06:39,310505000,TAHITIAN-PRINCESS,GLACIER BAY,56.62671333,-135.5749933,318,318,17.6,0,9187899,ZCDS4
2008-07-13T10:06:34,310505000,TAHITIAN-PRINCESS,GLACIER BAY,56.62635667,-135.574395,318,318,17.6,0,9187899,ZCDS4
2008-07-13T10:06:28,310505000,TAHITIAN-PRINCESS,GLACIER BAY,56.625995,-135.5738033,318,318,17.5,0,9187899,ZCDS4
2008-07-13T10:06:22,310505000,TAHITIAN-PRINCESS,GLACIER BAY,56.62563667,-135.5732033,318,319,17.5,0,9187899,ZCDS4
2008-07-13T10:06:15,310505000,TAHITIAN-PRINCESS,GLACIER BAY,56.625215,-135.57252,318,318,17.5,0,9187899,ZCDS4
2008-07-13T10:06:09,310505000,TAHITIAN-PRINCESS,GLACIER BAY,56.62491833,-135.5720183,318,319,17.5,0,9187899,ZCDS4
2008-07-13T10:06:04,310505000,TAHITIAN-PRINCESS,GLACIER BAY,56.62455333,-135.5714367,319,318,17.5,0,9187899,ZCDS4
2008-07-13T10:05:57,310505000,TAHITIAN-PRINCESS,GLACIER BAY,56.62413167,-135.570755,318,319,17.5,0,9187899,ZCDS4
2008-07-13T10:05:52,310505000,TAHITIAN-PRINCESS,GLACIER BAY,56.623825,-135.5702833,318,319,17.5,0,9187899,ZCDS4
2008-07-13T10:05:46,310505000,TAHITIAN-PRINCESS,GLACIER BAY,56.623455,-135.5697167,318,318,17.5,0,9187899,ZCDS4
2008-07-13T10:05:40,310505000,TAHITIAN-PRINCESS,GLACIER BAY,56.62309833,-135.5691217,318,319,17.5,0,9187899,ZCDS4
2008-07-13T10:05:34,310505000,TAHITIAN-PRINCESS,GLACIER BAY,56.62273833,-135.56853,319,319,17.5,0,9187899,ZCDS4
2008-07-13T10:05:28,310505000,TAHITIAN-PRINCESS,GLACIER BAY,56.62237167,-135.5679567,319,319,17.5,0,9187899,ZCDS4
2008-07-13T10:05:22,310505000,TAHITIAN-PRINCESS,GLACIER BAY,56.62201,-135.5673733,319,319,17.5,0,9187899,ZCDS4
2008-07-13T10:05:15,310505000,TAHITIAN-PRINCESS,GLACIER BAY,56.62158833,-135.566685,319,319,17.4,0,9187899,ZCDS4
2008-07-13T10:05:09,310505000,TAHITIAN-PRINCESS,GLACIER BAY,56.62128,-135.5662233,319,320,17.4,0,9187899,ZCDS4
2008-07-13T10:05:04,310505000,TAHITIAN-PRINCESS,GLACIER BAY,56.62090833,-135.56566,319,319,17.5,0,9187899,ZCDS4
2008-07-13T10:04:57,310505000,TAHITIAN-PRINCESS,GLACIER BAY,56.62048,-135.56499,319,319,17.4,0,9187899,ZCDS4
2008-07-13T10:04:52,310505000,TAHITIAN-PRINCESS,GLACIER BAY,56.62017833,-135.5644983,319,319,17.4,0,9187899,ZCDS4
2008-07-13T10:04:46,310505000,TAHITIAN-PRINCESS,GLACIER BAY,56.61982,-135.56392,319,320,17.5,0,9187899,ZCDS4
2008-07-13T10:04:40,310505000,TAHITIAN-PRINCESS,GLACIER BAY,56.61945,-135.5633533,319,319,17.5,0,9187899,ZCDS4
2008-07-13T10:04:34,310505000,TAHITIAN-PRINCESS,GLACIER BAY,56.61908333,-135.5627717,319,319,17.4,0,9187899,ZCDS4
2008-07-13T10:04:28,310505000,TAHITIAN-PRINCESS,GLACIER BAY,56.61871833,-135.5621967,319,319,17.5,0,9187899,ZCDS4
2008-07-13T10:04:22,310505000,TAHITIAN-PRINCESS,GLACIER BAY,56.61835,-135.5616283,319,319,17.5,0,9187899,ZCDS4
2008-07-13T10:04:15,310505000,TAHITIAN-PRINCESS,GLACIER BAY,56.61792333,-135.5609533,320,319,17.4,0,9187899,ZCDS4
2008-07-13T10:04:09,310505000,TAHITIAN-PRINCESS,GLACIER BAY,56.61755833,-135.56038,319,319,17.5,0,9187899,ZCDS4
2008-07-13T10:04:04,310505000,TAHITIAN-PRINCESS,GLACIER BAY,56.617255,-135.5598983,319,319,17.4,0,9187899,ZCDS4
2008-07-13T10:03:57,310505000,TAHITIAN-PRINCESS,GLACIER BAY,56.61682167,-135.5592467,319,319,17.4,0,9187899,ZCDS4
2008-07-13T10:03:52,310505000,TAHITIAN-PRINCESS,GLACIER BAY,56.61651667,-135.5587667,319,319,17.4,0,9187899,ZCDS4
2008-07-13T10:03:46,310505000,TAHITIAN-PRINCESS,GLACIER BAY,56.61615,-135.5581933,319,318,17.5,0,9187899,ZCDS4
2008-07-13T10:03:40,310505000,TAHITIAN-PRINCESS,GLACIER BAY,56.61579167,-135.5576017,319,319,17.4,0,9187899,ZCDS4
2008-07-13T10:03:34,310505000,TAHITIAN-PRINCESS,GLACIER BAY,56.615425,-135.5570317,319,319,17.4,0,9187899,ZCDS4
2008-07-13T10:03:28,310505000,TAHITIAN-PRINCESS,GLACIER BAY,56.61505167,-135.5564767,319,318,17.5,0,9187899,ZCDS4
2008-07-13T10:03:22,310505000,TAHITIAN-PRINCESS,GLACIER BAY,56.61469167,-135.55589,319,318,17.4,0,9187899,ZCDS4
2008-07-13T10:03:15,310505000,TAHITIAN-PRINCESS,GLACIER BAY,56.614325,-135.5553217,319,319,17.4,0,9187899,ZCDS4
2008-07-13T10:03:09,310505000,TAHITIAN-PRINCESS,GLACIER BAY,56.61390167,-135.5546433,319,319,17.4,0,9187899,ZCDS4
2008-07-13T10:03:04,310505000,TAHITIAN-PRINCESS,GLACIER BAY,56.61360167,-135.5541533,319,319,17.4,0,9187899,ZCDS4
2008-07-13T10:02:57,310505000,TAHITIAN-PRINCESS,GLACIER BAY,56.61318,-135.5534717,319,319,17.5,0,9187899,ZCDS4
2008-07-13T10:02:51,310505000,TAHITIAN-PRINCESS,GLACIER BAY,56.61288167,-135.5529767,320,319,17.4,0,9187899,ZCDS4
2008-07-13T10:02:46,310505000,TAHITIAN-PRINCESS,GLACIER BAY,56.612515,-135.55241,319,319,17.4,0,9187899,ZCDS4
2008-07-13T10:02:40,310505000,TAHITIAN-PRINCESS,GLACIER BAY,56.61214167,-135.5518567,319,319,17.4,0,9187899,ZCDS4
2008-07-13T10:02:38,310505000,TAHITIAN-PRINCESS,GLACIER BAY,56.611785,-135.5512667,0,0,0.0,0,9187899,ZCDS4
2008-07-13T10:02:34,310505000,TAHITIAN-PRINCESS,GLACIER BAY,56.611785,-135.5512667,320,319,17.4,0,9187899,ZCDS4
2008-07-13T10:02:28,310505000,TAHITIAN-PRINCESS,GLACIER BAY,56.61141,-135.5507167,319,319,17.3,0,9187899,ZCDS4
2008-07-13T10:02:22,310505000,TAHITIAN-PRINCESS,GLACIER BAY,56.611055,-135.5501267,319,319,17.4,0,9187899,ZCDS4
2008-07-13T10:02:15,310505000,TAHITIAN-PRINCESS,GLACIER BAY,56.61062667,-135.5494667,319,318,17.4,0,9187899,ZCDS4
2008-07-13T10:02:09,310505000,TAHITIAN-PRINCESS,GLACIER BAY,56.61026333,-135.5488917,319,319,17.3,0,9187899,ZCDS4
2008-07-13T10:02:03,310505000,TAHITIAN-PRINCESS,GLACIER BAY,56.60989667,-135.5483283,319,319,17.4,0,9187899,ZCDS4
2008-07-13T10:01:57,310505000,TAHITIAN-PRINCESS,GLACIER BAY,56.609535,-135.5477533,319,319,17.4,0,9187899,ZCDS4
2008-07-13T10:01:51,310505000,TAHITIAN-PRINCESS,GLACIER BAY,56.60916833,-135.5471883,319,318,17.4,0,9187899,ZCDS4
2008-07-13T10:01:46,310505000,TAHITIAN-PRINCESS,GLACIER BAY,56.608865,-135.54671,319,318,17.4,0,9187899,ZCDS4
2008-07-13T10:01:39,310505000,TAHITIAN-PRINCESS,GLACIER BAY,56.60851167,-135.546115,319,319,17.4,0,9187899,ZCDS4
2008-07-13T10:01:33,310505000,TAHITIAN-PRINCESS,GLACIER BAY,56.60814167,-135.5455567,319,318,17.3,0,9187899,ZCDS4
2008-07-13T10:01:28,310505000,TAHITIAN-PRINCESS,GLACIER BAY,56.607785,-135.5449733,319,318,17.3,0,9187899,ZCDS4
2008-07-13T10:01:22,310505000,TAHITIAN-PRINCESS,GLACIER BAY,56.60743,-135.54439,319,318,17.3,0,9187899,ZCDS4
2008-07-13T10:01:15,310505000,TAHITIAN-PRINCESS,GLACIER BAY,56.60700333,-135.5437317,318,318,17.3,0,9187899,ZCDS4
2008-07-13T10:01:09,310505000,TAHITIAN-PRINCESS,GLACIER BAY,56.60664833,-135.543145,318,318,17.3,0,9187899,ZCDS4
2008-07-13T10:01:03,310505000,TAHITIAN-PRINCESS,GLACIER BAY,56.606285,-135.5425817,318,318,17.3,0,9187899,ZCDS4
2008-07-13T10:00:57,310505000,TAHITIAN-PRINCESS,GLACIER BAY,56.605935,-135.5419817,318,318,17.3,0,9187899,ZCDS4
2008-07-13T10:00:51,310505000,TAHITIAN-PRINCESS,GLACIER BAY,56.60557667,-135.5414083,318,318,17.3,0,9187899,ZCDS4
2008-07-13T10:00:45,310505000,TAHITIAN-PRINCESS,GLACIER BAY,56.60527833,-135.5409267,318,318,17.3,0,9187899,ZCDS4
2008-07-13T10:00:39,310505000,TAHITIAN-PRINCESS,GLACIER BAY,56.60486333,-135.5402467,318,318,17.3,0,9187899,ZCDS4
2008-07-13T10:00:33,310505000,TAHITIAN-PRINCESS,GLACIER BAY,56.60451167,-135.5396583,318,318,17.3,0,9187899,ZCDS4
2008-07-13T10:00:27,310505000,TAHITIAN-PRINCESS,GLACIER BAY,56.60415333,-135.539085,318,318,17.3,0,9187899,ZCDS4
2008-07-13T10:00:21,310505000,TAHITIAN-PRINCESS,GLACIER BAY,56.603855,-135.5386,318,318,17.3,0,9187899,ZCDS4
2008-07-13T10:00:15,310505000,TAHITIAN-PRINCESS,GLACIER BAY,56.60343833,-135.5379217,318,319,17.2,0,9187899,ZCDS4
2008-07-13T10:00:09,310505000,TAHITIAN-PRINCESS,GLACIER BAY,56.60308333,-135.537345,318,318,17.2,0,9187899,ZCDS4
2008-07-13T10:00:03,310505000,TAHITIAN-PRINCESS,GLACIER BAY,56.60271833,-135.536785,318,319,17.2,0,9187899,ZCDS4
2008-07-13T09:59:57,310505000,TAHITIAN-PRINCESS,GLACIER BAY,56.60236333,-135.5361983,318,319,17.2,0,9187899,ZCDS4
2008-07-13T09:59:51,310505000,TAHITIAN-PRINCESS,GLACIER BAY,56.60200667,-135.5356217,319,319,17.3,0,9187899,ZCDS4
2008-07-13T09:59:45,310505000,TAHITIAN-PRINCESS,GLACIER BAY,56.60164833,-135.53504,319,319,17.3,0,9187899,ZCDS4
2008-07-13T09:59:39,310505000,TAHITIAN-PRINCESS,GLACIER BAY,56.60129,-135.5344617,319,319,17.3,0,9187899,ZCDS4
2008-07-13T09:59:33,310505000,TAHITIAN-PRINCESS,GLACIER BAY,56.60098833,-135.5339917,319,319,17.3,0,9187899,ZCDS4
2008-07-13T09:59:27,310505000,TAHITIAN-PRINCESS,GLACIER BAY,56.60057,-135.53332,319,319,17.3,0,9187899,ZCDS4
2008-07-13T09:59:15,310505000,TAHITIAN-PRINCESS,GLACIER BAY,56.59983833,-135.5322,319,320,17.2,0,9187899,ZCDS4
2008-07-13T09:59:09,310505000,TAHITIAN-PRINCESS,GLACIER BAY,56.59947833,-135.5316283,319,320,17.3,0,9187899,ZCDS4
2008-07-13T09:59:03,310505000,TAHITIAN-PRINCESS,GLACIER BAY,56.59910833,-135.5310733,319,320,17.3,0,9187899,ZCDS4
2008-07-13T09:58:57,310505000,TAHITIAN-PRINCESS,GLACIER BAY,56.59874833,-135.5304983,320,320,17.3,0,9187899,ZCDS4
2008-07-13T09:58:50,310505000,TAHITIAN-PRINCESS,GLACIER BAY,56.59838,-135.5299483,320,320,17.3,0,9187899,ZCDS4
2008-07-13T09:58:45,310505000,TAHITIAN-PRINCESS,GLACIER BAY,56.59801333,-135.52939,319,320,17.3,0,9187899,ZCDS4
2008-07-13T09:58:39,310505000,TAHITIAN-PRINCESS,GLACIER BAY,56.59764167,-135.5288433,319,319,17.3,0,9187899,ZCDS4
2008-07-13T09:58:33,310505000,TAHITIAN-PRINCESS,GLACIER BAY,56.59727667,-135.5282817,319,320,17.3,0,9187899,ZCDS4
2008-07-13T09:58:27,310505000,TAHITIAN-PRINCESS,GLACIER BAY,56.59690833,-135.527725,319,319,17.3,0,9187899,ZCDS4
2008-07-13T09:58:21,310505000,TAHITIAN-PRINCESS,GLACIER BAY,56.596535,-135.5271733,319,319,17.4,0,9187899,ZCDS4
2008-07-13T09:58:15,310505000,TAHITIAN-PRINCESS,GLACIER BAY,56.59617667,-135.5265917,319,319,17.4,0,9187899,ZCDS4
2008-07-13T09:58:09,310505000,TAHITIAN-PRINCESS,GLACIER BAY,56.59580833,-135.5260267,319,319,17.3,0,9187899,ZCDS4
2008-07-13T09:58:03,310505000,TAHITIAN-PRINCESS,GLACIER BAY,56.59544833,-135.5254533,319,318,17.3,0,9187899,ZCDS4
2008-07-13T09:57:57,310505000,TAHITIAN-PRINCESS,GLACIER BAY,56.59508167,-135.5248917,318,319,17.4,0,9187899,ZCDS4
2008-07-13T09:57:50,310505000,TAHITIAN-PRINCESS,GLACIER BAY,56.59466,-135.5242167,318,318,17.3,0,9187899,ZCDS4
2008-07-13T09:57:45,310505000,TAHITIAN-PRINCESS,GLACIER BAY,56.59435167,-135.523755,318,318,17.3,0,9187899,ZCDS4
2008-07-13T09:57:39,310505000,TAHITIAN-PRINCESS,GLACIER BAY,56.59399833,-135.523165,318,318,17.4,0,9187899,ZCDS4
2008-07-13T09:57:33,310505000,TAHITIAN-PRINCESS,GLACIER BAY,56.593635,-135.5225883,318,318,17.4,0,9187899,ZCDS4
2008-07-13T09:57:26,310505000,TAHITIAN-PRINCESS,GLACIER BAY,56.59327667,-135.522005,318,318,17.4,0,9187899,ZCDS4
2008-07-13T09:57:21,310505000,TAHITIAN-PRINCESS,GLACIER BAY,56.59290833,-135.5214417,317,318,17.4,0,9187899,ZCDS4
2008-07-13T09:57:15,310505000,TAHITIAN-PRINCESS,GLACIER BAY,56.592555,-135.5208417,317,318,17.4,0,9187899,ZCDS4
2008-07-13T09:57:09,310505000,TAHITIAN-PRINCESS,GLACIER BAY,56.5922,-135.5202517,317,318,17.4,0,9187899,ZCDS4
2008-07-13T09:57:03,310505000,TAHITIAN-PRINCESS,GLACIER BAY,56.59182833,-135.5196967,317,318,17.4,0,9187899,ZCDS4
2008-07-13T09:56:56,310505000,TAHITIAN-PRINCESS,GLACIER BAY,56.591475,-135.5190983,317,318,17.5,0,9187899,ZCDS4
2008-07-13T09:56:50,310505000,TAHITIAN-PRINCESS,GLACIER BAY,56.59105833,-135.5184067,317,318,17.4,0,9187899,ZCDS4
2008-07-13T09:56:45,310505000,TAHITIAN-PRINCESS,GLACIER BAY,56.59076,-135.5179167,317,318,17.4,0,9187899,ZCDS4
2008-07-13T09:56:39,310505000,TAHITIAN-PRINCESS,GLACIER BAY,56.5904,-135.5173333,317,318,17.4,0,9187899,ZCDS4
2008-07-13T09:56:37,310505000,TAHITIAN-PRINCESS,GLACIER BAY,56.59004,-135.5167533,0,0,0.0,0,9187899,ZCDS4
2008-07-13T09:56:33,310505000,TAHITIAN-PRINCESS,GLACIER BAY,56.59004,-135.5167533,317,318,17.4,0,9187899,ZCDS4
2008-07-13T09:56:26,310505000,TAHITIAN-PRINCESS,GLACIER BAY,56.58968167,-135.51617,317,317,17.4,0,9187899,ZCDS4
2008-07-13T09:56:21,310505000,TAHITIAN-PRINCESS,GLACIER BAY,56.589325,-135.5155783,317,318,17.4,0,9187899,ZCDS4
2008-07-13T09:56:14,310505000,TAHITIAN-PRINCESS,GLACIER BAY,56.58896333,-135.5150033,317,317,17.5,0,9187899,ZCDS4
2008-07-13T09:56:09,310505000,TAHITIAN-PRINCESS,GLACIER BAY,56.58860833,-135.51441,316,318,17.4,0,9187899,ZCDS4
2008-07-13T09:56:03,310505000,TAHITIAN-PRINCESS,GLACIER BAY,56.58825333,-135.5138183,317,318,17.4,0,9187899,ZCDS4
2008-07-13T09:55:56,310505000,TAHITIAN-PRINCESS,GLACIER BAY,56.5879,-135.513225,317,318,17.4,0,9187899,ZCDS4
2008-07-13T09:55:50,310505000,TAHITIAN-PRINCESS,GLACIER BAY,56.58748333,-135.5125383,317,318,17.4,0,9187899,ZCDS4
2008-07-13T09:55:45,310505000,TAHITIAN-PRINCESS,GLACIER BAY,56.587185,-135.51205,317,318,17.3,0,9187899,ZCDS4
2008-07-13T09:55:39,310505000,TAHITIAN-PRINCESS,GLACIER BAY,56.58683,-135.51146,317,319,17.4,0,9187899,ZCDS4
2008-07-13T09:55:33,310505000,TAHITIAN-PRINCESS,GLACIER BAY,56.58647167,-135.5108817,317,318,17.3,0,9187899,ZCDS4
2008-07-13T09:55:26,310505000,TAHITIAN-PRINCESS,GLACIER BAY,56.58611167,-135.5103033,317,319,17.3,0,9187899,ZCDS4
2008-07-13T09:55:21,310505000,TAHITIAN-PRINCESS,GLACIER BAY,56.585755,-135.50972,317,319,17.3,0,9187899,ZCDS4
2008-07-13T09:55:14,310505000,TAHITIAN-PRINCESS,GLACIER BAY,56.58540167,-135.5091267,317,319,17.3,0,9187899,ZCDS4
2008-07-13T09:55:09,310505000,TAHITIAN-PRINCESS,GLACIER BAY,56.58503667,-135.5085667,317,319,17.3,0,9187899,ZCDS4
2008-07-13T09:55:03,310505000,TAHITIAN-PRINCESS,GLACIER BAY,56.584675,-135.5079967,317,319,17.3,0,9187899,ZCDS4
2008-07-13T09:54:56,310505000,TAHITIAN-PRINCESS,GLACIER BAY,56.584325,-135.5074,318,319,17.3,0,9187899,ZCDS4
2008-07-13T09:54:50,310505000,TAHITIAN-PRINCESS,GLACIER BAY,56.58389833,-135.50675,318,319,17.3,0,9187899,ZCDS4
2008-07-13T09:54:45,310505000,TAHITIAN-PRINCESS,GLACIER BAY,56.58360167,-135.5062633,318,319,17.3,0,9187899,ZCDS4
2008-07-13T09:54:38,310505000,TAHITIAN-PRINCESS,GLACIER BAY,56.58323667,-135.5057,318,319,17.2,0,9187899,ZCDS4
2008-07-13T09:54:32,310505000,TAHITIAN-PRINCESS,GLACIER BAY,56.58282333,-135.505025,318,320,17.3,0,9187899,ZCDS4
2008-07-13T09:54:27,310505000,TAHITIAN-PRINCESS,GLACIER BAY,56.58251667,-135.504565,318,319,17.2,0,9187899,ZCDS4
2008-07-13T09:54:21,310505000,TAHITIAN-PRINCESS,GLACIER BAY,56.58215333,-135.504,318,319,17.2,0,9187899,ZCDS4
2008-07-13T09:54:14,310505000,TAHITIAN-PRINCESS,GLACIER BAY,56.58173167,-135.503345,318,319,17.2,0,9187899,ZCDS4
2008-07-13T09:54:09,310505000,TAHITIAN-PRINCESS,GLACIER BAY,56.58143167,-135.5028733,318,319,17.2,0,9187899,ZCDS4
2008-07-13T09:54:02,310505000,TAHITIAN-PRINCESS,GLACIER BAY,56.58106667,-135.50232,318,319,17.2,0,9187899,ZCDS4
2008-07-13T09:53:56,310505000,TAHITIAN-PRINCESS,GLACIER BAY,56.58064667,-135.501655,318,319,17.2,0,9187899,ZCDS4
2008-07-13T09:53:50,310505000,TAHITIAN-PRINCESS,GLACIER BAY,56.58029333,-135.5010767,318,319,17.2,0,9187899,ZCDS4
2008-07-13T09:53:45,310505000,TAHITIAN-PRINCESS,GLACIER BAY,56.57999333,-135.50061,318,320,17.2,0,9187899,ZCDS4
2008-07-13T09:53:38,310505000,TAHITIAN-PRINCESS,GLACIER BAY,56.57955667,-135.4999833,318,318,17.2,0,9187899,ZCDS4
2008-07-13T09:53:32,310505000,TAHITIAN-PRINCESS,GLACIER BAY,56.57920667,-135.4993933,318,319,17.2,0,9187899,ZCDS4
2008-07-13T09:53:27,310505000,TAHITIAN-PRINCESS,GLACIER BAY,56.578905,-135.49893,318,319,17.3,0,9187899,ZCDS4
2008-07-13T09:53:21,310505000,TAHITIAN-PRINCESS,GLACIER BAY,56.57854667,-135.4983567,318,319,17.2,0,9187899,ZCDS4
2008-07-13T09:53:14,310505000,TAHITIAN-PRINCESS,GLACIER BAY,56.57812333,-135.4977,318,319,17.2,0,9187899,ZCDS4
2008-07-13T09:53:09,310505000,TAHITIAN-PRINCESS,GLACIER BAY,56.57782833,-135.4972167,318,319,17.2,0,9187899,ZCDS4
2008-07-13T09:53:02,310505000,TAHITIAN-PRINCESS,GLACIER BAY,56.57741167,-135.4965533,318,319,17.3,0,9187899,ZCDS4
2008-07-13T09:52:56,310505000,TAHITIAN-PRINCESS,GLACIER BAY,56.5771,-135.496105,318,318,17.2,0,9187899,ZCDS4
2008-07-13T09:52:50,310505000,TAHITIAN-PRINCESS,GLACIER BAY,56.57668667,-135.4954283,318,319,17.2,0,9187899,ZCDS4
2008-07-13T09:52:45,310505000,TAHITIAN-PRINCESS,GLACIER BAY,56.57638167,-135.4949733,318,319,17.2,0,9187899,ZCDS4
2008-07-13T09:52:38,310505000,TAHITIAN-PRINCESS,GLACIER BAY,56.57596333,-135.4943083,317,318,17.2,0,9187899,ZCDS4
2008-07-13T09:52:32,310505000,TAHITIAN-PRINCESS,GLACIER BAY,56.57560833,-135.4937333,317,318,17.2,0,9187899,ZCDS4
2008-07-13T09:52:27,310505000,TAHITIAN-PRINCESS,GLACIER BAY,56.57531333,-135.4932483,318,318,17.2,0,9187899,ZCDS4
2008-07-13T09:52:21,310505000,TAHITIAN-PRINCESS,GLACIER BAY,56.57495667,-135.4926783,317,318,17.2,0,9187899,ZCDS4
2008-07-13T09:52:14,310505000,TAHITIAN-PRINCESS,GLACIER BAY,56.57453667,-135.4920167,317,318,17.2,0,9187899,ZCDS4
2008-07-13T09:52:09,310505000,TAHITIAN-PRINCESS,GLACIER BAY,56.57424,-135.4915417,317,318,17.2,0,9187899,ZCDS4
2008-07-13T09:52:02,310505000,TAHITIAN-PRINCESS,GLACIER BAY,56.573825,-135.4908683,317,318,17.3,0,9187899,ZCDS4
2008-07-13T09:51:56,310505000,TAHITIAN-PRINCESS,GLACIER BAY,56.573465,-135.4903,317,318,17.3,0,9187899,ZCDS4
2008-07-13T09:51:50,310505000,TAHITIAN-PRINCESS,GLACIER BAY,56.57311333,-135.4897117,317,318,17.2,0,9187899,ZCDS4
2008-07-13T09:51:45,310505000,TAHITIAN-PRINCESS,GLACIER BAY,56.57282167,-135.48922,317,318,17.2,0,9187899,ZCDS4
2008-07-13T09:51:38,310505000,TAHITIAN-PRINCESS,GLACIER BAY,56.57246333,-135.4886467,317,318,17.3,0,9187899,ZCDS4
2008-07-13T09:51:32,310505000,TAHITIAN-PRINCESS,GLACIER BAY,56.57204667,-135.4879733,317,318,17.3,0,9187899,ZCDS4
2008-07-13T09:51:27,310505000,TAHITIAN-PRINCESS,GLACIER BAY,56.57175667,-135.4874783,317,318,17.3,0,9187899,ZCDS4
2008-07-13T09:51:21,310505000,TAHITIAN-PRINCESS,GLACIER BAY,56.57140333,-135.4868917,317,318,17.2,0,9187899,ZCDS4
2008-07-13T09:51:14,310505000,TAHITIAN-PRINCESS,GLACIER BAY,56.57098833,-135.48621,317,318,17.3,0,9187899,ZCDS4
2008-07-13T09:51:09,310505000,TAHITIAN-PRINCESS,GLACIER BAY,56.57068667,-135.485745,317,318,17.3,0,9187899,ZCDS4
2008-07-13T09:51:02,310505000,TAHITIAN-PRINCESS,GLACIER BAY,56.57027833,-135.4850533,317,318,17.3,0,9187899,ZCDS4
2008-07-13T09:50:56,310505000,TAHITIAN-PRINCESS,GLACIER BAY,56.56991,-135.484495,317,318,17.3,0,9187899,ZCDS4
2008-07-13T09:50:50,310505000,TAHITIAN-PRINCESS,GLACIER BAY,56.56956167,-135.4838983,317,318,17.3,0,9187899,ZCDS4
2008-07-13T09:50:45,310505000,TAHITIAN-PRINCESS,GLACIER BAY,56.56926167,-135.4834217,317,319,17.3,0,9187899,ZCDS4
2008-07-13T09:50:38,310505000,TAHITIAN-PRINCESS,GLACIER BAY,56.568845,-135.482745,317,318,17.3,0,9187899,ZCDS4
2008-07-13T09:50:37,310505000,TAHITIAN-PRINCESS,GLACIER BAY,56.56848667,-135.4821633,0,0,0.0,0,9187899,ZCDS4
2008-07-13T09:50:32,310505000,TAHITIAN-PRINCESS,GLACIER BAY,56.56848667,-135.4821633,317,319,17.3,0,9187899,ZCDS4
2008-07-13T09:50:27,310505000,TAHITIAN-PRINCESS,GLACIER BAY,56.56819,-135.4816767,317,319,17.3,0,9187899,ZCDS4
2008-07-13T09:50:21,310505000,TAHITIAN-PRINCESS,GLACIER BAY,56.56783,-135.481105,317,319,17.3,0,9187899,ZCDS4
2008-07-13T09:50:14,310505000,TAHITIAN-PRINCESS,GLACIER BAY,56.56741333,-135.480425,318,319,17.3,0,9187899,ZCDS4
2008-07-13T09:50:09,310505000,TAHITIAN-PRINCESS,GLACIER BAY,56.56711333,-135.4799467,318,320,17.3,0,9187899,ZCDS4
2008-07-13T09:50:02,310505000,TAHITIAN-PRINCESS,GLACIER BAY,56.56669,-135.479285,318,320,17.3,0,9187899,ZCDS4
2008-07-13T09:49:56,310505000,TAHITIAN-PRINCESS,GLACIER BAY,56.56633,-135.47871,318,320,17.3,0,9187899,ZCDS4
2008-07-13T09:49:50,310505000,TAHITIAN-PRINCESS,GLACIER BAY,56.56596667,-135.4781417,318,320,17.3,0,9187899,ZCDS4
2008-07-13T09:49:45,310505000,TAHITIAN-PRINCESS,GLACIER BAY,56.56566333,-135.47767,318,320,17.3,0,9187899,ZCDS4
2008-07-13T09:49:38,310505000,TAHITIAN-PRINCESS,GLACIER BAY,56.56524167,-135.4770033,319,320,17.3,0,9187899,ZCDS4
2008-07-13T09:49:32,310505000,TAHITIAN-PRINCESS,GLACIER BAY,56.56488333,-135.4764233,319,320,17.3,0,9187899,ZCDS4
2008-07-13T09:49:27,310505000,TAHITIAN-PRINCESS,GLACIER BAY,56.56457167,-135.47597,319,321,17.2,0,9187899,ZCDS4
2008-07-13T09:49:21,310505000,TAHITIAN-PRINCESS,GLACIER BAY,56.56420167,-135.47542,319,320,17.2,0,9187899,ZCDS4
2008-07-13T09:49:14,310505000,TAHITIAN-PRINCESS,GLACIER BAY,56.56377833,-135.4747683,319,321,17.4,0,9187899,ZCDS4
2008-07-13T09:49:09,310505000,TAHITIAN-PRINCESS,GLACIER BAY,56.56346833,-135.47431,319,320,17.3,0,9187899,ZCDS4
2008-07-13T09:49:02,310505000,TAHITIAN-PRINCESS,GLACIER BAY,56.563035,-135.4736683,319,321,17.2,0,9187899,ZCDS4
2008-07-13T09:48:56,310505000,TAHITIAN-PRINCESS,GLACIER BAY,56.56266333,-135.4731267,319,319,17.3,0,9187899,ZCDS4
2008-07-13T09:48:50,310505000,TAHITIAN-PRINCESS,GLACIER BAY,56.5623,-135.472555,319,320,17.3,0,9187899,ZCDS4
2008-07-13T09:48:44,310505000,TAHITIAN-PRINCESS,GLACIER BAY,56.56192833,-135.4720067,319,320,17.3,0,9187899,ZCDS4
2008-07-13T09:48:38,310505000,TAHITIAN-PRINCESS,GLACIER BAY,56.56156333,-135.4714483,319,320,17.2,0,9187899,ZCDS4
2008-07-13T09:48:32,310505000,TAHITIAN-PRINCESS,GLACIER BAY,56.56119,-135.4709133,319,319,17.3,0,9187899,ZCDS4
2008-07-13T09:48:27,310505000,TAHITIAN-PRINCESS,GLACIER BAY,56.56089333,-135.470425,319,320,17.3,0,9187899,ZCDS4
2008-07-13T09:48:20,310505000,TAHITIAN-PRINCESS,GLACIER BAY,56.56046167,-135.4697883,318,319,17.3,0,9187899,ZCDS4
2008-07-13T09:48:15,310505000,TAHITIAN-PRINCESS,GLACIER BAY,56.56009,-135.46924,318,318,17.2,0,9187899,ZCDS4
2008-07-13T09:48:09,310505000,TAHITIAN-PRINCESS,GLACIER BAY,56.55979167,-135.4687617,318,318,17.3,0,9187899,ZCDS4
2008-07-13T09:48:02,310505000,TAHITIAN-PRINCESS,GLACIER BAY,56.55937333,-135.468095,317,318,17.4,0,9187899,ZCDS4
2008-07-13T09:47:56,310505000,TAHITIAN-PRINCESS,GLACIER BAY,56.55901,-135.4675267,317,318,17.3,0,9187899,ZCDS4
2008-07-13T09:47:50,310505000,TAHITIAN-PRINCESS,GLACIER BAY,56.55864667,-135.46696,317,317,17.3,0,9187899,ZCDS4
2008-07-13T09:47:44,310505000,TAHITIAN-PRINCESS,GLACIER BAY,56.55835333,-135.4664767,317,317,17.3,0,9187899,ZCDS4
2008-07-13T09:47:38,310505000,TAHITIAN-PRINCESS,GLACIER BAY,56.55794167,-135.4657867,316,318,17.3,0,9187899,ZCDS4
2008-07-13T09:47:32,310505000,TAHITIAN-PRINCESS,GLACIER BAY,56.55758167,-135.4652117,316,317,17.3,0,9187899,ZCDS4
2008-07-13T09:47:20,310505000,TAHITIAN-PRINCESS,GLACIER BAY,56.55687833,-135.4640317,316,317,17.3,0,9187899,ZCDS4
2008-07-13T09:47:15,310505000,TAHITIAN-PRINCESS,GLACIER BAY,56.556525,-135.463445,316,318,17.4,0,9187899,ZCDS4
2008-07-13T09:47:09,310505000,TAHITIAN-PRINCESS,GLACIER BAY,56.55623167,-135.4629517,316,318,17.3,0,9187899,ZCDS4
2008-07-13T09:47:03,310505000,TAHITIAN-PRINCESS,GLACIER BAY,56.55582,-135.4622633,317,317,17.3,0,9187899,ZCDS4
2008-07-13T09:46:56,310505000,TAHITIAN-PRINCESS,GLACIER BAY,56.55546667,-135.4616733,317,318,17.3,0,9187899,ZCDS4
2008-07-13T09:46:50,310505000,TAHITIAN-PRINCESS,GLACIER BAY,56.555105,-135.4611,317,318,17.4,0,9187899,ZCDS4
2008-07-13T09:46:44,310505000,TAHITIAN-PRINCESS,GLACIER BAY,56.55480833,-135.4606167,317,317,17.4,0,9187899,ZCDS4
2008-07-13T09:46:38,310505000,TAHITIAN-PRINCESS,GLACIER BAY,56.554395,-135.45992,317,318,17.3,0,9187899,ZCDS4
2008-07-13T09:46:32,310505000,TAHITIAN-PRINCESS,GLACIER BAY,56.55403667,-135.459345,317,318,17.4,0,9187899,ZCDS4
2008-07-13T09:46:26,310505000,TAHITIAN-PRINCESS,GLACIER BAY,56.553685,-135.4587517,317,318,17.4,0,9187899,ZCDS4
2008-07-13T09:46:20,310505000,TAHITIAN-PRINCESS,GLACIER BAY,56.55332167,-135.4581767,317,318,17.4,0,9187899,ZCDS4
2008-07-13T09:46:14,310505000,TAHITIAN-PRINCESS,GLACIER BAY,56.55297167,-135.4575767,317,318,17.4,0,9187899,ZCDS4
2008-07-13T09:46:02,310505000,TAHITIAN-PRINCESS,GLACIER BAY,56.552255,-135.4564117,317,318,17.4,0,9187899,ZCDS4
2008-07-13T09:45:56,310505000,TAHITIAN-PRINCESS,GLACIER BAY,56.5519,-135.4558183,317,318,17.4,0,9187899,ZCDS4
2008-07-13T09:45:49,310505000,TAHITIAN-PRINCESS,GLACIER BAY,56.55154333,-135.4552333,317,318,17.4,0,9187899,ZCDS4
2008-07-13T09:45:44,310505000,TAHITIAN-PRINCESS,GLACIER BAY,56.55118833,-135.4546433,317,319,17.4,0,9187899,ZCDS4
2008-07-13T09:45:38,310505000,TAHITIAN-PRINCESS,GLACIER BAY,56.55083,-135.4540533,318,319,17.4,0,9187899,ZCDS4
2008-07-13T09:45:26,310505000,TAHITIAN-PRINCESS,GLACIER BAY,56.55011333,-135.4528833,318,320,17.4,0,9187899,ZCDS4
2008-07-13T09:45:20,310505000,TAHITIAN-PRINCESS,GLACIER BAY,56.54973833,-135.45233,318,319,17.3,0,9187899,ZCDS4
2008-07-13T09:45:14,310505000,TAHITIAN-PRINCESS,GLACIER BAY,56.54938167,-135.451745,318,319,17.4,0,9187899,ZCDS4
2008-07-13T09:45:08,310505000,TAHITIAN-PRINCESS,GLACIER BAY,56.54901167,-135.4511917,318,319,17.5,0,9187899,ZCDS4
2008-07-13T09:45:02,310505000,TAHITIAN-PRINCESS,GLACIER BAY,56.54865,-135.4506117,318,319,17.4,0,9187899,ZCDS4
2008-07-13T09:44:55,310505000,TAHITIAN-PRINCESS,GLACIER BAY,56.54822667,-135.449935,319,320,17.4,0,9187899,ZCDS4
2008-07-13T09:44:49,310505000,TAHITIAN-PRINCESS,GLACIER BAY,56.54785667,-135.449375,319,319,17.5,0,9187899,ZCDS4
2008-07-13T09:44:38,310505000,TAHITIAN-PRINCESS,GLACIER BAY,56.54718833,-135.4483133,319,320,17.4,0,9187899,ZCDS4
2008-07-13T09:44:37,310505000,TAHITIAN-PRINCESS,GLACIER BAY,56.54681667,-135.44776,0,0,0.0,0,9187899,ZCDS4
2008-07-13T09:44:32,310505000,TAHITIAN-PRINCESS,GLACIER BAY,56.54681667,-135.44776,319,319,17.5,0,9187899,ZCDS4
2008-07-13T09:44:26,310505000,TAHITIAN-PRINCESS,GLACIER BAY,56.54645333,-135.44718,319,320,17.5,0,9187899,ZCDS4
2008-07-13T09:44:20,310505000,TAHITIAN-PRINCESS,GLACIER BAY,56.546075,-135.4466333,319,320,17.4,0,9187899,ZCDS4
2008-07-13T09:44:14,310505000,TAHITIAN-PRINCESS,GLACIER BAY,56.54570833,-135.4460617,319,319,17.4,0,9187899,ZCDS4
2008-07-13T09:44:08,310505000,TAHITIAN-PRINCESS,GLACIER BAY,56.54534,-135.4454983,319,319,17.5,0,9187899,ZCDS4
2008-07-13T09:44:02,310505000,TAHITIAN-PRINCESS,GLACIER BAY,56.54497667,-135.4449217,319,319,17.5,0,9187899,ZCDS4
2008-07-13T09:43:55,310505000,TAHITIAN-PRINCESS,GLACIER BAY,56.54454333,-135.444265,319,319,17.4,0,9187899,ZCDS4
2008-07-13T09:43:49,310505000,TAHITIAN-PRINCESS,GLACIER BAY,56.54417667,-135.443695,318,319,17.4,0,9187899,ZCDS4
2008-07-13T09:43:44,310505000,TAHITIAN-PRINCESS,GLACIER BAY,56.54387333,-135.4432183,318,319,17.4,0,9187899,ZCDS4
2008-07-13T09:43:38,310505000,TAHITIAN-PRINCESS,GLACIER BAY,56.54350333,-135.4426583,318,318,17.5,0,9187899,ZCDS4
2008-07-13T09:43:32,310505000,TAHITIAN-PRINCESS,GLACIER BAY,56.54313667,-135.4420883,318,318,17.4,0,9187899,ZCDS4
2008-07-13T09:43:26,310505000,TAHITIAN-PRINCESS,GLACIER BAY,56.542775,-135.4415083,318,319,17.4,0,9187899,ZCDS4
2008-07-13T09:43:20,310505000,TAHITIAN-PRINCESS,GLACIER BAY,56.54241333,-135.4409317,318,319,17.5,0,9187899,ZCDS4
2008-07-13T09:43:14,310505000,TAHITIAN-PRINCESS,GLACIER BAY,56.54205,-135.44035,318,318,17.4,0,9187899,ZCDS4
2008-07-13T09:43:07,310505000,TAHITIAN-PRINCESS,GLACIER BAY,56.54163167,-135.4396667,318,319,17.4,0,9187899,ZCDS4
2008-07-13T09:43:02,310505000,TAHITIAN-PRINCESS,GLACIER BAY,56.54132333,-135.4391967,318,319,17.4,0,9187899,ZCDS4
2008-07-13T09:42:55,310505000,TAHITIAN-PRINCESS,GLACIER BAY,56.54090333,-135.4385183,318,319,17.4,0,9187899,ZCDS4
2008-07-13T09:42:50,310505000,TAHITIAN-PRINCESS,GLACIER BAY,56.5406,-135.43804,318,319,17.4,0,9187899,ZCDS4
2008-07-13T09:42:44,310505000,TAHITIAN-PRINCESS,GLACIER BAY,56.54023833,-135.43746,318,318,17.4,0,9187899,ZCDS4
2008-07-13T09:42:38,310505000,TAHITIAN-PRINCESS,GLACIER BAY,56.539875,-135.436885,318,319,17.4,0,9187899,ZCDS4
2008-07-13T09:42:32,310505000,TAHITIAN-PRINCESS,GLACIER BAY,56.53950833,-135.4363167,318,319,17.4,0,9187899,ZCDS4
2008-07-13T09:42:26,310505000,TAHITIAN-PRINCESS,GLACIER BAY,56.53914667,-135.4357417,318,319,17.5,0,9187899,ZCDS4
2008-07-13T09:42:20,310505000,TAHITIAN-PRINCESS,GLACIER BAY,56.53877667,-135.4351783,317,319,17.4,0,9187899,ZCDS4
2008-07-13T09:42:14,310505000,TAHITIAN-PRINCESS,GLACIER BAY,56.53842333,-135.43458,318,318,17.4,0,9187899,ZCDS4
2008-07-13T09:42:07,310505000,TAHITIAN-PRINCESS,GLACIER BAY,56.53799667,-135.4339233,317,319,17.4,0,9187899,ZCDS4
2008-07-13T09:41:55,310505000,TAHITIAN-PRINCESS,GLACIER BAY,56.537265,-135.4327767,317,318,17.4,0,9187899,ZCDS4
2008-07-13T09:41:50,310505000,TAHITIAN-PRINCESS,GLACIER BAY,56.53696833,-135.4322867,317,318,17.4,0,9187899,ZCDS4
2008-07-13T09:41:44,310505000,TAHITIAN-PRINCESS,GLACIER BAY,56.53660667,-135.4317117,317,318,17.5,0,9187899,ZCDS4
2008-07-13T09:41:37,310505000,TAHITIAN-PRINCESS,GLACIER BAY,56.53624333,-135.4311333,317,318,17.4,0,9187899,ZCDS4
2008-07-13T09:41:32,310505000,TAHITIAN-PRINCESS,GLACIER BAY,56.53589167,-135.430535,317,318,17.4,0,9187899,ZCDS4
2008-07-13T09:41:26,310505000,TAHITIAN-PRINCESS,GLACIER BAY,56.53553167,-135.4299583,317,318,17.5,0,9187899,ZCDS4
2008-07-13T09:41:20,310505000,TAHITIAN-PRINCESS,GLACIER BAY,56.53517,-135.4293767,317,318,17.4,0,9187899,ZCDS4
2008-07-13T09:41:14,310505000,TAHITIAN-PRINCESS,GLACIER BAY,56.534815,-135.4287767,317,319,17.4,0,9187899,ZCDS4
2008-07-13T09:41:07,310505000,TAHITIAN-PRINCESS,GLACIER BAY,56.53439667,-135.4280933,318,319,17.4,0,9187899,ZCDS4
2008-07-13T09:41:02,310505000,TAHITIAN-PRINCESS,GLACIER BAY,56.53409333,-135.4276183,317,318,17.4,0,9187899,ZCDS4
2008-07-13T09:40:55,310505000,TAHITIAN-PRINCESS,GLACIER BAY,56.53367167,-135.426945,317,319,17.4,0,9187899,ZCDS4
2008-07-13T09:40:50,310505000,TAHITIAN-PRINCESS,GLACIER BAY,56.533365,-135.4264717,317,319,17.4,0,9187899,ZCDS4
2008-07-13T09:40:37,310505000,TAHITIAN-PRINCESS,GLACIER BAY,56.53257833,-135.4252317,317,319,17.5,0,9187899,ZCDS4
2008-07-13T09:40:31,310505000,TAHITIAN-PRINCESS,GLACIER BAY,56.53221833,-135.424645,317,319,17.4,0,9187899,ZCDS4
2008-07-13T09:40:26,310505000,TAHITIAN-PRINCESS,GLACIER BAY,56.53191333,-135.4241717,317,319,17.4,0,9187899,ZCDS4
2008-07-13T09:40:20,310505000,TAHITIAN-PRINCESS,GLACIER BAY,56.53156,-135.4235783,318,319,17.5,0,9187899,ZCDS4
2008-07-13T09:40:14,310505000,TAHITIAN-PRINCESS,GLACIER BAY,56.53119,-135.42302,317,319,17.4,0,9187899,ZCDS4
2008-07-13T09:40:02,310505000,TAHITIAN-PRINCESS,GLACIER BAY,56.53045833,-135.421885,317,319,17.4,0,9187899,ZCDS4
2008-07-13T09:39:55,310505000,TAHITIAN-PRINCESS,GLACIER BAY,56.530035,-135.4212133,317,318,17.4,0,9187899,ZCDS4
2008-07-13T09:39:37,310505000,TAHITIAN-PRINCESS,GLACIER BAY,56.52895,-135.41948,317,318,17.5,0,9187899,ZCDS4
2008-07-13T09:39:32,310505000,TAHITIAN-PRINCESS,GLACIER BAY,56.528585,-135.418905,317,318,17.4,0,9187899,ZCDS4
2008-07-13T09:39:26,310505000,TAHITIAN-PRINCESS,GLACIER BAY,56.528285,-135.4184217,317,318,17.4,0,9187899,ZCDS4
2008-07-13T09:39:14,310505000,TAHITIAN-PRINCESS,GLACIER BAY,56.52756,-135.417265,317,318,17.4,0,9187899,ZCDS4
2008-07-13T09:39:07,310505000,TAHITIAN-PRINCESS,GLACIER BAY,56.527145,-135.4165733,317,318,17.4,0,9187899,ZCDS4
2008-07-13T09:39:02,310505000,TAHITIAN-PRINCESS,GLACIER BAY,56.52685,-135.4160817,317,319,17.4,0,9187899,ZCDS4
2008-07-13T09:38:55,310505000,TAHITIAN-PRINCESS,GLACIER BAY,56.52643,-135.4154033,317,318,17.4,0,9187899,ZCDS4
2008-07-13T09:38:50,310505000,TAHITIAN-PRINCESS,GLACIER BAY,56.526125,-135.4149283,317,318,17.4,0,9187899,ZCDS4
2008-07-13T09:38:43,310505000,TAHITIAN-PRINCESS,GLACIER BAY,56.52570667,-135.4142467,317,319,17.4,0,9187899,ZCDS4
2008-07-13T09:38:37,310505000,TAHITIAN-PRINCESS,GLACIER BAY,56.525345,-135.4136683,0,0,0.0,0,9187899,ZCDS4
2008-07-13T09:38:37,310505000,TAHITIAN-PRINCESS,GLACIER BAY,56.525345,-135.4136683,317,319,17.5,0,9187899,ZCDS4
2008-07-13T09:38:31,310505000,TAHITIAN-PRINCESS,GLACIER BAY,56.52498,-135.413095,317,319,17.4,0,9187899,ZCDS4
2008-07-13T09:38:26,310505000,TAHITIAN-PRINCESS,GLACIER BAY,56.524675,-135.4126183,317,319,17.4,0,9187899,ZCDS4
2008-07-13T09:38:20,310505000,TAHITIAN-PRINCESS,GLACIER BAY,56.52431667,-135.41203,317,319,17.4,0,9187899,ZCDS4
2008-07-13T09:38:07,310505000,TAHITIAN-PRINCESS,GLACIER BAY,56.52352667,-135.4107783,318,319,17.4,0,9187899,ZCDS4
2008-07-13T09:37:55,310505000,TAHITIAN-PRINCESS,GLACIER BAY,56.52279667,-135.4096317,318,319,17.4,0,9187899,ZCDS4
2008-07-13T09:37:43,310505000,TAHITIAN-PRINCESS,GLACIER BAY,56.52206,-135.4084983,318,319,17.4,0,9187899,ZCDS4
2008-07-13T09:37:31,310505000,TAHITIAN-PRINCESS,GLACIER BAY,56.52132667,-135.40736,317,319,17.4,0,9187899,ZCDS4
2008-07-13T09:37:25,310505000,TAHITIAN-PRINCESS,GLACIER BAY,56.52102667,-135.4068683,318,320,17.4,0,9187899,ZCDS4
2008-07-13T09:37:02,310505000,TAHITIAN-PRINCESS,GLACIER BAY,56.51956333,-135.4045817,317,318,17.4,0,9187899,ZCDS4
2008-07-13T09:36:56,310505000,TAHITIAN-PRINCESS,GLACIER BAY,56.519195,-135.4040167,317,319,17.6,0,9187899,ZCDS4
2008-07-13T09:36:43,310505000,TAHITIAN-PRINCESS,GLACIER BAY,56.5184,-135.40277,317,318,17.4,0,9187899,ZCDS4
2008-07-13T09:36:37,310505000,TAHITIAN-PRINCESS,GLACIER BAY,56.51804167,-135.4021817,317,318,17.5,0,9187899,ZCDS4
2008-07-13T09:36:31,310505000,TAHITIAN-PRINCESS,GLACIER BAY,56.51767833,-135.4016083,316,318,17.5,0,9187899,ZCDS4
2008-07-13T09:36:25,310505000,TAHITIAN-PRINCESS,GLACIER BAY,56.51731167,-135.4010317,316,318,17.4,0,9187899,ZCDS4
2008-07-13T09:36:19,310505000,TAHITIAN-PRINCESS,GLACIER BAY,56.51695167,-135.400445,316,318,17.5,0,9187899,ZCDS4
2008-07-13T09:36:13,310505000,TAHITIAN-PRINCESS,GLACIER BAY,56.51659333,-135.3998583,316,318,17.5,0,9187899,ZCDS4
2008-07-13T09:35:49,310505000,TAHITIAN-PRINCESS,GLACIER BAY,56.51515833,-135.3975133,316,318,17.4,0,9187899,ZCDS4
2008-07-13T09:35:37,310505000,TAHITIAN-PRINCESS,GLACIER BAY,56.51443667,-135.3963433,316,318,17.5,0,9187899,ZCDS4
2008-07-13T09:35:32,310505000,TAHITIAN-PRINCESS,GLACIER BAY,56.51413667,-135.39586,316,318,17.5,0,9187899,ZCDS4
2008-07-13T09:35:25,310505000,TAHITIAN-PRINCESS,GLACIER BAY,56.51371833,-135.3951733,316,318,17.4,0,9187899,ZCDS4
2008-07-13T09:35:19,310505000,TAHITIAN-PRINCESS,GLACIER BAY,56.51335833,-135.394585,316,318,17.5,0,9187899,ZCDS4
2008-07-13T09:35:13,310505000,TAHITIAN-PRINCESS,GLACIER BAY,56.51300833,-135.393985,317,319,17.5,0,9187899,ZCDS4
2008-07-13T09:35:07,310505000,TAHITIAN-PRINCESS,GLACIER BAY,56.51264167,-135.3934117,316,318,17.5,0,9187899,ZCDS4
2008-07-13T09:35:01,310505000,TAHITIAN-PRINCESS,GLACIER BAY,56.51234833,-135.392905,317,319,17.4,0,9187899,ZCDS4
2008-07-13T09:34:56,310505000,TAHITIAN-PRINCESS,GLACIER BAY,56.51198833,-135.3923217,317,319,17.5,0,9187899,ZCDS4
2008-07-13T09:34:32,310505000,TAHITIAN-PRINCESS,GLACIER BAY,56.51053333,-135.3900067,317,319,17.5,0,9187899,ZCDS4
2008-07-13T09:34:13,310505000,TAHITIAN-PRINCESS,GLACIER BAY,56.50938167,-135.3881833,317,319,17.5,0,9187899,ZCDS4
2008-07-13T09:28:19,310505000,TAHITIAN-PRINCESS,GLACIER BAY,56.4879,-135.3542217,317,319,17.5,0,9187899,ZCDS4
2008-07-13T09:28:13,310505000,TAHITIAN-PRINCESS,GLACIER BAY,56.48753,-135.35365,317,318,17.5,0,9187899,ZCDS4
2008-07-13T09:25:19,310505000,TAHITIAN-PRINCESS,GLACIER BAY,56.476915,-135.3367117,318,319,17.6,0,9187899,ZCDS4
2008-07-13T09:25:14,310505000,TAHITIAN-PRINCESS,GLACIER BAY,56.47661667,-135.3362133,318,319,17.6,0,9187899,ZCDS4
2008-07-13T09:23:01,310505000,TAHITIAN-PRINCESS,GLACIER BAY,56.46848,-135.3234117,317,319,17.6,0,9187899,ZCDS4
2008-07-13T09:22:55,310505000,TAHITIAN-PRINCESS,GLACIER BAY,56.46811833,-135.322825,317,319,17.5,0,9187899,ZCDS4
2008-07-13T09:22:50,310505000,TAHITIAN-PRINCESS,GLACIER BAY,56.46775667,-135.32224,317,319,17.5,0,9187899,ZCDS4
2008-07-13T09:21:49,310505000,TAHITIAN-PRINCESS,GLACIER BAY,56.464095,-135.3165033,317,318,17.5,0,9187899,ZCDS4
2008-07-13T09:21:38,310505000,TAHITIAN-PRINCESS,GLACIER BAY,56.46336833,-135.315345,316,318,17.5,0,9187899,ZCDS4
2008-07-13T09:21:31,310505000,TAHITIAN-PRINCESS,GLACIER BAY,56.46299667,-135.3147833,316,318,17.5,0,9187899,ZCDS4
2008-07-13T09:20:31,310505000,TAHITIAN-PRINCESS,GLACIER BAY,56.45939167,-135.3089217,316,318,17.5,0,9187899,ZCDS4
2008-07-13T09:20:25,310505000,TAHITIAN-PRINCESS,GLACIER BAY,56.45903833,-135.30832,317,319,17.5,0,9187899,ZCDS4
2008-07-13T09:20:20,310505000,TAHITIAN-PRINCESS,GLACIER BAY,56.45872833,-135.307855,317,318,17.5,0,9187899,ZCDS4
2008-07-13T09:20:14,310505000,TAHITIAN-PRINCESS,GLACIER BAY,56.45837333,-135.30726,317,318,17.4,0,9187899,ZCDS4
2008-07-13T09:20:01,310505000,TAHITIAN-PRINCESS,GLACIER BAY,56.45758667,-135.306005,317,318,17.5,0,9187899,ZCDS4
2008-07-13T09:19:37,310505000,TAHITIAN-PRINCESS,GLACIER BAY,56.45614667,-135.303665,317,319,17.5,0,9187899,ZCDS4
2008-07-13T09:19:25,310505000,TAHITIAN-PRINCESS,GLACIER BAY,56.455415,-135.3025217,317,318,17.5,0,9187899,ZCDS4
2008-07-13T09:19:20,310505000,TAHITIAN-PRINCESS,GLACIER BAY,56.45506167,-135.30192,317,319,17.5,0,9187899,ZCDS4
2008-07-13T09:19:14,310505000,TAHITIAN-PRINCESS,GLACIER BAY,56.45475667,-135.30144,317,319,17.5,0,9187899,ZCDS4
2008-07-13T09:19:08,310505000,TAHITIAN-PRINCESS,GLACIER BAY,56.45439333,-135.3008583,318,319,17.5,0,9187899,ZCDS4
2008-07-13T09:19:01,310505000,TAHITIAN-PRINCESS,GLACIER BAY,56.45397,-135.3001783,318,319,17.5,0,9187899,ZCDS4
2008-07-13T09:16:50,310505000,TAHITIAN-PRINCESS,GLACIER BAY,56.4459,-135.28763,317,318,17.4,0,9187899,ZCDS4
2008-07-13T09:16:44,310505000,TAHITIAN-PRINCESS,GLACIER BAY,56.445535,-135.28706,317,318,17.5,0,9187899,ZCDS4
2008-07-13T09:16:37,310505000,TAHITIAN-PRINCESS,GLACIER BAY,56.445175,-135.2864767,317,318,17.5,0,9187899,ZCDS4
2008-07-13T09:16:25,310505000,TAHITIAN-PRINCESS,GLACIER BAY,56.444455,-135.2853067,317,318,17.4,0,9187899,ZCDS4
2008-07-13T09:15:49,310505000,TAHITIAN-PRINCESS,GLACIER BAY,56.44228167,-135.28185,317,319,17.5,0,9187899,ZCDS4
2008-07-13T09:15:44,310505000,TAHITIAN-PRINCESS,GLACIER BAY,56.44191667,-135.28128,317,318,17.5,0,9187899,ZCDS4
2008-07-13T09:15:37,310505000,TAHITIAN-PRINCESS,GLACIER BAY,56.44156167,-135.2806783,317,319,17.4,0,9187899,ZCDS4
2008-07-13T09:15:31,310505000,TAHITIAN-PRINCESS,GLACIER BAY,56.4412,-135.2801,317,318,17.4,0,9187899,ZCDS4
2008-07-13T09:15:25,310505000,TAHITIAN-PRINCESS,GLACIER BAY,56.44083167,-135.2795367,317,318,17.5,0,9187899,ZCDS4
2008-07-13T09:15:02,310505000,TAHITIAN-PRINCESS,GLACIER BAY,56.439385,-135.27722,317,319,17.5,0,9187899,ZCDS4
2008-07-13T09:14:55,310505000,TAHITIAN-PRINCESS,GLACIER BAY,56.43902333,-135.27664,317,319,17.4,0,9187899,ZCDS4
2008-07-13T09:14:51,310505000,TAHITIAN-PRINCESS,GLACIER BAY,56.43866333,-135.2760567,317,318,17.5,0,9187899,ZCDS4
2008-07-13T09:14:31,310505000,TAHITIAN-PRINCESS,GLACIER BAY,56.43757167,-135.27433,317,318,17.5,0,9187899,ZCDS4
2008-07-13T09:14:25,310505000,TAHITIAN-PRINCESS,GLACIER BAY,56.43721333,-135.2737367,317,319,17.5,0,9187899,ZCDS4
2008-07-13T09:13:50,310505000,TAHITIAN-PRINCESS,GLACIER BAY,56.43503333,-135.2702717,317,319,17.4,0,9187899,ZCDS4
2008-07-13T09:13:43,310505000,TAHITIAN-PRINCESS,GLACIER BAY,56.43467667,-135.26968,317,319,17.4,0,9187899,ZCDS4
2008-07-13T09:13:31,310505000,TAHITIAN-PRINCESS,GLACIER BAY,56.433945,-135.26854,317,319,17.4,0,9187899,ZCDS4
2008-07-13T09:13:25,310505000,TAHITIAN-PRINCESS,GLACIER BAY,56.43358833,-135.267945,318,319,17.5,0,9187899,ZCDS4
2008-07-13T09:13:01,310505000,TAHITIAN-PRINCESS,GLACIER BAY,56.43213,-135.2656517,318,319,17.5,0,9187899,ZCDS4
2008-07-13T09:12:55,310505000,TAHITIAN-PRINCESS,GLACIER BAY,56.43176167,-135.2650833,318,319,17.5,0,9187899,ZCDS4
2008-07-13T09:12:50,310505000,TAHITIAN-PRINCESS,GLACIER BAY,56.43139333,-135.2645183,317,319,17.4,0,9187899,ZCDS4
2008-07-13T09:12:43,310505000,TAHITIAN-PRINCESS,GLACIER BAY,56.43103333,-135.2639367,317,319,17.5,0,9187899,ZCDS4
2008-07-13T09:12:37,310505000,TAHITIAN-PRINCESS,GLACIER BAY,56.43066333,-135.2633767,317,319,17.5,0,9187899,ZCDS4
2008-07-13T09:07:25,310505000,TAHITIAN-PRINCESS,GLACIER BAY,56.41179167,-135.23327,317,319,17.5,0,9187899,ZCDS4
2008-07-13T09:07:14,310505000,TAHITIAN-PRINCESS,GLACIER BAY,56.41106833,-135.2321033,318,319,17.4,0,9187899,ZCDS4
2008-07-13T09:07:07,310505000,TAHITIAN-PRINCESS,GLACIER BAY,56.41069833,-135.23154,317,319,17.5,0,9187899,ZCDS4
2008-07-13T09:06:43,310505000,TAHITIAN-PRINCESS,GLACIER BAY,56.40924167,-135.2292283,318,320,17.5,0,9187899,ZCDS4
2008-07-13T09:06:38,310505000,TAHITIAN-PRINCESS,GLACIER BAY,56.40887167,-135.2286617,318,320,17.5,0,9187899,ZCDS4
2008-07-13T09:06:25,310505000,TAHITIAN-PRINCESS,GLACIER BAY,56.40813167,-135.2275383,318,320,17.5,0,9187899,ZCDS4
2008-07-13T09:06:20,310505000,TAHITIAN-PRINCESS,GLACIER BAY,56.40776167,-135.2269733,318,320,17.5,0,9187899,ZCDS4
2008-07-13T09:03:49,310505000,TAHITIAN-PRINCESS,GLACIER BAY,56.39864,-135.21262,317,318,17.5,0,9187899,ZCDS4
2008-07-13T09:03:43,310505000,TAHITIAN-PRINCESS,GLACIER BAY,56.39827667,-135.2120383,317,318,17.5,0,9187899,ZCDS4
2008-07-13T09:03:38,310505000,TAHITIAN-PRINCESS,GLACIER BAY,56.39797667,-135.2115517,317,319,17.5,0,9187899,ZCDS4
2008-07-13T09:03:32,310505000,TAHITIAN-PRINCESS,GLACIER BAY,56.39754833,-135.210885,317,319,17.6,0,9187899,ZCDS4
2008-07-13T09:03:25,310505000,TAHITIAN-PRINCESS,GLACIER BAY,56.39719,-135.21029,317,318,17.5,0,9187899,ZCDS4
2008-07-13T09:03:20,310505000,TAHITIAN-PRINCESS,GLACIER BAY,56.39682333,-135.2097167,317,319,17.5,0,9187899,ZCDS4
2008-07-13T09:02:49,310505000,TAHITIAN-PRINCESS,GLACIER BAY,56.39500333,-135.20682,317,319,17.6,0,9187899,ZCDS4
2008-07-13T09:02:43,310505000,TAHITIAN-PRINCESS,GLACIER BAY,56.39462833,-135.2062567,317,318,17.5,0,9187899,ZCDS4
2008-07-13T09:02:38,310505000,TAHITIAN-PRINCESS,GLACIER BAY,56.39433,-135.205765,317,318,17.5,0,9187899,ZCDS4
2008-07-13T09:02:37,310505000,TAHITIAN-PRINCESS,GLACIER BAY,56.39390167,-135.2051017,0,0,0.0,0,9187899,ZCDS4
2008-07-13T09:02:32,310505000,TAHITIAN-PRINCESS,GLACIER BAY,56.39390167,-135.2051017,317,318,17.6,0,9187899,ZCDS4
2008-07-13T09:02:25,310505000,TAHITIAN-PRINCESS,GLACIER BAY,56.39353833,-135.204515,317,318,17.5,0,9187899,ZCDS4
2008-07-13T09:02:20,310505000,TAHITIAN-PRINCESS,GLACIER BAY,56.39317167,-135.2039433,317,318,17.5,0,9187899,ZCDS4
2008-07-13T09:02:13,310505000,TAHITIAN-PRINCESS,GLACIER BAY,56.39275667,-135.2032467,317,319,17.5,0,9187899,ZCDS4
2008-07-13T09:02:07,310505000,TAHITIAN-PRINCESS,GLACIER BAY,56.39245,-135.2027683,317,318,17.5,0,9187899,ZCDS4
2008-07-13T09:02:02,310505000,TAHITIAN-PRINCESS,GLACIER BAY,56.39209333,-135.202175,317,319,17.5,0,9187899,ZCDS4
2008-07-13T09:01:56,310505000,TAHITIAN-PRINCESS,GLACIER BAY,56.391785,-135.2017017,317,319,17.6,0,9187899,ZCDS4
2008-07-13T09:01:49,310505000,TAHITIAN-PRINCESS,GLACIER BAY,56.391355,-135.201035,317,318,17.5,0,9187899,ZCDS4
2008-07-13T09:01:07,310505000,TAHITIAN-PRINCESS,GLACIER BAY,56.38881333,-135.196965,317,318,17.5,0,9187899,ZCDS4
2008-07-13T09:01:02,310505000,TAHITIAN-PRINCESS,GLACIER BAY,56.38845667,-135.1963617,317,319,17.6,0,9187899,ZCDS4
2008-07-13T09:00:56,310505000,TAHITIAN-PRINCESS,GLACIER BAY,56.388145,-135.1958917,317,318,17.6,0,9187899,ZCDS4
2008-07-13T09:00:49,310505000,TAHITIAN-PRINCESS,GLACIER BAY,56.387725,-135.1952033,317,319,17.6,0,9187899,ZCDS4
2008-07-13T09:00:43,310505000,TAHITIAN-PRINCESS,GLACIER BAY,56.38735667,-135.1946283,317,319,17.5,0,9187899,ZCDS4
2008-07-13T09:00:38,310505000,TAHITIAN-PRINCESS,GLACIER BAY,56.38698833,-135.1940567,317,319,17.6,0,9187899,ZCDS4
2008-07-13T09:00:32,310505000,TAHITIAN-PRINCESS,GLACIER BAY,56.38662333,-135.1934733,317,319,17.6,0,9187899,ZCDS4
2008-07-13T09:00:25,310505000,TAHITIAN-PRINCESS,GLACIER BAY,56.38625333,-135.1928983,318,319,17.6,0,9187899,ZCDS4
2008-07-13T09:00:20,310505000,TAHITIAN-PRINCESS,GLACIER BAY,56.38589,-135.1923083,318,319,17.6,0,9187899,ZCDS4
2008-07-13T09:00:13,310505000,TAHITIAN-PRINCESS,GLACIER BAY,56.38545667,-135.1916433,318,319,17.6,0,9187899,ZCDS4
2008-07-13T09:00:07,310505000,TAHITIAN-PRINCESS,GLACIER BAY,56.385155,-135.19115,318,319,17.7,0,9187899,ZCDS4
2008-07-13T09:00:03,310505000,TAHITIAN-PRINCESS,GLACIER BAY,56.384785,-135.1905767,318,319,17.7,0,9187899,ZCDS4
2008-07-13T08:59:38,310505000,TAHITIAN-PRINCESS,GLACIER BAY,56.38330167,-135.1882783,317,319,17.7,0,9187899,ZCDS4
2008-07-13T08:59:31,310505000,TAHITIAN-PRINCESS,GLACIER BAY,56.38293167,-135.1876983,318,318,17.6,0,9187899,ZCDS4
2008-07-13T08:59:25,310505000,TAHITIAN-PRINCESS,GLACIER BAY,56.38256833,-135.1871067,318,319,17.7,0,9187899,ZCDS4
2008-07-13T08:59:20,310505000,TAHITIAN-PRINCESS,GLACIER BAY,56.38220167,-135.1865233,318,319,17.6,0,9187899,ZCDS4
2008-07-13T08:59:14,310505000,TAHITIAN-PRINCESS,GLACIER BAY,56.381825,-135.1859633,317,319,17.6,0,9187899,ZCDS4
2008-07-13T08:59:07,310505000,TAHITIAN-PRINCESS,GLACIER BAY,56.38145833,-135.1853767,317,319,17.7,0,9187899,ZCDS4
2008-07-13T08:59:02,310505000,TAHITIAN-PRINCESS,GLACIER BAY,56.38108833,-135.1848,317,319,17.7,0,9187899,ZCDS4
2008-07-13T08:58:56,310505000,TAHITIAN-PRINCESS,GLACIER BAY,56.38071667,-135.1842217,317,319,17.7,0,9187899,ZCDS4
2008-07-13T08:58:37,310505000,TAHITIAN-PRINCESS,GLACIER BAY,56.379615,-135.1824783,317,319,17.7,0,9187899,ZCDS4
2008-07-13T08:58:31,310505000,TAHITIAN-PRINCESS,GLACIER BAY,56.37924667,-135.181895,317,319,17.6,0,9187899,ZCDS4
2008-07-13T08:56:02,310505000,TAHITIAN-PRINCESS,GLACIER BAY,56.370135,-135.16715,317,319,17.6,0,9187899,ZCDS4
2008-07-13T08:55:19,310505000,TAHITIAN-PRINCESS,GLACIER BAY,56.36748667,-135.162995,317,320,17.7,0,9187899,ZCDS4
2008-07-13T08:47:20,310505000,TAHITIAN-PRINCESS,GLACIER BAY,56.338055,-135.1166617,317,318,17.8,0,9187899,ZCDS4
2008-07-13T08:47:14,310505000,TAHITIAN-PRINCESS,GLACIER BAY,56.33768833,-135.1160733,317,319,17.8,0,9187899,ZCDS4
2008-07-13T08:47:08,310505000,TAHITIAN-PRINCESS,GLACIER BAY,56.33732167,-135.1154767,318,318,17.8,0,9187899,ZCDS4
2008-07-13T08:47:01,310505000,TAHITIAN-PRINCESS,GLACIER BAY,56.33695833,-135.1148733,318,318,17.7,0,9187899,ZCDS4
2008-07-13T08:46:55,310505000,TAHITIAN-PRINCESS,GLACIER BAY,56.33653,-135.1141867,318,319,17.8,0,9187899,ZCDS4
2008-07-13T08:46:50,310505000,TAHITIAN-PRINCESS,GLACIER BAY,56.33622,-135.1137,318,318,17.8,0,9187899,ZCDS4
2008-07-13T08:46:43,310505000,TAHITIAN-PRINCESS,GLACIER BAY,56.33585,-135.11311,318,319,17.8,0,9187899,ZCDS4
2008-07-13T08:46:38,310505000,TAHITIAN-PRINCESS,GLACIER BAY,56.33548167,-135.11252,318,319,17.8,0,9187899,ZCDS4
2008-07-13T08:46:15,310505000,TAHITIAN-PRINCESS,GLACIER BAY,56.33400167,-135.11018,318,319,17.8,0,9187899,ZCDS4
2008-07-13T08:46:01,310505000,TAHITIAN-PRINCESS,GLACIER BAY,56.333255,-135.1090167,319,319,17.8,0,9187899,ZCDS4
2008-07-13T08:45:55,310505000,TAHITIAN-PRINCESS,GLACIER BAY,56.33282167,-135.1083417,319,319,17.8,0,9187899,ZCDS4
2008-07-13T08:45:50,310505000,TAHITIAN-PRINCESS,GLACIER BAY,56.332505,-135.10787,319,319,17.9,0,9187899,ZCDS4
2008-07-13T08:45:20,310505000,TAHITIAN-PRINCESS,GLACIER BAY,56.330635,-135.10496,318,319,17.8,0,9187899,ZCDS4
2008-07-13T08:45:08,310505000,TAHITIAN-PRINCESS,GLACIER BAY,56.32989333,-135.1037817,319,319,17.9,0,9187899,ZCDS4
2008-07-13T08:44:14,310505000,TAHITIAN-PRINCESS,GLACIER BAY,56.32655333,-135.098465,318,319,17.9,0,9187899,ZCDS4
2008-07-13T08:44:08,310505000,TAHITIAN-PRINCESS,GLACIER BAY,56.32616833,-135.0979067,318,318,17.9,0,9187899,ZCDS4
2008-07-13T08:43:55,310505000,TAHITIAN-PRINCESS,GLACIER BAY,56.32537333,-135.0966033,318,319,17.9,0,9187899,ZCDS4
2008-07-13T08:43:50,310505000,TAHITIAN-PRINCESS,GLACIER BAY,56.32506167,-135.09612,318,319,17.9,0,9187899,ZCDS4
2008-07-13T08:43:44,310505000,TAHITIAN-PRINCESS,GLACIER BAY,56.32469,-135.0955267,318,318,17.8,0,9187899,ZCDS4
2008-07-13T08:43:37,310505000,TAHITIAN-PRINCESS,GLACIER BAY,56.32431833,-135.0949383,318,319,17.9,0,9187899,ZCDS4
2008-07-13T08:43:31,310505000,TAHITIAN-PRINCESS,GLACIER BAY,56.32395,-135.0943467,318,319,17.9,0,9187899,ZCDS4
2008-07-13T08:43:25,310505000,TAHITIAN-PRINCESS,GLACIER BAY,56.32351333,-135.0936633,318,319,17.9,0,9187899,ZCDS4
2008-07-13T08:43:14,310505000,TAHITIAN-PRINCESS,GLACIER BAY,56.322835,-135.09258,318,319,17.9,0,9187899,ZCDS4
2008-07-13T08:43:08,310505000,TAHITIAN-PRINCESS,GLACIER BAY,56.32246333,-135.0919833,318,318,17.8,0,9187899,ZCDS4
2008-07-13T08:43:01,310505000,TAHITIAN-PRINCESS,GLACIER BAY,56.32209667,-135.0913883,318,319,17.9,0,9187899,ZCDS4
2008-07-13T08:42:55,310505000,TAHITIAN-PRINCESS,GLACIER BAY,56.32165833,-135.0907067,318,319,17.9,0,9187899,ZCDS4
2008-07-13T08:42:50,310505000,TAHITIAN-PRINCESS,GLACIER BAY,56.321345,-135.090225,318,319,17.9,0,9187899,ZCDS4
2008-07-13T08:42:44,310505000,TAHITIAN-PRINCESS,GLACIER BAY,56.32097333,-135.0896283,318,319,17.9,0,9187899,ZCDS4
2008-07-13T08:42:37,310505000,TAHITIAN-PRINCESS,GLACIER BAY,56.32059333,-135.08906,318,319,17.9,0,9187899,ZCDS4
2008-07-13T08:42:14,310505000,TAHITIAN-PRINCESS,GLACIER BAY,56.31909667,-135.0867183,318,319,17.9,0,9187899,ZCDS4
2008-07-13T08:42:08,310505000,TAHITIAN-PRINCESS,GLACIER BAY,56.31872333,-135.0861317,319,320,17.9,0,9187899,ZCDS4
2008-07-13T08:42:01,310505000,TAHITIAN-PRINCESS,GLACIER BAY,56.31834,-135.0855617,318,319,17.9,0,9187899,ZCDS4
2008-07-13T08:41:55,310505000,TAHITIAN-PRINCESS,GLACIER BAY,56.31791333,-135.0848583,319,320,17.9,0,9187899,ZCDS4
2008-07-13T08:41:50,310505000,TAHITIAN-PRINCESS,GLACIER BAY,56.31759167,-135.0843933,318,318,17.9,0,9187899,ZCDS4
2008-07-13T08:41:37,310505000,TAHITIAN-PRINCESS,GLACIER BAY,56.31684,-135.08323,318,319,17.9,0,9187899,ZCDS4
2008-07-13T08:41:31,310505000,TAHITIAN-PRINCESS,GLACIER BAY,56.316465,-135.0826433,318,319,17.9,0,9187899,ZCDS4
2008-07-13T08:41:25,310505000,TAHITIAN-PRINCESS,GLACIER BAY,56.31603333,-135.0819467,318,319,17.9,0,9187899,ZCDS4
2008-07-13T08:41:14,310505000,TAHITIAN-PRINCESS,GLACIER BAY,56.31534333,-135.0808767,318,319,17.9,0,9187899,ZCDS4
2008-07-13T08:41:08,310505000,TAHITIAN-PRINCESS,GLACIER BAY,56.315035,-135.0803783,318,319,17.9,0,9187899,ZCDS4
2008-07-13T08:40:50,310505000,TAHITIAN-PRINCESS,GLACIER BAY,56.313845,-135.0785317,318,319,17.9,0,9187899,ZCDS4
2008-07-13T08:40:44,310505000,TAHITIAN-PRINCESS,GLACIER BAY,56.31347333,-135.0779467,318,318,17.9,0,9187899,ZCDS4
2008-07-13T08:40:37,310505000,TAHITIAN-PRINCESS,GLACIER BAY,56.31309167,-135.0773717,317,318,17.9,0,9187899,ZCDS4
2008-07-13T08:40:31,310505000,TAHITIAN-PRINCESS,GLACIER BAY,56.31272,-135.0767817,317,317,17.9,0,9187899,ZCDS4
2008-07-13T08:40:25,310505000,TAHITIAN-PRINCESS,GLACIER BAY,56.31229333,-135.0760733,317,318,17.9,0,9187899,ZCDS4
2008-07-13T08:40:14,310505000,TAHITIAN-PRINCESS,GLACIER BAY,56.31161167,-135.074985,316,317,17.9,0,9187899,ZCDS4
2008-07-13T08:40:01,310505000,TAHITIAN-PRINCESS,GLACIER BAY,56.31088667,-135.0737533,317,318,18.0,0,9187899,ZCDS4
2008-07-13T08:39:55,310505000,TAHITIAN-PRINCESS,GLACIER BAY,56.31046167,-135.0730367,317,318,17.9,0,9187899,ZCDS4
2008-07-13T08:39:50,310505000,TAHITIAN-PRINCESS,GLACIER BAY,56.31014667,-135.0725517,317,318,17.9,0,9187899,ZCDS4
2008-07-13T08:39:44,310505000,TAHITIAN-PRINCESS,GLACIER BAY,56.30978833,-135.07193,318,318,18.0,0,9187899,ZCDS4
2008-07-13T08:39:37,310505000,TAHITIAN-PRINCESS,GLACIER BAY,56.30941,-135.0713483,317,318,18.0,0,9187899,ZCDS4
2008-07-13T08:39:32,310505000,TAHITIAN-PRINCESS,GLACIER BAY,56.30904167,-135.0707417,317,318,18.0,0,9187899,ZCDS4
2008-07-13T08:39:25,310505000,TAHITIAN-PRINCESS,GLACIER BAY,56.30860833,-135.0700533,317,318,18.0,0,9187899,ZCDS4
2008-07-13T08:39:21,310505000,TAHITIAN-PRINCESS,GLACIER BAY,56.3083,-135.06955,317,318,17.9,0,9187899,ZCDS4
2008-07-13T08:39:14,310505000,TAHITIAN-PRINCESS,GLACIER BAY,56.30792833,-135.068955,317,318,17.9,0,9187899,ZCDS4
2008-07-13T08:38:55,310505000,TAHITIAN-PRINCESS,GLACIER BAY,56.30676,-135.067055,318,319,17.9,0,9187899,ZCDS4
2008-07-13T08:38:49,310505000,TAHITIAN-PRINCESS,GLACIER BAY,56.30644667,-135.0665717,318,319,17.9,0,9187899,ZCDS4
2008-07-13T08:38:44,310505000,TAHITIAN-PRINCESS,GLACIER BAY,56.30607333,-135.0659833,318,320,17.9,0,9187899,ZCDS4
2008-07-13T08:38:38,310505000,TAHITIAN-PRINCESS,GLACIER BAY,56.30570333,-135.06538,319,319,17.9,0,9187899,ZCDS4
2008-07-13T08:38:36,310505000,TAHITIAN-PRINCESS,GLACIER BAY,56.30532333,-135.06481,0,0,0.0,0,9187899,ZCDS4
2008-07-13T08:38:32,310505000,TAHITIAN-PRINCESS,GLACIER BAY,56.30532333,-135.06481,319,320,17.9,0,9187899,ZCDS4
2008-07-13T08:38:25,310505000,TAHITIAN-PRINCESS,GLACIER BAY,56.30494833,-135.0642283,319,319,17.9,0,9187899,ZCDS4
2008-07-13T08:38:24,310505000,TAHITIAN-PRINCESS,GLACIER BAY,56.30457,-135.0636517,319,320,17.9,0,9187899,ZCDS4
2008-07-13T08:38:14,310505000,TAHITIAN-PRINCESS,GLACIER BAY,56.30419333,-135.0630683,319,319,17.9,0,9187899,ZCDS4
2008-07-13T08:38:08,310505000,TAHITIAN-PRINCESS,GLACIER BAY,56.303815,-135.0624933,319,319,17.9,0,9187899,ZCDS4
2008-07-13T08:37:44,310505000,TAHITIAN-PRINCESS,GLACIER BAY,56.30231667,-135.0601467,319,320,17.9,0,9187899,ZCDS4
2008-07-13T08:37:38,310505000,TAHITIAN-PRINCESS,GLACIER BAY,56.30193667,-135.0595733,319,320,17.9,0,9187899,ZCDS4
2008-07-13T08:37:20,310505000,TAHITIAN-PRINCESS,GLACIER BAY,56.30079833,-135.0578417,319,320,17.9,0,9187899,ZCDS4
2008-07-13T08:37:15,310505000,TAHITIAN-PRINCESS,GLACIER BAY,56.30041167,-135.0572783,319,320,17.9,0,9187899,ZCDS4
2008-07-13T08:36:50,310505000,TAHITIAN-PRINCESS,GLACIER BAY,56.29889,-135.0549983,318,319,17.9,0,9187899,ZCDS4
2008-07-13T08:36:43,310505000,TAHITIAN-PRINCESS,GLACIER BAY,56.29845333,-135.05432,318,318,17.9,0,9187899,ZCDS4
2008-07-13T08:36:38,310505000,TAHITIAN-PRINCESS,GLACIER BAY,56.298145,-135.0538283,318,318,17.8,0,9187899,ZCDS4
2008-07-13T08:36:32,310505000,TAHITIAN-PRINCESS,GLACIER BAY,56.297765,-135.0532583,317,318,17.8,0,9187899,ZCDS4
2008-07-13T08:36:01,310505000,TAHITIAN-PRINCESS,GLACIER BAY,56.29587333,-135.050175,317,319,17.9,0,9187899,ZCDS4
2008-07-13T08:35:55,310505000,TAHITIAN-PRINCESS,GLACIER BAY,56.29550167,-135.049585,317,318,17.8,0,9187899,ZCDS4
2008-07-13T08:35:50,310505000,TAHITIAN-PRINCESS,GLACIER BAY,56.29519667,-135.0490917,317,319,17.8,0,9187899,ZCDS4
2008-07-13T08:35:43,310505000,TAHITIAN-PRINCESS,GLACIER BAY,56.29476,-135.0484217,317,318,17.9,0,9187899,ZCDS4
2008-07-13T08:35:38,310505000,TAHITIAN-PRINCESS,GLACIER BAY,56.29445333,-135.0479217,317,319,17.8,0,9187899,ZCDS4
2008-07-13T08:35:32,310505000,TAHITIAN-PRINCESS,GLACIER BAY,56.29407667,-135.0473467,317,318,17.8,0,9187899,ZCDS4
2008-07-13T08:35:25,310505000,TAHITIAN-PRINCESS,GLACIER BAY,56.29371167,-135.046755,317,318,17.9,0,9187899,ZCDS4
2008-07-13T08:35:20,310505000,TAHITIAN-PRINCESS,GLACIER BAY,56.29334167,-135.0461633,317,318,17.9,0,9187899,ZCDS4
2008-07-13T08:35:13,310505000,TAHITIAN-PRINCESS,GLACIER BAY,56.29290833,-135.0454783,317,318,17.8,0,9187899,ZCDS4
2008-07-13T08:35:08,310505000,TAHITIAN-PRINCESS,GLACIER BAY,56.29260167,-135.0449817,317,318,17.8,0,9187899,ZCDS4
2008-07-13T08:35:03,310505000,TAHITIAN-PRINCESS,GLACIER BAY,56.2846667,-135.034667,511,360,102.3,15,9187899,ZCDS4
2008-07-13T08:35:01,310505000,TAHITIAN-PRINCESS,GLACIER BAY,56.29217667,-135.0442833,317,318,17.8,0,9187899,ZCDS4
2008-07-13T08:34:55,310505000,TAHITIAN-PRINCESS,GLACIER BAY,56.29181333,-135.04368,317,318,17.7,0,9187899,ZCDS4
2008-07-13T08:34:49,310505000,TAHITIAN-PRINCESS,GLACIER BAY,56.29149833,-135.0432083,316,318,17.7,0,9187899,ZCDS4
2008-07-13T08:34:43,310505000,TAHITIAN-PRINCESS,GLACIER BAY,56.29107667,-135.042505,316,318,17.8,0,9187899,ZCDS4
2008-07-13T08:34:38,310505000,TAHITIAN-PRINCESS,GLACIER BAY,56.29077667,-135.042,317,318,17.8,0,9187899,ZCDS4
2008-07-13T08:34:32,310505000,TAHITIAN-PRINCESS,GLACIER BAY,56.29040167,-135.0414267,316,318,17.7,0,9187899,ZCDS4
2008-07-13T08:34:25,310505000,TAHITIAN-PRINCESS,GLACIER BAY,56.29004333,-135.0408183,317,318,17.7,0,9187899,ZCDS4
2008-07-13T08:34:01,310505000,TAHITIAN-PRINCESS,GLACIER BAY,56.28851833,-135.0383617,317,318,17.7,0,9187899,ZCDS4
2008-07-13T08:33:56,310505000,TAHITIAN-PRINCESS,GLACIER BAY,56.28821167,-135.0378767,317,318,17.7,0,9187899,ZCDS4
2008-07-13T08:33:50,310505000,TAHITIAN-PRINCESS,GLACIER BAY,56.287845,-135.0372883,317,319,17.7,0,9187899,ZCDS4
2008-07-13T08:33:43,310505000,TAHITIAN-PRINCESS,GLACIER BAY,56.287475,-135.03671,317,318,17.7,0,9187899,ZCDS4
2008-07-13T08:33:25,310505000,TAHITIAN-PRINCESS,GLACIER BAY,56.28638833,-135.0349317,317,319,17.6,0,9187899,ZCDS4
2008-07-13T08:33:20,310505000,TAHITIAN-PRINCESS,GLACIER BAY,56.28607667,-135.0344583,317,319,17.5,0,9187899,ZCDS4
2008-07-13T08:33:13,310505000,TAHITIAN-PRINCESS,GLACIER BAY,56.28565167,-135.03378,317,319,17.7,0,9187899,ZCDS4
2008-07-13T08:33:08,310505000,TAHITIAN-PRINCESS,GLACIER BAY,56.28534667,-135.033295,317,319,17.6,0,9187899,ZCDS4
2008-07-13T08:33:01,310505000,TAHITIAN-PRINCESS,GLACIER BAY,56.28491833,-135.03261,318,319,17.6,0,9187899,ZCDS4
2008-07-13T08:32:56,310505000,TAHITIAN-PRINCESS,GLACIER BAY,56.28460667,-135.032145,318,319,17.7,0,9187899,ZCDS4
2008-07-13T08:32:50,310505000,TAHITIAN-PRINCESS,GLACIER BAY,56.28418,-135.03146,318,320,17.6,0,9187899,ZCDS4
2008-07-13T08:32:43,310505000,TAHITIAN-PRINCESS,GLACIER BAY,56.28380667,-135.0308883,318,320,17.6,0,9187899,ZCDS4
2008-07-13T08:32:38,310505000,TAHITIAN-PRINCESS,GLACIER BAY,56.28349333,-135.0304183,318,320,17.7,0,9187899,ZCDS4
2008-07-13T08:32:36,310505000,TAHITIAN-PRINCESS,GLACIER BAY,56.283055,-135.02976,0,0,0.0,0,9187899,ZCDS4
2008-07-13T08:32:32,310505000,TAHITIAN-PRINCESS,GLACIER BAY,56.283055,-135.02976,318,319,17.7,0,9187899,ZCDS4
2008-07-13T08:32:26,310505000,TAHITIAN-PRINCESS,GLACIER BAY,56.28268833,-135.0291733,318,320,17.7,0,9187899,ZCDS4
2008-07-13T08:32:20,310505000,TAHITIAN-PRINCESS,GLACIER BAY,56.28238833,-135.0286717,319,320,17.7,0,9187899,ZCDS4
2008-07-13T08:32:13,310505000,TAHITIAN-PRINCESS,GLACIER BAY,56.28194167,-135.02803,318,320,17.7,0,9187899,ZCDS4
2008-07-13T08:32:01,310505000,TAHITIAN-PRINCESS,GLACIER BAY,56.28119667,-135.0268783,319,320,17.7,0,9187899,ZCDS4
2008-07-13T08:31:56,310505000,TAHITIAN-PRINCESS,GLACIER BAY,56.28087833,-135.026425,318,320,17.7,0,9187899,ZCDS4
2008-07-13T08:31:49,310505000,TAHITIAN-PRINCESS,GLACIER BAY,56.28043667,-135.025775,318,320,17.6,0,9187899,ZCDS4
2008-07-13T08:28:14,310505000,TAHITIAN-PRINCESS,GLACIER BAY,56.26734333,-135.00492,317,319,17.5,0,9187899,ZCDS4
2008-07-13T08:26:38,310505000,TAHITIAN-PRINCESS,GLACIER BAY,56.26146667,-134.9957483,317,319,17.5,0,9187899,ZCDS4
2008-07-13T08:26:14,310505000,TAHITIAN-PRINCESS,GLACIER BAY,56.25999667,-134.993465,317,319,17.5,0,9187899,ZCDS4
2008-07-13T08:23:49,310505000,TAHITIAN-PRINCESS,GLACIER BAY,56.25122667,-134.9794633,317,318,17.5,0,9187899,ZCDS4
2008-07-13T08:23:01,310505000,TAHITIAN-PRINCESS,GLACIER BAY,56.24832,-134.97481,317,319,17.6,0,9187899,ZCDS4
2008-07-13T08:22:49,310505000,TAHITIAN-PRINCESS,GLACIER BAY,56.24757667,-134.9736783,317,319,17.5,0,9187899,ZCDS4
2008-07-13T08:22:20,310505000,TAHITIAN-PRINCESS,GLACIER BAY,56.245745,-134.9708033,318,319,17.6,0,9187899,ZCDS4
2008-07-13T08:22:01,310505000,TAHITIAN-PRINCESS,GLACIER BAY,56.24464,-134.9690883,318,320,17.6,0,9187899,ZCDS4
2008-07-13T08:21:49,310505000,TAHITIAN-PRINCESS,GLACIER BAY,56.2439,-134.9679533,318,320,17.6,0,9187899,ZCDS4
2008-07-13T08:21:26,310505000,TAHITIAN-PRINCESS,GLACIER BAY,56.24240833,-134.9656983,318,319,17.6,0,9187899,ZCDS4
2008-07-13T08:20:56,310505000,TAHITIAN-PRINCESS,GLACIER BAY,56.24062333,-134.9629317,317,318,17.7,0,9187899,ZCDS4
2008-07-13T08:20:44,310505000,TAHITIAN-PRINCESS,GLACIER BAY,56.23982667,-134.9616767,317,318,17.7,0,9187899,ZCDS4
2008-07-13T08:20:25,310505000,TAHITIAN-PRINCESS,GLACIER BAY,56.23873333,-134.959905,316,318,17.7,0,9187899,ZCDS4
2008-07-13T08:19:25,310505000,TAHITIAN-PRINCESS,GLACIER BAY,56.23509167,-134.9540267,316,317,17.6,0,9187899,ZCDS4
2008-07-13T08:18:49,310505000,TAHITIAN-PRINCESS,GLACIER BAY,56.23293,-134.9504717,316,318,17.6,0,9187899,ZCDS4
2008-07-13T08:18:13,310505000,TAHITIAN-PRINCESS,GLACIER BAY,56.23074833,-134.9469733,317,319,17.5,0,9187899,ZCDS4
2008-07-13T08:17:13,310505000,TAHITIAN-PRINCESS,GLACIER BAY,56.22705667,-134.9412683,317,319,17.6,0,9187899,ZCDS4
2008-07-13T08:16:56,310505000,TAHITIAN-PRINCESS,GLACIER BAY,56.22601667,-134.9396417,317,319,17.6,0,9187899,ZCDS4
2008-07-13T08:16:50,310505000,TAHITIAN-PRINCESS,GLACIER BAY,56.22564833,-134.939065,317,319,17.5,0,9187899,ZCDS4
2008-07-13T08:16:38,310505000,TAHITIAN-PRINCESS,GLACIER BAY,56.22486,-134.937805,317,319,17.6,0,9187899,ZCDS4
2008-07-13T08:16:20,310505000,TAHITIAN-PRINCESS,GLACIER BAY,56.22376167,-134.93608,316,318,17.6,0,9187899,ZCDS4
2008-07-13T08:16:13,310505000,TAHITIAN-PRINCESS,GLACIER BAY,56.223395,-134.9355017,316,318,17.6,0,9187899,ZCDS4
2008-07-13T08:16:07,310505000,TAHITIAN-PRINCESS,GLACIER BAY,56.22302833,-134.934925,316,318,17.6,0,9187899,ZCDS4
2008-07-13T08:16:01,310505000,TAHITIAN-PRINCESS,GLACIER BAY,56.22266833,-134.9343367,316,317,17.5,0,9187899,ZCDS4
2008-07-13T08:15:50,310505000,TAHITIAN-PRINCESS,GLACIER BAY,56.22200667,-134.9332583,316,318,17.6,0,9187899,ZCDS4
2008-07-13T08:15:37,310505000,TAHITIAN-PRINCESS,GLACIER BAY,56.221225,-134.93198,316,318,17.6,0,9187899,ZCDS4
2008-07-13T08:14:50,310505000,TAHITIAN-PRINCESS,GLACIER BAY,56.21837333,-134.9273733,317,318,17.7,0,9187899,ZCDS4
2008-07-13T08:14:44,310505000,TAHITIAN-PRINCESS,GLACIER BAY,56.21800667,-134.9267933,317,319,17.8,0,9187899,ZCDS4
2008-07-13T08:14:39,310505000,TAHITIAN-PRINCESS,GLACIER BAY,56.21763333,-134.9262217,316,318,17.7,0,9187899,ZCDS4
2008-07-13T08:14:20,310505000,TAHITIAN-PRINCESS,GLACIER BAY,56.21647333,-134.9243567,316,318,17.7,0,9187899,ZCDS4
2008-07-13T08:14:13,310505000,TAHITIAN-PRINCESS,GLACIER BAY,56.21610833,-134.9237683,317,318,17.7,0,9187899,ZCDS4
2008-07-13T08:14:01,310505000,TAHITIAN-PRINCESS,GLACIER BAY,56.21536667,-134.92261,316,318,17.8,0,9187899,ZCDS4
2008-07-13T08:13:56,310505000,TAHITIAN-PRINCESS,GLACIER BAY,56.21507,-134.9221,317,318,17.8,0,9187899,ZCDS4
2008-07-13T08:13:50,310505000,TAHITIAN-PRINCESS,GLACIER BAY,56.2147,-134.921525,316,318,17.8,0,9187899,ZCDS4
2008-07-13T08:13:32,310505000,TAHITIAN-PRINCESS,GLACIER BAY,56.21359833,-134.9197517,317,318,17.8,0,9187899,ZCDS4
2008-07-13T08:13:13,310505000,TAHITIAN-PRINCESS,GLACIER BAY,56.21243333,-134.91788,317,319,17.8,0,9187899,ZCDS4
2008-07-13T08:13:07,310505000,TAHITIAN-PRINCESS,GLACIER BAY,56.21205333,-134.9173117,316,318,17.8,0,9187899,ZCDS4
2008-07-13T08:13:02,310505000,TAHITIAN-PRINCESS,GLACIER BAY,56.211685,-134.9167167,317,318,17.9,0,9187899,ZCDS4
2008-07-13T08:12:38,310505000,TAHITIAN-PRINCESS,GLACIER BAY,56.21026833,-134.9144467,316,319,18.0,0,9187899,ZCDS4
2008-07-13T08:12:20,310505000,TAHITIAN-PRINCESS,GLACIER BAY,56.209095,-134.9125633,317,319,18.0,0,9187899,ZCDS4
2008-07-13T08:12:17,310505000,TAHITIAN-PRINCESS,GLACIER BAY,56.208975,-134.912355,317,319,18.0,0,9187899,ZCDS4
2008-07-13T08:12:11,310505000,TAHITIAN-PRINCESS,GLACIER BAY,56.208605,-134.91175,317,319,17.9,0,9187899,ZCDS4
2008-07-13T08:12:09,310505000,TAHITIAN-PRINCESS,GLACIER BAY,56.20848,-134.91155,317,319,18.0,0,9187899,ZCDS4
2008-07-13T08:12:05,310505000,TAHITIAN-PRINCESS,GLACIER BAY,56.208235,-134.91115,317,319,18.0,0,9187899,ZCDS4
2008-07-13T08:11:50,310505000,TAHITIAN-PRINCESS,GLACIER BAY,56.20729167,-134.909675,318,320,18.0,0,9187899,ZCDS4
2008-07-13T08:11:44,310505000,TAHITIAN-PRINCESS,GLACIER BAY,56.20685167,-134.9089867,318,320,18.1,0,9187899,ZCDS4
2008-07-13T08:11:38,310505000,TAHITIAN-PRINCESS,GLACIER BAY,56.206535,-134.9084967,319,321,18.1,0,9187899,ZCDS4
2008-07-13T08:11:32,310505000,TAHITIAN-PRINCESS,GLACIER BAY,56.206155,-134.9079083,319,321,18.1,0,9187899,ZCDS4
2008-07-13T08:11:25,310505000,TAHITIAN-PRINCESS,GLACIER BAY,56.205695,-134.9072617,319,321,18.1,0,9187899,ZCDS4
2008-07-13T08:11:20,310505000,TAHITIAN-PRINCESS,GLACIER BAY,56.20531167,-134.9066817,319,321,18.1,0,9187899,ZCDS4
2008-07-13T08:11:13,310505000,TAHITIAN-PRINCESS,GLACIER BAY,56.20492167,-134.9061167,319,320,18.1,0,9187899,ZCDS4
2008-07-13T08:11:07,310505000,TAHITIAN-PRINCESS,GLACIER BAY,56.20453333,-134.905545,319,321,18.1,0,9187899,ZCDS4
2008-07-13T08:11:01,310505000,TAHITIAN-PRINCESS,GLACIER BAY,56.20413833,-134.9049883,319,320,18.1,0,9187899,ZCDS4
2008-07-13T08:10:56,310505000,TAHITIAN-PRINCESS,GLACIER BAY,56.20374833,-134.9044233,318,320,18.1,0,9187899,ZCDS4
2008-07-13T08:10:50,310505000,TAHITIAN-PRINCESS,GLACIER BAY,56.20342333,-134.9039533,318,320,18.1,0,9187899,ZCDS4
2008-07-13T08:10:44,310505000,TAHITIAN-PRINCESS,GLACIER BAY,56.20296833,-134.9032917,317,319,18.1,0,9187899,ZCDS4
2008-07-13T08:10:38,310505000,TAHITIAN-PRINCESS,GLACIER BAY,56.202645,-134.9028183,317,319,18.1,0,9187899,ZCDS4
2008-07-13T08:10:32,310505000,TAHITIAN-PRINCESS,GLACIER BAY,56.20226167,-134.9022333,317,319,18.1,0,9187899,ZCDS4
2008-07-13T08:10:25,310505000,TAHITIAN-PRINCESS,GLACIER BAY,56.20182667,-134.9015283,317,318,18.2,0,9187899,ZCDS4
2008-07-13T08:10:20,310505000,TAHITIAN-PRINCESS,GLACIER BAY,56.20144667,-134.900935,317,319,18.2,0,9187899,ZCDS4
2008-07-13T08:10:13,310505000,TAHITIAN-PRINCESS,GLACIER BAY,56.201065,-134.9003483,317,319,18.2,0,9187899,ZCDS4
2008-07-13T08:10:09,310505000,TAHITIAN-PRINCESS,GLACIER BAY,56.20069,-134.8997433,317,319,18.1,0,9187899,ZCDS4
2008-07-13T08:09:50,310505000,TAHITIAN-PRINCESS,GLACIER BAY,56.19954667,-134.89798,317,318,18.1,0,9187899,ZCDS4
2008-07-13T08:09:31,310505000,TAHITIAN-PRINCESS,GLACIER BAY,56.19842,-134.8961833,317,318,18.1,0,9187899,ZCDS4
2008-07-13T08:09:25,310505000,TAHITIAN-PRINCESS,GLACIER BAY,56.19803667,-134.8956017,316,318,18.1,0,9187899,ZCDS4
2008-07-13T08:09:20,310505000,TAHITIAN-PRINCESS,GLACIER BAY,56.19766333,-134.8949983,316,319,18.2,0,9187899,ZCDS4
2008-07-13T08:09:13,310505000,TAHITIAN-PRINCESS,GLACIER BAY,56.197285,-134.8944033,316,318,18.1,0,9187899,ZCDS4
2008-07-13T08:09:08,310505000,TAHITIAN-PRINCESS,GLACIER BAY,56.19696833,-134.8939133,316,318,18.1,0,9187899,ZCDS4
2008-07-13T08:09:01,310505000,TAHITIAN-PRINCESS,GLACIER BAY,56.196535,-134.8932117,316,318,18.1,0,9187899,ZCDS4
2008-07-13T08:08:44,310505000,TAHITIAN-PRINCESS,GLACIER BAY,56.19540333,-134.8914267,316,317,18.1,0,9187899,ZCDS4
2008-07-13T08:08:38,310505000,TAHITIAN-PRINCESS,GLACIER BAY,56.19503833,-134.8908067,316,318,18.1,0,9187899,ZCDS4
2008-07-13T08:08:36,310505000,TAHITIAN-PRINCESS,GLACIER BAY,56.19466167,-134.890215,0,0,0.0,0,9187899,ZCDS4
2008-07-13T08:08:31,310505000,TAHITIAN-PRINCESS,GLACIER BAY,56.19466167,-134.890215,316,318,18.1,0,9187899,ZCDS4
2008-07-13T08:08:26,310505000,TAHITIAN-PRINCESS,GLACIER BAY,56.19435167,-134.88971,316,318,18.1,0,9187899,ZCDS4
2008-07-13T08:08:13,310505000,TAHITIAN-PRINCESS,GLACIER BAY,56.19354833,-134.8884017,316,319,18.1,0,9187899,ZCDS4
2008-07-13T08:08:01,310505000,TAHITIAN-PRINCESS,GLACIER BAY,56.19280333,-134.8871967,317,319,18.1,0,9187899,ZCDS4
2008-07-13T08:07:55,310505000,TAHITIAN-PRINCESS,GLACIER BAY,56.19243333,-134.8865933,317,319,18.1,0,9187899,ZCDS4
2008-07-13T08:07:50,310505000,TAHITIAN-PRINCESS,GLACIER BAY,56.19205667,-134.885995,317,320,18.0,0,9187899,ZCDS4
2008-07-13T08:07:38,310505000,TAHITIAN-PRINCESS,GLACIER BAY,56.191305,-134.8848083,318,320,18.2,0,9187899,ZCDS4
2008-07-13T08:07:31,310505000,TAHITIAN-PRINCESS,GLACIER BAY,56.19091667,-134.88424,318,320,18.1,0,9187899,ZCDS4
2008-07-13T08:07:27,310505000,TAHITIAN-PRINCESS,GLACIER BAY,56.19060167,-134.88375,318,320,18.0,0,9187899,ZCDS4
2008-07-13T08:07:20,310505000,TAHITIAN-PRINCESS,GLACIER BAY,56.190155,-134.883075,318,321,18.1,0,9187899,ZCDS4
2008-07-13T08:07:13,310505000,TAHITIAN-PRINCESS,GLACIER BAY,56.18977333,-134.8824917,319,320,18.1,0,9187899,ZCDS4
2008-07-13T08:07:08,310505000,TAHITIAN-PRINCESS,GLACIER BAY,56.18938833,-134.8819133,319,321,18.0,0,9187899,ZCDS4
2008-07-13T08:07:01,310505000,TAHITIAN-PRINCESS,GLACIER BAY,56.18900833,-134.8813283,319,321,18.1,0,9187899,ZCDS4
2008-07-13T08:06:55,310505000,TAHITIAN-PRINCESS,GLACIER BAY,56.188625,-134.88075,319,321,18.1,0,9187899,ZCDS4
2008-07-13T08:06:50,310505000,TAHITIAN-PRINCESS,GLACIER BAY,56.18823167,-134.8801933,319,321,18.1,0,9187899,ZCDS4
2008-07-13T08:06:44,310505000,TAHITIAN-PRINCESS,GLACIER BAY,56.18784333,-134.87962,319,321,18.1,0,9187899,ZCDS4
2008-07-13T08:06:38,310505000,TAHITIAN-PRINCESS,GLACIER BAY,56.187455,-134.8790517,320,321,18.1,0,9187899,ZCDS4
2008-07-13T08:06:31,310505000,TAHITIAN-PRINCESS,GLACIER BAY,56.18706167,-134.8784983,319,321,18.1,0,9187899,ZCDS4
2008-07-13T08:06:26,310505000,TAHITIAN-PRINCESS,GLACIER BAY,56.18674,-134.87802,319,321,18.1,0,9187899,ZCDS4
2008-07-13T08:06:20,310505000,TAHITIAN-PRINCESS,GLACIER BAY,56.18628,-134.87737,319,321,18.1,0,9187899,ZCDS4
2008-07-13T08:06:13,310505000,TAHITIAN-PRINCESS,GLACIER BAY,56.18588833,-134.8768117,319,321,18.1,0,9187899,ZCDS4
2008-07-13T08:06:08,310505000,TAHITIAN-PRINCESS,GLACIER BAY,56.1855,-134.8762383,319,320,18.1,0,9187899,ZCDS4
2008-07-13T08:06:01,310505000,TAHITIAN-PRINCESS,GLACIER BAY,56.18511667,-134.8756617,319,321,18.1,0,9187899,ZCDS4
2008-07-13T08:05:55,310505000,TAHITIAN-PRINCESS,GLACIER BAY,56.18471833,-134.87511,319,320,18.0,0,9187899,ZCDS4
2008-07-13T08:05:50,310505000,TAHITIAN-PRINCESS,GLACIER BAY,56.18434,-134.8745183,319,321,18.1,0,9187899,ZCDS4
2008-07-13T08:05:44,310505000,TAHITIAN-PRINCESS,GLACIER BAY,56.18395667,-134.8739383,319,320,18.1,0,9187899,ZCDS4
2008-07-13T08:05:38,310505000,TAHITIAN-PRINCESS,GLACIER BAY,56.183565,-134.8733733,319,321,18.1,0,9187899,ZCDS4
2008-07-13T08:05:31,310505000,TAHITIAN-PRINCESS,GLACIER BAY,56.18318167,-134.8727917,319,320,18.1,0,9187899,ZCDS4
2008-07-13T08:05:26,310505000,TAHITIAN-PRINCESS,GLACIER BAY,56.18285833,-134.8723167,319,321,18.1,0,9187899,ZCDS4
2008-07-13T08:05:20,310505000,TAHITIAN-PRINCESS,GLACIER BAY,56.18240333,-134.8716633,319,320,18.1,0,9187899,ZCDS4
2008-07-13T08:05:14,310505000,TAHITIAN-PRINCESS,GLACIER BAY,56.182015,-134.8710933,319,320,18.1,0,9187899,ZCDS4
2008-07-13T08:05:08,310505000,TAHITIAN-PRINCESS,GLACIER BAY,56.181695,-134.870615,319,320,18.1,0,9187899,ZCDS4
2008-07-13T08:05:01,310505000,TAHITIAN-PRINCESS,GLACIER BAY,56.181245,-134.8699517,319,320,18.1,0,9187899,ZCDS4
2008-07-13T08:04:55,310505000,TAHITIAN-PRINCESS,GLACIER BAY,56.18085833,-134.8693817,319,320,18.1,0,9187899,ZCDS4
2008-07-13T08:04:50,310505000,TAHITIAN-PRINCESS,GLACIER BAY,56.180475,-134.8688033,319,320,18.1,0,9187899,ZCDS4
2008-07-13T08:04:43,310505000,TAHITIAN-PRINCESS,GLACIER BAY,56.18009,-134.8682367,319,320,18.1,0,9187899,ZCDS4
2008-07-13T08:04:38,310505000,TAHITIAN-PRINCESS,GLACIER BAY,56.17970167,-134.8676683,319,320,18.0,0,9187899,ZCDS4
2008-07-13T08:04:31,310505000,TAHITIAN-PRINCESS,GLACIER BAY,56.17932167,-134.867085,319,320,18.0,0,9187899,ZCDS4
2008-07-13T08:04:25,310505000,TAHITIAN-PRINCESS,GLACIER BAY,56.17893833,-134.8665133,319,320,18.1,0,9187899,ZCDS4
2008-07-13T08:04:19,310505000,TAHITIAN-PRINCESS,GLACIER BAY,56.17855333,-134.8659417,319,320,18.0,0,9187899,ZCDS4
2008-07-13T08:04:13,310505000,TAHITIAN-PRINCESS,GLACIER BAY,56.17817,-134.865365,319,320,18.0,0,9187899,ZCDS4
2008-07-13T08:04:08,310505000,TAHITIAN-PRINCESS,GLACIER BAY,56.17785167,-134.8648883,319,321,18.0,0,9187899,ZCDS4
2008-07-13T08:03:56,310505000,TAHITIAN-PRINCESS,GLACIER BAY,56.17701833,-134.863655,319,320,17.9,0,9187899,ZCDS4
2008-07-13T08:03:50,310505000,TAHITIAN-PRINCESS,GLACIER BAY,56.17663667,-134.863085,319,320,18.0,0,9187899,ZCDS4
2008-07-13T08:03:43,310505000,TAHITIAN-PRINCESS,GLACIER BAY,56.17624833,-134.8625217,319,320,18.0,0,9187899,ZCDS4
2008-07-13T08:03:37,310505000,TAHITIAN-PRINCESS,GLACIER BAY,56.17586833,-134.8619433,319,320,17.9,0,9187899,ZCDS4
2008-07-13T08:03:31,310505000,TAHITIAN-PRINCESS,GLACIER BAY,56.175485,-134.8613767,319,319,18.0,0,9187899,ZCDS4
2008-07-13T08:03:25,310505000,TAHITIAN-PRINCESS,GLACIER BAY,56.17511167,-134.86079,318,320,18.0,0,9187899,ZCDS4
2008-07-13T08:03:19,310505000,TAHITIAN-PRINCESS,GLACIER BAY,56.17472667,-134.8602317,318,319,18.0,0,9187899,ZCDS4
2008-07-13T08:03:13,310505000,TAHITIAN-PRINCESS,GLACIER BAY,56.174345,-134.859655,318,319,17.9,0,9187899,ZCDS4
2008-07-13T08:03:10,310505000,TAHITIAN-PRINCESS,GLACIER BAY,56.17403,-134.8591667,318,319,18.0,0,9187899,ZCDS4
2008-07-13T08:03:01,310505000,TAHITIAN-PRINCESS,GLACIER BAY,56.17359333,-134.8584867,318,319,18.0,0,9187899,ZCDS4
2008-07-13T08:02:50,310505000,TAHITIAN-PRINCESS,GLACIER BAY,56.1729,-134.8574183,318,319,17.9,0,9187899,ZCDS4
2008-07-13T08:02:43,310505000,TAHITIAN-PRINCESS,GLACIER BAY,56.17246167,-134.8567383,318,320,18.0,0,9187899,ZCDS4
2008-07-13T08:02:37,310505000,TAHITIAN-PRINCESS,GLACIER BAY,56.172085,-134.8561583,318,320,17.9,0,9187899,ZCDS4
2008-07-13T08:02:36,310505000,TAHITIAN-PRINCESS,GLACIER BAY,56.17132833,-134.8550033,0,0,0.0,0,9187899,ZCDS4
2008-07-13T08:02:25,310505000,TAHITIAN-PRINCESS,GLACIER BAY,56.17132833,-134.8550033,318,320,17.9,0,9187899,ZCDS4
2008-07-13T08:02:21,310505000,TAHITIAN-PRINCESS,GLACIER BAY,56.17095333,-134.8544167,319,320,17.9,0,9187899,ZCDS4
2008-07-13T08:02:13,310505000,TAHITIAN-PRINCESS,GLACIER BAY,56.17057167,-134.8538467,319,320,18.0,0,9187899,ZCDS4
2008-07-13T08:02:08,310505000,TAHITIAN-PRINCESS,GLACIER BAY,56.17025833,-134.85336,319,321,18.0,0,9187899,ZCDS4
2008-07-13T08:02:02,310505000,TAHITIAN-PRINCESS,GLACIER BAY,56.16987167,-134.8527967,319,320,17.9,0,9187899,ZCDS4
2008-07-13T08:01:56,310505000,TAHITIAN-PRINCESS,GLACIER BAY,56.16943333,-134.8521217,319,320,17.9,0,9187899,ZCDS4
2008-07-13T08:01:51,310505000,TAHITIAN-PRINCESS,GLACIER BAY,56.169115,-134.8516533,319,320,17.9,0,9187899,ZCDS4
2008-07-13T08:01:43,310505000,TAHITIAN-PRINCESS,GLACIER BAY,56.16866667,-134.8509933,319,320,17.9,0,9187899,ZCDS4
2008-07-13T08:01:37,310505000,TAHITIAN-PRINCESS,GLACIER BAY,56.16828333,-134.85043,319,320,17.9,0,9187899,ZCDS4
2008-07-13T08:01:25,310505000,TAHITIAN-PRINCESS,GLACIER BAY,56.16752667,-134.8492783,319,320,17.9,0,9187899,ZCDS4
2008-07-13T08:01:19,310505000,TAHITIAN-PRINCESS,GLACIER BAY,56.16715333,-134.848695,319,319,17.9,0,9187899,ZCDS4
2008-07-13T08:01:13,310505000,TAHITIAN-PRINCESS,GLACIER BAY,56.16677167,-134.8481233,319,320,17.9,0,9187899,ZCDS4
2008-07-13T08:01:08,310505000,TAHITIAN-PRINCESS,GLACIER BAY,56.16646,-134.84763,319,320,17.9,0,9187899,ZCDS4
2008-07-13T08:01:02,310505000,TAHITIAN-PRINCESS,GLACIER BAY,56.16608167,-134.84705,319,319,18.0,0,9187899,ZCDS4
2008-07-13T08:00:56,310505000,TAHITIAN-PRINCESS,GLACIER BAY,56.16564,-134.846375,319,320,18.0,0,9187899,ZCDS4
2008-07-13T08:00:50,310505000,TAHITIAN-PRINCESS,GLACIER BAY,56.16532167,-134.8458933,319,320,18.0,0,9187899,ZCDS4
2008-07-13T08:00:43,310505000,TAHITIAN-PRINCESS,GLACIER BAY,56.16487333,-134.845225,319,321,18.1,0,9187899,ZCDS4
2008-07-13T08:00:37,310505000,TAHITIAN-PRINCESS,GLACIER BAY,56.164485,-134.8446617,319,319,18.1,0,9187899,ZCDS4
2008-07-13T08:00:26,310505000,TAHITIAN-PRINCESS,GLACIER BAY,56.16372833,-134.8434883,319,319,18.1,0,9187899,ZCDS4
2008-07-13T08:00:20,310505000,TAHITIAN-PRINCESS,GLACIER BAY,56.16340667,-134.8430083,319,320,18.1,0,9187899,ZCDS4
2008-07-13T08:00:13,310505000,TAHITIAN-PRINCESS,GLACIER BAY,56.162965,-134.8423233,319,319,18.1,0,9187899,ZCDS4
2008-07-13T08:00:08,310505000,TAHITIAN-PRINCESS,GLACIER BAY,56.162645,-134.841845,319,320,18.1,0,9187899,ZCDS4
2008-07-13T08:00:02,310505000,TAHITIAN-PRINCESS,GLACIER BAY,56.162265,-134.8412617,319,320,18.1,0,9187899,ZCDS4
2008-07-13T07:59:50,310505000,TAHITIAN-PRINCESS,GLACIER BAY,56.16143833,-134.8399917,320,320,18.1,0,9187899,ZCDS4
2008-07-13T07:59:43,310505000,TAHITIAN-PRINCESS,GLACIER BAY,56.16098333,-134.8393333,320,320,18.1,0,9187899,ZCDS4
2008-07-13T07:59:37,310505000,TAHITIAN-PRINCESS,GLACIER BAY,56.16060333,-134.838745,320,320,18.1,0,9187899,ZCDS4
2008-07-13T07:59:31,310505000,TAHITIAN-PRINCESS,GLACIER BAY,56.16021833,-134.8381667,320,320,18.0,0,9187899,ZCDS4
2008-07-13T07:59:25,310505000,TAHITIAN-PRINCESS,GLACIER BAY,56.15982667,-134.8376017,320,320,18.1,0,9187899,ZCDS4
2008-07-13T07:59:20,310505000,TAHITIAN-PRINCESS,GLACIER BAY,56.15951167,-134.8371083,320,321,18.1,0,9187899,ZCDS4
2008-07-13T07:59:08,310505000,TAHITIAN-PRINCESS,GLACIER BAY,56.158735,-134.8359717,319,321,18.1,0,9187899,ZCDS4
2008-07-13T07:59:03,310505000,TAHITIAN-PRINCESS,GLACIER BAY,56.15834833,-134.835395,319,319,18.1,0,9187899,ZCDS4
2008-07-13T07:58:55,310505000,TAHITIAN-PRINCESS,GLACIER BAY,56.15790833,-134.834705,320,320,18.1,0,9187899,ZCDS4
2008-07-13T07:58:50,310505000,TAHITIAN-PRINCESS,GLACIER BAY,56.15758667,-134.834225,319,321,18.1,0,9187899,ZCDS4
2008-07-13T07:58:43,310505000,TAHITIAN-PRINCESS,GLACIER BAY,56.15713833,-134.8335533,320,320,18.1,0,9187899,ZCDS4
2008-07-13T07:58:38,310505000,TAHITIAN-PRINCESS,GLACIER BAY,56.15675333,-134.83298,319,320,18.1,0,9187899,ZCDS4
2008-07-13T07:58:31,310505000,TAHITIAN-PRINCESS,GLACIER BAY,56.156375,-134.8323917,320,320,18.0,0,9187899,ZCDS4
2008-07-13T07:58:25,310505000,TAHITIAN-PRINCESS,GLACIER BAY,56.155985,-134.8318283,319,320,18.1,0,9187899,ZCDS4
2008-07-13T07:58:20,310505000,TAHITIAN-PRINCESS,GLACIER BAY,56.15567,-134.8313417,320,320,18.1,0,9187899,ZCDS4
2008-07-13T07:58:13,310505000,TAHITIAN-PRINCESS,GLACIER BAY,56.15522833,-134.830655,320,320,18.0,0,9187899,ZCDS4
2008-07-13T07:58:08,310505000,TAHITIAN-PRINCESS,GLACIER BAY,56.15490333,-134.8301867,320,319,18.1,0,9187899,ZCDS4
2008-07-13T07:58:02,310505000,TAHITIAN-PRINCESS,GLACIER BAY,56.154525,-134.8295967,320,320,18.0,0,9187899,ZCDS4
2008-07-13T07:57:55,310505000,TAHITIAN-PRINCESS,GLACIER BAY,56.15407333,-134.82894,319,320,18.0,0,9187899,ZCDS4
2008-07-13T07:57:43,310505000,TAHITIAN-PRINCESS,GLACIER BAY,56.15337,-134.827885,319,320,18.1,0,9187899,ZCDS4
2008-07-13T07:57:37,310505000,TAHITIAN-PRINCESS,GLACIER BAY,56.15291833,-134.827225,319,320,18.0,0,9187899,ZCDS4
2008-07-13T07:57:32,310505000,TAHITIAN-PRINCESS,GLACIER BAY,56.15254333,-134.8266367,319,319,18.0,0,9187899,ZCDS4
2008-07-13T07:57:25,310505000,TAHITIAN-PRINCESS,GLACIER BAY,56.152165,-134.8260583,319,319,18.0,0,9187899,ZCDS4
2008-07-13T07:57:13,310505000,TAHITIAN-PRINCESS,GLACIER BAY,56.15140667,-134.824895,318,318,18.0,0,9187899,ZCDS4
2008-07-13T07:57:08,310505000,TAHITIAN-PRINCESS,GLACIER BAY,56.151145,-134.824525,318,318,18.0,0,9187899,ZCDS4
2008-07-13T07:57:02,310505000,TAHITIAN-PRINCESS,GLACIER BAY,56.150715,-134.8238267,318,318,18.0,0,9187899,ZCDS4
2008-07-13T07:56:55,310505000,TAHITIAN-PRINCESS,GLACIER BAY,56.15026833,-134.82316,317,317,18.1,0,9187899,ZCDS4
2008-07-13T07:56:49,310505000,TAHITIAN-PRINCESS,GLACIER BAY,56.14996333,-134.82265,317,318,18.0,0,9187899,ZCDS4
2008-07-13T07:56:43,310505000,TAHITIAN-PRINCESS,GLACIER BAY,56.14952333,-134.821965,317,317,18.0,0,9187899,ZCDS4
2008-07-13T07:56:37,310505000,TAHITIAN-PRINCESS,GLACIER BAY,56.14916333,-134.8213433,317,318,18.0,0,9187899,ZCDS4
2008-07-13T07:56:36,310505000,TAHITIAN-PRINCESS,GLACIER BAY,56.14878833,-134.8207517,0,0,0.0,0,9187899,ZCDS4
2008-07-13T07:56:32,310505000,TAHITIAN-PRINCESS,GLACIER BAY,56.14878833,-134.8207517,317,318,18.0,0,9187899,ZCDS4
2008-07-13T07:56:25,310505000,TAHITIAN-PRINCESS,GLACIER BAY,56.14842333,-134.8201383,317,317,18.0,0,9187899,ZCDS4
2008-07-13T07:56:20,310505000,TAHITIAN-PRINCESS,GLACIER BAY,56.148175,-134.8197433,317,318,18.1,0,9187899,ZCDS4
2008-07-13T07:56:14,310505000,TAHITIAN-PRINCESS,GLACIER BAY,56.14774667,-134.8190317,317,318,18.1,0,9187899,ZCDS4
2008-07-13T07:56:08,310505000,TAHITIAN-PRINCESS,GLACIER BAY,56.14744,-134.818525,317,317,18.0,0,9187899,ZCDS4
2008-07-13T07:56:02,310505000,TAHITIAN-PRINCESS,GLACIER BAY,56.147065,-134.817935,317,318,18.0,0,9187899,ZCDS4
2008-07-13T07:55:56,310505000,TAHITIAN-PRINCESS,GLACIER BAY,56.14657667,-134.8171217,317,318,18.0,0,9187899,ZCDS4
2008-07-13T07:55:49,310505000,TAHITIAN-PRINCESS,GLACIER BAY,56.1462,-134.816535,317,318,18.1,0,9187899,ZCDS4
2008-07-13T07:55:43,310505000,TAHITIAN-PRINCESS,GLACIER BAY,56.14583333,-134.8159267,317,318,18.0,0,9187899,ZCDS4
2008-07-13T07:55:37,310505000,TAHITIAN-PRINCESS,GLACIER BAY,56.14546333,-134.8153167,317,318,18.0,0,9187899,ZCDS4
2008-07-13T07:55:31,310505000,TAHITIAN-PRINCESS,GLACIER BAY,56.14509333,-134.814715,317,317,18.1,0,9187899,ZCDS4
2008-07-13T07:55:25,310505000,TAHITIAN-PRINCESS,GLACIER BAY,56.144725,-134.8141117,317,318,18.1,0,9187899,ZCDS4
2008-07-13T07:55:20,310505000,TAHITIAN-PRINCESS,GLACIER BAY,56.14447167,-134.813725,317,318,18.0,0,9187899,ZCDS4
2008-07-13T07:55:14,310505000,TAHITIAN-PRINCESS,GLACIER BAY,56.14404167,-134.8130183,317,318,18.0,0,9187899,ZCDS4
2008-07-13T07:55:08,310505000,TAHITIAN-PRINCESS,GLACIER BAY,56.143735,-134.8125133,317,318,18.0,0,9187899,ZCDS4
2008-07-13T07:55:02,310505000,TAHITIAN-PRINCESS,GLACIER BAY,56.143365,-134.8119067,318,318,18.0,0,9187899,ZCDS4
2008-07-13T07:54:49,310505000,TAHITIAN-PRINCESS,GLACIER BAY,56.14249833,-134.810515,318,318,18.0,0,9187899,ZCDS4
2008-07-13T07:54:38,310505000,TAHITIAN-PRINCESS,GLACIER BAY,56.14187667,-134.8095317,317,318,18.0,0,9187899,ZCDS4
2008-07-13T07:54:32,310505000,TAHITIAN-PRINCESS,GLACIER BAY,56.14138333,-134.8087317,317,318,18.0,0,9187899,ZCDS4
2008-07-13T07:54:25,310505000,TAHITIAN-PRINCESS,GLACIER BAY,56.141015,-134.8081283,317,318,18.0,0,9187899,ZCDS4
2008-07-13T07:54:21,310505000,TAHITIAN-PRINCESS,GLACIER BAY,56.14076833,-134.80773,318,318,18.0,0,9187899,ZCDS4
2008-07-13T07:54:14,310505000,TAHITIAN-PRINCESS,GLACIER BAY,56.140335,-134.807035,317,318,18.0,0,9187899,ZCDS4
2008-07-13T07:54:02,310505000,TAHITIAN-PRINCESS,GLACIER BAY,56.13966167,-134.8059283,317,318,18.0,0,9187899,ZCDS4
2008-07-13T07:53:55,310505000,TAHITIAN-PRINCESS,GLACIER BAY,56.13916667,-134.805135,317,317,17.9,0,9187899,ZCDS4
2008-07-13T07:53:50,310505000,TAHITIAN-PRINCESS,GLACIER BAY,56.13880167,-134.80453,317,317,18.0,0,9187899,ZCDS4
2008-07-13T07:53:43,310505000,TAHITIAN-PRINCESS,GLACIER BAY,56.138435,-134.803925,317,318,18.0,0,9187899,ZCDS4
2008-07-13T07:53:38,310505000,TAHITIAN-PRINCESS,GLACIER BAY,56.13813,-134.803425,317,317,17.9,0,9187899,ZCDS4
2008-07-13T07:53:32,310505000,TAHITIAN-PRINCESS,GLACIER BAY,56.13770333,-134.8027167,317,317,18.0,0,9187899,ZCDS4
2008-07-13T07:53:25,310505000,TAHITIAN-PRINCESS,GLACIER BAY,56.13733,-134.8021317,317,318,17.9,0,9187899,ZCDS4
2008-07-13T07:53:20,310505000,TAHITIAN-PRINCESS,GLACIER BAY,56.13703,-134.80162,317,318,17.9,0,9187899,ZCDS4
2008-07-13T07:53:14,310505000,TAHITIAN-PRINCESS,GLACIER BAY,56.136655,-134.801035,317,318,18.0,0,9187899,ZCDS4
2008-07-13T07:53:08,310505000,TAHITIAN-PRINCESS,GLACIER BAY,56.136355,-134.8005183,317,317,18.0,0,9187899,ZCDS4
2008-07-13T07:53:02,310505000,TAHITIAN-PRINCESS,GLACIER BAY,56.13597833,-134.799935,317,318,18.0,0,9187899,ZCDS4
2008-07-13T07:52:55,310505000,TAHITIAN-PRINCESS,GLACIER BAY,56.13548333,-134.7991467,317,317,18.0,0,9187899,ZCDS4
2008-07-13T07:52:50,310505000,TAHITIAN-PRINCESS,GLACIER BAY,56.13512833,-134.7985183,317,318,18.0,0,9187899,ZCDS4
2008-07-13T07:52:38,310505000,TAHITIAN-PRINCESS,GLACIER BAY,56.13445,-134.79743,317,318,17.9,0,9187899,ZCDS4
2008-07-13T07:52:31,310505000,TAHITIAN-PRINCESS,GLACIER BAY,56.13402833,-134.7967167,317,317,17.9,0,9187899,ZCDS4
2008-07-13T07:52:26,310505000,TAHITIAN-PRINCESS,GLACIER BAY,56.13365667,-134.7961283,317,318,17.9,0,9187899,ZCDS4
2008-07-13T07:52:14,310505000,TAHITIAN-PRINCESS,GLACIER BAY,56.13298167,-134.7950317,317,318,17.9,0,9187899,ZCDS4
2008-07-13T07:52:08,310505000,TAHITIAN-PRINCESS,GLACIER BAY,56.13261333,-134.794435,317,317,17.9,0,9187899,ZCDS4
2008-07-13T07:52:02,310505000,TAHITIAN-PRINCESS,GLACIER BAY,56.13225,-134.7938283,317,318,17.9,0,9187899,ZCDS4
2008-07-13T07:51:56,310505000,TAHITIAN-PRINCESS,GLACIER BAY,56.13182333,-134.7931267,317,317,17.9,0,9187899,ZCDS4
2008-07-13T07:51:50,310505000,TAHITIAN-PRINCESS,GLACIER BAY,56.13145833,-134.7925267,317,318,17.9,0,9187899,ZCDS4
2008-07-13T07:51:43,310505000,TAHITIAN-PRINCESS,GLACIER BAY,56.13108333,-134.7919433,317,317,17.9,0,9187899,ZCDS4
2008-07-13T07:51:38,310505000,TAHITIAN-PRINCESS,GLACIER BAY,56.13077833,-134.7914467,317,318,17.9,0,9187899,ZCDS4
2008-07-13T07:51:33,310505000,TAHITIAN-PRINCESS,GLACIER BAY,56.13035,-134.79075,317,318,17.9,0,9187899,ZCDS4
2008-07-13T07:51:25,310505000,TAHITIAN-PRINCESS,GLACIER BAY,56.12998,-134.7901533,317,317,17.9,0,9187899,ZCDS4
2008-07-13T07:51:20,310505000,TAHITIAN-PRINCESS,GLACIER BAY,56.12973167,-134.7897633,317,317,17.9,0,9187899,ZCDS4
2008-07-13T07:51:14,310505000,TAHITIAN-PRINCESS,GLACIER BAY,56.12931,-134.7890583,317,317,18.0,0,9187899,ZCDS4
2008-07-13T07:51:08,310505000,TAHITIAN-PRINCESS,GLACIER BAY,56.12894,-134.788465,316,317,17.9,0,9187899,ZCDS4
2008-07-13T07:51:03,310505000,TAHITIAN-PRINCESS,GLACIER BAY,56.12864167,-134.78795,317,317,17.9,0,9187899,ZCDS4
2008-07-13T07:50:55,310505000,TAHITIAN-PRINCESS,GLACIER BAY,56.12821333,-134.787255,316,317,17.8,0,9187899,ZCDS4
2008-07-13T07:50:50,310505000,TAHITIAN-PRINCESS,GLACIER BAY,56.12778667,-134.78656,316,318,17.9,0,9187899,ZCDS4
2008-07-13T07:50:43,310505000,TAHITIAN-PRINCESS,GLACIER BAY,56.12741833,-134.7859633,316,317,17.9,0,9187899,ZCDS4
2008-07-13T07:50:39,310505000,TAHITIAN-PRINCESS,GLACIER BAY,56.12718,-134.7855567,316,318,17.8,0,9187899,ZCDS4
2008-07-13T07:50:38,310505000,TAHITIAN-PRINCESS,GLACIER BAY,56.12712333,-134.785445,317,318,17.8,0,9187899,ZCDS4
2008-07-13T07:50:36,310505000,TAHITIAN-PRINCESS,GLACIER BAY,56.12700333,-134.7852467,0,0,0.0,0,9187899,ZCDS4
2008-07-13T07:50:36,310505000,TAHITIAN-PRINCESS,GLACIER BAY,56.12700333,-134.7852467,317,318,17.8,0,9187899,ZCDS4
2008-07-13T07:50:33,310505000,TAHITIAN-PRINCESS,GLACIER BAY,56.12681667,-134.7849583,317,318,17.8,0,9187899,ZCDS4
2008-07-13T07:50:32,310505000,TAHITIAN-PRINCESS,GLACIER BAY,56.12669333,-134.7847633,317,318,17.8,0,9187899,ZCDS4
2008-07-13T07:50:30,310505000,TAHITIAN-PRINCESS,GLACIER BAY,56.12657,-134.7845667,317,319,17.9,0,9187899,ZCDS4
2008-07-13T07:50:28,310505000,TAHITIAN-PRINCESS,GLACIER BAY,56.12651167,-134.7844617,317,319,17.9,0,9187899,ZCDS4
2008-07-13T07:50:25,310505000,TAHITIAN-PRINCESS,GLACIER BAY,56.12639667,-134.7842517,317,318,17.8,0,9187899,ZCDS4
2008-07-13T07:50:23,310505000,TAHITIAN-PRINCESS,GLACIER BAY,56.12620833,-134.78396,317,317,17.8,0,9187899,ZCDS4
2008-07-13T07:50:22,310505000,TAHITIAN-PRINCESS,GLACIER BAY,56.126145,-134.7838633,317,317,17.8,0,9187899,ZCDS4
2008-07-13T07:50:18,310505000,TAHITIAN-PRINCESS,GLACIER BAY,56.12590167,-134.7834683,317,319,17.9,0,9187899,ZCDS4
2008-07-13T07:50:16,310505000,TAHITIAN-PRINCESS,GLACIER BAY,56.12578667,-134.7832583,317,319,17.9,0,9187899,ZCDS4
2008-07-13T07:50:14,310505000,TAHITIAN-PRINCESS,GLACIER BAY,56.12567,-134.7830417,317,319,17.9,0,9187899,ZCDS4
2008-07-13T07:50:11,310505000,TAHITIAN-PRINCESS,GLACIER BAY,56.12554333,-134.782855,318,318,17.9,0,9187899,ZCDS4
2008-07-13T07:50:08,310505000,TAHITIAN-PRINCESS,GLACIER BAY,56.125295,-134.7824633,317,319,17.8,0,9187899,ZCDS4
2008-07-13T07:50:02,310505000,TAHITIAN-PRINCESS,GLACIER BAY,56.12492333,-134.7818667,318,319,17.9,0,9187899,ZCDS4
2008-07-13T07:49:55,310505000,TAHITIAN-PRINCESS,GLACIER BAY,56.12449833,-134.7811667,319,319,17.9,0,9187899,ZCDS4
2008-07-13T07:49:50,310505000,TAHITIAN-PRINCESS,GLACIER BAY,56.12412667,-134.780575,319,320,17.9,0,9187899,ZCDS4
2008-07-13T07:49:43,310505000,TAHITIAN-PRINCESS,GLACIER BAY,56.12374833,-134.780005,319,320,17.9,0,9187899,ZCDS4
2008-07-13T07:49:38,310505000,TAHITIAN-PRINCESS,GLACIER BAY,56.12343833,-134.77952,319,320,17.9,0,9187899,ZCDS4
2008-07-13T07:49:31,310505000,TAHITIAN-PRINCESS,GLACIER BAY,56.122995,-134.7788633,319,320,17.8,0,9187899,ZCDS4
2008-07-13T07:49:25,310505000,TAHITIAN-PRINCESS,GLACIER BAY,56.12262333,-134.77828,319,320,17.9,0,9187899,ZCDS4
2008-07-13T07:49:20,310505000,TAHITIAN-PRINCESS,GLACIER BAY,56.12231167,-134.7778017,319,319,17.8,0,9187899,ZCDS4
2008-07-13T07:49:13,310505000,TAHITIAN-PRINCESS,GLACIER BAY,56.12187667,-134.7771217,319,320,17.8,0,9187899,ZCDS4
2008-07-13T07:49:08,310505000,TAHITIAN-PRINCESS,GLACIER BAY,56.12155167,-134.7766733,319,319,17.7,0,9187899,ZCDS4
2008-07-13T07:49:02,310505000,TAHITIAN-PRINCESS,GLACIER BAY,56.12118333,-134.776085,319,320,17.8,0,9187899,ZCDS4
2008-07-13T07:48:55,310505000,TAHITIAN-PRINCESS,GLACIER BAY,56.12073333,-134.7754233,319,320,17.8,0,9187899,ZCDS4
2008-07-13T07:48:49,310505000,TAHITIAN-PRINCESS,GLACIER BAY,56.12035833,-134.7748367,319,319,17.7,0,9187899,ZCDS4
2008-07-13T07:48:43,310505000,TAHITIAN-PRINCESS,GLACIER BAY,56.11997833,-134.7742917,319,320,17.8,0,9187899,ZCDS4
2008-07-13T07:48:38,310505000,TAHITIAN-PRINCESS,GLACIER BAY,56.119675,-134.77379,319,320,17.8,0,9187899,ZCDS4
2008-07-13T07:48:31,310505000,TAHITIAN-PRINCESS,GLACIER BAY,56.11922333,-134.7731483,319,318,17.8,0,9187899,ZCDS4
2008-07-13T07:48:25,310505000,TAHITIAN-PRINCESS,GLACIER BAY,56.118855,-134.7725667,319,319,17.8,0,9187899,ZCDS4
2008-07-13T07:48:13,310505000,TAHITIAN-PRINCESS,GLACIER BAY,56.1181,-134.7714383,318,318,17.8,0,9187899,ZCDS4
2008-07-13T07:48:08,310505000,TAHITIAN-PRINCESS,GLACIER BAY,56.11779,-134.770955,318,317,17.8,0,9187899,ZCDS4
2008-07-13T07:48:02,310505000,TAHITIAN-PRINCESS,GLACIER BAY,56.11741833,-134.7703783,317,317,17.8,0,9187899,ZCDS4
2008-07-13T07:47:55,310505000,TAHITIAN-PRINCESS,GLACIER BAY,56.116985,-134.7697017,317,315,17.8,0,9187899,ZCDS4
2008-07-13T07:47:50,310505000,TAHITIAN-PRINCESS,GLACIER BAY,56.11667833,-134.769215,316,316,17.8,0,9187899,ZCDS4
2008-07-13T07:47:43,310505000,TAHITIAN-PRINCESS,GLACIER BAY,56.11626167,-134.768505,316,315,17.8,0,9187899,ZCDS4
2008-07-13T07:47:38,310505000,TAHITIAN-PRINCESS,GLACIER BAY,56.11594833,-134.7680267,315,314,17.8,0,9187899,ZCDS4
2008-07-13T07:47:33,310505000,TAHITIAN-PRINCESS,GLACIER BAY,56.115595,-134.76741,314,314,17.8,0,9187899,ZCDS4
2008-07-13T07:47:25,310505000,TAHITIAN-PRINCESS,GLACIER BAY,56.11518333,-134.7666917,314,313,17.8,0,9187899,ZCDS4
2008-07-13T07:47:19,310505000,TAHITIAN-PRINCESS,GLACIER BAY,56.11483333,-134.76607,313,313,17.8,0,9187899,ZCDS4
2008-07-13T07:47:14,310505000,TAHITIAN-PRINCESS,GLACIER BAY,56.11448833,-134.7654383,313,312,17.8,0,9187899,ZCDS4
2008-07-13T07:47:08,310505000,TAHITIAN-PRINCESS,GLACIER BAY,56.11426167,-134.7650167,312,312,17.8,0,9187899,ZCDS4
2008-07-13T07:47:03,310505000,TAHITIAN-PRINCESS,GLACIER BAY,56.11392333,-134.7643833,312,312,17.8,0,9187899,ZCDS4
2008-07-13T07:46:55,310505000,TAHITIAN-PRINCESS,GLACIER BAY,56.11347833,-134.7635267,311,311,17.8,0,9187899,ZCDS4
2008-07-13T07:46:45,310505000,TAHITIAN-PRINCESS,GLACIER BAY,56.11292333,-134.7624417,310,310,17.8,0,9187899,ZCDS4
2008-07-13T07:46:37,310505000,TAHITIAN-PRINCESS,GLACIER BAY,56.11253833,-134.7616633,310,309,17.8,0,9187899,ZCDS4
2008-07-13T07:46:32,310505000,TAHITIAN-PRINCESS,GLACIER BAY,56.11221,-134.7609733,309,309,17.8,0,9187899,ZCDS4
2008-07-13T07:46:26,310505000,TAHITIAN-PRINCESS,GLACIER BAY,56.1119,-134.76032,309,308,17.8,0,9187899,ZCDS4
2008-07-13T07:46:13,310505000,TAHITIAN-PRINCESS,GLACIER BAY,56.11127,-134.75897,308,308,17.8,0,9187899,ZCDS4
2008-07-13T07:46:02,310505000,TAHITIAN-PRINCESS,GLACIER BAY,56.110705,-134.7577117,307,306,17.8,0,9187899,ZCDS4
2008-07-13T07:45:55,310505000,TAHITIAN-PRINCESS,GLACIER BAY,56.11031167,-134.7567717,306,306,17.8,0,9187899,ZCDS4
2008-07-13T07:45:50,310505000,TAHITIAN-PRINCESS,GLACIER BAY,56.110115,-134.7563017,306,306,17.7,0,9187899,ZCDS4
2008-07-13T07:45:44,310505000,TAHITIAN-PRINCESS,GLACIER BAY,56.10981833,-134.7556,306,305,17.8,0,9187899,ZCDS4
2008-07-13T07:45:37,310505000,TAHITIAN-PRINCESS,GLACIER BAY,56.10947333,-134.7547817,305,305,17.8,0,9187899,ZCDS4
2008-07-13T07:45:32,310505000,TAHITIAN-PRINCESS,GLACIER BAY,56.10918333,-134.7540717,305,304,17.7,0,9187899,ZCDS4
2008-07-13T07:45:25,310505000,TAHITIAN-PRINCESS,GLACIER BAY,56.108895,-134.7533583,304,304,17.7,0,9187899,ZCDS4
2008-07-13T07:45:19,310505000,TAHITIAN-PRINCESS,GLACIER BAY,56.10861,-134.752645,304,303,17.7,0,9187899,ZCDS4
2008-07-13T07:45:16,310505000,TAHITIAN-PRINCESS,GLACIER BAY,56.10841833,-134.7521733,303,303,17.7,0,9187899,ZCDS4
2008-07-13T07:45:14,310505000,TAHITIAN-PRINCESS,GLACIER BAY,56.10836833,-134.7520567,303,303,17.7,0,9187899,ZCDS4
2008-07-13T07:45:12,310505000,TAHITIAN-PRINCESS,GLACIER BAY,56.10823667,-134.7516833,303,302,17.7,0,9187899,ZCDS4
2008-07-13T07:45:10,310505000,TAHITIAN-PRINCESS,GLACIER BAY,56.10814167,-134.7514483,303,302,17.7,0,9187899,ZCDS4
2008-07-13T07:45:08,310505000,TAHITIAN-PRINCESS,GLACIER BAY,56.108095,-134.7513283,303,302,17.7,0,9187899,ZCDS4
2008-07-13T07:45:05,310505000,TAHITIAN-PRINCESS,GLACIER BAY,56.10795833,-134.7509617,302,302,17.7,0,9187899,ZCDS4
2008-07-13T07:45:05,310505000,TAHITIAN-PRINCESS,GLACIER BAY,56.10791,-134.7508433,302,302,17.7,0,9187899,ZCDS4
2008-07-13T07:45:02,310505000,TAHITIAN-PRINCESS,GLACIER BAY,56.10782,-134.7506017,302,302,17.7,0,9187899,ZCDS4
2008-07-13T07:45:00,310505000,TAHITIAN-PRINCESS,GLACIER BAY,56.10768833,-134.75023,302,301,17.7,0,9187899,ZCDS4
2008-07-13T07:44:55,310505000,TAHITIAN-PRINCESS,GLACIER BAY,56.10749667,-134.74976,301,301,17.7,0,9187899,ZCDS4
2008-07-13T07:44:50,310505000,TAHITIAN-PRINCESS,GLACIER BAY,56.10728667,-134.7491333,301,300,17.7,0,9187899,ZCDS4
2008-07-13T07:44:44,310505000,TAHITIAN-PRINCESS,GLACIER BAY,56.10702333,-134.7483983,300,300,17.6,0,9187899,ZCDS4
2008-07-13T07:44:37,310505000,TAHITIAN-PRINCESS,GLACIER BAY,56.10672667,-134.74753,299,299,17.6,0,9187899,ZCDS4
2008-07-13T07:44:35,310505000,TAHITIAN-PRINCESS,GLACIER BAY,56.10647333,-134.7467817,0,0,0.0,0,9187899,ZCDS4
2008-07-13T07:44:32,310505000,TAHITIAN-PRINCESS,GLACIER BAY,56.10647333,-134.7467817,299,299,17.7,0,9187899,ZCDS4
2008-07-13T07:44:25,310505000,TAHITIAN-PRINCESS,GLACIER BAY,56.10617833,-134.7459,298,297,17.7,0,9187899,ZCDS4
2008-07-13T07:44:20,310505000,TAHITIAN-PRINCESS,GLACIER BAY,56.10602,-134.7453917,298,298,17.7,0,9187899,ZCDS4
2008-07-13T07:44:14,310505000,TAHITIAN-PRINCESS,GLACIER BAY,56.10578667,-134.7446217,297,296,17.7,0,9187899,ZCDS4
2008-07-13T07:44:08,310505000,TAHITIAN-PRINCESS,GLACIER BAY,56.10554167,-134.7438667,296,296,17.6,0,9187899,ZCDS4
2008-07-13T07:44:03,310505000,TAHITIAN-PRINCESS,GLACIER BAY,56.10531667,-134.743095,296,295,17.6,0,9187899,ZCDS4
2008-07-13T07:43:55,310505000,TAHITIAN-PRINCESS,GLACIER BAY,56.10501833,-134.7420633,295,294,17.6,0,9187899,ZCDS4
2008-07-13T07:43:50,310505000,TAHITIAN-PRINCESS,GLACIER BAY,56.104865,-134.74155,294,295,17.6,0,9187899,ZCDS4
2008-07-13T07:43:44,310505000,TAHITIAN-PRINCESS,GLACIER BAY,56.10465833,-134.7407583,294,294,17.6,0,9187899,ZCDS4
2008-07-13T07:43:37,310505000,TAHITIAN-PRINCESS,GLACIER BAY,56.10441833,-134.739835,294,294,17.6,0,9187899,ZCDS4
2008-07-13T07:43:25,310505000,TAHITIAN-PRINCESS,GLACIER BAY,56.10397333,-134.7381183,293,294,17.7,0,9187899,ZCDS4
2008-07-13T07:43:21,310505000,TAHITIAN-PRINCESS,GLACIER BAY,56.10384,-134.737595,292,293,17.6,0,9187899,ZCDS4
2008-07-13T07:43:08,310505000,TAHITIAN-PRINCESS,GLACIER BAY,56.103435,-134.7360033,292,293,17.6,0,9187899,ZCDS4
2008-07-13T07:43:02,310505000,TAHITIAN-PRINCESS,GLACIER BAY,56.103235,-134.7352067,291,292,17.6,0,9187899,ZCDS4
2008-07-13T07:42:56,310505000,TAHITIAN-PRINCESS,GLACIER BAY,56.10298,-134.7341333,291,292,17.7,0,9187899,ZCDS4
2008-07-13T07:42:50,310505000,TAHITIAN-PRINCESS,GLACIER BAY,56.10285167,-134.7335967,291,292,17.7,0,9187899,ZCDS4
2008-07-13T07:42:44,310505000,TAHITIAN-PRINCESS,GLACIER BAY,56.10266833,-134.7327833,291,292,17.7,0,9187899,ZCDS4
2008-07-13T07:42:38,310505000,TAHITIAN-PRINCESS,GLACIER BAY,56.10245833,-134.7318333,291,292,17.7,0,9187899,ZCDS4
2008-07-13T07:42:31,310505000,TAHITIAN-PRINCESS,GLACIER BAY,56.102245,-134.7308883,291,291,17.7,0,9187899,ZCDS4
2008-07-13T07:42:20,310505000,TAHITIAN-PRINCESS,GLACIER BAY,56.10194667,-134.729525,290,291,17.7,0,9187899,ZCDS4
2008-07-13T07:42:14,310505000,TAHITIAN-PRINCESS,GLACIER BAY,56.10176167,-134.7287133,290,290,17.7,0,9187899,ZCDS4
2008-07-13T07:42:07,310505000,TAHITIAN-PRINCESS,GLACIER BAY,56.10156167,-134.7277483,290,291,17.7,0,9187899,ZCDS4
2008-07-13T07:42:02,310505000,TAHITIAN-PRINCESS,GLACIER BAY,56.10141167,-134.7270717,290,291,17.7,0,9187899,ZCDS4
2008-07-13T07:41:55,310505000,TAHITIAN-PRINCESS,GLACIER BAY,56.10118167,-134.7259683,290,290,17.8,0,9187899,ZCDS4
2008-07-13T07:41:49,310505000,TAHITIAN-PRINCESS,GLACIER BAY,56.101005,-134.7251517,290,291,17.7,0,9187899,ZCDS4
2008-07-13T07:41:44,310505000,TAHITIAN-PRINCESS,GLACIER BAY,56.10083167,-134.7243267,290,291,17.8,0,9187899,ZCDS4
2008-07-13T07:41:26,310505000,TAHITIAN-PRINCESS,GLACIER BAY,56.10030833,-134.7218483,290,291,17.7,0,9187899,ZCDS4
2008-07-13T07:41:20,310505000,TAHITIAN-PRINCESS,GLACIER BAY,56.10020167,-134.7212983,290,291,17.7,0,9187899,ZCDS4
2008-07-13T07:41:13,310505000,TAHITIAN-PRINCESS,GLACIER BAY,56.09996333,-134.720215,291,291,17.7,0,9187899,ZCDS4
2008-07-13T07:41:08,310505000,TAHITIAN-PRINCESS,GLACIER BAY,56.099815,-134.7195333,290,291,17.7,0,9187899,ZCDS4
2008-07-13T07:41:02,310505000,TAHITIAN-PRINCESS,GLACIER BAY,56.09967833,-134.7188467,290,290,17.7,0,9187899,ZCDS4
2008-07-13T07:40:55,310505000,TAHITIAN-PRINCESS,GLACIER BAY,56.09943833,-134.717765,290,291,17.7,0,9187899,ZCDS4
2008-07-13T07:40:50,310505000,TAHITIAN-PRINCESS,GLACIER BAY,56.09927,-134.7169417,290,290,17.6,0,9187899,ZCDS4
2008-07-13T07:40:43,310505000,TAHITIAN-PRINCESS,GLACIER BAY,56.09909833,-134.7161233,290,290,17.7,0,9187899,ZCDS4
2008-07-13T07:40:37,310505000,TAHITIAN-PRINCESS,GLACIER BAY,56.09895167,-134.7154467,290,291,17.6,0,9187899,ZCDS4
2008-07-13T07:40:31,310505000,TAHITIAN-PRINCESS,GLACIER BAY,56.09875167,-134.7144883,290,291,17.6,0,9187899,ZCDS4
2008-07-13T07:40:26,310505000,TAHITIAN-PRINCESS,GLACIER BAY,56.098585,-134.7136683,290,291,17.5,0,9187899,ZCDS4
2008-07-13T07:40:21,310505000,TAHITIAN-PRINCESS,GLACIER BAY,56.09847667,-134.7131167,290,290,17.5,0,9187899,ZCDS4
2008-07-13T07:40:13,310505000,TAHITIAN-PRINCESS,GLACIER BAY,56.09824833,-134.71203,290,291,17.5,0,9187899,ZCDS4
2008-07-13T07:40:07,310505000,TAHITIAN-PRINCESS,GLACIER BAY,56.09810667,-134.71135,291,291,17.5,0,9187899,ZCDS4
2008-07-13T07:40:02,310505000,TAHITIAN-PRINCESS,GLACIER BAY,56.09796333,-134.71067,291,291,17.6,0,9187899,ZCDS4
2008-07-13T07:39:55,310505000,TAHITIAN-PRINCESS,GLACIER BAY,56.097715,-134.7096033,290,291,17.5,0,9187899,ZCDS4
2008-07-13T07:39:49,310505000,TAHITIAN-PRINCESS,GLACIER BAY,56.09753833,-134.7087917,290,290,17.6,0,9187899,ZCDS4
2008-07-13T07:39:37,310505000,TAHITIAN-PRINCESS,GLACIER BAY,56.09722167,-134.707295,290,290,17.6,0,9187899,ZCDS4
2008-07-13T07:39:31,310505000,TAHITIAN-PRINCESS,GLACIER BAY,56.09703333,-134.7063333,290,290,17.6,0,9187899,ZCDS4
2008-07-13T07:39:26,310505000,TAHITIAN-PRINCESS,GLACIER BAY,56.09686333,-134.705515,290,290,17.6,0,9187899,ZCDS4
2008-07-13T07:39:20,310505000,TAHITIAN-PRINCESS,GLACIER BAY,56.09675167,-134.7049683,290,290,17.6,0,9187899,ZCDS4
2008-07-13T07:39:13,310505000,TAHITIAN-PRINCESS,GLACIER BAY,56.09653,-134.703875,290,290,17.6,0,9187899,ZCDS4
2008-07-13T07:39:07,310505000,TAHITIAN-PRINCESS,GLACIER BAY,56.09639333,-134.7031917,290,291,17.6,0,9187899,ZCDS4
2008-07-13T07:39:03,310505000,TAHITIAN-PRINCESS,GLACIER BAY,56.09625333,-134.7025083,290,290,17.5,0,9187899,ZCDS4
2008-07-13T07:38:55,310505000,TAHITIAN-PRINCESS,GLACIER BAY,56.09603333,-134.7014183,290,290,17.5,0,9187899,ZCDS4
2008-07-13T07:38:49,310505000,TAHITIAN-PRINCESS,GLACIER BAY,56.09586667,-134.7006017,290,290,17.5,0,9187899,ZCDS4
2008-07-13T07:38:44,310505000,TAHITIAN-PRINCESS,GLACIER BAY,56.095695,-134.6997867,290,290,17.5,0,9187899,ZCDS4
2008-07-13T07:38:37,310505000,TAHITIAN-PRINCESS,GLACIER BAY,56.09555833,-134.6991017,290,291,17.6,0,9187899,ZCDS4
2008-07-13T07:38:35,310505000,TAHITIAN-PRINCESS,GLACIER BAY,56.09535333,-134.6981567,0,0,0.0,0,9187899,ZCDS4
2008-07-13T07:38:31,310505000,TAHITIAN-PRINCESS,GLACIER BAY,56.09535333,-134.6981567,290,290,17.5,0,9187899,ZCDS4
2008-07-13T07:38:13,310505000,TAHITIAN-PRINCESS,GLACIER BAY,56.09484833,-134.6957117,290,290,17.5,0,9187899,ZCDS4
2008-07-13T07:38:07,310505000,TAHITIAN-PRINCESS,GLACIER BAY,56.094715,-134.6950283,290,290,17.5,0,9187899,ZCDS4
2008-07-13T07:38:03,310505000,TAHITIAN-PRINCESS,GLACIER BAY,56.09457333,-134.6943517,290,290,17.6,0,9187899,ZCDS4
2008-07-13T07:37:55,310505000,TAHITIAN-PRINCESS,GLACIER BAY,56.09434667,-134.6932683,290,290,17.5,0,9187899,ZCDS4
2008-07-13T07:37:49,310505000,TAHITIAN-PRINCESS,GLACIER BAY,56.09418333,-134.692455,290,290,17.5,0,9187899,ZCDS4
2008-07-13T07:37:43,310505000,TAHITIAN-PRINCESS,GLACIER BAY,56.09401833,-134.69164,290,290,17.5,0,9187899,ZCDS4
2008-07-13T07:37:38,310505000,TAHITIAN-PRINCESS,GLACIER BAY,56.09387833,-134.6909633,290,290,17.5,0,9187899,ZCDS4
2008-07-13T07:37:31,310505000,TAHITIAN-PRINCESS,GLACIER BAY,56.093685,-134.6900167,290,290,17.5,0,9187899,ZCDS4
2008-07-13T07:37:26,310505000,TAHITIAN-PRINCESS,GLACIER BAY,56.09357667,-134.6894717,290,290,17.5,0,9187899,ZCDS4
2008-07-13T07:37:20,310505000,TAHITIAN-PRINCESS,GLACIER BAY,56.09342,-134.6886517,290,291,17.4,0,9187899,ZCDS4
2008-07-13T07:37:13,310505000,TAHITIAN-PRINCESS,GLACIER BAY,56.09322833,-134.6877017,290,291,17.4,0,9187899,ZCDS4
2008-07-13T07:37:02,310505000,TAHITIAN-PRINCESS,GLACIER BAY,56.09288667,-134.6860833,290,291,17.4,0,9187899,ZCDS4
2008-07-13T07:36:56,310505000,TAHITIAN-PRINCESS,GLACIER BAY,56.09271333,-134.6852833,290,290,17.4,0,9187899,ZCDS4
2008-07-13T07:36:49,310505000,TAHITIAN-PRINCESS,GLACIER BAY,56.09253,-134.6844767,290,290,17.4,0,9187899,ZCDS4
2008-07-13T07:36:43,310505000,TAHITIAN-PRINCESS,GLACIER BAY,56.09236,-134.6836667,290,291,17.4,0,9187899,ZCDS4
2008-07-13T07:36:37,310505000,TAHITIAN-PRINCESS,GLACIER BAY,56.09218333,-134.6828617,290,290,17.4,0,9187899,ZCDS4
2008-07-13T07:36:31,310505000,TAHITIAN-PRINCESS,GLACIER BAY,56.09202167,-134.6820467,290,290,17.5,0,9187899,ZCDS4
2008-07-13T07:36:26,310505000,TAHITIAN-PRINCESS,GLACIER BAY,56.091885,-134.6813667,290,290,17.4,0,9187899,ZCDS4
2008-07-13T07:36:20,310505000,TAHITIAN-PRINCESS,GLACIER BAY,56.09171667,-134.6805567,290,290,17.4,0,9187899,ZCDS4
2008-07-13T07:36:13,310505000,TAHITIAN-PRINCESS,GLACIER BAY,56.09152,-134.6796133,290,290,17.4,0,9187899,ZCDS4
2008-07-13T07:36:08,310505000,TAHITIAN-PRINCESS,GLACIER BAY,56.091355,-134.6787983,290,291,17.4,0,9187899,ZCDS4
2008-07-13T07:36:02,310505000,TAHITIAN-PRINCESS,GLACIER BAY,56.091185,-134.6779917,290,290,17.4,0,9187899,ZCDS4
2008-07-13T07:35:56,310505000,TAHITIAN-PRINCESS,GLACIER BAY,56.09101667,-134.6771817,290,291,17.5,0,9187899,ZCDS4
2008-07-13T07:35:52,310505000,TAHITIAN-PRINCESS,GLACIER BAY,56.0843333,-134.652667,511,360,102.3,15,9187899,ZCDS4
2008-07-13T07:35:49,310505000,TAHITIAN-PRINCESS,GLACIER BAY,56.090855,-134.676365,290,291,17.4,0,9187899,ZCDS4
2008-07-13T07:35:44,310505000,TAHITIAN-PRINCESS,GLACIER BAY,56.09071333,-134.6756917,290,290,17.4,0,9187899,ZCDS4
2008-07-13T07:35:38,310505000,TAHITIAN-PRINCESS,GLACIER BAY,56.090515,-134.6747467,290,291,17.4,0,9187899,ZCDS4
2008-07-13T07:35:31,310505000,TAHITIAN-PRINCESS,GLACIER BAY,56.090345,-134.67394,290,290,17.4,0,9187899,ZCDS4
2008-07-13T07:35:26,310505000,TAHITIAN-PRINCESS,GLACIER BAY,56.09019833,-134.6732717,290,290,17.4,0,9187899,ZCDS4
2008-07-13T07:35:20,310505000,TAHITIAN-PRINCESS,GLACIER BAY,56.09004,-134.6724517,290,290,17.4,0,9187899,ZCDS4
2008-07-13T07:35:14,310505000,TAHITIAN-PRINCESS,GLACIER BAY,56.08983667,-134.6715083,290,290,17.4,0,9187899,ZCDS4
2008-07-13T07:35:08,310505000,TAHITIAN-PRINCESS,GLACIER BAY,56.08966667,-134.6706983,290,290,17.5,0,9187899,ZCDS4
2008-07-13T07:35:02,310505000,TAHITIAN-PRINCESS,GLACIER BAY,56.0895,-134.6698867,290,290,17.4,0,9187899,ZCDS4
2008-07-13T07:34:56,310505000,TAHITIAN-PRINCESS,GLACIER BAY,56.08933,-134.669075,290,290,17.4,0,9187899,ZCDS4
2008-07-13T07:34:49,310505000,TAHITIAN-PRINCESS,GLACIER BAY,56.089165,-134.6682617,290,290,17.4,0,9187899,ZCDS4
2008-07-13T07:34:45,310505000,TAHITIAN-PRINCESS,GLACIER BAY,56.08902833,-134.6675817,290,290,17.5,0,9187899,ZCDS4
2008-07-13T07:34:31,310505000,TAHITIAN-PRINCESS,GLACIER BAY,56.08866833,-134.6658233,290,290,17.5,0,9187899,ZCDS4
2008-07-13T07:34:26,310505000,TAHITIAN-PRINCESS,GLACIER BAY,56.08852667,-134.6651517,290,290,17.4,0,9187899,ZCDS4
2008-07-13T07:34:20,310505000,TAHITIAN-PRINCESS,GLACIER BAY,56.08835833,-134.66434,290,290,17.4,0,9187899,ZCDS4
2008-07-13T07:34:14,310505000,TAHITIAN-PRINCESS,GLACIER BAY,56.08816833,-134.6633917,290,290,17.4,0,9187899,ZCDS4
2008-07-13T07:34:08,310505000,TAHITIAN-PRINCESS,GLACIER BAY,56.08800333,-134.6625817,290,290,17.4,0,9187899,ZCDS4
2008-07-13T07:34:02,310505000,TAHITIAN-PRINCESS,GLACIER BAY,56.08783333,-134.66177,290,290,17.4,0,9187899,ZCDS4
2008-07-13T07:33:56,310505000,TAHITIAN-PRINCESS,GLACIER BAY,56.08767167,-134.660955,290,290,17.4,0,9187899,ZCDS4
2008-07-13T07:33:50,310505000,TAHITIAN-PRINCESS,GLACIER BAY,56.08750167,-134.660145,290,290,17.5,0,9187899,ZCDS4
2008-07-13T07:33:44,310505000,TAHITIAN-PRINCESS,GLACIER BAY,56.08736333,-134.6594667,290,290,17.4,0,9187899,ZCDS4
2008-07-13T07:33:37,310505000,TAHITIAN-PRINCESS,GLACIER BAY,56.08717667,-134.6585117,290,290,17.4,0,9187899,ZCDS4
2008-07-13T07:33:31,310505000,TAHITIAN-PRINCESS,GLACIER BAY,56.087005,-134.657705,290,290,17.4,0,9187899,ZCDS4
2008-07-13T07:33:26,310505000,TAHITIAN-PRINCESS,GLACIER BAY,56.08686333,-134.657035,290,291,17.4,0,9187899,ZCDS4
2008-07-13T07:33:20,310505000,TAHITIAN-PRINCESS,GLACIER BAY,56.08668667,-134.6562333,290,290,17.4,0,9187899,ZCDS4
2008-07-13T07:33:16,310505000,TAHITIAN-PRINCESS,GLACIER BAY,56.08649667,-134.65528,290,290,17.5,0,9187899,ZCDS4
2008-07-13T07:33:08,310505000,TAHITIAN-PRINCESS,GLACIER BAY,56.08632833,-134.6544683,290,290,17.5,0,9187899,ZCDS4
2008-07-13T07:33:02,310505000,TAHITIAN-PRINCESS,GLACIER BAY,56.08615667,-134.6536567,290,289,17.5,0,9187899,ZCDS4
2008-07-13T07:32:56,310505000,TAHITIAN-PRINCESS,GLACIER BAY,56.086,-134.6528367,290,290,17.5,0,9187899,ZCDS4
2008-07-13T07:32:49,310505000,TAHITIAN-PRINCESS,GLACIER BAY,56.085835,-134.6520217,290,290,17.5,0,9187899,ZCDS4
2008-07-13T07:32:44,310505000,TAHITIAN-PRINCESS,GLACIER BAY,56.08570833,-134.6513333,290,290,17.4,0,9187899,ZCDS4
2008-07-13T07:32:37,310505000,TAHITIAN-PRINCESS,GLACIER BAY,56.08552167,-134.65038,290,290,17.4,0,9187899,ZCDS4
2008-07-13T07:32:35,310505000,TAHITIAN-PRINCESS,GLACIER BAY,56.08535333,-134.64957,0,0,0.0,0,9187899,ZCDS4
2008-07-13T07:32:31,310505000,TAHITIAN-PRINCESS,GLACIER BAY,56.08535333,-134.64957,290,290,17.5,0,9187899,ZCDS4
2008-07-13T07:32:26,310505000,TAHITIAN-PRINCESS,GLACIER BAY,56.08518833,-134.6487567,290,290,17.4,0,9187899,ZCDS4
2008-07-13T07:32:13,310505000,TAHITIAN-PRINCESS,GLACIER BAY,56.084855,-134.647135,290,290,17.4,0,9187899,ZCDS4
2008-07-13T07:32:02,310505000,TAHITIAN-PRINCESS,GLACIER BAY,56.08452167,-134.6455133,290,291,17.4,0,9187899,ZCDS4
2008-07-13T07:31:56,310505000,TAHITIAN-PRINCESS,GLACIER BAY,56.08435833,-134.6447017,290,291,17.4,0,9187899,ZCDS4
2008-07-13T07:31:49,310505000,TAHITIAN-PRINCESS,GLACIER BAY,56.08418333,-134.6438983,290,291,17.4,0,9187899,ZCDS4
2008-07-13T07:31:37,310505000,TAHITIAN-PRINCESS,GLACIER BAY,56.08384833,-134.64228,291,291,17.4,0,9187899,ZCDS4
2008-07-13T07:31:31,310505000,TAHITIAN-PRINCESS,GLACIER BAY,56.08367333,-134.6414783,291,290,17.4,0,9187899,ZCDS4
2008-07-13T07:31:25,310505000,TAHITIAN-PRINCESS,GLACIER BAY,56.083505,-134.6406733,291,291,17.4,0,9187899,ZCDS4
2008-07-13T07:31:19,310505000,TAHITIAN-PRINCESS,GLACIER BAY,56.08333667,-134.639865,291,290,17.4,0,9187899,ZCDS4
2008-07-13T07:31:13,310505000,TAHITIAN-PRINCESS,GLACIER BAY,56.08316667,-134.6390567,291,290,17.4,0,9187899,ZCDS4
2008-07-13T07:31:07,310505000,TAHITIAN-PRINCESS,GLACIER BAY,56.083,-134.63825,290,290,17.4,0,9187899,ZCDS4
2008-07-13T07:31:02,310505000,TAHITIAN-PRINCESS,GLACIER BAY,56.08282833,-134.6374483,290,289,17.4,0,9187899,ZCDS4
2008-07-13T07:30:56,310505000,TAHITIAN-PRINCESS,GLACIER BAY,56.08266667,-134.6366383,290,290,17.4,0,9187899,ZCDS4
2008-07-13T07:30:44,310505000,TAHITIAN-PRINCESS,GLACIER BAY,56.08236667,-134.635155,290,289,17.4,0,9187899,ZCDS4
2008-07-13T07:30:37,310505000,TAHITIAN-PRINCESS,GLACIER BAY,56.08218,-134.63421,290,289,17.4,0,9187899,ZCDS4
2008-07-13T07:30:32,310505000,TAHITIAN-PRINCESS,GLACIER BAY,56.08202333,-134.6333967,290,289,17.3,0,9187899,ZCDS4
2008-07-13T07:30:26,310505000,TAHITIAN-PRINCESS,GLACIER BAY,56.08185833,-134.63259,290,289,17.3,0,9187899,ZCDS4
2008-07-13T07:30:20,310505000,TAHITIAN-PRINCESS,GLACIER BAY,56.08170833,-134.631775,289,289,17.3,0,9187899,ZCDS4
2008-07-13T07:30:13,310505000,TAHITIAN-PRINCESS,GLACIER BAY,56.08154667,-134.630965,289,289,17.4,0,9187899,ZCDS4
2008-07-13T07:30:08,310505000,TAHITIAN-PRINCESS,GLACIER BAY,56.08138833,-134.63015,290,289,17.4,0,9187899,ZCDS4
2008-07-13T07:30:02,310505000,TAHITIAN-PRINCESS,GLACIER BAY,56.08123667,-134.6293317,290,290,17.4,0,9187899,ZCDS4
2008-07-13T07:29:56,310505000,TAHITIAN-PRINCESS,GLACIER BAY,56.08107333,-134.62852,290,289,17.4,0,9187899,ZCDS4
2008-07-13T07:29:50,310505000,TAHITIAN-PRINCESS,GLACIER BAY,56.08094667,-134.6278383,290,289,17.3,0,9187899,ZCDS4
2008-07-13T07:29:44,310505000,TAHITIAN-PRINCESS,GLACIER BAY,56.08078833,-134.6270267,290,289,17.3,0,9187899,ZCDS4
2008-07-13T07:29:37,310505000,TAHITIAN-PRINCESS,GLACIER BAY,56.08060333,-134.6260783,290,289,17.4,0,9187899,ZCDS4
2008-07-13T07:29:31,310505000,TAHITIAN-PRINCESS,GLACIER BAY,56.08044667,-134.6252667,290,290,17.3,0,9187899,ZCDS4
2008-07-13T07:29:26,310505000,TAHITIAN-PRINCESS,GLACIER BAY,56.080285,-134.6244583,290,290,17.3,0,9187899,ZCDS4
2008-07-13T07:29:19,310505000,TAHITIAN-PRINCESS,GLACIER BAY,56.08012167,-134.623655,290,289,17.3,0,9187899,ZCDS4
2008-07-13T07:29:13,310505000,TAHITIAN-PRINCESS,GLACIER BAY,56.07996,-134.6228467,290,289,17.3,0,9187899,ZCDS4
2008-07-13T07:29:07,310505000,TAHITIAN-PRINCESS,GLACIER BAY,56.0798,-134.6220383,290,289,17.3,0,9187899,ZCDS4
2008-07-13T07:28:55,310505000,TAHITIAN-PRINCESS,GLACIER BAY,56.07948667,-134.620415,290,289,17.3,0,9187899,ZCDS4
2008-07-13T07:28:50,310505000,TAHITIAN-PRINCESS,GLACIER BAY,56.07935333,-134.61974,290,289,17.3,0,9187899,ZCDS4
2008-07-13T07:28:37,310505000,TAHITIAN-PRINCESS,GLACIER BAY,56.07901667,-134.6179833,290,289,17.3,0,9187899,ZCDS4
2008-07-13T07:28:31,310505000,TAHITIAN-PRINCESS,GLACIER BAY,56.07885833,-134.6171733,290,290,17.3,0,9187899,ZCDS4
2008-07-13T07:28:25,310505000,TAHITIAN-PRINCESS,GLACIER BAY,56.07870667,-134.61636,290,290,17.3,0,9187899,ZCDS4
2008-07-13T07:28:20,310505000,TAHITIAN-PRINCESS,GLACIER BAY,56.07855167,-134.6155483,291,290,17.2,0,9187899,ZCDS4
2008-07-13T07:28:13,310505000,TAHITIAN-PRINCESS,GLACIER BAY,56.07838833,-134.6147467,291,290,17.2,0,9187899,ZCDS4
2008-07-13T07:28:07,310505000,TAHITIAN-PRINCESS,GLACIER BAY,56.078225,-134.613945,290,290,17.3,0,9187899,ZCDS4
2008-07-13T07:28:02,310505000,TAHITIAN-PRINCESS,GLACIER BAY,56.07809,-134.6132733,291,290,17.3,0,9187899,ZCDS4
2008-07-13T07:27:55,310505000,TAHITIAN-PRINCESS,GLACIER BAY,56.07790167,-134.612335,291,290,17.2,0,9187899,ZCDS4
2008-07-13T07:27:44,310505000,TAHITIAN-PRINCESS,GLACIER BAY,56.07760167,-134.6108617,291,289,17.3,0,9187899,ZCDS4
2008-07-13T07:27:37,310505000,TAHITIAN-PRINCESS,GLACIER BAY,56.07741333,-134.609925,290,290,17.2,0,9187899,ZCDS4
2008-07-13T07:27:31,310505000,TAHITIAN-PRINCESS,GLACIER BAY,56.07724667,-134.6091233,290,289,17.2,0,9187899,ZCDS4
2008-07-13T07:27:26,310505000,TAHITIAN-PRINCESS,GLACIER BAY,56.077085,-134.6083233,290,290,17.2,0,9187899,ZCDS4
2008-07-13T07:27:19,310505000,TAHITIAN-PRINCESS,GLACIER BAY,56.07692167,-134.6075233,290,289,17.2,0,9187899,ZCDS4
2008-07-13T07:27:13,310505000,TAHITIAN-PRINCESS,GLACIER BAY,56.07675833,-134.606725,290,289,17.2,0,9187899,ZCDS4
2008-07-13T07:27:02,310505000,TAHITIAN-PRINCESS,GLACIER BAY,56.07647167,-134.60525,290,289,17.2,0,9187899,ZCDS4
2008-07-13T07:26:50,310505000,TAHITIAN-PRINCESS,GLACIER BAY,56.076155,-134.6036417,290,289,17.2,0,9187899,ZCDS4
2008-07-13T07:26:43,310505000,TAHITIAN-PRINCESS,GLACIER BAY,56.07597,-134.6027067,289,289,17.2,0,9187899,ZCDS4
2008-07-13T07:26:37,310505000,TAHITIAN-PRINCESS,GLACIER BAY,56.07581833,-134.6018983,289,289,17.2,0,9187899,ZCDS4
2008-07-13T07:26:35,310505000,TAHITIAN-PRINCESS,GLACIER BAY,56.075515,-134.6002783,0,0,0.0,0,9187899,ZCDS4
2008-07-13T07:26:25,310505000,TAHITIAN-PRINCESS,GLACIER BAY,56.075515,-134.6002783,290,289,17.2,0,9187899,ZCDS4
2008-07-13T07:26:20,310505000,TAHITIAN-PRINCESS,GLACIER BAY,56.075355,-134.5994783,290,290,17.2,0,9187899,ZCDS4
2008-07-13T07:26:13,310505000,TAHITIAN-PRINCESS,GLACIER BAY,56.07519833,-134.598675,290,290,17.2,0,9187899,ZCDS4
2008-07-13T07:26:08,310505000,TAHITIAN-PRINCESS,GLACIER BAY,56.07503167,-134.5978767,290,289,17.2,0,9187899,ZCDS4
2008-07-13T07:26:02,310505000,TAHITIAN-PRINCESS,GLACIER BAY,56.07490667,-134.5972017,290,290,17.2,0,9187899,ZCDS4
2008-07-13T07:25:55,310505000,TAHITIAN-PRINCESS,GLACIER BAY,56.074725,-134.5962633,290,290,17.2,0,9187899,ZCDS4
2008-07-13T07:25:50,310505000,TAHITIAN-PRINCESS,GLACIER BAY,56.07459,-134.5955983,290,290,17.1,0,9187899,ZCDS4
2008-07-13T07:25:44,310505000,TAHITIAN-PRINCESS,GLACIER BAY,56.07440667,-134.5946617,290,290,17.2,0,9187899,ZCDS4
2008-07-13T07:25:37,310505000,TAHITIAN-PRINCESS,GLACIER BAY,56.07424333,-134.59386,290,290,17.2,0,9187899,ZCDS4
2008-07-13T07:25:31,310505000,TAHITIAN-PRINCESS,GLACIER BAY,56.07408167,-134.5930583,290,290,17.2,0,9187899,ZCDS4
2008-07-13T07:25:25,310505000,TAHITIAN-PRINCESS,GLACIER BAY,56.07391833,-134.5922583,290,290,17.2,0,9187899,ZCDS4
2008-07-13T07:25:20,310505000,TAHITIAN-PRINCESS,GLACIER BAY,56.07375667,-134.59146,290,290,17.2,0,9187899,ZCDS4
2008-07-13T07:25:07,310505000,TAHITIAN-PRINCESS,GLACIER BAY,56.073435,-134.5898567,290,290,17.2,0,9187899,ZCDS4
2008-07-13T07:25:02,310505000,TAHITIAN-PRINCESS,GLACIER BAY,56.07330333,-134.5891867,290,290,17.2,0,9187899,ZCDS4
2008-07-13T07:24:55,310505000,TAHITIAN-PRINCESS,GLACIER BAY,56.07311833,-134.5882467,290,290,17.2,0,9187899,ZCDS4
2008-07-13T07:24:50,310505000,TAHITIAN-PRINCESS,GLACIER BAY,56.072985,-134.5875783,290,290,17.2,0,9187899,ZCDS4
2008-07-13T07:24:43,310505000,TAHITIAN-PRINCESS,GLACIER BAY,56.072805,-134.586635,291,291,17.2,0,9187899,ZCDS4
2008-07-13T07:24:37,310505000,TAHITIAN-PRINCESS,GLACIER BAY,56.07264167,-134.5858333,291,290,17.1,0,9187899,ZCDS4
2008-07-13T07:24:31,310505000,TAHITIAN-PRINCESS,GLACIER BAY,56.07247167,-134.5850417,291,290,17.2,0,9187899,ZCDS4
2008-07-13T07:24:25,310505000,TAHITIAN-PRINCESS,GLACIER BAY,56.07230333,-134.5842433,291,291,17.2,0,9187899,ZCDS4
2008-07-13T07:24:15,310505000,TAHITIAN-PRINCESS,GLACIER BAY,56.07197333,-134.5826433,291,290,17.2,0,9187899,ZCDS4
2008-07-13T07:24:07,310505000,TAHITIAN-PRINCESS,GLACIER BAY,56.07181333,-134.5818417,291,291,17.2,0,9187899,ZCDS4
2008-07-13T07:24:02,310505000,TAHITIAN-PRINCESS,GLACIER BAY,56.07167333,-134.5811767,291,290,17.2,0,9187899,ZCDS4
2008-07-13T07:23:55,310505000,TAHITIAN-PRINCESS,GLACIER BAY,56.07147167,-134.5802533,291,290,17.2,0,9187899,ZCDS4
2008-07-13T07:23:51,310505000,TAHITIAN-PRINCESS,GLACIER BAY,56.07134167,-134.57958,291,291,17.1,0,9187899,ZCDS4
2008-07-13T07:23:43,310505000,TAHITIAN-PRINCESS,GLACIER BAY,56.07114,-134.5786567,291,290,17.2,0,9187899,ZCDS4
2008-07-13T07:23:25,310505000,TAHITIAN-PRINCESS,GLACIER BAY,56.07064,-134.5762633,291,290,17.1,0,9187899,ZCDS4
2008-07-13T07:23:20,310505000,TAHITIAN-PRINCESS,GLACIER BAY,56.07050333,-134.5756,291,291,17.1,0,9187899,ZCDS4
2008-07-13T07:23:14,310505000,TAHITIAN-PRINCESS,GLACIER BAY,56.07034167,-134.5748,291,291,17.2,0,9187899,ZCDS4
2008-07-13T07:23:07,310505000,TAHITIAN-PRINCESS,GLACIER BAY,56.07014333,-134.5738717,292,291,17.2,0,9187899,ZCDS4
2008-07-13T07:23:02,310505000,TAHITIAN-PRINCESS,GLACIER BAY,56.07,-134.57321,292,291,17.2,0,9187899,ZCDS4
2008-07-13T07:22:51,310505000,TAHITIAN-PRINCESS,GLACIER BAY,56.06964667,-134.5716267,291,290,17.2,0,9187899,ZCDS4
2008-07-13T07:22:37,310505000,TAHITIAN-PRINCESS,GLACIER BAY,56.069265,-134.5699133,291,290,17.2,0,9187899,ZCDS4
2008-07-13T07:22:32,310505000,TAHITIAN-PRINCESS,GLACIER BAY,56.06910167,-134.569115,291,291,17.2,0,9187899,ZCDS4
2008-07-13T07:22:26,310505000,TAHITIAN-PRINCESS,GLACIER BAY,56.06892833,-134.568325,291,289,17.2,0,9187899,ZCDS4
2008-07-13T07:22:20,310505000,TAHITIAN-PRINCESS,GLACIER BAY,56.06879,-134.56766,290,290,17.2,0,9187899,ZCDS4
2008-07-13T07:22:14,310505000,TAHITIAN-PRINCESS,GLACIER BAY,56.06863667,-134.5668517,290,290,17.2,0,9187899,ZCDS4
2008-07-13T07:22:07,310505000,TAHITIAN-PRINCESS,GLACIER BAY,56.06844167,-134.5659233,291,290,17.2,0,9187899,ZCDS4
2008-07-13T07:22:01,310505000,TAHITIAN-PRINCESS,GLACIER BAY,56.06828667,-134.5651217,290,291,17.1,0,9187899,ZCDS4
2008-07-13T07:21:55,310505000,TAHITIAN-PRINCESS,GLACIER BAY,56.06812,-134.5643267,290,289,17.1,0,9187899,ZCDS4
2008-07-13T07:21:50,310505000,TAHITIAN-PRINCESS,GLACIER BAY,56.06798,-134.563665,290,290,17.1,0,9187899,ZCDS4
2008-07-13T07:21:37,310505000,TAHITIAN-PRINCESS,GLACIER BAY,56.06762167,-134.56195,290,289,17.1,0,9187899,ZCDS4
2008-07-13T07:21:32,310505000,TAHITIAN-PRINCESS,GLACIER BAY,56.06746333,-134.5611517,290,289,17.1,0,9187899,ZCDS4
2008-07-13T07:21:14,310505000,TAHITIAN-PRINCESS,GLACIER BAY,56.06702667,-134.5588833,290,290,17.0,0,9187899,ZCDS4
2008-07-13T07:21:07,310505000,TAHITIAN-PRINCESS,GLACIER BAY,56.06684167,-134.557955,290,289,17.1,0,9187899,ZCDS4
2008-07-13T07:21:01,310505000,TAHITIAN-PRINCESS,GLACIER BAY,56.06667833,-134.557165,290,289,17.1,0,9187899,ZCDS4
2008-07-13T07:20:56,310505000,TAHITIAN-PRINCESS,GLACIER BAY,56.06654833,-134.5565017,289,289,17.0,0,9187899,ZCDS4
2008-07-13T07:20:50,310505000,TAHITIAN-PRINCESS,GLACIER BAY,56.06639667,-134.5557017,289,290,17.0,0,9187899,ZCDS4
2008-07-13T07:20:44,310505000,TAHITIAN-PRINCESS,GLACIER BAY,56.06623833,-134.5549067,290,290,17.0,0,9187899,ZCDS4
2008-07-13T07:20:37,310505000,TAHITIAN-PRINCESS,GLACIER BAY,56.06605,-134.5539817,290,290,17.1,0,9187899,ZCDS4
2008-07-13T07:20:35,310505000,TAHITIAN-PRINCESS,GLACIER BAY,56.06589167,-134.553185,0,0,0.0,0,9187899,ZCDS4
2008-07-13T07:20:32,310505000,TAHITIAN-PRINCESS,GLACIER BAY,56.06589167,-134.553185,290,291,17.1,0,9187899,ZCDS4
2008-07-13T07:20:25,310505000,TAHITIAN-PRINCESS,GLACIER BAY,56.06573167,-134.5523867,290,290,17.1,0,9187899,ZCDS4
2008-07-13T07:20:20,310505000,TAHITIAN-PRINCESS,GLACIER BAY,56.06560167,-134.55172,290,290,17.1,0,9187899,ZCDS4
2008-07-13T07:20:14,310505000,TAHITIAN-PRINCESS,GLACIER BAY,56.06544167,-134.5509233,290,290,17.1,0,9187899,ZCDS4
2008-07-13T07:20:07,310505000,TAHITIAN-PRINCESS,GLACIER BAY,56.06525,-134.5499967,290,290,17.1,0,9187899,ZCDS4
2008-07-13T07:20:01,310505000,TAHITIAN-PRINCESS,GLACIER BAY,56.065085,-134.5492017,290,290,17.1,0,9187899,ZCDS4
2008-07-13T07:19:56,310505000,TAHITIAN-PRINCESS,GLACIER BAY,56.06496167,-134.54853,290,290,17.1,0,9187899,ZCDS4
2008-07-13T07:19:50,310505000,TAHITIAN-PRINCESS,GLACIER BAY,56.06480167,-134.547735,290,290,17.1,0,9187899,ZCDS4
2008-07-13T07:19:44,310505000,TAHITIAN-PRINCESS,GLACIER BAY,56.06464,-134.5469383,290,290,17.0,0,9187899,ZCDS4
2008-07-13T07:19:38,310505000,TAHITIAN-PRINCESS,GLACIER BAY,56.06444833,-134.5460117,290,290,17.0,0,9187899,ZCDS4
2008-07-13T07:19:32,310505000,TAHITIAN-PRINCESS,GLACIER BAY,56.06429333,-134.5452133,290,290,17.0,0,9187899,ZCDS4
2008-07-13T07:19:25,310505000,TAHITIAN-PRINCESS,GLACIER BAY,56.06413333,-134.5444167,290,290,17.1,0,9187899,ZCDS4
2008-07-13T07:19:20,310505000,TAHITIAN-PRINCESS,GLACIER BAY,56.06399667,-134.543755,290,290,17.1,0,9187899,ZCDS4
2008-07-13T07:19:01,310505000,TAHITIAN-PRINCESS,GLACIER BAY,56.06348833,-134.5412417,290,291,17.0,0,9187899,ZCDS4
2008-07-13T07:18:56,310505000,TAHITIAN-PRINCESS,GLACIER BAY,56.06334833,-134.540585,290,290,17.0,0,9187899,ZCDS4
2008-07-13T07:18:44,310505000,TAHITIAN-PRINCESS,GLACIER BAY,56.06302667,-134.5389967,291,291,17.0,0,9187899,ZCDS4
2008-07-13T07:18:37,310505000,TAHITIAN-PRINCESS,GLACIER BAY,56.06283833,-134.5380717,291,290,17.0,0,9187899,ZCDS4
2008-07-13T07:18:32,310505000,TAHITIAN-PRINCESS,GLACIER BAY,56.06267667,-134.53728,291,291,17.0,0,9187899,ZCDS4
2008-07-13T07:18:26,310505000,TAHITIAN-PRINCESS,GLACIER BAY,56.06250333,-134.5365,291,290,17.0,0,9187899,ZCDS4
2008-07-13T07:18:01,310505000,TAHITIAN-PRINCESS,GLACIER BAY,56.06182833,-134.5333533,290,290,17.0,0,9187899,ZCDS4
2008-07-13T07:17:56,310505000,TAHITIAN-PRINCESS,GLACIER BAY,56.0617,-134.5326883,290,290,17.0,0,9187899,ZCDS4
2008-07-13T07:17:49,310505000,TAHITIAN-PRINCESS,GLACIER BAY,56.06151,-134.5317633,290,290,17.0,0,9187899,ZCDS4
2008-07-13T07:17:44,310505000,TAHITIAN-PRINCESS,GLACIER BAY,56.06138333,-134.5311017,290,291,17.0,0,9187899,ZCDS4
2008-07-13T07:17:37,310505000,TAHITIAN-PRINCESS,GLACIER BAY,56.06119167,-134.53018,290,290,17.0,0,9187899,ZCDS4
2008-07-13T07:17:27,310505000,TAHITIAN-PRINCESS,GLACIER BAY,56.06089667,-134.5287283,290,290,17.0,0,9187899,ZCDS4
2008-07-13T07:17:20,310505000,TAHITIAN-PRINCESS,GLACIER BAY,56.06073333,-134.5279383,290,290,17.0,0,9187899,ZCDS4
2008-07-13T07:17:02,310505000,TAHITIAN-PRINCESS,GLACIER BAY,56.06025,-134.525565,291,291,17.0,0,9187899,ZCDS4
2008-07-13T07:16:56,310505000,TAHITIAN-PRINCESS,GLACIER BAY,56.06009167,-134.5247717,291,291,17.0,0,9187899,ZCDS4
2008-07-13T07:16:49,310505000,TAHITIAN-PRINCESS,GLACIER BAY,56.059895,-134.52386,291,291,17.0,0,9187899,ZCDS4
2008-07-13T07:16:44,310505000,TAHITIAN-PRINCESS,GLACIER BAY,56.05976333,-134.5232033,291,291,17.0,0,9187899,ZCDS4
2008-07-13T07:16:38,310505000,TAHITIAN-PRINCESS,GLACIER BAY,56.05959,-134.522415,291,290,17.0,0,9187899,ZCDS4
2008-07-13T07:16:08,310505000,TAHITIAN-PRINCESS,GLACIER BAY,56.05875667,-134.5184717,290,290,17.0,0,9187899,ZCDS4
2008-07-13T07:15:49,310505000,TAHITIAN-PRINCESS,GLACIER BAY,56.05826,-134.5159533,290,290,17.0,0,9187899,ZCDS4
2008-07-13T07:15:44,310505000,TAHITIAN-PRINCESS,GLACIER BAY,56.05811333,-134.51531,290,289,17.0,0,9187899,ZCDS4
2008-07-13T07:15:38,310505000,TAHITIAN-PRINCESS,GLACIER BAY,56.05795,-134.5145217,290,290,17.0,0,9187899,ZCDS4
2008-07-13T07:15:26,310505000,TAHITIAN-PRINCESS,GLACIER BAY,56.05763167,-134.51293,291,290,17.0,0,9187899,ZCDS4
2008-07-13T07:15:20,310505000,TAHITIAN-PRINCESS,GLACIER BAY,56.05746333,-134.5121467,291,290,17.0,0,9187899,ZCDS4
2008-07-13T07:15:02,310505000,TAHITIAN-PRINCESS,GLACIER BAY,56.056945,-134.5096467,290,290,17.0,0,9187899,ZCDS4
2008-07-13T07:14:49,310505000,TAHITIAN-PRINCESS,GLACIER BAY,56.05661333,-134.5080717,290,289,17.0,0,9187899,ZCDS4
2008-07-13T07:14:38,310505000,TAHITIAN-PRINCESS,GLACIER BAY,56.05632667,-134.50661,290,289,17.0,0,9187899,ZCDS4
2008-07-13T07:14:35,310505000,TAHITIAN-PRINCESS,GLACIER BAY,56.056165,-134.5058217,0,0,0.0,0,9187899,ZCDS4
2008-07-13T07:14:32,310505000,TAHITIAN-PRINCESS,GLACIER BAY,56.056165,-134.5058217,290,290,17.0,0,9187899,ZCDS4
2008-07-13T07:14:26,310505000,TAHITIAN-PRINCESS,GLACIER BAY,56.05600667,-134.5050283,290,289,17.0,0,9187899,ZCDS4
2008-07-13T07:14:20,310505000,TAHITIAN-PRINCESS,GLACIER BAY,56.05584833,-134.5042333,290,290,17.0,0,9187899,ZCDS4
2008-07-13T07:14:14,310505000,TAHITIAN-PRINCESS,GLACIER BAY,56.05566667,-134.503305,290,290,17.0,0,9187899,ZCDS4
2008-07-13T07:14:02,310505000,TAHITIAN-PRINCESS,GLACIER BAY,56.05535667,-134.50171,291,290,17.0,0,9187899,ZCDS4
2008-07-13T07:13:49,310505000,TAHITIAN-PRINCESS,GLACIER BAY,56.055035,-134.50013,291,290,16.9,0,9187899,ZCDS4
2008-07-13T07:13:38,310505000,TAHITIAN-PRINCESS,GLACIER BAY,56.05472,-134.498695,290,290,17.0,0,9187899,ZCDS4
2008-07-13T07:13:20,310505000,TAHITIAN-PRINCESS,GLACIER BAY,56.05423667,-134.496315,290,290,17.0,0,9187899,ZCDS4
2008-07-13T07:13:14,310505000,TAHITIAN-PRINCESS,GLACIER BAY,56.05405667,-134.495385,291,292,16.9,0,9187899,ZCDS4
2008-07-13T07:13:08,310505000,TAHITIAN-PRINCESS,GLACIER BAY,56.05391667,-134.4947317,291,290,17.0,0,9187899,ZCDS4
2008-07-13T07:13:02,310505000,TAHITIAN-PRINCESS,GLACIER BAY,56.05372333,-134.4938133,290,290,17.0,0,9187899,ZCDS4
2008-07-13T07:12:44,310505000,TAHITIAN-PRINCESS,GLACIER BAY,56.05326167,-134.4915717,291,290,17.0,0,9187899,ZCDS4
2008-07-13T07:12:32,310505000,TAHITIAN-PRINCESS,GLACIER BAY,56.05293667,-134.4899967,290,289,17.0,0,9187899,ZCDS4
2008-07-13T07:12:20,310505000,TAHITIAN-PRINCESS,GLACIER BAY,56.05262167,-134.4884167,290,289,16.9,0,9187899,ZCDS4
2008-07-13T07:12:08,310505000,TAHITIAN-PRINCESS,GLACIER BAY,56.05229333,-134.4868483,290,289,16.9,0,9187899,ZCDS4
2008-07-13T07:11:38,310505000,TAHITIAN-PRINCESS,GLACIER BAY,56.05153333,-134.48289,289,290,16.9,0,9187899,ZCDS4
2008-07-13T07:11:32,310505000,TAHITIAN-PRINCESS,GLACIER BAY,56.05137333,-134.4821033,290,289,16.8,0,9187899,ZCDS4
2008-07-13T07:11:14,310505000,TAHITIAN-PRINCESS,GLACIER BAY,56.05088333,-134.4796067,290,290,16.8,0,9187899,ZCDS4
2008-07-13T07:11:08,310505000,TAHITIAN-PRINCESS,GLACIER BAY,56.05074833,-134.4789517,290,290,16.9,0,9187899,ZCDS4
2008-07-13T07:10:44,310505000,TAHITIAN-PRINCESS,GLACIER BAY,56.05011167,-134.475795,291,290,16.9,0,9187899,ZCDS4
2008-07-13T07:10:31,310505000,TAHITIAN-PRINCESS,GLACIER BAY,56.04976167,-134.4740883,291,291,17.0,0,9187899,ZCDS4
2008-07-13T07:10:25,310505000,TAHITIAN-PRINCESS,GLACIER BAY,56.04958833,-134.4733083,290,289,17.0,0,9187899,ZCDS4
2008-07-13T07:10:14,310505000,TAHITIAN-PRINCESS,GLACIER BAY,56.04927167,-134.4717317,290,290,17.0,0,9187899,ZCDS4
2008-07-13T07:10:08,310505000,TAHITIAN-PRINCESS,GLACIER BAY,56.04913667,-134.4710717,290,290,16.9,0,9187899,ZCDS4
2008-07-13T07:10:01,310505000,TAHITIAN-PRINCESS,GLACIER BAY,56.04895833,-134.470145,291,290,16.9,0,9187899,ZCDS4
2008-07-13T07:09:50,310505000,TAHITIAN-PRINCESS,GLACIER BAY,56.04865667,-134.4687067,291,289,17.0,0,9187899,ZCDS4
2008-07-13T07:09:44,310505000,TAHITIAN-PRINCESS,GLACIER BAY,56.04849667,-134.46792,290,290,17.0,0,9187899,ZCDS4
2008-07-13T07:09:38,310505000,TAHITIAN-PRINCESS,GLACIER BAY,56.048335,-134.467135,290,289,16.9,0,9187899,ZCDS4
2008-07-13T07:09:25,310505000,TAHITIAN-PRINCESS,GLACIER BAY,56.04799,-134.4654283,290,290,16.9,0,9187899,ZCDS4
2008-07-13T07:09:15,310505000,TAHITIAN-PRINCESS,GLACIER BAY,56.04767833,-134.4638483,290,290,16.9,0,9187899,ZCDS4
2008-07-13T07:09:02,310505000,TAHITIAN-PRINCESS,GLACIER BAY,56.04736667,-134.462265,290,290,16.9,0,9187899,ZCDS4
2008-07-13T07:08:55,310505000,TAHITIAN-PRINCESS,GLACIER BAY,56.04720833,-134.46148,291,289,16.9,0,9187899,ZCDS4
2008-07-13T07:08:49,310505000,TAHITIAN-PRINCESS,GLACIER BAY,56.04704333,-134.4607,290,291,16.9,0,9187899,ZCDS4
2008-07-13T07:08:38,310505000,TAHITIAN-PRINCESS,GLACIER BAY,56.04675167,-134.459255,291,290,16.9,0,9187899,ZCDS4
2008-07-13T07:08:35,310505000,TAHITIAN-PRINCESS,GLACIER BAY,56.04657167,-134.4583333,0,0,0.0,0,9187899,ZCDS4
2008-07-13T07:08:31,310505000,TAHITIAN-PRINCESS,GLACIER BAY,56.04657167,-134.4583333,291,291,16.9,0,9187899,ZCDS4
2008-07-13T07:08:25,310505000,TAHITIAN-PRINCESS,GLACIER BAY,56.04640667,-134.4575533,291,290,16.9,0,9187899,ZCDS4
2008-07-13T07:08:20,310505000,TAHITIAN-PRINCESS,GLACIER BAY,56.04625167,-134.4569167,290,290,16.9,0,9187899,ZCDS4
2008-07-13T07:08:14,310505000,TAHITIAN-PRINCESS,GLACIER BAY,56.04607,-134.4559983,290,290,16.9,0,9187899,ZCDS4
2008-07-13T07:08:08,310505000,TAHITIAN-PRINCESS,GLACIER BAY,56.045935,-134.4553417,290,290,16.9,0,9187899,ZCDS4
2008-07-13T07:07:55,310505000,TAHITIAN-PRINCESS,GLACIER BAY,56.04559833,-134.4536333,291,290,16.9,0,9187899,ZCDS4
2008-07-13T07:07:31,310505000,TAHITIAN-PRINCESS,GLACIER BAY,56.04493667,-134.4505133,290,290,16.9,0,9187899,ZCDS4
2008-07-13T07:07:25,310505000,TAHITIAN-PRINCESS,GLACIER BAY,56.04477333,-134.4497333,290,290,16.8,0,9187899,ZCDS4
2008-07-13T07:07:20,310505000,TAHITIAN-PRINCESS,GLACIER BAY,56.04463667,-134.4490817,290,290,16.8,0,9187899,ZCDS4
2008-07-13T07:07:14,310505000,TAHITIAN-PRINCESS,GLACIER BAY,56.04446167,-134.4481583,290,290,16.8,0,9187899,ZCDS4
2008-07-13T07:07:09,310505000,TAHITIAN-PRINCESS,GLACIER BAY,56.04431833,-134.447515,290,290,16.8,0,9187899,ZCDS4
2008-07-13T07:06:55,310505000,TAHITIAN-PRINCESS,GLACIER BAY,56.04398,-134.4458083,290,290,16.9,0,9187899,ZCDS4
2008-07-13T07:06:49,310505000,TAHITIAN-PRINCESS,GLACIER BAY,56.04382667,-134.44502,291,291,16.9,0,9187899,ZCDS4
2008-07-13T07:06:44,310505000,TAHITIAN-PRINCESS,GLACIER BAY,56.04368333,-134.4443717,291,290,16.8,0,9187899,ZCDS4
2008-07-13T07:06:38,310505000,TAHITIAN-PRINCESS,GLACIER BAY,56.04353167,-134.44358,291,290,16.9,0,9187899,ZCDS4
2008-07-13T07:06:31,310505000,TAHITIAN-PRINCESS,GLACIER BAY,56.04333833,-134.4426717,291,291,16.8,0,9187899,ZCDS4
2008-07-13T07:06:20,310505000,TAHITIAN-PRINCESS,GLACIER BAY,56.04303833,-134.4412367,291,290,16.9,0,9187899,ZCDS4
2008-07-13T07:06:14,310505000,TAHITIAN-PRINCESS,GLACIER BAY,56.04284,-134.4403317,290,290,16.9,0,9187899,ZCDS4
2008-07-13T07:06:08,310505000,TAHITIAN-PRINCESS,GLACIER BAY,56.04270333,-134.4396817,290,289,16.8,0,9187899,ZCDS4
2008-07-13T07:06:02,310505000,TAHITIAN-PRINCESS,GLACIER BAY,56.042515,-134.43877,290,290,16.8,0,9187899,ZCDS4
2008-07-13T07:05:55,310505000,TAHITIAN-PRINCESS,GLACIER BAY,56.04235333,-134.4379883,290,290,16.8,0,9187899,ZCDS4
2008-07-13T07:05:49,310505000,TAHITIAN-PRINCESS,GLACIER BAY,56.042185,-134.437215,289,289,16.8,0,9187899,ZCDS4
2008-07-13T07:05:45,310505000,TAHITIAN-PRINCESS,GLACIER BAY,56.042055,-134.43656,289,290,16.8,0,9187899,ZCDS4
2008-07-13T07:05:38,310505000,TAHITIAN-PRINCESS,GLACIER BAY,56.04190333,-134.43577,290,289,16.8,0,9187899,ZCDS4
2008-07-13T07:05:31,310505000,TAHITIAN-PRINCESS,GLACIER BAY,56.04172333,-134.4348583,289,290,16.8,0,9187899,ZCDS4
2008-07-13T07:05:07,310505000,TAHITIAN-PRINCESS,GLACIER BAY,56.04110333,-134.431715,290,289,16.8,0,9187899,ZCDS4
2008-07-13T07:04:56,310505000,TAHITIAN-PRINCESS,GLACIER BAY,56.04081333,-134.4302767,290,289,16.8,0,9187899,ZCDS4
2008-07-13T07:04:49,310505000,TAHITIAN-PRINCESS,GLACIER BAY,56.04063167,-134.4293633,290,290,16.8,0,9187899,ZCDS4
2008-07-13T07:04:45,310505000,TAHITIAN-PRINCESS,GLACIER BAY,56.04047167,-134.4285817,290,289,16.8,0,9187899,ZCDS4
2008-07-13T07:04:32,310505000,TAHITIAN-PRINCESS,GLACIER BAY,56.040155,-134.42702,289,289,16.8,0,9187899,ZCDS4
2008-07-13T07:04:20,310505000,TAHITIAN-PRINCESS,GLACIER BAY,56.039875,-134.4255767,289,290,16.8,0,9187899,ZCDS4
2008-07-13T07:04:13,310505000,TAHITIAN-PRINCESS,GLACIER BAY,56.03970167,-134.424655,290,290,16.9,0,9187899,ZCDS4
2008-07-13T07:04:07,310505000,TAHITIAN-PRINCESS,GLACIER BAY,56.03954833,-134.423865,290,290,16.9,0,9187899,ZCDS4
2008-07-13T07:04:01,310505000,TAHITIAN-PRINCESS,GLACIER BAY,56.039385,-134.4230867,290,291,16.9,0,9187899,ZCDS4
2008-07-13T07:03:56,310505000,TAHITIAN-PRINCESS,GLACIER BAY,56.03926167,-134.422425,291,291,16.9,0,9187899,ZCDS4
2008-07-13T07:03:50,310505000,TAHITIAN-PRINCESS,GLACIER BAY,56.03906833,-134.421515,291,291,16.9,0,9187899,ZCDS4
2008-07-13T07:03:44,310505000,TAHITIAN-PRINCESS,GLACIER BAY,56.03890667,-134.4207317,291,291,16.9,0,9187899,ZCDS4
2008-07-13T07:03:39,310505000,TAHITIAN-PRINCESS,GLACIER BAY,56.03876167,-134.4200883,291,290,16.8,0,9187899,ZCDS4
2008-07-13T07:03:31,310505000,TAHITIAN-PRINCESS,GLACIER BAY,56.03857,-134.4191783,291,291,16.8,0,9187899,ZCDS4
2008-07-13T07:03:26,310505000,TAHITIAN-PRINCESS,GLACIER BAY,56.038425,-134.418535,291,291,16.8,0,9187899,ZCDS4
2008-07-13T07:03:20,310505000,TAHITIAN-PRINCESS,GLACIER BAY,56.03822667,-134.4176317,291,291,16.8,0,9187899,ZCDS4
2008-07-13T07:03:13,310505000,TAHITIAN-PRINCESS,GLACIER BAY,56.03806167,-134.4168533,291,291,16.8,0,9187899,ZCDS4
2008-07-13T07:03:01,310505000,TAHITIAN-PRINCESS,GLACIER BAY,56.03772167,-134.4153017,290,290,16.9,0,9187899,ZCDS4
2008-07-13T07:02:44,310505000,TAHITIAN-PRINCESS,GLACIER BAY,56.03722833,-134.4129633,290,290,16.8,0,9187899,ZCDS4
2008-07-13T07:02:38,310505000,TAHITIAN-PRINCESS,GLACIER BAY,56.03709,-134.4123167,290,290,16.8,0,9187899,ZCDS4
2008-07-13T07:02:34,310505000,TAHITIAN-PRINCESS,GLACIER BAY,56.03690833,-134.4113983,0,0,0.0,0,9187899,ZCDS4
2008-07-13T07:02:31,310505000,TAHITIAN-PRINCESS,GLACIER BAY,56.03690833,-134.4113983,290,290,16.8,0,9187899,ZCDS4
2008-07-13T07:02:26,310505000,TAHITIAN-PRINCESS,GLACIER BAY,56.03677167,-134.4107517,290,291,16.8,0,9187899,ZCDS4
2008-07-13T07:02:13,310505000,TAHITIAN-PRINCESS,GLACIER BAY,56.03643,-134.4090533,290,290,16.8,0,9187899,ZCDS4
2008-07-13T07:02:01,310505000,TAHITIAN-PRINCESS,GLACIER BAY,56.03611,-134.40749,290,291,16.8,0,9187899,ZCDS4
2008-07-13T07:01:56,310505000,TAHITIAN-PRINCESS,GLACIER BAY,56.03597,-134.4068433,290,290,16.8,0,9187899,ZCDS4
2008-07-13T07:01:50,310505000,TAHITIAN-PRINCESS,GLACIER BAY,56.03578,-134.40593,290,290,16.8,0,9187899,ZCDS4
2008-07-13T07:01:44,310505000,TAHITIAN-PRINCESS,GLACIER BAY,56.03562667,-134.405145,290,291,16.8,0,9187899,ZCDS4
2008-07-13T07:01:38,310505000,TAHITIAN-PRINCESS,GLACIER BAY,56.03547167,-134.4045133,290,291,16.8,0,9187899,ZCDS4
2008-07-13T07:01:31,310505000,TAHITIAN-PRINCESS,GLACIER BAY,56.03528333,-134.4035983,290,290,16.8,0,9187899,ZCDS4
2008-07-13T07:01:26,310505000,TAHITIAN-PRINCESS,GLACIER BAY,56.03515,-134.4029483,290,291,16.8,0,9187899,ZCDS4
2008-07-13T07:01:20,310505000,TAHITIAN-PRINCESS,GLACIER BAY,56.03496167,-134.4020367,290,291,16.8,0,9187899,ZCDS4
2008-07-13T07:01:13,310505000,TAHITIAN-PRINCESS,GLACIER BAY,56.03479167,-134.40126,290,291,16.9,0,9187899,ZCDS4
2008-07-13T07:01:08,310505000,TAHITIAN-PRINCESS,GLACIER BAY,56.03463167,-134.4004717,290,291,16.9,0,9187899,ZCDS4
2008-07-13T07:01:01,310505000,TAHITIAN-PRINCESS,GLACIER BAY,56.03447,-134.39969,290,291,16.9,0,9187899,ZCDS4
2008-07-13T07:00:55,310505000,TAHITIAN-PRINCESS,GLACIER BAY,56.03429833,-134.3989117,290,291,16.9,0,9187899,ZCDS4
2008-07-13T07:00:50,310505000,TAHITIAN-PRINCESS,GLACIER BAY,56.03414167,-134.3981233,291,291,16.9,0,9187899,ZCDS4
2008-07-13T07:00:44,310505000,TAHITIAN-PRINCESS,GLACIER BAY,56.03396667,-134.39735,291,291,16.9,0,9187899,ZCDS4
2008-07-13T07:00:38,310505000,TAHITIAN-PRINCESS,GLACIER BAY,56.03382833,-134.3966983,291,292,16.9,0,9187899,ZCDS4
2008-07-13T07:00:31,310505000,TAHITIAN-PRINCESS,GLACIER BAY,56.03363333,-134.395785,291,291,16.9,0,9187899,ZCDS4
2008-07-13T07:00:26,310505000,TAHITIAN-PRINCESS,GLACIER BAY,56.03348667,-134.395145,291,292,16.9,0,9187899,ZCDS4
2008-07-13T07:00:20,310505000,TAHITIAN-PRINCESS,GLACIER BAY,56.03328333,-134.3942383,291,291,16.9,0,9187899,ZCDS4
2008-07-13T07:00:13,310505000,TAHITIAN-PRINCESS,GLACIER BAY,56.03310167,-134.3934683,290,291,16.9,0,9187899,ZCDS4
2008-07-13T07:00:08,310505000,TAHITIAN-PRINCESS,GLACIER BAY,56.03293667,-134.3926833,290,291,17.0,0,9187899,ZCDS4
2008-07-13T07:00:01,310505000,TAHITIAN-PRINCESS,GLACIER BAY,56.03277,-134.3918983,290,291,16.9,0,9187899,ZCDS4
2008-07-13T06:59:55,310505000,TAHITIAN-PRINCESS,GLACIER BAY,56.0326,-134.3911167,291,291,16.9,0,9187899,ZCDS4
2008-07-13T06:59:50,310505000,TAHITIAN-PRINCESS,GLACIER BAY,56.03243167,-134.390335,291,291,16.9,0,9187899,ZCDS4
2008-07-13T06:59:44,310505000,TAHITIAN-PRINCESS,GLACIER BAY,56.03226333,-134.3895517,291,292,16.9,0,9187899,ZCDS4
2008-07-13T06:59:38,310505000,TAHITIAN-PRINCESS,GLACIER BAY,56.03211833,-134.3889017,291,291,17.0,0,9187899,ZCDS4
2008-07-13T06:59:31,310505000,TAHITIAN-PRINCESS,GLACIER BAY,56.03192,-134.38799,291,292,17.0,0,9187899,ZCDS4
2008-07-13T06:59:26,310505000,TAHITIAN-PRINCESS,GLACIER BAY,56.03177667,-134.3873367,291,291,17.0,0,9187899,ZCDS4
2008-07-13T06:59:20,310505000,TAHITIAN-PRINCESS,GLACIER BAY,56.03157167,-134.38643,291,292,17.0,0,9187899,ZCDS4
2008-07-13T06:59:14,310505000,TAHITIAN-PRINCESS,GLACIER BAY,56.03141333,-134.385635,291,292,17.0,0,9187899,ZCDS4
2008-07-13T06:59:08,310505000,TAHITIAN-PRINCESS,GLACIER BAY,56.03124,-134.384855,291,291,17.0,0,9187899,ZCDS4
2008-07-13T06:59:01,310505000,TAHITIAN-PRINCESS,GLACIER BAY,56.03105833,-134.3840817,291,291,17.0,0,9187899,ZCDS4
2008-07-13T06:58:55,310505000,TAHITIAN-PRINCESS,GLACIER BAY,56.03088167,-134.3833033,291,291,17.0,0,9187899,ZCDS4
2008-07-13T06:58:49,310505000,TAHITIAN-PRINCESS,GLACIER BAY,56.03070333,-134.3825233,290,291,17.0,0,9187899,ZCDS4
2008-07-13T06:58:43,310505000,TAHITIAN-PRINCESS,GLACIER BAY,56.03054,-134.381735,290,291,17.0,0,9187899,ZCDS4
2008-07-13T06:58:38,310505000,TAHITIAN-PRINCESS,GLACIER BAY,56.0304,-134.3810817,290,290,16.9,0,9187899,ZCDS4
2008-07-13T06:58:31,310505000,TAHITIAN-PRINCESS,GLACIER BAY,56.030205,-134.380165,290,291,16.9,0,9187899,ZCDS4
2008-07-13T06:58:26,310505000,TAHITIAN-PRINCESS,GLACIER BAY,56.03006167,-134.379515,290,290,17.0,0,9187899,ZCDS4
2008-07-13T06:58:20,310505000,TAHITIAN-PRINCESS,GLACIER BAY,56.02986,-134.3786067,290,290,16.9,0,9187899,ZCDS4
2008-07-13T06:58:14,310505000,TAHITIAN-PRINCESS,GLACIER BAY,56.0297,-134.37782,290,291,16.9,0,9187899,ZCDS4
2008-07-13T06:58:08,310505000,TAHITIAN-PRINCESS,GLACIER BAY,56.02953167,-134.3770383,289,291,16.9,0,9187899,ZCDS4
2008-07-13T06:58:01,310505000,TAHITIAN-PRINCESS,GLACIER BAY,56.029375,-134.3762433,290,291,16.9,0,9187899,ZCDS4
2008-07-13T06:57:56,310505000,TAHITIAN-PRINCESS,GLACIER BAY,56.029215,-134.3754533,290,291,17.0,0,9187899,ZCDS4
2008-07-13T06:57:49,310505000,TAHITIAN-PRINCESS,GLACIER BAY,56.02904833,-134.3746667,290,292,17.0,0,9187899,ZCDS4
2008-07-13T06:57:44,310505000,TAHITIAN-PRINCESS,GLACIER BAY,56.02888333,-134.3738767,291,291,17.0,0,9187899,ZCDS4
2008-07-13T06:57:38,310505000,TAHITIAN-PRINCESS,GLACIER BAY,56.02874333,-134.3732183,291,291,17.0,0,9187899,ZCDS4
2008-07-13T06:57:32,310505000,TAHITIAN-PRINCESS,GLACIER BAY,56.02853333,-134.3723133,290,291,17.0,0,9187899,ZCDS4
2008-07-13T06:57:26,310505000,TAHITIAN-PRINCESS,GLACIER BAY,56.02838833,-134.3716617,290,291,17.0,0,9187899,ZCDS4
2008-07-13T06:57:20,310505000,TAHITIAN-PRINCESS,GLACIER BAY,56.02818833,-134.3707483,290,291,17.0,0,9187899,ZCDS4
2008-07-13T06:57:14,310505000,TAHITIAN-PRINCESS,GLACIER BAY,56.028015,-134.3699667,290,291,17.0,0,9187899,ZCDS4
2008-07-13T06:57:08,310505000,TAHITIAN-PRINCESS,GLACIER BAY,56.02784833,-134.3691817,290,291,17.0,0,9187899,ZCDS4
2008-07-13T06:57:01,310505000,TAHITIAN-PRINCESS,GLACIER BAY,56.027685,-134.368395,290,291,17.0,0,9187899,ZCDS4
2008-07-13T06:56:55,310505000,TAHITIAN-PRINCESS,GLACIER BAY,56.02752,-134.3676083,290,292,17.0,0,9187899,ZCDS4
2008-07-13T06:56:49,310505000,TAHITIAN-PRINCESS,GLACIER BAY,56.027355,-134.3668183,291,292,17.0,0,9187899,ZCDS4
2008-07-13T06:56:44,310505000,TAHITIAN-PRINCESS,GLACIER BAY,56.02718,-134.3660367,291,292,17.0,0,9187899,ZCDS4
2008-07-13T06:56:38,310505000,TAHITIAN-PRINCESS,GLACIER BAY,56.02703333,-134.365385,291,291,17.0,0,9187899,ZCDS4
2008-07-13T06:56:34,310505000,TAHITIAN-PRINCESS,GLACIER BAY,56.02683167,-134.364475,0,0,0.0,0,9187899,ZCDS4
2008-07-13T06:56:31,310505000,TAHITIAN-PRINCESS,GLACIER BAY,56.02683167,-134.364475,290,291,17.0,0,9187899,ZCDS4
2008-07-13T06:56:26,310505000,TAHITIAN-PRINCESS,GLACIER BAY,56.02668833,-134.3638217,290,291,17.0,0,9187899,ZCDS4
2008-07-13T06:56:20,310505000,TAHITIAN-PRINCESS,GLACIER BAY,56.02648667,-134.3629117,290,291,17.0,0,9187899,ZCDS4
2008-07-13T06:56:14,310505000,TAHITIAN-PRINCESS,GLACIER BAY,56.02632,-134.362125,290,291,17.0,0,9187899,ZCDS4
2008-07-13T06:56:07,310505000,TAHITIAN-PRINCESS,GLACIER BAY,56.02615667,-134.361335,290,292,17.0,0,9187899,ZCDS4
2008-07-13T06:56:01,310505000,TAHITIAN-PRINCESS,GLACIER BAY,56.02598667,-134.3605517,291,292,17.0,0,9187899,ZCDS4
2008-07-13T06:55:55,310505000,TAHITIAN-PRINCESS,GLACIER BAY,56.02581833,-134.3597633,291,292,17.0,0,9187899,ZCDS4
2008-07-13T06:55:50,310505000,TAHITIAN-PRINCESS,GLACIER BAY,56.025645,-134.35898,291,291,17.0,0,9187899,ZCDS4
2008-07-13T06:55:43,310505000,TAHITIAN-PRINCESS,GLACIER BAY,56.02546833,-134.3582017,291,291,17.0,0,9187899,ZCDS4
2008-07-13T06:55:38,310505000,TAHITIAN-PRINCESS,GLACIER BAY,56.02532,-134.357555,290,291,17.0,0,9187899,ZCDS4
2008-07-13T06:55:32,310505000,TAHITIAN-PRINCESS,GLACIER BAY,56.02512,-134.3566383,290,291,17.0,0,9187899,ZCDS4
2008-07-13T06:55:26,310505000,TAHITIAN-PRINCESS,GLACIER BAY,56.02497333,-134.3559883,290,291,17.0,0,9187899,ZCDS4
2008-07-13T06:55:20,310505000,TAHITIAN-PRINCESS,GLACIER BAY,56.02477,-134.3550767,290,291,17.0,0,9187899,ZCDS4
2008-07-13T06:55:14,310505000,TAHITIAN-PRINCESS,GLACIER BAY,56.02460167,-134.3542883,290,291,17.0,0,9187899,ZCDS4
2008-07-13T06:55:07,310505000,TAHITIAN-PRINCESS,GLACIER BAY,56.02443333,-134.3535017,290,291,16.9,0,9187899,ZCDS4
2008-07-13T06:55:02,310505000,TAHITIAN-PRINCESS,GLACIER BAY,56.02425667,-134.3527233,290,291,17.0,0,9187899,ZCDS4
2008-07-13T06:54:55,310505000,TAHITIAN-PRINCESS,GLACIER BAY,56.02409,-134.3519383,290,291,17.0,0,9187899,ZCDS4
2008-07-13T06:54:49,310505000,TAHITIAN-PRINCESS,GLACIER BAY,56.02392333,-134.3511533,290,291,17.0,0,9187899,ZCDS4
2008-07-13T06:54:43,310505000,TAHITIAN-PRINCESS,GLACIER BAY,56.02376333,-134.3503633,290,291,16.9,0,9187899,ZCDS4
2008-07-13T06:54:38,310505000,TAHITIAN-PRINCESS,GLACIER BAY,56.02359167,-134.34958,290,291,16.9,0,9187899,ZCDS4
2008-07-13T06:54:32,310505000,TAHITIAN-PRINCESS,GLACIER BAY,56.02345333,-134.348925,290,292,16.9,0,9187899,ZCDS4
2008-07-13T06:54:26,310505000,TAHITIAN-PRINCESS,GLACIER BAY,56.02328833,-134.3481383,291,292,16.9,0,9187899,ZCDS4
2008-07-13T06:54:20,310505000,TAHITIAN-PRINCESS,GLACIER BAY,56.02309,-134.3472267,291,292,17.0,0,9187899,ZCDS4
2008-07-13T06:54:13,310505000,TAHITIAN-PRINCESS,GLACIER BAY,56.02291,-134.3464517,291,291,17.0,0,9187899,ZCDS4
2008-07-13T06:54:07,310505000,TAHITIAN-PRINCESS,GLACIER BAY,56.02273167,-134.34568,291,292,17.0,0,9187899,ZCDS4
2008-07-13T06:54:02,310505000,TAHITIAN-PRINCESS,GLACIER BAY,56.02255833,-134.3449017,291,292,17.0,0,9187899,ZCDS4
2008-07-13T06:53:55,310505000,TAHITIAN-PRINCESS,GLACIER BAY,56.022385,-134.3441233,291,291,17.0,0,9187899,ZCDS4
2008-07-13T06:53:49,310505000,TAHITIAN-PRINCESS,GLACIER BAY,56.022215,-134.34334,290,291,16.9,0,9187899,ZCDS4
2008-07-13T06:53:43,310505000,TAHITIAN-PRINCESS,GLACIER BAY,56.02204167,-134.34256,290,291,16.9,0,9187899,ZCDS4
2008-07-13T06:53:38,310505000,TAHITIAN-PRINCESS,GLACIER BAY,56.02187,-134.3417817,290,291,16.9,0,9187899,ZCDS4
2008-07-13T06:53:32,310505000,TAHITIAN-PRINCESS,GLACIER BAY,56.02172667,-134.3411333,290,291,17.0,0,9187899,ZCDS4
2008-07-13T06:53:26,310505000,TAHITIAN-PRINCESS,GLACIER BAY,56.02156167,-134.34035,290,291,16.9,0,9187899,ZCDS4
2008-07-13T06:53:20,310505000,TAHITIAN-PRINCESS,GLACIER BAY,56.02136,-134.3394433,290,291,16.8,0,9187899,ZCDS4
2008-07-13T06:53:14,310505000,TAHITIAN-PRINCESS,GLACIER BAY,56.021195,-134.3386617,290,291,16.9,0,9187899,ZCDS4
2008-07-13T06:53:07,310505000,TAHITIAN-PRINCESS,GLACIER BAY,56.021025,-134.337885,290,291,16.9,0,9187899,ZCDS4
2008-07-13T06:53:02,310505000,TAHITIAN-PRINCESS,GLACIER BAY,56.020855,-134.3371083,290,291,16.9,0,9187899,ZCDS4
2008-07-13T06:52:55,310505000,TAHITIAN-PRINCESS,GLACIER BAY,56.02068,-134.3363317,290,292,16.9,0,9187899,ZCDS4
2008-07-13T06:52:50,310505000,TAHITIAN-PRINCESS,GLACIER BAY,56.02050833,-134.335555,290,292,16.9,0,9187899,ZCDS4
2008-07-13T06:52:44,310505000,TAHITIAN-PRINCESS,GLACIER BAY,56.02033,-134.3347817,290,291,17.0,0,9187899,ZCDS4
2008-07-13T06:52:38,310505000,TAHITIAN-PRINCESS,GLACIER BAY,56.02016333,-134.333995,290,291,17.0,0,9187899,ZCDS4
2008-07-13T06:52:32,310505000,TAHITIAN-PRINCESS,GLACIER BAY,56.02003,-134.3333317,291,291,17.0,0,9187899,ZCDS4
2008-07-13T06:52:25,310505000,TAHITIAN-PRINCESS,GLACIER BAY,56.01983833,-134.3324117,291,292,17.0,0,9187899,ZCDS4
2008-07-13T06:52:20,310505000,TAHITIAN-PRINCESS,GLACIER BAY,56.01968833,-134.3317667,291,292,17.0,0,9187899,ZCDS4
2008-07-13T06:52:14,310505000,TAHITIAN-PRINCESS,GLACIER BAY,56.01948333,-134.330855,291,291,17.0,0,9187899,ZCDS4
2008-07-13T06:52:07,310505000,TAHITIAN-PRINCESS,GLACIER BAY,56.01930667,-134.330075,290,291,17.0,0,9187899,ZCDS4
2008-07-13T06:52:02,310505000,TAHITIAN-PRINCESS,GLACIER BAY,56.01915667,-134.3294317,290,292,17.0,0,9187899,ZCDS4
2008-07-13T06:51:56,310505000,TAHITIAN-PRINCESS,GLACIER BAY,56.01896,-134.328515,290,292,17.0,0,9187899,ZCDS4
2008-07-13T06:51:50,310505000,TAHITIAN-PRINCESS,GLACIER BAY,56.01882167,-134.3278583,290,292,17.0,0,9187899,ZCDS4
2008-07-13T06:51:43,310505000,TAHITIAN-PRINCESS,GLACIER BAY,56.01862167,-134.3269433,291,292,17.1,0,9187899,ZCDS4
2008-07-13T06:51:38,310505000,TAHITIAN-PRINCESS,GLACIER BAY,56.01844333,-134.3261633,291,291,17.1,0,9187899,ZCDS4
2008-07-13T06:51:32,310505000,TAHITIAN-PRINCESS,GLACIER BAY,56.01829667,-134.32551,290,291,17.1,0,9187899,ZCDS4
2008-07-13T06:51:25,310505000,TAHITIAN-PRINCESS,GLACIER BAY,56.01809,-134.3245983,290,292,17.0,0,9187899,ZCDS4
2008-07-13T06:51:20,310505000,TAHITIAN-PRINCESS,GLACIER BAY,56.017945,-134.323945,290,292,17.0,0,9187899,ZCDS4
2008-07-13T06:51:13,310505000,TAHITIAN-PRINCESS,GLACIER BAY,56.01773667,-134.3230367,290,291,17.0,0,9187899,ZCDS4
2008-07-13T06:51:09,310505000,TAHITIAN-PRINCESS,GLACIER BAY,56.01756167,-134.322255,290,291,17.0,0,9187899,ZCDS4
2008-07-13T06:51:02,310505000,TAHITIAN-PRINCESS,GLACIER BAY,56.01741833,-134.3216033,290,291,17.0,0,9187899,ZCDS4
2008-07-13T06:50:55,310505000,TAHITIAN-PRINCESS,GLACIER BAY,56.01721667,-134.32069,290,291,16.9,0,9187899,ZCDS4
2008-07-13T06:50:50,310505000,TAHITIAN-PRINCESS,GLACIER BAY,56.01707,-134.3200433,289,291,16.9,0,9187899,ZCDS4
2008-07-13T06:50:45,310505000,TAHITIAN-PRINCESS,GLACIER BAY,56.01690167,-134.3192617,289,291,16.9,0,9187899,ZCDS4
2008-07-13T06:50:38,310505000,TAHITIAN-PRINCESS,GLACIER BAY,56.01670167,-134.3183533,289,292,16.9,0,9187899,ZCDS4
2008-07-13T06:50:34,310505000,TAHITIAN-PRINCESS,GLACIER BAY,56.016565,-134.3176983,0,0,0.0,0,9187899,ZCDS4
2008-07-13T06:50:32,310505000,TAHITIAN-PRINCESS,GLACIER BAY,56.016565,-134.3176983,290,292,16.9,0,9187899,ZCDS4
2008-07-13T06:50:25,310505000,TAHITIAN-PRINCESS,GLACIER BAY,56.01636333,-134.3167883,290,292,16.9,0,9187899,ZCDS4
2008-07-13T06:50:20,310505000,TAHITIAN-PRINCESS,GLACIER BAY,56.01622,-134.3161367,290,292,17.0,0,9187899,ZCDS4
2008-07-13T06:50:13,310505000,TAHITIAN-PRINCESS,GLACIER BAY,56.01600833,-134.315235,290,292,17.0,0,9187899,ZCDS4
2008-07-13T06:50:07,310505000,TAHITIAN-PRINCESS,GLACIER BAY,56.01583667,-134.3144517,290,292,17.0,0,9187899,ZCDS4
2008-07-13T06:50:01,310505000,TAHITIAN-PRINCESS,GLACIER BAY,56.01567,-134.313665,290,292,17.0,0,9187899,ZCDS4
2008-07-13T06:49:55,310505000,TAHITIAN-PRINCESS,GLACIER BAY,56.01549833,-134.3128817,291,292,17.0,0,9187899,ZCDS4
2008-07-13T06:49:50,310505000,TAHITIAN-PRINCESS,GLACIER BAY,56.01536167,-134.3122217,291,293,17.0,0,9187899,ZCDS4
2008-07-13T06:49:45,310505000,TAHITIAN-PRINCESS,GLACIER BAY,56.01518667,-134.3114417,291,292,17.0,0,9187899,ZCDS4
2008-07-13T06:49:38,310505000,TAHITIAN-PRINCESS,GLACIER BAY,56.014965,-134.310545,291,292,17.0,0,9187899,ZCDS4
2008-07-13T06:49:32,310505000,TAHITIAN-PRINCESS,GLACIER BAY,56.014815,-134.3098967,291,292,17.0,0,9187899,ZCDS4
2008-07-13T06:49:25,310505000,TAHITIAN-PRINCESS,GLACIER BAY,56.01460333,-134.3089917,290,291,17.0,0,9187899,ZCDS4
2008-07-13T06:49:20,310505000,TAHITIAN-PRINCESS,GLACIER BAY,56.01444833,-134.3083517,290,292,17.0,0,9187899,ZCDS4
2008-07-13T06:49:13,310505000,TAHITIAN-PRINCESS,GLACIER BAY,56.014245,-134.3074367,290,291,17.0,0,9187899,ZCDS4
2008-07-13T06:49:08,310505000,TAHITIAN-PRINCESS,GLACIER BAY,56.014075,-134.3066517,290,292,17.0,0,9187899,ZCDS4
2008-07-13T06:49:01,310505000,TAHITIAN-PRINCESS,GLACIER BAY,56.01391167,-134.3058617,290,292,16.9,0,9187899,ZCDS4
2008-07-13T06:48:45,310505000,TAHITIAN-PRINCESS,GLACIER BAY,56.01340833,-134.3036583,290,292,17.0,0,9187899,ZCDS4
2008-07-13T06:48:32,310505000,TAHITIAN-PRINCESS,GLACIER BAY,56.01304833,-134.3021117,290,292,16.9,0,9187899,ZCDS4
2008-07-13T06:48:25,310505000,TAHITIAN-PRINCESS,GLACIER BAY,56.01284333,-134.3012033,290,292,17.0,0,9187899,ZCDS4
2008-07-13T06:48:20,310505000,TAHITIAN-PRINCESS,GLACIER BAY,56.01269833,-134.3005533,290,292,17.0,0,9187899,ZCDS4
2008-07-13T06:48:13,310505000,TAHITIAN-PRINCESS,GLACIER BAY,56.01249167,-134.299645,290,292,17.0,0,9187899,ZCDS4
2008-07-13T06:48:07,310505000,TAHITIAN-PRINCESS,GLACIER BAY,56.012315,-134.2988667,290,292,17.0,0,9187899,ZCDS4
2008-07-13T06:48:01,310505000,TAHITIAN-PRINCESS,GLACIER BAY,56.01214667,-134.29808,290,292,17.1,0,9187899,ZCDS4
2008-07-13T06:47:55,310505000,TAHITIAN-PRINCESS,GLACIER BAY,56.01197,-134.2972967,290,292,17.1,0,9187899,ZCDS4
2008-07-13T06:47:50,310505000,TAHITIAN-PRINCESS,GLACIER BAY,56.01182,-134.2966467,290,292,17.0,0,9187899,ZCDS4
2008-07-13T06:47:32,310505000,TAHITIAN-PRINCESS,GLACIER BAY,56.01128333,-134.2942967,290,292,17.2,0,9187899,ZCDS4
2008-07-13T06:47:25,310505000,TAHITIAN-PRINCESS,GLACIER BAY,56.01108,-134.29337,290,292,17.2,0,9187899,ZCDS4
2008-07-13T06:47:20,310505000,TAHITIAN-PRINCESS,GLACIER BAY,56.01093167,-134.29271,291,292,17.3,0,9187899,ZCDS4
2008-07-13T06:47:13,310505000,TAHITIAN-PRINCESS,GLACIER BAY,56.01073,-134.2917817,291,293,17.3,0,9187899,ZCDS4
2008-07-13T06:47:07,310505000,TAHITIAN-PRINCESS,GLACIER BAY,56.01054667,-134.2909933,292,293,17.2,0,9187899,ZCDS4
2008-07-13T06:47:01,310505000,TAHITIAN-PRINCESS,GLACIER BAY,56.01037,-134.2901983,292,294,17.3,0,9187899,ZCDS4
2008-07-13T06:46:55,310505000,TAHITIAN-PRINCESS,GLACIER BAY,56.01018833,-134.2894067,292,294,17.3,0,9187899,ZCDS4
2008-07-13T06:46:51,310505000,TAHITIAN-PRINCESS,GLACIER BAY,56.01003167,-134.2887517,292,294,17.2,0,9187899,ZCDS4
2008-07-13T06:46:37,310505000,TAHITIAN-PRINCESS,GLACIER BAY,56.00961167,-134.2870633,292,294,17.3,0,9187899,ZCDS4
2008-07-13T06:46:32,310505000,TAHITIAN-PRINCESS,GLACIER BAY,56.00944833,-134.286415,292,294,17.2,0,9187899,ZCDS4
2008-07-13T06:46:26,310505000,TAHITIAN-PRINCESS,GLACIER BAY,56.00922833,-134.2855,293,294,17.2,0,9187899,ZCDS4
2008-07-13T06:46:20,310505000,TAHITIAN-PRINCESS,GLACIER BAY,56.00903833,-134.284715,293,294,17.3,0,9187899,ZCDS4
2008-07-13T06:46:13,310505000,TAHITIAN-PRINCESS,GLACIER BAY,56.008835,-134.2839417,293,294,17.3,0,9187899,ZCDS4
2008-07-13T06:46:08,310505000,TAHITIAN-PRINCESS,GLACIER BAY,56.008635,-134.2831633,293,294,17.3,0,9187899,ZCDS4
2008-07-13T06:46:02,310505000,TAHITIAN-PRINCESS,GLACIER BAY,56.00843333,-134.2823917,292,294,17.2,0,9187899,ZCDS4
2008-07-13T06:45:55,310505000,TAHITIAN-PRINCESS,GLACIER BAY,56.008235,-134.2816133,292,293,17.2,0,9187899,ZCDS4
2008-07-13T06:45:50,310505000,TAHITIAN-PRINCESS,GLACIER BAY,56.008075,-134.28096,292,293,17.3,0,9187899,ZCDS4
2008-07-13T06:45:44,310505000,TAHITIAN-PRINCESS,GLACIER BAY,56.007855,-134.2800433,292,294,17.3,0,9187899,ZCDS4
2008-07-13T06:45:37,310505000,TAHITIAN-PRINCESS,GLACIER BAY,56.007665,-134.2792583,292,293,17.3,0,9187899,ZCDS4
2008-07-13T06:45:32,310505000,TAHITIAN-PRINCESS,GLACIER BAY,56.007505,-134.278605,292,293,17.3,0,9187899,ZCDS4
2008-07-13T06:45:26,310505000,TAHITIAN-PRINCESS,GLACIER BAY,56.00728,-134.2776933,292,293,17.3,0,9187899,ZCDS4
2008-07-13T06:45:20,310505000,TAHITIAN-PRINCESS,GLACIER BAY,56.00708667,-134.2769117,292,293,17.3,0,9187899,ZCDS4
2008-07-13T06:45:13,310505000,TAHITIAN-PRINCESS,GLACIER BAY,56.00689333,-134.27613,292,293,17.3,0,9187899,ZCDS4
2008-07-13T06:45:08,310505000,TAHITIAN-PRINCESS,GLACIER BAY,56.00670333,-134.2753467,292,293,17.3,0,9187899,ZCDS4
2008-07-13T06:45:02,310505000,TAHITIAN-PRINCESS,GLACIER BAY,56.00651667,-134.2745567,292,294,17.3,0,9187899,ZCDS4
2008-07-13T06:44:55,310505000,TAHITIAN-PRINCESS,GLACIER BAY,56.006335,-134.2737633,292,294,17.2,0,9187899,ZCDS4
2008-07-13T06:44:49,310505000,TAHITIAN-PRINCESS,GLACIER BAY,56.00615333,-134.27297,293,294,17.3,0,9187899,ZCDS4
2008-07-13T06:44:44,310505000,TAHITIAN-PRINCESS,GLACIER BAY,56.00596,-134.2721883,293,294,17.3,0,9187899,ZCDS4
2008-07-13T06:44:37,310505000,TAHITIAN-PRINCESS,GLACIER BAY,56.00575833,-134.271415,293,294,17.3,0,9187899,ZCDS4
2008-07-13T06:44:34,310505000,TAHITIAN-PRINCESS,GLACIER BAY,56.00555833,-134.2706367,0,0,0.0,0,9187899,ZCDS4
2008-07-13T06:44:32,310505000,TAHITIAN-PRINCESS,GLACIER BAY,56.00555833,-134.2706367,292,294,17.3,0,9187899,ZCDS4
2008-07-13T06:44:26,310505000,TAHITIAN-PRINCESS,GLACIER BAY,56.00536333,-134.269855,292,294,17.2,0,9187899,ZCDS4
2008-07-13T06:44:19,310505000,TAHITIAN-PRINCESS,GLACIER BAY,56.00517,-134.269075,292,294,17.2,0,9187899,ZCDS4
2008-07-13T06:44:13,310505000,TAHITIAN-PRINCESS,GLACIER BAY,56.00497333,-134.2682983,292,294,17.3,0,9187899,ZCDS4
2008-07-13T06:44:07,310505000,TAHITIAN-PRINCESS,GLACIER BAY,56.00477333,-134.2675233,292,293,17.3,0,9187899,ZCDS4
2008-07-13T06:44:02,310505000,TAHITIAN-PRINCESS,GLACIER BAY,56.00457833,-134.266745,292,294,17.2,0,9187899,ZCDS4
2008-07-13T06:43:55,310505000,TAHITIAN-PRINCESS,GLACIER BAY,56.00438667,-134.2659617,292,294,17.3,0,9187899,ZCDS4
2008-07-13T06:43:50,310505000,TAHITIAN-PRINCESS,GLACIER BAY,56.00419833,-134.2651733,292,294,17.3,0,9187899,ZCDS4
2008-07-13T06:43:44,310505000,TAHITIAN-PRINCESS,GLACIER BAY,56.004015,-134.264385,292,294,17.2,0,9187899,ZCDS4
2008-07-13T06:43:37,310505000,TAHITIAN-PRINCESS,GLACIER BAY,56.003825,-134.2636017,292,294,17.3,0,9187899,ZCDS4
2008-07-13T06:43:32,310505000,TAHITIAN-PRINCESS,GLACIER BAY,56.00363167,-134.2628233,292,294,17.2,0,9187899,ZCDS4
2008-07-13T06:43:26,310505000,TAHITIAN-PRINCESS,GLACIER BAY,56.00343833,-134.2620467,292,294,17.3,0,9187899,ZCDS4
2008-07-13T06:43:19,310505000,TAHITIAN-PRINCESS,GLACIER BAY,56.00324167,-134.2612683,292,293,17.2,0,9187899,ZCDS4
2008-07-13T06:43:14,310505000,TAHITIAN-PRINCESS,GLACIER BAY,56.00304667,-134.2604933,292,294,17.2,0,9187899,ZCDS4
2008-07-13T06:43:09,310505000,TAHITIAN-PRINCESS,GLACIER BAY,56.00288667,-134.2598433,292,293,17.2,0,9187899,ZCDS4
2008-07-13T06:43:02,310505000,TAHITIAN-PRINCESS,GLACIER BAY,56.00266667,-134.2589317,292,293,17.2,0,9187899,ZCDS4
2008-07-13T06:42:56,310505000,TAHITIAN-PRINCESS,GLACIER BAY,56.00247667,-134.2581517,292,293,17.1,0,9187899,ZCDS4
2008-07-13T06:42:49,310505000,TAHITIAN-PRINCESS,GLACIER BAY,56.00228667,-134.2573717,292,293,17.2,0,9187899,ZCDS4
2008-07-13T06:42:44,310505000,TAHITIAN-PRINCESS,GLACIER BAY,56.00209667,-134.256595,292,294,17.2,0,9187899,ZCDS4
2008-07-13T06:42:37,310505000,TAHITIAN-PRINCESS,GLACIER BAY,56.00190833,-134.255815,292,293,17.1,0,9187899,ZCDS4
2008-07-13T06:42:32,310505000,TAHITIAN-PRINCESS,GLACIER BAY,56.00171667,-134.25504,292,293,17.1,0,9187899,ZCDS4
2008-07-13T06:42:26,310505000,TAHITIAN-PRINCESS,GLACIER BAY,56.00152333,-134.2542683,292,293,17.1,0,9187899,ZCDS4
2008-07-13T06:42:19,310505000,TAHITIAN-PRINCESS,GLACIER BAY,56.00132667,-134.2534983,292,293,17.1,0,9187899,ZCDS4
2008-07-13T06:42:14,310505000,TAHITIAN-PRINCESS,GLACIER BAY,56.00114,-134.25272,292,293,17.1,0,9187899,ZCDS4
2008-07-13T06:42:08,310505000,TAHITIAN-PRINCESS,GLACIER BAY,56.00098833,-134.2520667,292,293,17.1,0,9187899,ZCDS4
2008-07-13T06:42:02,310505000,TAHITIAN-PRINCESS,GLACIER BAY,56.00077,-134.2511633,292,293,17.1,0,9187899,ZCDS4
2008-07-13T06:41:57,310505000,TAHITIAN-PRINCESS,GLACIER BAY,56.00062,-134.2505083,292,293,17.1,0,9187899,ZCDS4
2008-07-13T06:41:49,310505000,TAHITIAN-PRINCESS,GLACIER BAY,56.00040167,-134.2495983,292,293,17.1,0,9187899,ZCDS4
2008-07-13T06:41:44,310505000,TAHITIAN-PRINCESS,GLACIER BAY,56.00021,-134.248825,292,293,17.1,0,9187899,ZCDS4
2008-07-13T06:41:37,310505000,TAHITIAN-PRINCESS,GLACIER BAY,56.00002,-134.24805,292,293,17.2,0,9187899,ZCDS4
2008-07-13T06:41:32,310505000,TAHITIAN-PRINCESS,GLACIER BAY,55.99983667,-134.247265,292,293,17.2,0,9187899,ZCDS4
2008-07-13T06:41:26,310505000,TAHITIAN-PRINCESS,GLACIER BAY,55.99965333,-134.2464833,292,293,17.1,0,9187899,ZCDS4
2008-07-13T06:41:20,310505000,TAHITIAN-PRINCESS,GLACIER BAY,55.99946833,-134.245705,292,294,17.1,0,9187899,ZCDS4
2008-07-13T06:41:14,310505000,TAHITIAN-PRINCESS,GLACIER BAY,55.99927833,-134.24493,292,294,17.1,0,9187899,ZCDS4
2008-07-13T06:41:08,310505000,TAHITIAN-PRINCESS,GLACIER BAY,55.99911833,-134.244285,292,294,17.1,0,9187899,ZCDS4
2008-07-13T06:41:01,310505000,TAHITIAN-PRINCESS,GLACIER BAY,55.99889833,-134.2433783,292,294,17.1,0,9187899,ZCDS4
2008-07-13T06:40:58,310505000,TAHITIAN-PRINCESS,GLACIER BAY,55.99873833,-134.2427333,292,294,17.1,0,9187899,ZCDS4
2008-07-13T06:40:50,310505000,TAHITIAN-PRINCESS,GLACIER BAY,55.99852167,-134.2418233,292,294,17.1,0,9187899,ZCDS4
2008-07-13T06:40:43,310505000,TAHITIAN-PRINCESS,GLACIER BAY,55.99833,-134.2410483,292,293,17.2,0,9187899,ZCDS4
2008-07-13T06:40:37,310505000,TAHITIAN-PRINCESS,GLACIER BAY,55.99813833,-134.2402717,292,294,17.1,0,9187899,ZCDS4
2008-07-13T06:40:33,310505000,TAHITIAN-PRINCESS,GLACIER BAY,55.997975,-134.23963,292,294,17.1,0,9187899,ZCDS4
2008-07-13T06:40:25,310505000,TAHITIAN-PRINCESS,GLACIER BAY,55.99775,-134.238725,292,294,17.1,0,9187899,ZCDS4
2008-07-13T06:40:20,310505000,TAHITIAN-PRINCESS,GLACIER BAY,55.99756,-134.2379483,292,294,17.1,0,9187899,ZCDS4
2008-07-13T06:40:14,310505000,TAHITIAN-PRINCESS,GLACIER BAY,55.99737167,-134.2371683,292,294,17.2,0,9187899,ZCDS4
2008-07-13T06:40:09,310505000,TAHITIAN-PRINCESS,GLACIER BAY,55.99721667,-134.2365167,292,294,17.2,0,9187899,ZCDS4
2008-07-13T06:40:02,310505000,TAHITIAN-PRINCESS,GLACIER BAY,55.99699167,-134.2356133,292,294,17.2,0,9187899,ZCDS4
2008-07-13T06:39:56,310505000,TAHITIAN-PRINCESS,GLACIER BAY,55.99683333,-134.2349633,292,294,17.2,0,9187899,ZCDS4
2008-07-13T06:39:50,310505000,TAHITIAN-PRINCESS,GLACIER BAY,55.99660333,-134.2340617,292,294,17.2,0,9187899,ZCDS4
2008-07-13T06:39:43,310505000,TAHITIAN-PRINCESS,GLACIER BAY,55.99641,-134.233285,293,294,17.2,0,9187899,ZCDS4
2008-07-13T06:39:37,310505000,TAHITIAN-PRINCESS,GLACIER BAY,55.99621167,-134.2325133,292,294,17.2,0,9187899,ZCDS4
2008-07-13T06:39:32,310505000,TAHITIAN-PRINCESS,GLACIER BAY,55.99604333,-134.2318717,292,294,17.2,0,9187899,ZCDS4
2008-07-13T06:39:25,310505000,TAHITIAN-PRINCESS,GLACIER BAY,55.99580833,-134.230975,292,294,17.1,0,9187899,ZCDS4
2008-07-13T06:39:20,310505000,TAHITIAN-PRINCESS,GLACIER BAY,55.99561333,-134.2302017,292,294,17.2,0,9187899,ZCDS4
2008-07-13T06:39:15,310505000,TAHITIAN-PRINCESS,GLACIER BAY,55.99542167,-134.2294233,292,294,17.2,0,9187899,ZCDS4
2008-07-13T06:39:08,310505000,TAHITIAN-PRINCESS,GLACIER BAY,55.99526,-134.2287767,292,294,17.1,0,9187899,ZCDS4
2008-07-13T06:39:01,310505000,TAHITIAN-PRINCESS,GLACIER BAY,55.99503333,-134.2278733,292,294,17.1,0,9187899,ZCDS4
2008-07-13T06:38:56,310505000,TAHITIAN-PRINCESS,GLACIER BAY,55.994865,-134.227235,292,294,17.2,0,9187899,ZCDS4
2008-07-13T06:38:50,310505000,TAHITIAN-PRINCESS,GLACIER BAY,55.99462833,-134.2263417,292,294,17.1,0,9187899,ZCDS4
2008-07-13T06:38:43,310505000,TAHITIAN-PRINCESS,GLACIER BAY,55.99443667,-134.2255667,292,294,17.1,0,9187899,ZCDS4
2008-07-13T06:38:37,310505000,TAHITIAN-PRINCESS,GLACIER BAY,55.99424,-134.224795,292,294,17.1,0,9187899,ZCDS4
2008-07-13T06:38:34,310505000,TAHITIAN-PRINCESS,GLACIER BAY,55.99408333,-134.2241467,0,0,0.0,0,9187899,ZCDS4
2008-07-13T06:38:32,310505000,TAHITIAN-PRINCESS,GLACIER BAY,55.99408333,-134.2241467,292,294,17.1,0,9187899,ZCDS4
2008-07-13T06:38:25,310505000,TAHITIAN-PRINCESS,GLACIER BAY,55.993865,-134.2232367,292,294,17.2,0,9187899,ZCDS4
2008-07-13T06:38:20,310505000,TAHITIAN-PRINCESS,GLACIER BAY,55.99367333,-134.2224583,292,294,17.2,0,9187899,ZCDS4
2008-07-13T06:38:14,310505000,TAHITIAN-PRINCESS,GLACIER BAY,55.99347833,-134.2216767,292,294,17.3,0,9187899,ZCDS4
2008-07-13T06:38:08,310505000,TAHITIAN-PRINCESS,GLACIER BAY,55.99330833,-134.2210383,292,294,17.3,0,9187899,ZCDS4
2008-07-13T06:38:01,310505000,TAHITIAN-PRINCESS,GLACIER BAY,55.99307833,-134.2201283,292,293,17.3,0,9187899,ZCDS4
2008-07-13T06:37:56,310505000,TAHITIAN-PRINCESS,GLACIER BAY,55.99291167,-134.2194833,292,293,17.3,0,9187899,ZCDS4
2008-07-13T06:37:50,310505000,TAHITIAN-PRINCESS,GLACIER BAY,55.99268333,-134.2185717,291,293,17.4,0,9187899,ZCDS4
2008-07-13T06:37:43,310505000,TAHITIAN-PRINCESS,GLACIER BAY,55.99248833,-134.2177883,291,292,17.4,0,9187899,ZCDS4
2008-07-13T06:37:37,310505000,TAHITIAN-PRINCESS,GLACIER BAY,55.992295,-134.2170017,291,292,17.4,0,9187899,ZCDS4
2008-07-13T06:37:32,310505000,TAHITIAN-PRINCESS,GLACIER BAY,55.99213833,-134.2163433,290,292,17.4,0,9187899,ZCDS4
2008-07-13T06:37:25,310505000,TAHITIAN-PRINCESS,GLACIER BAY,55.99191833,-134.21542,290,291,17.4,0,9187899,ZCDS4
2008-07-13T06:37:20,310505000,TAHITIAN-PRINCESS,GLACIER BAY,55.99173333,-134.214625,289,291,17.4,0,9187899,ZCDS4
2008-07-13T06:37:14,310505000,TAHITIAN-PRINCESS,GLACIER BAY,55.99155167,-134.2138283,289,290,17.5,0,9187899,ZCDS4
2008-07-13T06:37:08,310505000,TAHITIAN-PRINCESS,GLACIER BAY,55.99140333,-134.21316,289,290,17.5,0,9187899,ZCDS4
2008-07-13T06:37:01,310505000,TAHITIAN-PRINCESS,GLACIER BAY,55.99119833,-134.2122217,288,290,17.5,0,9187899,ZCDS4
2008-07-13T06:36:55,310505000,TAHITIAN-PRINCESS,GLACIER BAY,55.99102333,-134.2114167,288,289,17.5,0,9187899,ZCDS4
2008-07-13T06:36:49,310505000,TAHITIAN-PRINCESS,GLACIER BAY,55.99084833,-134.2106083,287,289,17.5,0,9187899,ZCDS4
2008-07-13T06:36:44,310505000,TAHITIAN-PRINCESS,GLACIER BAY,55.99068167,-134.209795,287,288,17.5,0,9187899,ZCDS4
2008-07-13T06:36:38,310505000,TAHITIAN-PRINCESS,GLACIER BAY,55.99052,-134.20898,286,288,17.6,0,9187899,ZCDS4
2008-07-13T06:36:32,310505000,TAHITIAN-PRINCESS,GLACIER BAY,55.99038667,-134.2083,286,287,17.5,0,9187899,ZCDS4
2008-07-13T06:36:25,310505000,TAHITIAN-PRINCESS,GLACIER BAY,55.9902,-134.2073467,285,287,17.5,0,9187899,ZCDS4
2008-07-13T06:36:20,310505000,TAHITIAN-PRINCESS,GLACIER BAY,55.99005,-134.2065233,285,286,17.5,0,9187899,ZCDS4
2008-07-13T06:36:13,310505000,TAHITIAN-PRINCESS,GLACIER BAY,55.98990333,-134.2056983,284,285,17.6,0,9187899,ZCDS4
2008-07-13T06:36:08,310505000,TAHITIAN-PRINCESS,GLACIER BAY,55.98978333,-134.2050083,284,285,17.5,0,9187899,ZCDS4
2008-07-13T06:36:01,310505000,TAHITIAN-PRINCESS,GLACIER BAY,55.98962333,-134.20404,283,285,17.5,0,9187899,ZCDS4
2008-07-13T06:35:55,310505000,TAHITIAN-PRINCESS,GLACIER BAY,55.98948667,-134.2032117,283,284,17.5,0,9187899,ZCDS4
2008-07-13T06:35:49,310505000,TAHITIAN-PRINCESS,GLACIER BAY,55.989355,-134.2023783,282,284,17.5,0,9187899,ZCDS4
2008-07-13T06:35:43,310505000,TAHITIAN-PRINCESS,GLACIER BAY,55.98923,-134.2015433,282,283,17.4,0,9187899,ZCDS4
2008-07-13T06:35:37,310505000,TAHITIAN-PRINCESS,GLACIER BAY,55.98910667,-134.2007083,282,283,17.5,0,9187899,ZCDS4
2008-07-13T06:35:32,310505000,TAHITIAN-PRINCESS,GLACIER BAY,55.98901,-134.2000117,281,283,17.5,0,9187899,ZCDS4
2008-07-13T06:35:25,310505000,TAHITIAN-PRINCESS,GLACIER BAY,55.98887333,-134.199035,281,282,17.4,0,9187899,ZCDS4
2008-07-13T06:35:21,310505000,TAHITIAN-PRINCESS,GLACIER BAY,55.98875833,-134.1981983,280,281,17.4,0,9187899,ZCDS4
2008-07-13T06:35:13,310505000,TAHITIAN-PRINCESS,GLACIER BAY,55.98864667,-134.19736,279,280,17.4,0,9187899,ZCDS4
2008-07-13T06:35:08,310505000,TAHITIAN-PRINCESS,GLACIER BAY,55.988545,-134.1965183,279,280,17.4,0,9187899,ZCDS4
2008-07-13T06:35:02,310505000,TAHITIAN-PRINCESS,GLACIER BAY,55.98844833,-134.195675,278,279,17.4,0,9187899,ZCDS4
2008-07-13T06:34:55,310505000,TAHITIAN-PRINCESS,GLACIER BAY,55.98835667,-134.1948317,278,279,17.4,0,9187899,ZCDS4
2008-07-13T06:34:49,310505000,TAHITIAN-PRINCESS,GLACIER BAY,55.98826667,-134.193985,277,278,17.4,0,9187899,ZCDS4
2008-07-13T06:34:44,310505000,TAHITIAN-PRINCESS,GLACIER BAY,55.98817833,-134.19314,277,278,17.4,0,9187899,ZCDS4
2008-07-13T06:34:37,310505000,TAHITIAN-PRINCESS,GLACIER BAY,55.98809833,-134.1922917,276,277,17.4,0,9187899,ZCDS4
2008-07-13T06:34:32,310505000,TAHITIAN-PRINCESS,GLACIER BAY,55.98803667,-134.1915833,276,277,17.4,0,9187899,ZCDS4
2008-07-13T06:34:25,310505000,TAHITIAN-PRINCESS,GLACIER BAY,55.98795667,-134.19059,275,276,17.4,0,9187899,ZCDS4
2008-07-13T06:34:23,310505000,TAHITIAN-PRINCESS,GLACIER BAY,55.9843333,-134.170333,511,360,102.3,15,9187899,ZCDS4
2008-07-13T06:34:20,310505000,TAHITIAN-PRINCESS,GLACIER BAY,55.98789,-134.1897383,275,276,17.5,0,9187899,ZCDS4
2008-07-13T06:34:13,310505000,TAHITIAN-PRINCESS,GLACIER BAY,55.98782667,-134.188885,274,275,17.5,0,9187899,ZCDS4
2008-07-13T06:34:08,310505000,TAHITIAN-PRINCESS,GLACIER BAY,55.98776833,-134.1880317,273,275,17.4,0,9187899,ZCDS4
2008-07-13T06:34:01,310505000,TAHITIAN-PRINCESS,GLACIER BAY,55.98771333,-134.187175,273,274,17.4,0,9187899,ZCDS4
2008-07-13T06:33:55,310505000,TAHITIAN-PRINCESS,GLACIER BAY,55.987665,-134.1863167,272,274,17.5,0,9187899,ZCDS4
2008-07-13T06:33:50,310505000,TAHITIAN-PRINCESS,GLACIER BAY,55.98762333,-134.1854583,272,273,17.5,0,9187899,ZCDS4
2008-07-13T06:33:43,310505000,TAHITIAN-PRINCESS,GLACIER BAY,55.98758167,-134.1846,271,273,17.5,0,9187899,ZCDS4
2008-07-13T06:33:37,310505000,TAHITIAN-PRINCESS,GLACIER BAY,55.98754333,-134.1837383,271,273,17.5,0,9187899,ZCDS4
2008-07-13T06:33:32,310505000,TAHITIAN-PRINCESS,GLACIER BAY,55.98750833,-134.1828767,270,272,17.5,0,9187899,ZCDS4
2008-07-13T06:33:26,310505000,TAHITIAN-PRINCESS,GLACIER BAY,55.98747667,-134.182015,270,271,17.5,0,9187899,ZCDS4
2008-07-13T06:33:20,310505000,TAHITIAN-PRINCESS,GLACIER BAY,55.98745333,-134.18115,269,271,17.5,0,9187899,ZCDS4
2008-07-13T06:33:13,310505000,TAHITIAN-PRINCESS,GLACIER BAY,55.98743333,-134.180285,269,270,17.5,0,9187899,ZCDS4
2008-07-13T06:33:08,310505000,TAHITIAN-PRINCESS,GLACIER BAY,55.987415,-134.1794183,268,270,17.6,0,9187899,ZCDS4
2008-07-13T06:33:01,310505000,TAHITIAN-PRINCESS,GLACIER BAY,55.98739833,-134.1785483,268,270,17.7,0,9187899,ZCDS4
2008-07-13T06:32:55,310505000,TAHITIAN-PRINCESS,GLACIER BAY,55.98739167,-134.1776783,267,269,17.7,0,9187899,ZCDS4
2008-07-13T06:32:49,310505000,TAHITIAN-PRINCESS,GLACIER BAY,55.98739167,-134.1768067,267,269,17.7,0,9187899,ZCDS4
2008-07-13T06:32:43,310505000,TAHITIAN-PRINCESS,GLACIER BAY,55.98739333,-134.1759317,267,268,17.8,0,9187899,ZCDS4
2008-07-13T06:32:37,310505000,TAHITIAN-PRINCESS,GLACIER BAY,55.987395,-134.1750567,266,268,17.8,0,9187899,ZCDS4
2008-07-13T06:32:34,310505000,TAHITIAN-PRINCESS,GLACIER BAY,55.987395,-134.1743267,0,0,0.0,0,9187899,ZCDS4
2008-07-13T06:32:32,310505000,TAHITIAN-PRINCESS,GLACIER BAY,55.987395,-134.1743267,266,267,17.8,0,9187899,ZCDS4
2008-07-13T06:32:25,310505000,TAHITIAN-PRINCESS,GLACIER BAY,55.98740333,-134.1733017,265,266,17.8,0,9187899,ZCDS4
2008-07-13T06:32:20,310505000,TAHITIAN-PRINCESS,GLACIER BAY,55.98742167,-134.1724233,264,266,17.9,0,9187899,ZCDS4
2008-07-13T06:32:13,310505000,TAHITIAN-PRINCESS,GLACIER BAY,55.98744667,-134.1715433,264,265,17.9,0,9187899,ZCDS4
2008-07-13T06:32:08,310505000,TAHITIAN-PRINCESS,GLACIER BAY,55.98747333,-134.170665,263,264,17.9,0,9187899,ZCDS4
2008-07-13T06:32:01,310505000,TAHITIAN-PRINCESS,GLACIER BAY,55.987505,-134.1697833,262,264,17.9,0,9187899,ZCDS4
2008-07-13T06:31:55,310505000,TAHITIAN-PRINCESS,GLACIER BAY,55.98754833,-134.1689017,262,263,17.9,0,9187899,ZCDS4
2008-07-13T06:31:49,310505000,TAHITIAN-PRINCESS,GLACIER BAY,55.98760333,-134.1680233,262,263,17.9,0,9187899,ZCDS4
2008-07-13T06:31:43,310505000,TAHITIAN-PRINCESS,GLACIER BAY,55.98765167,-134.1671417,261,262,18.0,0,9187899,ZCDS4
2008-07-13T06:31:37,310505000,TAHITIAN-PRINCESS,GLACIER BAY,55.98770167,-134.16626,261,262,18.0,0,9187899,ZCDS4
2008-07-13T06:31:32,310505000,TAHITIAN-PRINCESS,GLACIER BAY,55.98776,-134.1653783,260,261,18.0,0,9187899,ZCDS4
2008-07-13T06:31:25,310505000,TAHITIAN-PRINCESS,GLACIER BAY,55.98782167,-134.1644967,260,260,18.0,0,9187899,ZCDS4
2008-07-13T06:31:20,310505000,TAHITIAN-PRINCESS,GLACIER BAY,55.98789167,-134.163615,259,260,18.1,0,9187899,ZCDS4
2008-07-13T06:31:14,310505000,TAHITIAN-PRINCESS,GLACIER BAY,55.98796333,-134.162735,258,259,18.1,0,9187899,ZCDS4
2008-07-13T06:31:08,310505000,TAHITIAN-PRINCESS,GLACIER BAY,55.98803833,-134.1618533,258,258,18.1,0,9187899,ZCDS4
2008-07-13T06:31:02,310505000,TAHITIAN-PRINCESS,GLACIER BAY,55.988125,-134.1609733,257,258,18.1,0,9187899,ZCDS4
2008-07-13T06:30:55,310505000,TAHITIAN-PRINCESS,GLACIER BAY,55.98821333,-134.160095,257,258,18.1,0,9187899,ZCDS4
2008-07-13T06:30:49,310505000,TAHITIAN-PRINCESS,GLACIER BAY,55.98831,-134.1592183,256,257,18.1,0,9187899,ZCDS4
2008-07-13T06:30:43,310505000,TAHITIAN-PRINCESS,GLACIER BAY,55.98841333,-134.158345,256,257,18.1,0,9187899,ZCDS4
2008-07-13T06:30:39,310505000,TAHITIAN-PRINCESS,GLACIER BAY,55.98851833,-134.1574717,256,256,18.1,0,9187899,ZCDS4
2008-07-13T06:30:32,310505000,TAHITIAN-PRINCESS,GLACIER BAY,55.98862833,-134.1566,255,256,18.1,0,9187899,ZCDS4
2008-07-13T06:30:25,310505000,TAHITIAN-PRINCESS,GLACIER BAY,55.98873333,-134.1557267,255,256,18.1,0,9187899,ZCDS4
2008-07-13T06:30:19,310505000,TAHITIAN-PRINCESS,GLACIER BAY,55.98884333,-134.154855,254,255,18.1,0,9187899,ZCDS4
2008-07-13T06:30:14,310505000,TAHITIAN-PRINCESS,GLACIER BAY,55.98896167,-134.153985,254,255,18.1,0,9187899,ZCDS4
2008-07-13T06:30:08,310505000,TAHITIAN-PRINCESS,GLACIER BAY,55.98908,-134.153115,253,254,18.1,0,9187899,ZCDS4
2008-07-13T06:30:01,310505000,TAHITIAN-PRINCESS,GLACIER BAY,55.98920333,-134.1522483,253,254,18.1,0,9187899,ZCDS4
2008-07-13T06:29:55,310505000,TAHITIAN-PRINCESS,GLACIER BAY,55.98932833,-134.1513833,253,254,18.1,0,9187899,ZCDS4
2008-07-13T06:29:49,310505000,TAHITIAN-PRINCESS,GLACIER BAY,55.98946167,-134.1505217,252,253,18.1,0,9187899,ZCDS4
2008-07-13T06:29:43,310505000,TAHITIAN-PRINCESS,GLACIER BAY,55.98959667,-134.1496633,252,253,18.1,0,9187899,ZCDS4
2008-07-13T06:29:37,310505000,TAHITIAN-PRINCESS,GLACIER BAY,55.989735,-134.148805,252,252,18.0,0,9187899,ZCDS4
2008-07-13T06:29:32,310505000,TAHITIAN-PRINCESS,GLACIER BAY,55.98987333,-134.1479483,251,252,18.1,0,9187899,ZCDS4
2008-07-13T06:29:26,310505000,TAHITIAN-PRINCESS,GLACIER BAY,55.99002167,-134.147095,251,252,18.1,0,9187899,ZCDS4
2008-07-13T06:29:20,310505000,TAHITIAN-PRINCESS,GLACIER BAY,55.990165,-134.1462417,250,251,18.1,0,9187899,ZCDS4
2008-07-13T06:29:14,310505000,TAHITIAN-PRINCESS,GLACIER BAY,55.990315,-134.14539,250,251,18.1,0,9187899,ZCDS4
2008-07-13T06:29:08,310505000,TAHITIAN-PRINCESS,GLACIER BAY,55.99046833,-134.1445417,250,251,18.1,0,9187899,ZCDS4
2008-07-13T06:29:01,310505000,TAHITIAN-PRINCESS,GLACIER BAY,55.990625,-134.1436967,250,251,18.1,0,9187899,ZCDS4
2008-07-13T06:28:56,310505000,TAHITIAN-PRINCESS,GLACIER BAY,55.99079,-134.1428533,250,251,18.1,0,9187899,ZCDS4
2008-07-13T06:28:50,310505000,TAHITIAN-PRINCESS,GLACIER BAY,55.990955,-134.1420117,249,251,18.0,0,9187899,ZCDS4
2008-07-13T06:28:44,310505000,TAHITIAN-PRINCESS,GLACIER BAY,55.99112,-134.14117,249,250,18.0,0,9187899,ZCDS4
2008-07-13T06:28:37,310505000,TAHITIAN-PRINCESS,GLACIER BAY,55.991285,-134.1403283,249,250,18.0,0,9187899,ZCDS4
2008-07-13T06:28:32,310505000,TAHITIAN-PRINCESS,GLACIER BAY,55.99145333,-134.13949,249,250,18.0,0,9187899,ZCDS4
2008-07-13T06:28:26,310505000,TAHITIAN-PRINCESS,GLACIER BAY,55.99161833,-134.13865,249,250,18.0,0,9187899,ZCDS4
2008-07-13T06:28:19,310505000,TAHITIAN-PRINCESS,GLACIER BAY,55.99178667,-134.1378117,249,250,18.0,0,9187899,ZCDS4
2008-07-13T06:28:14,310505000,TAHITIAN-PRINCESS,GLACIER BAY,55.991955,-134.136975,249,250,18.0,0,9187899,ZCDS4
2008-07-13T06:28:08,310505000,TAHITIAN-PRINCESS,GLACIER BAY,55.99212333,-134.1361383,249,250,18.0,0,9187899,ZCDS4
2008-07-13T06:28:02,310505000,TAHITIAN-PRINCESS,GLACIER BAY,55.99226333,-134.1354417,249,250,17.9,0,9187899,ZCDS4
2008-07-13T06:27:56,310505000,TAHITIAN-PRINCESS,GLACIER BAY,55.99246167,-134.1344683,249,250,17.9,0,9187899,ZCDS4
2008-07-13T06:27:50,310505000,TAHITIAN-PRINCESS,GLACIER BAY,55.99263167,-134.133635,249,250,17.9,0,9187899,ZCDS4
2008-07-13T06:27:44,310505000,TAHITIAN-PRINCESS,GLACIER BAY,55.992805,-134.132805,249,250,17.9,0,9187899,ZCDS4
2008-07-13T06:27:38,310505000,TAHITIAN-PRINCESS,GLACIER BAY,55.99297667,-134.1319733,249,249,17.9,0,9187899,ZCDS4
2008-07-13T06:27:31,310505000,TAHITIAN-PRINCESS,GLACIER BAY,55.99315,-134.1311433,249,249,17.9,0,9187899,ZCDS4
2008-07-13T06:27:26,310505000,TAHITIAN-PRINCESS,GLACIER BAY,55.99332167,-134.130315,249,249,17.8,0,9187899,ZCDS4
2008-07-13T06:27:19,310505000,TAHITIAN-PRINCESS,GLACIER BAY,55.99349833,-134.1294883,249,249,17.8,0,9187899,ZCDS4
2008-07-13T06:27:14,310505000,TAHITIAN-PRINCESS,GLACIER BAY,55.99367333,-134.128665,249,249,17.8,0,9187899,ZCDS4
2008-07-13T06:27:07,310505000,TAHITIAN-PRINCESS,GLACIER BAY,55.99384833,-134.12784,249,249,17.8,0,9187899,ZCDS4
2008-07-13T06:27:02,310505000,TAHITIAN-PRINCESS,GLACIER BAY,55.99399333,-134.127155,249,249,17.8,0,9187899,ZCDS4
2008-07-13T06:26:56,310505000,TAHITIAN-PRINCESS,GLACIER BAY,55.99419667,-134.1261967,248,249,17.8,0,9187899,ZCDS4
2008-07-13T06:26:50,310505000,TAHITIAN-PRINCESS,GLACIER BAY,55.99437167,-134.125375,248,249,17.7,0,9187899,ZCDS4
2008-07-13T06:26:43,310505000,TAHITIAN-PRINCESS,GLACIER BAY,55.99454833,-134.1245567,248,249,17.7,0,9187899,ZCDS4
2008-07-13T06:26:37,310505000,TAHITIAN-PRINCESS,GLACIER BAY,55.99472333,-134.1237383,248,249,17.7,0,9187899,ZCDS4
2008-07-13T06:26:34,310505000,TAHITIAN-PRINCESS,GLACIER BAY,55.994895,-134.12292,0,0,0.0,0,9187899,ZCDS4
2008-07-13T06:26:31,310505000,TAHITIAN-PRINCESS,GLACIER BAY,55.994895,-134.12292,248,249,17.7,0,9187899,ZCDS4
2008-07-13T06:26:27,310505000,TAHITIAN-PRINCESS,GLACIER BAY,55.99507333,-134.1221067,248,249,17.7,0,9187899,ZCDS4
2008-07-13T06:26:20,310505000,TAHITIAN-PRINCESS,GLACIER BAY,55.99522,-134.1214283,248,249,17.6,0,9187899,ZCDS4
2008-07-13T06:26:14,310505000,TAHITIAN-PRINCESS,GLACIER BAY,55.99542333,-134.1204783,248,249,17.6,0,9187899,ZCDS4
2008-07-13T06:26:07,310505000,TAHITIAN-PRINCESS,GLACIER BAY,55.99559833,-134.119665,248,249,17.6,0,9187899,ZCDS4
2008-07-13T06:26:02,310505000,TAHITIAN-PRINCESS,GLACIER BAY,55.99574,-134.118985,248,250,17.6,0,9187899,ZCDS4
2008-07-13T06:25:56,310505000,TAHITIAN-PRINCESS,GLACIER BAY,55.99594,-134.1180333,248,249,17.6,0,9187899,ZCDS4
2008-07-13T06:25:50,310505000,TAHITIAN-PRINCESS,GLACIER BAY,55.99611,-134.1172183,248,249,17.6,0,9187899,ZCDS4
2008-07-13T06:25:44,310505000,TAHITIAN-PRINCESS,GLACIER BAY,55.99628333,-134.1164033,248,250,17.6,0,9187899,ZCDS4
2008-07-13T06:25:37,310505000,TAHITIAN-PRINCESS,GLACIER BAY,55.996455,-134.1155867,248,250,17.6,0,9187899,ZCDS4
2008-07-13T06:25:31,310505000,TAHITIAN-PRINCESS,GLACIER BAY,55.99662333,-134.1147717,248,250,17.6,0,9187899,ZCDS4
2008-07-13T06:25:26,310505000,TAHITIAN-PRINCESS,GLACIER BAY,55.99679167,-134.113955,248,250,17.6,0,9187899,ZCDS4
2008-07-13T06:25:20,310505000,TAHITIAN-PRINCESS,GLACIER BAY,55.996935,-134.113275,248,250,17.6,0,9187899,ZCDS4
2008-07-13T06:25:14,310505000,TAHITIAN-PRINCESS,GLACIER BAY,55.99713167,-134.11232,248,250,17.6,0,9187899,ZCDS4
2008-07-13T06:25:07,310505000,TAHITIAN-PRINCESS,GLACIER BAY,55.99729833,-134.1115017,248,250,17.6,0,9187899,ZCDS4
2008-07-13T06:25:02,310505000,TAHITIAN-PRINCESS,GLACIER BAY,55.99743333,-134.1108167,248,250,17.6,0,9187899,ZCDS4
2008-07-13T06:24:55,310505000,TAHITIAN-PRINCESS,GLACIER BAY,55.99762667,-134.10986,248,250,17.6,0,9187899,ZCDS4
2008-07-13T06:24:50,310505000,TAHITIAN-PRINCESS,GLACIER BAY,55.99779333,-134.10904,248,250,17.6,0,9187899,ZCDS4
2008-07-13T06:24:43,310505000,TAHITIAN-PRINCESS,GLACIER BAY,55.99796,-134.10822,248,250,17.6,0,9187899,ZCDS4
2008-07-13T06:24:37,310505000,TAHITIAN-PRINCESS,GLACIER BAY,55.99812,-134.1073967,248,250,17.6,0,9187899,ZCDS4
2008-07-13T06:24:31,310505000,TAHITIAN-PRINCESS,GLACIER BAY,55.99828833,-134.1065767,248,251,17.6,0,9187899,ZCDS4
2008-07-13T06:24:26,310505000,TAHITIAN-PRINCESS,GLACIER BAY,55.99845,-134.1057533,248,251,17.7,0,9187899,ZCDS4
2008-07-13T06:24:20,310505000,TAHITIAN-PRINCESS,GLACIER BAY,55.99859,-134.10507,248,252,17.7,0,9187899,ZCDS4
2008-07-13T06:24:15,310505000,TAHITIAN-PRINCESS,GLACIER BAY,55.99875667,-134.1042483,249,252,17.7,0,9187899,ZCDS4
2008-07-13T06:24:07,310505000,TAHITIAN-PRINCESS,GLACIER BAY,55.99894333,-134.1032833,249,253,17.7,0,9187899,ZCDS4
2008-07-13T06:24:02,310505000,TAHITIAN-PRINCESS,GLACIER BAY,55.999075,-134.102595,250,253,17.7,0,9187899,ZCDS4
2008-07-13T06:23:55,310505000,TAHITIAN-PRINCESS,GLACIER BAY,55.999255,-134.101625,250,253,17.7,0,9187899,ZCDS4
2008-07-13T06:23:50,310505000,TAHITIAN-PRINCESS,GLACIER BAY,55.99939833,-134.1007883,250,253,17.7,0,9187899,ZCDS4
2008-07-13T06:23:44,310505000,TAHITIAN-PRINCESS,GLACIER BAY,55.99954,-134.0999517,250,253,17.7,0,9187899,ZCDS4
2008-07-13T06:23:37,310505000,TAHITIAN-PRINCESS,GLACIER BAY,55.99967833,-134.0991117,250,253,17.7,0,9187899,ZCDS4
2008-07-13T06:23:31,310505000,TAHITIAN-PRINCESS,GLACIER BAY,55.99982,-134.098275,250,253,17.7,0,9187899,ZCDS4
2008-07-13T06:23:26,310505000,TAHITIAN-PRINCESS,GLACIER BAY,55.99995833,-134.0974333,250,253,17.7,0,9187899,ZCDS4
2008-07-13T06:23:20,310505000,TAHITIAN-PRINCESS,GLACIER BAY,56.000075,-134.096735,250,253,17.7,0,9187899,ZCDS4
2008-07-13T06:23:14,310505000,TAHITIAN-PRINCESS,GLACIER BAY,56.00022,-134.0958967,250,253,17.8,0,9187899,ZCDS4
2008-07-13T06:23:07,310505000,TAHITIAN-PRINCESS,GLACIER BAY,56.00039333,-134.09492,250,253,17.8,0,9187899,ZCDS4
2008-07-13T06:23:02,310505000,TAHITIAN-PRINCESS,GLACIER BAY,56.00054333,-134.09408,250,252,17.8,0,9187899,ZCDS4
2008-07-13T06:22:55,310505000,TAHITIAN-PRINCESS,GLACIER BAY,56.00068833,-134.0932417,250,253,17.9,0,9187899,ZCDS4
2008-07-13T06:22:50,310505000,TAHITIAN-PRINCESS,GLACIER BAY,56.00083167,-134.0923967,250,252,17.9,0,9187899,ZCDS4
2008-07-13T06:22:43,310505000,TAHITIAN-PRINCESS,GLACIER BAY,56.00097833,-134.0915533,250,252,17.9,0,9187899,ZCDS4
2008-07-13T06:22:37,310505000,TAHITIAN-PRINCESS,GLACIER BAY,56.00112833,-134.0907117,250,253,17.9,0,9187899,ZCDS4
2008-07-13T06:22:32,310505000,TAHITIAN-PRINCESS,GLACIER BAY,56.00128,-134.0898683,250,253,17.9,0,9187899,ZCDS4
2008-07-13T06:22:26,310505000,TAHITIAN-PRINCESS,GLACIER BAY,56.00143167,-134.089025,250,253,17.9,0,9187899,ZCDS4
2008-07-13T06:22:20,310505000,TAHITIAN-PRINCESS,GLACIER BAY,56.00155167,-134.08832,250,252,17.9,0,9187899,ZCDS4
2008-07-13T06:22:14,310505000,TAHITIAN-PRINCESS,GLACIER BAY,56.00169667,-134.0874717,250,252,17.9,0,9187899,ZCDS4
2008-07-13T06:22:07,310505000,TAHITIAN-PRINCESS,GLACIER BAY,56.00185667,-134.0864817,249,252,17.9,0,9187899,ZCDS4
2008-07-13T06:22:01,310505000,TAHITIAN-PRINCESS,GLACIER BAY,56.002,-134.0856317,249,251,17.9,0,9187899,ZCDS4
2008-07-13T06:21:56,310505000,TAHITIAN-PRINCESS,GLACIER BAY,56.00215167,-134.0847883,248,251,17.9,0,9187899,ZCDS4
2008-07-13T06:21:50,310505000,TAHITIAN-PRINCESS,GLACIER BAY,56.002305,-134.0839433,248,251,17.9,0,9187899,ZCDS4
2008-07-13T06:21:44,310505000,TAHITIAN-PRINCESS,GLACIER BAY,56.00245667,-134.0830983,248,250,17.9,0,9187899,ZCDS4
2008-07-13T06:21:37,310505000,TAHITIAN-PRINCESS,GLACIER BAY,56.00261333,-134.0822567,247,250,17.9,0,9187899,ZCDS4
2008-07-13T06:21:32,310505000,TAHITIAN-PRINCESS,GLACIER BAY,56.00276833,-134.081415,247,249,17.9,0,9187899,ZCDS4
2008-07-13T06:21:26,310505000,TAHITIAN-PRINCESS,GLACIER BAY,56.00293667,-134.08058,246,249,17.9,0,9187899,ZCDS4
2008-07-13T06:21:20,310505000,TAHITIAN-PRINCESS,GLACIER BAY,56.00308,-134.0798883,246,249,17.9,0,9187899,ZCDS4
2008-07-13T06:21:14,310505000,TAHITIAN-PRINCESS,GLACIER BAY,56.003255,-134.0790583,246,248,17.9,0,9187899,ZCDS4
2008-07-13T06:21:07,310505000,TAHITIAN-PRINCESS,GLACIER BAY,56.003465,-134.0780933,245,248,17.9,0,9187899,ZCDS4
2008-07-13T06:21:01,310505000,TAHITIAN-PRINCESS,GLACIER BAY,56.00363833,-134.0772633,245,248,18.0,0,9187899,ZCDS4
2008-07-13T06:20:55,310505000,TAHITIAN-PRINCESS,GLACIER BAY,56.003815,-134.076435,245,247,17.9,0,9187899,ZCDS4
2008-07-13T06:20:50,310505000,TAHITIAN-PRINCESS,GLACIER BAY,56.00399833,-134.0756133,244,247,17.9,0,9187899,ZCDS4
2008-07-13T06:20:43,310505000,TAHITIAN-PRINCESS,GLACIER BAY,56.004185,-134.0747917,244,246,17.9,0,9187899,ZCDS4
2008-07-13T06:20:37,310505000,TAHITIAN-PRINCESS,GLACIER BAY,56.00437167,-134.07397,243,246,17.9,0,9187899,ZCDS4
2008-07-13T06:20:34,310505000,TAHITIAN-PRINCESS,GLACIER BAY,56.004565,-134.073155,0,0,0.0,0,9187899,ZCDS4
2008-07-13T06:20:32,310505000,TAHITIAN-PRINCESS,GLACIER BAY,56.004565,-134.073155,243,246,17.9,0,9187899,ZCDS4
2008-07-13T06:20:26,310505000,TAHITIAN-PRINCESS,GLACIER BAY,56.00475667,-134.0723383,243,246,17.9,0,9187899,ZCDS4
2008-07-13T06:20:20,310505000,TAHITIAN-PRINCESS,GLACIER BAY,56.00492667,-134.071665,243,246,17.9,0,9187899,ZCDS4
2008-07-13T06:20:14,310505000,TAHITIAN-PRINCESS,GLACIER BAY,56.00512333,-134.0708533,243,245,17.9,0,9187899,ZCDS4
2008-07-13T06:20:01,310505000,TAHITIAN-PRINCESS,GLACIER BAY,56.00556,-134.0691033,242,245,17.9,0,9187899,ZCDS4
2008-07-13T06:19:55,310505000,TAHITIAN-PRINCESS,GLACIER BAY,56.005765,-134.0682983,242,245,17.9,0,9187899,ZCDS4
2008-07-13T06:19:50,310505000,TAHITIAN-PRINCESS,GLACIER BAY,56.00597333,-134.0674967,242,245,17.9,0,9187899,ZCDS4
2008-07-13T06:19:43,310505000,TAHITIAN-PRINCESS,GLACIER BAY,56.00622,-134.0665633,241,245,17.9,0,9187899,ZCDS4
2008-07-13T06:19:38,310505000,TAHITIAN-PRINCESS,GLACIER BAY,56.006395,-134.0658983,242,245,17.9,0,9187899,ZCDS4
2008-07-13T06:19:32,310505000,TAHITIAN-PRINCESS,GLACIER BAY,56.00660667,-134.0650983,241,244,17.9,0,9187899,ZCDS4
2008-07-13T06:19:26,310505000,TAHITIAN-PRINCESS,GLACIER BAY,56.006815,-134.0642967,241,244,17.8,0,9187899,ZCDS4
2008-07-13T06:19:20,310505000,TAHITIAN-PRINCESS,GLACIER BAY,56.00699167,-134.0636317,241,245,17.8,0,9187899,ZCDS4
2008-07-13T06:19:15,310505000,TAHITIAN-PRINCESS,GLACIER BAY,56.00720167,-134.062835,241,244,17.8,0,9187899,ZCDS4
2008-07-13T06:19:07,310505000,TAHITIAN-PRINCESS,GLACIER BAY,56.00745333,-134.0619067,241,244,17.8,0,9187899,ZCDS4
2008-07-13T06:19:02,310505000,TAHITIAN-PRINCESS,GLACIER BAY,56.00766333,-134.0611083,241,244,17.8,0,9187899,ZCDS4
2008-07-13T06:18:56,310505000,TAHITIAN-PRINCESS,GLACIER BAY,56.00787667,-134.06031,241,244,17.8,0,9187899,ZCDS4
2008-07-13T06:18:50,310505000,TAHITIAN-PRINCESS,GLACIER BAY,56.00809167,-134.0595167,241,244,17.8,0,9187899,ZCDS4
2008-07-13T06:18:43,310505000,TAHITIAN-PRINCESS,GLACIER BAY,56.00834,-134.0585883,241,244,17.8,0,9187899,ZCDS4
2008-07-13T06:18:39,310505000,TAHITIAN-PRINCESS,GLACIER BAY,56.00852,-134.0579267,241,244,17.8,0,9187899,ZCDS4
2008-07-13T06:18:32,310505000,TAHITIAN-PRINCESS,GLACIER BAY,56.008735,-134.0571333,241,244,17.8,0,9187899,ZCDS4
2008-07-13T06:18:26,310505000,TAHITIAN-PRINCESS,GLACIER BAY,56.00894667,-134.0563367,241,244,17.8,0,9187899,ZCDS4
2008-07-13T06:18:21,310505000,TAHITIAN-PRINCESS,GLACIER BAY,56.00912667,-134.055675,241,244,17.8,0,9187899,ZCDS4
2008-07-13T06:18:14,310505000,TAHITIAN-PRINCESS,GLACIER BAY,56.009345,-134.0548833,240,244,17.8,0,9187899,ZCDS4
2008-07-13T06:18:07,310505000,TAHITIAN-PRINCESS,GLACIER BAY,56.0096,-134.0539583,240,244,17.9,0,9187899,ZCDS4
2008-07-13T06:18:01,310505000,TAHITIAN-PRINCESS,GLACIER BAY,56.00981833,-134.0531667,240,243,17.9,0,9187899,ZCDS4
2008-07-13T06:17:56,310505000,TAHITIAN-PRINCESS,GLACIER BAY,56.01003833,-134.0523767,240,243,17.9,0,9187899,ZCDS4
2008-07-13T06:17:50,310505000,TAHITIAN-PRINCESS,GLACIER BAY,56.01025667,-134.0515833,240,243,17.9,0,9187899,ZCDS4
2008-07-13T06:17:43,310505000,TAHITIAN-PRINCESS,GLACIER BAY,56.01047833,-134.0507933,240,243,17.9,0,9187899,ZCDS4
2008-07-13T06:17:38,310505000,TAHITIAN-PRINCESS,GLACIER BAY,56.01069833,-134.05,240,243,17.9,0,9187899,ZCDS4
2008-07-13T06:17:33,310505000,TAHITIAN-PRINCESS,GLACIER BAY,56.01092,-134.04921,240,243,17.9,0,9187899,ZCDS4
2008-07-13T06:17:26,310505000,TAHITIAN-PRINCESS,GLACIER BAY,56.01114333,-134.04842,240,243,17.9,0,9187899,ZCDS4
2008-07-13T06:17:20,310505000,TAHITIAN-PRINCESS,GLACIER BAY,56.01136667,-134.0476283,240,243,17.9,0,9187899,ZCDS4
2008-07-13T06:17:14,310505000,TAHITIAN-PRINCESS,GLACIER BAY,56.01155667,-134.0469717,240,243,17.9,0,9187899,ZCDS4
2008-07-13T06:17:07,310505000,TAHITIAN-PRINCESS,GLACIER BAY,56.011815,-134.04605,240,243,17.9,0,9187899,ZCDS4
2008-07-13T06:17:01,310505000,TAHITIAN-PRINCESS,GLACIER BAY,56.01204,-134.0452617,240,244,17.9,0,9187899,ZCDS4
2008-07-13T06:16:56,310505000,TAHITIAN-PRINCESS,GLACIER BAY,56.01222333,-134.0446,240,243,17.9,0,9187899,ZCDS4
2008-07-13T06:16:50,310505000,TAHITIAN-PRINCESS,GLACIER BAY,56.01248167,-134.043675,240,243,17.9,0,9187899,ZCDS4
2008-07-13T06:16:43,310505000,TAHITIAN-PRINCESS,GLACIER BAY,56.01274333,-134.0427533,240,243,17.9,0,9187899,ZCDS4
2008-07-13T06:16:38,310505000,TAHITIAN-PRINCESS,GLACIER BAY,56.01292833,-134.0420933,240,243,17.9,0,9187899,ZCDS4
2008-07-13T06:16:32,310505000,TAHITIAN-PRINCESS,GLACIER BAY,56.01315667,-134.041305,240,244,17.9,0,9187899,ZCDS4
2008-07-13T06:16:26,310505000,TAHITIAN-PRINCESS,GLACIER BAY,56.013385,-134.0405167,241,244,17.9,0,9187899,ZCDS4
2008-07-13T06:16:20,310505000,TAHITIAN-PRINCESS,GLACIER BAY,56.01357167,-134.03986,241,244,17.9,0,9187899,ZCDS4
2008-07-13T06:16:13,310505000,TAHITIAN-PRINCESS,GLACIER BAY,56.01383333,-134.0389367,241,244,17.9,0,9187899,ZCDS4
2008-07-13T06:16:08,310505000,TAHITIAN-PRINCESS,GLACIER BAY,56.01405,-134.0381417,241,243,17.9,0,9187899,ZCDS4
2008-07-13T06:16:01,310505000,TAHITIAN-PRINCESS,GLACIER BAY,56.01426667,-134.037345,241,243,17.9,0,9187899,ZCDS4
2008-07-13T06:15:57,310505000,TAHITIAN-PRINCESS,GLACIER BAY,56.01444833,-134.036685,240,243,17.9,0,9187899,ZCDS4
2008-07-13T06:15:50,310505000,TAHITIAN-PRINCESS,GLACIER BAY,56.01470333,-134.0357583,240,243,17.8,0,9187899,ZCDS4
2008-07-13T06:15:44,310505000,TAHITIAN-PRINCESS,GLACIER BAY,56.01488667,-134.0351,240,243,17.9,0,9187899,ZCDS4
2008-07-13T06:15:37,310505000,TAHITIAN-PRINCESS,GLACIER BAY,56.01514833,-134.0341833,240,243,17.9,0,9187899,ZCDS4
2008-07-13T06:15:33,310505000,TAHITIAN-PRINCESS,GLACIER BAY,56.01534167,-134.0335317,240,243,17.9,0,9187899,ZCDS4
2008-07-13T06:15:26,310505000,TAHITIAN-PRINCESS,GLACIER BAY,56.01561333,-134.0326217,241,243,17.8,0,9187899,ZCDS4
2008-07-13T06:15:20,310505000,TAHITIAN-PRINCESS,GLACIER BAY,56.015805,-134.0319683,241,244,17.9,0,9187899,ZCDS4
2008-07-13T06:15:13,310505000,TAHITIAN-PRINCESS,GLACIER BAY,56.016065,-134.0310483,241,243,17.9,0,9187899,ZCDS4
2008-07-13T06:15:09,310505000,TAHITIAN-PRINCESS,GLACIER BAY,56.01628333,-134.030255,241,243,17.9,0,9187899,ZCDS4
2008-07-13T06:15:01,310505000,TAHITIAN-PRINCESS,GLACIER BAY,56.01650333,-134.0294633,241,243,17.9,0,9187899,ZCDS4
2008-07-13T06:14:57,310505000,TAHITIAN-PRINCESS,GLACIER BAY,56.01672667,-134.0286717,240,243,17.9,0,9187899,ZCDS4
2008-07-13T06:14:49,310505000,TAHITIAN-PRINCESS,GLACIER BAY,56.01695,-134.0278817,240,243,17.9,0,9187899,ZCDS4
2008-07-13T06:14:44,310505000,TAHITIAN-PRINCESS,GLACIER BAY,56.01713667,-134.0272233,240,243,17.9,0,9187899,ZCDS4
2008-07-13T06:14:37,310505000,TAHITIAN-PRINCESS,GLACIER BAY,56.0174,-134.0263033,240,242,17.9,0,9187899,ZCDS4
2008-07-13T06:14:34,310505000,TAHITIAN-PRINCESS,GLACIER BAY,56.01762833,-134.025515,0,0,0.0,0,9187899,ZCDS4
2008-07-13T06:14:33,310505000,TAHITIAN-PRINCESS,GLACIER BAY,56.01762833,-134.025515,240,243,17.9,0,9187899,ZCDS4
2008-07-13T06:14:26,310505000,TAHITIAN-PRINCESS,GLACIER BAY,56.01785833,-134.0247283,240,242,17.9,0,9187899,ZCDS4
2008-07-13T06:14:21,310505000,TAHITIAN-PRINCESS,GLACIER BAY,56.018085,-134.0239383,240,243,17.9,0,9187899,ZCDS4
2008-07-13T06:14:14,310505000,TAHITIAN-PRINCESS,GLACIER BAY,56.01832,-134.0231567,240,243,17.9,0,9187899,ZCDS4
2008-07-13T06:14:08,310505000,TAHITIAN-PRINCESS,GLACIER BAY,56.01855167,-134.02237,240,243,17.9,0,9187899,ZCDS4
2008-07-13T06:14:01,310505000,TAHITIAN-PRINCESS,GLACIER BAY,56.01881667,-134.0214517,240,243,17.9,0,9187899,ZCDS4
2008-07-13T06:13:57,310505000,TAHITIAN-PRINCESS,GLACIER BAY,56.01900833,-134.020795,240,243,17.9,0,9187899,ZCDS4
2008-07-13T06:13:49,310505000,TAHITIAN-PRINCESS,GLACIER BAY,56.01923167,-134.0200033,240,243,17.9,0,9187899,ZCDS4
2008-07-13T06:13:44,310505000,TAHITIAN-PRINCESS,GLACIER BAY,56.01942,-134.019345,240,243,17.9,0,9187899,ZCDS4
2008-07-13T06:13:38,310505000,TAHITIAN-PRINCESS,GLACIER BAY,56.01968667,-134.018425,240,243,17.9,0,9187899,ZCDS4
2008-07-13T06:13:26,310505000,TAHITIAN-PRINCESS,GLACIER BAY,56.02014,-134.0168483,240,243,17.9,0,9187899,ZCDS4
2008-07-13T06:13:20,310505000,TAHITIAN-PRINCESS,GLACIER BAY,56.02033,-134.0161917,240,243,17.9,0,9187899,ZCDS4
2008-07-13T06:13:13,310505000,TAHITIAN-PRINCESS,GLACIER BAY,56.020595,-134.0152717,240,243,17.9,0,9187899,ZCDS4
2008-07-13T06:13:09,310505000,TAHITIAN-PRINCESS,GLACIER BAY,56.02082,-134.01448,240,243,17.9,0,9187899,ZCDS4
2008-07-13T06:13:01,310505000,TAHITIAN-PRINCESS,GLACIER BAY,56.02109,-134.0135617,240,243,18.0,0,9187899,ZCDS4
2008-07-13T06:12:57,310505000,TAHITIAN-PRINCESS,GLACIER BAY,56.02127667,-134.0129017,240,242,18.0,0,9187899,ZCDS4
2008-07-13T06:12:49,310505000,TAHITIAN-PRINCESS,GLACIER BAY,56.02150833,-134.012115,240,242,18.0,0,9187899,ZCDS4
2008-07-13T06:12:44,310505000,TAHITIAN-PRINCESS,GLACIER BAY,56.02170167,-134.0114583,240,243,18.0,0,9187899,ZCDS4
2008-07-13T06:12:37,310505000,TAHITIAN-PRINCESS,GLACIER BAY,56.02197,-134.0105383,240,243,18.0,0,9187899,ZCDS4
2008-07-13T06:12:32,310505000,TAHITIAN-PRINCESS,GLACIER BAY,56.0222,-134.00975,240,243,18.0,0,9187899,ZCDS4
2008-07-13T06:12:26,310505000,TAHITIAN-PRINCESS,GLACIER BAY,56.02242333,-134.0089533,240,242,18.0,0,9187899,ZCDS4
2008-07-13T06:12:21,310505000,TAHITIAN-PRINCESS,GLACIER BAY,56.02261667,-134.0082983,240,243,18.0,0,9187899,ZCDS4
2008-07-13T06:12:13,310505000,TAHITIAN-PRINCESS,GLACIER BAY,56.02288333,-134.007375,240,243,18.0,0,9187899,ZCDS4
2008-07-13T06:12:09,310505000,TAHITIAN-PRINCESS,GLACIER BAY,56.023115,-134.0065867,240,243,18.0,0,9187899,ZCDS4
2008-07-13T06:12:01,310505000,TAHITIAN-PRINCESS,GLACIER BAY,56.02333833,-134.0057933,240,243,18.0,0,9187899,ZCDS4
2008-07-13T06:11:55,310505000,TAHITIAN-PRINCESS,GLACIER BAY,56.02357167,-134.0050067,240,243,18.0,0,9187899,ZCDS4
2008-07-13T06:11:49,310505000,TAHITIAN-PRINCESS,GLACIER BAY,56.02380167,-134.0042167,241,243,18.0,0,9187899,ZCDS4
2008-07-13T06:11:44,310505000,TAHITIAN-PRINCESS,GLACIER BAY,56.02399333,-134.00356,241,243,18.0,0,9187899,ZCDS4
2008-07-13T06:11:37,310505000,TAHITIAN-PRINCESS,GLACIER BAY,56.02425833,-134.0026367,241,243,18.0,0,9187899,ZCDS4
2008-07-13T06:11:32,310505000,TAHITIAN-PRINCESS,GLACIER BAY,56.02447667,-134.00184,241,243,18.0,0,9187899,ZCDS4
2008-07-13T06:11:26,310505000,TAHITIAN-PRINCESS,GLACIER BAY,56.0247,-134.0010467,241,243,18.0,0,9187899,ZCDS4
2008-07-13T06:11:19,310505000,TAHITIAN-PRINCESS,GLACIER BAY,56.02492,-134.0002517,241,243,18.0,0,9187899,ZCDS4
2008-07-13T06:11:13,310505000,TAHITIAN-PRINCESS,GLACIER BAY,56.02514667,-133.99946,240,243,18.0,0,9187899,ZCDS4
2008-07-13T06:11:08,310505000,TAHITIAN-PRINCESS,GLACIER BAY,56.02537,-133.9986667,240,243,18.0,0,9187899,ZCDS4
2008-07-13T06:11:01,310505000,TAHITIAN-PRINCESS,GLACIER BAY,56.025595,-133.9978767,240,243,18.0,0,9187899,ZCDS4
2008-07-13T06:10:56,310505000,TAHITIAN-PRINCESS,GLACIER BAY,56.02582333,-133.997085,240,243,18.0,0,9187899,ZCDS4
2008-07-13T06:10:49,310505000,TAHITIAN-PRINCESS,GLACIER BAY,56.026055,-133.9962967,240,243,18.0,0,9187899,ZCDS4
2008-07-13T06:10:44,310505000,TAHITIAN-PRINCESS,GLACIER BAY,56.02625,-133.9956417,240,243,18.0,0,9187899,ZCDS4
2008-07-13T06:10:37,310505000,TAHITIAN-PRINCESS,GLACIER BAY,56.02655167,-133.994585,240,243,18.0,0,9187899,ZCDS4
2008-07-13T06:10:34,310505000,TAHITIAN-PRINCESS,GLACIER BAY,56.02674333,-133.9939267,240,243,18.0,0,9187899,ZCDS4
2008-07-13T06:10:26,310505000,TAHITIAN-PRINCESS,GLACIER BAY,56.02697,-133.993135,240,243,18.0,0,9187899,ZCDS4
2008-07-13T06:10:21,310505000,TAHITIAN-PRINCESS,GLACIER BAY,56.02719667,-133.9923417,240,243,18.0,0,9187899,ZCDS4
2008-07-13T06:10:14,310505000,TAHITIAN-PRINCESS,GLACIER BAY,56.02742667,-133.99155,240,242,18.0,0,9187899,ZCDS4
2008-07-13T06:10:08,310505000,TAHITIAN-PRINCESS,GLACIER BAY,56.02765833,-133.9907617,240,243,18.1,0,9187899,ZCDS4
2008-07-13T06:10:01,310505000,TAHITIAN-PRINCESS,GLACIER BAY,56.02788667,-133.98997,240,243,18.0,0,9187899,ZCDS4
2008-07-13T06:09:57,310505000,TAHITIAN-PRINCESS,GLACIER BAY,56.02811667,-133.9891767,240,242,18.0,0,9187899,ZCDS4
2008-07-13T06:09:50,310505000,TAHITIAN-PRINCESS,GLACIER BAY,56.02834833,-133.9883883,240,243,18.0,0,9187899,ZCDS4
2008-07-13T06:09:44,310505000,TAHITIAN-PRINCESS,GLACIER BAY,56.02854333,-133.98773,240,243,18.0,0,9187899,ZCDS4
2008-07-13T06:09:37,310505000,TAHITIAN-PRINCESS,GLACIER BAY,56.02885,-133.986675,240,243,18.0,0,9187899,ZCDS4
2008-07-13T06:09:32,310505000,TAHITIAN-PRINCESS,GLACIER BAY,56.02904333,-133.9860167,240,243,18.0,0,9187899,ZCDS4
2008-07-13T06:09:26,310505000,TAHITIAN-PRINCESS,GLACIER BAY,56.029265,-133.9852167,240,242,18.0,0,9187899,ZCDS4
2008-07-13T06:09:19,310505000,TAHITIAN-PRINCESS,GLACIER BAY,56.02949333,-133.984425,240,242,18.1,0,9187899,ZCDS4
2008-07-13T06:09:13,310505000,TAHITIAN-PRINCESS,GLACIER BAY,56.02971833,-133.98363,240,242,18.0,0,9187899,ZCDS4
2008-07-13T06:09:08,310505000,TAHITIAN-PRINCESS,GLACIER BAY,56.02995,-133.9828383,240,242,18.0,0,9187899,ZCDS4
2008-07-13T06:09:01,310505000,TAHITIAN-PRINCESS,GLACIER BAY,56.030185,-133.9820467,240,242,18.1,0,9187899,ZCDS4
2008-07-13T06:08:55,310505000,TAHITIAN-PRINCESS,GLACIER BAY,56.03042,-133.9812567,240,242,18.1,0,9187899,ZCDS4
2008-07-13T06:08:50,310505000,TAHITIAN-PRINCESS,GLACIER BAY,56.03065,-133.9804617,240,242,18.1,0,9187899,ZCDS4
2008-07-13T06:08:45,310505000,TAHITIAN-PRINCESS,GLACIER BAY,56.03084167,-133.9797983,240,242,18.1,0,9187899,ZCDS4
2008-07-13T06:08:37,310505000,TAHITIAN-PRINCESS,GLACIER BAY,56.03114833,-133.9787383,240,242,18.1,0,9187899,ZCDS4
2008-07-13T06:08:34,310505000,TAHITIAN-PRINCESS,GLACIER BAY,56.03134333,-133.9780783,0,0,0.0,0,9187899,ZCDS4
2008-07-13T06:08:32,310505000,TAHITIAN-PRINCESS,GLACIER BAY,56.03134333,-133.9780783,240,242,18.1,0,9187899,ZCDS4
2008-07-13T06:08:25,310505000,TAHITIAN-PRINCESS,GLACIER BAY,56.03158,-133.9772867,240,242,18.1,0,9187899,ZCDS4
2008-07-13T06:08:19,310505000,TAHITIAN-PRINCESS,GLACIER BAY,56.03181667,-133.976495,240,243,18.1,0,9187899,ZCDS4
2008-07-13T06:08:13,310505000,TAHITIAN-PRINCESS,GLACIER BAY,56.03205833,-133.9757067,240,243,18.1,0,9187899,ZCDS4
2008-07-13T06:08:08,310505000,TAHITIAN-PRINCESS,GLACIER BAY,56.03229167,-133.9749117,241,243,18.1,0,9187899,ZCDS4
2008-07-13T06:08:03,310505000,TAHITIAN-PRINCESS,GLACIER BAY,56.03252,-133.9741133,241,243,18.1,0,9187899,ZCDS4
2008-07-13T06:07:55,310505000,TAHITIAN-PRINCESS,GLACIER BAY,56.03275,-133.9733133,241,243,18.1,0,9187899,ZCDS4
2008-07-13T06:07:50,310505000,TAHITIAN-PRINCESS,GLACIER BAY,56.032975,-133.9725117,241,243,18.1,0,9187899,ZCDS4
2008-07-13T06:07:43,310505000,TAHITIAN-PRINCESS,GLACIER BAY,56.033235,-133.9715767,240,243,18.1,0,9187899,ZCDS4
2008-07-13T06:07:37,310505000,TAHITIAN-PRINCESS,GLACIER BAY,56.03346167,-133.9707733,240,243,18.2,0,9187899,ZCDS4
2008-07-13T06:07:32,310505000,TAHITIAN-PRINCESS,GLACIER BAY,56.03365167,-133.9701067,240,242,18.1,0,9187899,ZCDS4
2008-07-13T06:07:25,310505000,TAHITIAN-PRINCESS,GLACIER BAY,56.03388333,-133.9693083,240,243,18.2,0,9187899,ZCDS4
2008-07-13T06:07:19,310505000,TAHITIAN-PRINCESS,GLACIER BAY,56.03412,-133.9685117,240,243,18.2,0,9187899,ZCDS4
2008-07-13T06:07:13,310505000,TAHITIAN-PRINCESS,GLACIER BAY,56.03435167,-133.9677133,240,243,18.1,0,9187899,ZCDS4
2008-07-13T06:07:08,310505000,TAHITIAN-PRINCESS,GLACIER BAY,56.03458667,-133.9669167,240,243,18.2,0,9187899,ZCDS4
2008-07-13T06:07:01,310505000,TAHITIAN-PRINCESS,GLACIER BAY,56.03481833,-133.9661167,240,243,18.2,0,9187899,ZCDS4
2008-07-13T06:06:55,310505000,TAHITIAN-PRINCESS,GLACIER BAY,56.03505,-133.9653183,240,243,18.1,0,9187899,ZCDS4
2008-07-13T06:06:50,310505000,TAHITIAN-PRINCESS,GLACIER BAY,56.03528,-133.9645183,240,243,18.1,0,9187899,ZCDS4
2008-07-13T06:06:44,310505000,TAHITIAN-PRINCESS,GLACIER BAY,56.03554833,-133.9635833,240,243,18.2,0,9187899,ZCDS4
2008-07-13T06:06:37,310505000,TAHITIAN-PRINCESS,GLACIER BAY,56.03578167,-133.962785,240,243,18.2,0,9187899,ZCDS4
2008-07-13T06:06:32,310505000,TAHITIAN-PRINCESS,GLACIER BAY,56.035975,-133.96212,240,243,18.2,0,9187899,ZCDS4
2008-07-13T06:06:25,310505000,TAHITIAN-PRINCESS,GLACIER BAY,56.03620167,-133.9613167,240,242,18.2,0,9187899,ZCDS4
2008-07-13T06:06:19,310505000,TAHITIAN-PRINCESS,GLACIER BAY,56.03643333,-133.9605167,240,242,18.2,0,9187899,ZCDS4
2008-07-13T06:06:14,310505000,TAHITIAN-PRINCESS,GLACIER BAY,56.03667,-133.95972,240,242,18.2,0,9187899,ZCDS4
2008-07-13T06:06:07,310505000,TAHITIAN-PRINCESS,GLACIER BAY,56.036905,-133.958925,240,243,18.2,0,9187899,ZCDS4
2008-07-13T06:06:01,310505000,TAHITIAN-PRINCESS,GLACIER BAY,56.037145,-133.9581317,241,243,18.2,0,9187899,ZCDS4
2008-07-13T06:05:56,310505000,TAHITIAN-PRINCESS,GLACIER BAY,56.03737667,-133.9573317,241,243,18.2,0,9187899,ZCDS4
2008-07-13T06:05:50,310505000,TAHITIAN-PRINCESS,GLACIER BAY,56.03760833,-133.9565317,241,243,18.2,0,9187899,ZCDS4
2008-07-13T06:05:44,310505000,TAHITIAN-PRINCESS,GLACIER BAY,56.03787667,-133.9555967,241,243,18.2,0,9187899,ZCDS4
2008-07-13T06:05:37,310505000,TAHITIAN-PRINCESS,GLACIER BAY,56.038105,-133.9547917,240,243,18.2,0,9187899,ZCDS4
2008-07-13T06:05:32,310505000,TAHITIAN-PRINCESS,GLACIER BAY,56.03830167,-133.9541267,240,243,18.2,0,9187899,ZCDS4
2008-07-13T06:05:26,310505000,TAHITIAN-PRINCESS,GLACIER BAY,56.03853,-133.953325,240,242,18.2,0,9187899,ZCDS4
2008-07-13T06:05:19,310505000,TAHITIAN-PRINCESS,GLACIER BAY,56.03875667,-133.95252,240,242,18.2,0,9187899,ZCDS4
2008-07-13T06:05:13,310505000,TAHITIAN-PRINCESS,GLACIER BAY,56.03899333,-133.9517233,240,242,18.2,0,9187899,ZCDS4
2008-07-13T06:05:08,310505000,TAHITIAN-PRINCESS,GLACIER BAY,56.03923,-133.9509267,240,243,18.2,0,9187899,ZCDS4
2008-07-13T06:05:02,310505000,TAHITIAN-PRINCESS,GLACIER BAY,56.03947167,-133.9501317,240,243,18.3,0,9187899,ZCDS4
2008-07-13T06:04:56,310505000,TAHITIAN-PRINCESS,GLACIER BAY,56.03970333,-133.94933,241,243,18.3,0,9187899,ZCDS4
2008-07-13T06:04:50,310505000,TAHITIAN-PRINCESS,GLACIER BAY,56.03993167,-133.948525,240,243,18.3,0,9187899,ZCDS4
2008-07-13T06:04:44,310505000,TAHITIAN-PRINCESS,GLACIER BAY,56.04020333,-133.9475883,240,242,18.3,0,9187899,ZCDS4
2008-07-13T06:04:37,310505000,TAHITIAN-PRINCESS,GLACIER BAY,56.04043333,-133.9467833,240,242,18.3,0,9187899,ZCDS4
2008-07-13T06:04:32,310505000,TAHITIAN-PRINCESS,GLACIER BAY,56.04062667,-133.946115,240,242,18.3,0,9187899,ZCDS4
2008-07-13T06:04:25,310505000,TAHITIAN-PRINCESS,GLACIER BAY,56.04086333,-133.945315,240,242,18.3,0,9187899,ZCDS4
2008-07-13T06:04:19,310505000,TAHITIAN-PRINCESS,GLACIER BAY,56.04109833,-133.9445133,240,242,18.3,0,9187899,ZCDS4
2008-07-13T06:04:13,310505000,TAHITIAN-PRINCESS,GLACIER BAY,56.041335,-133.9437117,240,242,18.3,0,9187899,ZCDS4
2008-07-13T06:04:07,310505000,TAHITIAN-PRINCESS,GLACIER BAY,56.04156833,-133.9429083,240,242,18.3,0,9187899,ZCDS4
2008-07-13T06:04:01,310505000,TAHITIAN-PRINCESS,GLACIER BAY,56.04180333,-133.942105,240,242,18.3,0,9187899,ZCDS4
2008-07-13T06:03:56,310505000,TAHITIAN-PRINCESS,GLACIER BAY,56.04204,-133.9413033,240,242,18.3,0,9187899,ZCDS4
2008-07-13T06:03:51,310505000,TAHITIAN-PRINCESS,GLACIER BAY,56.04228333,-133.9405067,240,243,18.3,0,9187899,ZCDS4
2008-07-13T06:03:43,310505000,TAHITIAN-PRINCESS,GLACIER BAY,56.04251833,-133.9397033,240,242,18.4,0,9187899,ZCDS4
2008-07-13T06:03:37,310505000,TAHITIAN-PRINCESS,GLACIER BAY,56.04279,-133.9387633,240,242,18.3,0,9187899,ZCDS4
2008-07-13T06:03:32,310505000,TAHITIAN-PRINCESS,GLACIER BAY,56.04298833,-133.9380967,240,242,18.3,0,9187899,ZCDS4
2008-07-13T06:03:26,310505000,TAHITIAN-PRINCESS,GLACIER BAY,56.04321,-133.9372833,240,243,18.3,0,9187899,ZCDS4
2008-07-13T06:03:19,310505000,TAHITIAN-PRINCESS,GLACIER BAY,56.04345167,-133.9364833,240,242,18.3,0,9187899,ZCDS4
2008-07-13T06:03:13,310505000,TAHITIAN-PRINCESS,GLACIER BAY,56.04368667,-133.93568,240,242,18.3,0,9187899,ZCDS4
2008-07-13T06:03:08,310505000,TAHITIAN-PRINCESS,GLACIER BAY,56.04392333,-133.9348783,240,242,18.3,0,9187899,ZCDS4
2008-07-13T06:03:02,310505000,TAHITIAN-PRINCESS,GLACIER BAY,56.04415333,-133.934075,240,242,18.3,0,9187899,ZCDS4
2008-07-13T06:02:56,310505000,TAHITIAN-PRINCESS,GLACIER BAY,56.04439167,-133.9332733,240,242,18.3,0,9187899,ZCDS4
2008-07-13T06:02:51,310505000,TAHITIAN-PRINCESS,GLACIER BAY,56.04462667,-133.9324717,240,243,18.3,0,9187899,ZCDS4
2008-07-13T06:02:44,310505000,TAHITIAN-PRINCESS,GLACIER BAY,56.04486,-133.9316667,240,242,18.3,0,9187899,ZCDS4
2008-07-13T06:02:37,310505000,TAHITIAN-PRINCESS,GLACIER BAY,56.04513,-133.9307267,240,241,18.3,0,9187899,ZCDS4
2008-07-13T06:02:34,310505000,TAHITIAN-PRINCESS,GLACIER BAY,56.04533333,-133.9300617,0,0,0.0,0,9187899,ZCDS4
2008-07-13T06:02:33,310505000,TAHITIAN-PRINCESS,GLACIER BAY,56.04533333,-133.9300617,240,242,18.3,0,9187899,ZCDS4
2008-07-13T06:02:25,310505000,TAHITIAN-PRINCESS,GLACIER BAY,56.04558,-133.9292667,240,242,18.3,0,9187899,ZCDS4
2008-07-13T06:02:19,310505000,TAHITIAN-PRINCESS,GLACIER BAY,56.045855,-133.92833,240,242,18.3,0,9187899,ZCDS4
2008-07-13T06:02:14,310505000,TAHITIAN-PRINCESS,GLACIER BAY,56.04605333,-133.9276633,240,242,18.3,0,9187899,ZCDS4
2008-07-13T06:02:08,310505000,TAHITIAN-PRINCESS,GLACIER BAY,56.04628333,-133.9268567,240,242,18.3,0,9187899,ZCDS4
2008-07-13T06:02:03,310505000,TAHITIAN-PRINCESS,GLACIER BAY,56.04652167,-133.9260533,240,242,18.3,0,9187899,ZCDS4
2008-07-13T06:01:56,310505000,TAHITIAN-PRINCESS,GLACIER BAY,56.04676,-133.9252533,240,242,18.3,0,9187899,ZCDS4
2008-07-13T06:01:50,310505000,TAHITIAN-PRINCESS,GLACIER BAY,56.04699667,-133.9244483,240,242,18.3,0,9187899,ZCDS4
2008-07-13T06:01:44,310505000,TAHITIAN-PRINCESS,GLACIER BAY,56.04723167,-133.923645,240,242,18.3,0,9187899,ZCDS4
2008-07-13T06:01:37,310505000,TAHITIAN-PRINCESS,GLACIER BAY,56.047505,-133.9227067,240,242,18.3,0,9187899,ZCDS4
2008-07-13T06:01:32,310505000,TAHITIAN-PRINCESS,GLACIER BAY,56.04770167,-133.9220367,240,242,18.3,0,9187899,ZCDS4
2008-07-13T06:01:25,310505000,TAHITIAN-PRINCESS,GLACIER BAY,56.04794333,-133.9212383,240,242,18.3,0,9187899,ZCDS4
2008-07-13T06:01:19,310505000,TAHITIAN-PRINCESS,GLACIER BAY,56.04822167,-133.9203033,240,242,18.3,0,9187899,ZCDS4
2008-07-13T06:01:13,310505000,TAHITIAN-PRINCESS,GLACIER BAY,56.04842333,-133.9196383,240,242,18.3,0,9187899,ZCDS4
2008-07-13T06:01:07,310505000,TAHITIAN-PRINCESS,GLACIER BAY,56.04866667,-133.91884,240,242,18.3,0,9187899,ZCDS4
2008-07-13T06:01:02,310505000,TAHITIAN-PRINCESS,GLACIER BAY,56.048905,-133.9180383,240,242,18.3,0,9187899,ZCDS4
2008-07-13T06:00:56,310505000,TAHITIAN-PRINCESS,GLACIER BAY,56.04914167,-133.9172333,240,242,18.3,0,9187899,ZCDS4
2008-07-13T06:00:51,310505000,TAHITIAN-PRINCESS,GLACIER BAY,56.04938167,-133.9164333,240,242,18.4,0,9187899,ZCDS4
2008-07-13T06:00:43,310505000,TAHITIAN-PRINCESS,GLACIER BAY,56.04961833,-133.9156317,240,242,18.3,0,9187899,ZCDS4
2008-07-13T06:00:37,310505000,TAHITIAN-PRINCESS,GLACIER BAY,56.049895,-133.914695,241,242,18.3,0,9187899,ZCDS4
2008-07-13T06:00:32,310505000,TAHITIAN-PRINCESS,GLACIER BAY,56.05009333,-133.9140267,240,242,18.3,0,9187899,ZCDS4
2008-07-13T06:00:25,310505000,TAHITIAN-PRINCESS,GLACIER BAY,56.05032833,-133.913225,240,242,18.3,0,9187899,ZCDS4
2008-07-13T06:00:19,310505000,TAHITIAN-PRINCESS,GLACIER BAY,56.05061,-133.9122933,240,242,18.3,0,9187899,ZCDS4
2008-07-13T06:00:13,310505000,TAHITIAN-PRINCESS,GLACIER BAY,56.05081167,-133.91163,240,242,18.3,0,9187899,ZCDS4
2008-07-13T06:00:07,310505000,TAHITIAN-PRINCESS,GLACIER BAY,56.051055,-133.910835,240,242,18.3,0,9187899,ZCDS4
2008-07-13T06:00:02,310505000,TAHITIAN-PRINCESS,GLACIER BAY,56.05129333,-133.910035,240,242,18.3,0,9187899,ZCDS4
2008-07-13T05:59:55,310505000,TAHITIAN-PRINCESS,GLACIER BAY,56.051535,-133.90924,241,242,18.2,0,9187899,ZCDS4
2008-07-13T05:59:50,310505000,TAHITIAN-PRINCESS,GLACIER BAY,56.05177167,-133.90844,240,242,18.3,0,9187899,ZCDS4
2008-07-13T05:59:44,310505000,TAHITIAN-PRINCESS,GLACIER BAY,56.05201,-133.9076433,241,242,18.3,0,9187899,ZCDS4
2008-07-13T05:59:37,310505000,TAHITIAN-PRINCESS,GLACIER BAY,56.05229,-133.9067133,240,242,18.3,0,9187899,ZCDS4
2008-07-13T05:59:32,310505000,TAHITIAN-PRINCESS,GLACIER BAY,56.05249,-133.90605,240,242,18.3,0,9187899,ZCDS4
2008-07-13T05:59:25,310505000,TAHITIAN-PRINCESS,GLACIER BAY,56.05273333,-133.9052567,241,242,18.3,0,9187899,ZCDS4
2008-07-13T05:59:20,310505000,TAHITIAN-PRINCESS,GLACIER BAY,56.05301167,-133.904325,241,242,18.3,0,9187899,ZCDS4
2008-07-13T05:59:15,310505000,TAHITIAN-PRINCESS,GLACIER BAY,56.05321,-133.9036583,240,241,18.3,0,9187899,ZCDS4
2008-07-13T05:59:07,310505000,TAHITIAN-PRINCESS,GLACIER BAY,56.05344833,-133.9028583,240,241,18.4,0,9187899,ZCDS4
2008-07-13T05:59:02,310505000,TAHITIAN-PRINCESS,GLACIER BAY,56.05368667,-133.9020567,240,241,18.3,0,9187899,ZCDS4
2008-07-13T05:58:56,310505000,TAHITIAN-PRINCESS,GLACIER BAY,56.05393167,-133.90126,240,241,18.3,0,9187899,ZCDS4
2008-07-13T05:58:50,310505000,TAHITIAN-PRINCESS,GLACIER BAY,56.05417333,-133.9004633,240,241,18.3,0,9187899,ZCDS4
2008-07-13T05:58:44,310505000,TAHITIAN-PRINCESS,GLACIER BAY,56.05441833,-133.8996667,240,241,18.3,0,9187899,ZCDS4
2008-07-13T05:58:38,310505000,TAHITIAN-PRINCESS,GLACIER BAY,56.05466333,-133.8988733,240,241,18.3,0,9187899,ZCDS4
2008-07-13T05:58:33,310505000,TAHITIAN-PRINCESS,GLACIER BAY,56.05491333,-133.8980817,240,241,18.3,0,9187899,ZCDS4
2008-07-13T05:58:26,310505000,TAHITIAN-PRINCESS,GLACIER BAY,56.05516167,-133.89729,240,241,18.3,0,9187899,ZCDS4
2008-07-13T05:58:19,310505000,TAHITIAN-PRINCESS,GLACIER BAY,56.05545,-133.8963633,241,242,18.3,0,9187899,ZCDS4
2008-07-13T05:58:13,310505000,TAHITIAN-PRINCESS,GLACIER BAY,56.05565167,-133.8956983,241,241,18.3,0,9187899,ZCDS4
2008-07-13T05:58:07,310505000,TAHITIAN-PRINCESS,GLACIER BAY,56.05589,-133.8949,240,241,18.3,0,9187899,ZCDS4
2008-07-13T05:58:02,310505000,TAHITIAN-PRINCESS,GLACIER BAY,56.05613167,-133.8941017,240,241,18.3,0,9187899,ZCDS4
2008-07-13T05:57:55,310505000,TAHITIAN-PRINCESS,GLACIER BAY,56.056375,-133.8933067,240,241,18.3,0,9187899,ZCDS4
2008-07-13T05:57:50,310505000,TAHITIAN-PRINCESS,GLACIER BAY,56.05662333,-133.8925133,240,241,18.3,0,9187899,ZCDS4
2008-07-13T05:57:44,310505000,TAHITIAN-PRINCESS,GLACIER BAY,56.05687167,-133.8917217,240,241,18.3,0,9187899,ZCDS4
2008-07-13T05:57:38,310505000,TAHITIAN-PRINCESS,GLACIER BAY,56.05712333,-133.8909317,240,241,18.3,0,9187899,ZCDS4
2008-07-13T05:57:32,310505000,TAHITIAN-PRINCESS,GLACIER BAY,56.057375,-133.8901433,240,241,18.3,0,9187899,ZCDS4
2008-07-13T05:57:25,310505000,TAHITIAN-PRINCESS,GLACIER BAY,56.05762333,-133.8893533,240,241,18.3,0,9187899,ZCDS4
2008-07-13T05:57:19,310505000,TAHITIAN-PRINCESS,GLACIER BAY,56.05791667,-133.88843,240,241,18.3,0,9187899,ZCDS4
2008-07-13T05:57:13,310505000,TAHITIAN-PRINCESS,GLACIER BAY,56.058165,-133.88764,240,241,18.3,0,9187899,ZCDS4
2008-07-13T05:57:07,310505000,TAHITIAN-PRINCESS,GLACIER BAY,56.05837333,-133.88698,240,241,18.3,0,9187899,ZCDS4
2008-07-13T05:57:02,310505000,TAHITIAN-PRINCESS,GLACIER BAY,56.05862167,-133.8861883,240,241,18.3,0,9187899,ZCDS4
2008-07-13T05:56:55,310505000,TAHITIAN-PRINCESS,GLACIER BAY,56.05887167,-133.8853983,240,241,18.3,0,9187899,ZCDS4
2008-07-13T05:56:50,310505000,TAHITIAN-PRINCESS,GLACIER BAY,56.05912,-133.884605,240,241,18.3,0,9187899,ZCDS4
2008-07-13T05:56:44,310505000,TAHITIAN-PRINCESS,GLACIER BAY,56.05936833,-133.8838133,240,241,18.4,0,9187899,ZCDS4
2008-07-13T05:56:38,310505000,TAHITIAN-PRINCESS,GLACIER BAY,56.05961833,-133.8830217,240,241,18.4,0,9187899,ZCDS4
2008-07-13T05:56:34,310505000,TAHITIAN-PRINCESS,GLACIER BAY,56.05987167,-133.8822333,0,0,0.0,0,9187899,ZCDS4
2008-07-13T05:56:33,310505000,TAHITIAN-PRINCESS,GLACIER BAY,56.05987167,-133.8822333,240,241,18.4,0,9187899,ZCDS4
2008-07-13T05:56:25,310505000,TAHITIAN-PRINCESS,GLACIER BAY,56.06012167,-133.8814433,240,241,18.4,0,9187899,ZCDS4
2008-07-13T05:56:19,310505000,TAHITIAN-PRINCESS,GLACIER BAY,56.06041,-133.880515,240,241,18.4,0,9187899,ZCDS4
2008-07-13T05:56:13,310505000,TAHITIAN-PRINCESS,GLACIER BAY,56.06066,-133.8797233,240,240,18.4,0,9187899,ZCDS4
2008-07-13T05:56:08,310505000,TAHITIAN-PRINCESS,GLACIER BAY,56.06086833,-133.8790633,240,241,18.4,0,9187899,ZCDS4
2008-07-13T05:56:02,310505000,TAHITIAN-PRINCESS,GLACIER BAY,56.06112333,-133.878275,240,241,18.4,0,9187899,ZCDS4
2008-07-13T05:55:55,310505000,TAHITIAN-PRINCESS,GLACIER BAY,56.06137167,-133.8774817,240,241,18.4,0,9187899,ZCDS4
2008-07-13T05:55:50,310505000,TAHITIAN-PRINCESS,GLACIER BAY,56.06162,-133.8766883,240,241,18.4,0,9187899,ZCDS4
2008-07-13T05:55:44,310505000,TAHITIAN-PRINCESS,GLACIER BAY,56.06187,-133.8758967,240,240,18.4,0,9187899,ZCDS4
2008-07-13T05:55:38,310505000,TAHITIAN-PRINCESS,GLACIER BAY,56.06212167,-133.875105,240,240,18.3,0,9187899,ZCDS4
2008-07-13T05:55:35,310505000,TAHITIAN-PRINCESS,GLACIER BAY,56.06237167,-133.874315,240,240,18.4,0,9187899,ZCDS4
2008-07-13T05:55:25,310505000,TAHITIAN-PRINCESS,GLACIER BAY,56.062615,-133.87352,240,240,18.3,0,9187899,ZCDS4
2008-07-13T05:55:22,310505000,TAHITIAN-PRINCESS,GLACIER BAY,56.062865,-133.8727283,240,240,18.3,0,9187899,ZCDS4
2008-07-13T05:55:13,310505000,TAHITIAN-PRINCESS,GLACIER BAY,56.063155,-133.871805,240,240,18.3,0,9187899,ZCDS4
2008-07-13T05:55:07,310505000,TAHITIAN-PRINCESS,GLACIER BAY,56.06336167,-133.8711433,240,240,18.4,0,9187899,ZCDS4
2008-07-13T05:55:02,310505000,TAHITIAN-PRINCESS,GLACIER BAY,56.06361667,-133.8703567,240,240,18.4,0,9187899,ZCDS4
2008-07-13T05:54:57,310505000,TAHITIAN-PRINCESS,GLACIER BAY,56.06386667,-133.8695667,240,240,18.4,0,9187899,ZCDS4
2008-07-13T05:54:49,310505000,TAHITIAN-PRINCESS,GLACIER BAY,56.06411833,-133.868775,240,240,18.4,0,9187899,ZCDS4
2008-07-13T05:54:44,310505000,TAHITIAN-PRINCESS,GLACIER BAY,56.06438,-133.8679917,240,240,18.4,0,9187899,ZCDS4
2008-07-13T05:54:38,310505000,TAHITIAN-PRINCESS,GLACIER BAY,56.06463167,-133.8672,240,240,18.4,0,9187899,ZCDS4
2008-07-13T05:54:32,310505000,TAHITIAN-PRINCESS,GLACIER BAY,56.06488833,-133.8664133,240,240,18.4,0,9187899,ZCDS4
2008-07-13T05:54:27,310505000,TAHITIAN-PRINCESS,GLACIER BAY,56.065135,-133.8656183,239,239,18.4,0,9187899,ZCDS4
2008-07-13T05:54:20,310505000,TAHITIAN-PRINCESS,GLACIER BAY,56.06538333,-133.8648267,239,239,18.4,0,9187899,ZCDS4
2008-07-13T05:54:13,310505000,TAHITIAN-PRINCESS,GLACIER BAY,56.06568333,-133.86391,238,238,18.4,0,9187899,ZCDS4
2008-07-13T05:54:07,310505000,TAHITIAN-PRINCESS,GLACIER BAY,56.06594333,-133.8631267,238,238,18.4,0,9187899,ZCDS4
2008-07-13T05:54:02,310505000,TAHITIAN-PRINCESS,GLACIER BAY,56.06616,-133.8624733,238,237,18.4,0,9187899,ZCDS4
2008-07-13T05:53:49,310505000,TAHITIAN-PRINCESS,GLACIER BAY,56.06668667,-133.8609117,237,236,18.4,0,9187899,ZCDS4
2008-07-13T05:53:44,310505000,TAHITIAN-PRINCESS,GLACIER BAY,56.06695833,-133.8601417,236,236,18.4,0,9187899,ZCDS4
2008-07-13T05:53:32,310505000,TAHITIAN-PRINCESS,GLACIER BAY,56.06751333,-133.85861,235,235,18.5,0,9187899,ZCDS4
2008-07-13T05:53:26,310505000,TAHITIAN-PRINCESS,GLACIER BAY,56.06779,-133.8578433,235,235,18.5,0,9187899,ZCDS4
2008-07-13T05:53:20,310505000,TAHITIAN-PRINCESS,GLACIER BAY,56.06807333,-133.8570833,234,234,18.4,0,9187899,ZCDS4
2008-07-13T05:53:13,310505000,TAHITIAN-PRINCESS,GLACIER BAY,56.06840667,-133.8562,234,234,18.5,0,9187899,ZCDS4
2008-07-13T05:53:07,310505000,TAHITIAN-PRINCESS,GLACIER BAY,56.06870167,-133.8554533,233,234,18.5,0,9187899,ZCDS4
2008-07-13T05:53:02,310505000,TAHITIAN-PRINCESS,GLACIER BAY,56.06895,-133.8548333,233,233,18.5,0,9187899,ZCDS4
2008-07-13T05:52:56,310505000,TAHITIAN-PRINCESS,GLACIER BAY,56.06924667,-133.8540917,233,233,18.5,0,9187899,ZCDS4
2008-07-13T05:52:49,310505000,TAHITIAN-PRINCESS,GLACIER BAY,56.06954333,-133.8533467,232,232,18.5,0,9187899,ZCDS4
2008-07-13T05:52:43,310505000,TAHITIAN-PRINCESS,GLACIER BAY,56.069845,-133.8526117,232,232,18.4,0,9187899,ZCDS4
2008-07-13T05:52:37,310505000,TAHITIAN-PRINCESS,GLACIER BAY,56.07015,-133.85188,231,231,18.5,0,9187899,ZCDS4
2008-07-13T05:52:32,310505000,TAHITIAN-PRINCESS,GLACIER BAY,56.07046167,-133.851155,231,231,18.4,0,9187899,ZCDS4
2008-07-13T05:52:26,310505000,TAHITIAN-PRINCESS,GLACIER BAY,56.07077,-133.85043,230,231,18.4,0,9187899,ZCDS4
2008-07-13T05:52:20,310505000,TAHITIAN-PRINCESS,GLACIER BAY,56.07108333,-133.8497117,230,230,18.5,0,9187899,ZCDS4
2008-07-13T05:52:13,310505000,TAHITIAN-PRINCESS,GLACIER BAY,56.07144833,-133.8488717,229,229,18.4,0,9187899,ZCDS4
2008-07-13T05:52:08,310505000,TAHITIAN-PRINCESS,GLACIER BAY,56.07166167,-133.8484,229,229,18.4,0,9187899,ZCDS4
2008-07-13T05:52:02,310505000,TAHITIAN-PRINCESS,GLACIER BAY,56.07203833,-133.8475767,228,228,18.4,0,9187899,ZCDS4
2008-07-13T05:51:56,310505000,TAHITIAN-PRINCESS,GLACIER BAY,56.07236833,-133.8468833,228,228,18.4,0,9187899,ZCDS4
2008-07-13T05:51:51,310505000,TAHITIAN-PRINCESS,GLACIER BAY,56.07269667,-133.84619,227,227,18.3,0,9187899,ZCDS4
2008-07-13T05:51:44,310505000,TAHITIAN-PRINCESS,GLACIER BAY,56.07303333,-133.8455083,227,227,18.4,0,9187899,ZCDS4
2008-07-13T05:51:38,310505000,TAHITIAN-PRINCESS,GLACIER BAY,56.07336833,-133.8448283,226,226,18.4,0,9187899,ZCDS4
2008-07-13T05:51:32,310505000,TAHITIAN-PRINCESS,GLACIER BAY,56.07370333,-133.8441467,225,225,18.3,0,9187899,ZCDS4
2008-07-13T05:51:26,310505000,TAHITIAN-PRINCESS,GLACIER BAY,56.074045,-133.843475,225,225,18.3,0,9187899,ZCDS4
2008-07-13T05:51:20,310505000,TAHITIAN-PRINCESS,GLACIER BAY,56.07439167,-133.8428133,224,224,18.3,0,9187899,ZCDS4
2008-07-13T05:51:14,310505000,TAHITIAN-PRINCESS,GLACIER BAY,56.07474333,-133.84216,223,224,18.3,0,9187899,ZCDS4
2008-07-13T05:51:08,310505000,TAHITIAN-PRINCESS,GLACIER BAY,56.07504,-133.8416217,223,223,18.3,0,9187899,ZCDS4
2008-07-13T05:51:02,310505000,TAHITIAN-PRINCESS,GLACIER BAY,56.07546167,-133.84088,222,223,18.2,0,9187899,ZCDS4
2008-07-13T05:50:49,310505000,TAHITIAN-PRINCESS,GLACIER BAY,56.076185,-133.8396167,221,222,18.3,0,9187899,ZCDS4
2008-07-13T05:50:43,310505000,TAHITIAN-PRINCESS,GLACIER BAY,56.07655167,-133.8389967,220,221,18.3,0,9187899,ZCDS4
2008-07-13T05:50:40,310505000,TAHITIAN-PRINCESS,GLACIER BAY,56.07692333,-133.8383817,220,221,18.3,0,9187899,ZCDS4
2008-07-13T05:50:35,310505000,TAHITIAN-PRINCESS,GLACIER BAY,56.07729833,-133.837775,0,0,0.0,0,9187899,ZCDS4
2008-07-13T05:50:32,310505000,TAHITIAN-PRINCESS,GLACIER BAY,56.07729833,-133.837775,219,220,18.3,0,9187899,ZCDS4
2008-07-13T05:50:26,310505000,TAHITIAN-PRINCESS,GLACIER BAY,56.077675,-133.8371717,219,220,18.3,0,9187899,ZCDS4
2008-07-13T05:50:20,310505000,TAHITIAN-PRINCESS,GLACIER BAY,56.07806333,-133.8365867,219,220,18.4,0,9187899,ZCDS4
2008-07-13T05:50:14,310505000,TAHITIAN-PRINCESS,GLACIER BAY,56.078445,-133.83599,218,220,18.3,0,9187899,ZCDS4
2008-07-13T05:50:08,310505000,TAHITIAN-PRINCESS,GLACIER BAY,56.07876167,-133.8354917,218,220,18.3,0,9187899,ZCDS4
2008-07-13T05:50:01,310505000,TAHITIAN-PRINCESS,GLACIER BAY,56.07927333,-133.8347,218,219,18.3,0,9187899,ZCDS4
2008-07-13T05:49:49,310505000,TAHITIAN-PRINCESS,GLACIER BAY,56.07998167,-133.8336183,217,218,18.3,0,9187899,ZCDS4
2008-07-13T05:49:45,310505000,TAHITIAN-PRINCESS,GLACIER BAY,56.08037167,-133.83304,216,218,18.4,0,9187899,ZCDS4
2008-07-13T05:49:39,310505000,TAHITIAN-PRINCESS,GLACIER BAY,56.080765,-133.8324683,216,217,18.3,0,9187899,ZCDS4
2008-07-13T05:49:32,310505000,TAHITIAN-PRINCESS,GLACIER BAY,56.08116,-133.8318983,215,217,18.3,0,9187899,ZCDS4
2008-07-13T05:49:26,310505000,TAHITIAN-PRINCESS,GLACIER BAY,56.08156,-133.8313383,215,216,18.3,0,9187899,ZCDS4
2008-07-13T05:49:19,310505000,TAHITIAN-PRINCESS,GLACIER BAY,56.08196167,-133.830785,214,216,18.3,0,9187899,ZCDS4
2008-07-13T05:49:14,310505000,TAHITIAN-PRINCESS,GLACIER BAY,56.08236833,-133.8302417,214,215,18.3,0,9187899,ZCDS4
2008-07-13T05:49:08,310505000,TAHITIAN-PRINCESS,GLACIER BAY,56.08270667,-133.82979,213,215,18.3,0,9187899,ZCDS4
2008-07-13T05:49:02,310505000,TAHITIAN-PRINCESS,GLACIER BAY,56.08325,-133.82907,213,214,18.3,0,9187899,ZCDS4
2008-07-13T05:48:56,310505000,TAHITIAN-PRINCESS,GLACIER BAY,56.08359167,-133.828625,212,213,18.3,0,9187899,ZCDS4
2008-07-13T05:48:49,310505000,TAHITIAN-PRINCESS,GLACIER BAY,56.08401,-133.8281083,211,213,18.3,0,9187899,ZCDS4
2008-07-13T05:48:43,310505000,TAHITIAN-PRINCESS,GLACIER BAY,56.08443,-133.8276,211,213,18.3,0,9187899,ZCDS4
2008-07-13T05:48:40,310505000,TAHITIAN-PRINCESS,GLACIER BAY,56.08485333,-133.8271,211,213,18.3,0,9187899,ZCDS4
2008-07-13T05:48:32,310505000,TAHITIAN-PRINCESS,GLACIER BAY,56.08527667,-133.8266033,211,212,18.3,0,9187899,ZCDS4
2008-07-13T05:48:26,310505000,TAHITIAN-PRINCESS,GLACIER BAY,56.0857,-133.8261067,210,212,18.3,0,9187899,ZCDS4
2008-07-13T05:48:19,310505000,TAHITIAN-PRINCESS,GLACIER BAY,56.086125,-133.8256133,210,212,18.3,0,9187899,ZCDS4
2008-07-13T05:48:15,310505000,TAHITIAN-PRINCESS,GLACIER BAY,56.08655167,-133.825125,209,211,18.3,0,9187899,ZCDS4
2008-07-13T05:48:08,310505000,TAHITIAN-PRINCESS,GLACIER BAY,56.08690667,-133.82472,209,211,18.3,0,9187899,ZCDS4
2008-07-13T05:48:01,310505000,TAHITIAN-PRINCESS,GLACIER BAY,56.08748,-133.8240883,209,211,18.2,0,9187899,ZCDS4
2008-07-13T05:47:55,310505000,TAHITIAN-PRINCESS,GLACIER BAY,56.08784,-133.8236967,208,210,18.3,0,9187899,ZCDS4
2008-07-13T05:47:49,310505000,TAHITIAN-PRINCESS,GLACIER BAY,56.08827167,-133.8232267,208,210,18.2,0,9187899,ZCDS4
2008-07-13T05:47:44,310505000,TAHITIAN-PRINCESS,GLACIER BAY,56.08870333,-133.82276,208,209,18.3,0,9187899,ZCDS4
2008-07-13T05:47:32,310505000,TAHITIAN-PRINCESS,GLACIER BAY,56.08957667,-133.8218467,207,209,18.2,0,9187899,ZCDS4
2008-07-13T05:47:19,310505000,TAHITIAN-PRINCESS,GLACIER BAY,56.09045667,-133.8209567,206,208,18.2,0,9187899,ZCDS4
2008-07-13T05:47:14,310505000,TAHITIAN-PRINCESS,GLACIER BAY,56.0909,-133.8205117,206,208,18.2,0,9187899,ZCDS4
2008-07-13T05:47:07,310505000,TAHITIAN-PRINCESS,GLACIER BAY,56.09134667,-133.82007,206,207,18.2,0,9187899,ZCDS4
2008-07-13T05:47:02,310505000,TAHITIAN-PRINCESS,GLACIER BAY,56.091865,-133.81957,205,207,18.2,0,9187899,ZCDS4
2008-07-13T05:46:55,310505000,TAHITIAN-PRINCESS,GLACIER BAY,56.09223333,-133.8192217,205,207,18.2,0,9187899,ZCDS4
2008-07-13T05:46:49,310505000,TAHITIAN-PRINCESS,GLACIER BAY,56.09275333,-133.8187367,205,206,18.2,0,9187899,ZCDS4
2008-07-13T05:46:43,310505000,TAHITIAN-PRINCESS,GLACIER BAY,56.09312667,-133.8183883,204,206,18.2,0,9187899,ZCDS4
2008-07-13T05:46:39,310505000,TAHITIAN-PRINCESS,GLACIER BAY,56.09357667,-133.8179767,204,205,18.2,0,9187899,ZCDS4
2008-07-13T05:46:32,310505000,TAHITIAN-PRINCESS,GLACIER BAY,56.09402667,-133.8175767,203,205,18.2,0,9187899,ZCDS4
2008-07-13T05:46:26,310505000,TAHITIAN-PRINCESS,GLACIER BAY,56.09447833,-133.8171783,203,205,18.3,0,9187899,ZCDS4
2008-07-13T05:46:19,310505000,TAHITIAN-PRINCESS,GLACIER BAY,56.09493333,-133.8167883,203,204,18.2,0,9187899,ZCDS4
2008-07-13T05:46:14,310505000,TAHITIAN-PRINCESS,GLACIER BAY,56.09538833,-133.8164,202,204,18.2,0,9187899,ZCDS4
2008-07-13T05:46:08,310505000,TAHITIAN-PRINCESS,GLACIER BAY,56.09584667,-133.8160183,202,204,18.2,0,9187899,ZCDS4
2008-07-13T05:46:01,310505000,TAHITIAN-PRINCESS,GLACIER BAY,56.09630667,-133.8156367,202,204,18.2,0,9187899,ZCDS4
2008-07-13T05:45:55,310505000,TAHITIAN-PRINCESS,GLACIER BAY,56.096765,-133.8152567,202,203,18.2,0,9187899,ZCDS4
2008-07-13T05:45:49,310505000,TAHITIAN-PRINCESS,GLACIER BAY,56.09730167,-133.8148217,201,203,18.2,0,9187899,ZCDS4
2008-07-13T05:45:44,310505000,TAHITIAN-PRINCESS,GLACIER BAY,56.09768667,-133.8145167,201,202,18.2,0,9187899,ZCDS4
2008-07-13T05:45:38,310505000,TAHITIAN-PRINCESS,GLACIER BAY,56.09815167,-133.81416,200,202,18.3,0,9187899,ZCDS4
2008-07-13T05:45:26,310505000,TAHITIAN-PRINCESS,GLACIER BAY,56.09908333,-133.8134617,200,202,18.3,0,9187899,ZCDS4
2008-07-13T05:45:19,310505000,TAHITIAN-PRINCESS,GLACIER BAY,56.09955167,-133.81312,200,202,18.2,0,9187899,ZCDS4
2008-07-13T05:45:14,310505000,TAHITIAN-PRINCESS,GLACIER BAY,56.10002,-133.812775,199,201,18.2,0,9187899,ZCDS4
2008-07-13T05:45:01,310505000,TAHITIAN-PRINCESS,GLACIER BAY,56.100955,-133.81209,199,201,18.3,0,9187899,ZCDS4
2008-07-13T05:44:55,310505000,TAHITIAN-PRINCESS,GLACIER BAY,56.10142833,-133.8117633,198,200,18.3,0,9187899,ZCDS4
2008-07-13T05:44:49,310505000,TAHITIAN-PRINCESS,GLACIER BAY,56.10197833,-133.811385,198,200,18.2,0,9187899,ZCDS4
2008-07-13T05:44:43,310505000,TAHITIAN-PRINCESS,GLACIER BAY,56.10237333,-133.8111183,198,200,18.3,0,9187899,ZCDS4
2008-07-13T05:44:38,310505000,TAHITIAN-PRINCESS,GLACIER BAY,56.10284667,-133.8107967,198,200,18.3,0,9187899,ZCDS4
2008-07-13T05:44:35,310505000,TAHITIAN-PRINCESS,GLACIER BAY,56.10332333,-133.810485,0,0,0.0,0,9187899,ZCDS4
2008-07-13T05:44:31,310505000,TAHITIAN-PRINCESS,GLACIER BAY,56.10332333,-133.810485,198,199,18.2,0,9187899,ZCDS4
2008-07-13T05:44:26,310505000,TAHITIAN-PRINCESS,GLACIER BAY,56.10379667,-133.81017,197,199,18.2,0,9187899,ZCDS4
2008-07-13T05:44:20,310505000,TAHITIAN-PRINCESS,GLACIER BAY,56.10427167,-133.8098583,197,198,18.2,0,9187899,ZCDS4
2008-07-13T05:44:14,310505000,TAHITIAN-PRINCESS,GLACIER BAY,56.10474667,-133.8095567,196,198,18.2,0,9187899,ZCDS4
2008-07-13T05:44:07,310505000,TAHITIAN-PRINCESS,GLACIER BAY,56.10522333,-133.8092617,196,198,18.2,0,9187899,ZCDS4
2008-07-13T05:44:02,310505000,TAHITIAN-PRINCESS,GLACIER BAY,56.10570167,-133.808975,196,198,18.2,0,9187899,ZCDS4
2008-07-13T05:43:55,310505000,TAHITIAN-PRINCESS,GLACIER BAY,56.10618,-133.80869,195,197,18.2,0,9187899,ZCDS4
2008-07-13T05:43:49,310505000,TAHITIAN-PRINCESS,GLACIER BAY,56.10673833,-133.8083617,195,197,18.2,0,9187899,ZCDS4
2008-07-13T05:43:44,310505000,TAHITIAN-PRINCESS,GLACIER BAY,56.10713833,-133.808135,195,197,18.2,0,9187899,ZCDS4
2008-07-13T05:43:38,310505000,TAHITIAN-PRINCESS,GLACIER BAY,56.10762167,-133.8078683,195,197,18.2,0,9187899,ZCDS4
2008-07-13T05:43:32,310505000,TAHITIAN-PRINCESS,GLACIER BAY,56.10810333,-133.8076,194,196,18.2,0,9187899,ZCDS4
2008-07-13T05:43:26,310505000,TAHITIAN-PRINCESS,GLACIER BAY,56.108585,-133.8073333,194,196,18.2,0,9187899,ZCDS4
2008-07-13T05:43:19,310505000,TAHITIAN-PRINCESS,GLACIER BAY,56.10906833,-133.8070683,194,196,18.2,0,9187899,ZCDS4
2008-07-13T05:43:08,310505000,TAHITIAN-PRINCESS,GLACIER BAY,56.11003667,-133.80656,193,196,18.3,0,9187899,ZCDS4
2008-07-13T05:43:01,310505000,TAHITIAN-PRINCESS,GLACIER BAY,56.11052167,-133.8063083,193,195,18.2,0,9187899,ZCDS4
2008-07-13T05:42:55,310505000,TAHITIAN-PRINCESS,GLACIER BAY,56.11100833,-133.80606,193,195,18.2,0,9187899,ZCDS4
2008-07-13T05:42:43,310505000,TAHITIAN-PRINCESS,GLACIER BAY,56.11198167,-133.8055633,192,195,18.3,0,9187899,ZCDS4
2008-07-13T05:42:38,310505000,TAHITIAN-PRINCESS,GLACIER BAY,56.11247,-133.8053217,192,195,18.2,0,9187899,ZCDS4
2008-07-13T05:42:31,310505000,TAHITIAN-PRINCESS,GLACIER BAY,56.11295833,-133.8050833,192,195,18.3,0,9187899,ZCDS4
2008-07-13T05:42:26,310505000,TAHITIAN-PRINCESS,GLACIER BAY,56.11344833,-133.80485,192,194,18.3,0,9187899,ZCDS4
2008-07-13T05:42:19,310505000,TAHITIAN-PRINCESS,GLACIER BAY,56.11394,-133.80462,192,194,18.3,0,9187899,ZCDS4
2008-07-13T05:42:15,310505000,TAHITIAN-PRINCESS,GLACIER BAY,56.11442833,-133.8043833,191,194,18.3,0,9187899,ZCDS4
2008-07-13T05:42:02,310505000,TAHITIAN-PRINCESS,GLACIER BAY,56.11541,-133.8039333,191,193,18.3,0,9187899,ZCDS4
2008-07-13T05:41:55,310505000,TAHITIAN-PRINCESS,GLACIER BAY,56.11590167,-133.8037183,190,193,18.3,0,9187899,ZCDS4
2008-07-13T05:41:50,310505000,TAHITIAN-PRINCESS,GLACIER BAY,56.116475,-133.803465,190,192,18.3,0,9187899,ZCDS4
2008-07-13T05:41:44,310505000,TAHITIAN-PRINCESS,GLACIER BAY,56.116885,-133.803285,190,192,18.3,0,9187899,ZCDS4
2008-07-13T05:41:37,310505000,TAHITIAN-PRINCESS,GLACIER BAY,56.11737833,-133.8030833,189,192,18.3,0,9187899,ZCDS4
2008-07-13T05:41:31,310505000,TAHITIAN-PRINCESS,GLACIER BAY,56.11787333,-133.8028933,189,191,18.3,0,9187899,ZCDS4
2008-07-13T05:41:26,310505000,TAHITIAN-PRINCESS,GLACIER BAY,56.11837,-133.8027083,189,191,18.3,0,9187899,ZCDS4
2008-07-13T05:41:19,310505000,TAHITIAN-PRINCESS,GLACIER BAY,56.118865,-133.8025217,189,191,18.3,0,9187899,ZCDS4
2008-07-13T05:41:01,310505000,TAHITIAN-PRINCESS,GLACIER BAY,56.12035667,-133.801985,189,191,18.3,0,9187899,ZCDS4
2008-07-13T05:40:55,310505000,TAHITIAN-PRINCESS,GLACIER BAY,56.12085333,-133.8018133,189,191,18.2,0,9187899,ZCDS4
2008-07-13T05:40:43,310505000,TAHITIAN-PRINCESS,GLACIER BAY,56.12184833,-133.8014567,189,191,18.3,0,9187899,ZCDS4
2008-07-13T05:40:37,310505000,TAHITIAN-PRINCESS,GLACIER BAY,56.122345,-133.80128,189,191,18.3,0,9187899,ZCDS4
2008-07-13T05:40:26,310505000,TAHITIAN-PRINCESS,GLACIER BAY,56.12334,-133.8009333,189,192,18.3,0,9187899,ZCDS4
2008-07-13T05:40:19,310505000,TAHITIAN-PRINCESS,GLACIER BAY,56.12383833,-133.8007533,189,192,18.3,0,9187899,ZCDS4
2008-07-13T05:40:01,310505000,TAHITIAN-PRINCESS,GLACIER BAY,56.12532833,-133.8002,189,191,18.3,0,9187899,ZCDS4
2008-07-13T05:39:50,310505000,TAHITIAN-PRINCESS,GLACIER BAY,56.126405,-133.7998117,189,191,18.2,0,9187899,ZCDS4
2008-07-13T05:39:38,310505000,TAHITIAN-PRINCESS,GLACIER BAY,56.12731833,-133.7995083,189,192,18.3,0,9187899,ZCDS4
2008-07-13T05:39:31,310505000,TAHITIAN-PRINCESS,GLACIER BAY,56.127815,-133.79933,189,191,18.3,0,9187899,ZCDS4
2008-07-13T05:39:26,310505000,TAHITIAN-PRINCESS,GLACIER BAY,56.12831333,-133.7991517,189,192,18.3,0,9187899,ZCDS4
2008-07-13T05:39:20,310505000,TAHITIAN-PRINCESS,GLACIER BAY,56.12889333,-133.79895,189,192,18.3,0,9187899,ZCDS4
2008-07-13T05:39:13,310505000,TAHITIAN-PRINCESS,GLACIER BAY,56.12930833,-133.7988017,189,192,18.3,0,9187899,ZCDS4
2008-07-13T05:39:08,310505000,TAHITIAN-PRINCESS,GLACIER BAY,56.12980667,-133.7986333,190,192,18.3,0,9187899,ZCDS4
2008-07-13T05:39:01,310505000,TAHITIAN-PRINCESS,GLACIER BAY,56.13030333,-133.7984467,190,192,18.3,0,9187899,ZCDS4
2008-07-13T05:38:55,310505000,TAHITIAN-PRINCESS,GLACIER BAY,56.13079833,-133.7982567,189,192,18.3,0,9187899,ZCDS4
2008-07-13T05:38:43,310505000,TAHITIAN-PRINCESS,GLACIER BAY,56.13179167,-133.7978917,189,191,18.3,0,9187899,ZCDS4
2008-07-13T05:38:37,310505000,TAHITIAN-PRINCESS,GLACIER BAY,56.13228833,-133.7977133,189,191,18.3,0,9187899,ZCDS4
2008-07-13T05:38:25,310505000,TAHITIAN-PRINCESS,GLACIER BAY,56.13336833,-133.7973267,189,191,18.3,0,9187899,ZCDS4
2008-07-13T05:38:20,310505000,TAHITIAN-PRINCESS,GLACIER BAY,56.13378167,-133.7971717,189,191,18.3,0,9187899,ZCDS4
2008-07-13T05:38:14,310505000,TAHITIAN-PRINCESS,GLACIER BAY,56.13428167,-133.797,189,191,18.4,0,9187899,ZCDS4
2008-07-13T05:38:08,310505000,TAHITIAN-PRINCESS,GLACIER BAY,56.13478167,-133.7968217,189,191,18.3,0,9187899,ZCDS4
2008-07-13T05:38:03,310505000,TAHITIAN-PRINCESS,GLACIER BAY,56.13527833,-133.7966433,189,191,18.3,0,9187899,ZCDS4
2008-07-13T05:37:55,310505000,TAHITIAN-PRINCESS,GLACIER BAY,56.13577667,-133.7964683,189,191,18.3,0,9187899,ZCDS4
2008-07-13T05:37:37,310505000,TAHITIAN-PRINCESS,GLACIER BAY,56.13727167,-133.795935,189,191,18.3,0,9187899,ZCDS4
2008-07-13T05:37:33,310505000,TAHITIAN-PRINCESS,GLACIER BAY,56.13777,-133.7957533,189,191,18.3,0,9187899,ZCDS4
2008-07-13T05:37:25,310505000,TAHITIAN-PRINCESS,GLACIER BAY,56.13835167,-133.7955483,189,191,18.3,0,9187899,ZCDS4
2008-07-13T05:37:14,310505000,TAHITIAN-PRINCESS,GLACIER BAY,56.13926167,-133.7952083,189,191,18.4,0,9187899,ZCDS4
2008-07-13T05:37:08,310505000,TAHITIAN-PRINCESS,GLACIER BAY,56.13976,-133.79503,188,191,18.3,0,9187899,ZCDS4
2008-07-13T05:36:44,310505000,TAHITIAN-PRINCESS,GLACIER BAY,56.14183833,-133.7943217,189,191,18.3,0,9187899,ZCDS4
2008-07-13T05:36:33,310505000,TAHITIAN-PRINCESS,GLACIER BAY,56.14275333,-133.793995,189,191,18.3,0,9187899,ZCDS4
2008-07-13T05:36:25,310505000,TAHITIAN-PRINCESS,GLACIER BAY,56.143335,-133.7937733,189,191,18.3,0,9187899,ZCDS4
2008-07-13T05:36:13,310505000,TAHITIAN-PRINCESS,GLACIER BAY,56.14425833,-133.7934467,189,191,18.3,0,9187899,ZCDS4
2008-07-13T05:36:01,310505000,TAHITIAN-PRINCESS,GLACIER BAY,56.14527333,-133.793085,189,192,18.4,0,9187899,ZCDS4
2008-07-13T05:35:51,310505000,TAHITIAN-PRINCESS,GLACIER BAY,56.14627167,-133.7927167,189,192,18.4,0,9187899,ZCDS4
2008-07-13T05:35:43,310505000,TAHITIAN-PRINCESS,GLACIER BAY,56.14685333,-133.7925017,189,192,18.4,0,9187899,ZCDS4
2008-07-13T05:35:38,310505000,TAHITIAN-PRINCESS,GLACIER BAY,56.14726667,-133.7923467,189,192,18.4,0,9187899,ZCDS4
2008-07-13T05:35:31,310505000,TAHITIAN-PRINCESS,GLACIER BAY,56.147765,-133.7921517,189,191,18.4,0,9187899,ZCDS4
2008-07-13T05:35:25,310505000,TAHITIAN-PRINCESS,GLACIER BAY,56.148345,-133.7919367,189,191,18.4,0,9187899,ZCDS4
2008-07-13T05:35:20,310505000,TAHITIAN-PRINCESS,GLACIER BAY,56.14876167,-133.7917933,189,191,18.4,0,9187899,ZCDS4
2008-07-13T05:35:15,310505000,TAHITIAN-PRINCESS,GLACIER BAY,56.14926167,-133.791625,189,191,18.4,0,9187899,ZCDS4
2008-07-13T05:35:09,310505000,TAHITIAN-PRINCESS,GLACIER BAY,56.14976,-133.79145,189,192,18.4,0,9187899,ZCDS4
2008-07-13T05:35:02,310505000,TAHITIAN-PRINCESS,GLACIER BAY,56.15026,-133.791265,189,192,18.4,0,9187899,ZCDS4
2008-07-13T05:34:56,310505000,TAHITIAN-PRINCESS,GLACIER BAY,56.15083833,-133.7910533,189,192,18.4,0,9187899,ZCDS4
2008-07-13T05:34:49,310505000,TAHITIAN-PRINCESS,GLACIER BAY,56.15125167,-133.7909017,189,192,18.4,0,9187899,ZCDS4
2008-07-13T05:34:38,310505000,TAHITIAN-PRINCESS,GLACIER BAY,56.15224167,-133.790535,189,191,18.4,0,9187899,ZCDS4
2008-07-13T05:34:31,310505000,TAHITIAN-PRINCESS,GLACIER BAY,56.15274,-133.7903533,189,191,18.4,0,9187899,ZCDS4
2008-07-13T05:34:21,310505000,TAHITIAN-PRINCESS,GLACIER BAY,56.15374167,-133.7900017,189,192,18.3,0,9187899,ZCDS4
2008-07-13T05:34:13,310505000,TAHITIAN-PRINCESS,GLACIER BAY,56.15423833,-133.7898117,189,191,18.4,0,9187899,ZCDS4
2008-07-13T05:34:02,310505000,TAHITIAN-PRINCESS,GLACIER BAY,56.15523667,-133.78944,189,191,18.4,0,9187899,ZCDS4
2008-07-13T05:33:55,310505000,TAHITIAN-PRINCESS,GLACIER BAY,56.15582,-133.7892367,189,191,18.4,0,9187899,ZCDS4
2008-07-13T05:33:54,310505000,TAHITIAN-PRINCESS,GLACIER BAY,56.153,-133.784167,511,360,102.3,15,9187899,ZCDS4
2008-07-13T05:33:43,310505000,TAHITIAN-PRINCESS,GLACIER BAY,56.15682167,-133.7888933,189,191,18.4,0,9187899,ZCDS4
2008-07-13T05:33:32,310505000,TAHITIAN-PRINCESS,GLACIER BAY,56.15774,-133.7885767,189,191,18.4,0,9187899,ZCDS4
2008-07-13T05:33:26,310505000,TAHITIAN-PRINCESS,GLACIER BAY,56.15823833,-133.7883933,189,191,18.4,0,9187899,ZCDS4
2008-07-13T05:33:08,310505000,TAHITIAN-PRINCESS,GLACIER BAY,56.159735,-133.787855,189,191,18.4,0,9187899,ZCDS4
2008-07-13T05:32:55,310505000,TAHITIAN-PRINCESS,GLACIER BAY,56.16081833,-133.78747,189,191,18.4,0,9187899,ZCDS4
2008-07-13T05:32:50,310505000,TAHITIAN-PRINCESS,GLACIER BAY,56.16123333,-133.787325,189,191,18.4,0,9187899,ZCDS4
2008-07-13T05:32:38,310505000,TAHITIAN-PRINCESS,GLACIER BAY,56.16223333,-133.78698,189,191,18.3,0,9187899,ZCDS4
2008-07-13T05:32:36,310505000,TAHITIAN-PRINCESS,GLACIER BAY,56.16273333,-133.7868,0,0,0.0,0,9187899,ZCDS4
2008-07-13T05:32:31,310505000,TAHITIAN-PRINCESS,GLACIER BAY,56.16273333,-133.7868,189,191,18.3,0,9187899,ZCDS4
2008-07-13T05:32:27,310505000,TAHITIAN-PRINCESS,GLACIER BAY,56.16323167,-133.7866233,189,191,18.4,0,9187899,ZCDS4
2008-07-13T05:32:08,310505000,TAHITIAN-PRINCESS,GLACIER BAY,56.16472667,-133.7860767,189,191,18.4,0,9187899,ZCDS4
2008-07-13T05:31:55,310505000,TAHITIAN-PRINCESS,GLACIER BAY,56.16581,-133.7856983,189,191,18.4,0,9187899,ZCDS4
2008-07-13T05:31:50,310505000,TAHITIAN-PRINCESS,GLACIER BAY,56.16622667,-133.7855483,189,192,18.4,0,9187899,ZCDS4
2008-07-13T05:31:43,310505000,TAHITIAN-PRINCESS,GLACIER BAY,56.16681,-133.7853367,189,192,18.4,0,9187899,ZCDS4
2008-07-13T05:31:38,310505000,TAHITIAN-PRINCESS,GLACIER BAY,56.167225,-133.78519,189,192,18.4,0,9187899,ZCDS4
2008-07-13T05:31:31,310505000,TAHITIAN-PRINCESS,GLACIER BAY,56.167725,-133.78501,189,192,18.3,0,9187899,ZCDS4
2008-07-13T05:31:19,310505000,TAHITIAN-PRINCESS,GLACIER BAY,56.168805,-133.78461,189,192,18.4,0,9187899,ZCDS4
2008-07-13T05:31:14,310505000,TAHITIAN-PRINCESS,GLACIER BAY,56.16922,-133.78445,189,192,18.3,0,9187899,ZCDS4
2008-07-13T05:31:08,310505000,TAHITIAN-PRINCESS,GLACIER BAY,56.16971833,-133.78426,189,191,18.4,0,9187899,ZCDS4
2008-07-13T05:30:44,310505000,TAHITIAN-PRINCESS,GLACIER BAY,56.171715,-133.7835367,189,191,18.3,0,9187899,ZCDS4
2008-07-13T05:30:38,310505000,TAHITIAN-PRINCESS,GLACIER BAY,56.17221333,-133.7833583,189,191,18.4,0,9187899,ZCDS4
2008-07-13T05:30:20,310505000,TAHITIAN-PRINCESS,GLACIER BAY,56.17379167,-133.7827967,189,191,18.3,0,9187899,ZCDS4
2008-07-13T05:30:08,310505000,TAHITIAN-PRINCESS,GLACIER BAY,56.17470333,-133.7824667,189,191,18.3,0,9187899,ZCDS4
2008-07-13T05:30:02,310505000,TAHITIAN-PRINCESS,GLACIER BAY,56.17528333,-133.7822567,189,191,18.3,0,9187899,ZCDS4
2008-07-13T05:29:51,310505000,TAHITIAN-PRINCESS,GLACIER BAY,56.17619667,-133.7819317,189,191,18.3,0,9187899,ZCDS4
2008-07-13T05:29:14,310505000,TAHITIAN-PRINCESS,GLACIER BAY,56.17918333,-133.78088,189,191,18.3,0,9187899,ZCDS4
2008-07-13T05:29:08,310505000,TAHITIAN-PRINCESS,GLACIER BAY,56.17967833,-133.7807,189,191,18.3,0,9187899,ZCDS4
2008-07-13T05:29:01,310505000,TAHITIAN-PRINCESS,GLACIER BAY,56.18025833,-133.78049,189,191,18.3,0,9187899,ZCDS4
2008-07-13T05:28:56,310505000,TAHITIAN-PRINCESS,GLACIER BAY,56.18067167,-133.7803417,189,191,18.3,0,9187899,ZCDS4
2008-07-13T05:28:50,310505000,TAHITIAN-PRINCESS,GLACIER BAY,56.18117,-133.7801633,189,191,18.3,0,9187899,ZCDS4
2008-07-13T05:28:44,310505000,TAHITIAN-PRINCESS,GLACIER BAY,56.18166667,-133.7799883,189,191,18.3,0,9187899,ZCDS4
2008-07-13T05:28:39,310505000,TAHITIAN-PRINCESS,GLACIER BAY,56.18216333,-133.7798067,189,191,18.3,0,9187899,ZCDS4
2008-07-13T05:28:31,310505000,TAHITIAN-PRINCESS,GLACIER BAY,56.182745,-133.7796117,189,191,18.3,0,9187899,ZCDS4
2008-07-13T05:28:26,310505000,TAHITIAN-PRINCESS,GLACIER BAY,56.18316,-133.7794683,189,191,18.3,0,9187899,ZCDS4
2008-07-13T05:28:14,310505000,TAHITIAN-PRINCESS,GLACIER BAY,56.18415667,-133.7791367,189,191,18.3,0,9187899,ZCDS4
2008-07-13T05:27:57,310505000,TAHITIAN-PRINCESS,GLACIER BAY,56.18565167,-133.778635,189,191,18.3,0,9187899,ZCDS4
2008-07-13T05:27:44,310505000,TAHITIAN-PRINCESS,GLACIER BAY,56.186645,-133.77829,189,191,18.2,0,9187899,ZCDS4
2008-07-13T05:27:32,310505000,TAHITIAN-PRINCESS,GLACIER BAY,56.18763667,-133.777935,189,191,18.2,0,9187899,ZCDS4
2008-07-13T05:27:26,310505000,TAHITIAN-PRINCESS,GLACIER BAY,56.18813167,-133.7777583,189,191,18.2,0,9187899,ZCDS4
2008-07-13T05:27:19,310505000,TAHITIAN-PRINCESS,GLACIER BAY,56.18871,-133.7775483,189,191,18.2,0,9187899,ZCDS4
2008-07-13T05:27:13,310505000,TAHITIAN-PRINCESS,GLACIER BAY,56.18920333,-133.77737,189,191,18.2,0,9187899,ZCDS4
2008-07-13T05:27:03,310505000,TAHITIAN-PRINCESS,GLACIER BAY,56.19011,-133.777045,189,191,18.2,0,9187899,ZCDS4
2008-07-13T05:26:51,310505000,TAHITIAN-PRINCESS,GLACIER BAY,56.1911,-133.77671,189,191,18.2,0,9187899,ZCDS4
2008-07-13T05:26:38,310505000,TAHITIAN-PRINCESS,GLACIER BAY,56.19209333,-133.7763817,189,191,18.2,0,9187899,ZCDS4
2008-07-13T05:26:08,310505000,TAHITIAN-PRINCESS,GLACIER BAY,56.19456833,-133.775535,189,191,18.2,0,9187899,ZCDS4
2008-07-13T05:26:01,310505000,TAHITIAN-PRINCESS,GLACIER BAY,56.19506333,-133.7753567,189,191,18.2,0,9187899,ZCDS4
2008-07-13T05:25:56,310505000,TAHITIAN-PRINCESS,GLACIER BAY,56.19555667,-133.77518,189,191,18.2,0,9187899,ZCDS4
2008-07-13T05:25:50,310505000,TAHITIAN-PRINCESS,GLACIER BAY,56.19605333,-133.7750133,189,191,18.2,0,9187899,ZCDS4
2008-07-13T05:25:44,310505000,TAHITIAN-PRINCESS,GLACIER BAY,56.19654833,-133.774845,189,191,18.2,0,9187899,ZCDS4
2008-07-13T05:25:38,310505000,TAHITIAN-PRINCESS,GLACIER BAY,56.19704333,-133.7746717,189,190,18.2,0,9187899,ZCDS4
2008-07-13T05:25:31,310505000,TAHITIAN-PRINCESS,GLACIER BAY,56.19762167,-133.7744833,189,190,18.1,0,9187899,ZCDS4
2008-07-13T05:25:26,310505000,TAHITIAN-PRINCESS,GLACIER BAY,56.198035,-133.7743467,189,190,18.2,0,9187899,ZCDS4
2008-07-13T05:25:19,310505000,TAHITIAN-PRINCESS,GLACIER BAY,56.198615,-133.7741633,189,191,18.2,0,9187899,ZCDS4
2008-07-13T05:25:15,310505000,TAHITIAN-PRINCESS,GLACIER BAY,56.19911,-133.7740017,189,191,18.2,0,9187899,ZCDS4
2008-07-13T05:25:09,310505000,TAHITIAN-PRINCESS,GLACIER BAY,56.19952333,-133.77387,189,191,18.2,0,9187899,ZCDS4
2008-07-13T05:24:50,310505000,TAHITIAN-PRINCESS,GLACIER BAY,56.20100833,-133.7733567,189,191,18.2,0,9187899,ZCDS4
2008-07-13T05:24:44,310505000,TAHITIAN-PRINCESS,GLACIER BAY,56.20150333,-133.773185,189,191,18.2,0,9187899,ZCDS4
2008-07-13T05:24:38,310505000,TAHITIAN-PRINCESS,GLACIER BAY,56.20199833,-133.77301,189,190,18.2,0,9187899,ZCDS4
2008-07-13T05:24:26,310505000,TAHITIAN-PRINCESS,GLACIER BAY,56.20298833,-133.772675,189,190,18.2,0,9187899,ZCDS4
2008-07-13T05:24:19,310505000,TAHITIAN-PRINCESS,GLACIER BAY,56.203485,-133.772515,189,190,18.2,0,9187899,ZCDS4
2008-07-13T05:23:49,310505000,TAHITIAN-PRINCESS,GLACIER BAY,56.20596833,-133.7717133,189,190,18.2,0,9187899,ZCDS4
2008-07-13T05:23:39,310505000,TAHITIAN-PRINCESS,GLACIER BAY,56.20696167,-133.7713883,189,190,18.2,0,9187899,ZCDS4
2008-07-13T05:23:31,310505000,TAHITIAN-PRINCESS,GLACIER BAY,56.20754167,-133.771205,189,190,18.2,0,9187899,ZCDS4
2008-07-13T05:23:20,310505000,TAHITIAN-PRINCESS,GLACIER BAY,56.20845,-133.7709,189,190,18.1,0,9187899,ZCDS4
2008-07-13T05:23:13,310505000,TAHITIAN-PRINCESS,GLACIER BAY,56.20903,-133.77072,189,190,18.2,0,9187899,ZCDS4
2008-07-13T05:23:02,310505000,TAHITIAN-PRINCESS,GLACIER BAY,56.20993833,-133.7704367,189,190,18.1,0,9187899,ZCDS4
2008-07-13T05:22:57,310505000,TAHITIAN-PRINCESS,GLACIER BAY,56.21043333,-133.7702783,189,190,18.2,0,9187899,ZCDS4
2008-07-13T05:22:49,310505000,TAHITIAN-PRINCESS,GLACIER BAY,56.21092833,-133.7701117,189,190,18.2,0,9187899,ZCDS4
2008-07-13T05:22:44,310505000,TAHITIAN-PRINCESS,GLACIER BAY,56.21142333,-133.7699567,189,190,18.2,0,9187899,ZCDS4
2008-07-13T05:22:39,310505000,TAHITIAN-PRINCESS,GLACIER BAY,56.21191833,-133.769795,189,190,18.2,0,9187899,ZCDS4
2008-07-13T05:22:26,310505000,TAHITIAN-PRINCESS,GLACIER BAY,56.21290833,-133.7694783,189,190,18.1,0,9187899,ZCDS4
2008-07-13T05:22:19,310505000,TAHITIAN-PRINCESS,GLACIER BAY,56.21340167,-133.7693083,189,190,18.1,0,9187899,ZCDS4
2008-07-13T05:22:13,310505000,TAHITIAN-PRINCESS,GLACIER BAY,56.21397833,-133.7691183,189,190,18.1,0,9187899,ZCDS4
2008-07-13T05:22:07,310505000,TAHITIAN-PRINCESS,GLACIER BAY,56.21439,-133.768985,189,190,18.1,0,9187899,ZCDS4
2008-07-13T05:22:02,310505000,TAHITIAN-PRINCESS,GLACIER BAY,56.21488167,-133.7688183,189,190,18.1,0,9187899,ZCDS4
2008-07-13T05:21:44,310505000,TAHITIAN-PRINCESS,GLACIER BAY,56.216365,-133.7683633,189,190,18.1,0,9187899,ZCDS4
2008-07-13T05:21:26,310505000,TAHITIAN-PRINCESS,GLACIER BAY,56.21784833,-133.7679183,189,190,18.1,0,9187899,ZCDS4
2008-07-13T05:21:13,310505000,TAHITIAN-PRINCESS,GLACIER BAY,56.21892,-133.76759,189,190,18.1,0,9187899,ZCDS4
2008-07-13T05:21:08,310505000,TAHITIAN-PRINCESS,GLACIER BAY,56.21933167,-133.767465,189,190,18.0,0,9187899,ZCDS4
2008-07-13T05:20:56,310505000,TAHITIAN-PRINCESS,GLACIER BAY,56.22081,-133.7669867,189,190,18.0,0,9187899,ZCDS4
2008-07-13T05:20:38,310505000,TAHITIAN-PRINCESS,GLACIER BAY,56.22179333,-133.7666633,189,190,17.9,0,9187899,ZCDS4
2008-07-13T05:20:33,310505000,TAHITIAN-PRINCESS,GLACIER BAY,56.222285,-133.7665067,0,0,0.0,0,9187899,ZCDS4
2008-07-13T05:20:32,310505000,TAHITIAN-PRINCESS,GLACIER BAY,56.222285,-133.7665067,189,190,18.0,0,9187899,ZCDS4
2008-07-13T05:20:14,310505000,TAHITIAN-PRINCESS,GLACIER BAY,56.223755,-133.76603,189,190,18.0,0,9187899,ZCDS4
2008-07-13T05:20:07,310505000,TAHITIAN-PRINCESS,GLACIER BAY,56.22424833,-133.7658833,189,190,18.0,0,9187899,ZCDS4
2008-07-13T05:19:49,310505000,TAHITIAN-PRINCESS,GLACIER BAY,56.22572167,-133.7654367,189,190,17.9,0,9187899,ZCDS4
2008-07-13T05:19:44,310505000,TAHITIAN-PRINCESS,GLACIER BAY,56.22621167,-133.765285,189,190,18.0,0,9187899,ZCDS4
2008-07-13T05:19:19,310505000,TAHITIAN-PRINCESS,GLACIER BAY,56.22817,-133.76467,189,190,17.9,0,9187899,ZCDS4
2008-07-13T05:19:02,310505000,TAHITIAN-PRINCESS,GLACIER BAY,56.22963833,-133.764225,189,190,17.9,0,9187899,ZCDS4
2008-07-13T05:18:57,310505000,TAHITIAN-PRINCESS,GLACIER BAY,56.23012667,-133.7640683,189,190,17.9,0,9187899,ZCDS4
2008-07-13T05:18:49,310505000,TAHITIAN-PRINCESS,GLACIER BAY,56.23069833,-133.7639017,189,190,17.9,0,9187899,ZCDS4
2008-07-13T05:18:45,310505000,TAHITIAN-PRINCESS,GLACIER BAY,56.23118667,-133.763755,189,190,17.9,0,9187899,ZCDS4
2008-07-13T05:18:32,310505000,TAHITIAN-PRINCESS,GLACIER BAY,56.23207833,-133.7634717,189,190,17.8,0,9187899,ZCDS4
2008-07-13T05:18:19,310505000,TAHITIAN-PRINCESS,GLACIER BAY,56.23313333,-133.76315,189,190,17.8,0,9187899,ZCDS4
2008-07-13T05:18:15,310505000,TAHITIAN-PRINCESS,GLACIER BAY,56.23354,-133.7630267,189,190,17.8,0,9187899,ZCDS4
2008-07-13T05:17:56,310505000,TAHITIAN-PRINCESS,GLACIER BAY,56.23499667,-133.7625517,189,190,17.8,0,9187899,ZCDS4
2008-07-13T05:17:49,310505000,TAHITIAN-PRINCESS,GLACIER BAY,56.23548167,-133.7623833,189,190,17.8,0,9187899,ZCDS4
2008-07-13T05:17:43,310505000,TAHITIAN-PRINCESS,GLACIER BAY,56.23604833,-133.7621967,189,190,17.9,0,9187899,ZCDS4
2008-07-13T05:17:39,310505000,TAHITIAN-PRINCESS,GLACIER BAY,56.23645333,-133.76207,189,190,17.9,0,9187899,ZCDS4
2008-07-13T05:17:32,310505000,TAHITIAN-PRINCESS,GLACIER BAY,56.23693833,-133.7619067,189,190,17.9,0,9187899,ZCDS4
2008-07-13T05:17:25,310505000,TAHITIAN-PRINCESS,GLACIER BAY,56.237425,-133.7617567,189,190,17.8,0,9187899,ZCDS4
2008-07-13T05:17:02,310505000,TAHITIAN-PRINCESS,GLACIER BAY,56.239365,-133.76111,189,190,17.8,0,9187899,ZCDS4
2008-07-13T05:16:57,310505000,TAHITIAN-PRINCESS,GLACIER BAY,56.23985,-133.7609467,189,190,17.8,0,9187899,ZCDS4
2008-07-13T05:16:49,310505000,TAHITIAN-PRINCESS,GLACIER BAY,56.240415,-133.7607567,189,190,17.8,0,9187899,ZCDS4
2008-07-13T05:16:44,310505000,TAHITIAN-PRINCESS,GLACIER BAY,56.2409,-133.7606,188,190,17.8,0,9187899,ZCDS4
2008-07-13T05:16:32,310505000,TAHITIAN-PRINCESS,GLACIER BAY,56.24179,-133.7603217,189,191,17.7,0,9187899,ZCDS4
2008-07-13T05:16:25,310505000,TAHITIAN-PRINCESS,GLACIER BAY,56.242275,-133.76017,189,191,17.8,0,9187899,ZCDS4
2008-07-13T05:16:07,310505000,TAHITIAN-PRINCESS,GLACIER BAY,56.24372833,-133.7596867,189,191,17.7,0,9187899,ZCDS4
2008-07-13T05:16:01,310505000,TAHITIAN-PRINCESS,GLACIER BAY,56.24421,-133.7595183,189,191,17.7,0,9187899,ZCDS4
2008-07-13T05:15:55,310505000,TAHITIAN-PRINCESS,GLACIER BAY,56.24469333,-133.759355,189,191,17.7,0,9187899,ZCDS4
2008-07-13T05:15:50,310505000,TAHITIAN-PRINCESS,GLACIER BAY,56.24517667,-133.7591833,189,191,17.7,0,9187899,ZCDS4
2008-07-13T05:15:44,310505000,TAHITIAN-PRINCESS,GLACIER BAY,56.24573833,-133.7589867,189,191,17.7,0,9187899,ZCDS4
2008-07-13T05:15:25,310505000,TAHITIAN-PRINCESS,GLACIER BAY,56.24710667,-133.75853,189,191,17.7,0,9187899,ZCDS4
2008-07-13T05:15:19,310505000,TAHITIAN-PRINCESS,GLACIER BAY,56.24759167,-133.7583717,189,191,17.8,0,9187899,ZCDS4
2008-07-13T05:15:14,310505000,TAHITIAN-PRINCESS,GLACIER BAY,56.24807333,-133.75821,189,191,17.7,0,9187899,ZCDS4
2008-07-13T05:15:07,310505000,TAHITIAN-PRINCESS,GLACIER BAY,56.24855667,-133.7580483,189,191,17.7,0,9187899,ZCDS4
2008-07-13T05:15:02,310505000,TAHITIAN-PRINCESS,GLACIER BAY,56.24904,-133.7578817,189,191,17.8,0,9187899,ZCDS4
2008-07-13T05:14:55,310505000,TAHITIAN-PRINCESS,GLACIER BAY,56.24952167,-133.757715,189,191,17.8,0,9187899,ZCDS4
2008-07-13T05:14:45,310505000,TAHITIAN-PRINCESS,GLACIER BAY,56.25049,-133.757395,189,190,17.7,0,9187899,ZCDS4
2008-07-13T05:14:33,310505000,TAHITIAN-PRINCESS,GLACIER BAY,56.25194167,-133.7569117,0,0,0.0,0,9187899,ZCDS4
2008-07-13T05:14:26,310505000,TAHITIAN-PRINCESS,GLACIER BAY,56.25194167,-133.7569117,189,190,17.8,0,9187899,ZCDS4
2008-07-13T05:14:14,310505000,TAHITIAN-PRINCESS,GLACIER BAY,56.25291333,-133.7566,189,191,17.9,0,9187899,ZCDS4
2008-07-13T05:14:08,310505000,TAHITIAN-PRINCESS,GLACIER BAY,56.2534,-133.75644,189,190,17.9,0,9187899,ZCDS4
2008-07-13T05:14:01,310505000,TAHITIAN-PRINCESS,GLACIER BAY,56.25388667,-133.756275,189,190,17.9,0,9187899,ZCDS4
2008-07-13T05:13:44,310505000,TAHITIAN-PRINCESS,GLACIER BAY,56.25535,-133.7557883,189,190,18.0,0,9187899,ZCDS4
2008-07-13T05:13:37,310505000,TAHITIAN-PRINCESS,GLACIER BAY,56.25584,-133.7556267,189,190,18.0,0,9187899,ZCDS4
2008-07-13T05:13:14,310505000,TAHITIAN-PRINCESS,GLACIER BAY,56.25780333,-133.7549883,188,191,18.1,0,9187899,ZCDS4
2008-07-13T05:13:01,310505000,TAHITIAN-PRINCESS,GLACIER BAY,56.25879,-133.75467,188,191,18.1,0,9187899,ZCDS4
2008-07-13T05:12:49,310505000,TAHITIAN-PRINCESS,GLACIER BAY,56.25977667,-133.754325,189,192,18.2,0,9187899,ZCDS4
2008-07-13T05:12:32,310505000,TAHITIAN-PRINCESS,GLACIER BAY,56.26125667,-133.7537767,188,191,18.2,0,9187899,ZCDS4
2008-07-13T05:12:26,310505000,TAHITIAN-PRINCESS,GLACIER BAY,56.26175,-133.7535933,189,191,18.2,0,9187899,ZCDS4
2008-07-13T05:12:01,310505000,TAHITIAN-PRINCESS,GLACIER BAY,56.26373,-133.7528767,189,191,18.3,0,9187899,ZCDS4
2008-07-13T05:11:57,310505000,TAHITIAN-PRINCESS,GLACIER BAY,56.26422667,-133.7527,189,192,18.3,0,9187899,ZCDS4
2008-07-13T05:11:32,310505000,TAHITIAN-PRINCESS,GLACIER BAY,56.26621167,-133.751965,189,191,18.3,0,9187899,ZCDS4
2008-07-13T05:11:13,310505000,TAHITIAN-PRINCESS,GLACIER BAY,56.26770333,-133.75141,189,192,18.4,0,9187899,ZCDS4
2008-07-13T05:11:08,310505000,TAHITIAN-PRINCESS,GLACIER BAY,56.26820333,-133.751235,189,192,18.4,0,9187899,ZCDS4
2008-07-13T05:10:49,310505000,TAHITIAN-PRINCESS,GLACIER BAY,56.2697,-133.75068,189,192,18.4,0,9187899,ZCDS4
2008-07-13T05:10:44,310505000,TAHITIAN-PRINCESS,GLACIER BAY,56.2702,-133.750495,189,192,18.4,0,9187899,ZCDS4
2008-07-13T05:10:08,310505000,TAHITIAN-PRINCESS,GLACIER BAY,56.273205,-133.749375,190,193,18.5,0,9187899,ZCDS4
2008-07-13T05:10:01,310505000,TAHITIAN-PRINCESS,GLACIER BAY,56.273705,-133.749175,190,193,18.5,0,9187899,ZCDS4
2008-07-13T05:09:55,310505000,TAHITIAN-PRINCESS,GLACIER BAY,56.274205,-133.7489783,190,193,18.5,0,9187899,ZCDS4
2008-07-13T05:09:49,310505000,TAHITIAN-PRINCESS,GLACIER BAY,56.27470333,-133.748765,190,193,18.5,0,9187899,ZCDS4
2008-07-13T05:09:37,310505000,TAHITIAN-PRINCESS,GLACIER BAY,56.27570167,-133.74835,190,194,18.5,0,9187899,ZCDS4
2008-07-13T05:09:32,310505000,TAHITIAN-PRINCESS,GLACIER BAY,56.2762,-133.7481367,191,194,18.5,0,9187899,ZCDS4
2008-07-13T05:09:26,310505000,TAHITIAN-PRINCESS,GLACIER BAY,56.2767,-133.7479317,191,194,18.5,0,9187899,ZCDS4
2008-07-13T05:09:13,310505000,TAHITIAN-PRINCESS,GLACIER BAY,56.277695,-133.7474967,191,194,18.5,0,9187899,ZCDS4
2008-07-13T05:09:01,310505000,TAHITIAN-PRINCESS,GLACIER BAY,56.27869333,-133.7470733,191,195,18.5,0,9187899,ZCDS4
2008-07-13T05:08:37,310505000,TAHITIAN-PRINCESS,GLACIER BAY,56.28076667,-133.74613,193,196,18.5,0,9187899,ZCDS4
2008-07-13T05:08:19,310505000,TAHITIAN-PRINCESS,GLACIER BAY,56.282255,-133.7453933,194,197,18.5,0,9187899,ZCDS4
2008-07-13T05:07:55,310505000,TAHITIAN-PRINCESS,GLACIER BAY,56.28422333,-133.74432,196,199,18.6,0,9187899,ZCDS4
2008-07-13T05:07:50,310505000,TAHITIAN-PRINCESS,GLACIER BAY,56.28463167,-133.7440867,196,199,18.6,0,9187899,ZCDS4
2008-07-13T05:07:38,310505000,TAHITIAN-PRINCESS,GLACIER BAY,56.28569167,-133.7434683,197,199,18.5,0,9187899,ZCDS4
2008-07-13T05:06:50,310505000,TAHITIAN-PRINCESS,GLACIER BAY,56.28949167,-133.7410617,199,202,18.5,0,9187899,ZCDS4
2008-07-13T05:06:37,310505000,TAHITIAN-PRINCESS,GLACIER BAY,56.29053167,-133.740345,200,202,18.6,0,9187899,ZCDS4
2008-07-13T05:06:19,310505000,TAHITIAN-PRINCESS,GLACIER BAY,56.29196833,-133.73933,201,203,18.5,0,9187899,ZCDS4
2008-07-13T05:06:08,310505000,TAHITIAN-PRINCESS,GLACIER BAY,56.29284333,-133.7386917,202,204,18.5,0,9187899,ZCDS4
2008-07-13T05:05:51,310505000,TAHITIAN-PRINCESS,GLACIER BAY,56.29426,-133.7376,203,205,18.5,0,9187899,ZCDS4
2008-07-13T05:05:43,310505000,TAHITIAN-PRINCESS,GLACIER BAY,56.29472833,-133.73722,203,205,18.5,0,9187899,ZCDS4
2008-07-13T05:05:08,310505000,TAHITIAN-PRINCESS,GLACIER BAY,56.29752667,-133.734915,204,205,18.5,0,9187899,ZCDS4
2008-07-13T05:04:38,310505000,TAHITIAN-PRINCESS,GLACIER BAY,56.29992333,-133.7328983,204,205,18.5,0,9187899,ZCDS4
2008-07-13T05:04:26,310505000,TAHITIAN-PRINCESS,GLACIER BAY,56.30077167,-133.73218,204,205,18.4,0,9187899,ZCDS4
2008-07-13T05:04:08,310505000,TAHITIAN-PRINCESS,GLACIER BAY,56.30215667,-133.7309967,204,205,18.4,0,9187899,ZCDS4
2008-07-13T05:03:56,310505000,TAHITIAN-PRINCESS,GLACIER BAY,56.30315833,-133.7301583,204,205,18.4,0,9187899,ZCDS4
2008-07-13T05:03:50,310505000,TAHITIAN-PRINCESS,GLACIER BAY,56.30354333,-133.72983,204,205,18.4,0,9187899,ZCDS4
2008-07-13T05:03:25,310505000,TAHITIAN-PRINCESS,GLACIER BAY,56.30539167,-133.728285,204,205,18.4,0,9187899,ZCDS4
2008-07-13T05:03:19,310505000,TAHITIAN-PRINCESS,GLACIER BAY,56.305855,-133.7279017,204,206,18.4,0,9187899,ZCDS4
2008-07-13T05:03:01,310505000,TAHITIAN-PRINCESS,GLACIER BAY,56.30731167,-133.7266483,204,205,18.4,0,9187899,ZCDS4
2008-07-13T05:02:50,310505000,TAHITIAN-PRINCESS,GLACIER BAY,56.30815167,-133.7259233,204,205,18.4,0,9187899,ZCDS4
2008-07-13T05:02:43,310505000,TAHITIAN-PRINCESS,GLACIER BAY,56.30861,-133.7255283,204,205,18.4,0,9187899,ZCDS4
2008-07-13T05:02:31,310505000,TAHITIAN-PRINCESS,GLACIER BAY,56.30953,-133.7247467,204,205,18.4,0,9187899,ZCDS4
2008-07-13T05:02:25,310505000,TAHITIAN-PRINCESS,GLACIER BAY,56.30999167,-133.7243617,204,205,18.4,0,9187899,ZCDS4
2008-07-13T05:02:14,310505000,TAHITIAN-PRINCESS,GLACIER BAY,56.31099167,-133.7235283,204,205,18.4,0,9187899,ZCDS4
2008-07-13T05:02:01,310505000,TAHITIAN-PRINCESS,GLACIER BAY,56.31184167,-133.7228317,204,205,18.4,0,9187899,ZCDS4
2008-07-13T05:01:55,310505000,TAHITIAN-PRINCESS,GLACIER BAY,56.31238167,-133.7223883,204,205,18.4,0,9187899,ZCDS4
2008-07-13T05:01:38,310505000,TAHITIAN-PRINCESS,GLACIER BAY,56.313685,-133.7212833,204,205,18.4,0,9187899,ZCDS4
2008-07-13T05:00:13,310505000,TAHITIAN-PRINCESS,GLACIER BAY,56.32013667,-133.715845,204,205,18.4,0,9187899,ZCDS4
2008-07-13T04:59:56,310505000,TAHITIAN-PRINCESS,GLACIER BAY,56.32160333,-133.7146433,204,205,18.3,0,9187899,ZCDS4
2008-07-13T04:59:37,310505000,TAHITIAN-PRINCESS,GLACIER BAY,56.32290833,-133.71355,204,205,18.4,0,9187899,ZCDS4
2008-07-13T04:59:01,310505000,TAHITIAN-PRINCESS,GLACIER BAY,56.32569,-133.7112667,204,205,18.4,0,9187899,ZCDS4
2008-07-13T04:58:56,310505000,TAHITIAN-PRINCESS,GLACIER BAY,56.32623,-133.71082,204,205,18.4,0,9187899,ZCDS4
2008-07-13T04:58:37,310505000,TAHITIAN-PRINCESS,GLACIER BAY,56.32753833,-133.7097233,204,205,18.4,0,9187899,ZCDS4
2008-07-13T04:58:19,310505000,TAHITIAN-PRINCESS,GLACIER BAY,56.32900333,-133.708495,204,205,18.4,0,9187899,ZCDS4
2008-07-13T04:58:01,310505000,TAHITIAN-PRINCESS,GLACIER BAY,56.33032167,-133.7074133,204,205,18.5,0,9187899,ZCDS4
2008-07-13T04:57:55,310505000,TAHITIAN-PRINCESS,GLACIER BAY,56.33086667,-133.70697,204,205,18.4,0,9187899,ZCDS4
2008-07-13T04:57:49,310505000,TAHITIAN-PRINCESS,GLACIER BAY,56.33133167,-133.706585,204,205,18.5,0,9187899,ZCDS4
2008-07-13T04:57:37,310505000,TAHITIAN-PRINCESS,GLACIER BAY,56.33218167,-133.705875,204,206,18.4,0,9187899,ZCDS4
2008-07-13T04:57:26,310505000,TAHITIAN-PRINCESS,GLACIER BAY,56.33310667,-133.7050883,204,205,18.4,0,9187899,ZCDS4
2008-07-13T04:57:13,310505000,TAHITIAN-PRINCESS,GLACIER BAY,56.33402667,-133.7042967,204,205,18.4,0,9187899,ZCDS4
2008-07-13T04:56:56,310505000,TAHITIAN-PRINCESS,GLACIER BAY,56.33549,-133.7030617,204,205,18.4,0,9187899,ZCDS4
2008-07-13T04:56:38,310505000,TAHITIAN-PRINCESS,GLACIER BAY,56.336875,-133.701895,204,205,18.4,0,9187899,ZCDS4
2008-07-13T04:56:33,310505000,TAHITIAN-PRINCESS,GLACIER BAY,56.33826667,-133.7007433,0,0,0.0,0,9187899,ZCDS4
2008-07-13T04:56:20,310505000,TAHITIAN-PRINCESS,GLACIER BAY,56.33826667,-133.7007433,204,205,18.4,0,9187899,ZCDS4
2008-07-13T04:55:55,310505000,TAHITIAN-PRINCESS,GLACIER BAY,56.340115,-133.69919,204,205,18.4,0,9187899,ZCDS4
2008-07-13T04:55:45,310505000,TAHITIAN-PRINCESS,GLACIER BAY,56.34096,-133.69847,204,205,18.4,0,9187899,ZCDS4
2008-07-13T04:55:14,310505000,TAHITIAN-PRINCESS,GLACIER BAY,56.343265,-133.6965,204,205,18.4,0,9187899,ZCDS4
2008-07-13T04:55:07,310505000,TAHITIAN-PRINCESS,GLACIER BAY,56.34380333,-133.6960383,204,206,18.4,0,9187899,ZCDS4
2008-07-13T04:53:56,310505000,TAHITIAN-PRINCESS,GLACIER BAY,56.34932833,-133.6912683,204,207,18.4,0,9187899,ZCDS4
2008-07-13T04:53:50,310505000,TAHITIAN-PRINCESS,GLACIER BAY,56.349785,-133.690865,204,207,18.4,0,9187899,ZCDS4
2008-07-13T04:52:50,310505000,TAHITIAN-PRINCESS,GLACIER BAY,56.35432,-133.6867017,208,211,18.3,0,9187899,ZCDS4
2008-07-13T04:52:37,310505000,TAHITIAN-PRINCESS,GLACIER BAY,56.35520333,-133.685795,209,212,18.3,0,9187899,ZCDS4
2008-07-13T04:51:50,310505000,TAHITIAN-PRINCESS,GLACIER BAY,56.35862667,-133.68185,214,217,18.3,0,9187899,ZCDS4
2008-07-13T04:50:27,310505000,TAHITIAN-PRINCESS,GLACIER BAY,56.36409167,-133.673625,223,226,18.4,0,9187899,ZCDS4
2008-07-13T04:48:39,310505000,TAHITIAN-PRINCESS,GLACIER BAY,56.37001167,-133.6612383,233,236,18.3,0,9187899,ZCDS4
2008-07-13T04:42:14,310505000,TAHITIAN-PRINCESS,GLACIER BAY,56.37996333,-133.6069533,268,269,18.1,0,9187899,ZCDS4
2008-07-13T04:40:56,310505000,TAHITIAN-PRINCESS,GLACIER BAY,56.37992333,-133.5952383,274,276,18.0,0,9187899,ZCDS4
2008-07-13T04:40:49,310505000,TAHITIAN-PRINCESS,GLACIER BAY,56.37989167,-133.5943383,275,276,18.0,0,9187899,ZCDS4
2008-07-13T04:40:43,310505000,TAHITIAN-PRINCESS,GLACIER BAY,56.379855,-133.5934383,275,277,18.0,0,9187899,ZCDS4
2008-07-13T04:40:25,310505000,TAHITIAN-PRINCESS,GLACIER BAY,56.37971333,-133.590745,277,278,18.0,0,9187899,ZCDS4
2008-07-13T04:34:37,310505000,TAHITIAN-PRINCESS,GLACIER BAY,56.375935,-133.53934,277,278,17.8,0,9187899,ZCDS4
2008-07-13T04:33:51,310505000,TAHITIAN-PRINCESS,GLACIER BAY,56.3685,-133.517,511,360,102.3,15,9187899,ZCDS4
2008-07-13T04:21:20,310505000,TAHITIAN-PRINCESS,GLACIER BAY,56.36829667,-133.4238167,277,277,17.3,0,9187899,ZCDS4
2008-07-13T03:54:43,310505000,TAHITIAN-PRINCESS,GLACIER BAY,56.348295,-133.19782,281,281,16.7,0,9187899,ZCDS4
2008-07-13T03:53:44,310505000,TAHITIAN-PRINCESS,GLACIER BAY,56.34739167,-133.18963,284,283,16.7,0,9187899,ZCDS4
2008-07-13T03:52:31,310505000,TAHITIAN-PRINCESS,GLACIER BAY,56.346135,-133.1798833,283,283,16.7,0,9187899,ZCDS4
2008-07-13T03:52:02,310505000,TAHITIAN-PRINCESS,GLACIER BAY,56.34560833,-133.1758267,284,284,16.7,0,9187899,ZCDS4
2008-07-13T03:51:55,310505000,TAHITIAN-PRINCESS,GLACIER BAY,56.34550667,-133.1750133,284,284,16.7,0,9187899,ZCDS4
2008-07-13T03:51:43,310505000,TAHITIAN-PRINCESS,GLACIER BAY,56.34528667,-133.1733933,284,285,16.7,0,9187899,ZCDS4
2008-07-13T03:51:14,310505000,TAHITIAN-PRINCESS,GLACIER BAY,56.344725,-133.1694933,285,286,16.7,0,9187899,ZCDS4
2008-07-13T03:50:55,310505000,TAHITIAN-PRINCESS,GLACIER BAY,56.344345,-133.1669433,287,287,16.6,0,9187899,ZCDS4
2008-07-13T03:50:26,310505000,TAHITIAN-PRINCESS,GLACIER BAY,56.34367833,-133.16297,289,290,16.6,0,9187899,ZCDS4
2008-07-13T03:49:31,310505000,TAHITIAN-PRINCESS,GLACIER BAY,56.34229,-133.1559767,292,293,16.4,0,9187899,ZCDS4
2008-07-13T03:41:38,310505000,TAHITIAN-PRINCESS,GLACIER BAY,56.32093333,-133.1015483,310,309,17.3,0,9187899,ZCDS4
2008-07-13T03:40:33,310505000,TAHITIAN-PRINCESS,GLACIER BAY,56.31767167,-133.0942267,304,304,17.6,0,9187899,ZCDS4
2008-07-13T03:39:44,310505000,TAHITIAN-PRINCESS,GLACIER BAY,56.315525,-133.0883917,300,300,17.6,0,9187899,ZCDS4
2008-07-13T03:39:38,310505000,TAHITIAN-PRINCESS,GLACIER BAY,56.31527,-133.0876483,300,299,17.6,0,9187899,ZCDS4
2008-07-13T03:39:33,310505000,TAHITIAN-PRINCESS,GLACIER BAY,56.315015,-133.0869017,300,299,17.6,0,9187899,ZCDS4
2008-07-13T03:39:26,310505000,TAHITIAN-PRINCESS,GLACIER BAY,56.31477,-133.0861467,299,299,17.7,0,9187899,ZCDS4
2008-07-13T03:39:13,310505000,TAHITIAN-PRINCESS,GLACIER BAY,56.31424667,-133.0844867,299,299,17.7,0,9187899,ZCDS4
2008-07-13T03:39:09,310505000,TAHITIAN-PRINCESS,GLACIER BAY,56.31404667,-133.083845,298,299,17.7,0,9187899,ZCDS4
2008-07-13T03:39:02,310505000,TAHITIAN-PRINCESS,GLACIER BAY,56.31380667,-133.083075,298,299,17.7,0,9187899,ZCDS4
2008-07-13T03:38:55,310505000,TAHITIAN-PRINCESS,GLACIER BAY,56.31352833,-133.0821733,298,299,17.7,0,9187899,ZCDS4
2008-07-13T03:38:51,310505000,TAHITIAN-PRINCESS,GLACIER BAY,56.31333,-133.0815283,298,298,17.7,0,9187899,ZCDS4
2008-07-13T03:38:44,310505000,TAHITIAN-PRINCESS,GLACIER BAY,56.31309,-133.080755,298,298,17.8,0,9187899,ZCDS4
2008-07-13T03:38:39,310505000,TAHITIAN-PRINCESS,GLACIER BAY,56.31285333,-133.07998,298,298,17.8,0,9187899,ZCDS4
2008-07-13T03:38:31,310505000,TAHITIAN-PRINCESS,GLACIER BAY,56.31211167,-133.0775133,0,0,0.0,0,9187899,ZCDS4
2008-07-13T03:38:22,310505000,TAHITIAN-PRINCESS,GLACIER BAY,56.31211167,-133.0775133,297,298,17.8,0,9187899,ZCDS4
2008-07-13T03:38:09,310505000,TAHITIAN-PRINCESS,GLACIER BAY,56.31168833,-133.07608,297,297,17.7,0,9187899,ZCDS4
2008-07-13T03:38:02,310505000,TAHITIAN-PRINCESS,GLACIER BAY,56.31146,-133.0752967,297,297,17.7,0,9187899,ZCDS4
2008-07-13T03:37:55,310505000,TAHITIAN-PRINCESS,GLACIER BAY,56.31119333,-133.0743867,297,297,17.7,0,9187899,ZCDS4
2008-07-13T03:37:31,310505000,TAHITIAN-PRINCESS,GLACIER BAY,56.310285,-133.071245,296,296,17.8,0,9187899,ZCDS4
2008-07-13T03:37:02,310505000,TAHITIAN-PRINCESS,GLACIER BAY,56.30922667,-133.0673917,295,296,17.8,0,9187899,ZCDS4
2008-07-13T03:36:55,310505000,TAHITIAN-PRINCESS,GLACIER BAY,56.308975,-133.0664583,295,295,17.8,0,9187899,ZCDS4
2008-07-13T03:36:45,310505000,TAHITIAN-PRINCESS,GLACIER BAY,56.30858,-133.06499,295,295,17.8,0,9187899,ZCDS4
2008-07-13T03:36:31,310505000,TAHITIAN-PRINCESS,GLACIER BAY,56.30811333,-133.0632567,295,295,17.8,0,9187899,ZCDS4
2008-07-13T03:36:02,310505000,TAHITIAN-PRINCESS,GLACIER BAY,56.3071,-133.0593717,294,294,17.7,0,9187899,ZCDS4
2008-07-13T03:35:55,310505000,TAHITIAN-PRINCESS,GLACIER BAY,56.306865,-133.0584333,293,294,17.7,0,9187899,ZCDS4
2008-07-13T03:35:45,310505000,TAHITIAN-PRINCESS,GLACIER BAY,56.30649333,-133.0569567,293,293,17.8,0,9187899,ZCDS4
2008-07-13T03:35:13,310505000,TAHITIAN-PRINCESS,GLACIER BAY,56.305475,-133.0527683,292,292,17.7,0,9187899,ZCDS4
2008-07-13T03:35:02,310505000,TAHITIAN-PRINCESS,GLACIER BAY,56.305125,-133.0512783,292,293,17.7,0,9187899,ZCDS4
2008-07-13T03:34:50,310505000,TAHITIAN-PRINCESS,GLACIER BAY,56.30471833,-133.0495133,292,293,17.7,0,9187899,ZCDS4
2008-07-13T03:34:25,310505000,TAHITIAN-PRINCESS,GLACIER BAY,56.303965,-133.046265,292,293,17.6,0,9187899,ZCDS4
2008-07-13T03:33:44,310505000,TAHITIAN-PRINCESS,GLACIER BAY,56.302665,-133.04074,291,292,17.6,0,9187899,ZCDS4
2008-07-13T03:33:39,310505000,TAHITIAN-PRINCESS,GLACIER BAY,56.30248,-133.03993,291,293,17.6,0,9187899,ZCDS4
2008-07-13T03:33:32,310505000,TAHITIAN-PRINCESS,GLACIER BAY,56.30226167,-133.038985,291,293,17.6,0,9187899,ZCDS4
2008-07-13T03:33:20,310505000,TAHITIAN-PRINCESS,GLACIER BAY,56.30191333,-133.0375033,291,293,17.7,0,9187899,ZCDS4
2008-07-13T03:33:08,310505000,TAHITIAN-PRINCESS,GLACIER BAY,56.30153167,-133.0358833,291,293,17.7,0,9187899,ZCDS4
2008-07-13T03:32:57,310505000,TAHITIAN-PRINCESS,GLACIER BAY,56.30114,-133.034265,291,292,17.7,0,9187899,ZCDS4
2008-07-13T03:32:48,310505000,TAHITIAN-PRINCESS,GLACIER BAY,56.2873333,-133.018833,511,360,102.3,15,9187899,ZCDS4
2008-07-13T03:32:32,310505000,TAHITIAN-PRINCESS,GLACIER BAY,56.30037333,-133.0308617,290,291,17.7,0,9187899,ZCDS4
2008-07-13T03:31:20,310505000,TAHITIAN-PRINCESS,GLACIER BAY,56.29838833,-133.0210833,288,288,17.6,0,9187899,ZCDS4
2008-07-13T03:31:03,310505000,TAHITIAN-PRINCESS,GLACIER BAY,56.29794,-133.0187283,287,288,17.7,0,9187899,ZCDS4
2008-07-13T03:30:37,310505000,TAHITIAN-PRINCESS,GLACIER BAY,56.29731,-133.0152467,287,287,17.7,0,9187899,ZCDS4
2008-07-13T03:29:56,310505000,TAHITIAN-PRINCESS,GLACIER BAY,56.29630167,-133.009355,286,287,17.7,0,9187899,ZCDS4
2008-07-13T03:29:15,310505000,TAHITIAN-PRINCESS,GLACIER BAY,56.29532667,-133.0034417,285,286,17.7,0,9187899,ZCDS4
2008-07-13T03:27:38,310505000,TAHITIAN-PRINCESS,GLACIER BAY,56.29318833,-132.9898083,286,287,17.7,0,9187899,ZCDS4
2008-07-13T03:27:04,310505000,TAHITIAN-PRINCESS,GLACIER BAY,56.29240333,-132.985015,287,289,17.6,0,9187899,ZCDS4
2008-07-13T03:27:00,310505000,TAHITIAN-PRINCESS,GLACIER BAY,56.292235,-132.9840367,288,290,17.6,0,9187899,ZCDS4
2008-07-13T03:26:56,310505000,TAHITIAN-PRINCESS,GLACIER BAY,56.29221,-132.9838967,288,290,17.6,0,9187899,ZCDS4
2008-07-13T03:26:47,310505000,TAHITIAN-PRINCESS,GLACIER BAY,56.29197667,-132.98265,288,291,17.5,0,9187899,ZCDS4
2008-07-13T03:26:46,310505000,TAHITIAN-PRINCESS,GLACIER BAY,56.29192333,-132.9823733,289,292,17.5,0,9187899,ZCDS4
2008-07-13T03:26:43,310505000,TAHITIAN-PRINCESS,GLACIER BAY,56.29181833,-132.9818217,289,292,17.5,0,9187899,ZCDS4
2008-07-13T03:26:40,310505000,TAHITIAN-PRINCESS,GLACIER BAY,56.29173667,-132.9814083,290,293,17.5,0,9187899,ZCDS4
2008-07-13T03:26:39,310505000,TAHITIAN-PRINCESS,GLACIER BAY,56.291765,-132.981545,289,293,17.5,0,9187899,ZCDS4
2008-07-13T03:26:30,310505000,TAHITIAN-PRINCESS,GLACIER BAY,56.29100833,-132.9779817,0,0,0.0,0,9187899,ZCDS4
2008-07-13T03:26:13,310505000,TAHITIAN-PRINCESS,GLACIER BAY,56.29100833,-132.9779817,295,299,17.7,0,9187899,ZCDS4
2008-07-13T03:26:09,310505000,TAHITIAN-PRINCESS,GLACIER BAY,56.290875,-132.9774433,296,300,17.7,0,9187899,ZCDS4
2008-07-13T03:26:08,310505000,TAHITIAN-PRINCESS,GLACIER BAY,56.29084,-132.97731,296,300,17.7,0,9187899,ZCDS4
2008-07-13T03:26:06,310505000,TAHITIAN-PRINCESS,GLACIER BAY,56.29077,-132.9770433,297,301,17.7,0,9187899,ZCDS4
2008-07-13T03:25:59,310505000,TAHITIAN-PRINCESS,GLACIER BAY,56.29047833,-132.9759817,299,303,17.8,0,9187899,ZCDS4
2008-07-13T03:25:57,310505000,TAHITIAN-PRINCESS,GLACIER BAY,56.29040333,-132.9757183,299,303,17.8,0,9187899,ZCDS4
2008-07-13T03:25:48,310505000,TAHITIAN-PRINCESS,GLACIER BAY,56.290045,-132.9745483,301,306,17.8,0,9187899,ZCDS4
2008-07-13T03:25:45,310505000,TAHITIAN-PRINCESS,GLACIER BAY,56.289875,-132.9740367,302,306,17.8,0,9187899,ZCDS4
2008-07-13T03:25:39,310505000,TAHITIAN-PRINCESS,GLACIER BAY,56.289655,-132.973405,304,308,17.9,0,9187899,ZCDS4
2008-07-13T03:25:29,310505000,TAHITIAN-PRINCESS,GLACIER BAY,56.289245,-132.9722817,306,310,17.9,0,9187899,ZCDS4
2008-07-13T03:25:27,310505000,TAHITIAN-PRINCESS,GLACIER BAY,56.28915,-132.9720367,306,310,17.9,0,9187899,ZCDS4
2008-07-13T03:25:25,310505000,TAHITIAN-PRINCESS,GLACIER BAY,56.28905333,-132.9717933,307,310,17.9,0,9187899,ZCDS4
2008-07-13T03:25:23,310505000,TAHITIAN-PRINCESS,GLACIER BAY,56.288955,-132.9715517,307,311,17.9,0,9187899,ZCDS4
2008-07-13T03:25:21,310505000,TAHITIAN-PRINCESS,GLACIER BAY,56.28885833,-132.97131,308,311,17.9,0,9187899,ZCDS4
2008-07-13T03:25:21,310505000,TAHITIAN-PRINCESS,GLACIER BAY,56.28880833,-132.9711883,308,312,17.9,0,9187899,ZCDS4
2008-07-13T03:25:18,310505000,TAHITIAN-PRINCESS,GLACIER BAY,56.28871,-132.9709483,308,312,17.9,0,9187899,ZCDS4
2008-07-13T03:25:15,310505000,TAHITIAN-PRINCESS,GLACIER BAY,56.28855667,-132.9705917,309,313,17.9,0,9187899,ZCDS4
2008-07-13T03:25:14,310505000,TAHITIAN-PRINCESS,GLACIER BAY,56.28845333,-132.9703583,310,313,17.9,0,9187899,ZCDS4
2008-07-13T03:25:09,310505000,TAHITIAN-PRINCESS,GLACIER BAY,56.28829667,-132.97001,310,314,17.9,0,9187899,ZCDS4
2008-07-13T03:25:09,310505000,TAHITIAN-PRINCESS,GLACIER BAY,56.28819,-132.96978,311,314,17.9,0,9187899,ZCDS4
2008-07-13T03:25:06,310505000,TAHITIAN-PRINCESS,GLACIER BAY,56.28808333,-132.9695483,311,315,17.9,0,9187899,ZCDS4
2008-07-13T03:25:04,310505000,TAHITIAN-PRINCESS,GLACIER BAY,56.28797667,-132.9693183,312,315,18.0,0,9187899,ZCDS4
2008-07-13T03:25:01,310505000,TAHITIAN-PRINCESS,GLACIER BAY,56.287815,-132.9689767,312,316,18.0,0,9187899,ZCDS4
2008-07-13T03:25:00,310505000,TAHITIAN-PRINCESS,GLACIER BAY,56.28776,-132.9688633,312,316,18.0,0,9187899,ZCDS4
2008-07-13T03:24:57,310505000,TAHITIAN-PRINCESS,GLACIER BAY,56.28759333,-132.9685283,313,316,18.0,0,9187899,ZCDS4
2008-07-13T03:24:56,310505000,TAHITIAN-PRINCESS,GLACIER BAY,56.28753667,-132.9684183,313,317,18.0,0,9187899,ZCDS4
2008-07-13T03:24:53,310505000,TAHITIAN-PRINCESS,GLACIER BAY,56.28742667,-132.9681933,314,317,18.0,0,9187899,ZCDS4
2008-07-13T03:24:52,310505000,TAHITIAN-PRINCESS,GLACIER BAY,56.28731,-132.96798,314,317,18.0,0,9187899,ZCDS4
2008-07-13T03:24:49,310505000,TAHITIAN-PRINCESS,GLACIER BAY,56.28713833,-132.967655,315,318,17.9,0,9187899,ZCDS4
2008-07-13T03:24:43,310505000,TAHITIAN-PRINCESS,GLACIER BAY,56.28679,-132.96701,316,319,18.0,0,9187899,ZCDS4
2008-07-13T03:24:41,310505000,TAHITIAN-PRINCESS,GLACIER BAY,56.28667,-132.9668,316,319,18.0,0,9187899,ZCDS4
2008-07-13T03:24:38,310505000,TAHITIAN-PRINCESS,GLACIER BAY,56.28649167,-132.9664883,317,320,18.0,0,9187899,ZCDS4
2008-07-13T03:24:35,310505000,TAHITIAN-PRINCESS,GLACIER BAY,56.28631,-132.9661783,317,320,17.9,0,9187899,ZCDS4
2008-07-13T03:24:34,310505000,TAHITIAN-PRINCESS,GLACIER BAY,56.28619,-132.9659717,318,321,17.9,0,9187899,ZCDS4
2008-07-13T03:24:30,310505000,TAHITIAN-PRINCESS,GLACIER BAY,56.28600667,-132.965665,318,321,17.9,0,9187899,ZCDS4
2008-07-13T03:24:22,310505000,TAHITIAN-PRINCESS,GLACIER BAY,56.28545,-132.9647633,320,323,18.0,0,9187899,ZCDS4
2008-07-13T03:24:22,310505000,TAHITIAN-PRINCESS,GLACIER BAY,56.28538667,-132.964665,320,323,18.0,0,9187899,ZCDS4
2008-07-13T03:24:19,310505000,TAHITIAN-PRINCESS,GLACIER BAY,56.28526167,-132.9644683,320,323,17.9,0,9187899,ZCDS4
2008-07-13T03:24:16,310505000,TAHITIAN-PRINCESS,GLACIER BAY,56.28507167,-132.9641767,321,324,17.9,0,9187899,ZCDS4
2008-07-13T03:24:11,310505000,TAHITIAN-PRINCESS,GLACIER BAY,56.284815,-132.9637917,322,324,17.9,0,9187899,ZCDS4
2008-07-13T03:24:08,310505000,TAHITIAN-PRINCESS,GLACIER BAY,56.28462,-132.9635133,322,325,17.9,0,9187899,ZCDS4
2008-07-13T03:24:01,310505000,TAHITIAN-PRINCESS,GLACIER BAY,56.28416,-132.9628733,323,326,17.9,0,9187899,ZCDS4
2008-07-13T03:23:56,310505000,TAHITIAN-PRINCESS,GLACIER BAY,56.28382833,-132.9624233,324,326,17.9,0,9187899,ZCDS4
2008-07-13T03:23:49,310505000,TAHITIAN-PRINCESS,GLACIER BAY,56.28335833,-132.96181,325,327,17.9,0,9187899,ZCDS4
2008-07-13T03:23:33,310505000,TAHITIAN-PRINCESS,GLACIER BAY,56.282195,-132.9603717,327,330,17.8,0,9187899,ZCDS4
2008-07-13T03:23:20,310505000,TAHITIAN-PRINCESS,GLACIER BAY,56.28135833,-132.9594117,329,331,17.8,0,9187899,ZCDS4
2008-07-13T03:23:14,310505000,TAHITIAN-PRINCESS,GLACIER BAY,56.280865,-132.9588717,330,332,17.8,0,9187899,ZCDS4
2008-07-13T03:23:09,310505000,TAHITIAN-PRINCESS,GLACIER BAY,56.28051,-132.9585,330,332,17.8,0,9187899,ZCDS4
2008-07-13T03:22:56,310505000,TAHITIAN-PRINCESS,GLACIER BAY,56.279645,-132.9576483,331,333,17.7,0,9187899,ZCDS4
2008-07-13T03:22:50,310505000,TAHITIAN-PRINCESS,GLACIER BAY,56.27913833,-132.9571667,332,333,17.7,0,9187899,ZCDS4
2008-07-13T03:22:43,310505000,TAHITIAN-PRINCESS,GLACIER BAY,56.27870167,-132.9567583,332,334,17.7,0,9187899,ZCDS4
2008-07-13T03:22:32,310505000,TAHITIAN-PRINCESS,GLACIER BAY,56.27790167,-132.95602,333,335,17.7,0,9187899,ZCDS4
2008-07-13T03:22:21,310505000,TAHITIAN-PRINCESS,GLACIER BAY,56.277025,-132.9552317,334,335,17.6,0,9187899,ZCDS4
2008-07-13T03:22:08,310505000,TAHITIAN-PRINCESS,GLACIER BAY,56.27614333,-132.9544733,334,336,17.6,0,9187899,ZCDS4
2008-07-13T03:22:01,310505000,TAHITIAN-PRINCESS,GLACIER BAY,56.275625,-132.95405,335,336,17.6,0,9187899,ZCDS4
2008-07-13T03:21:50,310505000,TAHITIAN-PRINCESS,GLACIER BAY,56.27473333,-132.953345,334,336,17.5,0,9187899,ZCDS4
2008-07-13T03:21:25,310505000,TAHITIAN-PRINCESS,GLACIER BAY,56.272955,-132.9519267,334,336,17.5,0,9187899,ZCDS4
2008-07-13T03:21:01,310505000,TAHITIAN-PRINCESS,GLACIER BAY,56.27118667,-132.9505033,334,335,17.4,0,9187899,ZCDS4
2008-07-13T03:20:38,310505000,TAHITIAN-PRINCESS,GLACIER BAY,56.26943333,-132.9490533,333,334,17.4,0,9187899,ZCDS4
2008-07-13T03:20:30,310505000,TAHITIAN-PRINCESS,GLACIER BAY,56.26819833,-132.94801,0,0,0.0,0,9187899,ZCDS4
2008-07-13T03:20:20,310505000,TAHITIAN-PRINCESS,GLACIER BAY,56.26819833,-132.94801,333,334,17.4,0,9187899,ZCDS4
2008-07-13T03:20:08,310505000,TAHITIAN-PRINCESS,GLACIER BAY,56.26732833,-132.9472683,333,334,17.3,0,9187899,ZCDS4
2008-07-13T03:19:32,310505000,TAHITIAN-PRINCESS,GLACIER BAY,56.26481,-132.9450833,331,333,17.3,0,9187899,ZCDS4
2008-07-13T03:19:20,310505000,TAHITIAN-PRINCESS,GLACIER BAY,56.26388333,-132.9442417,331,332,17.2,0,9187899,ZCDS4
2008-07-13T03:19:14,310505000,TAHITIAN-PRINCESS,GLACIER BAY,56.26353,-132.9439083,331,332,17.2,0,9187899,ZCDS4
2008-07-13T03:19:08,310505000,TAHITIAN-PRINCESS,GLACIER BAY,56.26310667,-132.94351,331,332,17.3,0,9187899,ZCDS4
2008-07-13T03:18:56,310505000,TAHITIAN-PRINCESS,GLACIER BAY,56.26218833,-132.94266,331,332,17.2,0,9187899,ZCDS4
2008-07-13T03:18:32,310505000,TAHITIAN-PRINCESS,GLACIER BAY,56.26056667,-132.9411367,330,331,17.3,0,9187899,ZCDS4
2008-07-13T03:18:26,310505000,TAHITIAN-PRINCESS,GLACIER BAY,56.260145,-132.9407333,329,331,17.3,0,9187899,ZCDS4
2008-07-13T03:18:21,310505000,TAHITIAN-PRINCESS,GLACIER BAY,56.259655,-132.94025,329,331,17.3,0,9187899,ZCDS4
2008-07-13T03:18:08,310505000,TAHITIAN-PRINCESS,GLACIER BAY,56.25881833,-132.93941,329,331,17.3,0,9187899,ZCDS4
2008-07-13T03:17:56,310505000,TAHITIAN-PRINCESS,GLACIER BAY,56.25798333,-132.938555,329,331,17.4,0,9187899,ZCDS4
2008-07-13T03:17:44,310505000,TAHITIAN-PRINCESS,GLACIER BAY,56.25714667,-132.9377017,329,331,17.4,0,9187899,ZCDS4
2008-07-13T03:17:37,310505000,TAHITIAN-PRINCESS,GLACIER BAY,56.25665667,-132.9372083,329,331,17.4,0,9187899,ZCDS4
2008-07-13T03:17:26,310505000,TAHITIAN-PRINCESS,GLACIER BAY,56.25595167,-132.9365167,329,330,17.4,0,9187899,ZCDS4
2008-07-13T03:17:14,310505000,TAHITIAN-PRINCESS,GLACIER BAY,56.25503833,-132.9356017,328,330,17.5,0,9187899,ZCDS4
2008-07-13T03:17:08,310505000,TAHITIAN-PRINCESS,GLACIER BAY,56.25462,-132.9351683,328,330,17.5,0,9187899,ZCDS4
2008-07-13T03:17:03,310505000,TAHITIAN-PRINCESS,GLACIER BAY,56.25413167,-132.9346583,328,329,17.5,0,9187899,ZCDS4
2008-07-13T03:16:44,310505000,TAHITIAN-PRINCESS,GLACIER BAY,56.25301833,-132.9334783,328,329,17.6,0,9187899,ZCDS4
2008-07-13T03:16:32,310505000,TAHITIAN-PRINCESS,GLACIER BAY,56.25218,-132.93259,328,329,17.6,0,9187899,ZCDS4
2008-07-13T03:16:22,310505000,TAHITIAN-PRINCESS,GLACIER BAY,56.25126833,-132.9316267,328,329,17.7,0,9187899,ZCDS4
2008-07-13T03:16:14,310505000,TAHITIAN-PRINCESS,GLACIER BAY,56.25091667,-132.9312533,328,329,17.7,0,9187899,ZCDS4
2008-07-13T03:16:08,310505000,TAHITIAN-PRINCESS,GLACIER BAY,56.250425,-132.9307267,328,329,17.7,0,9187899,ZCDS4
2008-07-13T03:15:57,310505000,TAHITIAN-PRINCESS,GLACIER BAY,56.24958333,-132.929825,328,329,17.7,0,9187899,ZCDS4
2008-07-13T03:15:26,310505000,TAHITIAN-PRINCESS,GLACIER BAY,56.24748333,-132.9275767,328,329,17.6,0,9187899,ZCDS4
2008-07-13T03:15:20,310505000,TAHITIAN-PRINCESS,GLACIER BAY,56.24706333,-132.9271333,328,329,17.6,0,9187899,ZCDS4
2008-07-13T03:15:15,310505000,TAHITIAN-PRINCESS,GLACIER BAY,56.24664333,-132.9266883,328,329,17.6,0,9187899,ZCDS4
2008-07-13T03:14:56,310505000,TAHITIAN-PRINCESS,GLACIER BAY,56.24539167,-132.9253383,328,329,17.5,0,9187899,ZCDS4
2008-07-13T03:14:50,310505000,TAHITIAN-PRINCESS,GLACIER BAY,56.24504333,-132.9249667,328,329,17.5,0,9187899,ZCDS4
2008-07-13T03:14:44,310505000,TAHITIAN-PRINCESS,GLACIER BAY,56.244555,-132.92445,328,329,17.5,0,9187899,ZCDS4
2008-07-13T03:14:30,310505000,TAHITIAN-PRINCESS,GLACIER BAY,56.24288,-132.92268,0,0,0.0,0,9187899,ZCDS4
2008-07-13T03:14:20,310505000,TAHITIAN-PRINCESS,GLACIER BAY,56.24288,-132.92268,328,329,17.6,0,9187899,ZCDS4
2008-07-13T03:14:08,310505000,TAHITIAN-PRINCESS,GLACIER BAY,56.241975,-132.9217083,328,329,17.6,0,9187899,ZCDS4
2008-07-13T03:13:50,310505000,TAHITIAN-PRINCESS,GLACIER BAY,56.24085667,-132.9205233,328,329,17.5,0,9187899,ZCDS4
2008-07-13T03:13:32,310505000,TAHITIAN-PRINCESS,GLACIER BAY,56.23946167,-132.9190467,328,330,17.5,0,9187899,ZCDS4
2008-07-13T03:13:08,310505000,TAHITIAN-PRINCESS,GLACIER BAY,56.23785167,-132.917365,328,330,17.5,0,9187899,ZCDS4
2008-07-13T03:12:50,310505000,TAHITIAN-PRINCESS,GLACIER BAY,56.236595,-132.9160433,328,330,17.5,0,9187899,ZCDS4
2008-07-13T03:12:44,310505000,TAHITIAN-PRINCESS,GLACIER BAY,56.236175,-132.9156067,328,330,17.5,0,9187899,ZCDS4
2008-07-13T03:12:37,310505000,TAHITIAN-PRINCESS,GLACIER BAY,56.23575667,-132.9151683,328,330,17.5,0,9187899,ZCDS4
2008-07-13T03:12:31,310505000,TAHITIAN-PRINCESS,GLACIER BAY,56.23526667,-132.9146567,328,330,17.5,0,9187899,ZCDS4
2008-07-13T03:12:26,310505000,TAHITIAN-PRINCESS,GLACIER BAY,56.23485,-132.9142167,328,330,17.5,0,9187899,ZCDS4
2008-07-13T03:12:20,310505000,TAHITIAN-PRINCESS,GLACIER BAY,56.2345,-132.91385,328,330,17.5,0,9187899,ZCDS4
2008-07-13T03:12:13,310505000,TAHITIAN-PRINCESS,GLACIER BAY,56.23401,-132.913345,328,330,17.5,0,9187899,ZCDS4
2008-07-13T03:12:08,310505000,TAHITIAN-PRINCESS,GLACIER BAY,56.23359,-132.912915,328,330,17.5,0,9187899,ZCDS4
2008-07-13T03:11:56,310505000,TAHITIAN-PRINCESS,GLACIER BAY,56.23282167,-132.912115,328,330,17.5,0,9187899,ZCDS4
2008-07-13T03:11:44,310505000,TAHITIAN-PRINCESS,GLACIER BAY,56.23198167,-132.911245,328,330,17.5,0,9187899,ZCDS4
2008-07-13T03:11:38,310505000,TAHITIAN-PRINCESS,GLACIER BAY,56.23149167,-132.91074,328,330,17.5,0,9187899,ZCDS4
2008-07-13T03:11:31,310505000,TAHITIAN-PRINCESS,GLACIER BAY,56.23107333,-132.9103067,328,331,17.5,0,9187899,ZCDS4
2008-07-13T03:11:21,310505000,TAHITIAN-PRINCESS,GLACIER BAY,56.230375,-132.909575,328,331,17.5,0,9187899,ZCDS4
2008-07-13T03:11:08,310505000,TAHITIAN-PRINCESS,GLACIER BAY,56.22946167,-132.90865,329,332,17.5,0,9187899,ZCDS4
2008-07-13T03:10:56,310505000,TAHITIAN-PRINCESS,GLACIER BAY,56.22861833,-132.9077917,330,332,17.5,0,9187899,ZCDS4
2008-07-13T03:10:50,310505000,TAHITIAN-PRINCESS,GLACIER BAY,56.22826667,-132.9074367,330,333,17.5,0,9187899,ZCDS4
2008-07-13T03:10:26,310505000,TAHITIAN-PRINCESS,GLACIER BAY,56.226415,-132.9056567,332,334,17.4,0,9187899,ZCDS4
2008-07-13T03:10:20,310505000,TAHITIAN-PRINCESS,GLACIER BAY,56.22605667,-132.90533,332,334,17.4,0,9187899,ZCDS4
2008-07-13T03:10:08,310505000,TAHITIAN-PRINCESS,GLACIER BAY,56.22519167,-132.9045567,332,334,17.4,0,9187899,ZCDS4
2008-07-13T03:09:32,310505000,TAHITIAN-PRINCESS,GLACIER BAY,56.22251667,-132.9022117,332,334,17.4,0,9187899,ZCDS4
2008-07-13T03:09:20,310505000,TAHITIAN-PRINCESS,GLACIER BAY,56.221725,-132.9015033,333,334,17.4,0,9187899,ZCDS4
2008-07-13T03:09:13,310505000,TAHITIAN-PRINCESS,GLACIER BAY,56.22122167,-132.9010567,333,334,17.4,0,9187899,ZCDS4
2008-07-13T03:09:08,310505000,TAHITIAN-PRINCESS,GLACIER BAY,56.22086,-132.9007417,333,335,17.4,0,9187899,ZCDS4
2008-07-13T03:08:38,310505000,TAHITIAN-PRINCESS,GLACIER BAY,56.21876333,-132.8989483,333,334,17.3,0,9187899,ZCDS4
2008-07-13T03:08:21,310505000,TAHITIAN-PRINCESS,GLACIER BAY,56.21739667,-132.897765,333,334,17.3,0,9187899,ZCDS4
2008-07-13T03:08:08,310505000,TAHITIAN-PRINCESS,GLACIER BAY,56.216535,-132.8970117,333,335,17.3,0,9187899,ZCDS4
2008-07-13T03:08:02,310505000,TAHITIAN-PRINCESS,GLACIER BAY,56.21610333,-132.89664,334,335,17.3,0,9187899,ZCDS4
2008-07-13T03:07:56,310505000,TAHITIAN-PRINCESS,GLACIER BAY,56.21574333,-132.8963233,334,335,17.3,0,9187899,ZCDS4
2008-07-13T03:07:50,310505000,TAHITIAN-PRINCESS,GLACIER BAY,56.21530833,-132.8959633,333,334,17.3,0,9187899,ZCDS4
2008-07-13T03:07:44,310505000,TAHITIAN-PRINCESS,GLACIER BAY,56.21480333,-132.8955367,333,334,17.3,0,9187899,ZCDS4
2008-07-13T03:07:13,310505000,TAHITIAN-PRINCESS,GLACIER BAY,56.212645,-132.8936733,333,334,17.3,0,9187899,ZCDS4
2008-07-13T03:07:08,310505000,TAHITIAN-PRINCESS,GLACIER BAY,56.21214167,-132.8932333,333,334,17.3,0,9187899,ZCDS4
2008-07-13T03:07:01,310505000,TAHITIAN-PRINCESS,GLACIER BAY,56.21178333,-132.8929183,333,334,17.3,0,9187899,ZCDS4
2008-07-13T03:06:50,310505000,TAHITIAN-PRINCESS,GLACIER BAY,56.21099667,-132.8922183,333,334,17.3,0,9187899,ZCDS4
2008-07-13T03:06:44,310505000,TAHITIAN-PRINCESS,GLACIER BAY,56.21056667,-132.8918333,333,334,17.3,0,9187899,ZCDS4
2008-07-13T03:06:38,310505000,TAHITIAN-PRINCESS,GLACIER BAY,56.21013833,-132.89145,333,334,17.3,0,9187899,ZCDS4
2008-07-13T03:06:32,310505000,TAHITIAN-PRINCESS,GLACIER BAY,56.209635,-132.89101,333,334,17.3,0,9187899,ZCDS4
2008-07-13T03:06:25,310505000,TAHITIAN-PRINCESS,GLACIER BAY,56.20920667,-132.8906267,333,334,17.3,0,9187899,ZCDS4
2008-07-13T03:06:20,310505000,TAHITIAN-PRINCESS,GLACIER BAY,56.20877667,-132.8902517,333,334,17.3,0,9187899,ZCDS4
2008-07-13T03:06:13,310505000,TAHITIAN-PRINCESS,GLACIER BAY,56.20834667,-132.8898717,333,334,17.3,0,9187899,ZCDS4
2008-07-13T03:06:07,310505000,TAHITIAN-PRINCESS,GLACIER BAY,56.20791667,-132.88949,334,335,17.3,0,9187899,ZCDS4
2008-07-13T03:05:56,310505000,TAHITIAN-PRINCESS,GLACIER BAY,56.207055,-132.8887317,334,335,17.3,0,9187899,ZCDS4
2008-07-13T03:05:44,310505000,TAHITIAN-PRINCESS,GLACIER BAY,56.20619167,-132.88798,335,336,17.3,0,9187899,ZCDS4
2008-07-13T03:05:38,310505000,TAHITIAN-PRINCESS,GLACIER BAY,56.20583,-132.887665,335,336,17.3,0,9187899,ZCDS4
2008-07-13T03:05:26,310505000,TAHITIAN-PRINCESS,GLACIER BAY,56.20496,-132.886925,336,336,17.3,0,9187899,ZCDS4
2008-07-13T03:05:15,310505000,TAHITIAN-PRINCESS,GLACIER BAY,56.204005,-132.886175,336,336,17.3,0,9187899,ZCDS4
2008-07-13T03:05:08,310505000,TAHITIAN-PRINCESS,GLACIER BAY,56.203565,-132.885825,336,336,17.3,0,9187899,ZCDS4
2008-07-13T03:04:56,310505000,TAHITIAN-PRINCESS,GLACIER BAY,56.20268333,-132.8851417,336,336,17.3,0,9187899,ZCDS4
2008-07-13T03:04:31,310505000,TAHITIAN-PRINCESS,GLACIER BAY,56.20092,-132.88376,336,336,17.4,0,9187899,ZCDS4
2008-07-13T03:04:26,310505000,TAHITIAN-PRINCESS,GLACIER BAY,56.20055167,-132.8834717,336,336,17.4,0,9187899,ZCDS4
2008-07-13T03:04:21,310505000,TAHITIAN-PRINCESS,GLACIER BAY,56.20011167,-132.8831217,336,336,17.4,0,9187899,ZCDS4
2008-07-13T03:04:13,310505000,TAHITIAN-PRINCESS,GLACIER BAY,56.19959833,-132.8827117,336,336,17.4,0,9187899,ZCDS4
2008-07-13T03:04:07,310505000,TAHITIAN-PRINCESS,GLACIER BAY,56.19915833,-132.8823583,336,336,17.4,0,9187899,ZCDS4
2008-07-13T03:03:50,310505000,TAHITIAN-PRINCESS,GLACIER BAY,56.19790667,-132.8813733,336,336,17.4,0,9187899,ZCDS4
2008-07-13T03:03:38,310505000,TAHITIAN-PRINCESS,GLACIER BAY,56.19695,-132.8806067,336,336,17.5,0,9187899,ZCDS4
2008-07-13T03:03:27,310505000,TAHITIAN-PRINCESS,GLACIER BAY,56.19613833,-132.879965,336,336,17.5,0,9187899,ZCDS4
2008-07-13T03:03:14,310505000,TAHITIAN-PRINCESS,GLACIER BAY,56.19517667,-132.87921,336,336,17.5,0,9187899,ZCDS4
2008-07-13T03:02:38,310505000,TAHITIAN-PRINCESS,GLACIER BAY,56.19250667,-132.8771267,336,337,17.5,0,9187899,ZCDS4
2008-07-13T03:02:31,310505000,TAHITIAN-PRINCESS,GLACIER BAY,56.19206333,-132.8767767,336,337,17.5,0,9187899,ZCDS4
2008-07-13T03:02:30,310505000,TAHITIAN-PRINCESS,GLACIER BAY,56.19117333,-132.876085,0,0,0.0,0,9187899,ZCDS4
2008-07-13T03:02:19,310505000,TAHITIAN-PRINCESS,GLACIER BAY,56.19117333,-132.876085,336,337,17.5,0,9187899,ZCDS4
2008-07-13T03:02:03,310505000,TAHITIAN-PRINCESS,GLACIER BAY,56.18983833,-132.8750517,336,337,17.5,0,9187899,ZCDS4
2008-07-13T03:01:44,310505000,TAHITIAN-PRINCESS,GLACIER BAY,56.18858667,-132.8740483,337,337,17.5,0,9187899,ZCDS4
2008-07-13T03:01:27,310505000,TAHITIAN-PRINCESS,GLACIER BAY,56.18724667,-132.8730433,336,337,17.5,0,9187899,ZCDS4
2008-07-13T03:01:20,310505000,TAHITIAN-PRINCESS,GLACIER BAY,56.18672833,-132.8726433,336,337,17.5,0,9187899,ZCDS4
2008-07-13T03:01:07,310505000,TAHITIAN-PRINCESS,GLACIER BAY,56.18583833,-132.87195,336,337,17.5,0,9187899,ZCDS4
2008-07-13T03:01:02,310505000,TAHITIAN-PRINCESS,GLACIER BAY,56.185395,-132.8716067,336,337,17.5,0,9187899,ZCDS4
2008-07-13T03:00:56,310505000,TAHITIAN-PRINCESS,GLACIER BAY,56.18495,-132.8712617,336,337,17.5,0,9187899,ZCDS4
2008-07-13T03:00:38,310505000,TAHITIAN-PRINCESS,GLACIER BAY,56.18361,-132.870245,336,337,17.6,0,9187899,ZCDS4
2008-07-13T03:00:07,310505000,TAHITIAN-PRINCESS,GLACIER BAY,56.18137333,-132.86851,336,337,17.6,0,9187899,ZCDS4
2008-07-13T02:59:56,310505000,TAHITIAN-PRINCESS,GLACIER BAY,56.180475,-132.8678267,336,337,17.7,0,9187899,ZCDS4
2008-07-13T02:59:44,310505000,TAHITIAN-PRINCESS,GLACIER BAY,56.17964833,-132.867195,336,337,17.7,0,9187899,ZCDS4
2008-07-13T02:59:37,310505000,TAHITIAN-PRINCESS,GLACIER BAY,56.17912333,-132.8667883,336,337,17.7,0,9187899,ZCDS4
2008-07-13T02:59:25,310505000,TAHITIAN-PRINCESS,GLACIER BAY,56.17821667,-132.8661117,336,337,17.7,0,9187899,ZCDS4
2008-07-13T02:59:20,310505000,TAHITIAN-PRINCESS,GLACIER BAY,56.17776333,-132.8657717,336,337,17.8,0,9187899,ZCDS4
2008-07-13T02:59:07,310505000,TAHITIAN-PRINCESS,GLACIER BAY,56.17685667,-132.865085,336,337,17.8,0,9187899,ZCDS4
2008-07-13T02:59:02,310505000,TAHITIAN-PRINCESS,GLACIER BAY,56.176405,-132.8647383,336,337,17.8,0,9187899,ZCDS4
2008-07-13T02:58:44,310505000,TAHITIAN-PRINCESS,GLACIER BAY,56.17504333,-132.8637167,336,337,17.8,0,9187899,ZCDS4
2008-07-13T02:58:19,310505000,TAHITIAN-PRINCESS,GLACIER BAY,56.17323167,-132.8623417,336,337,17.7,0,9187899,ZCDS4
2008-07-13T02:58:13,310505000,TAHITIAN-PRINCESS,GLACIER BAY,56.17277833,-132.8620017,336,337,17.7,0,9187899,ZCDS4
2008-07-13T02:58:01,310505000,TAHITIAN-PRINCESS,GLACIER BAY,56.17187167,-132.8613233,336,337,17.7,0,9187899,ZCDS4
2008-07-13T02:57:32,310505000,TAHITIAN-PRINCESS,GLACIER BAY,56.169685,-132.85968,336,337,17.7,0,9187899,ZCDS4
2008-07-13T02:56:29,310505000,TAHITIAN-PRINCESS,GLACIER BAY,56.16292,-132.8541583,0,0,0.0,0,9187899,ZCDS4
2008-07-13T02:56:01,310505000,TAHITIAN-PRINCESS,GLACIER BAY,56.16292,-132.8541583,332,332,17.7,0,9187899,ZCDS4
2008-07-13T02:55:14,310505000,TAHITIAN-PRINCESS,GLACIER BAY,56.15945,-132.85091,330,330,17.7,0,9187899,ZCDS4
2008-07-13T02:55:01,310505000,TAHITIAN-PRINCESS,GLACIER BAY,56.15859333,-132.85005,329,330,17.7,0,9187899,ZCDS4
2008-07-13T02:54:13,310505000,TAHITIAN-PRINCESS,GLACIER BAY,56.15518333,-132.8465283,328,329,17.8,0,9187899,ZCDS4
2008-07-13T02:53:32,310505000,TAHITIAN-PRINCESS,GLACIER BAY,56.15229333,-132.8434117,327,328,17.9,0,9187899,ZCDS4
2008-07-13T02:53:26,310505000,TAHITIAN-PRINCESS,GLACIER BAY,56.15187333,-132.8429483,327,328,17.9,0,9187899,ZCDS4
2008-07-13T02:52:50,310505000,TAHITIAN-PRINCESS,GLACIER BAY,56.14929167,-132.8400333,326,327,17.9,0,9187899,ZCDS4
2008-07-13T02:52:32,310505000,TAHITIAN-PRINCESS,GLACIER BAY,56.14810667,-132.8386767,325,327,17.9,0,9187899,ZCDS4
2008-07-13T02:51:43,310505000,TAHITIAN-PRINCESS,GLACIER BAY,56.144695,-132.8347233,325,327,18.1,0,9187899,ZCDS4
2008-07-13T02:51:14,310505000,TAHITIAN-PRINCESS,GLACIER BAY,56.14259167,-132.8322883,325,327,18.1,0,9187899,ZCDS4
2008-07-13T02:51:01,310505000,TAHITIAN-PRINCESS,GLACIER BAY,56.14174833,-132.8313183,325,327,18.1,0,9187899,ZCDS4
2008-07-13T02:50:55,310505000,TAHITIAN-PRINCESS,GLACIER BAY,56.14132667,-132.8308333,325,327,18.1,0,9187899,ZCDS4
2008-07-13T02:50:27,310505000,TAHITIAN-PRINCESS,GLACIER BAY,56.13929,-132.8284633,325,327,18.2,0,9187899,ZCDS4
2008-07-13T02:50:14,310505000,TAHITIAN-PRINCESS,GLACIER BAY,56.13837333,-132.82741,325,327,18.1,0,9187899,ZCDS4
2008-07-13T02:49:44,310505000,TAHITIAN-PRINCESS,GLACIER BAY,56.13633167,-132.8250183,325,327,18.2,0,9187899,ZCDS4
2008-07-13T02:49:38,310505000,TAHITIAN-PRINCESS,GLACIER BAY,56.13584,-132.82444,325,327,18.2,0,9187899,ZCDS4
2008-07-13T02:49:33,310505000,TAHITIAN-PRINCESS,GLACIER BAY,56.135415,-132.823945,325,327,18.2,0,9187899,ZCDS4
2008-07-13T02:49:26,310505000,TAHITIAN-PRINCESS,GLACIER BAY,56.13506333,-132.82353,325,327,18.3,0,9187899,ZCDS4
2008-07-13T02:49:21,310505000,TAHITIAN-PRINCESS,GLACIER BAY,56.13464167,-132.8230267,325,327,18.3,0,9187899,ZCDS4
2008-07-13T02:49:08,310505000,TAHITIAN-PRINCESS,GLACIER BAY,56.13372333,-132.821945,325,327,18.3,0,9187899,ZCDS4
2008-07-13T02:49:01,310505000,TAHITIAN-PRINCESS,GLACIER BAY,56.1333,-132.8214433,325,327,18.3,0,9187899,ZCDS4
2008-07-13T02:48:57,310505000,TAHITIAN-PRINCESS,GLACIER BAY,56.132875,-132.8209433,325,327,18.3,0,9187899,ZCDS4
2008-07-13T02:48:50,310505000,TAHITIAN-PRINCESS,GLACIER BAY,56.13245167,-132.82044,325,327,18.3,0,9187899,ZCDS4
2008-07-13T02:48:45,310505000,TAHITIAN-PRINCESS,GLACIER BAY,56.13209833,-132.8200233,325,327,18.3,0,9187899,ZCDS4
2008-07-13T02:48:32,310505000,TAHITIAN-PRINCESS,GLACIER BAY,56.13117667,-132.8189433,325,327,18.3,0,9187899,ZCDS4
2008-07-13T02:48:20,310505000,TAHITIAN-PRINCESS,GLACIER BAY,56.13039667,-132.81803,325,327,18.3,0,9187899,ZCDS4
2008-07-13T02:48:14,310505000,TAHITIAN-PRINCESS,GLACIER BAY,56.12990167,-132.8174533,325,326,18.3,0,9187899,ZCDS4
2008-07-13T02:48:08,310505000,TAHITIAN-PRINCESS,GLACIER BAY,56.12947833,-132.8169567,325,326,18.3,0,9187899,ZCDS4
2008-07-13T02:48:01,310505000,TAHITIAN-PRINCESS,GLACIER BAY,56.12905667,-132.8164567,325,326,18.2,0,9187899,ZCDS4
2008-07-13T02:47:55,310505000,TAHITIAN-PRINCESS,GLACIER BAY,56.12863667,-132.81595,325,326,18.2,0,9187899,ZCDS4
2008-07-13T02:47:50,310505000,TAHITIAN-PRINCESS,GLACIER BAY,56.128285,-132.8155317,325,327,18.2,0,9187899,ZCDS4
2008-07-13T02:47:38,310505000,TAHITIAN-PRINCESS,GLACIER BAY,56.12737333,-132.8144467,325,326,18.2,0,9187899,ZCDS4
2008-07-13T02:47:31,310505000,TAHITIAN-PRINCESS,GLACIER BAY,56.12695,-132.8139517,325,326,18.2,0,9187899,ZCDS4
2008-07-13T02:47:08,310505000,TAHITIAN-PRINCESS,GLACIER BAY,56.12526833,-132.8119567,325,327,18.2,0,9187899,ZCDS4
2008-07-13T02:46:20,310505000,TAHITIAN-PRINCESS,GLACIER BAY,56.12198333,-132.8080633,325,326,18.1,0,9187899,ZCDS4
2008-07-13T02:46:08,310505000,TAHITIAN-PRINCESS,GLACIER BAY,56.121145,-132.80708,325,326,18.1,0,9187899,ZCDS4
2008-07-13T02:45:55,310505000,TAHITIAN-PRINCESS,GLACIER BAY,56.12024333,-132.806,325,326,18.1,0,9187899,ZCDS4
2008-07-13T02:45:31,310505000,TAHITIAN-PRINCESS,GLACIER BAY,56.11858167,-132.8040033,325,326,18.0,0,9187899,ZCDS4
2008-07-13T02:45:26,310505000,TAHITIAN-PRINCESS,GLACIER BAY,56.118235,-132.8035883,325,326,18.0,0,9187899,ZCDS4
2008-07-13T02:45:15,310505000,TAHITIAN-PRINCESS,GLACIER BAY,56.11733167,-132.8025183,325,326,18.0,0,9187899,ZCDS4
2008-07-13T02:44:55,310505000,TAHITIAN-PRINCESS,GLACIER BAY,56.116085,-132.80103,325,326,18.0,0,9187899,ZCDS4
2008-07-13T02:44:50,310505000,TAHITIAN-PRINCESS,GLACIER BAY,56.11573667,-132.8006217,325,326,18.0,0,9187899,ZCDS4
2008-07-13T02:44:44,310505000,TAHITIAN-PRINCESS,GLACIER BAY,56.11532,-132.800125,325,326,18.0,0,9187899,ZCDS4
2008-07-13T02:44:38,310505000,TAHITIAN-PRINCESS,GLACIER BAY,56.114905,-132.7996283,325,326,18.0,0,9187899,ZCDS4
2008-07-13T02:44:32,310505000,TAHITIAN-PRINCESS,GLACIER BAY,56.11442167,-132.799045,325,326,18.0,0,9187899,ZCDS4
2008-07-13T02:44:30,310505000,TAHITIAN-PRINCESS,GLACIER BAY,56.11366167,-132.798135,0,0,0.0,0,9187899,ZCDS4
2008-07-13T02:44:20,310505000,TAHITIAN-PRINCESS,GLACIER BAY,56.11366167,-132.798135,325,326,18.0,0,9187899,ZCDS4
2008-07-13T02:43:55,310505000,TAHITIAN-PRINCESS,GLACIER BAY,56.11193167,-132.7960767,325,326,18.0,0,9187899,ZCDS4
2008-07-13T02:43:50,310505000,TAHITIAN-PRINCESS,GLACIER BAY,56.11159,-132.7956567,325,326,18.0,0,9187899,ZCDS4
2008-07-13T02:43:43,310505000,TAHITIAN-PRINCESS,GLACIER BAY,56.11110833,-132.79507,325,326,18.0,0,9187899,ZCDS4
2008-07-13T02:43:09,310505000,TAHITIAN-PRINCESS,GLACIER BAY,56.10869,-132.792185,325,326,18.0,0,9187899,ZCDS4
2008-07-13T02:43:03,310505000,TAHITIAN-PRINCESS,GLACIER BAY,56.10820833,-132.7916033,325,326,18.0,0,9187899,ZCDS4
2008-07-13T02:42:43,310505000,TAHITIAN-PRINCESS,GLACIER BAY,56.10696167,-132.7901233,325,326,18.0,0,9187899,ZCDS4
2008-07-13T02:42:32,310505000,TAHITIAN-PRINCESS,GLACIER BAY,56.10613333,-132.7891367,325,326,18.0,0,9187899,ZCDS4
2008-07-13T02:42:26,310505000,TAHITIAN-PRINCESS,GLACIER BAY,56.10571833,-132.78864,325,326,18.0,0,9187899,ZCDS4
2008-07-13T02:41:44,310505000,TAHITIAN-PRINCESS,GLACIER BAY,56.10281833,-132.7851417,325,327,18.0,0,9187899,ZCDS4
2008-07-13T02:41:41,310505000,TAHITIAN-PRINCESS,GLACIER BAY,56.10247,-132.7847333,325,326,18.0,0,9187899,ZCDS4
2008-07-13T02:41:32,310505000,TAHITIAN-PRINCESS,GLACIER BAY,56.10198167,-132.7841617,325,326,18.0,0,9187899,ZCDS4
2008-07-13T02:41:21,310505000,TAHITIAN-PRINCESS,GLACIER BAY,56.101215,-132.7832617,325,326,18.0,0,9187899,ZCDS4
2008-07-13T02:41:09,310505000,TAHITIAN-PRINCESS,GLACIER BAY,56.10038167,-132.7822733,325,326,18.0,0,9187899,ZCDS4
2008-07-13T02:40:57,310505000,TAHITIAN-PRINCESS,GLACIER BAY,56.09948167,-132.78119,325,327,18.0,0,9187899,ZCDS4
2008-07-13T02:40:51,310505000,TAHITIAN-PRINCESS,GLACIER BAY,56.09906667,-132.78069,325,327,18.1,0,9187899,ZCDS4
2008-07-13T02:40:44,310505000,TAHITIAN-PRINCESS,GLACIER BAY,56.09864833,-132.7802017,325,327,18.1,0,9187899,ZCDS4
2008-07-13T02:40:27,310505000,TAHITIAN-PRINCESS,GLACIER BAY,56.09739167,-132.7787267,325,326,18.1,0,9187899,ZCDS4
2008-07-13T02:40:21,310505000,TAHITIAN-PRINCESS,GLACIER BAY,56.097045,-132.7783117,325,326,18.1,0,9187899,ZCDS4
2008-07-13T02:40:08,310505000,TAHITIAN-PRINCESS,GLACIER BAY,56.09621167,-132.77731,325,327,18.1,0,9187899,ZCDS4
2008-07-13T02:39:55,310505000,TAHITIAN-PRINCESS,GLACIER BAY,56.095305,-132.77624,325,327,18.1,0,9187899,ZCDS4
2008-07-13T02:39:44,310505000,TAHITIAN-PRINCESS,GLACIER BAY,56.09446333,-132.7752617,325,326,18.1,0,9187899,ZCDS4
2008-07-13T02:39:38,310505000,TAHITIAN-PRINCESS,GLACIER BAY,56.094115,-132.77485,325,326,18.1,0,9187899,ZCDS4
2008-07-13T02:39:26,310505000,TAHITIAN-PRINCESS,GLACIER BAY,56.09321,-132.7737683,325,327,18.1,0,9187899,ZCDS4
2008-07-13T02:39:21,310505000,TAHITIAN-PRINCESS,GLACIER BAY,56.09286,-132.773355,325,327,18.1,0,9187899,ZCDS4
2008-07-13T02:39:08,310505000,TAHITIAN-PRINCESS,GLACIER BAY,56.09202167,-132.7723583,325,327,18.2,0,9187899,ZCDS4
2008-07-13T02:39:01,310505000,TAHITIAN-PRINCESS,GLACIER BAY,56.09153,-132.7717833,325,327,18.2,0,9187899,ZCDS4
2008-07-13T02:38:55,310505000,TAHITIAN-PRINCESS,GLACIER BAY,56.09110667,-132.7712917,325,327,18.2,0,9187899,ZCDS4
2008-07-13T02:38:50,310505000,TAHITIAN-PRINCESS,GLACIER BAY,56.09068333,-132.7708033,325,327,18.2,0,9187899,ZCDS4
2008-07-13T02:38:44,310505000,TAHITIAN-PRINCESS,GLACIER BAY,56.09026,-132.7703133,325,326,18.2,0,9187899,ZCDS4
2008-07-13T02:38:39,310505000,TAHITIAN-PRINCESS,GLACIER BAY,56.08990667,-132.7699033,325,327,18.2,0,9187899,ZCDS4
2008-07-13T02:38:32,310505000,TAHITIAN-PRINCESS,GLACIER BAY,56.08941333,-132.7693233,325,327,18.3,0,9187899,ZCDS4
2008-07-13T02:38:29,310505000,TAHITIAN-PRINCESS,GLACIER BAY,56.08864,-132.7684017,0,0,0.0,0,9187899,ZCDS4
2008-07-13T02:38:20,310505000,TAHITIAN-PRINCESS,GLACIER BAY,56.08864,-132.7684017,325,327,18.3,0,9187899,ZCDS4
2008-07-13T02:38:14,310505000,TAHITIAN-PRINCESS,GLACIER BAY,56.088215,-132.7679017,325,327,18.3,0,9187899,ZCDS4
2008-07-13T02:38:10,310505000,TAHITIAN-PRINCESS,GLACIER BAY,56.08778833,-132.7674117,325,327,18.3,0,9187899,ZCDS4
2008-07-13T02:38:01,310505000,TAHITIAN-PRINCESS,GLACIER BAY,56.08728833,-132.7668417,325,327,18.4,0,9187899,ZCDS4
2008-07-13T02:37:56,310505000,TAHITIAN-PRINCESS,GLACIER BAY,56.08686167,-132.7663467,325,327,18.4,0,9187899,ZCDS4
2008-07-13T02:37:44,310505000,TAHITIAN-PRINCESS,GLACIER BAY,56.08607833,-132.76544,325,327,18.3,0,9187899,ZCDS4
2008-07-13T02:37:31,310505000,TAHITIAN-PRINCESS,GLACIER BAY,56.08515333,-132.7643733,325,327,18.4,0,9187899,ZCDS4
2008-07-13T02:37:26,310505000,TAHITIAN-PRINCESS,GLACIER BAY,56.08472833,-132.7638767,325,327,18.4,0,9187899,ZCDS4
2008-07-13T02:37:14,310505000,TAHITIAN-PRINCESS,GLACIER BAY,56.083945,-132.7629683,325,327,18.4,0,9187899,ZCDS4
2008-07-13T02:36:56,310505000,TAHITIAN-PRINCESS,GLACIER BAY,56.08259333,-132.761405,325,327,18.4,0,9187899,ZCDS4
2008-07-13T02:36:45,310505000,TAHITIAN-PRINCESS,GLACIER BAY,56.08181,-132.760495,325,327,18.4,0,9187899,ZCDS4
2008-07-13T02:36:31,310505000,TAHITIAN-PRINCESS,GLACIER BAY,56.08088333,-132.7594267,325,327,18.4,0,9187899,ZCDS4
2008-07-13T02:36:25,310505000,TAHITIAN-PRINCESS,GLACIER BAY,56.08045667,-132.7589317,325,327,18.4,0,9187899,ZCDS4
2008-07-13T02:36:22,310505000,TAHITIAN-PRINCESS,GLACIER BAY,56.0801,-132.75852,325,327,18.4,0,9187899,ZCDS4
2008-07-13T02:36:13,310505000,TAHITIAN-PRINCESS,GLACIER BAY,56.07960167,-132.7579417,325,327,18.4,0,9187899,ZCDS4
2008-07-13T02:36:08,310505000,TAHITIAN-PRINCESS,GLACIER BAY,56.07924667,-132.7575283,325,327,18.4,0,9187899,ZCDS4
2008-07-13T02:35:38,310505000,TAHITIAN-PRINCESS,GLACIER BAY,56.07703833,-132.7549867,325,327,18.3,0,9187899,ZCDS4
2008-07-13T02:35:31,310505000,TAHITIAN-PRINCESS,GLACIER BAY,56.07661333,-132.75449,325,327,18.3,0,9187899,ZCDS4
2008-07-13T02:35:25,310505000,TAHITIAN-PRINCESS,GLACIER BAY,56.07618833,-132.7539933,325,327,18.4,0,9187899,ZCDS4
2008-07-13T02:35:20,310505000,TAHITIAN-PRINCESS,GLACIER BAY,56.075835,-132.7535767,325,327,18.3,0,9187899,ZCDS4
2008-07-13T02:35:10,310505000,TAHITIAN-PRINCESS,GLACIER BAY,56.07498333,-132.752585,325,327,18.3,0,9187899,ZCDS4
2008-07-13T02:34:56,310505000,TAHITIAN-PRINCESS,GLACIER BAY,56.07413167,-132.75159,325,327,18.4,0,9187899,ZCDS4
2008-07-13T02:34:37,310505000,TAHITIAN-PRINCESS,GLACIER BAY,56.07278167,-132.7500233,325,327,18.3,0,9187899,ZCDS4
2008-07-13T02:34:32,310505000,TAHITIAN-PRINCESS,GLACIER BAY,56.07235667,-132.7495233,325,327,18.3,0,9187899,ZCDS4
2008-07-13T02:34:13,310505000,TAHITIAN-PRINCESS,GLACIER BAY,56.07108167,-132.7480283,325,327,18.3,0,9187899,ZCDS4
2008-07-13T02:34:08,310505000,TAHITIAN-PRINCESS,GLACIER BAY,56.07072667,-132.7476133,325,327,18.3,0,9187899,ZCDS4
2008-07-13T02:34:02,310505000,TAHITIAN-PRINCESS,GLACIER BAY,56.07023,-132.747035,325,327,18.3,0,9187899,ZCDS4
2008-07-13T02:33:49,310505000,TAHITIAN-PRINCESS,GLACIER BAY,56.06937833,-132.7460433,325,327,18.3,0,9187899,ZCDS4
2008-07-13T02:33:45,310505000,TAHITIAN-PRINCESS,GLACIER BAY,56.06902333,-132.7456283,325,327,18.3,0,9187899,ZCDS4
2008-07-13T02:33:38,310505000,TAHITIAN-PRINCESS,GLACIER BAY,56.068525,-132.7450517,325,327,18.3,0,9187899,ZCDS4
2008-07-13T02:33:32,310505000,TAHITIAN-PRINCESS,GLACIER BAY,56.0681,-132.7445533,325,327,18.3,0,9187899,ZCDS4
2008-07-13T02:33:25,310505000,TAHITIAN-PRINCESS,GLACIER BAY,56.067675,-132.7440567,325,327,18.3,0,9187899,ZCDS4
2008-07-13T02:33:19,310505000,TAHITIAN-PRINCESS,GLACIER BAY,56.06725,-132.74356,325,327,18.3,0,9187899,ZCDS4
2008-07-13T02:33:14,310505000,TAHITIAN-PRINCESS,GLACIER BAY,56.06682667,-132.7430617,325,327,18.4,0,9187899,ZCDS4
2008-07-13T02:33:03,310505000,TAHITIAN-PRINCESS,GLACIER BAY,56.06604667,-132.7421433,325,327,18.3,0,9187899,ZCDS4
2008-07-13T02:32:57,310505000,TAHITIAN-PRINCESS,GLACIER BAY,56.06562167,-132.7416467,325,327,18.3,0,9187899,ZCDS4
2008-07-13T02:32:49,310505000,TAHITIAN-PRINCESS,GLACIER BAY,56.06512167,-132.7410733,325,327,18.3,0,9187899,ZCDS4
2008-07-13T02:32:44,310505000,TAHITIAN-PRINCESS,GLACIER BAY,56.064765,-132.740665,325,327,18.3,0,9187899,ZCDS4
2008-07-13T02:32:30,310505000,TAHITIAN-PRINCESS,GLACIER BAY,56.0521667,-132.7335,0,0,0.0,0,9187899,ZCDS4
2008-07-13T02:32:28,310505000,TAHITIAN-PRINCESS,GLACIER BAY,56.0521667,-132.7335,511,360,102.3,15,9187899,ZCDS4
2008-07-13T02:32:19,310505000,TAHITIAN-PRINCESS,GLACIER BAY,56.06299167,-132.738595,325,327,18.3,0,9187899,ZCDS4
2008-07-13T02:32:07,310505000,TAHITIAN-PRINCESS,GLACIER BAY,56.062145,-132.7375867,325,327,18.3,0,9187899,ZCDS4
2008-07-13T02:31:44,310505000,TAHITIAN-PRINCESS,GLACIER BAY,56.06051333,-132.7356767,325,327,18.4,0,9187899,ZCDS4
2008-07-13T02:31:19,310505000,TAHITIAN-PRINCESS,GLACIER BAY,56.05874167,-132.7335867,325,327,18.4,0,9187899,ZCDS4
2008-07-13T02:31:13,310505000,TAHITIAN-PRINCESS,GLACIER BAY,56.058315,-132.7330917,325,327,18.4,0,9187899,ZCDS4
2008-07-13T02:31:09,310505000,TAHITIAN-PRINCESS,GLACIER BAY,56.05788833,-132.732595,325,327,18.3,0,9187899,ZCDS4
2008-07-13T02:30:56,310505000,TAHITIAN-PRINCESS,GLACIER BAY,56.05710667,-132.7316867,325,326,18.4,0,9187899,ZCDS4
2008-07-13T02:30:51,310505000,TAHITIAN-PRINCESS,GLACIER BAY,56.05668167,-132.7311867,325,326,18.4,0,9187899,ZCDS4
2008-07-13T02:30:44,310505000,TAHITIAN-PRINCESS,GLACIER BAY,56.05618667,-132.7306017,325,326,18.4,0,9187899,ZCDS4
2008-07-13T02:30:37,310505000,TAHITIAN-PRINCESS,GLACIER BAY,56.05576333,-132.7300983,325,326,18.4,0,9187899,ZCDS4
2008-07-13T02:30:32,310505000,TAHITIAN-PRINCESS,GLACIER BAY,56.05534167,-132.72959,325,326,18.4,0,9187899,ZCDS4
2008-07-13T02:30:19,310505000,TAHITIAN-PRINCESS,GLACIER BAY,56.05449333,-132.7285867,325,327,18.4,0,9187899,ZCDS4
2008-07-13T02:30:13,310505000,TAHITIAN-PRINCESS,GLACIER BAY,56.05406833,-132.7280867,325,326,18.4,0,9187899,ZCDS4
2008-07-13T02:30:07,310505000,TAHITIAN-PRINCESS,GLACIER BAY,56.05364167,-132.7275867,325,326,18.4,0,9187899,ZCDS4
2008-07-13T02:30:02,310505000,TAHITIAN-PRINCESS,GLACIER BAY,56.05328833,-132.7271633,325,326,18.4,0,9187899,ZCDS4
2008-07-13T02:29:31,310505000,TAHITIAN-PRINCESS,GLACIER BAY,56.05109333,-132.7245583,325,327,18.4,0,9187899,ZCDS4
2008-07-13T02:29:19,310505000,TAHITIAN-PRINCESS,GLACIER BAY,56.050245,-132.7235467,325,327,18.4,0,9187899,ZCDS4
2008-07-13T02:29:07,310505000,TAHITIAN-PRINCESS,GLACIER BAY,56.04939167,-132.7225433,325,326,18.4,0,9187899,ZCDS4
2008-07-13T02:29:02,310505000,TAHITIAN-PRINCESS,GLACIER BAY,56.04903667,-132.72213,325,326,18.4,0,9187899,ZCDS4
2008-07-13T02:28:44,310505000,TAHITIAN-PRINCESS,GLACIER BAY,56.04769333,-132.7205317,325,326,18.4,0,9187899,ZCDS4
2008-07-13T02:28:37,310505000,TAHITIAN-PRINCESS,GLACIER BAY,56.04727,-132.7200233,325,326,18.4,0,9187899,ZCDS4
2008-07-13T02:28:32,310505000,TAHITIAN-PRINCESS,GLACIER BAY,56.046915,-132.7196033,325,326,18.4,0,9187899,ZCDS4
2008-07-13T02:28:20,310505000,TAHITIAN-PRINCESS,GLACIER BAY,56.04599333,-132.718515,325,326,18.4,0,9187899,ZCDS4
2008-07-13T02:28:13,310505000,TAHITIAN-PRINCESS,GLACIER BAY,56.04556667,-132.718015,325,326,18.4,0,9187899,ZCDS4
2008-07-13T02:28:08,310505000,TAHITIAN-PRINCESS,GLACIER BAY,56.04514333,-132.71751,325,326,18.4,0,9187899,ZCDS4
2008-07-13T02:27:56,310505000,TAHITIAN-PRINCESS,GLACIER BAY,56.04436833,-132.7165767,325,326,18.4,0,9187899,ZCDS4
2008-07-13T02:27:44,310505000,TAHITIAN-PRINCESS,GLACIER BAY,56.04345,-132.7154783,325,326,18.4,0,9187899,ZCDS4
2008-07-13T02:27:32,310505000,TAHITIAN-PRINCESS,GLACIER BAY,56.04267,-132.7145567,325,326,18.4,0,9187899,ZCDS4
2008-07-13T02:27:26,310505000,TAHITIAN-PRINCESS,GLACIER BAY,56.04224667,-132.714045,325,326,18.4,0,9187899,ZCDS4
2008-07-13T02:27:13,310505000,TAHITIAN-PRINCESS,GLACIER BAY,56.04132833,-132.7129433,325,326,18.4,0,9187899,ZCDS4
2008-07-13T02:27:07,310505000,TAHITIAN-PRINCESS,GLACIER BAY,56.04090167,-132.712445,325,326,18.4,0,9187899,ZCDS4
2008-07-13T02:27:02,310505000,TAHITIAN-PRINCESS,GLACIER BAY,56.040545,-132.71203,325,326,18.4,0,9187899,ZCDS4
2008-07-13T02:26:56,310505000,TAHITIAN-PRINCESS,GLACIER BAY,56.04012167,-132.7115267,325,326,18.4,0,9187899,ZCDS4
2008-07-13T02:26:51,310505000,TAHITIAN-PRINCESS,GLACIER BAY,56.03969833,-132.7110217,325,326,18.4,0,9187899,ZCDS4
2008-07-13T02:26:44,310505000,TAHITIAN-PRINCESS,GLACIER BAY,56.039205,-132.7104267,325,326,18.4,0,9187899,ZCDS4
2008-07-13T02:26:30,310505000,TAHITIAN-PRINCESS,GLACIER BAY,56.03800833,-132.7089817,0,0,0.0,0,9187899,ZCDS4
2008-07-13T02:26:27,310505000,TAHITIAN-PRINCESS,GLACIER BAY,56.03800833,-132.7089817,325,326,18.4,0,9187899,ZCDS4
2008-07-13T02:26:21,310505000,TAHITIAN-PRINCESS,GLACIER BAY,56.03751333,-132.7083917,325,326,18.4,0,9187899,ZCDS4
2008-07-13T02:26:01,310505000,TAHITIAN-PRINCESS,GLACIER BAY,56.03624333,-132.70687,325,326,18.4,0,9187899,ZCDS4
2008-07-13T02:25:56,310505000,TAHITIAN-PRINCESS,GLACIER BAY,56.03589167,-132.7064483,325,326,18.4,0,9187899,ZCDS4
2008-07-13T02:25:38,310505000,TAHITIAN-PRINCESS,GLACIER BAY,56.03455333,-132.7048383,325,326,18.4,0,9187899,ZCDS4
2008-07-13T02:25:32,310505000,TAHITIAN-PRINCESS,GLACIER BAY,56.0342,-132.7044183,325,326,18.4,0,9187899,ZCDS4
2008-07-13T02:25:26,310505000,TAHITIAN-PRINCESS,GLACIER BAY,56.03378,-132.7039083,325,326,18.4,0,9187899,ZCDS4
2008-07-13T02:25:19,310505000,TAHITIAN-PRINCESS,GLACIER BAY,56.03328667,-132.703315,325,326,18.4,0,9187899,ZCDS4
2008-07-13T02:25:07,310505000,TAHITIAN-PRINCESS,GLACIER BAY,56.03244667,-132.7022867,325,326,18.4,0,9187899,ZCDS4
2008-07-13T02:24:50,310505000,TAHITIAN-PRINCESS,GLACIER BAY,56.03125167,-132.70084,325,326,18.3,0,9187899,ZCDS4
2008-07-13T02:24:44,310505000,TAHITIAN-PRINCESS,GLACIER BAY,56.03075833,-132.7002517,325,326,18.4,0,9187899,ZCDS4
2008-07-13T02:24:32,310505000,TAHITIAN-PRINCESS,GLACIER BAY,56.02998333,-132.699325,325,326,18.4,0,9187899,ZCDS4
2008-07-13T02:24:19,310505000,TAHITIAN-PRINCESS,GLACIER BAY,56.029075,-132.6982067,325,326,18.4,0,9187899,ZCDS4
2008-07-13T02:24:13,310505000,TAHITIAN-PRINCESS,GLACIER BAY,56.02865667,-132.6976883,325,326,18.4,0,9187899,ZCDS4
2008-07-13T02:24:07,310505000,TAHITIAN-PRINCESS,GLACIER BAY,56.02823667,-132.6971733,325,326,18.4,0,9187899,ZCDS4
2008-07-13T02:24:01,310505000,TAHITIAN-PRINCESS,GLACIER BAY,56.02781333,-132.6966683,325,326,18.4,0,9187899,ZCDS4
2008-07-13T02:23:43,310505000,TAHITIAN-PRINCESS,GLACIER BAY,56.026545,-132.6951533,325,326,18.4,0,9187899,ZCDS4
2008-07-13T02:23:32,310505000,TAHITIAN-PRINCESS,GLACIER BAY,56.02577333,-132.6942133,325,326,18.4,0,9187899,ZCDS4
2008-07-13T02:23:26,310505000,TAHITIAN-PRINCESS,GLACIER BAY,56.025285,-132.6936133,325,326,18.4,0,9187899,ZCDS4
2008-07-13T02:23:21,310505000,TAHITIAN-PRINCESS,GLACIER BAY,56.024935,-132.693185,325,326,18.4,0,9187899,ZCDS4
2008-07-13T02:23:14,310505000,TAHITIAN-PRINCESS,GLACIER BAY,56.02444167,-132.6925933,325,326,18.4,0,9187899,ZCDS4
2008-07-13T02:22:57,310505000,TAHITIAN-PRINCESS,GLACIER BAY,56.02324167,-132.6911667,325,326,18.4,0,9187899,ZCDS4
2008-07-13T02:22:50,310505000,TAHITIAN-PRINCESS,GLACIER BAY,56.02282167,-132.6906533,325,326,18.4,0,9187899,ZCDS4
2008-07-13T02:22:43,310505000,TAHITIAN-PRINCESS,GLACIER BAY,56.02233333,-132.6900483,325,326,18.4,0,9187899,ZCDS4
2008-07-13T02:22:33,310505000,TAHITIAN-PRINCESS,GLACIER BAY,56.02156333,-132.6891067,325,326,18.4,0,9187899,ZCDS4
2008-07-13T02:22:25,310505000,TAHITIAN-PRINCESS,GLACIER BAY,56.02107333,-132.6885067,325,326,18.4,0,9187899,ZCDS4
2008-07-13T02:22:20,310505000,TAHITIAN-PRINCESS,GLACIER BAY,56.02072167,-132.6880817,325,326,18.4,0,9187899,ZCDS4
2008-07-13T02:22:08,310505000,TAHITIAN-PRINCESS,GLACIER BAY,56.019875,-132.6870683,325,326,18.4,0,9187899,ZCDS4
2008-07-13T02:21:50,310505000,TAHITIAN-PRINCESS,GLACIER BAY,56.01861,-132.6855383,325,326,18.4,0,9187899,ZCDS4
2008-07-13T02:21:44,310505000,TAHITIAN-PRINCESS,GLACIER BAY,56.01812,-132.684935,325,326,18.4,0,9187899,ZCDS4
2008-07-13T02:21:38,310505000,TAHITIAN-PRINCESS,GLACIER BAY,56.01777,-132.6845067,325,326,18.4,0,9187899,ZCDS4
2008-07-13T02:21:21,310505000,TAHITIAN-PRINCESS,GLACIER BAY,56.01650833,-132.6829667,325,326,18.4,0,9187899,ZCDS4
2008-07-13T02:21:14,310505000,TAHITIAN-PRINCESS,GLACIER BAY,56.01601667,-132.6823667,325,326,18.4,0,9187899,ZCDS4
2008-07-13T02:21:08,310505000,TAHITIAN-PRINCESS,GLACIER BAY,56.01566667,-132.6819417,325,326,18.4,0,9187899,ZCDS4
2008-07-13T02:21:02,310505000,TAHITIAN-PRINCESS,GLACIER BAY,56.01517667,-132.68134,325,326,18.4,0,9187899,ZCDS4
2008-07-13T02:20:56,310505000,TAHITIAN-PRINCESS,GLACIER BAY,56.014825,-132.680915,325,326,18.4,0,9187899,ZCDS4
2008-07-13T02:20:32,310505000,TAHITIAN-PRINCESS,GLACIER BAY,56.01314333,-132.678865,325,325,18.4,0,9187899,ZCDS4
2008-07-13T02:20:21,310505000,TAHITIAN-PRINCESS,GLACIER BAY,56.012305,-132.6778383,325,325,18.4,0,9187899,ZCDS4
2008-07-13T02:19:50,310505000,TAHITIAN-PRINCESS,GLACIER BAY,56.01021167,-132.6752483,325,325,18.4,0,9187899,ZCDS4
2008-07-13T02:18:56,310505000,TAHITIAN-PRINCESS,GLACIER BAY,56.00644833,-132.6705833,325,325,18.3,0,9187899,ZCDS4
2008-07-13T02:18:50,310505000,TAHITIAN-PRINCESS,GLACIER BAY,56.00596167,-132.6699783,326,325,18.3,0,9187899,ZCDS4
2008-07-13T02:18:38,310505000,TAHITIAN-PRINCESS,GLACIER BAY,56.00519333,-132.6690383,325,325,18.3,0,9187899,ZCDS4
2008-07-13T02:18:32,310505000,TAHITIAN-PRINCESS,GLACIER BAY,56.00477667,-132.6685217,325,325,18.3,0,9187899,ZCDS4
2008-07-13T02:18:09,310505000,TAHITIAN-PRINCESS,GLACIER BAY,56.003115,-132.666455,325,325,18.2,0,9187899,ZCDS4
2008-07-13T02:17:56,310505000,TAHITIAN-PRINCESS,GLACIER BAY,56.002285,-132.665415,325,325,18.2,0,9187899,ZCDS4
2008-07-13T02:15:39,310505000,TAHITIAN-PRINCESS,GLACIER BAY,55.99278167,-132.6534617,325,325,18.2,0,9187899,ZCDS4
2008-07-13T02:13:26,310505000,TAHITIAN-PRINCESS,GLACIER BAY,55.98376,-132.6420633,325,324,18.0,0,9187899,ZCDS4
2008-07-13T02:10:55,310505000,TAHITIAN-PRINCESS,GLACIER BAY,55.97354333,-132.6290667,325,325,17.9,0,9187899,ZCDS4
2008-07-13T02:08:08,310505000,TAHITIAN-PRINCESS,GLACIER BAY,55.96229167,-132.6150117,325,325,17.8,0,9187899,ZCDS4
2008-07-13T01:31:59,310505000,TAHITIAN-PRINCESS,GLACIER BAY,55.8011667,-132.434667,511,360,102.3,15,9187899,ZCDS4
2008-07-13T01:27:07,310505000,TAHITIAN-PRINCESS,GLACIER BAY,55.78975167,-132.4222,327,328,17.6,0,9187899,ZCDS4
2008-07-13T01:26:19,310505000,TAHITIAN-PRINCESS,GLACIER BAY,55.78645167,-132.4184883,328,328,17.6,0,9187899,ZCDS4
2008-07-13T01:25:55,310505000,TAHITIAN-PRINCESS,GLACIER BAY,55.78478833,-132.416675,328,328,17.6,0,9187899,ZCDS4
2008-07-13T01:24:19,310505000,TAHITIAN-PRINCESS,GLACIER BAY,55.77820667,-132.4092683,327,327,17.6,0,9187899,ZCDS4
2008-07-13T01:22:43,310505000,TAHITIAN-PRINCESS,GLACIER BAY,55.771655,-132.4018083,327,327,17.5,0,9187899,ZCDS4
2008-07-13T01:21:25,310505000,TAHITIAN-PRINCESS,GLACIER BAY,55.76634833,-132.3957633,327,327,17.4,0,9187899,ZCDS4
2008-07-13T01:21:19,310505000,TAHITIAN-PRINCESS,GLACIER BAY,55.76594,-132.3952983,327,327,17.4,0,9187899,ZCDS4
2008-07-13T01:21:13,310505000,TAHITIAN-PRINCESS,GLACIER BAY,55.765535,-132.39483,327,328,17.4,0,9187899,ZCDS4
2008-07-13T01:21:01,310505000,TAHITIAN-PRINCESS,GLACIER BAY,55.764725,-132.3938983,327,328,17.4,0,9187899,ZCDS4
2008-07-13T01:20:44,310505000,TAHITIAN-PRINCESS,GLACIER BAY,55.76356833,-132.3926017,327,327,17.4,0,9187899,ZCDS4
2008-07-13T01:20:19,310505000,TAHITIAN-PRINCESS,GLACIER BAY,55.76187,-132.3906883,327,327,17.4,0,9187899,ZCDS4
2008-07-13T01:20:07,310505000,TAHITIAN-PRINCESS,GLACIER BAY,55.76106,-132.38976,327,327,17.4,0,9187899,ZCDS4
2008-07-13T01:19:13,310505000,TAHITIAN-PRINCESS,GLACIER BAY,55.757405,-132.38563,327,327,17.4,0,9187899,ZCDS4
2008-07-13T01:18:55,310505000,TAHITIAN-PRINCESS,GLACIER BAY,55.75619333,-132.3842417,327,327,17.3,0,9187899,ZCDS4
2008-07-13T01:18:31,310505000,TAHITIAN-PRINCESS,GLACIER BAY,55.75458333,-132.3823733,327,328,17.3,0,9187899,ZCDS4
2008-07-13T01:18:07,310505000,TAHITIAN-PRINCESS,GLACIER BAY,55.75295833,-132.3805667,327,327,17.3,0,9187899,ZCDS4
2008-07-13T01:17:19,310505000,TAHITIAN-PRINCESS,GLACIER BAY,55.74973,-132.376905,327,327,17.3,0,9187899,ZCDS4
2008-07-13T01:17:01,310505000,TAHITIAN-PRINCESS,GLACIER BAY,55.74851667,-132.375545,327,327,17.3,0,9187899,ZCDS4
2008-07-13T01:16:44,310505000,TAHITIAN-PRINCESS,GLACIER BAY,55.74738167,-132.374235,328,328,17.2,0,9187899,ZCDS4
2008-07-13T01:16:26,310505000,TAHITIAN-PRINCESS,GLACIER BAY,55.74616833,-132.3728967,327,327,17.2,0,9187899,ZCDS4
2008-07-13T01:16:14,310505000,TAHITIAN-PRINCESS,GLACIER BAY,55.74529333,-132.3719283,326,327,17.2,0,9187899,ZCDS4
2008-07-13T01:16:01,310505000,TAHITIAN-PRINCESS,GLACIER BAY,55.74449667,-132.3710017,326,327,17.2,0,9187899,ZCDS4
2008-07-13T01:15:19,310505000,TAHITIAN-PRINCESS,GLACIER BAY,55.74163833,-132.3677117,327,327,17.1,0,9187899,ZCDS4
2008-07-13T01:14:55,310505000,TAHITIAN-PRINCESS,GLACIER BAY,55.7401,-132.3659933,327,327,17.1,0,9187899,ZCDS4
2008-07-13T01:14:37,310505000,TAHITIAN-PRINCESS,GLACIER BAY,55.73890833,-132.36461,327,328,17.1,0,9187899,ZCDS4
2008-07-13T01:14:26,310505000,TAHITIAN-PRINCESS,GLACIER BAY,55.73810333,-132.3637117,328,328,17.1,0,9187899,ZCDS4
2008-07-13T01:14:14,310505000,TAHITIAN-PRINCESS,GLACIER BAY,55.73729667,-132.3628217,327,328,17.1,0,9187899,ZCDS4
2008-07-13T01:14:07,310505000,TAHITIAN-PRINCESS,GLACIER BAY,55.736895,-132.362375,327,328,17.2,0,9187899,ZCDS4
2008-07-13T01:14:01,310505000,TAHITIAN-PRINCESS,GLACIER BAY,55.73649167,-132.36193,327,327,17.2,0,9187899,ZCDS4
2008-07-13T01:13:55,310505000,TAHITIAN-PRINCESS,GLACIER BAY,55.73608667,-132.3614933,327,327,17.2,0,9187899,ZCDS4
2008-07-13T01:13:49,310505000,TAHITIAN-PRINCESS,GLACIER BAY,55.73568167,-132.3610483,327,327,17.2,0,9187899,ZCDS4
2008-07-13T01:13:43,310505000,TAHITIAN-PRINCESS,GLACIER BAY,55.73528,-132.3605983,326,327,17.2,0,9187899,ZCDS4
2008-07-13T01:13:37,310505000,TAHITIAN-PRINCESS,GLACIER BAY,55.73487833,-132.360145,326,327,17.2,0,9187899,ZCDS4
2008-07-13T01:13:31,310505000,TAHITIAN-PRINCESS,GLACIER BAY,55.73448,-132.359685,326,327,17.2,0,9187899,ZCDS4
2008-07-13T01:13:14,310505000,TAHITIAN-PRINCESS,GLACIER BAY,55.73328667,-132.358285,327,328,17.2,0,9187899,ZCDS4
2008-07-13T01:13:01,310505000,TAHITIAN-PRINCESS,GLACIER BAY,55.732485,-132.3573667,327,328,17.2,0,9187899,ZCDS4
2008-07-13T01:12:49,310505000,TAHITIAN-PRINCESS,GLACIER BAY,55.73167833,-132.3564667,327,328,17.2,0,9187899,ZCDS4
2008-07-13T01:12:37,310505000,TAHITIAN-PRINCESS,GLACIER BAY,55.73086667,-132.355585,327,328,17.2,0,9187899,ZCDS4
2008-07-13T01:12:26,310505000,TAHITIAN-PRINCESS,GLACIER BAY,55.73005833,-132.35469,327,328,17.2,0,9187899,ZCDS4
2008-07-13T01:12:19,310505000,TAHITIAN-PRINCESS,GLACIER BAY,55.72958833,-132.3541617,327,328,17.2,0,9187899,ZCDS4
2008-07-13T01:12:14,310505000,TAHITIAN-PRINCESS,GLACIER BAY,55.72925167,-132.3537867,327,328,17.2,0,9187899,ZCDS4
2008-07-13T01:12:07,310505000,TAHITIAN-PRINCESS,GLACIER BAY,55.72884667,-132.35334,327,328,17.2,0,9187899,ZCDS4
2008-07-13T01:12:01,310505000,TAHITIAN-PRINCESS,GLACIER BAY,55.72844167,-132.35289,327,328,17.2,0,9187899,ZCDS4
2008-07-13T01:11:55,310505000,TAHITIAN-PRINCESS,GLACIER BAY,55.72803667,-132.3524433,327,328,17.2,0,9187899,ZCDS4
2008-07-13T01:11:49,310505000,TAHITIAN-PRINCESS,GLACIER BAY,55.72763,-132.352,327,328,17.2,0,9187899,ZCDS4
2008-07-13T01:11:37,310505000,TAHITIAN-PRINCESS,GLACIER BAY,55.72681667,-132.3511167,327,328,17.2,0,9187899,ZCDS4
2008-07-13T01:11:31,310505000,TAHITIAN-PRINCESS,GLACIER BAY,55.72641,-132.3506767,327,328,17.2,0,9187899,ZCDS4
2008-07-13T01:11:26,310505000,TAHITIAN-PRINCESS,GLACIER BAY,55.72600667,-132.3502283,327,328,17.2,0,9187899,ZCDS4
2008-07-13T01:11:19,310505000,TAHITIAN-PRINCESS,GLACIER BAY,55.72560167,-132.3497783,327,328,17.2,0,9187899,ZCDS4
2008-07-13T01:11:07,310505000,TAHITIAN-PRINCESS,GLACIER BAY,55.72479667,-132.348875,327,328,17.2,0,9187899,ZCDS4
2008-07-13T01:11:02,310505000,TAHITIAN-PRINCESS,GLACIER BAY,55.72439333,-132.3484217,327,328,17.2,0,9187899,ZCDS4
2008-07-13T01:10:55,310505000,TAHITIAN-PRINCESS,GLACIER BAY,55.72399,-132.347965,327,328,17.2,0,9187899,ZCDS4
2008-07-13T01:10:49,310505000,TAHITIAN-PRINCESS,GLACIER BAY,55.72358833,-132.3475133,327,328,17.2,0,9187899,ZCDS4
2008-07-13T01:10:31,310505000,TAHITIAN-PRINCESS,GLACIER BAY,55.72237167,-132.3461767,327,328,17.2,0,9187899,ZCDS4
2008-07-13T01:10:26,310505000,TAHITIAN-PRINCESS,GLACIER BAY,55.72196333,-132.345745,327,328,17.2,0,9187899,ZCDS4
2008-07-13T01:10:19,310505000,TAHITIAN-PRINCESS,GLACIER BAY,55.721555,-132.34531,327,328,17.2,0,9187899,ZCDS4
2008-07-13T01:10:07,310505000,TAHITIAN-PRINCESS,GLACIER BAY,55.72074667,-132.3444117,326,328,17.2,0,9187899,ZCDS4
2008-07-13T01:10:02,310505000,TAHITIAN-PRINCESS,GLACIER BAY,55.720345,-132.3439533,327,328,17.2,0,9187899,ZCDS4
2008-07-13T01:09:55,310505000,TAHITIAN-PRINCESS,GLACIER BAY,55.71994333,-132.3434967,327,328,17.2,0,9187899,ZCDS4
2008-07-13T01:09:49,310505000,TAHITIAN-PRINCESS,GLACIER BAY,55.71954,-132.3430417,327,328,17.2,0,9187899,ZCDS4
2008-07-13T01:09:37,310505000,TAHITIAN-PRINCESS,GLACIER BAY,55.71873667,-132.3421283,327,328,17.2,0,9187899,ZCDS4
2008-07-13T01:09:19,310505000,TAHITIAN-PRINCESS,GLACIER BAY,55.71752,-132.3407883,327,328,17.2,0,9187899,ZCDS4
2008-07-13T01:09:14,310505000,TAHITIAN-PRINCESS,GLACIER BAY,55.71711167,-132.3403517,327,328,17.2,0,9187899,ZCDS4
2008-07-13T01:09:02,310505000,TAHITIAN-PRINCESS,GLACIER BAY,55.71629333,-132.3394817,327,328,17.2,0,9187899,ZCDS4
2008-07-13T01:08:56,310505000,TAHITIAN-PRINCESS,GLACIER BAY,55.715885,-132.3390417,327,328,17.3,0,9187899,ZCDS4
2008-07-13T01:08:49,310505000,TAHITIAN-PRINCESS,GLACIER BAY,55.71547833,-132.3385983,327,328,17.2,0,9187899,ZCDS4
2008-07-13T01:08:43,310505000,TAHITIAN-PRINCESS,GLACIER BAY,55.71507333,-132.3381483,327,328,17.3,0,9187899,ZCDS4
2008-07-13T01:08:37,310505000,TAHITIAN-PRINCESS,GLACIER BAY,55.71466833,-132.3376933,327,329,17.3,0,9187899,ZCDS4
2008-07-13T01:08:27,310505000,TAHITIAN-PRINCESS,GLACIER BAY,55.713455,-132.33633,0,0,0.0,0,9187899,ZCDS4
2008-07-13T01:08:19,310505000,TAHITIAN-PRINCESS,GLACIER BAY,55.713455,-132.33633,328,330,17.3,0,9187899,ZCDS4
2008-07-13T01:08:13,310505000,TAHITIAN-PRINCESS,GLACIER BAY,55.71304333,-132.3358967,328,330,17.3,0,9187899,ZCDS4
2008-07-13T01:08:07,310505000,TAHITIAN-PRINCESS,GLACIER BAY,55.71263167,-132.3354617,328,330,17.3,0,9187899,ZCDS4
2008-07-13T01:08:02,310505000,TAHITIAN-PRINCESS,GLACIER BAY,55.71221833,-132.335035,328,330,17.3,0,9187899,ZCDS4
2008-07-13T01:07:49,310505000,TAHITIAN-PRINCESS,GLACIER BAY,55.71138833,-132.3341833,328,330,17.3,0,9187899,ZCDS4
2008-07-13T01:07:43,310505000,TAHITIAN-PRINCESS,GLACIER BAY,55.710975,-132.3337567,328,330,17.3,0,9187899,ZCDS4
2008-07-13T01:07:37,310505000,TAHITIAN-PRINCESS,GLACIER BAY,55.71049,-132.3332633,328,330,17.3,0,9187899,ZCDS4
2008-07-13T01:07:31,310505000,TAHITIAN-PRINCESS,GLACIER BAY,55.71014333,-132.3329117,328,330,17.3,0,9187899,ZCDS4
2008-07-13T01:07:26,310505000,TAHITIAN-PRINCESS,GLACIER BAY,55.70972667,-132.3324883,328,330,17.3,0,9187899,ZCDS4
2008-07-13T01:07:19,310505000,TAHITIAN-PRINCESS,GLACIER BAY,55.70931167,-132.332055,329,331,17.3,0,9187899,ZCDS4
2008-07-13T01:07:07,310505000,TAHITIAN-PRINCESS,GLACIER BAY,55.70848,-132.3312,329,331,17.3,0,9187899,ZCDS4
2008-07-13T01:07:02,310505000,TAHITIAN-PRINCESS,GLACIER BAY,55.70806167,-132.330785,329,331,17.3,0,9187899,ZCDS4
2008-07-13T01:06:56,310505000,TAHITIAN-PRINCESS,GLACIER BAY,55.70764,-132.33038,329,331,17.3,0,9187899,ZCDS4
2008-07-13T01:06:37,310505000,TAHITIAN-PRINCESS,GLACIER BAY,55.70630833,-132.32908,328,330,17.3,0,9187899,ZCDS4
2008-07-13T01:06:31,310505000,TAHITIAN-PRINCESS,GLACIER BAY,55.70596,-132.3287333,328,330,17.3,0,9187899,ZCDS4
2008-07-13T01:06:25,310505000,TAHITIAN-PRINCESS,GLACIER BAY,55.70554167,-132.3283133,328,330,17.3,0,9187899,ZCDS4
2008-07-13T01:06:02,310505000,TAHITIAN-PRINCESS,GLACIER BAY,55.70387833,-132.3266083,328,330,17.4,0,9187899,ZCDS4
2008-07-13T01:05:56,310505000,TAHITIAN-PRINCESS,GLACIER BAY,55.70346167,-132.3261817,328,330,17.4,0,9187899,ZCDS4
2008-07-13T01:05:49,310505000,TAHITIAN-PRINCESS,GLACIER BAY,55.703045,-132.3257583,328,330,17.4,0,9187899,ZCDS4
2008-07-13T01:05:37,310505000,TAHITIAN-PRINCESS,GLACIER BAY,55.702135,-132.3248533,328,330,17.4,0,9187899,ZCDS4
2008-07-13T01:05:31,310505000,TAHITIAN-PRINCESS,GLACIER BAY,55.701785,-132.3245067,328,330,17.4,0,9187899,ZCDS4
2008-07-13T01:05:25,310505000,TAHITIAN-PRINCESS,GLACIER BAY,55.70136667,-132.3240867,328,330,17.4,0,9187899,ZCDS4
2008-07-13T01:05:20,310505000,TAHITIAN-PRINCESS,GLACIER BAY,55.70094833,-132.3236617,328,330,17.4,0,9187899,ZCDS4
2008-07-13T01:05:13,310505000,TAHITIAN-PRINCESS,GLACIER BAY,55.70052833,-132.3232383,327,330,17.4,0,9187899,ZCDS4
2008-07-13T01:04:56,310505000,TAHITIAN-PRINCESS,GLACIER BAY,55.69927167,-132.3219633,327,330,17.4,0,9187899,ZCDS4
2008-07-13T01:04:31,310505000,TAHITIAN-PRINCESS,GLACIER BAY,55.69760667,-132.32022,328,330,17.4,0,9187899,ZCDS4
2008-07-13T01:04:25,310505000,TAHITIAN-PRINCESS,GLACIER BAY,55.69718833,-132.3197867,328,330,17.5,0,9187899,ZCDS4
2008-07-13T01:04:20,310505000,TAHITIAN-PRINCESS,GLACIER BAY,55.69676833,-132.3193583,328,330,17.5,0,9187899,ZCDS4
2008-07-13T01:04:07,310505000,TAHITIAN-PRINCESS,GLACIER BAY,55.69593167,-132.3184967,328,330,17.5,0,9187899,ZCDS4
2008-07-13T01:04:01,310505000,TAHITIAN-PRINCESS,GLACIER BAY,55.69551167,-132.3180683,328,330,17.5,0,9187899,ZCDS4
2008-07-13T01:03:56,310505000,TAHITIAN-PRINCESS,GLACIER BAY,55.69509,-132.31764,328,330,17.6,0,9187899,ZCDS4
2008-07-13T01:03:49,310505000,TAHITIAN-PRINCESS,GLACIER BAY,55.69466667,-132.3172133,328,331,17.6,0,9187899,ZCDS4
2008-07-13T01:03:43,310505000,TAHITIAN-PRINCESS,GLACIER BAY,55.69424333,-132.3167883,328,330,17.6,0,9187899,ZCDS4
2008-07-13T01:03:37,310505000,TAHITIAN-PRINCESS,GLACIER BAY,55.69374833,-132.3162917,328,330,17.6,0,9187899,ZCDS4
2008-07-13T01:03:31,310505000,TAHITIAN-PRINCESS,GLACIER BAY,55.693395,-132.315935,328,330,17.7,0,9187899,ZCDS4
2008-07-13T01:03:25,310505000,TAHITIAN-PRINCESS,GLACIER BAY,55.69296833,-132.3155083,328,330,17.7,0,9187899,ZCDS4
2008-07-13T01:03:13,310505000,TAHITIAN-PRINCESS,GLACIER BAY,55.692115,-132.3146483,328,331,17.8,0,9187899,ZCDS4
2008-07-13T01:03:07,310505000,TAHITIAN-PRINCESS,GLACIER BAY,55.69168667,-132.3142167,328,330,17.8,0,9187899,ZCDS4
2008-07-13T01:03:01,310505000,TAHITIAN-PRINCESS,GLACIER BAY,55.69125833,-132.3137817,328,331,17.9,0,9187899,ZCDS4
2008-07-13T01:02:56,310505000,TAHITIAN-PRINCESS,GLACIER BAY,55.69083,-132.31334,329,331,18.0,0,9187899,ZCDS4
2008-07-13T01:02:43,310505000,TAHITIAN-PRINCESS,GLACIER BAY,55.689965,-132.3124633,330,332,18.1,0,9187899,ZCDS4
2008-07-13T01:02:31,310505000,TAHITIAN-PRINCESS,GLACIER BAY,55.68908167,-132.31162,330,332,18.2,0,9187899,ZCDS4
2008-07-13T01:02:27,310505000,TAHITIAN-PRINCESS,GLACIER BAY,55.68819167,-132.3107717,0,0,0.0,0,9187899,ZCDS4
2008-07-13T01:02:20,310505000,TAHITIAN-PRINCESS,GLACIER BAY,55.68819167,-132.3107717,330,333,18.3,0,9187899,ZCDS4
2008-07-13T01:02:07,310505000,TAHITIAN-PRINCESS,GLACIER BAY,55.68728667,-132.3099517,330,333,18.4,0,9187899,ZCDS4
2008-07-13T01:02:01,310505000,TAHITIAN-PRINCESS,GLACIER BAY,55.68683333,-132.3095417,330,332,18.5,0,9187899,ZCDS4
2008-07-13T01:01:55,310505000,TAHITIAN-PRINCESS,GLACIER BAY,55.68637833,-132.3091267,330,332,18.5,0,9187899,ZCDS4
2008-07-13T01:01:49,310505000,TAHITIAN-PRINCESS,GLACIER BAY,55.685925,-132.3087033,330,333,18.5,0,9187899,ZCDS4
2008-07-13T01:01:43,310505000,TAHITIAN-PRINCESS,GLACIER BAY,55.68547,-132.3082833,330,332,18.5,0,9187899,ZCDS4
2008-07-13T01:01:37,310505000,TAHITIAN-PRINCESS,GLACIER BAY,55.68493833,-132.307795,330,332,18.6,0,9187899,ZCDS4
2008-07-13T01:01:31,310505000,TAHITIAN-PRINCESS,GLACIER BAY,55.68455833,-132.307445,330,332,18.6,0,9187899,ZCDS4
2008-07-13T01:01:25,310505000,TAHITIAN-PRINCESS,GLACIER BAY,55.68410167,-132.3070233,330,332,18.6,0,9187899,ZCDS4
2008-07-13T01:01:19,310505000,TAHITIAN-PRINCESS,GLACIER BAY,55.683645,-132.3065983,330,332,18.7,0,9187899,ZCDS4
2008-07-13T01:01:13,310505000,TAHITIAN-PRINCESS,GLACIER BAY,55.68318667,-132.3061767,330,332,18.7,0,9187899,ZCDS4
2008-07-13T01:01:01,310505000,TAHITIAN-PRINCESS,GLACIER BAY,55.68226833,-132.30533,330,332,18.8,0,9187899,ZCDS4
2008-07-13T01:00:55,310505000,TAHITIAN-PRINCESS,GLACIER BAY,55.68180833,-132.3048983,330,332,18.8,0,9187899,ZCDS4
2008-07-13T01:00:50,310505000,TAHITIAN-PRINCESS,GLACIER BAY,55.68135,-132.3044667,330,333,18.8,0,9187899,ZCDS4
2008-07-13T01:00:37,310505000,TAHITIAN-PRINCESS,GLACIER BAY,55.68042833,-132.3036067,330,333,18.8,0,9187899,ZCDS4
2008-07-13T01:00:31,310505000,TAHITIAN-PRINCESS,GLACIER BAY,55.679965,-132.303185,330,333,18.8,0,9187899,ZCDS4
2008-07-13T01:00:25,310505000,TAHITIAN-PRINCESS,GLACIER BAY,55.6795,-132.30277,330,332,18.8,0,9187899,ZCDS4
2008-07-13T01:00:19,310505000,TAHITIAN-PRINCESS,GLACIER BAY,55.67903667,-132.3023483,330,333,18.8,0,9187899,ZCDS4
2008-07-13T01:00:13,310505000,TAHITIAN-PRINCESS,GLACIER BAY,55.678575,-132.3019233,330,333,18.8,0,9187899,ZCDS4
2008-07-13T01:00:07,310505000,TAHITIAN-PRINCESS,GLACIER BAY,55.67811167,-132.3015017,330,333,18.8,0,9187899,ZCDS4
2008-07-13T00:59:50,310505000,TAHITIAN-PRINCESS,GLACIER BAY,55.676725,-132.300225,330,333,18.8,0,9187899,ZCDS4
2008-07-13T00:59:43,310505000,TAHITIAN-PRINCESS,GLACIER BAY,55.67626167,-132.2998017,330,333,18.8,0,9187899,ZCDS4
2008-07-13T00:59:37,310505000,TAHITIAN-PRINCESS,GLACIER BAY,55.6758,-132.29938,330,333,18.8,0,9187899,ZCDS4
2008-07-13T00:59:31,310505000,TAHITIAN-PRINCESS,GLACIER BAY,55.67533667,-132.2989567,330,333,18.8,0,9187899,ZCDS4
2008-07-13T00:59:25,310505000,TAHITIAN-PRINCESS,GLACIER BAY,55.67487333,-132.2985367,330,333,18.8,0,9187899,ZCDS4
2008-07-13T00:59:19,310505000,TAHITIAN-PRINCESS,GLACIER BAY,55.67441,-132.2981167,330,333,18.8,0,9187899,ZCDS4
2008-07-13T00:59:13,310505000,TAHITIAN-PRINCESS,GLACIER BAY,55.67394667,-132.2976933,330,333,18.8,0,9187899,ZCDS4
2008-07-13T00:59:07,310505000,TAHITIAN-PRINCESS,GLACIER BAY,55.673485,-132.2972683,330,333,18.8,0,9187899,ZCDS4
2008-07-13T00:59:02,310505000,TAHITIAN-PRINCESS,GLACIER BAY,55.67302167,-132.29684,330,334,18.8,0,9187899,ZCDS4
2008-07-13T00:58:55,310505000,TAHITIAN-PRINCESS,GLACIER BAY,55.67256,-132.2964083,331,334,18.9,0,9187899,ZCDS4
2008-07-13T00:58:50,310505000,TAHITIAN-PRINCESS,GLACIER BAY,55.672095,-132.2959817,331,335,18.9,0,9187899,ZCDS4
2008-07-13T00:58:43,310505000,TAHITIAN-PRINCESS,GLACIER BAY,55.67162667,-132.2955617,332,335,18.9,0,9187899,ZCDS4
2008-07-13T00:58:37,310505000,TAHITIAN-PRINCESS,GLACIER BAY,55.67115667,-132.2951517,333,336,18.9,0,9187899,ZCDS4
2008-07-13T00:58:31,310505000,TAHITIAN-PRINCESS,GLACIER BAY,55.67068333,-132.2947483,333,336,18.9,0,9187899,ZCDS4
2008-07-13T00:58:26,310505000,TAHITIAN-PRINCESS,GLACIER BAY,55.67021167,-132.2943433,334,337,18.9,0,9187899,ZCDS4
2008-07-13T00:58:19,310505000,TAHITIAN-PRINCESS,GLACIER BAY,55.669735,-132.2939483,334,337,19.0,0,9187899,ZCDS4
2008-07-13T00:58:07,310505000,TAHITIAN-PRINCESS,GLACIER BAY,55.66877167,-132.2931967,335,338,19.0,0,9187899,ZCDS4
2008-07-13T00:58:02,310505000,TAHITIAN-PRINCESS,GLACIER BAY,55.668285,-132.2928433,335,338,19.0,0,9187899,ZCDS4
2008-07-13T00:57:55,310505000,TAHITIAN-PRINCESS,GLACIER BAY,55.66779833,-132.292495,335,337,19.0,0,9187899,ZCDS4
2008-07-13T00:57:50,310505000,TAHITIAN-PRINCESS,GLACIER BAY,55.66731167,-132.2921383,335,338,19.0,0,9187899,ZCDS4
2008-07-13T00:57:37,310505000,TAHITIAN-PRINCESS,GLACIER BAY,55.66634333,-132.2914167,335,338,19.0,0,9187899,ZCDS4
2008-07-13T00:57:31,310505000,TAHITIAN-PRINCESS,GLACIER BAY,55.66585667,-132.2910617,335,338,19.0,0,9187899,ZCDS4
2008-07-13T00:57:26,310505000,TAHITIAN-PRINCESS,GLACIER BAY,55.66536833,-132.29071,335,338,19.0,0,9187899,ZCDS4
2008-07-13T00:57:19,310505000,TAHITIAN-PRINCESS,GLACIER BAY,55.66488167,-132.29036,335,337,19.0,0,9187899,ZCDS4
2008-07-13T00:57:07,310505000,TAHITIAN-PRINCESS,GLACIER BAY,55.66390667,-132.2896517,335,337,19.0,0,9187899,ZCDS4
2008-07-13T00:57:02,310505000,TAHITIAN-PRINCESS,GLACIER BAY,55.66342167,-132.28929,335,337,19.0,0,9187899,ZCDS4
2008-07-13T00:56:55,310505000,TAHITIAN-PRINCESS,GLACIER BAY,55.66293667,-132.2889267,335,337,19.0,0,9187899,ZCDS4
2008-07-13T00:56:50,310505000,TAHITIAN-PRINCESS,GLACIER BAY,55.66245,-132.2885683,335,337,19.0,0,9187899,ZCDS4
2008-07-13T00:56:43,310505000,TAHITIAN-PRINCESS,GLACIER BAY,55.66196167,-132.288215,335,337,19.0,0,9187899,ZCDS4
2008-07-13T00:56:31,310505000,TAHITIAN-PRINCESS,GLACIER BAY,55.66098833,-132.2875,335,337,19.0,0,9187899,ZCDS4
2008-07-13T00:56:27,310505000,TAHITIAN-PRINCESS,GLACIER BAY,55.660015,-132.2867817,0,0,0.0,0,9187899,ZCDS4
2008-07-13T00:56:19,310505000,TAHITIAN-PRINCESS,GLACIER BAY,55.660015,-132.2867817,335,337,19.0,0,9187899,ZCDS4
2008-07-13T00:56:13,310505000,TAHITIAN-PRINCESS,GLACIER BAY,55.65944833,-132.2863617,335,337,19.0,0,9187899,ZCDS4
2008-07-13T00:56:02,310505000,TAHITIAN-PRINCESS,GLACIER BAY,55.65855833,-132.2857,335,337,19.0,0,9187899,ZCDS4
2008-07-13T00:55:55,310505000,TAHITIAN-PRINCESS,GLACIER BAY,55.65799167,-132.2852817,335,337,19.0,0,9187899,ZCDS4
2008-07-13T00:55:49,310505000,TAHITIAN-PRINCESS,GLACIER BAY,55.65758667,-132.2849817,335,337,19.0,0,9187899,ZCDS4
2008-07-13T00:55:43,310505000,TAHITIAN-PRINCESS,GLACIER BAY,55.65710333,-132.2846167,335,337,19.0,0,9187899,ZCDS4
2008-07-13T00:55:37,310505000,TAHITIAN-PRINCESS,GLACIER BAY,55.65661833,-132.284255,335,337,19.0,0,9187899,ZCDS4
2008-07-13T00:55:31,310505000,TAHITIAN-PRINCESS,GLACIER BAY,55.65613333,-132.2838933,335,337,19.0,0,9187899,ZCDS4
2008-07-13T00:55:19,310505000,TAHITIAN-PRINCESS,GLACIER BAY,55.65516167,-132.2831683,335,337,19.0,0,9187899,ZCDS4
2008-07-13T00:55:13,310505000,TAHITIAN-PRINCESS,GLACIER BAY,55.65467667,-132.282805,335,337,19.0,0,9187899,ZCDS4
2008-07-13T00:55:02,310505000,TAHITIAN-PRINCESS,GLACIER BAY,55.65370833,-132.282075,335,337,19.0,0,9187899,ZCDS4
2008-07-13T00:54:55,310505000,TAHITIAN-PRINCESS,GLACIER BAY,55.65314167,-132.2816533,335,337,19.0,0,9187899,ZCDS4
2008-07-13T00:54:49,310505000,TAHITIAN-PRINCESS,GLACIER BAY,55.65273667,-132.28135,335,337,19.0,0,9187899,ZCDS4
2008-07-13T00:54:43,310505000,TAHITIAN-PRINCESS,GLACIER BAY,55.65225333,-132.2809867,335,337,19.0,0,9187899,ZCDS4
2008-07-13T00:54:37,310505000,TAHITIAN-PRINCESS,GLACIER BAY,55.65176833,-132.2806167,335,337,19.0,0,9187899,ZCDS4
2008-07-13T00:54:26,310505000,TAHITIAN-PRINCESS,GLACIER BAY,55.65080167,-132.2798767,335,337,19.0,0,9187899,ZCDS4
2008-07-13T00:54:19,310505000,TAHITIAN-PRINCESS,GLACIER BAY,55.65031833,-132.27951,335,337,19.0,0,9187899,ZCDS4
2008-07-13T00:54:13,310505000,TAHITIAN-PRINCESS,GLACIER BAY,55.64983167,-132.2791467,335,337,19.0,0,9187899,ZCDS4
2008-07-13T00:54:07,310505000,TAHITIAN-PRINCESS,GLACIER BAY,55.64934667,-132.278785,335,337,19.0,0,9187899,ZCDS4
2008-07-13T00:54:02,310505000,TAHITIAN-PRINCESS,GLACIER BAY,55.64886167,-132.278415,335,337,19.0,0,9187899,ZCDS4
2008-07-13T00:53:55,310505000,TAHITIAN-PRINCESS,GLACIER BAY,55.64829667,-132.2779833,335,337,19.0,0,9187899,ZCDS4
2008-07-13T00:53:49,310505000,TAHITIAN-PRINCESS,GLACIER BAY,55.647895,-132.277675,335,337,19.0,0,9187899,ZCDS4
2008-07-13T00:53:37,310505000,TAHITIAN-PRINCESS,GLACIER BAY,55.646925,-132.2769467,335,337,19.0,0,9187899,ZCDS4
2008-07-13T00:53:31,310505000,TAHITIAN-PRINCESS,GLACIER BAY,55.64644,-132.2765783,335,337,19.0,0,9187899,ZCDS4
2008-07-13T00:53:26,310505000,TAHITIAN-PRINCESS,GLACIER BAY,55.64595833,-132.276205,335,337,19.0,0,9187899,ZCDS4
2008-07-13T00:53:19,310505000,TAHITIAN-PRINCESS,GLACIER BAY,55.645475,-132.2758317,335,337,19.0,0,9187899,ZCDS4
2008-07-13T00:53:13,310505000,TAHITIAN-PRINCESS,GLACIER BAY,55.64499,-132.27546,335,337,19.0,0,9187899,ZCDS4
2008-07-13T00:53:02,310505000,TAHITIAN-PRINCESS,GLACIER BAY,55.64402333,-132.27472,335,337,19.0,0,9187899,ZCDS4
2008-07-13T00:52:55,310505000,TAHITIAN-PRINCESS,GLACIER BAY,55.64345833,-132.2742933,335,336,19.0,0,9187899,ZCDS4
2008-07-13T00:52:49,310505000,TAHITIAN-PRINCESS,GLACIER BAY,55.64305667,-132.2739833,335,337,19.0,0,9187899,ZCDS4
2008-07-13T00:52:43,310505000,TAHITIAN-PRINCESS,GLACIER BAY,55.64257333,-132.27361,335,336,19.0,0,9187899,ZCDS4
2008-07-13T00:52:37,310505000,TAHITIAN-PRINCESS,GLACIER BAY,55.64201,-132.2731783,335,337,19.0,0,9187899,ZCDS4
2008-07-13T00:52:31,310505000,TAHITIAN-PRINCESS,GLACIER BAY,55.64161,-132.2728633,335,337,19.0,0,9187899,ZCDS4
2008-07-13T00:52:26,310505000,TAHITIAN-PRINCESS,GLACIER BAY,55.64112667,-132.272495,335,337,19.0,0,9187899,ZCDS4
2008-07-13T00:52:19,310505000,TAHITIAN-PRINCESS,GLACIER BAY,55.640645,-132.272125,335,336,19.0,0,9187899,ZCDS4
2008-07-13T00:52:13,310505000,TAHITIAN-PRINCESS,GLACIER BAY,55.64016167,-132.2717533,335,337,19.0,0,9187899,ZCDS4
2008-07-13T00:52:07,310505000,TAHITIAN-PRINCESS,GLACIER BAY,55.63968,-132.2713833,335,336,19.0,0,9187899,ZCDS4
2008-07-13T00:52:01,310505000,TAHITIAN-PRINCESS,GLACIER BAY,55.63911667,-132.2709467,335,337,19.0,0,9187899,ZCDS4
2008-07-13T00:51:55,310505000,TAHITIAN-PRINCESS,GLACIER BAY,55.63863333,-132.2705783,335,336,19.0,0,9187899,ZCDS4
2008-07-13T00:51:49,310505000,TAHITIAN-PRINCESS,GLACIER BAY,55.63823167,-132.2702733,335,336,18.9,0,9187899,ZCDS4
2008-07-13T00:51:43,310505000,TAHITIAN-PRINCESS,GLACIER BAY,55.63774833,-132.2699067,335,336,18.9,0,9187899,ZCDS4
2008-07-13T00:51:37,310505000,TAHITIAN-PRINCESS,GLACIER BAY,55.63718333,-132.2694817,335,336,18.9,0,9187899,ZCDS4
2008-07-13T00:51:31,310505000,TAHITIAN-PRINCESS,GLACIER BAY,55.63678167,-132.2691733,335,336,18.9,0,9187899,ZCDS4
2008-07-13T00:51:26,310505000,TAHITIAN-PRINCESS,GLACIER BAY,55.63630167,-132.268795,335,336,18.9,0,9187899,ZCDS4
2008-07-13T00:51:19,310505000,TAHITIAN-PRINCESS,GLACIER BAY,55.63582167,-132.2684167,335,337,18.9,0,9187899,ZCDS4
2008-07-13T00:51:13,310505000,TAHITIAN-PRINCESS,GLACIER BAY,55.63534167,-132.26804,335,337,18.9,0,9187899,ZCDS4
2008-07-13T00:51:07,310505000,TAHITIAN-PRINCESS,GLACIER BAY,55.63486,-132.2676717,335,337,18.9,0,9187899,ZCDS4
2008-07-13T00:51:01,310505000,TAHITIAN-PRINCESS,GLACIER BAY,55.63429667,-132.2672483,335,337,18.9,0,9187899,ZCDS4
2008-07-13T00:50:55,310505000,TAHITIAN-PRINCESS,GLACIER BAY,55.63389333,-132.26695,335,336,18.9,0,9187899,ZCDS4
2008-07-13T00:50:49,310505000,TAHITIAN-PRINCESS,GLACIER BAY,55.63341167,-132.266585,335,336,18.9,0,9187899,ZCDS4
2008-07-13T00:50:43,310505000,TAHITIAN-PRINCESS,GLACIER BAY,55.63285167,-132.266155,335,336,18.9,0,9187899,ZCDS4
2008-07-13T00:50:37,310505000,TAHITIAN-PRINCESS,GLACIER BAY,55.63237167,-132.26578,335,337,18.9,0,9187899,ZCDS4
2008-07-13T00:50:31,310505000,TAHITIAN-PRINCESS,GLACIER BAY,55.63189167,-132.2654083,335,337,18.9,0,9187899,ZCDS4
2008-07-13T00:50:27,310505000,TAHITIAN-PRINCESS,GLACIER BAY,55.63149167,-132.2651,0,0,0.0,0,9187899,ZCDS4
2008-07-13T00:50:25,310505000,TAHITIAN-PRINCESS,GLACIER BAY,55.63149167,-132.2651,335,337,18.9,0,9187899,ZCDS4
2008-07-13T00:50:07,310505000,TAHITIAN-PRINCESS,GLACIER BAY,55.63005,-132.2640067,335,336,18.8,0,9187899,ZCDS4
2008-07-13T00:50:01,310505000,TAHITIAN-PRINCESS,GLACIER BAY,55.62949,-132.26358,335,336,18.8,0,9187899,ZCDS4
2008-07-13T00:49:55,310505000,TAHITIAN-PRINCESS,GLACIER BAY,55.62909,-132.2632733,335,336,18.8,0,9187899,ZCDS4
2008-07-13T00:49:43,310505000,TAHITIAN-PRINCESS,GLACIER BAY,55.62805333,-132.2624633,335,337,18.8,0,9187899,ZCDS4
2008-07-13T00:49:37,310505000,TAHITIAN-PRINCESS,GLACIER BAY,55.62765333,-132.2621567,335,337,18.8,0,9187899,ZCDS4
2008-07-13T00:49:31,310505000,TAHITIAN-PRINCESS,GLACIER BAY,55.62709333,-132.261735,335,337,18.8,0,9187899,ZCDS4
2008-07-13T00:49:25,310505000,TAHITIAN-PRINCESS,GLACIER BAY,55.62669333,-132.2614333,335,337,18.8,0,9187899,ZCDS4
2008-07-13T00:49:19,310505000,TAHITIAN-PRINCESS,GLACIER BAY,55.626215,-132.26107,335,336,18.8,0,9187899,ZCDS4
2008-07-13T00:49:07,310505000,TAHITIAN-PRINCESS,GLACIER BAY,55.62526,-132.260335,335,337,18.8,0,9187899,ZCDS4
2008-07-13T00:49:01,310505000,TAHITIAN-PRINCESS,GLACIER BAY,55.624705,-132.2599,335,337,18.8,0,9187899,ZCDS4
2008-07-13T00:48:55,310505000,TAHITIAN-PRINCESS,GLACIER BAY,55.62430833,-132.2595883,335,337,18.8,0,9187899,ZCDS4
2008-07-13T00:48:49,310505000,TAHITIAN-PRINCESS,GLACIER BAY,55.62383,-132.259225,335,337,18.8,0,9187899,ZCDS4
2008-07-13T00:48:43,310505000,TAHITIAN-PRINCESS,GLACIER BAY,55.62327167,-132.258805,335,337,18.8,0,9187899,ZCDS4
2008-07-13T00:48:31,310505000,TAHITIAN-PRINCESS,GLACIER BAY,55.62231667,-132.2580767,335,337,18.7,0,9187899,ZCDS4
2008-07-13T00:48:19,310505000,TAHITIAN-PRINCESS,GLACIER BAY,55.62144167,-132.25741,335,337,18.7,0,9187899,ZCDS4
2008-07-13T00:48:13,310505000,TAHITIAN-PRINCESS,GLACIER BAY,55.620965,-132.2570433,335,337,18.7,0,9187899,ZCDS4
2008-07-13T00:48:07,310505000,TAHITIAN-PRINCESS,GLACIER BAY,55.62048833,-132.2566783,335,337,18.7,0,9187899,ZCDS4
2008-07-13T00:48:01,310505000,TAHITIAN-PRINCESS,GLACIER BAY,55.61993167,-132.2562533,335,337,18.7,0,9187899,ZCDS4
2008-07-13T00:47:55,310505000,TAHITIAN-PRINCESS,GLACIER BAY,55.619535,-132.2559483,335,337,18.7,0,9187899,ZCDS4
2008-07-13T00:47:49,310505000,TAHITIAN-PRINCESS,GLACIER BAY,55.61905833,-132.2555817,335,336,18.7,0,9187899,ZCDS4
2008-07-13T00:47:43,310505000,TAHITIAN-PRINCESS,GLACIER BAY,55.61850333,-132.255155,335,337,18.7,0,9187899,ZCDS4
2008-07-13T00:47:37,310505000,TAHITIAN-PRINCESS,GLACIER BAY,55.61802667,-132.25479,335,337,18.7,0,9187899,ZCDS4
2008-07-13T00:47:25,310505000,TAHITIAN-PRINCESS,GLACIER BAY,55.61715167,-132.2541283,335,336,18.7,0,9187899,ZCDS4
2008-07-13T00:47:19,310505000,TAHITIAN-PRINCESS,GLACIER BAY,55.61667667,-132.2537617,335,336,18.7,0,9187899,ZCDS4
2008-07-13T00:47:07,310505000,TAHITIAN-PRINCESS,GLACIER BAY,55.61572667,-132.2530233,335,336,18.7,0,9187899,ZCDS4
2008-07-13T00:46:55,310505000,TAHITIAN-PRINCESS,GLACIER BAY,55.61477833,-132.252285,335,336,18.7,0,9187899,ZCDS4
2008-07-13T00:46:49,310505000,TAHITIAN-PRINCESS,GLACIER BAY,55.61430167,-132.25192,335,336,18.7,0,9187899,ZCDS4
2008-07-13T00:46:43,310505000,TAHITIAN-PRINCESS,GLACIER BAY,55.61374833,-132.2514933,335,336,18.7,0,9187899,ZCDS4
2008-07-13T00:46:37,310505000,TAHITIAN-PRINCESS,GLACIER BAY,55.61327333,-132.2511283,335,336,18.7,0,9187899,ZCDS4
2008-07-13T00:46:31,310505000,TAHITIAN-PRINCESS,GLACIER BAY,55.6128,-132.25075,335,336,18.7,0,9187899,ZCDS4
2008-07-13T00:46:25,310505000,TAHITIAN-PRINCESS,GLACIER BAY,55.61240667,-132.2504383,335,336,18.7,0,9187899,ZCDS4
2008-07-13T00:46:13,310505000,TAHITIAN-PRINCESS,GLACIER BAY,55.61145667,-132.249705,335,336,18.7,0,9187899,ZCDS4
2008-07-13T00:46:07,310505000,TAHITIAN-PRINCESS,GLACIER BAY,55.61098167,-132.249335,335,336,18.7,0,9187899,ZCDS4
2008-07-13T00:46:01,310505000,TAHITIAN-PRINCESS,GLACIER BAY,55.61050833,-132.2489667,335,336,18.7,0,9187899,ZCDS4
2008-07-13T00:45:56,310505000,TAHITIAN-PRINCESS,GLACIER BAY,55.61003333,-132.2486,335,335,18.7,0,9187899,ZCDS4
2008-07-13T00:45:49,310505000,TAHITIAN-PRINCESS,GLACIER BAY,55.60956,-132.2482317,334,335,18.7,0,9187899,ZCDS4
2008-07-13T00:45:37,310505000,TAHITIAN-PRINCESS,GLACIER BAY,55.608535,-132.2474217,334,334,18.7,0,9187899,ZCDS4
2008-07-13T00:45:31,310505000,TAHITIAN-PRINCESS,GLACIER BAY,55.60806333,-132.2470433,334,334,18.7,0,9187899,ZCDS4
2008-07-13T00:45:13,310505000,TAHITIAN-PRINCESS,GLACIER BAY,55.606735,-132.2459417,333,333,18.7,0,9187899,ZCDS4
2008-07-13T00:45:07,310505000,TAHITIAN-PRINCESS,GLACIER BAY,55.60626833,-132.2455433,332,333,18.7,0,9187899,ZCDS4
2008-07-13T00:45:01,310505000,TAHITIAN-PRINCESS,GLACIER BAY,55.60580333,-132.245145,332,333,18.7,0,9187899,ZCDS4
2008-07-13T00:44:56,310505000,TAHITIAN-PRINCESS,GLACIER BAY,55.60534,-132.24474,332,333,18.7,0,9187899,ZCDS4
2008-07-13T00:44:49,310505000,TAHITIAN-PRINCESS,GLACIER BAY,55.60487667,-132.24433,332,332,18.7,0,9187899,ZCDS4
2008-07-13T00:44:43,310505000,TAHITIAN-PRINCESS,GLACIER BAY,55.604415,-132.2439167,331,332,18.7,0,9187899,ZCDS4
2008-07-13T00:44:37,310505000,TAHITIAN-PRINCESS,GLACIER BAY,55.60387667,-132.2434317,331,332,18.7,0,9187899,ZCDS4
2008-07-13T00:44:31,310505000,TAHITIAN-PRINCESS,GLACIER BAY,55.60341833,-132.24301,331,331,18.7,0,9187899,ZCDS4
2008-07-13T00:44:26,310505000,TAHITIAN-PRINCESS,GLACIER BAY,55.60303833,-132.2426483,0,0,0.0,0,9187899,ZCDS4
2008-07-13T00:44:25,310505000,TAHITIAN-PRINCESS,GLACIER BAY,55.60303833,-132.2426483,330,332,18.7,0,9187899,ZCDS4
2008-07-13T00:44:19,310505000,TAHITIAN-PRINCESS,GLACIER BAY,55.60258333,-132.242215,330,331,18.7,0,9187899,ZCDS4
2008-07-13T00:44:13,310505000,TAHITIAN-PRINCESS,GLACIER BAY,55.60212833,-132.2417783,330,331,18.7,0,9187899,ZCDS4
2008-07-13T00:44:07,310505000,TAHITIAN-PRINCESS,GLACIER BAY,55.60167333,-132.2413433,330,331,18.7,0,9187899,ZCDS4
2008-07-13T00:43:56,310505000,TAHITIAN-PRINCESS,GLACIER BAY,55.60076833,-132.24047,330,330,18.6,0,9187899,ZCDS4
2008-07-13T00:43:49,310505000,TAHITIAN-PRINCESS,GLACIER BAY,55.60031667,-132.24003,329,330,18.6,0,9187899,ZCDS4
2008-07-13T00:43:43,310505000,TAHITIAN-PRINCESS,GLACIER BAY,55.599865,-132.2395867,329,329,18.6,0,9187899,ZCDS4
2008-07-13T00:43:37,310505000,TAHITIAN-PRINCESS,GLACIER BAY,55.59934,-132.239065,328,329,18.6,0,9187899,ZCDS4
2008-07-13T00:43:32,310505000,TAHITIAN-PRINCESS,GLACIER BAY,55.59896667,-132.23869,328,329,18.6,0,9187899,ZCDS4
2008-07-13T00:43:25,310505000,TAHITIAN-PRINCESS,GLACIER BAY,55.59844667,-132.2381567,328,328,18.6,0,9187899,ZCDS4
2008-07-13T00:43:13,310505000,TAHITIAN-PRINCESS,GLACIER BAY,55.597635,-132.237305,327,328,18.6,0,9187899,ZCDS4
2008-07-13T00:43:07,310505000,TAHITIAN-PRINCESS,GLACIER BAY,55.597195,-132.2368317,327,328,18.6,0,9187899,ZCDS4
2008-07-13T00:43:01,310505000,TAHITIAN-PRINCESS,GLACIER BAY,55.596755,-132.236355,326,327,18.6,0,9187899,ZCDS4
2008-07-13T00:42:49,310505000,TAHITIAN-PRINCESS,GLACIER BAY,55.59588167,-132.2353933,326,326,18.6,0,9187899,ZCDS4
2008-07-13T00:42:32,310505000,TAHITIAN-PRINCESS,GLACIER BAY,55.59458667,-132.2339083,325,325,18.6,0,9187899,ZCDS4
2008-07-13T00:42:19,310505000,TAHITIAN-PRINCESS,GLACIER BAY,55.59373333,-132.2328967,324,324,18.6,0,9187899,ZCDS4
2008-07-13T00:42:13,310505000,TAHITIAN-PRINCESS,GLACIER BAY,55.59324,-132.2322933,323,324,18.6,0,9187899,ZCDS4
2008-07-13T00:42:07,310505000,TAHITIAN-PRINCESS,GLACIER BAY,55.59288833,-132.23186,323,323,18.6,0,9187899,ZCDS4
2008-07-13T00:42:01,310505000,TAHITIAN-PRINCESS,GLACIER BAY,55.59246833,-132.231335,323,323,18.6,0,9187899,ZCDS4
2008-07-13T00:41:56,310505000,TAHITIAN-PRINCESS,GLACIER BAY,55.59205,-132.2308083,322,323,18.6,0,9187899,ZCDS4
2008-07-13T00:41:49,310505000,TAHITIAN-PRINCESS,GLACIER BAY,55.591635,-132.2302733,322,322,18.6,0,9187899,ZCDS4
2008-07-13T00:41:37,310505000,TAHITIAN-PRINCESS,GLACIER BAY,55.59074167,-132.2290917,321,322,18.6,0,9187899,ZCDS4
2008-07-13T00:41:25,310505000,TAHITIAN-PRINCESS,GLACIER BAY,55.589925,-132.2279867,320,321,18.6,0,9187899,ZCDS4
2008-07-13T00:41:19,310505000,TAHITIAN-PRINCESS,GLACIER BAY,55.58958833,-132.22752,320,320,18.6,0,9187899,ZCDS4
2008-07-13T00:41:13,310505000,TAHITIAN-PRINCESS,GLACIER BAY,55.58911667,-132.2268633,319,320,18.6,0,9187899,ZCDS4
2008-07-13T00:41:07,310505000,TAHITIAN-PRINCESS,GLACIER BAY,55.58878333,-132.2263883,319,320,18.6,0,9187899,ZCDS4
2008-07-13T00:41:01,310505000,TAHITIAN-PRINCESS,GLACIER BAY,55.58838333,-132.225815,318,319,18.6,0,9187899,ZCDS4
2008-07-13T00:40:43,310505000,TAHITIAN-PRINCESS,GLACIER BAY,55.5872,-132.2240717,317,318,18.6,0,9187899,ZCDS4
2008-07-13T00:40:37,310505000,TAHITIAN-PRINCESS,GLACIER BAY,55.586745,-132.2233833,317,318,18.6,0,9187899,ZCDS4
2008-07-13T00:40:32,310505000,TAHITIAN-PRINCESS,GLACIER BAY,55.58642167,-132.22289,317,318,18.5,0,9187899,ZCDS4
2008-07-13T00:40:25,310505000,TAHITIAN-PRINCESS,GLACIER BAY,55.58597333,-132.2221883,316,317,18.5,0,9187899,ZCDS4
2008-07-13T00:40:19,310505000,TAHITIAN-PRINCESS,GLACIER BAY,55.58565333,-132.221685,316,317,18.5,0,9187899,ZCDS4
2008-07-13T00:40:13,310505000,TAHITIAN-PRINCESS,GLACIER BAY,55.58521,-132.2209767,316,317,18.5,0,9187899,ZCDS4
2008-07-13T00:40:07,310505000,TAHITIAN-PRINCESS,GLACIER BAY,55.58489333,-132.2204683,315,317,18.5,0,9187899,ZCDS4
2008-07-13T00:40:01,310505000,TAHITIAN-PRINCESS,GLACIER BAY,55.58451833,-132.2198517,315,317,18.5,0,9187899,ZCDS4
2008-07-13T00:39:56,310505000,TAHITIAN-PRINCESS,GLACIER BAY,55.584145,-132.21923,315,317,18.5,0,9187899,ZCDS4
2008-07-13T00:39:49,310505000,TAHITIAN-PRINCESS,GLACIER BAY,55.58377167,-132.2186117,315,317,18.5,0,9187899,ZCDS4
2008-07-13T00:39:43,310505000,TAHITIAN-PRINCESS,GLACIER BAY,55.58339667,-132.217995,315,317,18.5,0,9187899,ZCDS4
2008-07-13T00:39:32,310505000,TAHITIAN-PRINCESS,GLACIER BAY,55.58264833,-132.21676,315,317,18.5,0,9187899,ZCDS4
2008-07-13T00:39:25,310505000,TAHITIAN-PRINCESS,GLACIER BAY,55.58227667,-132.2161333,315,316,18.5,0,9187899,ZCDS4
2008-07-13T00:39:19,310505000,TAHITIAN-PRINCESS,GLACIER BAY,55.58190333,-132.2155133,315,317,18.5,0,9187899,ZCDS4
2008-07-13T00:39:07,310505000,TAHITIAN-PRINCESS,GLACIER BAY,55.58115667,-132.2142733,315,316,18.5,0,9187899,ZCDS4
2008-07-13T00:39:01,310505000,TAHITIAN-PRINCESS,GLACIER BAY,55.58078667,-132.2136483,315,317,18.4,0,9187899,ZCDS4
2008-07-13T00:38:56,310505000,TAHITIAN-PRINCESS,GLACIER BAY,55.580415,-132.2130267,315,317,18.4,0,9187899,ZCDS4
2008-07-13T00:38:49,310505000,TAHITIAN-PRINCESS,GLACIER BAY,55.58004167,-132.2124083,315,317,18.4,0,9187899,ZCDS4
2008-07-13T00:38:43,310505000,TAHITIAN-PRINCESS,GLACIER BAY,55.57967,-132.21179,315,317,18.4,0,9187899,ZCDS4
2008-07-13T00:38:26,310505000,TAHITIAN-PRINCESS,GLACIER BAY,55.57855833,-132.2099267,0,0,0.0,0,9187899,ZCDS4
2008-07-13T00:38:25,310505000,TAHITIAN-PRINCESS,GLACIER BAY,55.57855833,-132.2099267,315,317,18.4,0,9187899,ZCDS4
2008-07-13T00:38:19,310505000,TAHITIAN-PRINCESS,GLACIER BAY,55.578125,-132.2092067,315,317,18.4,0,9187899,ZCDS4
2008-07-13T00:38:13,310505000,TAHITIAN-PRINCESS,GLACIER BAY,55.57775333,-132.2085867,315,317,18.4,0,9187899,ZCDS4
2008-07-13T00:38:01,310505000,TAHITIAN-PRINCESS,GLACIER BAY,55.57707167,-132.2074567,315,317,18.4,0,9187899,ZCDS4
2008-07-13T00:37:55,310505000,TAHITIAN-PRINCESS,GLACIER BAY,55.57664,-132.2067333,315,316,18.4,0,9187899,ZCDS4
2008-07-13T00:37:49,310505000,TAHITIAN-PRINCESS,GLACIER BAY,55.57633333,-132.2062167,315,316,18.4,0,9187899,ZCDS4
2008-07-13T00:37:37,310505000,TAHITIAN-PRINCESS,GLACIER BAY,55.57559167,-132.20498,315,316,18.4,0,9187899,ZCDS4
2008-07-13T00:37:31,310505000,TAHITIAN-PRINCESS,GLACIER BAY,55.57516,-132.2042567,315,317,18.4,0,9187899,ZCDS4
2008-07-13T00:37:19,310505000,TAHITIAN-PRINCESS,GLACIER BAY,55.57442,-132.20302,315,317,18.4,0,9187899,ZCDS4
2008-07-13T00:37:13,310505000,TAHITIAN-PRINCESS,GLACIER BAY,55.57405,-132.2024017,315,317,18.4,0,9187899,ZCDS4
2008-07-13T00:37:01,310505000,TAHITIAN-PRINCESS,GLACIER BAY,55.57336833,-132.2012717,315,317,18.4,0,9187899,ZCDS4
2008-07-13T00:36:55,310505000,TAHITIAN-PRINCESS,GLACIER BAY,55.57294,-132.2005433,315,317,18.4,0,9187899,ZCDS4
2008-07-13T00:36:49,310505000,TAHITIAN-PRINCESS,GLACIER BAY,55.57263333,-132.200025,315,317,18.4,0,9187899,ZCDS4
2008-07-13T00:36:43,310505000,TAHITIAN-PRINCESS,GLACIER BAY,55.57226167,-132.1994117,315,317,18.4,0,9187899,ZCDS4
2008-07-13T00:36:37,310505000,TAHITIAN-PRINCESS,GLACIER BAY,55.57188833,-132.1988,315,317,18.4,0,9187899,ZCDS4
2008-07-13T00:36:19,310505000,TAHITIAN-PRINCESS,GLACIER BAY,55.57071833,-132.1968417,315,317,18.4,0,9187899,ZCDS4
2008-07-13T00:36:14,310505000,TAHITIAN-PRINCESS,GLACIER BAY,55.57040833,-132.1963267,315,317,18.4,0,9187899,ZCDS4
2008-07-13T00:36:01,310505000,TAHITIAN-PRINCESS,GLACIER BAY,55.569665,-132.1951,315,317,18.4,0,9187899,ZCDS4
2008-07-13T00:35:55,310505000,TAHITIAN-PRINCESS,GLACIER BAY,55.56923167,-132.194385,315,317,18.4,0,9187899,ZCDS4
2008-07-13T00:35:43,310505000,TAHITIAN-PRINCESS,GLACIER BAY,55.56855333,-132.1932483,315,317,18.4,0,9187899,ZCDS4
2008-07-13T00:35:37,310505000,TAHITIAN-PRINCESS,GLACIER BAY,55.56818167,-132.1926333,315,317,18.4,0,9187899,ZCDS4
2008-07-13T00:35:31,310505000,TAHITIAN-PRINCESS,GLACIER BAY,55.56774833,-132.191915,315,317,18.4,0,9187899,ZCDS4
2008-07-13T00:35:25,310505000,TAHITIAN-PRINCESS,GLACIER BAY,55.56743833,-132.1914017,315,317,18.4,0,9187899,ZCDS4
2008-07-13T00:35:19,310505000,TAHITIAN-PRINCESS,GLACIER BAY,55.56700667,-132.1906817,315,317,18.4,0,9187899,ZCDS4
2008-07-13T00:35:14,310505000,TAHITIAN-PRINCESS,GLACIER BAY,55.56669833,-132.1901683,315,317,18.4,0,9187899,ZCDS4
2008-07-13T00:35:07,310505000,TAHITIAN-PRINCESS,GLACIER BAY,55.56632667,-132.1895517,315,317,18.4,0,9187899,ZCDS4
2008-07-13T00:34:55,310505000,TAHITIAN-PRINCESS,GLACIER BAY,55.56552333,-132.1882167,315,317,18.4,0,9187899,ZCDS4
2008-07-13T00:34:49,310505000,TAHITIAN-PRINCESS,GLACIER BAY,55.56521667,-132.1877,315,317,18.4,0,9187899,ZCDS4
2008-07-13T00:34:37,310505000,TAHITIAN-PRINCESS,GLACIER BAY,55.56447333,-132.1864733,315,316,18.3,0,9187899,ZCDS4
2008-07-13T00:34:25,310505000,TAHITIAN-PRINCESS,GLACIER BAY,55.56373167,-132.1852383,315,316,18.4,0,9187899,ZCDS4
2008-07-13T00:34:19,310505000,TAHITIAN-PRINCESS,GLACIER BAY,55.56330333,-132.1845133,315,317,18.4,0,9187899,ZCDS4
2008-07-13T00:34:14,310505000,TAHITIAN-PRINCESS,GLACIER BAY,55.56299667,-132.1839967,315,317,18.3,0,9187899,ZCDS4
2008-07-13T00:33:55,310505000,TAHITIAN-PRINCESS,GLACIER BAY,55.56182833,-132.1820417,315,317,18.3,0,9187899,ZCDS4
2008-07-13T00:33:49,310505000,TAHITIAN-PRINCESS,GLACIER BAY,55.56151833,-132.1815333,315,316,18.3,0,9187899,ZCDS4
2008-07-13T00:33:37,310505000,TAHITIAN-PRINCESS,GLACIER BAY,55.56077833,-132.1803033,315,316,18.4,0,9187899,ZCDS4
2008-07-13T00:33:31,310505000,TAHITIAN-PRINCESS,GLACIER BAY,55.56035,-132.179575,315,316,18.3,0,9187899,ZCDS4
2008-07-13T00:33:25,310505000,TAHITIAN-PRINCESS,GLACIER BAY,55.56004667,-132.1790517,315,316,18.3,0,9187899,ZCDS4
2008-07-13T00:33:14,310505000,TAHITIAN-PRINCESS,GLACIER BAY,55.55931333,-132.1778133,315,316,18.3,0,9187899,ZCDS4
2008-07-13T00:33:08,310505000,TAHITIAN-PRINCESS,GLACIER BAY,55.55894167,-132.1772017,315,316,18.3,0,9187899,ZCDS4
2008-07-13T00:33:01,310505000,TAHITIAN-PRINCESS,GLACIER BAY,55.558575,-132.1765817,315,316,18.3,0,9187899,ZCDS4
2008-07-13T00:32:49,310505000,TAHITIAN-PRINCESS,GLACIER BAY,55.55783833,-132.1753483,315,316,18.3,0,9187899,ZCDS4
2008-07-13T00:32:31,310505000,TAHITIAN-PRINCESS,GLACIER BAY,55.55667667,-132.1733833,315,316,18.3,0,9187899,ZCDS4
2008-07-13T00:32:26,310505000,TAHITIAN-PRINCESS,GLACIER BAY,55.55637,-132.1728683,0,0,0.0,0,9187899,ZCDS4
2008-07-13T00:32:25,310505000,TAHITIAN-PRINCESS,GLACIER BAY,55.55637,-132.1728683,315,316,18.3,0,9187899,ZCDS4
2008-07-13T00:32:19,310505000,TAHITIAN-PRINCESS,GLACIER BAY,55.55594167,-132.172145,315,317,18.3,0,9187899,ZCDS4
2008-07-13T00:32:08,310505000,TAHITIAN-PRINCESS,GLACIER BAY,55.55526667,-132.1710133,315,317,18.4,0,9187899,ZCDS4
2008-07-13T00:32:01,310505000,TAHITIAN-PRINCESS,GLACIER BAY,55.55489833,-132.1703983,315,316,18.4,0,9187899,ZCDS4
2008-07-13T00:31:56,310505000,TAHITIAN-PRINCESS,GLACIER BAY,55.55452667,-132.1697867,315,316,18.4,0,9187899,ZCDS4
2008-07-13T00:31:49,310505000,TAHITIAN-PRINCESS,GLACIER BAY,55.55415833,-132.1691683,315,316,18.4,0,9187899,ZCDS4
2008-07-13T00:31:31,310505000,TAHITIAN-PRINCESS,GLACIER BAY,55.55299167,-132.1672067,315,316,18.4,0,9187899,ZCDS4
2008-07-13T00:31:30,310505000,TAHITIAN-PRINCESS,GLACIER BAY,55.5373333,-132.152833,511,360,102.3,15,9187899,ZCDS4
2008-07-13T00:31:08,310505000,TAHITIAN-PRINCESS,GLACIER BAY,55.55158167,-132.1648283,315,316,18.4,0,9187899,ZCDS4
2008-07-13T00:30:37,310505000,TAHITIAN-PRINCESS,GLACIER BAY,55.54968,-132.1616233,315,316,18.4,0,9187899,ZCDS4
2008-07-13T00:30:31,310505000,TAHITIAN-PRINCESS,GLACIER BAY,55.54930833,-132.16101,315,316,18.4,0,9187899,ZCDS4
2008-07-13T00:30:25,310505000,TAHITIAN-PRINCESS,GLACIER BAY,55.54899833,-132.1604983,315,316,18.4,0,9187899,ZCDS4
2008-07-13T00:30:19,310505000,TAHITIAN-PRINCESS,GLACIER BAY,55.54856833,-132.1597783,315,316,18.4,0,9187899,ZCDS4
2008-07-13T00:30:13,310505000,TAHITIAN-PRINCESS,GLACIER BAY,55.54820167,-132.159155,315,316,18.4,0,9187899,ZCDS4
2008-07-13T00:30:08,310505000,TAHITIAN-PRINCESS,GLACIER BAY,55.54789833,-132.15863,315,316,18.4,0,9187899,ZCDS4
2008-07-13T00:30:01,310505000,TAHITIAN-PRINCESS,GLACIER BAY,55.54753167,-132.158005,315,316,18.4,0,9187899,ZCDS4
2008-07-13T00:29:43,310505000,TAHITIAN-PRINCESS,GLACIER BAY,55.54642333,-132.1561483,315,316,18.4,0,9187899,ZCDS4
2008-07-13T00:29:37,310505000,TAHITIAN-PRINCESS,GLACIER BAY,55.54599667,-132.1554183,315,316,18.4,0,9187899,ZCDS4
2008-07-13T00:29:25,310505000,TAHITIAN-PRINCESS,GLACIER BAY,55.54526167,-132.1541733,315,316,18.4,0,9187899,ZCDS4
2008-07-13T00:29:19,310505000,TAHITIAN-PRINCESS,GLACIER BAY,55.54495667,-132.1536483,315,316,18.4,0,9187899,ZCDS4
2008-07-13T00:29:13,310505000,TAHITIAN-PRINCESS,GLACIER BAY,55.54452667,-132.152925,315,316,18.4,0,9187899,ZCDS4
2008-07-13T00:29:07,310505000,TAHITIAN-PRINCESS,GLACIER BAY,55.54422,-132.152405,315,316,18.4,0,9187899,ZCDS4
2008-07-13T00:29:01,310505000,TAHITIAN-PRINCESS,GLACIER BAY,55.54385167,-132.1517817,315,316,18.4,0,9187899,ZCDS4
2008-07-13T00:28:49,310505000,TAHITIAN-PRINCESS,GLACIER BAY,55.54311667,-132.150535,315,316,18.4,0,9187899,ZCDS4
2008-07-13T00:28:37,310505000,TAHITIAN-PRINCESS,GLACIER BAY,55.54232167,-132.1491783,315,316,18.4,0,9187899,ZCDS4
2008-07-13T00:28:31,310505000,TAHITIAN-PRINCESS,GLACIER BAY,55.54201333,-132.14866,315,316,18.4,0,9187899,ZCDS4
2008-07-13T00:28:25,310505000,TAHITIAN-PRINCESS,GLACIER BAY,55.54158167,-132.147935,315,316,18.4,0,9187899,ZCDS4
2008-07-13T00:28:19,310505000,TAHITIAN-PRINCESS,GLACIER BAY,55.54127333,-132.14742,315,316,18.4,0,9187899,ZCDS4
2008-07-13T00:28:13,310505000,TAHITIAN-PRINCESS,GLACIER BAY,55.54084333,-132.1466917,315,316,18.5,0,9187899,ZCDS4
2008-07-13T00:28:07,310505000,TAHITIAN-PRINCESS,GLACIER BAY,55.54054167,-132.1461617,315,316,18.4,0,9187899,ZCDS4
2008-07-13T00:28:01,310505000,TAHITIAN-PRINCESS,GLACIER BAY,55.54017833,-132.1455267,315,316,18.5,0,9187899,ZCDS4
2008-07-13T00:27:55,310505000,TAHITIAN-PRINCESS,GLACIER BAY,55.53980833,-132.1449033,316,316,18.5,0,9187899,ZCDS4
2008-07-13T00:27:49,310505000,TAHITIAN-PRINCESS,GLACIER BAY,55.53944,-132.14428,315,316,18.5,0,9187899,ZCDS4
2008-07-13T00:27:43,310505000,TAHITIAN-PRINCESS,GLACIER BAY,55.539005,-132.14356,315,316,18.4,0,9187899,ZCDS4
2008-07-13T00:27:31,310505000,TAHITIAN-PRINCESS,GLACIER BAY,55.53833,-132.1424133,315,316,18.5,0,9187899,ZCDS4
2008-07-13T00:27:19,310505000,TAHITIAN-PRINCESS,GLACIER BAY,55.53754,-132.1410367,315,316,18.5,0,9187899,ZCDS4
2008-07-13T00:27:01,310505000,TAHITIAN-PRINCESS,GLACIER BAY,55.53649167,-132.1392683,315,316,18.4,0,9187899,ZCDS4
2008-07-13T00:26:55,310505000,TAHITIAN-PRINCESS,GLACIER BAY,55.53612667,-132.1386367,315,316,18.4,0,9187899,ZCDS4
2008-07-13T00:26:37,310505000,TAHITIAN-PRINCESS,GLACIER BAY,55.53496167,-132.1366533,315,316,18.4,0,9187899,ZCDS4
2008-07-13T00:26:26,310505000,TAHITIAN-PRINCESS,GLACIER BAY,55.53422333,-132.13541,0,0,0.0,0,9187899,ZCDS4
2008-07-13T00:26:25,310505000,TAHITIAN-PRINCESS,GLACIER BAY,55.53422333,-132.13541,315,316,18.4,0,9187899,ZCDS4
2008-07-13T00:26:19,310505000,TAHITIAN-PRINCESS,GLACIER BAY,55.53391833,-132.1348867,315,316,18.4,0,9187899,ZCDS4
2008-07-13T00:26:13,310505000,TAHITIAN-PRINCESS,GLACIER BAY,55.53349333,-132.13415,315,316,18.4,0,9187899,ZCDS4
2008-07-13T00:26:07,310505000,TAHITIAN-PRINCESS,GLACIER BAY,55.53318833,-132.1336267,315,316,18.4,0,9187899,ZCDS4
2008-07-13T00:26:01,310505000,TAHITIAN-PRINCESS,GLACIER BAY,55.53281833,-132.1330083,315,316,18.4,0,9187899,ZCDS4
2008-07-13T00:25:55,310505000,TAHITIAN-PRINCESS,GLACIER BAY,55.53245,-132.1323883,315,316,18.3,0,9187899,ZCDS4
2008-07-13T00:25:49,310505000,TAHITIAN-PRINCESS,GLACIER BAY,55.532085,-132.131765,315,316,18.3,0,9187899,ZCDS4
2008-07-13T00:25:37,310505000,TAHITIAN-PRINCESS,GLACIER BAY,55.53129333,-132.130415,315,316,18.3,0,9187899,ZCDS4
2008-07-13T00:25:31,310505000,TAHITIAN-PRINCESS,GLACIER BAY,55.53098667,-132.1298983,315,316,18.3,0,9187899,ZCDS4
2008-07-13T00:25:25,310505000,TAHITIAN-PRINCESS,GLACIER BAY,55.53055833,-132.1291783,315,315,18.3,0,9187899,ZCDS4
2008-07-13T00:25:19,310505000,TAHITIAN-PRINCESS,GLACIER BAY,55.53019333,-132.128555,315,315,18.3,0,9187899,ZCDS4
2008-07-13T00:25:13,310505000,TAHITIAN-PRINCESS,GLACIER BAY,55.52983,-132.12793,315,315,18.3,0,9187899,ZCDS4
2008-07-13T00:25:07,310505000,TAHITIAN-PRINCESS,GLACIER BAY,55.529525,-132.1274117,315,315,18.3,0,9187899,ZCDS4
2008-07-13T00:25:01,310505000,TAHITIAN-PRINCESS,GLACIER BAY,55.52916333,-132.1267867,314,315,18.3,0,9187899,ZCDS4
2008-07-13T00:24:49,310505000,TAHITIAN-PRINCESS,GLACIER BAY,55.52844,-132.1255333,314,314,18.3,0,9187899,ZCDS4
2008-07-13T00:24:43,310505000,TAHITIAN-PRINCESS,GLACIER BAY,55.52808167,-132.1249,313,314,18.3,0,9187899,ZCDS4
2008-07-13T00:24:37,310505000,TAHITIAN-PRINCESS,GLACIER BAY,55.52766667,-132.12416,313,313,18.3,0,9187899,ZCDS4
2008-07-13T00:24:31,310505000,TAHITIAN-PRINCESS,GLACIER BAY,55.52737,-132.1236317,313,313,18.3,0,9187899,ZCDS4
2008-07-13T00:24:25,310505000,TAHITIAN-PRINCESS,GLACIER BAY,55.52695833,-132.1228867,312,313,18.3,0,9187899,ZCDS4
2008-07-13T00:24:19,310505000,TAHITIAN-PRINCESS,GLACIER BAY,55.52660667,-132.1222433,312,313,18.3,0,9187899,ZCDS4
2008-07-13T00:24:07,310505000,TAHITIAN-PRINCESS,GLACIER BAY,55.52596667,-132.1210533,311,312,18.3,0,9187899,ZCDS4
2008-07-13T00:24:01,310505000,TAHITIAN-PRINCESS,GLACIER BAY,55.52562167,-132.1204033,311,312,18.3,0,9187899,ZCDS4
2008-07-13T00:23:55,310505000,TAHITIAN-PRINCESS,GLACIER BAY,55.52527833,-132.1197483,310,311,18.3,0,9187899,ZCDS4
2008-07-13T00:23:49,310505000,TAHITIAN-PRINCESS,GLACIER BAY,55.52493667,-132.1190883,310,311,18.3,0,9187899,ZCDS4
2008-07-13T00:23:37,310505000,TAHITIAN-PRINCESS,GLACIER BAY,55.52421333,-132.117635,310,311,18.3,0,9187899,ZCDS4
2008-07-13T00:23:20,310505000,TAHITIAN-PRINCESS,GLACIER BAY,55.52327,-132.1157283,310,312,18.2,0,9187899,ZCDS4
2008-07-13T00:23:13,310505000,TAHITIAN-PRINCESS,GLACIER BAY,55.52288,-132.11495,310,312,18.2,0,9187899,ZCDS4
2008-07-13T00:23:07,310505000,TAHITIAN-PRINCESS,GLACIER BAY,55.5226,-132.1143967,310,312,18.2,0,9187899,ZCDS4
2008-07-13T00:23:01,310505000,TAHITIAN-PRINCESS,GLACIER BAY,55.52226333,-132.113735,310,312,18.2,0,9187899,ZCDS4
2008-07-13T00:22:55,310505000,TAHITIAN-PRINCESS,GLACIER BAY,55.52192667,-132.1130733,310,311,18.2,0,9187899,ZCDS4
2008-07-13T00:22:49,310505000,TAHITIAN-PRINCESS,GLACIER BAY,55.52159167,-132.1124117,310,311,18.2,0,9187899,ZCDS4
2008-07-13T00:22:43,310505000,TAHITIAN-PRINCESS,GLACIER BAY,55.52125833,-132.1117467,310,312,18.2,0,9187899,ZCDS4
2008-07-13T00:22:37,310505000,TAHITIAN-PRINCESS,GLACIER BAY,55.52087167,-132.1109667,310,312,18.1,0,9187899,ZCDS4
2008-07-13T00:22:31,310505000,TAHITIAN-PRINCESS,GLACIER BAY,55.52054167,-132.110295,310,312,18.1,0,9187899,ZCDS4
2008-07-13T00:22:25,310505000,TAHITIAN-PRINCESS,GLACIER BAY,55.52026167,-132.1097417,311,312,18.1,0,9187899,ZCDS4
2008-07-13T00:22:13,310505000,TAHITIAN-PRINCESS,GLACIER BAY,55.51952667,-132.1083267,310,311,18.2,0,9187899,ZCDS4
2008-07-13T00:22:07,310505000,TAHITIAN-PRINCESS,GLACIER BAY,55.51924667,-132.1077783,310,311,18.2,0,9187899,ZCDS4
2008-07-13T00:22:01,310505000,TAHITIAN-PRINCESS,GLACIER BAY,55.51891167,-132.107115,310,312,18.2,0,9187899,ZCDS4
2008-07-13T00:21:55,310505000,TAHITIAN-PRINCESS,GLACIER BAY,55.51857667,-132.1064517,310,311,18.2,0,9187899,ZCDS4
2008-07-13T00:21:49,310505000,TAHITIAN-PRINCESS,GLACIER BAY,55.518245,-132.1057833,310,311,18.1,0,9187899,ZCDS4
2008-07-13T00:21:37,310505000,TAHITIAN-PRINCESS,GLACIER BAY,55.51752333,-132.104345,310,312,18.1,0,9187899,ZCDS4
2008-07-13T00:21:31,310505000,TAHITIAN-PRINCESS,GLACIER BAY,55.51719,-132.1036833,310,311,18.1,0,9187899,ZCDS4
2008-07-13T00:21:20,310505000,TAHITIAN-PRINCESS,GLACIER BAY,55.51658167,-132.1024683,310,312,18.1,0,9187899,ZCDS4
2008-07-13T00:21:13,310505000,TAHITIAN-PRINCESS,GLACIER BAY,55.51619667,-132.1016867,310,312,18.1,0,9187899,ZCDS4
2008-07-13T00:21:01,310505000,TAHITIAN-PRINCESS,GLACIER BAY,55.51559,-132.1004667,310,312,18.1,0,9187899,ZCDS4
2008-07-13T00:20:55,310505000,TAHITIAN-PRINCESS,GLACIER BAY,55.515255,-132.09981,310,312,18.1,0,9187899,ZCDS4
2008-07-13T00:20:49,310505000,TAHITIAN-PRINCESS,GLACIER BAY,55.51492,-132.09915,310,312,18.1,0,9187899,ZCDS4
2008-07-13T00:20:43,310505000,TAHITIAN-PRINCESS,GLACIER BAY,55.514585,-132.0984933,310,312,18.1,0,9187899,ZCDS4
2008-07-13T00:20:37,310505000,TAHITIAN-PRINCESS,GLACIER BAY,55.514195,-132.0977233,310,312,18.1,0,9187899,ZCDS4
2008-07-13T00:20:31,310505000,TAHITIAN-PRINCESS,GLACIER BAY,55.51386,-132.0970633,310,312,18.1,0,9187899,ZCDS4
2008-07-13T00:20:25,310505000,TAHITIAN-PRINCESS,GLACIER BAY,55.51358167,-132.0965117,0,0,0.0,0,9187899,ZCDS4
2008-07-13T00:20:25,310505000,TAHITIAN-PRINCESS,GLACIER BAY,55.51358167,-132.0965117,310,312,18.1,0,9187899,ZCDS4
2008-07-13T00:20:13,310505000,TAHITIAN-PRINCESS,GLACIER BAY,55.512915,-132.0951867,310,312,18.1,0,9187899,ZCDS4
2008-07-13T00:20:08,310505000,TAHITIAN-PRINCESS,GLACIER BAY,55.51258,-132.0945267,310,312,18.1,0,9187899,ZCDS4
2008-07-13T00:20:01,310505000,TAHITIAN-PRINCESS,GLACIER BAY,55.512245,-132.0938683,310,312,18.1,0,9187899,ZCDS4
2008-07-13T00:19:49,310505000,TAHITIAN-PRINCESS,GLACIER BAY,55.51157833,-132.0925433,310,312,18.1,0,9187899,ZCDS4
2008-07-13T00:19:43,310505000,TAHITIAN-PRINCESS,GLACIER BAY,55.51124667,-132.0918817,310,312,18.1,0,9187899,ZCDS4
2008-07-13T00:19:37,310505000,TAHITIAN-PRINCESS,GLACIER BAY,55.510855,-132.0911133,310,312,18.1,0,9187899,ZCDS4
2008-07-13T00:19:31,310505000,TAHITIAN-PRINCESS,GLACIER BAY,55.51052167,-132.0904533,310,312,18.1,0,9187899,ZCDS4
2008-07-13T00:19:25,310505000,TAHITIAN-PRINCESS,GLACIER BAY,55.51024333,-132.089905,310,311,18.1,0,9187899,ZCDS4
2008-07-13T00:19:20,310505000,TAHITIAN-PRINCESS,GLACIER BAY,55.50991167,-132.0892433,310,311,18.1,0,9187899,ZCDS4
2008-07-13T00:19:08,310505000,TAHITIAN-PRINCESS,GLACIER BAY,55.509245,-132.08792,310,311,18.1,0,9187899,ZCDS4
2008-07-13T00:19:01,310505000,TAHITIAN-PRINCESS,GLACIER BAY,55.508915,-132.0872567,310,311,18.1,0,9187899,ZCDS4
2008-07-13T00:18:55,310505000,TAHITIAN-PRINCESS,GLACIER BAY,55.50858,-132.0865983,310,310,18.1,0,9187899,ZCDS4
2008-07-13T00:18:49,310505000,TAHITIAN-PRINCESS,GLACIER BAY,55.50825,-132.085935,309,310,18.1,0,9187899,ZCDS4
2008-07-13T00:18:43,310505000,TAHITIAN-PRINCESS,GLACIER BAY,55.50792333,-132.0852633,309,310,18.1,0,9187899,ZCDS4
2008-07-13T00:18:37,310505000,TAHITIAN-PRINCESS,GLACIER BAY,55.50759667,-132.0845967,309,309,18.1,0,9187899,ZCDS4
2008-07-13T00:18:20,310505000,TAHITIAN-PRINCESS,GLACIER BAY,55.50663,-132.0825733,307,308,18.1,0,9187899,ZCDS4
2008-07-13T00:18:13,310505000,TAHITIAN-PRINCESS,GLACIER BAY,55.506315,-132.0818867,307,307,18.1,0,9187899,ZCDS4
2008-07-13T00:17:55,310505000,TAHITIAN-PRINCESS,GLACIER BAY,55.50538,-132.0798183,305,305,18.1,0,9187899,ZCDS4
2008-07-13T00:17:43,310505000,TAHITIAN-PRINCESS,GLACIER BAY,55.50478167,-132.078405,303,304,18.1,0,9187899,ZCDS4
2008-07-13T00:17:37,310505000,TAHITIAN-PRINCESS,GLACIER BAY,55.50448833,-132.0776917,303,303,18.1,0,9187899,ZCDS4
2008-07-13T00:17:31,310505000,TAHITIAN-PRINCESS,GLACIER BAY,55.50415,-132.0768533,302,303,18.1,0,9187899,ZCDS4
2008-07-13T00:17:19,310505000,TAHITIAN-PRINCESS,GLACIER BAY,55.50363333,-132.0755167,301,302,18.1,0,9187899,ZCDS4
2008-07-13T00:17:13,310505000,TAHITIAN-PRINCESS,GLACIER BAY,55.50335667,-132.07478,300,301,18.1,0,9187899,ZCDS4
2008-07-13T00:17:06,310505000,TAHITIAN-PRINCESS,GLACIER BAY,55.50309,-132.0740333,300,301,18.1,0,9187899,ZCDS4
2008-07-13T00:16:48,310505000,TAHITIAN-PRINCESS,GLACIER BAY,55.50230667,-132.071765,300,301,18.1,0,9187899,ZCDS4
2008-07-13T00:16:42,310505000,TAHITIAN-PRINCESS,GLACIER BAY,55.50204333,-132.0710117,300,301,18.1,0,9187899,ZCDS4
2008-07-13T00:16:37,310505000,TAHITIAN-PRINCESS,GLACIER BAY,55.50178167,-132.070255,300,301,18.1,0,9187899,ZCDS4
2008-07-13T00:16:30,310505000,TAHITIAN-PRINCESS,GLACIER BAY,55.50147667,-132.0693733,300,300,18.1,0,9187899,ZCDS4
2008-07-13T00:16:18,310505000,TAHITIAN-PRINCESS,GLACIER BAY,55.500955,-132.0678617,299,300,18.1,0,9187899,ZCDS4
2008-07-13T00:16:12,310505000,TAHITIAN-PRINCESS,GLACIER BAY,55.50074333,-132.067225,299,300,18.1,0,9187899,ZCDS4
2008-07-13T00:16:06,310505000,TAHITIAN-PRINCESS,GLACIER BAY,55.50044,-132.0663433,298,299,18.1,0,9187899,ZCDS4
2008-07-13T00:16:00,310505000,TAHITIAN-PRINCESS,GLACIER BAY,55.50018667,-132.0655817,298,299,18.1,0,9187899,ZCDS4
2008-07-13T00:15:54,310505000,TAHITIAN-PRINCESS,GLACIER BAY,55.499975,-132.064945,298,298,18.1,0,9187899,ZCDS4
2008-07-13T00:15:48,310505000,TAHITIAN-PRINCESS,GLACIER BAY,55.49968333,-132.06405,297,298,18.1,0,9187899,ZCDS4
2008-07-13T00:15:42,310505000,TAHITIAN-PRINCESS,GLACIER BAY,55.49943667,-132.0632817,297,298,18.1,0,9187899,ZCDS4
2008-07-13T00:15:38,310505000,TAHITIAN-PRINCESS,GLACIER BAY,55.49923,-132.0626417,296,297,18.1,0,9187899,ZCDS4
2008-07-13T00:15:30,310505000,TAHITIAN-PRINCESS,GLACIER BAY,55.49899,-132.061865,296,297,18.1,0,9187899,ZCDS4
2008-07-13T00:15:18,310505000,TAHITIAN-PRINCESS,GLACIER BAY,55.498485,-132.0601683,295,295,18.1,0,9187899,ZCDS4
2008-07-13T00:15:06,310505000,TAHITIAN-PRINCESS,GLACIER BAY,55.498075,-132.0587183,294,295,18.1,0,9187899,ZCDS4
2008-07-13T00:15:00,310505000,TAHITIAN-PRINCESS,GLACIER BAY,55.497815,-132.0577933,293,294,18.1,0,9187899,ZCDS4
2008-07-13T00:14:55,310505000,TAHITIAN-PRINCESS,GLACIER BAY,55.49763667,-132.05713,293,294,18.1,0,9187899,ZCDS4
2008-07-13T00:14:42,310505000,TAHITIAN-PRINCESS,GLACIER BAY,55.49721167,-132.05553,292,293,18.1,0,9187899,ZCDS4
2008-07-13T00:14:37,310505000,TAHITIAN-PRINCESS,GLACIER BAY,55.49700167,-132.0547317,292,293,18.1,0,9187899,ZCDS4
2008-07-13T00:14:26,310505000,TAHITIAN-PRINCESS,GLACIER BAY,55.49659667,-132.05312,0,0,0.0,0,9187899,ZCDS4
2008-07-13T00:14:25,310505000,TAHITIAN-PRINCESS,GLACIER BAY,55.49659667,-132.05312,291,292,18.1,0,9187899,ZCDS4
2008-07-13T00:14:18,310505000,TAHITIAN-PRINCESS,GLACIER BAY,55.49636667,-132.052175,290,291,18.0,0,9187899,ZCDS4
2008-07-13T00:14:13,310505000,TAHITIAN-PRINCESS,GLACIER BAY,55.49620167,-132.0515017,290,292,18.0,0,9187899,ZCDS4
2008-07-13T00:14:07,310505000,TAHITIAN-PRINCESS,GLACIER BAY,55.496015,-132.050685,290,292,18.0,0,9187899,ZCDS4
2008-07-13T00:14:01,310505000,TAHITIAN-PRINCESS,GLACIER BAY,55.49579333,-132.049735,289,291,18.0,0,9187899,ZCDS4
2008-07-13T00:13:56,310505000,TAHITIAN-PRINCESS,GLACIER BAY,55.49563833,-132.049055,289,291,18.0,0,9187899,ZCDS4
2008-07-13T00:13:49,310505000,TAHITIAN-PRINCESS,GLACIER BAY,55.49542,-132.0481033,289,291,18.0,0,9187899,ZCDS4
2008-07-13T00:13:43,310505000,TAHITIAN-PRINCESS,GLACIER BAY,55.49526833,-132.0474217,289,290,18.0,0,9187899,ZCDS4
2008-07-13T00:13:38,310505000,TAHITIAN-PRINCESS,GLACIER BAY,55.49508833,-132.0466033,289,290,18.0,0,9187899,ZCDS4
2008-07-13T00:13:31,310505000,TAHITIAN-PRINCESS,GLACIER BAY,55.49491167,-132.0457833,288,290,18.0,0,9187899,ZCDS4
2008-07-13T00:13:19,310505000,TAHITIAN-PRINCESS,GLACIER BAY,55.49453333,-132.044,288,290,18.0,0,9187899,ZCDS4
2008-07-13T00:13:13,310505000,TAHITIAN-PRINCESS,GLACIER BAY,55.49439167,-132.0433117,288,290,18.0,0,9187899,ZCDS4
2008-07-13T00:13:07,310505000,TAHITIAN-PRINCESS,GLACIER BAY,55.49422333,-132.0424867,288,290,18.0,0,9187899,ZCDS4
2008-07-13T00:13:01,310505000,TAHITIAN-PRINCESS,GLACIER BAY,55.494025,-132.041525,288,290,17.9,0,9187899,ZCDS4
2008-07-13T00:12:56,310505000,TAHITIAN-PRINCESS,GLACIER BAY,55.49388167,-132.04084,288,290,18.0,0,9187899,ZCDS4
2008-07-13T00:12:49,310505000,TAHITIAN-PRINCESS,GLACIER BAY,55.49368,-132.03988,288,290,17.9,0,9187899,ZCDS4
2008-07-13T00:12:43,310505000,TAHITIAN-PRINCESS,GLACIER BAY,55.49354,-132.0391917,288,290,17.9,0,9187899,ZCDS4
2008-07-13T00:12:31,310505000,TAHITIAN-PRINCESS,GLACIER BAY,55.49319833,-132.0375467,288,290,17.9,0,9187899,ZCDS4
2008-07-13T00:12:25,310505000,TAHITIAN-PRINCESS,GLACIER BAY,55.49302667,-132.0367267,288,290,17.9,0,9187899,ZCDS4
2008-07-13T00:12:19,310505000,TAHITIAN-PRINCESS,GLACIER BAY,55.49282833,-132.0357683,288,290,17.9,0,9187899,ZCDS4
2008-07-13T00:12:13,310505000,TAHITIAN-PRINCESS,GLACIER BAY,55.49268833,-132.0350817,288,290,17.9,0,9187899,ZCDS4
2008-07-13T00:12:07,310505000,TAHITIAN-PRINCESS,GLACIER BAY,55.49249333,-132.0341233,288,290,17.9,0,9187899,ZCDS4
2008-07-13T00:12:01,310505000,TAHITIAN-PRINCESS,GLACIER BAY,55.49232667,-132.0333,288,290,17.9,0,9187899,ZCDS4
2008-07-13T00:11:56,310505000,TAHITIAN-PRINCESS,GLACIER BAY,55.49218667,-132.032615,288,290,17.9,0,9187899,ZCDS4
2008-07-13T00:11:43,310505000,TAHITIAN-PRINCESS,GLACIER BAY,55.49182667,-132.0308333,288,290,17.9,0,9187899,ZCDS4
2008-07-13T00:11:37,310505000,TAHITIAN-PRINCESS,GLACIER BAY,55.49168667,-132.03015,288,290,17.8,0,9187899,ZCDS4
2008-07-13T00:11:26,310505000,TAHITIAN-PRINCESS,GLACIER BAY,55.49135,-132.02851,288,290,17.8,0,9187899,ZCDS4
2008-07-13T00:11:19,310505000,TAHITIAN-PRINCESS,GLACIER BAY,55.49115667,-132.0275517,288,290,17.8,0,9187899,ZCDS4
2008-07-13T00:11:13,310505000,TAHITIAN-PRINCESS,GLACIER BAY,55.49101833,-132.0268683,288,290,17.8,0,9187899,ZCDS4
2008-07-13T00:11:07,310505000,TAHITIAN-PRINCESS,GLACIER BAY,55.49085167,-132.0260467,289,290,17.8,0,9187899,ZCDS4
2008-07-13T00:11:01,310505000,TAHITIAN-PRINCESS,GLACIER BAY,55.49065167,-132.0250933,288,290,17.8,0,9187899,ZCDS4
2008-07-13T00:10:56,310505000,TAHITIAN-PRINCESS,GLACIER BAY,55.49051,-132.0244133,288,290,17.8,0,9187899,ZCDS4
2008-07-13T00:10:49,310505000,TAHITIAN-PRINCESS,GLACIER BAY,55.49031333,-132.0234583,288,289,17.8,0,9187899,ZCDS4
2008-07-13T00:10:43,310505000,TAHITIAN-PRINCESS,GLACIER BAY,55.49017333,-132.0227767,288,289,17.8,0,9187899,ZCDS4
2008-07-13T00:10:31,310505000,TAHITIAN-PRINCESS,GLACIER BAY,55.48985,-132.021135,288,289,17.8,0,9187899,ZCDS4
2008-07-13T00:10:26,310505000,TAHITIAN-PRINCESS,GLACIER BAY,55.489685,-132.0203133,288,290,17.8,0,9187899,ZCDS4
2008-07-13T00:10:19,310505000,TAHITIAN-PRINCESS,GLACIER BAY,55.48949167,-132.0193567,288,289,17.8,0,9187899,ZCDS4
2008-07-13T00:10:13,310505000,TAHITIAN-PRINCESS,GLACIER BAY,55.48935167,-132.0186733,288,289,17.8,0,9187899,ZCDS4
2008-07-13T00:10:07,310505000,TAHITIAN-PRINCESS,GLACIER BAY,55.48918833,-132.0178517,288,289,17.8,0,9187899,ZCDS4
2008-07-13T00:10:01,310505000,TAHITIAN-PRINCESS,GLACIER BAY,55.48899667,-132.0168933,288,289,17.8,0,9187899,ZCDS4
2008-07-13T00:09:49,310505000,TAHITIAN-PRINCESS,GLACIER BAY,55.48867,-132.0152483,288,290,17.8,0,9187899,ZCDS4
2008-07-13T00:09:43,310505000,TAHITIAN-PRINCESS,GLACIER BAY,55.48853333,-132.0145617,288,289,17.8,0,9187899,ZCDS4
2008-07-13T00:09:31,310505000,TAHITIAN-PRINCESS,GLACIER BAY,55.4882,-132.0129217,288,289,17.8,0,9187899,ZCDS4
2008-07-13T00:09:26,310505000,TAHITIAN-PRINCESS,GLACIER BAY,55.488035,-132.0121017,288,289,17.8,0,9187899,ZCDS4
2008-07-13T00:09:19,310505000,TAHITIAN-PRINCESS,GLACIER BAY,55.48784667,-132.0111417,288,289,17.8,0,9187899,ZCDS4
2008-07-13T00:09:13,310505000,TAHITIAN-PRINCESS,GLACIER BAY,55.48771167,-132.0104567,288,289,17.8,0,9187899,ZCDS4
2008-07-13T00:09:07,310505000,TAHITIAN-PRINCESS,GLACIER BAY,55.48755167,-132.0096317,288,289,17.8,0,9187899,ZCDS4
2008-07-13T00:09:01,310505000,TAHITIAN-PRINCESS,GLACIER BAY,55.48736,-132.008675,288,289,17.8,0,9187899,ZCDS4
2008-07-13T00:08:32,310505000,TAHITIAN-PRINCESS,GLACIER BAY,55.48656667,-132.00472,288,290,17.7,0,9187899,ZCDS4
2008-07-13T00:08:26,310505000,TAHITIAN-PRINCESS,GLACIER BAY,55.48640333,-132.0039,288,290,17.8,0,9187899,ZCDS4
2008-07-13T00:08:26,310505000,TAHITIAN-PRINCESS,GLACIER BAY,55.48621,-132.0029467,0,0,0.0,0,9187899,ZCDS4
2008-07-13T00:08:19,310505000,TAHITIAN-PRINCESS,GLACIER BAY,55.48621,-132.0029467,288,290,17.7,0,9187899,ZCDS4
2008-07-13T00:08:13,310505000,TAHITIAN-PRINCESS,GLACIER BAY,55.48607167,-132.0022683,288,290,17.7,0,9187899,ZCDS4
2008-07-13T00:08:01,310505000,TAHITIAN-PRINCESS,GLACIER BAY,55.48571667,-132.0004983,288,290,17.7,0,9187899,ZCDS4
2008-07-13T00:07:55,310505000,TAHITIAN-PRINCESS,GLACIER BAY,55.48554667,-131.9996867,288,290,17.7,0,9187899,ZCDS4
2008-07-13T00:07:49,310505000,TAHITIAN-PRINCESS,GLACIER BAY,55.48537833,-131.9988733,288,290,17.7,0,9187899,ZCDS4
2008-07-13T00:07:37,310505000,TAHITIAN-PRINCESS,GLACIER BAY,55.48507667,-131.9973833,288,290,17.7,0,9187899,ZCDS4
2008-07-13T00:07:25,310505000,TAHITIAN-PRINCESS,GLACIER BAY,55.48472333,-131.99562,288,290,17.7,0,9187899,ZCDS4
2008-07-13T00:07:19,310505000,TAHITIAN-PRINCESS,GLACIER BAY,55.48456,-131.9948067,288,290,17.7,0,9187899,ZCDS4
2008-07-13T00:07:13,310505000,TAHITIAN-PRINCESS,GLACIER BAY,55.48439833,-131.9939917,288,290,17.7,0,9187899,ZCDS4
2008-07-13T00:07:01,310505000,TAHITIAN-PRINCESS,GLACIER BAY,55.484065,-131.99237,288,290,17.7,0,9187899,ZCDS4
2008-07-13T00:06:55,310505000,TAHITIAN-PRINCESS,GLACIER BAY,55.483895,-131.9915617,288,290,17.7,0,9187899,ZCDS4
2008-07-13T00:06:43,310505000,TAHITIAN-PRINCESS,GLACIER BAY,55.483595,-131.9900733,288,289,17.7,0,9187899,ZCDS4
2008-07-13T00:06:37,310505000,TAHITIAN-PRINCESS,GLACIER BAY,55.48343333,-131.98926,288,289,17.7,0,9187899,ZCDS4
2008-07-13T00:06:25,310505000,TAHITIAN-PRINCESS,GLACIER BAY,55.48308833,-131.9874917,288,290,17.7,0,9187899,ZCDS4
2008-07-13T00:06:19,310505000,TAHITIAN-PRINCESS,GLACIER BAY,55.48292333,-131.9866817,288,290,17.6,0,9187899,ZCDS4
2008-07-13T00:06:07,310505000,TAHITIAN-PRINCESS,GLACIER BAY,55.482615,-131.9852,288,289,17.6,0,9187899,ZCDS4
2008-07-13T00:05:55,310505000,TAHITIAN-PRINCESS,GLACIER BAY,55.48226833,-131.9834367,288,290,17.6,0,9187899,ZCDS4
2008-07-13T00:05:43,310505000,TAHITIAN-PRINCESS,GLACIER BAY,55.481975,-131.9819483,288,290,17.6,0,9187899,ZCDS4
2008-07-13T00:05:37,310505000,TAHITIAN-PRINCESS,GLACIER BAY,55.48181,-131.98114,288,290,17.6,0,9187899,ZCDS4
2008-07-13T00:05:32,310505000,TAHITIAN-PRINCESS,GLACIER BAY,55.48164333,-131.9803317,288,290,17.6,0,9187899,ZCDS4
2008-07-13T00:05:25,310505000,TAHITIAN-PRINCESS,GLACIER BAY,55.48145,-131.97939,288,289,17.6,0,9187899,ZCDS4
2008-07-13T00:05:19,310505000,TAHITIAN-PRINCESS,GLACIER BAY,55.48128667,-131.9785817,288,290,17.6,0,9187899,ZCDS4
2008-07-13T00:05:13,310505000,TAHITIAN-PRINCESS,GLACIER BAY,55.48112667,-131.97777,288,290,17.6,0,9187899,ZCDS4
2008-07-13T00:05:07,310505000,TAHITIAN-PRINCESS,GLACIER BAY,55.48099,-131.9770967,288,290,17.6,0,9187899,ZCDS4
2008-07-13T00:04:55,310505000,TAHITIAN-PRINCESS,GLACIER BAY,55.48063667,-131.975345,288,290,17.6,0,9187899,ZCDS4
2008-07-13T00:04:49,310505000,TAHITIAN-PRINCESS,GLACIER BAY,55.4805,-131.9746717,288,290,17.6,0,9187899,ZCDS4
2008-07-13T00:04:43,310505000,TAHITIAN-PRINCESS,GLACIER BAY,55.48030833,-131.97373,288,290,17.5,0,9187899,ZCDS4
2008-07-13T00:04:37,310505000,TAHITIAN-PRINCESS,GLACIER BAY,55.48016833,-131.9730617,288,290,17.5,0,9187899,ZCDS4
2008-07-13T00:04:32,310505000,TAHITIAN-PRINCESS,GLACIER BAY,55.48000167,-131.9722567,288,290,17.5,0,9187899,ZCDS4
2008-07-13T00:04:25,310505000,TAHITIAN-PRINCESS,GLACIER BAY,55.47980833,-131.9713183,288,290,17.5,0,9187899,ZCDS4
2008-07-13T00:04:19,310505000,TAHITIAN-PRINCESS,GLACIER BAY,55.47964333,-131.9705133,288,290,17.5,0,9187899,ZCDS4
2008-07-13T00:04:13,310505000,TAHITIAN-PRINCESS,GLACIER BAY,55.47948167,-131.969705,288,290,17.5,0,9187899,ZCDS4
2008-07-13T00:04:07,310505000,TAHITIAN-PRINCESS,GLACIER BAY,55.47934833,-131.9690317,288,290,17.5,0,9187899,ZCDS4
2008-07-13T00:03:55,310505000,TAHITIAN-PRINCESS,GLACIER BAY,55.47898667,-131.9672917,288,290,17.5,0,9187899,ZCDS4
2008-07-13T00:03:49,310505000,TAHITIAN-PRINCESS,GLACIER BAY,55.47884833,-131.9666217,288,290,17.5,0,9187899,ZCDS4
2008-07-13T00:03:43,310505000,TAHITIAN-PRINCESS,GLACIER BAY,55.47865,-131.9656883,288,290,17.5,0,9187899,ZCDS4
2008-07-13T00:03:37,310505000,TAHITIAN-PRINCESS,GLACIER BAY,55.47848333,-131.9648867,288,290,17.5,0,9187899,ZCDS4
2008-07-13T00:03:32,310505000,TAHITIAN-PRINCESS,GLACIER BAY,55.47834833,-131.9642167,288,290,17.5,0,9187899,ZCDS4
2008-07-13T00:03:02,310505000,TAHITIAN-PRINCESS,GLACIER BAY,55.47752833,-131.9602067,288,290,17.4,0,9187899,ZCDS4
2008-07-13T00:02:55,310505000,TAHITIAN-PRINCESS,GLACIER BAY,55.47733333,-131.959275,288,290,17.4,0,9187899,ZCDS4
2008-07-13T00:02:43,310505000,TAHITIAN-PRINCESS,GLACIER BAY,55.47700333,-131.9576767,288,290,17.4,0,9187899,ZCDS4
2008-07-13T00:02:37,310505000,TAHITIAN-PRINCESS,GLACIER BAY,55.47684,-131.9568767,288,290,17.4,0,9187899,ZCDS4
2008-07-13T00:02:25,310505000,TAHITIAN-PRINCESS,GLACIER BAY,55.476515,-131.9552783,0,0,0.0,0,9187899,ZCDS4
2008-07-13T00:02:25,310505000,TAHITIAN-PRINCESS,GLACIER BAY,55.476515,-131.9552783,288,290,17.4,0,9187899,ZCDS4
2008-07-13T00:02:19,310505000,TAHITIAN-PRINCESS,GLACIER BAY,55.47634833,-131.9544817,288,290,17.4,0,9187899,ZCDS4
2008-07-13T00:02:13,310505000,TAHITIAN-PRINCESS,GLACIER BAY,55.47620833,-131.95382,288,290,17.4,0,9187899,ZCDS4
2008-07-13T00:02:02,310505000,TAHITIAN-PRINCESS,GLACIER BAY,55.47587667,-131.9522267,288,290,17.4,0,9187899,ZCDS4
2008-07-13T00:01:43,310505000,TAHITIAN-PRINCESS,GLACIER BAY,55.47536333,-131.9496967,288,291,17.4,0,9187899,ZCDS4
2008-07-13T00:01:37,310505000,TAHITIAN-PRINCESS,GLACIER BAY,55.47519833,-131.9488983,288,291,17.4,0,9187899,ZCDS4
2008-07-13T00:01:32,310505000,TAHITIAN-PRINCESS,GLACIER BAY,55.47505667,-131.948235,288,291,17.4,0,9187899,ZCDS4
2008-07-13T00:01:25,310505000,TAHITIAN-PRINCESS,GLACIER BAY,55.47485667,-131.9473133,288,290,17.4,0,9187899,ZCDS4
2008-07-13T00:01:19,310505000,TAHITIAN-PRINCESS,GLACIER BAY,55.474685,-131.9465217,288,290,17.4,0,9187899,ZCDS4
2008-07-13T00:01:13,310505000,TAHITIAN-PRINCESS,GLACIER BAY,55.474545,-131.9458583,288,290,17.4,0,9187899,ZCDS4
2008-07-13T00:01:07,310505000,TAHITIAN-PRINCESS,GLACIER BAY,55.47437667,-131.9450633,288,290,17.4,0,9187899,ZCDS4
2008-07-13T00:01:02,310505000,TAHITIAN-PRINCESS,GLACIER BAY,55.47421167,-131.9442633,288,290,17.4,0,9187899,ZCDS4
2008-07-13T00:00:55,310505000,TAHITIAN-PRINCESS,GLACIER BAY,55.47401667,-131.9433333,288,290,17.4,0,9187899,ZCDS4
2008-07-13T00:00:49,310505000,TAHITIAN-PRINCESS,GLACIER BAY,55.47387333,-131.94267,288,290,17.4,0,9187899,ZCDS4
2008-07-13T00:00:47,310505000,TAHITIAN-PRINCESS,GLACIER BAY,55.468,-131.933333,511,360,102.3,15,9187899,ZCDS4
2008-07-13T00:00:43,310505000,TAHITIAN-PRINCESS,GLACIER BAY,55.47367333,-131.9417383,288,290,17.4,0,9187899,ZCDS4
2008-07-13T00:00:37,310505000,TAHITIAN-PRINCESS,GLACIER BAY,55.47350667,-131.9409483,288,290,17.4,0,9187899,ZCDS4
2008-07-13T00:00:31,310505000,TAHITIAN-PRINCESS,GLACIER BAY,55.47333833,-131.9401533,288,290,17.4,0,9187899,ZCDS4
2008-07-13T00:00:25,310505000,TAHITIAN-PRINCESS,GLACIER BAY,55.47317333,-131.939355,288,290,17.4,0,9187899,ZCDS4
2008-07-13T00:00:19,310505000,TAHITIAN-PRINCESS,GLACIER BAY,55.47300833,-131.938555,288,290,17.4,0,9187899,ZCDS4
2008-07-13T00:00:13,310505000,TAHITIAN-PRINCESS,GLACIER BAY,55.47287,-131.93789,288,291,17.4,0,9187899,ZCDS4
2008-07-13T00:00:07,310505000,TAHITIAN-PRINCESS,GLACIER BAY,55.47270167,-131.9370933,288,291,17.4,0,9187899,ZCDS4
2008-07-13T00:00:02,310505000,TAHITIAN-PRINCESS,GLACIER BAY,55.47253167,-131.9362983,288,291,17.4,0,9187899,ZCDS4
