bs_ts,mmsi,name,destination,lat,lon,heading,cog,sog,nav_status,imo,callsign
2008-07-09T23:59:52,310405000,,,58.29161667,-134.3955,0,0.0,0.0,0,,
2008-07-09T23:57:05,310405000,,,58.29161667,-134.3955,143,143.0,0.0,5,,
2008-07-09T23:54:03,310405000,,,58.29161667,-134.3955,143,143.0,0.0,5,,
2008-07-09T23:53:54,310405000,,,58.29161667,-134.3954833,0,0.0,0.0,0,,
2008-07-09T23:51:02,310405000,,,58.29161667,-134.3954833,143,143.0,0.0,5,,
2008-07-09T23:50:19,310405000,,,58.2855,-134.3865,511,360.0,102.3,15,,
2008-07-09T23:48:00,310405000,,,58.29161667,-134.3954833,143,143.0,0.0,5,,
2008-07-09T23:47:54,310405000,,,58.29161667,-134.3954833,0,0.0,0.0,0,,
2008-07-09T23:45:01,310405000,,,58.29161667,-134.3954833,143,143.0,0.0,5,,
2008-07-09T23:41:57,310405000,,,58.29161667,-134.3954833,143,143.0,0.0,5,,
2008-07-09T23:41:52,310405000,,,58.29161667,-134.3954833,0,0.0,0.0,0,,
2008-07-09T23:38:56,310405000,,,58.29161667,-134.3954833,144,144.0,0.0,5,,
2008-07-09T23:35:56,310405000,,,58.29161667,-134.3954833,144,144.0,0.0,5,,
2008-07-09T23:35:50,310405000,,,58.29161667,-134.3954833,0,0.0,0.0,0,,
2008-07-09T23:32:54,310405000,,,58.29161667,-134.3954833,144,144.0,0.0,5,,
2008-07-09T23:29:54,310405000,,,58.29161667,-134.3954833,144,144.0,0.0,5,,
2008-07-09T23:29:50,310405000,,,58.29161667,-134.3955,0,0.0,0.0,0,,
2008-07-09T23:26:51,310405000,,,58.29161667,-134.3955,144,144.0,0.0,5,,
2008-07-09T23:23:52,310405000,,,58.29161667,-134.3955,0,0.0,0.0,0,,
2008-07-09T23:23:51,310405000,,,58.29161667,-134.3955,144,144.0,0.0,5,,
2008-07-09T23:20:51,310405000,,,58.29161667,-134.3955,144,144.0,0.0,5,,
2008-07-09T23:17:49,310405000,,,58.29161667,-134.3955,0,0.0,0.0,0,,
2008-07-09T23:17:48,310405000,,,58.29161667,-134.3955,144,144.0,0.0,5,,
2008-07-09T23:14:47,310405000,,,58.29161667,-134.3954833,144,144.0,0.0,5,,
2008-07-09T23:11:52,310405000,,,58.29161667,-134.3954833,0,0.0,0.0,0,,
2008-07-09T23:11:43,310405000,,,58.29161667,-134.3954833,144,144.0,0.0,5,,
2008-07-09T23:08:43,310405000,,,58.29161667,-134.3954833,144,144.0,0.0,5,,
2008-07-09T23:05:51,310405000,,,58.29161667,-134.3954833,0,0.0,0.0,0,,
2008-07-09T23:05:44,310405000,,,58.29161667,-134.3954833,144,144.0,0.0,5,,
2008-07-09T23:02:41,310405000,,,58.29161667,-134.3955,144,144.0,0.0,5,,
2008-07-09T22:59:49,310405000,,,58.29161667,-134.3954833,0,0.0,0.0,0,,
2008-07-09T22:59:40,310405000,,,58.29161667,-134.3954833,144,144.0,0.0,5,,
2008-07-09T22:56:40,310405000,,,58.29161667,-134.3955,144,144.0,0.0,5,,
2008-07-09T22:53:46,310405000,,,58.29161667,-134.3955,0,0.0,0.0,0,,
2008-07-09T22:53:39,310405000,,,58.29161667,-134.3955,144,144.0,0.0,5,,
2008-07-09T22:50:37,310405000,,,58.29161667,-134.3955,144,144.0,0.0,5,,
2008-07-09T22:47:47,310405000,,,58.29161667,-134.3954833,0,0.0,0.0,0,,
2008-07-09T22:47:36,310405000,,,58.29161667,-134.3954833,144,144.0,0.0,5,,
2008-07-09T22:44:36,310405000,,,58.29161667,-134.3955,144,144.0,0.0,5,,
2008-07-09T22:41:47,310405000,,,58.29161667,-134.3955,0,0.0,0.0,0,,
2008-07-09T22:41:33,310405000,,,58.29161667,-134.3955,144,144.0,0.0,5,,
2008-07-09T22:38:30,310405000,,,58.29163333,-134.3955,144,144.0,0.0,5,,
2008-07-09T22:35:49,310405000,,,58.29163333,-134.3955,0,0.0,0.0,0,,
2008-07-09T22:35:29,310405000,,,58.29163333,-134.3955,144,144.0,0.0,5,,
2008-07-09T22:32:29,310405000,,,58.29161667,-134.3954833,144,144.0,0.0,5,,
2008-07-09T22:29:44,310405000,,,58.29161667,-134.3955,0,0.0,0.0,0,,
2008-07-09T22:29:28,310405000,,,58.29161667,-134.3955,144,144.0,0.0,5,,
2008-07-09T22:26:24,310405000,,,58.29161667,-134.3955,144,144.0,0.0,5,,
2008-07-09T22:23:42,310405000,,,58.29163333,-134.3955,0,0.0,0.0,0,,
2008-07-09T22:23:24,310405000,,,58.29163333,-134.3955,144,144.0,0.0,5,,
2008-07-09T22:20:25,310405000,,,58.29161667,-134.3955,144,234.0,0.1,5,,
2008-07-09T22:17:44,310405000,,,58.29161667,-134.3954833,0,0.0,0.0,0,,
2008-07-09T22:17:22,310405000,,,58.29161667,-134.3954833,144,144.0,0.0,5,,
2008-07-09T22:14:19,310405000,,,58.29161667,-134.3955,144,144.0,0.0,5,,
2008-07-09T22:11:45,310405000,,,58.29161667,-134.3955,0,0.0,0.0,0,,
2008-07-09T22:11:20,310405000,,,58.29161667,-134.3955,144,144.0,0.0,5,,
2008-07-09T22:08:20,310405000,,,58.29161667,-134.3955,144,144.0,0.0,5,,
2008-07-09T22:05:42,310405000,,,58.29161667,-134.3955,0,0.0,0.0,0,,
2008-07-09T22:05:15,310405000,,,58.29161667,-134.3955,144,144.0,0.0,5,,
2008-07-09T22:02:14,310405000,,,58.2916,-134.3955,144,144.0,0.0,5,,
2008-07-09T21:59:42,310405000,,,58.2916,-134.3955,0,0.0,0.0,0,,
2008-07-09T21:59:14,310405000,,,58.2916,-134.3955,144,144.0,0.0,5,,
2008-07-09T21:56:13,310405000,,,58.29161667,-134.3955,144,144.0,0.0,5,,
2008-07-09T21:53:39,310405000,,,58.2916,-134.3955,0,0.0,0.0,0,,
2008-07-09T21:53:10,310405000,,,58.2916,-134.3955,144,144.0,0.0,5,,
2008-07-09T21:50:10,310405000,,,58.29161667,-134.3955,144,144.0,0.0,5,,
2008-07-09T21:49:04,310405000,,,58.2855,-134.3865,511,360.0,102.3,15,,
2008-07-09T21:47:41,310405000,,,58.29163333,-134.3954833,0,0.0,0.0,0,,
2008-07-09T21:47:06,310405000,,,58.29163333,-134.3954833,144,144.0,0.0,5,,
2008-07-09T21:44:08,310405000,,,58.29161667,-134.3954833,144,144.0,0.0,5,,
2008-07-09T21:41:42,310405000,,,58.29161667,-134.3955,0,0.0,0.0,0,,
2008-07-09T21:41:05,310405000,,,58.29161667,-134.3955,143,143.0,0.0,5,,
2008-07-09T21:38:04,310405000,,,58.29161667,-134.3955,143,143.0,0.0,5,,
2008-07-09T21:35:37,310405000,,,58.29161667,-134.3955167,0,0.0,0.0,0,,
2008-07-09T21:35:02,310405000,,,58.29161667,-134.3955167,143,143.0,0.0,5,,
2008-07-09T21:32:01,310405000,,,58.29161667,-134.3955167,143,143.0,0.0,5,,
2008-07-09T21:29:39,310405000,,,58.2916,-134.3955167,0,0.0,0.0,0,,
2008-07-09T21:29:02,310405000,,,58.2916,-134.3955167,143,143.0,0.0,5,,
2008-07-09T21:26:00,310405000,,,58.29161667,-134.3955167,143,143.0,0.0,5,,
2008-07-09T21:23:40,310405000,,,58.29161667,-134.3955,0,0.0,0.0,0,,
2008-07-09T21:22:58,310405000,,,58.29161667,-134.3955,143,143.0,0.0,5,,
2008-07-09T21:19:56,310405000,,,58.29161667,-134.3955,143,143.0,0.0,5,,
2008-07-09T21:17:36,310405000,,,58.2916,-134.3955,0,0.0,0.0,0,,
2008-07-09T21:16:54,310405000,,,58.2916,-134.3955,143,143.0,0.0,5,,
2008-07-09T21:13:53,310405000,,,58.29161667,-134.3955,143,143.0,0.0,5,,
2008-07-09T21:11:37,310405000,,,58.29161667,-134.3955,0,0.0,0.0,0,,
2008-07-09T21:10:52,310405000,,,58.29161667,-134.3955,143,143.0,0.0,5,,
2008-07-09T21:07:53,310405000,,,58.29161667,-134.3955,143,143.0,0.0,5,,
2008-07-09T21:05:37,310405000,,,58.29161667,-134.3955,0,0.0,0.0,0,,
2008-07-09T21:04:51,310405000,,,58.29161667,-134.3955,143,143.0,0.0,5,,
2008-07-09T21:01:49,310405000,,,58.29161667,-134.3955,143,143.0,0.0,5,,
2008-07-09T20:59:36,310405000,,,58.29161667,-134.3955,0,0.0,0.0,0,,
2008-07-09T20:58:48,310405000,,,58.29161667,-134.3955,143,143.0,0.0,5,,
2008-07-09T20:55:45,310405000,,,58.29161667,-134.3955,143,143.0,0.0,5,,
2008-07-09T20:53:38,310405000,,,58.29161667,-134.3955,0,0.0,0.0,0,,
2008-07-09T20:52:43,310405000,,,58.29161667,-134.3955,143,143.0,0.0,5,,
2008-07-09T20:49:45,310405000,,,58.29161667,-134.3955,143,143.0,0.0,5,,
2008-07-09T20:49:01,310405000,,,58.2855,-134.3865,511,360.0,102.3,15,,
2008-07-09T20:47:35,310405000,,,58.29161667,-134.3955,0,0.0,0.0,0,,
2008-07-09T20:46:40,310405000,,,58.29161667,-134.3955,143,143.0,0.0,5,,
2008-07-09T20:43:42,310405000,,,58.29161667,-134.3955,143,143.0,0.0,5,,
2008-07-09T20:41:36,310405000,,,58.29161667,-134.3955,0,0.0,0.0,0,,
2008-07-09T20:40:41,310405000,,,58.29161667,-134.3955,143,143.0,0.0,5,,
2008-07-09T20:37:40,310405000,,,58.29161667,-134.3955,143,143.0,0.0,5,,
2008-07-09T20:37:37,310405000,,,58.29161667,-134.3955,143,143.0,0.0,5,,
2008-07-09T20:35:35,310405000,,,58.29161667,-134.3955167,0,0.0,0.0,0,,
2008-07-09T20:34:38,310405000,,,58.29161667,-134.3955167,143,143.0,0.0,5,,
2008-07-09T20:29:36,310405000,,,58.29161667,-134.3955,0,0.0,0.0,0,,
2008-07-09T20:28:35,310405000,,,58.29161667,-134.3955,143,143.0,0.0,5,,
2008-07-09T20:23:32,310405000,,,58.29161667,-134.3955167,0,0.0,0.0,0,,
2008-07-09T20:22:32,310405000,,,58.29161667,-134.3955167,143,143.0,0.0,5,,
2008-07-09T20:19:31,310405000,,,58.29161667,-134.3955167,143,143.0,0.0,5,,
2008-07-09T20:17:31,310405000,,,58.29161667,-134.3955,0,0.0,0.0,0,,
2008-07-09T20:16:29,310405000,,,58.29161667,-134.3955,143,143.0,0.0,5,,
2008-07-09T20:13:29,310405000,,,58.29161667,-134.3955,144,144.0,0.0,5,,
2008-07-09T20:11:33,310405000,,,58.29161667,-134.3955,0,0.0,0.0,0,,
2008-07-09T20:10:25,310405000,,,58.29161667,-134.3955,144,144.0,0.0,5,,
2008-07-09T20:07:26,310405000,,,58.29161667,-134.3955,144,144.0,0.0,5,,
2008-07-09T20:05:29,310405000,,,58.29161667,-134.3955,0,0.0,0.0,0,,
2008-07-09T20:04:22,310405000,,,58.29161667,-134.3955,144,144.0,0.0,5,,
2008-07-09T20:01:23,310405000,,,58.29161667,-134.3955,143,143.0,0.0,5,,
2008-07-09T19:59:28,310405000,,,58.29161667,-134.3955,0,0.0,0.0,0,,
2008-07-09T19:58:20,310405000,,,58.29161667,-134.3955,143,143.0,0.0,5,,
2008-07-09T19:55:20,310405000,,,58.29161667,-134.3955,143,143.0,0.0,5,,
2008-07-09T19:53:28,310405000,,,58.29161667,-134.3955,0,0.0,0.0,0,,
2008-07-09T19:52:17,310405000,,,58.29161667,-134.3955,143,143.0,0.0,5,,
2008-07-09T19:49:19,310405000,,,58.29161667,-134.3955,143,143.0,0.0,5,,
2008-07-09T19:48:15,310405000,,,58.2855,-134.3865,511,360.0,102.3,15,,
2008-07-09T19:47:30,310405000,,,58.29161667,-134.3955,0,0.0,0.0,0,,
2008-07-09T19:46:17,310405000,,,58.29161667,-134.3955,143,143.0,0.0,5,,
2008-07-09T19:43:17,310405000,,,58.29161667,-134.3955,143,143.0,0.0,5,,
2008-07-09T19:41:31,310405000,,,58.29161667,-134.3955,0,0.0,0.0,0,,
2008-07-09T19:40:15,310405000,,,58.29161667,-134.3955,143,143.0,0.0,5,,
2008-07-09T19:37:13,310405000,,,58.29161667,-134.3955,143,143.0,0.0,5,,
2008-07-09T19:35:29,310405000,,,58.29161667,-134.3955,0,0.0,0.0,0,,
2008-07-09T19:34:12,310405000,,,58.29161667,-134.3955,143,143.0,0.0,5,,
2008-07-09T19:31:09,310405000,,,58.29161667,-134.3955,144,144.0,0.0,5,,
2008-07-09T19:29:28,310405000,,,58.29161667,-134.3955,0,0.0,0.0,0,,
2008-07-09T19:28:07,310405000,,,58.29161667,-134.3955,144,144.0,0.0,5,,
2008-07-09T19:25:07,310405000,,,58.29161667,-134.3955,144,144.0,0.0,5,,
2008-07-09T19:23:27,310405000,,,58.29161667,-134.3955,0,0.0,0.0,0,,
2008-07-09T19:22:03,310405000,,,58.29161667,-134.3955,144,144.0,0.0,5,,
2008-07-09T19:19:04,310405000,,,58.29161667,-134.3955,144,144.0,0.0,5,,
2008-07-09T19:17:25,310405000,,,58.29161667,-134.3955,0,0.0,0.0,0,,
2008-07-09T19:16:03,310405000,,,58.29161667,-134.3955,144,144.0,0.0,5,,
2008-07-09T19:13:04,310405000,,,58.29161667,-134.3955,144,144.0,0.0,5,,
2008-07-09T19:11:27,310405000,,,58.29161667,-134.3955,0,0.0,0.0,0,,
2008-07-09T19:10:01,310405000,,,58.29161667,-134.3955,144,144.0,0.0,5,,
2008-07-09T19:06:57,310405000,,,58.29161667,-134.3955,144,144.0,0.0,5,,
2008-07-09T19:05:24,310405000,,,58.29161667,-134.3955,0,0.0,0.0,0,,
2008-07-09T19:03:59,310405000,,,58.29161667,-134.3955,144,144.0,0.0,5,,
2008-07-09T18:59:24,310405000,,,58.29161667,-134.3955,0,0.0,0.0,0,,
2008-07-09T18:57:56,310405000,,,58.29161667,-134.3955,144,144.0,0.0,5,,
2008-07-09T18:54:54,310405000,,,58.29161667,-134.3955,144,144.0,0.0,5,,
2008-07-09T18:53:25,310405000,,,58.29161667,-134.3955,0,0.0,0.0,0,,
2008-07-09T18:51:54,310405000,,,58.29161667,-134.3955,144,144.0,0.0,5,,
2008-07-09T18:48:56,310405000,,,58.2855,-134.3865,511,360.0,102.3,15,,
2008-07-09T18:48:51,310405000,,,58.29161667,-134.3955,144,144.0,0.0,5,,
2008-07-09T18:47:20,310405000,,,58.29161667,-134.3955,0,0.0,0.0,0,,
2008-07-09T18:45:50,310405000,,,58.29161667,-134.3955,144,144.0,0.0,5,,
2008-07-09T18:42:51,310405000,,,58.29161667,-134.3955,144,144.0,0.0,5,,
2008-07-09T18:41:21,310405000,,,58.29161667,-134.3955,0,0.0,0.0,0,,
2008-07-09T18:39:46,310405000,,,58.29161667,-134.3955,144,144.0,0.0,5,,
2008-07-09T18:36:47,310405000,,,58.29161667,-134.3955,144,144.0,0.0,5,,
2008-07-09T18:35:21,310405000,,,58.29161667,-134.3955,0,0.0,0.0,0,,
2008-07-09T18:33:45,310405000,,,58.29161667,-134.3955,144,144.0,0.0,5,,
2008-07-09T18:30:44,310405000,,,58.2916,-134.3955,144,144.0,0.0,5,,
2008-07-09T18:29:22,310405000,,,58.29161667,-134.3955,0,0.0,0.0,0,,
2008-07-09T18:27:40,310405000,,,58.29161667,-134.3955,144,144.0,0.0,5,,
2008-07-09T18:24:42,310405000,,,58.29161667,-134.3955,144,144.0,0.0,5,,
2008-07-09T18:23:21,310405000,,,58.29161667,-134.3955,0,0.0,0.0,0,,
2008-07-09T18:21:38,310405000,,,58.29161667,-134.3955,144,144.0,0.0,5,,
2008-07-09T18:18:40,310405000,,,58.29161667,-134.3955,144,144.0,0.0,5,,
2008-07-09T18:17:16,310405000,,,58.2916,-134.3954833,0,0.0,0.0,0,,
2008-07-09T18:15:38,310405000,,,58.2916,-134.3954833,144,144.0,0.0,5,,
2008-07-09T18:12:36,310405000,,,58.29161667,-134.3954833,144,144.0,0.0,5,,
2008-07-09T18:11:22,310405000,,,58.29161667,-134.3954833,0,0.0,0.0,0,,
2008-07-09T18:09:33,310405000,,,58.29161667,-134.3954833,143,143.0,0.0,5,,
2008-07-09T18:06:35,310405000,,,58.29161667,-134.3955,143,143.0,0.0,5,,
2008-07-09T18:05:19,310405000,,,58.29161667,-134.3955,0,0.0,0.0,0,,
2008-07-09T18:03:33,310405000,,,58.29161667,-134.3955,143,143.0,0.0,5,,
2008-07-09T18:00:29,310405000,,,58.2916,-134.3955,144,144.0,0.0,5,,
2008-07-09T17:59:22,310405000,,,58.29161667,-134.3955,0,0.0,0.0,0,,
2008-07-09T17:57:30,310405000,,,58.29161667,-134.3955,144,144.0,0.0,5,,
2008-07-09T17:54:27,310405000,,,58.29161667,-134.3955,144,144.0,0.0,5,,
2008-07-09T17:53:15,310405000,,,58.29161667,-134.3955,0,0.0,0.0,0,,
2008-07-09T17:51:27,310405000,,,58.29161667,-134.3955,144,144.0,0.0,5,,
2008-07-09T17:51:02,310405000,,,58.2855,-134.3865,511,360.0,102.3,15,,
2008-07-09T17:48:24,310405000,,,58.29161667,-134.3955,144,144.0,0.0,5,,
2008-07-09T17:47:15,310405000,,,58.29161667,-134.3955167,0,0.0,0.0,0,,
2008-07-09T17:45:23,310405000,,,58.29161667,-134.3955167,144,144.0,0.0,5,,
2008-07-09T17:42:21,310405000,,,58.29161667,-134.3955,144,144.0,0.0,5,,
2008-07-09T17:39:20,310405000,,,58.29161667,-134.3955,144,144.0,0.0,5,,
2008-07-09T17:36:20,310405000,,,58.29161667,-134.3955167,144,144.0,0.0,5,,
2008-07-09T17:35:16,310405000,,,58.29161667,-134.3955,0,0.0,0.0,0,,
2008-07-09T17:33:18,310405000,,,58.29161667,-134.3955,144,144.0,0.0,5,,
2008-07-09T17:30:17,310405000,,,58.29161667,-134.3955,144,144.0,0.0,5,,
2008-07-09T17:29:15,310405000,,,58.29161667,-134.3955,0,0.0,0.0,0,,
2008-07-09T17:27:17,310405000,,,58.29161667,-134.3955,144,144.0,0.0,5,,
2008-07-09T17:25:17,310405000,,,58.29161667,-134.3955,0,0.0,0.0,0,,
2008-07-09T17:24:14,310405000,,,58.29161667,-134.3955,144,144.0,0.0,5,,
2008-07-09T17:21:12,310405000,,,58.29161667,-134.3954833,144,144.0,0.0,5,,
2008-07-09T17:18:13,310405000,,,58.29161667,-134.3955,144,144.0,0.0,5,,
2008-07-09T17:17:11,310405000,,,58.29161667,-134.3955,0,0.0,0.0,0,,
2008-07-09T17:15:10,310405000,,,58.29161667,-134.3955,144,144.0,0.0,5,,
2008-07-09T17:12:11,310405000,,,58.29161667,-134.3955,144,144.0,0.0,5,,
2008-07-09T17:11:11,310405000,,,58.29161667,-134.3955,0,0.0,0.0,0,,
2008-07-09T17:09:08,310405000,,,58.29161667,-134.3955,144,144.0,0.0,5,,
2008-07-09T17:06:08,310405000,,,58.29161667,-134.3954833,144,144.0,0.0,5,,
2008-07-09T17:05:15,310405000,,,58.29161667,-134.3955,0,0.0,0.0,0,,
2008-07-09T17:03:07,310405000,,,58.29161667,-134.3955,144,144.0,0.0,5,,
2008-07-09T17:00:03,310405000,,,58.29161667,-134.3955,144,144.0,0.0,5,,
2008-07-09T16:59:13,310405000,,,58.29161667,-134.3955,0,0.0,0.0,0,,
2008-07-09T16:57:05,310405000,,,58.29161667,-134.3955,144,144.0,0.0,5,,
2008-07-09T16:54:03,310405000,,,58.2916,-134.3955,144,144.0,0.0,5,,
2008-07-09T16:53:10,310405000,,,58.2855,-134.3865,0,0.0,0.0,0,,
2008-07-09T16:51:25,310405000,,,58.2855,-134.3865,511,360.0,102.3,15,,
2008-07-09T16:50:58,310405000,,,58.2916,-134.3955,144,144.0,0.0,5,,
2008-07-09T16:48:01,310405000,,,58.2916,-134.3955,143,143.0,0.0,5,,
2008-07-09T16:47:12,310405000,,,58.2916,-134.3955,0,0.0,0.0,0,,
2008-07-09T16:44:57,310405000,,,58.2916,-134.3955,143,143.0,0.0,5,,
2008-07-09T16:41:57,310405000,,,58.29161667,-134.3955,143,143.0,0.0,5,,
2008-07-09T16:41:10,310405000,,,58.29161667,-134.3954833,0,0.0,0.0,0,,
2008-07-09T16:38:53,310405000,,,58.29161667,-134.3954833,143,206.4,0.2,5,,
2008-07-09T16:35:55,310405000,,,58.29161667,-134.3955,143,143.0,0.0,5,,
2008-07-09T16:35:07,310405000,,,58.29161667,-134.3954833,0,0.0,0.0,0,,
2008-07-09T16:32:54,310405000,,,58.29161667,-134.3954833,143,143.0,0.0,5,,
2008-07-09T16:29:50,310405000,,,58.29161667,-134.3955,143,143.0,0.0,5,,
2008-07-09T16:29:10,310405000,,,58.29161667,-134.3955,0,0.0,0.0,0,,
2008-07-09T16:26:50,310405000,,,58.29161667,-134.3955,143,143.0,0.0,5,,
2008-07-09T16:23:49,310405000,,,58.29161667,-134.3955,143,143.0,0.0,5,,
2008-07-09T16:23:09,310405000,,,58.29161667,-134.3955,0,0.0,0.0,0,,
2008-07-09T16:20:47,310405000,,,58.29161667,-134.3955,143,143.0,0.0,5,,
2008-07-09T16:17:47,310405000,,,58.29161667,-134.3954833,143,143.0,0.0,5,,
2008-07-09T16:17:07,310405000,,,58.29161667,-134.3955,0,0.0,0.0,0,,
2008-07-09T16:14:45,310405000,,,58.29161667,-134.3955,143,143.0,0.0,5,,
2008-07-09T16:11:42,310405000,,,58.29161667,-134.3955,144,144.0,0.0,5,,
2008-07-09T16:11:06,310405000,,,58.2916,-134.3955,0,0.0,0.0,0,,
2008-07-09T16:08:42,310405000,,,58.2916,-134.3955,144,144.0,0.0,5,,
2008-07-09T16:05:41,310405000,,,58.29161667,-134.3955,144,144.0,0.0,5,,
2008-07-09T16:05:07,310405000,,,58.29161667,-134.3955,0,0.0,0.0,0,,
2008-07-09T16:02:38,310405000,,,58.29161667,-134.3955,144,144.0,0.0,5,,
2008-07-09T15:59:38,310405000,,,58.29161667,-134.3955,144,144.0,0.0,5,,
2008-07-09T15:59:06,310405000,,,58.29161667,-134.3955,0,0.0,0.0,0,,
2008-07-09T15:56:36,310405000,,,58.29161667,-134.3955,143,143.0,0.0,5,,
2008-07-09T15:55:13,310405000,,,58.29161667,-134.3954833,143,143.0,0.0,5,,
2008-07-09T15:53:37,310405000,,,58.29161667,-134.3955,143,143.0,0.0,5,,
2008-07-09T15:53:05,310405000,,,58.2855,-134.3865,0,0.0,0.0,0,,
2008-07-09T15:51:31,310405000,,,58.2855,-134.3865,511,360.0,102.3,15,,
2008-07-09T15:50:36,310405000,,,58.29161667,-134.3954833,143,143.0,0.0,5,,
2008-07-09T15:47:09,310405000,,,58.2916,-134.3954833,0,0.0,0.0,0,,
2008-07-09T15:44:31,310405000,,,58.2916,-134.3954833,143,143.0,0.0,5,,
2008-07-09T15:41:31,310405000,,,58.2916,-134.3954833,143,143.0,0.0,5,,
2008-07-09T15:41:06,310405000,,,58.2916,-134.3955,0,0.0,0.0,0,,
2008-07-09T15:38:30,310405000,,,58.2916,-134.3955,143,143.0,0.0,5,,
2008-07-09T15:35:29,310405000,,,58.29161667,-134.3954833,143,143.0,0.0,5,,
2008-07-09T15:35:07,310405000,,,58.29161667,-134.3954833,0,0.0,0.0,0,,
2008-07-09T15:32:25,310405000,,,58.29161667,-134.3954833,143,143.0,0.0,5,,
2008-07-09T15:29:24,310405000,,,58.29161667,-134.3954833,143,143.0,0.0,5,,
2008-07-09T15:29:03,310405000,,,58.29161667,-134.3955,0,0.0,0.0,0,,
2008-07-09T15:26:24,310405000,,,58.29161667,-134.3955,143,143.0,0.0,5,,
2008-07-09T15:23:23,310405000,,,58.29161667,-134.3955,143,143.0,0.0,5,,
2008-07-09T15:23:02,310405000,,,58.29161667,-134.3955,0,0.0,0.0,0,,
2008-07-09T15:20:20,310405000,,,58.29161667,-134.3955,143,143.0,0.0,5,,
2008-07-09T15:17:19,310405000,,,58.29161667,-134.3954833,143,143.0,0.0,5,,
2008-07-09T15:17:02,310405000,,,58.29161667,-134.3955,0,0.0,0.0,0,,
2008-07-09T15:14:18,310405000,,,58.29161667,-134.3955,143,143.0,0.0,5,,
2008-07-09T15:11:17,310405000,,,58.29161667,-134.3954833,143,143.0,0.0,5,,
2008-07-09T15:11:01,310405000,,,58.29161667,-134.3954833,0,0.0,0.0,0,,
2008-07-09T15:08:15,310405000,,,58.29161667,-134.3954833,143,143.0,0.0,5,,
2008-07-09T15:05:15,310405000,,,58.29161667,-134.3954833,143,143.0,0.0,5,,
2008-07-09T15:05:00,310405000,,,58.29161667,-134.3954833,0,0.0,0.0,0,,
2008-07-09T15:02:14,310405000,,,58.29161667,-134.3954833,143,143.0,0.0,5,,
2008-07-09T14:59:11,310405000,,,58.29161667,-134.3954833,143,143.0,0.0,5,,
2008-07-09T14:59:03,310405000,,,58.29161667,-134.3954833,0,0.0,0.0,0,,
2008-07-09T14:56:12,310405000,,,58.29161667,-134.3954833,143,143.0,0.0,5,,
2008-07-09T14:53:11,310405000,,,58.29161667,-134.3955,143,143.0,0.0,5,,
2008-07-09T14:53:02,310405000,,,58.29161667,-134.3954833,0,0.0,0.0,0,,
2008-07-09T14:50:10,310405000,,,58.29161667,-134.3954833,143,143.0,0.0,5,,
2008-07-09T14:47:05,310405000,,,58.29161667,-134.3954667,143,143.0,0.0,5,,
2008-07-09T14:46:58,310405000,,,58.29161667,-134.3954833,0,0.0,0.0,0,,
2008-07-09T14:44:04,310405000,,,58.29161667,-134.3954833,143,143.0,0.0,5,,
2008-07-09T14:41:05,310405000,,,58.29161667,-134.3954667,143,143.0,0.0,5,,
2008-07-09T14:41:01,310405000,,,58.29161667,-134.3954667,0,0.0,0.0,0,,
2008-07-09T14:38:03,310405000,,,58.29161667,-134.3954667,143,143.0,0.0,5,,
2008-07-09T14:35:01,310405000,,,58.29161667,-134.3954833,143,143.0,0.0,5,,
2008-07-09T14:34:57,310405000,,,58.29161667,-134.3954833,0,0.0,0.0,0,,
2008-07-09T14:32:02,310405000,,,58.29161667,-134.3954833,143,143.0,0.0,5,,
2008-07-09T14:28:59,310405000,,,58.29161667,-134.3954833,143,143.0,0.0,5,,
2008-07-09T14:28:59,310405000,,,58.29161667,-134.3954833,0,0.0,0.0,0,,
2008-07-09T14:25:59,310405000,,,58.29161667,-134.3954833,143,143.0,0.0,5,,
2008-07-09T14:22:58,310405000,,,58.29161667,-134.3954833,143,143.0,0.0,5,,
2008-07-09T14:22:55,310405000,,,58.2916,-134.3954833,0,0.0,0.0,0,,
2008-07-09T14:19:53,310405000,,,58.2916,-134.3954833,143,143.0,0.0,5,,
2008-07-09T14:16:57,310405000,,,58.2916,-134.3955,0,0.0,0.0,0,,
2008-07-09T14:16:53,310405000,,,58.2916,-134.3955,143,143.0,0.0,5,,
2008-07-09T14:13:51,310405000,,,58.29161667,-134.3955,143,143.0,0.0,5,,
2008-07-09T14:10:59,310405000,,,58.29161667,-134.3955,0,0.0,0.0,0,,
2008-07-09T14:10:53,310405000,,,58.29161667,-134.3955,143,143.0,0.0,5,,
2008-07-09T14:07:49,310405000,,,58.29161667,-134.3955,143,143.0,0.0,5,,
2008-07-09T14:04:59,310405000,,,58.2916,-134.3955,0,0.0,0.0,0,,
2008-07-09T14:04:49,310405000,,,58.2916,-134.3955,143,143.0,0.0,5,,
2008-07-09T14:01:46,310405000,,,58.2916,-134.3955,144,144.0,0.0,5,,
2008-07-09T14:00:56,310405000,,,58.29161667,-134.3955333,144,144.0,0.0,5,,
2008-07-09T13:58:54,310405000,,,58.2916,-134.3955,0,0.0,0.0,0,,
2008-07-09T13:58:47,310405000,,,58.2916,-134.3955,144,144.0,0.0,5,,
2008-07-09T13:52:55,310405000,,,58.29161667,-134.3955,0,0.0,0.0,0,,
2008-07-09T13:52:42,310405000,,,58.29161667,-134.3955,144,144.0,0.0,5,,
2008-07-09T13:49:42,310405000,,,58.29161667,-134.3954833,144,144.0,0.0,5,,
2008-07-09T13:46:52,310405000,,,58.29161667,-134.3955,0,0.0,0.0,0,,
2008-07-09T13:46:40,310405000,,,58.29161667,-134.3955,144,144.0,0.0,5,,
2008-07-09T13:43:40,310405000,,,58.29161667,-134.3954833,144,144.0,0.0,5,,
2008-07-09T13:40:55,310405000,,,58.29161667,-134.3954833,0,0.0,0.0,0,,
2008-07-09T13:40:37,310405000,,,58.29161667,-134.3954833,144,144.0,0.0,5,,
2008-07-09T13:37:36,310405000,,,58.29161667,-134.3955,144,144.0,0.0,5,,
2008-07-09T13:34:51,310405000,,,58.29161667,-134.3954833,0,0.0,0.0,0,,
2008-07-09T13:34:34,310405000,,,58.29161667,-134.3954833,144,54.0,0.1,5,,
2008-07-09T13:32:21,310405000,,,58.29163333,-134.3955483,145,118.4,0.2,5,,
2008-07-09T13:32:10,310405000,,,58.29163333,-134.3955667,145,144.0,0.1,5,,
2008-07-09T13:32:02,310405000,,,58.29163167,-134.3955667,144,207.4,0.2,5,,
2008-07-09T13:31:51,310405000,,,58.29165,-134.3955667,144,144.0,0.2,5,,
2008-07-09T13:31:42,310405000,,,58.29165,-134.3955833,143,143.0,0.1,5,,
2008-07-09T13:31:32,310405000,,,58.29165,-134.3955817,143,97.9,0.1,5,,
2008-07-09T13:31:21,310405000,,,58.29165,-134.3955983,144,117.4,0.2,5,,
2008-07-09T13:31:10,310405000,,,58.29166667,-134.3956167,143,144.0,0.1,5,,
2008-07-09T13:31:02,310405000,,,58.29166667,-134.3956333,143,188.0,0.1,5,,
2008-07-09T13:30:51,310405000,,,58.291665,-134.3956333,143,206.4,0.2,5,,
2008-07-09T13:30:42,310405000,,,58.29168167,-134.3956167,142,205.4,0.2,5,,
2008-07-09T13:30:32,310405000,,,58.29169833,-134.3956167,141,167.5,0.2,5,,
2008-07-09T13:30:20,310405000,,,58.2917,-134.395615,141,114.4,0.2,5,,
2008-07-09T13:30:10,310405000,,,58.2917,-134.3956317,140,76.5,0.2,5,,
2008-07-09T13:30:01,310405000,,,58.2917,-134.3956483,140,113.4,0.2,5,,
2008-07-09T13:29:51,310405000,,,58.29171667,-134.395665,140,140.0,0.2,5,,
2008-07-09T13:29:42,310405000,,,58.291715,-134.3956667,140,166.5,0.2,5,,
2008-07-09T13:29:32,310405000,,,58.291715,-134.3956667,139,184.0,0.3,5,,
2008-07-09T13:29:20,310405000,,,58.29173167,-134.3956667,138,183.0,0.3,5,,
2008-07-09T13:29:10,310405000,,,58.29175,-134.395665,138,119.5,0.3,5,,
2008-07-09T13:29:01,310405000,,,58.29175,-134.3956817,138,119.5,0.3,5,,
2008-07-09T13:28:52,310405000,,,58.29176667,-134.3957133,0,0.0,0.0,0,,
2008-07-09T13:28:50,310405000,,,58.29176667,-134.3957133,138,123.9,0.4,5,,
2008-07-09T13:28:42,310405000,,,58.291765,-134.39573,0,0.0,0.0,0,,
2008-07-09T13:28:42,310405000,,,58.291765,-134.39573,138,123.9,0.4,5,,
2008-07-09T13:28:32,310405000,,,58.29178167,-134.395765,138,138.0,0.4,5,,
2008-07-09T13:28:25,310405000,,,58.29179833,-134.3957967,0,0.0,0.0,0,,
2008-07-09T13:28:20,310405000,,,58.29179833,-134.3957967,138,138.0,0.5,0,,
2008-07-09T13:28:10,310405000,,,58.291815,-134.3958317,138,149.3,0.5,0,,
2008-07-09T13:28:01,310405000,,,58.29183167,-134.3958467,138,138.0,0.5,0,,
2008-07-09T13:27:50,310405000,,,58.29184833,-134.3958817,137,137.0,0.4,0,,
2008-07-09T13:27:42,310405000,,,58.291865,-134.3958983,137,146.4,0.6,0,,
2008-07-09T13:27:31,310405000,,,58.29189833,-134.3959317,136,154.4,0.6,0,,
2008-07-09T13:27:20,310405000,,,58.291915,-134.3959483,135,153.4,0.6,0,,
2008-07-09T13:27:12,310405000,,,58.29194833,-134.3959633,134,134.0,0.6,0,,
2008-07-09T13:27:01,310405000,,,58.291965,-134.3960133,134,124.5,0.6,0,,
2008-07-09T13:26:50,310405000,,,58.29198167,-134.396045,133,117.0,0.7,0,,
2008-07-09T13:26:42,310405000,,,58.29199833,-134.396095,133,117.0,0.7,0,,
2008-07-09T13:26:31,310405000,,,58.292015,-134.3961617,132,116.0,0.7,0,,
2008-07-09T13:26:22,310405000,,,58.29203167,-134.3962117,132,116.0,0.7,0,,
2008-07-09T13:26:12,310405000,,,58.29204833,-134.3962633,132,132.0,0.7,0,,
2008-07-09T13:26:01,310405000,,,58.292065,-134.3963133,131,131.0,0.7,0,,
2008-07-09T13:25:54,310405000,,,58.29209833,-134.3963633,0,0.0,0.0,0,,
2008-07-09T13:25:50,310405000,,,58.29209833,-134.3963633,130,130.0,0.7,0,,
2008-07-09T13:25:42,310405000,,,58.292115,-134.396395,130,130.0,0.8,0,,
2008-07-09T13:25:31,310405000,,,58.29213167,-134.3964617,129,121.8,0.8,0,,
2008-07-09T13:25:22,310405000,,,58.292165,-134.3965117,128,120.8,0.8,0,,
2008-07-09T13:25:12,310405000,,,58.292165,-134.3965617,127,120.6,0.9,0,,
2008-07-09T13:25:01,310405000,,,58.29219833,-134.396645,126,126.0,1.0,0,,
2008-07-09T13:24:50,310405000,,,58.29223167,-134.39671,125,114.6,1.1,0,,
2008-07-09T13:24:42,310405000,,,58.29224833,-134.3967767,125,113.6,1.1,0,,
2008-07-09T13:24:31,310405000,,,58.29228167,-134.3968933,124,114.5,1.2,0,,
2008-07-09T13:24:22,310405000,,,58.29229833,-134.3969767,123,123.0,1.2,0,,
2008-07-09T13:24:12,310405000,,,58.29233167,-134.39706,122,117.2,1.2,0,,
2008-07-09T13:24:01,310405000,,,58.292365,-134.3971583,121,112.2,1.3,0,,
2008-07-09T13:23:50,310405000,,,58.29238167,-134.397275,120,111.2,1.3,0,,
2008-07-09T13:23:42,310405000,,,58.292415,-134.397375,120,115.9,1.4,0,,
2008-07-09T13:23:31,310405000,,,58.29243167,-134.3974917,119,106.9,1.4,0,,
2008-07-09T13:23:22,310405000,,,58.29244833,-134.39759,118,106.6,1.5,0,,
2008-07-09T13:23:12,310405000,,,58.29248167,-134.3977067,118,114.1,1.5,0,,
2008-07-09T13:23:01,310405000,,,58.292515,-134.39784,117,113.1,1.5,0,,
2008-07-09T13:22:50,310405000,,,58.29254833,-134.3979733,116,108.8,1.6,0,,
2008-07-09T13:22:42,310405000,,,58.292565,-134.3980733,116,108.8,1.6,0,,
2008-07-09T13:22:31,310405000,,,58.29258167,-134.3982217,115,104.9,1.7,0,,
2008-07-09T13:22:22,310405000,,,58.292615,-134.398355,115,108.2,1.7,0,,
2008-07-09T13:22:12,310405000,,,58.29263,-134.39849,114,114.0,1.7,0,,
2008-07-09T13:22:01,310405000,,,58.29266333,-134.3986217,113,113.0,1.8,0,,
2008-07-09T13:21:50,310405000,,,58.29271333,-134.3987883,113,116.1,1.8,0,,
2008-07-09T13:21:41,310405000,,,58.29274667,-134.3989217,112,115.0,1.9,0,,
2008-07-09T13:21:31,310405000,,,58.29278167,-134.3990717,111,111.0,1.9,0,,
2008-07-09T13:21:22,310405000,,,58.292815,-134.3992367,111,105.2,2.0,0,,
2008-07-09T13:21:12,310405000,,,58.29283167,-134.3993867,111,105.2,2.0,0,,
2008-07-09T13:21:01,310405000,,,58.292865,-134.39957,111,105.2,2.0,0,,
2008-07-09T13:20:50,310405000,,,58.29288167,-134.399755,111,108.1,2.0,0,,
2008-07-09T13:20:41,310405000,,,58.292915,-134.399905,112,109.1,2.0,0,,
2008-07-09T13:20:31,310405000,,,58.29293167,-134.4000883,112,109.2,2.1,0,,
2008-07-09T13:20:22,310405000,,,58.29296333,-134.4002383,111,111.0,2.1,0,,
2008-07-09T13:20:12,310405000,,,58.29299833,-134.400405,111,111.0,2.1,0,,
2008-07-09T13:20:02,310405000,,,58.29303167,-134.4005717,111,108.2,2.1,0,,
2008-07-09T13:19:52,310405000,,,58.293065,-134.4007533,0,0.0,0.0,0,,
2008-07-09T13:19:50,310405000,,,58.293065,-134.4007533,110,104.5,2.1,0,,
2008-07-09T13:19:41,310405000,,,58.29308167,-134.4009367,110,99.2,2.1,0,,
2008-07-09T13:19:31,310405000,,,58.29309833,-134.40112,110,101.8,2.1,0,,
2008-07-09T13:19:20,310405000,,,58.29313167,-134.40132,110,99.2,2.1,0,,
2008-07-09T13:19:12,310405000,,,58.29313167,-134.40147,110,98.6,2.0,0,,
2008-07-09T13:19:01,310405000,,,58.29314833,-134.4016383,110,97.4,1.8,0,,
2008-07-09T13:18:50,310405000,,,58.29316667,-134.4018383,110,96.7,1.7,0,,
2008-07-09T13:18:41,310405000,,,58.29318167,-134.4019733,109,102.2,1.7,0,,
2008-07-09T13:18:31,310405000,,,58.29319833,-134.4021233,108,104.4,1.6,0,,
2008-07-09T13:18:20,310405000,,,58.293215,-134.4022567,106,102.4,1.6,0,,
2008-07-09T13:18:12,310405000,,,58.29323167,-134.4023733,105,104.0,1.5,0,,
2008-07-09T13:18:01,310405000,,,58.293265,-134.4025067,103,98.1,1.5,0,,
2008-07-09T13:17:50,310405000,,,58.29328167,-134.4026583,100,100.0,1.4,0,,
2008-07-09T13:17:41,310405000,,,58.29329833,-134.402775,98,93.9,1.4,0,,
2008-07-09T13:17:38,310405000,,,58.2933,-134.4028083,98,92.9,1.4,0,,
2008-07-09T13:17:35,310405000,,,58.2933,-134.4028417,97,92.9,1.4,0,,
2008-07-09T13:17:31,310405000,,,58.2933,-134.4028917,96,91.9,1.4,0,,
2008-07-09T13:17:28,310405000,,,58.2933,-134.402925,95,90.9,1.4,0,,
2008-07-09T13:17:25,310405000,,,58.29331667,-134.4029583,94,89.9,1.4,0,,
2008-07-09T13:17:20,310405000,,,58.29331667,-134.403025,94,88.9,1.4,0,,
2008-07-09T13:17:18,310405000,,,58.29331667,-134.4030583,93,88.9,1.4,0,,
2008-07-09T13:17:14,310405000,,,58.29331667,-134.4030917,92,87.9,1.4,0,,
2008-07-09T13:17:12,310405000,,,58.29331667,-134.403125,92,86.9,1.4,0,,
2008-07-09T13:17:08,310405000,,,58.29331667,-134.403175,90,85.6,1.3,0,,
2008-07-09T13:17:05,310405000,,,58.29331667,-134.4032083,90,85.6,1.3,0,,
2008-07-09T13:17:01,310405000,,,58.29331667,-134.4032417,89,84.6,1.3,0,,
2008-07-09T13:16:58,310405000,,,58.29331667,-134.4032917,88,83.6,1.3,0,,
2008-07-09T13:16:54,310405000,,,58.29331667,-134.4033417,87,82.6,1.3,0,,
2008-07-09T13:16:50,310405000,,,58.29331667,-134.403375,86,81.6,1.3,0,,
2008-07-09T13:16:48,310405000,,,58.29331667,-134.4034083,85,80.6,1.3,0,,
2008-07-09T13:16:45,310405000,,,58.29331667,-134.4034417,85,80.6,1.3,0,,
2008-07-09T13:16:41,310405000,,,58.29331667,-134.4034917,83,78.6,1.3,0,,
2008-07-09T13:16:38,310405000,,,58.29331667,-134.4035083,83,83.0,1.3,0,,
2008-07-09T13:16:35,310405000,,,58.29331667,-134.4035583,82,77.6,1.3,0,,
2008-07-09T13:16:31,310405000,,,58.29331667,-134.4035917,81,76.6,1.3,0,,
2008-07-09T13:16:28,310405000,,,58.29331667,-134.403625,80,75.6,1.3,0,,
2008-07-09T13:16:25,310405000,,,58.29331667,-134.40366,79,74.6,1.3,0,,
2008-07-09T13:16:20,310405000,,,58.29331667,-134.4037083,78,77.0,1.3,0,,
2008-07-09T13:16:18,310405000,,,58.29331667,-134.403725,77,77.0,1.3,0,,
2008-07-09T13:16:15,310405000,,,58.29331667,-134.403775,76,76.0,1.3,0,,
2008-07-09T13:16:12,310405000,,,58.29331667,-134.4038083,75,79.3,1.3,0,,
2008-07-09T13:16:08,310405000,,,58.29331667,-134.4038583,74,77.3,1.3,0,,
2008-07-09T13:16:05,310405000,,,58.29331667,-134.4038917,73,76.3,1.3,0,,
2008-07-09T13:16:01,310405000,,,58.2933,-134.4039417,71,75.3,1.3,0,,
2008-07-09T13:15:58,310405000,,,58.2933,-134.403975,70,74.0,1.4,0,,
2008-07-09T13:15:55,310405000,,,58.2933,-134.4040083,69,72.0,1.4,0,,
2008-07-09T13:15:50,310405000,,,58.2933,-134.404075,67,70.0,1.4,0,,
2008-07-09T13:15:48,310405000,,,58.2933,-134.4040917,66,69.0,1.4,0,,
2008-07-09T13:15:45,310405000,,,58.2933,-134.404125,65,72.1,1.4,0,,
2008-07-09T13:15:42,310405000,,,58.2933,-134.404175,63,70.5,1.5,0,,
2008-07-09T13:15:38,310405000,,,58.293285,-134.4042083,62,69.5,1.5,0,,
2008-07-09T13:15:35,310405000,,,58.293285,-134.4042583,60,63.8,1.5,0,,
2008-07-09T13:15:31,310405000,,,58.293285,-134.4043083,59,61.5,1.6,0,,
2008-07-09T13:15:28,310405000,,,58.29326833,-134.4043583,57,60.5,1.6,0,,
2008-07-09T13:15:25,310405000,,,58.29326833,-134.4043917,56,59.5,1.6,0,,
2008-07-09T13:15:20,310405000,,,58.29325167,-134.4044583,54,60.7,1.7,0,,
2008-07-09T13:15:18,310405000,,,58.29325167,-134.404475,53,59.7,1.7,0,,
2008-07-09T13:15:15,310405000,,,58.293235,-134.40454,51,57.3,1.8,0,,
2008-07-09T13:15:12,310405000,,,58.293235,-134.4045733,50,55.3,1.8,0,,
2008-07-09T13:15:08,310405000,,,58.29321833,-134.4046233,48,54.3,1.8,0,,
2008-07-09T13:15:05,310405000,,,58.29322,-134.4046733,47,53.0,1.9,0,,
2008-07-09T13:15:01,310405000,,,58.29318667,-134.40474,44,52.9,1.9,0,,
2008-07-09T13:14:59,310405000,,,58.29318667,-134.4047733,43,51.5,2.0,0,,
2008-07-09T13:14:55,310405000,,,58.29317,-134.4048233,42,53.3,2.0,0,,
2008-07-09T13:14:52,310405000,,,58.29315333,-134.4048883,40,52.3,2.2,0,,
2008-07-09T13:14:48,310405000,,,58.29313667,-134.4049383,38,52.9,2.2,0,,
2008-07-09T13:14:46,310405000,,,58.29312,-134.4049717,36,51.2,2.3,0,,
2008-07-09T13:14:42,310405000,,,58.29310333,-134.4050383,35,49.2,2.3,0,,
2008-07-09T13:14:39,310405000,,,58.29308667,-134.405105,33,46.6,2.4,0,,
2008-07-09T13:14:35,310405000,,,58.29307167,-134.4051717,30,44.6,2.4,0,,
2008-07-09T13:14:31,310405000,,,58.29303833,-134.4052567,29,42.0,2.5,0,,
2008-07-09T13:14:28,310405000,,,58.29302167,-134.4053067,27,40.0,2.5,0,,
2008-07-09T13:14:25,310405000,,,58.29298833,-134.4053567,25,38.4,2.6,0,,
2008-07-09T13:14:20,310405000,,,58.29294,-134.40544,23,34.9,2.7,0,,
2008-07-09T13:14:18,310405000,,,58.29292333,-134.4054733,22,33.9,2.7,0,,
2008-07-09T13:14:15,310405000,,,58.29290667,-134.4055233,19,31.5,2.8,0,,
2008-07-09T13:14:12,310405000,,,58.29287333,-134.4055733,18,30.5,2.8,0,,
2008-07-09T13:14:08,310405000,,,58.29282333,-134.405625,16,28.0,2.9,0,,
2008-07-09T13:14:05,310405000,,,58.29279167,-134.4056733,15,25.6,3.0,0,,
2008-07-09T13:14:01,310405000,,,58.29275833,-134.405725,12,23.3,3.1,0,,
2008-07-09T13:13:58,310405000,,,58.29270833,-134.405775,11,22.3,3.1,0,,
2008-07-09T13:13:55,310405000,,,58.292675,-134.4058083,9,19.9,3.2,0,,
2008-07-09T13:13:53,310405000,,,58.29264167,-134.4058433,0,0.0,0.0,0,,
2008-07-09T13:13:52,310405000,,,58.29264167,-134.4058433,8,18.9,3.2,0,,
2008-07-09T13:13:48,310405000,,,58.292575,-134.4058933,6,16.6,3.3,0,,
2008-07-09T13:13:45,310405000,,,58.29254333,-134.4059267,5,14.6,3.3,0,,
2008-07-09T13:13:42,310405000,,,58.29249333,-134.4059617,4,13.3,3.4,0,,
2008-07-09T13:13:38,310405000,,,58.29246,-134.4059783,2,12.0,3.5,0,,
2008-07-09T13:13:34,310405000,,,58.29239333,-134.4060117,0,10.0,3.5,0,,
2008-07-09T13:13:31,310405000,,,58.29232667,-134.406045,359,8.0,3.5,0,,
2008-07-09T13:13:27,310405000,,,58.29229333,-134.4060633,357,6.7,3.6,0,,
2008-07-09T13:13:25,310405000,,,58.29226,-134.40608,356,5.7,3.6,0,,
2008-07-09T13:13:20,310405000,,,58.29217667,-134.406115,354,1.9,3.6,0,,
2008-07-09T13:13:19,310405000,,,58.29214333,-134.406115,353,0.9,3.6,0,,
2008-07-09T13:13:14,310405000,,,58.29207667,-134.4061317,352,359.6,3.7,0,,
2008-07-09T13:13:12,310405000,,,58.29204333,-134.4061317,351,358.6,3.7,0,,
2008-07-09T13:13:01,310405000,,,58.29182667,-134.4061517,347,353.0,3.8,0,,
2008-07-09T13:12:52,310405000,,,58.29166,-134.40612,344,349.7,4.0,0,,
2008-07-09T13:12:42,310405000,,,58.29149333,-134.40607,342,346.7,4.0,0,,
2008-07-09T13:12:31,310405000,,,58.29129333,-134.40599,339,341.7,4.2,0,,
2008-07-09T13:12:21,310405000,,,58.29111,-134.4058733,338,338.3,4.3,0,,
2008-07-09T13:12:12,310405000,,,58.29094333,-134.4057583,336,336.0,4.3,0,,
2008-07-09T13:12:01,310405000,,,58.29072667,-134.4055917,336,336.0,4.4,0,,
2008-07-09T13:11:52,310405000,,,58.29057667,-134.4054583,335,333.7,4.5,0,,
2008-07-09T13:11:42,310405000,,,58.29041,-134.40531,335,333.7,4.5,0,,
2008-07-09T13:11:32,310405000,,,58.29019333,-134.4051083,335,333.7,4.6,0,,
2008-07-09T13:11:21,310405000,,,58.29001,-134.4049417,335,333.7,4.6,0,,
2008-07-09T13:11:12,310405000,,,58.289825,-134.404775,335,333.7,4.6,0,,
2008-07-09T13:11:01,310405000,,,58.28960833,-134.4045583,335,333.7,4.7,0,,
2008-07-09T13:10:52,310405000,,,58.28942667,-134.4044083,335,333.7,4.7,0,,
2008-07-09T13:10:41,310405000,,,58.28921,-134.4042083,335,333.8,4.8,0,,
2008-07-09T13:10:32,310405000,,,58.28902667,-134.4040417,335,333.8,4.8,0,,
2008-07-09T13:10:21,310405000,,,58.28881,-134.4038417,335,333.8,4.9,0,,
2008-07-09T13:10:12,310405000,,,58.28862667,-134.403675,335,333.8,4.9,0,,
2008-07-09T13:10:01,310405000,,,58.28841,-134.4034767,335,333.8,4.9,0,,
2008-07-09T13:09:52,310405000,,,58.28822667,-134.4032917,335,332.6,4.9,0,,
2008-07-09T13:09:41,310405000,,,58.28799333,-134.4030933,335,332.6,4.9,0,,
2008-07-09T13:09:32,310405000,,,58.28781,-134.4029083,335,332.6,4.9,0,,
2008-07-09T13:09:21,310405000,,,58.28759167,-134.4026917,335,332.6,4.9,0,,
2008-07-09T13:09:11,310405000,,,58.28739167,-134.4024933,335,332.6,4.9,0,,
2008-07-09T13:09:01,310405000,,,58.28719167,-134.4022933,334,330.4,4.9,0,,
2008-07-09T13:08:52,310405000,,,58.28701,-134.40211,334,330.5,5.0,0,,
2008-07-09T13:08:41,310405000,,,58.28679333,-134.4018767,333,330.7,5.0,0,,
2008-07-09T13:08:32,310405000,,,58.28660833,-134.4016933,332,329.7,5.0,0,,
2008-07-09T13:08:21,310405000,,,58.28639167,-134.4014767,331,328.7,5.0,0,,
2008-07-09T13:08:11,310405000,,,58.28620833,-134.40126,329,326.7,5.1,0,,
2008-07-09T13:08:01,310405000,,,58.28600833,-134.4010267,327,324.7,5.1,0,,
2008-07-09T13:07:50,310405000,,,58.28579167,-134.4007617,325,322.7,5.1,0,,
2008-07-09T13:07:50,310405000,,,58.28559167,-134.400495,0,0.0,0.0,0,,
2008-07-09T13:07:41,310405000,,,58.28559167,-134.400495,324,322.8,5.1,0,,
2008-07-09T13:07:30,310405000,,,58.28539167,-134.400195,322,320.8,5.1,0,,
2008-07-09T13:07:21,310405000,,,58.285225,-134.399945,320,318.8,5.1,0,,
2008-07-09T13:07:11,310405000,,,58.28504167,-134.3996633,318,318.0,5.1,0,,
2008-07-09T13:07:01,310405000,,,58.28485667,-134.3993633,316,316.0,5.2,0,,
2008-07-09T13:06:50,310405000,,,58.28469,-134.3990467,314,314.0,5.2,0,,
2008-07-09T13:06:41,310405000,,,58.28450667,-134.39873,312,312.0,5.3,0,,
2008-07-09T13:06:30,310405000,,,58.28434,-134.3983983,311,311.0,5.3,0,,
2008-07-09T13:06:21,310405000,,,58.28420667,-134.3980817,310,309.0,5.3,0,,
2008-07-09T13:06:11,310405000,,,58.28404,-134.3977317,309,309.0,5.4,0,,
2008-07-09T13:06:01,310405000,,,58.28385667,-134.397315,308,308.0,5.4,0,,
2008-07-09T13:05:50,310405000,,,58.28369,-134.3969,307,307.0,5.4,0,,
2008-07-09T13:05:41,310405000,,,58.28355667,-134.3965667,307,307.0,5.5,0,,
2008-07-09T13:05:30,310405000,,,58.28339,-134.39615,306,306.0,5.5,0,,
2008-07-09T13:05:23,310405000,,,58.28325667,-134.3957983,0,0.0,0.0,0,,
2008-07-09T13:05:21,310405000,,,58.28325667,-134.3957983,306,306.0,5.5,0,,
2008-07-09T13:05:10,310405000,,,58.28310667,-134.395415,306,306.0,5.5,0,,
2008-07-09T13:05:01,310405000,,,58.28295667,-134.3950167,305,306.0,5.5,0,,
2008-07-09T13:04:50,310405000,,,58.28280667,-134.3946333,305,306.0,5.5,0,,
2008-07-09T13:04:41,310405000,,,58.28265667,-134.3942333,304,304.0,5.5,0,,
2008-07-09T13:04:30,310405000,,,58.28250667,-134.3938333,304,305.0,5.5,0,,
2008-07-09T13:04:21,310405000,,,58.282355,-134.3934483,304,304.0,5.5,0,,
2008-07-09T13:04:10,310405000,,,58.282205,-134.393,303,304.0,5.6,0,,
2008-07-09T13:04:01,310405000,,,58.28207167,-134.3926333,303,301.9,5.6,0,,
2008-07-09T13:03:50,310405000,,,58.28192167,-134.3922333,303,303.0,5.6,0,,
2008-07-09T13:03:41,310405000,,,58.28178833,-134.3918167,303,304.0,5.7,0,,
2008-07-09T13:03:32,310405000,,,58.281655,-134.3914483,303,303.0,5.7,0,,
2008-07-09T13:03:21,310405000,,,58.281505,-134.3910317,303,304.0,5.7,0,,
2008-07-09T13:03:10,310405000,,,58.28133833,-134.3905667,303,303.0,5.8,0,,
2008-07-09T13:03:01,310405000,,,58.281205,-134.39015,303,303.9,5.8,0,,
2008-07-09T13:02:50,310405000,,,58.28104,-134.3897167,303,303.0,5.9,0,,
2008-07-09T13:02:41,310405000,,,58.28089,-134.38925,303,303.0,5.9,0,,
2008-07-09T13:02:32,310405000,,,58.28074,-134.3888683,303,303.9,6.0,0,,
2008-07-09T13:02:21,310405000,,,58.28059,-134.3884333,303,303.9,6.0,0,,
2008-07-09T13:02:10,310405000,,,58.28044,-134.3879833,303,303.9,6.1,0,,
2008-07-09T13:02:01,310405000,,,58.28029,-134.38755,303,303.9,6.1,0,,
2008-07-09T13:01:52,310405000,,,58.28014,-134.38715,303,303.9,6.1,0,,
2008-07-09T13:01:41,310405000,,,58.27997333,-134.38665,303,303.9,6.2,0,,
2008-07-09T13:01:32,310405000,,,58.27982167,-134.38625,303,303.9,6.3,0,,
2008-07-09T13:01:21,310405000,,,58.279655,-134.3857983,303,303.9,6.3,0,,
2008-07-09T13:01:10,310405000,,,58.27949,-134.3853,303,303.8,6.4,0,,
2008-07-09T13:01:01,310405000,,,58.27932167,-134.3848317,303,303.8,6.4,0,,
2008-07-09T13:00:52,310405000,,,58.27917167,-134.384415,303,303.8,6.5,0,,
2008-07-09T13:00:41,310405000,,,58.27898833,-134.3838983,303,303.8,6.5,0,,
2008-07-09T13:00:32,310405000,,,58.27882167,-134.383465,303,304.7,6.6,0,,
2008-07-09T13:00:21,310405000,,,58.27863833,-134.3829483,304,305.7,6.6,0,,
2008-07-09T13:00:12,310405000,,,58.27848833,-134.382515,304,305.7,6.7,0,,
2008-07-09T13:00:01,310405000,,,58.27828833,-134.3819967,304,305.7,6.7,0,,
2008-07-09T12:59:52,310405000,,,58.27812167,-134.3815467,304,304.8,6.8,0,,
2008-07-09T12:59:41,310405000,,,58.27792167,-134.3810133,305,305.8,6.9,0,,
2008-07-09T12:59:32,310405000,,,58.277755,-134.38058,306,306.8,7.0,0,,
2008-07-09T12:59:21,310405000,,,58.27757167,-134.38008,307,307.0,7.0,0,,
2008-07-09T12:59:12,310405000,,,58.27737167,-134.3795967,308,308.0,7.1,0,,
2008-07-09T12:59:00,310405000,,,58.27713833,-134.378995,309,309.0,7.1,0,,
2008-07-09T12:58:52,310405000,,,58.27697167,-134.3786133,309,309.0,7.1,0,,
2008-07-09T12:58:42,310405000,,,58.27677167,-134.3781133,310,310.0,7.2,0,,
2008-07-09T12:58:32,310405000,,,58.276555,-134.37763,311,311.0,7.2,0,,
2008-07-09T12:58:20,310405000,,,58.27632167,-134.3771117,311,311.0,7.2,0,,
2008-07-09T12:58:12,310405000,,,58.27612167,-134.3766783,311,311.0,7.3,0,,
2008-07-09T12:58:00,310405000,,,58.27588833,-134.376145,311,311.0,7.3,0,,
2008-07-09T12:57:52,310405000,,,58.275705,-134.3757617,311,311.0,7.3,0,,
2008-07-09T12:57:42,310405000,,,58.27548833,-134.3752783,311,311.0,7.4,0,,
2008-07-09T12:57:32,310405000,,,58.27523833,-134.374745,311,311.0,7.4,0,,
2008-07-09T12:57:20,310405000,,,58.27497167,-134.374145,311,311.0,7.4,0,,
2008-07-09T12:57:12,310405000,,,58.27478833,-134.3737617,311,310.2,7.5,0,,
2008-07-09T12:57:00,310405000,,,58.27453833,-134.3732117,311,311.0,7.5,0,,
2008-07-09T12:56:52,310405000,,,58.27433833,-134.3727617,311,311.0,7.6,0,,
2008-07-09T12:56:42,310405000,,,58.274105,-134.3722617,311,311.0,7.7,0,,
2008-07-09T12:56:32,310405000,,,58.27387167,-134.371745,311,311.0,7.8,0,,
2008-07-09T12:56:20,310405000,,,58.273605,-134.3711783,311,311.0,7.8,0,,
2008-07-09T12:56:12,310405000,,,58.27342167,-134.37076,311,311.0,7.9,0,,
2008-07-09T12:56:00,310405000,,,58.27313833,-134.3701433,311,311.0,8.0,0,,
2008-07-09T12:55:52,310405000,,,58.27293833,-134.3697267,311,311.0,8.0,0,,
2008-07-09T12:55:51,310405000,,,58.27267167,-134.3691433,0,0.0,0.0,0,,
2008-07-09T12:55:42,310405000,,,58.27267167,-134.3691433,311,311.0,8.1,0,,
2008-07-09T12:55:32,310405000,,,58.27242167,-134.36861,311,311.0,8.2,0,,
2008-07-09T12:55:20,310405000,,,58.272155,-134.36801,311,311.0,8.3,0,,
2008-07-09T12:55:12,310405000,,,58.27192167,-134.3675267,311,311.0,8.4,0,,
2008-07-09T12:55:01,310405000,,,58.27167167,-134.3669767,311,311.0,8.4,0,,
2008-07-09T12:54:52,310405000,,,58.271405,-134.3664267,311,311.0,8.5,0,,
2008-07-09T12:54:41,310405000,,,58.27112167,-134.3657933,311,311.0,8.6,0,,
2008-07-09T12:54:32,310405000,,,58.27088833,-134.3652933,311,309.6,8.8,0,,
2008-07-09T12:54:20,310405000,,,58.27060333,-134.3646583,311,311.6,8.8,0,,
2008-07-09T12:54:16,310405000,,,58.26962167,-134.3625433,0,0.0,0.0,0,,
2008-07-09T12:54:11,310405000,,,58.26962167,-134.3625433,311,311.0,8.9,0,,
2008-07-09T12:54:01,310405000,,,58.26962167,-134.3625433,311,311.0,9.0,0,,
2008-07-09T12:53:51,310405000,,,58.26962167,-134.3625433,311,311.6,9.0,0,,
2008-07-09T12:53:41,310405000,,,58.269505,-134.3622933,311,311.6,9.1,0,,
2008-07-09T12:53:31,310405000,,,58.26923833,-134.36171,311,312.2,9.2,0,,
2008-07-09T12:53:20,310405000,,,58.26893833,-134.3610933,311,311.6,9.3,0,,
2008-07-09T12:53:11,310405000,,,58.26868667,-134.3605567,311,312.2,9.4,0,,
2008-07-09T12:53:01,310405000,,,58.26840333,-134.35994,311,312.2,9.5,0,,
2008-07-09T12:52:51,310405000,,,58.26810333,-134.3593233,311,312.2,9.5,0,,
2008-07-09T12:52:41,310405000,,,58.26780333,-134.3587067,311,312.2,9.5,0,,
2008-07-09T12:52:31,310405000,,,58.26752,-134.35809,311,311.6,9.5,0,,
2008-07-09T12:52:20,310405000,,,58.26715333,-134.3573567,311,312.2,9.5,0,,
2008-07-09T12:52:11,310405000,,,58.26692,-134.3568567,311,312.2,9.5,0,,
2008-07-09T12:52:01,310405000,,,58.26660333,-134.356175,311,312.8,9.5,0,,
2008-07-09T12:51:51,310405000,,,58.26632,-134.3556233,311,311.6,9.5,0,,
2008-07-09T12:51:41,310405000,,,58.26600333,-134.35494,311,312.2,9.5,0,,
2008-07-09T12:51:31,310405000,,,58.26572,-134.3543233,311,312.2,9.5,0,,
2008-07-09T12:51:20,310405000,,,58.26542,-134.35369,311,311.5,9.6,0,,
2008-07-09T12:51:11,310405000,,,58.26515333,-134.35314,311,313.3,9.6,0,,
2008-07-09T12:51:01,310405000,,,58.26485333,-134.3525233,311,311.0,9.6,0,,
2008-07-09T12:50:51,310405000,,,58.26455333,-134.3518733,311,312.7,9.7,0,,
2008-07-09T12:50:41,310405000,,,58.26422,-134.3512067,311,311.5,9.7,0,,
2008-07-09T12:50:31,310405000,,,58.26392,-134.3505733,311,311.5,9.7,0,,
2008-07-09T12:50:20,310405000,,,58.26358667,-134.3498733,311,312.7,9.7,0,,
2008-07-09T12:50:10,310405000,,,58.26332,-134.3493217,312,312.5,9.7,0,,
2008-07-09T12:50:01,310405000,,,58.26305333,-134.348755,312,313.1,9.8,0,,
2008-07-09T12:49:50,310405000,,,58.26270333,-134.3480717,312,313.1,9.8,0,,
2008-07-09T12:49:41,310405000,,,58.26240167,-134.3474383,312,312.5,9.9,0,,
2008-07-09T12:49:32,310405000,,,58.26215333,-134.3469383,312,312.5,10.0,0,,
2008-07-09T12:49:20,310405000,,,58.26176833,-134.3461717,312,313.1,10.0,0,,
2008-07-09T12:49:10,310405000,,,58.26146833,-134.3455367,312,313.7,9.9,0,,
2008-07-09T12:49:01,310405000,,,58.261135,-134.3449033,312,313.7,9.9,0,,
2008-07-09T12:48:50,310405000,,,58.260785,-134.3442217,312,314.3,9.9,0,,
2008-07-09T12:48:42,310405000,,,58.260535,-134.34372,312,314.2,10.0,0,,
2008-07-09T12:48:32,310405000,,,58.26021833,-134.3430867,312,314.2,10.0,0,,
2008-07-09T12:48:20,310405000,,,58.259835,-134.34232,312,314.2,10.0,0,,
2008-07-09T12:48:17,310405000,,,58.259535,-134.34177,0,0.0,0.0,0,,
2008-07-09T12:48:10,310405000,,,58.259535,-134.34177,312,313.7,10.0,0,,
2008-07-09T12:48:01,310405000,,,58.25926833,-134.3412033,312,313.7,9.9,0,,
2008-07-09T12:47:50,310405000,,,58.25891833,-134.34052,312,313.1,9.9,0,,
2008-07-09T12:47:42,310405000,,,58.25865167,-134.34002,312,313.1,9.9,0,,
2008-07-09T12:47:32,310405000,,,58.258335,-134.3394033,313,314.1,9.9,0,,
2008-07-09T12:47:22,310405000,,,58.25801833,-134.33877,313,313.5,9.9,0,,
2008-07-09T12:47:10,310405000,,,58.25765167,-134.33802,313,313.5,9.8,0,,
2008-07-09T12:47:01,310405000,,,58.257335,-134.3373867,313,313.0,9.9,0,,
2008-07-09T12:46:50,310405000,,,58.256985,-134.3367033,313,313.5,9.9,0,,
2008-07-09T12:46:42,310405000,,,58.256735,-134.3362017,314,313.4,9.8,0,,
2008-07-09T12:46:32,310405000,,,58.256435,-134.3355683,314,314.0,9.8,0,,
2008-07-09T12:46:27,310405000,,,58.25611833,-134.3349517,0,0.0,0.0,0,,
2008-07-09T12:46:22,310405000,,,58.25611833,-134.3349517,314,313.4,9.8,0,,
2008-07-09T12:46:10,310405000,,,58.25508167,-134.3328783,314,313.4,9.8,0,,
2008-07-09T12:46:01,310405000,,,58.25508167,-134.3328783,314,314.0,9.8,0,,
2008-07-09T12:45:50,310405000,,,58.25508167,-134.3328783,314,314.0,9.8,0,,
2008-07-09T12:45:42,310405000,,,58.25488167,-134.33251,314,314.0,9.8,0,,
2008-07-09T12:45:32,310405000,,,58.25454833,-134.3318283,314,314.0,9.8,0,,
2008-07-09T12:45:22,310405000,,,58.254215,-134.3312117,314,314.0,9.8,0,,
2008-07-09T12:45:10,310405000,,,58.25388167,-134.3305283,314,314.0,9.8,0,,
2008-07-09T12:45:01,310405000,,,58.25355,-134.3299167,314,314.0,9.8,0,,
2008-07-09T12:44:51,310405000,,,58.25323333,-134.3293017,314,314.5,9.9,0,,
2008-07-09T12:44:42,310405000,,,58.25298333,-134.3288,314,314.5,9.9,0,,
2008-07-09T12:44:32,310405000,,,58.25261667,-134.3281333,314,314.5,9.9,0,,
2008-07-09T12:44:22,310405000,,,58.2523,-134.3275167,314,314.5,9.9,0,,
2008-07-09T12:44:10,310405000,,,58.25195,-134.326835,314,315.1,10.0,0,,
2008-07-09T12:44:02,310405000,,,58.25165,-134.3262833,314,315.1,10.0,0,,
2008-07-09T12:43:51,310405000,,,58.25130167,-134.3256017,314,315.1,10.0,0,,
2008-07-09T12:43:42,310405000,,,58.25100167,-134.3250367,314,315.1,10.0,0,,
2008-07-09T12:43:30,310405000,,,58.25065167,-134.32437,314,315.1,10.1,0,,
2008-07-09T12:43:21,310405000,,,58.25031833,-134.3237367,314,315.1,10.1,0,,
2008-07-09T12:43:10,310405000,,,58.249985,-134.323105,314,314.5,10.2,0,,
2008-07-09T12:43:02,310405000,,,58.249685,-134.3225533,314,315.1,10.2,0,,
2008-07-09T12:42:51,310405000,,,58.24931833,-134.3218383,314,315.1,10.3,0,,
2008-07-09T12:42:42,310405000,,,58.24905167,-134.3213383,314,315.1,10.4,0,,
2008-07-09T12:42:30,310405000,,,58.248635,-134.320555,314,315.0,10.5,0,,
2008-07-09T12:42:21,310405000,,,58.24830167,-134.3199217,314,315.0,10.6,0,,
2008-07-09T12:42:10,310405000,,,58.24795333,-134.319255,314,315.0,10.7,0,,
2008-07-09T12:42:02,310405000,,,58.24763667,-134.3186733,314,315.0,10.8,0,,
2008-07-09T12:42:01,310405000,,,58.24725333,-134.3179217,0,0.0,0.0,0,,
2008-07-09T12:41:51,310405000,,,58.24725333,-134.3179217,314,315.0,10.9,0,,
2008-07-09T12:41:42,310405000,,,58.24693667,-134.3173233,314,315.0,11.0,0,,
2008-07-09T12:41:30,310405000,,,58.24653833,-134.316575,314,314.5,11.1,0,,
2008-07-09T12:41:26,310405000,,,58.24617,-134.3158917,0,0.0,0.0,0,,
2008-07-09T12:41:21,310405000,,,58.24617,-134.3158917,314,314.5,11.2,0,,
2008-07-09T12:41:10,310405000,,,58.24490667,-134.313495,314,314.5,11.4,0,,
2008-07-09T12:41:02,310405000,,,58.24490667,-134.313495,314,314.5,11.4,0,,
2008-07-09T12:40:51,310405000,,,58.24490667,-134.313495,314,314.4,11.5,0,,
2008-07-09T12:40:41,310405000,,,58.24467333,-134.3130617,314,314.4,11.6,0,,
2008-07-09T12:40:30,310405000,,,58.24427333,-134.3122617,314,314.9,11.6,0,,
2008-07-09T12:40:21,310405000,,,58.24394,-134.3116117,314,314.4,11.7,0,,
2008-07-09T12:40:10,310405000,,,58.24355667,-134.3108783,314,314.4,11.8,0,,
2008-07-09T12:40:02,310405000,,,58.243205,-134.3102117,314,314.9,11.8,0,,
2008-07-09T12:39:51,310405000,,,58.24279,-134.3094117,313,313.4,11.9,0,,
2008-07-09T12:39:41,310405000,,,58.24240667,-134.3086467,313,313.9,11.9,0,,
2008-07-09T12:39:30,310405000,,,58.24202333,-134.307915,313,313.4,11.9,0,,
2008-07-09T12:39:21,310405000,,,58.24164,-134.3071467,313,313.4,12.0,0,,
2008-07-09T12:39:10,310405000,,,58.241225,-134.306315,313,313.4,12.0,0,,
2008-07-09T12:39:01,310405000,,,58.240875,-134.3056317,313,313.4,12.0,0,,
2008-07-09T12:38:51,310405000,,,58.24049,-134.304865,313,313.4,12.0,0,,
2008-07-09T12:38:41,310405000,,,58.24010667,-134.3040983,313,313.4,12.0,0,,
2008-07-09T12:38:30,310405000,,,58.23972333,-134.3033317,313,313.4,12.0,0,,
2008-07-09T12:38:21,310405000,,,58.23934,-134.3025817,313,313.4,12.1,0,,
2008-07-09T12:38:10,310405000,,,58.23895833,-134.3018167,313,313.4,12.1,0,,
2008-07-09T12:38:01,310405000,,,58.238575,-134.30105,313,313.9,12.1,0,,
2008-07-09T12:37:51,310405000,,,58.238175,-134.3002817,313,313.9,12.1,0,,
2008-07-09T12:37:41,310405000,,,58.23775667,-134.2994317,313,313.9,12.2,0,,
2008-07-09T12:37:30,310405000,,,58.23737333,-134.2986817,313,313.4,12.2,0,,
2008-07-09T12:37:21,310405000,,,58.23700667,-134.29798,313,313.9,12.2,0,,
2008-07-09T12:37:10,310405000,,,58.236625,-134.297215,313,313.9,12.1,0,,
2008-07-09T12:37:01,310405000,,,58.23624167,-134.29645,313,313.9,12.1,0,,
2008-07-09T12:36:51,310405000,,,58.23584167,-134.295685,313,313.9,12.1,0,,
2008-07-09T12:36:41,310405000,,,58.23546,-134.2949183,313,313.9,12.1,0,,
2008-07-09T12:36:31,310405000,,,58.23511,-134.294235,313,314.4,12.1,0,,
2008-07-09T12:36:21,310405000,,,58.23467667,-134.2934033,313,313.9,12.0,0,,
2008-07-09T12:36:12,310405000,,,58.23432667,-134.2927217,313,313.9,12.0,0,,
2008-07-09T12:36:01,310405000,,,58.23386167,-134.2918217,313,313.9,12.0,0,,
2008-07-09T12:35:51,310405000,,,58.23351167,-134.2911383,313,313.9,12.0,0,,
2008-07-09T12:35:41,310405000,,,58.233145,-134.29039,313,314.4,12.0,0,,
2008-07-09T12:35:31,310405000,,,58.23274333,-134.2896383,313,314.4,11.9,0,,
2008-07-09T12:35:28,310405000,,,58.23236167,-134.2888883,0,0.0,0.0,0,,
2008-07-09T12:35:21,310405000,,,58.23236167,-134.2888883,313,313.9,11.9,0,,
2008-07-09T12:35:12,310405000,,,58.23201167,-134.2882067,313,313.9,11.9,0,,
2008-07-09T12:35:01,310405000,,,58.231595,-134.28739,313,314.4,11.8,0,,
2008-07-09T12:34:51,310405000,,,58.23121333,-134.2866583,313,314.4,11.8,0,,
2008-07-09T12:34:41,310405000,,,58.23083,-134.285925,313,314.4,11.8,0,,
2008-07-09T12:34:31,310405000,,,58.230445,-134.2851733,313,314.4,11.7,0,,
2008-07-09T12:34:21,310405000,,,58.23007833,-134.28444,313,314.4,11.7,0,,
2008-07-09T12:34:12,310405000,,,58.22972833,-134.28379,313,314.4,11.7,0,,
2008-07-09T12:34:01,310405000,,,58.22932833,-134.28299,313,313.9,11.6,0,,
2008-07-09T12:33:51,310405000,,,58.228945,-134.2822567,313,314.4,11.6,0,,
2008-07-09T12:33:41,310405000,,,58.22857833,-134.28154,313,313.9,11.5,0,,
2008-07-09T12:33:31,310405000,,,58.228195,-134.280805,313,313.9,11.5,0,,
2008-07-09T12:33:21,310405000,,,58.22782833,-134.28009,313,314.0,11.4,0,,
2008-07-09T12:33:12,310405000,,,58.22751333,-134.2794417,313,314.0,11.4,0,,
2008-07-09T12:33:01,310405000,,,58.22709667,-134.2786583,313,313.5,11.3,0,,
2008-07-09T12:32:50,310405000,,,58.22671333,-134.2778917,313,314.0,11.3,0,,
2008-07-09T12:32:41,310405000,,,58.22638,-134.2772417,313,314.0,11.2,0,,
2008-07-09T12:32:31,310405000,,,58.22601333,-134.2765433,313,314.0,11.1,0,,
2008-07-09T12:32:21,310405000,,,58.22566333,-134.2758417,313,314.0,11.0,0,,
2008-07-09T12:32:12,310405000,,,58.22532833,-134.2752083,313,314.0,11.0,0,,
2008-07-09T12:32:00,310405000,,,58.224945,-134.2744567,313,314.5,10.9,0,,
2008-07-09T12:31:50,310405000,,,58.224595,-134.2737733,313,314.0,10.8,0,,
2008-07-09T12:31:41,310405000,,,58.22427833,-134.2731733,313,314.0,10.7,0,,
2008-07-09T12:31:31,310405000,,,58.223945,-134.27249,313,314.6,10.6,0,,
2008-07-09T12:31:21,310405000,,,58.22356167,-134.271755,313,314.0,10.6,0,,
2008-07-09T12:31:12,310405000,,,58.223245,-134.2711567,313,314.6,10.5,0,,
2008-07-09T12:31:00,310405000,,,58.222845,-134.27039,313,314.1,10.3,0,,
2008-07-09T12:30:50,310405000,,,58.22251333,-134.2697567,313,314.6,10.2,0,,
2008-07-09T12:30:41,310405000,,,58.22219667,-134.26919,313,314.7,10.1,0,,
2008-07-09T12:30:31,310405000,,,58.22187833,-134.2685567,313,314.7,10.0,0,,
2008-07-09T12:30:21,310405000,,,58.221545,-134.26794,313,314.7,9.9,0,,
2008-07-09T12:30:12,310405000,,,58.22126167,-134.26739,313,314.7,9.8,0,,
2008-07-09T12:30:00,310405000,,,58.22091167,-134.2667217,313,315.3,9.7,0,,
2008-07-09T12:29:50,310405000,,,58.22057833,-134.2661217,314,315.7,9.6,0,,
2008-07-09T12:29:41,310405000,,,58.22026333,-134.26554,314,315.7,9.6,0,,
2008-07-09T12:29:31,310405000,,,58.21994667,-134.2649567,314,316.4,9.5,0,,
2008-07-09T12:29:29,310405000,,,58.21963,-134.264375,0,0.0,0.0,0,,
2008-07-09T12:29:21,310405000,,,58.21963,-134.264375,314,316.4,9.5,0,,
2008-07-09T12:29:11,310405000,,,58.219315,-134.26381,314,316.4,9.5,0,,
2008-07-09T12:29:00,310405000,,,58.21898167,-134.2631767,314,315.8,9.5,0,,
2008-07-09T12:28:50,310405000,,,58.218665,-134.2625933,314,316.3,9.6,0,,
2008-07-09T12:28:41,310405000,,,58.218365,-134.2620783,314,316.3,9.7,0,,
2008-07-09T12:28:31,310405000,,,58.21804833,-134.2614783,314,316.3,9.8,0,,
2008-07-09T12:28:21,310405000,,,58.21774833,-134.260945,314,316.2,10.0,0,,
2008-07-09T12:28:11,310405000,,,58.21738333,-134.2602633,314,315.6,10.4,0,,
2008-07-09T12:28:01,310405000,,,58.21703333,-134.2596317,314,315.6,10.6,0,,
2008-07-09T12:27:50,310405000,,,58.21665167,-134.2589167,314,315.5,11.0,0,,
2008-07-09T12:27:41,310405000,,,58.21631833,-134.2583183,314,316.0,11.4,0,,
2008-07-09T12:27:31,310405000,,,58.21593667,-134.25762,314,315.9,11.6,0,,
2008-07-09T12:27:21,310405000,,,58.21555333,-134.256905,314,315.4,11.8,0,,
2008-07-09T12:27:11,310405000,,,58.215155,-134.2561883,315,316.4,12.0,0,,
2008-07-09T12:27:01,310405000,,,58.214755,-134.255455,315,316.4,12.2,0,,
2008-07-09T12:26:50,310405000,,,58.21432167,-134.2546733,315,316.8,12.3,0,,
2008-07-09T12:26:42,310405000,,,58.21399,-134.254075,315,316.8,12.3,0,,
2008-07-09T12:26:31,310405000,,,58.21349,-134.25319,315,317.3,12.4,0,,
2008-07-09T12:26:21,310405000,,,58.21310667,-134.252525,316,317.8,12.4,0,,
2008-07-09T12:26:11,310405000,,,58.21264167,-134.251725,316,317.8,12.5,0,,
2008-07-09T12:26:01,310405000,,,58.21224167,-134.2510583,316,318.7,12.6,0,,
2008-07-09T12:25:50,310405000,,,58.211775,-134.2502583,317,319.2,12.7,0,,
2008-07-09T12:25:42,310405000,,,58.21141,-134.2496767,318,320.2,12.8,0,,
2008-07-09T12:25:31,310405000,,,58.21091,-134.248875,319,321.2,12.8,0,,
2008-07-09T12:25:21,310405000,,,58.21046167,-134.248175,320,321.7,12.9,0,,
2008-07-09T12:25:11,310405000,,,58.209995,-134.247475,322,323.7,13.0,0,,
2008-07-09T12:25:01,310405000,,,58.20956333,-134.2468567,324,325.7,13.1,0,,
2008-07-09T12:24:51,310405000,,,58.20896333,-134.24607,326,327.7,13.2,0,,
2008-07-09T12:24:42,310405000,,,58.20849833,-134.2455033,327,328.3,13.2,0,,
2008-07-09T12:24:31,310405000,,,58.20798167,-134.2449017,329,330.3,13.2,0,,
2008-07-09T12:24:21,310405000,,,58.20745,-134.2443333,331,332.3,13.2,0,,
2008-07-09T12:24:11,310405000,,,58.20691833,-134.2437833,333,333.8,13.2,0,,
2008-07-09T12:24:02,310405000,,,58.206435,-134.2433317,334,334.8,13.2,0,,
2008-07-09T12:23:51,310405000,,,58.20582,-134.24278,336,336.8,13.2,0,,
2008-07-09T12:23:42,310405000,,,58.20532,-134.2423783,338,338.8,13.1,0,,
2008-07-09T12:23:31,310405000,,,58.20470333,-134.24191,0,0.0,0.0,0,,
2008-07-09T12:23:31,310405000,,,58.20470333,-134.24191,340,340.4,13.1,0,,
2008-07-09T12:23:21,310405000,,,58.20413833,-134.2415083,342,342.0,13.1,0,,
2008-07-09T12:23:10,310405000,,,58.203505,-134.2411067,343,344.0,13.1,0,,
2008-07-09T12:23:02,310405000,,,58.20298833,-134.2408033,345,345.0,13.0,0,,
2008-07-09T12:22:51,310405000,,,58.20234,-134.240485,347,346.5,13.0,0,,
2008-07-09T12:22:42,310405000,,,58.20182333,-134.2402333,349,348.5,12.9,0,,
2008-07-09T12:22:31,310405000,,,58.20123833,-134.2399967,351,350.1,12.9,0,,
2008-07-09T12:22:24,310405000,,,58.20082167,-134.239845,352,351.1,12.9,0,,
2008-07-09T12:22:21,310405000,,,58.20063833,-134.239795,352,351.1,12.8,0,,
2008-07-09T12:22:17,310405000,,,58.200405,-134.2397117,353,352.1,12.8,0,,
2008-07-09T12:22:15,310405000,,,58.20028833,-134.2396767,354,352.6,12.8,0,,
2008-07-09T12:22:10,310405000,,,58.20000333,-134.2396083,354,353.1,12.8,0,,
2008-07-09T12:22:08,310405000,,,58.19987,-134.239575,355,354.1,12.8,0,,
2008-07-09T12:22:04,310405000,,,58.19963667,-134.2395083,356,355.1,12.8,0,,
2008-07-09T12:22:02,310405000,,,58.19953667,-134.23949,356,355.1,12.8,0,,
2008-07-09T12:21:51,310405000,,,58.19888833,-134.2393717,358,356.6,12.7,0,,
2008-07-09T12:21:41,310405000,,,58.19823667,-134.2392867,359,358.7,12.6,0,,
2008-07-09T12:21:32,310405000,,,58.19772,-134.239235,1,359.7,12.6,0,,
2008-07-09T12:21:21,310405000,,,58.19707,-134.2392333,3,1.1,12.5,0,,
2008-07-09T12:21:10,310405000,,,58.196505,-134.2392467,5,3.1,12.4,0,,
2008-07-09T12:21:02,310405000,,,58.19597167,-134.239295,6,5.1,12.4,0,,
2008-07-09T12:20:51,310405000,,,58.195355,-134.2393767,8,6.1,12.3,0,,
2008-07-09T12:20:41,310405000,,,58.19483833,-134.23949,10,8.1,12.2,0,,
2008-07-09T12:20:32,310405000,,,58.19433833,-134.239605,12,10.1,12.2,0,,
2008-07-09T12:20:21,310405000,,,58.19372167,-134.2398033,14,12.1,12.1,0,,
2008-07-09T12:20:10,310405000,,,58.19317167,-134.24,15,13.0,12.0,0,,
2008-07-09T12:20:02,310405000,,,58.19264,-134.2402467,17,15.5,12.0,0,,
2008-07-09T12:19:51,310405000,,,58.19204,-134.2405433,19,17.5,11.9,0,,
2008-07-09T12:19:41,310405000,,,58.191525,-134.2408567,20,19.0,11.8,0,,
2008-07-09T12:19:32,310405000,,,58.19105833,-134.241155,22,21.0,11.8,0,,
2008-07-09T12:19:22,310405000,,,58.19054167,-134.2415183,24,23.0,11.8,0,,
2008-07-09T12:19:12,310405000,,,58.19009,-134.2418667,25,24.0,11.8,0,,
2008-07-09T12:19:02,310405000,,,58.18959,-134.24228,28,27.5,11.7,0,,
2008-07-09T12:18:51,310405000,,,58.18905667,-134.2427933,30,29.5,11.7,0,,
2008-07-09T12:18:41,310405000,,,58.18858833,-134.2432883,33,33.0,11.7,0,,
2008-07-09T12:18:32,310405000,,,58.18812167,-134.2438183,35,34.0,11.7,0,,
2008-07-09T12:18:22,310405000,,,58.18767167,-134.2443967,37,38.0,11.8,0,,
2008-07-09T12:18:12,310405000,,,58.18723833,-134.24501,40,39.5,11.8,0,,
2008-07-09T12:18:01,310405000,,,58.18677,-134.2457383,43,43.0,11.8,0,,
2008-07-09T12:17:51,310405000,,,58.18637,-134.2464167,45,44.5,11.8,0,,
2008-07-09T12:17:41,310405000,,,58.185985,-134.2471467,48,47.5,11.8,0,,
2008-07-09T12:17:32,310405000,,,58.185685,-134.247745,50,49.5,11.8,0,,
2008-07-09T12:17:28,310405000,,,58.185315,-134.2485083,0,0.0,0.0,0,,
2008-07-09T12:17:22,310405000,,,58.185315,-134.2485083,52,52.5,11.8,0,,
2008-07-09T12:17:12,310405000,,,58.18498,-134.2493217,54,54.5,11.8,0,,
2008-07-09T12:17:01,310405000,,,58.184595,-134.25032,56,56.0,11.8,0,,
2008-07-09T12:16:51,310405000,,,58.18427833,-134.2511683,58,58.0,11.8,0,,
2008-07-09T12:16:41,310405000,,,58.18399333,-134.25205,60,60.0,11.8,0,,
2008-07-09T12:16:31,310405000,,,58.18370833,-134.25293,61,62.0,11.8,0,,
2008-07-09T12:16:12,310405000,,,58.183255,-134.2545783,65,65.4,11.8,0,,
2008-07-09T12:16:01,310405000,,,58.18297167,-134.2557083,66,67.4,11.8,0,,
2008-07-09T12:15:51,310405000,,,58.18275167,-134.25666,68,68.9,11.8,0,,
2008-07-09T12:15:41,310405000,,,58.18256833,-134.257525,70,70.4,11.8,0,,
2008-07-09T12:15:31,310405000,,,58.18238333,-134.2584867,71,72.4,11.9,0,,
2008-07-09T12:15:22,310405000,,,58.18221667,-134.2594683,73,73.9,11.9,0,,
2008-07-09T12:15:12,310405000,,,58.18204833,-134.26047,74,74.9,11.8,0,,
2008-07-09T12:15:01,310405000,,,58.18189667,-134.2615667,75,76.4,11.8,0,,
2008-07-09T12:14:51,310405000,,,58.18176167,-134.2625667,76,77.4,11.8,0,,
2008-07-09T12:14:42,310405000,,,58.18166167,-134.2634833,77,78.4,11.8,0,,
2008-07-09T12:14:31,310405000,,,58.18154333,-134.264485,78,79.4,11.8,0,,
2008-07-09T12:14:22,310405000,,,58.18144333,-134.2655017,79,80.4,11.8,0,,
2008-07-09T12:14:12,310405000,,,58.18134167,-134.266415,79,81.4,11.8,0,,
2008-07-09T12:14:02,310405000,,,58.18125833,-134.26743,80,81.4,11.7,0,,
2008-07-09T12:13:51,310405000,,,58.18116667,-134.268645,81,82.4,11.7,0,,
2008-07-09T12:13:42,310405000,,,58.1811,-134.2695633,82,83.4,11.7,0,,
2008-07-09T12:13:31,310405000,,,58.18103333,-134.2706967,83,84.4,11.7,0,,
2008-07-09T12:13:22,310405000,,,58.181,-134.2716133,84,85.4,11.7,0,,
2008-07-09T12:13:12,310405000,,,58.18095,-134.272645,85,86.4,11.8,0,,
2008-07-09T12:13:02,310405000,,,58.18091667,-134.27356,86,87.4,11.8,0,,
2008-07-09T12:12:51,310405000,,,58.18088333,-134.2747933,87,88.9,11.8,0,,
2008-07-09T12:12:42,310405000,,,58.18088333,-134.2756117,88,89.4,11.8,0,,
2008-07-09T12:12:31,310405000,,,58.18086667,-134.2767433,89,90.4,11.8,0,,
2008-07-09T12:12:22,310405000,,,58.18086667,-134.27766,90,91.4,11.8,0,,
2008-07-09T12:12:12,310405000,,,58.18088333,-134.27881,91,91.9,11.8,0,,
2008-07-09T12:12:02,310405000,,,58.18088333,-134.2798233,91,91.9,11.7,0,,
2008-07-09T12:11:51,310405000,,,58.18091667,-134.28096,92,92.0,11.7,0,,
2008-07-09T12:11:42,310405000,,,58.18093333,-134.281875,93,93.4,11.7,0,,
2008-07-09T12:11:31,310405000,,,58.18096667,-134.28299,93,93.4,11.7,0,,
2008-07-09T12:11:26,310405000,,,58.181,-134.2839217,0,0.0,0.0,0,,
2008-07-09T12:11:21,310405000,,,58.181,-134.2839217,93,93.0,11.7,0,,
2008-07-09T12:11:12,310405000,,,58.18103333,-134.2849517,93,93.4,11.7,0,,
2008-07-09T12:11:02,310405000,,,58.18106667,-134.285855,93,93.0,11.7,0,,
2008-07-09T12:10:51,310405000,,,58.1811,-134.2870683,93,93.4,11.7,0,,
2008-07-09T12:10:42,310405000,,,58.18111667,-134.2878833,93,93.4,11.6,0,,
2008-07-09T12:10:31,310405000,,,58.18116667,-134.289095,93,93.4,11.6,0,,
2008-07-09T12:10:21,310405000,,,58.1812,-134.2901117,93,93.4,11.6,0,,
2008-07-09T12:10:12,310405000,,,58.18123333,-134.2910417,93,93.4,11.6,0,,
2008-07-09T12:10:02,310405000,,,58.18125,-134.292025,93,93.4,11.5,0,,
2008-07-09T12:09:51,310405000,,,58.1813,-134.2931283,93,93.4,11.5,0,,
2008-07-09T12:09:42,310405000,,,58.18131667,-134.2940267,93,93.4,11.5,0,,
2008-07-09T12:09:31,310405000,,,58.18135,-134.2951267,93,93.4,11.5,0,,
2008-07-09T12:09:21,310405000,,,58.18138333,-134.2960283,93,93.0,11.4,0,,
2008-07-09T12:09:12,310405000,,,58.18141667,-134.297045,93,93.5,11.4,0,,
2008-07-09T12:09:02,310405000,,,58.18145,-134.2980267,93,93.0,11.4,0,,
2008-07-09T12:08:51,310405000,,,58.18148333,-134.2991083,93,93.0,11.3,0,,
2008-07-09T12:08:42,310405000,,,58.18151667,-134.3000083,93,93.0,11.3,0,,
2008-07-09T12:08:31,310405000,,,58.18153333,-134.30109,93,93.0,11.2,0,,
2008-07-09T12:08:21,310405000,,,58.18156667,-134.3019733,93,93.0,11.2,0,,
2008-07-09T12:08:12,310405000,,,58.1816,-134.3029583,93,93.0,11.1,0,,
2008-07-09T12:08:00,310405000,,,58.18161667,-134.3040083,93,92.4,11.1,0,,
2008-07-09T12:07:50,310405000,,,58.18165,-134.3049783,93,92.4,11.0,0,,
2008-07-09T12:07:31,310405000,,,58.1817,-134.3068933,93,92.4,10.9,0,,
2008-07-09T12:07:21,310405000,,,58.18171667,-134.3078433,93,92.4,10.8,0,,
2008-07-09T12:07:00,310405000,,,58.18176667,-134.3098217,93,92.4,10.7,0,,
2008-07-09T12:06:50,310405000,,,58.1818,-134.3107567,93,91.9,10.7,0,,
2008-07-09T12:06:42,310405000,,,58.18181667,-134.3115067,93,91.9,10.6,0,,
2008-07-09T12:06:31,310405000,,,58.18183333,-134.3125217,93,91.9,10.6,0,,
2008-07-09T12:06:12,310405000,,,58.18188333,-134.3143033,93,91.9,10.6,0,,
2008-07-09T12:06:00,310405000,,,58.1819,-134.3153017,93,91.9,10.6,0,,
2008-07-09T12:05:50,310405000,,,58.18191667,-134.3163183,93,91.9,10.6,0,,
2008-07-09T12:05:42,310405000,,,58.18193333,-134.3171517,93,91.9,10.6,0,,
2008-07-09T12:05:31,310405000,,,58.18195,-134.31807,0,0.0,0.0,0,,
2008-07-09T12:05:31,310405000,,,58.18195,-134.31807,93,91.9,10.6,0,,
2008-07-09T12:05:21,310405000,,,58.18196667,-134.3190033,93,91.9,10.6,0,,
2008-07-09T12:05:12,310405000,,,58.18198333,-134.3198367,93,91.9,10.6,0,,
2008-07-09T12:05:00,310405000,,,58.18201667,-134.3208517,93,91.9,10.6,0,,
2008-07-09T12:04:50,310405000,,,58.18203333,-134.3218683,94,91.9,10.6,0,,
2008-07-09T12:04:41,310405000,,,58.18205,-134.3226167,93,91.9,10.7,0,,
2008-07-09T12:04:32,310405000,,,58.18206667,-134.3235683,93,91.3,10.7,0,,
2008-07-09T12:04:21,310405000,,,58.18208333,-134.3245683,93,91.3,10.7,0,,
2008-07-09T12:04:12,310405000,,,58.1821,-134.3254333,93,91.3,10.7,0,,
2008-07-09T12:04:00,310405000,,,58.18211667,-134.3265483,93,91.3,10.7,0,,
2008-07-09T12:03:50,310405000,,,58.18213333,-134.32748,93,91.3,10.7,0,,
2008-07-09T12:03:42,310405000,,,58.18213333,-134.3282283,93,91.3,10.7,0,,
2008-07-09T12:03:32,310405000,,,58.18215,-134.32916,93,91.3,10.7,0,,
2008-07-09T12:03:21,310405000,,,58.18216667,-134.3301917,93,91.3,10.7,0,,
2008-07-09T12:03:12,310405000,,,58.18218333,-134.3310233,93,91.4,10.8,0,,
2008-07-09T12:03:00,310405000,,,58.18218333,-134.332055,93,91.4,10.8,0,,
2008-07-09T12:02:50,310405000,,,58.1822,-134.333005,93,91.4,10.8,0,,
2008-07-09T12:02:42,310405000,,,58.18221667,-134.3339367,93,91.4,10.8,0,,
2008-07-09T12:02:32,310405000,,,58.18223333,-134.334805,93,91.4,10.8,0,,
2008-07-09T12:02:21,310405000,,,58.18225,-134.3358367,93,91.4,10.8,0,,
2008-07-09T12:02:12,310405000,,,58.18225,-134.336685,93,90.8,10.9,0,,
2008-07-09T12:02:00,310405000,,,58.18226667,-134.33783,93,91.4,10.9,0,,
2008-07-09T12:01:51,310405000,,,58.18228333,-134.3386983,93,91.4,10.9,0,,
2008-07-09T12:01:42,310405000,,,58.1823,-134.3395467,93,90.9,11.0,0,,
2008-07-09T12:01:32,310405000,,,58.1823,-134.3404967,93,91.4,11.0,0,,
2008-07-09T12:01:21,310405000,,,58.18231667,-134.34156,93,90.9,11.0,0,,
2008-07-09T12:01:11,310405000,,,58.18233333,-134.3425267,93,91.4,11.0,0,,
2008-07-09T12:01:00,310405000,,,58.18235,-134.3435767,93,91.4,11.1,0,,
2008-07-09T12:00:51,310405000,,,58.18235,-134.3445433,93,91.4,11.1,0,,
2008-07-09T12:00:41,310405000,,,58.18236667,-134.3454083,93,91.4,11.1,0,,
2008-07-09T12:00:32,310405000,,,58.18238333,-134.3462917,93,91.4,11.2,0,,
2008-07-09T12:00:21,310405000,,,58.1824,-134.3473583,93,91.9,11.2,0,,
2008-07-09T12:00:11,310405000,,,58.18241667,-134.3483417,93,91.4,11.2,0,,
2008-07-09T12:00:00,310405000,,,58.18243333,-134.3493233,93,91.4,11.3,0,,
2008-07-09T11:59:51,310405000,,,58.18243167,-134.3503067,93,91.9,11.3,0,,
2008-07-09T11:59:41,310405000,,,58.18244833,-134.3512217,93,91.9,11.4,0,,
2008-07-09T11:59:32,310405000,,,58.18248167,-134.3522883,93,91.9,11.4,0,,
2008-07-09T11:59:26,310405000,,,58.18249833,-134.35329,0,0.0,0.0,0,,
2008-07-09T11:59:21,310405000,,,58.18249833,-134.35329,93,92.0,11.5,0,,
2008-07-09T11:59:11,310405000,,,58.182515,-134.3544017,93,92.0,11.5,0,,
2008-07-09T11:59:00,310405000,,,58.18253167,-134.3554,93,92.0,11.6,0,,
2008-07-09T11:58:51,310405000,,,58.18254833,-134.3563,93,92.0,11.6,0,,
2008-07-09T11:58:41,310405000,,,58.182565,-134.3573167,93,92.0,11.7,0,,
2008-07-09T11:58:32,310405000,,,58.18258167,-134.35825,93,92.0,11.7,0,,
2008-07-09T11:58:21,310405000,,,58.18259833,-134.3592833,93,91.5,11.8,0,,
2008-07-09T11:58:11,310405000,,,58.182615,-134.3603983,93,92.0,11.9,0,,
2008-07-09T11:58:00,310405000,,,58.18263167,-134.36145,93,91.5,12.0,0,,
2008-07-09T11:57:51,310405000,,,58.18264833,-134.362615,93,92.0,12.1,0,,
2008-07-09T11:57:41,310405000,,,58.18266667,-134.3635483,92,90.5,12.1,0,,
2008-07-09T11:57:31,310405000,,,58.18268333,-134.3645967,92,91.0,12.2,0,,
2008-07-09T11:57:21,310405000,,,58.18268333,-134.3656617,91,90.0,12.3,0,,
2008-07-09T11:57:11,310405000,,,58.18268333,-134.3667433,91,89.6,12.3,0,,
2008-07-09T11:57:00,310405000,,,58.18268333,-134.3679417,90,89.5,12.4,0,,
2008-07-09T11:56:51,310405000,,,58.18268333,-134.3689083,90,89.0,12.5,0,,
2008-07-09T11:56:41,310405000,,,58.18266667,-134.3699917,90,89.5,12.6,0,,
2008-07-09T11:56:31,310405000,,,58.18266667,-134.3709883,90,89.5,12.7,0,,
2008-07-09T11:56:21,310405000,,,58.18266667,-134.37232,90,90.0,12.8,0,,
2008-07-09T11:56:11,310405000,,,58.18266667,-134.373435,90,90.0,12.8,0,,
2008-07-09T11:56:00,310405000,,,58.18266667,-134.37455,90,90.4,12.9,0,,
2008-07-09T11:55:51,310405000,,,58.18266667,-134.3757,90,90.8,13.0,0,,
2008-07-09T11:55:41,310405000,,,58.18268167,-134.3766883,90,90.8,13.0,0,,
2008-07-09T11:55:31,310405000,,,58.18269833,-134.3778217,90,91.3,13.0,0,,
2008-07-09T11:55:21,310405000,,,58.18269833,-134.37897,90,91.3,13.1,0,,
2008-07-09T11:55:11,310405000,,,58.182715,-134.3801033,90,91.7,13.1,0,,
2008-07-09T11:55:02,310405000,,,58.18273167,-134.3811517,91,92.7,13.1,0,,
2008-07-09T11:54:51,310405000,,,58.182765,-134.382385,92,93.3,13.1,0,,
2008-07-09T11:54:41,310405000,,,58.18279667,-134.3835367,93,94.7,13.1,0,,
2008-07-09T11:54:31,310405000,,,58.18284667,-134.3846883,94,95.3,13.1,0,,
2008-07-09T11:54:21,310405000,,,58.18289667,-134.38582,94,95.7,13.2,0,,
2008-07-09T11:54:11,310405000,,,58.18296167,-134.3871017,95,97.7,13.2,0,,
2008-07-09T11:54:02,310405000,,,58.18302833,-134.388115,96,97.3,13.2,0,,
2008-07-09T11:53:51,310405000,,,58.18311,-134.3892683,97,98.7,13.2,0,,
2008-07-09T11:53:41,310405000,,,58.18319333,-134.3904017,98,98.8,13.2,0,,
2008-07-09T11:53:31,310405000,,,58.18329167,-134.39155,99,100.2,13.3,0,,
2008-07-09T11:53:27,310405000,,,58.18340833,-134.3926833,0,0.0,0.0,0,,
2008-07-09T11:53:21,310405000,,,58.18340833,-134.3926833,100,100.8,13.3,0,,
2008-07-09T11:53:12,310405000,,,58.18350833,-134.3937317,101,101.8,13.3,0,,
2008-07-09T11:52:51,310405000,,,58.18377167,-134.3961117,103,103.4,13.4,0,,
2008-07-09T11:52:42,310405000,,,58.18392167,-134.3972433,103,103.4,13.4,0,,
2008-07-09T11:52:30,310405000,,,58.18408833,-134.3985233,103,103.4,13.4,0,,
2008-07-09T11:52:21,310405000,,,58.18422167,-134.3995233,103,103.8,13.4,0,,
2008-07-09T11:52:12,310405000,,,58.184355,-134.400555,103,103.4,13.4,0,,
2008-07-09T11:52:02,310405000,,,58.18448833,-134.4017033,103,103.8,13.4,0,,
2008-07-09T11:51:51,310405000,,,58.184655,-134.4029367,103,103.4,13.4,0,,
2008-07-09T11:51:42,310405000,,,58.18478667,-134.4039867,103,103.8,13.4,0,,
2008-07-09T11:51:30,310405000,,,58.18497,-134.4053533,103,103.8,13.5,0,,
2008-07-09T11:51:21,310405000,,,58.185105,-134.40637,103,103.8,13.5,0,,
2008-07-09T11:51:12,310405000,,,58.18523667,-134.4074017,103,103.8,13.5,0,,
2008-07-09T11:51:02,310405000,,,58.18538667,-134.4086483,103,103.8,13.5,0,,
2008-07-09T11:50:51,310405000,,,58.18553667,-134.4098017,103,103.8,13.5,0,,
2008-07-09T11:50:42,310405000,,,58.18568667,-134.4109483,103,103.8,13.5,0,,
2008-07-09T11:50:30,310405000,,,58.18585333,-134.41223,103,103.8,13.5,0,,
2008-07-09T11:50:21,310405000,,,58.18598667,-134.4132467,103,103.8,13.6,0,,
2008-07-09T11:50:12,310405000,,,58.18613667,-134.4142783,103,103.8,13.6,0,,
2008-07-09T11:50:02,310405000,,,58.18628667,-134.415445,103,103.8,13.6,0,,
2008-07-09T11:49:51,310405000,,,58.18647,-134.4168283,103,103.8,13.6,0,,
2008-07-09T11:49:42,310405000,,,58.18660333,-134.417845,103,103.8,13.7,0,,
2008-07-09T11:49:30,310405000,,,58.18677,-134.4191433,103,103.8,13.7,0,,
2008-07-09T11:49:21,310405000,,,58.18690333,-134.4201783,103,103.8,13.6,0,,
2008-07-09T11:49:12,310405000,,,58.18703667,-134.4212267,103,103.8,13.6,0,,
2008-07-09T11:49:02,310405000,,,58.18720167,-134.4224883,103,103.8,13.6,0,,
2008-07-09T11:48:51,310405000,,,58.18735167,-134.4236533,103,103.8,13.6,0,,
2008-07-09T11:48:30,310405000,,,58.18766833,-134.4260883,103,103.8,13.6,0,,
2008-07-09T11:48:21,310405000,,,58.18781833,-134.42712,103,103.8,13.6,0,,
2008-07-09T11:48:12,310405000,,,58.18796833,-134.4282667,103,103.8,13.6,0,,
2008-07-09T11:48:02,310405000,,,58.18811667,-134.4294483,103,103.8,13.6,0,,
2008-07-09T11:47:51,310405000,,,58.188285,-134.4307167,103,103.8,13.6,0,,
2008-07-09T11:47:42,310405000,,,58.18841667,-134.4317483,103,103.8,13.6,0,,
2008-07-09T11:47:30,310405000,,,58.18858333,-134.4330117,103,103.8,13.6,0,,
2008-07-09T11:47:25,310405000,,,58.18871667,-134.4340617,0,0.0,0.0,0,,
2008-07-09T11:47:21,310405000,,,58.18871667,-134.4340617,103,103.8,13.6,0,,
2008-07-09T11:47:15,310405000,,,58.188815,-134.43476,103,103.8,13.6,0,,
2008-07-09T11:47:12,310405000,,,58.18884833,-134.43511,103,103.8,13.6,0,,
2008-07-09T11:47:09,310405000,,,58.18889833,-134.43546,103,103.8,13.7,0,,
2008-07-09T11:47:04,310405000,,,58.18898167,-134.436025,103,103.8,13.7,0,,
2008-07-09T11:47:02,310405000,,,58.189015,-134.4362567,103,103.8,13.7,0,,
2008-07-09T11:46:58,310405000,,,58.189065,-134.4367233,103,103.8,13.7,0,,
2008-07-09T11:46:51,310405000,,,58.18918167,-134.4375383,103,103.8,13.7,0,,
2008-07-09T11:46:45,310405000,,,58.18928167,-134.4383533,103,103.8,13.7,0,,
2008-07-09T11:46:42,310405000,,,58.18933167,-134.4387033,103,103.8,13.7,0,,
2008-07-09T11:46:40,310405000,,,58.189365,-134.4389217,103,103.8,13.7,0,,
2008-07-09T11:46:33,310405000,,,58.189465,-134.4397383,103,103.8,13.7,0,,
2008-07-09T11:46:30,310405000,,,58.18949833,-134.4399717,103,103.8,13.7,0,,
2008-07-09T11:46:27,310405000,,,58.18954833,-134.44032,103,103.8,13.7,0,,
2008-07-09T11:46:21,310405000,,,58.18963167,-134.441035,103,103.8,13.7,0,,
2008-07-09T11:46:15,310405000,,,58.18973167,-134.4417183,103,103.8,13.7,0,,
2008-07-09T11:46:09,310405000,,,58.18983167,-134.4425333,103,103.8,13.7,0,,
2008-07-09T11:46:04,310405000,,,58.189915,-134.4431167,103,103.8,13.7,0,,
2008-07-09T11:45:51,310405000,,,58.19009833,-134.444515,103,103.8,13.8,0,,
2008-07-09T11:45:45,310405000,,,58.19019833,-134.445215,103,103.8,13.8,0,,
2008-07-09T11:45:40,310405000,,,58.19028,-134.4457967,103,104.2,13.8,0,,
2008-07-09T11:45:33,310405000,,,58.19038,-134.446615,103,104.2,13.8,0,,
2008-07-09T11:45:27,310405000,,,58.19048,-134.4473117,103,103.8,13.8,0,,
2008-07-09T11:45:21,310405000,,,58.19056333,-134.4480283,103,103.8,13.8,0,,
2008-07-09T11:45:15,310405000,,,58.19068,-134.4488283,103,104.2,13.8,0,,
2008-07-09T11:45:04,310405000,,,58.19084667,-134.450125,103,103.8,13.9,0,,
2008-07-09T11:44:51,310405000,,,58.19104667,-134.451655,103,104.2,13.9,0,,
2008-07-09T11:44:45,310405000,,,58.19114667,-134.4523567,103,104.2,13.9,0,,
2008-07-09T11:44:39,310405000,,,58.19124667,-134.4530567,103,103.8,13.9,0,,
2008-07-09T11:44:33,310405000,,,58.19134667,-134.4537733,103,103.8,13.9,0,,
2008-07-09T11:44:27,310405000,,,58.19141333,-134.454355,103,104.2,13.9,0,,
2008-07-09T11:44:25,310405000,,,58.1855,-134.4525,511,360.0,102.3,15,,
2008-07-09T11:44:21,310405000,,,58.19151333,-134.4550733,103,104.2,13.9,0,,
2008-07-09T11:44:15,310405000,,,58.19161333,-134.4557717,103,104.2,13.9,0,,
2008-07-09T11:44:09,310405000,,,58.19171333,-134.4565883,103,103.8,13.9,0,,
2008-07-09T11:44:04,310405000,,,58.19179667,-134.457185,103,104.2,14.0,0,,
2008-07-09T11:43:58,310405000,,,58.19187833,-134.457785,103,104.2,14.0,0,,
2008-07-09T11:43:51,310405000,,,58.191995,-134.4586,103,104.2,14.0,0,,
2008-07-09T11:43:45,310405000,,,58.192095,-134.4593333,103,104.2,14.0,0,,
2008-07-09T11:43:39,310405000,,,58.192195,-134.4601483,103,104.2,14.0,0,,
2008-07-09T11:43:33,310405000,,,58.192295,-134.4608667,103,104.2,14.0,0,,
2008-07-09T11:43:27,310405000,,,58.19237833,-134.46145,103,104.2,14.0,0,,
2008-07-09T11:43:21,310405000,,,58.19247833,-134.4622817,103,104.2,14.0,0,,
2008-07-09T11:43:16,310405000,,,58.19256167,-134.46288,103,104.2,14.1,0,,
2008-07-09T11:43:09,310405000,,,58.19267833,-134.4637133,103,103.8,14.1,0,,
2008-07-09T11:43:04,310405000,,,58.192745,-134.4643133,103,103.8,14.1,0,,
2008-07-09T11:42:58,310405000,,,58.192845,-134.4650417,103,103.8,14.1,0,,
2008-07-09T11:42:51,310405000,,,58.19296167,-134.46586,103,103.8,14.1,0,,
2008-07-09T11:42:45,310405000,,,58.19302833,-134.4664767,103,103.8,14.1,0,,
2008-07-09T11:42:39,310405000,,,58.193145,-134.46731,103,103.8,14.2,0,,
2008-07-09T11:42:33,310405000,,,58.19322833,-134.46791,103,104.2,14.2,0,,
2008-07-09T11:42:27,310405000,,,58.19332833,-134.468625,103,103.8,14.2,0,,
2008-07-09T11:42:21,310405000,,,58.19342833,-134.4693583,103,103.8,14.2,0,,
2008-07-09T11:42:16,310405000,,,58.19351167,-134.470075,103,104.2,14.2,0,,
2008-07-09T11:42:09,310405000,,,58.19361167,-134.4708067,103,103.8,14.3,0,,
2008-07-09T11:42:04,310405000,,,58.19371167,-134.4715233,103,103.8,14.3,0,,
2008-07-09T11:41:58,310405000,,,58.19379333,-134.47227,103,103.8,14.3,0,,
2008-07-09T11:41:51,310405000,,,58.19391,-134.4731,103,104.2,14.3,0,,
2008-07-09T11:41:45,310405000,,,58.19401,-134.4738317,103,104.2,14.3,0,,
2008-07-09T11:41:39,310405000,,,58.19411,-134.4745483,103,104.2,14.3,0,,
2008-07-09T11:41:33,310405000,,,58.19421,-134.4752817,103,104.2,14.3,0,,
2008-07-09T11:41:27,310405000,,,58.19427667,-134.47588,103,104.6,14.3,0,,
2008-07-09T11:41:24,310405000,,,58.19439333,-134.4766317,0,0.0,0.0,0,,
2008-07-09T11:41:21,310405000,,,58.19439333,-134.4766317,103,104.6,14.3,0,,
2008-07-09T11:41:16,310405000,,,58.19449333,-134.47733,103,104.2,14.3,0,,
2008-07-09T11:41:09,310405000,,,58.19459333,-134.4780817,103,104.2,14.3,0,,
2008-07-09T11:41:03,310405000,,,58.19469333,-134.4789133,103,104.5,14.4,0,,
2008-07-09T11:40:58,310405000,,,58.19479167,-134.4795283,103,104.5,14.4,0,,
2008-07-09T11:40:51,310405000,,,58.19490833,-134.4803617,103,104.5,14.4,0,,
2008-07-09T11:40:45,310405000,,,58.19499167,-134.48098,104,105.5,14.4,0,,
2008-07-09T11:40:39,310405000,,,58.19509167,-134.481715,104,105.5,14.4,0,,
2008-07-09T11:40:33,310405000,,,58.19519167,-134.4824467,104,105.5,14.4,0,,
2008-07-09T11:40:27,310405000,,,58.19530833,-134.4832767,104,105.5,14.4,0,,
2008-07-09T11:40:21,310405000,,,58.195425,-134.48401,105,106.5,14.4,0,,
2008-07-09T11:40:16,310405000,,,58.195525,-134.4846267,105,106.5,14.4,0,,
2008-07-09T11:40:09,310405000,,,58.19565833,-134.4854767,105,106.5,14.5,0,,
2008-07-09T11:40:03,310405000,,,58.19575833,-134.4861933,105,106.5,14.5,0,,
2008-07-09T11:39:58,310405000,,,58.19585833,-134.4867933,105,106.5,14.5,0,,
2008-07-09T11:39:51,310405000,,,58.19599167,-134.48766,105,106.5,14.5,0,,
2008-07-09T11:39:45,310405000,,,58.19610667,-134.4883883,105,106.5,14.6,0,,
2008-07-09T11:39:39,310405000,,,58.19622333,-134.4891217,105,106.5,14.6,0,,
2008-07-09T11:39:34,310405000,,,58.19630667,-134.48972,105,106.5,14.6,0,,
2008-07-09T11:39:27,310405000,,,58.19642333,-134.4904533,105,106.5,14.6,0,,
2008-07-09T11:39:21,310405000,,,58.19654,-134.491205,105,106.5,14.6,0,,
2008-07-09T11:39:16,310405000,,,58.19665667,-134.4919333,105,106.5,14.7,0,,
2008-07-09T11:39:09,310405000,,,58.19677333,-134.492685,105,106.1,14.7,0,,
2008-07-09T11:39:03,310405000,,,58.19690667,-134.4935183,105,106.5,14.7,0,,
2008-07-09T11:38:58,310405000,,,58.19699,-134.4940183,105,106.5,14.7,0,,
2008-07-09T11:38:45,310405000,,,58.19725667,-134.49577,105,106.1,14.8,0,,
2008-07-09T11:38:39,310405000,,,58.19737333,-134.4964867,105,106.5,14.8,0,,
2008-07-09T11:38:34,310405000,,,58.19747333,-134.4971033,105,106.5,14.8,0,,
2008-07-09T11:38:27,310405000,,,58.19759,-134.4978533,105,106.5,14.9,0,,
2008-07-09T11:38:21,310405000,,,58.19772333,-134.4987367,105,106.5,14.9,0,,
2008-07-09T11:38:16,310405000,,,58.19782333,-134.4993533,105,106.5,14.9,0,,
2008-07-09T11:38:09,310405000,,,58.19794,-134.5001033,105,106.9,14.9,0,,
2008-07-09T11:38:03,310405000,,,58.19807333,-134.5009867,105,106.5,14.9,0,,
2008-07-09T11:37:58,310405000,,,58.19817333,-134.5016,105,106.1,14.9,0,,
2008-07-09T11:37:50,310405000,,,58.19830667,-134.5024917,105,106.5,14.9,0,,
2008-07-09T11:37:45,310405000,,,58.19842333,-134.5032567,105,106.9,14.9,0,,
2008-07-09T11:37:39,310405000,,,58.19855667,-134.5039917,105,106.5,14.9,0,,
2008-07-09T11:37:34,310405000,,,58.19865667,-134.504605,105,106.1,14.9,0,,
2008-07-09T11:37:27,310405000,,,58.19877333,-134.5053583,105,106.5,14.9,0,,
2008-07-09T11:37:21,310405000,,,58.19889,-134.5061067,105,106.5,14.9,0,,
2008-07-09T11:37:15,310405000,,,58.19900667,-134.5068583,105,106.5,14.9,0,,
2008-07-09T11:37:09,310405000,,,58.19914,-134.5077417,105,106.1,14.9,0,,
2008-07-09T11:37:04,310405000,,,58.19924167,-134.5083583,105,106.1,14.9,0,,
2008-07-09T11:36:58,310405000,,,58.19935833,-134.50911,105,106.5,14.9,0,,
2008-07-09T11:36:50,310405000,,,58.19950833,-134.5099783,105,106.5,14.9,0,,
2008-07-09T11:36:45,310405000,,,58.199625,-134.5107467,105,105.7,14.9,0,,
2008-07-09T11:36:39,310405000,,,58.19974167,-134.5114783,105,106.1,14.9,0,,
2008-07-09T11:36:34,310405000,,,58.19984167,-134.512115,105,106.5,14.9,0,,
2008-07-09T11:36:27,310405000,,,58.199975,-134.51298,105,106.1,14.9,0,,
2008-07-09T11:36:21,310405000,,,58.20009167,-134.513745,105,106.1,14.9,0,,
2008-07-09T11:36:15,310405000,,,58.200175,-134.5143617,105,106.1,14.9,0,,
2008-07-09T11:36:09,310405000,,,58.20029167,-134.5150967,105,106.5,14.9,0,,
2008-07-09T11:36:04,310405000,,,58.20040833,-134.5158467,105,106.1,14.9,0,,
2008-07-09T11:35:58,310405000,,,58.200525,-134.516595,105,106.1,14.9,0,,
2008-07-09T11:35:50,310405000,,,58.20065833,-134.5174767,105,106.1,14.9,0,,
2008-07-09T11:35:45,310405000,,,58.20079167,-134.518225,105,106.1,14.9,0,,
2008-07-09T11:35:39,310405000,,,58.200875,-134.5188433,105,105.7,14.9,0,,
2008-07-09T11:35:34,310405000,,,58.20099167,-134.519595,105,105.7,14.9,0,,
2008-07-09T11:35:27,310405000,,,58.201125,-134.5204617,0,0.0,0.0,0,,
2008-07-09T11:35:27,310405000,,,58.201125,-134.5204617,105,105.7,14.9,0,,
2008-07-09T11:35:21,310405000,,,58.20124167,-134.52123,105,105.7,14.9,0,,
2008-07-09T11:35:15,310405000,,,58.20135833,-134.5219617,105,105.7,14.9,0,,
2008-07-09T11:35:09,310405000,,,58.201475,-134.52273,105,105.7,14.9,0,,
2008-07-09T11:35:04,310405000,,,58.20155833,-134.523345,105,105.7,14.9,0,,
2008-07-09T11:34:58,310405000,,,58.201675,-134.524095,105,105.7,14.8,0,,
2008-07-09T11:34:50,310405000,,,58.20180833,-134.52496,105,105.7,14.8,0,,
2008-07-09T11:34:45,310405000,,,58.201925,-134.525725,105,105.7,14.8,0,,
2008-07-09T11:34:39,310405000,,,58.20204167,-134.5264583,105,105.7,14.8,0,,
2008-07-09T11:34:34,310405000,,,58.202125,-134.5270767,105,105.7,14.8,0,,
2008-07-09T11:34:27,310405000,,,58.20225833,-134.5279583,105,105.7,14.8,0,,
2008-07-09T11:34:21,310405000,,,58.202375,-134.52871,105,105.7,14.8,0,,
2008-07-09T11:34:15,310405000,,,58.202475,-134.529325,105,105.3,14.8,0,,
2008-07-09T11:34:09,310405000,,,58.202575,-134.5300717,105,105.7,14.8,0,,
2008-07-09T11:34:04,310405000,,,58.20269167,-134.5308217,105,105.7,14.8,0,,
2008-07-09T11:33:58,310405000,,,58.20282333,-134.53172,105,105.7,14.8,0,,
2008-07-09T11:33:51,310405000,,,58.20294,-134.53257,105,105.3,14.8,0,,
2008-07-09T11:33:45,310405000,,,58.20304,-134.5332017,105,105.7,14.8,0,,
2008-07-09T11:33:39,310405000,,,58.20314,-134.5339533,105,105.7,14.8,0,,
2008-07-09T11:33:33,310405000,,,58.20325667,-134.5347,105,105.7,14.8,0,,
2008-07-09T11:33:27,310405000,,,58.20337333,-134.53545,105,105.7,14.8,0,,
2008-07-09T11:33:21,310405000,,,58.20347333,-134.5362,105,105.3,14.8,0,,
2008-07-09T11:33:15,310405000,,,58.20357333,-134.5368183,105,105.3,14.8,0,,
2008-07-09T11:33:09,310405000,,,58.20370667,-134.5377,105,105.3,14.8,0,,
2008-07-09T11:33:04,310405000,,,58.20379,-134.538315,105,105.3,14.8,0,,
2008-07-09T11:32:58,310405000,,,58.20390667,-134.539065,105,105.3,14.8,0,,
2008-07-09T11:32:50,310405000,,,58.20404,-134.5399483,105,105.3,14.8,0,,
2008-07-09T11:32:45,310405000,,,58.20414,-134.540695,105,105.3,14.8,0,,
2008-07-09T11:32:39,310405000,,,58.20425667,-134.54143,105,105.0,14.8,0,,
2008-07-09T11:32:33,310405000,,,58.20434,-134.5420617,105,105.0,14.8,0,,
2008-07-09T11:32:27,310405000,,,58.20447333,-134.5429417,105,105.0,14.8,0,,
2008-07-09T11:32:21,310405000,,,58.20457167,-134.5436883,105,105.0,14.8,0,,
2008-07-09T11:32:15,310405000,,,58.20468833,-134.5444383,105,105.0,14.8,0,,
2008-07-09T11:32:09,310405000,,,58.20478833,-134.5451883,105,105.0,14.8,0,,
2008-07-09T11:32:04,310405000,,,58.20487167,-134.545805,105,105.0,14.8,0,,
2008-07-09T11:31:58,310405000,,,58.20498833,-134.546555,105,105.0,14.7,0,,
2008-07-09T11:31:50,310405000,,,58.20512167,-134.5474233,105,105.0,14.7,0,,
2008-07-09T11:31:46,310405000,,,58.205205,-134.5480533,105,105.0,14.7,0,,
2008-07-09T11:31:40,310405000,,,58.205305,-134.5487883,105,105.0,14.7,0,,
2008-07-09T11:31:33,310405000,,,58.20543833,-134.5496683,105,105.0,14.7,0,,
2008-07-09T11:31:27,310405000,,,58.20553833,-134.5504033,105,105.0,14.7,0,,
2008-07-09T11:31:21,310405000,,,58.20563833,-134.5510367,105,105.0,14.7,0,,
2008-07-09T11:31:15,310405000,,,58.20573833,-134.5517717,105,105.0,14.7,0,,
2008-07-09T11:31:09,310405000,,,58.205855,-134.5526567,105,105.0,14.7,0,,
2008-07-09T11:31:04,310405000,,,58.20593833,-134.5532733,105,105.0,14.7,0,,
2008-07-09T11:30:58,310405000,,,58.206055,-134.5540217,105,105.0,14.7,0,,
2008-07-09T11:30:51,310405000,,,58.206155,-134.5547733,105,105.0,14.7,0,,
2008-07-09T11:30:46,310405000,,,58.20628833,-134.55564,105,105.0,14.7,0,,
2008-07-09T11:30:40,310405000,,,58.20637167,-134.5562367,105,105.0,14.7,0,,
2008-07-09T11:30:33,310405000,,,58.20648833,-134.5571183,105,105.0,14.7,0,,
2008-07-09T11:30:27,310405000,,,58.206605,-134.5578517,105,105.0,14.7,0,,
2008-07-09T11:30:21,310405000,,,58.206705,-134.5586033,105,105.0,14.7,0,,
2008-07-09T11:30:15,310405000,,,58.20682167,-134.559335,105,105.0,14.7,0,,
2008-07-09T11:30:09,310405000,,,58.20692167,-134.5601017,105,105.0,14.7,0,,
2008-07-09T11:30:03,310405000,,,58.20702167,-134.5608333,105,105.0,14.7,0,,
2008-07-09T11:29:58,310405000,,,58.20712167,-134.5614683,105,105.3,14.7,0,,
2008-07-09T11:29:51,310405000,,,58.20722167,-134.5622017,105,105.3,14.7,0,,
2008-07-09T11:29:46,310405000,,,58.20732167,-134.5629333,105,105.0,14.7,0,,
2008-07-09T11:29:40,310405000,,,58.20743833,-134.5637,105,105.0,14.7,0,,
2008-07-09T11:29:33,310405000,,,58.20753833,-134.5644333,105,105.3,14.7,0,,
2008-07-09T11:29:27,310405000,,,58.207655,-134.5653,105,105.0,14.6,0,,
2008-07-09T11:29:24,310405000,,,58.207755,-134.5659167,0,0.0,0.0,0,,
2008-07-09T11:29:21,310405000,,,58.207755,-134.5659167,105,104.6,14.7,0,,
2008-07-09T11:29:16,310405000,,,58.207855,-134.5666667,105,105.0,14.7,0,,
2008-07-09T11:29:09,310405000,,,58.20798833,-134.5675333,105,105.7,14.7,0,,
2008-07-09T11:29:03,310405000,,,58.20808833,-134.568265,105,105.3,14.7,0,,
2008-07-09T11:28:58,310405000,,,58.208205,-134.569015,105,105.0,14.6,0,,
2008-07-09T11:28:51,310405000,,,58.208305,-134.5697483,105,105.3,14.7,0,,
2008-07-09T11:28:46,310405000,,,58.20838667,-134.570365,105,105.7,14.6,0,,
2008-07-09T11:28:40,310405000,,,58.20850333,-134.5711133,105,105.3,14.7,0,,
2008-07-09T11:28:34,310405000,,,58.20860333,-134.5718467,105,105.3,14.7,0,,
2008-07-09T11:28:27,310405000,,,58.20873667,-134.5727133,106,106.7,14.6,0,,
2008-07-09T11:28:21,310405000,,,58.20885333,-134.5734617,106,106.7,14.6,0,,
2008-07-09T11:28:16,310405000,,,58.20893667,-134.5740633,106,106.3,14.6,0,,
2008-07-09T11:28:09,310405000,,,58.20907,-134.57493,106,106.3,14.6,0,,
2008-07-09T11:28:03,310405000,,,58.20916833,-134.5755417,106,106.3,14.6,0,,
2008-07-09T11:27:58,310405000,,,58.209285,-134.5762583,107,107.0,14.6,0,,
2008-07-09T11:27:51,310405000,,,58.20940167,-134.5770267,107,107.0,14.6,0,,
2008-07-09T11:27:46,310405000,,,58.20951833,-134.5777383,107,108.3,14.6,0,,
2008-07-09T11:27:40,310405000,,,58.20966833,-134.57859,108,108.0,14.6,0,,
2008-07-09T11:27:34,310405000,,,58.20978333,-134.5793217,108,108.0,14.6,0,,
2008-07-09T11:27:27,310405000,,,58.2099,-134.58004,108,108.0,14.6,0,,
2008-07-09T11:27:21,310405000,,,58.210035,-134.5807767,108,108.3,14.6,0,,
2008-07-09T11:27:16,310405000,,,58.210135,-134.581395,108,108.0,14.6,0,,
2008-07-09T11:27:09,310405000,,,58.210285,-134.5822433,108,108.0,14.6,0,,
2008-07-09T11:27:03,310405000,,,58.21041667,-134.582955,108,108.0,14.6,0,,
2008-07-09T11:26:58,310405000,,,58.21051667,-134.5835733,108,108.0,14.6,0,,
2008-07-09T11:26:51,310405000,,,58.21066667,-134.584405,108,108.0,14.5,0,,
2008-07-09T11:26:46,310405000,,,58.21076667,-134.5850217,108,107.6,14.6,0,,
2008-07-09T11:26:40,310405000,,,58.2109,-134.585755,108,108.0,14.5,0,,
2008-07-09T11:26:33,310405000,,,58.21101667,-134.58647,108,108.3,14.5,0,,
2008-07-09T11:26:27,310405000,,,58.21115,-134.587185,108,108.0,14.5,0,,
2008-07-09T11:26:21,310405000,,,58.21126667,-134.5879183,108,107.6,14.5,0,,
2008-07-09T11:26:16,310405000,,,58.2114,-134.5886333,108,108.0,14.5,0,,
2008-07-09T11:26:09,310405000,,,58.211515,-134.5893667,108,108.3,14.5,0,,
2008-07-09T11:26:03,310405000,,,58.21164833,-134.5900983,108,108.0,14.5,0,,
2008-07-09T11:25:58,310405000,,,58.21179833,-134.59093,108,108.0,14.5,0,,
2008-07-09T11:25:51,310405000,,,58.21193167,-134.59178,108,108.3,14.5,0,,
2008-07-09T11:25:46,310405000,,,58.21204833,-134.5923817,108,108.7,14.5,0,,
2008-07-09T11:25:40,310405000,,,58.21214833,-134.5929983,108,108.3,14.5,0,,
2008-07-09T11:25:34,310405000,,,58.21229833,-134.59383,108,108.0,14.5,0,,
2008-07-09T11:25:27,310405000,,,58.212415,-134.5945467,108,108.7,14.5,0,,
2008-07-09T11:25:21,310405000,,,58.21254833,-134.59528,108,108.7,14.5,0,,
2008-07-09T11:25:15,310405000,,,58.21268167,-134.5959783,108,108.3,14.4,0,,
2008-07-09T11:25:09,310405000,,,58.212815,-134.5967133,108,108.3,14.5,0,,
2008-07-09T11:25:03,310405000,,,58.21293,-134.5974133,108,109.1,14.4,0,,
2008-07-09T11:24:58,310405000,,,58.21304667,-134.5980283,108,109.5,14.4,0,,
2008-07-09T11:24:51,310405000,,,58.21319667,-134.5988433,108,108.7,14.4,0,,
2008-07-09T11:24:46,310405000,,,58.21331333,-134.5994417,108,108.7,14.4,0,,
2008-07-09T11:24:40,310405000,,,58.21344667,-134.60016,108,109.5,14.4,0,,
2008-07-09T11:24:27,310405000,,,58.21373,-134.60171,108,110.9,14.5,0,,
2008-07-09T11:24:21,310405000,,,58.21389667,-134.6025417,109,110.5,14.5,0,,
2008-07-09T11:24:15,310405000,,,58.21401167,-134.6031267,109,110.9,14.5,0,,
2008-07-09T11:24:09,310405000,,,58.214145,-134.6038617,109,111.3,14.5,0,,
2008-07-09T11:24:03,310405000,,,58.214295,-134.604545,110,112.3,14.5,0,,
2008-07-09T11:23:57,310405000,,,58.21444333,-134.6052783,111,112.9,14.5,0,,
2008-07-09T11:23:51,310405000,,,58.21462667,-134.6060933,111,112.9,14.5,0,,
2008-07-09T11:23:46,310405000,,,58.214725,-134.60656,112,114.3,14.5,0,,
2008-07-09T11:23:39,310405000,,,58.21490833,-134.6073583,112,114.3,14.6,0,,
2008-07-09T11:23:34,310405000,,,58.21505833,-134.607945,113,114.9,14.6,0,,
2008-07-09T11:23:27,310405000,,,58.21524,-134.6087783,114,115.5,14.6,0,,
2008-07-09T11:23:21,310405000,,,58.21542333,-134.6094617,0,0.0,0.0,0,,
2008-07-09T11:23:21,310405000,,,58.21542333,-134.6094617,114,116.3,14.6,0,,
2008-07-09T11:23:15,310405000,,,58.21559,-134.6101633,115,117.3,14.6,0,,
2008-07-09T11:23:09,310405000,,,58.21579,-134.6108633,115,116.5,14.6,0,,
2008-07-09T11:23:03,310405000,,,58.21595667,-134.6115317,116,117.5,14.6,0,,
2008-07-09T11:22:57,310405000,,,58.216105,-134.6120967,117,119.3,14.7,0,,
2008-07-09T11:22:51,310405000,,,58.21637,-134.613015,117,118.9,14.7,0,,
2008-07-09T11:22:46,310405000,,,58.21653667,-134.6135667,118,119.5,14.7,0,,
2008-07-09T11:22:39,310405000,,,58.21672,-134.6142517,118,119.9,14.7,0,,
2008-07-09T11:22:34,310405000,,,58.21693667,-134.6149183,118,120.3,14.7,0,,
2008-07-09T11:22:27,310405000,,,58.21713667,-134.6155833,118,120.3,14.7,0,,
2008-07-09T11:22:21,310405000,,,58.21737,-134.61635,118,119.9,14.7,0,,
2008-07-09T11:22:15,310405000,,,58.21753667,-134.6169,118,120.3,14.7,0,,
2008-07-09T11:22:09,310405000,,,58.21775167,-134.617585,118,120.7,14.7,0,,
2008-07-09T11:22:03,310405000,,,58.21795167,-134.6182317,118,120.3,14.7,0,,
2008-07-09T11:21:57,310405000,,,58.21816833,-134.6188967,118,120.3,14.7,0,,
2008-07-09T11:21:51,310405000,,,58.21836667,-134.6195617,119,121.3,14.7,0,,
2008-07-09T11:21:46,310405000,,,58.21855,-134.62011,119,121.3,14.7,0,,
2008-07-09T11:21:39,310405000,,,58.21878333,-134.6208783,119,121.7,14.7,0,,
2008-07-09T11:21:34,310405000,,,58.21896667,-134.6214483,120,122.3,14.7,0,,
2008-07-09T11:21:27,310405000,,,58.21921667,-134.6222133,120,122.3,14.7,0,,
2008-07-09T11:21:21,310405000,,,58.21943167,-134.6228633,120,122.7,14.8,0,,
2008-07-09T11:21:15,310405000,,,58.21961333,-134.623395,121,123.7,14.8,0,,
2008-07-09T11:21:09,310405000,,,58.21991333,-134.6242783,121,123.3,14.8,0,,
2008-07-09T11:21:03,310405000,,,58.22013,-134.6249267,122,123.9,14.8,0,,
2008-07-09T11:20:57,310405000,,,58.22032833,-134.62546,122,124.3,14.8,0,,
2008-07-09T11:20:50,310405000,,,58.22059333,-134.6261933,123,125.7,14.8,0,,
2008-07-09T11:20:46,310405000,,,58.22079333,-134.6267267,123,125.3,14.8,0,,
2008-07-09T11:20:39,310405000,,,58.22101667,-134.627365,124,125.5,14.8,0,,
2008-07-09T11:20:34,310405000,,,58.22121667,-134.6278817,124,125.9,14.8,0,,
2008-07-09T11:20:27,310405000,,,58.22149833,-134.62861,125,127.3,14.8,0,,
2008-07-09T11:20:20,310405000,,,58.22179833,-134.629345,125,126.5,14.8,0,,
2008-07-09T11:20:15,310405000,,,58.22199833,-134.6298783,126,127.1,14.8,0,,
2008-07-09T11:20:09,310405000,,,58.22223167,-134.6304967,126,127.5,14.8,0,,
2008-07-09T11:20:03,310405000,,,58.22248,-134.6310933,127,128.9,14.8,0,,
2008-07-09T11:19:57,310405000,,,58.22269667,-134.63161,128,129.5,14.8,0,,
2008-07-09T11:19:50,310405000,,,58.22301333,-134.6323267,128,129.1,14.8,0,,
2008-07-09T11:19:45,310405000,,,58.22326333,-134.6329267,128,129.9,14.8,0,,
2008-07-09T11:19:39,310405000,,,58.22358,-134.633625,128,130.3,14.8,0,,
2008-07-09T11:19:34,310405000,,,58.22379667,-134.6340917,128,129.9,14.8,0,,
2008-07-09T11:19:27,310405000,,,58.22406333,-134.6347083,128,129.5,14.8,0,,
2008-07-09T11:19:15,310405000,,,58.224595,-134.63589,129,131.3,14.8,0,,
2008-07-09T11:19:09,310405000,,,58.224845,-134.6364733,129,131.3,14.8,0,,
2008-07-09T11:19:03,310405000,,,58.22511167,-134.637055,129,130.9,14.8,0,,
2008-07-09T11:18:57,310405000,,,58.22539333,-134.6376533,129,131.3,14.8,0,,
2008-07-09T11:18:51,310405000,,,58.22566167,-134.6382383,130,132.3,14.8,0,,
2008-07-09T11:18:45,310405000,,,58.225945,-134.6388217,130,132.3,14.8,0,,
2008-07-09T11:18:39,310405000,,,58.22621,-134.6393883,131,132.9,14.8,0,,
2008-07-09T11:18:34,310405000,,,58.226445,-134.6398733,131,133.3,14.8,0,,
2008-07-09T11:18:27,310405000,,,58.22676,-134.6405217,132,134.3,14.8,0,,
2008-07-09T11:18:20,310405000,,,58.22704333,-134.6410883,132,133.9,14.9,0,,
2008-07-09T11:18:15,310405000,,,58.227345,-134.6416717,133,134.9,14.9,0,,
2008-07-09T11:18:09,310405000,,,58.22767667,-134.64232,133,134.9,14.9,0,,
2008-07-09T11:18:03,310405000,,,58.22796,-134.642855,134,135.9,14.9,0,,
2008-07-09T11:17:58,310405000,,,58.22821,-134.6433217,134,135.9,14.9,0,,
2008-07-09T11:17:51,310405000,,,58.22856167,-134.6439417,135,136.9,14.9,0,,
2008-07-09T11:17:45,310405000,,,58.22881167,-134.6444067,136,137.9,15.0,0,,
2008-07-09T11:17:40,310405000,,,58.22911,-134.6449217,136,137.9,15.0,0,,
2008-07-09T11:17:34,310405000,,,58.22941,-134.6454567,137,138.9,15.0,0,,
2008-07-09T11:17:27,310405000,,,58.22972667,-134.6459717,138,139.5,15.0,0,,
2008-07-09T11:17:25,310405000,,,58.23009333,-134.6465883,0,0.0,0.0,0,,
2008-07-09T11:17:20,310405000,,,58.23009333,-134.6465883,138,139.9,15.0,0,,
2008-07-09T11:17:15,310405000,,,58.23036,-134.6470217,139,140.9,15.0,0,,
2008-07-09T11:17:09,310405000,,,58.230675,-134.647505,139,140.9,15.0,0,,
2008-07-09T11:17:03,310405000,,,58.23100833,-134.64802,140,141.1,15.1,0,,
2008-07-09T11:16:58,310405000,,,58.23127333,-134.64842,141,142.5,15.1,0,,
2008-07-09T11:16:51,310405000,,,58.23165667,-134.6490017,141,142.5,15.1,0,,
2008-07-09T11:16:45,310405000,,,58.23198833,-134.6494833,142,143.5,15.1,0,,
2008-07-09T11:16:40,310405000,,,58.232255,-134.649865,142,142.7,15.1,0,,
2008-07-09T11:16:34,310405000,,,58.23265333,-134.6504317,143,144.1,15.1,0,,
2008-07-09T11:16:27,310405000,,,58.23303667,-134.6509817,144,145.5,15.1,0,,
2008-07-09T11:16:20,310405000,,,58.23338833,-134.6514333,144,144.7,15.1,0,,
2008-07-09T11:16:15,310405000,,,58.23367,-134.6518167,145,145.3,15.1,0,,
2008-07-09T11:16:09,310405000,,,58.23406833,-134.6523483,145,145.7,15.1,0,,
2008-07-09T11:16:03,310405000,,,58.23441833,-134.6527967,145,145.7,15.1,0,,
2008-07-09T11:15:58,310405000,,,58.2347,-134.6531617,145,145.7,15.2,0,,
2008-07-09T11:15:51,310405000,,,58.2351,-134.6536783,145,145.7,15.2,0,,
2008-07-09T11:15:45,310405000,,,58.2354,-134.6540617,145,145.7,15.2,0,,
2008-07-09T11:15:40,310405000,,,58.23575,-134.6545117,145,145.7,15.2,0,,
2008-07-09T11:15:34,310405000,,,58.23603333,-134.6548783,145,145.7,15.2,0,,
2008-07-09T11:15:27,310405000,,,58.23643167,-134.6553917,145,145.7,15.2,0,,
2008-07-09T11:15:20,310405000,,,58.23684833,-134.6559267,145,145.7,15.2,0,,
2008-07-09T11:15:15,310405000,,,58.23713,-134.6563083,145,145.7,15.2,0,,
2008-07-09T11:15:09,310405000,,,58.23748,-134.6567583,145,145.3,15.1,0,,
2008-07-09T11:15:03,310405000,,,58.23787833,-134.6572717,145,145.3,15.1,0,,
2008-07-09T11:14:58,310405000,,,58.23816333,-134.65764,145,145.3,15.2,0,,
2008-07-09T11:14:51,310405000,,,58.23856333,-134.6581733,145,145.7,15.1,0,,
2008-07-09T11:14:45,310405000,,,58.23893,-134.6586233,145,145.3,15.1,0,,
2008-07-09T11:14:40,310405000,,,58.23921333,-134.6590067,145,145.3,15.1,0,,
2008-07-09T11:14:34,310405000,,,58.23956167,-134.6594567,145,145.3,15.2,0,,
2008-07-09T11:14:27,310405000,,,58.23991333,-134.6599067,145,145.3,15.1,0,,
2008-07-09T11:14:20,310405000,,,58.24031333,-134.6604233,145,145.3,15.2,0,,
2008-07-09T11:14:15,310405000,,,58.240595,-134.66079,145,145.3,15.2,0,,
2008-07-09T11:14:09,310405000,,,58.24101167,-134.6613217,145,145.3,15.2,0,,
2008-07-09T11:14:03,310405000,,,58.24129333,-134.6617033,145,145.3,15.2,0,,
2008-07-09T11:13:58,310405000,,,58.241645,-134.662155,145,145.3,15.2,0,,
2008-07-09T11:13:51,310405000,,,58.24197667,-134.6626033,145,145.3,15.2,0,,
2008-07-09T11:13:45,310405000,,,58.24232667,-134.6630533,145,145.3,15.2,0,,
2008-07-09T11:13:40,310405000,,,58.24262667,-134.6634367,145,145.3,15.2,0,,
2008-07-09T11:13:34,310405000,,,58.24296,-134.6638867,145,145.3,15.2,0,,
2008-07-09T11:13:27,310405000,,,58.24342667,-134.6645033,145,145.0,15.2,0,,
2008-07-09T11:13:20,310405000,,,58.24382833,-134.6650383,145,145.0,15.2,0,,
2008-07-09T11:13:15,310405000,,,58.24411167,-134.665405,145,145.0,15.2,0,,
2008-07-09T11:13:09,310405000,,,58.24446167,-134.6658717,145,145.0,15.2,0,,
2008-07-09T11:13:03,310405000,,,58.244795,-134.666305,145,145.0,15.2,0,,
2008-07-09T11:12:57,310405000,,,58.24516,-134.66677,145,145.0,15.2,0,,
2008-07-09T11:12:51,310405000,,,58.24549333,-134.66722,145,145.0,15.2,0,,
2008-07-09T11:12:45,310405000,,,58.24579333,-134.6676017,145,145.0,15.2,0,,
2008-07-09T11:12:40,310405000,,,58.24614333,-134.66807,145,145.0,15.2,0,,
2008-07-09T11:12:34,310405000,,,58.24649333,-134.6685183,145,145.0,15.2,0,,
2008-07-09T11:12:27,310405000,,,58.24684167,-134.6689667,145,145.0,15.3,0,,
2008-07-09T11:12:20,310405000,,,58.24724167,-134.6695183,145,145.0,15.2,0,,
2008-07-09T11:12:16,310405000,,,58.24754167,-134.6699017,145,145.0,15.3,0,,
2008-07-09T11:12:09,310405000,,,58.24787667,-134.6703517,145,145.0,15.3,0,,
2008-07-09T11:12:04,310405000,,,58.248225,-134.6708167,145,145.0,15.2,0,,
2008-07-09T11:11:57,310405000,,,58.24857333,-134.671265,145,145.0,15.2,0,,
2008-07-09T11:11:51,310405000,,,58.24897333,-134.671815,145,145.0,15.2,0,,
2008-07-09T11:11:45,310405000,,,58.24932333,-134.6722633,145,145.0,15.3,0,,
2008-07-09T11:11:40,310405000,,,58.24960667,-134.6726483,145,145.0,15.3,0,,
2008-07-09T11:11:33,310405000,,,58.25002167,-134.6731967,145,145.0,15.3,0,,
2008-07-09T11:11:27,310405000,,,58.250355,-134.6736467,145,145.0,15.3,0,,
2008-07-09T11:11:24,310405000,,,58.250705,-134.6740967,0,0.0,0.0,0,,
2008-07-09T11:11:20,310405000,,,58.250705,-134.6740967,145,145.0,15.3,0,,
2008-07-09T11:11:16,310405000,,,58.251005,-134.67448,145,145.0,15.2,0,,
2008-07-09T11:11:09,310405000,,,58.251405,-134.6750283,145,145.0,15.3,0,,
2008-07-09T11:11:04,310405000,,,58.25168667,-134.6753933,145,145.0,15.3,0,,
2008-07-09T11:10:51,310405000,,,58.25238667,-134.6763267,145,145.0,15.3,0,,
2008-07-09T11:10:45,310405000,,,58.25273667,-134.676775,145,144.6,15.3,0,,
2008-07-09T11:10:39,310405000,,,58.25308667,-134.6772417,145,145.0,15.3,0,,
2008-07-09T11:10:33,310405000,,,58.25342,-134.6777083,145,144.6,15.3,0,,
2008-07-09T11:10:27,310405000,,,58.25376833,-134.6781733,145,144.6,15.3,0,,
2008-07-09T11:10:20,310405000,,,58.25416833,-134.6787233,145,144.6,15.3,0,,
2008-07-09T11:10:16,310405000,,,58.25446667,-134.679105,145,144.6,15.3,0,,
2008-07-09T11:10:09,310405000,,,58.25486667,-134.679655,145,144.6,15.3,0,,
2008-07-09T11:10:04,310405000,,,58.25514833,-134.6800367,145,144.6,15.3,0,,
2008-07-09T11:09:57,310405000,,,58.25556667,-134.6805717,145,144.6,15.3,0,,
2008-07-09T11:09:51,310405000,,,58.2559,-134.6810383,145,144.6,15.3,0,,
2008-07-09T11:09:45,310405000,,,58.25618333,-134.6814217,145,144.6,15.3,0,,
2008-07-09T11:09:39,310405000,,,58.25658333,-134.681955,145,144.6,15.3,0,,
2008-07-09T11:09:33,310405000,,,58.25688333,-134.6823533,145,144.6,15.3,0,,
2008-07-09T11:09:27,310405000,,,58.25728333,-134.6828883,145,144.6,15.3,0,,
2008-07-09T11:09:20,310405000,,,58.25763333,-134.683355,145,144.6,15.3,0,,
2008-07-09T11:09:16,310405000,,,58.25791667,-134.6837383,145,144.6,15.3,0,,
2008-07-09T11:09:09,310405000,,,58.25826667,-134.6842033,145,144.2,15.3,0,,
2008-07-09T11:09:04,310405000,,,58.258615,-134.6846683,145,144.6,15.3,0,,
2008-07-09T11:08:57,310405000,,,58.25894667,-134.685135,145,144.6,15.3,0,,
2008-07-09T11:08:51,310405000,,,58.25929667,-134.6856017,145,144.6,15.3,0,,
2008-07-09T11:08:45,310405000,,,58.25969667,-134.6861517,145,144.6,15.3,0,,
2008-07-09T11:08:33,310405000,,,58.26039667,-134.6870683,145,144.6,15.3,0,,
2008-07-09T11:08:27,310405000,,,58.26073167,-134.6875367,145,144.6,15.3,0,,
2008-07-09T11:08:20,310405000,,,58.26115,-134.68807,145,144.6,15.3,0,,
2008-07-09T11:08:15,310405000,,,58.26143167,-134.68847,145,144.2,15.3,0,,
2008-07-09T11:08:09,310405000,,,58.26178167,-134.6889367,145,144.6,15.3,0,,
2008-07-09T11:08:04,310405000,,,58.262065,-134.68932,145,144.6,15.3,0,,
2008-07-09T11:07:57,310405000,,,58.26248333,-134.6898717,145,144.6,15.3,0,,
2008-07-09T11:07:51,310405000,,,58.26281667,-134.69032,145,144.6,15.3,0,,
2008-07-09T11:07:45,310405000,,,58.26309833,-134.6907033,145,144.6,15.3,0,,
2008-07-09T11:07:39,310405000,,,58.263515,-134.6912533,145,144.6,15.3,0,,
2008-07-09T11:07:33,310405000,,,58.26379667,-134.691635,145,144.6,15.3,0,,
2008-07-09T11:07:27,310405000,,,58.26414667,-134.6921,145,144.2,15.3,0,,
2008-07-09T11:07:21,310405000,,,58.26449667,-134.6925833,145,144.6,15.4,0,,
2008-07-09T11:07:15,310405000,,,58.264845,-134.69305,145,145.0,15.4,0,,
2008-07-09T11:07:09,310405000,,,58.265245,-134.6935833,145,144.6,15.4,0,,
2008-07-09T11:07:04,310405000,,,58.265595,-134.6940467,145,144.2,15.4,0,,
2008-07-09T11:06:57,310405000,,,58.265945,-134.69453,145,144.6,15.4,0,,
2008-07-09T11:06:45,310405000,,,58.26664333,-134.6954633,145,144.6,15.4,0,,
2008-07-09T11:06:39,310405000,,,58.26697833,-134.6959133,145,143.8,15.4,0,,
2008-07-09T11:06:33,310405000,,,58.26732833,-134.6963967,145,144.2,15.4,0,,
2008-07-09T11:06:27,310405000,,,58.26767833,-134.696865,145,145.0,15.4,0,,
2008-07-09T11:06:21,310405000,,,58.26796167,-134.6972483,145,144.6,15.4,0,,
2008-07-09T11:06:15,310405000,,,58.26837667,-134.697795,145,143.8,15.4,0,,
2008-07-09T11:06:09,310405000,,,58.26872667,-134.69828,145,144.2,15.4,0,,
2008-07-09T11:06:03,310405000,,,58.26906167,-134.6987467,145,144.6,15.4,0,,
2008-07-09T11:05:57,310405000,,,58.26941167,-134.699215,145,144.2,15.4,0,,
2008-07-09T11:05:50,310405000,,,58.26976167,-134.6996783,144,143.2,15.4,0,,
2008-07-09T11:05:45,310405000,,,58.270045,-134.70008,144,143.2,15.4,0,,
2008-07-09T11:05:39,310405000,,,58.270395,-134.7005633,144,143.6,15.4,0,,
2008-07-09T11:05:27,310405000,,,58.27112833,-134.7016117,143,142.2,15.4,0,,
2008-07-09T11:05:21,310405000,,,58.27146167,-134.702095,143,142.2,15.4,0,,
2008-07-09T11:05:20,310405000,,,58.27181167,-134.7025933,0,0.0,0.0,0,,
2008-07-09T11:05:15,310405000,,,58.27181167,-134.7025933,143,142.6,15.4,0,,
2008-07-09T11:05:09,310405000,,,58.272145,-134.7030767,143,141.6,15.4,0,,
2008-07-09T11:05:03,310405000,,,58.27247667,-134.703575,142,141.6,15.4,0,,
2008-07-09T11:04:50,310405000,,,58.27316,-134.70459,142,142.0,15.4,0,,
2008-07-09T11:04:45,310405000,,,58.273495,-134.70509,141,140.6,15.4,0,,
2008-07-09T11:04:39,310405000,,,58.27382833,-134.7055883,141,140.6,15.4,0,,
2008-07-09T11:04:33,310405000,,,58.274095,-134.7060217,141,141.0,15.4,0,,
2008-07-09T11:04:27,310405000,,,58.27447833,-134.7066217,140,140.0,15.4,0,,
2008-07-09T11:04:21,310405000,,,58.27476167,-134.7070567,140,140.0,15.4,0,,
2008-07-09T11:04:15,310405000,,,58.27507667,-134.70757,140,140.0,15.4,0,,
2008-07-09T11:04:09,310405000,,,58.27541,-134.7081033,140,140.0,15.4,0,,
2008-07-09T11:04:03,310405000,,,58.27579333,-134.7087017,140,140.3,15.4,0,,
2008-07-09T11:03:57,310405000,,,58.27606,-134.7091367,140,140.3,15.4,0,,
2008-07-09T11:03:50,310405000,,,58.27650833,-134.709835,140,140.0,15.4,0,,
2008-07-09T11:03:45,310405000,,,58.276775,-134.7102517,140,140.0,15.4,0,,
2008-07-09T11:03:39,310405000,,,58.27711,-134.7107867,140,140.3,15.4,0,,
2008-07-09T11:03:33,310405000,,,58.277425,-134.711285,140,140.3,15.4,0,,
2008-07-09T11:03:27,310405000,,,58.27775833,-134.7118017,140,140.3,15.4,0,,
2008-07-09T11:03:21,310405000,,,58.27809167,-134.7123183,140,140.3,15.4,0,,
2008-07-09T11:03:15,310405000,,,58.278425,-134.71285,140,140.3,15.4,0,,
2008-07-09T11:03:10,310405000,,,58.27869167,-134.7132833,140,140.3,15.4,0,,
2008-07-09T11:03:03,310405000,,,58.279075,-134.7138833,140,140.0,15.4,0,,
2008-07-09T11:02:57,310405000,,,58.27935667,-134.714315,140,140.0,15.4,0,,
2008-07-09T11:02:50,310405000,,,58.27972333,-134.714915,140,140.0,15.4,0,,
2008-07-09T11:02:45,310405000,,,58.28005667,-134.715415,140,140.0,15.3,0,,
2008-07-09T11:02:39,310405000,,,58.28034,-134.715865,140,140.0,15.3,0,,
2008-07-09T11:02:33,310405000,,,58.28070667,-134.7164483,140,140.0,15.3,0,,
2008-07-09T11:02:27,310405000,,,58.28103833,-134.7169633,140,140.0,15.3,0,,
2008-07-09T11:02:21,310405000,,,58.281305,-134.71738,140,140.0,15.3,0,,
2008-07-09T11:02:15,310405000,,,58.28168833,-134.7179967,140,140.0,15.3,0,,
2008-07-09T11:02:10,310405000,,,58.28202333,-134.718515,140,140.0,15.3,0,,
2008-07-09T11:02:03,310405000,,,58.282355,-134.71903,140,140.0,15.3,0,,
2008-07-09T11:01:57,310405000,,,58.28267167,-134.7195283,140,140.0,15.3,0,,
2008-07-09T11:01:50,310405000,,,58.283055,-134.7201283,140,140.0,15.2,0,,
2008-07-09T11:01:45,310405000,,,58.28332167,-134.720545,140,140.0,15.2,0,,
2008-07-09T11:01:39,310405000,,,58.28363833,-134.7210617,140,140.0,15.2,0,,
2008-07-09T11:01:33,310405000,,,58.28397,-134.7215767,140,140.3,15.2,0,,
2008-07-09T11:01:27,310405000,,,58.28430333,-134.7220917,140,140.3,15.2,0,,
2008-07-09T11:01:21,310405000,,,58.28457,-134.7225083,140,140.0,15.2,0,,
2008-07-09T11:01:15,310405000,,,58.28495167,-134.7231083,140,140.3,15.2,0,,
2008-07-09T11:01:10,310405000,,,58.28521833,-134.72354,140,140.7,15.2,0,,
2008-07-09T11:01:03,310405000,,,58.28555333,-134.724045,140,140.7,15.2,0,,
2008-07-09T11:00:57,310405000,,,58.28586833,-134.72454,140,140.7,15.2,0,,
2008-07-09T11:00:50,310405000,,,58.28625,-134.7251233,140,141.1,15.2,0,,
2008-07-09T11:00:45,310405000,,,58.28656667,-134.7256233,140,141.5,15.2,0,,
2008-07-09T11:00:39,310405000,,,58.28689833,-134.7261217,140,141.5,15.2,0,,
2008-07-09T11:00:33,310405000,,,58.28728333,-134.726705,140,140.7,15.2,0,,
2008-07-09T11:00:27,310405000,,,58.287615,-134.7272217,140,141.1,15.2,0,,
2008-07-09T11:00:21,310405000,,,58.28788167,-134.7276233,140,141.8,15.2,0,,
2008-07-09T11:00:15,310405000,,,58.288215,-134.7281233,140,141.5,15.2,0,,
2008-07-09T11:00:10,310405000,,,58.28848167,-134.7285217,140,141.1,15.2,0,,
2008-07-09T11:00:03,310405000,,,58.288865,-134.7291217,140,141.5,15.2,0,,
2008-07-09T10:59:57,310405000,,,58.28919833,-134.7296217,140,141.8,15.1,0,,
2008-07-09T10:59:51,310405000,,,58.28948167,-134.73002,140,141.5,15.1,0,,
2008-07-09T10:59:45,310405000,,,58.289865,-134.73062,140,141.1,15.1,0,,
2008-07-09T10:59:39,310405000,,,58.29018333,-134.7311233,140,141.5,15.1,0,,
2008-07-09T10:59:33,310405000,,,58.290515,-134.7316217,140,141.5,15.1,0,,
2008-07-09T10:59:27,310405000,,,58.29083167,-134.732105,140,141.1,15.1,0,,
2008-07-09T10:59:24,310405000,,,58.291115,-134.7325217,0,0.0,0.0,0,,
2008-07-09T10:59:21,310405000,,,58.291115,-134.7325217,140,141.5,15.1,0,,
2008-07-09T10:59:15,310405000,,,58.29149833,-134.733105,140,141.5,15.1,0,,
2008-07-09T10:59:10,310405000,,,58.291765,-134.733505,140,141.1,15.1,0,,
2008-07-09T10:59:03,310405000,,,58.29214833,-134.7341033,140,140.5,15.1,0,,
2008-07-09T10:58:58,310405000,,,58.29248167,-134.734605,139,140.5,15.1,0,,
2008-07-09T10:58:51,310405000,,,58.2928,-134.735105,139,140.5,15.1,0,,
2008-07-09T10:58:45,310405000,,,58.29311667,-134.7355883,139,140.5,15.1,0,,
2008-07-09T10:58:39,310405000,,,58.29345,-134.736105,139,140.5,15.1,0,,
2008-07-09T10:58:33,310405000,,,58.29376667,-134.7366217,138,139.5,15.1,0,,
2008-07-09T10:58:27,310405000,,,58.29408333,-134.73712,138,139.8,15.1,0,,
2008-07-09T10:58:21,310405000,,,58.29441667,-134.7376367,138,139.8,15.1,0,,
2008-07-09T10:58:15,310405000,,,58.29473333,-134.738135,138,139.8,15.1,0,,
2008-07-09T10:58:10,310405000,,,58.294985,-134.738555,138,139.5,15.0,0,,
2008-07-09T10:58:03,310405000,,,58.29531833,-134.7390717,138,139.5,15.0,0,,
2008-07-09T10:57:58,310405000,,,58.29561833,-134.73959,138,140.2,15.0,0,,
2008-07-09T10:57:51,310405000,,,58.29595167,-134.740105,138,139.9,15.0,0,,
2008-07-09T10:57:45,310405000,,,58.29631833,-134.7406883,138,139.9,15.0,0,,
2008-07-09T10:57:39,310405000,,,58.296585,-134.7411217,138,139.9,15.0,0,,
2008-07-09T10:57:34,310405000,,,58.29690167,-134.7416217,138,140.2,15.1,0,,
2008-07-09T10:57:27,310405000,,,58.29731833,-134.742305,138,139.9,15.0,0,,
2008-07-09T10:57:20,310405000,,,58.29765167,-134.7428383,138,139.9,15.0,0,,
2008-07-09T10:57:15,310405000,,,58.29790167,-134.743255,138,139.8,15.1,0,,
2008-07-09T10:57:09,310405000,,,58.29821833,-134.7437733,138,139.9,15.0,0,,
2008-07-09T10:57:03,310405000,,,58.298535,-134.7442733,138,139.9,15.0,0,,
2008-07-09T10:56:58,310405000,,,58.29880167,-134.7447067,138,139.9,15.0,0,,
2008-07-09T10:56:52,310405000,,,58.299185,-134.74529,138,139.9,15.0,0,,
2008-07-09T10:56:45,310405000,,,58.2995,-134.745805,138,139.9,15.0,0,,
2008-07-09T10:56:39,310405000,,,58.29981667,-134.746305,138,139.9,15.0,0,,
2008-07-09T10:56:34,310405000,,,58.30008333,-134.7467367,138,139.9,15.0,0,,
2008-07-09T10:56:27,310405000,,,58.30045,-134.7473367,138,140.2,15.0,0,,
2008-07-09T10:56:20,310405000,,,58.30076667,-134.7478383,138,140.2,15.0,0,,
2008-07-09T10:56:15,310405000,,,58.3011,-134.7483367,138,139.5,15.0,0,,
2008-07-09T10:56:09,310405000,,,58.30136667,-134.7487683,138,139.9,15.0,0,,
2008-07-09T10:56:03,310405000,,,58.30168167,-134.749285,138,140.2,15.0,0,,
2008-07-09T10:55:58,310405000,,,58.30199833,-134.749785,138,139.9,15.0,0,,
2008-07-09T10:55:51,310405000,,,58.302365,-134.7503833,138,139.5,15.0,0,,
2008-07-09T10:55:46,310405000,,,58.30268,-134.7508817,138,139.9,15.0,0,,
2008-07-09T10:55:39,310405000,,,58.303,-134.7513983,138,139.9,15.0,0,,
2008-07-09T10:55:27,310405000,,,58.30364833,-134.752415,138,139.5,15.0,0,,
2008-07-09T10:55:20,310405000,,,58.304015,-134.7529967,138,139.9,15.0,0,,
2008-07-09T10:55:15,310405000,,,58.30428167,-134.75343,138,139.9,15.0,0,,
2008-07-09T10:55:09,310405000,,,58.30459833,-134.75393,138,139.9,15.0,0,,
2008-07-09T10:55:03,310405000,,,58.30491333,-134.754445,138,139.5,15.0,0,,
2008-07-09T10:54:58,310405000,,,58.30518,-134.7548783,138,139.5,15.0,0,,
2008-07-09T10:54:51,310405000,,,58.30549667,-134.7553783,138,139.5,15.0,0,,
2008-07-09T10:54:46,310405000,,,58.305815,-134.7558967,138,139.5,15.0,0,,
2008-07-09T10:54:40,310405000,,,58.30613167,-134.7563967,138,139.5,15.0,0,,
2008-07-09T10:54:34,310405000,,,58.30644833,-134.7569133,138,139.5,15.0,0,,
2008-07-09T10:54:28,310405000,,,58.306765,-134.75743,138,139.5,15.0,0,,
2008-07-09T10:54:20,310405000,,,58.30718,-134.7581117,138,139.5,15.0,0,,
2008-07-09T10:54:15,310405000,,,58.30749667,-134.7586117,138,139.5,15.0,0,,
2008-07-09T10:54:09,310405000,,,58.30774667,-134.759045,138,139.5,15.0,0,,
2008-07-09T10:54:03,310405000,,,58.30808,-134.7595783,138,139.5,15.0,0,,
2008-07-09T10:53:58,310405000,,,58.30839667,-134.7600767,138,139.5,15.0,0,,
2008-07-09T10:53:51,310405000,,,58.30871167,-134.7605917,138,139.5,15.0,0,,
2008-07-09T10:53:46,310405000,,,58.30896333,-134.76101,138,139.5,15.0,0,,
2008-07-09T10:53:40,310405000,,,58.30927833,-134.7615083,138,139.5,15.0,0,,
2008-07-09T10:53:33,310405000,,,58.30964667,-134.7621117,138,139.5,14.9,0,,
2008-07-09T10:53:28,310405000,,,58.30991333,-134.7625433,138,139.5,15.0,0,,
2008-07-09T10:53:20,310405000,,,58.31033,-134.7632267,138,139.5,14.9,0,,
2008-07-09T10:53:18,310405000,,,58.310595,-134.763675,0,0.0,0.0,0,,
2008-07-09T10:53:15,310405000,,,58.310595,-134.763675,138,139.1,15.0,0,,
2008-07-09T10:53:09,310405000,,,58.310845,-134.7640917,138,139.1,15.0,0,,
2008-07-09T10:53:03,310405000,,,58.31122667,-134.7647067,138,139.1,14.9,0,,
2008-07-09T10:52:58,310405000,,,58.31147667,-134.7651067,138,139.1,14.9,0,,
2008-07-09T10:52:51,310405000,,,58.311845,-134.7657233,138,139.1,14.9,0,,
2008-07-09T10:52:46,310405000,,,58.31216,-134.76624,138,139.1,14.9,0,,
2008-07-09T10:52:40,310405000,,,58.31247667,-134.7667567,138,139.1,14.9,0,,
2008-07-09T10:52:33,310405000,,,58.312775,-134.7672533,138,139.1,14.9,0,,
2008-07-09T10:52:28,310405000,,,58.31309333,-134.7677717,138,139.1,14.9,0,,
2008-07-09T10:52:21,310405000,,,58.31346,-134.7683717,138,139.1,14.9,0,,
2008-07-09T10:52:15,310405000,,,58.31372667,-134.768805,138,139.1,14.9,0,,
2008-07-09T10:52:09,310405000,,,58.31402667,-134.769305,138,139.1,14.9,0,,
2008-07-09T10:52:03,310405000,,,58.31436,-134.7698383,138,139.1,14.9,0,,
2008-07-09T10:51:58,310405000,,,58.31461,-134.770255,139,140.1,14.9,0,,
2008-07-09T10:51:51,310405000,,,58.31497667,-134.770855,139,140.5,15.1,0,,
2008-07-09T10:51:45,310405000,,,58.31529167,-134.7713533,138,139.1,14.9,0,,
2008-07-09T10:51:40,310405000,,,58.31554167,-134.77177,138,139.1,14.9,0,,
2008-07-09T10:51:33,310405000,,,58.31590833,-134.77237,138,139.1,14.9,0,,
2008-07-09T10:51:28,310405000,,,58.316175,-134.7728033,138,139.1,14.9,0,,
2008-07-09T10:51:21,310405000,,,58.31654167,-134.7733867,138,139.1,14.9,0,,
2008-07-09T10:51:15,310405000,,,58.31690833,-134.7740033,138,139.1,14.9,0,,
2008-07-09T10:51:09,310405000,,,58.31715833,-134.7744183,138,139.1,14.9,0,,
2008-07-09T10:51:03,310405000,,,58.31752333,-134.7750167,138,139.1,14.9,0,,
2008-07-09T10:50:58,310405000,,,58.31779,-134.77545,138,139.1,14.9,0,,
2008-07-09T10:50:51,310405000,,,58.31810667,-134.7759667,138,139.1,14.9,0,,
2008-07-09T10:50:45,310405000,,,58.31847333,-134.77655,138,139.1,14.9,0,,
2008-07-09T10:50:40,310405000,,,58.31873833,-134.7769817,138,139.1,14.9,0,,
2008-07-09T10:50:33,310405000,,,58.31903833,-134.7774817,138,138.7,14.9,0,,
2008-07-09T10:50:28,310405000,,,58.319305,-134.777915,138,138.7,14.9,0,,
2008-07-09T10:50:21,310405000,,,58.31967167,-134.778515,138,139.1,14.9,0,,
2008-07-09T10:50:15,310405000,,,58.31998667,-134.7790283,138,139.1,14.9,0,,
2008-07-09T10:50:10,310405000,,,58.320255,-134.7794467,138,138.7,14.9,0,,
2008-07-09T10:50:03,310405000,,,58.32062167,-134.7800467,138,138.7,14.9,0,,
2008-07-09T10:49:58,310405000,,,58.32087,-134.7804783,138,139.1,14.9,0,,
2008-07-09T10:49:51,310405000,,,58.32123667,-134.7810783,138,138.7,14.9,0,,
2008-07-09T10:49:45,310405000,,,58.32160167,-134.7816583,138,138.7,14.9,0,,
2008-07-09T10:49:39,310405000,,,58.32191833,-134.782175,138,138.7,14.9,0,,
2008-07-09T10:49:33,310405000,,,58.32221833,-134.782675,138,138.7,14.8,0,,
2008-07-09T10:49:27,310405000,,,58.322485,-134.7831083,138,138.7,14.9,0,,
2008-07-09T10:49:21,310405000,,,58.322835,-134.7837083,138,138.7,14.8,0,,
2008-07-09T10:49:15,310405000,,,58.32315167,-134.784225,138,138.7,14.8,0,,
2008-07-09T10:49:10,310405000,,,58.32340167,-134.7846417,138,138.7,14.8,0,,
2008-07-09T10:49:03,310405000,,,58.32371833,-134.7851567,138,138.7,14.8,0,,
2008-07-09T10:48:58,310405000,,,58.32403333,-134.7856717,138,138.3,14.8,0,,
2008-07-09T10:48:51,310405000,,,58.32435,-134.7862033,138,138.3,14.8,0,,
2008-07-09T10:48:45,310405000,,,58.32465,-134.786705,138,138.7,14.8,0,,
2008-07-09T10:48:39,310405000,,,58.32496667,-134.7872233,138,138.3,14.8,0,,
2008-07-09T10:48:33,310405000,,,58.32525,-134.7877217,138,138.0,14.8,0,,
2008-07-09T10:48:27,310405000,,,58.325565,-134.788255,139,139.7,14.8,0,,
2008-07-09T10:48:21,310405000,,,58.325865,-134.7887533,138,138.7,14.8,0,,
2008-07-09T10:48:15,310405000,,,58.32618167,-134.7892683,138,138.0,14.8,0,,
2008-07-09T10:48:10,310405000,,,58.3265,-134.7897867,139,139.0,14.8,0,,
2008-07-09T10:48:03,310405000,,,58.32684833,-134.7903867,139,139.7,14.8,0,,
2008-07-09T10:47:58,310405000,,,58.32709833,-134.7908033,138,139.3,14.8,0,,
2008-07-09T10:47:51,310405000,,,58.32746667,-134.7914033,138,138.0,14.8,0,,
2008-07-09T10:47:45,310405000,,,58.32778167,-134.79192,138,138.3,14.8,0,,
2008-07-09T10:47:39,310405000,,,58.32803167,-134.7923533,138,138.7,14.8,0,,
2008-07-09T10:47:33,310405000,,,58.32838167,-134.792935,138,138.0,14.8,0,,
2008-07-09T10:47:27,310405000,,,58.32864833,-134.7933867,138,138.0,14.8,0,,
2008-07-09T10:47:23,310405000,,,58.32899833,-134.793985,0,0.0,0.0,0,,
2008-07-09T10:47:21,310405000,,,58.32899833,-134.793985,139,139.3,14.8,0,,
2008-07-09T10:47:15,310405000,,,58.329265,-134.7944183,139,139.3,14.8,0,,
2008-07-09T10:47:10,310405000,,,58.329565,-134.79492,139,139.0,14.8,0,,
2008-07-09T10:47:03,310405000,,,58.32988167,-134.7954533,139,139.0,14.8,0,,
2008-07-09T10:46:58,310405000,,,58.33013167,-134.7958683,139,139.0,14.8,0,,
2008-07-09T10:46:51,310405000,,,58.33049833,-134.7964867,139,139.0,14.8,0,,
2008-07-09T10:46:45,310405000,,,58.33079833,-134.7969683,139,139.0,14.8,0,,
2008-07-09T10:46:39,310405000,,,58.331115,-134.7975033,139,139.0,14.8,0,,
2008-07-09T10:46:33,310405000,,,58.331465,-134.7981017,139,138.3,14.8,0,,
2008-07-09T10:46:27,310405000,,,58.33178167,-134.7986183,138,138.0,14.8,0,,
2008-07-09T10:46:21,310405000,,,58.33208167,-134.7991367,138,138.0,14.8,0,,
2008-07-09T10:46:15,310405000,,,58.33239833,-134.7996517,138,138.0,14.8,0,,
2008-07-09T10:46:10,310405000,,,58.33263167,-134.800085,138,138.3,14.8,0,,
2008-07-09T10:46:03,310405000,,,58.33299833,-134.8007017,138,138.0,14.8,0,,
2008-07-09T10:45:58,310405000,,,58.33324833,-134.8011183,138,138.0,14.8,0,,
2008-07-09T10:45:51,310405000,,,58.333615,-134.801735,138,138.3,14.8,0,,
2008-07-09T10:45:45,310405000,,,58.333865,-134.8021517,138,138.0,14.8,0,,
2008-07-09T10:45:39,310405000,,,58.33418167,-134.802685,138,138.0,14.8,0,,
2008-07-09T10:45:33,310405000,,,58.33453167,-134.803285,138,138.3,14.8,0,,
2008-07-09T10:45:27,310405000,,,58.33479833,-134.8037183,138,138.0,14.8,0,,
2008-07-09T10:45:21,310405000,,,58.33509833,-134.8042183,138,138.0,14.8,0,,
2008-07-09T10:45:15,310405000,,,58.335415,-134.8047683,139,139.3,14.8,0,,
2008-07-09T10:45:09,310405000,,,58.33571333,-134.8052683,139,139.3,14.9,0,,
2008-07-09T10:45:03,310405000,,,58.33603167,-134.8058017,138,138.0,14.9,0,,
2008-07-09T10:44:58,310405000,,,58.33633,-134.8063,138,138.0,14.9,0,,
2008-07-09T10:44:51,310405000,,,58.33669667,-134.806915,138,138.0,14.9,0,,
2008-07-09T10:44:45,310405000,,,58.33694667,-134.80735,138,138.3,15.0,0,,
2008-07-09T10:44:39,310405000,,,58.33731167,-134.8079633,138,138.3,15.0,0,,
2008-07-09T10:44:33,310405000,,,58.33761167,-134.80848,138,138.0,15.0,0,,
2008-07-09T10:44:28,310405000,,,58.33787833,-134.80893,138,138.0,15.0,0,,
2008-07-09T10:44:21,310405000,,,58.33817833,-134.8094467,138,138.3,15.0,0,,
2008-07-09T10:44:15,310405000,,,58.338495,-134.8099817,138,138.7,15.0,0,,
2008-07-09T10:44:09,310405000,,,58.33886167,-134.8105633,138,138.0,15.1,0,,
2008-07-09T10:44:03,310405000,,,58.33912833,-134.8110283,138,137.6,15.1,0,,
2008-07-09T10:43:58,310405000,,,58.33942833,-134.8115467,138,139.0,15.0,0,,
2008-07-09T10:43:56,310405000,,,58.3353333,-134.803667,511,360.0,102.3,15,,
2008-07-09T10:43:51,310405000,,,58.339745,-134.81208,139,139.7,15.1,0,,
2008-07-09T10:43:45,310405000,,,58.340045,-134.81258,139,139.0,15.1,0,,
2008-07-09T10:43:39,310405000,,,58.34037833,-134.81313,139,139.0,15.1,0,,
2008-07-09T10:43:33,310405000,,,58.34067833,-134.8136317,139,139.3,15.1,0,,
2008-07-09T10:43:28,310405000,,,58.340945,-134.8140817,139,139.7,15.1,0,,
2008-07-09T10:43:21,310405000,,,58.34138,-134.81475,139,139.0,15.1,0,,
2008-07-09T10:43:15,310405000,,,58.341695,-134.8152817,139,139.0,15.1,0,,
2008-07-09T10:43:09,310405000,,,58.34201333,-134.8157833,139,139.7,15.1,0,,
2008-07-09T10:43:03,310405000,,,58.34232833,-134.816315,139,139.7,15.1,0,,
2008-07-09T10:42:58,310405000,,,58.342595,-134.8167317,139,139.0,15.1,0,,
2008-07-09T10:42:50,310405000,,,58.34296167,-134.81733,139,139.3,15.1,0,,
2008-07-09T10:42:45,310405000,,,58.34322667,-134.8177617,139,139.7,15.1,0,,
2008-07-09T10:42:39,310405000,,,58.34356,-134.818295,139,139.7,15.1,0,,
2008-07-09T10:42:33,310405000,,,58.34392667,-134.8188767,139,139.3,15.1,0,,
2008-07-09T10:42:28,310405000,,,58.34419167,-134.8193267,139,139.3,15.1,0,,
2008-07-09T10:42:21,310405000,,,58.34450833,-134.8198267,139,139.7,15.1,0,,
2008-07-09T10:42:15,310405000,,,58.344875,-134.8204267,139,139.7,15.1,0,,
2008-07-09T10:42:09,310405000,,,58.34514167,-134.82086,139,139.3,15.1,0,,
2008-07-09T10:42:03,310405000,,,58.345475,-134.8213767,139,139.3,15.1,0,,
2008-07-09T10:41:58,310405000,,,58.345775,-134.821875,139,139.7,15.1,0,,
2008-07-09T10:41:50,310405000,,,58.34615833,-134.8224933,139,139.7,15.1,0,,
2008-07-09T10:41:45,310405000,,,58.34647333,-134.8229917,139,139.3,15.1,0,,
2008-07-09T10:41:39,310405000,,,58.34679167,-134.823525,139,139.3,15.1,0,,
2008-07-09T10:41:33,310405000,,,58.34710833,-134.8240267,139,139.3,15.1,0,,
2008-07-09T10:41:28,310405000,,,58.34739167,-134.8244767,139,139.3,15.1,0,,
2008-07-09T10:41:21,310405000,,,58.34775833,-134.825075,139,139.3,15.1,0,,
2008-07-09T10:41:20,310405000,,,58.34807333,-134.825575,0,0.0,0.0,0,,
2008-07-09T10:41:15,310405000,,,58.34807333,-134.825575,139,139.3,15.1,0,,
2008-07-09T10:41:09,310405000,,,58.34832333,-134.8260067,139,139.0,15.0,0,,
2008-07-09T10:41:03,310405000,,,58.34865833,-134.8265417,139,139.3,15.0,0,,
2008-07-09T10:40:58,310405000,,,58.34895667,-134.827025,139,139.3,15.0,0,,
2008-07-09T10:40:50,310405000,,,58.34934167,-134.8276417,139,139.0,15.0,0,,
2008-07-09T10:40:45,310405000,,,58.34959,-134.8280567,139,139.0,15.0,0,,
2008-07-09T10:40:39,310405000,,,58.34990667,-134.82859,139,139.0,15.0,0,,
2008-07-09T10:40:33,310405000,,,58.35022333,-134.82909,139,139.3,15.0,0,,
2008-07-09T10:40:28,310405000,,,58.35054167,-134.829625,139,139.0,15.0,0,,
2008-07-09T10:40:21,310405000,,,58.35085833,-134.830125,139,139.0,15.0,0,,
2008-07-09T10:40:15,310405000,,,58.35117333,-134.8306567,139,139.3,15.0,0,,
2008-07-09T10:40:09,310405000,,,58.35154,-134.83124,139,139.3,15.0,0,,
2008-07-09T10:40:04,310405000,,,58.35180667,-134.8316733,139,139.0,15.0,0,,
2008-07-09T10:39:58,310405000,,,58.35212333,-134.8321717,139,139.0,15.0,0,,
2008-07-09T10:39:50,310405000,,,58.35254,-134.8328717,139,139.3,14.9,0,,
2008-07-09T10:39:45,310405000,,,58.352805,-134.833305,139,139.0,14.9,0,,
2008-07-09T10:39:39,310405000,,,58.35312167,-134.833805,139,139.0,14.9,0,,
2008-07-09T10:39:33,310405000,,,58.35342167,-134.8343217,139,139.0,14.9,0,,
2008-07-09T10:39:28,310405000,,,58.35368833,-134.8347533,139,139.0,14.9,0,,
2008-07-09T10:39:21,310405000,,,58.35398833,-134.8352533,139,139.0,14.9,0,,
2008-07-09T10:39:15,310405000,,,58.35437167,-134.8358683,139,139.0,14.9,0,,
2008-07-09T10:39:09,310405000,,,58.35462,-134.8362833,139,139.0,14.9,0,,
2008-07-09T10:39:04,310405000,,,58.35493667,-134.8368183,139,139.3,14.9,0,,
2008-07-09T10:38:58,310405000,,,58.35523667,-134.8373183,139,139.3,14.9,0,,
2008-07-09T10:38:51,310405000,,,58.35557,-134.8378333,139,139.3,14.9,0,,
2008-07-09T10:38:45,310405000,,,58.35586833,-134.8383317,139,139.0,14.9,0,,
2008-07-09T10:38:39,310405000,,,58.356235,-134.8389317,139,139.3,14.9,0,,
2008-07-09T10:38:33,310405000,,,58.35655333,-134.8394517,139,139.3,14.9,0,,
2008-07-09T10:38:27,310405000,,,58.35687,-134.8399667,139,139.3,14.9,0,,
2008-07-09T10:38:21,310405000,,,58.35716833,-134.8404483,139,139.3,14.8,0,,
2008-07-09T10:38:15,310405000,,,58.357485,-134.8409817,139,139.0,14.9,0,,
2008-07-09T10:38:09,310405000,,,58.35780167,-134.84148,139,139.3,14.9,0,,
2008-07-09T10:38:04,310405000,,,58.35806667,-134.8419133,139,139.3,14.8,0,,
2008-07-09T10:37:58,310405000,,,58.35836833,-134.842415,139,139.3,14.9,0,,
2008-07-09T10:37:51,310405000,,,58.358685,-134.8429317,139,139.0,14.8,0,,
2008-07-09T10:37:45,310405000,,,58.35905167,-134.843515,140,140.0,14.9,0,,
2008-07-09T10:37:39,310405000,,,58.35931833,-134.8439467,139,139.0,14.8,0,,
2008-07-09T10:37:33,310405000,,,58.35961667,-134.8444467,139,139.0,14.8,0,,
2008-07-09T10:37:27,310405000,,,58.35998333,-134.8450283,140,139.6,14.8,0,,
2008-07-09T10:37:21,310405000,,,58.36024833,-134.84546,140,139.6,14.8,0,,
2008-07-09T10:37:15,310405000,,,58.360615,-134.8460583,139,138.6,14.8,0,,
2008-07-09T10:37:09,310405000,,,58.360865,-134.8464767,139,139.0,14.8,0,,
2008-07-09T10:37:04,310405000,,,58.36123333,-134.8470783,139,139.0,14.8,0,,
2008-07-09T10:36:58,310405000,,,58.36153167,-134.847575,139,139.0,14.8,0,,
2008-07-09T10:36:51,310405000,,,58.36184833,-134.8480917,139,138.6,14.7,0,,
2008-07-09T10:36:45,310405000,,,58.36214833,-134.8485917,139,139.0,14.7,0,,
2008-07-09T10:36:39,310405000,,,58.36246333,-134.8491067,139,139.0,14.7,0,,
2008-07-09T10:36:33,310405000,,,58.36276333,-134.8496083,139,139.0,14.6,0,,
2008-07-09T10:36:27,310405000,,,58.36308,-134.8501217,139,139.0,14.6,0,,
2008-07-09T10:36:21,310405000,,,58.36337833,-134.8506217,139,139.0,14.6,0,,
2008-07-09T10:36:15,310405000,,,58.363695,-134.8511217,139,139.3,14.6,0,,
2008-07-09T10:36:09,310405000,,,58.363945,-134.8515217,140,140.3,14.6,0,,
2008-07-09T10:36:04,310405000,,,58.36426167,-134.85202,139,139.0,14.5,0,,
2008-07-09T10:35:58,310405000,,,58.36456,-134.85252,139,139.3,14.5,0,,
2008-07-09T10:35:51,310405000,,,58.36487667,-134.85302,139,139.7,14.5,0,,
2008-07-09T10:35:45,310405000,,,58.36517667,-134.8535033,139,139.7,14.5,0,,
2008-07-09T10:35:39,310405000,,,58.365495,-134.8540033,139,139.3,14.5,0,,
2008-07-09T10:35:33,310405000,,,58.365795,-134.8544867,139,139.7,14.4,0,,
2008-07-09T10:35:27,310405000,,,58.36614333,-134.85507,139,139.7,14.4,0,,
2008-07-09T10:35:21,310405000,,,58.36646167,-134.8555533,139,139.8,14.3,0,,
2008-07-09T10:35:19,310405000,,,58.36676,-134.856035,0,0.0,0.0,0,,
2008-07-09T10:35:15,310405000,,,58.36676,-134.856035,139,139.4,14.3,0,,
2008-07-09T10:35:12,310405000,,,58.36691,-134.8563017,140,140.8,14.2,0,,
2008-07-09T10:35:09,310405000,,,58.36706,-134.8565367,140,140.8,14.2,0,,
2008-07-09T10:35:04,310405000,,,58.36731,-134.8569367,140,140.8,14.2,0,,
2008-07-09T10:35:00,310405000,,,58.36752667,-134.857255,140,140.8,14.2,0,,
2008-07-09T10:34:58,310405000,,,58.36761,-134.8574033,140,140.4,14.2,0,,
2008-07-09T10:34:51,310405000,,,58.36796167,-134.8579717,140,140.4,14.2,0,,
2008-07-09T10:34:45,310405000,,,58.36826167,-134.858455,139,139.4,14.2,0,,
2008-07-09T10:34:41,310405000,,,58.36846167,-134.8587717,139,139.8,14.2,0,,
2008-07-09T10:34:39,310405000,,,58.36856167,-134.8589383,139,139.4,14.1,0,,
2008-07-09T10:34:33,310405000,,,58.36886167,-134.859405,139,139.0,14.1,0,,
2008-07-09T10:34:31,310405000,,,58.36896167,-134.8595717,139,139.0,14.1,0,,
2008-07-09T10:34:27,310405000,,,58.36916167,-134.8598867,139,139.0,14.1,0,,
2008-07-09T10:34:21,310405000,,,58.36941167,-134.860305,139,139.8,14.1,0,,
2008-07-09T10:34:11,310405000,,,58.36991167,-134.8611067,139,139.4,14.0,0,,
2008-07-09T10:34:00,310405000,,,58.370445,-134.8619717,139,139.8,14.0,0,,
2008-07-09T10:33:50,310405000,,,58.370995,-134.86284,139,139.8,13.9,0,,
2008-07-09T10:33:41,310405000,,,58.37142833,-134.863555,140,140.4,13.9,0,,
2008-07-09T10:33:31,310405000,,,58.37192667,-134.8643217,141,141.8,13.9,0,,
2008-07-09T10:33:21,310405000,,,58.37242667,-134.86509,141,141.8,13.8,0,,
2008-07-09T10:33:11,310405000,,,58.37292667,-134.8658417,142,143.2,13.8,0,,
2008-07-09T10:33:00,310405000,,,58.37349167,-134.8666583,143,143.8,13.8,0,,
2008-07-09T10:32:50,310405000,,,58.37395667,-134.8672933,144,145.2,13.7,0,,
2008-07-09T10:32:41,310405000,,,58.37447333,-134.8679933,145,145.8,13.7,0,,
2008-07-09T10:32:31,310405000,,,58.37494,-134.8686117,146,146.8,13.7,0,,
2008-07-09T10:32:21,310405000,,,58.37547167,-134.8692633,147,147.8,13.7,0,,
2008-07-09T10:32:11,310405000,,,58.37605333,-134.86998,148,148.8,13.7,0,,
2008-07-09T10:32:00,310405000,,,58.37665333,-134.87068,149,149.4,13.7,0,,
2008-07-09T10:31:50,310405000,,,58.37720167,-134.8712967,150,150.0,13.7,0,,
2008-07-09T10:31:41,310405000,,,58.377685,-134.8718483,151,151.0,13.7,0,,
2008-07-09T10:31:31,310405000,,,58.378235,-134.872415,152,151.5,13.6,0,,
2008-07-09T10:31:21,310405000,,,58.378785,-134.8730017,152,152.0,13.7,0,,
2008-07-09T10:31:12,310405000,,,58.37928667,-134.87352,152,152.0,13.6,0,,
2008-07-09T10:31:00,310405000,,,58.37990333,-134.8741183,152,151.5,13.6,0,,
2008-07-09T10:30:50,310405000,,,58.38046833,-134.874685,152,152.0,13.6,0,,
2008-07-09T10:30:41,310405000,,,58.38108333,-134.8753167,152,152.0,13.6,0,,
2008-07-09T10:30:31,310405000,,,58.38158167,-134.875815,152,152.0,13.6,0,,
2008-07-09T10:30:20,310405000,,,58.3822,-134.8764317,152,152.0,13.6,0,,
2008-07-09T10:30:11,310405000,,,58.38268333,-134.8769333,152,152.0,13.6,0,,
2008-07-09T10:30:00,310405000,,,58.38329833,-134.877565,152,151.5,13.6,0,,
2008-07-09T10:29:50,310405000,,,58.38385,-134.8781167,152,152.0,13.6,0,,
2008-07-09T10:29:41,310405000,,,58.38435,-134.8786167,152,151.5,13.6,0,,
2008-07-09T10:29:31,310405000,,,58.3849,-134.8791833,152,152.0,13.6,0,,
2008-07-09T10:29:20,310405000,,,58.38551667,-134.8798,152,152.0,13.6,0,,
2008-07-09T10:29:18,310405000,,,58.38595,-134.88025,0,0.0,0.0,0,,
2008-07-09T10:29:11,310405000,,,58.38595,-134.88025,152,152.0,13.6,0,,
2008-07-09T10:29:02,310405000,,,58.38654833,-134.8808483,152,152.0,13.6,0,,
2008-07-09T10:28:50,310405000,,,58.387165,-134.8814483,152,152.0,13.5,0,,
2008-07-09T10:28:41,310405000,,,58.38766333,-134.881965,152,152.4,13.5,0,,
2008-07-09T10:28:31,310405000,,,58.38821333,-134.8824983,152,152.0,13.5,0,,
2008-07-09T10:28:20,310405000,,,58.38883,-134.8831133,152,152.0,13.5,0,,
2008-07-09T10:28:12,310405000,,,58.38926333,-134.8835467,152,152.0,13.5,0,,
2008-07-09T10:28:02,310405000,,,58.389815,-134.8840983,152,152.0,13.5,0,,
2008-07-09T10:27:50,310405000,,,58.390415,-134.8847167,153,153.0,13.5,0,,
2008-07-09T10:27:41,310405000,,,58.390965,-134.8852483,153,153.0,13.5,0,,
2008-07-09T10:27:31,310405000,,,58.391465,-134.88575,153,152.4,13.5,0,,
2008-07-09T10:27:20,310405000,,,58.39213,-134.8863967,152,152.0,13.5,0,,
2008-07-09T10:27:12,310405000,,,58.39256333,-134.8868467,152,152.4,13.5,0,,
2008-07-09T10:27:02,310405000,,,58.39311167,-134.8873783,152,152.0,13.4,0,,
2008-07-09T10:26:51,310405000,,,58.39373,-134.88798,152,152.4,13.4,0,,
2008-07-09T10:26:41,310405000,,,58.39427833,-134.888545,152,152.4,13.4,0,,
2008-07-09T10:26:31,310405000,,,58.39483,-134.8890967,152,152.0,13.4,0,,
2008-07-09T10:26:20,310405000,,,58.39537833,-134.8896283,152,152.4,13.4,0,,
2008-07-09T10:26:12,310405000,,,58.39586167,-134.8901133,152,152.4,13.4,0,,
2008-07-09T10:26:02,310405000,,,58.39641667,-134.8906667,152,152.4,13.4,0,,
2008-07-09T10:25:51,310405000,,,58.39701667,-134.8912667,152,152.0,13.4,0,,
2008-07-09T10:25:31,310405000,,,58.39812833,-134.8923617,153,152.5,13.4,0,,
2008-07-09T10:25:20,310405000,,,58.39872833,-134.8929633,153,153.0,13.4,0,,
2008-07-09T10:25:12,310405000,,,58.39916167,-134.893395,152,151.5,13.4,0,,
2008-07-09T10:25:02,310405000,,,58.39971667,-134.89395,152,151.5,13.3,0,,
2008-07-09T10:24:51,310405000,,,58.40031167,-134.8945617,152,152.0,13.3,0,,
2008-07-09T10:24:42,310405000,,,58.4008,-134.89505,152,151.5,13.3,0,,
2008-07-09T10:24:31,310405000,,,58.40132833,-134.8956117,152,152.0,13.3,0,,
2008-07-09T10:24:21,310405000,,,58.40192833,-134.8961933,152,151.5,13.3,0,,
2008-07-09T10:24:12,310405000,,,58.40246667,-134.89675,152,152.0,13.3,0,,
2008-07-09T10:24:02,310405000,,,58.403015,-134.8972983,152,151.5,13.2,0,,
2008-07-09T10:23:51,310405000,,,58.40354833,-134.8978483,152,152.0,13.2,0,,
2008-07-09T10:23:42,310405000,,,58.40404833,-134.8983317,152,152.0,13.2,0,,
2008-07-09T10:23:31,310405000,,,58.40463167,-134.8989317,152,151.5,13.1,0,,
2008-07-09T10:23:18,310405000,,,58.40564833,-134.8999483,0,0.0,0.0,0,,
2008-07-09T10:23:12,310405000,,,58.40564833,-134.8999483,152,151.5,13.1,0,,
2008-07-09T10:23:02,310405000,,,58.40618,-134.9004967,152,152.0,13.1,0,,
2008-07-09T10:22:51,310405000,,,58.40671167,-134.9010283,152,152.0,13.0,0,,
2008-07-09T10:22:42,310405000,,,58.40731,-134.90161,152,151.5,13.0,0,,
2008-07-09T10:22:20,310405000,,,58.40841167,-134.9027433,152,151.5,12.9,0,,
2008-07-09T10:22:02,310405000,,,58.40936,-134.9036933,152,152.0,12.8,0,,
2008-07-09T10:21:51,310405000,,,58.40992833,-134.9042783,152,152.0,12.8,0,,
2008-07-09T10:21:42,310405000,,,58.41041,-134.9047433,152,152.0,12.7,0,,
2008-07-09T10:21:31,310405000,,,58.41097833,-134.9053117,153,153.0,12.7,0,,
2008-07-09T10:21:21,310405000,,,58.411495,-134.9058283,153,153.0,12.6,0,,
2008-07-09T10:21:12,310405000,,,58.41201167,-134.9063283,153,153.0,12.6,0,,
2008-07-09T10:21:02,310405000,,,58.41252833,-134.9068283,153,153.0,12.6,0,,
2008-07-09T10:20:41,310405000,,,58.41357833,-134.9078117,153,153.0,12.5,0,,
2008-07-09T10:20:30,310405000,,,58.41414667,-134.9083633,153,153.0,12.4,0,,
2008-07-09T10:20:22,310405000,,,58.41461333,-134.9088133,153,153.0,12.4,0,,
2008-07-09T10:20:10,310405000,,,58.41517833,-134.909345,153,153.0,12.4,0,,
2008-07-09T10:20:02,310405000,,,58.41557833,-134.909745,153,153.0,12.4,0,,
2008-07-09T10:19:51,310405000,,,58.416145,-134.9102783,153,153.0,12.4,0,,
2008-07-09T10:19:41,310405000,,,58.41664333,-134.91076,154,154.0,12.3,0,,
2008-07-09T10:19:30,310405000,,,58.41721,-134.9112933,154,153.5,12.3,0,,
2008-07-09T10:19:22,310405000,,,58.41766,-134.9117433,154,154.0,12.3,0,,
2008-07-09T10:19:10,310405000,,,58.41822667,-134.9122767,154,153.0,12.2,0,,
2008-07-09T10:19:02,310405000,,,58.41867667,-134.91271,154,153.0,12.2,0,,
2008-07-09T10:18:51,310405000,,,58.41917667,-134.91321,154,153.0,12.1,0,,
2008-07-09T10:18:41,310405000,,,58.41967667,-134.9136933,154,152.1,12.1,0,,
2008-07-09T10:18:30,310405000,,,58.42021,-134.91426,154,152.5,12.1,0,,
2008-07-09T10:18:22,310405000,,,58.42066,-134.91471,154,151.1,12.1,0,,
2008-07-09T10:18:10,310405000,,,58.42119333,-134.9152767,152,150.1,12.1,0,,
2008-07-09T10:18:01,310405000,,,58.42164333,-134.9157417,151,149.1,12.1,0,,
2008-07-09T10:17:51,310405000,,,58.42211,-134.9162767,149,147.1,12.1,0,,
2008-07-09T10:17:41,310405000,,,58.42259333,-134.9168583,148,146.1,12.1,0,,
2008-07-09T10:17:30,310405000,,,58.42311,-134.917525,146,144.1,12.1,0,,
2008-07-09T10:17:22,310405000,,,58.42351167,-134.9180767,144,142.5,12.2,0,,
2008-07-09T10:17:19,310405000,,,58.424395,-134.9194083,0,0.0,0.0,0,,
2008-07-09T10:17:01,310405000,,,58.424395,-134.9194083,141,139.5,12.2,0,,
2008-07-09T10:16:52,310405000,,,58.42482833,-134.9200917,139,137.1,12.2,0,,
2008-07-09T10:16:41,310405000,,,58.425245,-134.920825,137,135.1,12.2,0,,
2008-07-09T10:16:30,310405000,,,58.42567833,-134.9216567,135,133.1,12.2,0,,
2008-07-09T10:16:22,310405000,,,58.425995,-134.9222733,134,132.1,12.2,0,,
2008-07-09T10:16:10,310405000,,,58.42649667,-134.9233083,132,130.1,12.3,0,,
2008-07-09T10:16:01,310405000,,,58.42681167,-134.9240567,130,128.1,12.3,0,,
2008-07-09T10:15:52,310405000,,,58.42714667,-134.92481,129,126.1,12.3,0,,
2008-07-09T10:15:42,310405000,,,58.42748,-134.925675,127,125.1,12.4,0,,
2008-07-09T10:15:30,310405000,,,58.42784667,-134.926655,125,123.6,12.4,0,,
2008-07-09T10:15:21,310405000,,,58.42813,-134.9274717,123,121.1,12.4,0,,
2008-07-09T10:15:01,310405000,,,58.42873,-134.9293367,120,118.6,12.5,0,,
2008-07-09T10:14:52,310405000,,,58.42898,-134.9302017,119,117.6,12.5,0,,
2008-07-09T10:14:42,310405000,,,58.42924667,-134.931185,118,116.1,12.5,0,,
2008-07-09T10:14:30,310405000,,,58.42956333,-134.9323517,117,115.6,12.5,0,,
2008-07-09T10:14:21,310405000,,,58.42981333,-134.9333367,116,114.6,12.5,0,,
2008-07-09T10:14:10,310405000,,,58.43006333,-134.934355,115,113.1,12.6,0,,
2008-07-09T10:14:01,310405000,,,58.43026333,-134.9352533,115,114.0,12.6,0,,
2008-07-09T10:13:52,310405000,,,58.43051333,-134.9362517,114,112.6,12.6,0,,
2008-07-09T10:13:42,310405000,,,58.43073,-134.937285,113,112.5,12.6,0,,
2008-07-09T10:13:30,310405000,,,58.43098,-134.9384183,112,111.5,12.7,0,,
2008-07-09T10:13:21,310405000,,,58.43116333,-134.9393533,111,111.0,12.7,0,,
2008-07-09T10:13:10,310405000,,,58.43139667,-134.9405017,110,110.0,12.7,0,,
2008-07-09T10:13:00,310405000,,,58.43159667,-134.941535,110,110.0,12.7,0,,
2008-07-09T10:12:52,310405000,,,58.43178,-134.9424833,110,110.0,12.7,0,,
2008-07-09T10:12:42,310405000,,,58.43198,-134.9435333,110,110.0,12.8,0,,
2008-07-09T10:12:31,310405000,,,58.43221333,-134.9446983,110,110.0,12.8,0,,
2008-07-09T10:12:21,310405000,,,58.432395,-134.9456417,110,110.0,12.8,0,,
2008-07-09T10:12:12,310405000,,,58.432595,-134.9466933,110,110.0,12.8,0,,
2008-07-09T10:12:00,310405000,,,58.43281167,-134.9478567,110,109.5,12.8,0,,
2008-07-09T10:11:50,310405000,,,58.43301167,-134.9489417,110,110.0,12.8,0,,
2008-07-09T10:11:42,310405000,,,58.43317833,-134.949775,110,110.0,12.8,0,,
2008-07-09T10:11:31,310405000,,,58.43342833,-134.9510583,110,109.5,12.8,0,,
2008-07-09T10:11:21,310405000,,,58.43362833,-134.9521117,110,110.0,12.8,0,,
2008-07-09T10:11:17,310405000,,,58.43381167,-134.953075,0,0.0,0.0,0,,
2008-07-09T10:11:12,310405000,,,58.43381167,-134.953075,110,109.5,12.8,0,,
2008-07-09T10:11:00,310405000,,,58.43402833,-134.954225,110,109.5,12.8,0,,
2008-07-09T10:10:50,310405000,,,58.43422833,-134.9553067,110,109.5,12.8,0,,
2008-07-09T10:10:42,310405000,,,58.43441167,-134.956255,110,109.5,12.8,0,,
2008-07-09T10:10:31,310405000,,,58.43461,-134.9573183,110,109.1,12.9,0,,
2008-07-09T10:10:21,310405000,,,58.43481,-134.958385,110,109.5,12.9,0,,
2008-07-09T10:10:11,310405000,,,58.43501,-134.9594483,110,109.5,12.9,0,,
2008-07-09T10:10:00,310405000,,,58.43522667,-134.9606183,110,109.1,12.9,0,,
2008-07-09T10:09:50,310405000,,,58.43544333,-134.9618017,110,109.5,12.9,0,,
2008-07-09T10:09:42,310405000,,,58.43561,-134.9626517,110,109.5,12.9,0,,
2008-07-09T10:09:31,310405000,,,58.43582667,-134.9638333,110,109.5,12.9,0,,
2008-07-09T10:09:21,310405000,,,58.43602833,-134.9648883,110,109.5,12.9,0,,
2008-07-09T10:09:12,310405000,,,58.43621167,-134.965855,110,109.5,12.9,0,,
2008-07-09T10:09:00,310405000,,,58.43642833,-134.9670367,110,109.1,12.9,0,,
2008-07-09T10:08:50,310405000,,,58.43662667,-134.9681017,110,109.5,12.8,0,,
2008-07-09T10:08:42,310405000,,,58.436795,-134.9689517,110,109.1,12.8,0,,
2008-07-09T10:08:30,310405000,,,58.43702667,-134.970235,110,110.0,12.8,0,,
2008-07-09T10:08:21,310405000,,,58.43721,-134.971185,110,109.5,12.9,0,,
2008-07-09T10:08:12,310405000,,,58.43741,-134.9722517,110,110.0,12.8,0,,
2008-07-09T10:08:00,310405000,,,58.43764333,-134.9735183,110,110.0,12.8,0,,
2008-07-09T10:07:51,310405000,,,58.43784333,-134.9744817,110,110.0,12.8,0,,
2008-07-09T10:07:41,310405000,,,58.43802667,-134.9754317,110,110.4,12.8,0,,
2008-07-09T10:07:30,310405000,,,58.43827667,-134.9766983,110,110.0,12.8,0,,
2008-07-09T10:07:21,310405000,,,58.43846,-134.977665,110,110.4,12.8,0,,
2008-07-09T10:07:12,310405000,,,58.43864333,-134.9786,110,110.0,12.8,0,,
2008-07-09T10:07:00,310405000,,,58.43886,-134.9797667,110,110.4,12.8,0,,
2008-07-09T10:06:41,310405000,,,58.43927833,-134.9818867,110,110.0,12.8,0,,
2008-07-09T10:06:30,310405000,,,58.43951167,-134.9830383,110,110.4,12.8,0,,
2008-07-09T10:06:21,310405000,,,58.439695,-134.98399,110,110.0,12.7,0,,
2008-07-09T10:06:11,310405000,,,58.43987833,-134.9849233,110,110.4,12.7,0,,
2008-07-09T10:06:00,310405000,,,58.440095,-134.9860883,110,110.4,12.7,0,,
2008-07-09T10:05:51,310405000,,,58.44031,-134.9871367,110,110.4,12.7,0,,
2008-07-09T10:05:41,310405000,,,58.44049333,-134.9880833,110,110.4,12.7,0,,
2008-07-09T10:05:30,310405000,,,58.44071,-134.9892317,110,110.4,12.6,0,,
2008-07-09T10:05:20,310405000,,,58.44092667,-134.9902633,110,110.4,12.6,0,,
2008-07-09T10:05:18,310405000,,,58.44111,-134.9911983,0,0.0,0.0,0,,
2008-07-09T10:05:11,310405000,,,58.44111,-134.9911983,110,110.9,12.6,0,,
2008-07-09T10:05:00,310405000,,,58.44136,-134.9924317,110,110.0,12.6,0,,
2008-07-09T10:04:51,310405000,,,58.44154333,-134.9933817,110,110.4,12.6,0,,
2008-07-09T10:04:41,310405000,,,58.44174333,-134.99443,110,110.0,12.6,0,,
2008-07-09T10:04:30,310405000,,,58.44197667,-134.9955633,111,111.0,12.6,0,,
2008-07-09T10:04:20,310405000,,,58.44216,-134.996515,110,110.4,12.6,0,,
2008-07-09T10:04:11,310405000,,,58.44234333,-134.99743,110,110.0,12.6,0,,
2008-07-09T10:04:00,310405000,,,58.44255833,-134.9985917,110,110.0,12.6,0,,
2008-07-09T10:03:51,310405000,,,58.44276,-134.9996283,110,110.4,12.6,0,,
2008-07-09T10:03:42,310405000,,,58.44294333,-135.0005617,110,109.5,12.6,0,,
2008-07-09T10:03:30,310405000,,,58.44317667,-135.0017117,110,111.0,12.6,0,,
2008-07-09T10:03:20,310405000,,,58.44339333,-135.0028467,110,110.0,12.5,0,,
2008-07-09T10:03:11,310405000,,,58.44357667,-135.00378,110,109.5,12.5,0,,
2008-07-09T10:03:00,310405000,,,58.44379333,-135.0049283,110,109.5,12.5,0,,
2008-07-09T10:02:52,310405000,,,58.44394333,-135.005745,110,109.5,12.5,0,,
2008-07-09T10:02:42,310405000,,,58.44414167,-135.0067933,110,110.0,12.5,0,,
2008-07-09T10:02:30,310405000,,,58.44437667,-135.0080467,110,110.0,12.5,0,,
2008-07-09T10:02:20,310405000,,,58.44456,-135.00898,110,110.0,12.5,0,,
2008-07-09T10:02:11,310405000,,,58.44472667,-135.0098967,110,110.0,12.5,0,,
2008-07-09T10:02:00,310405000,,,58.44494333,-135.0110467,110,110.0,12.5,0,,
2008-07-09T10:01:52,310405000,,,58.44512667,-135.011965,110,109.5,12.4,0,,
2008-07-09T10:01:42,310405000,,,58.44532667,-135.0129967,110,110.0,12.4,0,,
2008-07-09T10:01:30,310405000,,,58.44556,-135.01423,110,109.5,12.4,0,,
2008-07-09T10:01:20,310405000,,,58.44576,-135.015245,110,109.5,12.4,0,,
2008-07-09T10:01:11,310405000,,,58.44591,-135.0160633,111,111.0,12.4,0,,
2008-07-09T10:01:00,310405000,,,58.44614333,-135.017295,110,109.5,12.3,0,,
2008-07-09T10:00:52,310405000,,,58.44629333,-135.0181117,110,109.5,12.3,0,,
2008-07-09T10:00:42,310405000,,,58.44649333,-135.0191283,110,109.5,12.3,0,,
2008-07-09T10:00:30,310405000,,,58.44671,-135.020245,110,110.0,12.2,0,,
2008-07-09T10:00:20,310405000,,,58.44691,-135.0212617,110,110.0,12.2,0,,
2008-07-09T10:00:12,310405000,,,58.44709333,-135.0222783,110,110.0,12.2,0,,
2008-07-09T10:00:00,310405000,,,58.44731,-135.0233783,110,110.0,12.1,0,,
2008-07-09T09:59:52,310405000,,,58.44746,-135.02418,110,110.0,12.1,0,,
2008-07-09T09:59:42,310405000,,,58.44764167,-135.0251933,110,109.5,12.1,0,,
2008-07-09T09:59:30,310405000,,,58.447875,-135.0263917,110,109.5,12.1,0,,
2008-07-09T09:59:20,310405000,,,58.44804333,-135.027295,110,109.5,12.0,0,,
2008-07-09T09:59:17,310405000,,,58.44821,-135.0281783,0,0.0,0.0,0,,
2008-07-09T09:59:12,310405000,,,58.44821,-135.0281783,110,109.5,12.0,0,,
2008-07-09T09:59:00,310405000,,,58.44842667,-135.029295,110,109.5,11.9,0,,
2008-07-09T09:58:51,310405000,,,58.44859333,-135.0301633,110,109.5,11.9,0,,
2008-07-09T09:58:42,310405000,,,58.44877667,-135.0311617,110,109.5,11.9,0,,
2008-07-09T09:58:30,310405000,,,58.44899333,-135.0323467,110,110.0,11.8,0,,
2008-07-09T09:58:20,310405000,,,58.44917667,-135.03331,110,110.0,11.8,0,,
2008-07-09T09:58:12,310405000,,,58.449325,-135.0340933,110,110.0,11.7,0,,
2008-07-09T09:58:01,310405000,,,58.449525,-135.0350767,110,110.0,11.7,0,,
2008-07-09T09:57:52,310405000,,,58.44970833,-135.0360267,110,110.0,11.6,0,,
2008-07-09T09:57:41,310405000,,,58.44990833,-135.0371083,110,110.0,11.6,0,,
2008-07-09T09:57:30,310405000,,,58.45010833,-135.0381583,110,110.4,11.6,0,,
2008-07-09T09:57:20,310405000,,,58.450275,-135.0390083,110,110.0,11.5,0,,
2008-07-09T09:57:12,310405000,,,58.45044167,-135.03986,110,110.5,11.4,0,,
2008-07-09T09:57:01,310405000,,,58.45064167,-135.04091,110,110.5,11.4,0,,
2008-07-09T09:56:51,310405000,,,58.45084167,-135.0419417,110,110.5,11.3,0,,
2008-07-09T09:56:41,310405000,,,58.451025,-135.04286,110,110.5,11.2,0,,
2008-07-09T09:56:30,310405000,,,58.45120833,-135.0437933,110,110.5,11.1,0,,
2008-07-09T09:56:20,310405000,,,58.45139167,-135.04471,110,111.0,11.1,0,,
2008-07-09T09:56:12,310405000,,,58.45154167,-135.0454417,110,110.5,11.0,0,,
2008-07-09T09:56:01,310405000,,,58.451725,-135.0463583,110,110.5,10.9,0,,
2008-07-09T09:55:51,310405000,,,58.45190833,-135.0473417,110,110.5,10.6,0,,
2008-07-09T09:55:41,310405000,,,58.45209167,-135.04824,110,110.0,10.7,0,,
2008-07-09T09:55:30,310405000,,,58.452275,-135.049125,110,110.5,10.7,0,,
2008-07-09T09:55:20,310405000,,,58.45245833,-135.0500733,110,110.0,10.6,0,,
2008-07-09T09:55:12,310405000,,,58.45260833,-135.0508717,110,110.0,10.5,0,,
2008-07-09T09:55:01,310405000,,,58.452775,-135.05174,110,111.0,10.5,0,,
2008-07-09T09:54:51,310405000,,,58.45294167,-135.052605,110,110.0,10.4,0,,
2008-07-09T09:54:41,310405000,,,58.45310833,-135.053455,110,111.1,10.3,0,,
2008-07-09T09:54:30,310405000,,,58.45330833,-135.0543883,110,110.5,10.2,0,,
2008-07-09T09:54:20,310405000,,,58.45344167,-135.055155,110,110.5,10.2,0,,
2008-07-09T09:54:12,310405000,,,58.45359,-135.055905,110,111.1,10.1,0,,
2008-07-09T09:54:02,310405000,,,58.453775,-135.0567383,110,110.5,10.0,0,,
2008-07-09T09:53:51,310405000,,,58.45395667,-135.05772,110,111.1,9.9,0,,
2008-07-09T09:53:41,310405000,,,58.454125,-135.0585383,110,110.5,9.9,0,,
2008-07-09T09:53:21,310405000,,,58.45445667,-135.060155,110,111.7,9.7,0,,
2008-07-09T09:53:15,310405000,,,58.45459,-135.0607883,0,0.0,0.0,0,,
2008-07-09T09:53:12,310405000,,,58.45459,-135.0607883,110,111.7,9.6,0,,
2008-07-09T09:53:01,310405000,,,58.45475667,-135.0615867,110,112.9,9.6,0,,
2008-07-09T09:52:51,310405000,,,58.45494,-135.0624383,110,112.4,9.5,0,,
2008-07-09T09:52:41,310405000,,,58.45512333,-135.063205,111,113.4,9.4,0,,
2008-07-09T09:52:32,310405000,,,58.45527333,-135.0638883,112,115.4,9.4,0,,
2008-07-09T09:52:20,310405000,,,58.45548833,-135.06479,114,116.4,9.3,0,,
2008-07-09T09:52:11,310405000,,,58.455655,-135.0654583,115,117.4,9.3,0,,
2008-07-09T09:52:02,310405000,,,58.455855,-135.0661917,117,120.1,9.2,0,,
2008-07-09T09:51:51,310405000,,,58.45608667,-135.0669583,118,120.4,9.2,0,,
2008-07-09T09:51:41,310405000,,,58.45630333,-135.0676617,120,122.5,9.1,0,,
2008-07-09T09:51:32,310405000,,,58.45647,-135.068195,121,124.1,9.1,0,,
2008-07-09T09:51:21,310405000,,,58.456735,-135.0689433,123,126.1,9.1,0,,
2008-07-09T09:51:11,310405000,,,58.45695167,-135.06951,124,127.8,9.0,0,,
2008-07-09T09:51:02,310405000,,,58.4572,-135.07016,126,129.8,9.0,0,,
2008-07-09T09:50:51,310405000,,,58.45751667,-135.070895,128,131.1,9.0,0,,
2008-07-09T09:50:32,310405000,,,58.45803167,-135.0720133,131,134.8,8.9,0,,
2008-07-09T09:50:21,310405000,,,58.45833,-135.072565,133,136.8,9.0,0,,
2008-07-09T09:50:11,310405000,,,58.45861333,-135.073115,134,138.8,8.9,0,,
2008-07-09T09:50:01,310405000,,,58.45893,-135.0736483,136,139.8,8.9,0,,
2008-07-09T09:49:51,310405000,,,58.459245,-135.0741667,138,141.8,8.9,0,,
2008-07-09T09:49:41,310405000,,,58.45956167,-135.0746517,139,142.8,8.9,0,,
2008-07-09T09:49:32,310405000,,,58.459845,-135.075085,141,144.8,8.9,0,,
2008-07-09T09:49:21,310405000,,,58.46021,-135.0755867,143,146.2,8.9,0,,
2008-07-09T09:49:11,310405000,,,58.46056,-135.0760217,144,147.9,8.8,0,,
2008-07-09T09:49:01,310405000,,,58.46089333,-135.076455,144,147.9,8.8,0,,
2008-07-09T09:48:52,310405000,,,58.46121,-135.0768233,145,148.9,8.8,0,,
2008-07-09T09:48:41,310405000,,,58.46159333,-135.0772733,146,149.9,8.8,0,,
2008-07-09T09:48:32,310405000,,,58.46194333,-135.0776567,147,150.9,8.7,0,,
2008-07-09T09:48:21,310405000,,,58.46229167,-135.07804,148,151.2,8.7,0,,
2008-07-09T09:48:11,310405000,,,58.46264333,-135.0784083,149,152.2,8.7,0,,
2008-07-09T09:48:01,310405000,,,58.46299333,-135.0787767,149,152.2,8.7,0,,
2008-07-09T09:47:52,310405000,,,58.46331,-135.0790933,150,153.3,8.6,0,,
2008-07-09T09:47:41,310405000,,,58.46371,-135.0794767,150,153.9,8.6,0,,
2008-07-09T09:47:32,310405000,,,58.46405833,-135.07981,150,153.9,8.6,0,,
2008-07-09T09:47:21,310405000,,,58.46442667,-135.080145,150,153.9,8.6,0,,
2008-07-09T09:47:13,310405000,,,58.46477667,-135.0804783,0,0.0,0.0,0,,
2008-07-09T09:47:11,310405000,,,58.46477667,-135.0804783,150,154.0,8.5,0,,
2008-07-09T09:47:01,310405000,,,58.46512667,-135.0808117,150,154.0,8.5,0,,
2008-07-09T09:46:52,310405000,,,58.46544333,-135.081095,150,154.0,8.5,0,,
2008-07-09T09:46:30,310405000,,,58.46622667,-135.0818133,150,154.7,8.5,0,,
2008-07-09T09:46:21,310405000,,,58.46656,-135.0821117,150,154.7,8.5,0,,
2008-07-09T09:46:10,310405000,,,58.46690833,-135.0824283,150,154.7,8.5,0,,
2008-07-09T09:46:01,310405000,,,58.46729167,-135.0827783,150,154.7,8.5,0,,
2008-07-09T09:45:52,310405000,,,58.46760833,-135.0830617,150,155.3,8.5,0,,
2008-07-09T09:45:41,310405000,,,58.46800833,-135.0834117,150,155.3,8.6,0,,
2008-07-09T09:45:30,310405000,,,58.468375,-135.0837283,150,155.3,8.6,0,,
2008-07-09T09:45:21,310405000,,,58.46869167,-135.0840133,151,156.9,8.6,0,,
2008-07-09T09:45:10,310405000,,,58.46909333,-135.0843467,151,156.3,8.6,0,,
2008-07-09T09:45:01,310405000,,,58.469425,-135.0846133,152,157.9,8.6,0,,
2008-07-09T09:44:52,310405000,,,58.46975833,-135.0848633,153,158.2,8.7,0,,
2008-07-09T09:44:41,310405000,,,58.470175,-135.0851817,155,160.1,8.8,0,,
2008-07-09T09:44:30,310405000,,,58.47059167,-135.0854833,157,162.1,8.8,0,,
2008-07-09T09:44:21,310405000,,,58.470975,-135.0857183,158,163.4,8.9,0,,
2008-07-09T09:44:10,310405000,,,58.47135833,-135.0859533,160,165.1,8.8,0,,
2008-07-09T09:44:01,310405000,,,58.47172333,-135.0861367,161,166.1,8.9,0,,
2008-07-09T09:43:52,310405000,,,58.47207333,-135.0863217,162,167.0,9.0,0,,
2008-07-09T09:43:41,310405000,,,58.47252167,-135.0865217,163,168.0,9.0,0,,
2008-07-09T09:43:30,310405000,,,58.47297167,-135.086705,164,169.0,9.1,0,,
2008-07-09T09:43:27,310405000,,,58.4688333,-135.084333,511,360.0,102.3,15,,
2008-07-09T09:43:21,310405000,,,58.473355,-135.08684,165,169.3,9.1,0,,
2008-07-09T09:43:10,310405000,,,58.473805,-135.0870067,166,169.7,9.1,0,,
2008-07-09T09:43:02,310405000,,,58.47413667,-135.0871233,167,171.3,9.2,0,,
2008-07-09T09:42:51,310405000,,,58.47463667,-135.0872917,168,172.3,9.2,0,,
2008-07-09T09:42:41,310405000,,,58.47505333,-135.0874083,168,172.3,9.2,0,,
2008-07-09T09:42:30,310405000,,,58.47547,-135.08751,168,172.9,9.3,0,,
2008-07-09T09:42:21,310405000,,,58.47585333,-135.08761,168,172.3,9.3,0,,
2008-07-09T09:42:10,310405000,,,58.47632167,-135.0877267,168,172.9,9.3,0,,
2008-07-09T09:42:02,310405000,,,58.47667167,-135.08781,168,172.9,9.3,0,,
2008-07-09T09:41:51,310405000,,,58.47713667,-135.0879267,168,172.9,9.3,0,,
2008-07-09T09:41:41,310405000,,,58.47757,-135.0880267,168,172.9,9.3,0,,
2008-07-09T09:41:30,310405000,,,58.47802,-135.0881267,168,172.9,9.3,0,,
2008-07-09T09:41:21,310405000,,,58.47845167,-135.0882433,168,173.5,9.3,0,,
2008-07-09T09:41:16,310405000,,,58.47888333,-135.0883417,0,0.0,0.0,0,,
2008-07-09T09:41:10,310405000,,,58.47888333,-135.0883417,168,172.8,9.4,0,,
2008-07-09T09:41:02,310405000,,,58.47926667,-135.088425,168,172.8,9.4,0,,
2008-07-09T09:40:51,310405000,,,58.4797,-135.088525,168,172.8,9.4,0,,
2008-07-09T09:40:41,310405000,,,58.48013167,-135.088625,169,173.8,9.4,0,,
2008-07-09T09:40:32,310405000,,,58.480565,-135.088725,169,173.2,9.4,0,,
2008-07-09T09:40:21,310405000,,,58.48099833,-135.0888267,170,174.2,9.5,0,,
2008-07-09T09:40:10,310405000,,,58.481465,-135.0889267,171,174.6,9.5,0,,
2008-07-09T09:40:02,310405000,,,58.481815,-135.0889933,172,175.6,9.5,0,,
2008-07-09T09:39:51,310405000,,,58.48229833,-135.0890617,173,176.5,9.6,0,,
2008-07-09T09:39:41,310405000,,,58.48278167,-135.0891283,173,176.5,9.6,0,,
2008-07-09T09:39:32,310405000,,,58.48318,-135.0891783,173,176.5,9.6,0,,
2008-07-09T09:39:22,310405000,,,58.48362833,-135.0892283,173,175.9,9.7,0,,
2008-07-09T09:39:10,310405000,,,58.48411333,-135.089295,173,175.9,9.7,0,,
2008-07-09T09:39:02,310405000,,,58.48453,-135.089345,173,175.9,9.7,0,,
2008-07-09T09:38:51,310405000,,,58.48496333,-135.0894117,173,175.9,9.7,0,,
2008-07-09T09:38:41,310405000,,,58.48541333,-135.0894783,173,175.3,9.7,0,,
2008-07-09T09:38:32,310405000,,,58.48586333,-135.089545,173,175.3,9.7,0,,
2008-07-09T09:38:22,310405000,,,58.48631333,-135.089595,173,175.3,9.7,0,,
2008-07-09T09:38:10,310405000,,,58.48684667,-135.0896767,173,175.3,9.7,0,,
2008-07-09T09:38:02,310405000,,,58.48719667,-135.089745,173,175.3,9.7,0,,
2008-07-09T09:37:50,310405000,,,58.48774667,-135.0898267,173,174.7,9.8,0,,
2008-07-09T09:37:32,310405000,,,58.48854333,-135.08996,173,174.7,9.8,0,,
2008-07-09T09:37:21,310405000,,,58.48899333,-135.0900433,173,174.7,9.8,0,,
2008-07-09T09:37:17,310405000,,,58.48949333,-135.0901267,0,0.0,0.0,0,,
2008-07-09T09:37:10,310405000,,,58.48949333,-135.0901267,173,174.7,9.8,0,,
2008-07-09T09:37:02,310405000,,,58.48989333,-135.0901933,173,174.7,9.8,0,,
2008-07-09T09:36:50,310405000,,,58.49039167,-135.090275,173,174.1,9.8,0,,
2008-07-09T09:36:41,310405000,,,58.49079167,-135.0903583,173,174.1,9.8,0,,
2008-07-09T09:36:32,310405000,,,58.49124167,-135.0904417,173,174.1,9.8,0,,
2008-07-09T09:36:02,310405000,,,58.492605,-135.0906917,173,174.1,9.9,0,,
2008-07-09T09:35:50,310405000,,,58.49309,-135.090775,173,174.1,9.9,0,,
2008-07-09T09:35:41,310405000,,,58.493555,-135.090875,173,174.1,9.9,0,,
2008-07-09T09:35:32,310405000,,,58.493955,-135.0909417,173,174.1,9.9,0,,
2008-07-09T09:35:22,310405000,,,58.49441667,-135.0910333,173,174.1,9.9,0,,
2008-07-09T09:35:02,310405000,,,58.495315,-135.0912,173,174.1,9.9,0,,
2008-07-09T09:34:50,310405000,,,58.495865,-135.0913,173,174.7,10.0,0,,
2008-07-09T09:34:32,310405000,,,58.49669833,-135.09145,173,174.1,10.0,0,,
2008-07-09T09:34:21,310405000,,,58.49715333,-135.0915417,173,174.7,10.0,0,,
2008-07-09T09:34:10,310405000,,,58.49766667,-135.0916333,173,174.1,10.0,0,,
2008-07-09T09:34:02,310405000,,,58.49808333,-135.0917,173,174.1,10.0,0,,
2008-07-09T09:33:50,310405000,,,58.49858167,-135.0917833,173,174.1,10.0,0,,
2008-07-09T09:33:41,310405000,,,58.49899833,-135.0918667,173,174.1,10.1,0,,
2008-07-09T09:33:32,310405000,,,58.499465,-135.0919667,173,174.1,10.1,0,,
2008-07-09T09:33:21,310405000,,,58.499965,-135.09205,173,174.7,10.1,0,,
2008-07-09T09:33:12,310405000,,,58.50038333,-135.0921333,173,174.7,10.1,0,,
2008-07-09T09:33:02,310405000,,,58.50084833,-135.0922167,173,174.7,10.1,0,,
2008-07-09T09:32:50,310405000,,,58.50139833,-135.0923333,173,174.1,10.1,0,,
2008-07-09T09:32:41,310405000,,,58.50183167,-135.0924,173,174.6,10.2,0,,
2008-07-09T09:32:31,310405000,,,58.50225,-135.0924833,173,174.1,10.2,0,,
2008-07-09T09:32:21,310405000,,,58.50271667,-135.0925667,173,174.6,10.2,0,,
2008-07-09T09:32:02,310405000,,,58.50364833,-135.0927333,173,174.6,10.3,0,,
2008-07-09T09:31:51,310405000,,,58.50418167,-135.0928333,173,174.1,10.3,0,,
2008-07-09T09:31:41,310405000,,,58.504665,-135.0929167,173,174.1,10.4,0,,
2008-07-09T09:31:31,310405000,,,58.50513,-135.0930167,173,174.1,10.4,0,,
2008-07-09T09:31:12,310405000,,,58.50603,-135.0931833,173,174.0,10.5,0,,
2008-07-09T09:31:01,310405000,,,58.50657833,-135.0932833,173,174.0,10.5,0,,
2008-07-09T09:30:51,310405000,,,58.506995,-135.0933667,173,174.0,10.5,0,,
2008-07-09T09:30:41,310405000,,,58.50754667,-135.0934667,173,174.0,10.6,0,,
2008-07-09T09:30:31,310405000,,,58.50798,-135.09355,173,174.0,10.6,0,,
2008-07-09T09:30:21,310405000,,,58.50846167,-135.0936317,173,174.0,10.6,0,,
2008-07-09T09:30:12,310405000,,,58.508945,-135.0937317,173,174.0,10.6,0,,
2008-07-09T09:30:01,310405000,,,58.50947667,-135.0938317,173,174.0,10.6,0,,
2008-07-09T09:29:51,310405000,,,58.50996,-135.093915,173,174.0,10.6,0,,
2008-07-09T09:29:41,310405000,,,58.51045833,-135.094015,173,174.0,10.7,0,,
2008-07-09T09:29:31,310405000,,,58.51089167,-135.0940983,173,174.0,10.7,0,,
2008-07-09T09:29:22,310405000,,,58.511375,-135.0941817,173,174.0,10.7,0,,
2008-07-09T09:29:13,310405000,,,58.51196,-135.0942983,0,0.0,0.0,0,,
2008-07-09T09:29:10,310405000,,,58.51196,-135.0942983,173,173.5,10.7,0,,
2008-07-09T09:29:01,310405000,,,58.51235833,-135.0943817,173,174.0,10.7,0,,
2008-07-09T09:28:51,310405000,,,58.51285833,-135.0944817,173,173.5,10.7,0,,
2008-07-09T09:28:42,310405000,,,58.51339167,-135.0945983,173,173.5,10.7,0,,
2008-07-09T09:28:31,310405000,,,58.51387333,-135.094715,173,173.5,10.7,0,,
2008-07-09T09:28:22,310405000,,,58.51437167,-135.094815,173,173.5,10.7,0,,
2008-07-09T09:28:10,310405000,,,58.51492167,-135.09493,173,173.0,10.8,0,,
2008-07-09T09:28:01,310405000,,,58.51535333,-135.0950133,173,173.0,10.8,0,,
2008-07-09T09:27:51,310405000,,,58.51585333,-135.09513,173,173.0,10.8,0,,
2008-07-09T09:27:42,310405000,,,58.51628667,-135.09523,173,173.0,10.8,0,,
2008-07-09T09:27:31,310405000,,,58.51678667,-135.0953467,173,173.0,10.8,0,,
2008-07-09T09:27:20,310405000,,,58.517335,-135.0954633,173,173.0,10.8,0,,
2008-07-09T09:27:10,310405000,,,58.517885,-135.09558,173,173.0,10.9,0,,
2008-07-09T09:27:01,310405000,,,58.518335,-135.0956967,173,173.0,10.9,0,,
2008-07-09T09:26:51,310405000,,,58.51883333,-135.0957967,173,173.0,10.9,0,,
2008-07-09T09:26:42,310405000,,,58.519285,-135.0958967,173,173.0,10.9,0,,
2008-07-09T09:26:32,310405000,,,58.519785,-135.09603,173,173.0,10.9,0,,
2008-07-09T09:26:20,310405000,,,58.520385,-135.0961633,173,173.0,10.9,0,,
2008-07-09T09:26:10,310405000,,,58.520885,-135.0962633,173,173.0,10.9,0,,
2008-07-09T09:25:51,310405000,,,58.52178333,-135.0964633,173,173.0,11.0,0,,
2008-07-09T09:25:42,310405000,,,58.52228333,-135.09658,173,173.5,11.0,0,,
2008-07-09T09:25:32,310405000,,,58.52283333,-135.0966967,173,173.0,11.0,0,,
2008-07-09T09:25:20,310405000,,,58.52339833,-135.09683,173,173.5,11.0,0,,
2008-07-09T09:25:11,310405000,,,58.52384833,-135.09693,173,173.5,11.0,0,,
2008-07-09T09:25:01,310405000,,,58.52434833,-135.09703,173,173.5,11.0,0,,
2008-07-09T09:24:51,310405000,,,58.524865,-135.0971467,173,174.0,11.1,0,,
2008-07-09T09:24:42,310405000,,,58.52531667,-135.0972467,173,173.5,11.1,0,,
2008-07-09T09:24:32,310405000,,,58.52583167,-135.0973467,174,175.0,11.1,0,,
2008-07-09T09:24:20,310405000,,,58.52638167,-135.0974633,174,174.0,11.1,0,,
2008-07-09T09:24:11,310405000,,,58.52684833,-135.0975467,174,174.0,11.1,0,,
2008-07-09T09:24:01,310405000,,,58.527365,-135.0976467,175,175.5,11.2,0,,
2008-07-09T09:23:51,310405000,,,58.52796333,-135.0977467,175,175.0,11.2,0,,
2008-07-09T09:23:40,310405000,,,58.52848,-135.09783,175,175.5,11.2,0,,
2008-07-09T09:23:32,310405000,,,58.52889667,-135.0978967,175,175.5,11.2,0,,
2008-07-09T09:23:20,310405000,,,58.52951333,-135.0979967,175,175.5,11.2,0,,
2008-07-09T09:23:11,310405000,,,58.52998,-135.0980633,175,175.5,11.2,0,,
2008-07-09T09:23:11,310405000,,,58.53049667,-135.09813,0,0.0,0.0,0,,
2008-07-09T09:23:01,310405000,,,58.53049667,-135.09813,175,175.5,11.2,0,,
2008-07-09T09:22:51,310405000,,,58.53101333,-135.0982133,175,175.5,11.2,0,,
2008-07-09T09:22:40,310405000,,,58.53158,-135.0982967,175,175.5,11.2,0,,
2008-07-09T09:22:32,310405000,,,58.53199667,-135.0983467,175,175.5,11.2,0,,
2008-07-09T09:22:20,310405000,,,58.53261333,-135.09843,175,176.0,11.2,0,,
2008-07-09T09:22:11,310405000,,,58.53308,-135.0984967,175,176.0,11.2,0,,
2008-07-09T09:22:01,310405000,,,58.53364667,-135.098565,175,176.0,11.2,0,,
2008-07-09T09:21:51,310405000,,,58.53411333,-135.0986317,175,176.0,11.2,0,,
2008-07-09T09:21:40,310405000,,,58.53467833,-135.0986967,175,176.0,11.3,0,,
2008-07-09T09:21:32,310405000,,,58.53509667,-135.0987467,175,176.5,11.3,0,,
2008-07-09T09:21:20,310405000,,,58.535715,-135.0988317,175,176.0,11.2,0,,
2008-07-09T09:21:11,310405000,,,58.53618,-135.0988817,175,177.0,11.2,0,,
2008-07-09T09:21:00,310405000,,,58.53669667,-135.0989467,175,176.5,11.3,0,,
2008-07-09T09:20:51,310405000,,,58.53721167,-135.0989983,175,177.0,11.3,0,,
2008-07-09T09:20:40,310405000,,,58.537795,-135.099065,175,177.0,11.3,0,,
2008-07-09T09:20:32,310405000,,,58.53826167,-135.099115,175,177.0,11.3,0,,
2008-07-09T09:20:20,310405000,,,58.53882833,-135.099165,175,177.0,11.3,0,,
2008-07-09T09:20:11,310405000,,,58.539295,-135.099215,175,177.0,11.3,0,,
2008-07-09T09:20:00,310405000,,,58.53986167,-135.099265,175,177.0,11.3,0,,
2008-07-09T09:19:51,310405000,,,58.54034333,-135.0992983,175,177.0,11.3,0,,
2008-07-09T09:19:40,310405000,,,58.54091167,-135.099365,175,177.0,11.3,0,,
2008-07-09T09:19:32,310405000,,,58.54132667,-135.0993983,175,177.0,11.3,0,,
2008-07-09T09:19:20,310405000,,,58.54196,-135.099465,175,177.0,11.4,0,,
2008-07-09T09:19:11,310405000,,,58.54237667,-135.0994967,175,177.0,11.4,0,,
2008-07-09T09:19:00,310405000,,,58.54301167,-135.0995633,175,177.0,11.4,0,,
2008-07-09T09:18:51,310405000,,,58.54352833,-135.0996317,175,177.0,11.4,0,,
2008-07-09T09:18:40,310405000,,,58.54406167,-135.0996817,175,177.0,11.4,0,,
2008-07-09T09:18:32,310405000,,,58.54447833,-135.0997317,175,177.0,11.4,0,,
2008-07-09T09:18:20,310405000,,,58.54511333,-135.0997983,175,176.9,11.5,0,,
2008-07-09T09:18:11,310405000,,,58.54558,-135.0998317,175,176.9,11.5,0,,
2008-07-09T09:18:01,310405000,,,58.54611167,-135.0998983,175,176.9,11.5,0,,
2008-07-09T09:17:51,310405000,,,58.54664667,-135.0999483,175,176.9,11.5,0,,
2008-07-09T09:17:41,310405000,,,58.54718,-135.0999983,175,176.9,11.5,0,,
2008-07-09T09:17:32,310405000,,,58.54764667,-135.1000483,175,176.9,11.5,0,,
2008-07-09T09:17:20,310405000,,,58.548295,-135.100115,175,176.9,11.5,0,,
2008-07-09T09:17:13,310405000,,,58.54876167,-135.100165,0,0.0,0.0,0,,
2008-07-09T09:17:11,310405000,,,58.54876167,-135.100165,175,176.9,11.5,0,,
2008-07-09T09:17:01,310405000,,,58.54936,-135.10023,175,176.9,11.6,0,,
2008-07-09T09:16:51,310405000,,,58.54987667,-135.10028,175,176.9,11.6,0,,
2008-07-09T09:16:41,310405000,,,58.55036,-135.1003317,175,176.9,11.6,0,,
2008-07-09T09:16:32,310405000,,,58.550845,-135.10038,175,176.9,11.6,0,,
2008-07-09T09:16:20,310405000,,,58.55149333,-135.100465,175,176.9,11.6,0,,
2008-07-09T09:16:11,310405000,,,58.55197667,-135.1004983,175,176.9,11.7,0,,
2008-07-09T09:16:01,310405000,,,58.55250833,-135.1005633,175,176.9,11.6,0,,
2008-07-09T09:15:51,310405000,,,58.55309333,-135.100615,175,176.9,11.6,0,,
2008-07-09T09:15:41,310405000,,,58.55362667,-135.10068,175,176.9,11.6,0,,
2008-07-09T09:15:32,310405000,,,58.55411,-135.1007317,175,176.9,11.6,0,,
2008-07-09T09:15:20,310405000,,,58.55470833,-135.1007967,175,176.9,11.6,0,,
2008-07-09T09:15:11,310405000,,,58.555175,-135.1008317,175,176.9,11.6,0,,
2008-07-09T09:15:01,310405000,,,58.555775,-135.1008967,175,176.9,11.6,0,,
2008-07-09T09:14:51,310405000,,,58.55625833,-135.1009483,175,176.9,11.6,0,,
2008-07-09T09:14:41,310405000,,,58.55679,-135.1009983,175,176.9,11.6,0,,
2008-07-09T09:14:32,310405000,,,58.55727333,-135.1010467,175,176.9,11.6,0,,
2008-07-09T09:14:20,310405000,,,58.55792333,-135.1010983,175,176.9,11.7,0,,
2008-07-09T09:14:11,310405000,,,58.55838833,-135.1011483,175,176.9,11.7,0,,
2008-07-09T09:14:00,310405000,,,58.55898667,-135.1011967,175,176.9,11.7,0,,
2008-07-09T09:13:51,310405000,,,58.55952,-135.1012467,175,177.4,11.7,0,,
2008-07-09T09:13:41,310405000,,,58.560005,-135.10128,175,176.9,11.7,0,,
2008-07-09T09:13:32,310405000,,,58.56053833,-135.10133,175,176.9,11.7,0,,
2008-07-09T09:13:20,310405000,,,58.56113833,-135.1013967,175,176.9,11.7,0,,
2008-07-09T09:13:11,310405000,,,58.56162,-135.10143,175,176.9,11.7,0,,
2008-07-09T09:13:00,310405000,,,58.56215333,-135.1014817,175,176.9,11.7,0,,
2008-07-09T09:12:51,310405000,,,58.562705,-135.10153,175,177.4,11.6,0,,
2008-07-09T09:12:41,310405000,,,58.56328667,-135.10158,175,176.9,11.6,0,,
2008-07-09T09:12:32,310405000,,,58.56377,-135.1016317,175,176.9,11.6,0,,
2008-07-09T09:12:20,310405000,,,58.56435333,-135.10168,175,176.9,11.6,0,,
2008-07-09T09:12:11,310405000,,,58.56483833,-135.101715,175,176.9,11.6,0,,
2008-07-09T09:12:00,310405000,,,58.56542167,-135.101765,175,176.9,11.6,0,,
2008-07-09T09:11:51,310405000,,,58.565955,-135.1018133,175,176.9,11.6,0,,
2008-07-09T09:11:41,310405000,,,58.56643833,-135.101865,175,176.9,11.6,0,,
2008-07-09T09:11:32,310405000,,,58.56692167,-135.1019133,175,177.4,11.6,0,,
2008-07-09T09:11:20,310405000,,,58.56755333,-135.1019633,175,177.4,11.5,0,,
2008-07-09T09:11:10,310405000,,,58.56861833,-135.1020467,0,0.0,0.0,0,,
2008-07-09T09:11:00,310405000,,,58.56861833,-135.1020467,175,177.4,11.5,0,,
2008-07-09T09:10:51,310405000,,,58.56915167,-135.1020967,175,177.4,11.5,0,,
2008-07-09T09:10:41,310405000,,,58.569685,-135.1021467,175,177.4,11.5,0,,
2008-07-09T09:10:32,310405000,,,58.57015,-135.10218,175,177.4,11.5,0,,
2008-07-09T09:10:20,310405000,,,58.570735,-135.10223,175,176.9,11.5,0,,
2008-07-09T09:10:11,310405000,,,58.57121833,-135.10228,175,176.9,11.5,0,,
2008-07-09T09:10:00,310405000,,,58.5718,-135.10233,175,177.0,11.4,0,,
2008-07-09T09:09:52,310405000,,,58.572215,-135.1023633,175,177.0,11.4,0,,
2008-07-09T09:09:42,310405000,,,58.57275,-135.1024133,175,177.0,11.4,0,,
2008-07-09T09:09:32,310405000,,,58.57331667,-135.1024633,175,177.0,11.4,0,,
2008-07-09T09:09:21,310405000,,,58.5739,-135.10253,175,177.0,11.4,0,,
2008-07-09T09:09:11,310405000,,,58.57443333,-135.10258,175,177.0,11.4,0,,
2008-07-09T09:09:00,310405000,,,58.57495,-135.10263,175,177.0,11.4,0,,
2008-07-09T09:08:52,310405000,,,58.57543167,-135.10268,175,177.0,11.4,0,,
2008-07-09T09:08:42,310405000,,,58.57594833,-135.10273,175,177.0,11.4,0,,
2008-07-09T09:08:32,310405000,,,58.576415,-135.10278,175,177.0,11.4,0,,
2008-07-09T09:08:21,310405000,,,58.57704833,-135.1028467,175,177.0,11.4,0,,
2008-07-09T09:08:11,310405000,,,58.577515,-135.10288,175,177.0,11.4,0,,
2008-07-09T09:08:00,310405000,,,58.57814667,-135.1029467,175,177.0,11.4,0,,
2008-07-09T09:07:52,310405000,,,58.57858,-135.10298,175,177.0,11.4,0,,
2008-07-09T09:07:42,310405000,,,58.57909667,-135.1030467,175,177.0,11.4,0,,
2008-07-09T09:07:32,310405000,,,58.57961333,-135.1030967,175,176.5,11.4,0,,
2008-07-09T09:07:21,310405000,,,58.58019667,-135.1031467,175,176.5,11.4,0,,
2008-07-09T09:07:12,310405000,,,58.58068,-135.1031967,175,176.4,11.5,0,,
2008-07-09T09:07:00,310405000,,,58.58126167,-135.1032617,175,176.4,11.5,0,,
2008-07-09T09:06:52,310405000,,,58.58172833,-135.10333,175,176.4,11.5,0,,
2008-07-09T09:06:42,310405000,,,58.58226333,-135.1033783,175,176.4,11.5,0,,
2008-07-09T09:06:32,310405000,,,58.582745,-135.10343,175,176.4,11.6,0,,
2008-07-09T09:06:21,310405000,,,58.58337833,-135.103495,175,175.9,11.6,0,,
2008-07-09T09:06:12,310405000,,,58.58387833,-135.1035617,175,176.4,11.6,0,,
2008-07-09T09:06:00,310405000,,,58.58446,-135.1036283,175,176.4,11.7,0,,
2008-07-09T09:05:52,310405000,,,58.58494167,-135.1036783,175,175.9,11.7,0,,
2008-07-09T09:05:42,310405000,,,58.585475,-135.103745,175,176.4,11.8,0,,
2008-07-09T09:05:32,310405000,,,58.58602333,-135.1038117,175,175.9,11.8,0,,
2008-07-09T09:05:21,310405000,,,58.58660667,-135.103895,175,175.9,11.8,0,,
2008-07-09T09:05:13,310405000,,,58.58710667,-135.1039617,0,0.0,0.0,0,,
2008-07-09T09:05:12,310405000,,,58.58710667,-135.1039617,175,175.9,11.9,0,,
2008-07-09T09:05:00,310405000,,,58.58770667,-135.1040283,175,175.9,11.9,0,,
2008-07-09T09:04:52,310405000,,,58.58820667,-135.104095,175,175.9,11.9,0,,
2008-07-09T09:04:42,310405000,,,58.58874167,-135.1041617,175,175.9,11.9,0,,
2008-07-09T09:04:32,310405000,,,58.58930667,-135.1042433,175,175.9,12.0,0,,
2008-07-09T09:04:21,310405000,,,58.58990667,-135.10431,175,175.9,12.0,0,,
2008-07-09T09:04:12,310405000,,,58.59040833,-135.1043783,175,175.9,12.1,0,,
2008-07-09T09:04:02,310405000,,,58.59095667,-135.10446,175,175.9,12.1,0,,
2008-07-09T09:03:52,310405000,,,58.59152167,-135.1045283,175,175.9,12.1,0,,
2008-07-09T09:03:42,310405000,,,58.59207167,-135.10461,175,175.9,12.2,0,,
2008-07-09T09:03:31,310405000,,,58.59268833,-135.1046767,175,175.9,12.2,0,,
2008-07-09T09:03:21,310405000,,,58.59325333,-135.10476,175,175.9,12.3,0,,
2008-07-09T09:03:12,310405000,,,58.59382,-135.1048433,175,175.9,12.3,0,,
2008-07-09T09:03:02,310405000,,,58.59431833,-135.10491,175,175.9,12.4,0,,
2008-07-09T09:02:52,310405000,,,58.59490333,-135.1049767,175,175.9,12.4,0,,
2008-07-09T09:02:41,310405000,,,58.59552167,-135.1050767,175,175.9,12.4,0,,
2008-07-09T09:02:31,310405000,,,58.596105,-135.1051433,175,175.9,12.4,0,,
2008-07-09T09:02:21,310405000,,,58.59667167,-135.1052267,175,175.4,12.5,0,,
2008-07-09T09:02:12,310405000,,,58.59718833,-135.10531,175,175.4,12.5,0,,
2008-07-09T09:02:02,310405000,,,58.59775333,-135.1053933,175,175.4,12.5,0,,
2008-07-09T09:01:52,310405000,,,58.59835333,-135.1054767,175,175.4,12.5,0,,
2008-07-09T09:01:41,310405000,,,58.59897,-135.1055767,175,175.4,12.6,0,,
2008-07-09T09:01:31,310405000,,,58.59955333,-135.10566,175,175.4,12.6,0,,
2008-07-09T09:01:20,310405000,,,58.60013833,-135.1057433,175,175.4,12.6,0,,
2008-07-09T09:01:12,310405000,,,58.600655,-135.1058267,175,175.4,12.6,0,,
2008-07-09T09:01:02,310405000,,,58.60124,-135.10591,175,175.0,12.7,0,,
2008-07-09T09:00:52,310405000,,,58.60182,-135.10601,175,175.4,12.7,0,,
2008-07-09T09:00:41,310405000,,,58.60247,-135.1060933,175,175.0,12.7,0,,
2008-07-09T09:00:31,310405000,,,58.60305167,-135.1061933,175,175.4,12.8,0,,
2008-07-09T09:00:20,310405000,,,58.603635,-135.1062767,175,175.4,12.8,0,,
2008-07-09T09:00:11,310405000,,,58.60416833,-135.10636,175,175.4,12.8,0,,
2008-07-09T09:00:02,310405000,,,58.60481833,-135.10646,175,175.4,12.8,0,,
2008-07-09T08:59:52,310405000,,,58.6054,-135.1065433,175,175.4,12.9,0,,
2008-07-09T08:59:41,310405000,,,58.606,-135.1066267,175,175.4,12.9,0,,
2008-07-09T08:59:31,310405000,,,58.60658333,-135.10671,175,175.4,12.9,0,,
2008-07-09T08:59:20,310405000,,,58.607185,-135.10681,175,175.0,12.9,0,,
2008-07-09T08:59:11,310405000,,,58.60776833,-135.1068933,175,175.4,12.9,0,,
2008-07-09T08:59:07,310405000,,,58.60831667,-135.1069767,0,0.0,0.0,0,,
2008-07-09T08:59:02,310405000,,,58.60831667,-135.1069767,175,175.0,12.9,0,,
2008-07-09T08:58:52,310405000,,,58.608915,-135.10706,175,175.4,12.8,0,,
2008-07-09T08:58:41,310405000,,,58.609565,-135.10716,175,175.4,12.8,0,,
2008-07-09T08:58:31,310405000,,,58.61014833,-135.1072417,175,175.4,12.8,0,,
2008-07-09T08:58:20,310405000,,,58.61079667,-135.1073433,175,175.8,12.8,0,,
2008-07-09T08:58:11,310405000,,,58.61133,-135.10741,175,175.4,12.8,0,,
2008-07-09T08:58:02,310405000,,,58.61184667,-135.1074767,175,175.8,12.8,0,,
2008-07-09T08:57:52,310405000,,,58.61244667,-135.10756,175,175.8,12.8,0,,
2008-07-09T08:57:41,310405000,,,58.613095,-135.1076433,175,175.8,12.8,0,,
2008-07-09T08:57:31,310405000,,,58.61368,-135.10771,175,176.3,12.8,0,,
2008-07-09T08:57:20,310405000,,,58.61428,-135.1077767,175,176.3,12.8,0,,
2008-07-09T08:57:11,310405000,,,58.61481167,-135.1078433,175,176.7,12.8,0,,
2008-07-09T08:57:02,310405000,,,58.61539667,-135.1079117,175,176.7,12.8,0,,
2008-07-09T08:56:52,310405000,,,58.616045,-135.1079783,175,176.7,12.8,0,,
2008-07-09T08:56:41,310405000,,,58.616695,-135.108045,175,177.2,12.8,0,,
2008-07-09T08:56:31,310405000,,,58.61721,-135.1080783,175,177.2,12.8,0,,
2008-07-09T08:56:20,310405000,,,58.61781,-135.1081283,175,177.2,12.8,0,,
2008-07-09T08:56:11,310405000,,,58.61839333,-135.108195,175,177.6,12.8,0,,
2008-07-09T08:56:02,310405000,,,58.618925,-135.1082283,175,177.2,12.8,0,,
2008-07-09T08:55:52,310405000,,,58.619525,-135.1082783,175,177.2,12.7,0,,
2008-07-09T08:55:42,310405000,,,58.62009167,-135.1083283,175,177.2,12.7,0,,
2008-07-09T08:55:31,310405000,,,58.62074833,-135.1083667,175,177.7,12.7,0,,
2008-07-09T08:55:20,310405000,,,58.62139833,-135.1084167,175,177.7,12.7,0,,
2008-07-09T08:55:11,310405000,,,58.62193167,-135.1084667,175,177.7,12.7,0,,
2008-07-09T08:55:02,310405000,,,58.62249833,-135.1085167,175,178.1,12.7,0,,
2008-07-09T08:54:52,310405000,,,58.62304167,-135.108545,175,177.7,12.7,0,,
2008-07-09T08:54:42,310405000,,,58.62360833,-135.10858,175,178.1,12.7,0,,
2008-07-09T08:54:31,310405000,,,58.62425667,-135.10863,175,178.1,12.7,0,,
2008-07-09T08:54:20,310405000,,,58.62489833,-135.1086667,175,178.1,12.6,0,,
2008-07-09T08:54:12,310405000,,,58.625365,-135.1087,175,178.6,12.6,0,,
2008-07-09T08:54:02,310405000,,,58.62594667,-135.1087167,175,178.1,12.6,0,,
2008-07-09T08:53:52,310405000,,,58.62653,-135.10875,175,178.6,12.6,0,,
2008-07-09T08:53:42,310405000,,,58.62716333,-135.1087833,175,178.1,12.6,0,,
2008-07-09T08:53:31,310405000,,,58.62774667,-135.1088167,175,178.2,12.5,0,,
2008-07-09T08:53:20,310405000,,,58.62838,-135.10885,175,178.6,12.5,0,,
2008-07-09T08:53:12,310405000,,,58.62889667,-135.1088833,175,178.2,12.5,0,,
2008-07-09T08:53:08,310405000,,,58.62941333,-135.1089,0,0.0,0.0,0,,
2008-07-09T08:53:02,310405000,,,58.62941333,-135.1089,175,178.2,12.5,0,,
2008-07-09T08:52:52,310405000,,,58.62999667,-135.1089333,175,178.2,12.5,0,,
2008-07-09T08:52:42,310405000,,,58.63058,-135.1089667,175,178.2,12.5,0,,
2008-07-09T08:52:31,310405000,,,58.63121333,-135.109,175,178.2,12.4,0,,
2008-07-09T08:52:20,310405000,,,58.63177833,-135.1090333,175,178.6,12.4,0,,
2008-07-09T08:52:12,310405000,,,58.63236,-135.1090667,175,178.2,12.4,0,,
2008-07-09T08:52:02,310405000,,,58.63292833,-135.1091,175,178.6,12.4,0,,
2008-07-09T08:51:52,310405000,,,58.633495,-135.1091333,175,178.2,12.4,0,,
2008-07-09T08:51:42,310405000,,,58.63401167,-135.10915,175,178.2,12.4,0,,
2008-07-09T08:51:31,310405000,,,58.63464333,-135.1091833,175,178.6,12.4,0,,
2008-07-09T08:51:20,310405000,,,58.63526,-135.1092167,175,178.2,12.4,0,,
2008-07-09T08:51:12,310405000,,,58.63572667,-135.10925,175,178.7,12.3,0,,
2008-07-09T08:51:02,310405000,,,58.63629333,-135.1092833,175,178.2,12.3,0,,
2008-07-09T08:50:52,310405000,,,58.63686,-135.1093167,175,178.2,12.3,0,,
2008-07-09T08:50:42,310405000,,,58.63742667,-135.10935,175,178.2,12.3,0,,
2008-07-09T08:50:31,310405000,,,58.63811,-135.1093833,175,177.8,12.2,0,,
2008-07-09T08:50:22,310405000,,,58.63862667,-135.1094167,175,178.2,12.2,0,,
2008-07-09T08:50:12,310405000,,,58.639175,-135.10945,175,177.8,12.2,0,,
2008-07-09T08:50:01,310405000,,,58.63980667,-135.1095,175,178.2,12.2,0,,
2008-07-09T08:49:52,310405000,,,58.64025833,-135.1095167,175,178.2,12.2,0,,
2008-07-09T08:49:41,310405000,,,58.640875,-135.1095667,175,177.8,12.2,0,,
2008-07-09T08:49:31,310405000,,,58.64144167,-135.1096,175,177.8,12.2,0,,
2008-07-09T08:49:22,310405000,,,58.64195667,-135.1096317,175,177.8,12.2,0,,
2008-07-09T08:49:12,310405000,,,58.64250833,-135.1096667,175,177.8,12.2,0,,
2008-07-09T08:49:01,310405000,,,58.64319167,-135.1097167,175,177.8,12.2,0,,
2008-07-09T08:48:52,310405000,,,58.64369167,-135.10975,175,177.8,12.2,0,,
2008-07-09T08:48:41,310405000,,,58.64425833,-135.1097833,175,178.2,12.2,0,,
2008-07-09T08:48:31,310405000,,,58.644875,-135.1098167,175,177.8,12.2,0,,
2008-07-09T08:48:22,310405000,,,58.645325,-135.10985,175,177.8,12.2,0,,
2008-07-09T08:48:12,310405000,,,58.64594167,-135.1098833,175,177.8,12.2,0,,
2008-07-09T08:48:01,310405000,,,58.64649167,-135.1099333,175,177.3,12.2,0,,
2008-07-09T08:47:52,310405000,,,58.64700833,-135.1099667,175,177.8,12.1,0,,
2008-07-09T08:47:41,310405000,,,58.647625,-135.1100167,175,177.3,12.1,0,,
2008-07-09T08:47:31,310405000,,,58.64824167,-135.11005,175,177.8,12.1,0,,
2008-07-09T08:47:22,310405000,,,58.64874167,-135.1101,175,177.8,12.1,0,,
2008-07-09T08:47:12,310405000,,,58.64929,-135.1101333,175,177.3,12.1,0,,
2008-07-09T08:47:09,310405000,,,58.64990833,-135.1101833,0,0.0,0.0,0,,
2008-07-09T08:47:01,310405000,,,58.64990833,-135.1101833,175,177.3,12.1,0,,
2008-07-09T08:46:52,310405000,,,58.65040667,-135.1102333,175,177.3,12.1,0,,
2008-07-09T08:46:41,310405000,,,58.65097333,-135.1102817,175,177.3,12.1,0,,
2008-07-09T08:46:31,310405000,,,58.65152333,-135.1103333,175,177.3,12.1,0,,
2008-07-09T08:46:22,310405000,,,58.65204,-135.1103833,175,176.8,12.1,0,,
2008-07-09T08:46:11,310405000,,,58.65264,-135.1104333,175,176.8,12.1,0,,
2008-07-09T08:46:01,310405000,,,58.65320667,-135.1104817,175,176.4,12.1,0,,
2008-07-09T08:45:52,310405000,,,58.653755,-135.11055,175,176.4,12.1,0,,
2008-07-09T08:45:41,310405000,,,58.65437167,-135.1106167,175,176.4,12.1,0,,
2008-07-09T08:45:31,310405000,,,58.65493833,-135.1106817,175,175.9,12.1,0,,
2008-07-09T08:45:22,310405000,,,58.65543667,-135.1107483,174,174.9,12.1,0,,
2008-07-09T08:45:11,310405000,,,58.65603833,-135.1108483,174,174.9,12.1,0,,
2008-07-09T08:45:01,310405000,,,58.65658667,-135.1109467,173,173.9,12.1,0,,
2008-07-09T08:44:52,310405000,,,58.65703667,-135.11103,172,172.9,12.0,0,,
2008-07-09T08:44:42,310405000,,,58.65760333,-135.1111633,172,172.9,12.0,0,,
2008-07-09T08:44:30,310405000,,,58.658255,-135.11133,171,170.9,12.1,0,,
2008-07-09T08:44:22,310405000,,,58.658705,-135.1114467,170,170.9,12.0,0,,
2008-07-09T08:44:11,310405000,,,58.659355,-135.1116467,169,169.9,12.1,0,,
2008-07-09T08:44:01,310405000,,,58.65983667,-135.1118283,168,169.4,12.0,0,,
2008-07-09T08:43:52,310405000,,,58.66038667,-135.1120117,167,168.4,12.0,0,,
2008-07-09T08:43:42,310405000,,,58.66093667,-135.1122283,167,168.4,12.0,0,,
2008-07-09T08:43:33,310405000,,,58.6538333,-135.1035,511,360.0,102.3,15,,
2008-07-09T08:43:30,310405000,,,58.661535,-135.11246,166,167.9,12.0,0,,
2008-07-09T08:43:22,310405000,,,58.66196833,-135.1126433,165,166.8,12.1,0,,
2008-07-09T08:43:11,310405000,,,58.66256833,-135.11291,165,166.9,12.0,0,,
2008-07-09T08:43:01,310405000,,,58.6631,-135.1131583,165,166.4,12.1,0,,
2008-07-09T08:42:51,310405000,,,58.66365,-135.1133917,165,166.4,12.0,0,,
2008-07-09T08:42:42,310405000,,,58.66418333,-135.1136417,165,166.4,12.0,0,,
2008-07-09T08:42:30,310405000,,,58.66478167,-135.1139083,165,166.4,12.0,0,,
2008-07-09T08:42:21,310405000,,,58.66533333,-135.1141583,165,166.4,12.0,0,,
2008-07-09T08:42:11,310405000,,,58.66586667,-135.1144083,165,166.4,12.0,0,,
2008-07-09T08:42:01,310405000,,,58.66634833,-135.114625,165,166.4,12.0,0,,
2008-07-09T08:41:51,310405000,,,58.66689833,-135.114875,165,166.4,12.0,0,,
2008-07-09T08:41:42,310405000,,,58.66738333,-135.1151083,165,166.4,12.0,0,,
2008-07-09T08:41:30,310405000,,,58.66803167,-135.1154083,165,166.4,12.0,0,,
2008-07-09T08:41:21,310405000,,,58.668515,-135.115625,165,166.4,12.0,0,,
2008-07-09T08:41:12,310405000,,,58.66904833,-135.115875,165,166.4,12.0,0,,
2008-07-09T08:41:08,310405000,,,58.66958167,-135.116125,0,0.0,0.0,0,,
2008-07-09T08:41:01,310405000,,,58.66958167,-135.116125,165,166.4,12.0,0,,
2008-07-09T08:40:51,310405000,,,58.67018167,-135.1164083,165,166.4,12.0,0,,
2008-07-09T08:40:41,310405000,,,58.670715,-135.1166583,165,166.4,12.0,0,,
2008-07-09T08:40:30,310405000,,,58.671265,-135.1169083,165,165.9,12.0,0,,
2008-07-09T08:40:21,310405000,,,58.67178167,-135.1171583,166,165.9,12.0,0,,
2008-07-09T08:40:12,310405000,,,58.672265,-135.1173917,166,166.9,12.0,0,,
2008-07-09T08:40:01,310405000,,,58.672815,-135.1176417,166,166.9,12.0,0,,
2008-07-09T08:39:51,310405000,,,58.67334833,-135.117875,166,166.9,12.0,0,,
2008-07-09T08:39:41,310405000,,,58.67388333,-135.118125,166,166.9,11.9,0,,
2008-07-09T08:39:31,310405000,,,58.67448333,-135.1184083,165,165.9,12.0,0,,
2008-07-09T08:39:21,310405000,,,58.67501667,-135.1186583,165,165.9,12.0,0,,
2008-07-09T08:39:12,310405000,,,58.67548333,-135.118875,165,165.9,11.9,0,,
2008-07-09T08:39:01,310405000,,,58.676085,-135.1191433,165,165.9,11.9,0,,
2008-07-09T08:38:51,310405000,,,58.67656833,-135.1193767,165,165.9,11.9,0,,
2008-07-09T08:38:41,310405000,,,58.67715167,-135.11966,165,165.9,11.9,0,,
2008-07-09T08:38:31,310405000,,,58.677685,-135.1199267,165,165.9,11.9,0,,
2008-07-09T08:38:21,310405000,,,58.67821833,-135.1201767,166,166.4,11.9,0,,
2008-07-09T08:38:12,310405000,,,58.67870333,-135.12041,165,165.9,11.9,0,,
2008-07-09T08:38:01,310405000,,,58.67928667,-135.1206767,165,165.4,11.9,0,,
2008-07-09T08:37:51,310405000,,,58.67982,-135.1209433,165,165.4,11.9,0,,
2008-07-09T08:37:41,310405000,,,58.68035333,-135.1211933,165,165.4,11.9,0,,
2008-07-09T08:37:31,310405000,,,58.68088667,-135.1214433,165,165.4,11.9,0,,
2008-07-09T08:37:22,310405000,,,58.68136833,-135.1216767,165,166.4,11.9,0,,
2008-07-09T08:37:12,310405000,,,58.68190167,-135.1219433,165,165.4,11.9,0,,
2008-07-09T08:37:01,310405000,,,58.682485,-135.1222267,166,166.0,11.9,0,,
2008-07-09T08:36:50,310405000,,,58.68301833,-135.1224767,166,166.4,11.9,0,,
2008-07-09T08:36:41,310405000,,,58.68348333,-135.1227083,166,166.4,11.9,0,,
2008-07-09T08:36:31,310405000,,,58.68401833,-135.1229583,165,165.4,11.9,0,,
2008-07-09T08:36:22,310405000,,,58.6845,-135.1232083,165,165.0,11.8,0,,
2008-07-09T08:36:12,310405000,,,58.685085,-135.1234917,166,165.0,11.8,0,,
2008-07-09T08:36:01,310405000,,,58.68566667,-135.123775,166,166.0,11.9,0,,
2008-07-09T08:35:50,310405000,,,58.68625,-135.124075,166,166.0,11.9,0,,
2008-07-09T08:35:41,310405000,,,58.68666833,-135.124275,166,166.0,11.8,0,,
2008-07-09T08:35:31,310405000,,,58.68725167,-135.1245767,166,166.0,11.8,0,,
2008-07-09T08:35:22,310405000,,,58.687735,-135.1248083,165,165.0,11.8,0,,
2008-07-09T08:35:10,310405000,,,58.68831833,-135.12511,165,164.5,11.8,0,,
2008-07-09T08:35:08,310405000,,,58.688835,-135.125375,0,0.0,0.0,0,,
2008-07-09T08:35:01,310405000,,,58.688835,-135.125375,165,165.0,11.8,0,,
2008-07-09T08:34:50,310405000,,,58.68936833,-135.1256417,166,165.5,11.8,0,,
2008-07-09T08:34:42,310405000,,,58.68983333,-135.1258917,165,165.0,11.8,0,,
2008-07-09T08:34:31,310405000,,,58.69041833,-135.126175,165,164.5,11.8,0,,
2008-07-09T08:34:22,310405000,,,58.69090167,-135.126425,165,164.5,11.8,0,,
2008-07-09T08:34:10,310405000,,,58.69153667,-135.12676,165,164.5,11.8,0,,
2008-07-09T08:34:01,310405000,,,58.69200333,-135.1269933,165,164.5,11.8,0,,
2008-07-09T08:33:50,310405000,,,58.69258667,-135.1272933,166,165.5,11.8,0,,
2008-07-09T08:33:41,310405000,,,58.69300333,-135.12751,166,165.0,11.8,0,,
2008-07-09T08:33:31,310405000,,,58.69353667,-135.1277933,166,165.5,11.8,0,,
2008-07-09T08:33:22,310405000,,,58.694005,-135.1280433,166,165.0,11.8,0,,
2008-07-09T08:33:10,310405000,,,58.69463833,-135.1283617,166,165.5,11.8,0,,
2008-07-09T08:33:00,310405000,,,58.69517,-135.1286267,166,165.5,11.8,0,,
2008-07-09T08:32:50,310405000,,,58.69573833,-135.1289267,166,165.0,11.8,0,,
2008-07-09T08:32:41,310405000,,,58.696205,-135.1291767,166,165.5,11.8,0,,
2008-07-09T08:32:31,310405000,,,58.69673833,-135.12946,166,165.0,11.8,0,,
2008-07-09T08:32:22,310405000,,,58.697205,-135.129695,166,165.0,11.8,0,,
2008-07-09T08:32:10,310405000,,,58.69779,-135.129995,166,165.5,11.8,0,,
2008-07-09T08:32:00,310405000,,,58.69832333,-135.1302617,166,165.0,11.8,0,,
2008-07-09T08:31:50,310405000,,,58.69884,-135.1305283,166,165.5,11.8,0,,
2008-07-09T08:31:41,310405000,,,58.69937167,-135.1307933,166,165.0,11.8,0,,
2008-07-09T08:31:31,310405000,,,58.69984,-135.131045,166,165.0,11.8,0,,
2008-07-09T08:31:22,310405000,,,58.70032333,-135.1313117,166,165.0,11.8,0,,
2008-07-09T08:31:11,310405000,,,58.70094,-135.131645,166,165.0,11.8,0,,
2008-07-09T08:31:00,310405000,,,58.70152333,-135.131945,166,165.0,11.8,0,,
2008-07-09T08:30:50,310405000,,,58.70204167,-135.1322117,166,165.0,11.8,0,,
2008-07-09T08:30:41,310405000,,,58.70252333,-135.1324617,166,165.0,11.8,0,,
2008-07-09T08:30:31,310405000,,,58.70299167,-135.1327117,166,165.0,11.8,0,,
2008-07-09T08:30:22,310405000,,,58.70352333,-135.132995,166,165.0,11.8,0,,
2008-07-09T08:30:11,310405000,,,58.70410667,-135.1333117,165,164.5,11.8,0,,
2008-07-09T08:30:00,310405000,,,58.704625,-135.1335783,165,164.0,11.9,0,,
2008-07-09T08:29:50,310405000,,,58.70515833,-135.1338617,165,165.0,11.9,0,,
2008-07-09T08:29:41,310405000,,,58.705625,-135.1341117,165,164.5,11.9,0,,
2008-07-09T08:29:31,310405000,,,58.70620833,-135.1344283,165,164.5,11.9,0,,
2008-07-09T08:29:21,310405000,,,58.70674,-135.1347117,165,164.5,11.9,0,,
2008-07-09T08:29:07,310405000,,,58.70779167,-135.135245,0,0.0,0.0,0,,
2008-07-09T08:29:00,310405000,,,58.70779167,-135.135245,166,166.0,11.9,0,,
2008-07-09T08:28:50,310405000,,,58.70837333,-135.135545,166,166.0,11.9,0,,
2008-07-09T08:28:41,310405000,,,58.70880833,-135.1357617,165,165.0,11.9,0,,
2008-07-09T08:28:30,310405000,,,58.70939,-135.136045,165,165.0,11.9,0,,
2008-07-09T08:28:21,310405000,,,58.70992333,-135.1363117,165,165.4,11.9,0,,
2008-07-09T08:28:11,310405000,,,58.71045667,-135.1365783,165,165.0,11.9,0,,
2008-07-09T08:28:00,310405000,,,58.71097333,-135.1368617,165,165.0,11.9,0,,
2008-07-09T08:27:50,310405000,,,58.71155667,-135.137145,165,165.0,11.9,0,,
2008-07-09T08:27:41,310405000,,,58.71203833,-135.1373767,165,165.0,11.9,0,,
2008-07-09T08:27:30,310405000,,,58.71262333,-135.1376783,165,165.0,11.9,0,,
2008-07-09T08:27:21,310405000,,,58.71309,-135.1379117,166,166.0,11.9,0,,
2008-07-09T08:27:10,310405000,,,58.71364,-135.1381783,166,166.0,11.8,0,,
2008-07-09T08:27:00,310405000,,,58.714155,-135.1384283,166,166.0,11.8,0,,
2008-07-09T08:26:50,310405000,,,58.71468833,-135.138695,166,166.0,11.8,0,,
2008-07-09T08:26:41,310405000,,,58.71517167,-135.1389283,166,166.0,11.8,0,,
2008-07-09T08:26:30,310405000,,,58.715755,-135.1392117,165,165.0,11.8,0,,
2008-07-09T08:26:21,310405000,,,58.71627167,-135.1394783,165,165.0,11.8,0,,
2008-07-09T08:26:10,310405000,,,58.716855,-135.1397783,165,165.0,11.8,0,,
2008-07-09T08:26:00,310405000,,,58.71732167,-135.14001,165,165.0,11.8,0,,
2008-07-09T08:25:51,310405000,,,58.71778833,-135.1402617,165,165.0,11.8,0,,
2008-07-09T08:25:41,310405000,,,58.71832167,-135.1405283,165,165.0,11.8,0,,
2008-07-09T08:25:30,310405000,,,58.71890667,-135.1408117,165,165.0,11.8,0,,
2008-07-09T08:25:20,310405000,,,58.71942333,-135.1410783,165,165.0,11.8,0,,
2008-07-09T08:25:10,310405000,,,58.71995667,-135.141345,165,165.0,11.8,0,,
2008-07-09T08:25:00,310405000,,,58.72047333,-135.1416117,165,165.0,11.8,0,,
2008-07-09T08:24:52,310405000,,,58.72095667,-135.141845,165,165.4,11.8,0,,
2008-07-09T08:24:41,310405000,,,58.721475,-135.1421117,165,165.0,11.8,0,,
2008-07-09T08:24:31,310405000,,,58.72206,-135.1423967,165,165.4,11.8,0,,
2008-07-09T08:24:21,310405000,,,58.722595,-135.1426467,165,165.4,11.8,0,,
2008-07-09T08:24:10,310405000,,,58.72316167,-135.1429467,165,165.4,11.8,0,,
2008-07-09T08:24:00,310405000,,,58.72364667,-135.1431817,165,165.0,11.8,0,,
2008-07-09T08:23:52,310405000,,,58.72411167,-135.143415,165,165.0,11.8,0,,
2008-07-09T08:23:41,310405000,,,58.72464667,-135.1436817,165,165.4,11.8,0,,
2008-07-09T08:23:31,310405000,,,58.72518,-135.1439317,165,165.4,11.8,0,,
2008-07-09T08:23:21,310405000,,,58.725765,-135.1442317,165,165.4,11.8,0,,
2008-07-09T08:23:10,310405000,,,58.72629667,-135.1444817,165,165.4,11.8,0,,
2008-07-09T08:23:04,310405000,,,58.72676333,-135.144715,0,0.0,0.0,0,,
2008-07-09T08:23:02,310405000,,,58.72676333,-135.144715,165,165.4,11.9,0,,
2008-07-09T08:22:52,310405000,,,58.72729667,-135.1449817,165,165.4,11.9,0,,
2008-07-09T08:22:41,310405000,,,58.72787833,-135.145265,165,165.4,11.9,0,,
2008-07-09T08:22:31,310405000,,,58.72841167,-135.1455317,165,165.4,11.9,0,,
2008-07-09T08:22:21,310405000,,,58.72894333,-135.14578,165,165.4,11.9,0,,
2008-07-09T08:22:10,310405000,,,58.72947833,-135.1460483,165,165.4,11.9,0,,
2008-07-09T08:22:02,310405000,,,58.72996,-135.14628,165,165.4,11.9,0,,
2008-07-09T08:21:52,310405000,,,58.73049333,-135.1465467,165,165.4,11.9,0,,
2008-07-09T08:21:41,310405000,,,58.73102667,-135.1467967,166,166.4,11.9,0,,
2008-07-09T08:21:31,310405000,,,58.73156,-135.1470633,166,166.4,11.9,0,,
2008-07-09T08:21:21,310405000,,,58.73219167,-135.1473783,165,166.4,12.0,0,,
2008-07-09T08:21:10,310405000,,,58.73272667,-135.14763,165,165.4,12.0,0,,
2008-07-09T08:21:02,310405000,,,58.73316,-135.1478467,165,165.4,12.0,0,,
2008-07-09T08:20:52,310405000,,,58.733695,-135.1480967,165,165.4,12.0,0,,
2008-07-09T08:20:41,310405000,,,58.73427667,-135.1483967,165,165.4,12.0,0,,
2008-07-09T08:20:31,310405000,,,58.73476,-135.14863,165,165.4,12.0,0,,
2008-07-09T08:20:21,310405000,,,58.73536167,-135.1489133,165,165.4,12.0,0,,
2008-07-09T08:20:10,310405000,,,58.735895,-135.1491817,165,165.4,12.0,0,,
2008-07-09T08:20:02,310405000,,,58.73637667,-135.1494133,165,165.4,12.0,0,,
2008-07-09T08:19:52,310405000,,,58.73691167,-135.14968,165,165.4,12.1,0,,
2008-07-09T08:19:41,310405000,,,58.73751167,-135.1499633,165,165.4,12.1,0,,
2008-07-09T08:19:31,310405000,,,58.73806167,-135.15023,165,165.9,12.1,0,,
2008-07-09T08:19:20,310405000,,,58.73866167,-135.150515,165,165.4,12.1,0,,
2008-07-09T08:19:10,310405000,,,58.739195,-135.1507817,165,165.9,12.1,0,,
2008-07-09T08:19:02,310405000,,,58.73962833,-135.1509817,165,165.4,12.1,0,,
2008-07-09T08:18:50,310405000,,,58.74027667,-135.1512967,165,165.4,12.2,0,,
2008-07-09T08:18:41,310405000,,,58.74072667,-135.1515133,165,165.4,12.2,0,,
2008-07-09T08:18:31,310405000,,,58.74126,-135.15178,165,165.0,12.2,0,,
2008-07-09T08:18:20,310405000,,,58.74186,-135.15208,165,166.4,12.2,0,,
2008-07-09T08:18:10,310405000,,,58.74242667,-135.1523467,166,166.0,12.3,0,,
2008-07-09T08:18:02,310405000,,,58.74296,-135.1526133,166,166.0,12.3,0,,
2008-07-09T08:17:50,310405000,,,58.74356,-135.1528967,166,166.0,12.3,0,,
2008-07-09T08:17:41,310405000,,,58.74406167,-135.1531483,166,166.0,12.3,0,,
2008-07-09T08:17:31,310405000,,,58.74456167,-135.1533817,166,166.4,12.3,0,,
2008-07-09T08:17:20,310405000,,,58.74521167,-135.1536967,165,165.4,12.4,0,,
2008-07-09T08:17:10,310405000,,,58.74577833,-135.153965,165,165.4,12.4,0,,
2008-07-09T08:17:04,310405000,,,58.74621,-135.15418,0,0.0,0.0,0,,
2008-07-09T08:17:02,310405000,,,58.74621,-135.15418,165,165.4,12.4,0,,
2008-07-09T08:16:50,310405000,,,58.74682833,-135.1544967,165,165.4,12.4,0,,
2008-07-09T08:16:41,310405000,,,58.74732667,-135.15473,165,165.4,12.4,0,,
2008-07-09T08:16:31,310405000,,,58.74789333,-135.1550133,166,166.4,12.4,0,,
2008-07-09T08:16:20,310405000,,,58.74856167,-135.15533,166,166.9,12.5,0,,
2008-07-09T08:16:10,310405000,,,58.74911167,-135.1555983,166,166.9,12.5,0,,
2008-07-09T08:16:02,310405000,,,58.74956,-135.1558133,165,165.9,12.5,0,,
2008-07-09T08:15:50,310405000,,,58.75022667,-135.1561133,165,165.9,12.5,0,,
2008-07-09T08:15:41,310405000,,,58.75074333,-135.1563633,165,165.9,12.5,0,,
2008-07-09T08:15:31,310405000,,,58.75124333,-135.1565967,165,165.9,12.5,0,,
2008-07-09T08:15:20,310405000,,,58.75185833,-135.15688,165,166.3,12.5,0,,
2008-07-09T08:15:10,310405000,,,58.752425,-135.15713,165,166.3,12.5,0,,
2008-07-09T08:15:02,310405000,,,58.752925,-135.1573633,165,166.3,12.5,0,,
2008-07-09T08:14:50,310405000,,,58.75354167,-135.1576467,165,166.8,12.5,0,,
2008-07-09T08:14:41,310405000,,,58.75415833,-135.1579133,165,166.8,12.5,0,,
2008-07-09T08:14:31,310405000,,,58.75465833,-135.1581467,165,167.2,12.5,0,,
2008-07-09T08:14:20,310405000,,,58.75527667,-135.15843,165,166.8,12.5,0,,
2008-07-09T08:14:10,310405000,,,58.75584333,-135.15868,165,167.3,12.4,0,,
2008-07-09T08:14:01,310405000,,,58.75629167,-135.15888,165,166.8,12.4,0,,
2008-07-09T08:13:50,310405000,,,58.75695833,-135.1591633,165,167.3,12.4,0,,
2008-07-09T08:13:41,310405000,,,58.75745833,-135.1593967,165,167.7,12.4,0,,
2008-07-09T08:13:31,310405000,,,58.75795833,-135.1595967,165,167.3,12.4,0,,
2008-07-09T08:13:20,310405000,,,58.75857333,-135.1598633,165,167.7,12.4,0,,
2008-07-09T08:13:10,310405000,,,58.75914,-135.1600967,165,167.3,12.4,0,,
2008-07-09T08:13:01,310405000,,,58.75969,-135.1603283,165,167.7,12.4,0,,
2008-07-09T08:12:51,310405000,,,58.76025667,-135.1605633,165,168.2,12.3,0,,
2008-07-09T08:12:41,310405000,,,58.76080667,-135.160795,165,167.7,12.3,0,,
2008-07-09T08:12:31,310405000,,,58.76137333,-135.1610133,165,168.7,12.3,0,,
2008-07-09T08:12:20,310405000,,,58.76199,-135.1612633,165,167.7,12.3,0,,
2008-07-09T08:12:12,310405000,,,58.762425,-135.1614467,165,168.7,12.3,0,,
2008-07-09T08:12:02,310405000,,,58.76299167,-135.1616467,165,168.2,12.3,0,,
2008-07-09T08:11:51,310405000,,,58.76360833,-135.1618967,166,169.2,12.3,0,,
2008-07-09T08:11:41,310405000,,,58.76416,-135.1621133,166,169.2,12.3,0,,
2008-07-09T08:11:31,310405000,,,58.76472667,-135.162315,167,169.3,12.3,0,,
2008-07-09T08:11:20,310405000,,,58.76532667,-135.1625483,167,170.2,12.3,0,,
2008-07-09T08:11:12,310405000,,,58.76577667,-135.1626817,168,169.8,12.3,0,,
2008-07-09T08:11:08,310405000,,,58.76634333,-135.1628817,0,0.0,0.0,0,,
2008-07-09T08:11:01,310405000,,,58.76634333,-135.1628817,168,170.7,12.3,0,,
2008-07-09T08:10:51,310405000,,,58.76695833,-135.163065,168,170.7,12.3,0,,
2008-07-09T08:10:40,310405000,,,58.767575,-135.163265,168,171.2,12.3,0,,
2008-07-09T08:10:31,310405000,,,58.768075,-135.1634133,168,171.2,12.3,0,,
2008-07-09T08:10:20,310405000,,,58.768625,-135.16358,168,170.7,12.3,0,,
2008-07-09T08:10:12,310405000,,,58.76914167,-135.1637483,168,171.2,12.2,0,,
2008-07-09T08:10:00,310405000,,,58.76975833,-135.1639133,168,170.8,12.2,0,,
2008-07-09T08:09:51,310405000,,,58.77025833,-135.1640817,168,171.2,12.2,0,,
2008-07-09T08:09:40,310405000,,,58.77092667,-135.164265,168,170.8,12.2,0,,
2008-07-09T08:09:31,310405000,,,58.77142667,-135.1644317,169,172.2,12.2,0,,
2008-07-09T08:09:20,310405000,,,58.77204333,-135.1645983,169,171.8,12.2,0,,
2008-07-09T08:09:12,310405000,,,58.77247667,-135.1647317,169,171.3,12.2,0,,
2008-07-09T08:09:00,310405000,,,58.77316,-135.164915,170,172.8,12.2,0,,
2008-07-09T08:08:51,310405000,,,58.77366,-135.1650483,170,172.3,12.2,0,,
2008-07-09T08:08:40,310405000,,,58.77421,-135.1651817,170,172.3,12.2,0,,
2008-07-09T08:08:31,310405000,,,58.77471,-135.165315,170,172.3,12.2,0,,
2008-07-09T08:08:20,310405000,,,58.77532667,-135.165465,170,171.8,12.2,0,,
2008-07-09T08:08:12,310405000,,,58.77584333,-135.1655983,170,172.3,12.2,0,,
2008-07-09T08:08:00,310405000,,,58.77650833,-135.1657483,170,171.8,12.2,0,,
2008-07-09T08:07:52,310405000,,,58.77696,-135.1658817,170,171.8,12.2,0,,
2008-07-09T08:07:40,310405000,,,58.77762667,-135.1660483,170,171.8,12.2,0,,
2008-07-09T08:07:31,310405000,,,58.77812667,-135.1661817,170,171.8,12.2,0,,
2008-07-09T08:07:20,310405000,,,58.77867667,-135.1663317,170,171.8,12.2,0,,
2008-07-09T08:07:12,310405000,,,58.77917833,-135.166465,170,171.8,12.2,0,,
2008-07-09T08:07:00,310405000,,,58.779845,-135.166665,169,170.8,12.2,0,,
2008-07-09T08:06:52,310405000,,,58.780295,-135.1667983,169,170.8,12.2,0,,
2008-07-09T08:06:40,310405000,,,58.78091333,-135.1669817,169,170.8,12.2,0,,
2008-07-09T08:06:31,310405000,,,58.78141333,-135.1671483,169,170.8,12.2,0,,
2008-07-09T08:06:20,310405000,,,58.78201333,-135.1673317,169,170.8,12.2,0,,
2008-07-09T08:06:12,310405000,,,58.782515,-135.1675,169,170.4,12.2,0,,
2008-07-09T08:06:00,310405000,,,58.78318,-135.167715,169,170.8,12.2,0,,
2008-07-09T08:05:52,310405000,,,58.78363,-135.1678483,169,170.8,12.2,0,,
2008-07-09T08:05:40,310405000,,,58.784295,-135.168065,169,170.4,12.2,0,,
2008-07-09T08:05:31,310405000,,,58.78473,-135.168215,169,170.4,12.2,0,,
2008-07-09T08:05:20,310405000,,,58.78534667,-135.168415,169,170.4,12.2,0,,
2008-07-09T08:05:11,310405000,,,58.78591333,-135.1685983,169,170.4,12.2,0,,
2008-07-09T08:05:02,310405000,,,58.78639667,-135.168765,0,0.0,0.0,0,,
2008-07-09T08:05:01,310405000,,,58.78639667,-135.168765,169,170.4,12.2,0,,
2008-07-09T08:04:52,310405000,,,58.78696333,-135.1689483,169,170.4,12.2,0,,
2008-07-09T08:04:40,310405000,,,58.78756333,-135.1691483,169,170.4,12.2,0,,
2008-07-09T08:04:31,310405000,,,58.78813167,-135.1693333,169,170.4,12.2,0,,
2008-07-09T08:04:20,310405000,,,58.78873,-135.1695317,169,170.4,12.2,0,,
2008-07-09T08:04:11,310405000,,,58.78923,-135.1696983,169,170.4,12.2,0,,
2008-07-09T08:04:01,310405000,,,58.78978167,-135.1698833,169,170.4,12.2,0,,
2008-07-09T08:03:52,310405000,,,58.79028167,-135.17005,169,170.4,12.2,0,,
2008-07-09T08:03:40,310405000,,,58.79088333,-135.1702667,169,169.9,12.1,0,,
2008-07-09T08:03:31,310405000,,,58.791395,-135.1704317,169,170.4,12.1,0,,
2008-07-09T08:03:20,310405000,,,58.79198333,-135.1706333,169,169.9,12.1,0,,
2008-07-09T08:03:11,310405000,,,58.792495,-135.1707983,169,169.9,12.1,0,,
2008-07-09T08:03:01,310405000,,,58.79304667,-135.1709983,169,169.9,12.1,0,,
2008-07-09T08:02:51,310405000,,,58.79364667,-135.1711983,169,169.9,12.1,0,,
2008-07-09T08:02:40,310405000,,,58.79424833,-135.171415,169,169.9,12.1,0,,
2008-07-09T08:02:31,310405000,,,58.79474833,-135.1715817,169,169.9,12.1,0,,
2008-07-09T08:02:20,310405000,,,58.7953,-135.1717817,169,169.9,12.1,0,,
2008-07-09T08:02:11,310405000,,,58.79585167,-135.1719667,169,169.9,12.1,0,,
2008-07-09T08:02:01,310405000,,,58.7964,-135.172165,169,169.9,12.1,0,,
2008-07-09T08:01:51,310405000,,,58.79688333,-135.1723483,169,169.9,12.1,0,,
2008-07-09T08:01:40,310405000,,,58.79748333,-135.172565,169,169.4,12.1,0,,
2008-07-09T08:01:31,310405000,,,58.79798333,-135.1727317,169,169.9,12.1,0,,
2008-07-09T08:01:20,310405000,,,58.79858333,-135.1729483,169,169.9,12.1,0,,
2008-07-09T08:01:11,310405000,,,58.79908333,-135.1731317,169,169.4,12.1,0,,
2008-07-09T08:01:01,310405000,,,58.79968167,-135.1733483,169,169.4,12.1,0,,
2008-07-09T08:00:51,310405000,,,58.80023333,-135.1735483,169,169.4,12.1,0,,
2008-07-09T08:00:40,310405000,,,58.800835,-135.173765,169,169.4,12.1,0,,
2008-07-09T08:00:31,310405000,,,58.80126833,-135.1739317,169,169.4,12.0,0,,
2008-07-09T08:00:21,310405000,,,58.80187,-135.17415,169,169.4,12.0,0,,
2008-07-09T08:00:11,310405000,,,58.80242,-135.174365,169,169.4,12.0,0,,
2008-07-09T08:00:01,310405000,,,58.80297,-135.1745667,169,169.4,12.0,0,,
2008-07-09T07:59:51,310405000,,,58.80347167,-135.17475,169,169.4,12.0,0,,
2008-07-09T07:59:40,310405000,,,58.80405667,-135.1749667,169,169.4,12.0,0,,
2008-07-09T07:59:31,310405000,,,58.80454,-135.17515,169,169.4,12.0,0,,
2008-07-09T07:59:21,310405000,,,58.80514,-135.1753667,169,169.4,12.0,0,,
2008-07-09T07:59:11,310405000,,,58.80569,-135.1755833,169,169.4,12.0,0,,
2008-07-09T07:59:03,310405000,,,58.80624,-135.1757833,0,0.0,0.0,0,,
2008-07-09T07:59:01,310405000,,,58.80624,-135.1757833,169,169.4,12.0,0,,
2008-07-09T07:58:51,310405000,,,58.80677333,-135.1759833,169,169.4,12.0,0,,
2008-07-09T07:58:40,310405000,,,58.80732333,-135.1761833,169,169.4,11.9,0,,
2008-07-09T07:58:31,310405000,,,58.80780667,-135.1763667,169,169.0,11.9,0,,
2008-07-09T07:58:21,310405000,,,58.80840667,-135.1765833,169,169.0,11.9,0,,
2008-07-09T07:58:11,310405000,,,58.80889,-135.1767667,169,169.0,11.9,0,,
2008-07-09T07:58:02,310405000,,,58.80937333,-135.17695,169,169.0,11.9,0,,
2008-07-09T07:57:51,310405000,,,58.80997333,-135.1771667,169,169.0,11.9,0,,
2008-07-09T07:57:40,310405000,,,58.81062333,-135.1774167,170,169.5,11.9,0,,
2008-07-09T07:57:31,310405000,,,58.81110667,-135.1776017,170,169.5,11.9,0,,
2008-07-09T07:57:21,310405000,,,58.81164167,-135.177785,170,169.5,11.8,0,,
2008-07-09T07:57:11,310405000,,,58.81217667,-135.177985,170,169.5,11.8,0,,
2008-07-09T07:57:02,310405000,,,58.81265833,-135.1781517,170,169.5,11.8,0,,
2008-07-09T07:56:51,310405000,,,58.81325833,-135.1783683,170,169.5,11.8,0,,
2008-07-09T07:56:40,310405000,,,58.81379333,-135.1785683,170,169.5,11.9,0,,
2008-07-09T07:56:31,310405000,,,58.814325,-135.1787683,170,169.0,11.9,0,,
2008-07-09T07:56:21,310405000,,,58.81485833,-135.1789667,169,168.0,11.9,0,,
2008-07-09T07:56:11,310405000,,,58.81534167,-135.17915,169,168.0,11.9,0,,
2008-07-09T07:56:02,310405000,,,58.81589167,-135.1793667,169,168.0,11.9,0,,
2008-07-09T07:55:51,310405000,,,58.81649167,-135.1796167,168,167.5,12.0,0,,
2008-07-09T07:55:40,310405000,,,58.81700833,-135.1798333,168,168.0,12.0,0,,
2008-07-09T07:55:31,310405000,,,58.81755667,-135.180065,168,168.0,12.0,0,,
2008-07-09T07:55:21,310405000,,,58.81809167,-135.1802817,168,168.0,12.0,0,,
2008-07-09T07:55:11,310405000,,,58.81859167,-135.1805,167,167.4,12.0,0,,
2008-07-09T07:55:02,310405000,,,58.81914,-135.1807167,168,168.9,12.1,0,,
2008-07-09T07:54:51,310405000,,,58.819675,-135.1809333,168,168.9,12.1,0,,
2008-07-09T07:54:40,310405000,,,58.820275,-135.1811667,168,169.4,12.1,0,,
2008-07-09T07:54:31,310405000,,,58.820825,-135.1813833,168,169.4,12.2,0,,
2008-07-09T07:54:21,310405000,,,58.821375,-135.181585,168,169.8,12.2,0,,
2008-07-09T07:54:11,310405000,,,58.821925,-135.1818017,167,168.8,12.2,0,,
2008-07-09T07:54:02,310405000,,,58.822425,-135.181985,167,168.8,12.2,0,,
2008-07-09T07:53:51,310405000,,,58.82302667,-135.1822017,167,169.3,12.3,0,,
2008-07-09T07:53:40,310405000,,,58.82359333,-135.1824183,166,168.3,12.3,0,,
2008-07-09T07:53:31,310405000,,,58.82414333,-135.1826333,166,168.3,12.3,0,,
2008-07-09T07:53:21,310405000,,,58.82466,-135.1828333,165,167.7,12.3,0,,
2008-07-09T07:53:12,310405000,,,58.82521,-135.18305,165,167.7,12.4,0,,
2008-07-09T07:53:04,310405000,,,58.82571,-135.1832667,0,0.0,0.0,0,,
2008-07-09T07:53:02,310405000,,,58.82571,-135.1832667,165,167.7,12.4,0,,
2008-07-09T07:52:51,310405000,,,58.82632667,-135.1835333,165,166.7,12.4,0,,
2008-07-09T07:52:40,310405000,,,58.826995,-135.1838167,164,166.7,12.5,0,,
2008-07-09T07:52:31,310405000,,,58.827495,-135.1840483,164,166.7,12.5,0,,
2008-07-09T07:52:21,310405000,,,58.82806167,-135.1842983,164,166.7,12.5,0,,
2008-07-09T07:52:12,310405000,,,58.82856333,-135.1845333,164,165.7,12.5,0,,
2008-07-09T07:52:02,310405000,,,58.82913,-135.184815,163,165.7,12.6,0,,
2008-07-09T07:51:51,310405000,,,58.82974833,-135.1851167,163,165.2,12.6,0,,
2008-07-09T07:51:40,310405000,,,58.830315,-135.1853833,163,165.7,12.7,0,,
2008-07-09T07:51:31,310405000,,,58.83088167,-135.185665,163,165.2,12.7,0,,
2008-07-09T07:51:21,310405000,,,58.83139833,-135.1859317,163,165.6,12.8,0,,
2008-07-09T07:51:12,310405000,,,58.83191333,-135.1861817,163,165.2,12.8,0,,
2008-07-09T07:51:00,310405000,,,58.83266333,-135.1865633,162,165.6,12.9,0,,
2008-07-09T07:50:51,310405000,,,58.83317833,-135.18683,162,164.6,13.0,0,,
2008-07-09T07:50:42,310405000,,,58.83369667,-135.1871133,162,164.6,13.0,0,,
2008-07-09T07:50:31,310405000,,,58.83434667,-135.1874633,162,164.6,13.1,0,,
2008-07-09T07:50:21,310405000,,,58.83486167,-135.18773,162,164.1,13.2,0,,
2008-07-09T07:50:12,310405000,,,58.83544667,-135.1880467,163,165.5,13.3,0,,
2008-07-09T07:50:00,310405000,,,58.83609667,-135.1883967,163,165.1,13.4,0,,
2008-07-09T07:49:51,310405000,,,58.83663,-135.188665,163,165.1,13.4,0,,
2008-07-09T07:49:42,310405000,,,58.83717833,-135.1889317,164,166.5,13.5,0,,
2008-07-09T07:49:31,310405000,,,58.837845,-135.189265,164,166.1,13.5,0,,
2008-07-09T07:49:20,310405000,,,58.83856167,-135.1895983,164,166.5,13.5,0,,
2008-07-09T07:49:12,310405000,,,58.83904667,-135.1898333,164,166.1,13.6,0,,
2008-07-09T07:49:00,310405000,,,58.83971167,-135.19015,165,167.1,13.5,0,,
2008-07-09T07:48:51,310405000,,,58.84032833,-135.1904167,166,168.1,13.5,0,,
2008-07-09T07:48:42,310405000,,,58.84088,-135.1906517,166,168.1,13.5,0,,
2008-07-09T07:48:31,310405000,,,58.84154667,-135.1909183,167,169.1,13.5,0,,
2008-07-09T07:48:20,310405000,,,58.84216167,-135.1911533,168,170.1,13.5,0,,
2008-07-09T07:48:10,310405000,,,58.84277833,-135.19137,168,170.1,13.5,0,,
2008-07-09T07:48:00,310405000,,,58.843395,-135.1915717,169,171.1,13.4,0,,
2008-07-09T07:47:51,310405000,,,58.843945,-135.19174,170,172.1,13.4,0,,
2008-07-09T07:47:42,310405000,,,58.844495,-135.19189,171,173.1,13.4,0,,
2008-07-09T07:47:31,310405000,,,58.84522833,-135.1920917,171,173.1,13.4,0,,
2008-07-09T07:47:20,310405000,,,58.845845,-135.192225,172,173.7,13.4,0,,
2008-07-09T07:47:10,310405000,,,58.84651333,-135.19236,173,175.1,13.3,0,,
2008-07-09T07:47:03,310405000,,,58.847065,-135.1924767,0,0.0,0.0,0,,
2008-07-09T07:47:00,310405000,,,58.847065,-135.1924767,173,174.7,13.3,0,,
2008-07-09T07:46:51,310405000,,,58.84768167,-135.1925767,174,175.7,13.2,0,,
2008-07-09T07:46:42,310405000,,,58.848215,-135.1926617,174,175.7,13.2,0,,
2008-07-09T07:46:31,310405000,,,58.84883333,-135.192745,175,176.3,13.2,0,,
2008-07-09T07:46:20,310405000,,,58.84949833,-135.19283,175,176.3,13.2,0,,
2008-07-09T07:46:10,310405000,,,58.85009833,-135.1928967,176,177.3,13.2,0,,
2008-07-09T07:46:00,310405000,,,58.85071667,-135.1929633,176,177.7,13.1,0,,
2008-07-09T07:45:51,310405000,,,58.85131667,-135.1930133,176,177.3,13.1,0,,
2008-07-09T07:45:42,310405000,,,58.85186833,-135.1930633,176,177.3,13.1,0,,
2008-07-09T07:45:31,310405000,,,58.852535,-135.19313,176,177.3,13.1,0,,
2008-07-09T07:45:21,310405000,,,58.853135,-135.19318,176,177.3,13.0,0,,
2008-07-09T07:45:10,310405000,,,58.853785,-135.1932467,176,177.3,13.0,0,,
2008-07-09T07:45:00,310405000,,,58.854335,-135.1932967,176,177.7,13.0,0,,
2008-07-09T07:44:51,310405000,,,58.854885,-135.1933467,176,177.3,13.0,0,,
2008-07-09T07:44:42,310405000,,,58.85541833,-135.1933967,176,177.3,12.9,0,,
2008-07-09T07:44:31,310405000,,,58.856085,-135.1934467,176,177.3,12.9,0,,
2008-07-09T07:44:21,310405000,,,58.85667,-135.1934967,176,177.3,12.9,0,,
2008-07-09T07:44:12,310405000,,,58.85727,-135.1935467,176,177.3,12.9,0,,
2008-07-09T07:44:00,310405000,,,58.85792167,-135.1936133,176,177.3,12.8,0,,
2008-07-09T07:43:51,310405000,,,58.85850667,-135.1936633,176,177.3,12.8,0,,
2008-07-09T07:43:42,310405000,,,58.85903833,-135.1937133,176,177.3,12.8,0,,
2008-07-09T07:43:31,310405000,,,58.85968833,-135.19378,176,177.3,12.8,0,,
2008-07-09T07:43:21,310405000,,,58.86027167,-135.1938317,176,177.3,12.8,0,,
2008-07-09T07:43:12,310405000,,,58.86080667,-135.19388,176,177.3,12.8,0,,
2008-07-09T07:43:05,310405000,,,58.86145667,-135.1939467,0,0.0,0.0,0,,
2008-07-09T07:43:00,310405000,,,58.86145667,-135.1939467,176,176.8,12.8,0,,
2008-07-09T07:42:51,310405000,,,58.86205667,-135.1940133,176,176.8,12.8,0,,
2008-07-09T07:42:42,310405000,,,58.86252333,-135.1940633,176,177.3,12.8,0,,
2008-07-09T07:42:37,310405000,,,58.854,-135.186167,511,360.0,102.3,15,,
2008-07-09T07:42:32,310405000,,,58.86317167,-135.19413,176,176.8,12.8,0,,
2008-07-09T07:42:21,310405000,,,58.863805,-135.19418,176,177.3,12.8,0,,
2008-07-09T07:42:12,310405000,,,58.86433833,-135.1942467,176,176.8,12.8,0,,
2008-07-09T07:42:00,310405000,,,58.86498833,-135.1943133,176,176.8,12.8,0,,
2008-07-09T07:41:51,310405000,,,58.86559,-135.19438,176,176.8,12.8,0,,
2008-07-09T07:41:42,310405000,,,58.866105,-135.19443,176,176.8,12.8,0,,
2008-07-09T07:41:32,310405000,,,58.866705,-135.1944967,176,176.8,12.8,0,,
2008-07-09T07:41:21,310405000,,,58.86730333,-135.1945633,176,176.8,12.9,0,,
2008-07-09T07:41:12,310405000,,,58.86788833,-135.19463,176,176.8,12.9,0,,
2008-07-09T07:41:00,310405000,,,58.86853833,-135.1946967,176,176.8,12.9,0,,
2008-07-09T07:40:51,310405000,,,58.86913833,-135.1947633,176,176.8,12.9,0,,
2008-07-09T07:40:42,310405000,,,58.86967167,-135.1948133,176,176.8,13.0,0,,
2008-07-09T07:40:32,310405000,,,58.87027167,-135.19488,176,176.8,13.0,0,,
2008-07-09T07:40:21,310405000,,,58.87092333,-135.1949633,176,176.8,13.0,0,,
2008-07-09T07:40:11,310405000,,,58.87147333,-135.1950133,176,176.8,13.0,0,,
2008-07-09T07:40:00,310405000,,,58.87214,-135.1950967,176,176.8,13.1,0,,
2008-07-09T07:39:50,310405000,,,58.87274,-135.1951633,176,176.8,13.1,0,,
2008-07-09T07:39:41,310405000,,,58.873275,-135.1952317,176,176.8,13.1,0,,
2008-07-09T07:39:32,310405000,,,58.87380833,-135.1952817,176,176.8,13.1,0,,
2008-07-09T07:39:21,310405000,,,58.874475,-135.1953483,176,176.8,13.1,0,,
2008-07-09T07:39:11,310405000,,,58.87514167,-135.1954133,176,176.8,13.1,0,,
2008-07-09T07:39:01,310405000,,,58.87574167,-135.19548,176,176.4,13.1,0,,
2008-07-09T07:38:51,310405000,,,58.87634333,-135.1955317,176,176.4,13.0,0,,
2008-07-09T07:38:42,310405000,,,58.87689167,-135.1955983,176,176.8,13.0,0,,
2008-07-09T07:38:31,310405000,,,58.87749333,-135.195665,176,176.4,13.0,0,,
2008-07-09T07:38:21,310405000,,,58.87816,-135.1957317,176,176.4,13.0,0,,
2008-07-09T07:38:11,310405000,,,58.87869333,-135.1957983,177,177.4,13.0,0,,
2008-07-09T07:38:01,310405000,,,58.87929167,-135.1958483,177,177.4,13.0,0,,
2008-07-09T07:37:51,310405000,,,58.87996,-135.1959317,176,176.4,13.0,0,,
2008-07-09T07:37:40,310405000,,,58.88054333,-135.1959967,176,176.4,13.0,0,,
2008-07-09T07:37:31,310405000,,,58.88102667,-135.1960467,177,177.0,13.0,0,,
2008-07-09T07:37:21,310405000,,,58.88175833,-135.19613,177,177.0,13.0,0,,
2008-07-09T07:37:11,310405000,,,58.88234333,-135.1961983,177,177.4,13.0,0,,
2008-07-09T07:37:01,310405000,,,58.882945,-135.196265,177,177.4,13.0,0,,
2008-07-09T07:36:51,310405000,,,58.883545,-135.196315,177,177.4,13.0,0,,
2008-07-09T07:36:40,310405000,,,58.884145,-135.1963817,177,177.4,13.0,0,,
2008-07-09T07:36:31,310405000,,,58.884695,-135.1964483,177,177.4,13.0,0,,
2008-07-09T07:36:21,310405000,,,58.88528,-135.1964983,177,177.4,13.0,0,,
2008-07-09T07:36:11,310405000,,,58.88588167,-135.196565,177,177.4,13.0,0,,
2008-07-09T07:36:01,310405000,,,58.88648333,-135.1966317,176,176.4,13.0,0,,
2008-07-09T07:35:51,310405000,,,58.88708333,-135.1966983,176,176.4,13.0,0,,
2008-07-09T07:35:40,310405000,,,58.88781667,-135.1967817,176,176.0,13.0,0,,
2008-07-09T07:35:31,310405000,,,58.88828333,-135.1968317,176,176.0,13.0,0,,
2008-07-09T07:35:21,310405000,,,58.88895167,-135.196915,176,176.4,13.1,0,,
2008-07-09T07:35:11,310405000,,,58.889485,-135.1969817,176,176.4,13.1,0,,
2008-07-09T07:35:02,310405000,,,58.89008667,-135.1970483,176,176.4,13.1,0,,
2008-07-09T07:35:00,310405000,,,58.89075333,-135.1971317,0,0.0,0.0,0,,
2008-07-09T07:34:51,310405000,,,58.89075333,-135.1971317,176,176.4,13.1,0,,
2008-07-09T07:34:40,310405000,,,58.89135333,-135.197215,176,176.4,13.1,0,,
2008-07-09T07:34:31,310405000,,,58.89190167,-135.1972817,176,176.4,13.1,0,,
2008-07-09T07:34:21,310405000,,,58.89248667,-135.1973483,176,176.4,13.1,0,,
2008-07-09T07:34:11,310405000,,,58.89310333,-135.1974317,176,176.4,13.1,0,,
2008-07-09T07:34:02,310405000,,,58.89370333,-135.1974983,176,176.4,13.1,0,,
2008-07-09T07:33:51,310405000,,,58.89437167,-135.1975817,176,176.4,13.1,0,,
2008-07-09T07:33:40,310405000,,,58.89497167,-135.1976483,176,176.4,13.1,0,,
2008-07-09T07:33:32,310405000,,,58.89552,-135.197715,176,176.4,13.1,0,,
2008-07-09T07:33:20,310405000,,,58.89617167,-135.1977983,176,176.4,13.1,0,,
2008-07-09T07:33:12,310405000,,,58.89672167,-135.197865,176,176.8,13.1,0,,
2008-07-09T07:33:02,310405000,,,58.897305,-135.1979317,176,176.4,13.0,0,,
2008-07-09T07:32:51,310405000,,,58.89797167,-135.198015,176,176.8,13.1,0,,
2008-07-09T07:32:40,310405000,,,58.89857167,-135.1980983,176,176.8,13.1,0,,
2008-07-09T07:32:30,310405000,,,58.89917167,-135.198165,176,176.8,13.1,0,,
2008-07-09T07:32:20,310405000,,,58.89984167,-135.1982483,176,176.8,13.0,0,,
2008-07-09T07:32:12,310405000,,,58.900325,-135.198315,176,176.8,13.1,0,,
2008-07-09T07:32:02,310405000,,,58.900925,-135.1983817,176,176.8,13.0,0,,
2008-07-09T07:31:51,310405000,,,58.90159333,-135.19845,176,176.8,13.1,0,,
2008-07-09T07:31:40,310405000,,,58.90217667,-135.1985167,176,176.8,13.1,0,,
2008-07-09T07:31:30,310405000,,,58.90279333,-135.1985833,176,176.8,13.1,0,,
2008-07-09T07:31:20,310405000,,,58.90339333,-135.19865,176,176.8,13.1,0,,
2008-07-09T07:31:12,310405000,,,58.90394333,-135.1987167,176,176.8,13.1,0,,
2008-07-09T07:31:02,310405000,,,58.90447667,-135.1987667,176,176.8,13.1,0,,
2008-07-09T07:30:51,310405000,,,58.90514333,-135.19885,176,176.8,13.1,0,,
2008-07-09T07:30:40,310405000,,,58.90587833,-135.1989333,176,177.3,13.1,0,,
2008-07-09T07:30:30,310405000,,,58.90646167,-135.199,176,176.8,13.1,0,,
2008-07-09T07:30:20,310405000,,,58.90701167,-135.19905,175,176.3,13.1,0,,
2008-07-09T07:30:12,310405000,,,58.90756167,-135.1991167,175,176.3,13.1,0,,
2008-07-09T07:30:02,310405000,,,58.908145,-135.1991833,175,176.3,13.1,0,,
2008-07-09T07:29:50,310405000,,,58.90881333,-135.1992667,175,176.3,13.1,0,,
2008-07-09T07:29:41,310405000,,,58.909415,-135.1993333,175,176.3,13.1,0,,
2008-07-09T07:29:30,310405000,,,58.91003167,-135.1994,175,176.7,13.1,0,,
2008-07-09T07:29:20,310405000,,,58.91063833,-135.19946,176,177.7,13.1,0,,
2008-07-09T07:29:12,310405000,,,58.911115,-135.1995,176,177.7,13.1,0,,
2008-07-09T07:29:02,310405000,,,58.91178167,-135.1995667,176,177.7,13.1,0,,
2008-07-09T07:29:01,310405000,,,58.912505,-135.1996283,0,0.0,0.0,0,,
2008-07-09T07:28:50,310405000,,,58.912505,-135.1996283,176,177.7,13.1,0,,
2008-07-09T07:28:41,310405000,,,58.91305667,-135.1996783,176,177.7,13.1,0,,
2008-07-09T07:28:30,310405000,,,58.91365667,-135.1997283,176,177.7,13.1,0,,
2008-07-09T07:28:20,310405000,,,58.91425667,-135.1997933,176,177.3,13.1,0,,
2008-07-09T07:28:10,310405000,,,58.91485833,-135.1998433,176,177.7,13.1,0,,
2008-07-09T07:28:02,310405000,,,58.91541,-135.19991,175,176.3,13.2,0,,
2008-07-09T07:27:50,310405000,,,58.91607667,-135.1999783,175,176.7,13.1,0,,
2008-07-09T07:27:41,310405000,,,58.91669333,-135.2000433,175,176.7,13.2,0,,
2008-07-09T07:27:30,310405000,,,58.91729333,-135.2000933,175,176.7,13.2,0,,
2008-07-09T07:27:21,310405000,,,58.91782667,-135.20016,175,176.7,13.2,0,,
2008-07-09T07:27:10,310405000,,,58.91856,-135.2002433,175,177.1,13.2,0,,
2008-07-09T07:27:02,310405000,,,58.91904333,-135.2002933,175,177.1,13.2,0,,
2008-07-09T07:26:50,310405000,,,58.91977667,-135.2003767,175,177.1,13.2,0,,
2008-07-09T07:26:41,310405000,,,58.920325,-135.2004433,175,176.6,13.2,0,,
2008-07-09T07:26:30,310405000,,,58.920925,-135.200495,175,177.6,13.2,0,,
2008-07-09T07:26:21,310405000,,,58.92147667,-135.2005617,175,177.6,13.2,0,,
2008-07-09T07:26:10,310405000,,,58.92214333,-135.2006117,175,178.0,13.2,0,,
2008-07-09T07:26:02,310405000,,,58.92264333,-135.2006617,175,177.6,13.2,0,,
2008-07-09T07:25:50,310405000,,,58.92335833,-135.2007117,175,178.0,13.1,0,,
2008-07-09T07:25:41,310405000,,,58.92397667,-135.2007617,175,178.0,13.2,0,,
2008-07-09T07:25:31,310405000,,,58.92457667,-135.2007967,175,178.0,13.1,0,,
2008-07-09T07:25:21,310405000,,,58.92517667,-135.20083,175,178.0,13.1,0,,
2008-07-09T07:25:10,310405000,,,58.925775,-135.20088,175,177.6,13.1,0,,
2008-07-09T07:25:00,310405000,,,58.92639333,-135.2009133,175,178.0,13.1,0,,
2008-07-09T07:24:50,310405000,,,58.92699333,-135.2009633,175,177.6,13.1,0,,
2008-07-09T07:24:41,310405000,,,58.927545,-135.2009967,175,177.6,13.1,0,,
2008-07-09T07:24:31,310405000,,,58.92814333,-135.20103,175,177.6,13.1,0,,
2008-07-09T07:24:21,310405000,,,58.92876,-135.20108,176,178.6,13.1,0,,
2008-07-09T07:24:10,310405000,,,58.92941,-135.2011133,176,178.6,13.1,0,,
2008-07-09T07:24:00,310405000,,,58.93007667,-135.2011633,176,178.6,13.1,0,,
2008-07-09T07:23:50,310405000,,,58.93069333,-135.2011967,176,178.6,13.1,0,,
2008-07-09T07:23:41,310405000,,,58.93117833,-135.20123,176,178.6,13.1,0,,
2008-07-09T07:23:31,310405000,,,58.93184333,-135.2012633,176,178.6,13.1,0,,
2008-07-09T07:23:21,310405000,,,58.93237833,-135.2012967,176,178.6,13.1,0,,
2008-07-09T07:23:10,310405000,,,58.933045,-135.2013467,176,178.1,13.1,0,,
2008-07-09T07:23:02,310405000,,,58.93366167,-135.20138,0,0.0,0.0,0,,
2008-07-09T07:23:00,310405000,,,58.93366167,-135.20138,176,178.6,13.1,0,,
2008-07-09T07:22:50,310405000,,,58.93426,-135.2014133,176,178.1,13.1,0,,
2008-07-09T07:22:41,310405000,,,58.934795,-135.2014467,176,178.1,13.1,0,,
2008-07-09T07:22:31,310405000,,,58.93541167,-135.20148,176,178.1,13.1,0,,
2008-07-09T07:22:21,310405000,,,58.93601167,-135.2014967,176,178.1,13.1,0,,
2008-07-09T07:22:10,310405000,,,58.936745,-135.2015467,176,178.1,13.1,0,,
2008-07-09T07:22:00,310405000,,,58.937295,-135.20158,176,178.1,13.1,0,,
2008-07-09T07:21:52,310405000,,,58.93783,-135.2015967,176,178.1,13.1,0,,
2008-07-09T07:21:41,310405000,,,58.93844667,-135.20163,176,178.1,13.1,0,,
2008-07-09T07:21:31,310405000,,,58.93909667,-135.20168,176,177.7,13.1,0,,
2008-07-09T07:21:21,310405000,,,58.93964833,-135.2017133,176,177.7,13.1,0,,
2008-07-09T07:21:12,310405000,,,58.940265,-135.2017467,176,177.7,13.2,0,,
2008-07-09T07:21:00,310405000,,,58.94093,-135.2017967,176,177.7,13.1,0,,
2008-07-09T07:20:52,310405000,,,58.94141333,-135.20183,176,177.7,13.2,0,,
2008-07-09T07:20:41,310405000,,,58.94208167,-135.20188,176,177.7,13.2,0,,
2008-07-09T07:20:31,310405000,,,58.94274833,-135.20193,176,177.7,13.1,0,,
2008-07-09T07:20:21,310405000,,,58.94329833,-135.2019783,176,177.7,13.2,0,,
2008-07-09T07:20:11,310405000,,,58.94389833,-135.20203,176,177.7,13.2,0,,
2008-07-09T07:20:01,310405000,,,58.94458167,-135.20208,176,177.7,13.2,0,,
2008-07-09T07:19:52,310405000,,,58.945115,-135.2021133,176,177.7,13.3,0,,
2008-07-09T07:19:41,310405000,,,58.945715,-135.2021633,176,177.7,13.2,0,,
2008-07-09T07:19:31,310405000,,,58.94638333,-135.2022133,176,177.7,13.2,0,,
2008-07-09T07:19:21,310405000,,,58.94693333,-135.2022467,176,177.7,13.2,0,,
2008-07-09T07:19:12,310405000,,,58.94755,-135.2022967,176,177.7,13.2,0,,
2008-07-09T07:19:01,310405000,,,58.94815,-135.202345,176,177.2,13.4,0,,
2008-07-09T07:18:52,310405000,,,58.94876667,-135.2023967,176,177.7,13.2,0,,
2008-07-09T07:18:41,310405000,,,58.949435,-135.2024467,176,177.7,13.3,0,,
2008-07-09T07:18:31,310405000,,,58.950035,-135.20248,176,177.7,13.2,0,,
2008-07-09T07:18:21,310405000,,,58.950585,-135.20253,176,177.7,13.2,0,,
2008-07-09T07:18:11,310405000,,,58.95120333,-135.2025633,176,177.3,13.2,0,,
2008-07-09T07:18:01,310405000,,,58.95182,-135.2026133,177,178.7,13.2,0,,
2008-07-09T07:17:52,310405000,,,58.95242,-135.2026467,177,178.3,13.2,0,,
2008-07-09T07:17:41,310405000,,,58.953035,-135.2026967,177,178.3,13.2,0,,
2008-07-09T07:17:31,310405000,,,58.953635,-135.20273,177,178.3,13.2,0,,
2008-07-09T07:17:21,310405000,,,58.95425333,-135.20278,177,178.3,13.2,0,,
2008-07-09T07:17:12,310405000,,,58.95485333,-135.20283,177,177.8,13.2,0,,
2008-07-09T07:17:01,310405000,,,58.95552167,-135.20288,177,178.3,13.2,0,,
2008-07-09T07:17:00,310405000,,,58.95607333,-135.2029133,0,0.0,0.0,0,,
2008-07-09T07:16:52,310405000,,,58.95607333,-135.2029133,177,178.3,13.2,0,,
2008-07-09T07:16:41,310405000,,,58.95667167,-135.2029633,177,177.8,13.2,0,,
2008-07-09T07:16:31,310405000,,,58.95735667,-135.2030133,177,177.8,13.2,0,,
2008-07-09T07:16:21,310405000,,,58.95789,-135.2030633,177,177.8,13.2,0,,
2008-07-09T07:16:12,310405000,,,58.95849,-135.2031133,177,177.8,13.2,0,,
2008-07-09T07:16:00,310405000,,,58.95915667,-135.2031633,177,177.8,13.2,0,,
2008-07-09T07:15:52,310405000,,,58.959655,-135.2032133,177,177.8,13.2,0,,
2008-07-09T07:15:41,310405000,,,58.960325,-135.2032633,177,177.8,13.1,0,,
2008-07-09T07:15:31,310405000,,,58.96099,-135.20333,177,177.8,13.1,0,,
2008-07-09T07:15:21,310405000,,,58.96152667,-135.2033633,177,177.8,13.1,0,,
2008-07-09T07:15:12,310405000,,,58.96214333,-135.20343,177,177.8,13.1,0,,
2008-07-09T07:15:00,310405000,,,58.96281,-135.20348,177,177.8,13.1,0,,
2008-07-09T07:14:52,310405000,,,58.96334333,-135.20353,177,177.8,13.1,0,,
2008-07-09T07:14:41,310405000,,,58.96396,-135.20358,177,177.4,13.1,0,,
2008-07-09T07:14:21,310405000,,,58.96516,-135.2036633,177,177.4,13.1,0,,
2008-07-09T07:14:12,310405000,,,58.96571,-135.2037133,177,177.4,13.1,0,,
2008-07-09T07:14:00,310405000,,,58.96642667,-135.2037633,177,177.4,13.1,0,,
2008-07-09T07:13:52,310405000,,,58.96697833,-135.2038133,177,177.4,13.1,0,,
2008-07-09T07:13:41,310405000,,,58.967645,-135.203865,177,177.8,13.1,0,,
2008-07-09T07:13:31,310405000,,,58.968245,-135.2039133,177,177.4,13.1,0,,
2008-07-09T07:13:20,310405000,,,58.96884833,-135.2039633,177,177.8,13.0,0,,
2008-07-09T07:13:12,310405000,,,58.96939833,-135.2039967,177,177.4,13.1,0,,
2008-07-09T07:13:00,310405000,,,58.97004833,-135.2040633,177,177.0,13.0,0,,
2008-07-09T07:12:52,310405000,,,58.97053167,-135.2040983,178,178.4,13.1,0,,
2008-07-09T07:12:41,310405000,,,58.9712,-135.2041483,178,177.5,13.0,0,,
2008-07-09T07:12:31,310405000,,,58.9718,-135.2041983,178,178.0,13.0,0,,
2008-07-09T07:12:20,310405000,,,58.97246833,-135.2042317,178,177.5,13.0,0,,
2008-07-09T07:12:12,310405000,,,58.972935,-135.204265,178,177.5,13.0,0,,
2008-07-09T07:12:01,310405000,,,58.97366667,-135.204315,178,177.5,13.0,0,,
2008-07-09T07:11:52,310405000,,,58.9742,-135.2043633,177,176.5,13.0,0,,
2008-07-09T07:11:41,310405000,,,58.9748,-135.20443,177,176.5,13.0,0,,
2008-07-09T07:11:31,310405000,,,58.97545167,-135.2045117,176,175.5,13.0,0,,
2008-07-09T07:11:20,310405000,,,58.97605167,-135.204595,175,174.5,13.0,0,,
2008-07-09T07:11:12,310405000,,,58.97660167,-135.2046933,175,174.5,13.0,0,,
2008-07-09T07:11:01,310405000,,,58.97725167,-135.2048267,0,0.0,0.0,0,,
2008-07-09T07:11:00,310405000,,,58.97725167,-135.2048267,174,173.5,13.0,0,,
2008-07-09T07:10:52,310405000,,,58.977735,-135.2049417,173,172.5,13.0,0,,
2008-07-09T07:10:31,310405000,,,58.978985,-135.2052567,172,171.5,13.0,0,,
2008-07-09T07:10:20,310405000,,,58.979685,-135.2054733,171,170.5,13.0,0,,
2008-07-09T07:10:12,310405000,,,58.98017,-135.20564,170,169.5,13.0,0,,
2008-07-09T07:10:00,310405000,,,58.98082167,-135.2058567,170,169.5,13.0,0,,
2008-07-09T07:09:52,310405000,,,58.98135667,-135.2060567,169,168.5,13.1,0,,
2008-07-09T07:09:42,310405000,,,58.98194,-135.2062883,168,167.5,13.0,0,,
2008-07-09T07:09:31,310405000,,,58.98252333,-135.2065383,167,167.0,13.1,0,,
2008-07-09T07:09:20,310405000,,,58.98317333,-135.2068217,167,167.4,13.1,0,,
2008-07-09T07:09:12,310405000,,,58.98364,-135.2070383,166,166.0,13.1,0,,
2008-07-09T07:09:00,310405000,,,58.98435667,-135.20737,165,165.4,13.1,0,,
2008-07-09T07:08:52,310405000,,,58.984825,-135.2075883,165,165.4,13.1,0,,
2008-07-09T07:08:42,310405000,,,58.98546,-135.2079217,165,165.4,13.1,0,,
2008-07-09T07:08:31,310405000,,,58.98611,-135.2082383,165,165.4,13.1,0,,
2008-07-09T07:08:21,310405000,,,58.98669333,-135.2085217,166,166.4,13.2,0,,
2008-07-09T07:08:00,310405000,,,58.98787667,-135.209105,166,166.4,13.2,0,,
2008-07-09T07:07:52,310405000,,,58.98834333,-135.2093383,165,165.4,13.2,0,,
2008-07-09T07:07:42,310405000,,,58.988945,-135.2096233,165,165.4,13.2,0,,
2008-07-09T07:07:31,310405000,,,58.98959667,-135.20994,165,165.4,13.2,0,,
2008-07-09T07:07:21,310405000,,,58.99017833,-135.2102233,166,166.4,13.2,0,,
2008-07-09T07:07:12,310405000,,,58.99071333,-135.2104733,165,165.8,13.2,0,,
2008-07-09T07:07:00,310405000,,,58.99143,-135.2108233,165,165.8,13.2,0,,
2008-07-09T07:06:52,310405000,,,58.99196333,-135.21109,165,165.8,13.2,0,,
2008-07-09T07:06:42,310405000,,,58.99254667,-135.2113733,165,165.8,13.2,0,,
2008-07-09T07:06:31,310405000,,,58.99319667,-135.2117067,165,166.3,13.2,0,,
2008-07-09T07:06:21,310405000,,,58.99373167,-135.2119567,165,165.8,13.2,0,,
2008-07-09T07:06:11,310405000,,,58.99438167,-135.2122733,165,166.2,13.3,0,,
2008-07-09T07:06:00,310405000,,,58.99498167,-135.2125583,165,165.8,13.3,0,,
2008-07-09T07:05:52,310405000,,,58.995465,-135.21279,165,165.8,13.3,0,,
2008-07-09T07:05:42,310405000,,,58.99604833,-135.213075,165,166.8,13.3,0,,
2008-07-09T07:05:31,310405000,,,58.99669833,-135.213375,166,165.8,13.3,0,,
2008-07-09T07:05:11,310405000,,,58.99796667,-135.213975,165,165.8,13.4,0,,
2008-07-09T07:05:04,310405000,,,58.99856667,-135.2142583,0,0.0,0.0,0,,
2008-07-09T07:05:00,310405000,,,58.99856667,-135.2142583,165,165.8,13.4,0,,
2008-07-09T07:04:52,310405000,,,58.99909833,-135.2145083,165,165.8,13.4,0,,
2008-07-09T07:04:42,310405000,,,58.99969833,-135.2148083,165,165.8,13.4,0,,
2008-07-09T07:04:31,310405000,,,59.0003,-135.2150917,165,165.8,13.4,0,,
2008-07-09T07:04:21,310405000,,,59.0009,-135.215375,165,165.8,13.4,0,,
2008-07-09T07:04:11,310405000,,,59.0015,-135.2156583,165,165.8,13.4,0,,
2008-07-09T07:03:52,310405000,,,59.00265,-135.2162083,165,165.8,13.4,0,,
2008-07-09T07:03:42,310405000,,,59.0033,-135.216525,165,166.2,13.4,0,,
2008-07-09T07:03:21,310405000,,,59.00456833,-135.2171433,165,166.2,13.4,0,,
2008-07-09T07:03:11,310405000,,,59.00516833,-135.217425,165,166.2,13.4,0,,
2008-07-09T07:03:00,310405000,,,59.005785,-135.2177267,165,165.8,13.5,0,,
2008-07-09T07:02:52,310405000,,,59.00626833,-135.21796,165,165.8,13.5,0,,
2008-07-09T07:02:41,310405000,,,59.006985,-135.2182933,166,166.4,13.5,0,,
2008-07-09T07:02:30,310405000,,,59.007585,-135.2185767,166,166.8,13.5,0,,
2008-07-09T07:02:21,310405000,,,59.008135,-135.2188433,166,166.8,13.5,0,,
2008-07-09T07:02:11,310405000,,,59.00873333,-135.219125,166,166.4,13.5,0,,
2008-07-09T07:02:00,310405000,,,59.0094,-135.2194417,165,165.8,13.5,0,,
2008-07-09T07:01:52,310405000,,,59.00995,-135.2197083,165,165.4,13.5,0,,
2008-07-09T07:01:41,310405000,,,59.01061667,-135.2200417,165,165.8,13.5,0,,
2008-07-09T07:01:30,310405000,,,59.01121833,-135.2203417,165,165.4,13.5,0,,
2008-07-09T07:01:21,310405000,,,59.01176667,-135.2206083,165,165.4,13.5,0,,
2008-07-09T07:01:10,310405000,,,59.01243333,-135.2209417,165,165.8,13.5,0,,
2008-07-09T07:01:00,310405000,,,59.013035,-135.2212417,165,165.4,13.5,0,,
2008-07-09T07:00:52,310405000,,,59.01351667,-135.2214917,165,165.8,13.5,0,,
2008-07-09T07:00:41,310405000,,,59.014185,-135.22181,165,165.4,13.5,0,,
2008-07-09T07:00:30,310405000,,,59.01483667,-135.2221433,165,165.8,13.5,0,,
2008-07-09T07:00:20,310405000,,,59.01550333,-135.22246,165,165.4,13.5,0,,
2008-07-09T07:00:10,310405000,,,59.01605333,-135.2227267,165,165.8,13.5,0,,
2008-07-09T07:00:00,310405000,,,59.01667,-135.22301,165,165.8,13.5,0,,
2008-07-09T06:59:52,310405000,,,59.01720167,-135.2232767,165,165.4,13.4,0,,
2008-07-09T06:59:41,310405000,,,59.01786833,-135.22361,165,165.4,13.4,0,,
2008-07-09T06:59:20,310405000,,,59.01905667,-135.2242117,166,166.4,13.4,0,,
2008-07-09T06:59:10,310405000,,,59.01965667,-135.224495,166,166.0,13.4,0,,
2008-07-09T06:59:00,310405000,,,59.02025667,-135.224795,166,166.0,13.4,0,,
2008-07-09T06:58:57,310405000,,,59.02074167,-135.225045,0,0.0,0.0,0,,
2008-07-09T06:58:52,310405000,,,59.02074167,-135.225045,166,166.0,13.3,0,,
2008-07-09T06:58:41,310405000,,,59.02145833,-135.225395,165,165.0,13.3,0,,
2008-07-09T06:58:20,310405000,,,59.02269167,-135.226045,165,165.0,13.3,0,,
2008-07-09T06:58:10,310405000,,,59.023225,-135.2263283,165,165.0,13.3,0,,
2008-07-09T06:58:00,310405000,,,59.023825,-135.2266283,165,165.0,13.3,0,,
2008-07-09T06:57:52,310405000,,,59.02430667,-135.2268783,166,166.0,13.3,0,,
2008-07-09T06:57:40,310405000,,,59.02500833,-135.2272283,165,165.0,13.3,0,,
2008-07-09T06:57:30,310405000,,,59.02560833,-135.2275133,165,165.4,13.3,0,,
2008-07-09T06:57:20,310405000,,,59.02620667,-135.2278117,165,165.4,13.2,0,,
2008-07-09T06:57:10,310405000,,,59.02679,-135.2281117,165,165.4,13.2,0,,
2008-07-09T06:57:00,310405000,,,59.02744167,-135.228445,165,165.0,13.2,0,,
2008-07-09T06:56:51,310405000,,,59.02790833,-135.2286783,165,165.4,13.2,0,,
2008-07-09T06:56:41,310405000,,,59.02850833,-135.2289783,165,165.4,13.2,0,,
2008-07-09T06:56:30,310405000,,,59.02915833,-135.2293133,165,165.0,13.2,0,,
2008-07-09T06:56:20,310405000,,,59.02974333,-135.2295967,165,165.8,13.2,0,,
2008-07-09T06:56:10,310405000,,,59.03034333,-135.2298967,165,165.4,13.2,0,,
2008-07-09T06:56:00,310405000,,,59.030925,-135.2301967,165,165.4,13.2,0,,
2008-07-09T06:55:51,310405000,,,59.03145833,-135.2304467,165,165.4,13.2,0,,
2008-07-09T06:55:41,310405000,,,59.03204167,-135.2307467,165,165.8,13.2,0,,
2008-07-09T06:55:31,310405000,,,59.03264333,-135.2310467,165,165.8,13.2,0,,
2008-07-09T06:55:20,310405000,,,59.03322667,-135.23133,165,165.4,13.2,0,,
2008-07-09T06:55:10,310405000,,,59.03387667,-135.2316467,165,165.8,13.2,0,,
2008-07-09T06:55:00,310405000,,,59.03452667,-135.2319633,165,165.8,13.2,0,,
2008-07-09T06:54:51,310405000,,,59.03501,-135.2321967,165,165.8,13.2,0,,
2008-07-09T06:54:41,310405000,,,59.03559167,-135.23248,165,165.8,13.2,0,,
2008-07-09T06:54:30,310405000,,,59.03624333,-135.2328133,165,165.8,13.2,0,,
2008-07-09T06:54:20,310405000,,,59.03684333,-135.2330967,165,165.8,13.2,0,,
2008-07-09T06:54:10,310405000,,,59.03742667,-135.2333967,165,165.8,13.2,0,,
2008-07-09T06:54:00,310405000,,,59.03802667,-135.23368,165,165.8,13.2,0,,
2008-07-09T06:53:51,310405000,,,59.038495,-135.2339133,165,165.4,13.2,0,,
2008-07-09T06:53:41,310405000,,,59.03908,-135.2341983,165,165.8,13.2,0,,
2008-07-09T06:53:30,310405000,,,59.03979667,-135.2345483,165,165.4,13.2,0,,
2008-07-09T06:53:20,310405000,,,59.04038,-135.2348483,165,165.0,13.2,0,,
2008-07-09T06:53:11,310405000,,,59.04091333,-135.235115,166,166.4,13.2,0,,
2008-07-09T06:53:00,310405000,,,59.04156333,-135.2354317,166,166.0,13.1,0,,
2008-07-09T06:52:59,310405000,,,59.04209667,-135.2356983,0,0.0,0.0,0,,
2008-07-09T06:52:51,310405000,,,59.04209667,-135.2356983,166,166.0,13.1,0,,
2008-07-09T06:52:41,310405000,,,59.04268,-135.2359817,166,166.0,13.1,0,,
2008-07-09T06:52:31,310405000,,,59.04331167,-135.236315,166,165.5,13.1,0,,
2008-07-09T06:52:20,310405000,,,59.04391333,-135.236615,165,165.0,13.1,0,,
2008-07-09T06:52:11,310405000,,,59.04442833,-135.2368817,165,164.5,13.1,0,,
2008-07-09T06:51:51,310405000,,,59.04559667,-135.2374983,165,164.1,13.1,0,,
2008-07-09T06:51:41,310405000,,,59.04618,-135.237815,166,165.1,13.1,0,,
2008-07-09T06:51:31,310405000,,,59.046815,-135.238165,165,164.1,13.1,0,,
2008-07-09T06:51:11,310405000,,,59.04793167,-135.2387817,166,164.6,13.1,0,,
2008-07-09T06:51:00,310405000,,,59.04858167,-135.2391317,166,164.2,13.1,0,,
2008-07-09T06:50:51,310405000,,,59.04909833,-135.2394333,166,164.2,13.1,0,,
2008-07-09T06:50:41,310405000,,,59.049665,-135.23975,166,164.6,13.1,0,,
2008-07-09T06:50:30,310405000,,,59.05024833,-135.2400667,166,164.2,13.1,0,,
2008-07-09T06:50:11,310405000,,,59.051415,-135.2407333,165,163.6,13.1,0,,
2008-07-09T06:50:00,310405000,,,59.052065,-135.2410833,165,163.2,13.1,0,,
2008-07-09T06:49:51,310405000,,,59.052575,-135.241385,165,164.1,13.1,0,,
2008-07-09T06:49:42,310405000,,,59.05315833,-135.2417017,165,163.6,13.1,0,,
2008-07-09T06:49:30,310405000,,,59.0538,-135.2420667,165,164.1,13.1,0,,
2008-07-09T06:49:21,310405000,,,59.05431667,-135.24235,165,164.5,13.1,0,,
2008-07-09T06:49:10,310405000,,,59.05495833,-135.242685,165,164.5,13.2,0,,
2008-07-09T06:49:00,310405000,,,59.05555667,-135.2429867,165,165.4,13.2,0,,
2008-07-09T06:48:52,310405000,,,59.05602333,-135.24322,165,165.4,13.2,0,,
2008-07-09T06:48:42,310405000,,,59.05661667,-135.2435167,165,166.3,13.2,0,,
2008-07-09T06:48:31,310405000,,,59.057325,-135.243855,165,166.3,13.2,0,,
2008-07-09T06:48:21,310405000,,,59.057875,-135.2441067,165,166.7,13.2,0,,
2008-07-09T06:48:10,310405000,,,59.058525,-135.2444067,165,167.1,13.2,0,,
2008-07-09T06:48:00,310405000,,,59.05910667,-135.2446733,165,166.7,13.3,0,,
2008-07-09T06:47:52,310405000,,,59.05959,-135.24489,165,167.1,13.3,0,,
2008-07-09T06:47:42,310405000,,,59.06024167,-135.245175,165,167.1,13.3,0,,
2008-07-09T06:47:31,310405000,,,59.06084333,-135.2454417,165,167.1,13.3,0,,
2008-07-09T06:47:21,310405000,,,59.06144333,-135.2457083,165,166.7,13.3,0,,
2008-07-09T06:47:10,310405000,,,59.062095,-135.2460083,165,166.7,13.3,0,,
2008-07-09T06:47:01,310405000,,,59.062645,-135.2462417,165,166.7,13.3,0,,
2008-07-09T06:46:58,310405000,,,59.06323,-135.2465083,0,0.0,0.0,0,,
2008-07-09T06:46:52,310405000,,,59.06323,-135.2465083,165,166.7,13.3,0,,
2008-07-09T06:46:42,310405000,,,59.063845,-135.2467917,165,166.7,13.3,0,,
2008-07-09T06:46:31,310405000,,,59.06442833,-135.2470583,165,166.7,13.3,0,,
2008-07-09T06:46:21,310405000,,,59.065045,-135.2473417,165,166.2,13.3,0,,
2008-07-09T06:46:10,310405000,,,59.065695,-135.2476417,165,166.2,13.3,0,,
2008-07-09T06:46:01,310405000,,,59.066245,-135.24789,165,166.2,13.4,0,,
2008-07-09T06:45:42,310405000,,,59.06736333,-135.248425,166,166.8,13.4,0,,
2008-07-09T06:45:31,310405000,,,59.06802833,-135.248725,166,166.8,13.4,0,,
2008-07-09T06:45:21,310405000,,,59.068645,-135.2489917,166,166.8,13.4,0,,
2008-07-09T06:45:10,310405000,,,59.06936167,-135.2493083,166,166.8,13.3,0,,
2008-07-09T06:45:01,310405000,,,59.06989667,-135.2495417,166,166.4,13.3,0,,
2008-07-09T06:44:52,310405000,,,59.07043,-135.2497917,166,166.4,13.3,0,,
2008-07-09T06:44:42,310405000,,,59.07103167,-135.250075,166,166.0,13.3,0,,
2008-07-09T06:44:31,310405000,,,59.07163167,-135.2503583,166,166.0,13.3,0,,
2008-07-09T06:44:21,310405000,,,59.07223333,-135.2506433,166,166.0,13.2,0,,
2008-07-09T06:44:10,310405000,,,59.07288333,-135.2509433,166,166.0,13.2,0,,
2008-07-09T06:43:51,310405000,,,59.07401667,-135.2514767,166,166.0,13.2,0,,
2008-07-09T06:43:41,310405000,,,59.07460167,-135.25176,166,165.5,13.2,0,,
2008-07-09T06:43:31,310405000,,,59.07520167,-135.25206,166,165.5,13.2,0,,
2008-07-09T06:43:21,310405000,,,59.07585167,-135.25236,166,165.5,13.2,0,,
2008-07-09T06:43:10,310405000,,,59.07643667,-135.25266,166,165.5,13.2,0,,
2008-07-09T06:43:01,310405000,,,59.07703667,-135.2529433,166,165.5,13.2,0,,
2008-07-09T06:42:51,310405000,,,59.077555,-135.25321,166,165.1,13.1,0,,
2008-07-09T06:42:41,310405000,,,59.07820333,-135.2535433,167,166.1,13.1,0,,
2008-07-09T06:42:31,310405000,,,59.07873667,-135.2537917,167,165.2,13.1,0,,
2008-07-09T06:42:21,310405000,,,59.07932,-135.25411,167,165.6,13.1,0,,
2008-07-09T06:42:10,310405000,,,59.07995333,-135.254425,166,164.2,13.1,0,,
2008-07-09T06:41:52,310405000,,,59.0833333,-135.251667,511,360.0,102.3,15,,
2008-07-09T06:41:41,310405000,,,59.081705,-135.25539,164,162.6,13.1,0,,
2008-07-09T06:41:31,310405000,,,59.08228833,-135.25574,164,161.6,13.2,0,,
2008-07-09T06:41:21,310405000,,,59.08282167,-135.256055,163,161.6,13.2,0,,
2008-07-09T06:41:10,310405000,,,59.08344,-135.2564717,162,161.5,13.2,0,,
2008-07-09T06:41:02,310405000,,,59.083975,-135.256805,161,160.1,13.2,0,,
2008-07-09T06:40:58,310405000,,,59.08454167,-135.257205,0,0.0,0.0,0,,
2008-07-09T06:40:51,310405000,,,59.08454167,-135.257205,160,160.0,13.3,0,,
2008-07-09T06:40:41,310405000,,,59.08514167,-135.2576033,160,160.4,13.3,0,,
2008-07-09T06:40:31,310405000,,,59.08570833,-135.25802,159,159.0,13.3,0,,
2008-07-09T06:40:21,310405000,,,59.08629333,-135.2584367,159,159.2,13.4,0,,
2008-07-09T06:40:10,310405000,,,59.086975,-135.2589517,158,158.4,13.4,0,,
2008-07-09T06:40:02,310405000,,,59.08744167,-135.2593033,158,158.8,13.4,0,,
2008-07-09T06:39:41,310405000,,,59.08864333,-135.2601867,158,158.8,13.4,0,,
2008-07-09T06:39:21,310405000,,,59.08974333,-135.261005,158,158.8,13.4,0,,
2008-07-09T06:39:10,310405000,,,59.09037833,-135.2614717,158,159.6,13.5,0,,
2008-07-09T06:39:02,310405000,,,59.090845,-135.261805,158,159.2,13.5,0,,
2008-07-09T06:38:51,310405000,,,59.091495,-135.2622717,158,159.6,13.5,0,,
2008-07-09T06:38:41,310405000,,,59.09207833,-135.2626883,158,159.2,13.5,0,,
2008-07-09T06:38:21,310405000,,,59.09331,-135.2635717,158,159.2,13.5,0,,
2008-07-09T06:38:10,310405000,,,59.09389333,-135.264005,158,159.2,13.5,0,,
2008-07-09T06:38:02,310405000,,,59.09442667,-135.2643883,158,159.6,13.5,0,,
2008-07-09T06:37:51,310405000,,,59.09501167,-135.264805,158,158.8,13.5,0,,
2008-07-09T06:37:41,310405000,,,59.095645,-135.2652883,158,159.6,13.5,0,,
2008-07-09T06:37:31,310405000,,,59.09622833,-135.265705,158,159.2,13.6,0,,
2008-07-09T06:37:10,310405000,,,59.09739667,-135.2665567,158,159.2,13.5,0,,
2008-07-09T06:37:02,310405000,,,59.09786333,-135.266905,158,158.8,13.6,0,,
2008-07-09T06:36:51,310405000,,,59.09846167,-135.2673383,158,159.2,13.5,0,,
2008-07-09T06:36:41,310405000,,,59.09916167,-135.267855,158,158.8,13.6,0,,
2008-07-09T06:36:30,310405000,,,59.099745,-135.2682883,158,159.2,13.6,0,,
2008-07-09T06:36:21,310405000,,,59.10027833,-135.2686883,158,158.8,13.6,0,,
2008-07-09T06:36:10,310405000,,,59.10091167,-135.269155,158,158.8,13.6,0,,
2008-07-09T06:36:00,310405000,,,59.101495,-135.2695717,158,158.8,13.6,0,,
2008-07-09T06:35:51,310405000,,,59.10202833,-135.2699717,158,158.8,13.6,0,,
2008-07-09T06:35:30,310405000,,,59.103245,-135.2708867,158,158.4,13.5,0,,
2008-07-09T06:35:21,310405000,,,59.10377667,-135.2712867,158,158.4,13.5,0,,
2008-07-09T06:35:10,310405000,,,59.10441167,-135.271755,158,158.4,13.5,0,,
2008-07-09T06:35:00,310405000,,,59.104995,-135.2722033,158,158.4,13.5,0,,
2008-07-09T06:34:56,310405000,,,59.10551167,-135.2725883,0,0.0,0.0,0,,
2008-07-09T06:34:51,310405000,,,59.10551167,-135.2725883,158,158.8,13.5,0,,
2008-07-09T06:34:41,310405000,,,59.10616167,-135.27307,158,158.4,13.5,0,,
2008-07-09T06:34:30,310405000,,,59.10672833,-135.2735217,158,158.4,13.4,0,,
2008-07-09T06:34:21,310405000,,,59.10726167,-135.2739217,158,158.4,13.4,0,,
2008-07-09T06:34:11,310405000,,,59.10782833,-135.274355,158,158.8,13.4,0,,
2008-07-09T06:34:00,310405000,,,59.10846,-135.27482,158,158.4,13.4,0,,
2008-07-09T06:33:51,310405000,,,59.108995,-135.2752217,158,158.8,13.4,0,,
2008-07-09T06:33:41,310405000,,,59.10957667,-135.2756533,158,158.4,13.4,0,,
2008-07-09T06:33:30,310405000,,,59.11014333,-135.2760867,158,158.8,13.4,0,,
2008-07-09T06:33:21,310405000,,,59.11077667,-135.2765533,158,158.8,13.4,0,,
2008-07-09T06:33:11,310405000,,,59.111345,-135.277005,158,158.8,13.4,0,,
2008-07-09T06:33:00,310405000,,,59.11192833,-135.2774217,158,158.8,13.3,0,,
2008-07-09T06:32:51,310405000,,,59.112445,-135.2778217,158,158.8,13.4,0,,
2008-07-09T06:32:30,310405000,,,59.113645,-135.2787217,158,158.8,13.3,0,,
2008-07-09T06:32:21,310405000,,,59.11417667,-135.2791033,158,158.8,13.3,0,,
2008-07-09T06:32:11,310405000,,,59.114745,-135.2795367,158,158.8,13.3,0,,
2008-07-09T06:32:00,310405000,,,59.11537833,-135.280005,158,158.8,13.3,0,,
2008-07-09T06:31:51,310405000,,,59.115895,-135.2803867,158,158.8,13.3,0,,
2008-07-09T06:31:41,310405000,,,59.11651167,-135.280855,158,158.4,13.3,0,,
2008-07-09T06:31:30,310405000,,,59.11708,-135.2812883,158,158.4,13.2,0,,
2008-07-09T06:31:21,310405000,,,59.11766333,-135.2817217,158,158.4,13.2,0,,
2008-07-09T06:31:11,310405000,,,59.11818,-135.2821217,158,158.4,13.2,0,,
2008-07-09T06:31:00,310405000,,,59.11879667,-135.2825883,158,158.4,13.2,0,,
2008-07-09T06:30:51,310405000,,,59.119315,-135.28299,158,158.0,13.2,0,,
2008-07-09T06:30:41,310405000,,,59.11988,-135.2834233,158,158.0,13.2,0,,
2008-07-09T06:30:30,310405000,,,59.12049833,-135.283905,158,158.0,13.2,0,,
2008-07-09T06:30:21,310405000,,,59.121015,-135.2843067,158,158.0,13.2,0,,
2008-07-09T06:30:11,310405000,,,59.12158167,-135.2847383,158,157.5,13.2,0,,
2008-07-09T06:30:00,310405000,,,59.1222,-135.2852233,158,157.5,13.2,0,,
2008-07-09T06:29:51,310405000,,,59.1227,-135.28564,158,157.5,13.2,0,,
2008-07-09T06:29:41,310405000,,,59.12331667,-135.2861233,158,157.5,13.1,0,,
2008-07-09T06:29:30,310405000,,,59.12388167,-135.2865733,158,157.5,13.1,0,,
2008-07-09T06:29:21,310405000,,,59.12443333,-135.2870067,158,157.1,13.1,0,,
2008-07-09T06:29:11,310405000,,,59.12495167,-135.287425,158,157.5,13.1,0,,
2008-07-09T06:29:00,310405000,,,59.12556667,-135.2879067,158,157.1,13.1,0,,
2008-07-09T06:28:55,310405000,,,59.12606833,-135.288325,0,0.0,0.0,0,,
2008-07-09T06:28:51,310405000,,,59.12606833,-135.288325,158,157.1,13.1,0,,
2008-07-09T06:28:41,310405000,,,59.12663667,-135.288775,158,157.1,13.1,0,,
2008-07-09T06:28:30,310405000,,,59.12718667,-135.289225,158,156.6,13.1,0,,
2008-07-09T06:28:21,310405000,,,59.12780167,-135.289725,158,157.1,13.1,0,,
2008-07-09T06:28:11,310405000,,,59.12835333,-135.290175,158,156.6,13.1,0,,
2008-07-09T06:28:00,310405000,,,59.12892,-135.2906417,159,157.6,13.2,0,,
2008-07-09T06:27:51,310405000,,,59.12942,-135.29106,159,157.2,13.2,0,,
2008-07-09T06:27:41,310405000,,,59.12998667,-135.291525,159,157.2,13.2,0,,
2008-07-09T06:27:30,310405000,,,59.13060333,-135.292025,158,156.6,13.2,0,,
2008-07-09T06:27:21,310405000,,,59.13110333,-135.2924583,158,156.2,13.2,0,,
2008-07-09T06:27:11,310405000,,,59.131655,-135.29291,158,156.6,13.2,0,,
2008-07-09T06:27:00,310405000,,,59.13227333,-135.2934283,158,156.6,13.2,0,,
2008-07-09T06:26:51,310405000,,,59.13278833,-135.2938433,158,156.7,13.3,0,,
2008-07-09T06:26:41,310405000,,,59.133355,-135.29431,158,156.7,13.3,0,,
2008-07-09T06:26:30,310405000,,,59.13397333,-135.2948283,158,157.1,13.3,0,,
2008-07-09T06:26:21,310405000,,,59.13454,-135.2952783,158,157.1,13.3,0,,
2008-07-09T06:26:10,310405000,,,59.13510667,-135.295745,158,157.1,13.3,0,,
2008-07-09T06:26:00,310405000,,,59.135675,-135.2961967,158,157.1,13.3,0,,
2008-07-09T06:25:52,310405000,,,59.13614167,-135.29658,158,157.1,13.3,0,,
2008-07-09T06:25:41,310405000,,,59.13675833,-135.29708,158,157.1,13.3,0,,
2008-07-09T06:25:30,310405000,,,59.13739167,-135.29758,158,157.1,13.3,0,,
2008-07-09T06:25:21,310405000,,,59.13789167,-135.29798,158,157.1,13.3,0,,
2008-07-09T06:25:10,310405000,,,59.138525,-135.2984967,158,157.5,13.3,0,,
2008-07-09T06:25:00,310405000,,,59.13909167,-135.2989467,158,157.5,13.3,0,,
2008-07-09T06:24:52,310405000,,,59.13960833,-135.2993467,159,157.1,13.3,0,,
2008-07-09T06:24:41,310405000,,,59.14017667,-135.2997983,158,157.5,13.3,0,,
2008-07-09T06:24:30,310405000,,,59.14079333,-135.3002983,158,157.1,13.3,0,,
2008-07-09T06:24:21,310405000,,,59.14131,-135.300715,158,157.5,13.3,0,,
2008-07-09T06:24:10,310405000,,,59.14194333,-135.3011983,158,157.5,13.3,0,,
2008-07-09T06:24:00,310405000,,,59.14251,-135.3016483,158,157.5,13.3,0,,
2008-07-09T06:23:52,310405000,,,59.14296,-135.302015,158,158.0,13.3,0,,
2008-07-09T06:23:41,310405000,,,59.143595,-135.3025167,158,158.0,13.3,0,,
2008-07-09T06:23:31,310405000,,,59.14411,-135.302915,158,158.0,13.3,0,,
2008-07-09T06:23:21,310405000,,,59.144795,-135.3034333,158,158.0,13.3,0,,
2008-07-09T06:23:10,310405000,,,59.14536167,-135.3038833,158,158.0,13.3,0,,
2008-07-09T06:23:00,310405000,,,59.14592833,-135.3043167,158,158.0,13.3,0,,
2008-07-09T06:22:53,310405000,,,59.146445,-135.3047333,0,0.0,0.0,0,,
2008-07-09T06:22:52,310405000,,,59.146445,-135.3047333,158,158.0,13.3,0,,
2008-07-09T06:22:41,310405000,,,59.14702833,-135.3051667,158,158.0,13.3,0,,
2008-07-09T06:22:31,310405000,,,59.147595,-135.3056167,158,158.0,13.3,0,,
2008-07-09T06:22:21,310405000,,,59.14816167,-135.3060667,158,158.0,13.3,0,,
2008-07-09T06:22:10,310405000,,,59.14878,-135.30655,158,158.0,13.3,0,,
2008-07-09T06:22:01,310405000,,,59.14929667,-135.30695,158,157.5,13.3,0,,
2008-07-09T06:21:52,310405000,,,59.14979667,-135.3073517,158,157.5,13.3,0,,
2008-07-09T06:21:41,310405000,,,59.15044667,-135.3078517,158,158.0,13.3,0,,
2008-07-09T06:21:31,310405000,,,59.15099833,-135.308285,158,158.0,13.3,0,,
2008-07-09T06:21:21,310405000,,,59.15158167,-135.308735,158,158.0,13.3,0,,
2008-07-09T06:21:11,310405000,,,59.15213167,-135.30917,158,157.5,13.3,0,,
2008-07-09T06:21:01,310405000,,,59.15271667,-135.30962,158,158.0,13.4,0,,
2008-07-09T06:20:52,310405000,,,59.15323167,-135.31002,158,158.0,13.3,0,,
2008-07-09T06:20:41,310405000,,,59.15385,-135.31052,158,158.0,13.3,0,,
2008-07-09T06:20:31,310405000,,,59.15438167,-135.31092,158,158.0,13.3,0,,
2008-07-09T06:20:21,310405000,,,59.155,-135.3114033,158,158.0,13.4,0,,
2008-07-09T06:20:11,310405000,,,59.15556667,-135.3118533,158,157.5,13.3,0,,
2008-07-09T06:20:01,310405000,,,59.15620167,-135.3123383,158,157.5,13.4,0,,
2008-07-09T06:19:52,310405000,,,59.15671833,-135.3127383,158,157.5,13.3,0,,
2008-07-09T06:19:41,310405000,,,59.15728333,-135.3131867,158,157.5,13.3,0,,
2008-07-09T06:19:31,310405000,,,59.15785167,-135.3136383,158,158.0,13.4,0,,
2008-07-09T06:19:21,310405000,,,59.15842,-135.3140883,158,157.5,13.3,0,,
2008-07-09T06:19:11,310405000,,,59.15898667,-135.31454,158,157.5,13.3,0,,
2008-07-09T06:19:01,310405000,,,59.15955333,-135.31499,158,157.5,13.3,0,,
2008-07-09T06:18:52,310405000,,,59.16007,-135.31539,158,157.5,13.3,0,,
2008-07-09T06:18:41,310405000,,,59.16063667,-135.31584,158,157.5,13.3,0,,
2008-07-09T06:18:31,310405000,,,59.16120333,-135.31629,158,158.0,13.3,0,,
2008-07-09T06:18:21,310405000,,,59.16183833,-135.3167733,158,157.5,13.4,0,,
2008-07-09T06:18:11,310405000,,,59.16245667,-135.3172583,158,158.0,13.2,0,,
2008-07-09T06:18:01,310405000,,,59.162955,-135.3176583,158,158.0,13.2,0,,
2008-07-09T06:17:51,310405000,,,59.16352333,-135.3181083,158,158.0,13.2,0,,
2008-07-09T06:17:42,310405000,,,59.164105,-135.3185417,158,158.4,13.4,0,,
2008-07-09T06:17:31,310405000,,,59.16472333,-135.319025,158,158.0,13.2,0,,
2008-07-09T06:17:21,310405000,,,59.16523833,-135.319425,158,158.8,13.2,0,,
2008-07-09T06:17:11,310405000,,,59.16580667,-135.3198583,158,158.4,13.2,0,,
2008-07-09T06:17:01,310405000,,,59.16637333,-135.3202917,158,158.4,13.2,0,,
2008-07-09T06:16:52,310405000,,,59.16687333,-135.320675,0,0.0,0.0,0,,
2008-07-09T06:16:52,310405000,,,59.16687333,-135.320675,158,158.4,13.2,0,,
2008-07-09T06:16:42,310405000,,,59.16750667,-135.3211417,158,158.4,13.1,0,,
2008-07-09T06:16:30,310405000,,,59.16812333,-135.3216267,158,158.8,13.1,0,,
2008-07-09T06:16:21,310405000,,,59.16864,-135.3220083,158,158.4,13.1,0,,
2008-07-09T06:16:11,310405000,,,59.16919,-135.3224267,158,158.8,13.0,0,,
2008-07-09T06:16:01,310405000,,,59.16975833,-135.3228433,158,158.8,13.1,0,,
2008-07-09T06:15:51,310405000,,,59.17032333,-135.3232767,158,158.8,13.0,0,,
2008-07-09T06:15:42,310405000,,,59.17082333,-135.3236433,158,159.3,13.0,0,,
2008-07-09T06:15:30,310405000,,,59.17144,-135.3240933,158,158.8,13.0,0,,
2008-07-09T06:15:21,310405000,,,59.17200833,-135.3245267,158,158.8,13.0,0,,
2008-07-09T06:15:11,310405000,,,59.172575,-135.3249433,158,158.8,13.0,0,,
2008-07-09T06:15:01,310405000,,,59.17319167,-135.32541,158,158.8,13.0,0,,
2008-07-09T06:14:51,310405000,,,59.17369167,-135.3257767,158,158.4,13.0,0,,
2008-07-09T06:14:42,310405000,,,59.17424167,-135.3261933,158,158.8,13.1,0,,
2008-07-09T06:14:30,310405000,,,59.174875,-135.32666,158,158.4,13.0,0,,
2008-07-09T06:14:20,310405000,,,59.175425,-135.3270933,158,158.4,13.1,0,,
2008-07-09T06:14:12,310405000,,,59.17587667,-135.3274283,158,158.4,13.0,0,,
2008-07-09T06:14:00,310405000,,,59.17654333,-135.327945,158,158.0,13.0,0,,
2008-07-09T06:13:51,310405000,,,59.17706,-135.328345,158,158.4,13.0,0,,
2008-07-09T06:13:42,310405000,,,59.17756167,-135.3287117,158,158.0,13.1,0,,
2008-07-09T06:13:30,310405000,,,59.17817833,-135.329195,158,158.4,13.0,0,,
2008-07-09T06:13:20,310405000,,,59.178795,-135.3296633,158,158.0,13.0,0,,
2008-07-09T06:13:12,310405000,,,59.17927833,-135.3300467,158,158.0,13.0,0,,
2008-07-09T06:13:00,310405000,,,59.179895,-135.33053,158,158.4,13.0,0,,
2008-07-09T06:12:51,310405000,,,59.180395,-135.3309117,158,158.0,12.9,0,,
2008-07-09T06:12:42,310405000,,,59.180895,-135.3312967,158,158.8,13.0,0,,
2008-07-09T06:12:30,310405000,,,59.18156333,-135.3317967,158,158.8,12.9,0,,
2008-07-09T06:12:20,310405000,,,59.18213,-135.33223,158,158.8,12.9,0,,
2008-07-09T06:12:12,310405000,,,59.18258,-135.332565,158,159.3,12.9,0,,
2008-07-09T06:12:00,310405000,,,59.183245,-135.3330467,158,159.3,12.9,0,,
2008-07-09T06:11:51,310405000,,,59.183695,-135.33338,158,159.3,12.9,0,,
2008-07-09T06:11:42,310405000,,,59.18429667,-135.333815,158,159.3,12.9,0,,
2008-07-09T06:11:30,310405000,,,59.18491333,-135.3342817,158,159.3,12.9,0,,
2008-07-09T06:11:20,310405000,,,59.185465,-135.3346817,158,159.3,13.2,0,,
2008-07-09T06:11:12,310405000,,,59.185965,-135.33505,158,159.3,12.8,0,,
2008-07-09T06:11:00,310405000,,,59.18658167,-135.3354983,158,158.8,12.8,0,,
2008-07-09T06:10:52,310405000,,,59.18703167,-135.3358333,158,158.8,12.8,0,,
2008-07-09T06:10:49,310405000,,,59.18757833,-135.3362267,0,0.0,0.0,0,,
2008-07-09T06:10:42,310405000,,,59.18757833,-135.3362267,158,158.8,12.9,0,,
2008-07-09T06:10:30,310405000,,,59.188195,-135.336675,158,158.8,12.8,0,,
2008-07-09T06:10:20,310405000,,,59.188745,-135.33711,158,158.8,12.9,0,,
2008-07-09T06:10:12,310405000,,,59.18924667,-135.3374767,158,158.8,12.9,0,,
2008-07-09T06:10:01,310405000,,,59.18986333,-135.3379283,158,158.8,12.8,0,,
2008-07-09T06:09:52,310405000,,,59.19041333,-135.3383283,158,159.3,12.9,0,,
2008-07-09T06:09:42,310405000,,,59.19098167,-135.338745,158,158.8,12.9,0,,
2008-07-09T06:09:31,310405000,,,59.191515,-135.339145,158,159.3,12.9,0,,
2008-07-09T06:09:20,310405000,,,59.19213167,-135.3396117,159,159.8,12.9,0,,
2008-07-09T06:09:12,310405000,,,59.19258333,-135.33993,159,159.8,12.9,0,,
2008-07-09T06:09:01,310405000,,,59.1932,-135.3403817,160,160.8,12.9,0,,
2008-07-09T06:08:52,310405000,,,59.19369833,-135.3407317,160,160.4,12.9,0,,
2008-07-09T06:08:40,310405000,,,59.19431667,-135.3411667,160,160.8,12.9,0,,
2008-07-09T06:08:31,310405000,,,59.19488333,-135.3415317,160,160.4,12.9,0,,
2008-07-09T06:08:21,310405000,,,59.19545,-135.3419333,160,160.4,12.9,0,,
2008-07-09T06:08:12,310405000,,,59.19601667,-135.342315,160,160.4,12.9,0,,
2008-07-09T06:08:01,310405000,,,59.19658167,-135.3426983,160,160.4,13.0,0,,
2008-07-09T06:07:52,310405000,,,59.19713333,-135.3430817,160,160.4,12.9,0,,
2008-07-09T06:07:40,310405000,,,59.19775,-135.3435,160,160.4,12.9,0,,
2008-07-09T06:07:31,310405000,,,59.19826667,-135.34385,160,160.0,12.9,0,,
2008-07-09T06:07:21,310405000,,,59.198835,-135.3442333,160,160.0,12.9,0,,
2008-07-09T06:07:12,310405000,,,59.199335,-135.3445833,160,160.0,12.9,0,,
2008-07-09T06:07:01,310405000,,,59.19995,-135.345015,160,160.0,12.9,0,,
2008-07-09T06:06:52,310405000,,,59.20045333,-135.3453667,160,160.0,12.8,0,,
2008-07-09T06:06:40,310405000,,,59.201085,-135.3458,160,160.0,13.0,0,,
2008-07-09T06:06:31,310405000,,,59.201635,-135.3461833,160,160.0,13.0,0,,
2008-07-09T06:06:21,310405000,,,59.20221667,-135.3465817,160,160.0,13.0,0,,
2008-07-09T06:06:12,310405000,,,59.20271833,-135.3469317,160,160.0,13.0,0,,
2008-07-09T06:06:01,310405000,,,59.203335,-135.3473667,160,160.0,13.0,0,,
2008-07-09T06:05:52,310405000,,,59.20383667,-135.3477167,160,160.0,13.0,0,,
2008-07-09T06:05:40,310405000,,,59.20452,-135.3482,160,160.0,13.0,0,,
2008-07-09T06:05:31,310405000,,,59.20502167,-135.3485517,160,159.5,13.1,0,,
2008-07-09T06:05:21,310405000,,,59.205605,-135.3489683,160,159.5,13.0,0,,
2008-07-09T06:05:10,310405000,,,59.206155,-135.3493517,160,159.5,13.1,0,,
2008-07-09T06:05:02,310405000,,,59.20667167,-135.3497183,160,159.5,13.1,0,,
2008-07-09T06:04:54,310405000,,,59.207305,-135.3501683,0,0.0,0.0,0,,
2008-07-09T06:04:51,310405000,,,59.207305,-135.3501683,160,159.5,13.1,0,,
2008-07-09T06:04:40,310405000,,,59.20792167,-135.3506017,161,160.5,13.1,0,,
2008-07-09T06:04:31,310405000,,,59.20844,-135.3509683,161,160.5,13.1,0,,
2008-07-09T06:04:21,310405000,,,59.20900667,-135.3513683,160,159.5,13.1,0,,
2008-07-09T06:04:10,310405000,,,59.20962167,-135.3518183,160,159.5,13.1,0,,
2008-07-09T06:04:02,310405000,,,59.21008833,-135.352135,161,160.5,13.1,0,,
2008-07-09T06:03:51,310405000,,,59.210705,-135.352585,161,161.0,13.1,0,,
2008-07-09T06:03:40,310405000,,,59.21127167,-135.352985,161,161.0,13.1,0,,
2008-07-09T06:03:31,310405000,,,59.21183833,-135.353385,160,160.0,13.1,0,,
2008-07-09T06:03:21,310405000,,,59.21242333,-135.3537867,160,160.0,13.1,0,,
2008-07-09T06:03:10,310405000,,,59.21303833,-135.3542183,160,160.0,13.1,0,,
2008-07-09T06:03:02,310405000,,,59.21355667,-135.35457,160,160.4,13.1,0,,
2008-07-09T06:02:51,310405000,,,59.21412333,-135.35497,160,160.0,13.1,0,,
2008-07-09T06:02:40,310405000,,,59.21474167,-135.355405,160,160.4,13.1,0,,
2008-07-09T06:02:31,310405000,,,59.21525833,-135.355755,160,160.4,13.1,0,,
2008-07-09T06:02:21,310405000,,,59.21584333,-135.35614,161,161.4,13.1,0,,
2008-07-09T06:02:10,310405000,,,59.21645833,-135.356555,160,160.8,13.1,0,,
2008-07-09T06:02:02,310405000,,,59.216925,-135.3568567,160,160.8,13.1,0,,
2008-07-09T06:01:51,310405000,,,59.21755833,-135.3572717,160,160.8,13.1,0,,
2008-07-09T06:01:41,310405000,,,59.218125,-135.357655,160,160.8,13.1,0,,
2008-07-09T06:01:30,310405000,,,59.21875833,-135.3580717,160,160.8,13.1,0,,
2008-07-09T06:01:21,310405000,,,59.219275,-135.3584233,160,160.8,13.1,0,,
2008-07-09T06:01:10,310405000,,,59.21989333,-135.35884,161,161.8,13.1,0,,
2008-07-09T06:01:02,310405000,,,59.22034333,-135.35914,160,161.3,13.1,0,,
2008-07-09T06:00:51,310405000,,,59.22097833,-135.3595583,160,160.8,13.0,0,,
2008-07-09T06:00:41,310405000,,,59.22156167,-135.359925,160,161.3,13.0,0,,
2008-07-09T06:00:30,310405000,,,59.22217833,-135.3603417,160,161.3,13.0,0,,
2008-07-09T06:00:21,310405000,,,59.222695,-135.360675,160,161.7,13.0,0,,
2008-07-09T06:00:12,310405000,,,59.22321167,-135.3610083,160,161.3,13.0,0,,
2008-07-09T06:00:02,310405000,,,59.22377667,-135.361375,160,161.3,13.0,0,,
2008-07-09T05:59:51,310405000,,,59.22441,-135.3617917,160,161.7,13.1,0,,
2008-07-09T05:59:41,310405000,,,59.225045,-135.3621917,160,161.3,13.0,0,,
2008-07-09T05:59:30,310405000,,,59.22561333,-135.36256,160,161.7,13.0,0,,
2008-07-09T05:59:21,310405000,,,59.22613,-135.3628933,160,161.7,13.0,0,,
2008-07-09T05:59:12,310405000,,,59.22664667,-135.36321,160,161.7,13.0,0,,
2008-07-09T05:59:02,310405000,,,59.22721333,-135.3635767,160,161.7,13.0,0,,
2008-07-09T05:58:52,310405000,,,59.22784667,-135.3639767,0,0.0,0.0,0,,
2008-07-09T05:58:51,310405000,,,59.22784667,-135.3639767,160,161.7,13.0,0,,
2008-07-09T05:58:41,310405000,,,59.22843,-135.3643433,160,161.7,13.0,0,,
2008-07-09T05:58:30,310405000,,,59.22904667,-135.3647433,160,161.7,13.0,0,,
2008-07-09T05:58:21,310405000,,,59.22956333,-135.3650767,160,161.7,13.0,0,,
2008-07-09T05:58:12,310405000,,,59.23013,-135.3654267,160,161.7,13.0,0,,
2008-07-09T05:58:02,310405000,,,59.23071333,-135.3657933,160,161.7,13.0,0,,
2008-07-09T05:57:51,310405000,,,59.23128,-135.36616,160,161.7,13.0,0,,
2008-07-09T05:57:41,310405000,,,59.23184667,-135.3665267,160,161.7,13.0,0,,
2008-07-09T05:57:30,310405000,,,59.23246167,-135.3669267,160,161.7,13.0,0,,
2008-07-09T05:57:20,310405000,,,59.233045,-135.3672767,160,162.2,13.0,0,,
2008-07-09T05:57:12,310405000,,,59.233495,-135.3675767,160,161.7,13.0,0,,
2008-07-09T05:57:02,310405000,,,59.23408,-135.3679433,160,162.2,13.0,0,,
2008-07-09T05:56:51,310405000,,,59.23469667,-135.3683267,160,161.7,13.0,0,,
2008-07-09T05:56:41,310405000,,,59.23528,-135.3686933,160,162.2,13.0,0,,
2008-07-09T05:56:30,310405000,,,59.23589667,-135.3690933,160,162.2,13.0,0,,
2008-07-09T05:56:20,310405000,,,59.23648,-135.3694433,160,162.2,13.0,0,,
2008-07-09T05:56:12,310405000,,,59.23699667,-135.3697767,160,162.2,13.0,0,,
2008-07-09T05:56:02,310405000,,,59.23756333,-135.3701267,160,162.2,13.0,0,,
2008-07-09T05:55:51,310405000,,,59.23813167,-135.3704783,160,162.2,13.0,0,,
2008-07-09T05:55:41,310405000,,,59.238715,-135.370845,160,162.2,13.0,0,,
2008-07-09T05:55:31,310405000,,,59.23928167,-135.3712117,160,162.2,13.0,0,,
2008-07-09T05:55:20,310405000,,,59.23991333,-135.371595,160,162.6,13.1,0,,
2008-07-09T05:55:12,310405000,,,59.24038167,-135.3718783,160,162.6,13.0,0,,
2008-07-09T05:55:02,310405000,,,59.24094833,-135.3722283,160,162.6,13.0,0,,
2008-07-09T05:54:51,310405000,,,59.24163333,-135.3726467,160,162.6,13.0,0,,
2008-07-09T05:54:41,310405000,,,59.24221667,-135.3729967,160,162.6,13.0,0,,
2008-07-09T05:54:31,310405000,,,59.24273333,-135.3733133,160,162.6,13.0,0,,
2008-07-09T05:54:20,310405000,,,59.24336667,-135.37368,160,162.6,13.0,0,,
2008-07-09T05:54:11,310405000,,,59.24388167,-135.3739967,160,162.6,13.0,0,,
2008-07-09T05:54:02,310405000,,,59.24439833,-135.374295,160,162.6,13.0,0,,
2008-07-09T05:53:51,310405000,,,59.24503333,-135.37468,160,162.6,13.0,0,,
2008-07-09T05:53:41,310405000,,,59.24561833,-135.375015,160,163.1,12.9,0,,
2008-07-09T05:53:31,310405000,,,59.24611667,-135.3753133,160,162.6,13.0,0,,
2008-07-09T05:53:20,310405000,,,59.2468,-135.37573,160,163.1,12.9,0,,
2008-07-09T05:53:11,310405000,,,59.24731833,-135.3760317,160,163.1,12.9,0,,
2008-07-09T05:53:02,310405000,,,59.24790167,-135.376365,160,163.1,12.9,0,,
2008-07-09T05:52:52,310405000,,,59.24851833,-135.3767317,0,0.0,0.0,0,,
2008-07-09T05:52:51,310405000,,,59.24851833,-135.3767317,161,163.1,12.9,0,,
2008-07-09T05:52:41,310405000,,,59.249035,-135.3770317,161,163.6,12.9,5,,
2008-07-09T05:52:31,310405000,,,59.24960333,-135.3773667,161,164.1,12.9,5,,
2008-07-09T05:52:20,310405000,,,59.25023667,-135.3777167,162,164.6,12.9,5,,
2008-07-09T05:52:11,310405000,,,59.25075333,-135.3780017,162,165.1,12.8,5,,
2008-07-09T05:52:01,310405000,,,59.251335,-135.3783,162,165.1,12.8,5,,
2008-07-09T05:51:51,310405000,,,59.25183667,-135.3785667,162,165.1,12.7,5,,
2008-07-09T05:51:41,310405000,,,59.25246833,-135.3788833,162,165.1,12.8,5,,
2008-07-09T05:51:31,310405000,,,59.25303667,-135.3791833,162,165.1,12.7,5,,
2008-07-09T05:51:21,310405000,,,59.25360333,-135.379485,162,165.6,12.7,5,,
2008-07-09T05:51:11,310405000,,,59.25417167,-135.3797517,162,164.7,12.7,5,,
2008-07-09T05:51:01,310405000,,,59.25473833,-135.3800517,162,165.6,12.7,5,,
2008-07-09T05:50:51,310405000,,,59.25530333,-135.3803183,163,165.7,12.7,5,,
2008-07-09T05:50:41,310405000,,,59.25587167,-135.38062,163,166.1,12.6,5,,
2008-07-09T05:50:31,310405000,,,59.25643833,-135.3808867,163,166.1,12.6,5,,
2008-07-09T05:50:21,310405000,,,59.257005,-135.3811533,163,165.7,12.6,5,,
2008-07-09T05:50:13,310405000,,,59.25750667,-135.3813867,0,0.0,0.0,0,,
2008-07-09T05:50:12,310405000,,,59.25750667,-135.3813867,163,166.2,12.5,5,,
2008-07-09T05:50:01,310405000,,,59.25814,-135.3816867,163,165.7,12.5,5,,
2008-07-09T05:49:51,310405000,,,59.25869,-135.381955,163,166.6,12.5,5,,
2008-07-09T05:49:41,310405000,,,59.25930667,-135.3822367,163,165.7,12.5,5,,
2008-07-09T05:49:31,310405000,,,59.25980667,-135.3824867,163,166.2,12.5,5,,
2008-07-09T05:49:21,310405000,,,59.26037333,-135.3827533,163,165.7,12.5,5,,
2008-07-09T05:49:12,310405000,,,59.26087333,-135.3829867,164,166.2,12.5,5,,
2008-07-09T05:49:01,310405000,,,59.26149,-135.3832883,164,166.7,12.5,5,,
2008-07-09T05:48:51,310405000,,,59.26205667,-135.3835533,164,166.3,12.4,5,,
2008-07-09T05:48:41,310405000,,,59.26260667,-135.3838217,164,166.7,12.4,5,,
2008-07-09T05:48:31,310405000,,,59.26310833,-135.384055,164,166.2,12.5,5,,
2008-07-09T05:48:21,310405000,,,59.26365667,-135.3843217,164,166.7,12.4,5,,
2008-07-09T05:48:12,310405000,,,59.264275,-135.3846217,163,165.7,12.4,5,,
2008-07-09T05:48:00,310405000,,,59.26489167,-135.3849217,163,165.7,12.4,5,,
2008-07-09T05:47:51,310405000,,,59.26539,-135.38517,163,165.7,12.4,5,,
2008-07-09T05:47:41,310405000,,,59.26599167,-135.385455,163,165.7,12.4,5,,
2008-07-09T05:47:32,310405000,,,59.26644167,-135.3856717,163,165.7,12.3,5,,
2008-07-09T05:47:21,310405000,,,59.26705833,-135.3859717,164,166.7,12.3,5,,
2008-07-09T05:47:12,310405000,,,59.26754167,-135.386205,164,166.7,12.3,5,,
2008-07-09T05:47:00,310405000,,,59.26820833,-135.3865067,165,167.7,12.3,5,,
2008-07-09T05:46:51,310405000,,,59.26865833,-135.38669,166,168.7,12.3,5,,
2008-07-09T05:46:41,310405000,,,59.269275,-135.386925,167,169.7,12.4,5,,
2008-07-09T05:46:32,310405000,,,59.26984167,-135.387125,168,171.2,12.4,5,,
2008-07-09T05:46:21,310405000,,,59.27041,-135.38731,169,172.2,12.4,5,,
2008-07-09T05:46:12,310405000,,,59.27097667,-135.3874767,169,173.2,12.4,5,,
2008-07-09T05:46:00,310405000,,,59.27159333,-135.3876283,170,173.2,12.4,5,,
2008-07-09T05:45:51,310405000,,,59.27211,-135.3877617,171,173.7,12.4,5,,
2008-07-09T05:45:42,310405000,,,59.27263,-135.3878633,172,175.2,12.4,5,,
2008-07-09T05:45:32,310405000,,,59.27319667,-135.3879633,173,175.7,12.4,5,,
2008-07-09T05:45:21,310405000,,,59.27383,-135.388065,174,176.7,12.4,5,,
2008-07-09T05:45:12,310405000,,,59.27434667,-135.388115,175,178.2,12.4,5,,
2008-07-09T05:45:00,310405000,,,59.27498,-135.3881833,175,179.2,12.4,5,,
2008-07-09T05:44:51,310405000,,,59.27549833,-135.3882,176,179.2,12.4,5,,
2008-07-09T05:44:42,310405000,,,59.27613167,-135.3882167,177,180.2,12.4,5,,
2008-07-09T05:44:32,310405000,,,59.27669833,-135.3882167,178,181.2,12.4,5,,
2008-07-09T05:44:21,310405000,,,59.27728167,-135.3882017,179,182.6,12.4,5,,
2008-07-09T05:44:12,310405000,,,59.27778333,-135.3881683,180,183.2,12.4,5,,
2008-07-09T05:44:10,310405000,,,59.27846667,-135.388085,0,0.0,0.0,0,,
2008-07-09T05:44:00,310405000,,,59.27846667,-135.388085,181,184.6,12.4,5,,
2008-07-09T05:43:51,310405000,,,59.27898333,-135.38802,182,185.2,12.4,5,,
2008-07-09T05:43:42,310405000,,,59.2795,-135.3879367,182,185.2,12.4,5,,
2008-07-09T05:43:32,310405000,,,59.28006667,-135.38782,183,186.6,12.4,5,,
2008-07-09T05:43:21,310405000,,,59.2807,-135.3876867,184,186.7,12.4,5,,
2008-07-09T05:43:10,310405000,,,59.28126833,-135.3875533,185,188.2,12.4,5,,
2008-07-09T05:43:00,310405000,,,59.28190167,-135.3873717,186,188.7,12.4,5,,
2008-07-09T05:42:51,310405000,,,59.28246833,-135.3872217,186,188.2,12.5,5,,
2008-07-09T05:42:42,310405000,,,59.28298667,-135.387055,186,188.7,12.5,5,,
2008-07-09T05:42:32,310405000,,,59.28348667,-135.3869033,187,189.2,12.5,5,,
2008-07-09T05:42:21,310405000,,,59.28412,-135.38672,187,189.2,12.5,5,,
2008-07-09T05:42:10,310405000,,,59.28473667,-135.3865367,186,188.2,12.5,5,,
2008-07-09T05:42:00,310405000,,,59.28532167,-135.3863533,186,187.8,12.5,5,,
2008-07-09T05:41:51,310405000,,,59.28582167,-135.3862033,186,188.2,12.5,5,,
2008-07-09T05:41:42,310405000,,,59.28633833,-135.3860533,186,187.8,12.5,5,,
2008-07-09T05:41:32,310405000,,,59.286905,-135.3859033,186,187.8,12.5,5,,
2008-07-09T05:41:21,310405000,,,59.28753833,-135.38572,187,188.8,12.5,5,,
2008-07-09T05:41:10,310405000,,,59.288155,-135.3855533,187,188.8,12.5,5,,
2008-07-09T05:41:01,310405000,,,59.28868833,-135.3854033,187,188.8,12.5,5,,
2008-07-09T05:40:51,310405000,,,59.289305,-135.38522,187,188.3,12.5,5,,
2008-07-09T05:40:42,310405000,,,59.28977167,-135.3851033,187,188.3,12.5,5,,
2008-07-09T05:40:32,310405000,,,59.29034167,-135.3849517,187,187.9,12.5,5,,
2008-07-09T05:40:21,310405000,,,59.290975,-135.384785,187,187.9,12.5,5,,
2008-07-09T05:40:10,310405000,,,59.29154,-135.384635,187,187.9,12.5,5,,
2008-07-09T05:40:01,310405000,,,59.29205667,-135.3845017,187,187.9,12.5,5,,
2008-07-09T05:39:51,310405000,,,59.29269,-135.3843517,187,187.9,12.5,5,,
2008-07-09T05:39:42,310405000,,,59.29320667,-135.38422,187,187.4,12.5,5,,
2008-07-09T05:39:32,310405000,,,59.293775,-135.384085,187,187.4,12.5,5,,
2008-07-09T05:39:21,310405000,,,59.29440833,-135.383935,186,186.4,12.5,5,,
2008-07-09T05:39:10,310405000,,,59.29504,-135.383785,186,186.0,12.5,5,,
2008-07-09T05:39:01,310405000,,,59.29555833,-135.3836683,186,186.4,12.5,5,,
2008-07-09T05:38:51,310405000,,,59.296125,-135.383535,186,186.0,12.5,5,,
2008-07-09T05:38:42,310405000,,,59.29664167,-135.3834183,186,186.0,12.5,5,,
2008-07-09T05:38:32,310405000,,,59.29722667,-135.3833017,186,186.0,12.5,5,,
2008-07-09T05:38:21,310405000,,,59.29786,-135.3831683,186,186.0,12.5,5,,
2008-07-09T05:38:10,310405000,,,59.29842667,-135.3830517,186,185.5,12.5,5,,
2008-07-09T05:38:08,310405000,,,59.29894333,-135.382935,0,0.0,0.0,0,,
2008-07-09T05:38:01,310405000,,,59.29894333,-135.382935,187,186.5,12.5,5,,
2008-07-09T05:37:51,310405000,,,59.29962833,-135.382785,187,186.5,12.5,5,,
2008-07-09T05:37:42,310405000,,,59.30016167,-135.382685,187,186.5,12.5,5,,
2008-07-09T05:37:32,310405000,,,59.30066167,-135.3825683,186,185.5,12.5,5,,
2008-07-09T05:37:21,310405000,,,59.301295,-135.3824517,186,185.5,12.5,5,,
2008-07-09T05:37:10,310405000,,,59.30192833,-135.382335,186,185.5,12.5,5,,
2008-07-09T05:37:01,310405000,,,59.30244667,-135.3822167,186,185.5,12.5,5,,
2008-07-09T05:36:51,310405000,,,59.30301167,-135.3821017,186,185.5,12.5,5,,
2008-07-09T05:36:42,310405000,,,59.30352833,-135.3820017,186,186.0,12.5,5,,
2008-07-09T05:36:32,310405000,,,59.30411167,-135.381885,186,185.5,12.5,5,,
2008-07-09T05:36:21,310405000,,,59.304745,-135.3817683,186,186.0,12.5,5,,
2008-07-09T05:36:10,310405000,,,59.30536167,-135.381635,186,185.5,12.5,5,,
2008-07-09T05:36:01,310405000,,,59.30587833,-135.381535,186,186.0,12.5,5,,
2008-07-09T05:35:52,310405000,,,59.30641167,-135.381435,186,186.0,12.5,5,,
2008-07-09T05:35:42,310405000,,,59.30698,-135.3813167,186,186.0,12.5,5,,
2008-07-09T05:35:32,310405000,,,59.30754667,-135.3812,186,186.0,12.5,5,,
2008-07-09T05:35:21,310405000,,,59.30818,-135.3810667,186,186.0,12.5,5,,
2008-07-09T05:35:10,310405000,,,59.30874667,-135.38095,186,186.0,12.5,5,,
2008-07-09T05:35:01,310405000,,,59.30926333,-135.38085,186,186.0,12.5,5,,
2008-07-09T05:34:52,310405000,,,59.30984667,-135.3807333,186,186.0,12.5,5,,
2008-07-09T05:34:41,310405000,,,59.310415,-135.3806,186,186.0,12.5,5,,
2008-07-09T05:34:32,310405000,,,59.31104833,-135.3804667,186,186.0,12.5,5,,
2008-07-09T05:34:21,310405000,,,59.311615,-135.38035,186,186.0,12.5,5,,
2008-07-09T05:34:10,310405000,,,59.31224833,-135.3802167,186,186.0,12.5,5,,
2008-07-09T05:34:01,310405000,,,59.312765,-135.3801,186,186.0,12.5,5,,
2008-07-09T05:33:52,310405000,,,59.31328167,-135.3799833,186,186.0,12.5,5,,
2008-07-09T05:33:41,310405000,,,59.31384667,-135.3798667,186,186.0,12.5,5,,
2008-07-09T05:33:32,310405000,,,59.31443167,-135.3797333,186,186.4,12.5,5,,
2008-07-09T05:33:21,310405000,,,59.31506333,-135.3796,186,186.0,12.6,5,,
2008-07-09T05:33:10,310405000,,,59.31564667,-135.3794667,186,186.4,12.6,5,,
2008-07-09T05:33:01,310405000,,,59.31614833,-135.3793667,186,186.0,12.6,5,,
2008-07-09T05:32:52,310405000,,,59.31678333,-135.3792167,186,186.4,12.5,5,,
2008-07-09T05:32:41,310405000,,,59.31735833,-135.3790967,186,186.0,12.5,5,,
2008-07-09T05:32:32,310405000,,,59.31794167,-135.3789617,186,186.0,12.5,5,,
2008-07-09T05:32:21,310405000,,,59.31852667,-135.3788467,186,186.0,12.5,5,,
2008-07-09T05:32:11,310405000,,,59.319145,-135.378695,0,0.0,0.0,0,,
2008-07-09T05:32:10,310405000,,,59.319145,-135.378695,187,187.0,12.5,5,,
2008-07-09T05:32:01,310405000,,,59.31966167,-135.3785967,187,187.0,12.5,5,,
2008-07-09T05:31:52,310405000,,,59.32017833,-135.3784617,186,186.0,12.5,5,,
2008-07-09T05:31:41,310405000,,,59.32076167,-135.378345,186,186.0,12.5,5,,
2008-07-09T05:31:32,310405000,,,59.321345,-135.378195,186,186.0,12.5,5,,
2008-07-09T05:31:21,310405000,,,59.32198,-135.3780617,186,186.0,12.5,5,,
2008-07-09T05:31:14,310405000,,,59.32261333,-135.3779283,0,0.0,0.0,0,,
2008-07-09T05:31:10,310405000,,,59.32261333,-135.3779283,186,186.0,12.5,5,,
2008-07-09T05:31:01,310405000,,,59.32313,-135.3778117,187,187.0,12.5,5,,
2008-07-09T05:30:52,310405000,,,59.32364833,-135.377695,186,186.4,12.5,5,,
2008-07-09T05:30:41,310405000,,,59.32428,-135.3775617,186,186.0,12.5,5,,
2008-07-09T05:30:30,310405000,,,59.32489833,-135.3774283,186,186.4,12.5,5,,
2008-07-09T05:30:21,310405000,,,59.32543167,-135.3773117,186,186.0,12.5,5,,
2008-07-09T05:30:10,310405000,,,59.32604833,-135.3771783,186,186.0,12.5,5,,
2008-07-09T05:30:02,310405000,,,59.32649833,-135.3770783,186,186.0,12.5,5,,
2008-07-09T05:29:51,310405000,,,59.32713167,-135.3769283,186,186.0,12.5,5,,
2008-07-09T05:29:41,310405000,,,59.32765,-135.3768283,186,186.0,12.5,5,,
2008-07-09T05:29:30,310405000,,,59.32833167,-135.37666,186,186.0,12.5,5,,
2008-07-09T05:29:21,310405000,,,59.328865,-135.37656,186,186.0,12.5,5,,
2008-07-09T05:29:10,310405000,,,59.32948167,-135.3764267,186,186.0,12.5,5,,
2008-07-09T05:29:02,310405000,,,59.32994833,-135.3763267,186,186.0,12.5,5,,
2008-07-09T05:28:51,310405000,,,59.330565,-135.376195,187,187.0,12.5,5,,
2008-07-09T05:28:40,310405000,,,59.33115,-135.3760783,187,187.0,12.5,5,,
2008-07-09T05:28:30,310405000,,,59.33178333,-135.3759283,187,187.0,12.5,5,,
2008-07-09T05:28:20,310405000,,,59.33235,-135.3758117,187,187.0,12.5,5,,
2008-07-09T05:28:10,310405000,,,59.33286833,-135.3756933,187,187.0,12.6,5,,
2008-07-09T05:28:02,310405000,,,59.33338333,-135.3755783,187,187.0,12.6,5,,
2008-07-09T05:27:51,310405000,,,59.334085,-135.3754267,187,187.0,12.6,5,,
2008-07-09T05:27:40,310405000,,,59.33465167,-135.37531,186,186.0,12.6,5,,
2008-07-09T05:27:30,310405000,,,59.335235,-135.3751767,186,186.0,12.6,5,,
2008-07-09T05:27:20,310405000,,,59.33582,-135.37506,186,185.5,12.6,5,,
2008-07-09T05:27:10,310405000,,,59.33638833,-135.3749417,186,185.5,12.7,5,,
2008-07-09T05:27:02,310405000,,,59.336855,-135.37486,186,186.0,12.7,5,,
2008-07-09T05:26:51,310405000,,,59.337505,-135.3747267,186,186.0,12.7,5,,
2008-07-09T05:26:40,310405000,,,59.33808833,-135.3745933,186,186.0,12.7,5,,
2008-07-09T05:26:30,310405000,,,59.33872167,-135.3744583,186,186.0,12.7,5,,
2008-07-09T05:26:20,310405000,,,59.33925667,-135.3743417,186,186.0,12.8,5,,
2008-07-09T05:26:10,310405000,,,59.33990667,-135.3742083,186,186.0,12.8,5,,
2008-07-09T05:26:02,310405000,,,59.34044,-135.37411,186,186.0,12.9,5,,
2008-07-09T05:25:51,310405000,,,59.34109,-135.3739767,187,187.0,12.9,5,,
2008-07-09T05:25:40,310405000,,,59.341675,-135.3738417,187,187.0,12.9,5,,
2008-07-09T05:25:30,310405000,,,59.34227833,-135.373725,187,187.0,12.9,5,,
2008-07-09T05:25:20,310405000,,,59.34286,-135.3735917,187,187.0,13.0,5,,
2008-07-09T05:25:12,310405000,,,59.34332667,-135.373475,186,186.0,13.0,5,,
2008-07-09T05:25:11,310405000,,,59.34392667,-135.3733417,0,0.0,0.0,0,,
2008-07-09T05:25:02,310405000,,,59.34392667,-135.3733417,186,186.0,13.0,5,,
2008-07-09T05:24:51,310405000,,,59.34459333,-135.3732083,186,186.0,13.0,5,,
2008-07-09T05:24:40,310405000,,,59.34519333,-135.373075,186,186.0,13.1,5,,
2008-07-09T05:24:31,310405000,,,59.34577833,-135.3729417,186,186.0,13.1,5,,
2008-07-09T05:24:20,310405000,,,59.34644333,-135.3727917,186,186.0,13.1,5,,
2008-07-09T05:24:12,310405000,,,59.34697667,-135.372675,186,186.0,13.2,5,,
2008-07-09T05:24:02,310405000,,,59.34752667,-135.3725583,186,186.0,13.2,5,,
2008-07-09T05:23:51,310405000,,,59.34819333,-135.372425,186,186.0,13.2,5,,
2008-07-09T05:23:40,310405000,,,59.34881,-135.3722917,187,187.0,13.2,5,,
2008-07-09T05:23:31,310405000,,,59.34941167,-135.3721583,187,187.0,13.3,5,,
2008-07-09T05:23:20,310405000,,,59.35007833,-135.3720083,187,186.5,13.3,5,,
2008-07-09T05:23:12,310405000,,,59.35056333,-135.3719083,187,186.5,13.3,5,,
2008-07-09T05:23:02,310405000,,,59.35116333,-135.371775,187,186.0,13.3,5,,
2008-07-09T05:22:51,310405000,,,59.35178,-135.3716583,186,185.5,13.3,5,,
2008-07-09T05:22:40,310405000,,,59.35252833,-135.3715083,186,186.0,13.4,5,,
2008-07-09T05:22:31,310405000,,,59.35306167,-135.3713917,186,185.5,13.4,5,,
2008-07-09T05:22:20,310405000,,,59.35374333,-135.3712583,186,185.5,13.4,5,,
2008-07-09T05:22:12,310405000,,,59.35424333,-135.3711583,186,186.0,13.4,5,,
2008-07-09T05:22:01,310405000,,,59.35491,-135.3710083,186,186.0,13.5,5,,
2008-07-09T05:21:51,310405000,,,59.355525,-135.3708917,186,186.0,13.5,5,,
2008-07-09T05:21:40,310405000,,,59.356145,-135.3707583,186,186.0,13.2,5,,
2008-07-09T05:21:31,310405000,,,59.356695,-135.3706417,186,185.5,13.4,5,,
2008-07-09T05:21:21,310405000,,,59.35729667,-135.3705083,186,186.0,13.4,5,,
2008-07-09T05:21:12,310405000,,,59.35793167,-135.3703733,186,186.0,13.4,5,,
2008-07-09T05:21:01,310405000,,,59.35859833,-135.3702233,186,186.0,13.4,5,,
2008-07-09T05:20:51,310405000,,,59.359215,-135.37009,186,186.0,13.4,5,,
2008-07-09T05:20:40,310405000,,,59.35989833,-135.3699583,186,186.4,13.4,5,,
2008-07-09T05:20:31,310405000,,,59.36045,-135.369825,186,186.4,13.4,5,,
2008-07-09T05:20:21,310405000,,,59.36106667,-135.36969,186,186.4,13.4,5,,
2008-07-09T05:20:10,310405000,,,59.36168333,-135.3695567,186,186.4,13.4,5,,
2008-07-09T05:20:01,310405000,,,59.3623,-135.3694233,186,186.0,13.5,5,,
2008-07-09T05:19:51,310405000,,,59.36285,-135.36929,186,186.4,13.5,5,,
2008-07-09T05:19:40,310405000,,,59.36353333,-135.36914,186,186.4,13.4,5,,
2008-07-09T05:19:32,310405000,,,59.36408333,-135.369025,186,186.8,13.5,5,,
2008-07-09T05:19:21,310405000,,,59.36476667,-135.3688583,186,186.4,13.4,5,,
2008-07-09T05:19:11,310405000,,,59.36545167,-135.3687083,0,0.0,0.0,0,,
2008-07-09T05:19:10,310405000,,,59.36545167,-135.3687083,186,186.8,13.4,5,,
2008-07-09T05:19:01,310405000,,,59.36600167,-135.3685733,186,186.8,13.4,5,,
2008-07-09T05:18:51,310405000,,,59.36660167,-135.368425,186,186.8,13.4,5,,
2008-07-09T05:18:40,310405000,,,59.367235,-135.368275,186,186.8,13.4,5,,
2008-07-09T05:18:32,310405000,,,59.36778667,-135.36814,186,186.8,13.4,5,,
2008-07-09T05:18:21,310405000,,,59.36845333,-135.3679733,186,186.8,13.4,5,,
2008-07-09T05:18:10,310405000,,,59.36907,-135.3678233,186,186.8,13.4,5,,
2008-07-09T05:18:01,310405000,,,59.36968667,-135.3676733,186,186.8,13.4,5,,
2008-07-09T05:17:51,310405000,,,59.37023667,-135.36754,186,186.8,13.3,5,,
2008-07-09T05:17:40,310405000,,,59.370955,-135.3673567,186,186.4,13.3,5,,
2008-07-09T05:17:32,310405000,,,59.371505,-135.3672233,186,186.4,13.3,5,,
2008-07-09T05:17:21,310405000,,,59.37212167,-135.3670733,187,187.4,13.3,5,,
2008-07-09T05:17:10,310405000,,,59.37278667,-135.3669233,187,187.0,13.3,5,,
2008-07-09T05:17:01,310405000,,,59.37335333,-135.3668067,186,186.4,13.3,5,,
2008-07-09T05:16:51,310405000,,,59.373955,-135.3666567,186,186.0,13.3,5,,
2008-07-09T05:16:40,310405000,,,59.37457167,-135.3665233,186,186.0,13.3,5,,
2008-07-09T05:16:32,310405000,,,59.37512167,-135.3664067,186,186.0,13.3,5,,
2008-07-09T05:16:21,310405000,,,59.37578833,-135.3662567,186,186.0,13.3,5,,
2008-07-09T05:16:10,310405000,,,59.376405,-135.3661233,186,186.0,13.3,5,,
2008-07-09T05:16:01,310405000,,,59.37702167,-135.36599,186,186.0,13.4,5,,
2008-07-09T05:15:50,310405000,,,59.37768833,-135.36584,186,186.4,13.4,5,,
2008-07-09T05:15:40,310405000,,,59.378305,-135.3657067,186,186.8,13.4,5,,
2008-07-09T05:15:32,310405000,,,59.378805,-135.36559,186,186.8,13.4,5,,
2008-07-09T05:15:21,310405000,,,59.37947,-135.36544,186,186.8,13.3,5,,
2008-07-09T05:15:11,310405000,,,59.38008667,-135.36529,186,186.8,13.3,5,,
2008-07-09T05:15:01,310405000,,,59.38062167,-135.3651567,186,186.8,13.4,5,,
2008-07-09T05:14:50,310405000,,,59.38137,-135.3649733,186,186.8,13.3,5,,
2008-07-09T05:14:40,310405000,,,59.38192167,-135.36484,186,186.8,13.3,5,,
2008-07-09T05:14:32,310405000,,,59.38247167,-135.3647067,186,186.8,13.3,5,,
2008-07-09T05:14:21,310405000,,,59.38315333,-135.36454,186,186.8,13.3,5,,
2008-07-09T05:14:11,310405000,,,59.383755,-135.36439,186,186.8,13.3,5,,
2008-07-09T05:14:01,310405000,,,59.384355,-135.36424,186,186.4,13.3,5,,
2008-07-09T05:13:50,310405000,,,59.38503833,-135.3640733,187,187.8,13.3,5,,
2008-07-09T05:13:41,310405000,,,59.38558833,-135.36394,187,187.4,13.3,5,,
2008-07-09T05:13:32,310405000,,,59.38612167,-135.3638067,186,186.8,13.2,5,,
2008-07-09T05:13:21,310405000,,,59.38678833,-135.36364,186,186.4,13.2,5,,
2008-07-09T05:13:11,310405000,,,59.38734,-135.3635217,186,186.4,13.2,5,,
2008-07-09T05:13:10,310405000,,,59.38794,-135.3633733,0,0.0,0.0,0,,
2008-07-09T05:13:01,310405000,,,59.38794,-135.3633733,186,186.4,13.2,5,,
2008-07-09T05:12:50,310405000,,,59.38860667,-135.3632233,187,187.0,13.2,5,,
2008-07-09T05:12:41,310405000,,,59.38915833,-135.3631067,187,187.4,13.1,5,,
2008-07-09T05:12:32,310405000,,,59.389825,-135.36294,187,187.4,13.1,5,,
2008-07-09T05:12:21,310405000,,,59.390425,-135.362805,187,187.0,13.1,5,,
2008-07-09T05:12:11,310405000,,,59.39102667,-135.362655,187,186.4,13.1,5,,
2008-07-09T05:12:01,310405000,,,59.39162667,-135.3625217,186,186.0,13.0,5,,
2008-07-09T05:11:50,310405000,,,59.39227833,-135.3623883,186,186.0,13.0,5,,
2008-07-09T05:11:41,310405000,,,59.39276167,-135.3622717,186,186.4,13.0,5,,
2008-07-09T05:11:32,310405000,,,59.39336167,-135.3621383,186,185.5,13.0,5,,
2008-07-09T05:11:22,310405000,,,59.393945,-135.3620217,186,186.4,12.9,5,,
2008-07-09T05:11:11,310405000,,,59.39454667,-135.3618717,186,186.0,12.9,5,,
2008-07-09T05:11:01,310405000,,,59.39521333,-135.3617383,186,186.4,12.9,5,,
2008-07-09T05:10:50,310405000,,,59.39584667,-135.3616033,185,185.0,12.8,5,,
2008-07-09T05:10:41,310405000,,,59.39638,-135.3615033,185,185.0,12.8,5,,
2008-07-09T05:10:32,310405000,,,59.396915,-135.3614033,185,185.0,12.7,5,,
2008-07-09T05:10:22,310405000,,,59.39749833,-135.3613033,185,185.4,12.7,5,,
2008-07-09T05:10:11,310405000,,,59.39808167,-135.3611867,185,185.0,12.7,5,,
2008-07-09T05:10:01,310405000,,,59.39865,-135.3610867,185,185.0,12.6,5,,
2008-07-09T05:09:50,310405000,,,59.39928333,-135.3609533,185,185.0,12.6,5,,
2008-07-09T05:09:41,310405000,,,59.39981667,-135.36087,185,185.0,12.5,5,,
2008-07-09T05:09:32,310405000,,,59.40038333,-135.3607533,185,185.0,12.5,5,,
2008-07-09T05:09:22,310405000,,,59.40090167,-135.36067,185,185.4,12.4,5,,
2008-07-09T05:09:11,310405000,,,59.401585,-135.3605367,185,185.0,12.4,5,,
2008-07-09T05:09:01,310405000,,,59.40215167,-135.3604367,185,185.0,12.3,5,,
2008-07-09T05:08:50,310405000,,,59.40276833,-135.36032,185,185.0,12.2,5,,
2008-07-09T05:08:41,310405000,,,59.40326833,-135.36022,185,185.0,12.2,5,,
2008-07-09T05:08:32,310405000,,,59.403785,-135.36012,185,185.4,12.1,5,,
2008-07-09T05:08:22,310405000,,,59.404335,-135.36002,185,185.4,12.1,5,,
2008-07-09T05:08:11,310405000,,,59.404885,-135.35992,185,185.4,12.0,5,,
2008-07-09T05:08:01,310405000,,,59.405435,-135.3598033,185,185.4,11.9,5,,
2008-07-09T05:07:50,310405000,,,59.40603667,-135.3596867,185,185.4,11.8,5,,
2008-07-09T05:07:40,310405000,,,59.40658667,-135.3595867,185,185.9,11.7,5,,
2008-07-09T05:07:32,310405000,,,59.40707,-135.3594867,185,185.9,11.6,5,,
2008-07-09T05:07:22,310405000,,,59.40760333,-135.35937,185,185.9,11.6,5,,
2008-07-09T05:07:11,310405000,,,59.408185,-135.3592367,185,186.4,11.5,5,,
2008-07-09T05:07:10,310405000,,,59.40870333,-135.35912,0,0.0,0.0,0,,
2008-07-09T05:07:01,310405000,,,59.40870333,-135.35912,185,186.0,11.4,5,,
2008-07-09T05:06:50,310405000,,,59.40928667,-135.3590033,185,187.0,11.4,5,,
2008-07-09T05:06:40,310405000,,,59.40980333,-135.35887,185,186.5,11.3,5,,
2008-07-09T05:06:30,310405000,,,59.41027167,-135.35877,185,187.0,11.3,5,,
2008-07-09T05:06:22,310405000,,,59.41073833,-135.3586367,185,187.5,11.2,5,,
2008-07-09T05:06:11,310405000,,,59.41125667,-135.3585033,185,187.5,11.2,5,,
2008-07-09T05:06:01,310405000,,,59.41175667,-135.35837,186,189.0,11.1,5,,
2008-07-09T05:05:50,310405000,,,59.41237333,-135.3582033,186,188.6,11.0,5,,
2008-07-09T05:05:40,310405000,,,59.41287333,-135.3580533,187,190.1,10.9,5,,
2008-07-09T05:05:30,310405000,,,59.41337333,-135.3578867,188,190.6,10.9,5,,
2008-07-09T05:05:21,310405000,,,59.41380667,-135.35772,188,190.6,10.9,5,,
2008-07-09T05:05:11,310405000,,,59.41425833,-135.3575533,189,192.1,10.9,5,,
2008-07-09T05:05:01,310405000,,,59.41479167,-135.35732,190,192.6,10.9,5,,
2008-07-09T05:04:50,310405000,,,59.415275,-135.35712,190,193.1,10.9,5,,
2008-07-09T05:04:40,310405000,,,59.415825,-135.35687,190,192.6,10.8,5,,
2008-07-09T05:04:30,310405000,,,59.41625833,-135.35667,190,193.1,10.8,5,,
2008-07-09T05:04:21,310405000,,,59.41669,-135.356455,190,193.1,10.8,5,,
2008-07-09T05:04:11,310405000,,,59.417225,-135.35622,190,192.6,10.7,5,,
2008-07-09T05:04:01,310405000,,,59.41770833,-135.3560033,190,192.6,10.7,5,,
2008-07-09T05:03:50,310405000,,,59.41824167,-135.3557533,191,193.7,10.6,5,,
2008-07-09T05:03:40,310405000,,,59.418725,-135.3555383,190,193.2,10.7,5,,
2008-07-09T05:03:30,310405000,,,59.41920833,-135.3553033,190,192.7,10.6,5,,
2008-07-09T05:03:21,310405000,,,59.419575,-135.3551367,190,193.2,10.6,5,,
2008-07-09T05:03:11,310405000,,,59.42005833,-135.35492,190,193.2,10.5,5,,
2008-07-09T05:03:01,310405000,,,59.420525,-135.3547033,190,193.2,10.5,5,,
2008-07-09T05:02:50,310405000,,,59.42104167,-135.3544533,190,193.8,10.5,5,,
2008-07-09T05:02:40,310405000,,,59.421525,-135.35422,190,193.2,10.5,5,,
2008-07-09T05:02:30,310405000,,,59.42204167,-135.35397,190,193.8,10.5,5,,
2008-07-09T05:02:21,310405000,,,59.42246,-135.35377,191,194.3,10.4,5,,
2008-07-09T05:02:10,310405000,,,59.42296,-135.35352,191,194.3,10.4,5,,
2008-07-09T05:02:01,310405000,,,59.423395,-135.3533033,192,195.3,10.3,5,,
2008-07-09T05:01:50,310405000,,,59.42389333,-135.35302,193,196.3,10.3,5,,
2008-07-09T05:01:40,310405000,,,59.424345,-135.35277,194,197.3,10.3,5,,
2008-07-09T05:01:30,310405000,,,59.42476167,-135.3525367,194,196.8,10.2,5,,
2008-07-09T05:01:21,310405000,,,59.42516167,-135.3522867,195,197.8,10.2,5,,
2008-07-09T05:01:10,310405000,,,59.42564667,-135.35197,195,197.8,10.1,5,,
2008-07-09T05:01:06,310405000,,,59.42606333,-135.35172,0,0.0,0.0,0,,
2008-07-09T05:01:01,310405000,,,59.42606333,-135.35172,195,198.4,10.0,5,,
2008-07-09T05:00:50,310405000,,,59.42658,-135.3513683,195,197.8,10.0,5,,
2008-07-09T05:00:40,310405000,,,59.42701333,-135.351085,195,198.4,9.9,5,,
2008-07-09T05:00:31,310405000,,,59.42741333,-135.3508183,195,198.5,9.8,5,,
2008-07-09T05:00:21,310405000,,,59.42784667,-135.350535,195,198.5,9.7,5,,
2008-07-09T05:00:10,310405000,,,59.42826333,-135.3502517,195,198.5,9.6,5,,
2008-07-09T05:00:00,310405000,,,59.42868,-135.3499683,195,198.6,9.5,5,,
2008-07-09T04:59:50,310405000,,,59.42914833,-135.3496683,195,198.6,9.5,5,,
2008-07-09T04:59:42,310405000,,,59.42948167,-135.3494517,195,198.6,9.4,5,,
2008-07-09T04:59:31,310405000,,,59.42988167,-135.3491667,195,198.1,9.2,5,,
2008-07-09T04:59:21,310405000,,,59.43028333,-135.3489,195,198.1,9.1,5,,
2008-07-09T04:59:10,310405000,,,59.43076,-135.3485917,195,197.5,9.0,5,,
2008-07-09T04:59:01,310405000,,,59.431145,-135.3483417,195,197.6,8.8,5,,
2008-07-09T04:58:50,310405000,,,59.431545,-135.34809,195,196.9,8.7,5,,
2008-07-09T04:58:42,310405000,,,59.43184667,-135.347905,196,197.3,8.5,5,,
2008-07-09T04:58:31,310405000,,,59.43226333,-135.347655,196,198.0,8.4,5,,
2008-07-09T04:58:21,310405000,,,59.43259667,-135.347455,196,197.3,8.2,5,,
2008-07-09T04:58:10,310405000,,,59.43298167,-135.34722,195,196.4,8.0,5,,
2008-07-09T04:58:00,310405000,,,59.43335,-135.34702,195,196.4,7.9,5,,
2008-07-09T04:57:50,310405000,,,59.433685,-135.3468183,195,195.7,7.6,5,,
2008-07-09T04:57:42,310405000,,,59.43400167,-135.3466367,195,197.2,7.5,5,,
2008-07-09T04:57:31,310405000,,,59.43433667,-135.346435,195,195.7,7.3,5,,
2008-07-09T04:57:21,310405000,,,59.43468833,-135.346235,195,197.4,7.1,5,,
2008-07-09T04:57:10,310405000,,,59.43503833,-135.3460167,195,196.6,6.9,5,,
2008-07-09T04:57:00,310405000,,,59.435305,-135.34585,196,197.6,6.8,5,,
2008-07-09T04:56:50,310405000,,,59.43564,-135.34565,195,197.7,6.5,5,,
2008-07-09T04:56:42,310405000,,,59.43585667,-135.3455167,195,196.7,6.4,5,,
2008-07-09T04:56:31,310405000,,,59.43614,-135.34535,195,196.8,6.2,5,,
2008-07-09T04:56:21,310405000,,,59.43640833,-135.3451817,196,197.9,6.0,5,,
2008-07-09T04:56:10,310405000,,,59.43671,-135.345015,195,196.9,5.8,5,,
2008-07-09T04:56:01,310405000,,,59.43696,-135.3448483,195,197.0,5.5,5,,
2008-07-09T04:55:50,310405000,,,59.437195,-135.3446967,195,197.1,5.3,5,,
2008-07-09T04:55:42,310405000,,,59.43743,-135.3445467,195,198.3,5.1,5,,
2008-07-09T04:55:31,310405000,,,59.43766333,-135.344395,195,197.3,4.9,5,,
2008-07-09T04:55:21,310405000,,,59.43788167,-135.3442783,195,197.4,4.7,5,,
2008-07-09T04:55:10,310405000,,,59.43808333,-135.344145,195,197.6,4.4,5,,
2008-07-09T04:55:08,310405000,,,59.43826667,-135.3440117,0,0.0,0.0,0,,
2008-07-09T04:55:00,310405000,,,59.43826667,-135.3440117,195,197.7,4.2,5,,
2008-07-09T04:54:50,310405000,,,59.43846833,-135.3438767,195,197.9,3.9,5,,
2008-07-09T04:54:42,310405000,,,59.43861833,-135.3437933,194,198.6,3.7,5,,
2008-07-09T04:54:34,310405000,,,59.43872,-135.34371,194,199.0,3.4,5,,
2008-07-09T04:54:31,310405000,,,59.43877,-135.3436767,193,197.8,3.5,5,,
2008-07-09T04:54:24,310405000,,,59.43888667,-135.3436083,192,198.9,3.3,5,,
2008-07-09T04:54:23,310405000,,,59.43890333,-135.3435917,192,198.9,3.3,5,,
2008-07-09T04:54:14,310405000,,,59.43902167,-135.3435083,191,198.3,3.1,5,,
2008-07-09T04:54:09,310405000,,,59.43908833,-135.3434567,191,196.7,3.0,5,,
2008-07-09T04:54:02,310405000,,,59.43920667,-135.34339,190,196.1,2.8,5,,
2008-07-09T04:54:01,310405000,,,59.43922333,-135.3433733,190,196.3,2.7,5,,
2008-07-09T04:53:54,310405000,,,59.43930667,-135.34334,189,197.7,2.6,5,,
2008-07-09T04:53:49,310405000,,,59.43935833,-135.3432883,189,195.8,2.5,5,,
2008-07-09T04:53:42,310405000,,,59.43944167,-135.3432383,188,193.1,2.2,5,,
2008-07-09T04:53:41,310405000,,,59.43944167,-135.3432383,188,193.1,2.2,5,,
2008-07-09T04:53:34,310405000,,,59.43950833,-135.343205,187,197.7,2.1,5,,
2008-07-09T04:53:29,310405000,,,59.43956,-135.3431717,186,197.8,1.9,5,,
2008-07-09T04:53:22,310405000,,,59.43961,-135.3431217,185,196.8,1.9,5,,
2008-07-09T04:53:21,310405000,,,59.43964333,-135.3431217,185,196.8,1.9,5,,
2008-07-09T04:53:14,310405000,,,59.43969333,-135.3430717,184,199.5,1.9,5,,
2008-07-09T04:53:09,310405000,,,59.43974333,-135.34304,183,202.4,1.8,5,,
2008-07-09T04:53:02,310405000,,,59.43977667,-135.3430067,182,205.6,1.7,5,,
2008-07-09T04:53:00,310405000,,,59.439795,-135.34299,181,209.0,1.7,5,,
2008-07-09T04:52:54,310405000,,,59.439845,-135.34294,180,209.7,1.6,5,,
2008-07-09T04:52:49,310405000,,,59.43987833,-135.3429083,179,213.6,1.6,5,,
2008-07-09T04:52:47,310405000,,,59.439895,-135.342875,178,215.5,1.6,5,,
2008-07-09T04:52:43,310405000,,,59.43991167,-135.3428433,177,224.2,1.8,5,,
2008-07-09T04:52:40,310405000,,,59.43992833,-135.34281,177,225.3,1.8,5,,
2008-07-09T04:52:36,310405000,,,59.43996167,-135.342745,175,228.7,1.9,5,,
2008-07-09T04:52:34,310405000,,,59.43997833,-135.3427283,174,229.4,1.9,5,,
2008-07-09T04:52:29,310405000,,,59.439995,-135.3426633,173,229.9,1.9,5,,
2008-07-09T04:52:26,310405000,,,59.44001167,-135.3426117,171,228.9,1.9,5,,
2008-07-09T04:52:23,310405000,,,59.44002833,-135.3425633,170,232.1,1.9,5,,
2008-07-09T04:52:20,310405000,,,59.440045,-135.3425117,169,231.1,1.9,5,,
2008-07-09T04:52:16,310405000,,,59.44007833,-135.342445,167,231.7,1.9,5,,
2008-07-09T04:52:14,310405000,,,59.44007833,-135.3424117,166,232.3,1.7,5,,
2008-07-09T04:52:09,310405000,,,59.44011333,-135.342345,164,234.5,1.8,5,,
2008-07-09T04:52:07,310405000,,,59.44013,-135.3423117,163,233.5,1.8,5,,
2008-07-09T04:52:03,310405000,,,59.440145,-135.342245,161,228.6,1.8,5,,
2008-07-09T04:52:00,310405000,,,59.44016333,-135.3422117,160,235.9,1.6,5,,
2008-07-09T04:51:57,310405000,,,59.44018,-135.3421617,158,234.7,1.7,5,,
2008-07-09T04:51:53,310405000,,,59.44019667,-135.342095,157,236.9,1.7,5,,
2008-07-09T04:51:50,310405000,,,59.44021333,-135.3420617,155,238.2,1.7,5,,
2008-07-09T04:51:47,310405000,,,59.44023,-135.3420117,154,240.4,1.6,5,,
2008-07-09T04:51:43,310405000,,,59.44024667,-135.3419617,153,238.6,1.7,5,,
2008-07-09T04:51:40,310405000,,,59.44026333,-135.3419117,151,241.0,1.7,5,,
2008-07-09T04:51:36,310405000,,,59.44028,-135.341845,150,239.0,1.7,5,,
2008-07-09T04:51:33,310405000,,,59.44028,-135.3418117,148,241.3,1.7,5,,
2008-07-09T04:51:30,310405000,,,59.44029667,-135.3417617,146,239.3,1.7,5,,
2008-07-09T04:51:26,310405000,,,59.44031333,-135.3417117,145,241.7,1.7,5,,
2008-07-09T04:51:23,310405000,,,59.44033,-135.3416617,144,240.7,1.7,5,,
2008-07-09T04:51:20,310405000,,,59.44034667,-135.3416117,143,242.0,1.7,5,,
2008-07-09T04:51:16,310405000,,,59.44036333,-135.3415633,141,246.5,1.9,5,,
2008-07-09T04:51:13,310405000,,,59.44036333,-135.341515,140,247.5,2.0,5,,
2008-07-09T04:51:10,310405000,,,59.44038,-135.3414467,138,243.5,1.9,5,,
2008-07-09T04:51:07,310405000,,,59.44039667,-135.3414133,137,242.5,1.9,5,,
2008-07-09T04:51:03,310405000,,,59.44041333,-135.3413617,135,241.3,1.8,5,,
2008-07-09T04:51:00,310405000,,,59.44043,-135.341295,134,242.4,1.8,5,,
2008-07-09T04:50:57,310405000,,,59.44044667,-135.3412617,132,241.4,1.8,5,,
2008-07-09T04:50:53,310405000,,,59.44046333,-135.341195,131,240.4,1.8,5,,
2008-07-09T04:50:50,310405000,,,59.44048,-135.3411283,130,238.4,1.8,5,,
2008-07-09T04:50:47,310405000,,,59.44049667,-135.3411117,129,240.3,1.8,5,,
2008-07-09T04:50:43,310405000,,,59.44051333,-135.3410283,127,242.2,1.9,5,,
2008-07-09T04:50:40,310405000,,,59.44053,-135.3409617,125,241.5,1.8,5,,
2008-07-09T04:50:36,310405000,,,59.44054667,-135.3409117,124,240.5,1.8,5,,
2008-07-09T04:50:33,310405000,,,59.44056333,-135.3408617,123,242.3,1.8,5,,
2008-07-09T04:50:30,310405000,,,59.44058,-135.3408117,121,238.8,1.9,5,,
2008-07-09T04:50:26,310405000,,,59.44059667,-135.3407617,120,242.0,1.9,5,,
2008-07-09T04:50:23,310405000,,,59.44061333,-135.3407117,119,238.4,2.0,5,,
2008-07-09T04:50:20,310405000,,,59.44063,-135.34066,117,237.9,1.7,5,,
2008-07-09T04:50:16,310405000,,,59.44066333,-135.340595,116,242.8,2.0,5,,
2008-07-09T04:50:13,310405000,,,59.44068,-135.340545,115,240.2,1.9,5,,
2008-07-09T04:50:10,310405000,,,59.44069667,-135.340495,114,239.2,1.9,5,,
2008-07-09T04:50:07,310405000,,,59.44071333,-135.340445,112,238.8,2.0,5,,
2008-07-09T04:50:03,310405000,,,59.44072833,-135.3403967,111,240.4,2.2,5,,
2008-07-09T04:50:00,310405000,,,59.440745,-135.34033,109,240.1,2.1,5,,
2008-07-09T04:49:57,310405000,,,59.44076167,-135.34028,108,241.1,2.2,5,,
2008-07-09T04:49:53,310405000,,,59.440795,-135.3402133,107,240.9,2.3,5,,
2008-07-09T04:49:50,310405000,,,59.440795,-135.34018,106,242.7,2.3,5,,
2008-07-09T04:49:47,310405000,,,59.44082833,-135.3400983,104,242.3,2.4,5,,
2008-07-09T04:49:44,310405000,,,59.440845,-135.3400467,103,241.3,2.4,5,,
2008-07-09T04:49:40,310405000,,,59.44086167,-135.339965,102,240.8,2.5,5,,
2008-07-09T04:49:36,310405000,,,59.440895,-135.3398817,100,241.3,2.6,5,,
2008-07-09T04:49:33,310405000,,,59.44091167,-135.3398483,99,240.3,2.6,5,,
2008-07-09T04:49:30,310405000,,,59.44092833,-135.3397817,98,240.6,2.6,5,,
2008-07-09T04:49:26,310405000,,,59.44096167,-135.3396983,96,241.7,2.7,5,,
2008-07-09T04:49:24,310405000,,,59.44097833,-135.3396317,95,243.6,2.7,5,,
2008-07-09T04:49:20,310405000,,,59.440995,-135.3395483,94,241.6,2.7,5,,
2008-07-09T04:49:16,310405000,,,59.44102833,-135.3394817,93,241.7,2.8,5,,
2008-07-09T04:49:13,310405000,,,59.441045,-135.339415,92,240.7,2.8,5,,
2008-07-09T04:49:10,310405000,,,59.44106167,-135.3393483,90,239.7,2.8,5,,
2008-07-09T04:49:08,310405000,,,59.44107833,-135.3392833,0,0.0,0.0,0,,
2008-07-09T04:49:07,310405000,,,59.44107833,-135.3392833,89,242.4,2.9,5,,
2008-07-09T04:49:00,310405000,,,59.441145,-135.3391,87,244.8,2.9,5,,
2008-07-09T04:48:57,310405000,,,59.44116167,-135.3390333,86,243.8,2.9,5,,
2008-07-09T04:48:54,310405000,,,59.441195,-135.3389333,85,243.5,3.0,5,,
2008-07-09T04:48:47,310405000,,,59.44122833,-135.3388,83,242.2,3.1,5,,
2008-07-09T04:48:36,310405000,,,59.44131167,-135.3385183,80,242.6,3.4,5,,
2008-07-09T04:48:26,310405000,,,59.441395,-135.3382517,78,240.6,3.4,5,,
2008-07-09T04:48:16,310405000,,,59.44146,-135.3380183,75,238.6,3.5,5,,
2008-07-09T04:48:06,310405000,,,59.44156,-135.33772,73,238.9,3.7,5,,
2008-07-09T04:47:57,310405000,,,59.44166,-135.33747,71,238.7,3.8,5,,
2008-07-09T04:47:46,310405000,,,59.441745,-135.33717,69,243.1,3.9,5,,
2008-07-09T04:47:36,310405000,,,59.441845,-135.3368717,67,242.7,4.0,5,,
2008-07-09T04:47:26,310405000,,,59.44192667,-135.336555,65,242.2,4.1,5,,
2008-07-09T04:47:17,310405000,,,59.44201,-135.3362217,65,242.6,4.2,5,,
2008-07-09T04:47:06,310405000,,,59.44211,-135.335855,63,240.3,4.3,5,,
2008-07-09T04:46:56,310405000,,,59.44221,-135.3355217,62,238.0,4.3,5,,
2008-07-09T04:46:46,310405000,,,59.44231,-135.3352217,61,235.6,4.3,5,,
2008-07-09T04:46:36,310405000,,,59.44244333,-135.33487,60,235.9,4.2,5,,
2008-07-09T04:46:26,310405000,,,59.44254333,-135.3345517,59,236.2,4.2,5,,
2008-07-09T04:46:17,310405000,,,59.44264333,-135.3342683,58,235.2,4.1,5,,
2008-07-09T04:46:06,310405000,,,59.44277667,-135.333935,57,238.4,4.0,5,,
2008-07-09T04:45:56,310405000,,,59.44287833,-135.333635,56,238.8,4.0,5,,
2008-07-09T04:45:46,310405000,,,59.44296,-135.3333517,56,238.8,4.0,5,,
2008-07-09T04:45:36,310405000,,,59.44306167,-135.3330183,56,237.4,3.9,5,,
2008-07-09T04:45:26,310405000,,,59.44316167,-135.3327167,55,235.0,3.9,5,,
2008-07-09T04:45:17,310405000,,,59.44326,-135.33245,55,235.0,3.9,5,,
2008-07-09T04:45:06,310405000,,,59.44337667,-135.3321333,54,231.0,3.9,5,,
2008-07-09T04:44:56,310405000,,,59.44347667,-135.3318483,54,230.9,3.8,5,,
2008-07-09T04:44:46,310405000,,,59.44359333,-135.331615,53,231.4,3.8,5,,
2008-07-09T04:44:36,310405000,,,59.44371,-135.3313317,52,230.4,3.7,5,,
2008-07-09T04:44:26,310405000,,,59.44382667,-135.331065,52,232.0,3.6,5,,
2008-07-09T04:44:17,310405000,,,59.44389333,-135.330865,51,232.5,3.6,5,,
2008-07-09T04:44:06,310405000,,,59.44402833,-135.3305483,51,234.2,3.5,5,,
2008-07-09T04:43:56,310405000,,,59.44412833,-135.3302633,51,234.2,3.5,5,,
2008-07-09T04:43:46,310405000,,,59.44421167,-135.33003,51,234.3,3.4,5,,
2008-07-09T04:43:36,310405000,,,59.44431167,-135.32978,51,234.3,3.4,5,,
2008-07-09T04:43:26,310405000,,,59.444395,-135.32953,51,234.4,3.3,5,,
2008-07-09T04:43:17,310405000,,,59.44447833,-135.3293133,51,234.4,3.3,5,,
2008-07-09T04:43:06,310405000,,,59.444895,-135.3281783,0,0.0,0.0,0,,
2008-07-09T04:42:56,310405000,,,59.444895,-135.3281783,51,234.6,3.1,5,,
2008-07-09T04:41:12,310405000,,,59.4365,-135.319,511,360.0,102.3,15,,
2008-07-09T04:41:03,310405000,,,59.44598,-135.325575,0,0.0,0.0,0,,
2008-07-09T04:40:14,310405000,,,59.44598,-135.325575,48,228.0,2.4,5,,
2008-07-09T04:37:10,310405000,,,59.44704833,-135.3233867,44,228.7,1.2,5,,
2008-07-09T04:35:04,310405000,,,59.44738333,-135.3225333,0,0.0,0.0,0,,
2008-07-09T04:34:11,310405000,,,59.44738333,-135.3225333,43,249.5,0.2,5,,
2008-07-09T04:31:11,310405000,,,59.44736667,-135.3223833,43,43.0,0.0,5,,
2008-07-09T04:29:02,310405000,,,59.44735,-135.3223833,0,0.0,0.0,0,,
2008-07-09T04:28:10,310405000,,,59.44735,-135.3223833,43,43.0,0.0,5,,
2008-07-09T04:25:05,310405000,,,59.44735,-135.3223833,43,43.0,0.0,5,,
2008-07-09T04:23:03,310405000,,,59.44735,-135.3223833,0,0.0,0.0,0,,
2008-07-09T04:22:04,310405000,,,59.44735,-135.3223833,43,43.0,0.0,5,,
2008-07-09T04:19:03,310405000,,,59.44736667,-135.3223667,43,43.0,0.0,5,,
2008-07-09T04:17:02,310405000,,,59.44735,-135.3223833,0,0.0,0.0,0,,
2008-07-09T04:16:01,310405000,,,59.44735,-135.3223833,43,43.0,0.0,5,,
2008-07-09T04:12:59,310405000,,,59.44736667,-135.3223833,43,43.0,0.0,5,,
2008-07-09T04:11:02,310405000,,,59.44735,-135.3223833,0,0.0,0.0,0,,
2008-07-09T04:09:59,310405000,,,59.44735,-135.3223833,43,43.0,0.0,5,,
2008-07-09T04:07:00,310405000,,,59.44735,-135.3223667,43,43.0,0.0,5,,
2008-07-09T04:05:00,310405000,,,59.44738333,-135.3224,0,0.0,0.0,0,,
2008-07-09T04:03:56,310405000,,,59.44738333,-135.3224,43,43.0,0.0,5,,
2008-07-09T04:00:54,310405000,,,59.44736667,-135.3223833,43,43.0,0.0,5,,
2008-07-09T03:59:02,310405000,,,59.44738333,-135.3224,0,0.0,0.0,0,,
2008-07-09T03:57:56,310405000,,,59.44738333,-135.3224,43,43.0,0.0,5,,
2008-07-09T03:54:52,310405000,,,59.44735,-135.3223833,43,43.0,0.0,5,,
2008-07-09T03:52:59,310405000,,,59.44735,-135.3223667,0,0.0,0.0,0,,
2008-07-09T03:51:51,310405000,,,59.44735,-135.3223667,43,43.0,0.0,5,,
2008-07-09T03:48:50,310405000,,,59.44735,-135.3223667,43,43.0,0.0,5,,
2008-07-09T03:47:03,310405000,,,59.44736667,-135.3223833,0,0.0,0.0,0,,
2008-07-09T03:45:51,310405000,,,59.44736667,-135.3223833,43,43.0,0.0,5,,
2008-07-09T03:42:48,310405000,,,59.44736667,-135.3223833,43,43.0,0.0,5,,
2008-07-09T03:40:59,310405000,,,59.4368333,-135.318167,0,0.0,0.0,0,,
2008-07-09T03:40:17,310405000,,,59.4368333,-135.318167,511,360.0,102.3,15,,
2008-07-09T03:39:47,310405000,,,59.44736667,-135.3223667,43,43.0,0.0,5,,
2008-07-09T03:36:43,310405000,,,59.44736667,-135.3223667,43,43.0,0.0,5,,
2008-07-09T03:34:59,310405000,,,59.44736667,-135.3223833,0,0.0,0.0,0,,
2008-07-09T03:33:45,310405000,,,59.44736667,-135.3223833,43,43.0,0.0,5,,
2008-07-09T03:30:42,310405000,,,59.44736667,-135.3223833,43,43.0,0.0,5,,
2008-07-09T03:28:58,310405000,,,59.44736667,-135.3223833,0,0.0,0.0,0,,
2008-07-09T03:27:39,310405000,,,59.44736667,-135.3223833,43,43.0,0.0,5,,
2008-07-09T03:24:38,310405000,,,59.44736667,-135.3223833,43,43.0,0.0,5,,
2008-07-09T03:22:54,310405000,,,59.44736667,-135.3223833,0,0.0,0.0,0,,
2008-07-09T03:21:40,310405000,,,59.44736667,-135.3223833,43,43.0,0.0,5,,
2008-07-09T03:18:37,310405000,,,59.44735,-135.3223667,43,43.0,0.0,5,,
2008-07-09T03:16:56,310405000,,,59.44736667,-135.3223833,0,0.0,0.0,0,,
2008-07-09T03:15:37,310405000,,,59.44736667,-135.3223833,43,43.0,0.0,5,,
2008-07-09T03:12:35,310405000,,,59.44735,-135.3223667,43,43.0,0.0,5,,
2008-07-09T03:10:53,310405000,,,59.44735,-135.3223833,0,0.0,0.0,0,,
2008-07-09T03:09:35,310405000,,,59.44735,-135.3223833,43,43.0,0.0,5,,
2008-07-09T03:06:31,310405000,,,59.44735,-135.3223667,43,43.0,0.0,5,,
2008-07-09T03:04:54,310405000,,,59.44735,-135.3223667,0,0.0,0.0,0,,
2008-07-09T03:03:30,310405000,,,59.44735,-135.3223667,43,43.0,0.0,5,,
2008-07-09T03:00:30,310405000,,,59.44735,-135.3223667,43,43.0,0.0,5,,
2008-07-09T02:58:58,310405000,,,59.44735,-135.3223667,0,0.0,0.0,0,,
2008-07-09T02:57:29,310405000,,,59.44735,-135.3223667,43,43.0,0.0,5,,
2008-07-09T02:54:25,310405000,,,59.44736667,-135.3223667,43,43.0,0.0,5,,
2008-07-09T02:54:13,310405000,,,59.44736667,-135.3223833,43,43.0,0.0,5,,
2008-07-09T02:52:54,310405000,,,59.44736667,-135.3223833,0,0.0,0.0,0,,
2008-07-09T02:48:24,310405000,,,59.44736667,-135.3223833,43,43.0,0.0,5,,
2008-07-09T02:46:54,310405000,,,59.44736667,-135.3223833,0,0.0,0.0,0,,
2008-07-09T02:45:22,310405000,,,59.44736667,-135.3223833,43,43.0,0.0,5,,
2008-07-09T02:42:20,310405000,,,59.44736667,-135.3223667,42,42.0,0.0,5,,
2008-07-09T02:40:49,310405000,,,59.4368333,-135.318167,0,0.0,0.0,0,,
2008-07-09T02:40:12,310405000,,,59.4368333,-135.318167,511,360.0,102.3,15,,
2008-07-09T02:39:22,310405000,,,59.44736667,-135.3223833,42,42.0,0.0,5,,
2008-07-09T02:36:19,310405000,,,59.44736667,-135.3223833,42,42.0,0.0,5,,
2008-07-09T02:34:54,310405000,,,59.44736667,-135.3223833,0,0.0,0.0,0,,
2008-07-09T02:33:18,310405000,,,59.44736667,-135.3223833,42,42.0,0.0,5,,
2008-07-09T02:30:17,310405000,,,59.44736667,-135.3223833,42,42.0,0.0,5,,
2008-07-09T02:28:55,310405000,,,59.44736667,-135.3223833,0,0.0,0.0,0,,
2008-07-09T02:27:14,310405000,,,59.44736667,-135.3223833,42,42.0,0.0,5,,
2008-07-09T02:24:12,310405000,,,59.44736667,-135.3223833,42,42.0,0.0,5,,
2008-07-09T02:22:51,310405000,,,59.44736667,-135.3223667,0,0.0,0.0,0,,
2008-07-09T02:21:13,310405000,,,59.44736667,-135.3223667,42,42.0,0.0,5,,
2008-07-09T02:18:10,310405000,,,59.44736667,-135.3224,42,42.0,0.0,5,,
2008-07-09T02:16:48,310405000,,,59.44736667,-135.3224,0,0.0,0.0,0,,
2008-07-09T02:15:11,310405000,,,59.44736667,-135.3224,42,42.0,0.0,5,,
2008-07-09T02:12:08,310405000,,,59.44736667,-135.3224,42,42.0,0.0,5,,
2008-07-09T02:10:53,310405000,,,59.44736667,-135.3224,0,0.0,0.0,0,,
2008-07-09T02:09:09,310405000,,,59.44736667,-135.3224,42,42.0,0.0,5,,
2008-07-09T02:06:07,310405000,,,59.44736667,-135.3223833,42,42.0,0.0,5,,
2008-07-09T02:04:47,310405000,,,59.44736667,-135.3223667,0,0.0,0.0,0,,
2008-07-09T02:03:06,310405000,,,59.44736667,-135.3223667,42,42.0,0.0,5,,
2008-07-09T02:00:02,310405000,,,59.44736667,-135.3223667,42,42.0,0.0,5,,
2008-07-09T01:58:50,310405000,,,59.44736667,-135.3223833,0,0.0,0.0,0,,
2008-07-09T01:57:03,310405000,,,59.44736667,-135.3223833,42,42.0,0.0,5,,
2008-07-09T01:55:19,310405000,,,59.44736667,-135.3223667,0,0.0,0.0,0,,
2008-07-09T01:54:01,310405000,,,59.44736667,-135.3223667,42,42.0,0.0,5,,
2008-07-09T01:51:01,310405000,,,59.44736667,-135.3223667,42,42.0,0.0,5,,
2008-07-09T01:49:22,310405000,,,59.44736667,-135.3223667,0,0.0,0.0,0,,
2008-07-09T01:47:57,310405000,,,59.44736667,-135.3223667,43,43.0,0.0,5,,
2008-07-09T01:44:56,310405000,,,59.44736667,-135.3223833,43,43.0,0.0,5,,
2008-07-09T01:43:20,310405000,,,59.44736667,-135.3223833,0,0.0,0.0,0,,
2008-07-09T01:41:56,310405000,,,59.44736667,-135.3223833,43,43.0,0.0,5,,
2008-07-09T01:39:28,310405000,,,59.4368333,-135.318167,511,360.0,102.3,15,,
2008-07-09T01:38:55,310405000,,,59.44736667,-135.3223833,43,43.0,0.0,5,,
2008-07-09T01:37:18,310405000,,,59.44736667,-135.3223833,0,0.0,0.0,0,,
2008-07-09T01:35:53,310405000,,,59.44736667,-135.3223833,43,43.0,0.0,5,,
2008-07-09T01:32:54,310405000,,,59.44736667,-135.3223667,43,43.0,0.0,5,,
2008-07-09T01:31:17,310405000,,,59.44736667,-135.3223833,0,0.0,0.0,0,,
2008-07-09T01:29:51,310405000,,,59.44736667,-135.3223833,43,43.0,0.0,5,,
2008-07-09T01:26:49,310405000,,,59.44736667,-135.3223833,43,43.0,0.0,5,,
2008-07-09T01:25:19,310405000,,,59.44736667,-135.3223667,0,0.0,0.0,0,,
2008-07-09T01:23:47,310405000,,,59.44736667,-135.3223667,43,43.0,0.0,5,,
2008-07-09T01:20:46,310405000,,,59.4474,-135.3224333,43,43.0,0.0,5,,
2008-07-09T01:19:17,310405000,,,59.44736667,-135.3223833,0,0.0,0.0,0,,
2008-07-09T01:17:46,310405000,,,59.44736667,-135.3223833,43,133.0,0.1,5,,
2008-07-09T01:14:45,310405000,,,59.44736667,-135.3223833,43,43.0,0.0,5,,
2008-07-09T01:13:16,310405000,,,59.44736667,-135.3223833,0,0.0,0.0,0,,
2008-07-09T01:11:42,310405000,,,59.44736667,-135.3223833,43,43.0,0.0,5,,
2008-07-09T01:08:41,310405000,,,59.44736667,-135.3223667,43,43.0,0.0,5,,
2008-07-09T01:07:13,310405000,,,59.44736667,-135.3223667,0,0.0,0.0,0,,
2008-07-09T01:05:40,310405000,,,59.44736667,-135.3223667,43,43.0,0.0,5,,
2008-07-09T01:02:39,310405000,,,59.44736667,-135.3223667,43,43.0,0.0,5,,
2008-07-09T01:01:14,310405000,,,59.44736667,-135.3223833,0,0.0,0.0,0,,
2008-07-09T00:59:39,310405000,,,59.44736667,-135.3223833,43,43.0,0.0,5,,
2008-07-09T00:56:37,310405000,,,59.44736667,-135.3223667,43,43.0,0.0,5,,
2008-07-09T00:55:16,310405000,,,59.44735,-135.3223833,0,0.0,0.0,0,,
2008-07-09T00:53:35,310405000,,,59.44735,-135.3223833,43,43.0,0.0,5,,
2008-07-09T00:50:35,310405000,,,59.44735,-135.3223833,43,43.0,0.0,5,,
2008-07-09T00:49:14,310405000,,,59.44735,-135.3224,0,0.0,0.0,0,,
2008-07-09T00:47:30,310405000,,,59.44735,-135.3224,43,43.0,0.0,5,,
2008-07-09T00:44:32,310405000,,,59.44735,-135.3224,43,43.0,0.0,5,,
2008-07-09T00:43:09,310405000,,,59.44736667,-135.3223833,0,0.0,0.0,0,,
2008-07-09T00:41:28,310405000,,,59.44736667,-135.3223833,43,43.0,0.0,5,,
2008-07-09T00:39:17,310405000,,,59.4368333,-135.318167,511,360.0,102.3,15,,
2008-07-09T00:38:30,310405000,,,59.44736667,-135.3223833,43,43.0,0.0,5,,
2008-07-09T00:37:14,310405000,,,59.44736667,-135.3223833,0,0.0,0.0,0,,
2008-07-09T00:35:25,310405000,,,59.44736667,-135.3223833,43,43.0,0.0,5,,
2008-07-09T00:32:25,310405000,,,59.44738333,-135.3223667,43,43.0,0.0,5,,
2008-07-09T00:31:13,310405000,,,59.44736667,-135.3223667,0,0.0,0.0,0,,
2008-07-09T00:29:24,310405000,,,59.44736667,-135.3223667,43,43.0,0.0,5,,
2008-07-09T00:26:24,310405000,,,59.44738333,-135.3223667,43,43.0,0.0,5,,
2008-07-09T00:25:11,310405000,,,59.44736667,-135.3223833,0,0.0,0.0,0,,
2008-07-09T00:23:21,310405000,,,59.44736667,-135.3223833,43,43.0,0.0,5,,
2008-07-09T00:20:19,310405000,,,59.44736667,-135.3223833,43,43.0,0.0,5,,
2008-07-09T00:19:10,310405000,,,59.44736667,-135.3223833,0,0.0,0.0,0,,
2008-07-09T00:17:20,310405000,,,59.44736667,-135.3223833,43,43.0,0.0,5,,
2008-07-09T00:14:18,310405000,,,59.44736667,-135.3223833,43,43.0,0.0,5,,
2008-07-09T00:13:11,310405000,,,59.44736667,-135.3223667,0,0.0,0.0,0,,
2008-07-09T00:11:16,310405000,,,59.44736667,-135.3223667,43,43.0,0.0,5,,
2008-07-09T00:08:16,310405000,,,59.44736667,-135.3223833,43,43.0,0.0,5,,
2008-07-09T00:07:11,310405000,,,59.44736667,-135.3223667,0,0.0,0.0,0,,
2008-07-09T00:05:15,310405000,,,59.44736667,-135.3223667,43,43.0,0.0,5,,
2008-07-09T00:02:12,310405000,,,59.44736667,-135.3223833,43,43.0,0.0,5,,
2008-07-09T00:01:06,310405000,,,59.44736667,-135.3223667,0,0.0,0.0,0,,
