bs_ts,mmsi,name,destination,lat,lon,heading,cog,sog,nav_status,imo,callsign
2008-06-26T23:59:13,245968000,VOLENDAM,JUNEAU,58.29863667,-134.4063283,315,1.9,0.0,5,9156515,PCHM
2008-06-26T23:59:09,245968000,VOLENDAM,JUNEAU,58.29864,-134.406325,0,0.0,0.0,0,9156515,PCHM
2008-06-26T23:56:14,245968000,VOLENDAM,JUNEAU,58.29864,-134.406325,315,117.6,0.1,5,9156515,PCHM
2008-06-26T23:53:11,245968000,VOLENDAM,JUNEAU,58.29864833,-134.4063183,315,207.4,0.0,5,9156515,PCHM
2008-06-26T23:53:08,245968000,VOLENDAM,JUNEAU,58.29864833,-134.4063133,0,0.0,0.0,0,9156515,PCHM
2008-06-26T23:50:13,245968000,VOLENDAM,JUNEAU,58.29864833,-134.4063133,315,225.4,0.0,5,9156515,PCHM
2008-06-26T23:47:10,245968000,VOLENDAM,JUNEAU,58.298645,-134.4063233,315,288.1,0.0,5,9156515,PCHM
2008-06-26T23:47:08,245968000,VOLENDAM,JUNEAU,58.29864333,-134.4063217,0,0.0,0.0,0,9156515,PCHM
2008-06-26T23:44:11,245968000,VOLENDAM,JUNEAU,58.29864333,-134.4063217,315,290.7,0.0,5,9156515,PCHM
2008-06-26T23:43:59,245968000,VOLENDAM,JUNEAU,58.2871667,-134.4015,511,360.0,102.3,15,9156515,PCHM
2008-06-26T23:41:13,245968000,VOLENDAM,JUNEAU,58.29865333,-134.4063233,315,348.2,0.0,5,9156515,PCHM
2008-06-26T23:41:07,245968000,VOLENDAM,JUNEAU,58.298645,-134.4063267,0,0.0,0.0,0,9156515,PCHM
2008-06-26T23:38:10,245968000,VOLENDAM,JUNEAU,58.298645,-134.4063267,315,241.8,0.0,5,9156515,PCHM
2008-06-26T23:35:12,245968000,VOLENDAM,JUNEAU,58.29864,-134.406335,315,113.9,0.0,5,9156515,PCHM
2008-06-26T23:35:07,245968000,VOLENDAM,JUNEAU,58.29864,-134.4063317,0,0.0,0.0,0,9156515,PCHM
2008-06-26T23:32:12,245968000,VOLENDAM,JUNEAU,58.29864,-134.4063317,315,359.4,0.0,5,9156515,PCHM
2008-06-26T23:29:12,245968000,VOLENDAM,JUNEAU,58.29864167,-134.4063367,315,216.3,0.1,5,9156515,PCHM
2008-06-26T23:29:07,245968000,VOLENDAM,JUNEAU,58.29865167,-134.4063283,0,0.0,0.0,0,9156515,PCHM
2008-06-26T23:26:12,245968000,VOLENDAM,JUNEAU,58.29865167,-134.4063283,315,27.3,0.0,5,9156515,PCHM
2008-06-26T23:23:11,245968000,VOLENDAM,JUNEAU,58.29865167,-134.4063283,315,246.9,0.0,5,9156515,PCHM
2008-06-26T23:23:09,245968000,VOLENDAM,JUNEAU,58.29867167,-134.4063267,0,0.0,0.0,0,9156515,PCHM
2008-06-26T23:20:11,245968000,VOLENDAM,JUNEAU,58.29867167,-134.4063267,315,30.6,0.0,5,9156515,PCHM
2008-06-26T23:18:42,245968000,VOLENDAM,JUNEAU,58.29866667,-134.4063333,0,0.0,0.0,0,9156515,PCHM
2008-06-26T23:17:10,245968000,VOLENDAM,JUNEAU,58.29866667,-134.4063333,315,307.2,0.0,5,9156515,PCHM
2008-06-26T23:17:10,245968000,VOLENDAM,JUNEAU,58.29866667,-134.4063,0,0.0,0.0,0,9156515,PCHM
2008-06-26T23:14:13,245968000,VOLENDAM,JUNEAU,58.29866667,-134.4063,315,188.0,0.0,5,9156515,PCHM
2008-06-26T23:11:11,245968000,VOLENDAM,JUNEAU,58.29866667,-134.4063,315,263.4,0.0,5,9156515,PCHM
2008-06-26T23:11:09,245968000,VOLENDAM,JUNEAU,58.29866667,-134.4063,0,0.0,0.0,0,9156515,PCHM
2008-06-26T23:08:12,245968000,VOLENDAM,JUNEAU,58.29866667,-134.4063,315,147.6,0.0,5,9156515,PCHM
2008-06-26T23:05:14,245968000,VOLENDAM,JUNEAU,58.29866667,-134.4063,315,30.8,0.0,5,9156515,PCHM
2008-06-26T23:05:09,245968000,VOLENDAM,JUNEAU,58.29863333,-134.4063167,0,0.0,0.0,0,9156515,PCHM
2008-06-26T23:02:11,245968000,VOLENDAM,JUNEAU,58.29863333,-134.4063167,315,334.8,0.0,5,9156515,PCHM
2008-06-26T22:59:13,245968000,VOLENDAM,JUNEAU,58.29865,-134.4063167,315,311.2,0.0,5,9156515,PCHM
2008-06-26T22:59:07,245968000,VOLENDAM,JUNEAU,58.29863333,-134.4063333,0,0.0,0.0,0,9156515,PCHM
2008-06-26T22:58:24,245968000,VOLENDAM,JUNEAU,58.29863333,-134.4063333,0,0.0,0.0,0,9156515,PCHM
2008-06-26T22:56:13,245968000,VOLENDAM,JUNEAU,58.29863333,-134.4063333,315,36.2,0.0,5,9156515,PCHM
2008-06-26T22:53:12,245968000,VOLENDAM,JUNEAU,58.29861667,-134.40635,315,358.2,0.0,5,9156515,PCHM
2008-06-26T22:53:09,245968000,VOLENDAM,JUNEAU,58.29861667,-134.40635,0,0.0,0.0,0,9156515,PCHM
2008-06-26T22:50:11,245968000,VOLENDAM,JUNEAU,58.29861667,-134.40635,315,27.6,0.0,5,9156515,PCHM
2008-06-26T22:47:14,245968000,VOLENDAM,JUNEAU,58.29861667,-134.4063333,315,199.2,0.0,5,9156515,PCHM
2008-06-26T22:47:10,245968000,VOLENDAM,JUNEAU,58.29858333,-134.4063833,0,0.0,0.0,0,9156515,PCHM
2008-06-26T22:44:13,245968000,VOLENDAM,JUNEAU,58.29858333,-134.4063833,315,325.5,0.0,5,9156515,PCHM
2008-06-26T22:43:22,245968000,VOLENDAM,JUNEAU,58.287,-134.4015,511,360.0,102.3,15,9156515,PCHM
2008-06-26T22:41:13,245968000,VOLENDAM,JUNEAU,58.29866667,-134.4062667,315,31.7,0.1,5,9156515,PCHM
2008-06-26T22:41:08,245968000,VOLENDAM,JUNEAU,58.29671667,-134.4044333,0,0.0,0.0,0,9156515,PCHM
2008-06-26T22:38:13,245968000,VOLENDAM,JUNEAU,58.29671667,-134.4044333,315,0.0,0.0,5,9156515,PCHM
2008-06-26T22:36:28,245968000,VOLENDAM,JUNEAU,58.29866667,-134.4063,0,0.0,0.0,0,9156515,PCHM
2008-06-26T22:35:14,245968000,VOLENDAM,JUNEAU,58.29866667,-134.4063,315,28.5,0.2,5,9156515,PCHM
2008-06-26T22:35:08,245968000,VOLENDAM,JUNEAU,58.29866667,-134.4062683,0,0.0,0.0,0,9156515,PCHM
2008-06-26T22:32:11,245968000,VOLENDAM,JUNEAU,58.29866667,-134.4062683,315,228.0,0.3,5,9156515,PCHM
2008-06-26T22:29:11,245968000,VOLENDAM,JUNEAU,58.29868333,-134.40625,315,182.0,0.2,5,9156515,PCHM
2008-06-26T22:29:09,245968000,VOLENDAM,JUNEAU,58.29865,-134.4062833,0,0.0,0.0,0,9156515,PCHM
2008-06-26T22:28:52,245968000,VOLENDAM,JUNEAU,58.29865,-134.4062833,0,0.0,0.0,0,9156515,PCHM
2008-06-26T22:26:14,245968000,VOLENDAM,JUNEAU,58.29865,-134.4062833,315,213.7,0.2,5,9156515,PCHM
2008-06-26T22:23:12,245968000,VOLENDAM,JUNEAU,58.29866667,-134.4062667,315,201.9,0.2,5,9156515,PCHM
2008-06-26T22:23:08,245968000,VOLENDAM,JUNEAU,58.29863333,-134.4062833,0,0.0,0.0,0,9156515,PCHM
2008-06-26T22:20:11,245968000,VOLENDAM,JUNEAU,58.29863333,-134.4062833,315,220.1,0.1,5,9156515,PCHM
2008-06-26T22:17:10,245968000,VOLENDAM,JUNEAU,58.29863333,-134.4063,315,100.0,0.0,5,9156515,PCHM
2008-06-26T22:17:09,245968000,VOLENDAM,JUNEAU,58.29861667,-134.4063333,0,0.0,0.0,0,9156515,PCHM
2008-06-26T22:14:11,245968000,VOLENDAM,JUNEAU,58.29861667,-134.4063333,315,29.7,0.1,5,9156515,PCHM
2008-06-26T22:11:14,245968000,VOLENDAM,JUNEAU,58.29861667,-134.4063333,315,46.5,0.0,5,9156515,PCHM
2008-06-26T22:11:09,245968000,VOLENDAM,JUNEAU,58.29863333,-134.4063333,0,0.0,0.0,0,9156515,PCHM
2008-06-26T22:08:10,245968000,VOLENDAM,JUNEAU,58.29863333,-134.4063333,315,231.3,0.1,5,9156515,PCHM
2008-06-26T22:05:12,245968000,VOLENDAM,JUNEAU,58.29863333,-134.4063333,315,347.9,0.1,5,9156515,PCHM
2008-06-26T22:05:09,245968000,VOLENDAM,JUNEAU,58.29865,-134.4063333,0,0.0,0.0,0,9156515,PCHM
2008-06-26T22:02:10,245968000,VOLENDAM,JUNEAU,58.29865,-134.4063333,315,93.9,0.0,5,9156515,PCHM
2008-06-26T21:59:12,245968000,VOLENDAM,JUNEAU,58.29865,-134.4063333,315,267.3,0.1,5,9156515,PCHM
2008-06-26T21:59:06,245968000,VOLENDAM,JUNEAU,58.29865,-134.4063333,0,0.0,0.0,0,9156515,PCHM
2008-06-26T21:56:12,245968000,VOLENDAM,JUNEAU,58.29865,-134.4063333,315,111.8,0.0,5,9156515,PCHM
2008-06-26T21:53:10,245968000,VOLENDAM,JUNEAU,58.29865,-134.4063333,315,97.3,0.1,5,9156515,PCHM
2008-06-26T21:53:09,245968000,VOLENDAM,JUNEAU,58.29865,-134.4063333,0,0.0,0.0,0,9156515,PCHM
2008-06-26T21:50:11,245968000,VOLENDAM,JUNEAU,58.29865,-134.4063333,315,169.0,0.1,5,9156515,PCHM
2008-06-26T21:47:12,245968000,VOLENDAM,JUNEAU,58.29865,-134.4063333,315,279.1,0.0,5,9156515,PCHM
2008-06-26T21:47:09,245968000,VOLENDAM,JUNEAU,58.29865,-134.40635,0,0.0,0.0,0,9156515,PCHM
2008-06-26T21:44:12,245968000,VOLENDAM,JUNEAU,58.29865,-134.40635,315,157.2,0.1,5,9156515,PCHM
2008-06-26T21:43:10,245968000,VOLENDAM,JUNEAU,58.2871667,-134.4015,511,360.0,102.3,15,9156515,PCHM
2008-06-26T21:41:12,245968000,VOLENDAM,JUNEAU,58.29865,-134.40635,315,297.2,0.0,5,9156515,PCHM
2008-06-26T21:41:09,245968000,VOLENDAM,JUNEAU,58.29865,-134.40635,0,0.0,0.0,0,9156515,PCHM
2008-06-26T21:38:12,245968000,VOLENDAM,JUNEAU,58.29865,-134.40635,315,356.4,0.0,5,9156515,PCHM
2008-06-26T21:35:10,245968000,VOLENDAM,JUNEAU,58.29865,-134.4063333,315,122.2,0.0,5,9156515,PCHM
2008-06-26T21:35:10,245968000,VOLENDAM,JUNEAU,58.29863333,-134.40635,0,0.0,0.0,0,9156515,PCHM
2008-06-26T21:32:11,245968000,VOLENDAM,JUNEAU,58.29863333,-134.40635,315,124.8,0.0,5,9156515,PCHM
2008-06-26T21:29:12,245968000,VOLENDAM,JUNEAU,58.29863333,-134.40635,315,303.2,0.1,5,9156515,PCHM
2008-06-26T21:29:09,245968000,VOLENDAM,JUNEAU,58.29863333,-134.4063333,0,0.0,0.0,0,9156515,PCHM
2008-06-26T21:26:10,245968000,VOLENDAM,JUNEAU,58.29863333,-134.4063333,315,215.4,0.1,5,9156515,PCHM
2008-06-26T21:23:12,245968000,VOLENDAM,JUNEAU,58.29865,-134.4063333,315,153.8,0.0,5,9156515,PCHM
2008-06-26T21:23:07,245968000,VOLENDAM,JUNEAU,58.29865,-134.4063333,0,0.0,0.0,0,9156515,PCHM
2008-06-26T21:20:13,245968000,VOLENDAM,JUNEAU,58.29865,-134.4063333,315,105.3,0.0,5,9156515,PCHM
2008-06-26T21:17:13,245968000,VOLENDAM,JUNEAU,58.29865,-134.4063333,315,59.2,0.1,5,9156515,PCHM
2008-06-26T21:17:08,245968000,VOLENDAM,JUNEAU,58.29863333,-134.4063167,0,0.0,0.0,0,9156515,PCHM
2008-06-26T21:14:13,245968000,VOLENDAM,JUNEAU,58.29863333,-134.4063167,315,219.6,0.1,5,9156515,PCHM
2008-06-26T21:11:11,245968000,VOLENDAM,JUNEAU,58.29863333,-134.4063183,315,325.1,0.2,5,9156515,PCHM
2008-06-26T21:11:08,245968000,VOLENDAM,JUNEAU,58.29863333,-134.4063167,0,0.0,0.0,0,9156515,PCHM
2008-06-26T21:08:10,245968000,VOLENDAM,JUNEAU,58.29863333,-134.4063167,315,128.5,0.1,5,9156515,PCHM
2008-06-26T21:05:11,245968000,VOLENDAM,JUNEAU,58.29863333,-134.4063183,315,255.0,0.2,5,9156515,PCHM
2008-06-26T21:05:10,245968000,VOLENDAM,JUNEAU,58.29863333,-134.4063167,0,0.0,0.0,0,9156515,PCHM
2008-06-26T21:02:10,245968000,VOLENDAM,JUNEAU,58.29863333,-134.4063167,315,343.7,0.1,5,9156515,PCHM
2008-06-26T20:59:11,245968000,VOLENDAM,JUNEAU,58.29863333,-134.4063167,315,158.3,0.1,5,9156515,PCHM
2008-06-26T20:59:08,245968000,VOLENDAM,JUNEAU,58.29865,-134.4063167,0,0.0,0.0,0,9156515,PCHM
2008-06-26T20:56:13,245968000,VOLENDAM,JUNEAU,58.29865,-134.4063167,315,282.8,0.0,5,9156515,PCHM
2008-06-26T20:53:11,245968000,VOLENDAM,JUNEAU,58.29865,-134.4063333,315,172.5,0.1,5,9156515,PCHM
2008-06-26T20:53:10,245968000,VOLENDAM,JUNEAU,58.29861,-134.4062533,0,0.0,0.0,0,9156515,PCHM
2008-06-26T20:51:53,245968000,VOLENDAM,JUNEAU,58.29861,-134.4062533,0,0.0,0.0,0,9156515,PCHM
2008-06-26T20:50:45,245968000,VOLENDAM,JUNEAU,58.29861,-134.4062533,0,0.0,0.0,0,9156515,PCHM
2008-06-26T20:50:13,245968000,VOLENDAM,JUNEAU,58.29861,-134.4062533,315,274.7,0.1,5,9156515,PCHM
2008-06-26T20:49:27,245968000,VOLENDAM,JUNEAU,58.2986,-134.4062483,0,0.0,0.0,0,9156515,PCHM
2008-06-26T20:47:12,245968000,VOLENDAM,JUNEAU,58.2986,-134.4062483,315,251.4,0.1,5,9156515,PCHM
2008-06-26T20:47:10,245968000,VOLENDAM,JUNEAU,58.2986,-134.40625,0,0.0,0.0,0,9156515,PCHM
2008-06-26T20:44:14,245968000,VOLENDAM,JUNEAU,58.2986,-134.40625,315,310.3,0.0,5,9156515,PCHM
2008-06-26T20:42:41,245968000,VOLENDAM,JUNEAU,58.2871667,-134.4015,511,360.0,102.3,15,9156515,PCHM
2008-06-26T20:41:11,245968000,VOLENDAM,JUNEAU,58.29863333,-134.4063,315,245.8,0.1,5,9156515,PCHM
2008-06-26T20:41:10,245968000,VOLENDAM,JUNEAU,58.29863333,-134.4062667,0,0.0,0.0,0,9156515,PCHM
2008-06-26T20:38:13,245968000,VOLENDAM,JUNEAU,58.29863333,-134.4062667,315,215.6,0.1,5,9156515,PCHM
2008-06-26T20:35:10,245968000,VOLENDAM,JUNEAU,58.29863333,-134.40625,315,194.2,0.0,5,9156515,PCHM
2008-06-26T20:35:09,245968000,VOLENDAM,JUNEAU,58.29863333,-134.4062833,0,0.0,0.0,0,9156515,PCHM
2008-06-26T20:32:10,245968000,VOLENDAM,JUNEAU,58.29863333,-134.4062833,315,290.4,0.0,5,9156515,PCHM
2008-06-26T20:29:12,245968000,VOLENDAM,JUNEAU,58.29865,-134.4062833,315,22.5,0.1,5,9156515,PCHM
2008-06-26T20:29:09,245968000,VOLENDAM,JUNEAU,58.29863333,-134.4062833,0,0.0,0.0,0,9156515,PCHM
2008-06-26T20:26:12,245968000,VOLENDAM,JUNEAU,58.29863333,-134.4062833,315,38.3,0.1,5,9156515,PCHM
2008-06-26T20:23:07,245968000,VOLENDAM,JUNEAU,58.29865,-134.4062667,0,0.0,0.0,0,9156515,PCHM
2008-06-26T20:20:10,245968000,VOLENDAM,JUNEAU,58.29865,-134.4062667,315,24.2,0.0,5,9156515,PCHM
2008-06-26T20:17:12,245968000,VOLENDAM,JUNEAU,58.29865,-134.4062667,315,275.3,0.1,5,9156515,PCHM
2008-06-26T20:17:09,245968000,VOLENDAM,JUNEAU,58.29865,-134.4063167,0,0.0,0.0,0,9156515,PCHM
2008-06-26T20:14:12,245968000,VOLENDAM,JUNEAU,58.29865,-134.4063167,315,229.4,0.0,5,9156515,PCHM
2008-06-26T20:11:10,245968000,VOLENDAM,JUNEAU,58.29865,-134.4063167,315,35.6,0.1,5,9156515,PCHM
2008-06-26T20:11:10,245968000,VOLENDAM,JUNEAU,58.29865,-134.4063167,0,0.0,0.0,0,9156515,PCHM
2008-06-26T20:08:13,245968000,VOLENDAM,JUNEAU,58.29865,-134.4063167,315,151.0,0.1,5,9156515,PCHM
2008-06-26T20:05:14,245968000,VOLENDAM,JUNEAU,58.29863333,-134.4063167,315,154.7,0.1,5,9156515,PCHM
2008-06-26T20:05:06,245968000,VOLENDAM,JUNEAU,58.29863333,-134.4063,0,0.0,0.0,0,9156515,PCHM
2008-06-26T20:02:12,245968000,VOLENDAM,JUNEAU,58.29863333,-134.4063,315,105.4,0.1,5,9156515,PCHM
2008-06-26T19:59:12,245968000,VOLENDAM,JUNEAU,58.29865,-134.4063,315,198.0,0.1,5,9156515,PCHM
2008-06-26T19:59:09,245968000,VOLENDAM,JUNEAU,58.29865,-134.4063167,0,0.0,0.0,0,9156515,PCHM
2008-06-26T19:56:13,245968000,VOLENDAM,JUNEAU,58.29865,-134.4063167,315,11.4,0.0,5,9156515,PCHM
2008-06-26T19:53:14,245968000,VOLENDAM,JUNEAU,58.29865,-134.4063,315,5.3,0.0,5,9156515,PCHM
2008-06-26T19:53:07,245968000,VOLENDAM,JUNEAU,58.29865,-134.4063333,0,0.0,0.0,0,9156515,PCHM
2008-06-26T19:50:10,245968000,VOLENDAM,JUNEAU,58.29865,-134.4063333,315,62.6,0.1,5,9156515,PCHM
2008-06-26T19:47:14,245968000,VOLENDAM,JUNEAU,58.29863333,-134.4063167,315,125.4,0.0,5,9156515,PCHM
2008-06-26T19:47:08,245968000,VOLENDAM,JUNEAU,58.29863333,-134.4063333,0,0.0,0.0,0,9156515,PCHM
2008-06-26T19:44:11,245968000,VOLENDAM,JUNEAU,58.29863333,-134.4063333,315,80.2,0.0,5,9156515,PCHM
2008-06-26T19:42:04,245968000,VOLENDAM,JUNEAU,58.2871667,-134.4015,511,360.0,102.3,15,9156515,PCHM
2008-06-26T19:41:13,245968000,VOLENDAM,JUNEAU,58.29861667,-134.40635,315,175.2,0.0,5,9156515,PCHM
2008-06-26T19:41:08,245968000,VOLENDAM,JUNEAU,58.29858333,-134.4063667,0,0.0,0.0,0,9156515,PCHM
2008-06-26T19:38:13,245968000,VOLENDAM,JUNEAU,58.29858333,-134.4063667,315,22.0,0.1,5,9156515,PCHM
2008-06-26T19:35:11,245968000,VOLENDAM,JUNEAU,58.29858333,-134.40635,315,248.3,0.0,5,9156515,PCHM
2008-06-26T19:35:09,245968000,VOLENDAM,JUNEAU,58.29856667,-134.4064,0,0.0,0.0,0,9156515,PCHM
2008-06-26T19:32:12,245968000,VOLENDAM,JUNEAU,58.29856667,-134.4064,315,96.6,0.1,5,9156515,PCHM
2008-06-26T19:29:11,245968000,VOLENDAM,JUNEAU,58.29863333,-134.4063333,315,249.8,0.1,5,9156515,PCHM
2008-06-26T19:29:07,245968000,VOLENDAM,JUNEAU,58.29866667,-134.4062667,0,0.0,0.0,0,9156515,PCHM
2008-06-26T19:26:13,245968000,VOLENDAM,JUNEAU,58.29866667,-134.4062667,315,188.1,0.2,5,9156515,PCHM
2008-06-26T19:23:10,245968000,VOLENDAM,JUNEAU,58.29861667,-134.4062833,315,328.6,0.1,5,9156515,PCHM
2008-06-26T19:23:06,245968000,VOLENDAM,JUNEAU,58.29863333,-134.4063,0,0.0,0.0,0,9156515,PCHM
2008-06-26T19:20:11,245968000,VOLENDAM,JUNEAU,58.29863333,-134.4063,315,148.9,0.0,5,9156515,PCHM
2008-06-26T19:17:13,245968000,VOLENDAM,JUNEAU,58.29861667,-134.40625,315,223.6,0.1,5,9156515,PCHM
2008-06-26T19:17:09,245968000,VOLENDAM,JUNEAU,58.29863333,-134.4062333,0,0.0,0.0,0,9156515,PCHM
2008-06-26T19:14:11,245968000,VOLENDAM,JUNEAU,58.29863333,-134.4062333,315,214.3,0.1,5,9156515,PCHM
2008-06-26T19:11:12,245968000,VOLENDAM,JUNEAU,58.29865,-134.4062333,315,30.9,0.1,5,9156515,PCHM
2008-06-26T19:11:10,245968000,VOLENDAM,JUNEAU,58.29865,-134.4062833,0,0.0,0.0,0,9156515,PCHM
2008-06-26T19:08:11,245968000,VOLENDAM,JUNEAU,58.29865,-134.4062833,315,308.9,0.1,5,9156515,PCHM
2008-06-26T19:05:11,245968000,VOLENDAM,JUNEAU,58.29865,-134.4063333,315,36.0,0.0,5,9156515,PCHM
2008-06-26T19:05:09,245968000,VOLENDAM,JUNEAU,58.29865,-134.4063167,0,0.0,0.0,0,9156515,PCHM
2008-06-26T19:02:11,245968000,VOLENDAM,JUNEAU,58.29865,-134.4063167,315,92.1,0.0,5,9156515,PCHM
2008-06-26T18:59:10,245968000,VOLENDAM,JUNEAU,58.29866667,-134.40625,315,53.1,0.0,5,9156515,PCHM
2008-06-26T18:59:08,245968000,VOLENDAM,JUNEAU,58.29866667,-134.4062667,0,0.0,0.0,0,9156515,PCHM
2008-06-26T18:56:10,245968000,VOLENDAM,JUNEAU,58.29866667,-134.4062667,315,56.0,0.0,5,9156515,PCHM
2008-06-26T18:53:12,245968000,VOLENDAM,JUNEAU,58.29865,-134.4063,315,218.2,0.0,5,9156515,PCHM
2008-06-26T18:53:10,245968000,VOLENDAM,JUNEAU,58.29865,-134.4062833,0,0.0,0.0,0,9156515,PCHM
2008-06-26T18:50:14,245968000,VOLENDAM,JUNEAU,58.29865,-134.4062833,315,115.2,0.1,5,9156515,PCHM
2008-06-26T18:47:12,245968000,VOLENDAM,JUNEAU,58.29865,-134.4062667,315,24.5,0.0,5,9156515,PCHM
2008-06-26T18:47:08,245968000,VOLENDAM,JUNEAU,58.29865,-134.4062333,0,0.0,0.0,0,9156515,PCHM
2008-06-26T18:44:12,245968000,VOLENDAM,JUNEAU,58.29865,-134.4062333,315,197.8,0.1,5,9156515,PCHM
2008-06-26T18:41:32,245968000,VOLENDAM,JUNEAU,58.2871667,-134.4015,511,360.0,102.3,15,9156515,PCHM
2008-06-26T18:41:13,245968000,VOLENDAM,JUNEAU,58.29866667,-134.40625,315,133.4,0.1,5,9156515,PCHM
2008-06-26T18:41:07,245968000,VOLENDAM,JUNEAU,58.29865,-134.4063667,0,0.0,0.0,0,9156515,PCHM
2008-06-26T18:38:10,245968000,VOLENDAM,JUNEAU,58.29865,-134.4063667,315,200.4,0.1,5,9156515,PCHM
2008-06-26T18:35:14,245968000,VOLENDAM,JUNEAU,58.29866667,-134.4063333,315,186.3,0.2,5,9156515,PCHM
2008-06-26T18:35:08,245968000,VOLENDAM,JUNEAU,58.29865,-134.4062833,0,0.0,0.0,0,9156515,PCHM
2008-06-26T18:32:12,245968000,VOLENDAM,JUNEAU,58.29865,-134.4062833,315,105.3,0.1,5,9156515,PCHM
2008-06-26T18:29:12,245968000,VOLENDAM,JUNEAU,58.29863333,-134.40625,315,337.5,0.1,5,9156515,PCHM
2008-06-26T18:29:07,245968000,VOLENDAM,JUNEAU,58.29861667,-134.40625,0,0.0,0.0,0,9156515,PCHM
2008-06-26T18:26:12,245968000,VOLENDAM,JUNEAU,58.29861667,-134.40625,315,359.9,0.1,5,9156515,PCHM
2008-06-26T18:23:12,245968000,VOLENDAM,JUNEAU,58.2986,-134.40625,315,270.0,0.2,5,9156515,PCHM
2008-06-26T18:23:09,245968000,VOLENDAM,JUNEAU,58.29863333,-134.4063667,0,0.0,0.0,0,9156515,PCHM
2008-06-26T18:20:11,245968000,VOLENDAM,JUNEAU,58.29863333,-134.4063667,315,191.5,0.0,5,9156515,PCHM
2008-06-26T18:17:12,245968000,VOLENDAM,JUNEAU,58.29856667,-134.4062167,315,133.3,0.1,5,9156515,PCHM
2008-06-26T18:17:08,245968000,VOLENDAM,JUNEAU,58.29855,-134.40615,0,0.0,0.0,0,9156515,PCHM
2008-06-26T18:14:13,245968000,VOLENDAM,JUNEAU,58.29855,-134.40615,315,228.7,0.1,5,9156515,PCHM
2008-06-26T18:11:12,245968000,VOLENDAM,JUNEAU,58.29855,-134.4061,315,196.3,0.1,5,9156515,PCHM
2008-06-26T18:11:08,245968000,VOLENDAM,JUNEAU,58.29858333,-134.4061667,0,0.0,0.0,0,9156515,PCHM
2008-06-26T18:08:12,245968000,VOLENDAM,JUNEAU,58.29858333,-134.4061667,315,305.8,0.1,5,9156515,PCHM
2008-06-26T18:05:12,245968000,VOLENDAM,JUNEAU,58.29856667,-134.40615,315,165.0,0.1,5,9156515,PCHM
2008-06-26T18:05:09,245968000,VOLENDAM,JUNEAU,58.29858333,-134.40615,0,0.0,0.0,0,9156515,PCHM
2008-06-26T18:02:12,245968000,VOLENDAM,JUNEAU,58.29858333,-134.40615,315,96.2,0.0,5,9156515,PCHM
2008-06-26T17:59:11,245968000,VOLENDAM,JUNEAU,58.29858333,-134.40615,315,121.4,0.1,5,9156515,PCHM
2008-06-26T17:59:09,245968000,VOLENDAM,JUNEAU,58.29858333,-134.4061667,0,0.0,0.0,0,9156515,PCHM
2008-06-26T17:56:13,245968000,VOLENDAM,JUNEAU,58.29858333,-134.4061667,315,330.8,0.0,5,9156515,PCHM
2008-06-26T17:53:12,245968000,VOLENDAM,JUNEAU,58.29861667,-134.4062333,315,152.8,0.2,5,9156515,PCHM
2008-06-26T17:53:09,245968000,VOLENDAM,JUNEAU,58.2986,-134.4062,0,0.0,0.0,0,9156515,PCHM
2008-06-26T17:50:12,245968000,VOLENDAM,JUNEAU,58.2986,-134.4062,315,359.7,0.0,5,9156515,PCHM
2008-06-26T17:47:13,245968000,VOLENDAM,JUNEAU,58.29861667,-134.4061983,315,107.8,0.2,5,9156515,PCHM
2008-06-26T17:47:07,245968000,VOLENDAM,JUNEAU,58.29856667,-134.4061667,0,0.0,0.0,0,9156515,PCHM
2008-06-26T17:44:11,245968000,VOLENDAM,JUNEAU,58.29856667,-134.4061667,315,90.8,0.1,5,9156515,PCHM
2008-06-26T17:41:14,245968000,VOLENDAM,JUNEAU,58.29861667,-134.4062667,315,36.4,0.1,5,9156515,PCHM
2008-06-26T17:41:06,245968000,VOLENDAM,JUNEAU,58.287,-134.4015,0,0.0,0.0,0,9156515,PCHM
2008-06-26T17:40:58,245968000,VOLENDAM,JUNEAU,58.287,-134.4015,511,360.0,102.3,15,9156515,PCHM
2008-06-26T17:38:10,245968000,VOLENDAM,JUNEAU,58.29865,-134.4063167,315,27.8,0.1,5,9156515,PCHM
2008-06-26T17:35:11,245968000,VOLENDAM,JUNEAU,58.29865,-134.4063167,315,125.4,0.0,5,9156515,PCHM
2008-06-26T17:35:09,245968000,VOLENDAM,JUNEAU,58.29865,-134.4063167,0,0.0,0.0,0,9156515,PCHM
2008-06-26T17:32:11,245968000,VOLENDAM,JUNEAU,58.29865,-134.4063167,315,116.7,0.1,5,9156515,PCHM
2008-06-26T17:29:11,245968000,VOLENDAM,JUNEAU,58.29865,-134.406315,315,354.7,0.1,5,9156515,PCHM
2008-06-26T17:29:08,245968000,VOLENDAM,JUNEAU,58.29866667,-134.4063,0,0.0,0.0,0,9156515,PCHM
2008-06-26T17:26:13,245968000,VOLENDAM,JUNEAU,58.29866667,-134.4063,315,321.5,0.1,5,9156515,PCHM
2008-06-26T17:23:11,245968000,VOLENDAM,JUNEAU,58.29865,-134.4062833,315,19.6,0.1,5,9156515,PCHM
2008-06-26T17:23:07,245968000,VOLENDAM,JUNEAU,58.29866667,-134.4062167,0,0.0,0.0,0,9156515,PCHM
2008-06-26T17:20:13,245968000,VOLENDAM,JUNEAU,58.29866667,-134.4062167,315,197.3,0.1,5,9156515,PCHM
2008-06-26T17:17:13,245968000,VOLENDAM,JUNEAU,58.2987,-134.4062167,315,254.2,0.1,5,9156515,PCHM
2008-06-26T17:17:06,245968000,VOLENDAM,JUNEAU,58.2987,-134.4062667,0,0.0,0.0,0,9156515,PCHM
2008-06-26T17:14:14,245968000,VOLENDAM,JUNEAU,58.2987,-134.4062667,315,243.9,0.1,5,9156515,PCHM
2008-06-26T17:11:13,245968000,VOLENDAM,JUNEAU,58.29865,-134.4063,315,234.7,0.0,5,9156515,PCHM
2008-06-26T17:11:08,245968000,VOLENDAM,JUNEAU,58.29865,-134.4063167,0,0.0,0.0,0,9156515,PCHM
2008-06-26T17:08:13,245968000,VOLENDAM,JUNEAU,58.29865,-134.4063167,315,337.3,0.1,5,9156515,PCHM
2008-06-26T17:05:10,245968000,VOLENDAM,JUNEAU,58.29863333,-134.4063,315,267.3,0.0,5,9156515,PCHM
2008-06-26T17:05:09,245968000,VOLENDAM,JUNEAU,58.29861667,-134.4063167,0,0.0,0.0,0,9156515,PCHM
2008-06-26T17:02:14,245968000,VOLENDAM,JUNEAU,58.29861667,-134.4063167,315,52.8,0.3,5,9156515,PCHM
2008-06-26T16:59:13,245968000,VOLENDAM,JUNEAU,58.29861667,-134.4063333,316,170.1,0.1,5,9156515,PCHM
2008-06-26T16:59:09,245968000,VOLENDAM,JUNEAU,58.29865,-134.4063,0,0.0,0.0,0,9156515,PCHM
2008-06-26T16:56:12,245968000,VOLENDAM,JUNEAU,58.29865,-134.4063,316,340.4,0.1,5,9156515,PCHM
2008-06-26T16:53:12,245968000,VOLENDAM,JUNEAU,58.29868333,-134.40625,316,217.2,0.1,5,9156515,PCHM
2008-06-26T16:53:08,245968000,VOLENDAM,JUNEAU,58.29868333,-134.4062667,0,0.0,0.0,0,9156515,PCHM
2008-06-26T16:50:10,245968000,VOLENDAM,JUNEAU,58.29868333,-134.4062667,316,318.7,0.1,5,9156515,PCHM
2008-06-26T16:47:12,245968000,VOLENDAM,JUNEAU,58.29868333,-134.40625,316,82.4,0.1,5,9156515,PCHM
2008-06-26T16:47:06,245968000,VOLENDAM,JUNEAU,58.29865,-134.4063017,0,0.0,0.0,0,9156515,PCHM
2008-06-26T16:44:13,245968000,VOLENDAM,JUNEAU,58.29865,-134.4063017,316,38.9,0.1,5,9156515,PCHM
2008-06-26T16:41:13,245968000,VOLENDAM,JUNEAU,58.2987,-134.4062167,316,29.9,0.1,5,9156515,PCHM
2008-06-26T16:41:10,245968000,VOLENDAM,JUNEAU,58.2871667,-134.4015,0,0.0,0.0,0,9156515,PCHM
2008-06-26T16:40:46,245968000,VOLENDAM,JUNEAU,58.2871667,-134.4015,511,360.0,102.3,15,9156515,PCHM
2008-06-26T16:38:12,245968000,VOLENDAM,JUNEAU,58.29866667,-134.4063,316,210.8,0.2,5,9156515,PCHM
2008-06-26T16:35:12,245968000,VOLENDAM,JUNEAU,58.29858333,-134.4063333,316,149.5,0.1,5,9156515,PCHM
2008-06-26T16:35:09,245968000,VOLENDAM,JUNEAU,58.29876667,-134.4063,0,0.0,0.0,0,9156515,PCHM
2008-06-26T16:32:10,245968000,VOLENDAM,JUNEAU,58.29876667,-134.4063,316,166.5,0.1,5,9156515,PCHM
2008-06-26T16:29:11,245968000,VOLENDAM,JUNEAU,58.29885,-134.4062317,315,34.7,0.2,5,9156515,PCHM
2008-06-26T16:29:08,245968000,VOLENDAM,JUNEAU,58.29885,-134.4061833,0,0.0,0.0,0,9156515,PCHM
2008-06-26T16:26:13,245968000,VOLENDAM,JUNEAU,58.29885,-134.4061833,315,304.9,0.0,5,9156515,PCHM
2008-06-26T16:23:13,245968000,VOLENDAM,JUNEAU,58.29885,-134.4061833,315,119.7,0.1,5,9156515,PCHM
2008-06-26T16:23:09,245968000,VOLENDAM,JUNEAU,58.29873333,-134.4062333,0,0.0,0.0,0,9156515,PCHM
2008-06-26T16:20:14,245968000,VOLENDAM,JUNEAU,58.29873333,-134.4062333,315,274.2,0.0,5,9156515,PCHM
2008-06-26T16:17:11,245968000,VOLENDAM,JUNEAU,58.29865,-134.4062333,315,107.7,0.1,5,9156515,PCHM
2008-06-26T16:17:07,245968000,VOLENDAM,JUNEAU,58.29863333,-134.4062833,0,0.0,0.0,0,9156515,PCHM
2008-06-26T16:14:11,245968000,VOLENDAM,JUNEAU,58.29863333,-134.4062833,315,10.8,0.1,5,9156515,PCHM
2008-06-26T16:11:14,245968000,VOLENDAM,JUNEAU,58.29863333,-134.4063333,315,102.5,0.1,5,9156515,PCHM
2008-06-26T16:11:10,245968000,VOLENDAM,JUNEAU,58.29871667,-134.4062667,0,0.0,0.0,0,9156515,PCHM
2008-06-26T16:05:14,245968000,VOLENDAM,JUNEAU,58.29871667,-134.4062667,315,350.5,0.0,5,9156515,PCHM
2008-06-26T16:05:07,245968000,VOLENDAM,JUNEAU,58.29868333,-134.4062667,0,0.0,0.0,0,9156515,PCHM
2008-06-26T16:02:12,245968000,VOLENDAM,JUNEAU,58.29868333,-134.4062667,315,161.4,0.1,5,9156515,PCHM
2008-06-26T15:59:13,245968000,VOLENDAM,JUNEAU,58.29856667,-134.4062167,315,332.7,0.0,5,9156515,PCHM
2008-06-26T15:59:06,245968000,VOLENDAM,JUNEAU,58.29858333,-134.4062667,0,0.0,0.0,0,9156515,PCHM
2008-06-26T15:56:11,245968000,VOLENDAM,JUNEAU,58.29858333,-134.4062667,315,355.6,0.2,5,9156515,PCHM
2008-06-26T15:53:12,245968000,VOLENDAM,JUNEAU,58.29866667,-134.4063167,315,107.3,0.2,5,9156515,PCHM
2008-06-26T15:53:10,245968000,VOLENDAM,JUNEAU,58.29868333,-134.4063167,0,0.0,0.0,0,9156515,PCHM
2008-06-26T15:50:10,245968000,VOLENDAM,JUNEAU,58.29868333,-134.4063167,315,313.9,0.1,5,9156515,PCHM
2008-06-26T15:47:12,245968000,VOLENDAM,JUNEAU,58.29865,-134.4063,315,216.9,0.0,5,9156515,PCHM
2008-06-26T15:47:07,245968000,VOLENDAM,JUNEAU,58.29865,-134.40605,0,0.0,0.0,0,9156515,PCHM
2008-06-26T15:44:27,245968000,VOLENDAM,JUNEAU,58.29865,-134.40605,0,0.0,0.0,0,9156515,PCHM
2008-06-26T15:44:13,245968000,VOLENDAM,JUNEAU,58.29865,-134.40605,315,80.1,0.1,5,9156515,PCHM
2008-06-26T15:43:59,245968000,VOLENDAM,JUNEAU,58.29866667,-134.4063333,0,0.0,0.0,0,9156515,PCHM
2008-06-26T15:41:10,245968000,VOLENDAM,JUNEAU,58.29866667,-134.4063333,315,223.6,0.1,5,9156515,PCHM
2008-06-26T15:41:08,245968000,VOLENDAM,JUNEAU,58.2871667,-134.4015,0,0.0,0.0,0,9156515,PCHM
2008-06-26T15:40:09,245968000,VOLENDAM,JUNEAU,58.2871667,-134.4015,511,360.0,102.3,15,9156515,PCHM
2008-06-26T15:38:11,245968000,VOLENDAM,JUNEAU,58.2987,-134.4063833,315,161.3,0.0,5,9156515,PCHM
2008-06-26T15:35:10,245968000,VOLENDAM,JUNEAU,58.29865,-134.4063167,315,168.1,0.1,5,9156515,PCHM
2008-06-26T15:35:07,245968000,VOLENDAM,JUNEAU,58.29866667,-134.4063167,0,0.0,0.0,0,9156515,PCHM
2008-06-26T15:32:10,245968000,VOLENDAM,JUNEAU,58.29866667,-134.4063167,315,203.0,0.1,5,9156515,PCHM
2008-06-26T15:29:13,245968000,VOLENDAM,JUNEAU,58.29868333,-134.4063167,315,226.4,0.0,5,9156515,PCHM
2008-06-26T15:29:08,245968000,VOLENDAM,JUNEAU,58.29866667,-134.4063333,0,0.0,0.0,0,9156515,PCHM
2008-06-26T15:26:11,245968000,VOLENDAM,JUNEAU,58.29866667,-134.4063333,315,201.4,0.1,5,9156515,PCHM
2008-06-26T15:23:13,245968000,VOLENDAM,JUNEAU,58.29866667,-134.4063333,315,248.7,0.1,5,9156515,PCHM
2008-06-26T15:23:07,245968000,VOLENDAM,JUNEAU,58.29868333,-134.4063,0,0.0,0.0,0,9156515,PCHM
2008-06-26T15:20:10,245968000,VOLENDAM,JUNEAU,58.29868333,-134.4063,315,208.0,0.1,5,9156515,PCHM
2008-06-26T15:17:10,245968000,VOLENDAM,JUNEAU,58.29866667,-134.4063167,315,328.4,0.0,5,9156515,PCHM
2008-06-26T15:17:07,245968000,VOLENDAM,JUNEAU,58.29868333,-134.4063,0,0.0,0.0,0,9156515,PCHM
2008-06-26T15:14:12,245968000,VOLENDAM,JUNEAU,58.29868333,-134.4063,315,224.1,0.1,5,9156515,PCHM
2008-06-26T15:11:13,245968000,VOLENDAM,JUNEAU,58.29868333,-134.4063167,315,263.3,0.1,5,9156515,PCHM
2008-06-26T15:11:08,245968000,VOLENDAM,JUNEAU,58.29866667,-134.406315,0,0.0,0.0,0,9156515,PCHM
2008-06-26T15:08:11,245968000,VOLENDAM,JUNEAU,58.29866667,-134.406315,315,265.2,0.2,5,9156515,PCHM
2008-06-26T15:05:10,245968000,VOLENDAM,JUNEAU,58.29865,-134.4063,315,111.4,0.1,5,9156515,PCHM
2008-06-26T15:05:09,245968000,VOLENDAM,JUNEAU,58.29863333,-134.4062833,0,0.0,0.0,0,9156515,PCHM
2008-06-26T14:59:11,245968000,VOLENDAM,JUNEAU,58.29863333,-134.4062833,315,179.1,0.0,5,9156515,PCHM
2008-06-26T14:59:07,245968000,VOLENDAM,JUNEAU,58.29863333,-134.4063167,0,0.0,0.0,0,9156515,PCHM
2008-06-26T14:56:12,245968000,VOLENDAM,JUNEAU,58.29863333,-134.4063167,315,258.9,0.0,5,9156515,PCHM
2008-06-26T14:53:11,245968000,VOLENDAM,JUNEAU,58.29865,-134.4062833,315,146.1,0.0,5,9156515,PCHM
2008-06-26T14:53:09,245968000,VOLENDAM,JUNEAU,58.29865,-134.4062667,0,0.0,0.0,0,9156515,PCHM
2008-06-26T14:50:13,245968000,VOLENDAM,JUNEAU,58.29865,-134.4062667,315,97.2,0.1,5,9156515,PCHM
2008-06-26T14:47:12,245968000,VOLENDAM,JUNEAU,58.29865,-134.40615,315,237.0,0.1,5,9156515,PCHM
2008-06-26T14:47:08,245968000,VOLENDAM,JUNEAU,58.29868333,-134.4059833,0,0.0,0.0,0,9156515,PCHM
2008-06-26T14:44:12,245968000,VOLENDAM,JUNEAU,58.29868333,-134.4059833,315,257.8,0.0,5,9156515,PCHM
2008-06-26T14:41:11,245968000,VOLENDAM,JUNEAU,58.29868333,-134.4061833,315,263.8,0.0,5,9156515,PCHM
2008-06-26T14:41:08,245968000,VOLENDAM,JUNEAU,58.2871667,-134.4015,0,0.0,0.0,0,9156515,PCHM
2008-06-26T14:39:29,245968000,VOLENDAM,JUNEAU,58.2871667,-134.4015,511,360.0,102.3,15,9156515,PCHM
2008-06-26T14:38:12,245968000,VOLENDAM,JUNEAU,58.29865,-134.4062833,315,186.5,0.1,5,9156515,PCHM
2008-06-26T14:35:12,245968000,VOLENDAM,JUNEAU,58.29865,-134.4062833,315,196.9,0.1,5,9156515,PCHM
2008-06-26T14:35:06,245968000,VOLENDAM,JUNEAU,58.29865,-134.4063167,0,0.0,0.0,0,9156515,PCHM
2008-06-26T14:32:13,245968000,VOLENDAM,JUNEAU,58.29865,-134.4063167,315,315.6,0.1,5,9156515,PCHM
2008-06-26T14:29:13,245968000,VOLENDAM,JUNEAU,58.29863333,-134.4063167,315,78.8,0.0,5,9156515,PCHM
2008-06-26T14:29:08,245968000,VOLENDAM,JUNEAU,58.29866667,-134.4062833,0,0.0,0.0,0,9156515,PCHM
2008-06-26T14:26:11,245968000,VOLENDAM,JUNEAU,58.29866667,-134.4062833,315,255.7,0.1,5,9156515,PCHM
2008-06-26T14:23:12,245968000,VOLENDAM,JUNEAU,58.29865,-134.40625,315,31.5,0.1,5,9156515,PCHM
2008-06-26T14:23:08,245968000,VOLENDAM,JUNEAU,58.29863333,-134.4062333,0,0.0,0.0,0,9156515,PCHM
2008-06-26T14:20:13,245968000,VOLENDAM,JUNEAU,58.29863333,-134.4062333,315,314.9,0.1,5,9156515,PCHM
2008-06-26T14:17:11,245968000,VOLENDAM,JUNEAU,58.29863333,-134.4062333,315,181.4,0.0,5,9156515,PCHM
2008-06-26T14:17:10,245968000,VOLENDAM,JUNEAU,58.29865,-134.40625,0,0.0,0.0,0,9156515,PCHM
2008-06-26T14:14:12,245968000,VOLENDAM,JUNEAU,58.29865,-134.40625,315,311.4,0.2,5,9156515,PCHM
2008-06-26T14:11:11,245968000,VOLENDAM,JUNEAU,58.29861667,-134.40625,315,237.5,0.1,5,9156515,PCHM
2008-06-26T14:08:11,245968000,VOLENDAM,JUNEAU,58.29858333,-134.4061833,315,152.5,0.1,5,9156515,PCHM
2008-06-26T14:05:13,245968000,VOLENDAM,JUNEAU,58.29855,-134.40615,315,144.2,0.1,5,9156515,PCHM
2008-06-26T14:05:06,245968000,VOLENDAM,JUNEAU,58.29848333,-134.4060667,0,0.0,0.0,0,9156515,PCHM
2008-06-26T14:02:14,245968000,VOLENDAM,JUNEAU,58.29848333,-134.4060667,315,52.0,0.0,5,9156515,PCHM
2008-06-26T13:59:14,245968000,VOLENDAM,JUNEAU,58.2986,-134.40625,315,175.1,0.0,5,9156515,PCHM
2008-06-26T13:59:10,245968000,VOLENDAM,JUNEAU,58.2986,-134.40625,0,0.0,0.0,0,9156515,PCHM
2008-06-26T13:57:02,245968000,VOLENDAM,JUNEAU,58.2986,-134.40625,315,204.4,0.1,5,9156515,PCHM
2008-06-26T13:56:51,245968000,VOLENDAM,JUNEAU,58.2986,-134.40625,315,57.4,0.0,5,9156515,PCHM
2008-06-26T13:56:42,245968000,VOLENDAM,JUNEAU,58.2986,-134.40625,315,91.9,0.1,5,9156515,PCHM
2008-06-26T13:56:31,245968000,VOLENDAM,JUNEAU,58.2986,-134.4062517,315,311.5,0.2,5,9156515,PCHM
2008-06-26T13:56:22,245968000,VOLENDAM,JUNEAU,58.2986,-134.40625,315,152.7,0.0,5,9156515,PCHM
2008-06-26T13:56:21,245968000,VOLENDAM,JUNEAU,58.2986,-134.40625,0,0.0,0.0,0,9156515,PCHM
2008-06-26T13:56:12,245968000,VOLENDAM,JUNEAU,58.2986,-134.40625,315,178.6,0.1,5,9156515,PCHM
2008-06-26T13:56:02,245968000,VOLENDAM,JUNEAU,58.2986,-134.40625,315,75.3,0.0,0,9156515,PCHM
2008-06-26T13:55:51,245968000,VOLENDAM,JUNEAU,58.2986,-134.40625,315,256.0,0.1,0,9156515,PCHM
2008-06-26T13:55:42,245968000,VOLENDAM,JUNEAU,58.2986,-134.4062667,315,219.4,0.1,0,9156515,PCHM
2008-06-26T13:55:31,245968000,VOLENDAM,JUNEAU,58.2986,-134.4062667,315,84.5,0.1,0,9156515,PCHM
2008-06-26T13:55:22,245968000,VOLENDAM,JUNEAU,58.2986,-134.4062667,315,133.6,0.1,0,9156515,PCHM
2008-06-26T13:55:12,245968000,VOLENDAM,JUNEAU,58.2986,-134.4062667,315,60.0,0.1,0,9156515,PCHM
2008-06-26T13:55:02,245968000,VOLENDAM,JUNEAU,58.298615,-134.4062683,315,128.7,0.4,0,9156515,PCHM
2008-06-26T13:54:51,245968000,VOLENDAM,JUNEAU,58.29861667,-134.4062667,315,196.8,0.0,0,9156515,PCHM
2008-06-26T13:54:42,245968000,VOLENDAM,JUNEAU,58.29861667,-134.4062667,315,328.4,0.1,0,9156515,PCHM
2008-06-26T13:54:31,245968000,VOLENDAM,JUNEAU,58.29861667,-134.4062667,315,206.7,0.0,0,9156515,PCHM
2008-06-26T13:54:22,245968000,VOLENDAM,JUNEAU,58.29861667,-134.4062667,315,255.0,0.2,0,9156515,PCHM
2008-06-26T13:54:12,245968000,VOLENDAM,JUNEAU,58.29861667,-134.406285,315,349.9,0.3,0,9156515,PCHM
2008-06-26T13:54:02,245968000,VOLENDAM,JUNEAU,58.29861667,-134.4062833,315,67.9,0.1,0,9156515,PCHM
2008-06-26T13:53:51,245968000,VOLENDAM,JUNEAU,58.29861667,-134.4062833,315,46.9,0.2,0,9156515,PCHM
2008-06-26T13:53:42,245968000,VOLENDAM,JUNEAU,58.29861667,-134.4062833,315,212.4,0.2,0,9156515,PCHM
2008-06-26T13:53:31,245968000,VOLENDAM,JUNEAU,58.29861667,-134.4062833,315,65.0,0.1,0,9156515,PCHM
2008-06-26T13:53:22,245968000,VOLENDAM,JUNEAU,58.29861667,-134.4063,315,21.1,0.1,0,9156515,PCHM
2008-06-26T13:53:12,245968000,VOLENDAM,JUNEAU,58.29863333,-134.4063,315,244.9,0.1,0,9156515,PCHM
2008-06-26T13:53:06,245968000,VOLENDAM,JUNEAU,58.29863333,-134.4063,0,0.0,0.0,0,9156515,PCHM
2008-06-26T13:53:02,245968000,VOLENDAM,JUNEAU,58.29863333,-134.4063,315,320.6,0.1,0,9156515,PCHM
2008-06-26T13:52:51,245968000,VOLENDAM,JUNEAU,58.29863333,-134.4063,315,175.7,0.1,0,9156515,PCHM
2008-06-26T13:52:42,245968000,VOLENDAM,JUNEAU,58.29863333,-134.4063,315,231.7,0.2,0,9156515,PCHM
2008-06-26T13:52:31,245968000,VOLENDAM,JUNEAU,58.29863333,-134.4063167,315,155.8,0.0,0,9156515,PCHM
2008-06-26T13:52:22,245968000,VOLENDAM,JUNEAU,58.29863333,-134.4063167,315,250.7,0.3,0,9156515,PCHM
2008-06-26T13:52:12,245968000,VOLENDAM,JUNEAU,58.29863333,-134.4063167,315,32.3,0.2,0,9156515,PCHM
2008-06-26T13:52:02,245968000,VOLENDAM,JUNEAU,58.29863333,-134.4063167,315,337.6,0.1,0,9156515,PCHM
2008-06-26T13:51:51,245968000,VOLENDAM,JUNEAU,58.29863333,-134.4063167,315,90.3,0.0,0,9156515,PCHM
2008-06-26T13:51:42,245968000,VOLENDAM,JUNEAU,58.29863333,-134.4063167,315,220.0,0.2,0,9156515,PCHM
2008-06-26T13:51:33,245968000,VOLENDAM,JUNEAU,58.298615,-134.4063183,315,18.0,0.3,0,9156515,PCHM
2008-06-26T13:51:22,245968000,VOLENDAM,JUNEAU,58.29861667,-134.4063167,315,4.2,0.1,0,9156515,PCHM
2008-06-26T13:51:12,245968000,VOLENDAM,JUNEAU,58.29861667,-134.4063,315,289.0,0.1,0,9156515,PCHM
2008-06-26T13:51:03,245968000,VOLENDAM,JUNEAU,58.29861667,-134.4063,315,147.4,0.1,0,9156515,PCHM
2008-06-26T13:50:51,245968000,VOLENDAM,JUNEAU,58.29861667,-134.4063,315,171.4,0.1,0,9156515,PCHM
2008-06-26T13:50:42,245968000,VOLENDAM,JUNEAU,58.29861667,-134.4062983,315,293.9,0.2,0,9156515,PCHM
2008-06-26T13:50:33,245968000,VOLENDAM,JUNEAU,58.29861667,-134.4063,314,272.6,0.1,0,9156515,PCHM
2008-06-26T13:50:22,245968000,VOLENDAM,JUNEAU,58.29861667,-134.4063,315,210.0,0.1,0,9156515,PCHM
2008-06-26T13:50:12,245968000,VOLENDAM,JUNEAU,58.29861833,-134.4063,315,3.0,0.3,0,9156515,PCHM
2008-06-26T13:50:03,245968000,VOLENDAM,JUNEAU,58.29861667,-134.4063,314,192.5,0.2,0,9156515,PCHM
2008-06-26T13:49:53,245968000,VOLENDAM,JUNEAU,58.29861667,-134.4063,314,277.3,0.1,0,9156515,PCHM
2008-06-26T13:49:42,245968000,VOLENDAM,JUNEAU,58.29861667,-134.4063167,314,230.3,0.1,0,9156515,PCHM
2008-06-26T13:49:33,245968000,VOLENDAM,JUNEAU,58.29861667,-134.406315,314,76.6,0.2,0,9156515,PCHM
2008-06-26T13:49:21,245968000,VOLENDAM,JUNEAU,58.29861667,-134.4063333,314,198.4,0.1,0,9156515,PCHM
2008-06-26T13:49:12,245968000,VOLENDAM,JUNEAU,58.29861667,-134.4063333,314,189.5,0.1,0,9156515,PCHM
2008-06-26T13:49:03,245968000,VOLENDAM,JUNEAU,58.29863333,-134.4063333,315,203.7,0.3,0,9156515,PCHM
2008-06-26T13:48:53,245968000,VOLENDAM,JUNEAU,58.29863333,-134.4063333,315,230.9,0.1,0,9156515,PCHM
2008-06-26T13:48:42,245968000,VOLENDAM,JUNEAU,58.29863333,-134.4063333,315,90.0,0.2,0,9156515,PCHM
2008-06-26T13:48:33,245968000,VOLENDAM,JUNEAU,58.29863333,-134.40635,315,203.6,0.2,0,9156515,PCHM
2008-06-26T13:48:21,245968000,VOLENDAM,JUNEAU,58.29863333,-134.40635,315,36.0,0.1,0,9156515,PCHM
2008-06-26T13:48:12,245968000,VOLENDAM,JUNEAU,58.29863333,-134.4063667,315,212.9,0.0,0,9156515,PCHM
2008-06-26T13:48:03,245968000,VOLENDAM,JUNEAU,58.29863333,-134.4063667,315,222.5,0.1,0,9156515,PCHM
2008-06-26T13:47:53,245968000,VOLENDAM,JUNEAU,58.29865,-134.4063667,315,349.6,0.2,0,9156515,PCHM
2008-06-26T13:47:41,245968000,VOLENDAM,JUNEAU,58.29865,-134.4063667,314,36.6,0.1,0,9156515,PCHM
2008-06-26T13:47:33,245968000,VOLENDAM,JUNEAU,58.29865,-134.4063833,314,228.4,0.0,0,9156515,PCHM
2008-06-26T13:47:21,245968000,VOLENDAM,JUNEAU,58.29865,-134.4063833,314,155.7,0.1,0,9156515,PCHM
2008-06-26T13:47:12,245968000,VOLENDAM,JUNEAU,58.29864833,-134.4063833,314,167.6,0.2,0,9156515,PCHM
2008-06-26T13:47:06,245968000,VOLENDAM,JUNEAU,58.29866667,-134.4064,0,0.0,0.0,0,9156515,PCHM
2008-06-26T13:47:01,245968000,VOLENDAM,JUNEAU,58.29866667,-134.4064,315,171.5,0.2,0,9156515,PCHM
2008-06-26T13:46:53,245968000,VOLENDAM,JUNEAU,58.29866667,-134.4064,315,226.8,0.1,0,9156515,PCHM
2008-06-26T13:46:41,245968000,VOLENDAM,JUNEAU,58.29866667,-134.4064,315,356.5,0.1,0,9156515,PCHM
2008-06-26T13:46:32,245968000,VOLENDAM,JUNEAU,58.29866667,-134.4064,315,320.8,0.2,0,9156515,PCHM
2008-06-26T13:46:21,245968000,VOLENDAM,JUNEAU,58.29866833,-134.4064017,315,334.6,0.4,0,9156515,PCHM
2008-06-26T13:46:12,245968000,VOLENDAM,JUNEAU,58.29866667,-134.4063833,315,310.4,0.1,0,9156515,PCHM
2008-06-26T13:46:01,245968000,VOLENDAM,JUNEAU,58.29868333,-134.4063667,316,340.6,0.2,0,9156515,PCHM
2008-06-26T13:45:53,245968000,VOLENDAM,JUNEAU,58.2987,-134.406315,316,309.3,0.3,0,9156515,PCHM
2008-06-26T13:45:41,245968000,VOLENDAM,JUNEAU,58.2987,-134.4063167,316,331.2,0.1,0,9156515,PCHM
2008-06-26T13:45:32,245968000,VOLENDAM,JUNEAU,58.2987,-134.406285,316,324.1,0.2,0,9156515,PCHM
2008-06-26T13:45:21,245968000,VOLENDAM,JUNEAU,58.29866667,-134.4062833,316,327.0,0.2,0,9156515,PCHM
2008-06-26T13:45:11,245968000,VOLENDAM,JUNEAU,58.29861667,-134.4062833,316,329.8,0.1,0,9156515,PCHM
2008-06-26T13:45:01,245968000,VOLENDAM,JUNEAU,58.29856667,-134.40625,316,333.5,0.1,0,9156515,PCHM
2008-06-26T13:44:53,245968000,VOLENDAM,JUNEAU,58.29855,-134.4062333,316,90.7,0.2,0,9156515,PCHM
2008-06-26T13:44:41,245968000,VOLENDAM,JUNEAU,58.29855,-134.4062333,316,320.8,0.1,0,9156515,PCHM
2008-06-26T13:44:32,245968000,VOLENDAM,JUNEAU,58.29855,-134.4062333,316,351.9,0.1,0,9156515,PCHM
2008-06-26T13:44:21,245968000,VOLENDAM,JUNEAU,58.29855,-134.4062167,316,349.1,0.3,0,9156515,PCHM
2008-06-26T13:44:11,245968000,VOLENDAM,JUNEAU,58.29853333,-134.4062167,316,343.7,0.1,0,9156515,PCHM
2008-06-26T13:44:01,245968000,VOLENDAM,JUNEAU,58.29853333,-134.4062,317,296.5,0.1,0,9156515,PCHM
2008-06-26T13:43:53,245968000,VOLENDAM,JUNEAU,58.29853333,-134.4062,317,4.5,0.1,0,9156515,PCHM
2008-06-26T13:43:41,245968000,VOLENDAM,JUNEAU,58.29851667,-134.4061867,318,330.1,0.4,0,9156515,PCHM
2008-06-26T13:43:32,245968000,VOLENDAM,JUNEAU,58.29851833,-134.406185,319,4.4,0.5,0,9156515,PCHM
2008-06-26T13:43:21,245968000,VOLENDAM,JUNEAU,58.2985,-134.4061667,319,342.0,0.2,0,9156515,PCHM
2008-06-26T13:43:11,245968000,VOLENDAM,JUNEAU,58.2985,-134.4061683,319,332.6,0.2,0,9156515,PCHM
2008-06-26T13:43:01,245968000,VOLENDAM,JUNEAU,58.29848333,-134.4061517,320,324.9,0.1,0,9156515,PCHM
2008-06-26T13:42:53,245968000,VOLENDAM,JUNEAU,58.29848333,-134.4061533,320,322.1,0.3,0,9156515,PCHM
2008-06-26T13:42:43,245968000,VOLENDAM,JUNEAU,58.29848333,-134.4061333,321,324.1,0.0,0,9156515,PCHM
2008-06-26T13:42:32,245968000,VOLENDAM,JUNEAU,58.29846667,-134.4061183,321,329.7,0.3,0,9156515,PCHM
2008-06-26T13:42:22,245968000,VOLENDAM,JUNEAU,58.29845,-134.4061017,321,332.7,0.1,0,9156515,PCHM
2008-06-26T13:42:11,245968000,VOLENDAM,JUNEAU,58.29845167,-134.406085,322,324.6,0.3,0,9156515,PCHM
2008-06-26T13:42:01,245968000,VOLENDAM,JUNEAU,58.29843333,-134.4060683,322,328.4,0.2,0,9156515,PCHM
2008-06-26T13:41:52,245968000,VOLENDAM,JUNEAU,58.298435,-134.40605,322,320.0,0.3,0,9156515,PCHM
2008-06-26T13:41:32,245968000,VOLENDAM,JUNEAU,58.2984,-134.4060017,323,327.1,0.4,0,9156515,PCHM
2008-06-26T13:41:22,245968000,VOLENDAM,JUNEAU,58.2984,-134.4059833,324,334.6,0.2,0,9156515,PCHM
2008-06-26T13:41:11,245968000,VOLENDAM,JUNEAU,58.29838333,-134.4059683,324,328.3,0.5,0,9156515,PCHM
2008-06-26T13:41:09,245968000,VOLENDAM,JUNEAU,58.29836833,-134.40595,0,0.0,0.0,0,9156515,PCHM
2008-06-26T13:41:02,245968000,VOLENDAM,JUNEAU,58.29836833,-134.40595,324,322.6,0.4,0,9156515,PCHM
2008-06-26T13:40:52,245968000,VOLENDAM,JUNEAU,58.29836833,-134.4059167,325,327.3,0.4,0,9156515,PCHM
2008-06-26T13:40:43,245968000,VOLENDAM,JUNEAU,58.29836667,-134.405885,325,323.9,0.4,0,9156515,PCHM
2008-06-26T13:40:32,245968000,VOLENDAM,JUNEAU,58.29835,-134.4058683,325,323.8,0.3,0,9156515,PCHM
2008-06-26T13:40:22,245968000,VOLENDAM,JUNEAU,58.29835,-134.4058183,326,329.1,0.4,0,9156515,PCHM
2008-06-26T13:40:11,245968000,VOLENDAM,JUNEAU,58.29835,-134.4057833,326,329.1,0.5,0,9156515,PCHM
2008-06-26T13:40:02,245968000,VOLENDAM,JUNEAU,58.29831667,-134.4058,326,326.2,0.3,0,9156515,PCHM
2008-06-26T13:39:52,245968000,VOLENDAM,JUNEAU,58.29830167,-134.4057833,326,328.5,0.6,0,9156515,PCHM
2008-06-26T13:39:43,245968000,VOLENDAM,JUNEAU,58.29828333,-134.4057667,326,327.0,0.4,0,9156515,PCHM
2008-06-26T13:39:32,245968000,VOLENDAM,JUNEAU,58.29826667,-134.40575,327,335.2,0.3,0,9156515,PCHM
2008-06-26T13:39:30,245968000,VOLENDAM,JUNEAU,58.287,-134.401333,511,360.0,102.3,15,9156515,PCHM
2008-06-26T13:39:22,245968000,VOLENDAM,JUNEAU,58.29823333,-134.4057667,327,329.0,0.5,0,9156515,PCHM
2008-06-26T13:39:11,245968000,VOLENDAM,JUNEAU,58.29818333,-134.4057833,327,333.8,0.3,0,9156515,PCHM
2008-06-26T13:39:02,245968000,VOLENDAM,JUNEAU,58.29815,-134.4058167,327,327.2,0.4,0,9156515,PCHM
2008-06-26T13:38:52,245968000,VOLENDAM,JUNEAU,58.29813333,-134.4058,327,337.3,0.6,0,9156515,PCHM
2008-06-26T13:38:42,245968000,VOLENDAM,JUNEAU,58.29811667,-134.4057667,327,329.2,0.3,0,9156515,PCHM
2008-06-26T13:38:31,245968000,VOLENDAM,JUNEAU,58.2981,-134.40575,327,335.4,0.6,0,9156515,PCHM
2008-06-26T13:38:22,245968000,VOLENDAM,JUNEAU,58.29808333,-134.4057167,327,326.1,0.4,0,9156515,PCHM
2008-06-26T13:38:11,245968000,VOLENDAM,JUNEAU,58.29806833,-134.4056833,328,334.4,0.3,0,9156515,PCHM
2008-06-26T13:38:02,245968000,VOLENDAM,JUNEAU,58.29806833,-134.4056183,328,325.8,0.5,0,9156515,PCHM
2008-06-26T13:37:51,245968000,VOLENDAM,JUNEAU,58.29806833,-134.40557,328,330.6,0.5,0,9156515,PCHM
2008-06-26T13:37:42,245968000,VOLENDAM,JUNEAU,58.29806833,-134.405535,328,322.6,0.4,0,9156515,PCHM
2008-06-26T13:37:32,245968000,VOLENDAM,JUNEAU,58.29806833,-134.40547,328,325.5,0.4,0,9156515,PCHM
2008-06-26T13:37:22,245968000,VOLENDAM,JUNEAU,58.29805167,-134.405435,328,316.2,0.5,0,9156515,PCHM
2008-06-26T13:37:11,245968000,VOLENDAM,JUNEAU,58.29800167,-134.4054867,328,314.2,0.7,0,9156515,PCHM
2008-06-26T13:37:02,245968000,VOLENDAM,JUNEAU,58.29795167,-134.40552,328,316.5,0.4,0,9156515,PCHM
2008-06-26T13:36:51,245968000,VOLENDAM,JUNEAU,58.297935,-134.4055033,329,316.3,0.5,0,9156515,PCHM
2008-06-26T13:36:42,245968000,VOLENDAM,JUNEAU,58.29791833,-134.4054517,329,318.9,0.6,0,9156515,PCHM
2008-06-26T13:36:31,245968000,VOLENDAM,JUNEAU,58.29791833,-134.4054017,329,319.6,0.6,0,9156515,PCHM
2008-06-26T13:36:22,245968000,VOLENDAM,JUNEAU,58.29791833,-134.4053683,329,322.1,0.5,0,9156515,PCHM
2008-06-26T13:36:11,245968000,VOLENDAM,JUNEAU,58.29791833,-134.40527,329,314.5,0.6,0,9156515,PCHM
2008-06-26T13:36:02,245968000,VOLENDAM,JUNEAU,58.297885,-134.405285,329,318.8,0.7,0,9156515,PCHM
2008-06-26T13:35:51,245968000,VOLENDAM,JUNEAU,58.29786667,-134.4052183,330,311.7,0.5,0,9156515,PCHM
2008-06-26T13:35:42,245968000,VOLENDAM,JUNEAU,58.29786667,-134.4051683,330,320.4,0.4,0,9156515,PCHM
2008-06-26T13:35:31,245968000,VOLENDAM,JUNEAU,58.29786833,-134.4051017,330,312.9,0.7,0,9156515,PCHM
2008-06-26T13:35:22,245968000,VOLENDAM,JUNEAU,58.29788333,-134.4049667,330,327.3,0.5,0,9156515,PCHM
2008-06-26T13:35:11,245968000,VOLENDAM,JUNEAU,58.29785167,-134.404935,330,316.7,0.8,0,9156515,PCHM
2008-06-26T13:35:07,245968000,VOLENDAM,JUNEAU,58.29780167,-134.4049517,0,0.0,0.0,0,9156515,PCHM
2008-06-26T13:35:03,245968000,VOLENDAM,JUNEAU,58.29780167,-134.4049517,331,331.3,0.7,0,9156515,PCHM
2008-06-26T13:34:51,245968000,VOLENDAM,JUNEAU,58.29778333,-134.4049167,331,314.0,0.7,0,9156515,PCHM
2008-06-26T13:34:41,245968000,VOLENDAM,JUNEAU,58.29775,-134.4048667,331,331.4,0.8,0,9156515,PCHM
2008-06-26T13:34:31,245968000,VOLENDAM,JUNEAU,58.29773333,-134.4048333,332,318.6,0.5,0,9156515,PCHM
2008-06-26T13:34:22,245968000,VOLENDAM,JUNEAU,58.2977,-134.4048,332,328.8,0.6,0,9156515,PCHM
2008-06-26T13:34:12,245968000,VOLENDAM,JUNEAU,58.29768333,-134.40475,333,323.7,0.7,0,9156515,PCHM
2008-06-26T13:34:03,245968000,VOLENDAM,JUNEAU,58.29765,-134.4047167,333,329.8,0.8,0,9156515,PCHM
2008-06-26T13:33:51,245968000,VOLENDAM,JUNEAU,58.29761833,-134.40467,334,326.1,0.6,0,9156515,PCHM
2008-06-26T13:33:41,245968000,VOLENDAM,JUNEAU,58.29758667,-134.40462,335,334.6,0.8,0,9156515,PCHM
2008-06-26T13:33:31,245968000,VOLENDAM,JUNEAU,58.29757,-134.4045867,335,333.7,0.9,0,9156515,PCHM
2008-06-26T13:33:22,245968000,VOLENDAM,JUNEAU,58.297535,-134.404555,336,331.0,0.7,0,9156515,PCHM
2008-06-26T13:33:12,245968000,VOLENDAM,JUNEAU,58.29750167,-134.40452,336,337.5,0.8,0,9156515,PCHM
2008-06-26T13:33:03,245968000,VOLENDAM,JUNEAU,58.29745333,-134.4045033,337,334.1,1.1,0,9156515,PCHM
2008-06-26T13:32:51,245968000,VOLENDAM,JUNEAU,58.29740333,-134.4044683,337,337.5,0.9,0,9156515,PCHM
2008-06-26T13:32:41,245968000,VOLENDAM,JUNEAU,58.29735167,-134.4044367,338,337.1,0.9,0,9156515,PCHM
2008-06-26T13:32:31,245968000,VOLENDAM,JUNEAU,58.29728667,-134.4044183,339,341.3,0.9,0,9156515,PCHM
2008-06-26T13:32:22,245968000,VOLENDAM,JUNEAU,58.297235,-134.4043867,339,335.7,0.9,0,9156515,PCHM
2008-06-26T13:32:12,245968000,VOLENDAM,JUNEAU,58.29716833,-134.40432,340,340.5,0.9,0,9156515,PCHM
2008-06-26T13:32:03,245968000,VOLENDAM,JUNEAU,58.29712,-134.40427,341,339.0,0.9,0,9156515,PCHM
2008-06-26T13:31:51,245968000,VOLENDAM,JUNEAU,58.297035,-134.4042017,342,340.7,0.9,0,9156515,PCHM
2008-06-26T13:31:41,245968000,VOLENDAM,JUNEAU,58.29698667,-134.4041683,342,345.4,1.0,0,9156515,PCHM
2008-06-26T13:31:31,245968000,VOLENDAM,JUNEAU,58.29695333,-134.4041517,343,344.5,1.1,0,9156515,PCHM
2008-06-26T13:31:22,245968000,VOLENDAM,JUNEAU,58.296935,-134.4041367,343,342.0,1.2,0,9156515,PCHM
2008-06-26T13:31:12,245968000,VOLENDAM,JUNEAU,58.29686833,-134.4041017,344,346.4,0.9,0,9156515,PCHM
2008-06-26T13:31:03,245968000,VOLENDAM,JUNEAU,58.29681833,-134.4040683,345,345.2,0.8,0,9156515,PCHM
2008-06-26T13:30:52,245968000,VOLENDAM,JUNEAU,58.29676833,-134.4040517,345,343.7,1.1,0,9156515,PCHM
2008-06-26T13:30:41,245968000,VOLENDAM,JUNEAU,58.29670333,-134.4040183,346,349.6,1.3,0,9156515,PCHM
2008-06-26T13:30:32,245968000,VOLENDAM,JUNEAU,58.29665167,-134.403985,347,347.8,1.3,0,9156515,PCHM
2008-06-26T13:30:23,245968000,VOLENDAM,JUNEAU,58.29660167,-134.403935,347,347.9,1.3,0,9156515,PCHM
2008-06-26T13:30:12,245968000,VOLENDAM,JUNEAU,58.29655167,-134.4039167,347,348.5,1.2,0,9156515,PCHM
2008-06-26T13:30:03,245968000,VOLENDAM,JUNEAU,58.29650167,-134.4038667,348,348.3,1.4,0,9156515,PCHM
2008-06-26T13:29:52,245968000,VOLENDAM,JUNEAU,58.29646667,-134.4038167,348,346.9,1.2,0,9156515,PCHM
2008-06-26T13:29:41,245968000,VOLENDAM,JUNEAU,58.2964,-134.4037667,349,349.2,1.5,0,9156515,PCHM
2008-06-26T13:29:32,245968000,VOLENDAM,JUNEAU,58.29633333,-134.4037667,349,351.0,1.4,0,9156515,PCHM
2008-06-26T13:29:23,245968000,VOLENDAM,JUNEAU,58.29626667,-134.40375,350,351.0,1.3,0,9156515,PCHM
2008-06-26T13:29:12,245968000,VOLENDAM,JUNEAU,58.29618333,-134.4037,350,349.9,1.5,0,9156515,PCHM
2008-06-26T13:29:10,245968000,VOLENDAM,JUNEAU,58.29614,-134.403655,0,0.0,0.0,0,9156515,PCHM
2008-06-26T13:29:03,245968000,VOLENDAM,JUNEAU,58.29614,-134.403655,351,350.7,1.6,0,9156515,PCHM
2008-06-26T13:28:52,245968000,VOLENDAM,JUNEAU,58.29607333,-134.4036183,351,351.2,1.4,0,9156515,PCHM
2008-06-26T13:28:41,245968000,VOLENDAM,JUNEAU,58.29599,-134.403585,352,351.6,1.7,0,9156515,PCHM
2008-06-26T13:28:32,245968000,VOLENDAM,JUNEAU,58.29592333,-134.4035683,352,352.2,1.6,0,9156515,PCHM
2008-06-26T13:28:23,245968000,VOLENDAM,JUNEAU,58.29585667,-134.403555,352,351.9,1.7,0,9156515,PCHM
2008-06-26T13:28:12,245968000,VOLENDAM,JUNEAU,58.29577333,-134.403535,353,354.2,1.8,0,9156515,PCHM
2008-06-26T13:28:03,245968000,VOLENDAM,JUNEAU,58.29570667,-134.4035217,353,350.9,1.6,0,9156515,PCHM
2008-06-26T13:27:52,245968000,VOLENDAM,JUNEAU,58.29562333,-134.4035183,353,353.6,1.8,0,9156515,PCHM
2008-06-26T13:27:41,245968000,VOLENDAM,JUNEAU,58.29554,-134.4035183,353,355.4,1.9,0,9156515,PCHM
2008-06-26T13:27:32,245968000,VOLENDAM,JUNEAU,58.29545667,-134.4035,353,354.3,2.0,0,9156515,PCHM
2008-06-26T13:27:23,245968000,VOLENDAM,JUNEAU,58.29538833,-134.403485,354,352.7,1.7,0,9156515,PCHM
2008-06-26T13:27:12,245968000,VOLENDAM,JUNEAU,58.295305,-134.4034833,353,354.6,2.1,0,9156515,PCHM
2008-06-26T13:27:01,245968000,VOLENDAM,JUNEAU,58.295205,-134.4034683,354,352.7,1.9,0,9156515,PCHM
2008-06-26T13:26:52,245968000,VOLENDAM,JUNEAU,58.29512167,-134.40345,354,355.0,2.1,0,9156515,PCHM
2008-06-26T13:26:41,245968000,VOLENDAM,JUNEAU,58.29502167,-134.403435,354,352.6,2.2,0,9156515,PCHM
2008-06-26T13:26:32,245968000,VOLENDAM,JUNEAU,58.29493667,-134.4034167,354,356.0,2.1,0,9156515,PCHM
2008-06-26T13:26:22,245968000,VOLENDAM,JUNEAU,58.29485333,-134.4034017,354,351.7,2.2,0,9156515,PCHM
2008-06-26T13:26:12,245968000,VOLENDAM,JUNEAU,58.29475333,-134.403385,354,357.2,2.2,0,9156515,PCHM
2008-06-26T13:26:01,245968000,VOLENDAM,JUNEAU,58.29463667,-134.4033517,354,351.9,1.9,0,9156515,PCHM
2008-06-26T13:25:52,245968000,VOLENDAM,JUNEAU,58.29455333,-134.4033333,354,357.6,2.2,0,9156515,PCHM
2008-06-26T13:25:41,245968000,VOLENDAM,JUNEAU,58.29443667,-134.4033183,354,351.8,2.4,0,9156515,PCHM
2008-06-26T13:25:32,245968000,VOLENDAM,JUNEAU,58.29432,-134.4032833,355,358.3,2.4,0,9156515,PCHM
2008-06-26T13:25:22,245968000,VOLENDAM,JUNEAU,58.29425167,-134.4032833,355,353.2,2.4,0,9156515,PCHM
2008-06-26T13:25:12,245968000,VOLENDAM,JUNEAU,58.29415167,-134.40325,355,356.3,2.3,0,9156515,PCHM
2008-06-26T13:25:01,245968000,VOLENDAM,JUNEAU,58.294035,-134.40325,356,354.6,2.6,0,9156515,PCHM
2008-06-26T13:24:52,245968000,VOLENDAM,JUNEAU,58.29391667,-134.4032167,356,353.6,2.6,0,9156515,PCHM
2008-06-26T13:24:41,245968000,VOLENDAM,JUNEAU,58.29376167,-134.403185,355,355.6,2.6,0,9156515,PCHM
2008-06-26T13:24:32,245968000,VOLENDAM,JUNEAU,58.29366167,-134.4031833,355,355.7,2.6,0,9156515,PCHM
2008-06-26T13:24:22,245968000,VOLENDAM,JUNEAU,58.29352667,-134.4031683,355,354.7,2.7,0,9156515,PCHM
2008-06-26T13:24:12,245968000,VOLENDAM,JUNEAU,58.293395,-134.403135,355,355.0,3.1,0,9156515,PCHM
2008-06-26T13:24:01,245968000,VOLENDAM,JUNEAU,58.293245,-134.4031183,355,354.7,3.0,0,9156515,PCHM
2008-06-26T13:23:52,245968000,VOLENDAM,JUNEAU,58.29312667,-134.4031033,355,354.9,2.9,0,9156515,PCHM
2008-06-26T13:23:41,245968000,VOLENDAM,JUNEAU,58.29297667,-134.4030683,355,354.1,3.0,0,9156515,PCHM
2008-06-26T13:23:32,245968000,VOLENDAM,JUNEAU,58.29286167,-134.4030517,355,354.6,3.4,0,9156515,PCHM
2008-06-26T13:23:22,245968000,VOLENDAM,JUNEAU,58.29272667,-134.403035,355,354.4,3.1,0,9156515,PCHM
2008-06-26T13:23:13,245968000,VOLENDAM,JUNEAU,58.29259333,-134.4030033,354,353.9,3.2,0,9156515,PCHM
2008-06-26T13:23:06,245968000,VOLENDAM,JUNEAU,58.292425,-134.402985,0,0.0,0.0,0,9156515,PCHM
2008-06-26T13:23:01,245968000,VOLENDAM,JUNEAU,58.292425,-134.402985,354,353.7,3.1,0,9156515,PCHM
2008-06-26T13:22:52,245968000,VOLENDAM,JUNEAU,58.29229333,-134.4029517,354,353.6,3.4,0,9156515,PCHM
2008-06-26T13:22:41,245968000,VOLENDAM,JUNEAU,58.292125,-134.4029183,354,353.7,3.4,0,9156515,PCHM
2008-06-26T13:22:33,245968000,VOLENDAM,JUNEAU,58.29199167,-134.4029033,354,353.4,3.4,0,9156515,PCHM
2008-06-26T13:22:21,245968000,VOLENDAM,JUNEAU,58.291825,-134.4028517,354,353.6,3.5,0,9156515,PCHM
2008-06-26T13:22:13,245968000,VOLENDAM,JUNEAU,58.291675,-134.4028183,354,353.2,3.6,0,9156515,PCHM
2008-06-26T13:22:01,245968000,VOLENDAM,JUNEAU,58.291475,-134.402785,354,353.7,3.5,0,9156515,PCHM
2008-06-26T13:21:52,245968000,VOLENDAM,JUNEAU,58.29130833,-134.402735,354,353.0,3.8,0,9156515,PCHM
2008-06-26T13:21:41,245968000,VOLENDAM,JUNEAU,58.29110667,-134.402685,354,354.3,3.5,0,9156515,PCHM
2008-06-26T13:21:33,245968000,VOLENDAM,JUNEAU,58.29097333,-134.4026517,354,352.6,3.8,0,9156515,PCHM
2008-06-26T13:21:21,245968000,VOLENDAM,JUNEAU,58.29077333,-134.4026017,354,353.4,4.0,0,9156515,PCHM
2008-06-26T13:21:13,245968000,VOLENDAM,JUNEAU,58.29062333,-134.4025683,354,352.8,4.0,0,9156515,PCHM
2008-06-26T13:21:01,245968000,VOLENDAM,JUNEAU,58.29042167,-134.4025183,354,354.5,3.7,0,9156515,PCHM
2008-06-26T13:20:52,245968000,VOLENDAM,JUNEAU,58.290255,-134.402485,354,352.1,4.0,0,9156515,PCHM
2008-06-26T13:20:41,245968000,VOLENDAM,JUNEAU,58.29008833,-134.402435,354,353.3,3.8,0,9156515,PCHM
2008-06-26T13:20:33,245968000,VOLENDAM,JUNEAU,58.28992167,-134.4024017,354,352.9,4.0,0,9156515,PCHM
2008-06-26T13:20:21,245968000,VOLENDAM,JUNEAU,58.28972,-134.40235,354,353.0,4.0,0,9156515,PCHM
2008-06-26T13:20:13,245968000,VOLENDAM,JUNEAU,58.28955333,-134.4023167,354,352.9,4.2,0,9156515,PCHM
2008-06-26T13:20:09,245968000,VOLENDAM,JUNEAU,58.28936833,-134.4022333,0,0.0,0.0,0,9156515,PCHM
2008-06-26T13:20:01,245968000,VOLENDAM,JUNEAU,58.28936833,-134.4022333,354,352.7,4.2,0,9156515,PCHM
2008-06-26T13:19:52,245968000,VOLENDAM,JUNEAU,58.28923333,-134.4022,354,353.9,4.0,0,9156515,PCHM
2008-06-26T13:19:41,245968000,VOLENDAM,JUNEAU,58.289035,-134.402155,354,352.3,4.0,0,9156515,PCHM
2008-06-26T13:19:33,245968000,VOLENDAM,JUNEAU,58.28886667,-134.40212,354,352.4,3.9,0,9156515,PCHM
2008-06-26T13:19:21,245968000,VOLENDAM,JUNEAU,58.28866667,-134.4020733,354,348.3,3.9,0,9156515,PCHM
2008-06-26T13:19:13,245968000,VOLENDAM,JUNEAU,58.288515,-134.40202,354,351.8,3.9,0,9156515,PCHM
2008-06-26T13:19:01,245968000,VOLENDAM,JUNEAU,58.288315,-134.401955,353,349.7,4.0,0,9156515,PCHM
2008-06-26T13:18:52,245968000,VOLENDAM,JUNEAU,58.28813167,-134.401905,352,347.3,4.1,0,9156515,PCHM
2008-06-26T13:18:41,245968000,VOLENDAM,JUNEAU,58.28793,-134.4018367,351,348.8,4.0,0,9156515,PCHM
2008-06-26T13:18:32,245968000,VOLENDAM,JUNEAU,58.28776167,-134.4017867,350,345.7,3.8,0,9156515,PCHM
2008-06-26T13:18:21,245968000,VOLENDAM,JUNEAU,58.287595,-134.4017217,348,343.2,3.8,0,9156515,PCHM
2008-06-26T13:18:13,245968000,VOLENDAM,JUNEAU,58.28742667,-134.4016717,347,342.8,3.9,0,9156515,PCHM
2008-06-26T13:18:01,245968000,VOLENDAM,JUNEAU,58.28724333,-134.4015717,345,341.7,4.0,0,9156515,PCHM
2008-06-26T13:17:52,245968000,VOLENDAM,JUNEAU,58.287075,-134.4014883,343,339.5,3.8,0,9156515,PCHM
2008-06-26T13:17:41,245968000,VOLENDAM,JUNEAU,58.28689167,-134.4013883,341,337.4,4.0,0,9156515,PCHM
2008-06-26T13:17:32,245968000,VOLENDAM,JUNEAU,58.286725,-134.4012883,339,334.3,3.9,0,9156515,PCHM
2008-06-26T13:17:21,245968000,VOLENDAM,JUNEAU,58.28654,-134.401155,337,332.0,4.0,0,9156515,PCHM
2008-06-26T13:17:13,245968000,VOLENDAM,JUNEAU,58.28639,-134.4010383,335,331.0,4.0,0,9156515,PCHM
2008-06-26T13:17:10,245968000,VOLENDAM,JUNEAU,58.28620667,-134.4008883,0,0.0,0.0,0,9156515,PCHM
2008-06-26T13:17:01,245968000,VOLENDAM,JUNEAU,58.28620667,-134.4008883,332,328.1,4.1,0,9156515,PCHM
2008-06-26T13:16:52,245968000,VOLENDAM,JUNEAU,58.286055,-134.4007383,329,326.9,4.1,0,9156515,PCHM
2008-06-26T13:16:42,245968000,VOLENDAM,JUNEAU,58.28587167,-134.400555,327,324.0,4.1,0,9156515,PCHM
2008-06-26T13:16:32,245968000,VOLENDAM,JUNEAU,58.28568833,-134.4003717,325,322.7,4.4,0,9156515,PCHM
2008-06-26T13:16:21,245968000,VOLENDAM,JUNEAU,58.28552,-134.400155,323,320.5,4.0,0,9156515,PCHM
2008-06-26T13:16:13,245968000,VOLENDAM,JUNEAU,58.28538667,-134.3999717,321,319.3,4.2,0,9156515,PCHM
2008-06-26T13:16:01,245968000,VOLENDAM,JUNEAU,58.28522,-134.3997383,319,317.8,4.3,0,9156515,PCHM
2008-06-26T13:15:52,245968000,VOLENDAM,JUNEAU,58.28507,-134.3994867,317,318.8,4.4,0,9156515,PCHM
2008-06-26T13:15:42,245968000,VOLENDAM,JUNEAU,58.28491833,-134.3992533,316,314.3,4.4,0,9156515,PCHM
2008-06-26T13:15:32,245968000,VOLENDAM,JUNEAU,58.284785,-134.39902,314,314.4,4.2,0,9156515,PCHM
2008-06-26T13:15:21,245968000,VOLENDAM,JUNEAU,58.284635,-134.3987183,313,312.7,4.4,0,9156515,PCHM
2008-06-26T13:15:11,245968000,VOLENDAM,JUNEAU,58.2845,-134.398435,312,311.8,4.4,0,9156515,PCHM
2008-06-26T13:15:01,245968000,VOLENDAM,JUNEAU,58.28436667,-134.39815,311,309.0,4.3,0,9156515,PCHM
2008-06-26T13:14:52,245968000,VOLENDAM,JUNEAU,58.28423,-134.3978633,310,309.0,4.5,0,9156515,PCHM
2008-06-26T13:14:42,245968000,VOLENDAM,JUNEAU,58.28409667,-134.3975633,309,307.9,4.5,0,9156515,PCHM
2008-06-26T13:14:32,245968000,VOLENDAM,JUNEAU,58.28398,-134.3972967,309,306.8,4.5,0,9156515,PCHM
2008-06-26T13:14:22,245968000,VOLENDAM,JUNEAU,58.28353667,-134.39636,308,306.5,4.5,0,9156515,PCHM
2008-06-26T13:14:11,245968000,VOLENDAM,JUNEAU,58.283415,-134.3960567,307,305.8,4.5,0,9156515,PCHM
2008-06-26T13:14:01,245968000,VOLENDAM,JUNEAU,58.283285,-134.3957083,306,305.0,4.5,0,9156515,PCHM
2008-06-26T13:13:52,245968000,VOLENDAM,JUNEAU,58.28317333,-134.3953517,305,304.4,4.6,0,9156515,PCHM
2008-06-26T13:13:42,245968000,VOLENDAM,JUNEAU,58.28305333,-134.3950567,304,303.6,4.6,0,9156515,PCHM
2008-06-26T13:13:33,245968000,VOLENDAM,JUNEAU,58.28297667,-134.3947783,303,303.2,4.6,0,9156515,PCHM
2008-06-26T13:13:22,245968000,VOLENDAM,JUNEAU,58.28288167,-134.39441,303,302.7,4.6,0,9156515,PCHM
2008-06-26T13:13:11,245968000,VOLENDAM,JUNEAU,58.28272333,-134.39406,302,302.1,4.6,0,9156515,PCHM
2008-06-26T13:13:01,245968000,VOLENDAM,JUNEAU,58.2826,-134.3936767,302,302.1,4.6,0,9156515,PCHM
2008-06-26T13:12:52,245968000,VOLENDAM,JUNEAU,58.28245667,-134.393325,302,301.9,4.7,0,9156515,PCHM
2008-06-26T13:12:42,245968000,VOLENDAM,JUNEAU,58.28234167,-134.393025,302,301.9,4.7,0,9156515,PCHM
2008-06-26T13:12:33,245968000,VOLENDAM,JUNEAU,58.28224167,-134.3926717,302,302.0,4.7,0,9156515,PCHM
2008-06-26T13:12:22,245968000,VOLENDAM,JUNEAU,58.28211,-134.3923033,302,301.8,4.7,0,9156515,PCHM
2008-06-26T13:12:11,245968000,VOLENDAM,JUNEAU,58.28200833,-134.3919733,302,302.1,4.7,0,9156515,PCHM
2008-06-26T13:12:01,245968000,VOLENDAM,JUNEAU,58.281895,-134.3916217,302,301.9,4.8,0,9156515,PCHM
2008-06-26T13:11:52,245968000,VOLENDAM,JUNEAU,58.281795,-134.3912517,302,302.0,4.8,0,9156515,PCHM
2008-06-26T13:11:42,245968000,VOLENDAM,JUNEAU,58.28172667,-134.3909367,302,301.7,4.8,0,9156515,PCHM
2008-06-26T13:11:33,245968000,VOLENDAM,JUNEAU,58.281615,-134.3906117,302,302.2,4.8,0,9156515,PCHM
2008-06-26T13:11:22,245968000,VOLENDAM,JUNEAU,58.28151833,-134.39022,302,301.7,4.9,0,9156515,PCHM
2008-06-26T13:11:11,245968000,VOLENDAM,JUNEAU,58.28138833,-134.38984,302,302.5,4.9,0,9156515,PCHM
2008-06-26T13:11:06,245968000,VOLENDAM,JUNEAU,58.28125833,-134.38945,0,0.0,0.0,0,9156515,PCHM
2008-06-26T13:11:01,245968000,VOLENDAM,JUNEAU,58.28125833,-134.38945,302,301.8,4.9,0,9156515,PCHM
2008-06-26T13:10:52,245968000,VOLENDAM,JUNEAU,58.28112333,-134.3891117,302,302.6,5.0,0,9156515,PCHM
2008-06-26T13:10:42,245968000,VOLENDAM,JUNEAU,58.28096333,-134.388735,302,301.9,5.0,0,9156515,PCHM
2008-06-26T13:10:33,245968000,VOLENDAM,JUNEAU,58.280835,-134.3883467,302,302.6,5.0,0,9156515,PCHM
2008-06-26T13:10:22,245968000,VOLENDAM,JUNEAU,58.28069,-134.3879567,302,302.1,5.1,0,9156515,PCHM
2008-06-26T13:10:12,245968000,VOLENDAM,JUNEAU,58.280575,-134.3875817,302,302.8,5.1,0,9156515,PCHM
2008-06-26T13:10:01,245968000,VOLENDAM,JUNEAU,58.28046667,-134.3872183,302,302.4,5.2,0,9156515,PCHM
2008-06-26T13:09:52,245968000,VOLENDAM,JUNEAU,58.28036167,-134.3868917,303,303.1,5.2,0,9156515,PCHM
2008-06-26T13:09:42,245968000,VOLENDAM,JUNEAU,58.280225,-134.3865183,303,303.1,5.3,0,9156515,PCHM
2008-06-26T13:09:33,245968000,VOLENDAM,JUNEAU,58.28013333,-134.38617,303,303.6,5.3,0,9156515,PCHM
2008-06-26T13:09:22,245968000,VOLENDAM,JUNEAU,58.27999833,-134.3857467,304,303.8,5.4,0,9156515,PCHM
2008-06-26T13:09:12,245968000,VOLENDAM,JUNEAU,58.27987333,-134.385395,304,303.8,5.5,0,9156515,PCHM
2008-06-26T13:09:01,245968000,VOLENDAM,JUNEAU,58.27971167,-134.3849933,303,304.0,5.5,0,9156515,PCHM
2008-06-26T13:08:52,245968000,VOLENDAM,JUNEAU,58.279525,-134.3845583,303,303.7,5.6,0,9156515,PCHM
2008-06-26T13:08:42,245968000,VOLENDAM,JUNEAU,58.27934167,-134.38407,303,303.8,5.7,0,9156515,PCHM
2008-06-26T13:08:33,245968000,VOLENDAM,JUNEAU,58.279195,-134.3836183,303,303.7,5.7,0,9156515,PCHM
2008-06-26T13:08:22,245968000,VOLENDAM,JUNEAU,58.27906333,-134.3831633,303,303.8,5.8,0,9156515,PCHM
2008-06-26T13:08:12,245968000,VOLENDAM,JUNEAU,58.278935,-134.3827683,303,303.9,5.9,0,9156515,PCHM
2008-06-26T13:08:01,245968000,VOLENDAM,JUNEAU,58.278815,-134.3823667,303,304.1,5.9,0,9156515,PCHM
2008-06-26T13:07:52,245968000,VOLENDAM,JUNEAU,58.27868833,-134.3819933,303,304.5,6.0,0,9156515,PCHM
2008-06-26T13:07:42,245968000,VOLENDAM,JUNEAU,58.27853667,-134.38157,303,304.9,6.0,0,9156515,PCHM
2008-06-26T13:07:33,245968000,VOLENDAM,JUNEAU,58.278375,-134.38116,303,305.3,6.1,0,9156515,PCHM
2008-06-26T13:07:22,245968000,VOLENDAM,JUNEAU,58.27819333,-134.3807017,304,305.4,6.1,0,9156515,PCHM
2008-06-26T13:07:12,245968000,VOLENDAM,JUNEAU,58.27803167,-134.3802667,304,306.6,6.2,0,9156515,PCHM
2008-06-26T13:07:01,245968000,VOLENDAM,JUNEAU,58.27787667,-134.379795,305,307.0,6.3,0,9156515,PCHM
2008-06-26T13:06:52,245968000,VOLENDAM,JUNEAU,58.27771333,-134.3793767,307,308.2,6.4,0,9156515,PCHM
2008-06-26T13:06:42,245968000,VOLENDAM,JUNEAU,58.27753,-134.378935,308,308.8,6.5,0,9156515,PCHM
2008-06-26T13:06:33,245968000,VOLENDAM,JUNEAU,58.27734,-134.3784917,309,310.3,6.6,0,9156515,PCHM
2008-06-26T13:06:22,245968000,VOLENDAM,JUNEAU,58.277135,-134.3780617,310,310.6,6.7,0,9156515,PCHM
2008-06-26T13:06:12,245968000,VOLENDAM,JUNEAU,58.27689833,-134.3775967,311,311.4,6.8,0,9156515,PCHM
2008-06-26T13:06:03,245968000,VOLENDAM,JUNEAU,58.27670667,-134.3772,311,311.7,6.9,0,9156515,PCHM
2008-06-26T13:05:52,245968000,VOLENDAM,JUNEAU,58.27646833,-134.3767383,312,311.7,7.0,0,9156515,PCHM
2008-06-26T13:05:42,245968000,VOLENDAM,JUNEAU,58.27662667,-134.3768067,312,311.3,7.2,0,9156515,PCHM
2008-06-26T13:05:31,245968000,VOLENDAM,JUNEAU,58.276375,-134.37627,312,311.3,7.2,0,9156515,PCHM
2008-06-26T13:05:22,245968000,VOLENDAM,JUNEAU,58.276175,-134.37585,311,311.8,7.3,0,9156515,PCHM
2008-06-26T13:05:11,245968000,VOLENDAM,JUNEAU,58.27594167,-134.3753167,311,312.5,7.5,0,9156515,PCHM
2008-06-26T13:05:07,245968000,VOLENDAM,JUNEAU,58.27574167,-134.3749317,0,0.0,0.0,0,9156515,PCHM
2008-06-26T13:05:03,245968000,VOLENDAM,JUNEAU,58.27574167,-134.3749317,311,313.4,7.7,0,9156515,PCHM
2008-06-26T13:04:52,245968000,VOLENDAM,JUNEAU,58.27550667,-134.37443,311,314.8,7.9,0,9156515,PCHM
2008-06-26T13:04:42,245968000,VOLENDAM,JUNEAU,58.27525667,-134.3739467,311,318.2,8.1,0,9156515,PCHM
2008-06-26T13:04:31,245968000,VOLENDAM,JUNEAU,58.27493833,-134.3734117,311,313.3,8.1,0,9156515,PCHM
2008-06-26T13:04:22,245968000,VOLENDAM,JUNEAU,58.27467,-134.3729083,311,310.9,7.9,0,9156515,PCHM
2008-06-26T13:04:11,245968000,VOLENDAM,JUNEAU,58.27442,-134.3723067,312,313.4,8.2,0,9156515,PCHM
2008-06-26T13:04:03,245968000,VOLENDAM,JUNEAU,58.27420333,-134.37189,312,312.9,8.2,0,9156515,PCHM
2008-06-26T13:03:52,245968000,VOLENDAM,JUNEAU,58.27395167,-134.37137,312,311.4,8.2,0,9156515,PCHM
2008-06-26T13:03:42,245968000,VOLENDAM,JUNEAU,58.27366667,-134.3707667,312,310.8,8.4,0,9156515,PCHM
2008-06-26T13:03:31,245968000,VOLENDAM,JUNEAU,58.27338333,-134.3701667,312,314.1,8.7,0,9156515,PCHM
2008-06-26T13:03:22,245968000,VOLENDAM,JUNEAU,58.27314333,-134.3696717,312,312.1,8.7,0,9156515,PCHM
2008-06-26T13:03:11,245968000,VOLENDAM,JUNEAU,58.27284167,-134.3690533,312,312.0,8.9,0,9156515,PCHM
2008-06-26T13:03:03,245968000,VOLENDAM,JUNEAU,58.27264,-134.3686017,312,311.5,8.8,0,9156515,PCHM
2008-06-26T13:02:52,245968000,VOLENDAM,JUNEAU,58.27234,-134.3679667,312,311.8,9.0,0,9156515,PCHM
2008-06-26T13:02:42,245968000,VOLENDAM,JUNEAU,58.272055,-134.367395,312,311.6,8.8,0,9156515,PCHM
2008-06-26T13:02:31,245968000,VOLENDAM,JUNEAU,58.27178667,-134.36681,312,312.3,9.0,0,9156515,PCHM
2008-06-26T13:02:22,245968000,VOLENDAM,JUNEAU,58.271535,-134.3662717,312,311.5,9.0,0,9156515,PCHM
2008-06-26T13:02:11,245968000,VOLENDAM,JUNEAU,58.27121833,-134.36562,312,311.9,9.3,0,9156515,PCHM
2008-06-26T13:02:03,245968000,VOLENDAM,JUNEAU,58.27096667,-134.365085,312,312.6,9.3,0,9156515,PCHM
2008-06-26T13:01:52,245968000,VOLENDAM,JUNEAU,58.27064833,-134.364415,312,311.9,9.5,0,9156515,PCHM
2008-06-26T13:01:42,245968000,VOLENDAM,JUNEAU,58.27036333,-134.363795,312,312.8,9.6,0,9156515,PCHM
2008-06-26T13:01:31,245968000,VOLENDAM,JUNEAU,58.27004667,-134.36311,312,312.1,9.6,0,9156515,PCHM
2008-06-26T13:01:22,245968000,VOLENDAM,JUNEAU,58.26981167,-134.3625417,312,311.1,9.5,0,9156515,PCHM
2008-06-26T13:01:11,245968000,VOLENDAM,JUNEAU,58.26949333,-134.3618383,312,311.9,9.8,0,9156515,PCHM
2008-06-26T13:01:02,245968000,VOLENDAM,JUNEAU,58.26922667,-134.3612717,312,312.7,9.6,0,9156515,PCHM
2008-06-26T13:00:52,245968000,VOLENDAM,JUNEAU,58.268925,-134.3606333,312,311.8,9.7,0,9156515,PCHM
2008-06-26T13:00:43,245968000,VOLENDAM,JUNEAU,58.26865667,-134.360065,312,311.6,9.8,0,9156515,PCHM
2008-06-26T13:00:31,245968000,VOLENDAM,JUNEAU,58.26828833,-134.3593117,312,310.9,9.7,0,9156515,PCHM
2008-06-26T13:00:22,245968000,VOLENDAM,JUNEAU,58.26802167,-134.358745,312,310.7,9.9,0,9156515,PCHM
2008-06-26T13:00:11,245968000,VOLENDAM,JUNEAU,58.26768667,-134.3580417,312,311.6,9.6,0,9156515,PCHM
2008-06-26T13:00:02,245968000,VOLENDAM,JUNEAU,58.26742,-134.3574717,312,313.1,10.0,0,9156515,PCHM
2008-06-26T12:59:52,245968000,VOLENDAM,JUNEAU,58.26711833,-134.3568367,312,311.0,9.6,0,9156515,PCHM
2008-06-26T12:59:43,245968000,VOLENDAM,JUNEAU,58.26685167,-134.3562517,312,312.1,9.7,0,9156515,PCHM
2008-06-26T12:59:31,245968000,VOLENDAM,JUNEAU,58.26653,-134.3555617,312,312.0,9.7,0,9156515,PCHM
2008-06-26T12:59:22,245968000,VOLENDAM,JUNEAU,58.26622833,-134.354925,312,312.6,9.8,0,9156515,PCHM
2008-06-26T12:59:11,245968000,VOLENDAM,JUNEAU,58.265895,-134.3542367,312,315.6,10.1,0,9156515,PCHM
2008-06-26T12:59:09,245968000,VOLENDAM,JUNEAU,58.265575,-134.3536883,0,0.0,0.0,0,9156515,PCHM
2008-06-26T12:59:02,245968000,VOLENDAM,JUNEAU,58.265575,-134.3536883,312,310.3,9.8,0,9156515,PCHM
2008-06-26T12:58:52,245968000,VOLENDAM,JUNEAU,58.26529167,-134.3530517,312,312.5,9.8,0,9156515,PCHM
2008-06-26T12:58:43,245968000,VOLENDAM,JUNEAU,58.265005,-134.3524967,312,310.8,9.6,0,9156515,PCHM
2008-06-26T12:58:31,245968000,VOLENDAM,JUNEAU,58.26463667,-134.3517283,312,311.5,9.6,0,9156515,PCHM
2008-06-26T12:58:22,245968000,VOLENDAM,JUNEAU,58.26437,-134.3511567,312,313.1,9.6,0,9156515,PCHM
2008-06-26T12:58:11,245968000,VOLENDAM,JUNEAU,58.264085,-134.3505383,313,312.9,9.7,0,9156515,PCHM
2008-06-26T12:58:02,245968000,VOLENDAM,JUNEAU,58.26376667,-134.3499183,313,312.4,9.6,0,9156515,PCHM
2008-06-26T12:57:52,245968000,VOLENDAM,JUNEAU,58.263465,-134.3492817,313,313.8,9.7,0,9156515,PCHM
2008-06-26T12:57:43,245968000,VOLENDAM,JUNEAU,58.26318167,-134.34873,313,314.0,9.9,0,9156515,PCHM
2008-06-26T12:57:31,245968000,VOLENDAM,JUNEAU,58.26284667,-134.3480433,313,313.5,9.7,0,9156515,PCHM
2008-06-26T12:57:22,245968000,VOLENDAM,JUNEAU,58.262545,-134.3474083,313,312.4,9.6,0,9156515,PCHM
2008-06-26T12:57:11,245968000,VOLENDAM,JUNEAU,58.262245,-134.34679,313,312.4,9.7,0,9156515,PCHM
2008-06-26T12:57:02,245968000,VOLENDAM,JUNEAU,58.26194333,-134.34617,313,311.8,9.7,0,9156515,PCHM
2008-06-26T12:56:52,245968000,VOLENDAM,JUNEAU,58.261625,-134.3455333,313,313.5,9.7,0,9156515,PCHM
2008-06-26T12:56:43,245968000,VOLENDAM,JUNEAU,58.261325,-134.3449167,313,312.9,9.7,0,9156515,PCHM
2008-06-26T12:56:31,245968000,VOLENDAM,JUNEAU,58.26099,-134.34423,313,311.9,9.6,0,9156515,PCHM
2008-06-26T12:56:22,245968000,VOLENDAM,JUNEAU,58.26074,-134.34373,313,312.3,9.8,0,9156515,PCHM
2008-06-26T12:56:11,245968000,VOLENDAM,JUNEAU,58.26037167,-134.3429767,313,313.6,9.9,0,9156515,PCHM
2008-06-26T12:56:02,245968000,VOLENDAM,JUNEAU,58.26010333,-134.3424083,313,313.4,9.9,0,9156515,PCHM
2008-06-26T12:55:52,245968000,VOLENDAM,JUNEAU,58.25978667,-134.3417567,313,313.3,9.8,0,9156515,PCHM
2008-06-26T12:55:41,245968000,VOLENDAM,JUNEAU,58.25945167,-134.34107,313,312.8,10.0,0,9156515,PCHM
2008-06-26T12:55:31,245968000,VOLENDAM,JUNEAU,58.259165,-134.340495,313,313.7,9.8,0,9156515,PCHM
2008-06-26T12:55:22,245968000,VOLENDAM,JUNEAU,58.25888,-134.3399133,313,312.7,10.1,0,9156515,PCHM
2008-06-26T12:55:11,245968000,VOLENDAM,JUNEAU,58.25854667,-134.33921,313,312.2,10.0,0,9156515,PCHM
2008-06-26T12:55:02,245968000,VOLENDAM,JUNEAU,58.25823,-134.3385767,313,313.1,10.1,0,9156515,PCHM
2008-06-26T12:54:51,245968000,VOLENDAM,JUNEAU,58.25791333,-134.3379283,313,312.2,10.2,0,9156515,PCHM
2008-06-26T12:54:41,245968000,VOLENDAM,JUNEAU,58.257595,-134.3372733,313,313.4,10.4,0,9156515,PCHM
2008-06-26T12:54:31,245968000,VOLENDAM,JUNEAU,58.25727667,-134.3366233,313,312.9,10.4,0,9156515,PCHM
2008-06-26T12:54:22,245968000,VOLENDAM,JUNEAU,58.25696,-134.3359717,314,314.2,10.2,0,9156515,PCHM
2008-06-26T12:54:13,245968000,VOLENDAM,JUNEAU,58.25666,-134.33537,314,314.7,10.4,0,9156515,PCHM
2008-06-26T12:54:01,245968000,VOLENDAM,JUNEAU,58.25627667,-134.334585,315,315.6,10.6,0,9156515,PCHM
2008-06-26T12:53:51,245968000,VOLENDAM,JUNEAU,58.255925,-134.3339483,316,315.0,10.5,0,9156515,PCHM
2008-06-26T12:53:41,245968000,VOLENDAM,JUNEAU,58.25559167,-134.333295,316,315.9,10.7,0,9156515,PCHM
2008-06-26T12:53:31,245968000,VOLENDAM,JUNEAU,58.25527333,-134.3327083,316,315.4,10.5,0,9156515,PCHM
2008-06-26T12:53:22,245968000,VOLENDAM,JUNEAU,58.254955,-134.33214,316,315.2,10.4,0,9156515,PCHM
2008-06-26T12:53:13,245968000,VOLENDAM,JUNEAU,58.254605,-134.3314717,316,315.9,10.5,0,9156515,PCHM
2008-06-26T12:53:08,245968000,VOLENDAM,JUNEAU,58.25418667,-134.330685,0,0.0,0.0,0,9156515,PCHM
2008-06-26T12:53:01,245968000,VOLENDAM,JUNEAU,58.25418667,-134.330685,316,316.5,10.9,0,9156515,PCHM
2008-06-26T12:52:51,245968000,VOLENDAM,JUNEAU,58.25385167,-134.330085,316,315.6,10.9,0,9156515,PCHM
2008-06-26T12:52:41,245968000,VOLENDAM,JUNEAU,58.25350167,-134.3294167,316,316.0,10.7,0,9156515,PCHM
2008-06-26T12:52:33,245968000,VOLENDAM,JUNEAU,58.25318333,-134.3288283,316,316.2,10.9,0,9156515,PCHM
2008-06-26T12:52:22,245968000,VOLENDAM,JUNEAU,58.25283167,-134.3281767,316,316.4,10.8,0,9156515,PCHM
2008-06-26T12:52:13,245968000,VOLENDAM,JUNEAU,58.25246167,-134.327505,316,316.4,10.9,0,9156515,PCHM
2008-06-26T12:52:01,245968000,VOLENDAM,JUNEAU,58.25206,-134.3267867,316,315.7,10.8,0,9156515,PCHM
2008-06-26T12:51:51,245968000,VOLENDAM,JUNEAU,58.25166167,-134.326055,316,315.3,10.8,0,9156515,PCHM
2008-06-26T12:51:41,245968000,VOLENDAM,JUNEAU,58.25131,-134.3253833,316,316.3,10.9,0,9156515,PCHM
2008-06-26T12:51:33,245968000,VOLENDAM,JUNEAU,58.25099167,-134.3247983,316,316.5,11.0,0,9156515,PCHM
2008-06-26T12:51:22,245968000,VOLENDAM,JUNEAU,58.250625,-134.3241317,316,316.6,10.7,0,9156515,PCHM
2008-06-26T12:51:13,245968000,VOLENDAM,JUNEAU,58.25029,-134.323545,316,316.6,10.9,0,9156515,PCHM
2008-06-26T12:51:01,245968000,VOLENDAM,JUNEAU,58.249855,-134.3227433,316,316.5,10.8,0,9156515,PCHM
2008-06-26T12:50:51,245968000,VOLENDAM,JUNEAU,58.24953833,-134.32216,316,316.2,10.9,0,9156515,PCHM
2008-06-26T12:50:41,245968000,VOLENDAM,JUNEAU,58.24917,-134.32149,316,317.0,10.7,0,9156515,PCHM
2008-06-26T12:50:33,245968000,VOLENDAM,JUNEAU,58.24883333,-134.3208833,316,316.7,10.9,0,9156515,PCHM
2008-06-26T12:50:22,245968000,VOLENDAM,JUNEAU,58.248435,-134.3201483,316,316.0,10.9,0,9156515,PCHM
2008-06-26T12:50:13,245968000,VOLENDAM,JUNEAU,58.24811833,-134.319565,316,316.1,11.0,0,9156515,PCHM
2008-06-26T12:50:01,245968000,VOLENDAM,JUNEAU,58.247685,-134.3187617,316,316.9,10.9,0,9156515,PCHM
2008-06-26T12:49:51,245968000,VOLENDAM,JUNEAU,58.24735,-134.3181617,316,315.9,11.3,0,9156515,PCHM
2008-06-26T12:49:41,245968000,VOLENDAM,JUNEAU,58.24699833,-134.3175067,316,315.9,10.9,0,9156515,PCHM
2008-06-26T12:49:33,245968000,VOLENDAM,JUNEAU,58.246665,-134.3169083,316,316.2,11.2,0,9156515,PCHM
2008-06-26T12:49:22,245968000,VOLENDAM,JUNEAU,58.24626333,-134.3161883,316,315.6,10.8,0,9156515,PCHM
2008-06-26T12:49:12,245968000,VOLENDAM,JUNEAU,58.24591333,-134.31552,316,317.1,11.0,0,9156515,PCHM
2008-06-26T12:49:01,245968000,VOLENDAM,JUNEAU,58.24551167,-134.3148017,316,316.5,11.1,0,9156515,PCHM
2008-06-26T12:48:52,245968000,VOLENDAM,JUNEAU,58.24517667,-134.3141983,316,316.7,10.8,0,9156515,PCHM
2008-06-26T12:48:41,245968000,VOLENDAM,JUNEAU,58.24479167,-134.313545,316,315.8,10.9,0,9156515,PCHM
2008-06-26T12:48:33,245968000,VOLENDAM,JUNEAU,58.24447333,-134.31296,316,316.1,11.0,0,9156515,PCHM
2008-06-26T12:48:22,245968000,VOLENDAM,JUNEAU,58.24407167,-134.3122233,316,316.4,11.1,0,9156515,PCHM
2008-06-26T12:48:12,245968000,VOLENDAM,JUNEAU,58.24370333,-134.31157,316,315.9,10.8,0,9156515,PCHM
2008-06-26T12:48:01,245968000,VOLENDAM,JUNEAU,58.24330167,-134.3108333,316,316.1,11.0,0,9156515,PCHM
2008-06-26T12:47:52,245968000,VOLENDAM,JUNEAU,58.24300167,-134.3103,316,315.6,11.0,0,9156515,PCHM
2008-06-26T12:47:41,245968000,VOLENDAM,JUNEAU,58.2426,-134.3095783,316,316.8,11.0,0,9156515,PCHM
2008-06-26T12:47:32,245968000,VOLENDAM,JUNEAU,58.24223167,-134.30891,316,316.5,11.0,0,9156515,PCHM
2008-06-26T12:47:22,245968000,VOLENDAM,JUNEAU,58.24189667,-134.3083233,316,316.1,11.0,0,9156515,PCHM
2008-06-26T12:47:12,245968000,VOLENDAM,JUNEAU,58.24152833,-134.3076533,316,315.8,10.9,0,9156515,PCHM
2008-06-26T12:47:08,245968000,VOLENDAM,JUNEAU,58.24112667,-134.306935,0,0.0,0.0,0,9156515,PCHM
2008-06-26T12:47:01,245968000,VOLENDAM,JUNEAU,58.24112667,-134.306935,316,316.3,11.0,0,9156515,PCHM
2008-06-26T12:46:52,245968000,VOLENDAM,JUNEAU,58.24076,-134.3062683,316,316.3,11.1,0,9156515,PCHM
2008-06-26T12:46:41,245968000,VOLENDAM,JUNEAU,58.24035667,-134.30553,316,316.1,11.1,0,9156515,PCHM
2008-06-26T12:46:32,245968000,VOLENDAM,JUNEAU,58.240025,-134.30493,316,316.2,11.1,0,9156515,PCHM
2008-06-26T12:46:22,245968000,VOLENDAM,JUNEAU,58.23965667,-134.3042617,316,315.6,11.1,0,9156515,PCHM
2008-06-26T12:46:12,245968000,VOLENDAM,JUNEAU,58.23929,-134.303595,316,316.3,11.3,0,9156515,PCHM
2008-06-26T12:46:01,245968000,VOLENDAM,JUNEAU,58.23892167,-134.3029267,316,316.2,11.1,0,9156515,PCHM
2008-06-26T12:45:52,245968000,VOLENDAM,JUNEAU,58.23855333,-134.3022567,316,315.6,11.0,0,9156515,PCHM
2008-06-26T12:45:41,245968000,VOLENDAM,JUNEAU,58.23818667,-134.3015717,316,315.9,11.2,0,9156515,PCHM
2008-06-26T12:45:32,245968000,VOLENDAM,JUNEAU,58.23781833,-134.3009033,316,316.1,11.2,0,9156515,PCHM
2008-06-26T12:45:22,245968000,VOLENDAM,JUNEAU,58.23745333,-134.300235,316,315.9,11.2,0,9156515,PCHM
2008-06-26T12:45:12,245968000,VOLENDAM,JUNEAU,58.23711833,-134.2996133,316,315.9,11.0,0,9156515,PCHM
2008-06-26T12:45:01,245968000,VOLENDAM,JUNEAU,58.23671833,-134.2988783,316,316.3,11.3,0,9156515,PCHM
2008-06-26T12:44:52,245968000,VOLENDAM,JUNEAU,58.23638167,-134.2982583,316,315.7,11.2,0,9156515,PCHM
2008-06-26T12:44:41,245968000,VOLENDAM,JUNEAU,58.23596167,-134.29752,316,315.6,11.1,0,9156515,PCHM
2008-06-26T12:44:32,245968000,VOLENDAM,JUNEAU,58.23562833,-134.2969017,316,317.1,11.2,0,9156515,PCHM
2008-06-26T12:44:22,245968000,VOLENDAM,JUNEAU,58.23522667,-134.2961667,316,315.8,11.2,0,9156515,PCHM
2008-06-26T12:44:12,245968000,VOLENDAM,JUNEAU,58.23484167,-134.295495,316,316.9,11.3,0,9156515,PCHM
2008-06-26T12:44:01,245968000,VOLENDAM,JUNEAU,58.23442333,-134.2947417,316,316.6,11.1,0,9156515,PCHM
2008-06-26T12:43:52,245968000,VOLENDAM,JUNEAU,58.23409,-134.29414,316,317.1,11.3,0,9156515,PCHM
2008-06-26T12:43:41,245968000,VOLENDAM,JUNEAU,58.23372167,-134.2934733,316,316.1,11.2,0,9156515,PCHM
2008-06-26T12:43:32,245968000,VOLENDAM,JUNEAU,58.23333833,-134.2927883,316,316.4,11.2,0,9156515,PCHM
2008-06-26T12:43:22,245968000,VOLENDAM,JUNEAU,58.23297,-134.2921033,316,316.2,11.1,0,9156515,PCHM
2008-06-26T12:43:12,245968000,VOLENDAM,JUNEAU,58.23258667,-134.2914183,316,316.5,11.2,0,9156515,PCHM
2008-06-26T12:43:01,245968000,VOLENDAM,JUNEAU,58.23221833,-134.29075,316,315.7,11.1,0,9156515,PCHM
2008-06-26T12:42:52,245968000,VOLENDAM,JUNEAU,58.231885,-134.2901333,316,316.0,11.3,0,9156515,PCHM
2008-06-26T12:42:41,245968000,VOLENDAM,JUNEAU,58.23146833,-134.2893833,316,315.6,11.3,0,9156515,PCHM
2008-06-26T12:42:32,245968000,VOLENDAM,JUNEAU,58.23109833,-134.2887117,316,315.9,11.2,0,9156515,PCHM
2008-06-26T12:42:22,245968000,VOLENDAM,JUNEAU,58.23076333,-134.2880917,316,316.0,11.4,0,9156515,PCHM
2008-06-26T12:42:12,245968000,VOLENDAM,JUNEAU,58.23036333,-134.28734,316,315.3,11.2,0,9156515,PCHM
2008-06-26T12:42:01,245968000,VOLENDAM,JUNEAU,58.229995,-134.2866733,316,315.6,11.2,0,9156515,PCHM
2008-06-26T12:41:52,245968000,VOLENDAM,JUNEAU,58.22962667,-134.285985,316,316.7,11.2,0,9156515,PCHM
2008-06-26T12:41:41,245968000,VOLENDAM,JUNEAU,58.22921,-134.2852367,316,315.8,11.3,0,9156515,PCHM
2008-06-26T12:41:32,245968000,VOLENDAM,JUNEAU,58.22887667,-134.284635,316,316.5,11.3,0,9156515,PCHM
2008-06-26T12:41:21,245968000,VOLENDAM,JUNEAU,58.228475,-134.2838983,316,316.0,11.1,0,9156515,PCHM
2008-06-26T12:41:12,245968000,VOLENDAM,JUNEAU,58.22814,-134.2832783,316,315.6,11.2,0,9156515,PCHM
2008-06-26T12:41:08,245968000,VOLENDAM,JUNEAU,58.227805,-134.28266,0,0.0,0.0,0,9156515,PCHM
2008-06-26T12:41:02,245968000,VOLENDAM,JUNEAU,58.227805,-134.28266,316,316.7,11.1,0,9156515,PCHM
2008-06-26T12:40:52,245968000,VOLENDAM,JUNEAU,58.22743667,-134.2819917,316,315.6,11.1,0,9156515,PCHM
2008-06-26T12:40:41,245968000,VOLENDAM,JUNEAU,58.22703667,-134.28124,316,315.4,11.0,0,9156515,PCHM
2008-06-26T12:40:32,245968000,VOLENDAM,JUNEAU,58.22667,-134.2805567,316,316.7,11.2,0,9156515,PCHM
2008-06-26T12:40:21,245968000,VOLENDAM,JUNEAU,58.22625333,-134.2798067,316,315.5,11.1,0,9156515,PCHM
2008-06-26T12:40:12,245968000,VOLENDAM,JUNEAU,58.225935,-134.2792033,316,315.4,10.9,0,9156515,PCHM
2008-06-26T12:40:02,245968000,VOLENDAM,JUNEAU,58.2256,-134.2786,316,316.0,11.1,0,9156515,PCHM
2008-06-26T12:39:52,245968000,VOLENDAM,JUNEAU,58.22518667,-134.2778333,316,316.3,11.2,0,9156515,PCHM
2008-06-26T12:39:43,245968000,VOLENDAM,JUNEAU,58.22487,-134.2772333,316,315.8,11.2,0,9156515,PCHM
2008-06-26T12:39:31,245968000,VOLENDAM,JUNEAU,58.22441667,-134.2764283,316,316.4,11.1,0,9156515,PCHM
2008-06-26T12:39:21,245968000,VOLENDAM,JUNEAU,58.22405167,-134.2757617,316,316.5,11.1,0,9156515,PCHM
2008-06-26T12:39:12,245968000,VOLENDAM,JUNEAU,58.22373167,-134.27516,316,315.9,11.0,0,9156515,PCHM
2008-06-26T12:39:02,245968000,VOLENDAM,JUNEAU,58.223365,-134.2744917,316,316.0,11.1,0,9156515,PCHM
2008-06-26T12:38:52,245968000,VOLENDAM,JUNEAU,58.22299667,-134.273835,316,317.8,11.1,0,9156515,PCHM
2008-06-26T12:38:43,245968000,VOLENDAM,JUNEAU,58.22266167,-134.2732333,316,316.8,10.9,0,9156515,PCHM
2008-06-26T12:38:31,245968000,VOLENDAM,JUNEAU,58.22222667,-134.2724483,317,317.2,10.9,0,9156515,PCHM
2008-06-26T12:38:21,245968000,VOLENDAM,JUNEAU,58.22186,-134.2717967,317,316.8,11.0,0,9156515,PCHM
2008-06-26T12:38:12,245968000,VOLENDAM,JUNEAU,58.221525,-134.271195,317,316.7,10.9,0,9156515,PCHM
2008-06-26T12:38:02,245968000,VOLENDAM,JUNEAU,58.22119,-134.2706083,317,316.4,11.0,0,9156515,PCHM
2008-06-26T12:37:52,245968000,VOLENDAM,JUNEAU,58.22078833,-134.26989,316,315.7,10.8,0,9156515,PCHM
2008-06-26T12:37:43,245968000,VOLENDAM,JUNEAU,58.22047167,-134.269305,316,316.7,10.9,0,9156515,PCHM
2008-06-26T12:37:31,245968000,VOLENDAM,JUNEAU,58.22007,-134.2685867,316,315.9,10.6,0,9156515,PCHM
2008-06-26T12:37:21,245968000,VOLENDAM,JUNEAU,58.21970167,-134.267935,317,316.4,10.6,0,9156515,PCHM
2008-06-26T12:37:12,245968000,VOLENDAM,JUNEAU,58.21935167,-134.2673,317,316.4,10.8,0,9156515,PCHM
2008-06-26T12:37:02,245968000,VOLENDAM,JUNEAU,58.21901833,-134.266715,316,316.7,10.5,0,9156515,PCHM
2008-06-26T12:36:52,245968000,VOLENDAM,JUNEAU,58.2186,-134.2659467,316,316.6,10.4,0,9156515,PCHM
2008-06-26T12:36:43,245968000,VOLENDAM,JUNEAU,58.21826667,-134.26538,316,316.6,10.6,0,9156515,PCHM
2008-06-26T12:36:31,245968000,VOLENDAM,JUNEAU,58.21788167,-134.2646767,316,315.9,10.4,0,9156515,PCHM
2008-06-26T12:36:21,245968000,VOLENDAM,JUNEAU,58.21753,-134.2640583,316,316.4,10.4,0,9156515,PCHM
2008-06-26T12:36:12,245968000,VOLENDAM,JUNEAU,58.21721167,-134.2634883,316,316.9,10.4,0,9156515,PCHM
2008-06-26T12:36:02,245968000,VOLENDAM,JUNEAU,58.216845,-134.262855,316,317.1,10.5,0,9156515,PCHM
2008-06-26T12:35:52,245968000,VOLENDAM,JUNEAU,58.216495,-134.2622367,316,317.6,10.5,0,9156515,PCHM
2008-06-26T12:35:43,245968000,VOLENDAM,JUNEAU,58.21617667,-134.2616683,316,316.5,10.4,0,9156515,PCHM
2008-06-26T12:35:31,245968000,VOLENDAM,JUNEAU,58.21576,-134.2609167,316,317.9,10.6,0,9156515,PCHM
2008-06-26T12:35:21,245968000,VOLENDAM,JUNEAU,58.21539333,-134.2603,316,317.3,10.6,0,9156515,PCHM
2008-06-26T12:35:12,245968000,VOLENDAM,JUNEAU,58.21507333,-134.25973,316,316.9,10.5,0,9156515,PCHM
2008-06-26T12:35:08,245968000,VOLENDAM,JUNEAU,58.21475833,-134.2591633,0,0.0,0.0,0,9156515,PCHM
2008-06-26T12:35:02,245968000,VOLENDAM,JUNEAU,58.21475833,-134.2591633,316,316.7,10.5,0,9156515,PCHM
2008-06-26T12:34:52,245968000,VOLENDAM,JUNEAU,58.21440667,-134.258545,316,316.5,10.5,0,9156515,PCHM
2008-06-26T12:34:43,245968000,VOLENDAM,JUNEAU,58.214055,-134.2579083,316,316.3,10.4,0,9156515,PCHM
2008-06-26T12:34:31,245968000,VOLENDAM,JUNEAU,58.21362167,-134.25716,316,316.1,10.4,0,9156515,PCHM
2008-06-26T12:34:21,245968000,VOLENDAM,JUNEAU,58.21327167,-134.2565417,316,316.4,10.4,0,9156515,PCHM
2008-06-26T12:34:11,245968000,VOLENDAM,JUNEAU,58.21291833,-134.2559017,316,317.2,10.6,0,9156515,PCHM
2008-06-26T12:34:02,245968000,VOLENDAM,JUNEAU,58.21260167,-134.25533,316,316.8,10.6,0,9156515,PCHM
2008-06-26T12:33:52,245968000,VOLENDAM,JUNEAU,58.21223667,-134.25468,316,317.2,10.9,0,9156515,PCHM
2008-06-26T12:33:42,245968000,VOLENDAM,JUNEAU,58.21191667,-134.2541133,316,316.0,10.8,0,9156515,PCHM
2008-06-26T12:33:31,245968000,VOLENDAM,JUNEAU,58.21148333,-134.253325,316,316.4,10.8,0,9156515,PCHM
2008-06-26T12:33:21,245968000,VOLENDAM,JUNEAU,58.211115,-134.25269,316,316.3,10.6,0,9156515,PCHM
2008-06-26T12:33:11,245968000,VOLENDAM,JUNEAU,58.210745,-134.2520333,316,316.9,10.7,0,9156515,PCHM
2008-06-26T12:33:01,245968000,VOLENDAM,JUNEAU,58.21042833,-134.2514667,316,316.3,10.7,0,9156515,PCHM
2008-06-26T12:32:53,245968000,VOLENDAM,JUNEAU,58.21011,-134.2508817,316,317.1,10.6,0,9156515,PCHM
2008-06-26T12:32:41,245968000,VOLENDAM,JUNEAU,58.209675,-134.2501283,316,316.1,10.6,0,9156515,PCHM
2008-06-26T12:32:31,245968000,VOLENDAM,JUNEAU,58.20935833,-134.2495417,316,318.0,10.8,0,9156515,PCHM
2008-06-26T12:32:21,245968000,VOLENDAM,JUNEAU,58.20898833,-134.2489233,316,316.3,10.7,0,9156515,PCHM
2008-06-26T12:32:11,245968000,VOLENDAM,JUNEAU,58.20863833,-134.2482867,316,317.9,10.7,0,9156515,PCHM
2008-06-26T12:32:02,245968000,VOLENDAM,JUNEAU,58.20823667,-134.2476017,316,317.0,10.5,0,9156515,PCHM
2008-06-26T12:31:53,245968000,VOLENDAM,JUNEAU,58.20792,-134.2470483,317,318.8,10.5,0,9156515,PCHM
2008-06-26T12:31:41,245968000,VOLENDAM,JUNEAU,58.20751667,-134.24638,317,318.7,10.4,0,9156515,PCHM
2008-06-26T12:31:31,245968000,VOLENDAM,JUNEAU,58.20716667,-134.2457767,318,320.0,10.3,0,9156515,PCHM
2008-06-26T12:31:21,245968000,VOLENDAM,JUNEAU,58.20679833,-134.24519,318,320.4,10.2,0,9156515,PCHM
2008-06-26T12:31:11,245968000,VOLENDAM,JUNEAU,58.20643,-134.244605,320,321.6,10.3,0,9156515,PCHM
2008-06-26T12:31:02,245968000,VOLENDAM,JUNEAU,58.206095,-134.2441017,322,324.4,10.5,0,9156515,PCHM
2008-06-26T12:30:52,245968000,VOLENDAM,JUNEAU,58.20576167,-134.2436,324,325.5,10.5,0,9156515,PCHM
2008-06-26T12:30:41,245968000,VOLENDAM,JUNEAU,58.205295,-134.242965,327,328.7,10.4,0,9156515,PCHM
2008-06-26T12:30:31,245968000,VOLENDAM,JUNEAU,58.20487833,-134.2424633,329,330.5,10.3,0,9156515,PCHM
2008-06-26T12:30:21,245968000,VOLENDAM,JUNEAU,58.20447667,-134.2419933,331,333.2,10.3,0,9156515,PCHM
2008-06-26T12:30:12,245968000,VOLENDAM,JUNEAU,58.20409167,-134.2416083,334,335.0,10.5,0,9156515,PCHM
2008-06-26T12:30:02,245968000,VOLENDAM,JUNEAU,58.20365833,-134.24119,336,337.6,10.5,0,9156515,PCHM
2008-06-26T12:29:52,245968000,VOLENDAM,JUNEAU,58.20325833,-134.2408567,338,339.9,10.6,0,9156515,PCHM
2008-06-26T12:29:41,245968000,VOLENDAM,JUNEAU,58.202755,-134.24047,342,343.2,10.6,0,9156515,PCHM
2008-06-26T12:29:31,245968000,VOLENDAM,JUNEAU,58.20225333,-134.240135,344,343.6,10.7,0,9156515,PCHM
2008-06-26T12:29:21,245968000,VOLENDAM,JUNEAU,58.201785,-134.2398667,346,346.6,10.7,0,9156515,PCHM
2008-06-26T12:29:12,245968000,VOLENDAM,JUNEAU,58.20129667,-134.2396367,349,349.7,10.8,0,9156515,PCHM
2008-06-26T12:29:06,245968000,VOLENDAM,JUNEAU,58.20086167,-134.2394333,0,0.0,0.0,0,9156515,PCHM
2008-06-26T12:29:02,245968000,VOLENDAM,JUNEAU,58.20086167,-134.2394333,351,351.1,10.7,0,9156515,PCHM
2008-06-26T12:28:53,245968000,VOLENDAM,JUNEAU,58.200375,-134.2392783,353,353.7,10.7,0,9156515,PCHM
2008-06-26T12:28:41,245968000,VOLENDAM,JUNEAU,58.19984,-134.239125,356,356.4,10.9,0,9156515,PCHM
2008-06-26T12:28:31,245968000,VOLENDAM,JUNEAU,58.19934,-134.2390233,358,357.7,10.9,0,9156515,PCHM
2008-06-26T12:28:21,245968000,VOLENDAM,JUNEAU,58.19882167,-134.2389683,1,0.9,11.0,0,9156515,PCHM
2008-06-26T12:28:12,245968000,VOLENDAM,JUNEAU,58.19837,-134.23895,3,2.6,10.9,0,9156515,PCHM
2008-06-26T12:28:02,245968000,VOLENDAM,JUNEAU,58.19786833,-134.2389633,5,5.2,11.1,0,9156515,PCHM
2008-06-26T12:27:53,245968000,VOLENDAM,JUNEAU,58.19739833,-134.2390267,7,7.8,11.1,0,9156515,PCHM
2008-06-26T12:27:41,245968000,VOLENDAM,JUNEAU,58.19679667,-134.2391417,10,9.8,11.1,0,9156515,PCHM
2008-06-26T12:27:31,245968000,VOLENDAM,JUNEAU,58.196295,-134.23929,13,12.6,11.1,0,9156515,PCHM
2008-06-26T12:27:21,245968000,VOLENDAM,JUNEAU,58.19584333,-134.239455,15,14.7,11.0,0,9156515,PCHM
2008-06-26T12:27:12,245968000,VOLENDAM,JUNEAU,58.195325,-134.2396867,18,18.2,11.1,0,9156515,PCHM
2008-06-26T12:27:04,245968000,VOLENDAM,JUNEAU,58.19482167,-134.2399533,20,19.8,11.2,0,9156515,PCHM
2008-06-26T12:27:04,245968000,VOLENDAM,JUNEAU,58.19428667,-134.2403033,23,21.8,11.4,0,9156515,PCHM
2008-06-26T12:27:04,245968000,VOLENDAM,JUNEAU,58.193785,-134.2406533,25,23.9,11.5,0,9156515,PCHM
2008-06-26T12:27:04,245968000,VOLENDAM,JUNEAU,58.19329833,-134.241055,26,24.4,11.6,0,9156515,PCHM
2008-06-26T12:27:04,245968000,VOLENDAM,JUNEAU,58.19286167,-134.2414233,28,28.0,11.5,0,9156515,PCHM
2008-06-26T12:26:12,245968000,VOLENDAM,JUNEAU,58.19239167,-134.241875,29,27.9,11.6,0,9156515,PCHM
2008-06-26T12:26:03,245968000,VOLENDAM,JUNEAU,58.19195667,-134.2423083,31,30.7,11.6,0,9156515,PCHM
2008-06-26T12:25:58,245968000,VOLENDAM,JUNEAU,58.18331167,-134.2557417,48,48.9,11.3,0,9156515,PCHM
2008-06-26T12:25:58,245968000,VOLENDAM,JUNEAU,58.18299333,-134.2563933,49,49.2,11.2,0,9156515,PCHM
2008-06-26T12:25:58,245968000,VOLENDAM,JUNEAU,58.18269333,-134.2570633,50,50.8,11.1,0,9156515,PCHM
2008-06-26T12:25:58,245968000,VOLENDAM,JUNEAU,58.182275,-134.2579667,51,51.2,11.2,0,9156515,PCHM
2008-06-26T12:25:58,245968000,VOLENDAM,JUNEAU,58.18194,-134.2587183,53,53.4,11.1,0,9156515,PCHM
2008-06-26T12:25:58,245968000,VOLENDAM,JUNEAU,58.181655,-134.2594033,54,55.1,11.1,0,9156515,PCHM
2008-06-26T12:25:58,245968000,VOLENDAM,JUNEAU,58.18132167,-134.26027,56,56.2,11.1,0,9156515,PCHM
2008-06-26T12:21:22,245968000,VOLENDAM,JUNEAU,58.18107,-134.26099,57,58.1,10.9,0,9156515,PCHM
2008-06-26T12:21:12,245968000,VOLENDAM,JUNEAU,58.18078667,-134.2617917,59,59.8,11.0,0,9156515,PCHM
2008-06-26T12:21:01,245968000,VOLENDAM,JUNEAU,58.18050167,-134.2626933,61,62.7,10.9,0,9156515,PCHM
2008-06-26T12:20:52,245968000,VOLENDAM,JUNEAU,58.17882667,-134.270555,75,77.6,10.8,0,9156515,PCHM
2008-06-26T12:20:52,245968000,VOLENDAM,JUNEAU,58.17853833,-134.2733167,80,83.6,10.8,0,9156515,PCHM
2008-06-26T12:20:52,245968000,VOLENDAM,JUNEAU,58.17840167,-134.2751067,83,86.7,10.9,0,9156515,PCHM
2008-06-26T12:20:52,245968000,VOLENDAM,JUNEAU,58.17836833,-134.27606,85,87.2,10.8,0,9156515,PCHM
2008-06-26T12:20:52,245968000,VOLENDAM,JUNEAU,58.17872667,-134.2713733,77,78.0,10.8,0,9156515,PCHM
2008-06-26T12:20:51,245968000,VOLENDAM,JUNEAU,58.17862333,-134.2723967,78,80.4,10.8,0,9156515,PCHM
2008-06-26T12:20:51,245968000,VOLENDAM,JUNEAU,58.17847167,-134.27417,82,83.9,11.0,0,9156515,PCHM
2008-06-26T12:18:22,245968000,VOLENDAM,JUNEAU,58.17833333,-134.2770133,86,89.5,10.8,0,9156515,PCHM
2008-06-26T12:18:22,245968000,VOLENDAM,JUNEAU,58.17833333,-134.2770133,86,89.5,10.8,0,9156515,PCHM
2008-06-26T12:18:12,245968000,VOLENDAM,JUNEAU,58.17831833,-134.2779533,87,88.9,10.7,0,9156515,PCHM
2008-06-26T12:18:01,245968000,VOLENDAM,JUNEAU,58.17831667,-134.2790083,88,91.3,11.0,0,9156515,PCHM
2008-06-26T12:17:52,245968000,VOLENDAM,JUNEAU,58.17831667,-134.27988,89,91.6,10.9,0,9156515,PCHM
2008-06-26T12:17:42,245968000,VOLENDAM,JUNEAU,58.17833333,-134.2808317,90,92.7,10.9,0,9156515,PCHM
2008-06-26T12:17:32,245968000,VOLENDAM,JUNEAU,58.17834833,-134.2817867,91,94.8,11.0,0,9156515,PCHM
2008-06-26T12:17:22,245968000,VOLENDAM,JUNEAU,58.17838167,-134.28264,92,94.3,10.8,0,9156515,PCHM
2008-06-26T12:17:12,245968000,VOLENDAM,JUNEAU,58.178415,-134.2836917,93,95.5,10.9,0,9156515,PCHM
2008-06-26T12:17:06,245968000,VOLENDAM,JUNEAU,58.178465,-134.2847283,0,0.0,0.0,0,9156515,PCHM
2008-06-26T12:17:01,245968000,VOLENDAM,JUNEAU,58.178465,-134.2847283,94,96.5,11.0,0,9156515,PCHM
2008-06-26T12:16:52,245968000,VOLENDAM,JUNEAU,58.178515,-134.2855833,94,97.9,10.9,0,9156515,PCHM
2008-06-26T12:16:42,245968000,VOLENDAM,JUNEAU,58.17858333,-134.2865383,95,95.9,10.9,0,9156515,PCHM
2008-06-26T12:16:32,245968000,VOLENDAM,JUNEAU,58.17863333,-134.287475,95,97.8,10.8,0,9156515,PCHM
2008-06-26T12:16:22,245968000,VOLENDAM,JUNEAU,58.1787,-134.288425,95,98.4,10.9,0,9156515,PCHM
2008-06-26T12:16:12,245968000,VOLENDAM,JUNEAU,58.17876667,-134.2893633,95,97.5,11.0,0,9156515,PCHM
2008-06-26T12:16:01,245968000,VOLENDAM,JUNEAU,58.17885,-134.2903983,95,97.7,10.8,0,9156515,PCHM
2008-06-26T12:15:52,245968000,VOLENDAM,JUNEAU,58.17891,-134.2912417,95,98.0,10.8,0,9156515,PCHM
2008-06-26T12:15:41,245968000,VOLENDAM,JUNEAU,58.17899333,-134.2922783,95,98.5,10.9,0,9156515,PCHM
2008-06-26T12:15:31,245968000,VOLENDAM,JUNEAU,58.17906,-134.29313,95,98.3,10.8,0,9156515,PCHM
2008-06-26T12:15:22,245968000,VOLENDAM,JUNEAU,58.17912667,-134.2940667,95,97.8,10.9,0,9156515,PCHM
2008-06-26T12:15:11,245968000,VOLENDAM,JUNEAU,58.17919333,-134.2950217,96,98.4,10.8,0,9156515,PCHM
2008-06-26T12:15:01,245968000,VOLENDAM,JUNEAU,58.17927833,-134.29606,96,97.8,11.0,0,9156515,PCHM
2008-06-26T12:14:52,245968000,VOLENDAM,JUNEAU,58.17932667,-134.2968967,96,99.5,10.8,0,9156515,PCHM
2008-06-26T12:14:41,245968000,VOLENDAM,JUNEAU,58.17941167,-134.2979483,96,98.2,10.9,0,9156515,PCHM
2008-06-26T12:14:31,245968000,VOLENDAM,JUNEAU,58.17947833,-134.29889,96,98.4,10.9,0,9156515,PCHM
2008-06-26T12:14:22,245968000,VOLENDAM,JUNEAU,58.17956167,-134.2998417,95,98.1,10.9,0,9156515,PCHM
2008-06-26T12:14:11,245968000,VOLENDAM,JUNEAU,58.17963,-134.3007917,95,97.1,11.0,0,9156515,PCHM
2008-06-26T12:14:01,245968000,VOLENDAM,JUNEAU,58.17969667,-134.3017433,95,97.4,10.9,0,9156515,PCHM
2008-06-26T12:13:52,245968000,VOLENDAM,JUNEAU,58.17976333,-134.3026,95,97.7,10.8,0,9156515,PCHM
2008-06-26T12:13:41,245968000,VOLENDAM,JUNEAU,58.17983167,-134.30364,95,95.9,11.0,0,9156515,PCHM
2008-06-26T12:13:31,245968000,VOLENDAM,JUNEAU,58.17989833,-134.304595,95,96.9,11.0,0,9156515,PCHM
2008-06-26T12:13:22,245968000,VOLENDAM,JUNEAU,58.17994667,-134.305445,95,97.4,11.0,0,9156515,PCHM
2008-06-26T12:13:12,245968000,VOLENDAM,JUNEAU,58.180015,-134.3063983,95,96.9,10.9,0,9156515,PCHM
2008-06-26T12:13:01,245968000,VOLENDAM,JUNEAU,58.18009833,-134.3074517,96,98.1,11.0,0,9156515,PCHM
2008-06-26T12:12:52,245968000,VOLENDAM,JUNEAU,58.18014833,-134.3082183,96,99.0,11.1,0,9156515,PCHM
2008-06-26T12:12:41,245968000,VOLENDAM,JUNEAU,58.18024833,-134.3093567,97,100.0,11.1,0,9156515,PCHM
2008-06-26T12:12:31,245968000,VOLENDAM,JUNEAU,58.180315,-134.31021,97,99.0,11.0,0,9156515,PCHM
2008-06-26T12:12:22,245968000,VOLENDAM,JUNEAU,58.18039833,-134.3111817,98,100.7,11.1,0,9156515,PCHM
2008-06-26T12:12:12,245968000,VOLENDAM,JUNEAU,58.18048167,-134.3120467,98,100.6,11.2,0,9156515,PCHM
2008-06-26T12:12:01,245968000,VOLENDAM,JUNEAU,58.18059833,-134.3131817,99,101.6,11.1,0,9156515,PCHM
2008-06-26T12:11:52,245968000,VOLENDAM,JUNEAU,58.18068167,-134.31405,100,102.8,11.2,0,9156515,PCHM
2008-06-26T12:11:41,245968000,VOLENDAM,JUNEAU,58.18079833,-134.3150883,100,104.8,11.2,0,9156515,PCHM
2008-06-26T12:11:31,245968000,VOLENDAM,JUNEAU,58.180915,-134.3160567,101,104.1,11.2,0,9156515,PCHM
2008-06-26T12:11:22,245968000,VOLENDAM,JUNEAU,58.18103167,-134.3169083,102,105.4,11.4,0,9156515,PCHM
2008-06-26T12:11:12,245968000,VOLENDAM,JUNEAU,58.18116667,-134.31786,102,101.9,11.3,0,9156515,PCHM
2008-06-26T12:11:09,245968000,VOLENDAM,JUNEAU,58.1813,-134.3189133,0,0.0,0.0,0,9156515,PCHM
2008-06-26T12:11:01,245968000,VOLENDAM,JUNEAU,58.1813,-134.3189133,102,104.6,11.3,0,9156515,PCHM
2008-06-26T12:10:52,245968000,VOLENDAM,JUNEAU,58.18142,-134.3197733,102,105.0,11.2,0,9156515,PCHM
2008-06-26T12:10:41,245968000,VOLENDAM,JUNEAU,58.18157167,-134.3208283,102,105.0,11.4,0,9156515,PCHM
2008-06-26T12:10:31,245968000,VOLENDAM,JUNEAU,58.18168833,-134.3216933,102,103.9,11.5,0,9156515,PCHM
2008-06-26T12:10:22,245968000,VOLENDAM,JUNEAU,58.18182,-134.3226467,103,105.8,11.4,0,9156515,PCHM
2008-06-26T12:10:12,245968000,VOLENDAM,JUNEAU,58.18193833,-134.3235133,102,104.2,11.3,0,9156515,PCHM
2008-06-26T12:10:01,245968000,VOLENDAM,JUNEAU,58.182105,-134.3246683,102,105.3,11.5,0,9156515,PCHM
2008-06-26T12:09:52,245968000,VOLENDAM,JUNEAU,58.18220667,-134.3254367,102,104.5,11.4,0,9156515,PCHM
2008-06-26T12:09:41,245968000,VOLENDAM,JUNEAU,58.18237167,-134.3265917,103,105.4,11.4,0,9156515,PCHM
2008-06-26T12:09:31,245968000,VOLENDAM,JUNEAU,58.18250667,-134.32756,103,105.2,11.3,0,9156515,PCHM
2008-06-26T12:09:22,245968000,VOLENDAM,JUNEAU,58.18264,-134.3285133,103,105.2,11.4,0,9156515,PCHM
2008-06-26T12:09:12,245968000,VOLENDAM,JUNEAU,58.18275667,-134.3293683,102,105.3,11.6,0,9156515,PCHM
2008-06-26T12:09:01,245968000,VOLENDAM,JUNEAU,58.18290833,-134.3304367,102,104.1,11.4,0,9156515,PCHM
2008-06-26T12:08:52,245968000,VOLENDAM,JUNEAU,58.183025,-134.331305,102,104.7,11.3,0,9156515,PCHM
2008-06-26T12:08:41,245968000,VOLENDAM,JUNEAU,58.183175,-134.3323583,102,103.1,11.4,0,9156515,PCHM
2008-06-26T12:08:32,245968000,VOLENDAM,JUNEAU,58.18329167,-134.333225,102,105.4,11.6,0,9156515,PCHM
2008-06-26T12:08:23,245968000,VOLENDAM,JUNEAU,58.18340833,-134.334095,102,105.3,11.3,0,9156515,PCHM
2008-06-26T12:08:12,245968000,VOLENDAM,JUNEAU,58.18354333,-134.3351483,102,105.0,11.4,0,9156515,PCHM
2008-06-26T12:08:03,245968000,VOLENDAM,JUNEAU,58.18366,-134.336035,102,103.9,11.3,0,9156515,PCHM
2008-06-26T12:07:52,245968000,VOLENDAM,JUNEAU,58.18381,-134.33709,102,104.7,11.2,0,9156515,PCHM
2008-06-26T12:07:41,245968000,VOLENDAM,JUNEAU,58.183945,-134.3381417,102,103.8,11.5,0,9156515,PCHM
2008-06-26T12:07:32,245968000,VOLENDAM,JUNEAU,58.18406167,-134.3390117,102,104.2,11.2,0,9156515,PCHM
2008-06-26T12:07:23,245968000,VOLENDAM,JUNEAU,58.18417833,-134.339865,102,103.6,11.3,0,9156515,PCHM
2008-06-26T12:07:12,245968000,VOLENDAM,JUNEAU,58.184345,-134.3410167,102,103.8,11.4,0,9156515,PCHM
2008-06-26T12:07:03,245968000,VOLENDAM,JUNEAU,58.18446167,-134.3418883,102,106.3,11.4,0,9156515,PCHM
2008-06-26T12:06:52,245968000,VOLENDAM,JUNEAU,58.18459667,-134.34294,102,103.9,11.3,0,9156515,PCHM
2008-06-26T12:06:41,245968000,VOLENDAM,JUNEAU,58.18473,-134.3438933,102,104.2,11.3,0,9156515,PCHM
2008-06-26T12:06:32,245968000,VOLENDAM,JUNEAU,58.18484833,-134.3447667,102,104.2,11.3,0,9156515,PCHM
2008-06-26T12:06:23,245968000,VOLENDAM,JUNEAU,58.18494833,-134.34562,103,104.9,11.3,0,9156515,PCHM
2008-06-26T12:06:12,245968000,VOLENDAM,JUNEAU,58.18509833,-134.3466733,102,106.0,11.3,0,9156515,PCHM
2008-06-26T12:06:02,245968000,VOLENDAM,JUNEAU,58.18521667,-134.3475283,102,105.0,11.3,0,9156515,PCHM
2008-06-26T12:05:52,245968000,VOLENDAM,JUNEAU,58.185355,-134.3485717,102,103.8,11.1,0,9156515,PCHM
2008-06-26T12:05:41,245968000,VOLENDAM,JUNEAU,58.18548833,-134.34961,102,104.3,11.3,0,9156515,PCHM
2008-06-26T12:05:32,245968000,VOLENDAM,JUNEAU,58.185605,-134.3504783,102,104.5,11.2,0,9156515,PCHM
2008-06-26T12:05:23,245968000,VOLENDAM,JUNEAU,58.18572333,-134.35133,102,103.0,11.2,0,9156515,PCHM
2008-06-26T12:05:12,245968000,VOLENDAM,JUNEAU,58.185855,-134.3523667,102,104.3,11.1,0,9156515,PCHM
2008-06-26T12:05:09,245968000,VOLENDAM,JUNEAU,58.18597333,-134.3532167,0,0.0,0.0,0,9156515,PCHM
2008-06-26T12:05:03,245968000,VOLENDAM,JUNEAU,58.18597333,-134.3532167,102,103.6,11.2,0,9156515,PCHM
2008-06-26T12:04:52,245968000,VOLENDAM,JUNEAU,58.18610667,-134.3542583,102,103.9,11.1,0,9156515,PCHM
2008-06-26T12:04:41,245968000,VOLENDAM,JUNEAU,58.18625667,-134.3552933,102,104.5,11.0,0,9156515,PCHM
2008-06-26T12:04:32,245968000,VOLENDAM,JUNEAU,58.18635667,-134.3561467,102,104.5,11.0,0,9156515,PCHM
2008-06-26T12:04:23,245968000,VOLENDAM,JUNEAU,58.186475,-134.3569817,102,104.2,11.0,0,9156515,PCHM
2008-06-26T12:04:12,245968000,VOLENDAM,JUNEAU,58.18660833,-134.3580017,102,104.7,11.0,0,9156515,PCHM
2008-06-26T12:04:03,245968000,VOLENDAM,JUNEAU,58.18674167,-134.3589367,102,104.4,11.0,0,9156515,PCHM
2008-06-26T12:03:51,245968000,VOLENDAM,JUNEAU,58.186875,-134.3599583,102,104.5,11.0,0,9156515,PCHM
2008-06-26T12:03:41,245968000,VOLENDAM,JUNEAU,58.18699333,-134.36088,102,104.8,10.9,0,9156515,PCHM
2008-06-26T12:03:32,245968000,VOLENDAM,JUNEAU,58.18709333,-134.3617,103,103.5,10.9,0,9156515,PCHM
2008-06-26T12:03:21,245968000,VOLENDAM,JUNEAU,58.18724333,-134.3627183,102,103.4,10.8,0,9156515,PCHM
2008-06-26T12:03:12,245968000,VOLENDAM,JUNEAU,58.187345,-134.3635367,102,102.9,10.8,0,9156515,PCHM
2008-06-26T12:03:03,245968000,VOLENDAM,JUNEAU,58.18746,-134.364355,102,103.9,10.7,0,9156515,PCHM
2008-06-26T12:02:51,245968000,VOLENDAM,JUNEAU,58.18757667,-134.365355,102,104.9,10.7,0,9156515,PCHM
2008-06-26T12:02:41,245968000,VOLENDAM,JUNEAU,58.18771167,-134.3663433,102,104.2,10.7,0,9156515,PCHM
2008-06-26T12:02:32,245968000,VOLENDAM,JUNEAU,58.18781167,-134.3671483,102,103.8,10.5,0,9156515,PCHM
2008-06-26T12:02:21,245968000,VOLENDAM,JUNEAU,58.18794667,-134.368135,102,105.8,10.6,0,9156515,PCHM
2008-06-26T12:02:11,245968000,VOLENDAM,JUNEAU,58.18808,-134.3691233,102,102.8,10.4,0,9156515,PCHM
2008-06-26T12:02:03,245968000,VOLENDAM,JUNEAU,58.18818,-134.3698417,102,103.5,10.5,0,9156515,PCHM
2008-06-26T12:01:51,245968000,VOLENDAM,JUNEAU,58.18829667,-134.3708083,102,104.1,10.5,0,9156515,PCHM
2008-06-26T12:01:41,245968000,VOLENDAM,JUNEAU,58.18843,-134.37171,102,103.3,10.6,0,9156515,PCHM
2008-06-26T12:01:31,245968000,VOLENDAM,JUNEAU,58.18853167,-134.3725983,102,103.8,10.5,0,9156515,PCHM
2008-06-26T12:01:21,245968000,VOLENDAM,JUNEAU,58.18864833,-134.3734967,102,103.3,10.5,0,9156515,PCHM
2008-06-26T12:01:11,245968000,VOLENDAM,JUNEAU,58.188765,-134.3743833,102,103.5,10.4,0,9156515,PCHM
2008-06-26T12:01:03,245968000,VOLENDAM,JUNEAU,58.188865,-134.3750983,102,104.1,10.3,0,9156515,PCHM
2008-06-26T12:00:51,245968000,VOLENDAM,JUNEAU,58.18898167,-134.3760683,102,103.2,10.4,0,9156515,PCHM
2008-06-26T12:00:41,245968000,VOLENDAM,JUNEAU,58.189115,-134.377055,102,103.9,10.5,0,9156515,PCHM
2008-06-26T12:00:31,245968000,VOLENDAM,JUNEAU,58.18921667,-134.377945,102,102.9,10.6,0,9156515,PCHM
2008-06-26T12:00:21,245968000,VOLENDAM,JUNEAU,58.18933333,-134.3788283,102,102.5,10.4,0,9156515,PCHM
2008-06-26T12:00:11,245968000,VOLENDAM,JUNEAU,58.18945,-134.37973,102,102.7,10.4,0,9156515,PCHM
2008-06-26T12:00:02,245968000,VOLENDAM,JUNEAU,58.18953333,-134.3804317,102,104.0,10.5,0,9156515,PCHM
2008-06-26T11:59:52,245968000,VOLENDAM,JUNEAU,58.189655,-134.3814117,102,103.5,10.5,0,9156515,PCHM
2008-06-26T11:59:31,245968000,VOLENDAM,JUNEAU,58.18989,-134.3832833,102,103.0,10.5,0,9156515,PCHM
2008-06-26T11:59:21,245968000,VOLENDAM,JUNEAU,58.19000667,-134.38417,102,103.5,10.3,0,9156515,PCHM
2008-06-26T11:59:18,245968000,VOLENDAM,JUNEAU,58.19102667,-134.3920467,102,104.1,10.5,0,9156515,PCHM
2008-06-26T11:59:18,245968000,VOLENDAM,JUNEAU,58.19114333,-134.3929333,102,103.9,10.4,0,9156515,PCHM
2008-06-26T11:59:18,245968000,VOLENDAM,JUNEAU,58.19127667,-134.3939017,102,103.8,10.5,0,9156515,PCHM
2008-06-26T11:59:18,245968000,VOLENDAM,JUNEAU,58.19137833,-134.3947883,102,103.4,10.4,0,9156515,PCHM
2008-06-26T11:59:17,245968000,VOLENDAM,JUNEAU,58.19080833,-134.3903583,102,104.1,10.4,0,9156515,PCHM
2008-06-26T11:59:17,245968000,VOLENDAM,JUNEAU,58.19092667,-134.3911617,102,102.2,10.3,0,9156515,PCHM
2008-06-26T11:57:11,245968000,VOLENDAM,JUNEAU,58.19151,-134.3957567,102,104.7,10.5,0,9156515,PCHM
2008-06-26T11:57:02,245968000,VOLENDAM,JUNEAU,58.191595,-134.39646,102,104.0,10.4,0,9156515,PCHM
2008-06-26T11:56:52,245968000,VOLENDAM,JUNEAU,58.19172833,-134.3974317,102,103.6,10.3,0,9156515,PCHM
2008-06-26T11:56:42,245968000,VOLENDAM,JUNEAU,58.19183,-134.3982367,102,102.8,10.2,0,9156515,PCHM
2008-06-26T11:56:31,245968000,VOLENDAM,JUNEAU,58.19194667,-134.3992033,102,104.5,10.4,0,9156515,PCHM
2008-06-26T11:56:21,245968000,VOLENDAM,JUNEAU,58.19206333,-134.4000733,102,103.4,10.4,0,9156515,PCHM
2008-06-26T11:56:11,245968000,VOLENDAM,JUNEAU,58.19218,-134.4009617,102,103.4,10.4,0,9156515,PCHM
2008-06-26T11:56:01,245968000,VOLENDAM,JUNEAU,58.19229833,-134.40185,102,102.5,10.4,0,9156515,PCHM
2008-06-26T11:55:53,245968000,VOLENDAM,JUNEAU,58.19238167,-134.4025533,102,104.8,10.4,0,9156515,PCHM
2008-06-26T11:55:42,245968000,VOLENDAM,JUNEAU,58.19249833,-134.40352,102,102.6,10.3,0,9156515,PCHM
2008-06-26T11:55:31,245968000,VOLENDAM,JUNEAU,58.19263167,-134.40449,102,103.3,10.3,0,9156515,PCHM
2008-06-26T11:55:21,245968000,VOLENDAM,JUNEAU,58.19273167,-134.4053767,102,102.7,10.4,0,9156515,PCHM
2008-06-26T11:55:11,245968000,VOLENDAM,JUNEAU,58.19285,-134.4062617,101,103.2,10.3,0,9156515,PCHM
2008-06-26T11:55:01,245968000,VOLENDAM,JUNEAU,58.19295667,-134.40713,101,102.5,10.3,0,9156515,PCHM
2008-06-26T11:54:52,245968000,VOLENDAM,JUNEAU,58.19303833,-134.4078467,101,102.9,10.4,0,9156515,PCHM
2008-06-26T11:54:42,245968000,VOLENDAM,JUNEAU,58.19315667,-134.4088167,101,102.0,10.4,0,9156515,PCHM
2008-06-26T11:54:31,245968000,VOLENDAM,JUNEAU,58.19325667,-134.4097867,100,102.6,10.3,0,9156515,PCHM
2008-06-26T11:54:11,245968000,VOLENDAM,JUNEAU,58.19345833,-134.4115717,100,101.9,10.4,0,9156515,PCHM
2008-06-26T11:54:01,245968000,VOLENDAM,JUNEAU,58.19354333,-134.4124433,100,100.7,10.3,0,9156515,PCHM
2008-06-26T11:53:52,245968000,VOLENDAM,JUNEAU,58.193625,-134.413245,100,101.5,10.4,0,9156515,PCHM
2008-06-26T11:53:42,245968000,VOLENDAM,JUNEAU,58.19372667,-134.4141317,100,101.4,10.4,0,9156515,PCHM
2008-06-26T11:53:31,245968000,VOLENDAM,JUNEAU,58.193825,-134.4151,100,102.2,10.4,0,9156515,PCHM
2008-06-26T11:53:20,245968000,VOLENDAM,JUNEAU,58.19392667,-134.4159833,100,101.5,10.4,0,9156515,PCHM
2008-06-26T11:53:11,245968000,VOLENDAM,JUNEAU,58.19401,-134.4168717,100,102.1,10.4,0,9156515,PCHM
2008-06-26T11:53:09,245968000,VOLENDAM,JUNEAU,58.19411,-134.4177733,0,0.0,0.0,0,9156515,PCHM
2008-06-26T11:53:01,245968000,VOLENDAM,JUNEAU,58.19411,-134.4177733,100,101.2,10.4,0,9156515,PCHM
2008-06-26T11:52:52,245968000,VOLENDAM,JUNEAU,58.194195,-134.4184783,100,101.1,10.3,0,9156515,PCHM
2008-06-26T11:52:43,245968000,VOLENDAM,JUNEAU,58.19427833,-134.4193617,100,101.4,10.3,0,9156515,PCHM
2008-06-26T11:52:31,245968000,VOLENDAM,JUNEAU,58.19437833,-134.4203517,100,101.6,10.2,0,9156515,PCHM
2008-06-26T11:52:21,245968000,VOLENDAM,JUNEAU,58.19447833,-134.42132,100,101.0,10.3,0,9156515,PCHM
2008-06-26T11:52:11,245968000,VOLENDAM,JUNEAU,58.19457833,-134.4222083,100,101.2,10.5,0,9156515,PCHM
2008-06-26T11:52:01,245968000,VOLENDAM,JUNEAU,58.19467833,-134.4230917,100,101.0,10.4,0,9156515,PCHM
2008-06-26T11:51:52,245968000,VOLENDAM,JUNEAU,58.19476333,-134.423895,100,101.0,10.4,0,9156515,PCHM
2008-06-26T11:51:43,245968000,VOLENDAM,JUNEAU,58.19484667,-134.4247783,100,101.4,10.4,0,9156515,PCHM
2008-06-26T11:51:31,245968000,VOLENDAM,JUNEAU,58.19496333,-134.4257483,100,101.5,10.3,0,9156515,PCHM
2008-06-26T11:51:21,245968000,VOLENDAM,JUNEAU,58.19504667,-134.4266333,100,101.9,10.3,0,9156515,PCHM
2008-06-26T11:51:11,245968000,VOLENDAM,JUNEAU,58.19514667,-134.42752,100,102.0,10.4,0,9156515,PCHM
2008-06-26T11:51:01,245968000,VOLENDAM,JUNEAU,58.19524667,-134.4284033,100,101.4,10.4,0,9156515,PCHM
2008-06-26T11:50:52,245968000,VOLENDAM,JUNEAU,58.19533,-134.429205,100,100.6,10.4,0,9156515,PCHM
2008-06-26T11:50:43,245968000,VOLENDAM,JUNEAU,58.19541333,-134.43001,100,101.3,10.3,0,9156515,PCHM
2008-06-26T11:50:31,245968000,VOLENDAM,JUNEAU,58.19553167,-134.43108,100,101.7,10.4,0,9156515,PCHM
2008-06-26T11:50:21,245968000,VOLENDAM,JUNEAU,58.195615,-134.4319633,100,101.2,10.3,0,9156515,PCHM
2008-06-26T11:50:12,245968000,VOLENDAM,JUNEAU,58.19569833,-134.432765,100,100.6,10.3,0,9156515,PCHM
2008-06-26T11:50:01,245968000,VOLENDAM,JUNEAU,58.19579833,-134.4337367,100,101.3,10.3,0,9156515,PCHM
2008-06-26T11:49:52,245968000,VOLENDAM,JUNEAU,58.19588167,-134.43444,100,100.6,10.3,0,9156515,PCHM
2008-06-26T11:49:43,245968000,VOLENDAM,JUNEAU,58.19598167,-134.4354083,100,101.6,10.3,0,9156515,PCHM
2008-06-26T11:49:31,245968000,VOLENDAM,JUNEAU,58.1961,-134.4363917,100,100.8,10.4,0,9156515,PCHM
2008-06-26T11:49:22,245968000,VOLENDAM,JUNEAU,58.19618333,-134.4372633,100,102.3,10.3,0,9156515,PCHM
2008-06-26T11:49:12,245968000,VOLENDAM,JUNEAU,58.19627333,-134.43808,100,102.3,10.4,0,9156515,PCHM
2008-06-26T11:49:01,245968000,VOLENDAM,JUNEAU,58.19637333,-134.4390483,100,102.3,10.4,0,9156515,PCHM
2008-06-26T11:48:52,245968000,VOLENDAM,JUNEAU,58.19645833,-134.43985,100,101.6,10.3,0,9156515,PCHM
2008-06-26T11:48:43,245968000,VOLENDAM,JUNEAU,58.19654167,-134.4406333,100,101.7,10.4,0,9156515,PCHM
2008-06-26T11:48:31,245968000,VOLENDAM,JUNEAU,58.19665833,-134.4417067,100,101.9,10.3,0,9156515,PCHM
2008-06-26T11:48:22,245968000,VOLENDAM,JUNEAU,58.19675833,-134.4425083,100,100.9,10.3,0,9156515,PCHM
2008-06-26T11:48:12,245968000,VOLENDAM,JUNEAU,58.19684167,-134.443395,100,102.0,10.3,0,9156515,PCHM
2008-06-26T11:48:02,245968000,VOLENDAM,JUNEAU,58.196925,-134.4441983,100,102.5,10.3,0,9156515,PCHM
2008-06-26T11:47:52,245968000,VOLENDAM,JUNEAU,58.19702667,-134.4450833,100,101.3,10.4,0,9156515,PCHM
2008-06-26T11:47:43,245968000,VOLENDAM,JUNEAU,58.19712667,-134.4459683,100,101.6,10.4,0,9156515,PCHM
2008-06-26T11:47:31,245968000,VOLENDAM,JUNEAU,58.19722667,-134.4469533,100,102.6,10.4,0,9156515,PCHM
2008-06-26T11:47:22,245968000,VOLENDAM,JUNEAU,58.19732667,-134.4478383,100,102.2,10.3,0,9156515,PCHM
2008-06-26T11:47:12,245968000,VOLENDAM,JUNEAU,58.19742667,-134.4487267,100,102.0,10.4,0,9156515,PCHM
2008-06-26T11:47:08,245968000,VOLENDAM,JUNEAU,58.19752833,-134.4496133,0,0.0,0.0,0,9156515,PCHM
2008-06-26T11:47:03,245968000,VOLENDAM,JUNEAU,58.19752833,-134.4496133,100,100.8,10.4,0,9156515,PCHM
2008-06-26T11:46:52,245968000,VOLENDAM,JUNEAU,58.19761167,-134.4504983,100,101.6,10.3,0,9156515,PCHM
2008-06-26T11:46:43,245968000,VOLENDAM,JUNEAU,58.19771167,-134.4513833,100,101.1,10.2,0,9156515,PCHM
2008-06-26T11:46:32,245968000,VOLENDAM,JUNEAU,58.19781167,-134.4522683,100,101.8,10.4,0,9156515,PCHM
2008-06-26T11:46:22,245968000,VOLENDAM,JUNEAU,58.19791167,-134.4531583,100,102.5,10.4,0,9156515,PCHM
2008-06-26T11:46:12,245968000,VOLENDAM,JUNEAU,58.19799667,-134.4540467,100,102.0,10.2,0,9156515,PCHM
2008-06-26T11:46:02,245968000,VOLENDAM,JUNEAU,58.19809667,-134.4549317,100,102.0,10.5,0,9156515,PCHM
2008-06-26T11:45:52,245968000,VOLENDAM,JUNEAU,58.19819667,-134.4558183,100,101.7,10.3,0,9156515,PCHM
2008-06-26T11:45:43,245968000,VOLENDAM,JUNEAU,58.19828,-134.45662,100,101.2,10.4,0,9156515,PCHM
2008-06-26T11:45:32,245968000,VOLENDAM,JUNEAU,58.19838,-134.4576067,100,102.4,10.2,0,9156515,PCHM
2008-06-26T11:45:22,245968000,VOLENDAM,JUNEAU,58.19848167,-134.4584933,100,101.1,10.5,0,9156515,PCHM
2008-06-26T11:45:12,245968000,VOLENDAM,JUNEAU,58.19858167,-134.45938,100,101.7,10.4,0,9156515,PCHM
2008-06-26T11:45:02,245968000,VOLENDAM,JUNEAU,58.198665,-134.4601817,100,101.3,10.3,0,9156515,PCHM
2008-06-26T11:44:52,245968000,VOLENDAM,JUNEAU,58.19874833,-134.4610683,100,101.3,10.4,0,9156515,PCHM
2008-06-26T11:44:42,245968000,VOLENDAM,JUNEAU,58.19885,-134.4620433,100,101.5,10.3,0,9156515,PCHM
2008-06-26T11:44:32,245968000,VOLENDAM,JUNEAU,58.19895,-134.462945,100,100.6,10.4,0,9156515,PCHM
2008-06-26T11:44:22,245968000,VOLENDAM,JUNEAU,58.19905833,-134.4639117,100,101.2,10.3,0,9156515,PCHM
2008-06-26T11:44:13,245968000,VOLENDAM,JUNEAU,58.19914167,-134.464715,100,100.9,10.3,0,9156515,PCHM
2008-06-26T11:44:02,245968000,VOLENDAM,JUNEAU,58.199225,-134.4656017,100,100.8,10.4,0,9156515,PCHM
2008-06-26T11:43:52,245968000,VOLENDAM,JUNEAU,58.199325,-134.4665033,100,101.9,10.4,0,9156515,PCHM
2008-06-26T11:43:42,245968000,VOLENDAM,JUNEAU,58.19940833,-134.46739,100,101.2,10.3,0,9156515,PCHM
2008-06-26T11:43:32,245968000,VOLENDAM,JUNEAU,58.19950833,-134.4682767,100,101.0,10.4,0,9156515,PCHM
2008-06-26T11:43:22,245968000,VOLENDAM,JUNEAU,58.19959167,-134.46916,100,101.2,10.5,0,9156515,PCHM
2008-06-26T11:43:13,245968000,VOLENDAM,JUNEAU,58.19967667,-134.4699517,100,101.1,10.4,0,9156515,PCHM
2008-06-26T11:43:02,245968000,VOLENDAM,JUNEAU,58.19977667,-134.470935,100,101.0,10.4,0,9156515,PCHM
2008-06-26T11:42:53,245968000,VOLENDAM,JUNEAU,58.19986,-134.4717383,100,100.4,10.4,0,9156515,PCHM
2008-06-26T11:42:42,245968000,VOLENDAM,JUNEAU,58.19997667,-134.4727067,100,100.7,10.3,0,9156515,PCHM
2008-06-26T11:42:32,245968000,VOLENDAM,JUNEAU,58.20006167,-134.47351,100,100.1,10.2,0,9156515,PCHM
2008-06-26T11:42:22,245968000,VOLENDAM,JUNEAU,58.20016167,-134.4744817,100,101.3,10.3,0,9156515,PCHM
2008-06-26T11:42:13,245968000,VOLENDAM,JUNEAU,58.200245,-134.4753667,100,102.1,10.3,0,9156515,PCHM
2008-06-26T11:42:02,245968000,VOLENDAM,JUNEAU,58.200345,-134.4762533,100,101.8,10.4,0,9156515,PCHM
2008-06-26T11:41:53,245968000,VOLENDAM,JUNEAU,58.200445,-134.47714,100,101.2,10.4,0,9156515,PCHM
2008-06-26T11:41:42,245968000,VOLENDAM,JUNEAU,58.20052833,-134.478025,100,101.2,10.3,0,9156515,PCHM
2008-06-26T11:41:32,245968000,VOLENDAM,JUNEAU,58.20063,-134.4789133,100,100.0,10.5,0,9156515,PCHM
2008-06-26T11:41:21,245968000,VOLENDAM,JUNEAU,58.20073,-134.4798833,100,101.9,10.3,0,9156515,PCHM
2008-06-26T11:41:13,245968000,VOLENDAM,JUNEAU,58.20081333,-134.480685,100,103.1,10.4,0,9156515,PCHM
2008-06-26T11:41:07,245968000,VOLENDAM,JUNEAU,58.20091333,-134.48157,0,0.0,0.0,0,9156515,PCHM
2008-06-26T11:41:02,245968000,VOLENDAM,JUNEAU,58.20091333,-134.48157,100,102.3,10.4,0,9156515,PCHM
2008-06-26T11:40:53,245968000,VOLENDAM,JUNEAU,58.20099667,-134.4823717,100,100.6,10.3,0,9156515,PCHM
2008-06-26T11:40:42,245968000,VOLENDAM,JUNEAU,58.20109667,-134.4833583,100,101.4,10.4,0,9156515,PCHM
2008-06-26T11:40:32,245968000,VOLENDAM,JUNEAU,58.20119833,-134.4842433,100,101.0,10.4,0,9156515,PCHM
2008-06-26T11:40:21,245968000,VOLENDAM,JUNEAU,58.20129833,-134.4852133,100,101.6,10.3,0,9156515,PCHM
2008-06-26T11:40:13,245968000,VOLENDAM,JUNEAU,58.20138167,-134.48593,100,101.0,10.4,0,9156515,PCHM
2008-06-26T11:39:53,245968000,VOLENDAM,JUNEAU,58.20158167,-134.4878,100,100.2,10.4,0,9156515,PCHM
2008-06-26T11:39:42,245968000,VOLENDAM,JUNEAU,58.20169833,-134.48877,100,102.2,10.4,0,9156515,PCHM
2008-06-26T11:39:32,245968000,VOLENDAM,JUNEAU,58.20178167,-134.4895867,100,101.6,10.4,0,9156515,PCHM
2008-06-26T11:39:21,245968000,VOLENDAM,JUNEAU,58.20188333,-134.49056,100,101.5,10.4,0,9156515,PCHM
2008-06-26T11:39:13,245968000,VOLENDAM,JUNEAU,58.20196667,-134.4913617,100,100.7,10.2,0,9156515,PCHM
2008-06-26T11:39:01,245968000,VOLENDAM,JUNEAU,58.20208333,-134.492345,100,101.7,10.3,0,9156515,PCHM
2008-06-26T11:38:53,245968000,VOLENDAM,JUNEAU,58.20216667,-134.4931467,100,101.0,10.4,0,9156515,PCHM
2008-06-26T11:38:42,245968000,VOLENDAM,JUNEAU,58.20226667,-134.4940317,100,101.7,10.5,0,9156515,PCHM
2008-06-26T11:38:31,245968000,VOLENDAM,JUNEAU,58.20237333,-134.4950133,100,101.8,10.4,0,9156515,PCHM
2008-06-26T11:38:22,245968000,VOLENDAM,JUNEAU,58.2006667,-134.500333,511,360.0,102.3,15,9156515,PCHM
2008-06-26T11:38:21,245968000,VOLENDAM,JUNEAU,58.20245667,-134.4959,100,102.5,10.4,0,9156515,PCHM
2008-06-26T11:38:13,245968000,VOLENDAM,JUNEAU,58.203795,-134.5083517,100,102.0,10.3,0,9156515,PCHM
2008-06-26T11:38:13,245968000,VOLENDAM,JUNEAU,58.20387833,-134.509155,100,101.0,10.3,0,9156515,PCHM
2008-06-26T11:38:13,245968000,VOLENDAM,JUNEAU,58.20398,-134.5100417,100,100.5,10.4,0,9156515,PCHM
2008-06-26T11:38:13,245968000,VOLENDAM,JUNEAU,58.20408,-134.5110133,100,101.8,10.3,0,9156515,PCHM
2008-06-26T11:38:13,245968000,VOLENDAM,JUNEAU,58.20426333,-134.5127183,100,102.1,10.3,0,9156515,PCHM
2008-06-26T11:38:12,245968000,VOLENDAM,JUNEAU,58.20341,-134.50471,100,101.4,10.3,0,9156515,PCHM
2008-06-26T11:38:12,245968000,VOLENDAM,JUNEAU,58.20361167,-134.5065817,100,101.5,10.3,0,9156515,PCHM
2008-06-26T11:38:12,245968000,VOLENDAM,JUNEAU,58.203695,-134.507385,100,101.9,10.2,0,9156515,PCHM
2008-06-26T11:38:12,245968000,VOLENDAM,JUNEAU,58.20418,-134.5119,100,101.0,10.3,0,9156515,PCHM
2008-06-26T11:35:01,245968000,VOLENDAM,JUNEAU,58.20436333,-134.5136883,100,101.6,10.5,0,9156515,PCHM
2008-06-26T11:35:01,245968000,VOLENDAM,JUNEAU,58.20436333,-134.5136883,100,101.6,10.5,0,9156515,PCHM
2008-06-26T11:34:52,245968000,VOLENDAM,JUNEAU,58.20444667,-134.514575,100,101.2,10.3,0,9156515,PCHM
2008-06-26T11:34:42,245968000,VOLENDAM,JUNEAU,58.20454833,-134.5154633,100,101.0,10.4,0,9156515,PCHM
2008-06-26T11:34:31,245968000,VOLENDAM,JUNEAU,58.20463167,-134.5163517,100,101.0,10.2,0,9156515,PCHM
2008-06-26T11:34:21,245968000,VOLENDAM,JUNEAU,58.20473167,-134.51724,100,101.0,10.3,0,9156515,PCHM
2008-06-26T11:34:12,245968000,VOLENDAM,JUNEAU,58.20481667,-134.5180267,100,101.3,10.4,0,9156515,PCHM
2008-06-26T11:34:02,245968000,VOLENDAM,JUNEAU,58.20490667,-134.5190117,100,101.5,10.3,0,9156515,PCHM
2008-06-26T11:33:52,245968000,VOLENDAM,JUNEAU,58.20499,-134.5197967,100,101.2,10.3,0,9156515,PCHM
2008-06-26T11:33:42,245968000,VOLENDAM,JUNEAU,58.20509167,-134.5207,100,101.4,10.3,0,9156515,PCHM
2008-06-26T11:33:31,245968000,VOLENDAM,JUNEAU,58.20519167,-134.5216717,100,100.9,10.3,0,9156515,PCHM
2008-06-26T11:33:21,245968000,VOLENDAM,JUNEAU,58.20529167,-134.52254,100,101.8,10.4,0,9156515,PCHM
2008-06-26T11:33:12,245968000,VOLENDAM,JUNEAU,58.205375,-134.523345,100,101.8,10.3,0,9156515,PCHM
2008-06-26T11:33:02,245968000,VOLENDAM,JUNEAU,58.205475,-134.5242317,101,102.9,10.2,0,9156515,PCHM
2008-06-26T11:32:52,245968000,VOLENDAM,JUNEAU,58.20557667,-134.5251033,101,102.7,10.2,0,9156515,PCHM
2008-06-26T11:32:43,245968000,VOLENDAM,JUNEAU,58.20565833,-134.525905,102,104.2,10.3,0,9156515,PCHM
2008-06-26T11:32:32,245968000,VOLENDAM,JUNEAU,58.20579167,-134.5268567,103,105.2,10.2,0,9156515,PCHM
2008-06-26T11:32:21,245968000,VOLENDAM,JUNEAU,58.20594,-134.527905,104,107.5,10.4,0,9156515,PCHM
2008-06-26T11:32:12,245968000,VOLENDAM,JUNEAU,58.20604167,-134.5286917,105,106.6,10.3,0,9156515,PCHM
2008-06-26T11:32:02,245968000,VOLENDAM,JUNEAU,58.206175,-134.52956,106,107.7,10.3,0,9156515,PCHM
2008-06-26T11:31:53,245968000,VOLENDAM,JUNEAU,58.20630667,-134.5303467,107,109.3,10.4,0,9156515,PCHM
2008-06-26T11:31:43,245968000,VOLENDAM,JUNEAU,58.20645833,-134.5312,107,108.8,10.3,0,9156515,PCHM
2008-06-26T11:31:32,245968000,VOLENDAM,JUNEAU,58.206625,-134.532135,108,109.4,10.3,0,9156515,PCHM
2008-06-26T11:31:11,245968000,VOLENDAM,JUNEAU,58.20694167,-134.53384,110,110.1,10.4,0,9156515,PCHM
2008-06-26T11:31:02,245968000,VOLENDAM,JUNEAU,58.20709167,-134.5346117,110,110.8,10.3,0,9156515,PCHM
2008-06-26T11:30:52,245968000,VOLENDAM,JUNEAU,58.20726,-134.5354633,110,110.4,10.4,0,9156515,PCHM
2008-06-26T11:30:43,245968000,VOLENDAM,JUNEAU,58.20741,-134.536215,110,109.9,10.4,0,9156515,PCHM
2008-06-26T11:30:32,245968000,VOLENDAM,JUNEAU,58.20761,-134.5371517,110,112.2,10.5,0,9156515,PCHM
2008-06-26T11:30:21,245968000,VOLENDAM,JUNEAU,58.207795,-134.5380867,110,110.5,10.4,0,9156515,PCHM
2008-06-26T11:30:11,245968000,VOLENDAM,JUNEAU,58.20796167,-134.5389217,110,110.5,10.5,0,9156515,PCHM
2008-06-26T11:30:02,245968000,VOLENDAM,JUNEAU,58.20811167,-134.5396917,110,110.4,10.3,0,9156515,PCHM
2008-06-26T11:29:53,245968000,VOLENDAM,JUNEAU,58.20827833,-134.540545,110,111.3,10.5,0,9156515,PCHM
2008-06-26T11:29:43,245968000,VOLENDAM,JUNEAU,58.20846333,-134.54138,110,110.2,10.4,0,9156515,PCHM
2008-06-26T11:29:32,245968000,VOLENDAM,JUNEAU,58.20864667,-134.542315,110,111.0,10.3,0,9156515,PCHM
2008-06-26T11:29:21,245968000,VOLENDAM,JUNEAU,58.20881333,-134.5431683,110,110.7,10.3,0,9156515,PCHM
2008-06-26T11:29:11,245968000,VOLENDAM,JUNEAU,58.20898167,-134.544005,110,110.4,10.3,0,9156515,PCHM
2008-06-26T11:29:08,245968000,VOLENDAM,JUNEAU,58.20914833,-134.5448617,0,0.0,0.0,0,9156515,PCHM
2008-06-26T11:29:02,245968000,VOLENDAM,JUNEAU,58.20914833,-134.5448617,110,111.6,10.3,0,9156515,PCHM
2008-06-26T11:28:53,245968000,VOLENDAM,JUNEAU,58.2093,-134.5456317,110,108.8,10.2,0,9156515,PCHM
2008-06-26T11:28:43,245968000,VOLENDAM,JUNEAU,58.20945,-134.5463833,110,110.6,10.3,0,9156515,PCHM
2008-06-26T11:28:34,245968000,VOLENDAM,JUNEAU,58.20981833,-134.5482517,110,110.1,10.3,0,9156515,PCHM
2008-06-26T11:28:34,245968000,VOLENDAM,JUNEAU,58.209985,-134.549105,110,109.5,10.4,0,9156515,PCHM
2008-06-26T11:28:34,245968000,VOLENDAM,JUNEAU,58.209635,-134.5473183,110,110.0,10.4,0,9156515,PCHM
2008-06-26T11:28:34,245968000,VOLENDAM,JUNEAU,58.21015167,-134.549955,110,110.1,10.4,0,9156515,PCHM
2008-06-26T11:27:53,245968000,VOLENDAM,JUNEAU,58.210285,-134.5506267,110,110.2,10.2,0,9156515,PCHM
2008-06-26T11:27:53,245968000,VOLENDAM,JUNEAU,58.210285,-134.5506267,110,110.2,10.2,0,9156515,PCHM
2008-06-26T11:27:42,245968000,VOLENDAM,JUNEAU,58.21045333,-134.5514817,110,110.4,10.3,0,9156515,PCHM
2008-06-26T11:27:32,245968000,VOLENDAM,JUNEAU,58.21062,-134.5524167,110,109.9,10.3,0,9156515,PCHM
2008-06-26T11:27:22,245968000,VOLENDAM,JUNEAU,58.210805,-134.55334,110,109.8,10.3,0,9156515,PCHM
2008-06-26T11:27:11,245968000,VOLENDAM,JUNEAU,58.21099,-134.5542783,110,110.2,10.3,0,9156515,PCHM
2008-06-26T11:26:53,245968000,VOLENDAM,JUNEAU,58.21129,-134.5558,110,110.5,10.4,0,9156515,PCHM
2008-06-26T11:26:42,245968000,VOLENDAM,JUNEAU,58.21145667,-134.5566383,110,112.2,10.4,0,9156515,PCHM
2008-06-26T11:26:32,245968000,VOLENDAM,JUNEAU,58.21164167,-134.557575,110,109.6,10.3,0,9156515,PCHM
2008-06-26T11:26:22,245968000,VOLENDAM,JUNEAU,58.21179167,-134.5583283,110,111.3,10.2,0,9156515,PCHM
2008-06-26T11:26:13,245968000,VOLENDAM,JUNEAU,58.21196,-134.5591817,110,110.4,10.3,0,9156515,PCHM
2008-06-26T11:26:01,245968000,VOLENDAM,JUNEAU,58.21214333,-134.5601,110,110.6,10.2,0,9156515,PCHM
2008-06-26T11:25:53,245968000,VOLENDAM,JUNEAU,58.212295,-134.5607867,110,110.1,10.3,0,9156515,PCHM
2008-06-26T11:25:42,245968000,VOLENDAM,JUNEAU,58.21247833,-134.5617083,110,109.9,10.2,0,9156515,PCHM
2008-06-26T11:25:31,245968000,VOLENDAM,JUNEAU,58.21266167,-134.5626283,110,110.9,10.3,0,9156515,PCHM
2008-06-26T11:25:22,245968000,VOLENDAM,JUNEAU,58.21281333,-134.5633833,110,111.0,10.3,0,9156515,PCHM
2008-06-26T11:25:13,245968000,VOLENDAM,JUNEAU,58.21296333,-134.5641533,110,111.0,10.2,0,9156515,PCHM
2008-06-26T11:25:01,245968000,VOLENDAM,JUNEAU,58.21314833,-134.565055,110,111.2,10.4,0,9156515,PCHM
2008-06-26T11:24:53,245968000,VOLENDAM,JUNEAU,58.21333167,-134.56591,110,111.5,10.2,0,9156515,PCHM
2008-06-26T11:24:43,245968000,VOLENDAM,JUNEAU,58.21349833,-134.5667433,110,111.1,10.3,0,9156515,PCHM
2008-06-26T11:24:43,245968000,VOLENDAM,JUNEAU,58.21368167,-134.5676617,110,111.4,10.3,0,9156515,PCHM
2008-06-26T11:24:22,245968000,VOLENDAM,JUNEAU,58.21386667,-134.5684983,110,111.2,10.3,0,9156515,PCHM
2008-06-26T11:24:13,245968000,VOLENDAM,JUNEAU,58.21401667,-134.5692517,110,111.0,10.3,0,9156515,PCHM
2008-06-26T11:24:02,245968000,VOLENDAM,JUNEAU,58.2142,-134.5701717,110,111.5,10.3,0,9156515,PCHM
2008-06-26T11:23:53,245968000,VOLENDAM,JUNEAU,58.21435167,-134.5709267,110,111.2,10.1,0,9156515,PCHM
2008-06-26T11:23:42,245968000,VOLENDAM,JUNEAU,58.214535,-134.571765,110,111.7,10.2,0,9156515,PCHM
2008-06-26T11:23:31,245968000,VOLENDAM,JUNEAU,58.21472,-134.5726833,110,111.1,10.3,0,9156515,PCHM
2008-06-26T11:23:21,245968000,VOLENDAM,JUNEAU,58.21488667,-134.5735183,110,112.0,10.2,0,9156515,PCHM
2008-06-26T11:23:13,245968000,VOLENDAM,JUNEAU,58.21502,-134.5741883,110,111.7,10.2,0,9156515,PCHM
2008-06-26T11:23:10,245968000,VOLENDAM,JUNEAU,58.21522167,-134.5751083,0,0.0,0.0,0,9156515,PCHM
2008-06-26T11:23:02,245968000,VOLENDAM,JUNEAU,58.21522167,-134.5751083,110,111.9,10.2,0,9156515,PCHM
2008-06-26T11:22:51,245968000,VOLENDAM,JUNEAU,58.215405,-134.5760267,110,111.3,10.3,0,9156515,PCHM
2008-06-26T11:22:42,245968000,VOLENDAM,JUNEAU,58.21555667,-134.5767817,110,111.4,10.2,0,9156515,PCHM
2008-06-26T11:22:31,245968000,VOLENDAM,JUNEAU,58.21575667,-134.5777,110,110.8,10.2,0,9156515,PCHM
2008-06-26T11:22:21,245968000,VOLENDAM,JUNEAU,58.21594,-134.57862,110,112.7,10.2,0,9156515,PCHM
2008-06-26T11:22:13,245968000,VOLENDAM,JUNEAU,58.216075,-134.57929,110,110.2,10.0,0,9156515,PCHM
2008-06-26T11:22:02,245968000,VOLENDAM,JUNEAU,58.21625833,-134.5802067,110,111.6,10.3,0,9156515,PCHM
2008-06-26T11:21:51,245968000,VOLENDAM,JUNEAU,58.216425,-134.5810283,110,111.3,10.2,0,9156515,PCHM
2008-06-26T11:21:42,245968000,VOLENDAM,JUNEAU,58.21659333,-134.581865,110,111.8,10.3,0,9156515,PCHM
2008-06-26T11:21:31,245968000,VOLENDAM,JUNEAU,58.21677667,-134.5827017,110,110.3,10.2,0,9156515,PCHM
2008-06-26T11:21:21,245968000,VOLENDAM,JUNEAU,58.21694333,-134.5835367,110,111.3,10.3,0,9156515,PCHM
2008-06-26T11:21:13,245968000,VOLENDAM,JUNEAU,58.217095,-134.58429,110,111.1,10.2,0,9156515,PCHM
2008-06-26T11:21:02,245968000,VOLENDAM,JUNEAU,58.21727833,-134.5852083,110,111.5,10.2,0,9156515,PCHM
2008-06-26T11:20:51,245968000,VOLENDAM,JUNEAU,58.21744667,-134.5860317,110,110.3,10.1,0,9156515,PCHM
2008-06-26T11:20:42,245968000,VOLENDAM,JUNEAU,58.21759667,-134.5867667,110,110.4,10.3,0,9156515,PCHM
2008-06-26T11:20:31,245968000,VOLENDAM,JUNEAU,58.21778,-134.5876867,110,111.0,10.1,0,9156515,PCHM
2008-06-26T11:20:21,245968000,VOLENDAM,JUNEAU,58.217965,-134.588525,110,112.1,10.2,0,9156515,PCHM
2008-06-26T11:20:13,245968000,VOLENDAM,JUNEAU,58.21809833,-134.5891767,110,111.8,10.3,0,9156515,PCHM
2008-06-26T11:20:02,245968000,VOLENDAM,JUNEAU,58.21828167,-134.59008,110,112.1,10.1,0,9156515,PCHM
2008-06-26T11:19:51,245968000,VOLENDAM,JUNEAU,58.21848167,-134.590985,111,113.0,10.1,0,9156515,PCHM
2008-06-26T11:19:42,245968000,VOLENDAM,JUNEAU,58.21865,-134.591805,111,111.7,10.1,0,9156515,PCHM
2008-06-26T11:19:32,245968000,VOLENDAM,JUNEAU,58.21883333,-134.592625,112,113.7,10.1,0,9156515,PCHM
2008-06-26T11:19:21,245968000,VOLENDAM,JUNEAU,58.21903333,-134.5935283,112,115.1,10.2,0,9156515,PCHM
2008-06-26T11:19:12,245968000,VOLENDAM,JUNEAU,58.21921667,-134.5942483,113,115.0,10.1,0,9156515,PCHM
2008-06-26T11:19:02,245968000,VOLENDAM,JUNEAU,58.2194,-134.5950517,114,115.9,10.0,0,9156515,PCHM
2008-06-26T11:18:51,245968000,VOLENDAM,JUNEAU,58.21961667,-134.5958567,115,118.0,10.1,0,9156515,PCHM
2008-06-26T11:18:42,245968000,VOLENDAM,JUNEAU,58.21981667,-134.5966417,116,118.1,10.2,0,9156515,PCHM
2008-06-26T11:18:32,245968000,VOLENDAM,JUNEAU,58.22003333,-134.5974267,116,119.5,10.1,0,9156515,PCHM
2008-06-26T11:18:22,245968000,VOLENDAM,JUNEAU,58.220235,-134.5981283,117,118.1,10.0,0,9156515,PCHM
2008-06-26T11:18:12,245968000,VOLENDAM,JUNEAU,58.22046667,-134.5988967,118,121.1,10.2,0,9156515,PCHM
2008-06-26T11:18:02,245968000,VOLENDAM,JUNEAU,58.22070167,-134.5996667,119,121.5,10.1,0,9156515,PCHM
2008-06-26T11:17:51,245968000,VOLENDAM,JUNEAU,58.22096833,-134.600505,120,123.2,10.0,0,9156515,PCHM
2008-06-26T11:17:42,245968000,VOLENDAM,JUNEAU,58.22118667,-134.6011767,121,124.4,10.2,0,9156515,PCHM
2008-06-26T11:17:32,245968000,VOLENDAM,JUNEAU,58.22145333,-134.60193,122,124.5,10.2,0,9156515,PCHM
2008-06-26T11:17:22,245968000,VOLENDAM,JUNEAU,58.22173833,-134.6027367,123,125.6,10.1,0,9156515,PCHM
2008-06-26T11:17:12,245968000,VOLENDAM,JUNEAU,58.22200667,-134.6034733,124,127.7,10.3,0,9156515,PCHM
2008-06-26T11:17:02,245968000,VOLENDAM,JUNEAU,58.22229,-134.6041917,125,127.2,10.2,0,9156515,PCHM
2008-06-26T11:16:51,245968000,VOLENDAM,JUNEAU,58.22255833,-134.6049117,126,128.4,10.2,0,9156515,PCHM
2008-06-26T11:16:41,245968000,VOLENDAM,JUNEAU,58.22285833,-134.6056133,127,127.2,10.2,0,9156515,PCHM
2008-06-26T11:16:32,245968000,VOLENDAM,JUNEAU,58.22314167,-134.6063317,127,129.4,10.2,0,9156515,PCHM
2008-06-26T11:16:22,245968000,VOLENDAM,JUNEAU,58.22341,-134.60695,127,128.6,10.3,0,9156515,PCHM
2008-06-26T11:16:12,245968000,VOLENDAM,JUNEAU,58.22374333,-134.6077183,127,128.6,10.1,0,9156515,PCHM
2008-06-26T11:16:02,245968000,VOLENDAM,JUNEAU,58.22401167,-134.6083383,127,128.6,10.1,0,9156515,PCHM
2008-06-26T11:15:51,245968000,VOLENDAM,JUNEAU,58.22433,-134.6091083,127,129.0,10.2,0,9156515,PCHM
2008-06-26T11:15:41,245968000,VOLENDAM,JUNEAU,58.22461333,-134.60981,127,127.9,10.2,0,9156515,PCHM
2008-06-26T11:15:33,245968000,VOLENDAM,JUNEAU,58.224865,-134.6103783,127,128.4,10.2,0,9156515,PCHM
2008-06-26T11:15:22,245968000,VOLENDAM,JUNEAU,58.22518167,-134.6111467,127,128.0,10.2,0,9156515,PCHM
2008-06-26T11:15:12,245968000,VOLENDAM,JUNEAU,58.22546667,-134.6118483,127,128.4,10.4,0,9156515,PCHM
2008-06-26T11:15:02,245968000,VOLENDAM,JUNEAU,58.22573833,-134.61248,127,128.3,10.2,0,9156515,PCHM
2008-06-26T11:14:52,245968000,VOLENDAM,JUNEAU,58.22608833,-134.6133333,127,128.6,10.3,0,9156515,PCHM
2008-06-26T11:14:41,245968000,VOLENDAM,JUNEAU,58.22640667,-134.614105,127,128.7,10.2,0,9156515,PCHM
2008-06-26T11:14:33,245968000,VOLENDAM,JUNEAU,58.22664,-134.61467,127,128.2,10.2,0,9156515,PCHM
2008-06-26T11:14:22,245968000,VOLENDAM,JUNEAU,58.22694,-134.615355,127,128.5,10.2,0,9156515,PCHM
2008-06-26T11:14:12,245968000,VOLENDAM,JUNEAU,58.22726,-134.61614,127,127.2,10.3,0,9156515,PCHM
2008-06-26T11:14:02,245968000,VOLENDAM,JUNEAU,58.227525,-134.6167617,127,129.4,10.2,0,9156515,PCHM
2008-06-26T11:13:52,245968000,VOLENDAM,JUNEAU,58.227845,-134.6175483,127,129.1,10.1,0,9156515,PCHM
2008-06-26T11:13:41,245968000,VOLENDAM,JUNEAU,58.228145,-134.61825,127,128.4,10.1,0,9156515,PCHM
2008-06-26T11:13:33,245968000,VOLENDAM,JUNEAU,58.22839667,-134.618885,127,128.1,10.2,0,9156515,PCHM
2008-06-26T11:13:22,245968000,VOLENDAM,JUNEAU,58.228715,-134.619655,127,128.2,10.2,0,9156515,PCHM
2008-06-26T11:13:12,245968000,VOLENDAM,JUNEAU,58.22898167,-134.62029,127,127.6,10.4,0,9156515,PCHM
2008-06-26T11:13:02,245968000,VOLENDAM,JUNEAU,58.22928333,-134.62101,127,128.3,10.5,0,9156515,PCHM
2008-06-26T11:12:52,245968000,VOLENDAM,JUNEAU,58.22956833,-134.6217283,127,127.6,10.3,0,9156515,PCHM
2008-06-26T11:12:41,245968000,VOLENDAM,JUNEAU,58.22988667,-134.6225,127,128.3,10.4,0,9156515,PCHM
2008-06-26T11:12:33,245968000,VOLENDAM,JUNEAU,58.23012,-134.6230683,127,127.3,10.3,0,9156515,PCHM
2008-06-26T11:12:22,245968000,VOLENDAM,JUNEAU,58.23047167,-134.6239217,127,127.4,10.4,0,9156515,PCHM
2008-06-26T11:12:12,245968000,VOLENDAM,JUNEAU,58.23077167,-134.62464,127,128.1,10.3,0,9156515,PCHM
2008-06-26T11:12:02,245968000,VOLENDAM,JUNEAU,58.23103833,-134.625275,127,129.7,10.3,0,9156515,PCHM
2008-06-26T11:11:52,245968000,VOLENDAM,JUNEAU,58.23135833,-134.6260617,127,127.7,10.4,0,9156515,PCHM
2008-06-26T11:11:41,245968000,VOLENDAM,JUNEAU,58.23167667,-134.62685,127,129.4,10.4,0,9156515,PCHM
2008-06-26T11:11:33,245968000,VOLENDAM,JUNEAU,58.23191,-134.6274167,127,129.2,10.3,0,9156515,PCHM
2008-06-26T11:11:22,245968000,VOLENDAM,JUNEAU,58.23224333,-134.6282017,127,128.4,10.5,0,9156515,PCHM
2008-06-26T11:11:12,245968000,VOLENDAM,JUNEAU,58.232495,-134.62884,127,128.9,10.5,0,9156515,PCHM
2008-06-26T11:11:02,245968000,VOLENDAM,JUNEAU,58.23279833,-134.6295617,128,127.8,10.2,0,9156515,PCHM
2008-06-26T11:10:52,245968000,VOLENDAM,JUNEAU,58.23309833,-134.6302633,127,128.8,10.3,0,9156515,PCHM
2008-06-26T11:10:41,245968000,VOLENDAM,JUNEAU,58.23342167,-134.6310467,127,128.3,10.3,0,9156515,PCHM
2008-06-26T11:10:33,245968000,VOLENDAM,JUNEAU,58.233655,-134.6316167,127,128.4,10.4,0,9156515,PCHM
2008-06-26T11:10:22,245968000,VOLENDAM,JUNEAU,58.233975,-134.6324033,127,128.0,10.5,0,9156515,PCHM
2008-06-26T11:10:12,245968000,VOLENDAM,JUNEAU,58.23427667,-134.63312,127,125.5,10.4,0,9156515,PCHM
2008-06-26T11:10:02,245968000,VOLENDAM,JUNEAU,58.23454333,-134.6337767,127,128.0,10.4,0,9156515,PCHM
2008-06-26T11:09:52,245968000,VOLENDAM,JUNEAU,58.234895,-134.63463,127,128.3,10.4,0,9156515,PCHM
2008-06-26T11:09:41,245968000,VOLENDAM,JUNEAU,58.23522833,-134.6354167,127,128.6,10.4,0,9156515,PCHM
2008-06-26T11:09:33,245968000,VOLENDAM,JUNEAU,58.23546333,-134.6360033,127,128.8,10.4,0,9156515,PCHM
2008-06-26T11:09:22,245968000,VOLENDAM,JUNEAU,58.23578167,-134.6367733,127,128.4,10.4,0,9156515,PCHM
2008-06-26T11:09:12,245968000,VOLENDAM,JUNEAU,58.23608333,-134.6374933,127,128.3,10.4,0,9156515,PCHM
2008-06-26T11:09:02,245968000,VOLENDAM,JUNEAU,58.23635167,-134.63813,127,128.4,10.5,0,9156515,PCHM
2008-06-26T11:08:52,245968000,VOLENDAM,JUNEAU,58.23668667,-134.6389183,127,128.2,10.4,0,9156515,PCHM
2008-06-26T11:08:41,245968000,VOLENDAM,JUNEAU,58.23698833,-134.6396217,128,129.9,10.4,0,9156515,PCHM
2008-06-26T11:08:32,245968000,VOLENDAM,JUNEAU,58.23725667,-134.6402583,128,130.4,10.3,0,9156515,PCHM
2008-06-26T11:08:21,245968000,VOLENDAM,JUNEAU,58.23759,-134.641045,129,130.3,10.4,0,9156515,PCHM
2008-06-26T11:08:11,245968000,VOLENDAM,JUNEAU,58.23787333,-134.6416633,129,131.9,10.4,0,9156515,PCHM
2008-06-26T11:08:01,245968000,VOLENDAM,JUNEAU,58.23817667,-134.6423517,130,131.9,10.3,0,9156515,PCHM
2008-06-26T11:07:52,245968000,VOLENDAM,JUNEAU,58.23849333,-134.6430183,130,132.4,10.3,0,9156515,PCHM
2008-06-26T11:07:41,245968000,VOLENDAM,JUNEAU,58.23886,-134.6437533,131,133.7,10.3,0,9156515,PCHM
2008-06-26T11:07:33,245968000,VOLENDAM,JUNEAU,58.23911167,-134.64429,132,135.0,10.5,0,9156515,PCHM
2008-06-26T11:07:21,245968000,VOLENDAM,JUNEAU,58.23954667,-134.6451417,133,136.2,10.3,0,9156515,PCHM
2008-06-26T11:07:12,245968000,VOLENDAM,JUNEAU,58.239865,-134.64573,134,136.9,10.4,0,9156515,PCHM
2008-06-26T11:07:02,245968000,VOLENDAM,JUNEAU,58.24019833,-134.646365,135,138.4,10.4,0,9156515,PCHM
2008-06-26T11:06:51,245968000,VOLENDAM,JUNEAU,58.24059833,-134.6470383,136,138.7,10.5,0,9156515,PCHM
2008-06-26T11:06:42,245968000,VOLENDAM,JUNEAU,58.24088167,-134.647525,137,140.2,10.3,0,9156515,PCHM
2008-06-26T11:06:33,245968000,VOLENDAM,JUNEAU,58.24123167,-134.648125,138,139.3,10.5,0,9156515,PCHM
2008-06-26T11:06:21,245968000,VOLENDAM,JUNEAU,58.24165,-134.64878,139,140.7,10.5,0,9156515,PCHM
2008-06-26T11:06:12,245968000,VOLENDAM,JUNEAU,58.24201667,-134.649365,140,141.1,10.5,0,9156515,PCHM
2008-06-26T11:06:02,245968000,VOLENDAM,JUNEAU,58.24238333,-134.64995,140,141.4,10.5,0,9156515,PCHM
2008-06-26T11:05:51,245968000,VOLENDAM,JUNEAU,58.24277,-134.6505217,140,141.5,10.5,0,9156515,PCHM
2008-06-26T11:05:42,245968000,VOLENDAM,JUNEAU,58.243105,-134.651025,140,141.8,10.4,0,9156515,PCHM
2008-06-26T11:05:32,245968000,VOLENDAM,JUNEAU,58.24349,-134.6515933,140,141.9,10.5,0,9156515,PCHM
2008-06-26T11:05:21,245968000,VOLENDAM,JUNEAU,58.24390833,-134.6522283,140,141.2,10.5,0,9156515,PCHM
2008-06-26T11:05:11,245968000,VOLENDAM,JUNEAU,58.244275,-134.6527967,140,141.2,10.5,0,9156515,PCHM
2008-06-26T11:05:07,245968000,VOLENDAM,JUNEAU,58.24461167,-134.6533167,0,0.0,0.0,0,9156515,PCHM
2008-06-26T11:05:02,245968000,VOLENDAM,JUNEAU,58.24461167,-134.6533167,140,141.4,10.4,0,9156515,PCHM
2008-06-26T11:04:51,245968000,VOLENDAM,JUNEAU,58.245065,-134.6539883,140,141.3,10.4,0,9156515,PCHM
2008-06-26T11:04:42,245968000,VOLENDAM,JUNEAU,58.245365,-134.6544567,140,141.2,10.4,0,9156515,PCHM
2008-06-26T11:04:32,245968000,VOLENDAM,JUNEAU,58.245785,-134.655075,140,140.9,10.4,0,9156515,PCHM
2008-06-26T11:04:21,245968000,VOLENDAM,JUNEAU,58.24617,-134.655645,140,141.0,10.5,0,9156515,PCHM
2008-06-26T11:04:11,245968000,VOLENDAM,JUNEAU,58.24654,-134.6562183,140,140.8,10.5,0,9156515,PCHM
2008-06-26T11:04:02,245968000,VOLENDAM,JUNEAU,58.24690833,-134.6568033,140,141.4,10.5,0,9156515,PCHM
2008-06-26T11:03:51,245968000,VOLENDAM,JUNEAU,58.24729167,-134.65737,140,140.5,10.4,0,9156515,PCHM
2008-06-26T11:03:42,245968000,VOLENDAM,JUNEAU,58.24762667,-134.65789,140,140.6,10.4,0,9156515,PCHM
2008-06-26T11:03:32,245968000,VOLENDAM,JUNEAU,58.247995,-134.65846,140,141.1,10.5,0,9156515,PCHM
2008-06-26T11:03:21,245968000,VOLENDAM,JUNEAU,58.248415,-134.6590967,140,141.7,10.3,0,9156515,PCHM
2008-06-26T11:03:11,245968000,VOLENDAM,JUNEAU,58.2488,-134.659665,140,139.9,10.3,0,9156515,PCHM
2008-06-26T11:03:02,245968000,VOLENDAM,JUNEAU,58.24912833,-134.6601917,140,140.9,10.6,0,9156515,PCHM
2008-06-26T11:02:51,245968000,VOLENDAM,JUNEAU,58.24954833,-134.6608283,140,141.2,10.6,0,9156515,PCHM
2008-06-26T11:02:42,245968000,VOLENDAM,JUNEAU,58.24988333,-134.6613467,140,140.1,10.6,0,9156515,PCHM
2008-06-26T11:02:32,245968000,VOLENDAM,JUNEAU,58.25025,-134.6619167,140,141.5,10.4,0,9156515,PCHM
2008-06-26T11:02:21,245968000,VOLENDAM,JUNEAU,58.2507,-134.662615,140,140.5,10.3,0,9156515,PCHM
2008-06-26T11:02:11,245968000,VOLENDAM,JUNEAU,58.25108667,-134.6631867,140,140.5,10.6,0,9156515,PCHM
2008-06-26T11:02:02,245968000,VOLENDAM,JUNEAU,58.25142167,-134.663705,140,140.3,10.4,0,9156515,PCHM
2008-06-26T11:01:51,245968000,VOLENDAM,JUNEAU,58.25182333,-134.6643583,140,140.9,10.5,0,9156515,PCHM
2008-06-26T11:01:42,245968000,VOLENDAM,JUNEAU,58.25215833,-134.6648767,140,140.4,10.5,0,9156515,PCHM
2008-06-26T11:01:32,245968000,VOLENDAM,JUNEAU,58.25249333,-134.6653967,140,140.1,10.4,0,9156515,PCHM
2008-06-26T11:01:21,245968000,VOLENDAM,JUNEAU,58.25291167,-134.6660333,140,140.6,10.5,0,9156515,PCHM
2008-06-26T11:01:11,245968000,VOLENDAM,JUNEAU,58.25328,-134.6666183,140,141.1,10.5,0,9156515,PCHM
2008-06-26T11:01:02,245968000,VOLENDAM,JUNEAU,58.25363,-134.6671367,140,141.1,10.6,0,9156515,PCHM
2008-06-26T11:00:52,245968000,VOLENDAM,JUNEAU,58.25403333,-134.66779,140,141.0,10.5,0,9156515,PCHM
2008-06-26T11:00:42,245968000,VOLENDAM,JUNEAU,58.25436667,-134.6683083,140,141.5,10.5,0,9156515,PCHM
2008-06-26T11:00:32,245968000,VOLENDAM,JUNEAU,58.25475167,-134.6688933,140,139.9,10.4,0,9156515,PCHM
2008-06-26T11:00:21,245968000,VOLENDAM,JUNEAU,58.25517,-134.66953,140,140.9,10.4,0,9156515,PCHM
2008-06-26T11:00:11,245968000,VOLENDAM,JUNEAU,58.25553833,-134.6701,140,141.1,10.6,0,9156515,PCHM
2008-06-26T11:00:02,245968000,VOLENDAM,JUNEAU,58.25587167,-134.6706167,140,140.8,10.5,0,9156515,PCHM
2008-06-26T10:59:52,245968000,VOLENDAM,JUNEAU,58.25628833,-134.671265,140,140.7,10.5,0,9156515,PCHM
2008-06-26T10:59:42,245968000,VOLENDAM,JUNEAU,58.25665667,-134.671835,140,140.5,10.5,0,9156515,PCHM
2008-06-26T10:59:32,245968000,VOLENDAM,JUNEAU,58.25702333,-134.6724167,140,140.5,10.5,0,9156515,PCHM
2008-06-26T10:59:21,245968000,VOLENDAM,JUNEAU,58.25744167,-134.67307,140,140.2,10.6,0,9156515,PCHM
2008-06-26T10:59:11,245968000,VOLENDAM,JUNEAU,58.25777667,-134.6736067,140,140.8,10.5,0,9156515,PCHM
2008-06-26T10:59:10,245968000,VOLENDAM,JUNEAU,58.258145,-134.6741917,0,0.0,0.0,0,9156515,PCHM
2008-06-26T10:59:02,245968000,VOLENDAM,JUNEAU,58.258145,-134.6741917,140,140.6,10.5,0,9156515,PCHM
2008-06-26T10:58:52,245968000,VOLENDAM,JUNEAU,58.25853,-134.67476,140,140.5,10.5,0,9156515,PCHM
2008-06-26T10:58:42,245968000,VOLENDAM,JUNEAU,58.25889833,-134.6753483,140,140.6,10.4,0,9156515,PCHM
2008-06-26T10:58:33,245968000,VOLENDAM,JUNEAU,58.25923,-134.675875,140,139.8,10.3,0,9156515,PCHM
2008-06-26T10:58:21,245968000,VOLENDAM,JUNEAU,58.25964667,-134.676525,140,140.6,10.6,0,9156515,PCHM
2008-06-26T10:58:11,245968000,VOLENDAM,JUNEAU,58.260015,-134.67711,140,139.3,10.4,0,9156515,PCHM
2008-06-26T10:58:02,245968000,VOLENDAM,JUNEAU,58.26035,-134.6776483,140,141.2,10.4,0,9156515,PCHM
2008-06-26T10:57:52,245968000,VOLENDAM,JUNEAU,58.26071833,-134.6782333,140,139.7,10.5,0,9156515,PCHM
2008-06-26T10:57:42,245968000,VOLENDAM,JUNEAU,58.26108667,-134.6788183,140,140.1,10.5,0,9156515,PCHM
2008-06-26T10:57:33,245968000,VOLENDAM,JUNEAU,58.26142167,-134.6793533,140,140.3,10.3,0,9156515,PCHM
2008-06-26T10:57:21,245968000,VOLENDAM,JUNEAU,58.26189,-134.6801217,140,139.6,10.4,0,9156515,PCHM
2008-06-26T10:57:12,245968000,VOLENDAM,JUNEAU,58.26222333,-134.68064,140,139.8,10.5,0,9156515,PCHM
2008-06-26T10:57:02,245968000,VOLENDAM,JUNEAU,58.26260667,-134.6812417,140,140.4,10.5,0,9156515,PCHM
2008-06-26T10:56:52,245968000,VOLENDAM,JUNEAU,58.262975,-134.6818267,140,140.1,10.3,0,9156515,PCHM
2008-06-26T10:56:42,245968000,VOLENDAM,JUNEAU,58.26334167,-134.68241,140,139.7,10.4,0,9156515,PCHM
2008-06-26T10:56:33,245968000,VOLENDAM,JUNEAU,58.26367667,-134.6829317,140,140.4,10.6,0,9156515,PCHM
2008-06-26T10:56:21,245968000,VOLENDAM,JUNEAU,58.26408,-134.683585,140,139.2,10.6,0,9156515,PCHM
2008-06-26T10:56:12,245968000,VOLENDAM,JUNEAU,58.26444833,-134.6841717,141,140.5,10.4,0,9156515,PCHM
2008-06-26T10:56:02,245968000,VOLENDAM,JUNEAU,58.26478333,-134.6847067,140,139.9,10.5,0,9156515,PCHM
2008-06-26T10:55:52,245968000,VOLENDAM,JUNEAU,58.265185,-134.6853433,140,139.5,10.3,0,9156515,PCHM
2008-06-26T10:55:42,245968000,VOLENDAM,JUNEAU,58.26552,-134.6858783,140,140.0,10.4,0,9156515,PCHM
2008-06-26T10:55:33,245968000,VOLENDAM,JUNEAU,58.265855,-134.6864133,140,139.0,10.4,0,9156515,PCHM
2008-06-26T10:55:21,245968000,VOLENDAM,JUNEAU,58.26629,-134.6871183,140,140.3,10.3,0,9156515,PCHM
2008-06-26T10:55:12,245968000,VOLENDAM,JUNEAU,58.26662333,-134.6876517,140,139.0,10.3,0,9156515,PCHM
2008-06-26T10:55:02,245968000,VOLENDAM,JUNEAU,58.26699167,-134.6882367,140,139.5,10.5,0,9156515,PCHM
2008-06-26T10:54:52,245968000,VOLENDAM,JUNEAU,58.267395,-134.6888917,140,140.1,10.5,0,9156515,PCHM
2008-06-26T10:54:42,245968000,VOLENDAM,JUNEAU,58.26776333,-134.689495,140,139.7,10.5,0,9156515,PCHM
2008-06-26T10:54:31,245968000,VOLENDAM,JUNEAU,58.268115,-134.6900983,141,140.0,10.4,0,9156515,PCHM
2008-06-26T10:54:21,245968000,VOLENDAM,JUNEAU,58.26853,-134.69074,141,138.9,10.6,0,9156515,PCHM
2008-06-26T10:54:12,245968000,VOLENDAM,JUNEAU,58.268865,-134.6912767,140,139.6,10.4,0,9156515,PCHM
2008-06-26T10:54:03,245968000,VOLENDAM,JUNEAU,58.26919833,-134.6918117,140,139.7,10.4,0,9156515,PCHM
2008-06-26T10:53:52,245968000,VOLENDAM,JUNEAU,58.26955167,-134.6924133,140,139.3,10.5,0,9156515,PCHM
2008-06-26T10:53:42,245968000,VOLENDAM,JUNEAU,58.26992,-134.6930017,140,139.9,10.2,0,9156515,PCHM
2008-06-26T10:53:31,245968000,VOLENDAM,JUNEAU,58.27032167,-134.69367,140,139.8,10.5,0,9156515,PCHM
2008-06-26T10:53:22,245968000,VOLENDAM,JUNEAU,58.27065667,-134.6942067,140,139.4,10.4,0,9156515,PCHM
2008-06-26T10:53:11,245968000,VOLENDAM,JUNEAU,58.27105833,-134.6948583,141,139.7,10.4,0,9156515,PCHM
2008-06-26T10:53:09,245968000,VOLENDAM,JUNEAU,58.27139333,-134.695395,0,0.0,0.0,0,9156515,PCHM
2008-06-26T10:53:02,245968000,VOLENDAM,JUNEAU,58.27139333,-134.695395,141,139.9,10.4,0,9156515,PCHM
2008-06-26T10:52:52,245968000,VOLENDAM,JUNEAU,58.27176167,-134.696,141,139.6,10.5,0,9156515,PCHM
2008-06-26T10:52:42,245968000,VOLENDAM,JUNEAU,58.27213,-134.6965833,140,139.2,10.5,0,9156515,PCHM
2008-06-26T10:52:31,245968000,VOLENDAM,JUNEAU,58.27253333,-134.6972383,140,140.2,10.6,0,9156515,PCHM
2008-06-26T10:52:22,245968000,VOLENDAM,JUNEAU,58.27290167,-134.6978417,140,139.0,10.4,0,9156515,PCHM
2008-06-26T10:52:11,245968000,VOLENDAM,JUNEAU,58.27326833,-134.6984433,140,139.4,10.5,0,9156515,PCHM
2008-06-26T10:52:02,245968000,VOLENDAM,JUNEAU,58.27360333,-134.6989783,141,138.1,10.5,0,9156515,PCHM
2008-06-26T10:51:52,245968000,VOLENDAM,JUNEAU,58.274005,-134.6996483,141,139.9,10.4,0,9156515,PCHM
2008-06-26T10:51:42,245968000,VOLENDAM,JUNEAU,58.27437333,-134.7002333,140,139.5,10.4,0,9156515,PCHM
2008-06-26T10:51:31,245968000,VOLENDAM,JUNEAU,58.27474,-134.700835,140,139.5,10.5,0,9156515,PCHM
2008-06-26T10:51:22,245968000,VOLENDAM,JUNEAU,58.27510833,-134.7014367,140,139.1,10.6,0,9156515,PCHM
2008-06-26T10:51:11,245968000,VOLENDAM,JUNEAU,58.27547667,-134.7020217,140,139.1,10.5,0,9156515,PCHM
2008-06-26T10:51:02,245968000,VOLENDAM,JUNEAU,58.27581167,-134.702575,140,139.5,10.6,0,9156515,PCHM
2008-06-26T10:50:52,245968000,VOLENDAM,JUNEAU,58.27618,-134.7031783,141,139.6,10.5,0,9156515,PCHM
2008-06-26T10:50:42,245968000,VOLENDAM,JUNEAU,58.27655,-134.7037667,141,140.2,10.5,0,9156515,PCHM
2008-06-26T10:50:31,245968000,VOLENDAM,JUNEAU,58.27694667,-134.7044267,141,139.9,10.6,0,9156515,PCHM
2008-06-26T10:50:22,245968000,VOLENDAM,JUNEAU,58.27728333,-134.7049633,140,139.5,10.4,0,9156515,PCHM
2008-06-26T10:50:11,245968000,VOLENDAM,JUNEAU,58.277685,-134.7056133,140,139.0,10.4,0,9156515,PCHM
2008-06-26T10:50:02,245968000,VOLENDAM,JUNEAU,58.277985,-134.7060983,140,139.3,10.6,0,9156515,PCHM
2008-06-26T10:49:52,245968000,VOLENDAM,JUNEAU,58.27843667,-134.7068,140,139.5,10.5,0,9156515,PCHM
2008-06-26T10:49:41,245968000,VOLENDAM,JUNEAU,58.27878833,-134.707405,140,139.8,10.5,0,9156515,PCHM
2008-06-26T10:49:31,245968000,VOLENDAM,JUNEAU,58.27917167,-134.7079867,140,139.2,10.6,0,9156515,PCHM
2008-06-26T10:49:21,245968000,VOLENDAM,JUNEAU,58.27954,-134.7085917,140,140.0,10.4,0,9156515,PCHM
2008-06-26T10:49:11,245968000,VOLENDAM,JUNEAU,58.27990833,-134.7091933,140,139.1,10.6,0,9156515,PCHM
2008-06-26T10:49:02,245968000,VOLENDAM,JUNEAU,58.28024333,-134.70973,140,140.1,10.6,0,9156515,PCHM
2008-06-26T10:48:52,245968000,VOLENDAM,JUNEAU,58.28061333,-134.7103333,140,139.8,10.5,0,9156515,PCHM
2008-06-26T10:48:42,245968000,VOLENDAM,JUNEAU,58.28101333,-134.710985,140,139.7,10.5,0,9156515,PCHM
2008-06-26T10:48:32,245968000,VOLENDAM,JUNEAU,58.28139833,-134.71157,140,139.6,10.6,0,9156515,PCHM
2008-06-26T10:48:22,245968000,VOLENDAM,JUNEAU,58.28173333,-134.7121067,140,139.7,10.6,0,9156515,PCHM
2008-06-26T10:48:11,245968000,VOLENDAM,JUNEAU,58.28213333,-134.7127567,140,140.0,10.5,0,9156515,PCHM
2008-06-26T10:48:03,245968000,VOLENDAM,JUNEAU,58.28246833,-134.7132917,140,140.5,10.5,0,9156515,PCHM
2008-06-26T10:47:53,245968000,VOLENDAM,JUNEAU,58.28280167,-134.7138267,140,140.8,10.4,0,9156515,PCHM
2008-06-26T10:47:42,245968000,VOLENDAM,JUNEAU,58.28322,-134.71448,140,139.9,10.7,0,9156515,PCHM
2008-06-26T10:47:32,245968000,VOLENDAM,JUNEAU,58.28364,-134.7151167,140,140.6,10.4,0,9156515,PCHM
2008-06-26T10:47:22,245968000,VOLENDAM,JUNEAU,58.28400667,-134.7157,140,140.5,10.5,0,9156515,PCHM
2008-06-26T10:47:12,245968000,VOLENDAM,JUNEAU,58.28439167,-134.7163033,140,141.0,10.6,0,9156515,PCHM
2008-06-26T10:47:08,245968000,VOLENDAM,JUNEAU,58.284725,-134.7168217,0,0.0,0.0,0,9156515,PCHM
2008-06-26T10:47:03,245968000,VOLENDAM,JUNEAU,58.284725,-134.7168217,140,141.1,10.5,0,9156515,PCHM
2008-06-26T10:46:53,245968000,VOLENDAM,JUNEAU,58.28511,-134.7174067,140,141.5,10.6,0,9156515,PCHM
2008-06-26T10:46:42,245968000,VOLENDAM,JUNEAU,58.28553,-134.7180617,140,142.1,10.6,0,9156515,PCHM
2008-06-26T10:46:32,245968000,VOLENDAM,JUNEAU,58.28589833,-134.7186467,140,138.6,10.6,0,9156515,PCHM
2008-06-26T10:46:22,245968000,VOLENDAM,JUNEAU,58.28623333,-134.7191833,139,139.9,10.5,0,9156515,PCHM
2008-06-26T10:46:12,245968000,VOLENDAM,JUNEAU,58.28664667,-134.7198417,138,139.0,10.5,0,9156515,PCHM
2008-06-26T10:46:01,245968000,VOLENDAM,JUNEAU,58.287015,-134.720425,138,138.0,10.5,0,9156515,PCHM
2008-06-26T10:45:53,245968000,VOLENDAM,JUNEAU,58.2873,-134.72091,137,138.2,10.6,0,9156515,PCHM
2008-06-26T10:45:42,245968000,VOLENDAM,JUNEAU,58.287735,-134.7216633,137,138.4,10.5,0,9156515,PCHM
2008-06-26T10:45:32,245968000,VOLENDAM,JUNEAU,58.28807,-134.722215,137,137.5,10.5,0,9156515,PCHM
2008-06-26T10:45:22,245968000,VOLENDAM,JUNEAU,58.28843833,-134.7228333,137,137.4,10.5,0,9156515,PCHM
2008-06-26T10:45:12,245968000,VOLENDAM,JUNEAU,58.28878833,-134.7234367,137,138.6,10.8,0,9156515,PCHM
2008-06-26T10:45:01,245968000,VOLENDAM,JUNEAU,58.289225,-134.7241933,137,138.5,10.4,0,9156515,PCHM
2008-06-26T10:44:53,245968000,VOLENDAM,JUNEAU,58.28952667,-134.7246767,137,137.7,10.5,0,9156515,PCHM
2008-06-26T10:44:41,245968000,VOLENDAM,JUNEAU,58.28991167,-134.7253467,137,139.0,10.6,0,9156515,PCHM
2008-06-26T10:44:32,245968000,VOLENDAM,JUNEAU,58.29028,-134.725965,137,137.4,10.5,0,9156515,PCHM
2008-06-26T10:44:22,245968000,VOLENDAM,JUNEAU,58.290615,-134.7265183,137,138.7,10.5,0,9156515,PCHM
2008-06-26T10:44:12,245968000,VOLENDAM,JUNEAU,58.291015,-134.7271867,137,139.1,10.5,0,9156515,PCHM
2008-06-26T10:44:01,245968000,VOLENDAM,JUNEAU,58.29138333,-134.727805,137,139.2,10.6,0,9156515,PCHM
2008-06-26T10:43:53,245968000,VOLENDAM,JUNEAU,58.29170167,-134.72834,137,138.5,10.6,0,9156515,PCHM
2008-06-26T10:43:42,245968000,VOLENDAM,JUNEAU,58.29210167,-134.72901,137,139.4,10.6,0,9156515,PCHM
2008-06-26T10:43:32,245968000,VOLENDAM,JUNEAU,58.29248667,-134.7296283,137,138.5,10.5,0,9156515,PCHM
2008-06-26T10:43:22,245968000,VOLENDAM,JUNEAU,58.292805,-134.73018,137,139.1,10.7,0,9156515,PCHM
2008-06-26T10:43:12,245968000,VOLENDAM,JUNEAU,58.29320667,-134.7308517,137,138.7,10.6,0,9156515,PCHM
2008-06-26T10:43:01,245968000,VOLENDAM,JUNEAU,58.293575,-134.7314533,137,139.4,10.7,0,9156515,PCHM
2008-06-26T10:42:53,245968000,VOLENDAM,JUNEAU,58.29387667,-134.7319383,137,139.5,10.6,0,9156515,PCHM
2008-06-26T10:42:41,245968000,VOLENDAM,JUNEAU,58.29432667,-134.7326733,137,139.3,10.6,0,9156515,PCHM
2008-06-26T10:42:32,245968000,VOLENDAM,JUNEAU,58.29468,-134.7332767,137,139.8,10.6,0,9156515,PCHM
2008-06-26T10:42:22,245968000,VOLENDAM,JUNEAU,58.29506333,-134.7338767,137,139.5,10.7,0,9156515,PCHM
2008-06-26T10:42:12,245968000,VOLENDAM,JUNEAU,58.29543,-134.734495,137,139.1,10.6,0,9156515,PCHM
2008-06-26T10:42:01,245968000,VOLENDAM,JUNEAU,58.29583167,-134.7351633,137,138.9,10.6,0,9156515,PCHM
2008-06-26T10:41:51,245968000,VOLENDAM,JUNEAU,58.29616667,-134.735715,137,139.1,10.6,0,9156515,PCHM
2008-06-26T10:41:41,245968000,VOLENDAM,JUNEAU,58.29658,-134.7363733,137,138.5,10.7,0,9156515,PCHM
2008-06-26T10:41:32,245968000,VOLENDAM,JUNEAU,58.29691333,-134.736925,137,139.7,10.7,0,9156515,PCHM
2008-06-26T10:41:22,245968000,VOLENDAM,JUNEAU,58.29725167,-134.73748,137,138.6,10.4,0,9156515,PCHM
2008-06-26T10:41:12,245968000,VOLENDAM,JUNEAU,58.29765333,-134.73815,137,139.3,10.5,0,9156515,PCHM
2008-06-26T10:41:07,245968000,VOLENDAM,JUNEAU,58.29802,-134.7387517,0,0.0,0.0,0,9156515,PCHM
2008-06-26T10:41:01,245968000,VOLENDAM,JUNEAU,58.29802,-134.7387517,137,140.5,10.6,0,9156515,PCHM
2008-06-26T10:40:51,245968000,VOLENDAM,JUNEAU,58.29838833,-134.73937,137,139.3,10.6,0,9156515,PCHM
2008-06-26T10:40:41,245968000,VOLENDAM,JUNEAU,58.29877333,-134.7399733,137,139.0,10.5,0,9156515,PCHM
2008-06-26T10:40:32,245968000,VOLENDAM,JUNEAU,58.29910833,-134.7405233,137,139.1,10.6,0,9156515,PCHM
2008-06-26T10:40:22,245968000,VOLENDAM,JUNEAU,58.299475,-134.7411433,137,139.8,10.8,0,9156515,PCHM
2008-06-26T10:40:12,245968000,VOLENDAM,JUNEAU,58.299845,-134.7417467,137,138.1,10.5,0,9156515,PCHM
2008-06-26T10:40:01,245968000,VOLENDAM,JUNEAU,58.30029667,-134.7424833,137,138.9,10.6,0,9156515,PCHM
2008-06-26T10:39:51,245968000,VOLENDAM,JUNEAU,58.300665,-134.7430867,137,139.1,10.6,0,9156515,PCHM
2008-06-26T10:39:41,245968000,VOLENDAM,JUNEAU,58.30105,-134.7436917,137,140.1,10.7,0,9156515,PCHM
2008-06-26T10:39:32,245968000,VOLENDAM,JUNEAU,58.301385,-134.7442417,137,139.4,10.6,0,9156515,PCHM
2008-06-26T10:39:22,245968000,VOLENDAM,JUNEAU,58.30172,-134.7447783,137,139.8,10.7,0,9156515,PCHM
2008-06-26T10:39:12,245968000,VOLENDAM,JUNEAU,58.30208833,-134.7453983,137,139.2,10.7,0,9156515,PCHM
2008-06-26T10:39:01,245968000,VOLENDAM,JUNEAU,58.30254167,-134.7461183,137,139.9,10.7,0,9156515,PCHM
2008-06-26T10:38:51,245968000,VOLENDAM,JUNEAU,58.302875,-134.74667,137,139.7,10.7,0,9156515,PCHM
2008-06-26T10:38:41,245968000,VOLENDAM,JUNEAU,58.30326,-134.7472717,137,139.5,10.6,0,9156515,PCHM
2008-06-26T10:38:32,245968000,VOLENDAM,JUNEAU,58.303595,-134.747825,137,140.0,10.7,0,9156515,PCHM
2008-06-26T10:38:21,245968000,VOLENDAM,JUNEAU,58.303995,-134.7484933,137,140.2,10.7,0,9156515,PCHM
2008-06-26T10:38:12,245968000,VOLENDAM,JUNEAU,58.30434667,-134.7490283,137,139.3,10.6,0,9156515,PCHM
2008-06-26T10:38:01,245968000,VOLENDAM,JUNEAU,58.304745,-134.7496867,137,139.2,10.7,0,9156515,PCHM
2008-06-26T10:37:51,245968000,VOLENDAM,JUNEAU,58.30513167,-134.7503067,137,138.9,10.7,0,9156515,PCHM
2008-06-26T10:37:41,245968000,VOLENDAM,JUNEAU,58.3055,-134.7509117,137,139.3,10.9,0,9156515,PCHM
2008-06-26T10:37:32,245968000,VOLENDAM,JUNEAU,58.30586833,-134.7515133,137,139.0,10.5,0,9156515,PCHM
2008-06-26T10:37:27,245968000,VOLENDAM,JUNEAU,58.302,-134.751167,511,360.0,102.3,15,9156515,PCHM
2008-06-26T10:37:21,245968000,VOLENDAM,JUNEAU,58.30628667,-134.752185,137,139.2,10.6,0,9156515,PCHM
2008-06-26T10:37:12,245968000,VOLENDAM,JUNEAU,58.30662167,-134.7527367,137,140.3,10.6,0,9156515,PCHM
2008-06-26T10:37:01,245968000,VOLENDAM,JUNEAU,58.30698833,-134.753355,137,139.2,10.5,0,9156515,PCHM
2008-06-26T10:36:51,245968000,VOLENDAM,JUNEAU,58.30735667,-134.7539567,137,139.1,10.6,0,9156515,PCHM
2008-06-26T10:36:41,245968000,VOLENDAM,JUNEAU,58.30776,-134.7546267,137,139.2,10.6,0,9156515,PCHM
2008-06-26T10:36:32,245968000,VOLENDAM,JUNEAU,58.30806,-134.7551117,137,139.2,10.7,0,9156515,PCHM
2008-06-26T10:36:21,245968000,VOLENDAM,JUNEAU,58.30846333,-134.7557833,137,139.3,10.6,0,9156515,PCHM
2008-06-26T10:36:12,245968000,VOLENDAM,JUNEAU,58.30879667,-134.7563367,137,140.1,10.9,0,9156515,PCHM
2008-06-26T10:36:01,245968000,VOLENDAM,JUNEAU,58.3092,-134.757005,137,138.3,10.6,0,9156515,PCHM
2008-06-26T10:35:51,245968000,VOLENDAM,JUNEAU,58.30957,-134.757625,137,137.9,10.6,0,9156515,PCHM
2008-06-26T10:35:41,245968000,VOLENDAM,JUNEAU,58.30993667,-134.7582283,137,138.9,10.7,0,9156515,PCHM
2008-06-26T10:35:32,245968000,VOLENDAM,JUNEAU,58.31027333,-134.7588,137,139.8,10.6,0,9156515,PCHM
2008-06-26T10:35:21,245968000,VOLENDAM,JUNEAU,58.31067333,-134.7594667,137,138.3,10.6,0,9156515,PCHM
2008-06-26T10:35:12,245968000,VOLENDAM,JUNEAU,58.31100833,-134.76002,137,138.8,10.6,0,9156515,PCHM
2008-06-26T10:35:08,245968000,VOLENDAM,JUNEAU,58.31144333,-134.7607533,0,0.0,0.0,0,9156515,PCHM
2008-06-26T10:35:01,245968000,VOLENDAM,JUNEAU,58.31144333,-134.7607533,137,137.8,10.6,0,9156515,PCHM
2008-06-26T10:34:52,245968000,VOLENDAM,JUNEAU,58.31177667,-134.7613233,137,138.4,10.7,0,9156515,PCHM
2008-06-26T10:34:41,245968000,VOLENDAM,JUNEAU,58.31217833,-134.7619917,137,138.3,10.6,0,9156515,PCHM
2008-06-26T10:34:32,245968000,VOLENDAM,JUNEAU,58.31251333,-134.7625617,137,138.6,10.7,0,9156515,PCHM
2008-06-26T10:34:21,245968000,VOLENDAM,JUNEAU,58.31288167,-134.7631817,137,138.1,10.6,0,9156515,PCHM
2008-06-26T10:34:13,245968000,VOLENDAM,JUNEAU,58.3132,-134.7637317,137,138.1,10.6,0,9156515,PCHM
2008-06-26T10:34:01,245968000,VOLENDAM,JUNEAU,58.31361333,-134.7644233,137,138.5,10.6,0,9156515,PCHM
2008-06-26T10:33:52,245968000,VOLENDAM,JUNEAU,58.313965,-134.76504,137,137.8,10.7,0,9156515,PCHM
2008-06-26T10:33:41,245968000,VOLENDAM,JUNEAU,58.31433333,-134.765675,137,138.3,10.6,0,9156515,PCHM
2008-06-26T10:33:32,245968000,VOLENDAM,JUNEAU,58.31466667,-134.7662417,137,137.2,10.7,0,9156515,PCHM
2008-06-26T10:33:21,245968000,VOLENDAM,JUNEAU,58.31506667,-134.7669267,137,137.8,10.7,0,9156515,PCHM
2008-06-26T10:33:13,245968000,VOLENDAM,JUNEAU,58.31540167,-134.767495,137,137.7,10.7,0,9156515,PCHM
2008-06-26T10:33:01,245968000,VOLENDAM,JUNEAU,58.31580333,-134.7681817,137,138.1,10.6,0,9156515,PCHM
2008-06-26T10:32:52,245968000,VOLENDAM,JUNEAU,58.31612,-134.7687483,137,137.3,10.8,0,9156515,PCHM
2008-06-26T10:32:41,245968000,VOLENDAM,JUNEAU,58.31652167,-134.7694517,137,136.8,10.7,0,9156515,PCHM
2008-06-26T10:32:31,245968000,VOLENDAM,JUNEAU,58.31689,-134.7700883,137,137.4,10.8,0,9156515,PCHM
2008-06-26T10:32:21,245968000,VOLENDAM,JUNEAU,58.31729167,-134.77079,137,136.4,10.6,0,9156515,PCHM
2008-06-26T10:32:12,245968000,VOLENDAM,JUNEAU,58.31757667,-134.7712917,137,136.9,10.6,0,9156515,PCHM
2008-06-26T10:32:02,245968000,VOLENDAM,JUNEAU,58.31794333,-134.771925,137,136.4,10.8,0,9156515,PCHM
2008-06-26T10:31:52,245968000,VOLENDAM,JUNEAU,58.31834667,-134.7726283,137,136.5,10.7,0,9156515,PCHM
2008-06-26T10:31:41,245968000,VOLENDAM,JUNEAU,58.31873,-134.7733333,137,138.3,10.7,0,9156515,PCHM
2008-06-26T10:31:32,245968000,VOLENDAM,JUNEAU,58.319065,-134.7739167,137,137.6,10.8,0,9156515,PCHM
2008-06-26T10:31:21,245968000,VOLENDAM,JUNEAU,58.31943333,-134.7745533,137,136.9,10.8,0,9156515,PCHM
2008-06-26T10:31:13,245968000,VOLENDAM,JUNEAU,58.31975167,-134.7751383,137,136.2,10.7,0,9156515,PCHM
2008-06-26T10:31:02,245968000,VOLENDAM,JUNEAU,58.32011667,-134.7757717,137,137.4,10.6,0,9156515,PCHM
2008-06-26T10:30:52,245968000,VOLENDAM,JUNEAU,58.32050167,-134.7764733,137,137.5,10.8,0,9156515,PCHM
2008-06-26T10:30:41,245968000,VOLENDAM,JUNEAU,58.32086833,-134.7771233,137,137.0,10.7,0,9156515,PCHM
2008-06-26T10:30:32,245968000,VOLENDAM,JUNEAU,58.321235,-134.7777567,137,136.8,10.7,0,9156515,PCHM
2008-06-26T10:30:23,245968000,VOLENDAM,JUNEAU,58.32152,-134.778275,137,137.0,10.8,0,9156515,PCHM
2008-06-26T10:30:12,245968000,VOLENDAM,JUNEAU,58.32192167,-134.778995,137,137.3,10.8,0,9156515,PCHM
2008-06-26T10:30:02,245968000,VOLENDAM,JUNEAU,58.32227333,-134.7796317,137,138.0,10.6,0,9156515,PCHM
2008-06-26T10:29:52,245968000,VOLENDAM,JUNEAU,58.32267333,-134.7803317,137,136.8,10.7,0,9156515,PCHM
2008-06-26T10:29:42,245968000,VOLENDAM,JUNEAU,58.32304167,-134.780985,137,137.5,10.7,0,9156515,PCHM
2008-06-26T10:29:32,245968000,VOLENDAM,JUNEAU,58.32339333,-134.7816217,137,136.8,10.7,0,9156515,PCHM
2008-06-26T10:29:23,245968000,VOLENDAM,JUNEAU,58.32372833,-134.7822067,137,137.2,10.7,0,9156515,PCHM
2008-06-26T10:29:12,245968000,VOLENDAM,JUNEAU,58.32412833,-134.7829067,137,136.9,10.9,0,9156515,PCHM
2008-06-26T10:29:07,245968000,VOLENDAM,JUNEAU,58.32444667,-134.783495,0,0.0,0.0,0,9156515,PCHM
2008-06-26T10:29:02,245968000,VOLENDAM,JUNEAU,58.32444667,-134.783495,137,136.6,10.6,0,9156515,PCHM
2008-06-26T10:28:52,245968000,VOLENDAM,JUNEAU,58.32483,-134.78421,137,135.5,10.7,0,9156515,PCHM
2008-06-26T10:28:42,245968000,VOLENDAM,JUNEAU,58.32516333,-134.784795,137,136.3,10.7,0,9156515,PCHM
2008-06-26T10:28:32,245968000,VOLENDAM,JUNEAU,58.325565,-134.7855033,137,136.3,10.6,0,9156515,PCHM
2008-06-26T10:28:23,245968000,VOLENDAM,JUNEAU,58.32588167,-134.7860883,137,137.0,10.7,0,9156515,PCHM
2008-06-26T10:28:12,245968000,VOLENDAM,JUNEAU,58.32628333,-134.78679,137,136.7,10.7,0,9156515,PCHM
2008-06-26T10:28:02,245968000,VOLENDAM,JUNEAU,58.3266,-134.787375,137,136.8,10.8,0,9156515,PCHM
2008-06-26T10:27:52,245968000,VOLENDAM,JUNEAU,58.32695167,-134.7880267,137,137.1,10.8,0,9156515,PCHM
2008-06-26T10:27:42,245968000,VOLENDAM,JUNEAU,58.32732167,-134.7886833,137,137.6,10.8,0,9156515,PCHM
2008-06-26T10:27:32,245968000,VOLENDAM,JUNEAU,58.32770667,-134.789385,137,136.5,10.8,0,9156515,PCHM
2008-06-26T10:27:23,245968000,VOLENDAM,JUNEAU,58.32804167,-134.7899717,137,136.7,10.8,0,9156515,PCHM
2008-06-26T10:27:12,245968000,VOLENDAM,JUNEAU,58.32844333,-134.7906917,137,136.9,10.8,0,9156515,PCHM
2008-06-26T10:27:02,245968000,VOLENDAM,JUNEAU,58.32876,-134.7912767,137,136.9,10.8,0,9156515,PCHM
2008-06-26T10:26:52,245968000,VOLENDAM,JUNEAU,58.32912833,-134.79191,137,136.5,10.6,0,9156515,PCHM
2008-06-26T10:26:42,245968000,VOLENDAM,JUNEAU,58.32947833,-134.7925617,137,136.7,10.6,0,9156515,PCHM
2008-06-26T10:26:32,245968000,VOLENDAM,JUNEAU,58.32987833,-134.79328,137,137.3,10.8,0,9156515,PCHM
2008-06-26T10:26:23,245968000,VOLENDAM,JUNEAU,58.33021333,-134.7938483,137,137.2,10.8,0,9156515,PCHM
2008-06-26T10:26:11,245968000,VOLENDAM,JUNEAU,58.330615,-134.7945517,137,136.2,10.8,0,9156515,PCHM
2008-06-26T10:26:01,245968000,VOLENDAM,JUNEAU,58.33098333,-134.795205,137,137.2,10.8,0,9156515,PCHM
2008-06-26T10:25:52,245968000,VOLENDAM,JUNEAU,58.33131833,-134.7957733,137,137.9,10.9,0,9156515,PCHM
2008-06-26T10:25:42,245968000,VOLENDAM,JUNEAU,58.33168667,-134.796425,137,137.7,10.8,0,9156515,PCHM
2008-06-26T10:25:32,245968000,VOLENDAM,JUNEAU,58.33208833,-134.79713,137,138.5,10.6,0,9156515,PCHM
2008-06-26T10:25:23,245968000,VOLENDAM,JUNEAU,58.33242167,-134.7976967,137,137.8,10.8,0,9156515,PCHM
2008-06-26T10:25:11,245968000,VOLENDAM,JUNEAU,58.332825,-134.7984017,137,137.8,10.8,0,9156515,PCHM
2008-06-26T10:25:01,245968000,VOLENDAM,JUNEAU,58.333225,-134.7991017,137,137.6,10.8,0,9156515,PCHM
2008-06-26T10:24:52,245968000,VOLENDAM,JUNEAU,58.333525,-134.7996033,137,137.8,10.8,0,9156515,PCHM
2008-06-26T10:24:42,245968000,VOLENDAM,JUNEAU,58.33392667,-134.8003067,137,138.2,10.6,0,9156515,PCHM
2008-06-26T10:24:31,245968000,VOLENDAM,JUNEAU,58.33432667,-134.80099,137,138.1,10.8,0,9156515,PCHM
2008-06-26T10:24:23,245968000,VOLENDAM,JUNEAU,58.33462833,-134.8014917,137,137.9,10.8,0,9156515,PCHM
2008-06-26T10:24:11,245968000,VOLENDAM,JUNEAU,58.33506333,-134.802245,137,138.6,10.7,0,9156515,PCHM
2008-06-26T10:24:01,245968000,VOLENDAM,JUNEAU,58.33541333,-134.80282,137,138.2,10.7,0,9156515,PCHM
2008-06-26T10:23:53,245968000,VOLENDAM,JUNEAU,58.33573167,-134.80339,137,138.3,10.6,0,9156515,PCHM
2008-06-26T10:23:42,245968000,VOLENDAM,JUNEAU,58.3361,-134.8040083,137,138.0,10.7,0,9156515,PCHM
2008-06-26T10:23:31,245968000,VOLENDAM,JUNEAU,58.33651667,-134.8046917,137,138.4,10.8,0,9156515,PCHM
2008-06-26T10:23:23,245968000,VOLENDAM,JUNEAU,58.33685167,-134.8052617,137,137.9,10.7,0,9156515,PCHM
2008-06-26T10:23:11,245968000,VOLENDAM,JUNEAU,58.33725333,-134.80593,137,137.4,10.6,0,9156515,PCHM
2008-06-26T10:23:08,245968000,VOLENDAM,JUNEAU,58.33762,-134.806565,0,0.0,0.0,0,9156515,PCHM
2008-06-26T10:23:01,245968000,VOLENDAM,JUNEAU,58.33762,-134.806565,137,138.6,10.6,0,9156515,PCHM
2008-06-26T10:22:51,245968000,VOLENDAM,JUNEAU,58.33798833,-134.807185,137,138.2,10.5,0,9156515,PCHM
2008-06-26T10:22:42,245968000,VOLENDAM,JUNEAU,58.33832167,-134.8077383,137,139.6,10.6,0,9156515,PCHM
2008-06-26T10:22:31,245968000,VOLENDAM,JUNEAU,58.33875833,-134.8084917,137,137.9,10.5,0,9156515,PCHM
2008-06-26T10:22:23,245968000,VOLENDAM,JUNEAU,58.33904167,-134.8089767,137,139.1,10.5,0,9156515,PCHM
2008-06-26T10:22:11,245968000,VOLENDAM,JUNEAU,58.339495,-134.8097133,136,137.3,10.3,0,9156515,PCHM
2008-06-26T10:22:01,245968000,VOLENDAM,JUNEAU,58.33981333,-134.8102817,136,137.2,10.4,0,9156515,PCHM
2008-06-26T10:21:51,245968000,VOLENDAM,JUNEAU,58.340165,-134.8109017,136,137.3,10.4,0,9156515,PCHM
2008-06-26T10:21:42,245968000,VOLENDAM,JUNEAU,58.34053333,-134.8115217,136,137.3,10.4,0,9156515,PCHM
2008-06-26T10:21:31,245968000,VOLENDAM,JUNEAU,58.340885,-134.81214,136,137.3,10.4,0,9156515,PCHM
2008-06-26T10:21:23,245968000,VOLENDAM,JUNEAU,58.34120333,-134.8126917,136,136.8,10.6,0,9156515,PCHM
2008-06-26T10:21:11,245968000,VOLENDAM,JUNEAU,58.34158833,-134.8133617,136,137.5,10.4,0,9156515,PCHM
2008-06-26T10:21:01,245968000,VOLENDAM,JUNEAU,58.34195833,-134.813985,136,138.1,10.3,0,9156515,PCHM
2008-06-26T10:20:51,245968000,VOLENDAM,JUNEAU,58.34231167,-134.8146067,136,136.9,10.4,0,9156515,PCHM
2008-06-26T10:20:42,245968000,VOLENDAM,JUNEAU,58.34262833,-134.81516,136,137.8,10.5,0,9156515,PCHM
2008-06-26T10:20:31,245968000,VOLENDAM,JUNEAU,58.34301333,-134.815845,136,138.8,10.4,0,9156515,PCHM
2008-06-26T10:20:23,245968000,VOLENDAM,JUNEAU,58.34333167,-134.8164133,136,137.7,10.3,0,9156515,PCHM
2008-06-26T10:20:11,245968000,VOLENDAM,JUNEAU,58.34368333,-134.8170167,136,136.8,10.4,0,9156515,PCHM
2008-06-26T10:20:01,245968000,VOLENDAM,JUNEAU,58.34411667,-134.817765,136,137.2,10.4,0,9156515,PCHM
2008-06-26T10:19:51,245968000,VOLENDAM,JUNEAU,58.34446833,-134.8183767,136,137.3,10.2,0,9156515,PCHM
2008-06-26T10:19:42,245968000,VOLENDAM,JUNEAU,58.34478333,-134.8189267,136,137.4,10.4,0,9156515,PCHM
2008-06-26T10:19:31,245968000,VOLENDAM,JUNEAU,58.345185,-134.8196133,136,138.1,10.4,0,9156515,PCHM
2008-06-26T10:19:23,245968000,VOLENDAM,JUNEAU,58.34547,-134.8200983,136,137.6,10.3,0,9156515,PCHM
2008-06-26T10:19:12,245968000,VOLENDAM,JUNEAU,58.34585667,-134.820785,136,137.2,10.3,0,9156515,PCHM
2008-06-26T10:19:01,245968000,VOLENDAM,JUNEAU,58.34620833,-134.821405,136,137.7,10.3,0,9156515,PCHM
2008-06-26T10:18:51,245968000,VOLENDAM,JUNEAU,58.34656,-134.82201,136,137.2,10.3,0,9156515,PCHM
2008-06-26T10:18:42,245968000,VOLENDAM,JUNEAU,58.34687833,-134.8225617,136,136.9,10.4,0,9156515,PCHM
2008-06-26T10:18:31,245968000,VOLENDAM,JUNEAU,58.34726333,-134.8232483,136,137.4,10.4,0,9156515,PCHM
2008-06-26T10:18:22,245968000,VOLENDAM,JUNEAU,58.347615,-134.8238517,136,136.9,10.4,0,9156515,PCHM
2008-06-26T10:18:12,245968000,VOLENDAM,JUNEAU,58.34796833,-134.8244883,136,136.4,10.4,0,9156515,PCHM
2008-06-26T10:18:03,245968000,VOLENDAM,JUNEAU,58.34825333,-134.824975,136,137.0,10.5,0,9156515,PCHM
2008-06-26T10:17:52,245968000,VOLENDAM,JUNEAU,58.34863667,-134.8256783,136,138.0,10.4,0,9156515,PCHM
2008-06-26T10:17:42,245968000,VOLENDAM,JUNEAU,58.348955,-134.82623,136,137.8,10.4,0,9156515,PCHM
2008-06-26T10:17:31,245968000,VOLENDAM,JUNEAU,58.34940833,-134.8270367,136,137.3,10.4,0,9156515,PCHM
2008-06-26T10:17:22,245968000,VOLENDAM,JUNEAU,58.34972667,-134.8275883,136,137.1,10.4,0,9156515,PCHM
2008-06-26T10:17:11,245968000,VOLENDAM,JUNEAU,58.35007833,-134.8282083,136,136.7,10.3,0,9156515,PCHM
2008-06-26T10:17:07,245968000,VOLENDAM,JUNEAU,58.35039667,-134.8287783,0,0.0,0.0,0,9156515,PCHM
2008-06-26T10:17:03,245968000,VOLENDAM,JUNEAU,58.35039667,-134.8287783,136,137.0,10.3,0,9156515,PCHM
2008-06-26T10:16:52,245968000,VOLENDAM,JUNEAU,58.35074833,-134.8294133,136,137.0,10.5,0,9156515,PCHM
2008-06-26T10:16:43,245968000,VOLENDAM,JUNEAU,58.35109833,-134.83003,137,138.3,10.4,0,9156515,PCHM
2008-06-26T10:16:31,245968000,VOLENDAM,JUNEAU,58.35148333,-134.8307167,137,137.7,10.2,0,9156515,PCHM
2008-06-26T10:16:22,245968000,VOLENDAM,JUNEAU,58.35183167,-134.83132,136,136.6,10.5,0,9156515,PCHM
2008-06-26T10:16:12,245968000,VOLENDAM,JUNEAU,58.35215,-134.83189,136,137.0,10.4,0,9156515,PCHM
2008-06-26T10:16:03,245968000,VOLENDAM,JUNEAU,58.35251833,-134.8325083,136,136.2,10.5,0,9156515,PCHM
2008-06-26T10:15:52,245968000,VOLENDAM,JUNEAU,58.35287,-134.8331317,136,137.7,10.5,0,9156515,PCHM
2008-06-26T10:15:43,245968000,VOLENDAM,JUNEAU,58.35322167,-134.83375,136,136.2,10.4,0,9156515,PCHM
2008-06-26T10:15:31,245968000,VOLENDAM,JUNEAU,58.35360667,-134.8344367,136,137.6,10.4,0,9156515,PCHM
2008-06-26T10:15:22,245968000,VOLENDAM,JUNEAU,58.353925,-134.835005,136,137.5,10.5,0,9156515,PCHM
2008-06-26T10:15:12,245968000,VOLENDAM,JUNEAU,58.35431167,-134.8356933,136,137.1,10.5,0,9156515,PCHM
2008-06-26T10:15:03,245968000,VOLENDAM,JUNEAU,58.35463,-134.8362483,136,137.8,10.6,0,9156515,PCHM
2008-06-26T10:14:52,245968000,VOLENDAM,JUNEAU,58.35498,-134.8368817,136,137.5,10.5,0,9156515,PCHM
2008-06-26T10:14:43,245968000,VOLENDAM,JUNEAU,58.35534833,-134.8375017,136,137.2,10.5,0,9156515,PCHM
2008-06-26T10:14:31,245968000,VOLENDAM,JUNEAU,58.35573333,-134.8381883,136,137.7,10.4,0,9156515,PCHM
2008-06-26T10:14:22,245968000,VOLENDAM,JUNEAU,58.35610167,-134.8388067,136,137.5,10.5,0,9156515,PCHM
2008-06-26T10:14:12,245968000,VOLENDAM,JUNEAU,58.356455,-134.8394283,136,137.3,10.5,0,9156515,PCHM
2008-06-26T10:14:03,245968000,VOLENDAM,JUNEAU,58.35677333,-134.8399833,136,137.2,10.6,0,9156515,PCHM
2008-06-26T10:13:52,245968000,VOLENDAM,JUNEAU,58.35712333,-134.8406017,136,138.9,10.5,0,9156515,PCHM
2008-06-26T10:13:42,245968000,VOLENDAM,JUNEAU,58.35749167,-134.8412183,136,137.8,10.4,0,9156515,PCHM
2008-06-26T10:13:31,245968000,VOLENDAM,JUNEAU,58.35787667,-134.8418883,136,137.5,10.4,0,9156515,PCHM
2008-06-26T10:13:22,245968000,VOLENDAM,JUNEAU,58.358245,-134.8425083,136,137.1,10.4,0,9156515,PCHM
2008-06-26T10:13:12,245968000,VOLENDAM,JUNEAU,58.35856167,-134.8430583,136,138.0,10.5,0,9156515,PCHM
2008-06-26T10:13:03,245968000,VOLENDAM,JUNEAU,58.35889667,-134.8436117,136,136.2,10.5,0,9156515,PCHM
2008-06-26T10:12:51,245968000,VOLENDAM,JUNEAU,58.359315,-134.844365,136,137.9,10.3,0,9156515,PCHM
2008-06-26T10:12:43,245968000,VOLENDAM,JUNEAU,58.35968333,-134.8449667,136,136.5,10.3,0,9156515,PCHM
2008-06-26T10:12:31,245968000,VOLENDAM,JUNEAU,58.36006667,-134.8456583,136,137.4,10.5,0,9156515,PCHM
2008-06-26T10:12:22,245968000,VOLENDAM,JUNEAU,58.36040167,-134.84621,136,137.2,10.4,0,9156515,PCHM
2008-06-26T10:12:12,245968000,VOLENDAM,JUNEAU,58.36075167,-134.84683,136,138.1,10.4,0,9156515,PCHM
2008-06-26T10:12:03,245968000,VOLENDAM,JUNEAU,58.36107,-134.84738,136,137.9,10.4,0,9156515,PCHM
2008-06-26T10:11:51,245968000,VOLENDAM,JUNEAU,58.36150333,-134.84813,136,137.7,10.7,0,9156515,PCHM
2008-06-26T10:11:43,245968000,VOLENDAM,JUNEAU,58.36178833,-134.848615,136,137.4,10.6,0,9156515,PCHM
2008-06-26T10:11:32,245968000,VOLENDAM,JUNEAU,58.362155,-134.8492517,137,138.2,10.5,0,9156515,PCHM
2008-06-26T10:11:22,245968000,VOLENDAM,JUNEAU,58.36250667,-134.84987,137,138.5,10.5,0,9156515,PCHM
2008-06-26T10:11:12,245968000,VOLENDAM,JUNEAU,58.36287333,-134.8504733,137,138.7,10.5,0,9156515,PCHM
2008-06-26T10:11:08,245968000,VOLENDAM,JUNEAU,58.36324333,-134.8510933,0,0.0,0.0,0,9156515,PCHM
2008-06-26T10:11:03,245968000,VOLENDAM,JUNEAU,58.36324333,-134.8510933,137,138.2,10.5,0,9156515,PCHM
2008-06-26T10:10:51,245968000,VOLENDAM,JUNEAU,58.36362667,-134.8517617,137,137.9,10.6,0,9156515,PCHM
2008-06-26T10:10:42,245968000,VOLENDAM,JUNEAU,58.36396333,-134.852315,137,138.5,10.6,0,9156515,PCHM
2008-06-26T10:10:32,245968000,VOLENDAM,JUNEAU,58.36433,-134.8529317,137,138.1,10.6,0,9156515,PCHM
2008-06-26T10:10:22,245968000,VOLENDAM,JUNEAU,58.36468167,-134.8535517,137,138.2,10.6,0,9156515,PCHM
2008-06-26T10:10:12,245968000,VOLENDAM,JUNEAU,58.36508333,-134.85422,137,138.4,10.6,0,9156515,PCHM
2008-06-26T10:10:01,245968000,VOLENDAM,JUNEAU,58.36545167,-134.85484,137,139.3,10.4,0,9156515,PCHM
2008-06-26T10:09:51,245968000,VOLENDAM,JUNEAU,58.36585167,-134.855525,137,137.8,10.5,0,9156515,PCHM
2008-06-26T10:09:42,245968000,VOLENDAM,JUNEAU,58.36618667,-134.8560767,138,138.2,10.6,0,9156515,PCHM
2008-06-26T10:09:32,245968000,VOLENDAM,JUNEAU,58.36652,-134.8566283,138,139.0,10.6,0,9156515,PCHM
2008-06-26T10:09:22,245968000,VOLENDAM,JUNEAU,58.36687167,-134.85723,138,137.8,10.4,0,9156515,PCHM
2008-06-26T10:09:12,245968000,VOLENDAM,JUNEAU,58.36723833,-134.8578483,137,137.8,10.5,0,9156515,PCHM
2008-06-26T10:09:02,245968000,VOLENDAM,JUNEAU,58.36763833,-134.858515,137,138.7,10.5,0,9156515,PCHM
2008-06-26T10:08:51,245968000,VOLENDAM,JUNEAU,58.36804167,-134.8592017,137,138.7,10.7,0,9156515,PCHM
2008-06-26T10:08:42,245968000,VOLENDAM,JUNEAU,58.36834167,-134.8596867,137,138.2,10.5,0,9156515,PCHM
2008-06-26T10:08:32,245968000,VOLENDAM,JUNEAU,58.36871,-134.860305,137,138.7,10.7,0,9156515,PCHM
2008-06-26T10:08:22,245968000,VOLENDAM,JUNEAU,58.36906167,-134.86094,137,137.9,10.6,0,9156515,PCHM
2008-06-26T10:08:12,245968000,VOLENDAM,JUNEAU,58.36942833,-134.8615583,137,137.9,10.7,0,9156515,PCHM
2008-06-26T10:08:02,245968000,VOLENDAM,JUNEAU,58.36983,-134.8622267,137,139.3,10.5,0,9156515,PCHM
2008-06-26T10:07:53,245968000,VOLENDAM,JUNEAU,58.370115,-134.86273,137,138.0,10.5,0,9156515,PCHM
2008-06-26T10:07:42,245968000,VOLENDAM,JUNEAU,58.37056333,-134.8634717,137,137.8,10.6,0,9156515,PCHM
2008-06-26T10:07:32,245968000,VOLENDAM,JUNEAU,58.37091667,-134.8640917,137,137.9,10.6,0,9156515,PCHM
2008-06-26T10:07:22,245968000,VOLENDAM,JUNEAU,58.37128167,-134.8647083,137,138.3,10.6,0,9156515,PCHM
2008-06-26T10:07:12,245968000,VOLENDAM,JUNEAU,58.37165,-134.8653417,137,137.8,10.6,0,9156515,PCHM
2008-06-26T10:07:02,245968000,VOLENDAM,JUNEAU,58.372,-134.865945,137,138.5,10.6,0,9156515,PCHM
2008-06-26T10:06:53,245968000,VOLENDAM,JUNEAU,58.372335,-134.866515,137,139.2,10.4,0,9156515,PCHM
2008-06-26T10:06:42,245968000,VOLENDAM,JUNEAU,58.37270333,-134.8671167,137,139.2,10.4,0,9156515,PCHM
2008-06-26T10:06:32,245968000,VOLENDAM,JUNEAU,58.373055,-134.8677333,137,138.5,10.3,0,9156515,PCHM
2008-06-26T10:06:22,245968000,VOLENDAM,JUNEAU,58.37342167,-134.8683383,138,141.1,10.4,0,9156515,PCHM
2008-06-26T10:06:12,245968000,VOLENDAM,JUNEAU,58.37379,-134.86894,139,141.5,10.5,0,9156515,PCHM
2008-06-26T10:06:01,245968000,VOLENDAM,JUNEAU,58.37420667,-134.8695917,140,142.4,10.5,0,9156515,PCHM
2008-06-26T10:05:53,245968000,VOLENDAM,JUNEAU,58.37454167,-134.8701117,141,142.8,10.6,0,9156515,PCHM
2008-06-26T10:05:42,245968000,VOLENDAM,JUNEAU,58.37492667,-134.8706667,143,145.5,10.6,0,9156515,PCHM
2008-06-26T10:05:32,245968000,VOLENDAM,JUNEAU,58.375325,-134.8712167,145,145.8,10.6,0,9156515,PCHM
2008-06-26T10:05:22,245968000,VOLENDAM,JUNEAU,58.37572667,-134.8717383,147,148.8,10.5,0,9156515,PCHM
2008-06-26T10:05:12,245968000,VOLENDAM,JUNEAU,58.37617667,-134.87229,148,149.9,10.6,0,9156515,PCHM
2008-06-26T10:05:09,245968000,VOLENDAM,JUNEAU,58.37663,-134.8728117,0,0.0,0.0,0,9156515,PCHM
2008-06-26T10:05:01,245968000,VOLENDAM,JUNEAU,58.37663,-134.8728117,150,150.9,10.6,0,9156515,PCHM
2008-06-26T10:04:53,245968000,VOLENDAM,JUNEAU,58.37698,-134.87318,151,152.4,10.6,0,9156515,PCHM
2008-06-26T10:04:42,245968000,VOLENDAM,JUNEAU,58.37744833,-134.8736667,152,153.5,10.5,0,9156515,PCHM
2008-06-26T10:04:32,245968000,VOLENDAM,JUNEAU,58.37783333,-134.8740517,153,154.3,10.6,0,9156515,PCHM
2008-06-26T10:04:22,245968000,VOLENDAM,JUNEAU,58.37826833,-134.8744683,153,153.7,10.5,0,9156515,PCHM
2008-06-26T10:04:12,245968000,VOLENDAM,JUNEAU,58.37875167,-134.87492,153,154.1,10.6,0,9156515,PCHM
2008-06-26T10:04:01,245968000,VOLENDAM,JUNEAU,58.37920333,-134.87532,153,153.8,10.5,0,9156515,PCHM
2008-06-26T10:03:53,245968000,VOLENDAM,JUNEAU,58.37958667,-134.8756867,153,153.8,10.6,0,9156515,PCHM
2008-06-26T10:03:42,245968000,VOLENDAM,JUNEAU,58.38006833,-134.8761367,153,154.3,10.6,0,9156515,PCHM
2008-06-26T10:03:32,245968000,VOLENDAM,JUNEAU,58.38047,-134.876505,153,154.5,10.6,0,9156515,PCHM
2008-06-26T10:03:22,245968000,VOLENDAM,JUNEAU,58.380905,-134.8769067,153,154.8,10.6,0,9156515,PCHM
2008-06-26T10:03:12,245968000,VOLENDAM,JUNEAU,58.38135667,-134.8773067,153,153.3,10.5,0,9156515,PCHM
2008-06-26T10:03:01,245968000,VOLENDAM,JUNEAU,58.381825,-134.8777583,153,154.5,10.6,0,9156515,PCHM
2008-06-26T10:02:53,245968000,VOLENDAM,JUNEAU,58.382175,-134.878075,153,153.3,10.6,0,9156515,PCHM
2008-06-26T10:02:42,245968000,VOLENDAM,JUNEAU,58.38271,-134.87856,153,153.8,10.5,0,9156515,PCHM
2008-06-26T10:02:32,245968000,VOLENDAM,JUNEAU,58.38314333,-134.87896,153,153.1,10.5,0,9156515,PCHM
2008-06-26T10:02:22,245968000,VOLENDAM,JUNEAU,58.38357833,-134.8793783,153,154.2,10.5,0,9156515,PCHM
2008-06-26T10:02:12,245968000,VOLENDAM,JUNEAU,58.38401333,-134.87978,153,153.6,10.6,0,9156515,PCHM
2008-06-26T10:02:01,245968000,VOLENDAM,JUNEAU,58.38445667,-134.8801767,153,154.1,10.5,0,9156515,PCHM
2008-06-26T10:01:53,245968000,VOLENDAM,JUNEAU,58.38485,-134.88055,153,153.3,10.6,0,9156515,PCHM
2008-06-26T10:01:42,245968000,VOLENDAM,JUNEAU,58.38534,-134.8809933,153,153.8,10.5,0,9156515,PCHM
2008-06-26T10:01:32,245968000,VOLENDAM,JUNEAU,58.385725,-134.8813617,154,154.3,10.6,0,9156515,PCHM
2008-06-26T10:01:22,245968000,VOLENDAM,JUNEAU,58.38616167,-134.881765,154,153.9,10.6,0,9156515,PCHM
2008-06-26T10:01:12,245968000,VOLENDAM,JUNEAU,58.38661333,-134.882165,153,153.3,10.6,0,9156515,PCHM
2008-06-26T10:01:02,245968000,VOLENDAM,JUNEAU,58.3871,-134.8826033,153,154.9,10.4,0,9156515,PCHM
2008-06-26T10:00:53,245968000,VOLENDAM,JUNEAU,58.38748333,-134.8829683,153,153.4,10.6,0,9156515,PCHM
2008-06-26T10:00:42,245968000,VOLENDAM,JUNEAU,58.38793333,-134.883385,153,153.4,10.7,0,9156515,PCHM
2008-06-26T10:00:32,245968000,VOLENDAM,JUNEAU,58.38836667,-134.8838033,153,154.3,10.6,0,9156515,PCHM
2008-06-26T10:00:22,245968000,VOLENDAM,JUNEAU,58.38880167,-134.8842033,153,154.1,10.6,0,9156515,PCHM
2008-06-26T10:00:12,245968000,VOLENDAM,JUNEAU,58.38928833,-134.8846567,153,154.1,10.6,0,9156515,PCHM
2008-06-26T10:00:02,245968000,VOLENDAM,JUNEAU,58.38972333,-134.8850583,153,153.8,10.5,0,9156515,PCHM
2008-06-26T09:59:53,245968000,VOLENDAM,JUNEAU,58.390125,-134.885425,153,153.7,10.5,0,9156515,PCHM
2008-06-26T09:59:42,245968000,VOLENDAM,JUNEAU,58.39059333,-134.8858783,153,154.7,10.4,0,9156515,PCHM
2008-06-26T09:59:32,245968000,VOLENDAM,JUNEAU,58.39104333,-134.8862783,153,154.4,10.6,0,9156515,PCHM
2008-06-26T09:59:23,245968000,VOLENDAM,JUNEAU,58.39142833,-134.8866467,153,154.2,10.5,0,9156515,PCHM
2008-06-26T09:59:12,245968000,VOLENDAM,JUNEAU,58.39186333,-134.8870467,153,153.8,10.6,0,9156515,PCHM
2008-06-26T09:59:07,245968000,VOLENDAM,JUNEAU,58.39234667,-134.8874983,0,0.0,0.0,0,9156515,PCHM
2008-06-26T09:59:02,245968000,VOLENDAM,JUNEAU,58.39234667,-134.8874983,153,154.3,10.6,0,9156515,PCHM
2008-06-26T09:58:52,245968000,VOLENDAM,JUNEAU,58.39279833,-134.8879,153,153.4,10.6,0,9156515,PCHM
2008-06-26T09:58:42,245968000,VOLENDAM,JUNEAU,58.39323333,-134.8883183,153,153.6,10.7,0,9156515,PCHM
2008-06-26T09:58:32,245968000,VOLENDAM,JUNEAU,58.393635,-134.888685,153,153.6,10.5,0,9156515,PCHM
2008-06-26T09:58:23,245968000,VOLENDAM,JUNEAU,58.39407,-134.8890867,153,154.0,10.6,0,9156515,PCHM
2008-06-26T09:58:12,245968000,VOLENDAM,JUNEAU,58.394505,-134.889505,153,154.2,10.7,0,9156515,PCHM
2008-06-26T09:58:02,245968000,VOLENDAM,JUNEAU,58.39498833,-134.8899567,153,153.0,10.6,0,9156515,PCHM
2008-06-26T09:57:52,245968000,VOLENDAM,JUNEAU,58.39539,-134.890325,154,153.7,10.7,0,9156515,PCHM
2008-06-26T09:57:42,245968000,VOLENDAM,JUNEAU,58.395875,-134.890775,154,154.4,10.6,0,9156515,PCHM
2008-06-26T09:57:32,245968000,VOLENDAM,JUNEAU,58.39632667,-134.8911933,154,153.6,10.7,0,9156515,PCHM
2008-06-26T09:57:23,245968000,VOLENDAM,JUNEAU,58.39672833,-134.8915783,154,153.8,10.6,0,9156515,PCHM
2008-06-26T09:57:12,245968000,VOLENDAM,JUNEAU,58.39721333,-134.89203,153,152.5,10.8,0,9156515,PCHM
2008-06-26T09:57:02,245968000,VOLENDAM,JUNEAU,58.39764667,-134.8924467,153,153.8,10.8,0,9156515,PCHM
2008-06-26T09:56:52,245968000,VOLENDAM,JUNEAU,58.39809833,-134.8928817,153,153.7,10.6,0,9156515,PCHM
2008-06-26T09:56:41,245968000,VOLENDAM,JUNEAU,58.39853167,-134.8932983,153,152.4,10.6,0,9156515,PCHM
2008-06-26T09:56:32,245968000,VOLENDAM,JUNEAU,58.39892167,-134.8936917,153,153.8,10.6,0,9156515,PCHM
2008-06-26T09:56:23,245968000,VOLENDAM,JUNEAU,58.399375,-134.89411,153,153.7,10.6,0,9156515,PCHM
2008-06-26T09:56:12,245968000,VOLENDAM,JUNEAU,58.39981,-134.8945283,153,153.6,10.6,0,9156515,PCHM
2008-06-26T09:56:03,245968000,VOLENDAM,JUNEAU,58.400245,-134.894945,153,152.5,10.7,0,9156515,PCHM
2008-06-26T09:55:52,245968000,VOLENDAM,JUNEAU,58.40073,-134.8953983,153,153.2,10.6,0,9156515,PCHM
2008-06-26T09:55:41,245968000,VOLENDAM,JUNEAU,58.40118,-134.8958317,153,153.3,10.6,0,9156515,PCHM
2008-06-26T09:55:32,245968000,VOLENDAM,JUNEAU,58.40158167,-134.8962017,153,154.0,10.7,0,9156515,PCHM
2008-06-26T09:55:22,245968000,VOLENDAM,JUNEAU,58.40201667,-134.89662,153,155.1,10.6,0,9156515,PCHM
2008-06-26T09:55:11,245968000,VOLENDAM,JUNEAU,58.40255167,-134.8971017,153,152.4,10.6,0,9156515,PCHM
2008-06-26T09:55:03,245968000,VOLENDAM,JUNEAU,58.40290333,-134.8974383,153,154.2,10.6,0,9156515,PCHM
2008-06-26T09:54:52,245968000,VOLENDAM,JUNEAU,58.40338833,-134.89789,153,153.8,10.6,0,9156515,PCHM
2008-06-26T09:54:41,245968000,VOLENDAM,JUNEAU,58.403875,-134.8983433,153,154.5,10.5,0,9156515,PCHM
2008-06-26T09:54:32,245968000,VOLENDAM,JUNEAU,58.40425833,-134.89871,153,153.2,10.7,0,9156515,PCHM
2008-06-26T09:54:22,245968000,VOLENDAM,JUNEAU,58.40469167,-134.89911,153,154.6,10.6,0,9156515,PCHM
2008-06-26T09:54:11,245968000,VOLENDAM,JUNEAU,58.40517667,-134.89956,153,152.6,10.6,0,9156515,PCHM
2008-06-26T09:54:02,245968000,VOLENDAM,JUNEAU,58.40552667,-134.8998933,153,153.8,10.6,0,9156515,PCHM
2008-06-26T09:53:52,245968000,VOLENDAM,JUNEAU,58.40601,-134.900345,153,154.2,10.4,0,9156515,PCHM
2008-06-26T09:53:41,245968000,VOLENDAM,JUNEAU,58.406445,-134.9007467,153,154.3,10.4,0,9156515,PCHM
2008-06-26T09:53:32,245968000,VOLENDAM,JUNEAU,58.40684667,-134.9010967,153,153.1,10.5,0,9156515,PCHM
2008-06-26T09:53:22,245968000,VOLENDAM,JUNEAU,58.40728,-134.9014983,153,155.2,10.5,0,9156515,PCHM
2008-06-26T09:53:11,245968000,VOLENDAM,JUNEAU,58.40776667,-134.9019517,153,154.2,10.4,0,9156515,PCHM
2008-06-26T09:53:10,245968000,VOLENDAM,JUNEAU,58.40815,-134.9023017,0,0.0,0.0,0,9156515,PCHM
2008-06-26T09:53:03,245968000,VOLENDAM,JUNEAU,58.40815,-134.9023017,153,154.5,10.6,0,9156515,PCHM
2008-06-26T09:52:52,245968000,VOLENDAM,JUNEAU,58.4086,-134.9027017,153,154.5,10.6,0,9156515,PCHM
2008-06-26T09:52:42,245968000,VOLENDAM,JUNEAU,58.40907,-134.9031367,153,155.1,10.5,0,9156515,PCHM
2008-06-26T09:52:32,245968000,VOLENDAM,JUNEAU,58.40952167,-134.9035383,153,154.2,10.5,0,9156515,PCHM
2008-06-26T09:52:22,245968000,VOLENDAM,JUNEAU,58.40995667,-134.9039233,153,155.1,10.4,0,9156515,PCHM
2008-06-26T09:52:11,245968000,VOLENDAM,JUNEAU,58.41044,-134.9043567,153,154.0,10.5,0,9156515,PCHM
2008-06-26T09:52:01,245968000,VOLENDAM,JUNEAU,58.410875,-134.90476,153,156.5,10.5,0,9156515,PCHM
2008-06-26T09:51:52,245968000,VOLENDAM,JUNEAU,58.411275,-134.90511,153,156.3,10.4,0,9156515,PCHM
2008-06-26T09:51:42,245968000,VOLENDAM,JUNEAU,58.41171,-134.905495,153,156.1,10.4,0,9156515,PCHM
2008-06-26T09:51:32,245968000,VOLENDAM,JUNEAU,58.412145,-134.9058783,153,155.1,10.5,0,9156515,PCHM
2008-06-26T09:51:22,245968000,VOLENDAM,JUNEAU,58.412545,-134.9062283,153,155.9,10.6,0,9156515,PCHM
2008-06-26T09:51:11,245968000,VOLENDAM,JUNEAU,58.41308,-134.90668,153,155.9,10.5,0,9156515,PCHM
2008-06-26T09:51:01,245968000,VOLENDAM,JUNEAU,58.41347833,-134.90703,153,156.2,10.5,0,9156515,PCHM
2008-06-26T09:50:52,245968000,VOLENDAM,JUNEAU,58.41388167,-134.907365,153,154.4,10.5,0,9156515,PCHM
2008-06-26T09:50:42,245968000,VOLENDAM,JUNEAU,58.414365,-134.9077833,153,156.1,10.4,0,9156515,PCHM
2008-06-26T09:50:32,245968000,VOLENDAM,JUNEAU,58.41477333,-134.90813,153,156.9,10.5,0,9156515,PCHM
2008-06-26T09:50:21,245968000,VOLENDAM,JUNEAU,58.41530833,-134.9085667,154,157.5,10.5,0,9156515,PCHM
2008-06-26T09:50:11,245968000,VOLENDAM,JUNEAU,58.41576,-134.9089517,154,157.6,10.6,0,9156515,PCHM
2008-06-26T09:50:01,245968000,VOLENDAM,JUNEAU,58.41621167,-134.9093017,154,157.2,10.6,0,9156515,PCHM
2008-06-26T09:49:52,245968000,VOLENDAM,JUNEAU,58.41661167,-134.909635,154,156.8,10.5,0,9156515,PCHM
2008-06-26T09:49:42,245968000,VOLENDAM,JUNEAU,58.417065,-134.910005,154,157.5,10.5,0,9156515,PCHM
2008-06-26T09:49:32,245968000,VOLENDAM,JUNEAU,58.4175,-134.9103733,154,157.2,10.5,0,9156515,PCHM
2008-06-26T09:49:21,245968000,VOLENDAM,JUNEAU,58.41800167,-134.9107733,154,156.3,10.4,0,9156515,PCHM
2008-06-26T09:49:01,245968000,VOLENDAM,JUNEAU,58.41889,-134.91151,154,155.5,10.5,0,9156515,PCHM
2008-06-26T09:48:52,245968000,VOLENDAM,JUNEAU,58.41924167,-134.9118117,154,156.7,10.5,0,9156515,PCHM
2008-06-26T09:48:42,245968000,VOLENDAM,JUNEAU,58.41974167,-134.91223,154,156.4,10.4,0,9156515,PCHM
2008-06-26T09:48:32,245968000,VOLENDAM,JUNEAU,58.42012833,-134.9125633,154,155.2,10.2,0,9156515,PCHM
2008-06-26T09:48:21,245968000,VOLENDAM,JUNEAU,58.42061333,-134.9129833,154,155.7,10.3,0,9156515,PCHM
2008-06-26T09:48:11,245968000,VOLENDAM,JUNEAU,58.42105,-134.9133667,154,153.8,10.4,0,9156515,PCHM
2008-06-26T09:48:01,245968000,VOLENDAM,JUNEAU,58.421485,-134.9137533,154,153.4,10.3,0,9156515,PCHM
2008-06-26T09:47:52,245968000,VOLENDAM,JUNEAU,58.42185333,-134.9141217,154,152.8,10.1,0,9156515,PCHM
2008-06-26T09:47:42,245968000,VOLENDAM,JUNEAU,58.42232333,-134.9145733,154,152.7,10.2,0,9156515,PCHM
2008-06-26T09:47:32,245968000,VOLENDAM,JUNEAU,58.422755,-134.9149883,153,149.5,10.3,0,9156515,PCHM
2008-06-26T09:47:21,245968000,VOLENDAM,JUNEAU,58.42320833,-134.9154733,151,148.1,10.4,0,9156515,PCHM
2008-06-26T09:47:13,245968000,VOLENDAM,JUNEAU,58.42354167,-134.9158233,150,146.7,10.3,0,9156515,PCHM
2008-06-26T09:47:08,245968000,VOLENDAM,JUNEAU,58.42397833,-134.9163767,0,0.0,0.0,0,9156515,PCHM
2008-06-26T09:47:02,245968000,VOLENDAM,JUNEAU,58.42397833,-134.9163767,148,145.0,10.2,0,9156515,PCHM
2008-06-26T09:46:42,245968000,VOLENDAM,JUNEAU,58.42476333,-134.9174117,145,141.5,10.3,0,9156515,PCHM
2008-06-26T09:46:32,245968000,VOLENDAM,JUNEAU,58.42514667,-134.9179783,143,139.2,10.4,0,9156515,PCHM
2008-06-26T09:46:21,245968000,VOLENDAM,JUNEAU,58.42551333,-134.9185633,141,137.9,10.3,0,9156515,PCHM
2008-06-26T09:46:13,245968000,VOLENDAM,JUNEAU,58.42583167,-134.9191133,140,134.6,10.6,0,9156515,PCHM
2008-06-26T09:46:02,245968000,VOLENDAM,JUNEAU,58.426215,-134.919815,138,133.8,10.4,0,9156515,PCHM
2008-06-26T09:45:52,245968000,VOLENDAM,JUNEAU,58.42651667,-134.9204,136,131.8,10.4,0,9156515,PCHM
2008-06-26T09:45:42,245968000,VOLENDAM,JUNEAU,58.42688333,-134.9211333,135,130.0,10.3,0,9156515,PCHM
2008-06-26T09:45:32,245968000,VOLENDAM,JUNEAU,58.42716833,-134.9217467,133,129.7,10.3,0,9156515,PCHM
2008-06-26T09:45:22,245968000,VOLENDAM,JUNEAU,58.42748667,-134.9224633,131,127.6,10.3,0,9156515,PCHM
2008-06-26T09:45:02,245968000,VOLENDAM,JUNEAU,58.42810667,-134.92398,128,124.5,10.4,0,9156515,PCHM
2008-06-26T09:44:52,245968000,VOLENDAM,JUNEAU,58.42839,-134.9247133,127,124.8,10.6,0,9156515,PCHM
2008-06-26T09:44:32,245968000,VOLENDAM,JUNEAU,58.42892667,-134.9262483,123,120.9,10.5,0,9156515,PCHM
2008-06-26T09:44:22,245968000,VOLENDAM,JUNEAU,58.42918,-134.9270333,122,118.9,10.5,0,9156515,PCHM
2008-06-26T09:44:13,245968000,VOLENDAM,JUNEAU,58.42939833,-134.9277517,120,117.9,10.4,0,9156515,PCHM
2008-06-26T09:44:02,245968000,VOLENDAM,JUNEAU,58.42964833,-134.928635,119,117.2,10.4,0,9156515,PCHM
2008-06-26T09:43:52,245968000,VOLENDAM,JUNEAU,58.42986667,-134.92937,117,116.6,10.6,0,9156515,PCHM
2008-06-26T09:43:41,245968000,VOLENDAM,JUNEAU,58.43011667,-134.9303567,116,116.1,10.5,0,9156515,PCHM
2008-06-26T09:43:32,245968000,VOLENDAM,JUNEAU,58.43030167,-134.93111,115,114.8,10.6,0,9156515,PCHM
2008-06-26T09:43:22,245968000,VOLENDAM,JUNEAU,58.43052,-134.931945,114,113.6,10.5,0,9156515,PCHM
2008-06-26T09:43:13,245968000,VOLENDAM,JUNEAU,58.430705,-134.932715,113,113.4,10.5,0,9156515,PCHM
2008-06-26T09:43:02,245968000,VOLENDAM,JUNEAU,58.43089,-134.933555,112,113.1,10.5,0,9156515,PCHM
2008-06-26T09:42:51,245968000,VOLENDAM,JUNEAU,58.43112333,-134.93459,112,112.3,10.5,0,9156515,PCHM
2008-06-26T09:42:41,245968000,VOLENDAM,JUNEAU,58.43130833,-134.9354417,112,113.0,10.6,0,9156515,PCHM
2008-06-26T09:42:32,245968000,VOLENDAM,JUNEAU,58.431475,-134.9362083,112,113.0,10.5,0,9156515,PCHM
2008-06-26T09:42:22,245968000,VOLENDAM,JUNEAU,58.431675,-134.9370767,112,113.4,10.4,0,9156515,PCHM
2008-06-26T09:42:13,245968000,VOLENDAM,JUNEAU,58.43184167,-134.9378467,112,112.4,10.6,0,9156515,PCHM
2008-06-26T09:42:02,245968000,VOLENDAM,JUNEAU,58.43204167,-134.9387833,112,113.1,10.5,0,9156515,PCHM
2008-06-26T09:41:51,245968000,VOLENDAM,JUNEAU,58.43226,-134.9397317,112,112.0,10.5,0,9156515,PCHM
2008-06-26T09:41:41,245968000,VOLENDAM,JUNEAU,58.43244333,-134.9405867,112,112.7,10.5,0,9156515,PCHM
2008-06-26T09:41:32,245968000,VOLENDAM,JUNEAU,58.43261,-134.941355,112,112.6,10.6,0,9156515,PCHM
2008-06-26T09:41:22,245968000,VOLENDAM,JUNEAU,58.43279333,-134.9422067,112,113.0,10.6,0,9156515,PCHM
2008-06-26T09:41:13,245968000,VOLENDAM,JUNEAU,58.43297833,-134.9429967,112,112.1,10.6,0,9156515,PCHM
2008-06-26T09:41:08,245968000,VOLENDAM,JUNEAU,58.43317833,-134.94393,0,0.0,0.0,0,9156515,PCHM
2008-06-26T09:41:02,245968000,VOLENDAM,JUNEAU,58.43317833,-134.94393,112,113.3,10.4,0,9156515,PCHM
2008-06-26T09:40:51,245968000,VOLENDAM,JUNEAU,58.43336333,-134.9448017,112,112.5,10.6,0,9156515,PCHM
2008-06-26T09:40:41,245968000,VOLENDAM,JUNEAU,58.43354667,-134.9456533,112,112.8,10.5,0,9156515,PCHM
2008-06-26T09:40:32,245968000,VOLENDAM,JUNEAU,58.433715,-134.946425,112,113.0,10.6,0,9156515,PCHM
2008-06-26T09:40:13,245968000,VOLENDAM,JUNEAU,58.4341,-134.9481467,112,112.8,10.6,0,9156515,PCHM
2008-06-26T09:40:01,245968000,VOLENDAM,JUNEAU,58.43433333,-134.9491817,112,113.6,10.6,0,9156515,PCHM
2008-06-26T09:39:51,245968000,VOLENDAM,JUNEAU,58.43453167,-134.9500367,112,113.5,10.5,0,9156515,PCHM
2008-06-26T09:39:41,245968000,VOLENDAM,JUNEAU,58.434715,-134.9508867,111,112.9,10.6,0,9156515,PCHM
2008-06-26T09:39:32,245968000,VOLENDAM,JUNEAU,58.4349,-134.9516567,112,113.3,10.5,0,9156515,PCHM
2008-06-26T09:39:22,245968000,VOLENDAM,JUNEAU,58.43508333,-134.9525083,112,114.1,10.5,0,9156515,PCHM
2008-06-26T09:39:12,245968000,VOLENDAM,JUNEAU,58.43528333,-134.9533617,112,113.7,10.6,0,9156515,PCHM
2008-06-26T09:39:01,245968000,VOLENDAM,JUNEAU,58.4355,-134.9542967,112,114.3,10.7,0,9156515,PCHM
2008-06-26T09:38:51,245968000,VOLENDAM,JUNEAU,58.43568333,-134.955065,112,115.4,10.6,0,9156515,PCHM
2008-06-26T09:38:41,245968000,VOLENDAM,JUNEAU,58.43588333,-134.9559,112,114.6,10.5,0,9156515,PCHM
2008-06-26T09:38:32,245968000,VOLENDAM,JUNEAU,58.43606833,-134.9566567,112,114.7,10.3,0,9156515,PCHM
2008-06-26T09:38:12,245968000,VOLENDAM,JUNEAU,58.43650333,-134.9584267,112,115.1,10.5,0,9156515,PCHM
2008-06-26T09:38:01,245968000,VOLENDAM,JUNEAU,58.43670333,-134.959245,112,114.0,10.5,0,9156515,PCHM
2008-06-26T09:37:51,245968000,VOLENDAM,JUNEAU,58.43692,-134.9601817,112,115.7,10.4,0,9156515,PCHM
2008-06-26T09:37:41,245968000,VOLENDAM,JUNEAU,58.43713833,-134.961,112,115.5,10.5,0,9156515,PCHM
2008-06-26T09:37:32,245968000,VOLENDAM,JUNEAU,58.43732167,-134.961755,112,115.8,10.4,0,9156515,PCHM
2008-06-26T09:37:24,245968000,VOLENDAM,JUNEAU,58.4346667,-134.966667,511,360.0,102.3,15,9156515,PCHM
2008-06-26T09:37:22,245968000,VOLENDAM,JUNEAU,58.43752333,-134.962575,112,116.0,10.4,0,9156515,PCHM
2008-06-26T09:37:12,245968000,VOLENDAM,JUNEAU,58.43772333,-134.9634117,112,114.7,10.3,0,9156515,PCHM
2008-06-26T09:37:01,245968000,VOLENDAM,JUNEAU,58.43795833,-134.9643117,112,115.6,10.4,0,9156515,PCHM
2008-06-26T09:36:51,245968000,VOLENDAM,JUNEAU,58.43815833,-134.9651317,112,114.7,10.4,0,9156515,PCHM
2008-06-26T09:36:41,245968000,VOLENDAM,JUNEAU,58.43835833,-134.9659667,112,116.5,10.3,0,9156515,PCHM
2008-06-26T09:36:32,245968000,VOLENDAM,JUNEAU,58.438525,-134.9666183,112,114.7,10.4,0,9156515,PCHM
2008-06-26T09:36:22,245968000,VOLENDAM,JUNEAU,58.43874333,-134.9674383,112,116.0,10.4,0,9156515,PCHM
2008-06-26T09:36:12,245968000,VOLENDAM,JUNEAU,58.43896,-134.9683417,112,114.9,10.2,0,9156515,PCHM
2008-06-26T09:36:01,245968000,VOLENDAM,JUNEAU,58.439195,-134.969245,112,116.3,10.2,0,9156515,PCHM
2008-06-26T09:35:51,245968000,VOLENDAM,JUNEAU,58.43937833,-134.96998,112,114.7,10.3,0,9156515,PCHM
2008-06-26T09:35:41,245968000,VOLENDAM,JUNEAU,58.43957833,-134.9707983,112,117.9,10.2,0,9156515,PCHM
2008-06-26T09:35:32,245968000,VOLENDAM,JUNEAU,58.43978,-134.971535,112,115.1,10.2,0,9156515,PCHM
2008-06-26T09:35:22,245968000,VOLENDAM,JUNEAU,58.43999667,-134.9724383,112,117.5,10.3,0,9156515,PCHM
2008-06-26T09:35:11,245968000,VOLENDAM,JUNEAU,58.44023167,-134.9733267,112,116.4,10.3,0,9156515,PCHM
2008-06-26T09:35:10,245968000,VOLENDAM,JUNEAU,58.44044833,-134.9741467,0,0.0,0.0,0,9156515,PCHM
2008-06-26T09:35:01,245968000,VOLENDAM,JUNEAU,58.44044833,-134.9741467,114,118.7,10.4,0,9156515,PCHM
2008-06-26T09:34:51,245968000,VOLENDAM,JUNEAU,58.44066167,-134.9749517,115,118.3,10.4,0,9156515,PCHM
2008-06-26T09:34:41,245968000,VOLENDAM,JUNEAU,58.44087667,-134.9757733,115,119.9,10.3,0,9156515,PCHM
2008-06-26T09:34:32,245968000,VOLENDAM,JUNEAU,58.441095,-134.976475,116,118.7,10.3,0,9156515,PCHM
2008-06-26T09:34:22,245968000,VOLENDAM,JUNEAU,58.44132833,-134.977275,116,120.1,10.3,0,9156515,PCHM
2008-06-26T09:34:11,245968000,VOLENDAM,JUNEAU,58.44157833,-134.97816,116,119.0,10.2,0,9156515,PCHM
2008-06-26T09:34:01,245968000,VOLENDAM,JUNEAU,58.44182833,-134.9789483,116,120.1,10.3,0,9156515,PCHM
2008-06-26T09:33:51,245968000,VOLENDAM,JUNEAU,58.44203,-134.9796683,116,119.4,10.4,0,9156515,PCHM
2008-06-26T09:33:41,245968000,VOLENDAM,JUNEAU,58.442265,-134.9804567,116,119.8,10.4,0,9156515,PCHM
2008-06-26T09:33:32,245968000,VOLENDAM,JUNEAU,58.4425,-134.98126,116,119.6,10.4,0,9156515,PCHM
2008-06-26T09:33:22,245968000,VOLENDAM,JUNEAU,58.44271667,-134.9819767,116,119.6,10.4,0,9156515,PCHM
2008-06-26T09:33:11,245968000,VOLENDAM,JUNEAU,58.44298333,-134.9828617,116,119.1,10.4,0,9156515,PCHM
2008-06-26T09:33:01,245968000,VOLENDAM,JUNEAU,58.44321667,-134.9836633,116,119.7,10.4,0,9156515,PCHM
2008-06-26T09:32:51,245968000,VOLENDAM,JUNEAU,58.44348667,-134.9845517,116,118.2,10.4,0,9156515,PCHM
2008-06-26T09:32:41,245968000,VOLENDAM,JUNEAU,58.44372,-134.9853533,116,119.6,10.5,0,9156515,PCHM
2008-06-26T09:32:32,245968000,VOLENDAM,JUNEAU,58.44392,-134.9860733,116,118.5,10.5,0,9156515,PCHM
2008-06-26T09:32:21,245968000,VOLENDAM,JUNEAU,58.44418833,-134.98696,116,118.6,10.4,0,9156515,PCHM
2008-06-26T09:32:11,245968000,VOLENDAM,JUNEAU,58.44442333,-134.9877817,116,118.8,10.5,0,9156515,PCHM
2008-06-26T09:32:02,245968000,VOLENDAM,JUNEAU,58.44462333,-134.9885183,116,118.8,10.4,0,9156515,PCHM
2008-06-26T09:31:51,245968000,VOLENDAM,JUNEAU,58.444875,-134.989405,116,117.8,10.6,0,9156515,PCHM
2008-06-26T09:31:41,245968000,VOLENDAM,JUNEAU,58.44511,-134.9902283,117,118.2,10.4,0,9156515,PCHM
2008-06-26T09:31:32,245968000,VOLENDAM,JUNEAU,58.44531167,-134.9909633,116,117.8,10.6,0,9156515,PCHM
2008-06-26T09:31:21,245968000,VOLENDAM,JUNEAU,58.445545,-134.9917833,116,117.7,10.6,0,9156515,PCHM
2008-06-26T09:31:11,245968000,VOLENDAM,JUNEAU,58.44578,-134.9926217,116,116.9,10.6,0,9156515,PCHM
2008-06-26T09:31:02,245968000,VOLENDAM,JUNEAU,58.445965,-134.9933617,116,117.0,10.5,0,9156515,PCHM
2008-06-26T09:30:52,245968000,VOLENDAM,JUNEAU,58.44621667,-134.994265,116,117.9,10.6,0,9156515,PCHM
2008-06-26T09:30:41,245968000,VOLENDAM,JUNEAU,58.44642667,-134.9950817,116,117.4,10.7,0,9156515,PCHM
2008-06-26T09:30:32,245968000,VOLENDAM,JUNEAU,58.44662833,-134.9958367,116,117.5,10.6,0,9156515,PCHM
2008-06-26T09:30:21,245968000,VOLENDAM,JUNEAU,58.44691333,-134.996825,116,117.5,10.6,0,9156515,PCHM
2008-06-26T09:30:11,245968000,VOLENDAM,JUNEAU,58.44713,-134.9976467,116,118.7,10.4,0,9156515,PCHM
2008-06-26T09:30:02,245968000,VOLENDAM,JUNEAU,58.44734667,-134.9983783,116,118.5,10.5,0,9156515,PCHM
2008-06-26T09:29:52,245968000,VOLENDAM,JUNEAU,58.447565,-134.9992,116,118.1,10.6,0,9156515,PCHM
2008-06-26T09:29:41,245968000,VOLENDAM,JUNEAU,58.447815,-135.0001017,116,118.2,10.5,0,9156515,PCHM
2008-06-26T09:29:32,245968000,VOLENDAM,JUNEAU,58.44803333,-135.0008383,116,118.7,10.5,0,9156515,PCHM
2008-06-26T09:29:21,245968000,VOLENDAM,JUNEAU,58.44825,-135.00164,116,119.0,10.5,0,9156515,PCHM
2008-06-26T09:29:11,245968000,VOLENDAM,JUNEAU,58.44851833,-135.0025433,117,119.2,10.5,0,9156515,PCHM
2008-06-26T09:29:06,245968000,VOLENDAM,JUNEAU,58.44871833,-135.003265,0,0.0,0.0,0,9156515,PCHM
2008-06-26T09:29:02,245968000,VOLENDAM,JUNEAU,58.44871833,-135.003265,118,121.0,10.5,0,9156515,PCHM
2008-06-26T09:28:52,245968000,VOLENDAM,JUNEAU,58.44896833,-135.0040683,119,121.7,10.5,0,9156515,PCHM
2008-06-26T09:28:41,245968000,VOLENDAM,JUNEAU,58.449235,-135.0049567,121,124.5,10.3,0,9156515,PCHM
2008-06-26T09:28:32,245968000,VOLENDAM,JUNEAU,58.449485,-135.0056417,123,125.3,10.5,0,9156515,PCHM
2008-06-26T09:28:21,245968000,VOLENDAM,JUNEAU,58.44975333,-135.006415,124,126.9,10.5,0,9156515,PCHM
2008-06-26T09:28:11,245968000,VOLENDAM,JUNEAU,58.45007,-135.00725,126,128.8,10.5,0,9156515,PCHM
2008-06-26T09:28:02,245968000,VOLENDAM,JUNEAU,58.45030333,-135.0078517,128,129.1,10.6,0,9156515,PCHM
2008-06-26T09:27:52,245968000,VOLENDAM,JUNEAU,58.45063833,-135.008655,129,131.6,10.7,0,9156515,PCHM
2008-06-26T09:27:41,245968000,VOLENDAM,JUNEAU,58.45098833,-135.0094417,131,132.5,10.7,0,9156515,PCHM
2008-06-26T09:27:32,245968000,VOLENDAM,JUNEAU,58.45129,-135.01008,133,134.4,10.7,0,9156515,PCHM
2008-06-26T09:27:21,245968000,VOLENDAM,JUNEAU,58.451675,-135.0108183,135,136.9,10.8,0,9156515,PCHM
2008-06-26T09:27:11,245968000,VOLENDAM,JUNEAU,58.45204333,-135.0114883,136,138.0,10.9,0,9156515,PCHM
2008-06-26T09:27:02,245968000,VOLENDAM,JUNEAU,58.45236,-135.0120717,138,139.2,11.1,0,9156515,PCHM
2008-06-26T09:26:52,245968000,VOLENDAM,JUNEAU,58.45274333,-135.0127067,139,141.9,11.1,0,9156515,PCHM
2008-06-26T09:26:46,245968000,VOLENDAM,JUNEAU,58.45297667,-135.0130883,140,142.1,11.1,0,9156515,PCHM
2008-06-26T09:26:41,245968000,VOLENDAM,JUNEAU,58.45317667,-135.01339,141,144.2,11.3,0,9156515,PCHM
2008-06-26T09:26:40,245968000,VOLENDAM,JUNEAU,58.45317667,-135.01339,142,144.2,11.3,0,9156515,PCHM
2008-06-26T09:26:33,245968000,VOLENDAM,JUNEAU,58.45346,-135.0138067,143,144.4,11.1,0,9156515,PCHM
2008-06-26T09:26:32,245968000,VOLENDAM,JUNEAU,58.453545,-135.0139267,143,146.5,11.1,0,9156515,PCHM
2008-06-26T09:26:28,245968000,VOLENDAM,JUNEAU,58.45367833,-135.0141083,144,146.0,11.2,0,9156515,PCHM
2008-06-26T09:26:23,245968000,VOLENDAM,JUNEAU,58.45393,-135.014445,145,146.6,11.3,0,9156515,PCHM
2008-06-26T09:26:21,245968000,VOLENDAM,JUNEAU,58.45397833,-135.014495,145,146.6,11.3,0,9156515,PCHM
2008-06-26T09:26:15,245968000,VOLENDAM,JUNEAU,58.45423,-135.014845,146,148.4,11.4,0,9156515,PCHM
2008-06-26T09:26:11,245968000,VOLENDAM,JUNEAU,58.45444833,-135.0151133,147,149.1,11.2,0,9156515,PCHM
2008-06-26T09:26:11,245968000,VOLENDAM,JUNEAU,58.45444833,-135.0151133,147,149.1,11.2,0,9156515,PCHM
2008-06-26T09:26:04,245968000,VOLENDAM,JUNEAU,58.45471667,-135.0154333,148,150.4,11.4,0,9156515,PCHM
2008-06-26T09:26:02,245968000,VOLENDAM,JUNEAU,58.454805,-135.0155317,148,150.8,11.5,0,9156515,PCHM
2008-06-26T09:25:58,245968000,VOLENDAM,JUNEAU,58.45503833,-135.0158,149,151.4,11.6,0,9156515,PCHM
2008-06-26T09:25:52,245968000,VOLENDAM,JUNEAU,58.45532167,-135.0161033,150,152.9,11.8,0,9156515,PCHM
2008-06-26T09:25:46,245968000,VOLENDAM,JUNEAU,58.455555,-135.0163533,151,153.1,11.8,0,9156515,PCHM
2008-06-26T09:25:40,245968000,VOLENDAM,JUNEAU,58.45583833,-135.01664,153,154.2,11.8,0,9156515,PCHM
2008-06-26T09:25:33,245968000,VOLENDAM,JUNEAU,58.45619,-135.0169767,154,156.0,12.0,0,9156515,PCHM
2008-06-26T09:25:28,245968000,VOLENDAM,JUNEAU,58.45642333,-135.017195,155,156.4,12.0,0,9156515,PCHM
2008-06-26T09:25:23,245968000,VOLENDAM,JUNEAU,58.456775,-135.0175133,156,157.3,12.1,0,9156515,PCHM
2008-06-26T09:25:16,245968000,VOLENDAM,JUNEAU,58.45714167,-135.0178167,157,158.9,12.1,0,9156515,PCHM
2008-06-26T09:25:11,245968000,VOLENDAM,JUNEAU,58.45739167,-135.0180183,158,159.4,12.1,0,9156515,PCHM
2008-06-26T09:25:04,245968000,VOLENDAM,JUNEAU,58.45771,-135.01827,159,159.6,12.1,0,9156515,PCHM
2008-06-26T09:24:58,245968000,VOLENDAM,JUNEAU,58.45802667,-135.0185067,159,161.1,12.3,0,9156515,PCHM
2008-06-26T09:24:52,245968000,VOLENDAM,JUNEAU,58.45834333,-135.0187233,160,160.8,12.4,0,9156515,PCHM
2008-06-26T09:24:46,245968000,VOLENDAM,JUNEAU,58.45867833,-135.01894,160,159.9,12.1,0,9156515,PCHM
2008-06-26T09:24:40,245968000,VOLENDAM,JUNEAU,58.458995,-135.0191583,160,161.2,12.4,0,9156515,PCHM
2008-06-26T09:24:34,245968000,VOLENDAM,JUNEAU,58.45933,-135.019375,160,161.0,12.5,0,9156515,PCHM
2008-06-26T09:24:28,245968000,VOLENDAM,JUNEAU,58.45964667,-135.0195917,160,160.5,12.4,0,9156515,PCHM
2008-06-26T09:24:23,245968000,VOLENDAM,JUNEAU,58.459915,-135.019775,160,160.3,12.7,0,9156515,PCHM
2008-06-26T09:24:16,245968000,VOLENDAM,JUNEAU,58.46024833,-135.019995,160,162.2,12.7,0,9156515,PCHM
2008-06-26T09:24:10,245968000,VOLENDAM,JUNEAU,58.46058167,-135.0202117,160,161.1,12.8,0,9156515,PCHM
2008-06-26T09:24:04,245968000,VOLENDAM,JUNEAU,58.46098333,-135.0204767,160,160.9,12.8,0,9156515,PCHM
2008-06-26T09:23:58,245968000,VOLENDAM,JUNEAU,58.46131667,-135.0206933,160,160.7,13.0,0,9156515,PCHM
2008-06-26T09:23:52,245968000,VOLENDAM,JUNEAU,58.46165167,-135.0209133,160,161.3,13.0,0,9156515,PCHM
2008-06-26T09:23:46,245968000,VOLENDAM,JUNEAU,58.46193667,-135.0210967,160,161.0,13.2,0,9156515,PCHM
2008-06-26T09:23:39,245968000,VOLENDAM,JUNEAU,58.46233833,-135.0213633,160,160.7,13.3,0,9156515,PCHM
2008-06-26T09:23:33,245968000,VOLENDAM,JUNEAU,58.46268833,-135.0215983,160,160.7,13.4,0,9156515,PCHM
2008-06-26T09:23:28,245968000,VOLENDAM,JUNEAU,58.46303833,-135.0218317,160,160.8,13.4,0,9156515,PCHM
2008-06-26T09:23:23,245968000,VOLENDAM,JUNEAU,58.46332333,-135.022015,160,161.0,13.7,0,9156515,PCHM
2008-06-26T09:23:16,245968000,VOLENDAM,JUNEAU,58.46369,-135.02225,160,161.7,13.6,0,9156515,PCHM
2008-06-26T09:23:10,245968000,VOLENDAM,JUNEAU,58.46404167,-135.0224833,160,161.5,13.9,0,9156515,PCHM
2008-06-26T09:23:07,245968000,VOLENDAM,JUNEAU,58.46441,-135.0227183,0,0.0,0.0,0,9156515,PCHM
2008-06-26T09:23:04,245968000,VOLENDAM,JUNEAU,58.46441,-135.0227183,160,161.1,13.8,0,9156515,PCHM
2008-06-26T09:22:58,245968000,VOLENDAM,JUNEAU,58.46476,-135.0229517,160,161.1,13.8,0,9156515,PCHM
2008-06-26T09:22:51,245968000,VOLENDAM,JUNEAU,58.46524667,-135.02327,160,162.0,13.7,0,9156515,PCHM
2008-06-26T09:22:46,245968000,VOLENDAM,JUNEAU,58.46554667,-135.02347,160,160.6,13.8,0,9156515,PCHM
2008-06-26T09:22:39,245968000,VOLENDAM,JUNEAU,58.46598167,-135.023755,160,160.9,13.8,0,9156515,PCHM
2008-06-26T09:22:28,245968000,VOLENDAM,JUNEAU,58.4667,-135.0242383,160,161.2,13.8,0,9156515,PCHM
2008-06-26T09:22:23,245968000,VOLENDAM,JUNEAU,58.46693333,-135.0243883,160,161.0,13.9,0,9156515,PCHM
2008-06-26T09:22:16,245968000,VOLENDAM,JUNEAU,58.46736833,-135.0246733,160,160.9,13.5,0,9156515,PCHM
2008-06-26T09:22:10,245968000,VOLENDAM,JUNEAU,58.46771833,-135.0249233,160,160.4,13.8,0,9156515,PCHM
2008-06-26T09:22:04,245968000,VOLENDAM,JUNEAU,58.468085,-135.0251567,160,161.6,13.8,0,9156515,PCHM
2008-06-26T09:21:58,245968000,VOLENDAM,JUNEAU,58.46843667,-135.02539,160,159.8,13.8,0,9156515,PCHM
2008-06-26T09:21:51,245968000,VOLENDAM,JUNEAU,58.468805,-135.0256417,160,160.9,13.7,0,9156515,PCHM
2008-06-26T09:21:46,245968000,VOLENDAM,JUNEAU,58.46915667,-135.0258767,160,161.3,13.5,0,9156515,PCHM
2008-06-26T09:21:40,245968000,VOLENDAM,JUNEAU,58.469525,-135.0261117,160,160.5,13.9,0,9156515,PCHM
2008-06-26T09:21:34,245968000,VOLENDAM,JUNEAU,58.46982667,-135.0263117,160,160.8,13.8,0,9156515,PCHM
2008-06-26T09:21:28,245968000,VOLENDAM,JUNEAU,58.470245,-135.0265967,160,160.6,13.8,0,9156515,PCHM
2008-06-26T09:21:23,245968000,VOLENDAM,JUNEAU,58.47054667,-135.0267983,160,160.5,13.8,0,9156515,PCHM
2008-06-26T09:21:17,245968000,VOLENDAM,JUNEAU,58.47090667,-135.0270433,160,160.9,13.8,0,9156515,PCHM
2008-06-26T09:21:10,245968000,VOLENDAM,JUNEAU,58.47126,-135.027295,160,160.5,13.9,0,9156515,PCHM
2008-06-26T09:21:04,245968000,VOLENDAM,JUNEAU,58.47167833,-135.02758,160,160.4,13.8,0,9156515,PCHM
2008-06-26T09:20:58,245968000,VOLENDAM,JUNEAU,58.47197833,-135.02778,160,160.1,13.8,0,9156515,PCHM
2008-06-26T09:20:52,245968000,VOLENDAM,JUNEAU,58.472395,-135.0280633,160,160.5,13.6,0,9156515,PCHM
2008-06-26T09:20:46,245968000,VOLENDAM,JUNEAU,58.47276333,-135.0282983,160,161.4,13.8,0,9156515,PCHM
2008-06-26T09:20:40,245968000,VOLENDAM,JUNEAU,58.47313167,-135.0285483,160,160.4,13.7,0,9156515,PCHM
2008-06-26T09:20:34,245968000,VOLENDAM,JUNEAU,58.47341667,-135.0287483,160,159.6,13.7,0,9156515,PCHM
2008-06-26T09:20:28,245968000,VOLENDAM,JUNEAU,58.47383667,-135.029035,160,160.0,13.7,0,9156515,PCHM
2008-06-26T09:20:16,245968000,VOLENDAM,JUNEAU,58.474555,-135.02952,160,161.1,13.8,0,9156515,PCHM
2008-06-26T09:20:10,245968000,VOLENDAM,JUNEAU,58.47492333,-135.0297683,160,159.2,13.7,0,9156515,PCHM
2008-06-26T09:20:04,245968000,VOLENDAM,JUNEAU,58.475275,-135.030005,160,160.7,13.6,0,9156515,PCHM
2008-06-26T09:19:58,245968000,VOLENDAM,JUNEAU,58.47564333,-135.030255,160,160.3,13.7,0,9156515,PCHM
2008-06-26T09:19:46,245968000,VOLENDAM,JUNEAU,58.47636167,-135.0307583,160,161.0,13.8,0,9156515,PCHM
2008-06-26T09:19:40,245968000,VOLENDAM,JUNEAU,58.47671333,-135.03099,160,160.1,13.8,0,9156515,PCHM
2008-06-26T09:19:28,245968000,VOLENDAM,JUNEAU,58.47744667,-135.031475,160,160.5,13.9,0,9156515,PCHM
2008-06-26T09:19:10,245968000,VOLENDAM,JUNEAU,58.47845333,-135.0321633,160,160.7,13.9,0,9156515,PCHM
2008-06-26T09:19:04,245968000,VOLENDAM,JUNEAU,58.47887167,-135.0324483,160,161.7,13.8,0,9156515,PCHM
2008-06-26T09:18:52,245968000,VOLENDAM,JUNEAU,58.47960833,-135.0329333,160,161.0,13.8,0,9156515,PCHM
2008-06-26T09:18:40,245968000,VOLENDAM,JUNEAU,58.48026167,-135.0333683,160,160.7,14.0,0,9156515,PCHM
2008-06-26T09:18:34,245968000,VOLENDAM,JUNEAU,58.48063167,-135.033605,160,160.7,13.9,0,9156515,PCHM
2008-06-26T09:18:28,245968000,VOLENDAM,JUNEAU,58.48105167,-135.03389,160,161.1,13.9,0,9156515,PCHM
2008-06-26T09:18:16,245968000,VOLENDAM,JUNEAU,58.48171833,-135.03434,160,160.7,13.8,0,9156515,PCHM
2008-06-26T09:18:10,245968000,VOLENDAM,JUNEAU,58.482085,-135.0345733,160,160.2,13.9,0,9156515,PCHM
2008-06-26T09:18:04,245968000,VOLENDAM,JUNEAU,58.48250333,-135.0348583,160,160.7,13.9,0,9156515,PCHM
2008-06-26T09:17:57,245968000,VOLENDAM,JUNEAU,58.48287167,-135.0351083,160,160.7,13.9,0,9156515,PCHM
2008-06-26T09:17:52,245968000,VOLENDAM,JUNEAU,58.48328833,-135.0353933,160,160.4,14.0,0,9156515,PCHM
2008-06-26T09:17:46,245968000,VOLENDAM,JUNEAU,58.48358833,-135.0355933,160,160.4,14.0,0,9156515,PCHM
2008-06-26T09:17:40,245968000,VOLENDAM,JUNEAU,58.48397167,-135.0358417,160,160.7,13.9,0,9156515,PCHM
2008-06-26T09:17:34,245968000,VOLENDAM,JUNEAU,58.48432333,-135.0360767,160,160.7,14.1,0,9156515,PCHM
2008-06-26T09:17:28,245968000,VOLENDAM,JUNEAU,58.48475833,-135.0363783,160,161.1,14.0,0,9156515,PCHM
2008-06-26T09:17:22,245968000,VOLENDAM,JUNEAU,58.48506,-135.0365783,160,160.9,14.2,0,9156515,PCHM
2008-06-26T09:17:17,245968000,VOLENDAM,JUNEAU,58.48536167,-135.03678,160,160.8,14.1,0,9156515,PCHM
2008-06-26T09:17:10,245968000,VOLENDAM,JUNEAU,58.48579667,-135.0370633,160,160.4,14.0,0,9156515,PCHM
2008-06-26T09:17:06,245968000,VOLENDAM,JUNEAU,58.486165,-135.0372983,0,0.0,0.0,0,9156515,PCHM
2008-06-26T09:17:04,245968000,VOLENDAM,JUNEAU,58.486165,-135.0372983,160,160.3,14.1,0,9156515,PCHM
2008-06-26T09:16:57,245968000,VOLENDAM,JUNEAU,58.48652333,-135.0375433,160,161.0,14.0,0,9156515,PCHM
2008-06-26T09:16:51,245968000,VOLENDAM,JUNEAU,58.48689333,-135.037795,160,160.8,13.9,0,9156515,PCHM
2008-06-26T09:16:46,245968000,VOLENDAM,JUNEAU,58.48727667,-135.03803,160,161.3,14.2,0,9156515,PCHM
2008-06-26T09:16:40,245968000,VOLENDAM,JUNEAU,58.48757667,-135.0382317,160,162.1,13.9,0,9156515,PCHM
2008-06-26T09:16:34,245968000,VOLENDAM,JUNEAU,58.487945,-135.03848,160,160.8,14.1,0,9156515,PCHM
2008-06-26T09:16:28,245968000,VOLENDAM,JUNEAU,58.488365,-135.0387667,160,160.7,14.0,0,9156515,PCHM
2008-06-26T09:16:22,245968000,VOLENDAM,JUNEAU,58.48873167,-135.039,160,161.4,14.1,0,9156515,PCHM
2008-06-26T09:16:17,245968000,VOLENDAM,JUNEAU,58.48904833,-135.0391817,160,160.3,13.9,0,9156515,PCHM
2008-06-26T09:16:10,245968000,VOLENDAM,JUNEAU,58.48941833,-135.039435,160,160.8,14.1,0,9156515,PCHM
2008-06-26T09:16:04,245968000,VOLENDAM,JUNEAU,58.48983667,-135.03972,160,160.7,14.1,0,9156515,PCHM
2008-06-26T09:15:57,245968000,VOLENDAM,JUNEAU,58.490205,-135.0399717,160,161.9,14.0,0,9156515,PCHM
2008-06-26T09:15:52,245968000,VOLENDAM,JUNEAU,58.49057167,-135.04022,160,160.7,14.0,0,9156515,PCHM
2008-06-26T09:15:46,245968000,VOLENDAM,JUNEAU,58.49094167,-135.040455,160,160.6,14.0,0,9156515,PCHM
2008-06-26T09:15:40,245968000,VOLENDAM,JUNEAU,58.491245,-135.0406583,160,161.0,14.0,0,9156515,PCHM
2008-06-26T09:15:34,245968000,VOLENDAM,JUNEAU,58.49161167,-135.0409083,160,161.0,14.0,0,9156515,PCHM
2008-06-26T09:15:28,245968000,VOLENDAM,JUNEAU,58.49203,-135.0411917,160,161.0,13.9,0,9156515,PCHM
2008-06-26T09:15:22,245968000,VOLENDAM,JUNEAU,58.492465,-135.0414767,160,161.4,14.0,0,9156515,PCHM
2008-06-26T09:15:17,245968000,VOLENDAM,JUNEAU,58.49276667,-135.0416783,160,161.6,13.9,0,9156515,PCHM
2008-06-26T09:15:10,245968000,VOLENDAM,JUNEAU,58.49313167,-135.0419117,160,161.2,14.0,0,9156515,PCHM
2008-06-26T09:15:04,245968000,VOLENDAM,JUNEAU,58.4935,-135.042145,160,160.6,14.0,0,9156515,PCHM
2008-06-26T09:14:57,245968000,VOLENDAM,JUNEAU,58.493935,-135.04243,160,161.2,13.9,0,9156515,PCHM
2008-06-26T09:14:52,245968000,VOLENDAM,JUNEAU,58.494305,-135.042665,160,161.3,14.0,0,9156515,PCHM
2008-06-26T09:14:46,245968000,VOLENDAM,JUNEAU,58.49459,-135.042865,160,161.3,13.9,0,9156515,PCHM
2008-06-26T09:14:40,245968000,VOLENDAM,JUNEAU,58.49497333,-135.043115,160,161.0,13.9,0,9156515,PCHM
2008-06-26T09:14:34,245968000,VOLENDAM,JUNEAU,58.49534,-135.0433483,160,161.1,14.0,0,9156515,PCHM
2008-06-26T09:14:28,245968000,VOLENDAM,JUNEAU,58.49569167,-135.0435833,160,161.1,14.0,0,9156515,PCHM
2008-06-26T09:14:22,245968000,VOLENDAM,JUNEAU,58.49606,-135.0438183,160,161.3,13.9,0,9156515,PCHM
2008-06-26T09:14:17,245968000,VOLENDAM,JUNEAU,58.49636167,-135.04402,160,161.4,13.9,0,9156515,PCHM
2008-06-26T09:14:10,245968000,VOLENDAM,JUNEAU,58.49679833,-135.044305,160,160.8,13.9,0,9156515,PCHM
2008-06-26T09:14:04,245968000,VOLENDAM,JUNEAU,58.49709667,-135.0445033,160,160.4,13.8,0,9156515,PCHM
2008-06-26T09:13:58,245968000,VOLENDAM,JUNEAU,58.497515,-135.0447883,160,161.0,13.9,0,9156515,PCHM
2008-06-26T09:13:52,245968000,VOLENDAM,JUNEAU,58.49788333,-135.0450233,160,161.1,13.8,0,9156515,PCHM
2008-06-26T09:13:46,245968000,VOLENDAM,JUNEAU,58.49818667,-135.0452233,160,160.7,14.1,0,9156515,PCHM
2008-06-26T09:13:40,245968000,VOLENDAM,JUNEAU,58.49855333,-135.0454583,160,161.7,13.9,0,9156515,PCHM
2008-06-26T09:13:34,245968000,VOLENDAM,JUNEAU,58.49897167,-135.0457433,160,161.3,13.8,0,9156515,PCHM
2008-06-26T09:13:22,245968000,VOLENDAM,JUNEAU,58.49969167,-135.0462283,160,160.7,13.9,0,9156515,PCHM
2008-06-26T09:13:16,245968000,VOLENDAM,JUNEAU,58.50001167,-135.04643,160,160.7,13.8,0,9156515,PCHM
2008-06-26T09:13:10,245968000,VOLENDAM,JUNEAU,58.50036167,-135.0466633,160,160.6,13.9,0,9156515,PCHM
2008-06-26T09:13:04,245968000,VOLENDAM,JUNEAU,58.50072833,-135.0469133,160,161.0,13.8,0,9156515,PCHM
2008-06-26T09:12:58,245968000,VOLENDAM,JUNEAU,58.50109667,-135.0471483,160,160.6,13.8,0,9156515,PCHM
2008-06-26T09:12:51,245968000,VOLENDAM,JUNEAU,58.50158167,-135.047465,160,161.1,13.7,0,9156515,PCHM
2008-06-26T09:12:40,245968000,VOLENDAM,JUNEAU,58.50224167,-135.04791,160,160.3,13.6,0,9156515,PCHM
2008-06-26T09:12:34,245968000,VOLENDAM,JUNEAU,58.50259167,-135.0481617,160,161.3,13.8,0,9156515,PCHM
2008-06-26T09:12:28,245968000,VOLENDAM,JUNEAU,58.50296,-135.0483933,160,160.2,13.8,0,9156515,PCHM
2008-06-26T09:12:16,245968000,VOLENDAM,JUNEAU,58.50368,-135.04888,160,160.7,13.8,0,9156515,PCHM
2008-06-26T09:12:10,245968000,VOLENDAM,JUNEAU,58.50404667,-135.049115,160,161.0,13.8,0,9156515,PCHM
2008-06-26T09:12:04,245968000,VOLENDAM,JUNEAU,58.504415,-135.0493483,160,160.4,13.8,0,9156515,PCHM
2008-06-26T09:11:58,245968000,VOLENDAM,JUNEAU,58.50476833,-135.0495833,160,160.5,13.7,0,9156515,PCHM
2008-06-26T09:11:52,245968000,VOLENDAM,JUNEAU,58.50513667,-135.04982,160,161.0,13.8,0,9156515,PCHM
2008-06-26T09:11:46,245968000,VOLENDAM,JUNEAU,58.50542,-135.05002,160,161.3,13.8,0,9156515,PCHM
2008-06-26T09:11:41,245968000,VOLENDAM,JUNEAU,58.50578833,-135.05027,160,160.4,13.8,0,9156515,PCHM
2008-06-26T09:11:34,245968000,VOLENDAM,JUNEAU,58.50620833,-135.0505567,160,161.4,13.8,0,9156515,PCHM
2008-06-26T09:11:28,245968000,VOLENDAM,JUNEAU,58.506575,-135.0507883,160,160.3,13.8,0,9156515,PCHM
2008-06-26T09:11:22,245968000,VOLENDAM,JUNEAU,58.50694167,-135.0510217,160,160.3,13.8,0,9156515,PCHM
2008-06-26T09:11:16,245968000,VOLENDAM,JUNEAU,58.50722833,-135.0512233,160,160.4,13.7,0,9156515,PCHM
2008-06-26T09:11:10,245968000,VOLENDAM,JUNEAU,58.507595,-135.0514733,160,159.8,13.8,0,9156515,PCHM
2008-06-26T09:11:10,245968000,VOLENDAM,JUNEAU,58.50796333,-135.051725,0,0.0,0.0,0,9156515,PCHM
2008-06-26T09:11:04,245968000,VOLENDAM,JUNEAU,58.50796333,-135.051725,160,160.5,13.8,0,9156515,PCHM
2008-06-26T09:10:58,245968000,VOLENDAM,JUNEAU,58.508315,-135.05196,160,159.7,13.9,0,9156515,PCHM
2008-06-26T09:10:46,245968000,VOLENDAM,JUNEAU,58.50903667,-135.0524633,160,160.9,13.7,0,9156515,PCHM
2008-06-26T09:10:41,245968000,VOLENDAM,JUNEAU,58.50940333,-135.0526967,160,160.1,13.8,0,9156515,PCHM
2008-06-26T09:10:28,245968000,VOLENDAM,JUNEAU,58.51017167,-135.0532317,160,161.0,13.8,0,9156515,PCHM
2008-06-26T09:10:22,245968000,VOLENDAM,JUNEAU,58.51054167,-135.0534667,160,160.6,13.9,0,9156515,PCHM
2008-06-26T09:10:16,245968000,VOLENDAM,JUNEAU,58.51089333,-135.0537183,160,160.8,13.7,0,9156515,PCHM
2008-06-26T09:10:04,245968000,VOLENDAM,JUNEAU,58.51163,-135.0542017,160,159.7,14.0,0,9156515,PCHM
2008-06-26T09:09:58,245968000,VOLENDAM,JUNEAU,58.51199667,-135.0544533,160,160.4,13.8,0,9156515,PCHM
2008-06-26T09:09:52,245968000,VOLENDAM,JUNEAU,58.51234667,-135.0547033,160,160.1,13.8,0,9156515,PCHM
2008-06-26T09:09:46,245968000,VOLENDAM,JUNEAU,58.512715,-135.0549533,160,160.4,13.9,0,9156515,PCHM
2008-06-26T09:09:41,245968000,VOLENDAM,JUNEAU,58.513015,-135.055155,160,160.3,13.9,0,9156515,PCHM
2008-06-26T09:09:34,245968000,VOLENDAM,JUNEAU,58.51343333,-135.0554383,160,160.7,13.7,0,9156515,PCHM
2008-06-26T09:09:16,245968000,VOLENDAM,JUNEAU,58.51452,-135.05619,160,160.0,13.9,0,9156515,PCHM
2008-06-26T09:09:04,245968000,VOLENDAM,JUNEAU,58.51518833,-135.0566417,160,160.1,14.1,0,9156515,PCHM
2008-06-26T09:08:58,245968000,VOLENDAM,JUNEAU,58.51560667,-135.05691,160,161.2,13.9,0,9156515,PCHM
2008-06-26T09:08:46,245968000,VOLENDAM,JUNEAU,58.51634167,-135.057395,160,160.7,13.9,0,9156515,PCHM
2008-06-26T09:08:41,245968000,VOLENDAM,JUNEAU,58.516645,-135.0576133,160,160.5,13.9,0,9156515,PCHM
2008-06-26T09:08:34,245968000,VOLENDAM,JUNEAU,58.51706333,-135.0578983,160,161.1,13.8,0,9156515,PCHM
2008-06-26T09:08:22,245968000,VOLENDAM,JUNEAU,58.51779833,-135.0583817,160,160.9,14.0,0,9156515,PCHM
2008-06-26T09:08:11,245968000,VOLENDAM,JUNEAU,58.51847333,-135.0588433,160,160.5,14.0,0,9156515,PCHM
2008-06-26T09:08:04,245968000,VOLENDAM,JUNEAU,58.518825,-135.0590917,160,159.9,13.9,0,9156515,PCHM
2008-06-26T09:07:58,245968000,VOLENDAM,JUNEAU,58.51919167,-135.0593417,160,160.1,14.0,0,9156515,PCHM
2008-06-26T09:07:52,245968000,VOLENDAM,JUNEAU,58.51962667,-135.059625,160,159.3,13.9,0,9156515,PCHM
2008-06-26T09:07:46,245968000,VOLENDAM,JUNEAU,58.51997667,-135.0598783,160,160.3,14.0,0,9156515,PCHM
2008-06-26T09:07:41,245968000,VOLENDAM,JUNEAU,58.52034333,-135.0601267,160,160.0,14.0,0,9156515,PCHM
2008-06-26T09:07:28,245968000,VOLENDAM,JUNEAU,58.52108,-135.0606283,160,159.7,14.0,0,9156515,PCHM
2008-06-26T09:07:22,245968000,VOLENDAM,JUNEAU,58.52149667,-135.06093,160,160.3,14.0,0,9156515,PCHM
2008-06-26T09:07:16,245968000,VOLENDAM,JUNEAU,58.52179833,-135.0611467,161,160.2,14.0,0,9156515,PCHM
2008-06-26T09:07:10,245968000,VOLENDAM,JUNEAU,58.52216333,-135.0613983,161,160.7,14.1,0,9156515,PCHM
2008-06-26T09:07:04,245968000,VOLENDAM,JUNEAU,58.52253167,-135.0616467,161,160.0,14.0,0,9156515,PCHM
2008-06-26T09:06:58,245968000,VOLENDAM,JUNEAU,58.5229,-135.0618967,160,159.2,14.0,0,9156515,PCHM
2008-06-26T09:06:46,245968000,VOLENDAM,JUNEAU,58.52361833,-135.062415,160,159.8,14.1,0,9156515,PCHM
2008-06-26T09:06:40,245968000,VOLENDAM,JUNEAU,58.52398667,-135.0626667,160,160.0,14.2,0,9156515,PCHM
2008-06-26T09:06:34,245968000,VOLENDAM,JUNEAU,58.52435333,-135.0629167,160,158.9,14.0,0,9156515,PCHM
2008-06-26T09:06:28,245968000,VOLENDAM,JUNEAU,58.52467167,-135.0631333,160,159.3,14.1,0,9156515,PCHM
2008-06-26T09:06:21,245968000,VOLENDAM,JUNEAU,58.52509,-135.0634367,160,160.4,14.0,0,9156515,PCHM
2008-06-26T09:06:16,245968000,VOLENDAM,JUNEAU,58.52546,-135.0637033,161,160.0,14.2,0,9156515,PCHM
2008-06-26T09:06:10,245968000,VOLENDAM,JUNEAU,58.52576,-135.0639217,161,160.7,14.0,0,9156515,PCHM
2008-06-26T09:05:58,245968000,VOLENDAM,JUNEAU,58.52656333,-135.0644617,162,162.8,14.2,0,9156515,PCHM
2008-06-26T09:05:52,245968000,VOLENDAM,JUNEAU,58.52694833,-135.064695,162,161.8,14.2,0,9156515,PCHM
2008-06-26T09:05:46,245968000,VOLENDAM,JUNEAU,58.52724833,-135.064895,162,161.4,14.2,0,9156515,PCHM
2008-06-26T09:05:40,245968000,VOLENDAM,JUNEAU,58.527685,-135.0651633,162,162.4,14.0,0,9156515,PCHM
2008-06-26T09:05:34,245968000,VOLENDAM,JUNEAU,58.52800333,-135.0653483,162,162.3,14.1,0,9156515,PCHM
2008-06-26T09:05:28,245968000,VOLENDAM,JUNEAU,58.52837,-135.0655817,162,161.2,14.3,0,9156515,PCHM
2008-06-26T09:05:16,245968000,VOLENDAM,JUNEAU,58.52918833,-135.066115,162,161.5,14.4,0,9156515,PCHM
2008-06-26T09:05:10,245968000,VOLENDAM,JUNEAU,58.52955833,-135.0663517,162,161.6,14.2,0,9156515,PCHM
2008-06-26T09:05:04,245968000,VOLENDAM,JUNEAU,58.52994333,-135.0666017,162,161.5,14.3,0,9156515,PCHM
2008-06-26T09:04:58,245968000,VOLENDAM,JUNEAU,58.53031333,-135.0668367,162,161.4,14.2,0,9156515,PCHM
2008-06-26T09:04:52,245968000,VOLENDAM,JUNEAU,58.53073333,-135.0671217,162,161.6,14.1,0,9156515,PCHM
2008-06-26T09:04:46,245968000,VOLENDAM,JUNEAU,58.53105167,-135.0673233,162,160.9,14.4,0,9156515,PCHM
2008-06-26T09:04:40,245968000,VOLENDAM,JUNEAU,58.53142,-135.0675583,162,162.0,14.2,0,9156515,PCHM
2008-06-26T09:04:34,245968000,VOLENDAM,JUNEAU,58.531805,-135.0677933,162,161.0,14.3,0,9156515,PCHM
2008-06-26T09:04:28,245968000,VOLENDAM,JUNEAU,58.53217333,-135.0680267,162,161.9,14.2,0,9156515,PCHM
2008-06-26T09:04:21,245968000,VOLENDAM,JUNEAU,58.53254167,-135.0682617,162,161.9,14.3,0,9156515,PCHM
2008-06-26T09:04:16,245968000,VOLENDAM,JUNEAU,58.53292667,-135.068495,162,161.5,14.2,0,9156515,PCHM
2008-06-26T09:04:04,245968000,VOLENDAM,JUNEAU,58.53361167,-135.06893,162,161.5,14.4,0,9156515,PCHM
2008-06-26T09:03:52,245968000,VOLENDAM,JUNEAU,58.53441667,-135.06945,162,162.0,14.1,0,9156515,PCHM
2008-06-26T09:03:46,245968000,VOLENDAM,JUNEAU,58.534805,-135.0696933,162,161.6,14.3,0,9156515,PCHM
2008-06-26T09:03:40,245968000,VOLENDAM,JUNEAU,58.53517333,-135.0699283,162,161.8,14.3,0,9156515,PCHM
2008-06-26T09:03:34,245968000,VOLENDAM,JUNEAU,58.53555667,-135.0701617,162,161.8,14.2,0,9156515,PCHM
2008-06-26T09:03:28,245968000,VOLENDAM,JUNEAU,58.535875,-135.0703633,162,162.1,14.1,0,9156515,PCHM
2008-06-26T09:03:22,245968000,VOLENDAM,JUNEAU,58.53630833,-135.0706467,162,162.0,14.3,0,9156515,PCHM
2008-06-26T09:03:16,245968000,VOLENDAM,JUNEAU,58.53667667,-135.0708817,162,162.1,14.2,0,9156515,PCHM
2008-06-26T09:03:10,245968000,VOLENDAM,JUNEAU,58.536995,-135.0710817,162,161.6,14.3,0,9156515,PCHM
2008-06-26T09:03:04,245968000,VOLENDAM,JUNEAU,58.537365,-135.0713167,162,161.6,14.3,0,9156515,PCHM
2008-06-26T09:02:58,245968000,VOLENDAM,JUNEAU,58.537865,-135.0716183,162,161.4,14.3,0,9156515,PCHM
2008-06-26T09:02:51,245968000,VOLENDAM,JUNEAU,58.53825,-135.0718517,162,161.3,14.3,0,9156515,PCHM
2008-06-26T09:02:46,245968000,VOLENDAM,JUNEAU,58.53856667,-135.0720367,162,162.5,14.3,0,9156515,PCHM
2008-06-26T09:02:40,245968000,VOLENDAM,JUNEAU,58.53900167,-135.072305,162,162.6,14.2,0,9156515,PCHM
2008-06-26T09:02:34,245968000,VOLENDAM,JUNEAU,58.53932167,-135.0725033,162,161.2,14.2,0,9156515,PCHM
2008-06-26T09:02:28,245968000,VOLENDAM,JUNEAU,58.53969,-135.07274,161,162.6,14.4,0,9156515,PCHM
2008-06-26T09:02:21,245968000,VOLENDAM,JUNEAU,58.540125,-135.0730083,161,162.6,14.4,0,9156515,PCHM
2008-06-26T09:02:16,245968000,VOLENDAM,JUNEAU,58.54044167,-135.0731917,162,162.5,14.3,0,9156515,PCHM
2008-06-26T09:02:10,245968000,VOLENDAM,JUNEAU,58.540825,-135.073425,162,162.9,14.4,0,9156515,PCHM
2008-06-26T09:02:04,245968000,VOLENDAM,JUNEAU,58.541195,-135.0736433,162,163.2,14.3,0,9156515,PCHM
2008-06-26T09:01:52,245968000,VOLENDAM,JUNEAU,58.54196333,-135.07408,162,163.8,14.2,0,9156515,PCHM
2008-06-26T09:01:46,245968000,VOLENDAM,JUNEAU,58.54233167,-135.0742983,162,164.4,14.3,0,9156515,PCHM
2008-06-26T09:01:40,245968000,VOLENDAM,JUNEAU,58.54271833,-135.0744983,162,163.1,14.2,0,9156515,PCHM
2008-06-26T09:01:36,245968000,VOLENDAM,JUNEAU,58.54296833,-135.07465,162,164.0,14.1,0,9156515,PCHM
2008-06-26T09:01:28,245968000,VOLENDAM,JUNEAU,58.54340333,-135.0748833,162,164.0,14.3,0,9156515,PCHM
2008-06-26T09:01:27,245968000,VOLENDAM,JUNEAU,58.54353833,-135.07495,162,164.0,14.2,0,9156515,PCHM
2008-06-26T09:01:21,245968000,VOLENDAM,JUNEAU,58.54385667,-135.0751183,162,163.6,14.2,0,9156515,PCHM
2008-06-26T09:01:17,245968000,VOLENDAM,JUNEAU,58.54415667,-135.0753017,162,163.7,14.3,0,9156515,PCHM
2008-06-26T09:01:16,245968000,VOLENDAM,JUNEAU,58.54422333,-135.075335,162,163.6,14.2,0,9156515,PCHM
2008-06-26T09:01:10,245968000,VOLENDAM,JUNEAU,58.54454333,-135.0755033,162,163.9,14.1,0,9156515,PCHM
2008-06-26T09:01:06,245968000,VOLENDAM,JUNEAU,58.544795,-135.075655,162,163.9,14.0,0,9156515,PCHM
2008-06-26T09:01:04,245968000,VOLENDAM,JUNEAU,58.54491167,-135.0757217,162,163.8,14.0,0,9156515,PCHM
2008-06-26T09:00:58,245968000,VOLENDAM,JUNEAU,58.54536167,-135.075955,162,163.8,14.1,0,9156515,PCHM
2008-06-26T09:00:57,245968000,VOLENDAM,JUNEAU,58.54541333,-135.0759883,162,163.7,14.1,0,9156515,PCHM
2008-06-26T09:00:51,245968000,VOLENDAM,JUNEAU,58.54573167,-135.0761567,162,164.1,14.0,0,9156515,PCHM
2008-06-26T09:00:46,245968000,VOLENDAM,JUNEAU,58.54605,-135.076325,162,164.2,13.9,0,9156515,PCHM
2008-06-26T09:00:36,245968000,VOLENDAM,JUNEAU,58.54665167,-135.076675,162,164.6,13.8,0,9156515,PCHM
2008-06-26T09:00:27,245968000,VOLENDAM,JUNEAU,58.54727,-135.07701,162,164.8,13.8,0,9156515,PCHM
2008-06-26T09:00:17,245968000,VOLENDAM,JUNEAU,58.54789167,-135.077345,162,163.6,13.7,0,9156515,PCHM
2008-06-26T09:00:06,245968000,VOLENDAM,JUNEAU,58.54856167,-135.0776967,162,164.7,13.6,0,9156515,PCHM
2008-06-26T08:59:57,245968000,VOLENDAM,JUNEAU,58.54909833,-135.0779983,163,164.9,13.7,0,9156515,PCHM
2008-06-26T08:59:46,245968000,VOLENDAM,JUNEAU,58.54977333,-135.0783533,163,165.0,13.4,0,9156515,PCHM
2008-06-26T08:59:36,245968000,VOLENDAM,JUNEAU,58.55036167,-135.0786717,162,164.9,13.1,0,9156515,PCHM
2008-06-26T08:59:27,245968000,VOLENDAM,JUNEAU,58.550895,-135.078935,162,163.1,13.3,0,9156515,PCHM
2008-06-26T08:59:17,245968000,VOLENDAM,JUNEAU,58.55148167,-135.0792567,162,164.9,13.1,0,9156515,PCHM
2008-06-26T08:59:10,245968000,VOLENDAM,JUNEAU,58.55206833,-135.079575,0,0.0,0.0,0,9156515,PCHM
2008-06-26T08:59:06,245968000,VOLENDAM,JUNEAU,58.55206833,-135.079575,162,164.4,12.8,0,9156515,PCHM
2008-06-26T08:58:57,245968000,VOLENDAM,JUNEAU,58.55263833,-135.0798917,162,163.6,12.9,0,9156515,PCHM
2008-06-26T08:58:46,245968000,VOLENDAM,JUNEAU,58.55326,-135.0802283,162,164.2,12.6,0,9156515,PCHM
2008-06-26T08:58:36,245968000,VOLENDAM,JUNEAU,58.55376333,-135.0805117,162,163.2,12.3,0,9156515,PCHM
2008-06-26T08:58:27,245968000,VOLENDAM,JUNEAU,58.55431667,-135.080815,162,164.5,12.1,0,9156515,PCHM
2008-06-26T08:58:17,245968000,VOLENDAM,JUNEAU,58.55485167,-135.081115,162,163.9,12.2,0,9156515,PCHM
2008-06-26T08:58:06,245968000,VOLENDAM,JUNEAU,58.5554,-135.081415,162,164.6,12.4,0,9156515,PCHM
2008-06-26T08:57:57,245968000,VOLENDAM,JUNEAU,58.55593667,-135.0817167,162,163.5,12.2,0,9156515,PCHM
2008-06-26T08:57:46,245968000,VOLENDAM,JUNEAU,58.55652333,-135.0820517,163,164.2,12.3,0,9156515,PCHM
2008-06-26T08:57:38,245968000,VOLENDAM,JUNEAU,58.55695833,-135.0823033,163,163.7,12.2,0,9156515,PCHM
2008-06-26T08:57:27,245968000,VOLENDAM,JUNEAU,58.55756,-135.08262,163,163.0,12.2,0,9156515,PCHM
2008-06-26T08:57:17,245968000,VOLENDAM,JUNEAU,58.55809667,-135.0829217,162,163.4,12.3,0,9156515,PCHM
2008-06-26T08:57:07,245968000,VOLENDAM,JUNEAU,58.5587,-135.0832567,162,162.5,12.4,0,9156515,PCHM
2008-06-26T08:56:57,245968000,VOLENDAM,JUNEAU,58.559185,-135.0835417,162,163.2,12.2,0,9156515,PCHM
2008-06-26T08:56:46,245968000,VOLENDAM,JUNEAU,58.55977,-135.0838917,162,163.0,12.2,0,9156515,PCHM
2008-06-26T08:56:38,245968000,VOLENDAM,JUNEAU,58.56020667,-135.0841433,162,163.4,12.2,0,9156515,PCHM
2008-06-26T08:56:27,245968000,VOLENDAM,JUNEAU,58.56079,-135.0844933,162,163.2,12.2,0,9156515,PCHM
2008-06-26T08:56:17,245968000,VOLENDAM,JUNEAU,58.561325,-135.0848117,162,163.5,12.1,0,9156515,PCHM
2008-06-26T08:56:07,245968000,VOLENDAM,JUNEAU,58.561825,-135.0850783,162,163.2,12.2,0,9156515,PCHM
2008-06-26T08:55:57,245968000,VOLENDAM,JUNEAU,58.56241167,-135.08543,162,163.3,12.0,0,9156515,PCHM
2008-06-26T08:55:46,245968000,VOLENDAM,JUNEAU,58.56294667,-135.0857317,162,162.9,12.2,0,9156515,PCHM
2008-06-26T08:55:38,245968000,VOLENDAM,JUNEAU,58.56343167,-135.0860167,162,163.3,12.2,0,9156515,PCHM
2008-06-26T08:55:27,245968000,VOLENDAM,JUNEAU,58.56403,-135.0863517,162,163.5,12.2,0,9156515,PCHM
2008-06-26T08:55:17,245968000,VOLENDAM,JUNEAU,58.56456333,-135.0866683,162,162.3,12.2,0,9156515,PCHM
2008-06-26T08:55:07,245968000,VOLENDAM,JUNEAU,58.5651,-135.0869867,162,162.1,12.1,0,9156515,PCHM
2008-06-26T08:54:57,245968000,VOLENDAM,JUNEAU,58.56563333,-135.0873033,162,162.4,12.1,0,9156515,PCHM
2008-06-26T08:54:48,245968000,VOLENDAM,JUNEAU,58.56617,-135.08764,162,163.3,12.1,0,9156515,PCHM
2008-06-26T08:54:38,245968000,VOLENDAM,JUNEAU,58.56665333,-135.087925,163,163.8,12.1,0,9156515,PCHM
2008-06-26T08:54:27,245968000,VOLENDAM,JUNEAU,58.56724,-135.088275,162,163.3,12.1,0,9156515,PCHM
2008-06-26T08:54:16,245968000,VOLENDAM,JUNEAU,58.56782333,-135.0886233,162,162.2,12.2,0,9156515,PCHM
2008-06-26T08:54:07,245968000,VOLENDAM,JUNEAU,58.56831,-135.08891,162,162.7,12.1,0,9156515,PCHM
2008-06-26T08:53:57,245968000,VOLENDAM,JUNEAU,58.568845,-135.089225,162,161.6,12.2,0,9156515,PCHM
2008-06-26T08:53:48,245968000,VOLENDAM,JUNEAU,58.56932667,-135.089525,162,162.1,12.3,0,9156515,PCHM
2008-06-26T08:53:38,245968000,VOLENDAM,JUNEAU,58.56986167,-135.0898433,162,162.7,12.1,0,9156515,PCHM
2008-06-26T08:53:27,245968000,VOLENDAM,JUNEAU,58.57046333,-135.09021,162,162.1,12.2,0,9156515,PCHM
2008-06-26T08:53:16,245968000,VOLENDAM,JUNEAU,58.57099833,-135.0905283,162,162.8,12.1,0,9156515,PCHM
2008-06-26T08:53:09,245968000,VOLENDAM,JUNEAU,58.57148333,-135.09083,0,0.0,0.0,0,9156515,PCHM
2008-06-26T08:53:07,245968000,VOLENDAM,JUNEAU,58.57148333,-135.09083,162,162.4,12.1,0,9156515,PCHM
2008-06-26T08:52:57,245968000,VOLENDAM,JUNEAU,58.57206833,-135.09118,162,162.1,12.2,0,9156515,PCHM
2008-06-26T08:52:48,245968000,VOLENDAM,JUNEAU,58.57260167,-135.091515,162,162.6,12.2,0,9156515,PCHM
2008-06-26T08:52:38,245968000,VOLENDAM,JUNEAU,58.57313833,-135.0918483,162,161.7,12.2,0,9156515,PCHM
2008-06-26T08:52:27,245968000,VOLENDAM,JUNEAU,58.57367333,-135.0921667,162,161.4,12.2,0,9156515,PCHM
2008-06-26T08:51:57,245968000,VOLENDAM,JUNEAU,58.57527833,-135.0931533,162,162.4,12.2,0,9156515,PCHM
2008-06-26T08:51:48,245968000,VOLENDAM,JUNEAU,58.57576333,-135.093455,162,162.1,12.2,0,9156515,PCHM
2008-06-26T08:51:38,245968000,VOLENDAM,JUNEAU,58.5763,-135.0937883,162,161.4,12.3,0,9156515,PCHM
2008-06-26T08:51:27,245968000,VOLENDAM,JUNEAU,58.576885,-135.0941567,162,162.0,12.1,0,9156515,PCHM
2008-06-26T08:51:07,245968000,VOLENDAM,JUNEAU,58.57790667,-135.0947933,162,162.5,12.0,0,9156515,PCHM
2008-06-26T08:50:57,245968000,VOLENDAM,JUNEAU,58.57849333,-135.0951617,162,161.7,12.3,0,9156515,PCHM
2008-06-26T08:50:48,245968000,VOLENDAM,JUNEAU,58.57897833,-135.0954633,162,162.0,12.2,0,9156515,PCHM
2008-06-26T08:50:38,245968000,VOLENDAM,JUNEAU,58.579515,-135.0957817,162,162.1,12.2,0,9156515,PCHM
2008-06-26T08:50:27,245968000,VOLENDAM,JUNEAU,58.58009833,-135.0961483,162,162.0,12.1,0,9156515,PCHM
2008-06-26T08:50:16,245968000,VOLENDAM,JUNEAU,58.58068167,-135.0965183,162,162.1,12.1,0,9156515,PCHM
2008-06-26T08:50:08,245968000,VOLENDAM,JUNEAU,58.58111667,-135.0967833,162,161.4,12.0,0,9156515,PCHM
2008-06-26T08:49:57,245968000,VOLENDAM,JUNEAU,58.5817,-135.0971533,162,162.4,12.2,0,9156515,PCHM
2008-06-26T08:49:48,245968000,VOLENDAM,JUNEAU,58.58223667,-135.097485,162,161.1,12.2,0,9156515,PCHM
2008-06-26T08:49:38,245968000,VOLENDAM,JUNEAU,58.58272167,-135.0977883,162,162.1,12.2,0,9156515,PCHM
2008-06-26T08:49:26,245968000,VOLENDAM,JUNEAU,58.58335667,-135.09819,162,162.6,12.3,0,9156515,PCHM
2008-06-26T08:49:16,245968000,VOLENDAM,JUNEAU,58.58384167,-135.09849,162,161.5,12.2,0,9156515,PCHM
2008-06-26T08:49:08,245968000,VOLENDAM,JUNEAU,58.58432833,-135.0987767,162,161.9,12.2,0,9156515,PCHM
2008-06-26T08:48:57,245968000,VOLENDAM,JUNEAU,58.58491333,-135.0991433,162,161.1,12.3,0,9156515,PCHM
2008-06-26T08:48:38,245968000,VOLENDAM,JUNEAU,58.58593333,-135.099795,162,161.7,12.2,0,9156515,PCHM
2008-06-26T08:48:26,245968000,VOLENDAM,JUNEAU,58.58656833,-135.1001967,162,161.8,12.2,0,9156515,PCHM
2008-06-26T08:48:17,245968000,VOLENDAM,JUNEAU,58.58705333,-135.1004983,162,161.8,12.3,0,9156515,PCHM
2008-06-26T08:48:08,245968000,VOLENDAM,JUNEAU,58.58753833,-135.1007983,162,161.8,12.2,0,9156515,PCHM
2008-06-26T08:47:57,245968000,VOLENDAM,JUNEAU,58.58812333,-135.1011667,162,162.3,12.3,0,9156515,PCHM
2008-06-26T08:47:46,245968000,VOLENDAM,JUNEAU,58.588725,-135.1015333,162,161.3,12.2,0,9156515,PCHM
2008-06-26T08:47:38,245968000,VOLENDAM,JUNEAU,58.58921,-135.1018367,162,163.0,12.2,0,9156515,PCHM
2008-06-26T08:47:26,245968000,VOLENDAM,JUNEAU,58.58979667,-135.1022033,162,161.6,12.2,0,9156515,PCHM
2008-06-26T08:47:17,245968000,VOLENDAM,JUNEAU,58.59033167,-135.1025383,162,163.0,12.2,0,9156515,PCHM
2008-06-26T08:47:09,245968000,VOLENDAM,JUNEAU,58.59076833,-135.1027917,0,0.0,0.0,0,9156515,PCHM
2008-06-26T08:47:08,245968000,VOLENDAM,JUNEAU,58.59076833,-135.1027917,163,162.9,12.2,0,9156515,PCHM
2008-06-26T08:46:57,245968000,VOLENDAM,JUNEAU,58.59135167,-135.1031417,163,163.2,12.2,0,9156515,PCHM
2008-06-26T08:46:47,245968000,VOLENDAM,JUNEAU,58.591905,-135.10346,163,163.1,12.3,0,9156515,PCHM
2008-06-26T08:46:36,245968000,VOLENDAM,JUNEAU,58.59249167,-135.1038117,163,162.9,12.2,0,9156515,PCHM
2008-06-26T08:46:26,245968000,VOLENDAM,JUNEAU,58.593025,-135.1041117,163,163.7,12.2,0,9156515,PCHM
2008-06-26T08:46:17,245968000,VOLENDAM,JUNEAU,58.59352833,-135.1043967,164,163.7,12.3,0,9156515,PCHM
2008-06-26T08:46:07,245968000,VOLENDAM,JUNEAU,58.59406167,-135.1046983,164,164.2,12.3,0,9156515,PCHM
2008-06-26T08:45:57,245968000,VOLENDAM,JUNEAU,58.59454667,-135.104965,164,163.8,12.4,0,9156515,PCHM
2008-06-26T08:45:47,245968000,VOLENDAM,JUNEAU,58.59515,-135.1053,164,164.2,12.3,0,9156515,PCHM
2008-06-26T08:45:36,245968000,VOLENDAM,JUNEAU,58.59569833,-135.1055883,164,164.4,12.2,0,9156515,PCHM
2008-06-26T08:45:26,245968000,VOLENDAM,JUNEAU,58.5963,-135.1059233,164,164.1,12.2,0,9156515,PCHM
2008-06-26T08:45:17,245968000,VOLENDAM,JUNEAU,58.59683667,-135.1062083,164,164.2,12.4,0,9156515,PCHM
2008-06-26T08:45:07,245968000,VOLENDAM,JUNEAU,58.59739,-135.1064933,164,164.5,12.2,0,9156515,PCHM
2008-06-26T08:44:57,245968000,VOLENDAM,JUNEAU,58.597875,-135.1067617,164,164.6,12.3,0,9156515,PCHM
2008-06-26T08:44:46,245968000,VOLENDAM,JUNEAU,58.59847833,-135.10708,164,164.8,12.4,0,9156515,PCHM
2008-06-26T08:44:36,245968000,VOLENDAM,JUNEAU,58.59903333,-135.107365,164,163.7,12.3,0,9156515,PCHM
2008-06-26T08:44:26,245968000,VOLENDAM,JUNEAU,58.599585,-135.10765,164,165.0,12.2,0,9156515,PCHM
2008-06-26T08:44:17,245968000,VOLENDAM,JUNEAU,58.60012,-135.1079333,164,164.5,12.3,0,9156515,PCHM
2008-06-26T08:44:07,245968000,VOLENDAM,JUNEAU,58.60062167,-135.1082017,164,164.5,12.5,0,9156515,PCHM
2008-06-26T08:43:57,245968000,VOLENDAM,JUNEAU,58.60110667,-135.1084533,164,164.6,12.3,0,9156515,PCHM
2008-06-26T08:43:36,245968000,VOLENDAM,JUNEAU,58.60226333,-135.1090717,164,164.5,12.2,0,9156515,PCHM
2008-06-26T08:43:27,245968000,VOLENDAM,JUNEAU,58.602765,-135.1093233,164,165.0,12.3,0,9156515,PCHM
2008-06-26T08:43:17,245968000,VOLENDAM,JUNEAU,58.60335,-135.1096417,164,164.9,12.3,0,9156515,PCHM
2008-06-26T08:43:07,245968000,VOLENDAM,JUNEAU,58.60390167,-135.1099267,164,164.7,12.3,0,9156515,PCHM
2008-06-26T08:42:57,245968000,VOLENDAM,JUNEAU,58.60445333,-135.11021,164,164.8,12.3,0,9156515,PCHM
2008-06-26T08:42:46,245968000,VOLENDAM,JUNEAU,58.60505833,-135.1105283,164,164.8,12.2,0,9156515,PCHM
2008-06-26T08:42:27,245968000,VOLENDAM,JUNEAU,58.60609667,-135.111065,164,164.9,12.3,0,9156515,PCHM
2008-06-26T08:42:16,245968000,VOLENDAM,JUNEAU,58.60671667,-135.1113833,165,165.5,12.2,0,9156515,PCHM
2008-06-26T08:42:06,245968000,VOLENDAM,JUNEAU,58.60726333,-135.1116583,166,166.8,12.2,0,9156515,PCHM
2008-06-26T08:41:57,245968000,VOLENDAM,JUNEAU,58.60774833,-135.11189,166,165.4,12.3,0,9156515,PCHM
2008-06-26T08:41:46,245968000,VOLENDAM,JUNEAU,58.60835167,-135.1121783,167,167.6,12.2,0,9156515,PCHM
2008-06-26T08:41:36,245968000,VOLENDAM,JUNEAU,58.60892,-135.11243,167,166.9,12.2,0,9156515,PCHM
2008-06-26T08:41:27,245968000,VOLENDAM,JUNEAU,58.60942333,-135.1126467,167,166.8,12.2,0,9156515,PCHM
2008-06-26T08:41:16,245968000,VOLENDAM,JUNEAU,58.610025,-135.1129,167,167.8,12.3,0,9156515,PCHM
2008-06-26T08:41:06,245968000,VOLENDAM,JUNEAU,58.61057833,-135.113135,167,168.6,12.4,0,9156515,PCHM
2008-06-26T08:41:06,245968000,VOLENDAM,JUNEAU,58.61057833,-135.113135,0,0.0,0.0,0,9156515,PCHM
2008-06-26T08:40:57,245968000,VOLENDAM,JUNEAU,58.61101333,-135.113335,167,168.3,12.4,0,9156515,PCHM
2008-06-26T08:40:47,245968000,VOLENDAM,JUNEAU,58.61158333,-135.1135683,168,168.0,12.2,0,9156515,PCHM
2008-06-26T08:40:36,245968000,VOLENDAM,JUNEAU,58.61218667,-135.11382,168,167.4,12.4,0,9156515,PCHM
2008-06-26T08:40:27,245968000,VOLENDAM,JUNEAU,58.61273833,-135.114055,168,168.5,12.2,0,9156515,PCHM
2008-06-26T08:40:06,245968000,VOLENDAM,JUNEAU,58.61390833,-135.1145233,168,168.5,12.3,0,9156515,PCHM
2008-06-26T08:39:57,245968000,VOLENDAM,JUNEAU,58.61440833,-135.1147067,168,167.8,12.3,0,9156515,PCHM
2008-06-26T08:39:47,245968000,VOLENDAM,JUNEAU,58.61497667,-135.1149417,168,169.1,12.4,0,9156515,PCHM
2008-06-26T08:39:36,245968000,VOLENDAM,JUNEAU,58.61558,-135.115175,168,168.5,12.2,0,9156515,PCHM
2008-06-26T08:39:27,245968000,VOLENDAM,JUNEAU,58.616085,-135.1153783,168,169.2,12.3,0,9156515,PCHM
2008-06-26T08:39:16,245968000,VOLENDAM,JUNEAU,58.61670333,-135.1156117,168,168.0,12.4,0,9156515,PCHM
2008-06-26T08:39:06,245968000,VOLENDAM,JUNEAU,58.617255,-135.1158283,168,168.1,12.4,0,9156515,PCHM
2008-06-26T08:38:57,245968000,VOLENDAM,JUNEAU,58.61775667,-135.1160283,168,168.3,12.3,0,9156515,PCHM
2008-06-26T08:38:37,245968000,VOLENDAM,JUNEAU,58.61887667,-135.11648,168,167.8,12.3,0,9156515,PCHM
2008-06-26T08:38:27,245968000,VOLENDAM,JUNEAU,58.61937833,-135.1166817,168,168.8,12.3,0,9156515,PCHM
2008-06-26T08:38:16,245968000,VOLENDAM,JUNEAU,58.61998,-135.1169317,168,167.9,12.3,0,9156515,PCHM
2008-06-26T08:38:06,245968000,VOLENDAM,JUNEAU,58.620595,-135.1171783,168,168.7,12.2,0,9156515,PCHM
2008-06-26T08:37:56,245968000,VOLENDAM,JUNEAU,58.62114833,-135.1173933,168,167.4,12.4,0,9156515,PCHM
2008-06-26T08:37:36,245968000,VOLENDAM,JUNEAU,58.62225167,-135.1178467,168,168.2,12.3,0,9156515,PCHM
2008-06-26T08:37:27,245968000,VOLENDAM,JUNEAU,58.62275167,-135.1180483,168,168.6,12.4,0,9156515,PCHM
2008-06-26T08:37:16,245968000,VOLENDAM,JUNEAU,58.62337333,-135.1182983,168,167.8,12.3,0,9156515,PCHM
2008-06-26T08:37:06,245968000,VOLENDAM,JUNEAU,58.623925,-135.1185167,168,168.3,12.3,0,9156515,PCHM
2008-06-26T08:36:47,245968000,VOLENDAM,JUNEAU,58.62502667,-135.1189667,168,168.2,12.3,0,9156515,PCHM
2008-06-26T08:36:47,245968000,VOLENDAM,JUNEAU,58.6195,-135.1175,511,360.0,102.3,15,9156515,PCHM
2008-06-26T08:36:37,245968000,VOLENDAM,JUNEAU,58.62554333,-135.1191683,168,168.6,12.4,0,9156515,PCHM
2008-06-26T08:36:27,245968000,VOLENDAM,JUNEAU,58.62608167,-135.1194017,168,168.0,12.2,0,9156515,PCHM
2008-06-26T08:36:16,245968000,VOLENDAM,JUNEAU,58.62670167,-135.1196367,168,167.9,12.2,0,9156515,PCHM
2008-06-26T08:36:06,245968000,VOLENDAM,JUNEAU,58.62720167,-135.119855,168,168.4,12.2,0,9156515,PCHM
2008-06-26T08:35:57,245968000,VOLENDAM,JUNEAU,58.627755,-135.1200717,168,168.1,12.3,0,9156515,PCHM
2008-06-26T08:35:46,245968000,VOLENDAM,JUNEAU,58.62830833,-135.1203067,168,167.5,12.1,0,9156515,PCHM
2008-06-26T08:35:37,245968000,VOLENDAM,JUNEAU,58.62891167,-135.1205417,168,168.2,12.2,0,9156515,PCHM
2008-06-26T08:35:27,245968000,VOLENDAM,JUNEAU,58.62941333,-135.1207417,168,168.4,12.4,0,9156515,PCHM
2008-06-26T08:35:16,245968000,VOLENDAM,JUNEAU,58.63003,-135.1209917,168,168.5,12.5,0,9156515,PCHM
2008-06-26T08:35:08,245968000,VOLENDAM,JUNEAU,58.630585,-135.12121,0,0.0,0.0,0,9156515,PCHM
2008-06-26T08:35:06,245968000,VOLENDAM,JUNEAU,58.630585,-135.12121,168,168.8,12.3,0,9156515,PCHM
2008-06-26T08:34:57,245968000,VOLENDAM,JUNEAU,58.63108667,-135.1214117,168,168.2,12.2,0,9156515,PCHM
2008-06-26T08:34:47,245968000,VOLENDAM,JUNEAU,58.63169,-135.1216633,168,168.2,12.3,0,9156515,PCHM
2008-06-26T08:34:37,245968000,VOLENDAM,JUNEAU,58.63219167,-135.1218633,168,167.8,12.4,0,9156515,PCHM
2008-06-26T08:34:27,245968000,VOLENDAM,JUNEAU,58.63276167,-135.1220817,168,168.8,12.3,0,9156515,PCHM
2008-06-26T08:34:16,245968000,VOLENDAM,JUNEAU,58.63336333,-135.122315,168,167.6,12.5,0,9156515,PCHM
2008-06-26T08:34:06,245968000,VOLENDAM,JUNEAU,58.63393,-135.1225317,168,168.1,12.3,0,9156515,PCHM
2008-06-26T08:33:57,245968000,VOLENDAM,JUNEAU,58.63441333,-135.1227317,168,168.5,12.3,0,9156515,PCHM
2008-06-26T08:33:46,245968000,VOLENDAM,JUNEAU,58.63497833,-135.122945,168,168.2,12.4,0,9156515,PCHM
2008-06-26T08:33:37,245968000,VOLENDAM,JUNEAU,58.63553167,-135.1231633,168,168.2,12.2,0,9156515,PCHM
2008-06-26T08:33:27,245968000,VOLENDAM,JUNEAU,58.63608333,-135.1233817,168,168.8,12.2,0,9156515,PCHM
2008-06-26T08:33:06,245968000,VOLENDAM,JUNEAU,58.63725333,-135.12385,168,169.2,12.2,0,9156515,PCHM
2008-06-26T08:32:58,245968000,VOLENDAM,JUNEAU,58.63775333,-135.1240317,168,168.3,12.4,0,9156515,PCHM
2008-06-26T08:32:46,245968000,VOLENDAM,JUNEAU,58.638355,-135.1242667,168,168.6,12.2,0,9156515,PCHM
2008-06-26T08:32:38,245968000,VOLENDAM,JUNEAU,58.63885667,-135.1244667,168,168.4,12.3,0,9156515,PCHM
2008-06-26T08:32:27,245968000,VOLENDAM,JUNEAU,58.63947667,-135.1247017,168,169.0,12.2,0,9156515,PCHM
2008-06-26T08:32:06,245968000,VOLENDAM,JUNEAU,58.64058,-135.12512,168,168.9,12.2,0,9156515,PCHM
2008-06-26T08:31:58,245968000,VOLENDAM,JUNEAU,58.64103333,-135.1252867,168,168.6,12.2,0,9156515,PCHM
2008-06-26T08:31:46,245968000,VOLENDAM,JUNEAU,58.641685,-135.125555,168,168.3,12.3,0,9156515,PCHM
2008-06-26T08:31:38,245968000,VOLENDAM,JUNEAU,58.64212167,-135.1257217,168,168.7,12.2,0,9156515,PCHM
2008-06-26T08:31:27,245968000,VOLENDAM,JUNEAU,58.64274,-135.1259567,168,168.2,12.2,0,9156515,PCHM
2008-06-26T08:31:16,245968000,VOLENDAM,JUNEAU,58.64334167,-135.1261917,168,169.7,12.4,0,9156515,PCHM
2008-06-26T08:31:06,245968000,VOLENDAM,JUNEAU,58.64384667,-135.126375,168,168.5,12.2,0,9156515,PCHM
2008-06-26T08:30:58,245968000,VOLENDAM,JUNEAU,58.64434667,-135.126575,168,168.6,12.2,0,9156515,PCHM
2008-06-26T08:30:46,245968000,VOLENDAM,JUNEAU,58.64494667,-135.1268083,168,168.7,12.2,0,9156515,PCHM
2008-06-26T08:30:38,245968000,VOLENDAM,JUNEAU,58.64549833,-135.1270267,168,168.4,12.3,0,9156515,PCHM
2008-06-26T08:30:27,245968000,VOLENDAM,JUNEAU,58.64611833,-135.12726,168,168.7,12.2,0,9156515,PCHM
2008-06-26T08:30:16,245968000,VOLENDAM,JUNEAU,58.64665333,-135.1274783,168,168.6,12.2,0,9156515,PCHM
2008-06-26T08:30:08,245968000,VOLENDAM,JUNEAU,58.647155,-135.1276783,168,168.8,12.2,0,9156515,PCHM
2008-06-26T08:29:58,245968000,VOLENDAM,JUNEAU,58.64770667,-135.1278967,168,167.4,12.2,0,9156515,PCHM
2008-06-26T08:29:46,245968000,VOLENDAM,JUNEAU,58.64831,-135.12813,168,168.0,12.1,0,9156515,PCHM
2008-06-26T08:29:38,245968000,VOLENDAM,JUNEAU,58.64874667,-135.1282983,168,168.3,12.4,0,9156515,PCHM
2008-06-26T08:29:27,245968000,VOLENDAM,JUNEAU,58.649365,-135.1285317,168,168.7,12.2,0,9156515,PCHM
2008-06-26T08:29:16,245968000,VOLENDAM,JUNEAU,58.649965,-135.1287833,168,168.0,12.3,0,9156515,PCHM
2008-06-26T08:29:08,245968000,VOLENDAM,JUNEAU,58.65041167,-135.1289467,0,0.0,0.0,0,9156515,PCHM
2008-06-26T08:29:07,245968000,VOLENDAM,JUNEAU,58.65041167,-135.1289467,168,168.9,12.1,0,9156515,PCHM
2008-06-26T08:28:56,245968000,VOLENDAM,JUNEAU,58.651015,-135.1291783,168,167.8,12.3,0,9156515,PCHM
2008-06-26T08:28:48,245968000,VOLENDAM,JUNEAU,58.651515,-135.12938,168,168.2,12.2,0,9156515,PCHM
2008-06-26T08:28:38,245968000,VOLENDAM,JUNEAU,58.652055,-135.1296,168,169.3,12.2,0,9156515,PCHM
2008-06-26T08:28:27,245968000,VOLENDAM,JUNEAU,58.65265833,-135.129835,168,168.6,12.2,0,9156515,PCHM
2008-06-26T08:28:16,245968000,VOLENDAM,JUNEAU,58.65321167,-135.130035,168,168.6,12.1,0,9156515,PCHM
2008-06-26T08:28:08,245968000,VOLENDAM,JUNEAU,58.653715,-135.1302367,168,168.6,12.2,0,9156515,PCHM
2008-06-26T08:27:57,245968000,VOLENDAM,JUNEAU,58.65436667,-135.130485,168,167.5,12.0,0,9156515,PCHM
2008-06-26T08:27:48,245968000,VOLENDAM,JUNEAU,58.65486833,-135.13067,168,168.6,12.2,0,9156515,PCHM
2008-06-26T08:27:38,245968000,VOLENDAM,JUNEAU,58.65542,-135.1308883,168,168.6,12.2,0,9156515,PCHM
2008-06-26T08:27:27,245968000,VOLENDAM,JUNEAU,58.65602167,-135.1311233,168,169.2,12.0,0,9156515,PCHM
2008-06-26T08:27:16,245968000,VOLENDAM,JUNEAU,58.65657333,-135.13134,168,169.1,12.2,0,9156515,PCHM
2008-06-26T08:27:08,245968000,VOLENDAM,JUNEAU,58.65705833,-135.1315233,168,168.4,12.2,0,9156515,PCHM
2008-06-26T08:26:57,245968000,VOLENDAM,JUNEAU,58.65766167,-135.1317583,168,168.6,12.2,0,9156515,PCHM
2008-06-26T08:26:48,245968000,VOLENDAM,JUNEAU,58.65811333,-135.1319083,168,167.9,12.1,0,9156515,PCHM
2008-06-26T08:26:38,245968000,VOLENDAM,JUNEAU,58.65865,-135.1321267,168,168.4,12.0,0,9156515,PCHM
2008-06-26T08:26:27,245968000,VOLENDAM,JUNEAU,58.65926667,-135.13236,168,169.2,12.1,0,9156515,PCHM
2008-06-26T08:26:18,245968000,VOLENDAM,JUNEAU,58.65975167,-135.132545,168,169.2,12.2,0,9156515,PCHM
2008-06-26T08:26:08,245968000,VOLENDAM,JUNEAU,58.66030333,-135.132745,168,169.0,12.2,0,9156515,PCHM
2008-06-26T08:25:57,245968000,VOLENDAM,JUNEAU,58.660905,-135.13298,168,169.1,12.2,0,9156515,PCHM
2008-06-26T08:25:48,245968000,VOLENDAM,JUNEAU,58.66140667,-135.1331633,168,169.1,12.1,0,9156515,PCHM
2008-06-26T08:25:37,245968000,VOLENDAM,JUNEAU,58.66200833,-135.13338,168,169.9,12.0,0,9156515,PCHM
2008-06-26T08:25:27,245968000,VOLENDAM,JUNEAU,58.66256,-135.1335967,168,168.7,12.2,0,9156515,PCHM
2008-06-26T08:25:18,245968000,VOLENDAM,JUNEAU,58.66311167,-135.1337983,168,169.7,12.2,0,9156515,PCHM
2008-06-26T08:25:08,245968000,VOLENDAM,JUNEAU,58.663665,-135.1339983,168,168.6,12.2,0,9156515,PCHM
2008-06-26T08:24:57,245968000,VOLENDAM,JUNEAU,58.66427833,-135.1342133,168,169.4,12.2,0,9156515,PCHM
2008-06-26T08:24:48,245968000,VOLENDAM,JUNEAU,58.66478,-135.1343983,168,169.2,12.0,0,9156515,PCHM
2008-06-26T08:24:37,245968000,VOLENDAM,JUNEAU,58.66533167,-135.1345967,168,168.8,12.2,0,9156515,PCHM
2008-06-26T08:24:27,245968000,VOLENDAM,JUNEAU,58.66588167,-135.1347967,168,168.9,12.2,0,9156515,PCHM
2008-06-26T08:24:18,245968000,VOLENDAM,JUNEAU,58.66638333,-135.1349817,168,169.2,12.3,0,9156515,PCHM
2008-06-26T08:24:08,245968000,VOLENDAM,JUNEAU,58.666935,-135.1351817,168,168.9,12.2,0,9156515,PCHM
2008-06-26T08:23:57,245968000,VOLENDAM,JUNEAU,58.66755333,-135.1354167,168,169.6,12.3,0,9156515,PCHM
2008-06-26T08:23:48,245968000,VOLENDAM,JUNEAU,58.668055,-135.1356,168,169.2,12.3,0,9156515,PCHM
2008-06-26T08:23:37,245968000,VOLENDAM,JUNEAU,58.668605,-135.1357833,168,169.3,12.3,0,9156515,PCHM
2008-06-26T08:23:27,245968000,VOLENDAM,JUNEAU,58.66917333,-135.1359833,168,168.1,12.2,0,9156515,PCHM
2008-06-26T08:23:18,245968000,VOLENDAM,JUNEAU,58.66972333,-135.1362017,168,169.9,12.4,0,9156515,PCHM
2008-06-26T08:23:08,245968000,VOLENDAM,JUNEAU,58.67034333,-135.1364183,0,0.0,0.0,0,9156515,PCHM
2008-06-26T08:23:08,245968000,VOLENDAM,JUNEAU,58.67034333,-135.1364183,168,168.8,12.4,0,9156515,PCHM
2008-06-26T08:22:56,245968000,VOLENDAM,JUNEAU,58.67096167,-135.1366367,168,170.1,12.3,0,9156515,PCHM
2008-06-26T08:22:47,245968000,VOLENDAM,JUNEAU,58.67146333,-135.1368217,168,169.9,12.5,0,9156515,PCHM
2008-06-26T08:22:37,245968000,VOLENDAM,JUNEAU,58.67203167,-135.1370217,168,169.8,12.4,0,9156515,PCHM
2008-06-26T08:22:27,245968000,VOLENDAM,JUNEAU,58.6726,-135.1372217,168,169.2,12.4,0,9156515,PCHM
2008-06-26T08:22:18,245968000,VOLENDAM,JUNEAU,58.67311667,-135.1374217,168,169.1,12.5,0,9156515,PCHM
2008-06-26T08:22:08,245968000,VOLENDAM,JUNEAU,58.67368833,-135.1376233,168,169.2,12.7,0,9156515,PCHM
2008-06-26T08:21:57,245968000,VOLENDAM,JUNEAU,58.67432167,-135.1378567,168,169.1,12.6,0,9156515,PCHM
2008-06-26T08:21:47,245968000,VOLENDAM,JUNEAU,58.67489167,-135.1380567,168,169.1,12.6,0,9156515,PCHM
2008-06-26T08:21:37,245968000,VOLENDAM,JUNEAU,58.67546,-135.138275,168,168.8,12.7,0,9156515,PCHM
2008-06-26T08:21:27,245968000,VOLENDAM,JUNEAU,58.676045,-135.1384933,168,170.1,12.8,0,9156515,PCHM
2008-06-26T08:21:18,245968000,VOLENDAM,JUNEAU,58.67656333,-135.138675,168,168.5,12.7,0,9156515,PCHM
2008-06-26T08:21:08,245968000,VOLENDAM,JUNEAU,58.67714833,-135.1388933,168,169.4,12.8,0,9156515,PCHM
2008-06-26T08:20:57,245968000,VOLENDAM,JUNEAU,58.67778167,-135.1391267,168,168.8,12.9,0,9156515,PCHM
2008-06-26T08:20:48,245968000,VOLENDAM,JUNEAU,58.67831833,-135.1393283,168,169.3,13.1,0,9156515,PCHM
2008-06-26T08:20:38,245968000,VOLENDAM,JUNEAU,58.67896833,-135.1395617,167,168.4,13.1,0,9156515,PCHM
2008-06-26T08:20:27,245968000,VOLENDAM,JUNEAU,58.679555,-135.139795,167,169.2,13.2,0,9156515,PCHM
2008-06-26T08:20:18,245968000,VOLENDAM,JUNEAU,58.68015833,-135.1400133,168,168.7,13.4,0,9156515,PCHM
2008-06-26T08:20:08,245968000,VOLENDAM,JUNEAU,58.68076,-135.1402467,168,169.1,13.4,0,9156515,PCHM
2008-06-26T08:19:56,245968000,VOLENDAM,JUNEAU,58.68142833,-135.1404983,168,169.1,13.4,0,9156515,PCHM
2008-06-26T08:19:46,245968000,VOLENDAM,JUNEAU,58.68203,-135.140715,168,169.1,13.4,0,9156515,PCHM
2008-06-26T08:19:37,245968000,VOLENDAM,JUNEAU,58.68259,-135.1409117,168,168.6,13.4,0,9156515,PCHM
2008-06-26T08:19:27,245968000,VOLENDAM,JUNEAU,58.68319167,-135.1411433,168,168.5,13.4,0,9156515,PCHM
2008-06-26T08:19:18,245968000,VOLENDAM,JUNEAU,58.68372833,-135.1413467,168,169.4,13.4,0,9156515,PCHM
2008-06-26T08:19:07,245968000,VOLENDAM,JUNEAU,58.68439667,-135.1415967,168,168.9,13.3,0,9156515,PCHM
2008-06-26T08:18:56,245968000,VOLENDAM,JUNEAU,58.68506667,-135.1418317,168,169.1,13.2,0,9156515,PCHM
2008-06-26T08:18:46,245968000,VOLENDAM,JUNEAU,58.68567,-135.1420483,168,168.8,13.2,0,9156515,PCHM
2008-06-26T08:18:37,245968000,VOLENDAM,JUNEAU,58.686155,-135.1422333,168,168.8,13.4,0,9156515,PCHM
2008-06-26T08:18:27,245968000,VOLENDAM,JUNEAU,58.68675833,-135.1424517,168,169.1,13.1,0,9156515,PCHM
2008-06-26T08:18:17,245968000,VOLENDAM,JUNEAU,58.68741167,-135.1427017,168,168.8,13.4,0,9156515,PCHM
2008-06-26T08:18:07,245968000,VOLENDAM,JUNEAU,58.688015,-135.14292,168,168.2,13.2,0,9156515,PCHM
2008-06-26T08:17:56,245968000,VOLENDAM,JUNEAU,58.68868333,-135.1431717,168,169.1,13.2,0,9156515,PCHM
2008-06-26T08:17:46,245968000,VOLENDAM,JUNEAU,58.689285,-135.143405,168,168.9,13.4,0,9156515,PCHM
2008-06-26T08:17:37,245968000,VOLENDAM,JUNEAU,58.68982333,-135.1436067,168,168.5,13.2,0,9156515,PCHM
2008-06-26T08:17:26,245968000,VOLENDAM,JUNEAU,58.69049,-135.14384,168,168.8,13.3,0,9156515,PCHM
2008-06-26T08:17:17,245968000,VOLENDAM,JUNEAU,58.69102667,-135.1440417,168,168.8,13.2,0,9156515,PCHM
2008-06-26T08:17:07,245968000,VOLENDAM,JUNEAU,58.69162833,-135.144275,168,168.5,13.2,0,9156515,PCHM
2008-06-26T08:17:06,245968000,VOLENDAM,JUNEAU,58.69228167,-135.1445267,0,0.0,0.0,0,9156515,PCHM
2008-06-26T08:16:56,245968000,VOLENDAM,JUNEAU,58.69228167,-135.1445267,168,169.2,13.1,0,9156515,PCHM
2008-06-26T08:16:46,245968000,VOLENDAM,JUNEAU,58.69288167,-135.1447433,168,168.7,13.3,0,9156515,PCHM
2008-06-26T08:16:37,245968000,VOLENDAM,JUNEAU,58.69342,-135.144945,168,168.3,13.1,0,9156515,PCHM
2008-06-26T08:16:26,245968000,VOLENDAM,JUNEAU,58.69402167,-135.1451783,168,168.5,13.4,0,9156515,PCHM
2008-06-26T08:16:17,245968000,VOLENDAM,JUNEAU,58.69460833,-135.1454133,168,169.2,13.3,0,9156515,PCHM
2008-06-26T08:16:07,245968000,VOLENDAM,JUNEAU,58.695145,-135.145615,168,167.9,13.3,0,9156515,PCHM
2008-06-26T08:15:57,245968000,VOLENDAM,JUNEAU,58.695815,-135.1458817,168,168.7,13.2,0,9156515,PCHM
2008-06-26T08:15:46,245968000,VOLENDAM,JUNEAU,58.69646333,-135.1461317,168,168.9,13.3,0,9156515,PCHM
2008-06-26T08:15:37,245968000,VOLENDAM,JUNEAU,58.69700833,-135.1463433,168,168.6,13.1,0,9156515,PCHM
2008-06-26T08:15:26,245968000,VOLENDAM,JUNEAU,58.69766,-135.146595,168,168.2,13.1,0,9156515,PCHM
2008-06-26T08:15:17,245968000,VOLENDAM,JUNEAU,58.69826167,-135.1468283,168,168.3,13.2,0,9156515,PCHM
2008-06-26T08:15:07,245968000,VOLENDAM,JUNEAU,58.698795,-135.1470267,168,167.7,13.4,0,9156515,PCHM
2008-06-26T08:14:57,245968000,VOLENDAM,JUNEAU,58.69938167,-135.1472633,168,168.7,13.1,0,9156515,PCHM
2008-06-26T08:14:47,245968000,VOLENDAM,JUNEAU,58.70003167,-135.1475133,168,168.8,13.2,0,9156515,PCHM
2008-06-26T08:14:37,245968000,VOLENDAM,JUNEAU,58.70058333,-135.1477317,168,168.1,13.1,0,9156515,PCHM
2008-06-26T08:14:26,245968000,VOLENDAM,JUNEAU,58.701235,-135.1479817,168,168.7,13.0,0,9156515,PCHM
2008-06-26T08:14:17,245968000,VOLENDAM,JUNEAU,58.70177,-135.1481967,168,167.8,13.1,0,9156515,PCHM
2008-06-26T08:14:07,245968000,VOLENDAM,JUNEAU,58.70235333,-135.1484317,168,168.6,13.1,0,9156515,PCHM
2008-06-26T08:13:57,245968000,VOLENDAM,JUNEAU,58.70295667,-135.1486667,169,169.0,13.1,0,9156515,PCHM
2008-06-26T08:13:47,245968000,VOLENDAM,JUNEAU,58.70355833,-135.1489,169,168.6,13.2,0,9156515,PCHM
2008-06-26T08:13:37,245968000,VOLENDAM,JUNEAU,58.70407667,-135.1491017,169,168.9,13.1,0,9156515,PCHM
2008-06-26T08:13:26,245968000,VOLENDAM,JUNEAU,58.704745,-135.1493517,168,168.6,13.2,0,9156515,PCHM
2008-06-26T08:13:17,245968000,VOLENDAM,JUNEAU,58.70533,-135.1495867,168,168.8,13.1,0,9156515,PCHM
2008-06-26T08:13:08,245968000,VOLENDAM,JUNEAU,58.70591667,-135.14982,168,168.3,13.0,0,9156515,PCHM
2008-06-26T08:12:57,245968000,VOLENDAM,JUNEAU,58.70657,-135.1500867,168,167.3,13.1,0,9156515,PCHM
2008-06-26T08:12:47,245968000,VOLENDAM,JUNEAU,58.70715667,-135.1503217,168,167.2,13.1,0,9156515,PCHM
2008-06-26T08:12:37,245968000,VOLENDAM,JUNEAU,58.70769167,-135.15054,168,167.8,13.1,0,9156515,PCHM
2008-06-26T08:12:26,245968000,VOLENDAM,JUNEAU,58.708345,-135.1508067,168,167.3,12.9,0,9156515,PCHM
2008-06-26T08:12:16,245968000,VOLENDAM,JUNEAU,58.70893,-135.1510583,168,168.1,13.0,0,9156515,PCHM
2008-06-26T08:12:08,245968000,VOLENDAM,JUNEAU,58.70941333,-135.1512583,168,167.8,13.1,0,9156515,PCHM
2008-06-26T08:11:57,245968000,VOLENDAM,JUNEAU,58.71004833,-135.151525,168,167.7,13.0,0,9156515,PCHM
2008-06-26T08:11:47,245968000,VOLENDAM,JUNEAU,58.71065167,-135.15176,168,168.8,13.1,0,9156515,PCHM
2008-06-26T08:11:36,245968000,VOLENDAM,JUNEAU,58.71130333,-135.1520283,168,168.3,13.0,0,9156515,PCHM
2008-06-26T08:11:26,245968000,VOLENDAM,JUNEAU,58.71188833,-135.1522617,168,168.2,13.1,0,9156515,PCHM
2008-06-26T08:11:16,245968000,VOLENDAM,JUNEAU,58.71247333,-135.1524967,168,168.7,13.2,0,9156515,PCHM
2008-06-26T08:11:08,245968000,VOLENDAM,JUNEAU,58.71295833,-135.15268,168,168.3,13.1,0,9156515,PCHM
2008-06-26T08:11:07,245968000,VOLENDAM,JUNEAU,58.71366167,-135.152965,0,0.0,0.0,0,9156515,PCHM
2008-06-26T08:10:56,245968000,VOLENDAM,JUNEAU,58.71366167,-135.152965,168,169.3,13.1,0,9156515,PCHM
2008-06-26T08:10:47,245968000,VOLENDAM,JUNEAU,58.71419667,-135.153165,168,168.1,13.0,0,9156515,PCHM
2008-06-26T08:10:36,245968000,VOLENDAM,JUNEAU,58.71486667,-135.1534333,168,168.9,13.1,0,9156515,PCHM
2008-06-26T08:10:26,245968000,VOLENDAM,JUNEAU,58.71545667,-135.15366,168,168.7,13.2,0,9156515,PCHM
2008-06-26T08:10:16,245968000,VOLENDAM,JUNEAU,58.71604167,-135.1538933,168,168.3,13.2,0,9156515,PCHM
2008-06-26T08:10:08,245968000,VOLENDAM,JUNEAU,58.71652667,-135.1540933,168,168.0,13.2,0,9156515,PCHM
2008-06-26T08:09:56,245968000,VOLENDAM,JUNEAU,58.717245,-135.1543767,168,167.9,13.3,0,9156515,PCHM
2008-06-26T08:09:47,245968000,VOLENDAM,JUNEAU,58.71783,-135.1546117,168,168.1,13.3,0,9156515,PCHM
2008-06-26T08:09:36,245968000,VOLENDAM,JUNEAU,58.71843167,-135.1548617,168,168.1,13.2,0,9156515,PCHM
2008-06-26T08:09:26,245968000,VOLENDAM,JUNEAU,58.71902,-135.1551133,168,167.6,13.3,0,9156515,PCHM
2008-06-26T08:09:16,245968000,VOLENDAM,JUNEAU,58.71962,-135.1553483,168,168.1,13.2,0,9156515,PCHM
2008-06-26T08:09:08,245968000,VOLENDAM,JUNEAU,58.720105,-135.1555483,168,168.6,13.3,0,9156515,PCHM
2008-06-26T08:08:56,245968000,VOLENDAM,JUNEAU,58.72082333,-135.1558333,168,168.3,13.1,0,9156515,PCHM
2008-06-26T08:08:46,245968000,VOLENDAM,JUNEAU,58.72141,-135.1560833,168,168.7,13.2,0,9156515,PCHM
2008-06-26T08:08:36,245968000,VOLENDAM,JUNEAU,58.72202833,-135.1563183,168,168.9,13.2,0,9156515,PCHM
2008-06-26T08:08:26,245968000,VOLENDAM,JUNEAU,58.72261333,-135.1565517,168,168.4,13.3,0,9156515,PCHM
2008-06-26T08:08:16,245968000,VOLENDAM,JUNEAU,58.723165,-135.15677,168,168.6,13.3,0,9156515,PCHM
2008-06-26T08:08:08,245968000,VOLENDAM,JUNEAU,58.72375167,-135.1570033,168,168.5,13.3,0,9156515,PCHM
2008-06-26T08:07:56,245968000,VOLENDAM,JUNEAU,58.72442,-135.1572717,168,168.4,13.3,0,9156515,PCHM
2008-06-26T08:07:46,245968000,VOLENDAM,JUNEAU,58.72502333,-135.1575067,168,168.6,13.3,0,9156515,PCHM
2008-06-26T08:07:38,245968000,VOLENDAM,JUNEAU,58.72550833,-135.15769,168,168.7,13.5,0,9156515,PCHM
2008-06-26T08:07:26,245968000,VOLENDAM,JUNEAU,58.72622833,-135.157975,168,168.3,13.5,0,9156515,PCHM
2008-06-26T08:07:17,245968000,VOLENDAM,JUNEAU,58.72678,-135.1581917,168,168.1,13.4,0,9156515,PCHM
2008-06-26T08:07:08,245968000,VOLENDAM,JUNEAU,58.72732833,-135.1584083,168,168.2,13.3,0,9156515,PCHM
2008-06-26T08:06:56,245968000,VOLENDAM,JUNEAU,58.72804833,-135.1586933,168,168.7,13.4,0,9156515,PCHM
2008-06-26T08:06:46,245968000,VOLENDAM,JUNEAU,58.72864833,-135.1589433,168,168.0,13.3,0,9156515,PCHM
2008-06-26T08:06:38,245968000,VOLENDAM,JUNEAU,58.72913333,-135.1591267,168,167.7,13.4,0,9156515,PCHM
2008-06-26T08:06:26,245968000,VOLENDAM,JUNEAU,58.72985,-135.1594267,168,168.8,13.4,0,9156515,PCHM
2008-06-26T08:06:17,245968000,VOLENDAM,JUNEAU,58.73040167,-135.1596433,168,168.0,13.4,0,9156515,PCHM
2008-06-26T08:06:08,245968000,VOLENDAM,JUNEAU,58.73095333,-135.1598617,168,167.9,13.4,0,9156515,PCHM
2008-06-26T08:05:56,245968000,VOLENDAM,JUNEAU,58.73167333,-135.1601633,168,168.6,13.4,0,9156515,PCHM
2008-06-26T08:05:46,245968000,VOLENDAM,JUNEAU,58.732275,-135.1604133,168,168.5,13.4,0,9156515,PCHM
2008-06-26T08:05:38,245968000,VOLENDAM,JUNEAU,58.73282667,-135.16063,168,167.6,13.4,0,9156515,PCHM
2008-06-26T08:05:26,245968000,VOLENDAM,JUNEAU,58.73347833,-135.160915,168,168.0,13.4,0,9156515,PCHM
2008-06-26T08:05:17,245968000,VOLENDAM,JUNEAU,58.73403167,-135.1611333,168,167.9,13.5,0,9156515,PCHM
2008-06-26T08:05:07,245968000,VOLENDAM,JUNEAU,58.73469,-135.1613933,0,0.0,0.0,0,9156515,PCHM
2008-06-26T08:05:06,245968000,VOLENDAM,JUNEAU,58.73469,-135.1613933,168,168.7,13.4,0,9156515,PCHM
2008-06-26T08:04:56,245968000,VOLENDAM,JUNEAU,58.73529333,-135.161645,168,168.7,13.4,0,9156515,PCHM
2008-06-26T08:04:46,245968000,VOLENDAM,JUNEAU,58.73591,-135.1618767,168,168.3,13.4,0,9156515,PCHM
2008-06-26T08:04:38,245968000,VOLENDAM,JUNEAU,58.73639333,-135.1620767,168,167.9,13.5,0,9156515,PCHM
2008-06-26T08:04:26,245968000,VOLENDAM,JUNEAU,58.73711,-135.16236,168,168.2,13.3,0,9156515,PCHM
2008-06-26T08:04:17,245968000,VOLENDAM,JUNEAU,58.73766333,-135.162595,168,168.7,13.3,0,9156515,PCHM
2008-06-26T08:04:06,245968000,VOLENDAM,JUNEAU,58.73831667,-135.1628467,168,168.5,13.4,0,9156515,PCHM
2008-06-26T08:03:56,245968000,VOLENDAM,JUNEAU,58.73892,-135.1630983,168,168.1,13.3,0,9156515,PCHM
2008-06-26T08:03:46,245968000,VOLENDAM,JUNEAU,58.73952167,-135.16335,168,169.0,13.5,0,9156515,PCHM
2008-06-26T08:03:38,245968000,VOLENDAM,JUNEAU,58.74002333,-135.1635483,168,167.4,13.3,0,9156515,PCHM
2008-06-26T08:03:26,245968000,VOLENDAM,JUNEAU,58.74067667,-135.1638183,168,168.6,13.4,0,9156515,PCHM
2008-06-26T08:03:17,245968000,VOLENDAM,JUNEAU,58.74122833,-135.164035,168,168.1,13.3,0,9156515,PCHM
2008-06-26T08:03:06,245968000,VOLENDAM,JUNEAU,58.74194667,-135.164335,168,167.9,13.3,0,9156515,PCHM
2008-06-26T08:02:56,245968000,VOLENDAM,JUNEAU,58.74261667,-135.1646033,168,168.1,13.3,0,9156515,PCHM
2008-06-26T08:02:46,245968000,VOLENDAM,JUNEAU,58.74315333,-135.1648217,168,168.9,13.4,0,9156515,PCHM
2008-06-26T08:02:38,245968000,VOLENDAM,JUNEAU,58.74364,-135.1650217,168,166.6,13.4,0,9156515,PCHM
2008-06-26T08:02:26,245968000,VOLENDAM,JUNEAU,58.74436,-135.1653233,168,167.4,13.4,0,9156515,PCHM
2008-06-26T08:02:17,245968000,VOLENDAM,JUNEAU,58.744895,-135.1655583,168,168.2,13.4,0,9156515,PCHM
2008-06-26T08:02:06,245968000,VOLENDAM,JUNEAU,58.74556333,-135.165825,168,168.6,13.3,0,9156515,PCHM
2008-06-26T08:01:56,245968000,VOLENDAM,JUNEAU,58.746165,-135.16606,168,168.3,13.2,0,9156515,PCHM
2008-06-26T08:01:46,245968000,VOLENDAM,JUNEAU,58.74676833,-135.166295,169,169.1,13.2,0,9156515,PCHM
2008-06-26T08:01:38,245968000,VOLENDAM,JUNEAU,58.74725167,-135.1664767,168,167.7,13.5,0,9156515,PCHM
2008-06-26T08:01:28,245968000,VOLENDAM,JUNEAU,58.747855,-135.1667117,168,168.4,13.3,0,9156515,PCHM
2008-06-26T08:01:16,245968000,VOLENDAM,JUNEAU,58.74857167,-135.1669783,168,168.7,13.3,0,9156515,PCHM
2008-06-26T08:01:06,245968000,VOLENDAM,JUNEAU,58.74910833,-135.1671967,168,169.0,13.1,0,9156515,PCHM
2008-06-26T08:00:56,245968000,VOLENDAM,JUNEAU,58.74977333,-135.1674633,168,168.3,13.3,0,9156515,PCHM
2008-06-26T08:00:48,245968000,VOLENDAM,JUNEAU,58.75025833,-135.1676467,168,168.3,13.2,0,9156515,PCHM
2008-06-26T08:00:38,245968000,VOLENDAM,JUNEAU,58.75090833,-135.1678967,168,169.1,13.3,0,9156515,PCHM
2008-06-26T08:00:28,245968000,VOLENDAM,JUNEAU,58.75151167,-135.1681317,168,169.3,13.3,0,9156515,PCHM
2008-06-26T08:00:16,245968000,VOLENDAM,JUNEAU,58.75216167,-135.168365,168,169.2,13.2,0,9156515,PCHM
2008-06-26T08:00:06,245968000,VOLENDAM,JUNEAU,58.752765,-135.1686,168,168.6,13.1,0,9156515,PCHM
2008-06-26T07:59:56,245968000,VOLENDAM,JUNEAU,58.75337333,-135.1688283,168,169.2,13.1,0,9156515,PCHM
2008-06-26T07:59:48,245968000,VOLENDAM,JUNEAU,58.75390667,-135.1690283,168,169.4,13.2,0,9156515,PCHM
2008-06-26T07:59:38,245968000,VOLENDAM,JUNEAU,58.75444333,-135.1692283,168,168.9,13.2,0,9156515,PCHM
2008-06-26T07:59:28,245968000,VOLENDAM,JUNEAU,58.755045,-135.1694467,168,169.7,13.1,0,9156515,PCHM
2008-06-26T07:59:16,245968000,VOLENDAM,JUNEAU,58.75576333,-135.1697133,168,169.3,13.2,0,9156515,PCHM
2008-06-26T07:59:10,245968000,VOLENDAM,JUNEAU,58.75634833,-135.1699333,0,0.0,0.0,0,9156515,PCHM
2008-06-26T07:59:06,245968000,VOLENDAM,JUNEAU,58.75634833,-135.1699333,168,170.3,13.1,0,9156515,PCHM
2008-06-26T07:58:56,245968000,VOLENDAM,JUNEAU,58.75688333,-135.1701133,168,168.9,13.2,0,9156515,PCHM
2008-06-26T07:58:47,245968000,VOLENDAM,JUNEAU,58.75743333,-135.1703317,168,169.1,13.2,0,9156515,PCHM
2008-06-26T07:58:38,245968000,VOLENDAM,JUNEAU,58.75801833,-135.1705317,168,168.7,13.2,0,9156515,PCHM
2008-06-26T07:58:28,245968000,VOLENDAM,JUNEAU,58.75862,-135.1707667,168,169.7,13.1,0,9156515,PCHM
2008-06-26T07:58:16,245968000,VOLENDAM,JUNEAU,58.75927333,-135.1709983,168,168.6,13.2,0,9156515,PCHM
2008-06-26T07:58:06,245968000,VOLENDAM,JUNEAU,58.759925,-135.1712517,168,169.4,13.3,0,9156515,PCHM
2008-06-26T07:57:57,245968000,VOLENDAM,JUNEAU,58.76054333,-135.17147,168,169.7,13.0,0,9156515,PCHM
2008-06-26T07:57:47,245968000,VOLENDAM,JUNEAU,58.76107833,-135.1716683,168,168.8,13.2,0,9156515,PCHM
2008-06-26T07:57:38,245968000,VOLENDAM,JUNEAU,58.76166167,-135.17187,168,169.3,13.0,0,9156515,PCHM
2008-06-26T07:57:28,245968000,VOLENDAM,JUNEAU,58.76221333,-135.17207,168,169.7,13.2,0,9156515,PCHM
2008-06-26T07:57:16,245968000,VOLENDAM,JUNEAU,58.76293,-135.1723367,168,169.1,13.2,0,9156515,PCHM
2008-06-26T07:57:08,245968000,VOLENDAM,JUNEAU,58.763465,-135.17252,168,169.3,13.2,0,9156515,PCHM
2008-06-26T07:56:57,245968000,VOLENDAM,JUNEAU,58.764115,-135.1727717,168,169.7,13.3,0,9156515,PCHM
2008-06-26T07:56:48,245968000,VOLENDAM,JUNEAU,58.76465,-135.1729533,168,168.6,13.1,0,9156515,PCHM
2008-06-26T07:56:38,245968000,VOLENDAM,JUNEAU,58.76518667,-135.173155,168,169.2,13.2,0,9156515,PCHM
2008-06-26T07:56:28,245968000,VOLENDAM,JUNEAU,58.76578667,-135.1733733,168,169.3,13.2,0,9156515,PCHM
2008-06-26T07:56:16,245968000,VOLENDAM,JUNEAU,58.76650667,-135.1736233,168,169.3,13.1,0,9156515,PCHM
2008-06-26T07:56:08,245968000,VOLENDAM,JUNEAU,58.76699167,-135.1738083,168,170.0,13.2,0,9156515,PCHM
2008-06-26T07:55:57,245968000,VOLENDAM,JUNEAU,58.76764167,-135.1740417,168,170.7,13.3,0,9156515,PCHM
2008-06-26T07:55:48,245968000,VOLENDAM,JUNEAU,58.76817667,-135.174225,168,169.3,13.1,0,9156515,PCHM
2008-06-26T07:55:38,245968000,VOLENDAM,JUNEAU,58.76882833,-135.1744583,168,169.4,13.1,0,9156515,PCHM
2008-06-26T07:55:28,245968000,VOLENDAM,JUNEAU,58.76942833,-135.174675,168,170.0,13.2,0,9156515,PCHM
2008-06-26T07:55:16,245968000,VOLENDAM,JUNEAU,58.77007833,-135.1749083,168,169.7,13.2,0,9156515,PCHM
2008-06-26T07:55:08,245968000,VOLENDAM,JUNEAU,58.77061333,-135.1750933,169,169.5,13.1,0,9156515,PCHM
2008-06-26T07:54:57,245968000,VOLENDAM,JUNEAU,58.771285,-135.1753283,169,170.1,13.1,0,9156515,PCHM
2008-06-26T07:54:48,245968000,VOLENDAM,JUNEAU,58.77182,-135.1755117,169,169.2,13.1,0,9156515,PCHM
2008-06-26T07:54:38,245968000,VOLENDAM,JUNEAU,58.772355,-135.1757117,169,169.4,13.1,0,9156515,PCHM
2008-06-26T07:54:28,245968000,VOLENDAM,JUNEAU,58.77295667,-135.1759133,168,169.4,13.1,0,9156515,PCHM
2008-06-26T07:54:16,245968000,VOLENDAM,JUNEAU,58.77366,-135.1761633,168,169.6,13.1,0,9156515,PCHM
2008-06-26T07:54:08,245968000,VOLENDAM,JUNEAU,58.77412667,-135.1763317,168,169.1,13.2,0,9156515,PCHM
2008-06-26T07:53:57,245968000,VOLENDAM,JUNEAU,58.774795,-135.176565,168,168.5,13.1,0,9156515,PCHM
2008-06-26T07:53:48,245968000,VOLENDAM,JUNEAU,58.77533,-135.176765,168,168.9,13.0,0,9156515,PCHM
2008-06-26T07:53:38,245968000,VOLENDAM,JUNEAU,58.77591333,-135.1769817,168,169.2,13.4,0,9156515,PCHM
2008-06-26T07:53:28,245968000,VOLENDAM,JUNEAU,58.776515,-135.1772,168,169.4,13.0,0,9156515,PCHM
2008-06-26T07:53:16,245968000,VOLENDAM,JUNEAU,58.77729167,-135.17748,168,168.9,13.0,0,9156515,PCHM
2008-06-26T07:53:08,245968000,VOLENDAM,JUNEAU,58.77776,-135.177645,168,169.0,13.2,0,9156515,PCHM
2008-06-26T07:53:06,245968000,VOLENDAM,JUNEAU,58.77836333,-135.1778467,0,0.0,0.0,0,9156515,PCHM
2008-06-26T07:52:57,245968000,VOLENDAM,JUNEAU,58.77836333,-135.1778467,168,169.5,13.2,0,9156515,PCHM
2008-06-26T07:52:46,245968000,VOLENDAM,JUNEAU,58.77901167,-135.17808,168,169.6,13.1,0,9156515,PCHM
2008-06-26T07:52:38,245968000,VOLENDAM,JUNEAU,58.77954667,-135.17828,168,169.3,13.1,0,9156515,PCHM
2008-06-26T07:52:28,245968000,VOLENDAM,JUNEAU,58.78008333,-135.1784667,168,170.0,13.1,0,9156515,PCHM
2008-06-26T07:52:16,245968000,VOLENDAM,JUNEAU,58.78080167,-135.1787167,168,169.8,12.9,0,9156515,PCHM
2008-06-26T07:52:08,245968000,VOLENDAM,JUNEAU,58.78133833,-135.1789167,168,169.5,13.2,0,9156515,PCHM
2008-06-26T07:51:57,245968000,VOLENDAM,JUNEAU,58.78192667,-135.179135,168,169.3,13.1,0,9156515,PCHM
2008-06-26T07:51:46,245968000,VOLENDAM,JUNEAU,58.78258,-135.17937,168,169.6,13.1,0,9156515,PCHM
2008-06-26T07:51:38,245968000,VOLENDAM,JUNEAU,58.783065,-135.1795383,169,169.5,13.2,0,9156515,PCHM
2008-06-26T07:51:28,245968000,VOLENDAM,JUNEAU,58.78365167,-135.179755,169,169.1,13.1,0,9156515,PCHM
2008-06-26T07:51:16,245968000,VOLENDAM,JUNEAU,58.78436833,-135.180005,169,169.6,13.2,0,9156515,PCHM
2008-06-26T07:51:08,245968000,VOLENDAM,JUNEAU,58.78485333,-135.1801717,168,169.4,13.2,0,9156515,PCHM
2008-06-26T07:50:57,245968000,VOLENDAM,JUNEAU,58.78543833,-135.1803733,168,169.4,13.1,0,9156515,PCHM
2008-06-26T07:50:46,245968000,VOLENDAM,JUNEAU,58.78610667,-135.1806067,168,170.0,13.2,0,9156515,PCHM
2008-06-26T07:50:38,245968000,VOLENDAM,JUNEAU,58.78669333,-135.180825,168,169.0,13.0,0,9156515,PCHM
2008-06-26T07:50:28,245968000,VOLENDAM,JUNEAU,58.78729333,-135.1810417,168,169.6,13.0,0,9156515,PCHM
2008-06-26T07:50:16,245968000,VOLENDAM,JUNEAU,58.787945,-135.181275,168,169.3,13.1,0,9156515,PCHM
2008-06-26T07:50:08,245968000,VOLENDAM,JUNEAU,58.78848,-135.18146,168,169.8,13.2,0,9156515,PCHM
2008-06-26T07:49:57,245968000,VOLENDAM,JUNEAU,58.78908167,-135.18166,168,169.6,13.1,0,9156515,PCHM
2008-06-26T07:49:46,245968000,VOLENDAM,JUNEAU,58.789735,-135.181895,168,169.2,13.2,0,9156515,PCHM
2008-06-26T07:49:38,245968000,VOLENDAM,JUNEAU,58.79020167,-135.1820617,168,169.6,13.1,0,9156515,PCHM
2008-06-26T07:49:28,245968000,VOLENDAM,JUNEAU,58.790805,-135.18228,168,169.9,13.0,0,9156515,PCHM
2008-06-26T07:49:16,245968000,VOLENDAM,JUNEAU,58.791525,-135.18253,168,170.3,12.9,0,9156515,PCHM
2008-06-26T07:49:06,245968000,VOLENDAM,JUNEAU,58.79211167,-135.1827317,168,169.4,13.0,0,9156515,PCHM
2008-06-26T07:48:57,245968000,VOLENDAM,JUNEAU,58.792645,-135.1829317,168,169.3,13.1,0,9156515,PCHM
2008-06-26T07:48:46,245968000,VOLENDAM,JUNEAU,58.79329833,-135.1831667,168,169.0,13.0,0,9156515,PCHM
2008-06-26T07:48:38,245968000,VOLENDAM,JUNEAU,58.793775,-135.18333,168,169.3,13.1,0,9156515,PCHM
2008-06-26T07:48:28,245968000,VOLENDAM,JUNEAU,58.79437667,-135.1835467,168,169.8,13.1,0,9156515,PCHM
2008-06-26T07:48:16,245968000,VOLENDAM,JUNEAU,58.79514333,-135.1838133,168,169.1,13.2,0,9156515,PCHM
2008-06-26T07:48:06,245968000,VOLENDAM,JUNEAU,58.79568,-135.1839983,168,169.8,13.2,0,9156515,PCHM
2008-06-26T07:47:57,245968000,VOLENDAM,JUNEAU,58.79621333,-135.1841983,168,170.0,13.2,0,9156515,PCHM
2008-06-26T07:47:46,245968000,VOLENDAM,JUNEAU,58.79686667,-135.1844317,168,169.7,13.1,0,9156515,PCHM
2008-06-26T07:47:38,245968000,VOLENDAM,JUNEAU,58.79740167,-135.184615,168,169.3,13.1,0,9156515,PCHM
2008-06-26T07:47:27,245968000,VOLENDAM,JUNEAU,58.798005,-135.1848333,168,169.3,13.0,0,9156515,PCHM
2008-06-26T07:47:16,245968000,VOLENDAM,JUNEAU,58.79865667,-135.1850683,168,169.9,13.3,0,9156515,PCHM
2008-06-26T07:47:06,245968000,VOLENDAM,JUNEAU,58.79926,-135.185285,168,169.2,13.1,0,9156515,PCHM
2008-06-26T07:47:06,245968000,VOLENDAM,JUNEAU,58.799795,-135.1854867,0,0.0,0.0,0,9156515,PCHM
2008-06-26T07:46:57,245968000,VOLENDAM,JUNEAU,58.799795,-135.1854867,168,169.6,13.2,0,9156515,PCHM
2008-06-26T07:46:46,245968000,VOLENDAM,JUNEAU,58.800445,-135.18572,168,170.1,13.1,0,9156515,PCHM
2008-06-26T07:46:38,245968000,VOLENDAM,JUNEAU,58.80092833,-135.1858867,168,169.4,13.1,0,9156515,PCHM
2008-06-26T07:46:27,245968000,VOLENDAM,JUNEAU,58.80158333,-135.18612,168,169.0,13.2,0,9156515,PCHM
2008-06-26T07:46:17,245968000,VOLENDAM,JUNEAU,58.80211667,-135.186305,168,168.9,13.1,0,9156515,PCHM
2008-06-26T07:46:06,245968000,VOLENDAM,JUNEAU,58.80277,-135.18654,168,169.7,13.2,0,9156515,PCHM
2008-06-26T07:45:57,245968000,VOLENDAM,JUNEAU,58.803305,-135.1867233,168,169.4,13.2,0,9156515,PCHM
2008-06-26T07:45:46,245968000,VOLENDAM,JUNEAU,58.80397333,-135.1869583,168,170.8,13.2,0,9156515,PCHM
2008-06-26T07:45:37,245968000,VOLENDAM,JUNEAU,58.80456,-135.1871583,168,170.2,13.2,0,9156515,PCHM
2008-06-26T07:45:28,245968000,VOLENDAM,JUNEAU,58.80516,-135.1873583,168,169.9,12.9,0,9156515,PCHM
2008-06-26T07:45:17,245968000,VOLENDAM,JUNEAU,58.80576167,-135.1875583,168,169.9,13.1,0,9156515,PCHM
2008-06-26T07:45:06,245968000,VOLENDAM,JUNEAU,58.80641333,-135.1877933,168,169.6,13.0,0,9156515,PCHM
2008-06-26T07:44:57,245968000,VOLENDAM,JUNEAU,58.80696667,-135.1879767,168,169.8,13.2,0,9156515,PCHM
2008-06-26T07:44:46,245968000,VOLENDAM,JUNEAU,58.80761667,-135.188195,168,170.7,13.1,0,9156515,PCHM
2008-06-26T07:44:37,245968000,VOLENDAM,JUNEAU,58.80815333,-135.1883783,168,169.2,13.0,0,9156515,PCHM
2008-06-26T07:44:27,245968000,VOLENDAM,JUNEAU,58.80875333,-135.188595,168,169.7,13.2,0,9156515,PCHM
2008-06-26T07:44:17,245968000,VOLENDAM,JUNEAU,58.80935333,-135.188795,168,170.1,13.3,0,9156515,PCHM
2008-06-26T07:44:06,245968000,VOLENDAM,JUNEAU,58.81000667,-135.1890133,168,170.0,13.1,0,9156515,PCHM
2008-06-26T07:43:57,245968000,VOLENDAM,JUNEAU,58.81055667,-135.1891967,168,169.6,13.1,0,9156515,PCHM
2008-06-26T07:43:46,245968000,VOLENDAM,JUNEAU,58.81121,-135.18943,168,169.4,13.1,0,9156515,PCHM
2008-06-26T07:43:37,245968000,VOLENDAM,JUNEAU,58.81174333,-135.1896317,168,170.3,13.1,0,9156515,PCHM
2008-06-26T07:43:27,245968000,VOLENDAM,JUNEAU,58.812295,-135.189815,168,169.9,13.1,0,9156515,PCHM
2008-06-26T07:43:17,245968000,VOLENDAM,JUNEAU,58.81288,-135.190015,168,170.8,13.3,0,9156515,PCHM
2008-06-26T07:43:06,245968000,VOLENDAM,JUNEAU,58.81360667,-135.1902633,168,169.8,13.1,0,9156515,PCHM
2008-06-26T07:42:57,245968000,VOLENDAM,JUNEAU,58.81414167,-135.1904317,168,170.0,13.2,0,9156515,PCHM
2008-06-26T07:42:48,245968000,VOLENDAM,JUNEAU,58.81474333,-135.19063,168,169.6,13.2,0,9156515,PCHM
2008-06-26T07:42:37,245968000,VOLENDAM,JUNEAU,58.815345,-135.1908333,168,170.9,13.2,0,9156515,PCHM
2008-06-26T07:42:27,245968000,VOLENDAM,JUNEAU,58.81595,-135.1910333,168,170.1,13.2,0,9156515,PCHM
2008-06-26T07:42:17,245968000,VOLENDAM,JUNEAU,58.81655167,-135.1912333,169,170.5,13.2,0,9156515,PCHM
2008-06-26T07:42:07,245968000,VOLENDAM,JUNEAU,58.81715333,-135.191435,169,170.7,13.4,0,9156515,PCHM
2008-06-26T07:41:57,245968000,VOLENDAM,JUNEAU,58.81775667,-135.1916183,169,170.4,13.3,0,9156515,PCHM
2008-06-26T07:41:48,245968000,VOLENDAM,JUNEAU,58.81836167,-135.191805,169,171.6,13.2,0,9156515,PCHM
2008-06-26T07:41:37,245968000,VOLENDAM,JUNEAU,58.818965,-135.1919883,169,171.1,13.2,0,9156515,PCHM
2008-06-26T07:41:27,245968000,VOLENDAM,JUNEAU,58.819565,-135.1921733,169,171.1,13.3,0,9156515,PCHM
2008-06-26T07:41:17,245968000,VOLENDAM,JUNEAU,58.820115,-135.19234,169,171.2,13.2,0,9156515,PCHM
2008-06-26T07:41:08,245968000,VOLENDAM,JUNEAU,58.820785,-135.19254,0,0.0,0.0,0,9156515,PCHM
2008-06-26T07:41:07,245968000,VOLENDAM,JUNEAU,58.820785,-135.19254,169,171.0,13.3,0,9156515,PCHM
2008-06-26T07:40:57,245968000,VOLENDAM,JUNEAU,58.82132,-135.19269,169,170.6,13.3,0,9156515,PCHM
2008-06-26T07:40:48,245968000,VOLENDAM,JUNEAU,58.82194167,-135.192875,169,171.0,13.0,0,9156515,PCHM
2008-06-26T07:40:37,245968000,VOLENDAM,JUNEAU,58.82259167,-135.1930917,169,170.9,13.1,0,9156515,PCHM
2008-06-26T07:40:27,245968000,VOLENDAM,JUNEAU,58.82326,-135.1932933,169,171.7,13.1,0,9156515,PCHM
2008-06-26T07:40:17,245968000,VOLENDAM,JUNEAU,58.823795,-135.19346,169,170.7,13.3,0,9156515,PCHM
2008-06-26T07:40:07,245968000,VOLENDAM,JUNEAU,58.82446667,-135.1936617,169,170.5,13.1,0,9156515,PCHM
2008-06-26T07:39:57,245968000,VOLENDAM,JUNEAU,58.82500167,-135.1938283,169,171.1,13.4,0,9156515,PCHM
2008-06-26T07:39:48,245968000,VOLENDAM,JUNEAU,58.82561833,-135.1940117,169,170.7,13.3,0,9156515,PCHM
2008-06-26T07:39:37,245968000,VOLENDAM,JUNEAU,58.82622167,-135.1941967,169,171.0,13.2,0,9156515,PCHM
2008-06-26T07:39:27,245968000,VOLENDAM,JUNEAU,58.826825,-135.19438,169,171.4,13.0,0,9156515,PCHM
2008-06-26T07:39:17,245968000,VOLENDAM,JUNEAU,58.827425,-135.1945633,169,170.6,13.3,0,9156515,PCHM
2008-06-26T07:39:07,245968000,VOLENDAM,JUNEAU,58.82802833,-135.1947483,169,172.0,13.2,0,9156515,PCHM
2008-06-26T07:38:56,245968000,VOLENDAM,JUNEAU,58.82869667,-135.1949483,169,171.7,13.2,0,9156515,PCHM
2008-06-26T07:38:48,245968000,VOLENDAM,JUNEAU,58.82918,-135.1950817,169,170.3,13.2,0,9156515,PCHM
2008-06-26T07:38:37,245968000,VOLENDAM,JUNEAU,58.82983167,-135.1952833,169,171.4,13.2,0,9156515,PCHM
2008-06-26T07:38:27,245968000,VOLENDAM,JUNEAU,58.83044167,-135.195465,169,171.2,13.1,0,9156515,PCHM
2008-06-26T07:38:17,245968000,VOLENDAM,JUNEAU,58.83111,-135.195665,169,170.9,13.1,0,9156515,PCHM
2008-06-26T07:38:07,245968000,VOLENDAM,JUNEAU,58.83171,-135.1958517,169,172.2,13.2,0,9156515,PCHM
2008-06-26T07:37:56,245968000,VOLENDAM,JUNEAU,58.83237833,-135.1960517,169,171.6,13.2,0,9156515,PCHM
2008-06-26T07:37:48,245968000,VOLENDAM,JUNEAU,58.83286333,-135.1962017,169,171.6,13.2,0,9156515,PCHM
2008-06-26T07:37:38,245968000,VOLENDAM,JUNEAU,58.833465,-135.196385,169,171.3,13.2,0,9156515,PCHM
2008-06-26T07:37:27,245968000,VOLENDAM,JUNEAU,58.83412,-135.196585,169,170.9,13.3,0,9156515,PCHM
2008-06-26T07:37:17,245968000,VOLENDAM,JUNEAU,58.83467,-135.1967517,169,170.7,13.4,0,9156515,PCHM
2008-06-26T07:37:07,245968000,VOLENDAM,JUNEAU,58.83527167,-135.1969367,169,171.4,13.3,0,9156515,PCHM
2008-06-26T07:36:56,245968000,VOLENDAM,JUNEAU,58.83592667,-135.1971367,169,170.5,13.2,0,9156515,PCHM
2008-06-26T07:36:53,245968000,VOLENDAM,JUNEAU,58.8355,-135.187333,511,360.0,102.3,15,9156515,PCHM
2008-06-26T07:36:48,245968000,VOLENDAM,JUNEAU,58.83647667,-135.1973033,169,170.8,13.3,0,9156515,PCHM
2008-06-26T07:36:38,245968000,VOLENDAM,JUNEAU,58.837015,-135.1974733,169,171.5,13.2,0,9156515,PCHM
2008-06-26T07:36:27,245968000,VOLENDAM,JUNEAU,58.83766667,-135.1976733,169,171.5,13.4,0,9156515,PCHM
2008-06-26T07:36:17,245968000,VOLENDAM,JUNEAU,58.83826833,-135.1978567,169,170.5,13.3,0,9156515,PCHM
2008-06-26T07:36:07,245968000,VOLENDAM,JUNEAU,58.83887,-135.1980583,169,171.5,13.1,0,9156515,PCHM
2008-06-26T07:35:56,245968000,VOLENDAM,JUNEAU,58.83953833,-135.1982583,169,171.4,13.2,0,9156515,PCHM
2008-06-26T07:35:48,245968000,VOLENDAM,JUNEAU,58.84007333,-135.198425,169,170.8,13.2,0,9156515,PCHM
2008-06-26T07:35:38,245968000,VOLENDAM,JUNEAU,58.840675,-135.1986083,169,170.5,13.1,0,9156515,PCHM
2008-06-26T07:35:26,245968000,VOLENDAM,JUNEAU,58.84132833,-135.19881,169,171.0,13.0,0,9156515,PCHM
2008-06-26T07:35:17,245968000,VOLENDAM,JUNEAU,58.84193167,-135.19901,169,170.8,13.2,0,9156515,PCHM
2008-06-26T07:35:07,245968000,VOLENDAM,JUNEAU,58.842535,-135.199195,169,170.6,13.0,0,9156515,PCHM
2008-06-26T07:35:07,245968000,VOLENDAM,JUNEAU,58.843135,-135.1993783,0,0.0,0.0,0,9156515,PCHM
2008-06-26T07:34:56,245968000,VOLENDAM,JUNEAU,58.843135,-135.1993783,169,171.0,13.2,0,9156515,PCHM
2008-06-26T07:34:48,245968000,VOLENDAM,JUNEAU,58.84366833,-135.199545,169,171.5,13.1,0,9156515,PCHM
2008-06-26T07:34:38,245968000,VOLENDAM,JUNEAU,58.84427167,-135.1997467,169,171.3,13.0,0,9156515,PCHM
2008-06-26T07:34:26,245968000,VOLENDAM,JUNEAU,58.84492333,-135.1999467,169,170.7,13.2,0,9156515,PCHM
2008-06-26T07:34:17,245968000,VOLENDAM,JUNEAU,58.84552667,-135.2001483,169,170.8,13.0,0,9156515,PCHM
2008-06-26T07:34:06,245968000,VOLENDAM,JUNEAU,58.84612667,-135.2003317,169,170.3,13.0,0,9156515,PCHM
2008-06-26T07:33:56,245968000,VOLENDAM,JUNEAU,58.846715,-135.2005167,169,170.8,13.0,0,9156515,PCHM
2008-06-26T07:33:48,245968000,VOLENDAM,JUNEAU,58.84719833,-135.2006667,169,170.5,13.1,0,9156515,PCHM
2008-06-26T07:33:38,245968000,VOLENDAM,JUNEAU,58.84779,-135.2008483,169,171.1,12.9,0,9156515,PCHM
2008-06-26T07:33:26,245968000,VOLENDAM,JUNEAU,58.84849667,-135.2010817,169,170.2,13.0,0,9156515,PCHM
2008-06-26T07:33:17,245968000,VOLENDAM,JUNEAU,58.849095,-135.2012817,169,170.2,12.8,0,9156515,PCHM
2008-06-26T07:33:06,245968000,VOLENDAM,JUNEAU,58.849695,-135.201465,169,170.2,12.9,0,9156515,PCHM
2008-06-26T07:32:56,245968000,VOLENDAM,JUNEAU,58.85034833,-135.2016833,169,170.3,13.0,0,9156515,PCHM
2008-06-26T07:32:48,245968000,VOLENDAM,JUNEAU,58.85081333,-135.2018333,169,170.7,13.0,0,9156515,PCHM
2008-06-26T07:32:38,245968000,VOLENDAM,JUNEAU,58.85139833,-135.2020317,169,169.8,12.9,0,9156515,PCHM
2008-06-26T07:32:26,245968000,VOLENDAM,JUNEAU,58.85205,-135.20225,169,170.1,13.0,0,9156515,PCHM
2008-06-26T07:32:17,245968000,VOLENDAM,JUNEAU,58.85265167,-135.202435,169,171.1,12.8,0,9156515,PCHM
2008-06-26T07:32:06,245968000,VOLENDAM,JUNEAU,58.85323667,-135.20262,169,171.6,12.8,0,9156515,PCHM
2008-06-26T07:31:56,245968000,VOLENDAM,JUNEAU,58.85382,-135.2028033,170,171.0,13.0,0,9156515,PCHM
2008-06-26T07:31:48,245968000,VOLENDAM,JUNEAU,58.85428833,-135.2029533,169,171.0,13.0,0,9156515,PCHM
2008-06-26T07:31:38,245968000,VOLENDAM,JUNEAU,58.85494167,-135.2031367,169,169.9,12.7,0,9156515,PCHM
2008-06-26T07:31:26,245968000,VOLENDAM,JUNEAU,58.855595,-135.203355,169,171.0,12.8,0,9156515,PCHM
2008-06-26T07:31:17,245968000,VOLENDAM,JUNEAU,58.85611,-135.2035217,169,170.8,12.8,0,9156515,PCHM
2008-06-26T07:31:06,245968000,VOLENDAM,JUNEAU,58.85676167,-135.2037217,169,170.6,12.9,0,9156515,PCHM
2008-06-26T07:30:56,245968000,VOLENDAM,JUNEAU,58.85736167,-135.203905,169,171.6,12.8,0,9156515,PCHM
2008-06-26T07:30:48,245968000,VOLENDAM,JUNEAU,58.85787833,-135.20407,169,169.8,12.7,0,9156515,PCHM
2008-06-26T07:30:38,245968000,VOLENDAM,JUNEAU,58.858465,-135.204255,169,171.0,12.8,0,9156515,PCHM
2008-06-26T07:30:26,245968000,VOLENDAM,JUNEAU,58.85911667,-135.20444,169,170.8,13.0,0,9156515,PCHM
2008-06-26T07:30:17,245968000,VOLENDAM,JUNEAU,58.85969833,-135.2046233,169,171.1,12.8,0,9156515,PCHM
2008-06-26T07:30:07,245968000,VOLENDAM,JUNEAU,58.860285,-135.2048067,169,170.8,12.7,0,9156515,PCHM
2008-06-26T07:29:56,245968000,VOLENDAM,JUNEAU,58.86087,-135.20499,169,170.9,12.8,0,9156515,PCHM
2008-06-26T07:29:48,245968000,VOLENDAM,JUNEAU,58.86139167,-135.2051583,169,171.6,12.8,0,9156515,PCHM
2008-06-26T07:29:38,245968000,VOLENDAM,JUNEAU,58.86197667,-135.2053433,169,171.2,12.7,0,9156515,PCHM
2008-06-26T07:29:28,245968000,VOLENDAM,JUNEAU,58.86256,-135.2055267,169,171.0,12.8,0,9156515,PCHM
2008-06-26T07:29:17,245968000,VOLENDAM,JUNEAU,58.86321,-135.2057267,169,171.0,12.7,0,9156515,PCHM
2008-06-26T07:29:08,245968000,VOLENDAM,JUNEAU,58.86379667,-135.2059117,0,0.0,0.0,0,9156515,PCHM
2008-06-26T07:29:07,245968000,VOLENDAM,JUNEAU,58.86379667,-135.2059117,169,171.8,12.7,0,9156515,PCHM
2008-06-26T07:28:56,245968000,VOLENDAM,JUNEAU,58.86438167,-135.2060767,169,170.4,12.8,0,9156515,PCHM
2008-06-26T07:28:47,245968000,VOLENDAM,JUNEAU,58.86489833,-135.206245,169,170.8,12.8,0,9156515,PCHM
2008-06-26T07:28:38,245968000,VOLENDAM,JUNEAU,58.86543167,-135.2064117,169,171.4,12.8,0,9156515,PCHM
2008-06-26T07:28:28,245968000,VOLENDAM,JUNEAU,58.86601833,-135.206595,169,170.7,12.7,0,9156515,PCHM
2008-06-26T07:28:17,245968000,VOLENDAM,JUNEAU,58.86672167,-135.2068133,169,170.9,12.8,0,9156515,PCHM
2008-06-26T07:28:07,245968000,VOLENDAM,JUNEAU,58.86729167,-135.2069983,169,171.1,12.8,0,9156515,PCHM
2008-06-26T07:27:56,245968000,VOLENDAM,JUNEAU,58.86794333,-135.2071983,169,170.1,12.9,0,9156515,PCHM
2008-06-26T07:27:47,245968000,VOLENDAM,JUNEAU,58.86846167,-135.2073483,169,170.6,12.8,0,9156515,PCHM
2008-06-26T07:27:38,245968000,VOLENDAM,JUNEAU,58.86899833,-135.2075167,169,170.7,12.8,0,9156515,PCHM
2008-06-26T07:27:28,245968000,VOLENDAM,JUNEAU,58.86958333,-135.2077167,169,170.6,12.8,0,9156515,PCHM
2008-06-26T07:27:17,245968000,VOLENDAM,JUNEAU,58.87021,-135.207915,169,170.9,12.9,0,9156515,PCHM
2008-06-26T07:27:07,245968000,VOLENDAM,JUNEAU,58.87079333,-135.2081,169,171.0,12.8,0,9156515,PCHM
2008-06-26T07:26:56,245968000,VOLENDAM,JUNEAU,58.87138,-135.2082833,169,170.8,12.9,0,9156515,PCHM
2008-06-26T07:26:47,245968000,VOLENDAM,JUNEAU,58.871965,-135.2084483,169,169.7,12.9,0,9156515,PCHM
2008-06-26T07:26:38,245968000,VOLENDAM,JUNEAU,58.87248333,-135.2086183,169,171.2,12.9,0,9156515,PCHM
2008-06-26T07:26:28,245968000,VOLENDAM,JUNEAU,58.87302,-135.208785,169,170.7,12.8,0,9156515,PCHM
2008-06-26T07:26:17,245968000,VOLENDAM,JUNEAU,58.873655,-135.2089867,169,170.9,12.9,0,9156515,PCHM
2008-06-26T07:26:07,245968000,VOLENDAM,JUNEAU,58.87424167,-135.20917,169,170.2,12.6,0,9156515,PCHM
2008-06-26T07:25:56,245968000,VOLENDAM,JUNEAU,58.874895,-135.20937,169,171.1,12.6,0,9156515,PCHM
2008-06-26T07:25:47,245968000,VOLENDAM,JUNEAU,58.87546333,-135.209555,169,170.9,12.8,0,9156515,PCHM
2008-06-26T07:25:45,245968000,VOLENDAM,JUNEAU,58.876585,-135.2099067,169,171.4,12.7,0,9156515,PCHM
2008-06-26T07:25:45,245968000,VOLENDAM,JUNEAU,58.87722,-135.2101067,169,170.9,12.8,0,9156515,PCHM
2008-06-26T07:25:45,245968000,VOLENDAM,JUNEAU,58.87599833,-135.2097217,169,170.4,12.7,0,9156515,PCHM
2008-06-26T07:25:45,245968000,VOLENDAM,JUNEAU,58.877805,-135.2102917,169,171.4,12.8,0,9156515,PCHM
2008-06-26T07:23:28,245968000,VOLENDAM,JUNEAU,58.88355833,-135.2120983,169,170.5,13.1,0,9156515,PCHM
2008-06-26T07:23:17,245968000,VOLENDAM,JUNEAU,58.88426333,-135.2123317,169,170.5,13.0,0,9156515,PCHM
2008-06-26T07:23:07,245968000,VOLENDAM,JUNEAU,58.88484833,-135.2125167,0,0.0,0.0,0,9156515,PCHM
2008-06-26T07:23:07,245968000,VOLENDAM,JUNEAU,58.88484833,-135.2125167,169,171.2,12.9,0,9156515,PCHM
2008-06-26T07:22:57,245968000,VOLENDAM,JUNEAU,58.88543333,-135.2127167,169,170.9,12.9,0,9156515,PCHM
2008-06-26T07:22:48,245968000,VOLENDAM,JUNEAU,58.88595833,-135.21288,169,171.2,12.8,0,9156515,PCHM
2008-06-26T07:22:38,245968000,VOLENDAM,JUNEAU,58.88654167,-135.21308,169,170.4,13.1,0,9156515,PCHM
2008-06-26T07:22:28,245968000,VOLENDAM,JUNEAU,58.887145,-135.2132633,169,169.6,12.8,0,9156515,PCHM
2008-06-26T07:22:17,245968000,VOLENDAM,JUNEAU,58.88778,-135.2134817,169,170.2,12.9,0,9156515,PCHM
2008-06-26T07:22:07,245968000,VOLENDAM,JUNEAU,58.888315,-135.21365,169,170.2,13.1,0,9156515,PCHM
2008-06-26T07:21:57,245968000,VOLENDAM,JUNEAU,58.88890333,-135.2138517,169,170.8,13.0,0,9156515,PCHM
2008-06-26T07:21:48,245968000,VOLENDAM,JUNEAU,58.88943833,-135.2140183,169,170.1,13.0,0,9156515,PCHM
2008-06-26T07:21:36,245968000,VOLENDAM,JUNEAU,58.89014167,-135.2142517,169,170.1,13.1,0,9156515,PCHM
2008-06-26T07:21:28,245968000,VOLENDAM,JUNEAU,58.89060833,-135.21442,169,170.4,13.0,0,9156515,PCHM
2008-06-26T07:21:17,245968000,VOLENDAM,JUNEAU,58.89126,-135.21462,169,170.3,13.1,0,9156515,PCHM
2008-06-26T07:21:07,245968000,VOLENDAM,JUNEAU,58.89186333,-135.2148217,169,170.6,13.1,0,9156515,PCHM
2008-06-26T07:20:57,245968000,VOLENDAM,JUNEAU,58.89244667,-135.2150217,169,170.7,13.0,0,9156515,PCHM
2008-06-26T07:20:48,245968000,VOLENDAM,JUNEAU,58.89303167,-135.215205,169,170.5,13.1,0,9156515,PCHM
2008-06-26T07:20:36,245968000,VOLENDAM,JUNEAU,58.89375167,-135.2154383,169,169.8,13.1,0,9156515,PCHM
2008-06-26T07:20:28,245968000,VOLENDAM,JUNEAU,58.89423667,-135.21559,169,170.2,13.0,0,9156515,PCHM
2008-06-26T07:20:17,245968000,VOLENDAM,JUNEAU,58.89488833,-135.2158067,169,170.2,12.9,0,9156515,PCHM
2008-06-26T07:20:07,245968000,VOLENDAM,JUNEAU,58.89542167,-135.2159917,169,170.1,13.0,0,9156515,PCHM
2008-06-26T07:19:56,245968000,VOLENDAM,JUNEAU,58.89607667,-135.2161917,169,169.7,13.0,0,9156515,PCHM
2008-06-26T07:19:48,245968000,VOLENDAM,JUNEAU,58.89654333,-135.2163417,169,170.8,13.1,0,9156515,PCHM
2008-06-26T07:19:36,245968000,VOLENDAM,JUNEAU,58.89726167,-135.2165767,169,170.1,13.1,0,9156515,PCHM
2008-06-26T07:19:27,245968000,VOLENDAM,JUNEAU,58.8978,-135.2167433,169,169.9,13.0,0,9156515,PCHM
2008-06-26T07:19:17,245968000,VOLENDAM,JUNEAU,58.89840167,-135.216945,169,169.6,13.1,0,9156515,PCHM
2008-06-26T07:19:07,245968000,VOLENDAM,JUNEAU,58.89898667,-135.217145,169,170.1,13.1,0,9156515,PCHM
2008-06-26T07:18:56,245968000,VOLENDAM,JUNEAU,58.89965333,-135.217345,169,169.9,13.2,0,9156515,PCHM
2008-06-26T07:18:48,245968000,VOLENDAM,JUNEAU,58.90012167,-135.2175133,169,170.7,13.1,0,9156515,PCHM
2008-06-26T07:18:36,245968000,VOLENDAM,JUNEAU,58.90084333,-135.2177483,169,170.2,13.2,0,9156515,PCHM
2008-06-26T07:18:27,245968000,VOLENDAM,JUNEAU,58.90131,-135.2178983,169,171.3,13.3,0,9156515,PCHM
2008-06-26T07:18:17,245968000,VOLENDAM,JUNEAU,58.90202833,-135.2181317,169,170.2,13.3,0,9156515,PCHM
2008-06-26T07:18:07,245968000,VOLENDAM,JUNEAU,58.90263,-135.2183317,169,170.8,13.0,0,9156515,PCHM
2008-06-26T07:17:56,245968000,VOLENDAM,JUNEAU,58.90322333,-135.2185283,169,169.9,13.1,0,9156515,PCHM
2008-06-26T07:17:48,245968000,VOLENDAM,JUNEAU,58.903765,-135.2187167,169,171.3,13.1,0,9156515,PCHM
2008-06-26T07:17:36,245968000,VOLENDAM,JUNEAU,58.90442667,-135.21893,169,169.2,13.0,0,9156515,PCHM
2008-06-26T07:17:27,245968000,VOLENDAM,JUNEAU,58.90496167,-135.2190983,169,170.5,13.2,0,9156515,PCHM
2008-06-26T07:17:17,245968000,VOLENDAM,JUNEAU,58.90554833,-135.2192983,169,169.9,13.1,0,9156515,PCHM
2008-06-26T07:17:07,245968000,VOLENDAM,JUNEAU,58.90615,-135.2195,169,170.4,13.2,0,9156515,PCHM
2008-06-26T07:17:06,245968000,VOLENDAM,JUNEAU,58.90680333,-135.2197167,0,0.0,0.0,0,9156515,PCHM
2008-06-26T07:16:56,245968000,VOLENDAM,JUNEAU,58.90680333,-135.2197167,169,169.9,13.0,0,9156515,PCHM
2008-06-26T07:16:48,245968000,VOLENDAM,JUNEAU,58.907285,-135.219885,169,170.8,13.2,0,9156515,PCHM
2008-06-26T07:16:36,245968000,VOLENDAM,JUNEAU,58.90800667,-135.2201033,169,170.4,13.0,0,9156515,PCHM
2008-06-26T07:16:27,245968000,VOLENDAM,JUNEAU,58.90854,-135.2202683,169,170.4,13.1,0,9156515,PCHM
2008-06-26T07:16:17,245968000,VOLENDAM,JUNEAU,58.90914333,-135.22047,169,170.4,13.1,0,9156515,PCHM
2008-06-26T07:16:07,245968000,VOLENDAM,JUNEAU,58.909745,-135.22067,169,170.4,13.1,0,9156515,PCHM
2008-06-26T07:15:59,245968000,VOLENDAM,JUNEAU,58.91399167,-135.2220583,169,169.9,13.1,0,9156515,PCHM
2008-06-26T07:15:59,245968000,VOLENDAM,JUNEAU,58.91517833,-135.22246,169,171.0,12.9,0,9156515,PCHM
2008-06-26T07:15:59,245968000,VOLENDAM,JUNEAU,58.91638167,-135.2228433,169,170.9,13.2,0,9156515,PCHM
2008-06-26T07:15:59,245968000,VOLENDAM,JUNEAU,58.91756833,-135.2232283,169,170.3,13.2,0,9156515,PCHM
2008-06-26T07:15:59,245968000,VOLENDAM,JUNEAU,58.91864333,-135.2235817,169,169.9,13.1,0,9156515,PCHM
2008-06-26T07:15:59,245968000,VOLENDAM,JUNEAU,58.92001167,-135.2240317,169,171.2,13.3,0,9156515,PCHM
2008-06-26T07:15:59,245968000,VOLENDAM,JUNEAU,58.91033167,-135.220855,169,170.6,13.4,0,9156515,PCHM
2008-06-26T07:15:59,245968000,VOLENDAM,JUNEAU,58.91093167,-135.221055,169,169.4,13.1,0,9156515,PCHM
2008-06-26T07:15:59,245968000,VOLENDAM,JUNEAU,58.91165167,-135.22129,169,170.4,13.2,0,9156515,PCHM
2008-06-26T07:15:59,245968000,VOLENDAM,JUNEAU,58.91212,-135.2214567,169,170.5,13.1,0,9156515,PCHM
2008-06-26T07:15:59,245968000,VOLENDAM,JUNEAU,58.91278833,-135.221675,170,171.0,13.1,0,9156515,PCHM
2008-06-26T07:13:26,245968000,VOLENDAM,JUNEAU,58.919295,-135.2237983,169,170.6,13.1,0,9156515,PCHM
2008-06-26T07:13:16,245968000,VOLENDAM,JUNEAU,58.92001167,-135.2240317,169,171.2,13.3,0,9156515,PCHM
2008-06-26T07:13:06,245968000,VOLENDAM,JUNEAU,58.920615,-135.2242333,169,171.1,13.1,0,9156515,PCHM
2008-06-26T07:12:57,245968000,VOLENDAM,JUNEAU,58.92115,-135.2244,169,170.1,13.3,0,9156515,PCHM
2008-06-26T07:12:47,245968000,VOLENDAM,JUNEAU,58.921675,-135.22458,169,170.1,13.0,0,9156515,PCHM
2008-06-26T07:12:38,245968000,VOLENDAM,JUNEAU,58.92227833,-135.2247667,169,170.9,13.0,0,9156515,PCHM
2008-06-26T07:12:26,245968000,VOLENDAM,JUNEAU,58.92293,-135.2249833,169,170.5,12.8,0,9156515,PCHM
2008-06-26T07:12:16,245968000,VOLENDAM,JUNEAU,58.92353333,-135.2251667,169,170.0,13.1,0,9156515,PCHM
2008-06-26T07:12:06,245968000,VOLENDAM,JUNEAU,58.92411833,-135.2253683,169,170.7,13.0,0,9156515,PCHM
2008-06-26T07:11:57,245968000,VOLENDAM,JUNEAU,58.92472167,-135.2255517,169,170.3,13.1,0,9156515,PCHM
2008-06-26T07:11:47,245968000,VOLENDAM,JUNEAU,58.92525667,-135.22572,169,170.8,13.0,0,9156515,PCHM
2008-06-26T07:11:38,245968000,VOLENDAM,JUNEAU,58.92579,-135.2259017,169,170.1,13.0,0,9156515,PCHM
2008-06-26T07:11:27,245968000,VOLENDAM,JUNEAU,58.92651,-135.22612,169,170.5,13.0,0,9156515,PCHM
2008-06-26T07:11:16,245968000,VOLENDAM,JUNEAU,58.927095,-135.22632,169,170.2,13.0,0,9156515,PCHM
2008-06-26T07:11:08,245968000,VOLENDAM,JUNEAU,58.927695,-135.226505,0,0.0,0.0,0,9156515,PCHM
2008-06-26T07:11:06,245968000,VOLENDAM,JUNEAU,58.927695,-135.226505,169,170.9,12.9,0,9156515,PCHM
2008-06-26T07:10:57,245968000,VOLENDAM,JUNEAU,58.92823167,-135.2266717,169,170.6,13.0,0,9156515,PCHM
2008-06-26T07:10:47,245968000,VOLENDAM,JUNEAU,58.92888333,-135.22689,169,170.7,12.9,0,9156515,PCHM
2008-06-26T07:10:38,245968000,VOLENDAM,JUNEAU,58.92941833,-135.2270567,169,171.0,12.9,0,9156515,PCHM
2008-06-26T07:10:27,245968000,VOLENDAM,JUNEAU,58.93006833,-135.2272567,169,171.4,12.9,0,9156515,PCHM
2008-06-26T07:10:16,245968000,VOLENDAM,JUNEAU,58.93066833,-135.2274567,169,170.3,13.1,0,9156515,PCHM
2008-06-26T07:10:06,245968000,VOLENDAM,JUNEAU,58.931255,-135.22764,169,170.2,13.2,0,9156515,PCHM
2008-06-26T07:09:57,245968000,VOLENDAM,JUNEAU,58.931855,-135.2278233,169,170.5,13.1,0,9156515,PCHM
2008-06-26T07:09:47,245968000,VOLENDAM,JUNEAU,58.93245667,-135.228025,169,170.5,13.2,0,9156515,PCHM
2008-06-26T07:09:36,245968000,VOLENDAM,JUNEAU,58.93304167,-135.2282083,169,171.0,12.9,0,9156515,PCHM
2008-06-26T07:09:27,245968000,VOLENDAM,JUNEAU,58.93364333,-135.22841,169,170.8,13.0,0,9156515,PCHM
2008-06-26T07:09:16,245968000,VOLENDAM,JUNEAU,58.93424333,-135.2285933,169,171.0,12.9,0,9156515,PCHM
2008-06-26T07:09:06,245968000,VOLENDAM,JUNEAU,58.93482833,-135.2287767,169,170.9,13.2,0,9156515,PCHM
2008-06-26T07:08:57,245968000,VOLENDAM,JUNEAU,58.93538,-135.22896,169,171.4,13.0,0,9156515,PCHM
2008-06-26T07:08:47,245968000,VOLENDAM,JUNEAU,58.93596333,-135.2291433,169,170.7,13.2,0,9156515,PCHM
2008-06-26T07:08:36,245968000,VOLENDAM,JUNEAU,58.93663167,-135.2293433,169,170.2,13.1,0,9156515,PCHM
2008-06-26T07:08:27,245968000,VOLENDAM,JUNEAU,58.93721667,-135.2295283,169,170.6,13.1,0,9156515,PCHM
2008-06-26T07:08:16,245968000,VOLENDAM,JUNEAU,58.93788833,-135.22973,169,170.7,13.0,0,9156515,PCHM
2008-06-26T07:08:06,245968000,VOLENDAM,JUNEAU,58.93847167,-135.22993,169,170.2,13.1,0,9156515,PCHM
2008-06-26T07:07:57,245968000,VOLENDAM,JUNEAU,58.93900833,-135.2300983,169,170.4,13.0,0,9156515,PCHM
2008-06-26T07:07:47,245968000,VOLENDAM,JUNEAU,58.93961167,-135.2302817,169,170.4,13.2,0,9156515,PCHM
2008-06-26T07:07:36,245968000,VOLENDAM,JUNEAU,58.94021167,-135.2304817,168,169.0,13.2,0,9156515,PCHM
2008-06-26T07:07:27,245968000,VOLENDAM,JUNEAU,58.94074,-135.2306633,168,170.2,13.0,0,9156515,PCHM
2008-06-26T07:07:16,245968000,VOLENDAM,JUNEAU,58.94140833,-135.2308817,169,170.8,13.1,0,9156515,PCHM
2008-06-26T07:07:06,245968000,VOLENDAM,JUNEAU,58.941995,-135.2310817,169,170.6,13.2,0,9156515,PCHM
2008-06-26T07:06:57,245968000,VOLENDAM,JUNEAU,58.942595,-135.2312683,170,171.6,13.3,0,9156515,PCHM
2008-06-26T07:06:47,245968000,VOLENDAM,JUNEAU,58.94313167,-135.231435,170,171.6,13.2,0,9156515,PCHM
2008-06-26T07:06:36,245968000,VOLENDAM,JUNEAU,58.9438,-135.2316367,170,171.6,12.9,0,9156515,PCHM
2008-06-26T07:06:27,245968000,VOLENDAM,JUNEAU,58.94433667,-135.2318017,169,170.5,13.2,0,9156515,PCHM
2008-06-26T07:06:16,245968000,VOLENDAM,JUNEAU,58.94498667,-135.2320017,169,170.6,13.2,0,9156515,PCHM
2008-06-26T07:06:07,245968000,VOLENDAM,JUNEAU,58.94552333,-135.2321867,169,170.8,13.0,0,9156515,PCHM
2008-06-26T07:05:57,245968000,VOLENDAM,JUNEAU,58.94619,-135.232385,169,170.5,13.2,0,9156515,PCHM
2008-06-26T07:05:47,245968000,VOLENDAM,JUNEAU,58.94677667,-135.2325867,169,170.8,13.0,0,9156515,PCHM
2008-06-26T07:05:36,245968000,VOLENDAM,JUNEAU,58.947375,-135.2327867,169,170.0,13.4,0,9156515,PCHM
2008-06-26T07:05:27,245968000,VOLENDAM,JUNEAU,58.94797833,-135.2329717,169,170.9,13.2,0,9156515,PCHM
2008-06-26T07:05:16,245968000,VOLENDAM,JUNEAU,58.94858167,-135.233155,169,169.9,13.0,0,9156515,PCHM
2008-06-26T07:05:07,245968000,VOLENDAM,JUNEAU,58.94911667,-135.23334,169,170.9,13.2,0,9156515,PCHM
2008-06-26T07:05:07,245968000,VOLENDAM,JUNEAU,58.94976833,-135.2335567,0,0.0,0.0,0,9156515,PCHM
2008-06-26T07:04:57,245968000,VOLENDAM,JUNEAU,58.94976833,-135.2335567,169,170.4,13.1,0,9156515,PCHM
2008-06-26T07:04:47,245968000,VOLENDAM,JUNEAU,58.95037167,-135.2337567,169,170.0,13.2,0,9156515,PCHM
2008-06-26T07:04:36,245968000,VOLENDAM,JUNEAU,58.950975,-135.2339583,169,170.5,13.0,0,9156515,PCHM
2008-06-26T07:04:27,245968000,VOLENDAM,JUNEAU,58.95151,-135.2341417,169,170.3,13.1,0,9156515,PCHM
2008-06-26T07:04:16,245968000,VOLENDAM,JUNEAU,58.95216,-135.23436,169,171.2,13.2,0,9156515,PCHM
2008-06-26T07:04:07,245968000,VOLENDAM,JUNEAU,58.95269333,-135.2345417,169,169.7,13.0,0,9156515,PCHM
2008-06-26T07:03:57,245968000,VOLENDAM,JUNEAU,58.953295,-135.2347433,169,170.0,12.9,0,9156515,PCHM
2008-06-26T07:03:47,245968000,VOLENDAM,JUNEAU,58.95389667,-135.2349433,169,170.5,13.1,0,9156515,PCHM
2008-06-26T07:03:36,245968000,VOLENDAM,JUNEAU,58.95454833,-135.23516,169,170.2,13.1,0,9156515,PCHM
2008-06-26T07:03:27,245968000,VOLENDAM,JUNEAU,58.95515,-135.23536,169,169.5,13.2,0,9156515,PCHM
2008-06-26T07:03:16,245968000,VOLENDAM,JUNEAU,58.95580167,-135.235595,169,170.3,13.0,0,9156515,PCHM
2008-06-26T07:03:07,245968000,VOLENDAM,JUNEAU,58.95627,-135.2357617,169,170.1,13.1,0,9156515,PCHM
2008-06-26T07:02:57,245968000,VOLENDAM,JUNEAU,58.95692167,-135.23598,169,169.7,13.0,0,9156515,PCHM
2008-06-26T07:02:47,245968000,VOLENDAM,JUNEAU,58.95752333,-135.23618,169,170.8,13.2,0,9156515,PCHM
2008-06-26T07:02:36,245968000,VOLENDAM,JUNEAU,58.958125,-135.23638,169,169.2,13.0,0,9156515,PCHM
2008-06-26T07:02:27,245968000,VOLENDAM,JUNEAU,58.95870833,-135.2365967,169,170.2,13.0,0,9156515,PCHM
2008-06-26T07:02:16,245968000,VOLENDAM,JUNEAU,58.95931167,-135.2367983,169,170.0,13.1,0,9156515,PCHM
2008-06-26T07:02:06,245968000,VOLENDAM,JUNEAU,58.959895,-135.2369983,169,169.8,13.0,0,9156515,PCHM
2008-06-26T07:01:58,245968000,VOLENDAM,JUNEAU,58.96043,-135.2371817,169,170.0,13.0,0,9156515,PCHM
2008-06-26T07:01:47,245968000,VOLENDAM,JUNEAU,58.96108333,-135.2374167,170,170.3,13.0,0,9156515,PCHM
2008-06-26T07:01:38,245968000,VOLENDAM,JUNEAU,58.96155667,-135.23758,169,170.0,13.1,0,9156515,PCHM
2008-06-26T07:01:27,245968000,VOLENDAM,JUNEAU,58.96588833,-135.2390833,169,169.6,13.1,0,9156515,PCHM
2008-06-26T07:01:27,245968000,VOLENDAM,JUNEAU,58.96642333,-135.239285,169,169.6,13.1,0,9156515,PCHM
2008-06-26T07:01:27,245968000,VOLENDAM,JUNEAU,58.96700667,-135.2394867,169,170.3,13.0,0,9156515,PCHM
2008-06-26T07:01:27,245968000,VOLENDAM,JUNEAU,58.96754167,-135.2396683,169,169.5,13.0,0,9156515,PCHM
2008-06-26T07:01:27,245968000,VOLENDAM,JUNEAU,58.96819333,-135.2399033,169,170.2,12.9,0,9156515,PCHM
2008-06-26T07:01:27,245968000,VOLENDAM,JUNEAU,58.96398,-135.23843,169,169.1,13.0,0,9156515,PCHM
2008-06-26T07:01:27,245968000,VOLENDAM,JUNEAU,58.96516833,-135.2388333,169,169.6,13.1,0,9156515,PCHM
2008-06-26T06:59:26,245968000,VOLENDAM,JUNEAU,58.96936167,-135.2403033,169,169.9,13.0,0,9156515,PCHM
2008-06-26T06:59:17,245968000,VOLENDAM,JUNEAU,58.969895,-135.2404867,169,170.1,13.0,0,9156515,PCHM
2008-06-26T06:59:07,245968000,VOLENDAM,JUNEAU,58.97054833,-135.240705,0,0.0,0.0,0,9156515,PCHM
2008-06-26T06:59:06,245968000,VOLENDAM,JUNEAU,58.97054833,-135.240705,169,170.2,13.0,0,9156515,PCHM
2008-06-26T06:58:58,245968000,VOLENDAM,JUNEAU,58.97101667,-135.2408717,169,170.0,12.8,0,9156515,PCHM
2008-06-26T06:58:47,245968000,VOLENDAM,JUNEAU,58.97166833,-135.24109,169,170.6,12.9,0,9156515,PCHM
2008-06-26T06:58:38,245968000,VOLENDAM,JUNEAU,58.97220333,-135.2412567,169,170.3,13.0,0,9156515,PCHM
2008-06-26T06:58:26,245968000,VOLENDAM,JUNEAU,58.97297333,-135.2415083,169,170.3,13.0,0,9156515,PCHM
2008-06-26T06:58:17,245968000,VOLENDAM,JUNEAU,58.97350833,-135.241675,169,170.7,13.0,0,9156515,PCHM
2008-06-26T06:58:06,245968000,VOLENDAM,JUNEAU,58.974145,-135.2418933,170,171.9,12.9,0,9156515,PCHM
2008-06-26T06:57:57,245968000,VOLENDAM,JUNEAU,58.97467833,-135.242045,171,172.7,12.9,0,9156515,PCHM
2008-06-26T06:57:47,245968000,VOLENDAM,JUNEAU,58.97528167,-135.242195,172,173.5,13.2,0,9156515,PCHM
2008-06-26T06:57:38,245968000,VOLENDAM,JUNEAU,58.97581667,-135.24233,173,173.9,13.1,0,9156515,PCHM
2008-06-26T06:57:27,245968000,VOLENDAM,JUNEAU,58.97647,-135.2424633,173,175.1,13.1,0,9156515,PCHM
2008-06-26T06:57:17,245968000,VOLENDAM,JUNEAU,58.97707,-135.242565,174,176.0,13.2,0,9156515,PCHM
2008-06-26T06:57:06,245968000,VOLENDAM,JUNEAU,58.97767333,-135.2426483,175,177.1,13.0,0,9156515,PCHM
2008-06-26T06:56:57,245968000,VOLENDAM,JUNEAU,58.97820833,-135.2427167,176,178.1,13.1,0,9156515,PCHM
2008-06-26T06:56:47,245968000,VOLENDAM,JUNEAU,58.97887667,-135.2427667,177,179.7,13.1,0,9156515,PCHM
2008-06-26T06:56:38,245968000,VOLENDAM,JUNEAU,58.97934667,-135.2428,178,179.2,13.1,0,9156515,PCHM
2008-06-26T06:56:27,245968000,VOLENDAM,JUNEAU,58.980015,-135.2428167,178,180.5,13.2,0,9156515,PCHM
2008-06-26T06:56:17,245968000,VOLENDAM,JUNEAU,58.98062333,-135.2428,179,181.0,13.0,0,9156515,PCHM
2008-06-26T06:56:06,245968000,VOLENDAM,JUNEAU,58.98127667,-135.2427867,180,182.9,13.2,0,9156515,PCHM
2008-06-26T06:55:57,245968000,VOLENDAM,JUNEAU,58.98188,-135.242755,181,183.6,13.1,0,9156515,PCHM
2008-06-26T06:55:47,245968000,VOLENDAM,JUNEAU,58.98249833,-135.24269,182,184.4,13.2,0,9156515,PCHM
2008-06-26T06:55:38,245968000,VOLENDAM,JUNEAU,58.983035,-135.2426083,183,185.7,13.1,0,9156515,PCHM
2008-06-26T06:55:27,245968000,VOLENDAM,JUNEAU,58.98370333,-135.2424917,184,185.7,13.0,0,9156515,PCHM
2008-06-26T06:55:17,245968000,VOLENDAM,JUNEAU,58.984305,-135.2423783,185,188.0,13.2,0,9156515,PCHM
2008-06-26T06:55:06,245968000,VOLENDAM,JUNEAU,58.98490833,-135.242245,186,189.1,13.3,0,9156515,PCHM
2008-06-26T06:54:57,245968000,VOLENDAM,JUNEAU,58.98551,-135.2420783,187,189.7,13.2,0,9156515,PCHM
2008-06-26T06:54:51,245968000,VOLENDAM,JUNEAU,58.98586333,-135.2419617,187,189.9,13.2,0,9156515,PCHM
2008-06-26T06:54:47,245968000,VOLENDAM,JUNEAU,58.986115,-135.241895,188,190.6,13.2,0,9156515,PCHM
2008-06-26T06:54:45,245968000,VOLENDAM,JUNEAU,58.98616333,-135.2418617,188,190.4,13.1,0,9156515,PCHM
2008-06-26T06:54:39,245968000,VOLENDAM,JUNEAU,58.98653167,-135.241745,188,190.6,13.3,0,9156515,PCHM
2008-06-26T06:54:38,245968000,VOLENDAM,JUNEAU,58.98665,-135.2417117,189,191.3,13.4,0,9156515,PCHM
2008-06-26T06:54:33,245968000,VOLENDAM,JUNEAU,58.986885,-135.2416283,189,191.9,13.2,0,9156515,PCHM
2008-06-26T06:54:27,245968000,VOLENDAM,JUNEAU,58.98725167,-135.2414783,190,192.2,13.3,0,9156515,PCHM
2008-06-26T06:54:21,245968000,VOLENDAM,JUNEAU,58.98760333,-135.2413467,190,193.1,13.1,0,9156515,PCHM
2008-06-26T06:54:17,245968000,VOLENDAM,JUNEAU,58.98785333,-135.2412467,191,193.3,13.3,0,9156515,PCHM
2008-06-26T06:54:15,245968000,VOLENDAM,JUNEAU,58.98797167,-135.2411967,191,193.7,13.2,0,9156515,PCHM
2008-06-26T06:54:09,245968000,VOLENDAM,JUNEAU,58.98832167,-135.241045,191,192.9,13.4,0,9156515,PCHM
2008-06-26T06:54:06,245968000,VOLENDAM,JUNEAU,58.98850667,-135.2409633,191,194.6,13.5,0,9156515,PCHM
2008-06-26T06:54:04,245968000,VOLENDAM,JUNEAU,58.98862333,-135.2409117,192,194.4,13.3,0,9156515,PCHM
2008-06-26T06:53:57,245968000,VOLENDAM,JUNEAU,58.98904167,-135.2407117,192,194.7,13.3,0,9156515,PCHM
2008-06-26T06:53:51,245968000,VOLENDAM,JUNEAU,58.98941,-135.2405283,193,194.5,13.0,0,9156515,PCHM
2008-06-26T06:53:46,245968000,VOLENDAM,JUNEAU,58.98976167,-135.2403617,193,195.7,13.3,0,9156515,PCHM
2008-06-26T06:53:39,245968000,VOLENDAM,JUNEAU,58.99011333,-135.24016,194,197.5,13.4,0,9156515,PCHM
2008-06-26T06:53:33,245968000,VOLENDAM,JUNEAU,58.99048,-135.2399783,195,197.7,13.4,0,9156515,PCHM
2008-06-26T06:53:27,245968000,VOLENDAM,JUNEAU,58.9909,-135.2397433,195,197.9,13.6,0,9156515,PCHM
2008-06-26T06:53:21,245968000,VOLENDAM,JUNEAU,58.99125167,-135.2395267,196,198.6,13.7,0,9156515,PCHM
2008-06-26T06:53:15,245968000,VOLENDAM,JUNEAU,58.99160167,-135.2393083,196,198.2,13.5,0,9156515,PCHM
2008-06-26T06:53:10,245968000,VOLENDAM,JUNEAU,58.99190333,-135.239125,197,198.8,13.6,0,9156515,PCHM
2008-06-26T06:53:08,245968000,VOLENDAM,JUNEAU,58.992255,-135.2388917,0,0.0,0.0,0,9156515,PCHM
2008-06-26T06:53:04,245968000,VOLENDAM,JUNEAU,58.992255,-135.2388917,197,199.3,13.3,0,9156515,PCHM
2008-06-26T06:52:57,245968000,VOLENDAM,JUNEAU,58.99267333,-135.2386233,198,200.1,13.5,0,9156515,PCHM
2008-06-26T06:52:45,245968000,VOLENDAM,JUNEAU,58.993325,-135.2381883,199,199.6,13.7,0,9156515,PCHM
2008-06-26T06:52:39,245968000,VOLENDAM,JUNEAU,58.99374333,-135.237905,199,201.1,13.6,0,9156515,PCHM
2008-06-26T06:52:33,245968000,VOLENDAM,JUNEAU,58.99402667,-135.2376883,199,200.4,13.5,0,9156515,PCHM
2008-06-26T06:52:27,245968000,VOLENDAM,JUNEAU,58.994445,-135.2373867,200,201.3,13.6,0,9156515,PCHM
2008-06-26T06:52:21,245968000,VOLENDAM,JUNEAU,58.99472833,-135.2371533,200,201.5,13.8,0,9156515,PCHM
2008-06-26T06:52:15,245968000,VOLENDAM,JUNEAU,58.99514833,-135.2368517,200,201.5,13.7,0,9156515,PCHM
2008-06-26T06:52:10,245968000,VOLENDAM,JUNEAU,58.99544167,-135.2366283,200,201.8,13.8,0,9156515,PCHM
2008-06-26T06:51:57,245968000,VOLENDAM,JUNEAU,58.99614167,-135.236095,201,201.7,13.7,0,9156515,PCHM
2008-06-26T06:51:45,245968000,VOLENDAM,JUNEAU,58.99686167,-135.23556,201,201.8,13.8,0,9156515,PCHM
2008-06-26T06:51:39,245968000,VOLENDAM,JUNEAU,58.99721333,-135.2352733,201,201.0,13.6,0,9156515,PCHM
2008-06-26T06:51:33,245968000,VOLENDAM,JUNEAU,58.99756333,-135.2350067,200,201.0,13.8,0,9156515,PCHM
2008-06-26T06:51:27,245968000,VOLENDAM,JUNEAU,58.99791667,-135.23474,200,201.8,13.8,0,9156515,PCHM
2008-06-26T06:51:21,245968000,VOLENDAM,JUNEAU,58.99828333,-135.2344867,200,200.8,13.8,0,9156515,PCHM
2008-06-26T06:51:15,245968000,VOLENDAM,JUNEAU,58.99863167,-135.2342183,200,199.5,13.8,0,9156515,PCHM
2008-06-26T06:51:10,245968000,VOLENDAM,JUNEAU,58.99893333,-135.2340033,200,200.6,13.8,0,9156515,PCHM
2008-06-26T06:51:04,245968000,VOLENDAM,JUNEAU,58.99930167,-135.2337517,200,200.5,13.8,0,9156515,PCHM
2008-06-26T06:50:58,245968000,VOLENDAM,JUNEAU,58.999705,-135.23345,201,200.3,13.8,0,9156515,PCHM
2008-06-26T06:50:51,245968000,VOLENDAM,JUNEAU,59.00013833,-135.23315,201,200.9,13.9,0,9156515,PCHM
2008-06-26T06:50:45,245968000,VOLENDAM,JUNEAU,59.00048833,-135.2329,201,201.1,13.9,0,9156515,PCHM
2008-06-26T06:50:39,245968000,VOLENDAM,JUNEAU,59.00084,-135.2326483,201,200.7,13.8,0,9156515,PCHM
2008-06-26T06:50:33,245968000,VOLENDAM,JUNEAU,59.00120833,-135.23238,201,199.5,13.9,0,9156515,PCHM
2008-06-26T06:50:27,245968000,VOLENDAM,JUNEAU,59.00155667,-135.23213,200,199.7,14.0,0,9156515,PCHM
2008-06-26T06:50:21,245968000,VOLENDAM,JUNEAU,59.001925,-135.2318633,200,199.7,14.1,0,9156515,PCHM
2008-06-26T06:50:10,245968000,VOLENDAM,JUNEAU,59.00257833,-135.23141,200,199.7,13.8,0,9156515,PCHM
2008-06-26T06:50:04,245968000,VOLENDAM,JUNEAU,59.00294833,-135.2311583,200,200.0,13.9,0,9156515,PCHM
2008-06-26T06:49:58,245968000,VOLENDAM,JUNEAU,59.003315,-135.2309067,199,198.7,14.0,0,9156515,PCHM
2008-06-26T06:49:51,245968000,VOLENDAM,JUNEAU,59.003665,-135.2306733,199,198.6,14.0,0,9156515,PCHM
2008-06-26T06:49:33,245968000,VOLENDAM,JUNEAU,59.00476833,-135.22997,198,197.4,13.8,0,9156515,PCHM
2008-06-26T06:49:21,245968000,VOLENDAM,JUNEAU,59.005505,-135.2295333,197,196.0,13.9,0,9156515,PCHM
2008-06-26T06:49:09,245968000,VOLENDAM,JUNEAU,59.00623833,-135.229115,196,195.0,14.1,0,9156515,PCHM
2008-06-26T06:49:04,245968000,VOLENDAM,JUNEAU,59.006555,-135.2289483,196,194.4,14.0,0,9156515,PCHM
2008-06-26T06:48:58,245968000,VOLENDAM,JUNEAU,59.006925,-135.2287467,195,194.4,14.0,0,9156515,PCHM
2008-06-26T06:48:52,245968000,VOLENDAM,JUNEAU,59.00737667,-135.2285283,194,194.0,14.1,0,9156515,PCHM
2008-06-26T06:48:45,245968000,VOLENDAM,JUNEAU,59.007745,-135.2283433,194,192.7,13.8,0,9156515,PCHM
2008-06-26T06:48:27,245968000,VOLENDAM,JUNEAU,59.00888,-135.2278417,192,191.5,14.0,0,9156515,PCHM
2008-06-26T06:48:21,245968000,VOLENDAM,JUNEAU,59.00933167,-135.2276567,192,190.7,14.2,0,9156515,PCHM
2008-06-26T06:48:15,245968000,VOLENDAM,JUNEAU,59.00971667,-135.227505,191,189.2,14.2,0,9156515,PCHM
2008-06-26T06:48:09,245968000,VOLENDAM,JUNEAU,59.0101,-135.2273733,191,190.6,14.4,0,9156515,PCHM
2008-06-26T06:47:58,245968000,VOLENDAM,JUNEAU,59.01080333,-135.22712,190,188.8,14.2,0,9156515,PCHM
2008-06-26T06:47:52,245968000,VOLENDAM,JUNEAU,59.01118833,-135.2270033,190,188.6,14.1,0,9156515,PCHM
2008-06-26T06:47:46,245968000,VOLENDAM,JUNEAU,59.01158833,-135.22687,189,187.7,14.3,0,9156515,PCHM
2008-06-26T06:47:39,245968000,VOLENDAM,JUNEAU,59.01197333,-135.22677,189,187.5,14.2,0,9156515,PCHM
2008-06-26T06:47:34,245968000,VOLENDAM,JUNEAU,59.01236,-135.2266517,188,186.8,14.2,0,9156515,PCHM
2008-06-26T06:47:27,245968000,VOLENDAM,JUNEAU,59.01276167,-135.2265517,188,188.0,14.4,0,9156515,PCHM
2008-06-26T06:47:21,245968000,VOLENDAM,JUNEAU,59.01314333,-135.2264517,187,186.2,14.3,0,9156515,PCHM
2008-06-26T06:47:15,245968000,VOLENDAM,JUNEAU,59.01354667,-135.2263517,187,186.1,14.4,0,9156515,PCHM
2008-06-26T06:47:09,245968000,VOLENDAM,JUNEAU,59.01401333,-135.22625,186,185.9,14.3,0,9156515,PCHM
2008-06-26T06:47:06,245968000,VOLENDAM,JUNEAU,59.01434833,-135.2261833,0,0.0,0.0,0,9156515,PCHM
2008-06-26T06:47:04,245968000,VOLENDAM,JUNEAU,59.01434833,-135.2261833,186,185.9,14.6,0,9156515,PCHM
2008-06-26T06:46:58,245968000,VOLENDAM,JUNEAU,59.014735,-135.2261133,185,185.2,14.3,0,9156515,PCHM
2008-06-26T06:46:52,245968000,VOLENDAM,JUNEAU,59.015135,-135.2260283,185,184.6,14.6,0,9156515,PCHM
2008-06-26T06:46:46,245968000,VOLENDAM,JUNEAU,59.01547167,-135.2259767,184,184.0,14.4,0,9156515,PCHM
2008-06-26T06:46:39,245968000,VOLENDAM,JUNEAU,59.01593833,-135.22591,184,184.1,14.7,0,9156515,PCHM
2008-06-26T06:46:34,245968000,VOLENDAM,JUNEAU,59.01627333,-135.2258733,183,183.2,14.5,0,9156515,PCHM
2008-06-26T06:46:28,245968000,VOLENDAM,JUNEAU,59.01674,-135.2258067,183,182.5,14.4,0,9156515,PCHM
2008-06-26T06:46:21,245968000,VOLENDAM,JUNEAU,59.01714167,-135.22577,182,181.4,14.5,0,9156515,PCHM
2008-06-26T06:46:15,245968000,VOLENDAM,JUNEAU,59.01756,-135.2257533,182,181.6,14.7,0,9156515,PCHM
2008-06-26T06:46:09,245968000,VOLENDAM,JUNEAU,59.01796,-135.2257183,181,180.3,14.6,0,9156515,PCHM
2008-06-26T06:46:04,245968000,VOLENDAM,JUNEAU,59.01838,-135.2257017,181,180.8,14.7,0,9156515,PCHM
2008-06-26T06:45:58,245968000,VOLENDAM,JUNEAU,59.01877833,-135.2257017,180,179.7,14.7,0,9156515,PCHM
2008-06-26T06:45:52,245968000,VOLENDAM,JUNEAU,59.019195,-135.2256833,180,179.0,14.8,0,9156515,PCHM
2008-06-26T06:45:46,245968000,VOLENDAM,JUNEAU,59.01959833,-135.2257,179,178.7,14.8,0,9156515,PCHM
2008-06-26T06:45:39,245968000,VOLENDAM,JUNEAU,59.02008167,-135.225715,179,178.4,15.0,0,9156515,PCHM
2008-06-26T06:45:34,245968000,VOLENDAM,JUNEAU,59.02041667,-135.2257317,178,177.9,14.9,0,9156515,PCHM
2008-06-26T06:45:28,245968000,VOLENDAM,JUNEAU,59.02083333,-135.2257467,178,177.5,15.0,0,9156515,PCHM
2008-06-26T06:45:21,245968000,VOLENDAM,JUNEAU,59.02132167,-135.22578,177,176.7,14.9,0,9156515,PCHM
2008-06-26T06:45:15,245968000,VOLENDAM,JUNEAU,59.021655,-135.2258283,177,176.2,15.0,0,9156515,PCHM
2008-06-26T06:45:09,245968000,VOLENDAM,JUNEAU,59.022155,-135.2258783,176,175.8,15.0,0,9156515,PCHM
2008-06-26T06:45:04,245968000,VOLENDAM,JUNEAU,59.02248833,-135.22591,176,175.3,15.2,0,9156515,PCHM
2008-06-26T06:44:57,245968000,VOLENDAM,JUNEAU,59.02290667,-135.2259767,175,174.9,15.4,0,9156515,PCHM
2008-06-26T06:44:51,245968000,VOLENDAM,JUNEAU,59.02332333,-135.2260433,175,174.7,15.1,0,9156515,PCHM
2008-06-26T06:44:46,245968000,VOLENDAM,JUNEAU,59.02374167,-135.2261083,175,173.6,15.2,0,9156515,PCHM
2008-06-26T06:44:39,245968000,VOLENDAM,JUNEAU,59.02416,-135.2261917,174,173.7,15.3,0,9156515,PCHM
2008-06-26T06:44:34,245968000,VOLENDAM,JUNEAU,59.02457833,-135.226275,173,172.8,15.3,0,9156515,PCHM
2008-06-26T06:44:28,245968000,VOLENDAM,JUNEAU,59.02499667,-135.226375,173,172.6,15.2,0,9156515,PCHM
2008-06-26T06:44:21,245968000,VOLENDAM,JUNEAU,59.02541333,-135.226475,172,172.4,15.3,0,9156515,PCHM
2008-06-26T06:44:15,245968000,VOLENDAM,JUNEAU,59.02583167,-135.2265733,172,171.7,15.4,0,9156515,PCHM
2008-06-26T06:44:09,245968000,VOLENDAM,JUNEAU,59.02624833,-135.22669,172,171.0,15.2,0,9156515,PCHM
2008-06-26T06:43:57,245968000,VOLENDAM,JUNEAU,59.02708667,-135.22694,171,170.1,15.4,0,9156515,PCHM
2008-06-26T06:43:51,245968000,VOLENDAM,JUNEAU,59.027505,-135.227075,170,170.4,15.5,0,9156515,PCHM
2008-06-26T06:43:46,245968000,VOLENDAM,JUNEAU,59.02785667,-135.22719,170,169.4,15.4,0,9156515,PCHM
2008-06-26T06:43:39,245968000,VOLENDAM,JUNEAU,59.02835833,-135.22734,169,168.4,15.5,0,9156515,PCHM
2008-06-26T06:43:34,245968000,VOLENDAM,JUNEAU,59.02870833,-135.2274733,169,168.3,15.5,0,9156515,PCHM
2008-06-26T06:43:28,245968000,VOLENDAM,JUNEAU,59.02921,-135.2276583,168,168.5,15.6,0,9156515,PCHM
2008-06-26T06:43:21,245968000,VOLENDAM,JUNEAU,59.02969667,-135.2278583,168,167.8,15.6,0,9156515,PCHM
2008-06-26T06:43:15,245968000,VOLENDAM,JUNEAU,59.030115,-135.2280417,167,166.0,15.6,0,9156515,PCHM
2008-06-26T06:43:09,245968000,VOLENDAM,JUNEAU,59.030465,-135.2281917,167,166.4,15.7,0,9156515,PCHM
2008-06-26T06:43:04,245968000,VOLENDAM,JUNEAU,59.03088333,-135.228375,166,166.0,15.7,0,9156515,PCHM
2008-06-26T06:42:57,245968000,VOLENDAM,JUNEAU,59.03132,-135.2285767,166,165.4,15.8,0,9156515,PCHM
2008-06-26T06:42:51,245968000,VOLENDAM,JUNEAU,59.03180333,-135.22881,165,165.4,15.6,0,9156515,PCHM
2008-06-26T06:42:46,245968000,VOLENDAM,JUNEAU,59.03215333,-135.2289933,165,165.7,16.0,0,9156515,PCHM
2008-06-26T06:42:39,245968000,VOLENDAM,JUNEAU,59.03259,-135.2292117,165,165.0,16.0,0,9156515,PCHM
2008-06-26T06:42:34,245968000,VOLENDAM,JUNEAU,59.03300667,-135.2294283,165,165.1,15.9,0,9156515,PCHM
2008-06-26T06:42:28,245968000,VOLENDAM,JUNEAU,59.03344333,-135.2296467,165,164.3,15.8,0,9156515,PCHM
2008-06-26T06:42:21,245968000,VOLENDAM,JUNEAU,59.03386,-135.2298633,165,165.1,16.0,0,9156515,PCHM
2008-06-26T06:42:15,245968000,VOLENDAM,JUNEAU,59.034295,-135.2300983,165,165.1,16.1,0,9156515,PCHM
2008-06-26T06:42:09,245968000,VOLENDAM,JUNEAU,59.03471333,-135.230315,165,165.2,15.9,0,9156515,PCHM
2008-06-26T06:42:04,245968000,VOLENDAM,JUNEAU,59.03514833,-135.2305333,165,165.1,16.0,0,9156515,PCHM
2008-06-26T06:41:57,245968000,VOLENDAM,JUNEAU,59.03558,-135.2307617,165,164.8,16.0,0,9156515,PCHM
2008-06-26T06:41:51,245968000,VOLENDAM,JUNEAU,59.03601333,-135.23098,165,164.9,16.2,0,9156515,PCHM
2008-06-26T06:41:45,245968000,VOLENDAM,JUNEAU,59.03644667,-135.2312133,165,164.6,16.2,0,9156515,PCHM
2008-06-26T06:41:39,245968000,VOLENDAM,JUNEAU,59.03688333,-135.2314483,165,165.2,16.2,0,9156515,PCHM
2008-06-26T06:41:34,245968000,VOLENDAM,JUNEAU,59.037235,-135.2316333,165,165.6,16.3,0,9156515,PCHM
2008-06-26T06:41:28,245968000,VOLENDAM,JUNEAU,59.03775167,-135.2318983,165,164.4,16.2,0,9156515,PCHM
2008-06-26T06:41:21,245968000,VOLENDAM,JUNEAU,59.03818833,-135.232135,165,165.2,16.4,0,9156515,PCHM
2008-06-26T06:41:16,245968000,VOLENDAM,JUNEAU,59.038555,-135.2323167,165,164.7,16.4,0,9156515,PCHM
2008-06-26T06:41:10,245968000,VOLENDAM,JUNEAU,59.03905667,-135.232585,165,164.5,16.4,0,9156515,PCHM
2008-06-26T06:41:09,245968000,VOLENDAM,JUNEAU,59.03949167,-135.2328183,0,0.0,0.0,0,9156515,PCHM
2008-06-26T06:41:04,245968000,VOLENDAM,JUNEAU,59.03949167,-135.2328183,165,164.8,16.5,0,9156515,PCHM
2008-06-26T06:40:57,245968000,VOLENDAM,JUNEAU,59.04001167,-135.233105,165,165.0,16.5,0,9156515,PCHM
2008-06-26T06:40:51,245968000,VOLENDAM,JUNEAU,59.040445,-135.2333217,165,164.5,16.4,0,9156515,PCHM
2008-06-26T06:40:45,245968000,VOLENDAM,JUNEAU,59.04089667,-135.2335533,165,164.0,16.7,0,9156515,PCHM
2008-06-26T06:40:39,245968000,VOLENDAM,JUNEAU,59.04133167,-135.2338067,165,165.1,16.6,0,9156515,PCHM
2008-06-26T06:40:34,245968000,VOLENDAM,JUNEAU,59.0417,-135.2340083,165,165.1,16.6,0,9156515,PCHM
2008-06-26T06:40:21,245968000,VOLENDAM,JUNEAU,59.04266833,-135.2345067,165,164.0,16.7,0,9156515,PCHM
2008-06-26T06:40:16,245968000,VOLENDAM,JUNEAU,59.04305167,-135.2347083,165,164.8,16.8,0,9156515,PCHM
2008-06-26T06:40:09,245968000,VOLENDAM,JUNEAU,59.043485,-135.2349417,165,165.3,16.9,0,9156515,PCHM
2008-06-26T06:40:03,245968000,VOLENDAM,JUNEAU,59.04402,-135.235225,165,164.8,16.8,0,9156515,PCHM
2008-06-26T06:39:58,245968000,VOLENDAM,JUNEAU,59.04438667,-135.235425,165,165.0,16.9,0,9156515,PCHM
2008-06-26T06:39:51,245968000,VOLENDAM,JUNEAU,59.04492333,-135.2357117,165,165.4,16.8,0,9156515,PCHM
2008-06-26T06:39:45,245968000,VOLENDAM,JUNEAU,59.04529,-135.2358933,165,164.7,16.9,0,9156515,PCHM
2008-06-26T06:39:39,245968000,VOLENDAM,JUNEAU,59.04584,-135.2361767,165,164.0,16.8,0,9156515,PCHM
2008-06-26T06:39:34,245968000,VOLENDAM,JUNEAU,59.04620667,-135.2363783,165,165.0,17.0,0,9156515,PCHM
2008-06-26T06:39:21,245968000,VOLENDAM,JUNEAU,59.04711,-135.2368617,165,164.8,17.0,0,9156515,PCHM
2008-06-26T06:39:16,245968000,VOLENDAM,JUNEAU,59.04757667,-135.237095,165,164.2,17.1,0,9156515,PCHM
2008-06-26T06:39:09,245968000,VOLENDAM,JUNEAU,59.04802833,-135.2373467,165,165.1,17.0,0,9156515,PCHM
2008-06-26T06:39:03,245968000,VOLENDAM,JUNEAU,59.04848167,-135.2375817,165,164.9,17.1,0,9156515,PCHM
2008-06-26T06:38:58,245968000,VOLENDAM,JUNEAU,59.048865,-135.2377817,165,165.2,17.2,0,9156515,PCHM
2008-06-26T06:38:45,245968000,VOLENDAM,JUNEAU,59.04985167,-135.2382833,165,165.2,17.1,0,9156515,PCHM
2008-06-26T06:38:39,245968000,VOLENDAM,JUNEAU,59.05031833,-135.2385167,165,165.6,16.9,0,9156515,PCHM
2008-06-26T06:38:34,245968000,VOLENDAM,JUNEAU,59.050785,-135.2387667,165,164.9,17.3,0,9156515,PCHM
2008-06-26T06:38:28,245968000,VOLENDAM,JUNEAU,59.05123667,-135.2390183,165,165.2,17.1,0,9156515,PCHM
2008-06-26T06:38:21,245968000,VOLENDAM,JUNEAU,59.05177,-135.239285,165,165.2,17.2,0,9156515,PCHM
2008-06-26T06:38:16,245968000,VOLENDAM,JUNEAU,59.052155,-135.239485,165,165.2,17.2,0,9156515,PCHM
2008-06-26T06:38:09,245968000,VOLENDAM,JUNEAU,59.05262167,-135.239735,165,164.9,17.3,0,9156515,PCHM
2008-06-26T06:38:03,245968000,VOLENDAM,JUNEAU,59.05315833,-135.2400033,165,164.9,17.1,0,9156515,PCHM
2008-06-26T06:37:58,245968000,VOLENDAM,JUNEAU,59.05354333,-135.2401883,165,165.1,17.3,0,9156515,PCHM
2008-06-26T06:37:51,245968000,VOLENDAM,JUNEAU,59.05407833,-135.2404717,165,165.1,17.3,0,9156515,PCHM
2008-06-26T06:37:45,245968000,VOLENDAM,JUNEAU,59.05452833,-135.240705,165,165.1,17.4,0,9156515,PCHM
2008-06-26T06:37:39,245968000,VOLENDAM,JUNEAU,59.05499667,-135.24094,165,165.2,17.2,0,9156515,PCHM
2008-06-26T06:37:33,245968000,VOLENDAM,JUNEAU,59.05545,-135.2411917,165,164.9,17.1,0,9156515,PCHM
2008-06-26T06:37:28,245968000,VOLENDAM,JUNEAU,59.05585333,-135.2413933,165,165.0,17.3,0,9156515,PCHM
2008-06-26T06:37:21,245968000,VOLENDAM,JUNEAU,59.05638833,-135.2416767,165,165.0,17.2,0,9156515,PCHM
2008-06-26T06:37:09,245968000,VOLENDAM,JUNEAU,59.05722333,-135.2421117,165,165.0,17.3,0,9156515,PCHM
2008-06-26T06:37:03,245968000,VOLENDAM,JUNEAU,59.057775,-135.242395,165,165.2,17.1,0,9156515,PCHM
2008-06-26T06:36:58,245968000,VOLENDAM,JUNEAU,59.05807667,-135.2425467,165,165.0,17.3,0,9156515,PCHM
2008-06-26T06:36:46,245968000,VOLENDAM,JUNEAU,59.05908,-135.243065,165,165.2,17.2,0,9156515,PCHM
2008-06-26T06:36:33,245968000,VOLENDAM,JUNEAU,59.05999667,-135.2435317,165,165.3,17.3,0,9156515,PCHM
2008-06-26T06:36:28,245968000,VOLENDAM,JUNEAU,59.06039667,-135.2437317,165,165.5,17.4,0,9156515,PCHM
2008-06-26T06:36:21,245968000,VOLENDAM,JUNEAU,59.06093167,-135.2439983,165,165.5,17.3,0,9156515,PCHM
2008-06-26T06:36:10,245968000,VOLENDAM,JUNEAU,59.06179,-135.2444283,165,165.8,17.2,0,9156515,PCHM
2008-06-26T06:36:03,245968000,VOLENDAM,JUNEAU,59.06239167,-135.24473,165,166.1,17.4,0,9156515,PCHM
2008-06-26T06:35:58,245968000,VOLENDAM,JUNEAU,59.06279333,-135.244915,165,166.4,17.2,0,9156515,PCHM
2008-06-26T06:35:51,245968000,VOLENDAM,JUNEAU,59.06332833,-135.2451833,165,166.5,17.2,0,9156515,PCHM
2008-06-26T06:35:46,245968000,VOLENDAM,JUNEAU,59.06371333,-135.2453667,165,166.2,17.2,0,9156515,PCHM
2008-06-26T06:35:39,245968000,VOLENDAM,JUNEAU,59.06426667,-135.245635,165,166.5,17.2,0,9156515,PCHM
2008-06-26T06:35:33,245968000,VOLENDAM,JUNEAU,59.06471667,-135.2458517,165,166.3,17.2,0,9156515,PCHM
2008-06-26T06:35:28,245968000,VOLENDAM,JUNEAU,59.06511667,-135.246035,165,166.6,17.2,0,9156515,PCHM
2008-06-26T06:35:21,245968000,VOLENDAM,JUNEAU,59.06565167,-135.2463033,165,167.0,17.3,0,9156515,PCHM
2008-06-26T06:35:16,245968000,VOLENDAM,JUNEAU,59.06603667,-135.246485,165,165.6,17.2,0,9156515,PCHM
2008-06-26T06:35:10,245968000,VOLENDAM,JUNEAU,59.06650667,-135.246705,165,166.7,17.2,0,9156515,PCHM
2008-06-26T06:35:09,245968000,VOLENDAM,JUNEAU,59.06695667,-135.2469217,0,0.0,0.0,0,9156515,PCHM
2008-06-26T06:35:03,245968000,VOLENDAM,JUNEAU,59.06695667,-135.2469217,165,166.5,17.2,0,9156515,PCHM
2008-06-26T06:34:58,245968000,VOLENDAM,JUNEAU,59.067425,-135.2471383,165,166.1,17.3,0,9156515,PCHM
2008-06-26T06:34:51,245968000,VOLENDAM,JUNEAU,59.06787667,-135.2473567,165,166.0,17.0,0,9156515,PCHM
2008-06-26T06:34:45,245968000,VOLENDAM,JUNEAU,59.06834333,-135.2475733,165,166.6,17.1,0,9156515,PCHM
2008-06-26T06:34:39,245968000,VOLENDAM,JUNEAU,59.06881,-135.2477917,165,166.8,17.1,0,9156515,PCHM
2008-06-26T06:34:33,245968000,VOLENDAM,JUNEAU,59.06926167,-135.2479917,165,166.6,17.1,0,9156515,PCHM
2008-06-26T06:34:28,245968000,VOLENDAM,JUNEAU,59.06973,-135.2482067,165,166.2,17.2,0,9156515,PCHM
2008-06-26T06:34:22,245968000,VOLENDAM,JUNEAU,59.07019833,-135.248425,165,166.2,16.9,0,9156515,PCHM
2008-06-26T06:34:16,245968000,VOLENDAM,JUNEAU,59.07058167,-135.2486083,165,166.4,17.2,0,9156515,PCHM
2008-06-26T06:34:10,245968000,VOLENDAM,JUNEAU,59.07111833,-135.2488767,165,166.0,17.1,0,9156515,PCHM
2008-06-26T06:34:03,245968000,VOLENDAM,JUNEAU,59.071585,-135.2490933,165,165.8,17.0,0,9156515,PCHM
2008-06-26T06:33:58,245968000,VOLENDAM,JUNEAU,59.07195167,-135.2492767,165,165.6,17.0,0,9156515,PCHM
2008-06-26T06:33:51,245968000,VOLENDAM,JUNEAU,59.07249,-135.24953,165,166.4,17.2,0,9156515,PCHM
2008-06-26T06:33:46,245968000,VOLENDAM,JUNEAU,59.07295667,-135.249745,164,165.2,17.0,0,9156515,PCHM
2008-06-26T06:33:39,245968000,VOLENDAM,JUNEAU,59.07340833,-135.2499633,164,165.2,17.1,0,9156515,PCHM
2008-06-26T06:33:33,245968000,VOLENDAM,JUNEAU,59.073945,-135.2502317,164,165.6,17.1,0,9156515,PCHM
2008-06-26T06:33:28,245968000,VOLENDAM,JUNEAU,59.07432833,-135.25043,164,165.3,17.1,0,9156515,PCHM
2008-06-26T06:33:22,245968000,VOLENDAM,JUNEAU,59.07478167,-135.250665,164,164.6,17.0,0,9156515,PCHM
2008-06-26T06:33:16,245968000,VOLENDAM,JUNEAU,59.07524833,-135.2508983,164,164.8,17.0,0,9156515,PCHM
2008-06-26T06:33:10,245968000,VOLENDAM,JUNEAU,59.07569833,-135.2511317,163,164.7,17.0,0,9156515,PCHM
2008-06-26T06:32:58,245968000,VOLENDAM,JUNEAU,59.07660167,-135.2516317,163,163.7,17.0,0,9156515,PCHM
2008-06-26T06:32:51,245968000,VOLENDAM,JUNEAU,59.077135,-135.2519317,163,163.3,17.0,0,9156515,PCHM
2008-06-26T06:32:45,245968000,VOLENDAM,JUNEAU,59.077505,-135.2521333,162,163.6,17.0,0,9156515,PCHM
2008-06-26T06:32:39,245968000,VOLENDAM,JUNEAU,59.07804,-135.2524333,162,162.8,17.0,0,9156515,PCHM
2008-06-26T06:32:33,245968000,VOLENDAM,JUNEAU,59.07840833,-135.2526683,162,162.8,17.0,0,9156515,PCHM
2008-06-26T06:32:28,245968000,VOLENDAM,JUNEAU,59.07886,-135.252935,161,161.5,17.1,0,9156515,PCHM
2008-06-26T06:32:22,245968000,VOLENDAM,JUNEAU,59.07931167,-135.25322,161,161.3,17.0,0,9156515,PCHM
2008-06-26T06:32:16,245968000,VOLENDAM,JUNEAU,59.079765,-135.2535033,161,160.4,17.0,0,9156515,PCHM
2008-06-26T06:32:10,245968000,VOLENDAM,JUNEAU,59.0802,-135.2538067,160,160.9,17.1,0,9156515,PCHM
2008-06-26T06:32:03,245968000,VOLENDAM,JUNEAU,59.08065,-135.254105,159,159.6,17.0,0,9156515,PCHM
2008-06-26T06:31:58,245968000,VOLENDAM,JUNEAU,59.0811,-135.2544217,159,159.0,16.9,0,9156515,PCHM
2008-06-26T06:31:51,245968000,VOLENDAM,JUNEAU,59.08153667,-135.25474,159,158.6,17.1,0,9156515,PCHM
2008-06-26T06:31:45,245968000,VOLENDAM,JUNEAU,59.081985,-135.2550567,158,159.4,17.0,0,9156515,PCHM
2008-06-26T06:31:40,245968000,VOLENDAM,JUNEAU,59.08235333,-135.25534,158,158.0,17.0,0,9156515,PCHM
2008-06-26T06:31:33,245968000,VOLENDAM,JUNEAU,59.08285333,-135.2557233,157,157.8,17.0,0,9156515,PCHM
2008-06-26T06:31:28,245968000,VOLENDAM,JUNEAU,59.08324,-135.2560083,157,157.7,17.0,0,9156515,PCHM
2008-06-26T06:31:22,245968000,VOLENDAM,JUNEAU,59.08374,-135.256425,157,158.0,17.1,0,9156515,PCHM
2008-06-26T06:31:16,245968000,VOLENDAM,JUNEAU,59.08410833,-135.25671,157,158.0,17.3,0,9156515,PCHM
2008-06-26T06:31:10,245968000,VOLENDAM,JUNEAU,59.084545,-135.2570617,157,157.2,17.0,0,9156515,PCHM
2008-06-26T06:31:03,245968000,VOLENDAM,JUNEAU,59.08512833,-135.25753,157,158.2,17.0,0,9156515,PCHM
2008-06-26T06:30:58,245968000,VOLENDAM,JUNEAU,59.085495,-135.2578133,157,158.1,17.1,0,9156515,PCHM
2008-06-26T06:30:51,245968000,VOLENDAM,JUNEAU,59.08601167,-135.25823,157,157.2,17.2,0,9156515,PCHM
2008-06-26T06:30:45,245968000,VOLENDAM,JUNEAU,59.08644667,-135.2585817,157,158.3,17.2,0,9156515,PCHM
2008-06-26T06:30:40,245968000,VOLENDAM,JUNEAU,59.086815,-135.258865,157,158.7,17.2,0,9156515,PCHM
2008-06-26T06:30:33,245968000,VOLENDAM,JUNEAU,59.08733,-135.259265,157,157.2,17.1,0,9156515,PCHM
2008-06-26T06:30:28,245968000,VOLENDAM,JUNEAU,59.08769833,-135.259565,157,157.1,17.0,0,9156515,PCHM
2008-06-26T06:30:22,245968000,VOLENDAM,JUNEAU,59.08813167,-135.259915,157,157.5,17.3,0,9156515,PCHM
2008-06-26T06:30:16,245968000,VOLENDAM,JUNEAU,59.08857833,-135.260275,157,157.7,17.2,0,9156515,PCHM
2008-06-26T06:30:10,245968000,VOLENDAM,JUNEAU,59.08901167,-135.260625,157,157.5,17.3,0,9156515,PCHM
2008-06-26T06:30:04,245968000,VOLENDAM,JUNEAU,59.08944833,-135.2609783,157,157.8,17.2,0,9156515,PCHM
2008-06-26T06:29:58,245968000,VOLENDAM,JUNEAU,59.08988167,-135.2613117,157,157.8,17.1,0,9156515,PCHM
2008-06-26T06:29:51,245968000,VOLENDAM,JUNEAU,59.0904,-135.26173,157,157.4,17.1,0,9156515,PCHM
2008-06-26T06:29:45,245968000,VOLENDAM,JUNEAU,59.09076667,-135.2620317,157,157.9,17.2,0,9156515,PCHM
2008-06-26T06:29:40,245968000,VOLENDAM,JUNEAU,59.09120333,-135.2623817,157,157.3,17.1,0,9156515,PCHM
2008-06-26T06:29:33,245968000,VOLENDAM,JUNEAU,59.09163667,-135.2627333,157,157.7,17.1,0,9156515,PCHM
2008-06-26T06:29:28,245968000,VOLENDAM,JUNEAU,59.09208667,-135.263085,157,158.5,17.2,0,9156515,PCHM
2008-06-26T06:29:22,245968000,VOLENDAM,JUNEAU,59.09252,-135.2634167,157,157.4,17.3,0,9156515,PCHM
2008-06-26T06:29:16,245968000,VOLENDAM,JUNEAU,59.09288833,-135.2637167,157,157.4,17.2,0,9156515,PCHM
2008-06-26T06:29:10,245968000,VOLENDAM,JUNEAU,59.093405,-135.2641367,157,158.6,17.1,0,9156515,PCHM
2008-06-26T06:29:09,245968000,VOLENDAM,JUNEAU,59.09383833,-135.2644667,0,0.0,0.0,0,9156515,PCHM
2008-06-26T06:29:04,245968000,VOLENDAM,JUNEAU,59.09383833,-135.2644667,157,157.1,17.3,0,9156515,PCHM
2008-06-26T06:28:58,245968000,VOLENDAM,JUNEAU,59.09427333,-135.26482,157,157.8,17.2,0,9156515,PCHM
2008-06-26T06:28:51,245968000,VOLENDAM,JUNEAU,59.09470833,-135.2651683,157,157.2,17.2,0,9156515,PCHM
2008-06-26T06:28:46,245968000,VOLENDAM,JUNEAU,59.09507667,-135.26547,157,157.1,17.1,0,9156515,PCHM
2008-06-26T06:28:40,245968000,VOLENDAM,JUNEAU,59.09551333,-135.2658233,157,157.7,17.0,0,9156515,PCHM
2008-06-26T06:28:33,245968000,VOLENDAM,JUNEAU,59.09609833,-135.2662917,157,156.9,17.1,0,9156515,PCHM
2008-06-26T06:28:28,245968000,VOLENDAM,JUNEAU,59.09646833,-135.2665933,157,156.9,17.0,0,9156515,PCHM
2008-06-26T06:28:22,245968000,VOLENDAM,JUNEAU,59.09690333,-135.266945,157,157.3,17.0,0,9156515,PCHM
2008-06-26T06:28:16,245968000,VOLENDAM,JUNEAU,59.09733833,-135.2672967,157,157.5,17.0,0,9156515,PCHM
2008-06-26T06:28:10,245968000,VOLENDAM,JUNEAU,59.09777167,-135.2676467,157,157.7,17.2,0,9156515,PCHM
2008-06-26T06:28:04,245968000,VOLENDAM,JUNEAU,59.098205,-135.268015,157,158.5,17.2,0,9156515,PCHM
2008-06-26T06:27:58,245968000,VOLENDAM,JUNEAU,59.09864,-135.2683667,157,157.9,17.0,0,9156515,PCHM
2008-06-26T06:27:51,245968000,VOLENDAM,JUNEAU,59.09916,-135.2687683,157,157.9,17.2,0,9156515,PCHM
2008-06-26T06:27:46,245968000,VOLENDAM,JUNEAU,59.09951167,-135.2690517,157,157.4,17.1,0,9156515,PCHM
2008-06-26T06:27:40,245968000,VOLENDAM,JUNEAU,59.099965,-135.269405,157,157.4,16.9,0,9156515,PCHM
2008-06-26T06:27:33,245968000,VOLENDAM,JUNEAU,59.10039833,-135.269755,157,157.3,17.0,0,9156515,PCHM
2008-06-26T06:27:27,245968000,VOLENDAM,JUNEAU,59.10089833,-135.2701717,157,157.4,17.0,0,9156515,PCHM
2008-06-26T06:27:22,245968000,VOLENDAM,JUNEAU,59.101265,-135.2704717,157,157.2,17.2,0,9156515,PCHM
2008-06-26T06:27:16,245968000,VOLENDAM,JUNEAU,59.10163167,-135.2707717,157,157.1,17.1,0,9156515,PCHM
2008-06-26T06:27:10,245968000,VOLENDAM,JUNEAU,59.10213333,-135.2711883,157,156.6,17.2,0,9156515,PCHM
2008-06-26T06:27:04,245968000,VOLENDAM,JUNEAU,59.10256833,-135.2715583,157,158.2,17.1,0,9156515,PCHM
2008-06-26T06:26:58,245968000,VOLENDAM,JUNEAU,59.10293667,-135.2718417,157,157.2,17.2,0,9156515,PCHM
2008-06-26T06:26:51,245968000,VOLENDAM,JUNEAU,59.103435,-135.2722583,157,157.3,17.2,0,9156515,PCHM
2008-06-26T06:26:46,245968000,VOLENDAM,JUNEAU,59.10387167,-135.2726267,157,157.1,17.1,0,9156515,PCHM
2008-06-26T06:26:40,245968000,VOLENDAM,JUNEAU,59.10423667,-135.2729267,157,157.3,17.1,0,9156515,PCHM
2008-06-26T06:26:33,245968000,VOLENDAM,JUNEAU,59.10475667,-135.273345,157,156.8,17.0,0,9156515,PCHM
2008-06-26T06:26:27,245968000,VOLENDAM,JUNEAU,59.10519,-135.27371,157,156.6,17.2,0,9156515,PCHM
2008-06-26T06:26:21,245968000,VOLENDAM,JUNEAU,59.105625,-135.27408,157,156.8,17.1,0,9156515,PCHM
2008-06-26T06:26:16,245968000,VOLENDAM,JUNEAU,59.10597667,-135.2743817,157,157.5,17.2,0,9156515,PCHM
2008-06-26T06:26:09,245968000,VOLENDAM,JUNEAU,59.10656333,-135.27485,157,156.9,17.1,0,9156515,PCHM
2008-06-26T06:26:04,245968000,VOLENDAM,JUNEAU,59.10693,-135.2751667,157,157.2,17.1,0,9156515,PCHM
2008-06-26T06:25:58,245968000,VOLENDAM,JUNEAU,59.107365,-135.2755183,157,157.4,17.4,0,9156515,PCHM
2008-06-26T06:25:51,245968000,VOLENDAM,JUNEAU,59.10787,-135.2759383,157,157.0,17.1,0,9156515,PCHM
2008-06-26T06:25:46,245968000,VOLENDAM,JUNEAU,59.10823833,-135.27624,157,156.2,17.0,0,9156515,PCHM
2008-06-26T06:25:34,245968000,VOLENDAM,JUNEAU,59.10910833,-135.27696,157,157.4,17.2,0,9156515,PCHM
2008-06-26T06:25:27,245968000,VOLENDAM,JUNEAU,59.10961,-135.2773767,157,156.9,17.2,0,9156515,PCHM
2008-06-26T06:25:21,245968000,VOLENDAM,JUNEAU,59.11004333,-135.277745,157,157.8,17.1,0,9156515,PCHM
2008-06-26T06:25:16,245968000,VOLENDAM,JUNEAU,59.11041167,-135.278045,157,157.1,17.2,0,9156515,PCHM
2008-06-26T06:25:09,245968000,VOLENDAM,JUNEAU,59.11093,-135.2784483,157,157.1,17.1,0,9156515,PCHM
2008-06-26T06:25:04,245968000,VOLENDAM,JUNEAU,59.11128167,-135.2787483,157,157.3,17.1,0,9156515,PCHM
2008-06-26T06:24:58,245968000,VOLENDAM,JUNEAU,59.11172667,-135.2791067,157,158.0,17.2,0,9156515,PCHM
2008-06-26T06:24:51,245968000,VOLENDAM,JUNEAU,59.112245,-135.2795233,157,156.6,17.3,0,9156515,PCHM
2008-06-26T06:24:46,245968000,VOLENDAM,JUNEAU,59.112595,-135.279825,157,157.1,17.0,0,9156515,PCHM
2008-06-26T06:24:40,245968000,VOLENDAM,JUNEAU,59.113045,-135.2801767,157,157.7,17.4,0,9156515,PCHM
2008-06-26T06:24:34,245968000,VOLENDAM,JUNEAU,59.11348167,-135.2805467,157,158.1,17.2,0,9156515,PCHM
2008-06-26T06:24:27,245968000,VOLENDAM,JUNEAU,59.11393167,-135.2808967,157,158.0,17.2,0,9156515,PCHM
2008-06-26T06:24:21,245968000,VOLENDAM,JUNEAU,59.11443333,-135.2813133,157,157.5,17.1,0,9156515,PCHM
2008-06-26T06:24:15,245968000,VOLENDAM,JUNEAU,59.1148,-135.2816133,157,157.4,17.3,0,9156515,PCHM
2008-06-26T06:24:09,245968000,VOLENDAM,JUNEAU,59.11525,-135.2819617,157,157.2,17.4,0,9156515,PCHM
2008-06-26T06:24:04,245968000,VOLENDAM,JUNEAU,59.11568667,-135.282315,157,157.0,17.3,0,9156515,PCHM
2008-06-26T06:23:58,245968000,VOLENDAM,JUNEAU,59.11605333,-135.2826317,157,157.4,17.4,0,9156515,PCHM
2008-06-26T06:23:51,245968000,VOLENDAM,JUNEAU,59.116575,-135.2830517,157,157.2,17.3,0,9156515,PCHM
2008-06-26T06:23:45,245968000,VOLENDAM,JUNEAU,59.11702333,-135.2834033,157,158.0,17.4,0,9156515,PCHM
2008-06-26T06:23:40,245968000,VOLENDAM,JUNEAU,59.11754167,-135.28382,157,157.5,17.5,0,9156515,PCHM
2008-06-26T06:23:34,245968000,VOLENDAM,JUNEAU,59.11790833,-135.28412,157,157.7,17.6,0,9156515,PCHM
2008-06-26T06:23:27,245968000,VOLENDAM,JUNEAU,59.11842833,-135.28454,157,157.7,17.4,0,9156515,PCHM
2008-06-26T06:23:21,245968000,VOLENDAM,JUNEAU,59.11888,-135.28489,157,157.3,17.6,0,9156515,PCHM
2008-06-26T06:23:15,245968000,VOLENDAM,JUNEAU,59.11933,-135.2852583,157,157.6,17.6,0,9156515,PCHM
2008-06-26T06:23:09,245968000,VOLENDAM,JUNEAU,59.11978167,-135.28561,157,158.1,17.7,0,9156515,PCHM
2008-06-26T06:23:09,245968000,VOLENDAM,JUNEAU,59.12016667,-135.2858933,0,0.0,0.0,0,9156515,PCHM
2008-06-26T06:23:04,245968000,VOLENDAM,JUNEAU,59.12016667,-135.2858933,157,157.2,17.7,0,9156515,PCHM
2008-06-26T06:22:58,245968000,VOLENDAM,JUNEAU,59.12061833,-135.28626,157,157.3,17.8,0,9156515,PCHM
2008-06-26T06:22:51,245968000,VOLENDAM,JUNEAU,59.12113667,-135.28668,157,157.6,17.8,0,9156515,PCHM
2008-06-26T06:22:45,245968000,VOLENDAM,JUNEAU,59.12160667,-135.2870483,157,157.8,17.6,0,9156515,PCHM
2008-06-26T06:22:40,245968000,VOLENDAM,JUNEAU,59.12197333,-135.2873483,157,157.6,17.8,0,9156515,PCHM
2008-06-26T06:22:34,245968000,VOLENDAM,JUNEAU,59.122425,-135.2877333,157,158.0,17.8,0,9156515,PCHM
2008-06-26T06:22:27,245968000,VOLENDAM,JUNEAU,59.12295833,-135.28815,157,156.9,17.9,0,9156515,PCHM
2008-06-26T06:22:22,245968000,VOLENDAM,JUNEAU,59.12334333,-135.2884667,157,156.8,17.9,0,9156515,PCHM
2008-06-26T06:22:15,245968000,VOLENDAM,JUNEAU,59.12387667,-135.2889017,157,157.8,17.9,0,9156515,PCHM
2008-06-26T06:22:09,245968000,VOLENDAM,JUNEAU,59.12426333,-135.28922,157,157.5,18.0,0,9156515,PCHM
2008-06-26T06:22:04,245968000,VOLENDAM,JUNEAU,59.12473,-135.2895867,157,157.2,18.1,0,9156515,PCHM
2008-06-26T06:21:58,245968000,VOLENDAM,JUNEAU,59.12518167,-135.289955,157,157.6,18.0,0,9156515,PCHM
2008-06-26T06:21:51,245968000,VOLENDAM,JUNEAU,59.12565167,-135.2903233,157,157.2,18.0,0,9156515,PCHM
2008-06-26T06:21:45,245968000,VOLENDAM,JUNEAU,59.1261,-135.29069,157,157.3,17.9,0,9156515,PCHM
2008-06-26T06:21:34,245968000,VOLENDAM,JUNEAU,59.12702,-135.291425,157,157.2,17.8,0,9156515,PCHM
2008-06-26T06:21:27,245968000,VOLENDAM,JUNEAU,59.12748833,-135.2917933,157,157.8,17.8,0,9156515,PCHM
2008-06-26T06:21:22,245968000,VOLENDAM,JUNEAU,59.12785333,-135.29211,157,157.7,17.8,0,9156515,PCHM
2008-06-26T06:21:15,245968000,VOLENDAM,JUNEAU,59.12838833,-135.2925433,157,157.5,17.6,0,9156515,PCHM
2008-06-26T06:21:09,245968000,VOLENDAM,JUNEAU,59.12892333,-135.2929617,157,157.3,17.6,0,9156515,PCHM
2008-06-26T06:20:58,245968000,VOLENDAM,JUNEAU,59.12974167,-135.2936283,157,156.8,17.8,0,9156515,PCHM
2008-06-26T06:20:51,245968000,VOLENDAM,JUNEAU,59.13027833,-135.2940667,157,157.4,17.7,0,9156515,PCHM
2008-06-26T06:20:45,245968000,VOLENDAM,JUNEAU,59.130715,-135.294435,157,157.3,17.5,0,9156515,PCHM
2008-06-26T06:20:40,245968000,VOLENDAM,JUNEAU,59.13109833,-135.294735,157,156.5,17.4,0,9156515,PCHM
2008-06-26T06:20:34,245968000,VOLENDAM,JUNEAU,59.13153333,-135.2951183,157,156.7,17.4,0,9156515,PCHM
2008-06-26T06:20:27,245968000,VOLENDAM,JUNEAU,59.13206833,-135.295555,157,157.1,17.4,0,9156515,PCHM
2008-06-26T06:20:22,245968000,VOLENDAM,JUNEAU,59.13243667,-135.295855,157,156.7,17.3,0,9156515,PCHM
2008-06-26T06:20:16,245968000,VOLENDAM,JUNEAU,59.13287333,-135.296225,157,157.1,17.2,0,9156515,PCHM
2008-06-26T06:20:09,245968000,VOLENDAM,JUNEAU,59.13339167,-135.29666,157,157.5,17.3,0,9156515,PCHM
2008-06-26T06:19:58,245968000,VOLENDAM,JUNEAU,59.13419333,-135.2973117,157,157.1,17.2,0,9156515,PCHM
2008-06-26T06:19:51,245968000,VOLENDAM,JUNEAU,59.13471333,-135.2977467,157,157.7,17.2,0,9156515,PCHM
2008-06-26T06:19:45,245968000,VOLENDAM,JUNEAU,59.13508,-135.29803,157,157.5,17.0,0,9156515,PCHM
2008-06-26T06:19:40,245968000,VOLENDAM,JUNEAU,59.13552667,-135.2983917,158,157.6,17.2,0,9156515,PCHM
2008-06-26T06:19:34,245968000,VOLENDAM,JUNEAU,59.13596167,-135.2987433,158,158.1,17.2,0,9156515,PCHM
2008-06-26T06:19:28,245968000,VOLENDAM,JUNEAU,59.13633167,-135.299045,158,157.6,17.1,0,9156515,PCHM
2008-06-26T06:19:22,245968000,VOLENDAM,JUNEAU,59.136835,-135.2994467,157,157.1,16.9,0,9156515,PCHM
2008-06-26T06:19:15,245968000,VOLENDAM,JUNEAU,59.13727,-135.2998,157,157.6,17.2,0,9156515,PCHM
2008-06-26T06:19:09,245968000,VOLENDAM,JUNEAU,59.13770833,-135.3001533,157,157.6,17.1,0,9156515,PCHM
2008-06-26T06:19:03,245968000,VOLENDAM,JUNEAU,59.13816,-135.3005033,157,157.3,17.0,0,9156515,PCHM
2008-06-26T06:18:58,245968000,VOLENDAM,JUNEAU,59.13851167,-135.3008033,157,156.7,16.9,0,9156515,PCHM
2008-06-26T06:18:51,245968000,VOLENDAM,JUNEAU,59.13901333,-135.3012217,157,156.9,16.8,0,9156515,PCHM
2008-06-26T06:18:45,245968000,VOLENDAM,JUNEAU,59.13944667,-135.3015733,157,157.8,16.9,0,9156515,PCHM
2008-06-26T06:18:40,245968000,VOLENDAM,JUNEAU,59.13996333,-135.3019733,157,157.7,16.9,0,9156515,PCHM
2008-06-26T06:18:34,245968000,VOLENDAM,JUNEAU,59.140315,-135.3022583,157,157.1,16.8,0,9156515,PCHM
2008-06-26T06:18:28,245968000,VOLENDAM,JUNEAU,59.14075,-135.3026083,157,157.2,16.8,0,9156515,PCHM
2008-06-26T06:18:22,245968000,VOLENDAM,JUNEAU,59.141165,-135.3029583,157,157.6,16.8,0,9156515,PCHM
2008-06-26T06:18:16,245968000,VOLENDAM,JUNEAU,59.14160167,-135.30331,157,157.3,16.6,0,9156515,PCHM
2008-06-26T06:18:09,245968000,VOLENDAM,JUNEAU,59.14210333,-135.3037133,157,158.2,16.8,0,9156515,PCHM
2008-06-26T06:18:03,245968000,VOLENDAM,JUNEAU,59.14252,-135.3040633,157,157.8,16.7,0,9156515,PCHM
2008-06-26T06:17:58,245968000,VOLENDAM,JUNEAU,59.14288833,-135.3043317,157,157.7,16.7,0,9156515,PCHM
2008-06-26T06:17:52,245968000,VOLENDAM,JUNEAU,59.14332333,-135.30468,157,156.9,16.7,0,9156515,PCHM
2008-06-26T06:17:45,245968000,VOLENDAM,JUNEAU,59.14381,-135.305085,157,158.3,16.5,0,9156515,PCHM
2008-06-26T06:17:40,245968000,VOLENDAM,JUNEAU,59.14416167,-135.3053533,157,157.6,16.6,0,9156515,PCHM
2008-06-26T06:17:34,245968000,VOLENDAM,JUNEAU,59.14458,-135.3056867,157,157.0,16.8,0,9156515,PCHM
2008-06-26T06:17:28,245968000,VOLENDAM,JUNEAU,59.145015,-135.3060383,157,157.3,16.6,0,9156515,PCHM
2008-06-26T06:17:22,245968000,VOLENDAM,JUNEAU,59.14543333,-135.306375,157,158.1,16.4,0,9156515,PCHM
2008-06-26T06:17:16,245968000,VOLENDAM,JUNEAU,59.14585333,-135.30671,157,158.0,16.4,0,9156515,PCHM
2008-06-26T06:17:09,245968000,VOLENDAM,JUNEAU,59.14628667,-135.3070417,157,156.9,16.2,0,9156515,PCHM
2008-06-26T06:17:09,245968000,VOLENDAM,JUNEAU,59.146705,-135.3073767,0,0.0,0.0,0,9156515,PCHM
2008-06-26T06:17:03,245968000,VOLENDAM,JUNEAU,59.146705,-135.3073767,157,156.8,16.4,0,9156515,PCHM
2008-06-26T06:16:58,245968000,VOLENDAM,JUNEAU,59.14712333,-135.3077117,157,158.1,16.4,0,9156515,PCHM
2008-06-26T06:16:52,245968000,VOLENDAM,JUNEAU,59.14754167,-135.308045,157,157.3,16.5,0,9156515,PCHM
2008-06-26T06:16:46,245968000,VOLENDAM,JUNEAU,59.14796167,-135.3083817,157,156.8,16.2,0,9156515,PCHM
2008-06-26T06:16:40,245968000,VOLENDAM,JUNEAU,59.14837833,-135.3087317,157,157.3,16.4,0,9156515,PCHM
2008-06-26T06:16:34,245968000,VOLENDAM,JUNEAU,59.14872667,-135.309015,157,157.9,16.3,0,9156515,PCHM
2008-06-26T06:16:28,245968000,VOLENDAM,JUNEAU,59.14914667,-135.30935,157,158.2,16.2,0,9156515,PCHM
2008-06-26T06:16:22,245968000,VOLENDAM,JUNEAU,59.14956333,-135.3096833,157,157.0,16.2,0,9156515,PCHM
2008-06-26T06:16:16,245968000,VOLENDAM,JUNEAU,59.14998167,-135.3100183,157,157.5,16.3,0,9156515,PCHM
2008-06-26T06:16:09,245968000,VOLENDAM,JUNEAU,59.15053667,-135.310455,157,157.9,16.2,0,9156515,PCHM
2008-06-26T06:16:03,245968000,VOLENDAM,JUNEAU,59.150955,-135.3107917,157,157.4,16.3,0,9156515,PCHM
2008-06-26T06:15:58,245968000,VOLENDAM,JUNEAU,59.15129,-135.311075,157,157.7,16.4,0,9156515,PCHM
2008-06-26T06:15:52,245968000,VOLENDAM,JUNEAU,59.15170833,-135.3114117,158,158.7,16.1,0,9156515,PCHM
2008-06-26T06:15:46,245968000,VOLENDAM,JUNEAU,59.15212667,-135.3117283,158,158.3,16.5,0,9156515,PCHM
2008-06-26T06:15:40,245968000,VOLENDAM,JUNEAU,59.15254333,-135.3120617,158,157.4,16.2,0,9156515,PCHM
2008-06-26T06:15:34,245968000,VOLENDAM,JUNEAU,59.15296167,-135.312395,157,157.0,16.1,0,9156515,PCHM
2008-06-26T06:15:27,245968000,VOLENDAM,JUNEAU,59.15344667,-135.31278,157,157.7,16.2,0,9156515,PCHM
2008-06-26T06:15:22,245968000,VOLENDAM,JUNEAU,59.15379667,-135.3130633,157,157.5,16.2,0,9156515,PCHM
2008-06-26T06:15:16,245968000,VOLENDAM,JUNEAU,59.15421333,-135.3133983,157,157.3,16.3,0,9156515,PCHM
2008-06-26T06:15:09,245968000,VOLENDAM,JUNEAU,59.15468,-135.313795,158,157.8,16.2,0,9156515,PCHM
2008-06-26T06:15:03,245968000,VOLENDAM,JUNEAU,59.1551,-135.31413,158,157.4,16.2,0,9156515,PCHM
2008-06-26T06:14:58,245968000,VOLENDAM,JUNEAU,59.15543667,-135.3143983,158,157.4,16.0,0,9156515,PCHM
2008-06-26T06:14:52,245968000,VOLENDAM,JUNEAU,59.15585167,-135.3147317,157,157.1,15.9,0,9156515,PCHM
2008-06-26T06:14:46,245968000,VOLENDAM,JUNEAU,59.15625333,-135.3150483,157,157.0,16.2,0,9156515,PCHM
2008-06-26T06:14:40,245968000,VOLENDAM,JUNEAU,59.15667167,-135.3153983,157,156.8,16.2,0,9156515,PCHM
2008-06-26T06:14:34,245968000,VOLENDAM,JUNEAU,59.15707333,-135.3157317,157,156.8,16.0,0,9156515,PCHM
2008-06-26T06:14:27,245968000,VOLENDAM,JUNEAU,59.15749167,-135.31607,157,157.6,16.1,0,9156515,PCHM
2008-06-26T06:14:21,245968000,VOLENDAM,JUNEAU,59.15789333,-135.3164033,158,157.5,16.2,0,9156515,PCHM
2008-06-26T06:14:16,245968000,VOLENDAM,JUNEAU,59.158245,-135.31669,158,158.2,16.1,0,9156515,PCHM
2008-06-26T06:14:09,245968000,VOLENDAM,JUNEAU,59.15871333,-135.3170567,158,157.8,16.1,0,9156515,PCHM
2008-06-26T06:14:03,245968000,VOLENDAM,JUNEAU,59.15913333,-135.3173933,158,157.2,15.8,0,9156515,PCHM
2008-06-26T06:13:58,245968000,VOLENDAM,JUNEAU,59.15953167,-135.317725,157,157.9,16.1,0,9156515,PCHM
2008-06-26T06:13:52,245968000,VOLENDAM,JUNEAU,59.15994833,-135.3180417,157,157.8,16.2,0,9156515,PCHM
2008-06-26T06:13:46,245968000,VOLENDAM,JUNEAU,59.16028167,-135.3183083,157,157.3,15.9,0,9156515,PCHM
2008-06-26T06:13:40,245968000,VOLENDAM,JUNEAU,59.16075167,-135.3186933,157,157.2,16.1,0,9156515,PCHM
2008-06-26T06:13:34,245968000,VOLENDAM,JUNEAU,59.16115333,-135.3190283,157,157.6,16.0,0,9156515,PCHM
2008-06-26T06:13:27,245968000,VOLENDAM,JUNEAU,59.16163833,-135.3194133,157,156.8,15.8,0,9156515,PCHM
2008-06-26T06:13:21,245968000,VOLENDAM,JUNEAU,59.16203833,-135.3197467,157,157.6,16.0,0,9156515,PCHM
2008-06-26T06:13:16,245968000,VOLENDAM,JUNEAU,59.16239,-135.320015,157,157.1,16.0,0,9156515,PCHM
2008-06-26T06:13:09,245968000,VOLENDAM,JUNEAU,59.16285833,-135.320415,157,157.1,16.0,0,9156515,PCHM
2008-06-26T06:13:03,245968000,VOLENDAM,JUNEAU,59.16326,-135.320735,157,157.5,15.9,0,9156515,PCHM
2008-06-26T06:12:58,245968000,VOLENDAM,JUNEAU,59.163595,-135.3210183,157,156.6,15.9,0,9156515,PCHM
2008-06-26T06:12:52,245968000,VOLENDAM,JUNEAU,59.16401333,-135.3213533,157,157.2,15.9,0,9156515,PCHM
2008-06-26T06:12:46,245968000,VOLENDAM,JUNEAU,59.164415,-135.3216883,157,157.5,15.9,0,9156515,PCHM
2008-06-26T06:12:39,245968000,VOLENDAM,JUNEAU,59.16488,-135.32207,157,156.8,15.9,0,9156515,PCHM
2008-06-26T06:12:34,245968000,VOLENDAM,JUNEAU,59.16523333,-135.3223567,157,157.3,15.9,0,9156515,PCHM
2008-06-26T06:12:27,245968000,VOLENDAM,JUNEAU,59.16570167,-135.3227417,157,157.8,16.1,0,9156515,PCHM
2008-06-26T06:12:21,245968000,VOLENDAM,JUNEAU,59.166035,-135.3230233,157,157.4,15.8,0,9156515,PCHM
2008-06-26T06:12:16,245968000,VOLENDAM,JUNEAU,59.16645167,-135.3233567,157,157.2,16.0,0,9156515,PCHM
2008-06-26T06:12:09,245968000,VOLENDAM,JUNEAU,59.16685167,-135.3236917,157,157.2,15.9,0,9156515,PCHM
2008-06-26T06:12:04,245968000,VOLENDAM,JUNEAU,59.16727,-135.3240267,157,157.4,16.2,0,9156515,PCHM
2008-06-26T06:11:58,245968000,VOLENDAM,JUNEAU,59.16767167,-135.32436,157,157.0,16.1,0,9156515,PCHM
2008-06-26T06:11:52,245968000,VOLENDAM,JUNEAU,59.16807333,-135.3246783,157,157.5,16.0,0,9156515,PCHM
2008-06-26T06:11:46,245968000,VOLENDAM,JUNEAU,59.16849167,-135.3250117,157,156.6,15.9,0,9156515,PCHM
2008-06-26T06:11:39,245968000,VOLENDAM,JUNEAU,59.16890833,-135.3253617,157,156.7,15.8,0,9156515,PCHM
2008-06-26T06:11:34,245968000,VOLENDAM,JUNEAU,59.16924167,-135.32563,157,157.8,16.2,0,9156515,PCHM
2008-06-26T06:11:28,245968000,VOLENDAM,JUNEAU,59.16972667,-135.3260317,157,156.9,15.9,0,9156515,PCHM
2008-06-26T06:11:21,245968000,VOLENDAM,JUNEAU,59.17012667,-135.3263467,157,157.2,16.1,0,9156515,PCHM
2008-06-26T06:11:16,245968000,VOLENDAM,JUNEAU,59.17046,-135.3266317,157,157.8,16.2,0,9156515,PCHM
2008-06-26T06:11:09,245968000,VOLENDAM,JUNEAU,59.17101333,-135.3270667,157,157.6,16.1,0,9156515,PCHM
2008-06-26T06:11:09,245968000,VOLENDAM,JUNEAU,59.17136333,-135.327335,0,0.0,0.0,0,9156515,PCHM
2008-06-26T06:11:04,245968000,VOLENDAM,JUNEAU,59.17136333,-135.327335,157,157.4,15.8,0,9156515,PCHM
2008-06-26T06:10:58,245968000,VOLENDAM,JUNEAU,59.171765,-135.3276683,157,157.0,16.0,0,9156515,PCHM
2008-06-26T06:10:52,245968000,VOLENDAM,JUNEAU,59.17218333,-135.3280033,157,157.8,16.2,0,9156515,PCHM
2008-06-26T06:10:46,245968000,VOLENDAM,JUNEAU,59.17258667,-135.3283383,157,157.7,15.8,0,9156515,PCHM
2008-06-26T06:10:39,245968000,VOLENDAM,JUNEAU,59.17307167,-135.3287233,157,157.1,16.1,0,9156515,PCHM
2008-06-26T06:10:34,245968000,VOLENDAM,JUNEAU,59.17340667,-135.3290083,157,157.4,15.9,0,9156515,PCHM
2008-06-26T06:10:28,245968000,VOLENDAM,JUNEAU,59.173825,-135.3293433,157,158.6,16.2,0,9156515,PCHM
2008-06-26T06:10:21,245968000,VOLENDAM,JUNEAU,59.17431167,-135.3297117,157,158.0,16.0,0,9156515,PCHM
2008-06-26T06:10:16,245968000,VOLENDAM,JUNEAU,59.174645,-135.32998,157,157.3,16.0,0,9156515,PCHM
2008-06-26T06:10:09,245968000,VOLENDAM,JUNEAU,59.17513167,-135.330365,157,156.7,15.8,0,9156515,PCHM
2008-06-26T06:10:04,245968000,VOLENDAM,JUNEAU,59.17548167,-135.3306483,157,157.7,16.1,0,9156515,PCHM
2008-06-26T06:09:58,245968000,VOLENDAM,JUNEAU,59.1759,-135.3309833,157,158.0,16.3,0,9156515,PCHM
2008-06-26T06:09:52,245968000,VOLENDAM,JUNEAU,59.17629833,-135.331315,157,158.3,16.2,0,9156515,PCHM
2008-06-26T06:09:46,245968000,VOLENDAM,JUNEAU,59.176715,-135.3316267,157,157.4,16.3,0,9156515,PCHM
2008-06-26T06:09:39,245968000,VOLENDAM,JUNEAU,59.17713333,-135.331965,158,158.2,16.2,0,9156515,PCHM
2008-06-26T06:09:34,245968000,VOLENDAM,JUNEAU,59.17755333,-135.332285,158,158.2,16.3,0,9156515,PCHM
2008-06-26T06:09:28,245968000,VOLENDAM,JUNEAU,59.17795667,-135.3326017,157,157.9,16.1,0,9156515,PCHM
2008-06-26T06:09:21,245968000,VOLENDAM,JUNEAU,59.17837167,-135.332935,157,157.7,16.1,0,9156515,PCHM
2008-06-26T06:09:16,245968000,VOLENDAM,JUNEAU,59.17872167,-135.3332017,157,158.0,16.3,0,9156515,PCHM
2008-06-26T06:09:09,245968000,VOLENDAM,JUNEAU,59.17920667,-135.333585,157,157.8,16.0,0,9156515,PCHM
2008-06-26T06:09:04,245968000,VOLENDAM,JUNEAU,59.17962667,-135.3339217,157,157.9,16.1,0,9156515,PCHM
2008-06-26T06:08:58,245968000,VOLENDAM,JUNEAU,59.18004333,-135.33424,157,158.4,16.4,0,9156515,PCHM
2008-06-26T06:08:52,245968000,VOLENDAM,JUNEAU,59.180445,-135.334575,157,158.5,16.2,0,9156515,PCHM
2008-06-26T06:08:46,245968000,VOLENDAM,JUNEAU,59.18086333,-135.3348917,158,158.2,15.8,0,9156515,PCHM
2008-06-26T06:08:40,245968000,VOLENDAM,JUNEAU,59.18128,-135.33521,158,158.9,16.2,0,9156515,PCHM
2008-06-26T06:08:34,245968000,VOLENDAM,JUNEAU,59.18169833,-135.3355267,157,158.2,16.2,0,9156515,PCHM
2008-06-26T06:08:28,245968000,VOLENDAM,JUNEAU,59.182185,-135.335895,157,158.1,15.9,0,9156515,PCHM
2008-06-26T06:08:21,245968000,VOLENDAM,JUNEAU,59.18260167,-135.3362117,157,157.9,16.0,0,9156515,PCHM
2008-06-26T06:08:15,245968000,VOLENDAM,JUNEAU,59.183005,-135.33653,157,157.5,16.1,0,9156515,PCHM
2008-06-26T06:08:09,245968000,VOLENDAM,JUNEAU,59.18342333,-135.336865,157,157.8,16.0,0,9156515,PCHM
2008-06-26T06:08:04,245968000,VOLENDAM,JUNEAU,59.18375833,-135.3371333,157,158.2,16.0,0,9156515,PCHM
2008-06-26T06:07:58,245968000,VOLENDAM,JUNEAU,59.184175,-135.33745,157,158.2,16.0,0,9156515,PCHM
2008-06-26T06:07:52,245968000,VOLENDAM,JUNEAU,59.18459333,-135.3377683,157,157.5,15.9,0,9156515,PCHM
2008-06-26T06:07:46,245968000,VOLENDAM,JUNEAU,59.18499333,-135.3380867,157,158.2,16.0,0,9156515,PCHM
2008-06-26T06:07:40,245968000,VOLENDAM,JUNEAU,59.18539667,-135.3384033,157,157.9,15.9,0,9156515,PCHM
2008-06-26T06:07:34,245968000,VOLENDAM,JUNEAU,59.185815,-135.3387233,157,158.7,15.9,0,9156515,PCHM
2008-06-26T06:07:22,245968000,VOLENDAM,JUNEAU,59.18663333,-135.3393567,157,159.0,15.8,0,9156515,PCHM
2008-06-26T06:07:15,245968000,VOLENDAM,JUNEAU,59.187035,-135.339675,157,158.4,15.8,0,9156515,PCHM
2008-06-26T06:07:09,245968000,VOLENDAM,JUNEAU,59.187505,-135.3400283,158,159.5,15.7,0,9156515,PCHM
2008-06-26T06:07:04,245968000,VOLENDAM,JUNEAU,59.187855,-135.340295,158,158.9,15.8,0,9156515,PCHM
2008-06-26T06:06:57,245968000,VOLENDAM,JUNEAU,59.18825833,-135.3405967,158,158.6,15.7,0,9156515,PCHM
2008-06-26T06:06:52,245968000,VOLENDAM,JUNEAU,59.18865833,-135.3408983,157,159.1,15.7,0,9156515,PCHM
2008-06-26T06:06:46,245968000,VOLENDAM,JUNEAU,59.189075,-135.3411983,157,158.9,15.7,0,9156515,PCHM
2008-06-26T06:06:40,245968000,VOLENDAM,JUNEAU,59.18940833,-135.341465,157,158.7,15.6,0,9156515,PCHM
2008-06-26T06:06:34,245968000,VOLENDAM,JUNEAU,59.18981167,-135.3417833,157,157.9,15.5,0,9156515,PCHM
2008-06-26T06:06:28,245968000,VOLENDAM,JUNEAU,59.19028167,-135.342135,157,157.6,15.4,0,9156515,PCHM
2008-06-26T06:06:21,245968000,VOLENDAM,JUNEAU,59.19068167,-135.3424533,157,158.2,15.5,0,9156515,PCHM
2008-06-26T06:06:15,245968000,VOLENDAM,JUNEAU,59.19108167,-135.3427533,157,158.7,15.5,0,9156515,PCHM
2008-06-26T06:06:09,245968000,VOLENDAM,JUNEAU,59.19155,-135.34312,157,158.4,15.5,0,9156515,PCHM
2008-06-26T06:06:04,245968000,VOLENDAM,JUNEAU,59.19186833,-135.3433717,157,158.0,15.5,0,9156515,PCHM
2008-06-26T06:05:57,245968000,VOLENDAM,JUNEAU,59.192335,-135.3437383,157,158.2,15.4,0,9156515,PCHM
2008-06-26T06:05:52,245968000,VOLENDAM,JUNEAU,59.19267,-135.3439883,157,158.4,15.4,0,9156515,PCHM
2008-06-26T06:05:46,245968000,VOLENDAM,JUNEAU,59.19305333,-135.34429,158,158.4,15.3,0,9156515,PCHM
2008-06-26T06:05:40,245968000,VOLENDAM,JUNEAU,59.193455,-135.3446067,158,158.3,15.2,0,9156515,PCHM
2008-06-26T06:05:34,245968000,VOLENDAM,JUNEAU,59.193855,-135.3449083,158,158.9,15.3,0,9156515,PCHM
2008-06-26T06:05:28,245968000,VOLENDAM,JUNEAU,59.19424,-135.3451933,157,158.6,15.2,0,9156515,PCHM
2008-06-26T06:05:21,245968000,VOLENDAM,JUNEAU,59.19464,-135.3454917,157,157.6,15.2,0,9156515,PCHM
2008-06-26T06:05:15,245968000,VOLENDAM,JUNEAU,59.195025,-135.3457933,157,158.2,15.2,0,9156515,PCHM
2008-06-26T06:05:09,245968000,VOLENDAM,JUNEAU,59.195475,-135.3461433,157,159.0,15.0,0,9156515,PCHM
2008-06-26T06:05:08,245968000,VOLENDAM,JUNEAU,59.19580833,-135.3463933,0,0.0,0.0,0,9156515,PCHM
2008-06-26T06:05:04,245968000,VOLENDAM,JUNEAU,59.19580833,-135.3463933,157,159.5,15.2,0,9156515,PCHM
2008-06-26T06:04:57,245968000,VOLENDAM,JUNEAU,59.19619333,-135.346695,157,158.0,15.1,0,9156515,PCHM
2008-06-26T06:04:52,245968000,VOLENDAM,JUNEAU,59.19657833,-135.346995,157,158.3,14.9,0,9156515,PCHM
2008-06-26T06:04:46,245968000,VOLENDAM,JUNEAU,59.19696167,-135.34728,158,158.5,14.8,0,9156515,PCHM
2008-06-26T06:04:40,245968000,VOLENDAM,JUNEAU,59.19734667,-135.347565,158,160.4,14.6,0,9156515,PCHM
2008-06-26T06:04:34,245968000,VOLENDAM,JUNEAU,59.19774667,-135.3478483,158,159.5,14.7,0,9156515,PCHM
2008-06-26T06:04:28,245968000,VOLENDAM,JUNEAU,59.198115,-135.3481317,158,160.2,14.7,0,9156515,PCHM
2008-06-26T06:04:21,245968000,VOLENDAM,JUNEAU,59.198505,-135.3483883,158,159.8,14.6,0,9156515,PCHM
2008-06-26T06:04:15,245968000,VOLENDAM,JUNEAU,59.19889,-135.3486733,158,160.1,14.6,0,9156515,PCHM
2008-06-26T06:04:12,245968000,VOLENDAM,JUNEAU,59.19907167,-135.348805,158,159.7,14.8,0,9156515,PCHM
2008-06-26T06:04:09,245968000,VOLENDAM,JUNEAU,59.19925833,-135.34894,158,159.8,14.7,0,9156515,PCHM
2008-06-26T06:04:04,245968000,VOLENDAM,JUNEAU,59.19962667,-135.34921,158,159.7,14.4,0,9156515,PCHM
2008-06-26T06:04:03,245968000,VOLENDAM,JUNEAU,59.19962667,-135.34921,158,159.7,14.4,0,9156515,PCHM
2008-06-26T06:03:57,245968000,VOLENDAM,JUNEAU,59.20001167,-135.3494783,158,160.6,14.2,0,9156515,PCHM
2008-06-26T06:03:52,245968000,VOLENDAM,JUNEAU,59.20032833,-135.3496933,158,159.6,14.1,0,9156515,PCHM
2008-06-26T06:03:46,245968000,VOLENDAM,JUNEAU,59.20074667,-135.3499967,158,160.4,14.2,0,9156515,PCHM
2008-06-26T06:03:43,245968000,VOLENDAM,JUNEAU,59.20088,-135.3500783,158,159.3,14.3,0,9156515,PCHM
2008-06-26T06:03:40,245968000,VOLENDAM,JUNEAU,59.20113167,-135.3502617,158,159.7,14.1,0,9156515,PCHM
2008-06-26T06:03:34,245968000,VOLENDAM,JUNEAU,59.2015,-135.3505133,158,160.1,13.9,0,9156515,PCHM
2008-06-26T06:03:33,245968000,VOLENDAM,JUNEAU,59.20161667,-135.3505983,158,160.4,14.0,0,9156515,PCHM
2008-06-26T06:03:28,245968000,VOLENDAM,JUNEAU,59.20185167,-135.3507667,158,160.6,14.0,0,9156515,PCHM
2008-06-26T06:03:21,245968000,VOLENDAM,JUNEAU,59.20226833,-135.3510667,158,161.0,14.0,0,9156515,PCHM
2008-06-26T06:03:12,245968000,VOLENDAM,JUNEAU,59.20282167,-135.3514533,159,160.6,13.6,0,9156515,PCHM
2008-06-26T06:03:02,245968000,VOLENDAM,JUNEAU,59.20340667,-135.35187,158,160.1,13.6,0,9156515,PCHM
2008-06-26T06:02:52,245968000,VOLENDAM,JUNEAU,59.20399167,-135.35227,158,160.3,13.5,0,9156515,PCHM
2008-06-26T06:02:43,245968000,VOLENDAM,JUNEAU,59.20451,-135.3526383,158,160.3,13.2,0,9156515,PCHM
2008-06-26T06:02:32,245968000,VOLENDAM,JUNEAU,59.205145,-135.35309,158,160.2,13.1,0,9156515,PCHM
2008-06-26T06:02:22,245968000,VOLENDAM,JUNEAU,59.20569667,-135.353475,158,160.8,12.7,0,9156515,PCHM
2008-06-26T06:02:12,245968000,VOLENDAM,JUNEAU,59.20619833,-135.353825,158,160.2,12.5,0,9156515,PCHM
2008-06-26T06:02:02,245968000,VOLENDAM,JUNEAU,59.20675,-135.3541933,158,160.3,12.4,0,9156515,PCHM
2008-06-26T06:01:52,245968000,VOLENDAM,JUNEAU,59.20733667,-135.3546133,158,161.2,12.2,0,9156515,PCHM
2008-06-26T06:01:43,245968000,VOLENDAM,JUNEAU,59.207755,-135.3548967,158,160.3,12.2,0,9156515,PCHM
2008-06-26T06:01:32,245968000,VOLENDAM,JUNEAU,59.20837333,-135.3553317,158,160.8,11.8,0,9156515,PCHM
2008-06-26T06:01:21,245968000,VOLENDAM,JUNEAU,59.20889333,-135.3556683,158,161.2,11.6,0,9156515,PCHM
2008-06-26T06:01:12,245968000,VOLENDAM,JUNEAU,59.209395,-135.3560033,158,161.2,11.5,0,9156515,PCHM
2008-06-26T06:01:02,245968000,VOLENDAM,JUNEAU,59.20989667,-135.3563367,158,159.9,11.2,0,9156515,PCHM
2008-06-26T06:00:52,245968000,VOLENDAM,JUNEAU,59.2104,-135.3566883,158,159.8,11.1,0,9156515,PCHM
2008-06-26T06:00:43,245968000,VOLENDAM,JUNEAU,59.21083667,-135.3569917,158,160.8,10.9,0,9156515,PCHM
2008-06-26T06:00:32,245968000,VOLENDAM,JUNEAU,59.211355,-135.3573583,158,160.0,10.8,0,9156515,PCHM
2008-06-26T06:00:21,245968000,VOLENDAM,JUNEAU,59.21183833,-135.3576917,158,159.8,10.8,0,9156515,PCHM
2008-06-26T06:00:12,245968000,VOLENDAM,JUNEAU,59.212305,-135.3580417,158,159.6,10.8,0,9156515,PCHM
2008-06-26T06:00:02,245968000,VOLENDAM,JUNEAU,59.21277333,-135.3583767,159,158.9,10.7,0,9156515,PCHM
2008-06-26T05:59:52,245968000,VOLENDAM,JUNEAU,59.21322667,-135.3587283,159,159.4,10.8,0,9156515,PCHM
2008-06-26T05:59:43,245968000,VOLENDAM,JUNEAU,59.21361,-135.3589967,158,160.4,10.9,0,9156515,PCHM
2008-06-26T05:59:32,245968000,VOLENDAM,JUNEAU,59.21416333,-135.359415,158,157.9,10.8,0,9156515,PCHM
2008-06-26T05:59:22,245968000,VOLENDAM,JUNEAU,59.214615,-135.359765,159,158.2,10.8,0,9156515,PCHM
2008-06-26T05:59:12,245968000,VOLENDAM,JUNEAU,59.21503833,-135.3600967,159,156.7,10.6,0,9156515,PCHM
2008-06-26T05:59:09,245968000,VOLENDAM,JUNEAU,59.21549,-135.3604483,0,0.0,0.0,0,9156515,PCHM
2008-06-26T05:59:02,245968000,VOLENDAM,JUNEAU,59.21549,-135.3604483,159,157.3,10.6,0,9156515,PCHM
2008-06-26T05:58:52,245968000,VOLENDAM,JUNEAU,59.21599167,-135.3608467,159,157.0,10.8,0,9156515,PCHM
2008-06-26T05:58:43,245968000,VOLENDAM,JUNEAU,59.21639167,-135.361185,159,158.2,10.6,0,9156515,PCHM
2008-06-26T05:58:33,245968000,VOLENDAM,JUNEAU,59.216845,-135.3615517,159,155.8,10.4,0,9156515,PCHM
2008-06-26T05:58:22,245968000,VOLENDAM,JUNEAU,59.21739667,-135.3620033,158,156.5,10.5,0,9156515,PCHM
2008-06-26T05:58:12,245968000,VOLENDAM,JUNEAU,59.21779833,-135.3623533,157,154.9,10.5,0,9156515,PCHM
2008-06-26T05:58:02,245968000,VOLENDAM,JUNEAU,59.21823167,-135.3627367,156,154.2,10.6,0,9156515,PCHM
2008-06-26T05:57:52,245968000,VOLENDAM,JUNEAU,59.21868333,-135.363135,155,152.7,10.6,0,9156515,PCHM
2008-06-26T05:57:42,245968000,VOLENDAM,JUNEAU,59.21912,-135.363555,154,152.6,10.6,0,9156515,PCHM
2008-06-26T05:57:33,245968000,VOLENDAM,JUNEAU,59.219505,-135.363955,152,150.9,10.6,0,9156515,PCHM
2008-06-26T05:57:22,245968000,VOLENDAM,JUNEAU,59.21999,-135.364455,151,150.2,10.4,0,9156515,PCHM
2008-06-26T05:57:12,245968000,VOLENDAM,JUNEAU,59.22040833,-135.36492,151,148.2,10.5,0,9156515,PCHM
2008-06-26T05:57:02,245968000,VOLENDAM,JUNEAU,59.22080833,-135.3654033,151,148.4,10.3,0,9156515,PCHM
2008-06-26T05:56:52,245968000,VOLENDAM,JUNEAU,59.221225,-135.3659033,151,148.0,10.6,0,9156515,PCHM
2008-06-26T05:56:42,245968000,VOLENDAM,JUNEAU,59.22159333,-135.3663383,150,147.3,10.5,0,9156515,PCHM
2008-06-26T05:56:33,245968000,VOLENDAM,JUNEAU,59.22196167,-135.36679,149,146.2,10.5,0,9156515,PCHM
2008-06-26T05:56:22,245968000,VOLENDAM,JUNEAU,59.22244833,-135.3674083,147,145.0,10.4,0,9156515,PCHM
2008-06-26T05:56:12,245968000,VOLENDAM,JUNEAU,59.22285,-135.3679433,146,142.7,10.4,0,9156515,PCHM
2008-06-26T05:56:02,245968000,VOLENDAM,JUNEAU,59.22323333,-135.3684933,144,141.0,10.3,0,9156515,PCHM
2008-06-26T05:55:52,245968000,VOLENDAM,JUNEAU,59.22365333,-135.3691283,143,139.5,10.3,0,9156515,PCHM
2008-06-26T05:55:42,245968000,VOLENDAM,JUNEAU,59.22398833,-135.3696467,141,139.1,10.2,0,9156515,PCHM
2008-06-26T05:55:33,245968000,VOLENDAM,JUNEAU,59.22430667,-135.3701833,140,138.2,10.2,0,9156515,PCHM
2008-06-26T05:55:22,245968000,VOLENDAM,JUNEAU,59.22470667,-135.37085,139,137.8,10.3,0,9156515,PCHM
2008-06-26T05:55:12,245968000,VOLENDAM,JUNEAU,59.22505833,-135.3714667,138,136.1,10.3,0,9156515,PCHM
2008-06-26T05:55:02,245968000,VOLENDAM,JUNEAU,59.22539333,-135.3721017,136,134.3,10.3,0,9156515,PCHM
2008-06-26T05:54:52,245968000,VOLENDAM,JUNEAU,59.225745,-135.3727383,136,134.5,10.0,0,9156515,PCHM
2008-06-26T05:54:42,245968000,VOLENDAM,JUNEAU,59.22606333,-135.3733767,136,135.5,10.2,0,9156515,PCHM
2008-06-26T05:54:32,245968000,VOLENDAM,JUNEAU,59.22638333,-135.374015,135,133.9,10.1,0,9156515,PCHM
2008-06-26T05:54:22,245968000,VOLENDAM,JUNEAU,59.2267,-135.3746483,135,133.4,9.7,0,9156515,PCHM
2008-06-26T05:54:12,245968000,VOLENDAM,JUNEAU,59.22698167,-135.375215,134,132.8,9.8,0,9156515,PCHM
2008-06-26T05:54:02,245968000,VOLENDAM,JUNEAU,59.22730333,-135.3758383,133,132.1,9.6,0,9156515,PCHM
2008-06-26T05:53:52,245968000,VOLENDAM,JUNEAU,59.22763833,-135.37654,132,132.0,9.4,0,9156515,PCHM
2008-06-26T05:53:42,245968000,VOLENDAM,JUNEAU,59.22792333,-135.37716,132,132.9,9.3,0,9156515,PCHM
2008-06-26T05:53:32,245968000,VOLENDAM,JUNEAU,59.228225,-135.37778,132,132.3,9.3,0,9156515,PCHM
2008-06-26T05:53:22,245968000,VOLENDAM,JUNEAU,59.22851,-135.3783833,132,132.6,9.1,0,9156515,PCHM
2008-06-26T05:53:12,245968000,VOLENDAM,JUNEAU,59.228795,-135.3789867,132,132.4,9.1,0,9156515,PCHM
2008-06-26T05:53:09,245968000,VOLENDAM,JUNEAU,59.22906333,-135.3795733,0,0.0,0.0,0,9156515,PCHM
2008-06-26T05:53:02,245968000,VOLENDAM,JUNEAU,59.22906333,-135.3795733,132,132.4,8.7,0,9156515,PCHM
2008-06-26T05:52:52,245968000,VOLENDAM,JUNEAU,59.22934667,-135.3801417,132,132.7,8.7,0,9156515,PCHM
2008-06-26T05:52:43,245968000,VOLENDAM,JUNEAU,59.22958167,-135.3806617,132,132.9,8.4,0,9156515,PCHM
2008-06-26T05:52:32,245968000,VOLENDAM,JUNEAU,59.22986667,-135.381265,132,132.5,8.3,0,9156515,PCHM
2008-06-26T05:52:22,245968000,VOLENDAM,JUNEAU,59.23013333,-135.3818,132,133.5,8.0,0,9156515,PCHM
2008-06-26T05:52:12,245968000,VOLENDAM,JUNEAU,59.23036833,-135.3822683,131,133.6,7.7,0,9156515,PCHM
2008-06-26T05:52:02,245968000,VOLENDAM,JUNEAU,59.230635,-135.3828367,131,133.0,7.6,0,9156515,PCHM
2008-06-26T05:51:52,245968000,VOLENDAM,JUNEAU,59.23087,-135.3833233,131,132.9,7.5,0,9156515,PCHM
2008-06-26T05:51:43,245968000,VOLENDAM,JUNEAU,59.23108833,-135.3837583,130,132.1,7.2,0,9156515,PCHM
2008-06-26T05:51:32,245968000,VOLENDAM,JUNEAU,59.23134,-135.3842967,130,133.4,7.2,0,9156515,PCHM
2008-06-26T05:51:22,245968000,VOLENDAM,JUNEAU,59.23154167,-135.384715,130,133.1,7.0,0,9156515,PCHM
2008-06-26T05:51:12,245968000,VOLENDAM,JUNEAU,59.231775,-135.3852167,130,132.2,6.8,0,9156515,PCHM
2008-06-26T05:51:02,245968000,VOLENDAM,JUNEAU,59.23199333,-135.3856667,130,132.6,6.6,0,9156515,PCHM
2008-06-26T05:50:53,245968000,VOLENDAM,JUNEAU,59.23217667,-135.3860683,130,132.1,6.4,0,9156515,PCHM
2008-06-26T05:50:43,245968000,VOLENDAM,JUNEAU,59.23237833,-135.386505,130,133.9,6.3,0,9156515,PCHM
2008-06-26T05:50:32,245968000,VOLENDAM,JUNEAU,59.23259667,-135.3869583,130,133.3,6.2,0,9156515,PCHM
2008-06-26T05:50:22,245968000,VOLENDAM,JUNEAU,59.23279667,-135.3873583,130,134.7,6.1,0,9156515,PCHM
2008-06-26T05:50:12,245968000,VOLENDAM,JUNEAU,59.23299667,-135.387745,130,135.6,5.9,0,9156515,PCHM
2008-06-26T05:50:02,245968000,VOLENDAM,JUNEAU,59.23318167,-135.3881283,130,134.0,5.8,0,9156515,PCHM
2008-06-26T05:49:53,245968000,VOLENDAM,JUNEAU,59.23334833,-135.3884617,130,134.1,5.7,0,9156515,PCHM
2008-06-26T05:49:43,245968000,VOLENDAM,JUNEAU,59.23353167,-135.38883,130,134.1,5.7,0,9156515,PCHM
2008-06-26T05:49:32,245968000,VOLENDAM,JUNEAU,59.23373333,-135.3892317,129,134.7,5.6,0,9156515,PCHM
2008-06-26T05:49:23,245968000,VOLENDAM,JUNEAU,59.23389833,-135.38955,129,136.0,5.4,0,9156515,PCHM
2008-06-26T05:49:13,245968000,VOLENDAM,JUNEAU,59.23405,-135.38985,129,134.6,5.2,0,9156515,PCHM
2008-06-26T05:49:01,245968000,VOLENDAM,JUNEAU,59.23425167,-135.3902517,130,135.9,5.1,0,9156515,PCHM
2008-06-26T05:48:53,245968000,VOLENDAM,JUNEAU,59.234385,-135.39052,130,135.6,5.0,0,9156515,PCHM
2008-06-26T05:48:43,245968000,VOLENDAM,JUNEAU,59.234585,-135.3909217,130,135.0,4.9,0,9156515,PCHM
2008-06-26T05:48:32,245968000,VOLENDAM,JUNEAU,59.23473667,-135.3912417,130,135.7,4.8,0,9156515,PCHM
2008-06-26T05:48:23,245968000,VOLENDAM,JUNEAU,59.23488833,-135.3915083,130,134.5,4.8,0,9156515,PCHM
2008-06-26T05:48:13,245968000,VOLENDAM,JUNEAU,59.23503833,-135.3918117,130,135.4,4.7,0,9156515,PCHM
2008-06-26T05:48:02,245968000,VOLENDAM,JUNEAU,59.23524,-135.39218,130,133.8,4.6,0,9156515,PCHM
2008-06-26T05:47:53,245968000,VOLENDAM,JUNEAU,59.23535667,-135.392415,130,133.3,4.6,0,9156515,PCHM
2008-06-26T05:47:43,245968000,VOLENDAM,JUNEAU,59.23550833,-135.392715,130,132.7,4.6,0,9156515,PCHM
2008-06-26T05:47:32,245968000,VOLENDAM,JUNEAU,59.235675,-135.3930333,129,133.0,4.5,0,9156515,PCHM
2008-06-26T05:47:23,245968000,VOLENDAM,JUNEAU,59.23580833,-135.393285,128,133.9,4.5,0,9156515,PCHM
2008-06-26T05:47:13,245968000,VOLENDAM,JUNEAU,59.23596,-135.39357,127,132.1,4.6,0,9156515,PCHM
2008-06-26T05:47:09,245968000,VOLENDAM,JUNEAU,59.23611,-135.3939033,0,0.0,0.0,0,9156515,PCHM
2008-06-26T05:47:01,245968000,VOLENDAM,JUNEAU,59.23611,-135.3939033,125,131.7,4.5,0,9156515,PCHM
2008-06-26T05:46:53,245968000,VOLENDAM,JUNEAU,59.23622833,-135.3941367,124,127.5,4.4,0,9156515,PCHM
2008-06-26T05:46:43,245968000,VOLENDAM,JUNEAU,59.23637833,-135.3944367,122,125.7,4.4,0,9156515,PCHM
2008-06-26T05:46:32,245968000,VOLENDAM,JUNEAU,59.23652833,-135.394805,120,126.0,4.5,0,9156515,PCHM
2008-06-26T05:46:23,245968000,VOLENDAM,JUNEAU,59.23664667,-135.395105,119,126.0,4.6,0,9156515,PCHM
2008-06-26T05:46:13,245968000,VOLENDAM,JUNEAU,59.23676333,-135.3954233,119,124.9,4.5,0,9156515,PCHM
2008-06-26T05:46:01,245968000,VOLENDAM,JUNEAU,59.23691333,-135.395825,118,122.6,4.5,0,9156515,PCHM
2008-06-26T05:45:53,245968000,VOLENDAM,JUNEAU,59.23701333,-135.3960917,116,120.5,4.4,0,9156515,PCHM
2008-06-26T05:45:43,245968000,VOLENDAM,JUNEAU,59.23713167,-135.3964433,115,119.0,4.5,0,9156515,PCHM
2008-06-26T05:45:32,245968000,VOLENDAM,JUNEAU,59.23724833,-135.39681,113,118.3,4.5,0,9156515,PCHM
2008-06-26T05:45:23,245968000,VOLENDAM,JUNEAU,59.23734833,-135.3971283,112,117.1,4.5,0,9156515,PCHM
2008-06-26T05:45:13,245968000,VOLENDAM,JUNEAU,59.237465,-135.39748,110,114.7,4.5,0,9156515,PCHM
2008-06-26T05:45:01,245968000,VOLENDAM,JUNEAU,59.23756667,-135.3978817,108,114.2,4.6,0,9156515,PCHM
2008-06-26T05:44:43,245968000,VOLENDAM,JUNEAU,59.237725,-135.398545,105,110.8,4.6,0,9156515,PCHM
2008-06-26T05:44:32,245968000,VOLENDAM,JUNEAU,59.23782667,-135.3990133,103,105.6,4.5,0,9156515,PCHM
2008-06-26T05:44:22,245968000,VOLENDAM,JUNEAU,59.23791,-135.399395,101,107.7,4.6,0,9156515,PCHM
2008-06-26T05:44:13,245968000,VOLENDAM,JUNEAU,59.23796,-135.3997117,100,107.1,4.8,0,9156515,PCHM
2008-06-26T05:44:01,245968000,VOLENDAM,JUNEAU,59.238045,-135.400195,98,102.4,4.7,0,9156515,PCHM
2008-06-26T05:43:53,245968000,VOLENDAM,JUNEAU,59.23807833,-135.4005133,98,102.3,4.8,0,9156515,PCHM
2008-06-26T05:43:43,245968000,VOLENDAM,JUNEAU,59.238145,-135.4009633,97,102.1,4.6,0,9156515,PCHM
2008-06-26T05:43:32,245968000,VOLENDAM,JUNEAU,59.238195,-135.4014133,95,100.8,4.8,0,9156515,PCHM
2008-06-26T05:43:21,245968000,VOLENDAM,JUNEAU,59.23824667,-135.401865,93,98.7,4.7,0,9156515,PCHM
2008-06-26T05:43:13,245968000,VOLENDAM,JUNEAU,59.23828,-135.4022,92,97.3,4.5,0,9156515,PCHM
2008-06-26T05:43:01,245968000,VOLENDAM,JUNEAU,59.23833,-135.4026967,90,95.3,4.8,0,9156515,PCHM
2008-06-26T05:42:53,245968000,VOLENDAM,JUNEAU,59.23834833,-135.4030483,89,90.3,4.6,0,9156515,PCHM
2008-06-26T05:42:43,245968000,VOLENDAM,JUNEAU,59.23838167,-135.403465,87,91.9,4.8,0,9156515,PCHM
2008-06-26T05:42:32,245968000,VOLENDAM,JUNEAU,59.23839833,-135.40395,85,90.5,4.7,0,9156515,PCHM
2008-06-26T05:42:21,245968000,VOLENDAM,JUNEAU,59.2384,-135.404365,84,87.8,4.9,0,9156515,PCHM
2008-06-26T05:42:13,245968000,VOLENDAM,JUNEAU,59.2384,-135.4047167,82,88.0,4.8,0,9156515,PCHM
2008-06-26T05:42:01,245968000,VOLENDAM,JUNEAU,59.2384,-135.4052517,81,85.8,4.7,0,9156515,PCHM
2008-06-26T05:41:53,245968000,VOLENDAM,JUNEAU,59.23840167,-135.4056367,79,83.1,4.8,0,9156515,PCHM
2008-06-26T05:41:43,245968000,VOLENDAM,JUNEAU,59.238385,-135.4060367,78,80.7,4.9,0,9156515,PCHM
2008-06-26T05:41:33,245968000,VOLENDAM,JUNEAU,59.23836833,-135.406455,76,81.1,4.9,0,9156515,PCHM
2008-06-26T05:41:21,245968000,VOLENDAM,JUNEAU,59.238335,-135.40699,74,79.1,4.9,0,9156515,PCHM
2008-06-26T05:41:13,245968000,VOLENDAM,JUNEAU,59.23830333,-135.407375,73,77.2,5.0,0,9156515,PCHM
2008-06-26T05:41:09,245968000,VOLENDAM,JUNEAU,59.23825333,-135.4078267,0,0.0,0.0,0,9156515,PCHM
2008-06-26T05:41:03,245968000,VOLENDAM,JUNEAU,59.23825333,-135.4078267,71,74.7,4.9,0,9156515,PCHM
2008-06-26T05:40:53,245968000,VOLENDAM,JUNEAU,59.23820333,-135.4082583,70,75.2,5.0,0,9156515,PCHM
2008-06-26T05:40:42,245968000,VOLENDAM,JUNEAU,59.23813667,-135.4087433,69,72.6,5.0,0,9156515,PCHM
2008-06-26T05:40:33,245968000,VOLENDAM,JUNEAU,59.23808667,-135.4091283,68,72.5,5.0,0,9156515,PCHM
2008-06-26T05:40:21,245968000,VOLENDAM,JUNEAU,59.23800333,-135.4096617,68,70.3,5.0,0,9156515,PCHM
2008-06-26T05:40:13,245968000,VOLENDAM,JUNEAU,59.23795333,-135.4100133,67,71.4,5.1,0,9156515,PCHM
2008-06-26T05:40:03,245968000,VOLENDAM,JUNEAU,59.23788667,-135.4104483,66,72.3,5.1,0,9156515,PCHM
2008-06-26T05:39:52,245968000,VOLENDAM,JUNEAU,59.23778667,-135.4109333,65,67.4,5.2,0,9156515,PCHM
2008-06-26T05:39:42,245968000,VOLENDAM,JUNEAU,59.23770333,-135.4113667,65,69.6,5.3,0,9156515,PCHM
2008-06-26T05:39:33,245968000,VOLENDAM,JUNEAU,59.23763667,-135.4117033,65,66.8,5.2,0,9156515,PCHM
2008-06-26T05:39:22,245968000,VOLENDAM,JUNEAU,59.23751833,-135.4122217,65,68.9,5.3,0,9156515,PCHM
2008-06-26T05:39:13,245968000,VOLENDAM,JUNEAU,59.23745167,-135.4125733,65,66.9,5.3,0,9156515,PCHM
2008-06-26T05:39:03,245968000,VOLENDAM,JUNEAU,59.23735167,-135.4130267,65,67.8,5.1,0,9156515,PCHM
2008-06-26T05:38:52,245968000,VOLENDAM,JUNEAU,59.23726833,-135.4134933,64,67.0,5.4,0,9156515,PCHM
2008-06-26T05:38:42,245968000,VOLENDAM,JUNEAU,59.23716667,-135.4139967,63,65.6,5.4,0,9156515,PCHM
2008-06-26T05:38:33,245968000,VOLENDAM,JUNEAU,59.23708333,-135.4143983,62,65.6,5.5,0,9156515,PCHM
2008-06-26T05:38:21,245968000,VOLENDAM,JUNEAU,59.23696667,-135.4149483,60,62.8,5.6,0,9156515,PCHM
2008-06-26T05:38:13,245968000,VOLENDAM,JUNEAU,59.23686667,-135.415315,60,64.3,5.6,0,9156515,PCHM
2008-06-26T05:38:03,245968000,VOLENDAM,JUNEAU,59.23676167,-135.4157567,60,61.4,5.7,0,9156515,PCHM
2008-06-26T05:37:52,245968000,VOLENDAM,JUNEAU,59.23662833,-135.416255,60,64.4,5.6,0,9156515,PCHM
2008-06-26T05:37:42,245968000,VOLENDAM,JUNEAU,59.23651167,-135.416705,60,61.3,5.8,0,9156515,PCHM
2008-06-26T05:37:33,245968000,VOLENDAM,JUNEAU,59.236395,-135.4171233,60,63.9,5.8,0,9156515,PCHM
2008-06-26T05:37:23,245968000,VOLENDAM,JUNEAU,59.23627833,-135.41759,60,63.4,5.8,0,9156515,PCHM
2008-06-26T05:37:13,245968000,VOLENDAM,JUNEAU,59.23616167,-135.4180583,60,62.2,5.9,0,9156515,PCHM
2008-06-26T05:37:02,245968000,VOLENDAM,JUNEAU,59.23602833,-135.418575,60,61.0,5.9,0,9156515,PCHM
2008-06-26T05:36:52,245968000,VOLENDAM,JUNEAU,59.23591167,-135.4189933,60,61.9,5.9,0,9156515,PCHM
2008-06-26T05:36:42,245968000,VOLENDAM,JUNEAU,59.23579333,-135.41948,60,63.1,5.9,0,9156515,PCHM
2008-06-26T05:36:33,245968000,VOLENDAM,JUNEAU,59.23567667,-135.4198967,60,62.6,6.1,0,9156515,PCHM
2008-06-26T05:36:23,245968000,VOLENDAM,JUNEAU,59.23552667,-135.42043,60,63.1,6.2,0,9156515,PCHM
2008-06-26T05:36:13,245968000,VOLENDAM,JUNEAU,59.23539333,-135.4209833,60,61.8,6.3,0,9156515,PCHM
2008-06-26T05:36:02,245968000,VOLENDAM,JUNEAU,59.23525833,-135.421485,60,65.3,6.3,0,9156515,PCHM
2008-06-26T05:35:52,245968000,VOLENDAM,JUNEAU,59.235125,-135.4219867,60,59.8,6.4,0,9156515,PCHM
2008-06-26T05:35:42,245968000,VOLENDAM,JUNEAU,59.23499,-135.4224883,61,65.4,6.3,0,9156515,PCHM
2008-06-26T05:35:33,245968000,VOLENDAM,JUNEAU,59.23485833,-135.422955,62,62.5,6.6,0,9156515,PCHM
2008-06-26T05:35:23,245968000,VOLENDAM,JUNEAU,59.23470667,-135.4234733,63,64.3,6.5,0,9156515,PCHM
2008-06-26T05:35:13,245968000,VOLENDAM,JUNEAU,59.23457333,-135.4240067,64,64.2,6.6,0,9156515,PCHM
2008-06-26T05:35:10,245968000,VOLENDAM,JUNEAU,59.23442167,-135.4245933,0,0.0,0.0,0,9156515,PCHM
2008-06-26T05:35:02,245968000,VOLENDAM,JUNEAU,59.23442167,-135.4245933,65,66.8,6.6,0,9156515,PCHM
2008-06-26T05:34:52,245968000,VOLENDAM,JUNEAU,59.234305,-135.42513,66,64.1,6.6,0,9156515,PCHM
2008-06-26T05:34:42,245968000,VOLENDAM,JUNEAU,59.234155,-135.425665,67,65.3,6.8,0,9156515,PCHM
2008-06-26T05:34:33,245968000,VOLENDAM,JUNEAU,59.23405333,-135.4261167,67,64.8,6.7,0,9156515,PCHM
2008-06-26T05:34:23,245968000,VOLENDAM,JUNEAU,59.23392,-135.4267,66,63.5,6.5,0,9156515,PCHM
2008-06-26T05:34:13,245968000,VOLENDAM,JUNEAU,59.23378667,-135.427235,64,62.5,6.4,0,9156515,PCHM
2008-06-26T05:34:02,245968000,VOLENDAM,JUNEAU,59.23367,-135.427755,62,59.5,6.1,0,9156515,PCHM
2008-06-26T05:33:52,245968000,VOLENDAM,JUNEAU,59.23353667,-135.42824,60,57.1,5.9,0,9156515,PCHM
2008-06-26T05:33:42,245968000,VOLENDAM,JUNEAU,59.233385,-135.4287583,58,56.6,5.8,0,9156515,PCHM
2008-06-26T05:33:33,245968000,VOLENDAM,JUNEAU,59.23326833,-135.4291417,56,54.7,5.5,0,9156515,PCHM
2008-06-26T05:33:23,245968000,VOLENDAM,JUNEAU,59.233135,-135.429545,55,52.9,5.4,0,9156515,PCHM
2008-06-26T05:33:13,245968000,VOLENDAM,JUNEAU,59.23300167,-135.4299283,53,50.8,5.0,0,9156515,PCHM
2008-06-26T05:33:02,245968000,VOLENDAM,JUNEAU,59.23285167,-135.43033,51,49.0,4.8,0,9156515,PCHM
2008-06-26T05:32:52,245968000,VOLENDAM,JUNEAU,59.23271833,-135.4306633,49,44.9,4.6,0,9156515,PCHM
2008-06-26T05:32:42,245968000,VOLENDAM,JUNEAU,59.23258333,-135.4309817,47,47.0,4.3,0,9156515,PCHM
2008-06-26T05:32:33,245968000,VOLENDAM,JUNEAU,59.23246667,-135.4312483,45,45.7,4.1,0,9156515,PCHM
2008-06-26T05:32:26,245968000,VOLENDAM,JUNEAU,59.23237833,-135.43144,43,42.7,4.0,0,9156515,PCHM
2008-06-26T05:32:23,245968000,VOLENDAM,JUNEAU,59.232345,-135.4315233,43,41.3,4.0,0,9156515,PCHM
2008-06-26T05:32:19,245968000,VOLENDAM,JUNEAU,59.23229333,-135.431625,42,44.2,3.7,0,9156515,PCHM
2008-06-26T05:32:16,245968000,VOLENDAM,JUNEAU,59.23226,-135.4317083,41,44.0,3.7,0,9156515,PCHM
2008-06-26T05:32:13,245968000,VOLENDAM,JUNEAU,59.23222667,-135.4317783,40,39.3,3.5,0,9156515,PCHM
2008-06-26T05:32:09,245968000,VOLENDAM,JUNEAU,59.23217667,-135.4318783,39,39.5,3.4,0,9156515,PCHM
2008-06-26T05:32:06,245968000,VOLENDAM,JUNEAU,59.23214333,-135.431945,39,38.8,3.5,0,9156515,PCHM
2008-06-26T05:32:02,245968000,VOLENDAM,JUNEAU,59.23210833,-135.4320467,37,39.7,3.3,0,9156515,PCHM
2008-06-26T05:31:59,245968000,VOLENDAM,JUNEAU,59.232075,-135.43208,37,38.8,3.3,0,9156515,PCHM
2008-06-26T05:31:56,245968000,VOLENDAM,JUNEAU,59.23204167,-135.43218,36,38.7,3.2,0,9156515,PCHM
2008-06-26T05:31:52,245968000,VOLENDAM,JUNEAU,59.23200833,-135.4322317,34,36.6,3.2,0,9156515,PCHM
2008-06-26T05:31:49,245968000,VOLENDAM,JUNEAU,59.231975,-135.4323167,33,35.7,3.0,0,9156515,PCHM
2008-06-26T05:31:46,245968000,VOLENDAM,JUNEAU,59.23194167,-135.4323833,32,33.1,2.9,0,9156515,PCHM
2008-06-26T05:31:42,245968000,VOLENDAM,JUNEAU,59.23190833,-135.4324517,31,34.2,2.9,0,9156515,PCHM
2008-06-26T05:31:39,245968000,VOLENDAM,JUNEAU,59.231875,-135.4325017,29,34.8,2.9,0,9156515,PCHM
2008-06-26T05:31:36,245968000,VOLENDAM,JUNEAU,59.23184167,-135.43257,29,32.0,2.7,0,9156515,PCHM
2008-06-26T05:31:33,245968000,VOLENDAM,JUNEAU,59.23180667,-135.4326367,27,31.7,2.6,0,9156515,PCHM
2008-06-26T05:31:29,245968000,VOLENDAM,JUNEAU,59.23177333,-135.432705,26,29.1,2.6,0,9156515,PCHM
2008-06-26T05:31:25,245968000,VOLENDAM,JUNEAU,59.23175667,-135.432755,25,32.1,2.5,0,9156515,PCHM
2008-06-26T05:31:23,245968000,VOLENDAM,JUNEAU,59.23174,-135.4327717,24,30.7,2.4,0,9156515,PCHM
2008-06-26T05:31:19,245968000,VOLENDAM,JUNEAU,59.23168833,-135.4328567,23,31.0,2.4,0,9156515,PCHM
2008-06-26T05:31:16,245968000,VOLENDAM,JUNEAU,59.23167167,-135.4329067,22,31.5,2.2,0,9156515,PCHM
2008-06-26T05:31:13,245968000,VOLENDAM,JUNEAU,59.23163833,-135.432975,21,27.4,2.1,0,9156515,PCHM
2008-06-26T05:31:09,245968000,VOLENDAM,JUNEAU,59.231605,-135.4330233,20,31.0,2.0,0,9156515,PCHM
2008-06-26T05:31:06,245968000,VOLENDAM,JUNEAU,59.23157167,-135.433075,19,30.5,2.0,0,9156515,PCHM
2008-06-26T05:31:02,245968000,VOLENDAM,JUNEAU,59.23155333,-135.4331083,17,32.2,1.8,0,9156515,PCHM
2008-06-26T05:30:59,245968000,VOLENDAM,JUNEAU,59.23153667,-135.4331433,17,28.2,1.9,0,9156515,PCHM
2008-06-26T05:30:52,245968000,VOLENDAM,JUNEAU,59.23148667,-135.4332433,15,35.7,1.6,0,9156515,PCHM
2008-06-26T05:30:42,245968000,VOLENDAM,JUNEAU,59.23143667,-135.4333767,11,33.9,1.5,0,9156515,PCHM
2008-06-26T05:30:33,245968000,VOLENDAM,JUNEAU,59.231385,-135.4334783,8,35.1,1.4,0,9156515,PCHM
2008-06-26T05:30:23,245968000,VOLENDAM,JUNEAU,59.231335,-135.433595,5,32.6,1.3,0,9156515,PCHM
2008-06-26T05:30:13,245968000,VOLENDAM,JUNEAU,59.231285,-135.4336967,2,32.4,1.1,0,9156515,PCHM
2008-06-26T05:30:03,245968000,VOLENDAM,JUNEAU,59.231235,-135.4337967,359,37.5,1.1,0,9156515,PCHM
2008-06-26T05:29:52,245968000,VOLENDAM,JUNEAU,59.23120167,-135.433915,356,32.8,1.0,0,9156515,PCHM
2008-06-26T05:29:42,245968000,VOLENDAM,JUNEAU,59.23116667,-135.434015,353,44.9,0.7,0,9156515,PCHM
2008-06-26T05:29:33,245968000,VOLENDAM,JUNEAU,59.23113333,-135.4340983,351,43.0,0.8,0,9156515,PCHM
2008-06-26T05:29:23,245968000,VOLENDAM,JUNEAU,59.2311,-135.4341817,349,39.4,0.9,0,9156515,PCHM
2008-06-26T05:29:13,245968000,VOLENDAM,JUNEAU,59.23106667,-135.434265,347,47.9,0.8,0,9156515,PCHM
2008-06-26T05:29:10,245968000,VOLENDAM,JUNEAU,59.23103333,-135.4343317,0,0.0,0.0,0,9156515,PCHM
2008-06-26T05:29:03,245968000,VOLENDAM,JUNEAU,59.23103333,-135.4343317,344,45.6,0.7,0,9156515,PCHM
2008-06-26T05:28:52,245968000,VOLENDAM,JUNEAU,59.23101667,-135.434415,342,36.4,0.6,0,9156515,PCHM
2008-06-26T05:28:42,245968000,VOLENDAM,JUNEAU,59.23098333,-135.4344817,341,50.1,0.6,0,9156515,PCHM
2008-06-26T05:28:33,245968000,VOLENDAM,JUNEAU,59.23095,-135.43455,339,45.8,0.6,0,9156515,PCHM
2008-06-26T05:28:22,245968000,VOLENDAM,JUNEAU,59.23091667,-135.4346167,338,44.0,0.5,0,9156515,PCHM
2008-06-26T05:28:13,245968000,VOLENDAM,JUNEAU,59.2309,-135.4346667,337,45.7,0.8,0,9156515,PCHM
2008-06-26T05:28:03,245968000,VOLENDAM,JUNEAU,59.23086667,-135.4347167,336,37.5,0.6,0,9156515,PCHM
2008-06-26T05:27:52,245968000,VOLENDAM,JUNEAU,59.23083333,-135.4347667,335,35.8,0.8,0,9156515,PCHM
2008-06-26T05:27:42,245968000,VOLENDAM,JUNEAU,59.23081833,-135.4348133,335,34.2,0.4,0,9156515,PCHM
2008-06-26T05:27:33,245968000,VOLENDAM,JUNEAU,59.23078667,-135.4348617,334,40.1,0.6,0,9156515,PCHM
2008-06-26T05:27:22,245968000,VOLENDAM,JUNEAU,59.23075167,-135.4349117,334,47.6,0.5,0,9156515,PCHM
2008-06-26T05:27:13,245968000,VOLENDAM,JUNEAU,59.230735,-135.4349467,333,38.1,0.6,0,9156515,PCHM
2008-06-26T05:27:03,245968000,VOLENDAM,JUNEAU,59.23070167,-135.4349967,332,41.4,0.6,0,9156515,PCHM
2008-06-26T05:26:52,245968000,VOLENDAM,JUNEAU,59.230685,-135.4350467,331,32.1,0.6,0,9156515,PCHM
2008-06-26T05:26:42,245968000,VOLENDAM,JUNEAU,59.23065167,-135.435095,331,42.7,0.6,0,9156515,PCHM
2008-06-26T05:26:33,245968000,VOLENDAM,JUNEAU,59.23061833,-135.4351467,330,34.0,0.8,0,9156515,PCHM
2008-06-26T05:26:22,245968000,VOLENDAM,JUNEAU,59.230585,-135.435195,329,43.2,0.7,0,9156515,PCHM
2008-06-26T05:26:12,245968000,VOLENDAM,JUNEAU,59.23055333,-135.4352633,328,22.0,0.7,0,9156515,PCHM
2008-06-26T05:26:03,245968000,VOLENDAM,JUNEAU,59.23053667,-135.435295,326,35.8,0.8,0,9156515,PCHM
2008-06-26T05:25:52,245968000,VOLENDAM,JUNEAU,59.23050167,-135.4353633,325,35.1,0.7,0,9156515,PCHM
2008-06-26T05:25:42,245968000,VOLENDAM,JUNEAU,59.23046833,-135.4354133,323,37.9,0.8,0,9156515,PCHM
2008-06-26T05:25:33,245968000,VOLENDAM,JUNEAU,59.230435,-135.4354633,321,34.5,0.8,0,9156515,PCHM
2008-06-26T05:25:22,245968000,VOLENDAM,JUNEAU,59.23040167,-135.43553,320,36.6,0.6,0,9156515,PCHM
2008-06-26T05:25:12,245968000,VOLENDAM,JUNEAU,59.23036833,-135.4355817,318,31.6,0.4,0,9156515,PCHM
2008-06-26T05:25:02,245968000,VOLENDAM,JUNEAU,59.230335,-135.435615,317,35.8,0.7,0,9156515,PCHM
2008-06-26T05:24:52,245968000,VOLENDAM,JUNEAU,59.23030167,-135.435665,316,33.2,0.7,0,9156515,PCHM
2008-06-26T05:24:42,245968000,VOLENDAM,JUNEAU,59.230285,-135.4356983,315,34.7,0.8,0,9156515,PCHM
2008-06-26T05:24:33,245968000,VOLENDAM,JUNEAU,59.23025167,-135.4357317,315,39.9,0.7,0,9156515,PCHM
2008-06-26T05:24:23,245968000,VOLENDAM,JUNEAU,59.23023333,-135.4357667,315,34.7,0.4,0,9156515,PCHM
2008-06-26T05:24:12,245968000,VOLENDAM,JUNEAU,59.23021667,-135.4358,315,24.2,0.5,0,9156515,PCHM
2008-06-26T05:24:01,245968000,VOLENDAM,JUNEAU,59.2302,-135.4358167,315,34.0,0.4,0,9156515,PCHM
2008-06-26T05:23:51,245968000,VOLENDAM,JUNEAU,59.23016667,-135.4358333,315,31.3,0.4,0,9156515,PCHM
2008-06-26T05:23:42,245968000,VOLENDAM,JUNEAU,59.23015,-135.43585,315,24.1,0.4,0,9156515,PCHM
2008-06-26T05:23:33,245968000,VOLENDAM,JUNEAU,59.23013333,-135.4358833,315,32.4,0.5,0,9156515,PCHM
2008-06-26T05:23:23,245968000,VOLENDAM,JUNEAU,59.23011667,-135.4359,314,10.8,0.5,0,9156515,PCHM
2008-06-26T05:23:12,245968000,VOLENDAM,JUNEAU,59.23008333,-135.4359333,313,8.3,0.3,0,9156515,PCHM
2008-06-26T05:23:06,245968000,VOLENDAM,JUNEAU,59.23006667,-135.4359667,0,0.0,0.0,0,9156515,PCHM
2008-06-26T05:23:01,245968000,VOLENDAM,JUNEAU,59.23006667,-135.4359667,312,9.1,0.4,0,9156515,PCHM
2008-06-26T05:22:52,245968000,VOLENDAM,JUNEAU,59.23003333,-135.436,310,28.5,0.5,0,9156515,PCHM
2008-06-26T05:22:42,245968000,VOLENDAM,JUNEAU,59.23001833,-135.4360317,309,12.8,0.4,0,9156515,PCHM
2008-06-26T05:22:33,245968000,VOLENDAM,JUNEAU,59.229985,-135.436065,308,37.6,0.3,0,9156515,PCHM
2008-06-26T05:22:23,245968000,VOLENDAM,JUNEAU,59.22996833,-135.4360817,307,20.5,0.3,0,9156515,PCHM
2008-06-26T05:22:12,245968000,VOLENDAM,JUNEAU,59.22995167,-135.4361,306,8.5,0.2,0,9156515,PCHM
2008-06-26T05:22:01,245968000,VOLENDAM,JUNEAU,59.22993333,-135.4361333,305,14.9,0.1,0,9156515,PCHM
2008-06-26T05:21:51,245968000,VOLENDAM,JUNEAU,59.22991667,-135.4361333,305,24.9,0.1,0,9156515,PCHM
2008-06-26T05:21:42,245968000,VOLENDAM,JUNEAU,59.22991667,-135.4361333,305,345.8,0.1,0,9156515,PCHM
2008-06-26T05:21:33,245968000,VOLENDAM,JUNEAU,59.2299,-135.43615,304,355.7,0.1,0,9156515,PCHM
2008-06-26T05:21:23,245968000,VOLENDAM,JUNEAU,59.2299,-135.4361333,305,32.7,0.0,0,9156515,PCHM
2008-06-26T05:21:12,245968000,VOLENDAM,JUNEAU,59.2299,-135.436135,305,237.1,0.2,0,9156515,PCHM
2008-06-26T05:21:02,245968000,VOLENDAM,JUNEAU,59.2299,-135.4361167,305,291.1,0.1,0,9156515,PCHM
2008-06-26T05:20:52,245968000,VOLENDAM,JUNEAU,59.2299,-135.4361167,305,347.9,0.1,0,9156515,PCHM
2008-06-26T05:20:43,245968000,VOLENDAM,JUNEAU,59.2299,-135.4361183,305,302.4,0.2,0,9156515,PCHM
2008-06-26T05:20:33,245968000,VOLENDAM,JUNEAU,59.2299,-135.4361017,306,266.4,0.2,0,9156515,PCHM
2008-06-26T05:20:23,245968000,VOLENDAM,JUNEAU,59.2299,-135.4361,306,281.0,0.0,0,9156515,PCHM
2008-06-26T05:20:12,245968000,VOLENDAM,JUNEAU,59.2299,-135.436085,306,263.0,0.3,0,9156515,PCHM
2008-06-26T05:20:01,245968000,VOLENDAM,JUNEAU,59.2299,-135.4360833,306,311.6,0.1,0,9156515,PCHM
2008-06-26T05:19:51,245968000,VOLENDAM,JUNEAU,59.2299,-135.4360667,306,234.1,0.1,0,9156515,PCHM
2008-06-26T05:19:42,245968000,VOLENDAM,JUNEAU,59.2299,-135.4360667,306,335.8,0.1,0,9156515,PCHM
2008-06-26T05:19:33,245968000,VOLENDAM,JUNEAU,59.2299,-135.4360667,306,78.6,0.1,0,9156515,PCHM
2008-06-26T05:19:23,245968000,VOLENDAM,JUNEAU,59.2299,-135.43605,306,284.7,0.0,0,9156515,PCHM
2008-06-26T05:19:12,245968000,VOLENDAM,JUNEAU,59.2299,-135.43605,306,229.6,0.1,0,9156515,PCHM
2008-06-26T05:19:01,245968000,VOLENDAM,JUNEAU,59.2299,-135.43605,306,39.3,0.1,0,9156515,PCHM
2008-06-26T05:18:51,245968000,VOLENDAM,JUNEAU,59.22988333,-135.43605,306,289.9,0.0,0,9156515,PCHM
2008-06-26T05:18:42,245968000,VOLENDAM,JUNEAU,59.22988333,-135.4360667,306,275.8,0.0,0,9156515,PCHM
2008-06-26T05:18:33,245968000,VOLENDAM,JUNEAU,59.22988333,-135.4360667,306,43.5,0.2,0,9156515,PCHM
2008-06-26T05:18:23,245968000,VOLENDAM,JUNEAU,59.22988333,-135.4360667,306,201.6,0.1,0,9156515,PCHM
2008-06-26T05:18:12,245968000,VOLENDAM,JUNEAU,59.22988333,-135.4360667,305,237.0,0.1,0,9156515,PCHM
2008-06-26T05:18:01,245968000,VOLENDAM,JUNEAU,59.22988333,-135.4360667,305,58.4,0.1,0,9156515,PCHM
2008-06-26T05:17:53,245968000,VOLENDAM,JUNEAU,59.22988333,-135.4360833,305,25.2,0.1,0,9156515,PCHM
2008-06-26T05:17:43,245968000,VOLENDAM,JUNEAU,59.22988333,-135.4360833,305,29.3,0.1,0,9156515,PCHM
2008-06-26T05:17:33,245968000,VOLENDAM,JUNEAU,59.22986667,-135.4360833,305,138.7,0.1,0,9156515,PCHM
2008-06-26T05:17:23,245968000,VOLENDAM,JUNEAU,59.22986667,-135.4360833,305,218.2,0.0,0,9156515,PCHM
2008-06-26T05:17:12,245968000,VOLENDAM,JUNEAU,59.22986667,-135.4360833,305,184.6,0.0,0,9156515,PCHM
2008-06-26T05:17:10,245968000,VOLENDAM,JUNEAU,59.22986667,-135.4360833,0,0.0,0.0,0,9156515,PCHM
2008-06-26T05:17:03,245968000,VOLENDAM,JUNEAU,59.22986667,-135.4360833,305,196.1,0.1,0,9156515,PCHM
2008-06-26T05:16:53,245968000,VOLENDAM,JUNEAU,59.22988333,-135.4360833,305,7.7,0.1,0,9156515,PCHM
2008-06-26T05:16:43,245968000,VOLENDAM,JUNEAU,59.22986667,-135.4360833,305,205.9,0.0,0,9156515,PCHM
2008-06-26T05:16:33,245968000,VOLENDAM,JUNEAU,59.22986667,-135.4360833,305,58.8,0.2,0,9156515,PCHM
2008-06-26T05:16:22,245968000,VOLENDAM,JUNEAU,59.22988333,-135.4360833,305,85.6,0.1,0,9156515,PCHM
2008-06-26T05:16:12,245968000,VOLENDAM,JUNEAU,59.22988333,-135.4360833,305,0.1,0.1,0,9156515,PCHM
2008-06-26T05:16:03,245968000,VOLENDAM,JUNEAU,59.22986667,-135.4360833,305,89.1,0.0,0,9156515,PCHM
2008-06-26T05:15:53,245968000,VOLENDAM,JUNEAU,59.22986667,-135.4360833,305,242.6,0.1,0,9156515,PCHM
2008-06-26T05:15:42,245968000,VOLENDAM,JUNEAU,59.22986667,-135.4360833,305,322.2,0.2,0,9156515,PCHM
2008-06-26T05:15:33,245968000,VOLENDAM,JUNEAU,59.22986667,-135.4360833,305,76.0,0.0,0,9156515,PCHM
2008-06-26T05:15:22,245968000,VOLENDAM,JUNEAU,59.22986667,-135.4360833,305,310.4,0.2,0,9156515,PCHM
2008-06-26T05:15:12,245968000,VOLENDAM,JUNEAU,59.22986667,-135.4360833,305,161.8,0.0,0,9156515,PCHM
2008-06-26T05:15:03,245968000,VOLENDAM,JUNEAU,59.22986667,-135.4360833,305,176.4,0.1,0,9156515,PCHM
2008-06-26T05:14:54,245968000,VOLENDAM,JUNEAU,59.22986667,-135.4360833,305,39.2,0.1,0,9156515,PCHM
2008-06-26T05:14:42,245968000,VOLENDAM,JUNEAU,59.22986667,-135.4360833,305,15.6,0.0,0,9156515,PCHM
2008-06-26T05:14:33,245968000,VOLENDAM,JUNEAU,59.22986667,-135.4360833,305,53.6,0.0,0,9156515,PCHM
2008-06-26T05:14:22,245968000,VOLENDAM,JUNEAU,59.22988333,-135.4360833,305,168.3,0.0,0,9156515,PCHM
2008-06-26T05:14:13,245968000,VOLENDAM,JUNEAU,59.22988333,-135.4360833,305,160.2,0.1,0,9156515,PCHM
2008-06-26T05:14:03,245968000,VOLENDAM,JUNEAU,59.22988333,-135.4360833,305,26.0,0.1,0,9156515,PCHM
2008-06-26T05:13:53,245968000,VOLENDAM,JUNEAU,59.22988333,-135.4360833,305,209.1,0.1,0,9156515,PCHM
2008-06-26T05:13:42,245968000,VOLENDAM,JUNEAU,59.22988333,-135.4360833,305,74.1,0.1,0,9156515,PCHM
2008-06-26T05:13:33,245968000,VOLENDAM,JUNEAU,59.22988333,-135.4360833,305,109.3,0.1,0,9156515,PCHM
2008-06-26T05:13:22,245968000,VOLENDAM,JUNEAU,59.22988333,-135.4360833,305,288.2,0.1,0,9156515,PCHM
2008-06-26T05:13:13,245968000,VOLENDAM,JUNEAU,59.22988333,-135.4360833,305,194.4,0.1,0,9156515,PCHM
2008-06-26T05:13:03,245968000,VOLENDAM,JUNEAU,59.22988333,-135.4360833,305,225.8,0.0,0,9156515,PCHM
2008-06-26T05:12:53,245968000,VOLENDAM,JUNEAU,59.22988333,-135.4360833,305,308.4,0.1,0,9156515,PCHM
2008-06-26T05:12:42,245968000,VOLENDAM,JUNEAU,59.22988333,-135.4360833,305,354.8,0.1,0,9156515,PCHM
2008-06-26T05:12:33,245968000,VOLENDAM,JUNEAU,59.22988333,-135.4360833,305,103.7,0.1,0,9156515,PCHM
2008-06-26T05:12:22,245968000,VOLENDAM,JUNEAU,59.22988333,-135.4360667,305,330.0,0.0,0,9156515,PCHM
2008-06-26T05:12:13,245968000,VOLENDAM,JUNEAU,59.22988333,-135.4360667,305,35.9,0.1,0,9156515,PCHM
2008-06-26T05:12:03,245968000,VOLENDAM,JUNEAU,59.22988333,-135.4360667,305,63.7,0.0,0,9156515,PCHM
2008-06-26T05:11:53,245968000,VOLENDAM,JUNEAU,59.22988333,-135.4360667,305,38.0,0.0,0,9156515,PCHM
2008-06-26T05:11:42,245968000,VOLENDAM,JUNEAU,59.22988333,-135.4360833,305,342.1,0.1,0,9156515,PCHM
2008-06-26T05:11:33,245968000,VOLENDAM,JUNEAU,59.22988333,-135.4360833,305,169.1,0.1,0,9156515,PCHM
2008-06-26T05:11:22,245968000,VOLENDAM,JUNEAU,59.22988333,-135.4360833,305,237.7,0.0,0,9156515,PCHM
2008-06-26T05:11:13,245968000,VOLENDAM,JUNEAU,59.22988333,-135.4360833,305,168.2,0.1,0,9156515,PCHM
2008-06-26T05:11:06,245968000,VOLENDAM,JUNEAU,59.22988333,-135.4360833,0,0.0,0.0,0,9156515,PCHM
2008-06-26T05:11:03,245968000,VOLENDAM,JUNEAU,59.22988333,-135.4360833,305,206.1,0.1,0,9156515,PCHM
2008-06-26T05:10:54,245968000,VOLENDAM,JUNEAU,59.22988333,-135.4360833,305,181.8,0.2,0,9156515,PCHM
2008-06-26T05:10:42,245968000,VOLENDAM,JUNEAU,59.22986667,-135.4360833,305,324.6,0.1,0,9156515,PCHM
2008-06-26T05:10:33,245968000,VOLENDAM,JUNEAU,59.22986667,-135.4360833,305,55.1,0.1,0,9156515,PCHM
2008-06-26T05:10:22,245968000,VOLENDAM,JUNEAU,59.22986667,-135.4360833,305,297.7,0.1,0,9156515,PCHM
2008-06-26T05:10:13,245968000,VOLENDAM,JUNEAU,59.22986667,-135.4360833,305,130.9,0.0,0,9156515,PCHM
2008-06-26T05:10:03,245968000,VOLENDAM,JUNEAU,59.22986667,-135.4360833,305,196.7,0.1,0,9156515,PCHM
2008-06-26T05:09:53,245968000,VOLENDAM,JUNEAU,59.22986667,-135.4360833,305,318.1,0.0,0,9156515,PCHM
2008-06-26T05:09:42,245968000,VOLENDAM,JUNEAU,59.22988333,-135.4360833,305,153.9,0.1,0,9156515,PCHM
2008-06-26T05:09:32,245968000,VOLENDAM,JUNEAU,59.22988333,-135.4360833,305,79.8,0.1,0,9156515,PCHM
2008-06-26T05:09:22,245968000,VOLENDAM,JUNEAU,59.22988333,-135.4360833,305,24.9,0.1,0,9156515,PCHM
2008-06-26T05:09:13,245968000,VOLENDAM,JUNEAU,59.22988333,-135.4360667,305,112.6,0.0,0,9156515,PCHM
2008-06-26T05:09:03,245968000,VOLENDAM,JUNEAU,59.22988333,-135.4360833,305,289.5,0.1,0,9156515,PCHM
2008-06-26T05:08:53,245968000,VOLENDAM,JUNEAU,59.22988333,-135.4360833,305,35.4,0.2,0,9156515,PCHM
2008-06-26T05:08:42,245968000,VOLENDAM,JUNEAU,59.22988333,-135.4360833,305,218.0,0.2,0,9156515,PCHM
2008-06-26T05:08:32,245968000,VOLENDAM,JUNEAU,59.22988333,-135.4360833,305,156.3,0.0,0,9156515,PCHM
2008-06-26T05:08:22,245968000,VOLENDAM,JUNEAU,59.22988333,-135.4360833,305,5.7,0.0,0,9156515,PCHM
2008-06-26T05:08:13,245968000,VOLENDAM,JUNEAU,59.22988333,-135.4360833,305,22.0,0.0,0,9156515,PCHM
2008-06-26T05:08:03,245968000,VOLENDAM,JUNEAU,59.22988333,-135.436085,305,265.0,0.1,0,9156515,PCHM
2008-06-26T05:07:53,245968000,VOLENDAM,JUNEAU,59.22988333,-135.4360833,305,136.0,0.0,0,9156515,PCHM
2008-06-26T05:07:42,245968000,VOLENDAM,JUNEAU,59.22988333,-135.436085,305,219.5,0.2,0,9156515,PCHM
2008-06-26T05:07:32,245968000,VOLENDAM,JUNEAU,59.22988333,-135.4360833,305,176.1,0.1,0,9156515,PCHM
2008-06-26T05:07:22,245968000,VOLENDAM,JUNEAU,59.22988333,-135.4360817,305,44.8,0.2,0,9156515,PCHM
2008-06-26T05:07:13,245968000,VOLENDAM,JUNEAU,59.22988333,-135.436085,305,234.9,0.1,0,9156515,PCHM
2008-06-26T05:07:03,245968000,VOLENDAM,JUNEAU,59.22988333,-135.4360833,305,295.9,0.1,0,9156515,PCHM
2008-06-26T05:06:53,245968000,VOLENDAM,JUNEAU,59.22988333,-135.4360833,305,227.7,0.1,0,9156515,PCHM
2008-06-26T05:06:42,245968000,VOLENDAM,JUNEAU,59.22988333,-135.4360833,305,115.7,0.0,0,9156515,PCHM
2008-06-26T05:06:32,245968000,VOLENDAM,JUNEAU,59.22988333,-135.4360833,305,148.3,0.0,0,9156515,PCHM
2008-06-26T05:06:22,245968000,VOLENDAM,JUNEAU,59.22988333,-135.4360833,305,215.1,0.1,0,9156515,PCHM
2008-06-26T05:06:13,245968000,VOLENDAM,JUNEAU,59.22988333,-135.4360833,305,233.0,0.0,0,9156515,PCHM
2008-06-26T05:06:03,245968000,VOLENDAM,JUNEAU,59.22988333,-135.4360833,305,288.2,0.0,0,9156515,PCHM
2008-06-26T05:05:53,245968000,VOLENDAM,JUNEAU,59.22988333,-135.4360833,305,47.3,0.1,0,9156515,PCHM
2008-06-26T05:05:42,245968000,VOLENDAM,JUNEAU,59.22988333,-135.4360833,305,235.7,0.1,0,9156515,PCHM
2008-06-26T05:05:32,245968000,VOLENDAM,JUNEAU,59.22988333,-135.4360833,305,159.6,0.2,0,9156515,PCHM
2008-06-26T05:05:22,245968000,VOLENDAM,JUNEAU,59.22988333,-135.4360833,305,51.1,0.1,0,9156515,PCHM
2008-06-26T05:05:13,245968000,VOLENDAM,JUNEAU,59.22988333,-135.4360833,305,171.7,0.1,0,9156515,PCHM
2008-06-26T05:05:08,245968000,VOLENDAM,JUNEAU,59.22988333,-135.4360833,0,0.0,0.0,0,9156515,PCHM
2008-06-26T05:05:03,245968000,VOLENDAM,JUNEAU,59.22988333,-135.4360833,305,150.5,0.0,0,9156515,PCHM
2008-06-26T05:04:53,245968000,VOLENDAM,JUNEAU,59.22988333,-135.4360833,305,285.2,0.1,0,9156515,PCHM
2008-06-26T05:04:42,245968000,VOLENDAM,JUNEAU,59.22988333,-135.4360833,305,288.6,0.0,0,9156515,PCHM
2008-06-26T05:04:32,245968000,VOLENDAM,JUNEAU,59.22988333,-135.4360833,305,285.6,0.1,0,9156515,PCHM
2008-06-26T05:04:22,245968000,VOLENDAM,JUNEAU,59.22988333,-135.4360833,305,42.7,0.1,0,9156515,PCHM
2008-06-26T05:04:13,245968000,VOLENDAM,JUNEAU,59.22988333,-135.4360833,305,358.1,0.1,0,9156515,PCHM
2008-06-26T05:04:02,245968000,VOLENDAM,JUNEAU,59.22988333,-135.4360833,305,352.2,0.1,0,9156515,PCHM
2008-06-26T05:03:53,245968000,VOLENDAM,JUNEAU,59.22988333,-135.4360833,305,213.8,0.1,0,9156515,PCHM
2008-06-26T05:03:43,245968000,VOLENDAM,JUNEAU,59.22988333,-135.4360833,305,352.0,0.0,0,9156515,PCHM
2008-06-26T05:03:33,245968000,VOLENDAM,JUNEAU,59.22988333,-135.4360833,305,179.7,0.1,0,9156515,PCHM
2008-06-26T05:03:22,245968000,VOLENDAM,JUNEAU,59.22988333,-135.4360833,305,176.9,0.1,0,9156515,PCHM
2008-06-26T05:03:13,245968000,VOLENDAM,JUNEAU,59.22988333,-135.4360833,305,11.6,0.1,0,9156515,PCHM
2008-06-26T05:03:02,245968000,VOLENDAM,JUNEAU,59.22988333,-135.4360833,305,114.4,0.1,0,9156515,PCHM
2008-06-26T05:02:52,245968000,VOLENDAM,JUNEAU,59.22988333,-135.436065,305,110.5,0.1,0,9156515,PCHM
2008-06-26T05:02:43,245968000,VOLENDAM,JUNEAU,59.22988333,-135.4360833,305,71.4,0.0,0,9156515,PCHM
2008-06-26T05:02:33,245968000,VOLENDAM,JUNEAU,59.229885,-135.436065,305,21.6,0.3,0,9156515,PCHM
2008-06-26T05:02:23,245968000,VOLENDAM,JUNEAU,59.22988333,-135.4360833,305,182.5,0.1,0,9156515,PCHM
2008-06-26T05:02:12,245968000,VOLENDAM,JUNEAU,59.22988333,-135.4360833,305,346.3,0.1,0,9156515,PCHM
2008-06-26T05:02:02,245968000,VOLENDAM,JUNEAU,59.22988333,-135.4360833,305,10.9,0.1,0,9156515,PCHM
2008-06-26T05:01:52,245968000,VOLENDAM,JUNEAU,59.22988333,-135.4360833,305,106.2,0.0,0,9156515,PCHM
2008-06-26T05:01:43,245968000,VOLENDAM,JUNEAU,59.22988333,-135.436085,305,302.2,0.1,0,9156515,PCHM
2008-06-26T05:01:33,245968000,VOLENDAM,JUNEAU,59.22988333,-135.4360833,305,357.8,0.0,0,9156515,PCHM
2008-06-26T05:01:23,245968000,VOLENDAM,JUNEAU,59.22988333,-135.4360833,305,293.4,0.0,0,9156515,PCHM
2008-06-26T05:01:12,245968000,VOLENDAM,JUNEAU,59.22988333,-135.4360833,305,123.9,0.0,0,9156515,PCHM
2008-06-26T05:01:02,245968000,VOLENDAM,JUNEAU,59.22988333,-135.4360833,305,244.2,0.1,0,9156515,PCHM
2008-06-26T05:00:52,245968000,VOLENDAM,JUNEAU,59.22988333,-135.4360833,305,205.4,0.1,0,9156515,PCHM
2008-06-26T05:00:43,245968000,VOLENDAM,JUNEAU,59.22988333,-135.4360833,305,32.3,0.1,0,9156515,PCHM
2008-06-26T05:00:33,245968000,VOLENDAM,JUNEAU,59.22988333,-135.4360833,305,246.1,0.2,0,9156515,PCHM
2008-06-26T05:00:23,245968000,VOLENDAM,JUNEAU,59.22988333,-135.4360833,305,195.1,0.1,0,9156515,PCHM
2008-06-26T05:00:12,245968000,VOLENDAM,JUNEAU,59.22988333,-135.4360833,305,51.2,0.1,0,9156515,PCHM
2008-06-26T05:00:02,245968000,VOLENDAM,JUNEAU,59.22988333,-135.4360833,305,175.9,0.0,0,9156515,PCHM
2008-06-26T04:59:52,245968000,VOLENDAM,JUNEAU,59.22988333,-135.4360833,305,11.1,0.0,0,9156515,PCHM
2008-06-26T04:59:43,245968000,VOLENDAM,JUNEAU,59.22988333,-135.4360833,305,228.5,0.0,0,9156515,PCHM
2008-06-26T04:59:33,245968000,VOLENDAM,JUNEAU,59.22988333,-135.4360833,305,270.7,0.0,0,9156515,PCHM
2008-06-26T04:59:23,245968000,VOLENDAM,JUNEAU,59.22988333,-135.4360833,305,211.3,0.1,0,9156515,PCHM
2008-06-26T04:59:12,245968000,VOLENDAM,JUNEAU,59.22988333,-135.4360833,305,226.7,0.0,0,9156515,PCHM
2008-06-26T04:59:07,245968000,VOLENDAM,JUNEAU,59.22988333,-135.4360833,0,0.0,0.0,0,9156515,PCHM
2008-06-26T04:59:02,245968000,VOLENDAM,JUNEAU,59.22988333,-135.4360833,305,306.5,0.1,0,9156515,PCHM
2008-06-26T04:58:52,245968000,VOLENDAM,JUNEAU,59.22988333,-135.4360833,305,243.8,0.1,0,9156515,PCHM
2008-06-26T04:58:43,245968000,VOLENDAM,JUNEAU,59.22988333,-135.4360833,305,229.9,0.1,0,9156515,PCHM
2008-06-26T04:58:33,245968000,VOLENDAM,JUNEAU,59.22988333,-135.4360833,305,339.4,0.1,0,9156515,PCHM
2008-06-26T04:58:23,245968000,VOLENDAM,JUNEAU,59.22988333,-135.4360833,305,63.7,0.1,0,9156515,PCHM
2008-06-26T04:58:12,245968000,VOLENDAM,JUNEAU,59.22988333,-135.4360833,305,187.1,0.1,0,9156515,PCHM
2008-06-26T04:58:02,245968000,VOLENDAM,JUNEAU,59.22988333,-135.4360833,305,293.9,0.1,0,9156515,PCHM
2008-06-26T04:57:52,245968000,VOLENDAM,JUNEAU,59.22988333,-135.4360833,305,183.7,0.0,0,9156515,PCHM
2008-06-26T04:57:43,245968000,VOLENDAM,JUNEAU,59.22988333,-135.4360833,305,262.8,0.0,0,9156515,PCHM
2008-06-26T04:57:33,245968000,VOLENDAM,JUNEAU,59.22988333,-135.4360833,305,131.9,0.0,0,9156515,PCHM
2008-06-26T04:57:23,245968000,VOLENDAM,JUNEAU,59.22988333,-135.4360833,305,344.7,0.0,0,9156515,PCHM
2008-06-26T04:57:12,245968000,VOLENDAM,JUNEAU,59.22988333,-135.4360833,305,348.2,0.1,0,9156515,PCHM
2008-06-26T04:57:02,245968000,VOLENDAM,JUNEAU,59.22988333,-135.4360833,305,49.5,0.1,0,9156515,PCHM
2008-06-26T04:56:52,245968000,VOLENDAM,JUNEAU,59.22988333,-135.4360833,305,334.8,0.0,0,9156515,PCHM
2008-06-26T04:56:43,245968000,VOLENDAM,JUNEAU,59.22988333,-135.4360833,305,45.1,0.1,0,9156515,PCHM
2008-06-26T04:56:33,245968000,VOLENDAM,JUNEAU,59.22988333,-135.4360833,305,220.5,0.0,0,9156515,PCHM
2008-06-26T04:56:23,245968000,VOLENDAM,JUNEAU,59.22988333,-135.4360833,305,87.6,0.0,0,9156515,PCHM
2008-06-26T04:56:12,245968000,VOLENDAM,JUNEAU,59.22988333,-135.4360833,305,20.8,0.2,0,9156515,PCHM
2008-06-26T04:56:02,245968000,VOLENDAM,JUNEAU,59.22988333,-135.4360833,305,10.7,0.1,0,9156515,PCHM
2008-06-26T04:55:52,245968000,VOLENDAM,JUNEAU,59.22988333,-135.4360833,305,42.3,0.3,0,9156515,PCHM
2008-06-26T04:55:43,245968000,VOLENDAM,JUNEAU,59.22988333,-135.4360833,305,10.2,0.1,0,9156515,PCHM
2008-06-26T04:55:33,245968000,VOLENDAM,JUNEAU,59.22988333,-135.4360833,305,206.0,0.1,0,9156515,PCHM
2008-06-26T04:55:23,245968000,VOLENDAM,JUNEAU,59.22988333,-135.4360833,305,323.9,0.0,0,9156515,PCHM
2008-06-26T04:55:12,245968000,VOLENDAM,JUNEAU,59.22988333,-135.4360833,305,221.2,0.1,0,9156515,PCHM
2008-06-26T04:55:02,245968000,VOLENDAM,JUNEAU,59.22988333,-135.4360667,305,307.1,0.1,0,9156515,PCHM
2008-06-26T04:54:52,245968000,VOLENDAM,JUNEAU,59.22988333,-135.4360667,305,230.9,0.1,0,9156515,PCHM
2008-06-26T04:54:43,245968000,VOLENDAM,JUNEAU,59.22988333,-135.436085,305,258.2,0.2,0,9156515,PCHM
2008-06-26T04:54:33,245968000,VOLENDAM,JUNEAU,59.229885,-135.4360667,305,351.7,0.2,0,9156515,PCHM
2008-06-26T04:54:22,245968000,VOLENDAM,JUNEAU,59.22988333,-135.4360667,305,152.7,0.2,0,9156515,PCHM
2008-06-26T04:54:12,245968000,VOLENDAM,JUNEAU,59.22988333,-135.4360833,305,34.7,0.2,0,9156515,PCHM
2008-06-26T04:54:02,245968000,VOLENDAM,JUNEAU,59.22988333,-135.4360667,305,41.0,0.2,0,9156515,PCHM
2008-06-26T04:53:52,245968000,VOLENDAM,JUNEAU,59.22988333,-135.4360667,305,196.4,0.1,0,9156515,PCHM
2008-06-26T04:53:43,245968000,VOLENDAM,JUNEAU,59.22988333,-135.4360667,305,30.2,0.1,0,9156515,PCHM
2008-06-26T04:53:33,245968000,VOLENDAM,JUNEAU,59.22988333,-135.4360667,305,9.3,0.2,0,9156515,PCHM
2008-06-26T04:53:22,245968000,VOLENDAM,JUNEAU,59.22988333,-135.4360667,305,56.1,0.1,0,9156515,PCHM
2008-06-26T04:53:12,245968000,VOLENDAM,JUNEAU,59.22988333,-135.4360667,305,285.1,0.1,0,9156515,PCHM
2008-06-26T04:53:10,245968000,VOLENDAM,JUNEAU,59.22988333,-135.4360667,0,0.0,0.0,0,9156515,PCHM
2008-06-26T04:53:02,245968000,VOLENDAM,JUNEAU,59.22988333,-135.4360667,305,183.7,0.0,0,9156515,PCHM
2008-06-26T04:52:53,245968000,VOLENDAM,JUNEAU,59.22988333,-135.4360667,305,210.4,0.3,0,9156515,PCHM
2008-06-26T04:52:43,245968000,VOLENDAM,JUNEAU,59.22988333,-135.4360667,305,332.6,0.1,0,9156515,PCHM
2008-06-26T04:52:33,245968000,VOLENDAM,JUNEAU,59.22988333,-135.4360667,305,8.7,0.1,0,9156515,PCHM
2008-06-26T04:52:22,245968000,VOLENDAM,JUNEAU,59.22988333,-135.4360667,305,271.0,0.0,0,9156515,PCHM
2008-06-26T04:52:12,245968000,VOLENDAM,JUNEAU,59.22988333,-135.4360667,305,322.7,0.1,0,9156515,PCHM
2008-06-26T04:52:02,245968000,VOLENDAM,JUNEAU,59.22988333,-135.4360667,305,183.2,0.1,0,9156515,PCHM
2008-06-26T04:51:52,245968000,VOLENDAM,JUNEAU,59.22988333,-135.4360667,305,70.2,0.1,0,9156515,PCHM
2008-06-26T04:51:43,245968000,VOLENDAM,JUNEAU,59.22988333,-135.4360667,305,348.8,0.2,0,9156515,PCHM
2008-06-26T04:51:33,245968000,VOLENDAM,JUNEAU,59.22988333,-135.4360667,305,97.8,0.1,0,9156515,PCHM
2008-06-26T04:51:22,245968000,VOLENDAM,JUNEAU,59.22988333,-135.4360667,305,178.6,0.0,0,9156515,PCHM
2008-06-26T04:51:13,245968000,VOLENDAM,JUNEAU,59.22988333,-135.4360667,305,310.3,0.1,0,9156515,PCHM
2008-06-26T04:51:02,245968000,VOLENDAM,JUNEAU,59.22988333,-135.4360667,305,226.5,0.2,0,9156515,PCHM
2008-06-26T04:50:52,245968000,VOLENDAM,JUNEAU,59.22988333,-135.4360833,305,191.2,0.1,0,9156515,PCHM
2008-06-26T04:50:42,245968000,VOLENDAM,JUNEAU,59.22988333,-135.4360667,305,248.6,0.1,0,9156515,PCHM
2008-06-26T04:50:33,245968000,VOLENDAM,JUNEAU,59.22988333,-135.4360667,305,131.9,0.1,0,9156515,PCHM
2008-06-26T04:50:22,245968000,VOLENDAM,JUNEAU,59.22988333,-135.4360667,305,271.1,0.0,0,9156515,PCHM
2008-06-26T04:50:13,245968000,VOLENDAM,JUNEAU,59.22988333,-135.4360667,305,131.5,0.1,0,9156515,PCHM
2008-06-26T04:50:02,245968000,VOLENDAM,JUNEAU,59.22988333,-135.4360667,305,11.5,0.2,0,9156515,PCHM
2008-06-26T04:49:52,245968000,VOLENDAM,JUNEAU,59.22988333,-135.4360667,305,358.5,0.1,0,9156515,PCHM
2008-06-26T04:49:42,245968000,VOLENDAM,JUNEAU,59.22988333,-135.4360667,305,216.5,0.2,0,9156515,PCHM
2008-06-26T04:49:33,245968000,VOLENDAM,JUNEAU,59.22988333,-135.4360667,305,266.7,0.0,0,9156515,PCHM
2008-06-26T04:49:22,245968000,VOLENDAM,JUNEAU,59.22988333,-135.4360667,305,338.6,0.0,0,9156515,PCHM
2008-06-26T04:49:13,245968000,VOLENDAM,JUNEAU,59.22988333,-135.4360667,305,195.8,0.0,0,9156515,PCHM
2008-06-26T04:49:02,245968000,VOLENDAM,JUNEAU,59.22988333,-135.4360667,305,339.8,0.0,0,9156515,PCHM
2008-06-26T04:48:52,245968000,VOLENDAM,JUNEAU,59.22988333,-135.4360667,305,124.6,0.0,0,9156515,PCHM
2008-06-26T04:48:42,245968000,VOLENDAM,JUNEAU,59.22988333,-135.4360667,305,222.6,0.1,0,9156515,PCHM
2008-06-26T04:48:33,245968000,VOLENDAM,JUNEAU,59.22988333,-135.4360667,305,254.7,0.1,0,9156515,PCHM
2008-06-26T04:48:22,245968000,VOLENDAM,JUNEAU,59.22986667,-135.4360667,305,234.8,0.0,0,9156515,PCHM
2008-06-26T04:48:13,245968000,VOLENDAM,JUNEAU,59.22986667,-135.4360833,305,216.2,0.0,0,9156515,PCHM
2008-06-26T04:48:02,245968000,VOLENDAM,JUNEAU,59.22986667,-135.4360833,305,40.9,0.1,0,9156515,PCHM
2008-06-26T04:47:52,245968000,VOLENDAM,JUNEAU,59.22986667,-135.4360833,305,6.8,0.1,0,9156515,PCHM
2008-06-26T04:47:42,245968000,VOLENDAM,JUNEAU,59.22986667,-135.4360817,305,51.0,0.2,0,9156515,PCHM
2008-06-26T04:47:33,245968000,VOLENDAM,JUNEAU,59.22988333,-135.4360833,305,178.8,0.0,0,9156515,PCHM
2008-06-26T04:47:22,245968000,VOLENDAM,JUNEAU,59.22988333,-135.4360833,305,68.2,0.0,0,9156515,PCHM
2008-06-26T04:47:13,245968000,VOLENDAM,JUNEAU,59.22988333,-135.4360833,305,227.2,0.1,0,9156515,PCHM
2008-06-26T04:47:07,245968000,VOLENDAM,JUNEAU,59.22988333,-135.4360833,0,0.0,0.0,0,9156515,PCHM
2008-06-26T04:47:03,245968000,VOLENDAM,JUNEAU,59.22988333,-135.4360833,305,221.5,0.1,0,9156515,PCHM
2008-06-26T04:46:52,245968000,VOLENDAM,JUNEAU,59.22988333,-135.4360833,305,27.8,0.0,0,9156515,PCHM
2008-06-26T04:46:42,245968000,VOLENDAM,JUNEAU,59.22988333,-135.4360833,305,205.7,0.0,0,9156515,PCHM
2008-06-26T04:46:33,245968000,VOLENDAM,JUNEAU,59.22988333,-135.4360833,305,170.8,0.1,0,9156515,PCHM
2008-06-26T04:46:22,245968000,VOLENDAM,JUNEAU,59.22988333,-135.4361,305,65.9,0.1,0,9156515,PCHM
2008-06-26T04:46:13,245968000,VOLENDAM,JUNEAU,59.22988333,-135.4361,305,97.3,0.1,0,9156515,PCHM
2008-06-26T04:46:02,245968000,VOLENDAM,JUNEAU,59.22988333,-135.4361,305,239.4,0.1,0,9156515,PCHM
2008-06-26T04:45:52,245968000,VOLENDAM,JUNEAU,59.22960833,-135.4354633,305,6.6,0.0,0,9156515,PCHM
2008-06-26T04:45:42,245968000,VOLENDAM,JUNEAU,59.229605,-135.43548,305,5.9,0.0,0,9156515,PCHM
2008-06-26T04:45:33,245968000,VOLENDAM,JUNEAU,59.2296,-135.4354633,305,5.0,0.0,0,9156515,PCHM
2008-06-26T04:45:23,245968000,VOLENDAM,JUNEAU,59.22986667,-135.4360833,305,71.4,0.2,0,9156515,PCHM
2008-06-26T04:45:13,245968000,VOLENDAM,JUNEAU,59.22986667,-135.4360833,305,71.4,0.2,0,9156515,PCHM
2008-06-26T04:45:02,245968000,VOLENDAM,JUNEAU,59.22988333,-135.4360833,305,44.4,0.0,0,9156515,PCHM
2008-06-26T04:44:52,245968000,VOLENDAM,JUNEAU,59.22988333,-135.4360833,305,336.4,0.0,0,9156515,PCHM
2008-06-26T04:44:42,245968000,VOLENDAM,JUNEAU,59.22988333,-135.4360833,305,239.4,0.1,0,9156515,PCHM
2008-06-26T04:44:33,245968000,VOLENDAM,JUNEAU,59.22988333,-135.4360833,305,339.8,0.0,0,9156515,PCHM
2008-06-26T04:44:22,245968000,VOLENDAM,JUNEAU,59.22988333,-135.4360833,305,270.0,0.1,0,9156515,PCHM
2008-06-26T04:44:13,245968000,VOLENDAM,JUNEAU,59.22988333,-135.4360833,305,183.4,0.1,0,9156515,PCHM
2008-06-26T04:44:02,245968000,VOLENDAM,JUNEAU,59.22988333,-135.436085,305,303.0,0.1,0,9156515,PCHM
2008-06-26T04:43:52,245968000,VOLENDAM,JUNEAU,59.22988333,-135.4360833,305,205.5,0.1,0,9156515,PCHM
2008-06-26T04:43:42,245968000,VOLENDAM,JUNEAU,59.22988333,-135.4360833,305,50.0,0.0,0,9156515,PCHM
2008-06-26T04:43:33,245968000,VOLENDAM,JUNEAU,59.22988333,-135.4360833,0,0.0,0.0,0,9156515,PCHM
2008-06-26T04:43:33,245968000,VOLENDAM,JUNEAU,59.22988333,-135.4360833,305,36.0,0.1,0,9156515,PCHM
2008-06-26T04:43:22,245968000,VOLENDAM,JUNEAU,59.22988333,-135.4360833,305,210.4,0.1,0,9156515,PCHM
2008-06-26T04:42:58,245968000,VOLENDAM,JUNEAU,59.22988333,-135.4360833,0,0.0,0.0,0,9156515,PCHM
2008-06-26T04:42:47,245968000,VOLENDAM,JUNEAU,59.22988333,-135.4360833,0,0.0,0.0,0,9156515,PCHM
2008-06-26T04:42:03,245968000,VOLENDAM,HAINES,59.22988333,-135.4360833,305,268.4,0.1,5,9156515,PCHM
2008-06-26T04:41:06,245968000,VOLENDAM,HAINES,59.22988333,-135.4360667,0,0.0,0.0,0,9156515,PCHM
2008-06-26T04:39:01,245968000,VOLENDAM,HAINES,59.22988333,-135.4360667,305,160.4,0.0,5,9156515,PCHM
2008-06-26T04:35:59,245968000,VOLENDAM,HAINES,59.22988333,-135.4360667,305,212.4,0.1,5,9156515,PCHM
2008-06-26T04:35:09,245968000,VOLENDAM,HAINES,59.22988333,-135.4360667,0,0.0,0.0,0,9156515,PCHM
2008-06-26T04:33:02,245968000,VOLENDAM,HAINES,59.22988333,-135.4360667,305,206.1,0.1,5,9156515,PCHM
2008-06-26T04:30:01,245968000,VOLENDAM,HAINES,59.22988333,-135.4360667,305,213.0,0.0,5,9156515,PCHM
2008-06-26T04:29:09,245968000,VOLENDAM,HAINES,59.22988333,-135.4360833,0,0.0,0.0,0,9156515,PCHM
2008-06-26T04:27:00,245968000,VOLENDAM,HAINES,59.22988333,-135.4360833,305,268.3,0.1,5,9156515,PCHM
2008-06-26T04:24:00,245968000,VOLENDAM,HAINES,59.22988333,-135.4360833,305,109.9,0.0,5,9156515,PCHM
2008-06-26T04:23:08,245968000,VOLENDAM,HAINES,59.22988333,-135.4360833,0,0.0,0.0,0,9156515,PCHM
2008-06-26T04:21:03,245968000,VOLENDAM,HAINES,59.22988333,-135.4360833,305,117.1,0.0,5,9156515,PCHM
2008-06-26T04:18:03,245968000,VOLENDAM,HAINES,59.22988333,-135.4360833,305,222.6,0.0,5,9156515,PCHM
2008-06-26T04:17:07,245968000,VOLENDAM,HAINES,59.22988333,-135.4360833,0,0.0,0.0,0,9156515,PCHM
2008-06-26T04:15:02,245968000,VOLENDAM,HAINES,59.22988333,-135.4360833,305,34.3,0.1,5,9156515,PCHM
2008-06-26T04:12:02,245968000,VOLENDAM,HAINES,59.22988333,-135.4360833,305,290.7,0.0,5,9156515,PCHM
2008-06-26T04:11:10,245968000,VOLENDAM,HAINES,59.22988333,-135.4360833,0,0.0,0.0,0,9156515,PCHM
2008-06-26T04:09:03,245968000,VOLENDAM,HAINES,59.22988333,-135.4360833,305,322.3,0.1,5,9156515,PCHM
2008-06-26T04:06:02,245968000,VOLENDAM,HAINES,59.22988333,-135.4361,305,235.9,0.1,5,9156515,PCHM
2008-06-26T04:05:08,245968000,VOLENDAM,HAINES,59.22988333,-135.4361,0,0.0,0.0,0,9156515,PCHM
2008-06-26T04:03:03,245968000,VOLENDAM,HAINES,59.22988333,-135.4361,305,343.4,0.0,5,9156515,PCHM
2008-06-26T04:00:02,245968000,VOLENDAM,HAINES,59.22988333,-135.4361,305,161.5,0.0,5,9156515,PCHM
2008-06-26T03:59:09,245968000,VOLENDAM,HAINES,59.22988333,-135.4360833,0,0.0,0.0,0,9156515,PCHM
2008-06-26T03:57:01,245968000,VOLENDAM,HAINES,59.22988333,-135.4360833,305,77.4,0.0,5,9156515,PCHM
2008-06-26T03:54:01,245968000,VOLENDAM,HAINES,59.22988333,-135.4360833,305,312.5,0.2,5,9156515,PCHM
2008-06-26T03:53:08,245968000,VOLENDAM,HAINES,59.22988333,-135.4360833,0,0.0,0.0,0,9156515,PCHM
2008-06-26T03:51:02,245968000,VOLENDAM,HAINES,59.22988333,-135.4360833,305,23.3,0.1,5,9156515,PCHM
2008-06-26T03:48:02,245968000,VOLENDAM,HAINES,59.22988333,-135.436085,305,308.7,0.1,5,9156515,PCHM
2008-06-26T03:47:08,245968000,VOLENDAM,HAINES,59.22986667,-135.4360833,0,0.0,0.0,0,9156515,PCHM
2008-06-26T03:45:02,245968000,VOLENDAM,HAINES,59.22986667,-135.4360833,305,235.3,0.1,5,9156515,PCHM
2008-06-26T03:42:00,245968000,VOLENDAM,HAINES,59.22988333,-135.4360667,305,158.0,0.0,5,9156515,PCHM
2008-06-26T03:41:09,245968000,VOLENDAM,HAINES,59.22986667,-135.4360833,0,0.0,0.0,0,9156515,PCHM
2008-06-26T03:39:01,245968000,VOLENDAM,HAINES,59.22986667,-135.4360833,305,257.4,0.1,5,9156515,PCHM
2008-06-26T03:36:03,245968000,VOLENDAM,HAINES,59.22986667,-135.4360667,305,218.6,0.1,5,9156515,PCHM
2008-06-26T03:35:07,245968000,VOLENDAM,HAINES,59.22988333,-135.4360817,0,0.0,0.0,0,9156515,PCHM
2008-06-26T03:33:01,245968000,VOLENDAM,HAINES,59.22988333,-135.4360817,305,86.2,0.2,5,9156515,PCHM
2008-06-26T03:30:02,245968000,VOLENDAM,HAINES,59.22986667,-135.4360833,305,205.4,0.1,5,9156515,PCHM
2008-06-26T03:29:07,245968000,VOLENDAM,HAINES,59.22986667,-135.4360833,0,0.0,0.0,0,9156515,PCHM
2008-06-26T03:27:01,245968000,VOLENDAM,HAINES,59.22986667,-135.4360833,305,133.1,0.0,5,9156515,PCHM
2008-06-26T03:24:03,245968000,VOLENDAM,HAINES,59.22986667,-135.4360833,305,262.9,0.0,5,9156515,PCHM
2008-06-26T03:23:07,245968000,VOLENDAM,HAINES,59.22985,-135.43605,0,0.0,0.0,0,9156515,PCHM
2008-06-26T03:21:02,245968000,VOLENDAM,HAINES,59.22985,-135.43605,305,177.6,0.2,5,9156515,PCHM
2008-06-26T03:18:01,245968000,VOLENDAM,HAINES,59.22986667,-135.4360667,305,1.0,0.0,5,9156515,PCHM
2008-06-26T03:17:08,245968000,VOLENDAM,HAINES,59.22986667,-135.4360667,0,0.0,0.0,0,9156515,PCHM
2008-06-26T03:15:02,245968000,VOLENDAM,HAINES,59.22986667,-135.4360667,305,308.5,0.0,5,9156515,PCHM
2008-06-26T03:12:01,245968000,VOLENDAM,HAINES,59.22986667,-135.4360667,305,64.0,0.0,5,9156515,PCHM
2008-06-26T03:11:06,245968000,VOLENDAM,HAINES,59.22986667,-135.43605,0,0.0,0.0,0,9156515,PCHM
2008-06-26T03:09:03,245968000,VOLENDAM,HAINES,59.22986667,-135.43605,305,254.2,0.1,5,9156515,PCHM
2008-06-26T03:06:03,245968000,VOLENDAM,HAINES,59.22985,-135.43605,305,228.9,0.0,5,9156515,PCHM
2008-06-26T03:05:09,245968000,VOLENDAM,HAINES,59.22986667,-135.4360667,0,0.0,0.0,0,9156515,PCHM
2008-06-26T03:03:00,245968000,VOLENDAM,HAINES,59.22986667,-135.4360667,305,53.6,0.1,5,9156515,PCHM
2008-06-26T03:00:02,245968000,VOLENDAM,HAINES,59.22986667,-135.4360667,305,352.2,0.1,5,9156515,PCHM
2008-06-26T02:59:07,245968000,VOLENDAM,HAINES,59.22986667,-135.4360667,0,0.0,0.0,0,9156515,PCHM
2008-06-26T02:57:00,245968000,VOLENDAM,HAINES,59.22986667,-135.4360667,305,41.8,0.0,5,9156515,PCHM
2008-06-26T02:54:03,245968000,VOLENDAM,HAINES,59.22986667,-135.4360667,305,330.2,0.0,5,9156515,PCHM
2008-06-26T02:53:07,245968000,VOLENDAM,HAINES,59.22986667,-135.4360667,0,0.0,0.0,0,9156515,PCHM
2008-06-26T02:51:01,245968000,VOLENDAM,HAINES,59.22986667,-135.4360667,305,96.6,0.0,5,9156515,PCHM
2008-06-26T02:48:01,245968000,VOLENDAM,HAINES,59.22986667,-135.4360667,305,315.6,0.0,5,9156515,PCHM
2008-06-26T02:47:09,245968000,VOLENDAM,HAINES,59.22986667,-135.4360667,0,0.0,0.0,0,9156515,PCHM
2008-06-26T02:45:01,245968000,VOLENDAM,HAINES,59.22986667,-135.4360667,305,324.5,0.0,5,9156515,PCHM
2008-06-26T02:42:00,245968000,VOLENDAM,HAINES,59.22985,-135.43605,305,39.6,0.0,5,9156515,PCHM
2008-06-26T02:41:07,245968000,VOLENDAM,HAINES,59.22985,-135.4360667,0,0.0,0.0,0,9156515,PCHM
2008-06-26T02:39:02,245968000,VOLENDAM,HAINES,59.22985,-135.4360667,305,315.7,0.1,5,9156515,PCHM
2008-06-26T02:36:02,245968000,VOLENDAM,HAINES,59.22983333,-135.4361,305,56.6,0.1,5,9156515,PCHM
2008-06-26T02:35:07,245968000,VOLENDAM,HAINES,59.22985,-135.4361,0,0.0,0.0,0,9156515,PCHM
2008-06-26T02:33:03,245968000,VOLENDAM,HAINES,59.22985,-135.4361,305,22.7,0.1,5,9156515,PCHM
2008-06-26T02:30:02,245968000,VOLENDAM,HAINES,59.22988333,-135.4360833,305,199.3,0.1,5,9156515,PCHM
2008-06-26T02:29:10,245968000,VOLENDAM,HAINES,59.22988333,-135.4360667,0,0.0,0.0,0,9156515,PCHM
2008-06-26T02:27:03,245968000,VOLENDAM,HAINES,59.22988333,-135.4360667,305,248.7,0.1,5,9156515,PCHM
2008-06-26T02:24:00,245968000,VOLENDAM,HAINES,59.22988333,-135.4360667,305,319.4,0.1,5,9156515,PCHM
2008-06-26T02:23:08,245968000,VOLENDAM,HAINES,59.22988333,-135.4360667,0,0.0,0.0,0,9156515,PCHM
2008-06-26T02:20:59,245968000,VOLENDAM,HAINES,59.22988333,-135.4360667,305,324.2,0.1,5,9156515,PCHM
2008-06-26T02:18:00,245968000,VOLENDAM,HAINES,59.22986667,-135.4360833,305,235.8,0.0,5,9156515,PCHM
2008-06-26T02:17:10,245968000,VOLENDAM,HAINES,59.22986667,-135.4360833,0,0.0,0.0,0,9156515,PCHM
2008-06-26T02:15:00,245968000,VOLENDAM,HAINES,59.22986667,-135.4360833,305,235.1,0.1,5,9156515,PCHM
2008-06-26T02:12:01,245968000,VOLENDAM,HAINES,59.22986667,-135.4360667,305,44.7,0.0,5,9156515,PCHM
2008-06-26T02:11:09,245968000,VOLENDAM,HAINES,59.22986667,-135.4360833,0,0.0,0.0,0,9156515,PCHM
2008-06-26T02:09:00,245968000,VOLENDAM,HAINES,59.22986667,-135.4360833,305,16.2,0.0,5,9156515,PCHM
2008-06-26T02:06:00,245968000,VOLENDAM,HAINES,59.22986667,-135.4360833,305,28.5,0.1,5,9156515,PCHM
2008-06-26T02:05:08,245968000,VOLENDAM,HAINES,59.22986667,-135.4360833,0,0.0,0.0,0,9156515,PCHM
2008-06-26T02:03:03,245968000,VOLENDAM,HAINES,59.22986667,-135.4360833,305,237.5,0.1,5,9156515,PCHM
2008-06-26T02:00:03,245968000,VOLENDAM,HAINES,59.22986667,-135.4360833,305,67.6,0.0,5,9156515,PCHM
2008-06-26T01:59:10,245968000,VOLENDAM,HAINES,59.22986667,-135.4360833,0,0.0,0.0,0,9156515,PCHM
2008-06-26T01:57:00,245968000,VOLENDAM,HAINES,59.22986667,-135.4360833,305,231.5,0.2,5,9156515,PCHM
2008-06-26T01:54:00,245968000,VOLENDAM,HAINES,59.22986667,-135.4360833,305,274.5,0.0,5,9156515,PCHM
2008-06-26T01:53:06,245968000,VOLENDAM,HAINES,59.22986667,-135.4360833,0,0.0,0.0,0,9156515,PCHM
2008-06-26T01:51:03,245968000,VOLENDAM,HAINES,59.22986667,-135.4360833,305,331.1,0.1,5,9156515,PCHM
2008-06-26T01:48:03,245968000,VOLENDAM,HAINES,59.22986667,-135.4360833,305,237.2,0.1,5,9156515,PCHM
2008-06-26T01:47:06,245968000,VOLENDAM,HAINES,59.22986667,-135.4360833,0,0.0,0.0,0,9156515,PCHM
2008-06-26T01:45:03,245968000,VOLENDAM,HAINES,59.22986667,-135.4360833,305,10.7,0.0,5,9156515,PCHM
2008-06-26T01:42:01,245968000,VOLENDAM,HAINES,59.22986667,-135.4360833,305,329.2,0.1,5,9156515,PCHM
2008-06-26T01:41:07,245968000,VOLENDAM,HAINES,59.22986667,-135.4360833,0,0.0,0.0,0,9156515,PCHM
2008-06-26T01:39:03,245968000,VOLENDAM,HAINES,59.22986667,-135.4360833,305,207.4,0.1,5,9156515,PCHM
2008-06-26T01:36:00,245968000,VOLENDAM,HAINES,59.22988333,-135.4360833,305,94.3,0.1,5,9156515,PCHM
2008-06-26T01:35:08,245968000,VOLENDAM,HAINES,59.22988333,-135.4360833,0,0.0,0.0,0,9156515,PCHM
2008-06-26T01:33:01,245968000,VOLENDAM,HAINES,59.22988333,-135.4360833,305,154.9,0.1,5,9156515,PCHM
2008-06-26T01:30:02,245968000,VOLENDAM,HAINES,59.22986667,-135.4360833,305,344.8,0.1,5,9156515,PCHM
2008-06-26T01:29:10,245968000,VOLENDAM,HAINES,59.22986667,-135.4360833,0,0.0,0.0,0,9156515,PCHM
2008-06-26T01:27:00,245968000,VOLENDAM,HAINES,59.22986667,-135.4360833,305,18.3,0.1,5,9156515,PCHM
2008-06-26T01:24:00,245968000,VOLENDAM,HAINES,59.22986667,-135.4360833,305,149.3,0.0,5,9156515,PCHM
2008-06-26T01:23:09,245968000,VOLENDAM,HAINES,59.22986667,-135.4360833,0,0.0,0.0,0,9156515,PCHM
2008-06-26T01:21:03,245968000,VOLENDAM,HAINES,59.22986667,-135.4360833,305,136.1,0.1,5,9156515,PCHM
2008-06-26T01:18:03,245968000,VOLENDAM,HAINES,59.22986667,-135.4360833,305,214.4,0.2,5,9156515,PCHM
2008-06-26T01:17:08,245968000,VOLENDAM,HAINES,59.22986667,-135.4360833,0,0.0,0.0,0,9156515,PCHM
2008-06-26T01:15:00,245968000,VOLENDAM,HAINES,59.22986667,-135.4360833,305,314.3,0.0,5,9156515,PCHM
2008-06-26T01:12:01,245968000,VOLENDAM,HAINES,59.22986667,-135.4360833,305,144.1,0.1,5,9156515,PCHM
2008-06-26T01:11:08,245968000,VOLENDAM,HAINES,59.22986667,-135.4360833,0,0.0,0.0,0,9156515,PCHM
2008-06-26T01:09:01,245968000,VOLENDAM,HAINES,59.22986667,-135.4360833,305,346.0,0.1,5,9156515,PCHM
2008-06-26T01:06:00,245968000,VOLENDAM,HAINES,59.22986667,-135.4360833,305,121.9,0.1,5,9156515,PCHM
2008-06-26T01:05:06,245968000,VOLENDAM,HAINES,59.22986667,-135.4361,0,0.0,0.0,0,9156515,PCHM
2008-06-26T01:03:02,245968000,VOLENDAM,HAINES,59.22986667,-135.4361,305,72.5,0.0,5,9156515,PCHM
2008-06-26T01:00:01,245968000,VOLENDAM,HAINES,59.22988333,-135.4360833,305,163.3,0.0,5,9156515,PCHM
2008-06-26T00:59:09,245968000,VOLENDAM,HAINES,59.22988333,-135.4360833,0,0.0,0.0,0,9156515,PCHM
2008-06-26T00:57:02,245968000,VOLENDAM,HAINES,59.22988333,-135.4360833,305,62.1,0.1,5,9156515,PCHM
2008-06-26T00:54:01,245968000,VOLENDAM,HAINES,59.22988333,-135.4360833,305,297.8,0.2,5,9156515,PCHM
2008-06-26T00:53:10,245968000,VOLENDAM,HAINES,59.22988333,-135.4360833,0,0.0,0.0,0,9156515,PCHM
2008-06-26T00:51:03,245968000,VOLENDAM,HAINES,59.22988333,-135.4360833,305,221.5,0.1,5,9156515,PCHM
2008-06-26T00:48:03,245968000,VOLENDAM,HAINES,59.22986667,-135.4360833,305,223.4,0.1,5,9156515,PCHM
2008-06-26T00:47:10,245968000,VOLENDAM,HAINES,59.22986667,-135.4361,0,0.0,0.0,0,9156515,PCHM
2008-06-26T00:45:03,245968000,VOLENDAM,HAINES,59.22986667,-135.4361,305,329.8,0.1,5,9156515,PCHM
2008-06-26T00:42:00,245968000,VOLENDAM,HAINES,59.22986667,-135.4361,305,71.9,0.0,5,9156515,PCHM
2008-06-26T00:41:09,245968000,VOLENDAM,HAINES,59.22986667,-135.4361,0,0.0,0.0,0,9156515,PCHM
2008-06-26T00:39:00,245968000,VOLENDAM,HAINES,59.22986667,-135.4361,305,57.5,0.1,5,9156515,PCHM
2008-06-26T00:36:02,245968000,VOLENDAM,HAINES,59.22986667,-135.4361,305,48.7,0.1,5,9156515,PCHM
2008-06-26T00:35:10,245968000,VOLENDAM,HAINES,59.22986667,-135.4361,0,0.0,0.0,0,9156515,PCHM
2008-06-26T00:33:01,245968000,VOLENDAM,HAINES,59.22986667,-135.4361,305,240.5,0.0,5,9156515,PCHM
2008-06-26T00:30:03,245968000,VOLENDAM,HAINES,59.22986667,-135.4361,305,144.5,0.0,5,9156515,PCHM
2008-06-26T00:29:07,245968000,VOLENDAM,HAINES,59.22986667,-135.4361,0,0.0,0.0,0,9156515,PCHM
2008-06-26T00:27:01,245968000,VOLENDAM,HAINES,59.22986667,-135.4361,305,44.7,0.1,5,9156515,PCHM
2008-06-26T00:24:00,245968000,VOLENDAM,HAINES,59.22986667,-135.4360833,305,138.7,0.0,5,9156515,PCHM
2008-06-26T00:23:09,245968000,VOLENDAM,HAINES,59.22986667,-135.4360833,0,0.0,0.0,0,9156515,PCHM
2008-06-26T00:21:03,245968000,VOLENDAM,HAINES,59.22986667,-135.4360833,305,34.0,0.1,5,9156515,PCHM
2008-06-26T00:18:00,245968000,VOLENDAM,HAINES,59.22986667,-135.4360833,305,288.0,0.1,5,9156515,PCHM
2008-06-26T00:17:06,245968000,VOLENDAM,HAINES,59.22986667,-135.4360833,0,0.0,0.0,0,9156515,PCHM
2008-06-26T00:15:03,245968000,VOLENDAM,HAINES,59.22986667,-135.4360833,305,253.2,0.1,5,9156515,PCHM
2008-06-26T00:12:02,245968000,VOLENDAM,HAINES,59.22986667,-135.4360833,305,179.1,0.1,5,9156515,PCHM
2008-06-26T00:11:09,245968000,VOLENDAM,HAINES,59.22986667,-135.4360833,0,0.0,0.0,0,9156515,PCHM
2008-06-26T00:09:03,245968000,VOLENDAM,HAINES,59.22986667,-135.4360833,305,221.3,0.0,5,9156515,PCHM
2008-06-26T00:06:00,245968000,VOLENDAM,HAINES,59.22986667,-135.4360833,305,156.7,0.0,5,9156515,PCHM
2008-06-26T00:05:09,245968000,VOLENDAM,HAINES,59.22986667,-135.4360833,0,0.0,0.0,0,9156515,PCHM
2008-06-26T00:03:00,245968000,VOLENDAM,HAINES,59.22986667,-135.4360833,305,236.4,0.0,5,9156515,PCHM
2008-06-26T00:00:01,245968000,VOLENDAM,HAINES,59.22986667,-135.4360833,305,31.6,0.1,5,9156515,PCHM
