bs_ts,mmsi,lat,lon,nav_status,cog,sog,heading,imo,callsign,name,Type of ship,destination
2008-06-23T23:59:59,310404000,55.520815,-132.1059267,0,301.5,18.4,300,9228198,ZCDF8,DIAMOND PRINCESS,16,JUNEAU
2008-06-23T23:59:54,310404000,55.52059667,-132.1053017,0,301.8,18.4,300,9228198,ZCDF8,DIAMOND PRINCESS,16,JUNEAU
2008-06-23T23:59:48,310404000,55.52024167,-132.1042867,0,301.8,18.4,300,9228198,ZCDF8,DIAMOND PRINCESS,16,JUNEAU
2008-06-23T23:59:42,310404000,55.52002,-132.1036533,0,301.5,18.4,300,9228198,ZCDF8,DIAMOND PRINCESS,16,JUNEAU
2008-06-23T23:59:36,310404000,55.51974667,-132.10288,0,301.8,18.4,300,9228198,ZCDF8,DIAMOND PRINCESS,16,JUNEAU
2008-06-23T23:59:30,310404000,55.51948333,-132.1021333,0,302.1,18.4,300,9228198,ZCDF8,DIAMOND PRINCESS,16,JUNEAU
2008-06-23T23:59:24,310404000,55.51920833,-132.1013683,0,301.5,18.3,300,9228198,ZCDF8,DIAMOND PRINCESS,16,JUNEAU
2008-06-23T23:59:18,310404000,55.51893833,-132.1006083,0,301.8,18.3,300,9228198,ZCDF8,DIAMOND PRINCESS,16,JUNEAU
2008-06-23T23:59:12,310404000,55.51867167,-132.099845,0,302.1,18.4,300,9228198,ZCDF8,DIAMOND PRINCESS,16,JUNEAU
2008-06-23T23:59:06,310404000,55.518405,-132.0991017,0,301.8,18.3,300,9228198,ZCDF8,DIAMOND PRINCESS,16,JUNEAU
2008-06-23T23:58:59,310404000,55.51812833,-132.0983333,0,301.8,18.3,300,9228198,ZCDF8,DIAMOND PRINCESS,16,JUNEAU
2008-06-23T23:58:54,310404000,55.51791,-132.0977167,0,302.1,18.4,300,9228198,ZCDF8,DIAMOND PRINCESS,16,JUNEAU
2008-06-23T23:58:48,310404000,55.51759167,-132.09682,0,301.8,18.3,300,9228198,ZCDF8,DIAMOND PRINCESS,16,JUNEAU
2008-06-23T23:58:42,310404000,55.51736333,-132.096185,0,302.1,18.3,300,9228198,ZCDF8,DIAMOND PRINCESS,16,JUNEAU
2008-06-23T23:58:36,310404000,55.51705167,-132.0953117,0,302.1,18.4,300,9228198,ZCDF8,DIAMOND PRINCESS,16,JUNEAU
2008-06-23T23:58:30,310404000,55.516825,-132.0946817,0,301.8,18.3,300,9228198,ZCDF8,DIAMOND PRINCESS,16,JUNEAU
2008-06-23T23:58:23,310404000,55.516465,-132.09367,0,301.8,18.3,300,9228198,ZCDF8,DIAMOND PRINCESS,16,JUNEAU
2008-06-23T23:58:18,310404000,55.51624167,-132.0930367,0,302.1,18.3,300,9228198,ZCDF8,DIAMOND PRINCESS,16,JUNEAU
2008-06-23T23:58:12,310404000,55.51596667,-132.09227,0,301.8,18.2,300,9228198,ZCDF8,DIAMOND PRINCESS,16,JUNEAU
2008-06-23T23:58:06,310404000,55.51565667,-132.0913967,0,301.8,18.3,300,9228198,ZCDF8,DIAMOND PRINCESS,16,JUNEAU
2008-06-23T23:57:59,310404000,55.51539,-132.0906383,0,301.8,18.3,300,9228198,ZCDF8,DIAMOND PRINCESS,16,JUNEAU
2008-06-23T23:57:54,310404000,55.51515833,-132.0899917,0,301.8,18.3,300,9228198,ZCDF8,DIAMOND PRINCESS,16,JUNEAU
2008-06-23T23:57:48,310404000,55.514885,-132.0892367,0,301.8,18.3,300,9228198,ZCDF8,DIAMOND PRINCESS,16,JUNEAU
2008-06-23T23:57:42,310404000,55.51462167,-132.0884867,0,301.8,18.3,300,9228198,ZCDF8,DIAMOND PRINCESS,16,JUNEAU
2008-06-23T23:57:40,310404000,55.51434833,-132.0877167,0,0.0,0.0,0,9228198,ZCDF8,DIAMOND PRINCESS,16,JUNEAU
2008-06-23T23:57:36,310404000,55.51434833,-132.0877167,0,301.8,18.3,300,9228198,ZCDF8,DIAMOND PRINCESS,16,JUNEAU
2008-06-23T23:57:30,310404000,55.51408333,-132.0869683,0,301.8,18.2,300,9228198,ZCDF8,DIAMOND PRINCESS,16,JUNEAU
2008-06-23T23:57:24,310404000,55.51380833,-132.0862017,0,301.5,18.3,300,9228198,ZCDF8,DIAMOND PRINCESS,16,JUNEAU
2008-06-23T23:57:18,310404000,55.51354833,-132.08545,0,302.1,18.3,300,9228198,ZCDF8,DIAMOND PRINCESS,16,JUNEAU
2008-06-23T23:57:12,310404000,55.51327167,-132.0846783,0,301.8,18.3,300,9228198,ZCDF8,DIAMOND PRINCESS,16,JUNEAU
2008-06-23T23:57:06,310404000,55.51300167,-132.0839217,0,301.5,18.3,300,9228198,ZCDF8,DIAMOND PRINCESS,16,JUNEAU
2008-06-23T23:57:00,310404000,55.51278,-132.0832867,0,301.5,18.3,300,9228198,ZCDF8,DIAMOND PRINCESS,16,JUNEAU
2008-06-23T23:56:54,310404000,55.51247167,-132.0824067,0,301.8,18.3,300,9228198,ZCDF8,DIAMOND PRINCESS,16,JUNEAU
2008-06-23T23:56:48,310404000,55.51215,-132.0815167,0,301.5,18.3,300,9228198,ZCDF8,DIAMOND PRINCESS,16,JUNEAU
2008-06-23T23:56:42,310404000,55.51193,-132.0808917,0,301.5,18.3,300,9228198,ZCDF8,DIAMOND PRINCESS,16,JUNEAU
2008-06-23T23:56:36,310404000,55.51161667,-132.0799917,0,301.8,18.3,300,9228198,ZCDF8,DIAMOND PRINCESS,16,JUNEAU
2008-06-23T23:56:30,310404000,55.51139333,-132.0793617,0,301.8,18.3,300,9228198,ZCDF8,DIAMOND PRINCESS,16,JUNEAU
2008-06-23T23:56:24,310404000,55.511125,-132.078605,0,301.5,18.3,300,9228198,ZCDF8,DIAMOND PRINCESS,16,JUNEAU
2008-06-23T23:56:17,310404000,55.51081333,-132.07772,0,301.2,18.3,300,9228198,ZCDF8,DIAMOND PRINCESS,16,JUNEAU
2008-06-23T23:56:12,310404000,55.510595,-132.0770917,0,301.5,18.3,300,9228198,ZCDF8,DIAMOND PRINCESS,16,JUNEAU
2008-06-23T23:56:06,310404000,55.51032333,-132.0763167,0,302.1,18.4,300,9228198,ZCDF8,DIAMOND PRINCESS,16,JUNEAU
2008-06-23T23:56:00,310404000,55.51005333,-132.0755667,0,301.5,18.3,300,9228198,ZCDF8,DIAMOND PRINCESS,16,JUNEAU
2008-06-23T23:55:54,310404000,55.50978833,-132.0748067,0,301.2,18.4,300,9228198,ZCDF8,DIAMOND PRINCESS,16,JUNEAU
2008-06-23T23:55:48,310404000,55.50952333,-132.0740383,0,301.8,18.4,300,9228198,ZCDF8,DIAMOND PRINCESS,16,JUNEAU
2008-06-23T23:55:42,310404000,55.50929833,-132.0734033,0,301.5,18.4,300,9228198,ZCDF8,DIAMOND PRINCESS,16,JUNEAU
2008-06-23T23:55:36,310404000,55.50893833,-132.0723867,0,301.2,18.4,300,9228198,ZCDF8,DIAMOND PRINCESS,16,JUNEAU
2008-06-23T23:55:30,310404000,55.50867333,-132.071625,0,301.5,18.4,300,9228198,ZCDF8,DIAMOND PRINCESS,16,JUNEAU
2008-06-23T23:55:24,310404000,55.50844833,-132.0709883,0,301.5,18.4,300,9228198,ZCDF8,DIAMOND PRINCESS,16,JUNEAU
2008-06-23T23:55:17,310404000,55.50813667,-132.0701033,0,301.2,18.4,300,9228198,ZCDF8,DIAMOND PRINCESS,16,JUNEAU
2008-06-23T23:55:12,310404000,55.50787333,-132.0693367,0,301.5,18.4,300,9228198,ZCDF8,DIAMOND PRINCESS,16,JUNEAU
2008-06-23T23:55:05,310404000,55.507605,-132.06857,0,301.5,18.4,300,9228198,ZCDF8,DIAMOND PRINCESS,16,JUNEAU
2008-06-23T23:55:00,310404000,55.50738,-132.0679383,0,300.9,18.4,300,9228198,ZCDF8,DIAMOND PRINCESS,16,JUNEAU
2008-06-23T23:54:54,310404000,55.50711833,-132.0671817,0,301.2,18.4,300,9228198,ZCDF8,DIAMOND PRINCESS,16,JUNEAU
2008-06-23T23:54:48,310404000,55.50685333,-132.0664167,0,301.2,18.4,300,9228198,ZCDF8,DIAMOND PRINCESS,16,JUNEAU
2008-06-23T23:54:42,310404000,55.50657667,-132.0656417,0,300.9,18.5,300,9228198,ZCDF8,DIAMOND PRINCESS,16,JUNEAU
2008-06-23T23:54:36,310404000,55.50631667,-132.0648883,0,301.2,18.5,300,9228198,ZCDF8,DIAMOND PRINCESS,16,JUNEAU
2008-06-23T23:54:30,310404000,55.50605,-132.06412,0,301.2,18.5,300,9228198,ZCDF8,DIAMOND PRINCESS,16,JUNEAU
2008-06-23T23:54:24,310404000,55.50578,-132.0633567,0,300.6,18.5,300,9228198,ZCDF8,DIAMOND PRINCESS,16,JUNEAU
2008-06-23T23:54:17,310404000,55.50542333,-132.0623117,0,301.9,18.5,301,9228198,ZCDF8,DIAMOND PRINCESS,16,JUNEAU
2008-06-23T23:54:12,310404000,55.50520167,-132.06167,0,302.2,18.5,301,9228198,ZCDF8,DIAMOND PRINCESS,16,JUNEAU
2008-06-23T23:54:05,310404000,55.50493333,-132.0609017,0,300.3,18.5,300,9228198,ZCDF8,DIAMOND PRINCESS,16,JUNEAU
2008-06-23T23:54:00,310404000,55.50467,-132.060135,0,300.6,18.5,300,9228198,ZCDF8,DIAMOND PRINCESS,16,JUNEAU
2008-06-23T23:53:54,310404000,55.50441,-132.0593583,0,301.9,18.5,301,9228198,ZCDF8,DIAMOND PRINCESS,16,JUNEAU
2008-06-23T23:53:48,310404000,55.50414,-132.05859,0,301.0,18.5,301,9228198,ZCDF8,DIAMOND PRINCESS,16,JUNEAU
2008-06-23T23:53:42,310404000,55.50392667,-132.0579567,0,300.6,18.4,301,9228198,ZCDF8,DIAMOND PRINCESS,16,JUNEAU
2008-06-23T23:53:36,310404000,55.50362667,-132.0570333,0,301.9,18.4,301,9228198,ZCDF8,DIAMOND PRINCESS,16,JUNEAU
2008-06-23T23:53:24,310404000,55.503135,-132.0556333,0,300.6,18.4,301,9228198,ZCDF8,DIAMOND PRINCESS,16,JUNEAU
2008-06-23T23:53:17,310404000,55.502835,-132.0547283,0,300.3,18.4,300,9228198,ZCDF8,DIAMOND PRINCESS,16,JUNEAU
2008-06-23T23:53:12,310404000,55.50262,-132.054085,0,300.3,18.4,300,9228198,ZCDF8,DIAMOND PRINCESS,16,JUNEAU
2008-06-23T23:53:05,310404000,55.50231833,-132.0531883,0,300.3,18.4,300,9228198,ZCDF8,DIAMOND PRINCESS,16,JUNEAU
2008-06-23T23:53:00,310404000,55.50206167,-132.05241,0,300.6,18.4,300,9228198,ZCDF8,DIAMOND PRINCESS,16,JUNEAU
2008-06-23T23:52:54,310404000,55.50180333,-132.051635,0,300.3,18.4,300,9228198,ZCDF8,DIAMOND PRINCESS,16,JUNEAU
2008-06-23T23:52:48,310404000,55.50154333,-132.05086,0,300.3,18.4,300,9228198,ZCDF8,DIAMOND PRINCESS,16,JUNEAU
2008-06-23T23:52:43,310404000,55.50128667,-132.0500867,0,300.3,18.4,300,9228198,ZCDF8,DIAMOND PRINCESS,16,JUNEAU
2008-06-23T23:52:36,310404000,55.50102833,-132.0493183,0,300.3,18.3,300,9228198,ZCDF8,DIAMOND PRINCESS,16,JUNEAU
2008-06-23T23:52:30,310404000,55.50077,-132.0485483,0,300.0,18.3,300,9228198,ZCDF8,DIAMOND PRINCESS,16,JUNEAU
2008-06-23T23:52:24,310404000,55.50051667,-132.0477783,0,300.3,18.3,300,9228198,ZCDF8,DIAMOND PRINCESS,16,JUNEAU
2008-06-23T23:52:17,310404000,55.50025833,-132.0470033,0,300.3,18.3,300,9228198,ZCDF8,DIAMOND PRINCESS,16,JUNEAU
2008-06-23T23:52:12,310404000,55.50000333,-132.0462317,0,300.0,18.3,300,9228198,ZCDF8,DIAMOND PRINCESS,16,JUNEAU
2008-06-23T23:52:05,310404000,55.49974667,-132.04546,0,300.3,18.3,300,9228198,ZCDF8,DIAMOND PRINCESS,16,JUNEAU
2008-06-23T23:52:00,310404000,55.49953833,-132.0448183,0,300.3,18.3,300,9228198,ZCDF8,DIAMOND PRINCESS,16,JUNEAU
2008-06-23T23:51:54,310404000,55.49924,-132.0439267,0,300.0,18.2,300,9228198,ZCDF8,DIAMOND PRINCESS,16,JUNEAU
2008-06-23T23:51:48,310404000,55.49898333,-132.0431633,0,299.6,18.2,300,9228198,ZCDF8,DIAMOND PRINCESS,16,JUNEAU
2008-06-23T23:51:42,310404000,55.49877333,-132.0425217,0,300.3,18.2,300,9228198,ZCDF8,DIAMOND PRINCESS,16,JUNEAU
2008-06-23T23:51:39,310404000,55.49848167,-132.0416167,0,0.0,0.0,0,9228198,ZCDF8,DIAMOND PRINCESS,16,JUNEAU
2008-06-23T23:51:36,310404000,55.49848167,-132.0416167,0,300.6,18.2,300,9228198,ZCDF8,DIAMOND PRINCESS,16,JUNEAU
2008-06-23T23:51:30,310404000,55.49822333,-132.0408567,0,299.6,18.2,300,9228198,ZCDF8,DIAMOND PRINCESS,16,JUNEAU
2008-06-23T23:51:24,310404000,55.49796833,-132.0400883,0,300.3,18.2,300,9228198,ZCDF8,DIAMOND PRINCESS,16,JUNEAU
2008-06-23T23:51:17,310404000,55.497675,-132.0391917,0,300.3,18.2,300,9228198,ZCDF8,DIAMOND PRINCESS,16,JUNEAU
2008-06-23T23:51:12,310404000,55.49746,-132.038555,0,300.3,18.2,300,9228198,ZCDF8,DIAMOND PRINCESS,16,JUNEAU
2008-06-23T23:51:05,310404000,55.497165,-132.0376583,0,300.3,18.2,300,9228198,ZCDF8,DIAMOND PRINCESS,16,JUNEAU
2008-06-23T23:51:00,310404000,55.496955,-132.03702,0,300.3,18.2,300,9228198,ZCDF8,DIAMOND PRINCESS,16,JUNEAU
2008-06-23T23:50:54,310404000,55.49669833,-132.0362533,0,300.3,18.2,300,9228198,ZCDF8,DIAMOND PRINCESS,16,JUNEAU
2008-06-23T23:50:47,310404000,55.49644667,-132.0354933,0,300.0,18.2,300,9228198,ZCDF8,DIAMOND PRINCESS,16,JUNEAU
2008-06-23T23:50:42,310404000,55.49623833,-132.0348583,0,300.3,18.1,300,9228198,ZCDF8,DIAMOND PRINCESS,16,JUNEAU
2008-06-23T23:50:36,310404000,55.49594167,-132.0339633,0,300.6,18.2,300,9228198,ZCDF8,DIAMOND PRINCESS,16,JUNEAU
2008-06-23T23:50:30,310404000,55.49568333,-132.0332033,0,300.0,18.1,300,9228198,ZCDF8,DIAMOND PRINCESS,16,JUNEAU
2008-06-23T23:50:24,310404000,55.495475,-132.032565,0,300.3,18.1,300,9228198,ZCDF8,DIAMOND PRINCESS,16,JUNEAU
2008-06-23T23:50:17,310404000,55.49517833,-132.0316683,0,300.6,18.1,300,9228198,ZCDF8,DIAMOND PRINCESS,16,JUNEAU
2008-06-23T23:50:12,310404000,55.49488333,-132.0307817,0,300.3,18.1,300,9228198,ZCDF8,DIAMOND PRINCESS,16,JUNEAU
2008-06-23T23:50:06,310404000,55.49463,-132.0300167,0,300.3,18.1,300,9228198,ZCDF8,DIAMOND PRINCESS,16,JUNEAU
2008-06-23T23:50:00,310404000,55.49441833,-132.02938,0,300.6,18.1,300,9228198,ZCDF8,DIAMOND PRINCESS,16,JUNEAU
2008-06-23T23:49:54,310404000,55.49412167,-132.0284933,0,300.6,18.1,300,9228198,ZCDF8,DIAMOND PRINCESS,16,JUNEAU
2008-06-23T23:49:47,310404000,55.49386667,-132.0277333,0,300.3,18.2,300,9228198,ZCDF8,DIAMOND PRINCESS,16,JUNEAU
2008-06-23T23:49:42,310404000,55.493655,-132.0270933,0,300.6,18.1,300,9228198,ZCDF8,DIAMOND PRINCESS,16,JUNEAU
2008-06-23T23:49:36,310404000,55.4934,-132.0263333,0,300.9,18.1,300,9228198,ZCDF8,DIAMOND PRINCESS,16,JUNEAU
2008-06-23T23:49:30,310404000,55.49314,-132.025575,0,300.3,18.1,300,9228198,ZCDF8,DIAMOND PRINCESS,16,JUNEAU
2008-06-23T23:49:24,310404000,55.49288667,-132.0248167,0,300.6,18.1,300,9228198,ZCDF8,DIAMOND PRINCESS,16,JUNEAU
2008-06-23T23:49:17,310404000,55.49259,-132.0239317,0,300.9,18.2,300,9228198,ZCDF8,DIAMOND PRINCESS,16,JUNEAU
2008-06-23T23:49:12,310404000,55.492375,-132.0233017,0,300.9,18.2,300,9228198,ZCDF8,DIAMOND PRINCESS,16,JUNEAU
2008-06-23T23:49:06,310404000,55.49211833,-132.0225433,0,300.9,18.1,300,9228198,ZCDF8,DIAMOND PRINCESS,16,JUNEAU
2008-06-23T23:49:00,310404000,55.49186,-132.0217833,0,300.6,18.1,300,9228198,ZCDF8,DIAMOND PRINCESS,16,JUNEAU
2008-06-23T23:48:54,310404000,55.4916,-132.02102,0,300.6,18.1,300,9228198,ZCDF8,DIAMOND PRINCESS,16,JUNEAU
2008-06-23T23:48:42,310404000,55.49108667,-132.0195,0,300.9,18.1,300,9228198,ZCDF8,DIAMOND PRINCESS,16,JUNEAU
2008-06-23T23:48:35,310404000,55.49078667,-132.0186167,0,300.6,18.1,300,9228198,ZCDF8,DIAMOND PRINCESS,16,JUNEAU
2008-06-23T23:48:29,310404000,55.49053167,-132.0178533,0,300.9,18.1,300,9228198,ZCDF8,DIAMOND PRINCESS,16,JUNEAU
2008-06-23T23:48:24,310404000,55.490275,-132.0170983,0,300.9,18.2,300,9228198,ZCDF8,DIAMOND PRINCESS,16,JUNEAU
2008-06-23T23:48:17,310404000,55.49001333,-132.0163417,0,300.6,18.1,300,9228198,ZCDF8,DIAMOND PRINCESS,16,JUNEAU
2008-06-23T23:48:12,310404000,55.48979833,-132.0157067,0,300.6,18.1,300,9228198,ZCDF8,DIAMOND PRINCESS,16,JUNEAU
2008-06-23T23:48:06,310404000,55.4895,-132.0148183,0,300.6,18.2,300,9228198,ZCDF8,DIAMOND PRINCESS,16,JUNEAU
2008-06-23T23:48:00,310404000,55.48928833,-132.014185,0,300.9,18.2,300,9228198,ZCDF8,DIAMOND PRINCESS,16,JUNEAU
2008-06-23T23:47:54,310404000,55.48902667,-132.013425,0,300.6,18.1,300,9228198,ZCDF8,DIAMOND PRINCESS,16,JUNEAU
2008-06-23T23:47:48,310404000,55.488725,-132.01254,0,300.3,18.1,300,9228198,ZCDF8,DIAMOND PRINCESS,16,JUNEAU
2008-06-23T23:47:42,310404000,55.48851667,-132.0119067,0,300.9,18.1,300,9228198,ZCDF8,DIAMOND PRINCESS,16,JUNEAU
2008-06-23T23:47:35,310404000,55.48826167,-132.0111417,0,300.9,18.1,300,9228198,ZCDF8,DIAMOND PRINCESS,16,JUNEAU
2008-06-23T23:47:29,310404000,55.48795833,-132.0102583,0,300.0,18.1,300,9228198,ZCDF8,DIAMOND PRINCESS,16,JUNEAU
2008-06-23T23:47:24,310404000,55.48770333,-132.0094983,0,300.0,18.1,300,9228198,ZCDF8,DIAMOND PRINCESS,16,JUNEAU
2008-06-23T23:47:17,310404000,55.487455,-132.00873,0,300.9,18.1,300,9228198,ZCDF8,DIAMOND PRINCESS,16,JUNEAU
2008-06-23T23:47:12,310404000,55.48719833,-132.0079733,0,300.3,18.1,300,9228198,ZCDF8,DIAMOND PRINCESS,16,JUNEAU
2008-06-23T23:47:06,310404000,55.48694,-132.0072117,0,299.6,18.1,300,9228198,ZCDF8,DIAMOND PRINCESS,16,JUNEAU
2008-06-23T23:47:00,310404000,55.48669167,-132.0064467,0,300.0,18.1,300,9228198,ZCDF8,DIAMOND PRINCESS,16,JUNEAU
2008-06-23T23:46:54,310404000,55.48644167,-132.0056867,0,300.3,18.1,300,9228198,ZCDF8,DIAMOND PRINCESS,16,JUNEAU
2008-06-23T23:46:48,310404000,55.48618667,-132.0049283,0,298.6,18.1,299,9228198,ZCDF8,DIAMOND PRINCESS,16,JUNEAU
2008-06-23T23:46:42,310404000,55.48598,-132.0042867,0,299.0,18.1,299,9228198,ZCDF8,DIAMOND PRINCESS,16,JUNEAU
2008-06-23T23:46:35,310404000,55.485695,-132.00339,0,299.0,18.1,299,9228198,ZCDF8,DIAMOND PRINCESS,16,JUNEAU
2008-06-23T23:46:29,310404000,55.48545167,-132.0026217,0,298.0,18.1,298,9228198,ZCDF8,DIAMOND PRINCESS,16,JUNEAU
2008-06-23T23:46:24,310404000,55.48525167,-132.00198,0,297.6,18.1,298,9228198,ZCDF8,DIAMOND PRINCESS,16,JUNEAU
2008-06-23T23:46:17,310404000,55.484975,-132.0010733,0,297.0,18.1,297,9228198,ZCDF8,DIAMOND PRINCESS,16,JUNEAU
2008-06-23T23:46:12,310404000,55.48478333,-132.0004217,0,297.0,18.1,297,9228198,ZCDF8,DIAMOND PRINCESS,16,JUNEAU
2008-06-23T23:46:06,310404000,55.48455,-131.9996383,0,296.0,18.0,296,9228198,ZCDF8,DIAMOND PRINCESS,16,JUNEAU
2008-06-23T23:46:00,310404000,55.48429,-131.9987217,0,296.0,18.0,296,9228198,ZCDF8,DIAMOND PRINCESS,16,JUNEAU
2008-06-23T23:45:54,310404000,55.48407,-131.9979333,0,295.0,18.0,295,9228198,ZCDF8,DIAMOND PRINCESS,16,JUNEAU
2008-06-23T23:45:48,310404000,55.483855,-131.9971417,0,295.3,18.0,295,9228198,ZCDF8,DIAMOND PRINCESS,16,JUNEAU
2008-06-23T23:45:42,310404000,55.48367833,-131.99648,0,294.6,18.0,294,9228198,ZCDF8,DIAMOND PRINCESS,16,JUNEAU
2008-06-23T23:45:37,310404000,55.48343,-131.9955533,0,0.0,0.0,0,9228198,ZCDF8,DIAMOND PRINCESS,16,JUNEAU
2008-06-23T23:45:35,310404000,55.48343,-131.9955533,0,293.0,18.0,293,9228198,ZCDF8,DIAMOND PRINCESS,16,JUNEAU
2008-06-23T23:45:29,310404000,55.48323,-131.9947533,0,293.6,18.0,293,9228198,ZCDF8,DIAMOND PRINCESS,16,JUNEAU
2008-06-23T23:45:24,310404000,55.48303333,-131.9939517,0,293.2,18.0,292,9228198,ZCDF8,DIAMOND PRINCESS,16,JUNEAU
2008-06-23T23:45:17,310404000,55.48283,-131.9931483,0,292.9,17.9,292,9228198,ZCDF8,DIAMOND PRINCESS,16,JUNEAU
2008-06-23T23:45:12,310404000,55.482665,-131.9924767,0,291.6,17.9,291,9228198,ZCDF8,DIAMOND PRINCESS,16,JUNEAU
2008-06-23T23:45:06,310404000,55.48244833,-131.9915367,0,291.9,17.9,291,9228198,ZCDF8,DIAMOND PRINCESS,16,JUNEAU
2008-06-23T23:45:00,310404000,55.482295,-131.9908583,0,291.6,17.9,290,9228198,ZCDF8,DIAMOND PRINCESS,16,JUNEAU
2008-06-23T23:44:54,310404000,55.48208,-131.9899167,0,291.2,17.9,290,9228198,ZCDF8,DIAMOND PRINCESS,16,JUNEAU
2008-06-23T23:44:48,310404000,55.48189667,-131.98911,0,291.2,17.8,290,9228198,ZCDF8,DIAMOND PRINCESS,16,JUNEAU
2008-06-23T23:44:42,310404000,55.48174833,-131.9884333,0,291.6,17.8,290,9228198,ZCDF8,DIAMOND PRINCESS,16,JUNEAU
2008-06-23T23:44:35,310404000,55.48150833,-131.9873533,0,291.6,17.8,290,9228198,ZCDF8,DIAMOND PRINCESS,16,JUNEAU
2008-06-23T23:44:29,310404000,55.48132667,-131.9865467,0,291.6,17.8,290,9228198,ZCDF8,DIAMOND PRINCESS,16,JUNEAU
2008-06-23T23:44:24,310404000,55.481175,-131.985875,0,291.2,17.8,290,9228198,ZCDF8,DIAMOND PRINCESS,16,JUNEAU
2008-06-23T23:44:17,310404000,55.48099667,-131.985065,0,291.9,17.8,290,9228198,ZCDF8,DIAMOND PRINCESS,16,JUNEAU
2008-06-23T23:44:12,310404000,55.48081667,-131.984265,0,291.6,17.7,290,9228198,ZCDF8,DIAMOND PRINCESS,16,JUNEAU
2008-06-23T23:44:06,310404000,55.480635,-131.9834583,0,291.9,17.7,290,9228198,ZCDF8,DIAMOND PRINCESS,16,JUNEAU
2008-06-23T23:44:00,310404000,55.48045,-131.98265,0,291.2,17.7,290,9228198,ZCDF8,DIAMOND PRINCESS,16,JUNEAU
2008-06-23T23:43:54,310404000,55.48027167,-131.9818533,0,291.9,17.7,290,9228198,ZCDF8,DIAMOND PRINCESS,16,JUNEAU
2008-06-23T23:43:48,310404000,55.48009167,-131.981055,0,292.2,17.8,290,9228198,ZCDF8,DIAMOND PRINCESS,16,JUNEAU
2008-06-23T23:43:42,310404000,55.47994333,-131.98039,0,291.9,17.7,290,9228198,ZCDF8,DIAMOND PRINCESS,16,JUNEAU
2008-06-23T23:43:36,310404000,55.47975833,-131.9795917,0,291.6,17.7,290,9228198,ZCDF8,DIAMOND PRINCESS,16,JUNEAU
2008-06-23T23:43:29,310404000,55.47954833,-131.97866,0,292.3,17.6,291,9228198,ZCDF8,DIAMOND PRINCESS,16,JUNEAU
2008-06-23T23:43:24,310404000,55.479365,-131.9778633,0,291.9,17.7,290,9228198,ZCDF8,DIAMOND PRINCESS,16,JUNEAU
2008-06-23T23:43:17,310404000,55.47915,-131.9769367,0,291.6,17.7,290,9228198,ZCDF8,DIAMOND PRINCESS,16,JUNEAU
2008-06-23T23:43:12,310404000,55.47899833,-131.9762683,0,291.9,17.7,290,9228198,ZCDF8,DIAMOND PRINCESS,16,JUNEAU
2008-06-23T23:43:05,310404000,55.47878667,-131.975335,0,291.9,17.6,290,9228198,ZCDF8,DIAMOND PRINCESS,16,JUNEAU
2008-06-23T23:43:00,310404000,55.47864,-131.97467,0,291.9,17.6,290,9228198,ZCDF8,DIAMOND PRINCESS,16,JUNEAU
2008-06-23T23:42:54,310404000,55.478455,-131.973875,0,291.6,17.7,290,9228198,ZCDF8,DIAMOND PRINCESS,16,JUNEAU
2008-06-23T23:42:48,310404000,55.47827833,-131.973075,0,291.9,17.6,290,9228198,ZCDF8,DIAMOND PRINCESS,16,JUNEAU
2008-06-23T23:42:42,310404000,55.47809667,-131.972275,0,291.6,17.6,290,9228198,ZCDF8,DIAMOND PRINCESS,16,JUNEAU
2008-06-23T23:42:36,310404000,55.47791667,-131.97148,0,291.6,17.6,290,9228198,ZCDF8,DIAMOND PRINCESS,16,JUNEAU
2008-06-23T23:42:29,310404000,55.47770667,-131.97055,0,291.9,17.6,290,9228198,ZCDF8,DIAMOND PRINCESS,16,JUNEAU
2008-06-23T23:42:23,310404000,55.47755667,-131.9698833,0,292.2,17.6,290,9228198,ZCDF8,DIAMOND PRINCESS,16,JUNEAU
2008-06-23T23:42:17,310404000,55.47737333,-131.969085,0,291.6,17.6,290,9228198,ZCDF8,DIAMOND PRINCESS,16,JUNEAU
2008-06-23T23:42:12,310404000,55.47719167,-131.9682933,0,291.9,17.6,290,9228198,ZCDF8,DIAMOND PRINCESS,16,JUNEAU
2008-06-23T23:42:05,310404000,55.47701333,-131.9674967,0,292.2,17.6,290,9228198,ZCDF8,DIAMOND PRINCESS,16,JUNEAU
2008-06-23T23:42:00,310404000,55.476865,-131.9668333,0,291.9,17.5,290,9228198,ZCDF8,DIAMOND PRINCESS,16,JUNEAU
2008-06-23T23:41:54,310404000,55.476625,-131.9657767,0,291.9,17.6,290,9228198,ZCDF8,DIAMOND PRINCESS,16,JUNEAU
2008-06-23T23:41:48,310404000,55.47644333,-131.9649833,0,291.6,17.5,290,9228198,ZCDF8,DIAMOND PRINCESS,16,JUNEAU
2008-06-23T23:41:42,310404000,55.4763,-131.9643167,0,291.9,17.5,290,9228198,ZCDF8,DIAMOND PRINCESS,16,JUNEAU
2008-06-23T23:41:36,310404000,55.476115,-131.9635333,0,291.6,17.5,290,9228198,ZCDF8,DIAMOND PRINCESS,16,JUNEAU
2008-06-23T23:41:29,310404000,55.47590667,-131.9626083,0,291.6,17.5,290,9228198,ZCDF8,DIAMOND PRINCESS,16,JUNEAU
2008-06-23T23:41:23,310404000,55.47572833,-131.96182,0,291.9,17.5,290,9228198,ZCDF8,DIAMOND PRINCESS,16,JUNEAU
2008-06-23T23:41:17,310404000,55.475545,-131.9610283,0,291.6,17.5,290,9228198,ZCDF8,DIAMOND PRINCESS,16,JUNEAU
2008-06-23T23:41:12,310404000,55.475395,-131.96037,0,291.6,17.5,290,9228198,ZCDF8,DIAMOND PRINCESS,16,JUNEAU
2008-06-23T23:41:05,310404000,55.47518833,-131.9594467,0,291.3,17.5,290,9228198,ZCDF8,DIAMOND PRINCESS,16,JUNEAU
2008-06-23T23:41:00,310404000,55.47504167,-131.9587867,0,291.9,17.5,290,9228198,ZCDF8,DIAMOND PRINCESS,16,JUNEAU
2008-06-23T23:40:54,310404000,55.47486,-131.957995,0,291.9,17.5,290,9228198,ZCDF8,DIAMOND PRINCESS,16,JUNEAU
2008-06-23T23:40:48,310404000,55.47468,-131.9572067,0,291.3,17.5,290,9228198,ZCDF8,DIAMOND PRINCESS,16,JUNEAU
2008-06-23T23:40:42,310404000,55.4745,-131.956415,0,291.6,17.5,290,9228198,ZCDF8,DIAMOND PRINCESS,16,JUNEAU
2008-06-23T23:40:36,310404000,55.47432667,-131.9556233,0,291.9,17.5,290,9228198,ZCDF8,DIAMOND PRINCESS,16,JUNEAU
2008-06-23T23:40:29,310404000,55.474115,-131.9547,0,291.9,17.5,290,9228198,ZCDF8,DIAMOND PRINCESS,16,JUNEAU
2008-06-23T23:40:24,310404000,55.47393333,-131.95391,0,290.9,17.4,290,9228198,ZCDF8,DIAMOND PRINCESS,16,JUNEAU
2008-06-23T23:40:17,310404000,55.47376,-131.9531167,0,291.3,17.4,290,9228198,ZCDF8,DIAMOND PRINCESS,16,JUNEAU
2008-06-23T23:40:11,310404000,55.473585,-131.9523267,0,291.9,17.5,290,9228198,ZCDF8,DIAMOND PRINCESS,16,JUNEAU
2008-06-23T23:40:05,310404000,55.473405,-131.9515367,0,291.3,17.5,290,9228198,ZCDF8,DIAMOND PRINCESS,16,JUNEAU
2008-06-23T23:40:00,310404000,55.47325833,-131.95088,0,291.3,17.5,290,9228198,ZCDF8,DIAMOND PRINCESS,16,JUNEAU
2008-06-23T23:39:53,310404000,55.47305167,-131.9499533,0,291.6,17.5,290,9228198,ZCDF8,DIAMOND PRINCESS,16,JUNEAU
2008-06-23T23:39:48,310404000,55.472875,-131.9491667,0,291.3,17.5,290,9228198,ZCDF8,DIAMOND PRINCESS,16,JUNEAU
2008-06-23T23:39:42,310404000,55.472725,-131.9485083,0,291.3,17.5,290,9228198,ZCDF8,DIAMOND PRINCESS,16,JUNEAU
2008-06-23T23:39:36,310404000,55.47254833,-131.94772,0,291.3,17.5,290,9228198,ZCDF8,DIAMOND PRINCESS,16,JUNEAU
2008-06-23T23:39:36,310404000,55.47234333,-131.9467967,0,0.0,0.0,0,9228198,ZCDF8,DIAMOND PRINCESS,16,JUNEAU
2008-06-23T23:39:29,310404000,55.47234333,-131.9467967,0,291.6,17.5,290,9228198,ZCDF8,DIAMOND PRINCESS,16,JUNEAU
2008-06-23T23:39:23,310404000,55.47216667,-131.9460033,0,291.6,17.5,290,9228198,ZCDF8,DIAMOND PRINCESS,16,JUNEAU
2008-06-23T23:39:17,310404000,55.47198833,-131.9452133,0,291.3,17.5,290,9228198,ZCDF8,DIAMOND PRINCESS,16,JUNEAU
2008-06-23T23:39:11,310404000,55.47181,-131.9444183,0,291.3,17.5,290,9228198,ZCDF8,DIAMOND PRINCESS,16,JUNEAU
2008-06-23T23:39:05,310404000,55.47160667,-131.94349,0,291.6,17.5,290,9228198,ZCDF8,DIAMOND PRINCESS,16,JUNEAU
2008-06-23T23:38:59,310404000,55.47145667,-131.942835,0,291.3,17.5,290,9228198,ZCDF8,DIAMOND PRINCESS,16,JUNEAU
2008-06-23T23:38:53,310404000,55.47127833,-131.9420433,0,290.9,17.5,290,9228198,ZCDF8,DIAMOND PRINCESS,16,JUNEAU
2008-06-23T23:38:48,310404000,55.47110667,-131.94125,0,291.6,17.5,290,9228198,ZCDF8,DIAMOND PRINCESS,16,JUNEAU
2008-06-23T23:38:42,310404000,55.47096167,-131.940585,0,291.9,17.5,290,9228198,ZCDF8,DIAMOND PRINCESS,16,JUNEAU
2008-06-23T23:38:36,310404000,55.47078,-131.939795,0,291.6,17.5,290,9228198,ZCDF8,DIAMOND PRINCESS,16,JUNEAU
2008-06-23T23:38:29,310404000,55.47057167,-131.9388717,0,290.9,17.4,290,9228198,ZCDF8,DIAMOND PRINCESS,16,JUNEAU
2008-06-23T23:38:23,310404000,55.47040167,-131.9380783,0,291.6,17.5,290,9228198,ZCDF8,DIAMOND PRINCESS,16,JUNEAU
2008-06-23T23:38:17,310404000,55.47022333,-131.9372833,0,291.6,17.5,290,9228198,ZCDF8,DIAMOND PRINCESS,16,JUNEAU
2008-06-23T23:38:11,310404000,55.470045,-131.9364983,0,291.3,17.4,290,9228198,ZCDF8,DIAMOND PRINCESS,16,JUNEAU
2008-06-23T23:38:05,310404000,55.46987167,-131.9357,0,291.6,17.4,290,9228198,ZCDF8,DIAMOND PRINCESS,16,JUNEAU
2008-06-23T23:37:59,310404000,55.469695,-131.9349083,0,291.3,17.5,290,9228198,ZCDF8,DIAMOND PRINCESS,16,JUNEAU
2008-06-23T23:37:53,310404000,55.46951667,-131.9341183,0,291.3,17.6,290,9228198,ZCDF8,DIAMOND PRINCESS,16,JUNEAU
2008-06-23T23:37:48,310404000,55.46937167,-131.9334567,0,291.3,17.4,290,9228198,ZCDF8,DIAMOND PRINCESS,16,JUNEAU
2008-06-23T23:37:42,310404000,55.46916667,-131.93253,0,291.6,17.4,290,9228198,ZCDF8,DIAMOND PRINCESS,16,JUNEAU
2008-06-23T23:37:36,310404000,55.46898667,-131.9317383,0,291.3,17.4,290,9228198,ZCDF8,DIAMOND PRINCESS,16,JUNEAU
2008-06-23T23:37:29,310404000,55.46881,-131.9309467,0,291.3,17.4,290,9228198,ZCDF8,DIAMOND PRINCESS,16,JUNEAU
2008-06-23T23:37:23,310404000,55.46863667,-131.930155,0,291.6,17.5,290,9228198,ZCDF8,DIAMOND PRINCESS,16,JUNEAU
2008-06-23T23:37:17,310404000,55.468465,-131.9293617,0,291.9,17.4,290,9228198,ZCDF8,DIAMOND PRINCESS,16,JUNEAU
2008-06-23T23:37:11,310404000,55.468285,-131.9285767,0,291.6,17.5,290,9228198,ZCDF8,DIAMOND PRINCESS,16,JUNEAU
2008-06-23T23:37:05,310404000,55.46810333,-131.9277867,0,291.3,17.4,290,9228198,ZCDF8,DIAMOND PRINCESS,16,JUNEAU
2008-06-23T23:36:59,310404000,55.46793167,-131.9269933,0,291.3,17.4,290,9228198,ZCDF8,DIAMOND PRINCESS,16,JUNEAU
2008-06-23T23:36:53,310404000,55.46775333,-131.9261983,0,291.6,17.4,290,9228198,ZCDF8,DIAMOND PRINCESS,16,JUNEAU
2008-06-23T23:36:48,310404000,55.467575,-131.9254083,0,291.6,17.4,290,9228198,ZCDF8,DIAMOND PRINCESS,16,JUNEAU
2008-06-23T23:36:42,310404000,55.46742667,-131.92475,0,291.3,17.4,290,9228198,ZCDF8,DIAMOND PRINCESS,16,JUNEAU
2008-06-23T23:36:35,310404000,55.467225,-131.92383,0,291.6,17.4,290,9228198,ZCDF8,DIAMOND PRINCESS,16,JUNEAU
2008-06-23T23:36:29,310404000,55.46704833,-131.9230433,0,291.6,17.4,290,9228198,ZCDF8,DIAMOND PRINCESS,16,JUNEAU
2008-06-23T23:36:23,310404000,55.46687,-131.922255,0,291.3,17.4,290,9228198,ZCDF8,DIAMOND PRINCESS,16,JUNEAU
2008-06-23T23:36:17,310404000,55.46669167,-131.9214683,0,291.3,17.4,290,9228198,ZCDF8,DIAMOND PRINCESS,16,JUNEAU
2008-06-23T23:36:11,310404000,55.46648833,-131.9205467,0,291.3,17.4,290,9228198,ZCDF8,DIAMOND PRINCESS,16,JUNEAU
2008-06-23T23:36:05,310404000,55.46631167,-131.9197567,0,291.6,17.4,290,9228198,ZCDF8,DIAMOND PRINCESS,16,JUNEAU
2008-06-23T23:35:59,310404000,55.46613333,-131.9189717,0,291.3,17.4,290,9228198,ZCDF8,DIAMOND PRINCESS,16,JUNEAU
2008-06-23T23:35:54,310404000,55.46598833,-131.9183117,0,291.3,17.4,290,9228198,ZCDF8,DIAMOND PRINCESS,16,JUNEAU
2008-06-23T23:35:48,310404000,55.46581333,-131.9175233,0,291.6,17.4,290,9228198,ZCDF8,DIAMOND PRINCESS,16,JUNEAU
2008-06-23T23:35:42,310404000,55.46563667,-131.91674,0,291.3,17.3,290,9228198,ZCDF8,DIAMOND PRINCESS,16,JUNEAU
2008-06-23T23:35:35,310404000,55.46542833,-131.9158267,0,291.3,17.3,290,9228198,ZCDF8,DIAMOND PRINCESS,16,JUNEAU
2008-06-23T23:35:29,310404000,55.46528667,-131.9151683,0,291.6,17.3,290,9228198,ZCDF8,DIAMOND PRINCESS,16,JUNEAU
2008-06-23T23:35:24,310404000,55.46511,-131.914385,0,291.6,17.3,290,9228198,ZCDF8,DIAMOND PRINCESS,16,JUNEAU
2008-06-23T23:35:17,310404000,55.464935,-131.913605,0,291.3,17.3,290,9228198,ZCDF8,DIAMOND PRINCESS,16,JUNEAU
2008-06-23T23:35:11,310404000,55.46476167,-131.91282,0,291.3,17.3,290,9228198,ZCDF8,DIAMOND PRINCESS,16,JUNEAU
2008-06-23T23:35:06,310404000,55.46458833,-131.9120367,0,291.3,17.3,290,9228198,ZCDF8,DIAMOND PRINCESS,16,JUNEAU
2008-06-23T23:35:00,310404000,55.46441167,-131.91126,0,291.6,17.2,290,9228198,ZCDF8,DIAMOND PRINCESS,16,JUNEAU
2008-06-23T23:34:54,310404000,55.46421,-131.9103483,0,291.3,17.2,290,9228198,ZCDF8,DIAMOND PRINCESS,16,JUNEAU
2008-06-23T23:34:48,310404000,55.46403667,-131.90957,0,291.3,17.2,290,9228198,ZCDF8,DIAMOND PRINCESS,16,JUNEAU
2008-06-23T23:34:42,310404000,55.46389,-131.9089183,0,291.3,17.2,290,9228198,ZCDF8,DIAMOND PRINCESS,16,JUNEAU
2008-06-23T23:34:35,310404000,55.46368833,-131.9080083,0,291.3,17.2,290,9228198,ZCDF8,DIAMOND PRINCESS,16,JUNEAU
2008-06-23T23:34:29,310404000,55.46351833,-131.9072317,0,291.3,17.1,290,9228198,ZCDF8,DIAMOND PRINCESS,16,JUNEAU
2008-06-23T23:34:24,310404000,55.46337333,-131.9065867,0,291.6,17.1,290,9228198,ZCDF8,DIAMOND PRINCESS,16,JUNEAU
2008-06-23T23:34:17,310404000,55.46317167,-131.905685,0,291.3,17.1,290,9228198,ZCDF8,DIAMOND PRINCESS,16,JUNEAU
2008-06-23T23:34:11,310404000,55.46302833,-131.90504,0,291.3,17.1,290,9228198,ZCDF8,DIAMOND PRINCESS,16,JUNEAU
2008-06-23T23:34:06,310404000,55.46285667,-131.904265,0,291.3,17.0,290,9228198,ZCDF8,DIAMOND PRINCESS,16,JUNEAU
2008-06-23T23:34:00,310404000,55.46268833,-131.9034917,0,291.3,17.0,290,9228198,ZCDF8,DIAMOND PRINCESS,16,JUNEAU
2008-06-23T23:33:54,310404000,55.46251833,-131.902725,0,291.3,17.0,290,9228198,ZCDF8,DIAMOND PRINCESS,16,JUNEAU
2008-06-23T23:33:48,310404000,55.462345,-131.901945,0,291.0,17.0,290,9228198,ZCDF8,DIAMOND PRINCESS,16,JUNEAU
2008-06-23T23:33:42,310404000,55.462175,-131.901175,0,291.0,16.9,290,9228198,ZCDF8,DIAMOND PRINCESS,16,JUNEAU
2008-06-23T23:33:37,310404000,55.46198,-131.9002833,0,0.0,0.0,0,9228198,ZCDF8,DIAMOND PRINCESS,16,JUNEAU
2008-06-23T23:33:35,310404000,55.46198,-131.9002833,0,291.3,16.9,290,9228198,ZCDF8,DIAMOND PRINCESS,16,JUNEAU
2008-06-23T23:33:29,310404000,55.46180833,-131.899515,0,291.3,16.9,290,9228198,ZCDF8,DIAMOND PRINCESS,16,JUNEAU
2008-06-23T23:33:24,310404000,55.46166333,-131.8988767,0,291.3,16.9,290,9228198,ZCDF8,DIAMOND PRINCESS,16,JUNEAU
2008-06-23T23:33:17,310404000,55.461465,-131.8979817,0,290.6,16.8,290,9228198,ZCDF8,DIAMOND PRINCESS,16,JUNEAU
2008-06-23T23:33:11,310404000,55.461305,-131.8972133,0,291.7,16.8,290,9228198,ZCDF8,DIAMOND PRINCESS,16,JUNEAU
2008-06-23T23:33:06,310404000,55.46116333,-131.8965733,0,291.7,16.8,290,9228198,ZCDF8,DIAMOND PRINCESS,16,JUNEAU
2008-06-23T23:33:00,310404000,55.46096167,-131.895685,0,291.0,16.8,290,9228198,ZCDF8,DIAMOND PRINCESS,16,JUNEAU
2008-06-23T23:32:54,310404000,55.46079167,-131.894925,0,291.0,16.8,290,9228198,ZCDF8,DIAMOND PRINCESS,16,JUNEAU
2008-06-23T23:32:48,310404000,55.46065667,-131.8942917,0,291.3,16.7,290,9228198,ZCDF8,DIAMOND PRINCESS,16,JUNEAU
2008-06-23T23:32:42,310404000,55.46048667,-131.8935333,0,292.0,16.7,290,9228198,ZCDF8,DIAMOND PRINCESS,16,JUNEAU
2008-06-23T23:32:35,310404000,55.46028333,-131.892655,0,291.3,16.7,290,9228198,ZCDF8,DIAMOND PRINCESS,16,JUNEAU
2008-06-23T23:32:24,310404000,55.459975,-131.891265,0,292.0,16.6,290,9228198,ZCDF8,DIAMOND PRINCESS,16,JUNEAU
2008-06-23T23:32:18,310404000,55.4598,-131.8905117,0,292.0,16.5,290,9228198,ZCDF8,DIAMOND PRINCESS,16,JUNEAU
2008-06-23T23:32:12,310404000,55.459655,-131.8898917,0,291.7,16.6,290,9228198,ZCDF8,DIAMOND PRINCESS,16,JUNEAU
2008-06-23T23:32:06,310404000,55.45942833,-131.8888917,0,293.0,16.6,290,9228198,ZCDF8,DIAMOND PRINCESS,16,JUNEAU
2008-06-23T23:32:00,310404000,55.45925333,-131.888145,0,293.4,16.6,291,9228198,ZCDF8,DIAMOND PRINCESS,16,JUNEAU
2008-06-23T23:31:54,310404000,55.459075,-131.8874017,0,293.0,16.6,291,9228198,ZCDF8,DIAMOND PRINCESS,16,JUNEAU
2008-06-23T23:31:47,310404000,55.45889833,-131.8866583,0,294.4,16.6,292,9228198,ZCDF8,DIAMOND PRINCESS,16,JUNEAU
2008-06-23T23:31:42,310404000,55.45874667,-131.88604,0,294.4,16.5,292,9228198,ZCDF8,DIAMOND PRINCESS,16,JUNEAU
2008-06-23T23:31:35,310404000,55.458525,-131.885185,0,295.0,16.5,293,9228198,ZCDF8,DIAMOND PRINCESS,16,JUNEAU
2008-06-23T23:31:30,310404000,55.458335,-131.8844517,0,295.0,16.5,293,9228198,ZCDF8,DIAMOND PRINCESS,16,JUNEAU
2008-06-23T23:31:24,310404000,55.45814167,-131.883725,0,296.0,16.5,294,9228198,ZCDF8,DIAMOND PRINCESS,16,JUNEAU
2008-06-23T23:31:18,310404000,55.45797833,-131.8831217,0,296.0,16.4,294,9228198,ZCDF8,DIAMOND PRINCESS,16,JUNEAU
2008-06-23T23:31:12,310404000,55.45777667,-131.882405,0,297.0,16.4,295,9228198,ZCDF8,DIAMOND PRINCESS,16,JUNEAU
2008-06-23T23:31:06,310404000,55.45757167,-131.8816883,0,297.7,16.4,296,9228198,ZCDF8,DIAMOND PRINCESS,16,JUNEAU
2008-06-23T23:31:00,310404000,55.45736667,-131.88098,0,297.7,16.4,296,9228198,ZCDF8,DIAMOND PRINCESS,16,JUNEAU
2008-06-23T23:30:54,310404000,55.45715667,-131.8802733,0,299.0,16.4,297,9228198,ZCDF8,DIAMOND PRINCESS,16,JUNEAU
2008-06-23T23:30:47,310404000,55.45687167,-131.8793383,0,299.1,16.3,297,9228198,ZCDF8,DIAMOND PRINCESS,16,JUNEAU
2008-06-23T23:30:42,310404000,55.45669,-131.8787567,0,299.7,16.4,298,9228198,ZCDF8,DIAMOND PRINCESS,16,JUNEAU
2008-06-23T23:30:35,310404000,55.45647167,-131.8780617,0,299.7,16.3,298,9228198,ZCDF8,DIAMOND PRINCESS,16,JUNEAU
2008-06-23T23:30:30,310404000,55.45625333,-131.8773717,0,300.7,16.2,299,9228198,ZCDF8,DIAMOND PRINCESS,16,JUNEAU
2008-06-23T23:30:24,310404000,55.456025,-131.876685,0,300.4,16.1,299,9228198,ZCDF8,DIAMOND PRINCESS,16,JUNEAU
2008-06-23T23:30:18,310404000,55.45579833,-131.876005,0,301.4,16.2,299,9228198,ZCDF8,DIAMOND PRINCESS,16,JUNEAU
2008-06-23T23:30:12,310404000,55.45561,-131.8754417,0,301.7,16.2,300,9228198,ZCDF8,DIAMOND PRINCESS,16,JUNEAU
2008-06-23T23:30:06,310404000,55.45537667,-131.8747633,0,302.7,16.2,301,9228198,ZCDF8,DIAMOND PRINCESS,16,JUNEAU
2008-06-23T23:30:00,310404000,55.45510167,-131.8739833,0,302.7,16.2,301,9228198,ZCDF8,DIAMOND PRINCESS,16,JUNEAU
2008-06-23T23:29:54,310404000,55.4549,-131.87343,0,303.4,16.1,302,9228198,ZCDF8,DIAMOND PRINCESS,16,JUNEAU
2008-06-23T23:29:47,310404000,55.454615,-131.8726617,0,303.0,16.1,302,9228198,ZCDF8,DIAMOND PRINCESS,16,JUNEAU
2008-06-23T23:29:42,310404000,55.45441333,-131.872115,0,304.7,16.1,303,9228198,ZCDF8,DIAMOND PRINCESS,16,JUNEAU
2008-06-23T23:29:35,310404000,55.45412167,-131.8713567,0,305.4,16.1,304,9228198,ZCDF8,DIAMOND PRINCESS,16,JUNEAU
2008-06-23T23:29:30,310404000,55.45386667,-131.87072,0,305.0,16.1,304,9228198,ZCDF8,DIAMOND PRINCESS,16,JUNEAU
2008-06-23T23:29:24,310404000,55.45361,-131.8700733,0,306.0,16.0,305,9228198,ZCDF8,DIAMOND PRINCESS,16,JUNEAU
2008-06-23T23:29:18,310404000,55.453355,-131.8694333,0,306.7,16.0,305,9228198,ZCDF8,DIAMOND PRINCESS,16,JUNEAU
2008-06-23T23:29:12,310404000,55.45313667,-131.8689133,0,307.4,16.0,306,9228198,ZCDF8,DIAMOND PRINCESS,16,JUNEAU
2008-06-23T23:29:06,310404000,55.45282667,-131.8681867,0,306.7,16.0,306,9228198,ZCDF8,DIAMOND PRINCESS,16,JUNEAU
2008-06-23T23:29:00,310404000,55.45256,-131.8675633,0,307.7,16.0,307,9228198,ZCDF8,DIAMOND PRINCESS,16,JUNEAU
2008-06-23T23:28:54,310404000,55.45229667,-131.8669433,0,309.4,16.0,307,9228198,ZCDF8,DIAMOND PRINCESS,16,JUNEAU
2008-06-23T23:28:47,310404000,55.45197667,-131.8662333,0,308.7,15.9,308,9228198,ZCDF8,DIAMOND PRINCESS,16,JUNEAU
2008-06-23T23:28:42,310404000,55.45174833,-131.86573,0,309.3,15.9,308,9228198,ZCDF8,DIAMOND PRINCESS,16,JUNEAU
2008-06-23T23:28:35,310404000,55.45147333,-131.8651267,0,309.3,15.9,309,9228198,ZCDF8,DIAMOND PRINCESS,16,JUNEAU
2008-06-23T23:28:30,310404000,55.45119833,-131.8645267,0,309.7,15.8,309,9228198,ZCDF8,DIAMOND PRINCESS,16,JUNEAU
2008-06-23T23:28:24,310404000,55.45091833,-131.86393,0,309.3,15.8,309,9228198,ZCDF8,DIAMOND PRINCESS,16,JUNEAU
2008-06-23T23:28:18,310404000,55.45063833,-131.8633383,0,309.3,15.8,309,9228198,ZCDF8,DIAMOND PRINCESS,16,JUNEAU
2008-06-23T23:28:12,310404000,55.45040667,-131.8628417,0,309.3,15.7,309,9228198,ZCDF8,DIAMOND PRINCESS,16,JUNEAU
2008-06-23T23:28:06,310404000,55.450085,-131.8621483,0,309.7,15.7,309,9228198,ZCDF8,DIAMOND PRINCESS,16,JUNEAU
2008-06-23T23:28:00,310404000,55.44980833,-131.8615617,0,309.7,15.7,309,9228198,ZCDF8,DIAMOND PRINCESS,16,JUNEAU
2008-06-23T23:27:54,310404000,55.44953333,-131.8609733,0,309.7,15.6,309,9228198,ZCDF8,DIAMOND PRINCESS,16,JUNEAU
2008-06-23T23:27:47,310404000,55.44921333,-131.8602917,0,309.3,15.6,309,9228198,ZCDF8,DIAMOND PRINCESS,16,JUNEAU
2008-06-23T23:27:42,310404000,55.448985,-131.8598,0,309.3,15.5,309,9228198,ZCDF8,DIAMOND PRINCESS,16,JUNEAU
2008-06-23T23:27:38,310404000,55.44867,-131.85912,0,0.0,0.0,0,9228198,ZCDF8,DIAMOND PRINCESS,16,JUNEAU
2008-06-23T23:27:35,310404000,55.44867,-131.85912,0,309.7,15.5,309,9228198,ZCDF8,DIAMOND PRINCESS,16,JUNEAU
2008-06-23T23:27:30,310404000,55.44844,-131.8586383,0,309.3,15.5,309,9228198,ZCDF8,DIAMOND PRINCESS,16,JUNEAU
2008-06-23T23:27:24,310404000,55.44816667,-131.8580617,0,309.0,15.4,309,9228198,ZCDF8,DIAMOND PRINCESS,16,JUNEAU
2008-06-23T23:27:18,310404000,55.4479,-131.857475,0,309.3,15.4,309,9228198,ZCDF8,DIAMOND PRINCESS,16,JUNEAU
2008-06-23T23:27:12,310404000,55.44767333,-131.856995,0,309.3,15.4,309,9228198,ZCDF8,DIAMOND PRINCESS,16,JUNEAU
2008-06-23T23:27:06,310404000,55.44735833,-131.85632,0,309.3,15.3,309,9228198,ZCDF8,DIAMOND PRINCESS,16,JUNEAU
2008-06-23T23:26:59,310404000,55.44709167,-131.855745,0,309.3,15.3,309,9228198,ZCDF8,DIAMOND PRINCESS,16,JUNEAU
2008-06-23T23:26:54,310404000,55.44677667,-131.8550717,0,309.0,15.2,309,9228198,ZCDF8,DIAMOND PRINCESS,16,JUNEAU
2008-06-23T23:26:47,310404000,55.44651,-131.8544983,0,309.0,15.2,309,9228198,ZCDF8,DIAMOND PRINCESS,16,JUNEAU
2008-06-23T23:26:42,310404000,55.44624667,-131.853925,0,309.3,15.2,309,9228198,ZCDF8,DIAMOND PRINCESS,16,JUNEAU
2008-06-23T23:26:35,310404000,55.44598,-131.8533533,0,309.3,15.1,309,9228198,ZCDF8,DIAMOND PRINCESS,16,JUNEAU
2008-06-23T23:26:30,310404000,55.445715,-131.8527867,0,308.6,15.1,309,9228198,ZCDF8,DIAMOND PRINCESS,16,JUNEAU
2008-06-23T23:26:23,310404000,55.44545333,-131.85221,0,308.6,15.1,309,9228198,ZCDF8,DIAMOND PRINCESS,16,JUNEAU
2008-06-23T23:26:18,310404000,55.44523667,-131.8517333,0,309.0,15.0,309,9228198,ZCDF8,DIAMOND PRINCESS,16,JUNEAU
2008-06-23T23:26:12,310404000,55.444975,-131.8511667,0,309.0,15.0,309,9228198,ZCDF8,DIAMOND PRINCESS,16,JUNEAU
2008-06-23T23:26:06,310404000,55.44471,-131.8506,0,308.6,15.0,309,9228198,ZCDF8,DIAMOND PRINCESS,16,JUNEAU
2008-06-23T23:25:59,310404000,55.44440833,-131.8499383,0,308.6,14.9,309,9228198,ZCDF8,DIAMOND PRINCESS,16,JUNEAU
2008-06-23T23:25:54,310404000,55.44419333,-131.849465,0,309.0,14.9,309,9228198,ZCDF8,DIAMOND PRINCESS,16,JUNEAU
2008-06-23T23:25:47,310404000,55.44389,-131.84881,0,308.6,14.9,309,9228198,ZCDF8,DIAMOND PRINCESS,16,JUNEAU
2008-06-23T23:25:42,310404000,55.443675,-131.8483367,0,308.6,14.9,309,9228198,ZCDF8,DIAMOND PRINCESS,16,JUNEAU
2008-06-23T23:25:35,310404000,55.44341667,-131.8477683,0,308.6,14.8,309,9228198,ZCDF8,DIAMOND PRINCESS,16,JUNEAU
2008-06-23T23:25:30,310404000,55.44311667,-131.84711,0,308.6,14.8,309,9228198,ZCDF8,DIAMOND PRINCESS,16,JUNEAU
2008-06-23T23:25:23,310404000,55.44285833,-131.84655,0,308.6,14.8,309,9228198,ZCDF8,DIAMOND PRINCESS,16,JUNEAU
2008-06-23T23:25:18,310404000,55.44264667,-131.846075,0,308.6,14.8,309,9228198,ZCDF8,DIAMOND PRINCESS,16,JUNEAU
2008-06-23T23:25:12,310404000,55.44239167,-131.8455133,0,308.6,14.8,309,9228198,ZCDF8,DIAMOND PRINCESS,16,JUNEAU
2008-06-23T23:25:06,310404000,55.442095,-131.8448583,0,308.6,14.8,309,9228198,ZCDF8,DIAMOND PRINCESS,16,JUNEAU
2008-06-23T23:24:59,310404000,55.44184,-131.844295,0,308.2,14.8,309,9228198,ZCDF8,DIAMOND PRINCESS,16,JUNEAU
2008-06-23T23:24:53,310404000,55.441585,-131.8437333,0,308.2,14.7,309,9228198,ZCDF8,DIAMOND PRINCESS,16,JUNEAU
2008-06-23T23:24:47,310404000,55.44133,-131.8431667,0,308.6,14.7,309,9228198,ZCDF8,DIAMOND PRINCESS,16,JUNEAU
2008-06-23T23:24:42,310404000,55.441075,-131.842605,0,308.6,14.7,309,9228198,ZCDF8,DIAMOND PRINCESS,16,JUNEAU
2008-06-23T23:24:35,310404000,55.44082,-131.8420467,0,308.2,14.7,309,9228198,ZCDF8,DIAMOND PRINCESS,16,JUNEAU
2008-06-23T23:24:30,310404000,55.44061,-131.8415767,0,308.2,14.7,309,9228198,ZCDF8,DIAMOND PRINCESS,16,JUNEAU
2008-06-23T23:24:23,310404000,55.44031833,-131.8409167,0,309.0,14.7,309,9228198,ZCDF8,DIAMOND PRINCESS,16,JUNEAU
2008-06-23T23:24:18,310404000,55.440105,-131.8404517,0,309.0,14.7,309,9228198,ZCDF8,DIAMOND PRINCESS,16,JUNEAU
2008-06-23T23:24:12,310404000,55.43984833,-131.839895,0,308.2,14.7,309,9228198,ZCDF8,DIAMOND PRINCESS,16,JUNEAU
2008-06-23T23:24:06,310404000,55.439595,-131.839335,0,308.2,14.7,309,9228198,ZCDF8,DIAMOND PRINCESS,16,JUNEAU
2008-06-23T23:23:59,310404000,55.439305,-131.8386817,0,309.0,14.7,309,9228198,ZCDF8,DIAMOND PRINCESS,16,JUNEAU
2008-06-23T23:23:53,310404000,55.43905167,-131.83813,0,309.0,14.7,309,9228198,ZCDF8,DIAMOND PRINCESS,16,JUNEAU
2008-06-23T23:23:47,310404000,55.43879667,-131.8375733,0,308.2,14.7,309,9228198,ZCDF8,DIAMOND PRINCESS,16,JUNEAU
2008-06-23T23:23:42,310404000,55.438545,-131.8370167,0,308.2,14.7,309,9228198,ZCDF8,DIAMOND PRINCESS,16,JUNEAU
2008-06-23T23:23:35,310404000,55.438295,-131.8364567,0,309.0,14.7,309,9228198,ZCDF8,DIAMOND PRINCESS,16,JUNEAU
2008-06-23T23:23:30,310404000,55.43808167,-131.8359933,0,308.6,14.6,309,9228198,ZCDF8,DIAMOND PRINCESS,16,JUNEAU
2008-06-23T23:23:23,310404000,55.43778333,-131.8353467,0,308.2,14.6,309,9228198,ZCDF8,DIAMOND PRINCESS,16,JUNEAU
2008-06-23T23:23:18,310404000,55.437575,-131.834885,0,308.2,14.6,309,9228198,ZCDF8,DIAMOND PRINCESS,16,JUNEAU
2008-06-23T23:23:12,310404000,55.437325,-131.8343267,0,309.0,14.6,309,9228198,ZCDF8,DIAMOND PRINCESS,16,JUNEAU
2008-06-23T23:23:06,310404000,55.43706667,-131.833765,0,308.6,14.6,309,9228198,ZCDF8,DIAMOND PRINCESS,16,JUNEAU
2008-06-23T23:22:59,310404000,55.43677167,-131.83312,0,308.6,14.6,309,9228198,ZCDF8,DIAMOND PRINCESS,16,JUNEAU
2008-06-23T23:22:53,310404000,55.43648167,-131.8324783,0,308.6,14.6,309,9228198,ZCDF8,DIAMOND PRINCESS,16,JUNEAU
2008-06-23T23:22:47,310404000,55.43622667,-131.8319133,0,308.6,14.6,309,9228198,ZCDF8,DIAMOND PRINCESS,16,JUNEAU
2008-06-23T23:22:42,310404000,55.43601667,-131.8314517,0,308.6,14.6,309,9228198,ZCDF8,DIAMOND PRINCESS,16,JUNEAU
2008-06-23T23:22:35,310404000,55.43572333,-131.8308033,0,308.6,14.6,309,9228198,ZCDF8,DIAMOND PRINCESS,16,JUNEAU
2008-06-23T23:22:30,310404000,55.43551333,-131.83034,0,308.6,14.6,309,9228198,ZCDF8,DIAMOND PRINCESS,16,JUNEAU
2008-06-23T23:22:23,310404000,55.43522167,-131.8297,0,308.6,14.6,309,9228198,ZCDF8,DIAMOND PRINCESS,16,JUNEAU
2008-06-23T23:22:18,310404000,55.43501167,-131.8292367,0,308.6,14.6,309,9228198,ZCDF8,DIAMOND PRINCESS,16,JUNEAU
2008-06-23T23:22:12,310404000,55.43476333,-131.8286817,0,308.6,14.6,309,9228198,ZCDF8,DIAMOND PRINCESS,16,JUNEAU
2008-06-23T23:22:06,310404000,55.43451333,-131.8281317,0,308.6,14.6,309,9228198,ZCDF8,DIAMOND PRINCESS,16,JUNEAU
2008-06-23T23:21:59,310404000,55.434265,-131.8275783,0,308.6,14.5,309,9228198,ZCDF8,DIAMOND PRINCESS,16,JUNEAU
2008-06-23T23:21:53,310404000,55.43401333,-131.8270217,0,308.6,14.5,309,9228198,ZCDF8,DIAMOND PRINCESS,16,JUNEAU
2008-06-23T23:21:47,310404000,55.43376333,-131.826475,0,308.6,14.5,309,9228198,ZCDF8,DIAMOND PRINCESS,16,JUNEAU
2008-06-23T23:21:42,310404000,55.43351333,-131.82592,0,308.6,14.5,309,9228198,ZCDF8,DIAMOND PRINCESS,16,JUNEAU
2008-06-23T23:21:35,310404000,55.43322333,-131.8252767,0,309.0,14.5,309,9228198,ZCDF8,DIAMOND PRINCESS,16,JUNEAU
2008-06-23T23:21:34,310404000,55.43301833,-131.82483,0,0.0,0.0,0,9228198,ZCDF8,DIAMOND PRINCESS,16,JUNEAU
2008-06-23T23:21:30,310404000,55.43301833,-131.82483,0,308.6,14.5,309,9228198,ZCDF8,DIAMOND PRINCESS,16,JUNEAU
2008-06-23T23:21:23,310404000,55.43272333,-131.824185,0,308.2,14.5,309,9228198,ZCDF8,DIAMOND PRINCESS,16,JUNEAU
2008-06-23T23:21:18,310404000,55.43251667,-131.8237233,0,308.6,14.4,309,9228198,ZCDF8,DIAMOND PRINCESS,16,JUNEAU
2008-06-23T23:21:12,310404000,55.43226833,-131.823175,0,308.6,14.4,309,9228198,ZCDF8,DIAMOND PRINCESS,16,JUNEAU
2008-06-23T23:21:06,310404000,55.43201833,-131.8226233,0,309.0,14.4,309,9228198,ZCDF8,DIAMOND PRINCESS,16,JUNEAU
2008-06-23T23:20:59,310404000,55.431725,-131.8219867,0,308.2,14.4,309,9228198,ZCDF8,DIAMOND PRINCESS,16,JUNEAU
2008-06-23T23:20:53,310404000,55.43147667,-131.8214383,0,308.2,14.4,309,9228198,ZCDF8,DIAMOND PRINCESS,16,JUNEAU
2008-06-23T23:20:47,310404000,55.43127167,-131.8209817,0,309.0,14.4,309,9228198,ZCDF8,DIAMOND PRINCESS,16,JUNEAU
2008-06-23T23:20:42,310404000,55.43102167,-131.8204333,0,309.0,14.4,309,9228198,ZCDF8,DIAMOND PRINCESS,16,JUNEAU
2008-06-23T23:20:35,310404000,55.43077167,-131.819895,0,308.1,14.3,309,9228198,ZCDF8,DIAMOND PRINCESS,16,JUNEAU
2008-06-23T23:20:32,310404000,55.43064833,-131.819625,0,308.1,14.3,309,9228198,ZCDF8,DIAMOND PRINCESS,16,JUNEAU
2008-06-23T23:20:30,310404000,55.430525,-131.8193517,0,308.1,14.3,309,9228198,ZCDF8,DIAMOND PRINCESS,16,JUNEAU
2008-06-23T23:20:23,310404000,55.43024167,-131.8187067,0,309.4,14.3,309,9228198,ZCDF8,DIAMOND PRINCESS,16,JUNEAU
2008-06-23T23:20:23,310404000,55.43024167,-131.8187067,0,309.4,14.3,309,9228198,ZCDF8,DIAMOND PRINCESS,16,JUNEAU
2008-06-23T23:20:18,310404000,55.43003167,-131.8182583,0,309.0,14.2,309,9228198,ZCDF8,DIAMOND PRINCESS,16,JUNEAU
2008-06-23T23:20:12,310404000,55.42974,-131.817635,0,308.1,14.2,309,9228198,ZCDF8,DIAMOND PRINCESS,16,JUNEAU
2008-06-23T23:20:06,310404000,55.42949667,-131.8170883,0,308.5,14.2,309,9228198,ZCDF8,DIAMOND PRINCESS,16,JUNEAU
2008-06-23T23:20:02,310404000,55.429375,-131.816815,0,309.4,14.2,309,9228198,ZCDF8,DIAMOND PRINCESS,16,JUNEAU
2008-06-23T23:19:59,310404000,55.42925167,-131.816545,0,309.4,14.2,309,9228198,ZCDF8,DIAMOND PRINCESS,16,JUNEAU
2008-06-23T23:19:53,310404000,55.42900167,-131.8160117,0,309.0,14.1,309,9228198,ZCDF8,DIAMOND PRINCESS,16,JUNEAU
2008-06-23T23:19:51,310404000,55.42891833,-131.8158367,0,308.5,14.1,309,9228198,ZCDF8,DIAMOND PRINCESS,16,JUNEAU
2008-06-23T23:19:47,310404000,55.42875167,-131.81548,0,308.5,14.1,309,9228198,ZCDF8,DIAMOND PRINCESS,16,JUNEAU
2008-06-23T23:19:42,310404000,55.42851,-131.8149417,0,309.0,14.1,309,9228198,ZCDF8,DIAMOND PRINCESS,16,JUNEAU
2008-06-23T23:19:33,310404000,55.42814333,-131.81414,0,309.8,14.0,309,9228198,ZCDF8,DIAMOND PRINCESS,16,JUNEAU
2008-06-23T23:19:23,310404000,55.42776667,-131.8133567,0,308.5,14.0,309,9228198,ZCDF8,DIAMOND PRINCESS,16,JUNEAU
2008-06-23T23:19:12,310404000,55.42732833,-131.81238,0,309.8,13.9,309,9228198,ZCDF8,DIAMOND PRINCESS,16,JUNEAU
2008-06-23T23:19:02,310404000,55.42695667,-131.8116,0,310.0,13.8,309,9228198,ZCDF8,DIAMOND PRINCESS,16,JUNEAU
2008-06-23T23:18:51,310404000,55.42651167,-131.810645,0,310.8,13.7,310,9228198,ZCDF8,DIAMOND PRINCESS,16,JUNEAU
2008-06-23T23:18:42,310404000,55.42605833,-131.8097117,0,310.0,13.6,310,9228198,ZCDF8,DIAMOND PRINCESS,16,JUNEAU
2008-06-23T23:18:32,310404000,55.425695,-131.8089433,0,310.8,13.6,310,9228198,ZCDF8,DIAMOND PRINCESS,16,JUNEAU
2008-06-23T23:18:23,310404000,55.42532333,-131.808195,0,310.8,13.5,310,9228198,ZCDF8,DIAMOND PRINCESS,16,JUNEAU
2008-06-23T23:18:12,310404000,55.42488,-131.8072833,0,310.8,13.4,310,9228198,ZCDF8,DIAMOND PRINCESS,16,JUNEAU
2008-06-23T23:18:02,310404000,55.42443167,-131.8063817,0,311.2,13.3,310,9228198,ZCDF8,DIAMOND PRINCESS,16,JUNEAU
2008-06-23T23:17:51,310404000,55.42402833,-131.8055733,0,312.3,13.2,311,9228198,ZCDF8,DIAMOND PRINCESS,16,JUNEAU
2008-06-23T23:17:42,310404000,55.423665,-131.8048517,0,312.3,13.1,311,9228198,ZCDF8,DIAMOND PRINCESS,16,JUNEAU
2008-06-23T23:17:32,310404000,55.42329833,-131.80414,0,312.3,13.0,311,9228198,ZCDF8,DIAMOND PRINCESS,16,JUNEAU
2008-06-23T23:17:21,310404000,55.42277167,-131.8031283,0,313.7,12.9,312,9228198,ZCDF8,DIAMOND PRINCESS,16,JUNEAU
2008-06-23T23:17:13,310404000,55.42244333,-131.80252,0,313.4,12.7,313,9228198,ZCDF8,DIAMOND PRINCESS,16,JUNEAU
2008-06-23T23:17:02,310404000,55.42200833,-131.8016967,0,315.3,12.8,314,9228198,ZCDF8,DIAMOND PRINCESS,16,JUNEAU
2008-06-23T23:16:51,310404000,55.42158833,-131.8009683,0,316.8,12.7,315,9228198,ZCDF8,DIAMOND PRINCESS,16,JUNEAU
2008-06-23T23:16:42,310404000,55.42116,-131.80026,0,317.3,12.6,316,9228198,ZCDF8,DIAMOND PRINCESS,16,JUNEAU
2008-06-23T23:16:32,310404000,55.420775,-131.799635,0,318.8,12.5,317,9228198,ZCDF8,DIAMOND PRINCESS,16,JUNEAU
2008-06-23T23:16:21,310404000,55.4203,-131.7988933,0,319.8,12.5,318,9228198,ZCDF8,DIAMOND PRINCESS,16,JUNEAU
2008-06-23T23:16:13,310404000,55.41995167,-131.7983667,0,320.3,12.4,319,9228198,ZCDF8,DIAMOND PRINCESS,16,JUNEAU
2008-06-23T23:16:02,310404000,55.41946667,-131.797655,0,321.8,12.3,320,9228198,ZCDF8,DIAMOND PRINCESS,16,JUNEAU
2008-06-23T23:15:51,310404000,55.41893333,-131.796905,0,322.4,12.2,321,9228198,ZCDF8,DIAMOND PRINCESS,16,JUNEAU
2008-06-23T23:15:43,310404000,55.41857833,-131.7964133,0,323.4,12.2,322,9228198,ZCDF8,DIAMOND PRINCESS,16,JUNEAU
2008-06-23T23:15:33,310404000,55.41812833,-131.7958183,0,0.0,0.0,0,9228198,ZCDF8,DIAMOND PRINCESS,16,JUNEAU
2008-06-23T23:15:33,310404000,55.41812833,-131.7958183,0,324.4,12.1,323,9228198,ZCDF8,DIAMOND PRINCESS,16,JUNEAU
2008-06-23T23:15:21,310404000,55.41762833,-131.7951817,0,324.9,12.0,324,9228198,ZCDF8,DIAMOND PRINCESS,16,JUNEAU
2008-06-23T23:15:13,310404000,55.41721667,-131.7946733,0,325.9,12.0,325,9228198,ZCDF8,DIAMOND PRINCESS,16,JUNEAU
2008-06-23T23:15:02,310404000,55.41671,-131.794075,0,326.9,11.9,326,9228198,ZCDF8,DIAMOND PRINCESS,16,JUNEAU
2008-06-23T23:14:51,310404000,55.41625333,-131.793545,0,327.9,11.8,327,9228198,ZCDF8,DIAMOND PRINCESS,16,JUNEAU
2008-06-23T23:14:43,310404000,55.415885,-131.7931283,0,328.9,11.8,328,9228198,ZCDF8,DIAMOND PRINCESS,16,JUNEAU
2008-06-23T23:14:33,310404000,55.41537167,-131.7925733,0,329.4,11.8,329,9228198,ZCDF8,DIAMOND PRINCESS,16,JUNEAU
2008-06-23T23:14:21,310404000,55.41481,-131.791985,0,330.4,11.7,330,9228198,ZCDF8,DIAMOND PRINCESS,16,JUNEAU
2008-06-23T23:14:13,310404000,55.414435,-131.7916067,0,331.0,11.7,331,9228198,ZCDF8,DIAMOND PRINCESS,16,JUNEAU
2008-06-23T23:14:02,310404000,55.41391667,-131.7910917,0,332.0,11.6,332,9228198,ZCDF8,DIAMOND PRINCESS,16,JUNEAU
2008-06-23T23:13:51,310404000,55.413445,-131.790645,0,332.5,11.7,333,9228198,ZCDF8,DIAMOND PRINCESS,16,JUNEAU
2008-06-23T23:13:43,310404000,55.41302167,-131.7902467,0,333.0,11.5,334,9228198,ZCDF8,DIAMOND PRINCESS,16,JUNEAU
2008-06-23T23:13:33,310404000,55.41255167,-131.7898117,0,334.4,11.4,334,9228198,ZCDF8,DIAMOND PRINCESS,16,JUNEAU
2008-06-23T23:13:22,310404000,55.41207833,-131.7894033,0,333.4,11.3,335,9228198,ZCDF8,DIAMOND PRINCESS,16,JUNEAU
2008-06-23T23:13:13,310404000,55.41165667,-131.7890317,0,334.4,11.2,335,9228198,ZCDF8,DIAMOND PRINCESS,16,JUNEAU
2008-06-23T23:13:02,310404000,55.41113667,-131.7886017,0,332.9,11.2,335,9228198,ZCDF8,DIAMOND PRINCESS,16,JUNEAU
2008-06-23T23:12:51,310404000,55.41058667,-131.7881183,0,335.0,11.2,335,9228198,ZCDF8,DIAMOND PRINCESS,16,JUNEAU
2008-06-23T23:12:43,310404000,55.41021833,-131.7878083,0,334.4,11.0,335,9228198,ZCDF8,DIAMOND PRINCESS,16,JUNEAU
2008-06-23T23:12:33,310404000,55.40975667,-131.78743,0,332.8,10.9,335,9228198,ZCDF8,DIAMOND PRINCESS,16,JUNEAU
2008-06-23T23:12:22,310404000,55.409265,-131.7869917,0,335.5,10.8,335,9228198,ZCDF8,DIAMOND PRINCESS,16,JUNEAU
2008-06-23T23:12:13,310404000,55.40885833,-131.7866667,0,332.8,10.7,335,9228198,ZCDF8,DIAMOND PRINCESS,16,JUNEAU
2008-06-23T23:12:02,310404000,55.40842167,-131.7862633,0,335.0,10.6,335,9228198,ZCDF8,DIAMOND PRINCESS,16,JUNEAU
2008-06-23T23:11:53,310404000,55.40797833,-131.7858967,0,333.3,10.4,335,9228198,ZCDF8,DIAMOND PRINCESS,16,JUNEAU
2008-06-23T23:11:43,310404000,55.407545,-131.7855217,0,334.8,10.3,336,9228198,ZCDF8,DIAMOND PRINCESS,16,JUNEAU
2008-06-23T23:11:33,310404000,55.40716167,-131.7851867,0,335.4,10.1,336,9228198,ZCDF8,DIAMOND PRINCESS,16,JUNEAU
2008-06-23T23:11:22,310404000,55.40665,-131.7847817,0,333.7,10.0,336,9228198,ZCDF8,DIAMOND PRINCESS,16,JUNEAU
2008-06-23T23:11:12,310404000,55.406235,-131.7844283,0,335.4,9.9,336,9228198,ZCDF8,DIAMOND PRINCESS,16,JUNEAU
2008-06-23T23:11:02,310404000,55.40582,-131.7840933,0,334.2,9.7,336,9228198,ZCDF8,DIAMOND PRINCESS,16,JUNEAU
2008-06-23T23:10:53,310404000,55.405455,-131.78378,0,334.2,9.6,336,9228198,ZCDF8,DIAMOND PRINCESS,16,JUNEAU
2008-06-23T23:10:42,310404000,55.40501667,-131.7834033,0,335.1,9.4,337,9228198,ZCDF8,DIAMOND PRINCESS,16,JUNEAU
2008-06-23T23:10:33,310404000,55.40466333,-131.78311,0,334.5,9.2,337,9228198,ZCDF8,DIAMOND PRINCESS,16,JUNEAU
2008-06-23T23:10:22,310404000,55.40427667,-131.782785,0,335.4,9.1,338,9228198,ZCDF8,DIAMOND PRINCESS,16,JUNEAU
2008-06-23T23:10:12,310404000,55.40385667,-131.782445,0,335.4,8.9,338,9228198,ZCDF8,DIAMOND PRINCESS,16,JUNEAU
2008-06-23T23:10:02,310404000,55.40348,-131.7821417,0,334.7,8.7,338,9228198,ZCDF8,DIAMOND PRINCESS,16,JUNEAU
2008-06-23T23:09:53,310404000,55.403115,-131.7818433,0,335.3,8.5,338,9228198,ZCDF8,DIAMOND PRINCESS,16,JUNEAU
2008-06-23T23:09:42,310404000,55.402755,-131.781555,0,333.9,8.4,338,9228198,ZCDF8,DIAMOND PRINCESS,16,JUNEAU
2008-06-23T23:09:34,310404000,55.40240833,-131.7812617,0,0.0,0.0,0,9228198,ZCDF8,DIAMOND PRINCESS,16,JUNEAU
2008-06-23T23:09:32,310404000,55.40240833,-131.7812617,0,335.2,8.2,338,9228198,ZCDF8,DIAMOND PRINCESS,16,JUNEAU
2008-06-23T23:09:22,310404000,55.402065,-131.7809817,0,334.4,8.0,338,9228198,ZCDF8,DIAMOND PRINCESS,16,JUNEAU
2008-06-23T23:09:12,310404000,55.40173167,-131.7807017,0,333.6,7.9,338,9228198,ZCDF8,DIAMOND PRINCESS,16,JUNEAU
2008-06-23T23:09:02,310404000,55.401435,-131.78045,0,334.3,7.8,338,9228198,ZCDF8,DIAMOND PRINCESS,16,JUNEAU
2008-06-23T23:08:53,310404000,55.40111333,-131.78018,0,333.4,7.6,338,9228198,ZCDF8,DIAMOND PRINCESS,16,JUNEAU
2008-06-23T23:08:42,310404000,55.40079667,-131.779905,0,334.1,7.5,338,9228198,ZCDF8,DIAMOND PRINCESS,16,JUNEAU
2008-06-23T23:08:32,310404000,55.40045167,-131.7796117,0,334.1,7.5,338,9228198,ZCDF8,DIAMOND PRINCESS,16,JUNEAU
2008-06-23T23:08:22,310404000,55.40014167,-131.77935,0,334.1,7.4,338,9228198,ZCDF8,DIAMOND PRINCESS,16,JUNEAU
2008-06-23T23:08:12,310404000,55.399835,-131.7790867,0,333.8,7.3,337,9228198,ZCDF8,DIAMOND PRINCESS,16,JUNEAU
2008-06-23T23:08:02,310404000,55.39953167,-131.7788317,0,332.0,7.3,336,9228198,ZCDF8,DIAMOND PRINCESS,16,JUNEAU
2008-06-23T23:07:53,310404000,55.399265,-131.7785833,0,332.8,7.2,336,9228198,ZCDF8,DIAMOND PRINCESS,16,JUNEAU
2008-06-23T23:07:42,310404000,55.39894,-131.7782917,0,329.3,7.1,335,9228198,ZCDF8,DIAMOND PRINCESS,16,JUNEAU
2008-06-23T23:07:32,310404000,55.39865667,-131.7780017,0,330.9,7.1,335,9228198,ZCDF8,DIAMOND PRINCESS,16,JUNEAU
2008-06-23T23:07:22,310404000,55.39837167,-131.777725,0,329.2,7.0,335,9228198,ZCDF8,DIAMOND PRINCESS,16,JUNEAU
2008-06-23T23:07:12,310404000,55.39806167,-131.77741,0,330.1,7.0,335,9228198,ZCDF8,DIAMOND PRINCESS,16,JUNEAU
2008-06-23T23:07:02,310404000,55.39778,-131.7771333,0,330.0,6.9,335,9228198,ZCDF8,DIAMOND PRINCESS,16,JUNEAU
2008-06-23T23:06:53,310404000,55.39753,-131.776885,0,329.0,6.9,334,9228198,ZCDF8,DIAMOND PRINCESS,16,JUNEAU
2008-06-23T23:06:42,310404000,55.397255,-131.7765983,0,328.8,6.9,333,9228198,ZCDF8,DIAMOND PRINCESS,16,JUNEAU
2008-06-23T23:06:32,310404000,55.39698333,-131.776315,0,326.9,6.8,332,9228198,ZCDF8,DIAMOND PRINCESS,16,JUNEAU
2008-06-23T23:06:22,310404000,55.39671833,-131.77602,0,326.6,6.8,330,9228198,ZCDF8,DIAMOND PRINCESS,16,JUNEAU
2008-06-23T23:06:12,310404000,55.39645333,-131.7757233,0,324.6,6.8,328,9228198,ZCDF8,DIAMOND PRINCESS,16,JUNEAU
2008-06-23T23:06:02,310404000,55.39619333,-131.7754133,0,323.4,6.8,326,9228198,ZCDF8,DIAMOND PRINCESS,16,JUNEAU
2008-06-23T23:05:53,310404000,55.39596167,-131.77513,0,321.4,6.8,324,9228198,ZCDF8,DIAMOND PRINCESS,16,JUNEAU
2008-06-23T23:05:42,310404000,55.39566,-131.7747317,0,321.1,6.8,322,9228198,ZCDF8,DIAMOND PRINCESS,16,JUNEAU
2008-06-23T23:05:32,310404000,55.39541,-131.77439,0,318.1,6.9,320,9228198,ZCDF8,DIAMOND PRINCESS,16,JUNEAU
2008-06-23T23:05:23,310404000,55.39519667,-131.7740667,0,317.0,6.9,318,9228198,ZCDF8,DIAMOND PRINCESS,16,JUNEAU
2008-06-23T23:05:12,310404000,55.39493667,-131.7736583,0,315.0,6.9,315,9228198,ZCDF8,DIAMOND PRINCESS,16,JUNEAU
2008-06-23T23:05:02,310404000,55.39471,-131.7732717,0,313.8,6.9,313,9228198,ZCDF8,DIAMOND PRINCESS,16,JUNEAU
2008-06-23T23:04:52,310404000,55.39448833,-131.7728717,0,312.8,6.9,312,9228198,ZCDF8,DIAMOND PRINCESS,16,JUNEAU
2008-06-23T23:04:42,310404000,55.39429167,-131.7725067,0,311.8,6.9,311,9228198,ZCDF8,DIAMOND PRINCESS,16,JUNEAU
2008-06-23T23:04:32,310404000,55.39408,-131.77209,0,310.8,6.9,310,9228198,ZCDF8,DIAMOND PRINCESS,16,JUNEAU
2008-06-23T23:04:23,310404000,55.39389167,-131.7717083,0,309.0,6.9,309,9228198,ZCDF8,DIAMOND PRINCESS,16,JUNEAU
2008-06-23T23:04:12,310404000,55.39365167,-131.7711933,0,309.8,6.9,309,9228198,ZCDF8,DIAMOND PRINCESS,16,JUNEAU
2008-06-23T23:04:02,310404000,55.39345167,-131.7707617,0,309.8,6.9,309,9228198,ZCDF8,DIAMOND PRINCESS,16,JUNEAU
2008-06-23T23:03:52,310404000,55.39325333,-131.7703317,0,309.8,6.9,309,9228198,ZCDF8,DIAMOND PRINCESS,16,JUNEAU
2008-06-23T23:03:42,310404000,55.39307167,-131.769945,0,309.8,6.8,309,9228198,ZCDF8,DIAMOND PRINCESS,16,JUNEAU
2008-06-23T23:03:36,310404000,55.39285,-131.7694733,0,0.0,0.0,0,9228198,ZCDF8,DIAMOND PRINCESS,16,JUNEAU
2008-06-23T23:03:32,310404000,55.39285,-131.7694733,0,309.8,6.9,309,9228198,ZCDF8,DIAMOND PRINCESS,16,JUNEAU
2008-06-23T23:03:23,310404000,55.39268833,-131.769135,0,309.8,6.9,309,9228198,ZCDF8,DIAMOND PRINCESS,16,JUNEAU
2008-06-23T23:03:12,310404000,55.39244333,-131.768625,0,309.8,6.9,309,9228198,ZCDF8,DIAMOND PRINCESS,16,JUNEAU
2008-06-23T23:03:02,310404000,55.39226333,-131.7682417,0,310.6,6.9,309,9228198,ZCDF8,DIAMOND PRINCESS,16,JUNEAU
2008-06-23T23:02:52,310404000,55.39204,-131.7677733,0,309.8,6.9,309,9228198,ZCDF8,DIAMOND PRINCESS,16,JUNEAU
2008-06-23T23:02:41,310404000,55.391815,-131.7673,0,309.8,6.9,309,9228198,ZCDF8,DIAMOND PRINCESS,16,JUNEAU
2008-06-23T23:02:32,310404000,55.39163167,-131.7669167,0,310.6,6.9,309,9228198,ZCDF8,DIAMOND PRINCESS,16,JUNEAU
2008-06-23T23:02:23,310404000,55.39145,-131.7665317,0,309.8,6.8,309,9228198,ZCDF8,DIAMOND PRINCESS,16,JUNEAU
2008-06-23T23:02:12,310404000,55.39122167,-131.7660617,0,310.6,6.9,309,9228198,ZCDF8,DIAMOND PRINCESS,16,JUNEAU
2008-06-23T23:02:01,310404000,55.39101667,-131.7656333,0,310.6,6.9,309,9228198,ZCDF8,DIAMOND PRINCESS,16,JUNEAU
2008-06-23T23:01:52,310404000,55.39081,-131.765205,0,310.6,6.9,309,9228198,ZCDF8,DIAMOND PRINCESS,16,JUNEAU
2008-06-23T23:01:41,310404000,55.390605,-131.764775,0,310.6,7.0,309,9228198,ZCDF8,DIAMOND PRINCESS,16,JUNEAU
2008-06-23T23:01:32,310404000,55.39037667,-131.764305,0,310.6,7.0,309,9228198,ZCDF8,DIAMOND PRINCESS,16,JUNEAU
2008-06-23T23:01:21,310404000,55.39017,-131.7638767,0,310.6,7.0,309,9228198,ZCDF8,DIAMOND PRINCESS,16,JUNEAU
2008-06-23T23:01:12,310404000,55.38998167,-131.7634883,0,310.6,7.0,309,9228198,ZCDF8,DIAMOND PRINCESS,16,JUNEAU
2008-06-23T23:01:01,310404000,55.38975167,-131.763015,0,310.6,7.0,309,9228198,ZCDF8,DIAMOND PRINCESS,16,JUNEAU
2008-06-23T23:00:52,310404000,55.38956333,-131.7626317,0,310.6,7.0,309,9228198,ZCDF8,DIAMOND PRINCESS,16,JUNEAU
2008-06-23T23:00:41,310404000,55.38935333,-131.7622033,0,310.6,7.0,309,9228198,ZCDF8,DIAMOND PRINCESS,16,JUNEAU
2008-06-23T23:00:32,310404000,55.389145,-131.7617717,0,310.6,7.0,309,9228198,ZCDF8,DIAMOND PRINCESS,16,JUNEAU
2008-06-23T23:00:21,310404000,55.388935,-131.76134,0,310.6,7.0,309,9228198,ZCDF8,DIAMOND PRINCESS,16,JUNEAU
2008-06-23T23:00:12,310404000,55.38870333,-131.760865,0,310.6,7.0,309,9228198,ZCDF8,DIAMOND PRINCESS,16,JUNEAU
2008-06-23T23:00:01,310404000,55.38849333,-131.7604333,0,310.6,7.0,309,9228198,ZCDF8,DIAMOND PRINCESS,16,JUNEAU
2008-06-23T22:59:52,310404000,55.38828333,-131.76,0,310.6,7.1,309,9228198,ZCDF8,DIAMOND PRINCESS,16,JUNEAU
2008-06-23T22:59:41,310404000,55.388075,-131.7595633,0,310.6,7.1,309,9228198,ZCDF8,DIAMOND PRINCESS,16,JUNEAU
2008-06-23T22:59:33,310404000,55.38788333,-131.759175,0,310.6,7.0,309,9228198,ZCDF8,DIAMOND PRINCESS,16,JUNEAU
2008-06-23T22:59:21,310404000,55.38767167,-131.758745,0,310.6,7.1,309,9228198,ZCDF8,DIAMOND PRINCESS,16,JUNEAU
2008-06-23T22:59:12,310404000,55.38745833,-131.7583117,0,311.4,7.1,309,9228198,ZCDF8,DIAMOND PRINCESS,16,JUNEAU
2008-06-23T22:59:01,310404000,55.38724167,-131.75788,0,310.6,7.1,309,9228198,ZCDF8,DIAMOND PRINCESS,16,JUNEAU
2008-06-23T22:58:52,310404000,55.38701,-131.7574017,0,311.4,7.1,309,9228198,ZCDF8,DIAMOND PRINCESS,16,JUNEAU
2008-06-23T22:58:41,310404000,55.38679333,-131.7569683,0,309.0,7.0,309,9228198,ZCDF8,DIAMOND PRINCESS,16,JUNEAU
2008-06-23T22:58:32,310404000,55.38660333,-131.7565667,0,311.6,7.1,310,9228198,ZCDF8,DIAMOND PRINCESS,16,JUNEAU
2008-06-23T22:58:22,310404000,55.38636667,-131.75609,0,310.8,7.1,310,9228198,ZCDF8,DIAMOND PRINCESS,16,JUNEAU
2008-06-23T22:58:12,310404000,55.38615167,-131.755655,0,311.6,7.1,310,9228198,ZCDF8,DIAMOND PRINCESS,16,JUNEAU
2008-06-23T22:58:01,310404000,55.38593,-131.7552233,0,311.5,7.2,310,9228198,ZCDF8,DIAMOND PRINCESS,16,JUNEAU
2008-06-23T22:57:52,310404000,55.38573333,-131.7548317,0,311.5,7.2,310,9228198,ZCDF8,DIAMOND PRINCESS,16,JUNEAU
2008-06-23T22:57:41,310404000,55.38549167,-131.75435,0,311.5,7.2,310,9228198,ZCDF8,DIAMOND PRINCESS,16,JUNEAU
2008-06-23T22:57:36,310404000,55.38531667,-131.754005,0,0.0,0.0,0,9228198,ZCDF8,DIAMOND PRINCESS,16,JUNEAU
2008-06-23T22:57:32,310404000,55.38531667,-131.754005,0,311.5,7.2,310,9228198,ZCDF8,DIAMOND PRINCESS,16,JUNEAU
2008-06-23T22:57:21,310404000,55.38505167,-131.7534833,0,311.5,7.2,310,9228198,ZCDF8,DIAMOND PRINCESS,16,JUNEAU
2008-06-23T22:57:12,310404000,55.38483,-131.75305,0,311.5,7.2,310,9228198,ZCDF8,DIAMOND PRINCESS,16,JUNEAU
2008-06-23T22:57:01,310404000,55.38461,-131.7526133,0,311.5,7.2,310,9228198,ZCDF8,DIAMOND PRINCESS,16,JUNEAU
2008-06-23T22:56:53,310404000,55.38441333,-131.7522183,0,311.5,7.2,310,9228198,ZCDF8,DIAMOND PRINCESS,16,JUNEAU
2008-06-23T22:56:41,310404000,55.38417,-131.751735,0,311.5,7.2,310,9228198,ZCDF8,DIAMOND PRINCESS,16,JUNEAU
2008-06-23T22:56:32,310404000,55.38397167,-131.7513367,0,311.5,7.2,310,9228198,ZCDF8,DIAMOND PRINCESS,16,JUNEAU
2008-06-23T22:56:21,310404000,55.38373167,-131.7508533,0,310.7,7.2,310,9228198,ZCDF8,DIAMOND PRINCESS,16,JUNEAU
2008-06-23T22:56:12,310404000,55.38353333,-131.750455,0,310.7,7.2,310,9228198,ZCDF8,DIAMOND PRINCESS,16,JUNEAU
2008-06-23T22:56:01,310404000,55.38329167,-131.7499683,0,310.7,7.2,310,9228198,ZCDF8,DIAMOND PRINCESS,16,JUNEAU
2008-06-23T22:55:53,310404000,55.38311833,-131.7496133,0,310.7,7.2,310,9228198,ZCDF8,DIAMOND PRINCESS,16,JUNEAU
2008-06-23T22:55:41,310404000,55.38285667,-131.749085,0,310.7,7.2,310,9228198,ZCDF8,DIAMOND PRINCESS,16,JUNEAU
2008-06-23T22:55:31,310404000,55.38263833,-131.7486433,0,310.7,7.2,310,9228198,ZCDF8,DIAMOND PRINCESS,16,JUNEAU
2008-06-23T22:55:21,310404000,55.38242,-131.7482,0,310.0,7.1,310,9228198,ZCDF8,DIAMOND PRINCESS,16,JUNEAU
2008-06-23T22:55:12,310404000,55.3822,-131.7477567,0,310.7,7.2,310,9228198,ZCDF8,DIAMOND PRINCESS,16,JUNEAU
2008-06-23T22:55:01,310404000,55.38198333,-131.74731,0,310.7,7.3,310,9228198,ZCDF8,DIAMOND PRINCESS,16,JUNEAU
2008-06-23T22:54:53,310404000,55.38178667,-131.74691,0,310.7,7.3,310,9228198,ZCDF8,DIAMOND PRINCESS,16,JUNEAU
2008-06-23T22:54:43,310404000,55.38156667,-131.7464633,0,310.7,7.3,310,9228198,ZCDF8,DIAMOND PRINCESS,16,JUNEAU
2008-06-23T22:54:31,310404000,55.38132333,-131.745975,0,310.7,7.3,310,9228198,ZCDF8,DIAMOND PRINCESS,16,JUNEAU
2008-06-23T22:54:21,310404000,55.38108167,-131.7454833,0,311.5,7.3,310,9228198,ZCDF8,DIAMOND PRINCESS,16,JUNEAU
2008-06-23T22:54:12,310404000,55.38088167,-131.7450833,0,311.5,7.3,310,9228198,ZCDF8,DIAMOND PRINCESS,16,JUNEAU
2008-06-23T22:54:03,310404000,55.38068167,-131.744685,0,311.5,7.3,310,9228198,ZCDF8,DIAMOND PRINCESS,16,JUNEAU
2008-06-23T22:53:53,310404000,55.38045667,-131.744245,0,311.5,7.3,310,9228198,ZCDF8,DIAMOND PRINCESS,16,JUNEAU
2008-06-23T22:53:43,310404000,55.38023333,-131.7438017,0,311.5,7.3,310,9228198,ZCDF8,DIAMOND PRINCESS,16,JUNEAU
2008-06-23T22:53:31,310404000,55.379985,-131.743315,0,312.3,7.3,310,9228198,ZCDF8,DIAMOND PRINCESS,16,JUNEAU
2008-06-23T22:53:21,310404000,55.37976,-131.7428733,0,311.5,7.3,310,9228198,ZCDF8,DIAMOND PRINCESS,16,JUNEAU
2008-06-23T22:53:12,310404000,55.37955667,-131.7424733,0,311.5,7.4,310,9228198,ZCDF8,DIAMOND PRINCESS,16,JUNEAU
2008-06-23T22:53:03,310404000,55.37933167,-131.7420283,0,312.5,7.4,311,9228198,ZCDF8,DIAMOND PRINCESS,16,JUNEAU
2008-06-23T22:52:53,310404000,55.37910167,-131.741585,0,314.0,7.5,311,9228198,ZCDF8,DIAMOND PRINCESS,16,JUNEAU
2008-06-23T22:52:43,310404000,55.37887167,-131.7411433,0,313.3,7.4,311,9228198,ZCDF8,DIAMOND PRINCESS,16,JUNEAU
2008-06-23T22:52:31,310404000,55.37859167,-131.7406233,0,312.5,7.4,311,9228198,ZCDF8,DIAMOND PRINCESS,16,JUNEAU
2008-06-23T22:52:21,310404000,55.37835833,-131.7401833,0,314.0,7.5,311,9228198,ZCDF8,DIAMOND PRINCESS,16,JUNEAU
2008-06-23T22:52:12,310404000,55.37817,-131.739835,0,314.3,7.4,312,9228198,ZCDF8,DIAMOND PRINCESS,16,JUNEAU
2008-06-23T22:52:03,310404000,55.37793,-131.7394,0,314.3,7.4,312,9228198,ZCDF8,DIAMOND PRINCESS,16,JUNEAU
2008-06-23T22:51:53,310404000,55.37769167,-131.7389717,0,314.3,7.4,312,9228198,ZCDF8,DIAMOND PRINCESS,16,JUNEAU
2008-06-23T22:51:43,310404000,55.37745333,-131.7385383,0,313.5,7.5,312,9228198,ZCDF8,DIAMOND PRINCESS,16,JUNEAU
2008-06-23T22:51:31,310404000,55.37716667,-131.7380083,0,314.5,7.6,313,9228198,ZCDF8,DIAMOND PRINCESS,16,JUNEAU
2008-06-23T22:51:31,310404000,55.37692667,-131.73757,0,0.0,0.0,0,9228198,ZCDF8,DIAMOND PRINCESS,16,JUNEAU
2008-06-23T22:51:21,310404000,55.37692667,-131.73757,0,314.7,7.5,314,9228198,ZCDF8,DIAMOND PRINCESS,16,JUNEAU
2008-06-23T22:51:12,310404000,55.376705,-131.7371783,0,315.0,7.5,315,9228198,ZCDF8,DIAMOND PRINCESS,16,JUNEAU
2008-06-23T22:51:03,310404000,55.37648333,-131.7367917,0,316.0,7.5,316,9228198,ZCDF8,DIAMOND PRINCESS,16,JUNEAU
2008-06-23T22:50:52,310404000,55.37620833,-131.7363233,0,317.0,7.6,317,9228198,ZCDF8,DIAMOND PRINCESS,16,JUNEAU
2008-06-23T22:50:43,310404000,55.37598167,-131.7359433,0,317.0,7.6,317,9228198,ZCDF8,DIAMOND PRINCESS,16,JUNEAU
2008-06-23T22:50:33,310404000,55.37572667,-131.7355267,0,317.0,7.5,317,9228198,ZCDF8,DIAMOND PRINCESS,16,JUNEAU
2008-06-23T22:50:22,310404000,55.37547,-131.7351067,0,318.4,7.7,317,9228198,ZCDF8,DIAMOND PRINCESS,16,JUNEAU
2008-06-23T22:50:13,310404000,55.375185,-131.7346483,0,317.7,7.7,317,9228198,ZCDF8,DIAMOND PRINCESS,16,JUNEAU
2008-06-23T22:50:03,310404000,55.37492667,-131.7342317,0,317.7,7.6,317,9228198,ZCDF8,DIAMOND PRINCESS,16,JUNEAU
2008-06-23T22:49:52,310404000,55.37467,-131.733815,0,317.0,7.6,317,9228198,ZCDF8,DIAMOND PRINCESS,16,JUNEAU
2008-06-23T22:49:43,310404000,55.37441,-131.7333933,0,317.0,7.6,317,9228198,ZCDF8,DIAMOND PRINCESS,16,JUNEAU
2008-06-23T22:49:33,310404000,55.37417667,-131.733015,0,317.0,7.7,317,9228198,ZCDF8,DIAMOND PRINCESS,16,JUNEAU
2008-06-23T22:49:22,310404000,55.37389333,-131.732555,0,317.0,7.6,317,9228198,ZCDF8,DIAMOND PRINCESS,16,JUNEAU
2008-06-23T22:49:12,310404000,55.373635,-131.7321367,0,317.0,7.7,317,9228198,ZCDF8,DIAMOND PRINCESS,16,JUNEAU
2008-06-23T22:49:03,310404000,55.37340167,-131.7317583,0,317.0,7.7,317,9228198,ZCDF8,DIAMOND PRINCESS,16,JUNEAU
2008-06-23T22:48:52,310404000,55.37314167,-131.7313367,0,317.0,7.7,317,9228198,ZCDF8,DIAMOND PRINCESS,16,JUNEAU
2008-06-23T22:48:43,310404000,55.37286,-131.73087,0,317.0,7.7,317,9228198,ZCDF8,DIAMOND PRINCESS,16,JUNEAU
2008-06-23T22:48:33,310404000,55.37260167,-131.7304483,0,317.0,7.7,317,9228198,ZCDF8,DIAMOND PRINCESS,16,JUNEAU
2008-06-23T22:48:22,310404000,55.37234333,-131.73002,0,317.0,7.7,317,9228198,ZCDF8,DIAMOND PRINCESS,16,JUNEAU
2008-06-23T22:48:12,310404000,55.37208667,-131.7295917,0,317.0,7.7,317,9228198,ZCDF8,DIAMOND PRINCESS,16,JUNEAU
2008-06-23T22:48:02,310404000,55.37182833,-131.729165,0,316.2,7.7,317,9228198,ZCDF8,DIAMOND PRINCESS,16,JUNEAU
2008-06-23T22:47:52,310404000,55.37157,-131.728735,0,317.0,7.7,317,9228198,ZCDF8,DIAMOND PRINCESS,16,JUNEAU
2008-06-23T22:47:43,310404000,55.37133833,-131.72835,0,317.0,7.8,317,9228198,ZCDF8,DIAMOND PRINCESS,16,JUNEAU
2008-06-23T22:47:33,310404000,55.37108167,-131.72792,0,316.2,7.7,317,9228198,ZCDF8,DIAMOND PRINCESS,16,JUNEAU
2008-06-23T22:47:22,310404000,55.37077167,-131.7273983,0,316.2,7.7,317,9228198,ZCDF8,DIAMOND PRINCESS,16,JUNEAU
2008-06-23T22:47:12,310404000,55.37054,-131.72701,0,316.2,7.7,317,9228198,ZCDF8,DIAMOND PRINCESS,16,JUNEAU
2008-06-23T22:47:02,310404000,55.37025667,-131.7265333,0,316.2,7.8,317,9228198,ZCDF8,DIAMOND PRINCESS,16,JUNEAU
2008-06-23T22:46:52,310404000,55.37002167,-131.7261467,0,316.2,7.7,317,9228198,ZCDF8,DIAMOND PRINCESS,16,JUNEAU
2008-06-23T22:46:43,310404000,55.36976333,-131.7257133,0,316.2,7.7,317,9228198,ZCDF8,DIAMOND PRINCESS,16,JUNEAU
2008-06-23T22:46:33,310404000,55.36950333,-131.72528,0,316.2,7.8,317,9228198,ZCDF8,DIAMOND PRINCESS,16,JUNEAU
2008-06-23T22:46:22,310404000,55.36924333,-131.7248467,0,316.2,7.8,317,9228198,ZCDF8,DIAMOND PRINCESS,16,JUNEAU
2008-06-23T22:46:13,310404000,55.36901,-131.7244517,0,316.2,7.8,317,9228198,ZCDF8,DIAMOND PRINCESS,16,JUNEAU
2008-06-23T22:46:02,310404000,55.36872333,-131.7239767,0,316.2,7.8,317,9228198,ZCDF8,DIAMOND PRINCESS,16,JUNEAU
2008-06-23T22:45:52,310404000,55.36846333,-131.7235417,0,317.0,7.8,317,9228198,ZCDF8,DIAMOND PRINCESS,16,JUNEAU
2008-06-23T22:45:43,310404000,55.36820167,-131.72311,0,316.2,7.8,317,9228198,ZCDF8,DIAMOND PRINCESS,16,JUNEAU
2008-06-23T22:45:33,310404000,55.36793833,-131.722675,0,316.2,7.8,317,9228198,ZCDF8,DIAMOND PRINCESS,16,JUNEAU
2008-06-23T22:45:32,310404000,55.36765,-131.7221983,0,0.0,0.0,0,9228198,ZCDF8,DIAMOND PRINCESS,16,JUNEAU
2008-06-23T22:45:22,310404000,55.36765,-131.7221983,0,317.0,7.8,317,9228198,ZCDF8,DIAMOND PRINCESS,16,JUNEAU
2008-06-23T22:45:13,310404000,55.36741167,-131.7218083,0,316.2,7.8,317,9228198,ZCDF8,DIAMOND PRINCESS,16,JUNEAU
2008-06-23T22:45:02,310404000,55.36712167,-131.7213267,0,317.0,7.8,317,9228198,ZCDF8,DIAMOND PRINCESS,16,JUNEAU
2008-06-23T22:44:52,310404000,55.36688333,-131.7209383,0,316.2,7.9,317,9228198,ZCDF8,DIAMOND PRINCESS,16,JUNEAU
2008-06-23T22:44:43,310404000,55.366645,-131.720545,0,317.0,7.9,317,9228198,ZCDF8,DIAMOND PRINCESS,16,JUNEAU
2008-06-23T22:44:33,310404000,55.36635333,-131.7200683,0,317.0,7.9,317,9228198,ZCDF8,DIAMOND PRINCESS,16,JUNEAU
2008-06-23T22:44:22,310404000,55.366065,-131.7195883,0,317.0,7.9,317,9228198,ZCDF8,DIAMOND PRINCESS,16,JUNEAU
2008-06-23T22:44:13,310404000,55.36582667,-131.7191967,0,317.0,7.9,317,9228198,ZCDF8,DIAMOND PRINCESS,16,JUNEAU
2008-06-23T22:44:02,310404000,55.36553667,-131.7187167,0,316.2,7.9,317,9228198,ZCDF8,DIAMOND PRINCESS,16,JUNEAU
2008-06-23T22:43:52,310404000,55.36529667,-131.71832,0,316.2,7.9,317,9228198,ZCDF8,DIAMOND PRINCESS,16,JUNEAU
2008-06-23T22:43:43,310404000,55.36502667,-131.7178783,0,316.2,7.9,317,9228198,ZCDF8,DIAMOND PRINCESS,16,JUNEAU
2008-06-23T22:43:33,310404000,55.36475,-131.717435,0,316.2,7.9,317,9228198,ZCDF8,DIAMOND PRINCESS,16,JUNEAU
2008-06-23T22:43:22,310404000,55.36444667,-131.716955,0,316.2,8.0,317,9228198,ZCDF8,DIAMOND PRINCESS,16,JUNEAU
2008-06-23T22:43:13,310404000,55.36420833,-131.716555,0,315.5,8.0,317,9228198,ZCDF8,DIAMOND PRINCESS,16,JUNEAU
2008-06-23T22:43:02,310404000,55.36394667,-131.7161083,0,315.5,8.0,317,9228198,ZCDF8,DIAMOND PRINCESS,16,JUNEAU
2008-06-23T22:42:42,310404000,55.363395,-131.715165,0,314.8,7.9,317,9228198,ZCDF8,DIAMOND PRINCESS,16,JUNEAU
2008-06-23T22:42:32,310404000,55.36313167,-131.7147167,0,315.5,8.0,317,9228198,ZCDF8,DIAMOND PRINCESS,16,JUNEAU
2008-06-23T22:42:22,310404000,55.362865,-131.71427,0,316.2,8.0,317,9228198,ZCDF8,DIAMOND PRINCESS,16,JUNEAU
2008-06-23T22:42:13,310404000,55.362625,-131.7138683,0,316.2,8.0,317,9228198,ZCDF8,DIAMOND PRINCESS,16,JUNEAU
2008-06-23T22:42:02,310404000,55.362335,-131.7133717,0,315.2,8.0,316,9228198,ZCDF8,DIAMOND PRINCESS,16,JUNEAU
2008-06-23T22:41:51,310404000,55.36207,-131.7129217,0,315.2,8.0,316,9228198,ZCDF8,DIAMOND PRINCESS,16,JUNEAU
2008-06-23T22:41:42,310404000,55.361835,-131.7125133,0,315.2,8.0,316,9228198,ZCDF8,DIAMOND PRINCESS,16,JUNEAU
2008-06-23T22:41:32,310404000,55.361575,-131.71206,0,315.2,7.9,316,9228198,ZCDF8,DIAMOND PRINCESS,16,JUNEAU
2008-06-23T22:41:22,310404000,55.36129,-131.7115667,0,315.2,7.9,316,9228198,ZCDF8,DIAMOND PRINCESS,16,JUNEAU
2008-06-23T22:41:13,310404000,55.36105667,-131.7111617,0,316.0,7.9,316,9228198,ZCDF8,DIAMOND PRINCESS,16,JUNEAU
2008-06-23T22:41:02,310404000,55.360765,-131.7106667,0,316.0,7.9,316,9228198,ZCDF8,DIAMOND PRINCESS,16,JUNEAU
2008-06-23T22:40:51,310404000,55.36047833,-131.7101817,0,316.0,7.9,316,9228198,ZCDF8,DIAMOND PRINCESS,16,JUNEAU
2008-06-23T22:40:42,310404000,55.36026833,-131.709825,0,316.0,7.9,316,9228198,ZCDF8,DIAMOND PRINCESS,16,JUNEAU
2008-06-23T22:40:32,310404000,55.35998,-131.7093367,0,316.0,7.9,316,9228198,ZCDF8,DIAMOND PRINCESS,16,JUNEAU
2008-06-23T22:40:22,310404000,55.35971333,-131.7088867,0,317.0,7.9,317,9228198,ZCDF8,DIAMOND PRINCESS,16,JUNEAU
2008-06-23T22:40:13,310404000,55.35947667,-131.7084917,0,317.0,7.9,317,9228198,ZCDF8,DIAMOND PRINCESS,16,JUNEAU
2008-06-23T22:40:02,310404000,55.35920667,-131.7080467,0,317.7,7.9,317,9228198,ZCDF8,DIAMOND PRINCESS,16,JUNEAU
2008-06-23T22:39:51,310404000,55.35888333,-131.70753,0,317.7,8.0,317,9228198,ZCDF8,DIAMOND PRINCESS,16,JUNEAU
2008-06-23T22:39:42,310404000,55.35864,-131.7071383,0,317.7,8.0,317,9228198,ZCDF8,DIAMOND PRINCESS,16,JUNEAU
2008-06-23T22:39:32,310404000,55.35836667,-131.7067033,0,317.7,8.0,317,9228198,ZCDF8,DIAMOND PRINCESS,16,JUNEAU
2008-06-23T22:39:30,310404000,55.35806667,-131.7062267,0,0.0,0.0,0,9228198,ZCDF8,DIAMOND PRINCESS,16,JUNEAU
2008-06-23T22:39:21,310404000,55.35806667,-131.7062267,0,317.0,8.0,317,9228198,ZCDF8,DIAMOND PRINCESS,16,JUNEAU
2008-06-23T22:39:13,310404000,55.35785167,-131.7058783,0,317.0,8.0,317,9228198,ZCDF8,DIAMOND PRINCESS,16,JUNEAU
2008-06-23T22:39:02,310404000,55.357555,-131.7053933,0,318.0,8.0,318,9228198,ZCDF8,DIAMOND PRINCESS,16,JUNEAU
2008-06-23T22:38:51,310404000,55.357285,-131.7049583,0,318.0,7.9,318,9228198,ZCDF8,DIAMOND PRINCESS,16,JUNEAU
2008-06-23T22:38:42,310404000,55.35704,-131.704565,0,318.0,7.9,318,9228198,ZCDF8,DIAMOND PRINCESS,16,JUNEAU
2008-06-23T22:38:33,310404000,55.35677,-131.7041333,0,318.0,7.9,318,9228198,ZCDF8,DIAMOND PRINCESS,16,JUNEAU
2008-06-23T22:38:21,310404000,55.35644667,-131.703615,0,317.2,7.9,318,9228198,ZCDF8,DIAMOND PRINCESS,16,JUNEAU
2008-06-23T22:38:13,310404000,55.35623,-131.70327,0,317.2,7.9,318,9228198,ZCDF8,DIAMOND PRINCESS,16,JUNEAU
2008-06-23T22:38:02,310404000,55.35593333,-131.7027917,0,317.2,7.9,318,9228198,ZCDF8,DIAMOND PRINCESS,16,JUNEAU
2008-06-23T22:37:52,310404000,55.355665,-131.7023533,0,317.2,7.9,318,9228198,ZCDF8,DIAMOND PRINCESS,16,JUNEAU
2008-06-23T22:37:42,310404000,55.3554,-131.7019233,0,316.5,7.9,318,9228198,ZCDF8,DIAMOND PRINCESS,16,JUNEAU
2008-06-23T22:37:33,310404000,55.35516,-131.70153,0,316.5,7.9,318,9228198,ZCDF8,DIAMOND PRINCESS,16,JUNEAU
2008-06-23T22:37:21,310404000,55.35484167,-131.7010033,0,316.5,7.9,318,9228198,ZCDF8,DIAMOND PRINCESS,16,JUNEAU
2008-06-23T22:37:13,310404000,55.35462833,-131.70065,0,316.5,7.9,318,9228198,ZCDF8,DIAMOND PRINCESS,16,JUNEAU
2008-06-23T22:37:02,310404000,55.35431333,-131.7001233,0,316.5,7.9,318,9228198,ZCDF8,DIAMOND PRINCESS,16,JUNEAU
2008-06-23T22:36:52,310404000,55.35404667,-131.69968,0,315.8,7.9,318,9228198,ZCDF8,DIAMOND PRINCESS,16,JUNEAU
2008-06-23T22:36:42,310404000,55.35381167,-131.699285,0,316.5,7.9,318,9228198,ZCDF8,DIAMOND PRINCESS,16,JUNEAU
2008-06-23T22:36:33,310404000,55.35354667,-131.6988433,0,316.5,7.9,318,9228198,ZCDF8,DIAMOND PRINCESS,16,JUNEAU
2008-06-23T22:36:21,310404000,55.35325667,-131.69836,0,316.5,7.9,318,9228198,ZCDF8,DIAMOND PRINCESS,16,JUNEAU
2008-06-23T22:36:13,310404000,55.353045,-131.6980117,0,316.5,7.8,318,9228198,ZCDF8,DIAMOND PRINCESS,16,JUNEAU
2008-06-23T22:36:02,310404000,55.35275833,-131.6975383,0,316.5,7.8,318,9228198,ZCDF8,DIAMOND PRINCESS,16,JUNEAU
2008-06-23T22:35:52,310404000,55.35249667,-131.6970967,0,316.5,7.8,318,9228198,ZCDF8,DIAMOND PRINCESS,16,JUNEAU
2008-06-23T22:35:42,310404000,55.35223333,-131.69666,0,315.7,7.8,318,9228198,ZCDF8,DIAMOND PRINCESS,16,JUNEAU
2008-06-23T22:35:33,310404000,55.35197333,-131.6962233,0,316.5,7.8,318,9228198,ZCDF8,DIAMOND PRINCESS,16,JUNEAU
2008-06-23T22:35:21,310404000,55.35166,-131.6957033,0,316.5,7.8,318,9228198,ZCDF8,DIAMOND PRINCESS,16,JUNEAU
2008-06-23T22:35:13,310404000,55.35145,-131.6953583,0,316.5,7.8,318,9228198,ZCDF8,DIAMOND PRINCESS,16,JUNEAU
2008-06-23T22:35:01,310404000,55.35116333,-131.6948833,0,315.5,7.7,317,9228198,ZCDF8,DIAMOND PRINCESS,16,JUNEAU
2008-06-23T22:34:52,310404000,55.35093167,-131.6944917,0,315.5,7.7,317,9228198,ZCDF8,DIAMOND PRINCESS,16,JUNEAU
2008-06-23T22:34:43,310404000,55.35070167,-131.6941,0,315.5,7.7,317,9228198,ZCDF8,DIAMOND PRINCESS,16,JUNEAU
2008-06-23T22:34:33,310404000,55.35042333,-131.6936183,0,315.5,7.7,317,9228198,ZCDF8,DIAMOND PRINCESS,16,JUNEAU
2008-06-23T22:34:21,310404000,55.35014667,-131.6931383,0,315.5,7.7,317,9228198,ZCDF8,DIAMOND PRINCESS,16,JUNEAU
2008-06-23T22:34:13,310404000,55.34991667,-131.6927483,0,314.7,7.6,317,9228198,ZCDF8,DIAMOND PRINCESS,16,JUNEAU
2008-06-23T22:34:01,310404000,55.34962,-131.6922267,0,314.7,7.6,317,9228198,ZCDF8,DIAMOND PRINCESS,16,JUNEAU
2008-06-23T22:33:52,310404000,55.34939667,-131.6918333,0,313.9,7.5,317,9228198,ZCDF8,DIAMOND PRINCESS,16,JUNEAU
2008-06-23T22:33:43,310404000,55.34917833,-131.69144,0,314.7,7.5,317,9228198,ZCDF8,DIAMOND PRINCESS,16,JUNEAU
2008-06-23T22:33:33,310404000,55.348935,-131.6910067,0,313.9,7.4,317,9228198,ZCDF8,DIAMOND PRINCESS,16,JUNEAU
2008-06-23T22:33:32,310404000,55.34867333,-131.6905317,0,0.0,0.0,0,9228198,ZCDF8,DIAMOND PRINCESS,16,JUNEAU
2008-06-23T22:33:22,310404000,55.34867333,-131.6905317,0,313.9,7.4,317,9228198,ZCDF8,DIAMOND PRINCESS,16,JUNEAU
2008-06-23T22:33:12,310404000,55.34845833,-131.6901467,0,314.6,7.4,317,9228198,ZCDF8,DIAMOND PRINCESS,16,JUNEAU
2008-06-23T22:33:01,310404000,55.348195,-131.68968,0,314.6,7.3,317,9228198,ZCDF8,DIAMOND PRINCESS,16,JUNEAU
2008-06-23T22:32:52,310404000,55.34797833,-131.6893033,0,313.6,7.3,316,9228198,ZCDF8,DIAMOND PRINCESS,16,JUNEAU
2008-06-23T22:32:43,310404000,55.34774333,-131.68888,0,312.6,7.2,315,9228198,ZCDF8,DIAMOND PRINCESS,16,JUNEAU
2008-06-23T22:32:33,310404000,55.34751667,-131.6884567,0,311.6,7.2,314,9228198,ZCDF8,DIAMOND PRINCESS,16,JUNEAU
2008-06-23T22:32:22,310404000,55.347275,-131.6879883,0,310.7,7.1,314,9228198,ZCDF8,DIAMOND PRINCESS,16,JUNEAU
2008-06-23T22:32:12,310404000,55.34705833,-131.6875517,0,310.7,7.0,314,9228198,ZCDF8,DIAMOND PRINCESS,16,JUNEAU
2008-06-23T22:32:01,310404000,55.34682667,-131.6870783,0,310.7,7.0,314,9228198,ZCDF8,DIAMOND PRINCESS,16,JUNEAU
2008-06-23T22:31:52,310404000,55.34663833,-131.686705,0,310.6,6.9,314,9228198,ZCDF8,DIAMOND PRINCESS,16,JUNEAU
2008-06-23T22:31:43,310404000,55.346445,-131.6863233,0,311.4,6.8,314,9228198,ZCDF8,DIAMOND PRINCESS,16,JUNEAU
2008-06-23T22:31:33,310404000,55.34623833,-131.68591,0,310.4,6.7,313,9228198,ZCDF8,DIAMOND PRINCESS,16,JUNEAU
2008-06-23T22:31:22,310404000,55.34603167,-131.6854983,0,309.5,6.6,313,9228198,ZCDF8,DIAMOND PRINCESS,16,JUNEAU
2008-06-23T22:31:12,310404000,55.34581667,-131.6850417,0,308.4,6.5,312,9228198,ZCDF8,DIAMOND PRINCESS,16,JUNEAU
2008-06-23T22:31:02,310404000,55.34562833,-131.6846267,0,308.4,6.4,312,9228198,ZCDF8,DIAMOND PRINCESS,16,JUNEAU
2008-06-23T22:30:52,310404000,55.34544167,-131.6842183,0,308.3,6.3,312,9228198,ZCDF8,DIAMOND PRINCESS,16,JUNEAU
2008-06-23T22:30:43,310404000,55.34528,-131.6838567,0,308.3,6.2,312,9228198,ZCDF8,DIAMOND PRINCESS,16,JUNEAU
2008-06-23T22:30:32,310404000,55.34508167,-131.6834217,0,308.3,6.2,312,9228198,ZCDF8,DIAMOND PRINCESS,16,JUNEAU
2008-06-23T22:30:22,310404000,55.344905,-131.6830317,0,308.1,6.0,312,9228198,ZCDF8,DIAMOND PRINCESS,16,JUNEAU
2008-06-23T22:30:12,310404000,55.34475,-131.682685,0,306.1,5.9,311,9228198,ZCDF8,DIAMOND PRINCESS,16,JUNEAU
2008-06-23T22:30:02,310404000,55.34456667,-131.6822633,0,307.0,5.8,311,9228198,ZCDF8,DIAMOND PRINCESS,16,JUNEAU
2008-06-23T22:29:52,310404000,55.344405,-131.6818883,0,304.9,5.7,310,9228198,ZCDF8,DIAMOND PRINCESS,16,JUNEAU
2008-06-23T22:29:42,310404000,55.34425,-131.6815083,0,303.8,5.6,309,9228198,ZCDF8,DIAMOND PRINCESS,16,JUNEAU
2008-06-23T22:29:39,310404000,55.34420833,-131.6813983,0,303.8,5.6,309,9228198,ZCDF8,DIAMOND PRINCESS,16,JUNEAU
2008-06-23T22:29:36,310404000,55.34416167,-131.6812817,0,303.8,5.6,309,9228198,ZCDF8,DIAMOND PRINCESS,16,JUNEAU
2008-06-23T22:29:32,310404000,55.34410333,-131.6811317,0,303.8,5.5,309,9228198,ZCDF8,DIAMOND PRINCESS,16,JUNEAU
2008-06-23T22:29:29,310404000,55.34406167,-131.6810217,0,302.8,5.5,308,9228198,ZCDF8,DIAMOND PRINCESS,16,JUNEAU
2008-06-23T22:29:25,310404000,55.34400333,-131.6808733,0,303.8,5.5,308,9228198,ZCDF8,DIAMOND PRINCESS,16,JUNEAU
2008-06-23T22:29:22,310404000,55.34396,-131.68076,0,302.8,5.5,308,9228198,ZCDF8,DIAMOND PRINCESS,16,JUNEAU
2008-06-23T22:29:19,310404000,55.34391833,-131.6806483,0,303.8,5.5,308,9228198,ZCDF8,DIAMOND PRINCESS,16,JUNEAU
2008-06-23T22:29:16,310404000,55.343875,-131.6805367,0,302.8,5.5,307,9228198,ZCDF8,DIAMOND PRINCESS,16,JUNEAU
2008-06-23T22:29:12,310404000,55.34382333,-131.680395,0,303.8,5.4,307,9228198,ZCDF8,DIAMOND PRINCESS,16,JUNEAU
2008-06-23T22:29:09,310404000,55.34378,-131.680285,0,302.8,5.4,306,9228198,ZCDF8,DIAMOND PRINCESS,16,JUNEAU
2008-06-23T22:29:05,310404000,55.34372333,-131.6801367,0,301.8,5.5,306,9228198,ZCDF8,DIAMOND PRINCESS,16,JUNEAU
2008-06-23T22:29:02,310404000,55.34368167,-131.6800267,0,302.9,5.5,305,9228198,ZCDF8,DIAMOND PRINCESS,16,JUNEAU
2008-06-23T22:28:59,310404000,55.34364167,-131.67992,0,301.9,5.5,304,9228198,ZCDF8,DIAMOND PRINCESS,16,JUNEAU
2008-06-23T22:28:56,310404000,55.34359833,-131.6798067,0,300.8,5.4,303,9228198,ZCDF8,DIAMOND PRINCESS,16,JUNEAU
2008-06-23T22:28:52,310404000,55.34354333,-131.67966,0,299.8,5.4,302,9228198,ZCDF8,DIAMOND PRINCESS,16,JUNEAU
2008-06-23T22:28:49,310404000,55.34351667,-131.67959,0,299.8,5.4,302,9228198,ZCDF8,DIAMOND PRINCESS,16,JUNEAU
2008-06-23T22:28:45,310404000,55.34346167,-131.6794367,0,299.9,5.4,301,9228198,ZCDF8,DIAMOND PRINCESS,16,JUNEAU
2008-06-23T22:28:42,310404000,55.34341,-131.6792883,0,297.9,5.4,299,9228198,ZCDF8,DIAMOND PRINCESS,16,JUNEAU
2008-06-23T22:28:39,310404000,55.34337167,-131.6791767,0,298.0,5.4,299,9228198,ZCDF8,DIAMOND PRINCESS,16,JUNEAU
2008-06-23T22:28:36,310404000,55.34333333,-131.679065,0,297.0,5.5,298,9228198,ZCDF8,DIAMOND PRINCESS,16,JUNEAU
2008-06-23T22:28:32,310404000,55.34328333,-131.6789117,0,296.0,5.5,296,9228198,ZCDF8,DIAMOND PRINCESS,16,JUNEAU
2008-06-23T22:28:29,310404000,55.34324833,-131.6788,0,295.0,5.5,295,9228198,ZCDF8,DIAMOND PRINCESS,16,JUNEAU
2008-06-23T22:28:25,310404000,55.34319833,-131.67864,0,294.0,5.5,294,9228198,ZCDF8,DIAMOND PRINCESS,16,JUNEAU
2008-06-23T22:28:22,310404000,55.343165,-131.6785233,0,294.0,5.5,293,9228198,ZCDF8,DIAMOND PRINCESS,16,JUNEAU
2008-06-23T22:28:19,310404000,55.34312,-131.6783633,0,292.0,5.5,292,9228198,ZCDF8,DIAMOND PRINCESS,16,JUNEAU
2008-06-23T22:28:15,310404000,55.34308833,-131.6782433,0,291.0,5.5,291,9228198,ZCDF8,DIAMOND PRINCESS,16,JUNEAU
2008-06-23T22:28:12,310404000,55.34305667,-131.6781233,0,291.0,5.6,289,9228198,ZCDF8,DIAMOND PRINCESS,16,JUNEAU
2008-06-23T22:28:09,310404000,55.34301333,-131.6779583,0,289.0,5.6,288,9228198,ZCDF8,DIAMOND PRINCESS,16,JUNEAU
2008-06-23T22:28:05,310404000,55.342985,-131.6778333,0,288.0,5.6,287,9228198,ZCDF8,DIAMOND PRINCESS,16,JUNEAU
2008-06-23T22:28:02,310404000,55.34295667,-131.6777067,0,287.0,5.6,286,9228198,ZCDF8,DIAMOND PRINCESS,16,JUNEAU
2008-06-23T22:27:59,310404000,55.34292167,-131.6775383,0,286.0,5.6,285,9228198,ZCDF8,DIAMOND PRINCESS,16,JUNEAU
2008-06-23T22:27:56,310404000,55.342895,-131.67741,0,285.0,5.6,284,9228198,ZCDF8,DIAMOND PRINCESS,16,JUNEAU
2008-06-23T22:27:52,310404000,55.34287,-131.67728,0,285.0,5.6,283,9228198,ZCDF8,DIAMOND PRINCESS,16,JUNEAU
2008-06-23T22:27:49,310404000,55.34284667,-131.6771483,0,284.0,5.6,282,9228198,ZCDF8,DIAMOND PRINCESS,16,JUNEAU
2008-06-23T22:27:45,310404000,55.34281833,-131.6769733,0,282.0,5.6,281,9228198,ZCDF8,DIAMOND PRINCESS,16,JUNEAU
2008-06-23T22:27:42,310404000,55.34279667,-131.6768417,0,282.0,5.6,279,9228198,ZCDF8,DIAMOND PRINCESS,16,JUNEAU
2008-06-23T22:27:35,310404000,55.34275167,-131.6765333,0,280.0,5.6,278,9228198,ZCDF8,DIAMOND PRINCESS,16,JUNEAU
2008-06-23T22:27:32,310404000,55.34273333,-131.6764,0,281.0,5.6,277,9228198,ZCDF8,DIAMOND PRINCESS,16,JUNEAU
2008-06-23T22:27:29,310404000,55.34271833,-131.6762667,0,0.0,0.0,0,9228198,ZCDF8,DIAMOND PRINCESS,16,JUNEAU
2008-06-23T22:27:29,310404000,55.34271833,-131.6762667,0,280.0,5.7,276,9228198,ZCDF8,DIAMOND PRINCESS,16,JUNEAU
2008-06-23T22:27:22,310404000,55.34268167,-131.6759517,0,278.0,5.7,274,9228198,ZCDF8,DIAMOND PRINCESS,16,JUNEAU
2008-06-23T22:27:12,310404000,55.34264,-131.6755,0,276.1,5.6,271,9228198,ZCDF8,DIAMOND PRINCESS,16,JUNEAU
2008-06-23T22:27:02,310404000,55.34260833,-131.675045,0,274.1,5.6,269,9228198,ZCDF8,DIAMOND PRINCESS,16,JUNEAU
2008-06-23T22:26:52,310404000,55.34258167,-131.674545,0,272.1,5.6,267,9228198,ZCDF8,DIAMOND PRINCESS,16,JUNEAU
2008-06-23T22:26:42,310404000,55.34256667,-131.6741367,0,271.1,5.6,264,9228198,ZCDF8,DIAMOND PRINCESS,16,JUNEAU
2008-06-23T22:26:32,310404000,55.34255667,-131.6736817,0,271.2,5.6,263,9228198,ZCDF8,DIAMOND PRINCESS,16,JUNEAU
2008-06-23T22:26:22,310404000,55.34255333,-131.6732317,0,269.4,5.5,261,9228198,ZCDF8,DIAMOND PRINCESS,16,JUNEAU
2008-06-23T22:26:12,310404000,55.34255667,-131.672785,0,267.4,5.5,259,9228198,ZCDF8,DIAMOND PRINCESS,16,JUNEAU
2008-06-23T22:26:03,310404000,55.34256,-131.672385,0,267.4,5.5,258,9228198,ZCDF8,DIAMOND PRINCESS,16,JUNEAU
2008-06-23T22:25:52,310404000,55.34256833,-131.671895,0,266.6,5.4,257,9228198,ZCDF8,DIAMOND PRINCESS,16,JUNEAU
2008-06-23T22:25:42,310404000,55.34258167,-131.6714567,0,265.6,5.4,256,9228198,ZCDF8,DIAMOND PRINCESS,16,JUNEAU
2008-06-23T22:25:32,310404000,55.34259667,-131.6710217,0,265.8,5.3,255,9228198,ZCDF8,DIAMOND PRINCESS,16,JUNEAU
2008-06-23T22:25:22,310404000,55.34261333,-131.6705933,0,266.1,5.2,254,9228198,ZCDF8,DIAMOND PRINCESS,16,JUNEAU
2008-06-23T22:25:12,310404000,55.34263333,-131.6701267,0,264.0,5.2,253,9228198,ZCDF8,DIAMOND PRINCESS,16,JUNEAU
2008-06-23T22:25:03,310404000,55.342655,-131.669755,0,264.4,5.1,252,9228198,ZCDF8,DIAMOND PRINCESS,16,JUNEAU
2008-06-23T22:24:52,310404000,55.34268167,-131.6693033,0,263.3,5.1,252,9228198,ZCDF8,DIAMOND PRINCESS,16,JUNEAU
2008-06-23T22:24:42,310404000,55.34270667,-131.6689383,0,262.5,5.0,251,9228198,ZCDF8,DIAMOND PRINCESS,16,JUNEAU
2008-06-23T22:24:32,310404000,55.34273167,-131.6685367,0,262.7,4.9,251,9228198,ZCDF8,DIAMOND PRINCESS,16,JUNEAU
2008-06-23T22:24:22,310404000,55.342755,-131.6681367,0,264.0,4.8,252,9228198,ZCDF8,DIAMOND PRINCESS,16,JUNEAU
2008-06-23T22:24:12,310404000,55.34278,-131.6677467,0,264.0,4.8,252,9228198,ZCDF8,DIAMOND PRINCESS,16,JUNEAU
2008-06-23T22:24:03,310404000,55.3428,-131.66736,0,265.4,4.7,252,9228198,ZCDF8,DIAMOND PRINCESS,16,JUNEAU
2008-06-23T22:23:52,310404000,55.34281833,-131.6669433,0,264.7,4.6,251,9228198,ZCDF8,DIAMOND PRINCESS,16,JUNEAU
2008-06-23T22:23:42,310404000,55.34283667,-131.6665717,0,265.0,4.5,251,9228198,ZCDF8,DIAMOND PRINCESS,16,JUNEAU
2008-06-23T22:23:32,310404000,55.34285333,-131.6662433,0,264.3,4.4,250,9228198,ZCDF8,DIAMOND PRINCESS,16,JUNEAU
2008-06-23T22:23:22,310404000,55.34287167,-131.6658833,0,263.3,4.3,250,9228198,ZCDF8,DIAMOND PRINCESS,16,JUNEAU
2008-06-23T22:23:12,310404000,55.342895,-131.6655367,0,262.3,4.2,250,9228198,ZCDF8,DIAMOND PRINCESS,16,JUNEAU
2008-06-23T22:23:03,310404000,55.34291667,-131.66523,0,262.3,4.1,251,9228198,ZCDF8,DIAMOND PRINCESS,16,JUNEAU
2008-06-23T22:22:52,310404000,55.34295,-131.6648283,0,263.3,4.1,251,9228198,ZCDF8,DIAMOND PRINCESS,16,JUNEAU
2008-06-23T22:22:42,310404000,55.342975,-131.664535,0,264.5,4.0,252,9228198,ZCDF8,DIAMOND PRINCESS,16,JUNEAU
2008-06-23T22:22:32,310404000,55.34299833,-131.664185,0,263.4,3.9,253,9228198,ZCDF8,DIAMOND PRINCESS,16,JUNEAU
2008-06-23T22:22:21,310404000,55.34302,-131.663845,0,264.7,3.8,254,9228198,ZCDF8,DIAMOND PRINCESS,16,JUNEAU
2008-06-23T22:22:13,310404000,55.34303,-131.6636017,0,266.0,3.7,255,9228198,ZCDF8,DIAMOND PRINCESS,16,JUNEAU
2008-06-23T22:22:01,310404000,55.34304167,-131.6632717,0,267.8,3.6,255,9228198,ZCDF8,DIAMOND PRINCESS,16,JUNEAU
2008-06-23T22:21:52,310404000,55.34304833,-131.66298,0,268.2,3.5,255,9228198,ZCDF8,DIAMOND PRINCESS,16,JUNEAU
2008-06-23T22:21:42,310404000,55.34305333,-131.662725,0,266.9,3.4,255,9228198,ZCDF8,DIAMOND PRINCESS,16,JUNEAU
2008-06-23T22:21:32,310404000,55.34306167,-131.66245,0,267.3,3.3,255,9228198,ZCDF8,DIAMOND PRINCESS,16,JUNEAU
2008-06-23T22:21:31,310404000,55.34307,-131.6621617,0,0.0,0.0,0,9228198,ZCDF8,DIAMOND PRINCESS,16,JUNEAU
2008-06-23T22:21:21,310404000,55.34307,-131.6621617,0,265.4,3.0,256,9228198,ZCDF8,DIAMOND PRINCESS,16,JUNEAU
2008-06-23T22:21:13,310404000,55.34308167,-131.6619617,0,265.4,3.0,256,9228198,ZCDF8,DIAMOND PRINCESS,16,JUNEAU
2008-06-23T22:21:01,310404000,55.34309667,-131.6616467,0,268.1,2.8,257,9228198,ZCDF8,DIAMOND PRINCESS,16,JUNEAU
2008-06-23T22:20:52,310404000,55.343105,-131.6614383,0,266.4,2.7,258,9228198,ZCDF8,DIAMOND PRINCESS,16,JUNEAU
2008-06-23T22:20:42,310404000,55.34311333,-131.6612183,0,267.7,2.6,259,9228198,ZCDF8,DIAMOND PRINCESS,16,JUNEAU
2008-06-23T22:20:32,310404000,55.34311667,-131.6610267,0,269.0,2.5,260,9228198,ZCDF8,DIAMOND PRINCESS,16,JUNEAU
2008-06-23T22:20:21,310404000,55.34312333,-131.6608033,0,269.4,2.4,260,9228198,ZCDF8,DIAMOND PRINCESS,16,JUNEAU
2008-06-23T22:20:13,310404000,55.34312167,-131.6606283,0,267.7,2.2,260,9228198,ZCDF8,DIAMOND PRINCESS,16,JUNEAU
2008-06-23T22:20:01,310404000,55.34312333,-131.6604267,0,269.1,2.1,261,9228198,ZCDF8,DIAMOND PRINCESS,16,JUNEAU
2008-06-23T22:19:52,310404000,55.34312667,-131.6602733,0,269.5,2.0,261,9228198,ZCDF8,DIAMOND PRINCESS,16,JUNEAU
2008-06-23T22:19:42,310404000,55.34312667,-131.6601133,0,267.3,1.8,261,9228198,ZCDF8,DIAMOND PRINCESS,16,JUNEAU
2008-06-23T22:19:32,310404000,55.34313333,-131.6599533,0,263.3,1.7,260,9228198,ZCDF8,DIAMOND PRINCESS,16,JUNEAU
2008-06-23T22:19:21,310404000,55.34314,-131.6598033,0,260.0,1.5,260,9228198,ZCDF8,DIAMOND PRINCESS,16,JUNEAU
2008-06-23T22:19:13,310404000,55.34315333,-131.6597067,0,255.9,1.4,260,9228198,ZCDF8,DIAMOND PRINCESS,16,JUNEAU
2008-06-23T22:19:01,310404000,55.34317333,-131.6595783,0,241.5,1.3,260,9228198,ZCDF8,DIAMOND PRINCESS,16,JUNEAU
2008-06-23T22:18:52,310404000,55.3432,-131.6594983,0,236.5,1.2,261,9228198,ZCDF8,DIAMOND PRINCESS,16,JUNEAU
2008-06-23T22:18:42,310404000,55.34323,-131.65942,0,238.0,1.0,261,9228198,ZCDF8,DIAMOND PRINCESS,16,JUNEAU
2008-06-23T22:18:32,310404000,55.343255,-131.65936,0,235.4,0.9,262,9228198,ZCDF8,DIAMOND PRINCESS,16,JUNEAU
2008-06-23T22:18:21,310404000,55.34328667,-131.659295,0,227.4,0.9,263,9228198,ZCDF8,DIAMOND PRINCESS,16,JUNEAU
2008-06-23T22:18:13,310404000,55.34331667,-131.6592383,0,228.4,0.9,264,9228198,ZCDF8,DIAMOND PRINCESS,16,JUNEAU
2008-06-23T22:18:01,310404000,55.34335,-131.6591833,0,225.1,0.8,265,9228198,ZCDF8,DIAMOND PRINCESS,16,JUNEAU
2008-06-23T22:17:52,310404000,55.34337667,-131.65914,0,226.1,0.8,266,9228198,ZCDF8,DIAMOND PRINCESS,16,JUNEAU
2008-06-23T22:17:42,310404000,55.343405,-131.659095,0,221.9,0.7,267,9228198,ZCDF8,DIAMOND PRINCESS,16,JUNEAU
2008-06-23T22:17:32,310404000,55.34343333,-131.6590517,0,222.9,0.7,268,9228198,ZCDF8,DIAMOND PRINCESS,16,JUNEAU
2008-06-23T22:17:21,310404000,55.343465,-131.6590117,0,223.9,0.6,269,9228198,ZCDF8,DIAMOND PRINCESS,16,JUNEAU
2008-06-23T22:17:13,310404000,55.34348333,-131.6589817,0,223.9,0.6,269,9228198,ZCDF8,DIAMOND PRINCESS,16,JUNEAU
2008-06-23T22:17:01,310404000,55.34350667,-131.65895,0,216.8,0.5,270,9228198,ZCDF8,DIAMOND PRINCESS,16,JUNEAU
2008-06-23T22:16:52,310404000,55.34352667,-131.658925,0,216.8,0.5,270,9228198,ZCDF8,DIAMOND PRINCESS,16,JUNEAU
2008-06-23T22:16:42,310404000,55.34355,-131.6588967,0,207.5,0.4,271,9228198,ZCDF8,DIAMOND PRINCESS,16,JUNEAU
2008-06-23T22:16:32,310404000,55.34357167,-131.65888,0,207.5,0.4,271,9228198,ZCDF8,DIAMOND PRINCESS,16,JUNEAU
2008-06-23T22:16:21,310404000,55.343595,-131.6588633,0,203.8,0.5,272,9228198,ZCDF8,DIAMOND PRINCESS,16,JUNEAU
2008-06-23T22:16:13,310404000,55.34361667,-131.6588517,0,203.8,0.5,272,9228198,ZCDF8,DIAMOND PRINCESS,16,JUNEAU
2008-06-23T22:16:01,310404000,55.34364,-131.6588367,0,194.3,0.5,273,9228198,ZCDF8,DIAMOND PRINCESS,16,JUNEAU
2008-06-23T22:15:52,310404000,55.343665,-131.6588233,0,194.3,0.5,273,9228198,ZCDF8,DIAMOND PRINCESS,16,JUNEAU
2008-06-23T22:15:42,310404000,55.34368833,-131.6588133,0,193.4,0.6,274,9228198,ZCDF8,DIAMOND PRINCESS,16,JUNEAU
2008-06-23T22:15:33,310404000,55.343715,-131.6587983,0,194.4,0.6,274,9228198,ZCDF8,DIAMOND PRINCESS,16,JUNEAU
2008-06-23T22:15:29,310404000,55.34374667,-131.6587833,0,0.0,0.0,0,9228198,ZCDF8,DIAMOND PRINCESS,16,JUNEAU
2008-06-23T22:15:21,310404000,55.34374667,-131.6587833,0,196.3,0.5,275,9228198,ZCDF8,DIAMOND PRINCESS,16,JUNEAU
2008-06-23T22:15:12,310404000,55.34377,-131.6587717,0,195.4,0.6,276,9228198,ZCDF8,DIAMOND PRINCESS,16,JUNEAU
2008-06-23T22:15:01,310404000,55.3438,-131.6587583,0,198.3,0.5,277,9228198,ZCDF8,DIAMOND PRINCESS,16,JUNEAU
2008-06-23T22:14:52,310404000,55.34382333,-131.6587517,0,187.0,0.5,277,9228198,ZCDF8,DIAMOND PRINCESS,16,JUNEAU
2008-06-23T22:14:42,310404000,55.34384833,-131.6587417,0,188.0,0.5,278,9228198,ZCDF8,DIAMOND PRINCESS,16,JUNEAU
2008-06-23T22:14:33,310404000,55.34386667,-131.6587317,0,188.0,0.3,278,9228198,ZCDF8,DIAMOND PRINCESS,16,JUNEAU
2008-06-23T22:14:22,310404000,55.343885,-131.6587233,0,188.0,0.3,278,9228198,ZCDF8,DIAMOND PRINCESS,16,JUNEAU
2008-06-23T22:14:13,310404000,55.3439,-131.6587183,0,214.5,0.2,278,9228198,ZCDF8,DIAMOND PRINCESS,16,JUNEAU
2008-06-23T22:14:01,310404000,55.34391167,-131.658715,0,188.0,0.2,278,9228198,ZCDF8,DIAMOND PRINCESS,16,JUNEAU
2008-06-23T22:13:52,310404000,55.34392,-131.6587117,0,188.0,0.2,278,9228198,ZCDF8,DIAMOND PRINCESS,16,JUNEAU
2008-06-23T22:13:42,310404000,55.34393,-131.6587067,0,188.0,0.3,278,9228198,ZCDF8,DIAMOND PRINCESS,16,JUNEAU
2008-06-23T22:13:33,310404000,55.34394333,-131.6587017,0,188.0,0.4,278,9228198,ZCDF8,DIAMOND PRINCESS,16,JUNEAU
2008-06-23T22:13:22,310404000,55.34396167,-131.6586967,0,189.0,0.4,279,9228198,ZCDF8,DIAMOND PRINCESS,16,JUNEAU
2008-06-23T22:13:12,310404000,55.34398167,-131.65869,0,189.0,0.5,279,9228198,ZCDF8,DIAMOND PRINCESS,16,JUNEAU
2008-06-23T22:13:01,310404000,55.34401333,-131.6586833,0,190.0,0.5,280,9228198,ZCDF8,DIAMOND PRINCESS,16,JUNEAU
2008-06-23T22:12:52,310404000,55.34403667,-131.658675,0,191.0,0.5,281,9228198,ZCDF8,DIAMOND PRINCESS,16,JUNEAU
2008-06-23T22:12:42,310404000,55.34406,-131.6586683,0,176.9,0.4,281,9228198,ZCDF8,DIAMOND PRINCESS,16,JUNEAU
2008-06-23T22:12:33,310404000,55.34408,-131.6586617,0,192.0,0.3,282,9228198,ZCDF8,DIAMOND PRINCESS,16,JUNEAU
2008-06-23T22:12:22,310404000,55.34409667,-131.6586583,0,192.0,0.3,282,9228198,ZCDF8,DIAMOND PRINCESS,16,JUNEAU
2008-06-23T22:12:12,310404000,55.34410667,-131.6586567,0,192.0,0.2,282,9228198,ZCDF8,DIAMOND PRINCESS,16,JUNEAU
2008-06-23T22:12:01,310404000,55.34411833,-131.6586533,0,192.0,0.1,282,9228198,ZCDF8,DIAMOND PRINCESS,16,JUNEAU
2008-06-23T22:11:52,310404000,55.344125,-131.6586533,0,192.0,0.1,282,9228198,ZCDF8,DIAMOND PRINCESS,16,JUNEAU
2008-06-23T22:11:42,310404000,55.34412833,-131.658655,0,192.0,0.1,282,9228198,ZCDF8,DIAMOND PRINCESS,16,JUNEAU
2008-06-23T22:11:33,310404000,55.34413167,-131.658655,0,192.0,0.1,282,9228198,ZCDF8,DIAMOND PRINCESS,16,JUNEAU
2008-06-23T22:11:22,310404000,55.34413833,-131.6586533,0,192.0,0.1,282,9228198,ZCDF8,DIAMOND PRINCESS,16,JUNEAU
2008-06-23T22:11:13,310404000,55.34414333,-131.6586533,0,192.0,0.1,282,9228198,ZCDF8,DIAMOND PRINCESS,16,JUNEAU
2008-06-23T22:11:01,310404000,55.34415333,-131.65865,0,193.0,0.1,283,9228198,ZCDF8,DIAMOND PRINCESS,16,JUNEAU
2008-06-23T22:10:52,310404000,55.34415833,-131.65865,0,193.0,0.1,283,9228198,ZCDF8,DIAMOND PRINCESS,16,JUNEAU
2008-06-23T22:10:42,310404000,55.34416167,-131.6586483,0,193.0,0.1,283,9228198,ZCDF8,DIAMOND PRINCESS,16,JUNEAU
2008-06-23T22:10:33,310404000,55.34416667,-131.6586467,0,283.0,0.0,283,9228198,ZCDF8,DIAMOND PRINCESS,16,JUNEAU
2008-06-23T22:10:22,310404000,55.34416667,-131.658645,0,328.0,0.1,283,9228198,ZCDF8,DIAMOND PRINCESS,16,JUNEAU
2008-06-23T22:10:12,310404000,55.344165,-131.6586467,0,13.0,0.1,283,9228198,ZCDF8,DIAMOND PRINCESS,16,JUNEAU
2008-06-23T22:10:01,310404000,55.34415833,-131.658645,0,13.0,0.1,283,9228198,ZCDF8,DIAMOND PRINCESS,16,JUNEAU
2008-06-23T22:09:52,310404000,55.344155,-131.6586467,0,283.0,0.0,283,9228198,ZCDF8,DIAMOND PRINCESS,16,JUNEAU
2008-06-23T22:09:42,310404000,55.34415667,-131.658645,0,283.0,0.0,283,9228198,ZCDF8,DIAMOND PRINCESS,16,JUNEAU
2008-06-23T22:09:20,310404000,55.34416333,-131.658635,0,0.0,0.0,0,9228198,ZCDF8,DIAMOND PRINCESS,16,JUNEAU
2008-06-23T22:06:30,310404000,55.34416333,-131.658635,5,283.0,0.0,283,9228198,ZCDF8,DIAMOND PRINCESS,16,JUNEAU
2008-06-23T22:03:29,310404000,55.344175,-131.65864,5,283.0,0.0,283,9228198,ZCDF8,DIAMOND PRINCESS,16,JUNEAU
2008-06-23T22:03:18,310404000,55.34418167,-131.6586367,0,0.0,0.0,0,9228198,ZCDF8,DIAMOND PRINCESS,16,JUNEAU
2008-06-23T22:00:30,310404000,55.34418167,-131.6586367,5,283.0,0.0,283,9228198,ZCDF8,DIAMOND PRINCESS,16,JUNEAU
2008-06-23T21:57:27,310404000,55.344175,-131.6586417,5,328.0,0.1,283,9228198,ZCDF8,DIAMOND PRINCESS,16,JUNEAU
2008-06-23T21:57:21,310404000,55.34418333,-131.65863,0,0.0,0.0,0,9228198,ZCDF8,DIAMOND PRINCESS,16,JUNEAU
2008-06-23T21:54:27,310404000,55.34418333,-131.65863,5,283.0,0.0,283,9228198,ZCDF8,DIAMOND PRINCESS,16,JUNEAU
2008-06-23T21:51:26,310404000,55.34417833,-131.6586417,5,283.0,0.0,283,9228198,ZCDF8,DIAMOND PRINCESS,16,JUNEAU
2008-06-23T21:51:19,310404000,55.34417667,-131.658645,0,0.0,0.0,0,9228198,ZCDF8,DIAMOND PRINCESS,16,JUNEAU
2008-06-23T21:48:26,310404000,55.34417667,-131.658645,5,283.0,0.0,283,9228198,ZCDF8,DIAMOND PRINCESS,16,JUNEAU
2008-06-23T21:45:23,310404000,55.34418667,-131.65865,5,283.0,0.0,283,9228198,ZCDF8,DIAMOND PRINCESS,16,JUNEAU
2008-06-23T21:45:17,310404000,55.34417333,-131.65865,0,0.0,0.0,0,9228198,ZCDF8,DIAMOND PRINCESS,16,JUNEAU
2008-06-23T21:42:21,310404000,55.34417333,-131.65865,5,283.0,0.0,283,9228198,ZCDF8,DIAMOND PRINCESS,16,JUNEAU
2008-06-23T21:39:20,310404000,55.34417667,-131.658645,5,283.0,0.0,283,9228198,ZCDF8,DIAMOND PRINCESS,16,JUNEAU
2008-06-23T21:39:19,310404000,55.34418167,-131.65865,0,0.0,0.0,0,9228198,ZCDF8,DIAMOND PRINCESS,16,JUNEAU
2008-06-23T21:36:17,310404000,55.34418167,-131.65865,5,283.0,0.0,283,9228198,ZCDF8,DIAMOND PRINCESS,16,JUNEAU
2008-06-23T21:33:16,310404000,55.34418333,-131.6586433,5,283.0,0.0,283,9228198,ZCDF8,DIAMOND PRINCESS,16,JUNEAU
2008-06-23T21:33:16,310404000,55.34416833,-131.6586433,0,0.0,0.0,0,9228198,ZCDF8,DIAMOND PRINCESS,16,JUNEAU
2008-06-23T21:30:15,310404000,55.34416833,-131.6586433,5,283.0,0.0,283,9228198,ZCDF8,DIAMOND PRINCESS,16,JUNEAU
2008-06-23T21:27:18,310404000,55.34417833,-131.6586467,0,0.0,0.0,0,9228198,ZCDF8,DIAMOND PRINCESS,16,JUNEAU
2008-06-23T21:27:17,310404000,55.34417833,-131.6586467,5,283.0,0.0,283,9228198,ZCDF8,DIAMOND PRINCESS,16,JUNEAU
2008-06-23T21:24:13,310404000,55.344185,-131.658665,5,283.0,0.0,283,9228198,ZCDF8,DIAMOND PRINCESS,16,JUNEAU
2008-06-23T21:21:16,310404000,55.34417,-131.658645,0,0.0,0.0,0,9228198,ZCDF8,DIAMOND PRINCESS,16,JUNEAU
2008-06-23T21:21:13,310404000,55.34417,-131.658645,5,283.0,0.0,283,9228198,ZCDF8,DIAMOND PRINCESS,16,JUNEAU
2008-06-23T21:18:12,310404000,55.34417333,-131.658655,5,283.0,0.0,283,9228198,ZCDF8,DIAMOND PRINCESS,16,JUNEAU
2008-06-23T21:15:12,310404000,55.344185,-131.6586567,0,0.0,0.0,0,9228198,ZCDF8,DIAMOND PRINCESS,16,JUNEAU
2008-06-23T21:15:09,310404000,55.344185,-131.6586567,5,283.0,0.0,283,9228198,ZCDF8,DIAMOND PRINCESS,16,JUNEAU
2008-06-23T21:12:07,310404000,55.34417,-131.6586417,5,283.0,0.0,283,9228198,ZCDF8,DIAMOND PRINCESS,16,JUNEAU
2008-06-23T21:09:15,310404000,55.34416,-131.6586333,0,0.0,0.0,0,9228198,ZCDF8,DIAMOND PRINCESS,16,JUNEAU
2008-06-23T21:09:09,310404000,55.34416,-131.6586333,5,283.0,0.0,283,9228198,ZCDF8,DIAMOND PRINCESS,16,JUNEAU
2008-06-23T21:06:05,310404000,55.34416167,-131.65864,5,283.0,0.0,283,9228198,ZCDF8,DIAMOND PRINCESS,16,JUNEAU
2008-06-23T21:03:15,310404000,55.34417,-131.6586483,0,0.0,0.0,0,9228198,ZCDF8,DIAMOND PRINCESS,16,JUNEAU
2008-06-23T21:03:04,310404000,55.34417,-131.6586483,5,283.0,0.0,283,9228198,ZCDF8,DIAMOND PRINCESS,16,JUNEAU
2008-06-23T21:00:05,310404000,55.34417167,-131.658635,5,283.0,0.0,283,9228198,ZCDF8,DIAMOND PRINCESS,16,JUNEAU
2008-06-23T20:57:16,310404000,55.34417833,-131.658655,0,0.0,0.0,0,9228198,ZCDF8,DIAMOND PRINCESS,16,JUNEAU
2008-06-23T20:57:02,310404000,55.34417833,-131.658655,5,283.0,0.0,283,9228198,ZCDF8,DIAMOND PRINCESS,16,JUNEAU
2008-06-23T20:54:01,310404000,55.34417,-131.658655,5,283.0,0.0,283,9228198,ZCDF8,DIAMOND PRINCESS,16,JUNEAU
2008-06-23T20:51:13,310404000,55.34416667,-131.6586383,0,0.0,0.0,0,9228198,ZCDF8,DIAMOND PRINCESS,16,JUNEAU
2008-06-23T20:51:00,310404000,55.34416667,-131.6586383,5,283.0,0.0,283,9228198,ZCDF8,DIAMOND PRINCESS,16,JUNEAU
2008-06-23T20:49:57,310404000,55.34417833,-131.65865,5,283.0,0.0,283,9228198,ZCDF8,DIAMOND PRINCESS,16,JUNEAU
2008-06-23T20:47:59,310404000,55.34416333,-131.6586333,5,283.0,0.0,283,9228198,ZCDF8,DIAMOND PRINCESS,16,JUNEAU
2008-06-23T20:45:14,310404000,55.34416667,-131.6586367,0,0.0,0.0,0,9228198,ZCDF8,DIAMOND PRINCESS,16,JUNEAU
2008-06-23T20:41:53,310404000,55.34416667,-131.6586367,5,283.0,0.0,283,9228198,ZCDF8,DIAMOND PRINCESS,16,JUNEAU
2008-06-23T20:39:12,310404000,55.34418,-131.65865,0,0.0,0.0,0,9228198,ZCDF8,DIAMOND PRINCESS,16,JUNEAU
2008-06-23T20:38:55,310404000,55.34418,-131.65865,5,283.0,0.0,283,9228198,ZCDF8,DIAMOND PRINCESS,16,JUNEAU
2008-06-23T20:35:54,310404000,55.34417,-131.65864,5,283.0,0.0,283,9228198,ZCDF8,DIAMOND PRINCESS,16,JUNEAU
2008-06-23T20:33:09,310404000,55.34417333,-131.6586483,0,0.0,0.0,0,9228198,ZCDF8,DIAMOND PRINCESS,16,JUNEAU
2008-06-23T20:32:53,310404000,55.34417333,-131.6586483,5,283.0,0.0,283,9228198,ZCDF8,DIAMOND PRINCESS,16,JUNEAU
2008-06-23T20:29:49,310404000,55.344175,-131.6586483,5,283.0,0.0,283,9228198,ZCDF8,DIAMOND PRINCESS,16,JUNEAU
2008-06-23T20:27:09,310404000,55.34417667,-131.6586533,0,0.0,0.0,0,9228198,ZCDF8,DIAMOND PRINCESS,16,JUNEAU
2008-06-23T20:26:49,310404000,55.34417667,-131.6586533,5,283.0,0.0,283,9228198,ZCDF8,DIAMOND PRINCESS,16,JUNEAU
2008-06-23T20:23:46,310404000,55.34418167,-131.658645,5,283.0,0.0,283,9228198,ZCDF8,DIAMOND PRINCESS,16,JUNEAU
2008-06-23T20:21:10,310404000,55.34418167,-131.6586383,0,0.0,0.0,0,9228198,ZCDF8,DIAMOND PRINCESS,16,JUNEAU
2008-06-23T20:20:46,310404000,55.34418167,-131.6586383,5,283.0,0.0,283,9228198,ZCDF8,DIAMOND PRINCESS,16,JUNEAU
2008-06-23T20:17:45,310404000,55.34418,-131.65864,5,283.0,0.0,283,9228198,ZCDF8,DIAMOND PRINCESS,16,JUNEAU
2008-06-23T20:15:09,310404000,55.344175,-131.65864,0,0.0,0.0,0,9228198,ZCDF8,DIAMOND PRINCESS,16,JUNEAU
2008-06-23T20:14:46,310404000,55.344175,-131.65864,5,283.0,0.0,283,9228198,ZCDF8,DIAMOND PRINCESS,16,JUNEAU
2008-06-23T20:11:42,310404000,55.34417,-131.65864,5,193.0,0.1,283,9228198,ZCDF8,DIAMOND PRINCESS,16,JUNEAU
2008-06-23T20:09:10,310404000,55.34417,-131.6586517,0,0.0,0.0,0,9228198,ZCDF8,DIAMOND PRINCESS,16,JUNEAU
2008-06-23T20:08:41,310404000,55.34417,-131.6586517,5,283.0,0.0,283,9228198,ZCDF8,DIAMOND PRINCESS,16,JUNEAU
2008-06-23T20:05:40,310404000,55.34417,-131.6586567,5,283.0,0.0,283,9228198,ZCDF8,DIAMOND PRINCESS,16,JUNEAU
2008-06-23T20:03:11,310404000,55.344175,-131.65865,0,0.0,0.0,0,9228198,ZCDF8,DIAMOND PRINCESS,16,JUNEAU
2008-06-23T20:02:39,310404000,55.344175,-131.65865,5,283.0,0.0,283,9228198,ZCDF8,DIAMOND PRINCESS,16,JUNEAU
2008-06-23T19:59:38,310404000,55.34417167,-131.6586467,5,283.0,0.0,283,9228198,ZCDF8,DIAMOND PRINCESS,16,JUNEAU
2008-06-23T19:57:12,310404000,55.34417167,-131.658655,0,0.0,0.0,0,9228198,ZCDF8,DIAMOND PRINCESS,16,JUNEAU
2008-06-23T19:56:36,310404000,55.34417167,-131.658655,5,283.0,0.0,283,9228198,ZCDF8,DIAMOND PRINCESS,16,JUNEAU
2008-06-23T19:53:36,310404000,55.34417333,-131.65865,5,283.0,0.0,283,9228198,ZCDF8,DIAMOND PRINCESS,16,JUNEAU
2008-06-23T19:51:05,310404000,55.34417,-131.6586533,0,0.0,0.0,0,9228198,ZCDF8,DIAMOND PRINCESS,16,JUNEAU
2008-06-23T19:50:33,310404000,55.34417,-131.6586533,5,283.0,0.0,283,9228198,ZCDF8,DIAMOND PRINCESS,16,JUNEAU
2008-06-23T19:47:32,310404000,55.34417333,-131.658645,5,283.0,0.0,283,9228198,ZCDF8,DIAMOND PRINCESS,16,JUNEAU
2008-06-23T19:45:03,310404000,55.344175,-131.65865,0,0.0,0.0,0,9228198,ZCDF8,DIAMOND PRINCESS,16,JUNEAU
2008-06-23T19:44:32,310404000,55.344175,-131.65865,5,283.0,0.0,283,9228198,ZCDF8,DIAMOND PRINCESS,16,JUNEAU
2008-06-23T19:39:06,310404000,55.34417667,-131.6586567,0,0.0,0.0,0,9228198,ZCDF8,DIAMOND PRINCESS,16,JUNEAU
2008-06-23T19:38:27,310404000,55.34417667,-131.6586567,5,283.0,0.0,283,9228198,ZCDF8,DIAMOND PRINCESS,16,JUNEAU
2008-06-23T19:35:26,310404000,55.34417667,-131.6586517,5,283.0,0.0,283,9228198,ZCDF8,DIAMOND PRINCESS,16,JUNEAU
2008-06-23T19:33:05,310404000,55.34417333,-131.6586533,0,0.0,0.0,0,9228198,ZCDF8,DIAMOND PRINCESS,16,JUNEAU
2008-06-23T19:32:25,310404000,55.34417333,-131.6586533,5,283.0,0.0,283,9228198,ZCDF8,DIAMOND PRINCESS,16,JUNEAU
2008-06-23T19:29:23,310404000,55.34417167,-131.6586433,5,283.0,0.0,283,9228198,ZCDF8,DIAMOND PRINCESS,16,JUNEAU
2008-06-23T19:27:05,310404000,55.34417333,-131.6586433,0,0.0,0.0,0,9228198,ZCDF8,DIAMOND PRINCESS,16,JUNEAU
2008-06-23T19:26:24,310404000,55.34417333,-131.6586433,5,283.0,0.0,283,9228198,ZCDF8,DIAMOND PRINCESS,16,JUNEAU
2008-06-23T19:23:20,310404000,55.344175,-131.6586567,5,283.0,0.0,283,9228198,ZCDF8,DIAMOND PRINCESS,16,JUNEAU
2008-06-23T19:21:03,310404000,55.34417333,-131.658645,0,0.0,0.0,0,9228198,ZCDF8,DIAMOND PRINCESS,16,JUNEAU
2008-06-23T19:20:19,310404000,55.34417333,-131.658645,5,283.0,0.0,283,9228198,ZCDF8,DIAMOND PRINCESS,16,JUNEAU
2008-06-23T19:17:18,310404000,55.34417167,-131.6586433,5,283.0,0.0,283,9228198,ZCDF8,DIAMOND PRINCESS,16,JUNEAU
2008-06-23T19:15:04,310404000,55.34416333,-131.6586683,0,0.0,0.0,0,9228198,ZCDF8,DIAMOND PRINCESS,16,JUNEAU
2008-06-23T19:14:20,310404000,55.34416333,-131.6586683,5,283.0,0.0,283,9228198,ZCDF8,DIAMOND PRINCESS,16,JUNEAU
2008-06-23T19:11:16,310404000,55.34416833,-131.6586567,5,283.0,0.0,283,9228198,ZCDF8,DIAMOND PRINCESS,16,JUNEAU
2008-06-23T19:09:01,310404000,55.34417333,-131.6586483,0,0.0,0.0,0,9228198,ZCDF8,DIAMOND PRINCESS,16,JUNEAU
2008-06-23T19:08:15,310404000,55.34417333,-131.6586483,5,283.0,0.0,283,9228198,ZCDF8,DIAMOND PRINCESS,16,JUNEAU
2008-06-23T19:05:12,310404000,55.34417333,-131.6586533,5,283.0,0.0,283,9228198,ZCDF8,DIAMOND PRINCESS,16,JUNEAU
2008-06-23T19:03:05,310404000,55.34417167,-131.6586567,0,0.0,0.0,0,9228198,ZCDF8,DIAMOND PRINCESS,16,JUNEAU
2008-06-23T19:02:13,310404000,55.34417167,-131.6586567,5,283.0,0.0,283,9228198,ZCDF8,DIAMOND PRINCESS,16,JUNEAU
2008-06-23T18:59:09,310404000,55.34416833,-131.65865,5,103.0,0.1,283,9228198,ZCDF8,DIAMOND PRINCESS,16,JUNEAU
2008-06-23T18:57:02,310404000,55.34416167,-131.6586367,0,0.0,0.0,0,9228198,ZCDF8,DIAMOND PRINCESS,16,JUNEAU
2008-06-23T18:56:10,310404000,55.34416167,-131.6586367,5,283.0,0.0,283,9228198,ZCDF8,DIAMOND PRINCESS,16,JUNEAU
2008-06-23T18:53:09,310404000,55.34416333,-131.658635,5,283.0,0.0,283,9228198,ZCDF8,DIAMOND PRINCESS,16,JUNEAU
2008-06-23T18:51:02,310404000,55.34416667,-131.6586283,0,0.0,0.0,0,9228198,ZCDF8,DIAMOND PRINCESS,16,JUNEAU
2008-06-23T18:50:08,310404000,55.34416667,-131.6586283,5,283.0,0.0,283,9228198,ZCDF8,DIAMOND PRINCESS,16,JUNEAU
2008-06-23T18:47:07,310404000,55.344175,-131.658645,5,283.0,0.0,283,9228198,ZCDF8,DIAMOND PRINCESS,16,JUNEAU
2008-06-23T18:44:58,310404000,55.34416833,-131.65864,0,0.0,0.0,0,9228198,ZCDF8,DIAMOND PRINCESS,16,JUNEAU
2008-06-23T18:44:03,310404000,55.34416833,-131.65864,5,283.0,0.0,283,9228198,ZCDF8,DIAMOND PRINCESS,16,JUNEAU
2008-06-23T18:41:04,310404000,55.34417,-131.6586417,5,193.0,0.1,283,9228198,ZCDF8,DIAMOND PRINCESS,16,JUNEAU
2008-06-23T18:39:00,310404000,55.34417333,-131.6586617,0,0.0,0.0,0,9228198,ZCDF8,DIAMOND PRINCESS,16,JUNEAU
2008-06-23T18:38:01,310404000,55.34417333,-131.6586617,5,283.0,0.0,283,9228198,ZCDF8,DIAMOND PRINCESS,16,JUNEAU
2008-06-23T18:35:01,310404000,55.34417167,-131.658665,5,283.0,0.0,283,9228198,ZCDF8,DIAMOND PRINCESS,16,JUNEAU
2008-06-23T18:33:02,310404000,55.344175,-131.6586517,0,0.0,0.0,0,9228198,ZCDF8,DIAMOND PRINCESS,16,JUNEAU
2008-06-23T18:32:10,310404000,55.344175,-131.6586517,0,0.0,0.0,0,9228198,ZCDF8,DIAMOND PRINCESS,16,JUNEAU
2008-06-23T18:31:58,310404000,55.344175,-131.6586517,5,283.0,0.0,283,9228198,ZCDF8,DIAMOND PRINCESS,16,KETCHIKAN
2008-06-23T18:30:33,310404000,55.34417167,-131.6586433,0,0.0,0.0,0,9228198,ZCDF8,DIAMOND PRINCESS,16,KETCHIKAN
2008-06-23T18:28:56,310404000,55.34417167,-131.6586433,5,283.0,0.0,283,9228198,ZCDF8,DIAMOND PRINCESS,16,KETCHIKAN
2008-06-23T18:25:56,310404000,55.34417,-131.6586467,5,283.0,0.0,283,9228198,ZCDF8,DIAMOND PRINCESS,16,KETCHIKAN
2008-06-23T18:24:33,310404000,55.34416667,-131.6586367,0,0.0,0.0,0,9228198,ZCDF8,DIAMOND PRINCESS,16,KETCHIKAN
2008-06-23T18:22:55,310404000,55.34416667,-131.6586367,5,283.0,0.0,283,9228198,ZCDF8,DIAMOND PRINCESS,16,KETCHIKAN
2008-06-23T18:19:56,310404000,55.34416833,-131.658635,5,283.0,0.0,283,9228198,ZCDF8,DIAMOND PRINCESS,16,KETCHIKAN
2008-06-23T18:18:34,310404000,55.34417167,-131.658635,0,0.0,0.0,0,9228198,ZCDF8,DIAMOND PRINCESS,16,KETCHIKAN
2008-06-23T18:16:52,310404000,55.34417167,-131.658635,5,283.0,0.0,283,9228198,ZCDF8,DIAMOND PRINCESS,16,KETCHIKAN
2008-06-23T18:13:53,310404000,55.344165,-131.6586383,5,283.0,0.0,283,9228198,ZCDF8,DIAMOND PRINCESS,16,KETCHIKAN
2008-06-23T18:12:29,310404000,55.34417,-131.6586417,0,0.0,0.0,0,9228198,ZCDF8,DIAMOND PRINCESS,16,KETCHIKAN
2008-06-23T18:10:52,310404000,55.34417,-131.6586417,5,283.0,0.0,283,9228198,ZCDF8,DIAMOND PRINCESS,16,KETCHIKAN
2008-06-23T18:07:49,310404000,55.34417333,-131.6586467,5,283.0,0.0,283,9228198,ZCDF8,DIAMOND PRINCESS,16,KETCHIKAN
2008-06-23T18:06:33,310404000,55.34417,-131.6586433,0,0.0,0.0,0,9228198,ZCDF8,DIAMOND PRINCESS,16,KETCHIKAN
2008-06-23T18:04:47,310404000,55.34417,-131.6586433,5,283.0,0.0,283,9228198,ZCDF8,DIAMOND PRINCESS,16,KETCHIKAN
2008-06-23T18:01:47,310404000,55.34417667,-131.6586517,5,283.0,0.0,283,9228198,ZCDF8,DIAMOND PRINCESS,16,KETCHIKAN
2008-06-23T18:00:28,310404000,55.34416833,-131.658645,0,0.0,0.0,0,9228198,ZCDF8,DIAMOND PRINCESS,16,KETCHIKAN
2008-06-23T17:58:45,310404000,55.34416833,-131.658645,5,283.0,0.0,283,9228198,ZCDF8,DIAMOND PRINCESS,16,KETCHIKAN
2008-06-23T17:55:42,310404000,55.34416833,-131.6586483,5,283.0,0.0,283,9228198,ZCDF8,DIAMOND PRINCESS,16,KETCHIKAN
2008-06-23T17:54:30,310404000,55.34416667,-131.658645,0,0.0,0.0,0,9228198,ZCDF8,DIAMOND PRINCESS,16,KETCHIKAN
2008-06-23T17:52:41,310404000,55.34416667,-131.658645,5,283.0,0.0,283,9228198,ZCDF8,DIAMOND PRINCESS,16,KETCHIKAN
2008-06-23T17:49:43,310404000,55.34416833,-131.6586417,5,283.0,0.0,283,9228198,ZCDF8,DIAMOND PRINCESS,16,KETCHIKAN
2008-06-23T17:46:39,310404000,55.34416833,-131.658635,5,283.0,0.0,283,9228198,ZCDF8,DIAMOND PRINCESS,16,KETCHIKAN
2008-06-23T17:43:38,310404000,55.34416833,-131.65864,5,283.0,0.0,283,9228198,ZCDF8,DIAMOND PRINCESS,16,KETCHIKAN
2008-06-23T17:42:31,310404000,55.34417,-131.65864,0,0.0,0.0,0,9228198,ZCDF8,DIAMOND PRINCESS,16,KETCHIKAN
2008-06-23T17:40:35,310404000,55.34417,-131.65864,5,283.0,0.0,283,9228198,ZCDF8,DIAMOND PRINCESS,16,KETCHIKAN
2008-06-23T17:37:38,310404000,55.34416333,-131.6586433,5,283.0,0.0,283,9228198,ZCDF8,DIAMOND PRINCESS,16,KETCHIKAN
2008-06-23T17:36:30,310404000,55.34416833,-131.6586467,0,0.0,0.0,0,9228198,ZCDF8,DIAMOND PRINCESS,16,KETCHIKAN
2008-06-23T17:34:34,310404000,55.34416833,-131.6586467,5,283.0,0.0,283,9228198,ZCDF8,DIAMOND PRINCESS,16,KETCHIKAN
2008-06-23T17:31:35,310404000,55.34416833,-131.6586467,5,283.0,0.0,283,9228198,ZCDF8,DIAMOND PRINCESS,16,KETCHIKAN
2008-06-23T17:30:25,310404000,55.34416333,-131.6586483,0,0.0,0.0,0,9228198,ZCDF8,DIAMOND PRINCESS,16,KETCHIKAN
2008-06-23T17:28:33,310404000,55.34416333,-131.6586483,5,283.0,0.0,283,9228198,ZCDF8,DIAMOND PRINCESS,16,KETCHIKAN
2008-06-23T17:25:31,310404000,55.34416833,-131.65865,5,283.0,0.0,283,9228198,ZCDF8,DIAMOND PRINCESS,16,KETCHIKAN
2008-06-23T17:24:25,310404000,55.34418,-131.6586417,0,0.0,0.0,0,9228198,ZCDF8,DIAMOND PRINCESS,16,KETCHIKAN
2008-06-23T17:22:31,310404000,55.34418,-131.6586417,5,283.0,0.0,283,9228198,ZCDF8,DIAMOND PRINCESS,16,KETCHIKAN
2008-06-23T17:19:29,310404000,55.34418,-131.658645,5,283.0,0.0,283,9228198,ZCDF8,DIAMOND PRINCESS,16,KETCHIKAN
2008-06-23T17:18:23,310404000,55.344175,-131.6586383,0,0.0,0.0,0,9228198,ZCDF8,DIAMOND PRINCESS,16,KETCHIKAN
2008-06-23T17:16:27,310404000,55.344175,-131.6586383,5,283.0,0.0,283,9228198,ZCDF8,DIAMOND PRINCESS,16,KETCHIKAN
2008-06-23T17:13:24,310404000,55.34417333,-131.658645,5,283.0,0.0,283,9228198,ZCDF8,DIAMOND PRINCESS,16,KETCHIKAN
2008-06-23T17:12:28,310404000,55.34417833,-131.6586417,0,0.0,0.0,0,9228198,ZCDF8,DIAMOND PRINCESS,16,KETCHIKAN
2008-06-23T17:10:24,310404000,55.34417833,-131.6586417,5,283.0,0.0,283,9228198,ZCDF8,DIAMOND PRINCESS,16,KETCHIKAN
2008-06-23T17:07:24,310404000,55.34418333,-131.6586283,5,283.0,0.0,283,9228198,ZCDF8,DIAMOND PRINCESS,16,KETCHIKAN
2008-06-23T17:06:25,310404000,55.344175,-131.6586367,0,0.0,0.0,0,9228198,ZCDF8,DIAMOND PRINCESS,16,KETCHIKAN
2008-06-23T17:04:23,310404000,55.344175,-131.6586367,5,283.0,0.0,283,9228198,ZCDF8,DIAMOND PRINCESS,16,KETCHIKAN
2008-06-23T17:01:18,310404000,55.344165,-131.6586467,5,283.0,0.0,283,9228198,ZCDF8,DIAMOND PRINCESS,16,KETCHIKAN
2008-06-23T17:00:23,310404000,55.344165,-131.65865,0,0.0,0.0,0,9228198,ZCDF8,DIAMOND PRINCESS,16,KETCHIKAN
2008-06-23T16:58:19,310404000,55.344165,-131.65865,5,283.0,0.0,283,9228198,ZCDF8,DIAMOND PRINCESS,16,KETCHIKAN
2008-06-23T16:55:18,310404000,55.34415333,-131.6586717,5,283.0,0.0,283,9228198,ZCDF8,DIAMOND PRINCESS,16,KETCHIKAN
2008-06-23T16:54:23,310404000,55.34415833,-131.6586667,0,0.0,0.0,0,9228198,ZCDF8,DIAMOND PRINCESS,16,KETCHIKAN
2008-06-23T16:52:14,310404000,55.34415833,-131.6586667,5,283.0,0.0,283,9228198,ZCDF8,DIAMOND PRINCESS,16,KETCHIKAN
2008-06-23T16:49:13,310404000,55.34416667,-131.6586633,5,283.0,0.0,283,9228198,ZCDF8,DIAMOND PRINCESS,16,KETCHIKAN
2008-06-23T16:48:20,310404000,55.34417167,-131.6586517,0,0.0,0.0,0,9228198,ZCDF8,DIAMOND PRINCESS,16,KETCHIKAN
2008-06-23T16:46:12,310404000,55.34417167,-131.6586517,5,283.0,0.0,283,9228198,ZCDF8,DIAMOND PRINCESS,16,KETCHIKAN
2008-06-23T16:43:13,310404000,55.34418,-131.6586533,5,283.0,0.0,283,9228198,ZCDF8,DIAMOND PRINCESS,16,KETCHIKAN
2008-06-23T16:42:22,310404000,55.34419333,-131.6586617,0,0.0,0.0,0,9228198,ZCDF8,DIAMOND PRINCESS,16,KETCHIKAN
2008-06-23T16:40:11,310404000,55.34419333,-131.6586617,5,283.0,0.0,283,9228198,ZCDF8,DIAMOND PRINCESS,16,KETCHIKAN
2008-06-23T16:37:10,310404000,55.344155,-131.65865,5,283.0,0.0,283,9228198,ZCDF8,DIAMOND PRINCESS,16,KETCHIKAN
2008-06-23T16:36:22,310404000,55.34415667,-131.6586467,0,0.0,0.0,0,9228198,ZCDF8,DIAMOND PRINCESS,16,KETCHIKAN
2008-06-23T16:34:09,310404000,55.34415667,-131.6586467,5,283.0,0.0,283,9228198,ZCDF8,DIAMOND PRINCESS,16,KETCHIKAN
2008-06-23T16:31:08,310404000,55.344145,-131.6586367,5,283.0,0.0,283,9228198,ZCDF8,DIAMOND PRINCESS,16,KETCHIKAN
2008-06-23T16:30:25,310404000,55.34416667,-131.6586583,0,0.0,0.0,0,9228198,ZCDF8,DIAMOND PRINCESS,16,KETCHIKAN
2008-06-23T16:28:06,310404000,55.34416667,-131.6586583,5,283.0,0.0,283,9228198,ZCDF8,DIAMOND PRINCESS,16,KETCHIKAN
2008-06-23T16:25:03,310404000,55.34415333,-131.6586467,5,283.0,0.0,283,9228198,ZCDF8,DIAMOND PRINCESS,16,KETCHIKAN
2008-06-23T16:24:19,310404000,55.344155,-131.6586417,0,0.0,0.0,0,9228198,ZCDF8,DIAMOND PRINCESS,16,KETCHIKAN
2008-06-23T16:22:04,310404000,55.344155,-131.6586417,5,283.0,0.0,283,9228198,ZCDF8,DIAMOND PRINCESS,16,KETCHIKAN
2008-06-23T16:19:01,310404000,55.34417167,-131.6586367,5,283.0,0.0,283,9228198,ZCDF8,DIAMOND PRINCESS,16,KETCHIKAN
2008-06-23T16:18:20,310404000,55.34417,-131.6586417,0,0.0,0.0,0,9228198,ZCDF8,DIAMOND PRINCESS,16,KETCHIKAN
2008-06-23T16:15:59,310404000,55.34417,-131.6586417,5,283.0,0.0,283,9228198,ZCDF8,DIAMOND PRINCESS,16,KETCHIKAN
2008-06-23T16:13:00,310404000,55.34416667,-131.65864,5,283.0,0.0,283,9228198,ZCDF8,DIAMOND PRINCESS,16,KETCHIKAN
2008-06-23T16:12:19,310404000,55.34417,-131.6586267,0,0.0,0.0,0,9228198,ZCDF8,DIAMOND PRINCESS,16,KETCHIKAN
2008-06-23T16:09:57,310404000,55.34417,-131.6586267,5,283.0,0.0,283,9228198,ZCDF8,DIAMOND PRINCESS,16,KETCHIKAN
2008-06-23T16:06:56,310404000,55.34417167,-131.6586317,5,283.0,0.0,283,9228198,ZCDF8,DIAMOND PRINCESS,16,KETCHIKAN
2008-06-23T16:06:19,310404000,55.34417333,-131.6586383,0,0.0,0.0,0,9228198,ZCDF8,DIAMOND PRINCESS,16,KETCHIKAN
2008-06-23T16:03:54,310404000,55.34417333,-131.6586383,5,283.0,0.0,283,9228198,ZCDF8,DIAMOND PRINCESS,16,KETCHIKAN
2008-06-23T16:00:56,310404000,55.34417167,-131.6586367,5,283.0,0.0,283,9228198,ZCDF8,DIAMOND PRINCESS,16,KETCHIKAN
2008-06-23T16:00:20,310404000,55.34416167,-131.6586417,0,0.0,0.0,0,9228198,ZCDF8,DIAMOND PRINCESS,16,KETCHIKAN
2008-06-23T15:57:52,310404000,55.34416167,-131.6586417,5,283.0,0.0,283,9228198,ZCDF8,DIAMOND PRINCESS,16,KETCHIKAN
2008-06-23T15:54:53,310404000,55.34415833,-131.65864,5,283.0,0.0,283,9228198,ZCDF8,DIAMOND PRINCESS,16,KETCHIKAN
2008-06-23T15:54:21,310404000,55.34415,-131.6586383,0,0.0,0.0,0,9228198,ZCDF8,DIAMOND PRINCESS,16,KETCHIKAN
2008-06-23T15:51:52,310404000,55.34415,-131.6586383,5,283.0,0.0,283,9228198,ZCDF8,DIAMOND PRINCESS,16,KETCHIKAN
2008-06-23T15:48:49,310404000,55.344155,-131.6586417,5,283.0,0.0,283,9228198,ZCDF8,DIAMOND PRINCESS,16,KETCHIKAN
2008-06-23T15:48:17,310404000,55.34415667,-131.6586283,0,0.0,0.0,0,9228198,ZCDF8,DIAMOND PRINCESS,16,KETCHIKAN
2008-06-23T15:45:48,310404000,55.34415667,-131.6586283,5,283.0,0.0,283,9228198,ZCDF8,DIAMOND PRINCESS,16,KETCHIKAN
2008-06-23T15:42:47,310404000,55.34417167,-131.6586417,5,283.0,0.0,283,9228198,ZCDF8,DIAMOND PRINCESS,16,KETCHIKAN
2008-06-23T15:42:18,310404000,55.34417833,-131.6586367,0,0.0,0.0,0,9228198,ZCDF8,DIAMOND PRINCESS,16,KETCHIKAN
2008-06-23T15:39:45,310404000,55.34417833,-131.6586367,5,283.0,0.0,283,9228198,ZCDF8,DIAMOND PRINCESS,16,KETCHIKAN
2008-06-23T15:36:45,310404000,55.34417667,-131.65864,5,283.0,0.0,283,9228198,ZCDF8,DIAMOND PRINCESS,16,KETCHIKAN
2008-06-23T15:36:16,310404000,55.34417,-131.6586383,0,0.0,0.0,0,9228198,ZCDF8,DIAMOND PRINCESS,16,KETCHIKAN
2008-06-23T15:33:43,310404000,55.34417,-131.6586383,5,283.0,0.0,283,9228198,ZCDF8,DIAMOND PRINCESS,16,KETCHIKAN
2008-06-23T15:30:40,310404000,55.344175,-131.6586383,5,283.0,0.0,283,9228198,ZCDF8,DIAMOND PRINCESS,16,KETCHIKAN
2008-06-23T15:30:18,310404000,55.34417833,-131.6586417,0,0.0,0.0,0,9228198,ZCDF8,DIAMOND PRINCESS,16,KETCHIKAN
2008-06-23T15:27:40,310404000,55.34417833,-131.6586417,5,283.0,0.0,283,9228198,ZCDF8,DIAMOND PRINCESS,16,KETCHIKAN
2008-06-23T15:24:37,310404000,55.34417,-131.658645,5,283.0,0.0,283,9228198,ZCDF8,DIAMOND PRINCESS,16,KETCHIKAN
2008-06-23T15:24:13,310404000,55.34417,-131.6586367,0,0.0,0.0,0,9228198,ZCDF8,DIAMOND PRINCESS,16,KETCHIKAN
2008-06-23T15:21:35,310404000,55.34417,-131.6586367,5,283.0,0.0,283,9228198,ZCDF8,DIAMOND PRINCESS,16,KETCHIKAN
2008-06-23T15:18:34,310404000,55.34416833,-131.6586333,5,283.0,0.0,283,9228198,ZCDF8,DIAMOND PRINCESS,16,KETCHIKAN
2008-06-23T15:18:11,310404000,55.34416833,-131.6586367,0,0.0,0.0,0,9228198,ZCDF8,DIAMOND PRINCESS,16,KETCHIKAN
2008-06-23T15:15:35,310404000,55.34416833,-131.6586367,5,283.0,0.0,283,9228198,ZCDF8,DIAMOND PRINCESS,16,KETCHIKAN
2008-06-23T15:12:34,310404000,55.34417167,-131.6586417,5,283.0,0.0,283,9228198,ZCDF8,DIAMOND PRINCESS,16,KETCHIKAN
2008-06-23T15:12:14,310404000,55.34417667,-131.6586367,0,0.0,0.0,0,9228198,ZCDF8,DIAMOND PRINCESS,16,KETCHIKAN
2008-06-23T15:09:30,310404000,55.34417667,-131.6586367,5,283.0,0.0,283,9228198,ZCDF8,DIAMOND PRINCESS,16,KETCHIKAN
2008-06-23T15:06:31,310404000,55.34416333,-131.6586283,5,283.0,0.0,283,9228198,ZCDF8,DIAMOND PRINCESS,16,KETCHIKAN
2008-06-23T15:06:12,310404000,55.34416167,-131.6586383,0,0.0,0.0,0,9228198,ZCDF8,DIAMOND PRINCESS,16,KETCHIKAN
2008-06-23T15:03:27,310404000,55.34416167,-131.6586383,5,283.0,0.0,283,9228198,ZCDF8,DIAMOND PRINCESS,16,KETCHIKAN
2008-06-23T15:00:28,310404000,55.344165,-131.6586317,5,283.0,0.0,283,9228198,ZCDF8,DIAMOND PRINCESS,16,KETCHIKAN
2008-06-23T15:00:11,310404000,55.34415167,-131.658625,0,0.0,0.0,0,9228198,ZCDF8,DIAMOND PRINCESS,16,KETCHIKAN
2008-06-23T14:57:27,310404000,55.34415167,-131.658625,5,283.0,0.0,283,9228198,ZCDF8,DIAMOND PRINCESS,16,KETCHIKAN
2008-06-23T14:54:24,310404000,55.34417,-131.6586417,5,283.0,0.0,283,9228198,ZCDF8,DIAMOND PRINCESS,16,KETCHIKAN
2008-06-23T14:54:15,310404000,55.34417333,-131.6586533,0,0.0,0.0,0,9228198,ZCDF8,DIAMOND PRINCESS,16,KETCHIKAN
2008-06-23T14:51:23,310404000,55.34417333,-131.6586533,5,283.0,0.0,283,9228198,ZCDF8,DIAMOND PRINCESS,16,KETCHIKAN
2008-06-23T14:48:21,310404000,55.34418333,-131.6586583,5,283.0,0.0,283,9228198,ZCDF8,DIAMOND PRINCESS,16,KETCHIKAN
2008-06-23T14:48:11,310404000,55.34418,-131.6586517,0,0.0,0.0,0,9228198,ZCDF8,DIAMOND PRINCESS,16,KETCHIKAN
2008-06-23T14:45:20,310404000,55.34418,-131.6586517,5,283.0,0.0,283,9228198,ZCDF8,DIAMOND PRINCESS,16,KETCHIKAN
2008-06-23T14:42:19,310404000,55.344175,-131.658645,5,283.0,0.0,283,9228198,ZCDF8,DIAMOND PRINCESS,16,KETCHIKAN
2008-06-23T14:42:11,310404000,55.344175,-131.6586417,0,0.0,0.0,0,9228198,ZCDF8,DIAMOND PRINCESS,16,KETCHIKAN
2008-06-23T14:39:19,310404000,55.344175,-131.6586417,5,283.0,0.0,283,9228198,ZCDF8,DIAMOND PRINCESS,16,KETCHIKAN
2008-06-23T14:38:17,310404000,55.344175,-131.6586467,5,283.0,0.0,283,9228198,ZCDF8,DIAMOND PRINCESS,16,KETCHIKAN
2008-06-23T14:36:16,310404000,55.34417833,-131.6586517,5,283.0,0.0,283,9228198,ZCDF8,DIAMOND PRINCESS,16,KETCHIKAN
2008-06-23T14:36:12,310404000,55.34418333,-131.658645,0,0.0,0.0,0,9228198,ZCDF8,DIAMOND PRINCESS,16,KETCHIKAN
2008-06-23T14:30:13,310404000,55.34418333,-131.658645,5,283.0,0.0,283,9228198,ZCDF8,DIAMOND PRINCESS,16,KETCHIKAN
2008-06-23T14:30:13,310404000,55.34417667,-131.658635,0,0.0,0.0,0,9228198,ZCDF8,DIAMOND PRINCESS,16,KETCHIKAN
2008-06-23T14:27:11,310404000,55.34417667,-131.658635,5,283.0,0.0,283,9228198,ZCDF8,DIAMOND PRINCESS,16,KETCHIKAN
2008-06-23T14:24:11,310404000,55.344175,-131.6586333,5,283.0,0.1,283,9228198,ZCDF8,DIAMOND PRINCESS,16,KETCHIKAN
2008-06-23T14:24:09,310404000,55.34417667,-131.65864,0,0.0,0.0,0,9228198,ZCDF8,DIAMOND PRINCESS,16,KETCHIKAN
2008-06-23T14:21:12,310404000,55.34417667,-131.65864,5,283.0,0.0,283,9228198,ZCDF8,DIAMOND PRINCESS,16,KETCHIKAN
2008-06-23T14:18:10,310404000,55.34417833,-131.65864,0,0.0,0.0,0,9228198,ZCDF8,DIAMOND PRINCESS,16,KETCHIKAN
2008-06-23T14:18:10,310404000,55.34417833,-131.65864,5,283.0,0.0,283,9228198,ZCDF8,DIAMOND PRINCESS,16,KETCHIKAN
2008-06-23T14:15:07,310404000,55.344175,-131.6586383,5,283.0,0.0,283,9228198,ZCDF8,DIAMOND PRINCESS,16,KETCHIKAN
2008-06-23T14:12:08,310404000,55.34417667,-131.6586433,0,0.0,0.0,0,9228198,ZCDF8,DIAMOND PRINCESS,16,KETCHIKAN
2008-06-23T14:12:07,310404000,55.34417667,-131.6586433,5,283.0,0.0,283,9228198,ZCDF8,DIAMOND PRINCESS,16,KETCHIKAN
2008-06-23T14:09:55,310404000,55.344175,-131.6586417,5,193.0,0.1,283,9228198,ZCDF8,DIAMOND PRINCESS,16,KETCHIKAN
2008-06-23T14:09:45,310404000,55.34418333,-131.65864,5,13.0,0.1,283,9228198,ZCDF8,DIAMOND PRINCESS,16,KETCHIKAN
2008-06-23T14:09:35,310404000,55.34417667,-131.65864,5,346.4,0.2,283,9228198,ZCDF8,DIAMOND PRINCESS,16,KETCHIKAN
2008-06-23T14:09:24,310404000,55.34416333,-131.6586417,5,13.0,0.1,283,9228198,ZCDF8,DIAMOND PRINCESS,16,KETCHIKAN
2008-06-23T14:09:15,310404000,55.34415833,-131.658645,5,148.0,0.1,283,9228198,ZCDF8,DIAMOND PRINCESS,16,KETCHIKAN
2008-06-23T14:09:04,310404000,55.34416167,-131.6586467,5,193.0,0.1,283,9228198,ZCDF8,DIAMOND PRINCESS,16,KETCHIKAN
2008-06-23T14:08:54,310404000,55.34416667,-131.658645,5,193.0,0.2,283,9228198,ZCDF8,DIAMOND PRINCESS,16,KETCHIKAN
2008-06-23T14:08:45,310404000,55.34417333,-131.6586433,5,193.0,0.2,283,9228198,ZCDF8,DIAMOND PRINCESS,16,KETCHIKAN
2008-06-23T14:08:35,310404000,55.34418,-131.6586417,5,13.0,0.1,283,9228198,ZCDF8,DIAMOND PRINCESS,16,KETCHIKAN
2008-06-23T14:08:24,310404000,55.34417667,-131.6586417,5,13.0,0.2,283,9228198,ZCDF8,DIAMOND PRINCESS,16,KETCHIKAN
2008-06-23T14:08:15,310404000,55.34417167,-131.6586417,5,13.0,0.2,283,9228198,ZCDF8,DIAMOND PRINCESS,16,KETCHIKAN
2008-06-23T14:08:04,310404000,55.34415833,-131.6586483,5,13.0,0.2,283,9228198,ZCDF8,DIAMOND PRINCESS,16,KETCHIKAN
2008-06-23T14:07:54,310404000,55.34415167,-131.6586533,5,282.0,0.0,282,9228198,ZCDF8,DIAMOND PRINCESS,16,KETCHIKAN
2008-06-23T14:07:45,310404000,55.34415333,-131.6586533,5,165.4,0.2,282,9228198,ZCDF8,DIAMOND PRINCESS,16,KETCHIKAN
2008-06-23T14:07:35,310404000,55.34415667,-131.6586567,5,147.0,0.1,282,9228198,ZCDF8,DIAMOND PRINCESS,16,KETCHIKAN
2008-06-23T14:07:25,310404000,55.34416167,-131.6586633,5,148.0,0.1,283,9228198,ZCDF8,DIAMOND PRINCESS,16,KETCHIKAN
2008-06-23T14:07:15,310404000,55.34416833,-131.6586683,5,148.0,0.1,283,9228198,ZCDF8,DIAMOND PRINCESS,16,KETCHIKAN
2008-06-23T14:07:04,310404000,55.34417333,-131.6586717,5,283.0,0.0,283,9228198,ZCDF8,DIAMOND PRINCESS,16,KETCHIKAN
2008-06-23T14:06:54,310404000,55.34417333,-131.6586733,5,193.0,0.1,283,9228198,ZCDF8,DIAMOND PRINCESS,16,KETCHIKAN
2008-06-23T14:06:45,310404000,55.34418,-131.65867,5,13.0,0.1,283,9228198,ZCDF8,DIAMOND PRINCESS,16,KETCHIKAN
2008-06-23T14:06:35,310404000,55.34417833,-131.65867,5,283.0,0.0,283,9228198,ZCDF8,DIAMOND PRINCESS,16,KETCHIKAN
2008-06-23T14:06:25,310404000,55.34417667,-131.65867,5,13.0,0.1,283,9228198,ZCDF8,DIAMOND PRINCESS,16,KETCHIKAN
2008-06-23T14:06:15,310404000,55.34417,-131.6586733,5,13.0,0.1,283,9228198,ZCDF8,DIAMOND PRINCESS,16,KETCHIKAN
2008-06-23T14:06:04,310404000,55.344165,-131.6586733,5,13.0,0.1,283,9228198,ZCDF8,DIAMOND PRINCESS,16,KETCHIKAN
2008-06-23T14:06:02,310404000,55.344165,-131.6586717,0,0.0,0.0,0,9228198,ZCDF8,DIAMOND PRINCESS,16,KETCHIKAN
2008-06-23T14:05:54,310404000,55.344165,-131.6586717,0,13.0,0.2,283,9228198,ZCDF8,DIAMOND PRINCESS,16,KETCHIKAN
2008-06-23T14:05:44,310404000,55.34415667,-131.6586717,0,13.0,0.2,283,9228198,ZCDF8,DIAMOND PRINCESS,16,KETCHIKAN
2008-06-23T14:05:35,310404000,55.34415,-131.658675,0,283.0,0.0,283,9228198,ZCDF8,DIAMOND PRINCESS,16,KETCHIKAN
2008-06-23T14:05:25,310404000,55.34414833,-131.6586767,0,283.0,0.0,283,9228198,ZCDF8,DIAMOND PRINCESS,16,KETCHIKAN
2008-06-23T14:05:15,310404000,55.34414833,-131.6586783,0,194.0,0.1,284,9228198,ZCDF8,DIAMOND PRINCESS,16,KETCHIKAN
2008-06-23T14:05:04,310404000,55.34415333,-131.6586767,0,284.0,0.0,284,9228198,ZCDF8,DIAMOND PRINCESS,16,KETCHIKAN
2008-06-23T14:04:54,310404000,55.344155,-131.6586783,0,194.0,0.1,284,9228198,ZCDF8,DIAMOND PRINCESS,16,KETCHIKAN
2008-06-23T14:04:44,310404000,55.34415833,-131.6586783,0,285.0,0.0,285,9228198,ZCDF8,DIAMOND PRINCESS,16,KETCHIKAN
2008-06-23T14:04:35,310404000,55.34416167,-131.65868,0,59.9,0.1,285,9228198,ZCDF8,DIAMOND PRINCESS,16,KETCHIKAN
2008-06-23T14:04:25,310404000,55.34416167,-131.6586817,0,105.0,0.1,285,9228198,ZCDF8,DIAMOND PRINCESS,16,KETCHIKAN
2008-06-23T14:04:15,310404000,55.34416333,-131.6586833,0,60.9,0.1,286,9228198,ZCDF8,DIAMOND PRINCESS,16,KETCHIKAN
2008-06-23T14:04:04,310404000,55.34416167,-131.65869,0,16.0,0.1,286,9228198,ZCDF8,DIAMOND PRINCESS,16,KETCHIKAN
2008-06-23T14:03:55,310404000,55.34416,-131.6586917,0,16.0,0.1,286,9228198,ZCDF8,DIAMOND PRINCESS,16,KETCHIKAN
2008-06-23T14:03:44,310404000,55.34415333,-131.6586967,0,16.0,0.3,286,9228198,ZCDF8,DIAMOND PRINCESS,16,KETCHIKAN
2008-06-23T14:03:34,310404000,55.34413667,-131.6587083,0,16.0,0.2,286,9228198,ZCDF8,DIAMOND PRINCESS,16,KETCHIKAN
2008-06-23T14:03:25,310404000,55.34412667,-131.6587133,0,42.5,0.2,286,9228198,ZCDF8,DIAMOND PRINCESS,16,KETCHIKAN
2008-06-23T14:03:15,310404000,55.34411667,-131.6587233,0,78.4,0.2,285,9228198,ZCDF8,DIAMOND PRINCESS,16,KETCHIKAN
2008-06-23T14:03:05,310404000,55.344115,-131.65874,0,106.0,0.3,286,9228198,ZCDF8,DIAMOND PRINCESS,16,KETCHIKAN
2008-06-23T14:02:55,310404000,55.34412,-131.6587583,0,106.0,0.3,286,9228198,ZCDF8,DIAMOND PRINCESS,16,KETCHIKAN
2008-06-23T14:02:44,310404000,55.34412333,-131.65878,0,106.0,0.3,286,9228198,ZCDF8,DIAMOND PRINCESS,16,KETCHIKAN
2008-06-23T14:02:34,310404000,55.344125,-131.658805,0,87.5,0.3,286,9228198,ZCDF8,DIAMOND PRINCESS,16,KETCHIKAN
2008-06-23T14:02:25,310404000,55.34412667,-131.6588267,0,87.5,0.3,286,9228198,ZCDF8,DIAMOND PRINCESS,16,KETCHIKAN
2008-06-23T14:02:15,310404000,55.344125,-131.658855,0,60.9,0.3,286,9228198,ZCDF8,DIAMOND PRINCESS,16,KETCHIKAN
2008-06-23T14:02:06,310404000,55.34412167,-131.6588767,0,0.0,0.0,0,9228198,ZCDF8,DIAMOND PRINCESS,16,KETCHIKAN
2008-06-23T14:02:05,310404000,55.34412167,-131.6588767,0,80.4,0.2,287,9228198,ZCDF8,DIAMOND PRINCESS,16,KETCHIKAN
2008-06-23T14:01:55,310404000,55.34411667,-131.658895,0,43.5,0.2,287,9228198,ZCDF8,DIAMOND PRINCESS,16,KETCHIKAN
2008-06-23T14:01:44,310404000,55.34410833,-131.6589117,0,35.4,0.3,287,9228198,ZCDF8,DIAMOND PRINCESS,16,KETCHIKAN
2008-06-23T14:01:34,310404000,55.344095,-131.6589283,0,17.0,0.3,287,9228198,ZCDF8,DIAMOND PRINCESS,16,KETCHIKAN
2008-06-23T14:01:25,310404000,55.344085,-131.6589367,0,17.0,0.2,287,9228198,ZCDF8,DIAMOND PRINCESS,16,KETCHIKAN
2008-06-23T14:01:15,310404000,55.344075,-131.6589433,0,17.0,0.2,287,9228198,ZCDF8,DIAMOND PRINCESS,16,KETCHIKAN
2008-06-23T14:01:05,310404000,55.34406667,-131.6589467,0,17.0,0.1,287,9228198,ZCDF8,DIAMOND PRINCESS,16,KETCHIKAN
2008-06-23T14:00:55,310404000,55.34406,-131.6589467,0,350.4,0.2,287,9228198,ZCDF8,DIAMOND PRINCESS,16,KETCHIKAN
2008-06-23T14:00:44,310404000,55.34405333,-131.6589433,0,350.4,0.2,287,9228198,ZCDF8,DIAMOND PRINCESS,16,KETCHIKAN
2008-06-23T14:00:34,310404000,55.34404167,-131.6589367,0,332.0,0.3,287,9228198,ZCDF8,DIAMOND PRINCESS,16,KETCHIKAN
2008-06-23T14:00:25,310404000,55.34402833,-131.65893,0,343.3,0.4,287,9228198,ZCDF8,DIAMOND PRINCESS,16,KETCHIKAN
2008-06-23T14:00:15,310404000,55.34401167,-131.658925,0,332.0,0.3,287,9228198,ZCDF8,DIAMOND PRINCESS,16,KETCHIKAN
2008-06-23T14:00:05,310404000,55.34400167,-131.6589183,0,333.0,0.3,288,9228198,ZCDF8,DIAMOND PRINCESS,16,KETCHIKAN
2008-06-23T13:59:55,310404000,55.34399333,-131.65891,0,314.5,0.2,288,9228198,ZCDF8,DIAMOND PRINCESS,16,KETCHIKAN
2008-06-23T13:59:44,310404000,55.34398667,-131.6588983,0,315.5,0.2,289,9228198,ZCDF8,DIAMOND PRINCESS,16,KETCHIKAN
2008-06-23T13:59:35,310404000,55.34398167,-131.6588867,0,315.5,0.2,289,9228198,ZCDF8,DIAMOND PRINCESS,16,KETCHIKAN
2008-06-23T13:59:25,310404000,55.34397333,-131.658875,0,301.3,0.5,290,9228198,ZCDF8,DIAMOND PRINCESS,16,KETCHIKAN
2008-06-23T13:59:15,310404000,55.34396667,-131.6588533,0,304.0,0.4,290,9228198,ZCDF8,DIAMOND PRINCESS,16,KETCHIKAN
2008-06-23T13:59:05,310404000,55.34395667,-131.6588233,0,302.3,0.5,291,9228198,ZCDF8,DIAMOND PRINCESS,16,KETCHIKAN
2008-06-23T13:58:55,310404000,55.343945,-131.6587883,0,309.4,0.6,291,9228198,ZCDF8,DIAMOND PRINCESS,16,KETCHIKAN
2008-06-23T13:58:44,310404000,55.34392833,-131.658745,0,307.9,0.7,292,9228198,ZCDF8,DIAMOND PRINCESS,16,KETCHIKAN
2008-06-23T13:58:35,310404000,55.34391333,-131.6587067,0,306.0,0.8,292,9228198,ZCDF8,DIAMOND PRINCESS,16,KETCHIKAN
2008-06-23T13:58:25,310404000,55.34389,-131.658655,0,311.4,0.9,293,9228198,ZCDF8,DIAMOND PRINCESS,16,KETCHIKAN
2008-06-23T13:58:15,310404000,55.34386333,-131.6585933,0,322.0,1.0,293,9228198,ZCDF8,DIAMOND PRINCESS,16,KETCHIKAN
2008-06-23T13:58:04,310404000,55.34382167,-131.6585333,0,326.6,1.1,293,9228198,ZCDF8,DIAMOND PRINCESS,16,KETCHIKAN
2008-06-23T13:57:55,310404000,55.34378,-131.6584883,0,319.5,1.1,293,9228198,ZCDF8,DIAMOND PRINCESS,16,KETCHIKAN
2008-06-23T13:57:44,310404000,55.34373167,-131.6584233,0,313.8,1.1,292,9228198,ZCDF8,DIAMOND PRINCESS,16,KETCHIKAN
2008-06-23T13:57:35,310404000,55.34369833,-131.6583667,0,307.2,1.1,292,9228198,ZCDF8,DIAMOND PRINCESS,16,KETCHIKAN
2008-06-23T13:57:25,310404000,55.34367,-131.6583033,0,297.1,1.1,292,9228198,ZCDF8,DIAMOND PRINCESS,16,KETCHIKAN
2008-06-23T13:57:15,310404000,55.34364833,-131.65821,0,282.6,1.1,293,9228198,ZCDF8,DIAMOND PRINCESS,16,KETCHIKAN
2008-06-23T13:57:04,310404000,55.34363833,-131.658105,0,275.5,1.3,294,9228198,ZCDF8,DIAMOND PRINCESS,16,KETCHIKAN
2008-06-23T13:56:55,310404000,55.34363333,-131.6580183,0,273.9,1.4,295,9228198,ZCDF8,DIAMOND PRINCESS,16,KETCHIKAN
2008-06-23T13:56:44,310404000,55.34363333,-131.65788,0,272.2,1.4,297,9228198,ZCDF8,DIAMOND PRINCESS,16,KETCHIKAN
2008-06-23T13:56:35,310404000,55.34363333,-131.65778,0,274.8,1.5,298,9228198,ZCDF8,DIAMOND PRINCESS,16,KETCHIKAN
2008-06-23T13:56:25,310404000,55.34363167,-131.6576583,0,281.5,1.6,299,9228198,ZCDF8,DIAMOND PRINCESS,16,KETCHIKAN
2008-06-23T13:56:15,310404000,55.34362333,-131.6575167,0,282.5,1.6,301,9228198,ZCDF8,DIAMOND PRINCESS,16,KETCHIKAN
2008-06-23T13:56:04,310404000,55.34361167,-131.65737,0,0.0,0.0,0,9228198,ZCDF8,DIAMOND PRINCESS,16,KETCHIKAN
2008-06-23T13:56:04,310404000,55.34361167,-131.65737,0,285.6,1.8,302,9228198,ZCDF8,DIAMOND PRINCESS,16,KETCHIKAN
2008-06-23T13:55:55,310404000,55.34359667,-131.65725,0,292.3,1.6,303,9228198,ZCDF8,DIAMOND PRINCESS,16,KETCHIKAN
2008-06-23T13:55:44,310404000,55.34356833,-131.65711,0,297.2,1.7,304,9228198,ZCDF8,DIAMOND PRINCESS,16,KETCHIKAN
2008-06-23T13:55:35,310404000,55.34354167,-131.6570117,0,300.6,1.7,304,9228198,ZCDF8,DIAMOND PRINCESS,16,KETCHIKAN
2008-06-23T13:55:25,310404000,55.343495,-131.6568817,0,308.1,1.8,305,9228198,ZCDF8,DIAMOND PRINCESS,16,KETCHIKAN
2008-06-23T13:55:15,310404000,55.34345333,-131.6567783,0,305.0,1.8,305,9228198,ZCDF8,DIAMOND PRINCESS,16,KETCHIKAN
2008-06-23T13:55:04,310404000,55.34341,-131.6566333,0,305.0,1.8,305,9228198,ZCDF8,DIAMOND PRINCESS,16,KETCHIKAN
2008-06-23T13:54:54,310404000,55.34336167,-131.6565133,0,305.0,1.8,305,9228198,ZCDF8,DIAMOND PRINCESS,16,KETCHIKAN
2008-06-23T13:54:44,310404000,55.34330667,-131.6563967,0,305.0,1.9,305,9228198,ZCDF8,DIAMOND PRINCESS,16,KETCHIKAN
2008-06-23T13:54:35,310404000,55.34326667,-131.656285,0,306.0,1.9,306,9228198,ZCDF8,DIAMOND PRINCESS,16,KETCHIKAN
2008-06-23T13:54:25,310404000,55.34320667,-131.6561633,0,306.0,1.9,306,9228198,ZCDF8,DIAMOND PRINCESS,16,KETCHIKAN
2008-06-23T13:54:15,310404000,55.34315333,-131.65604,0,309.0,1.9,306,9228198,ZCDF8,DIAMOND PRINCESS,16,KETCHIKAN
2008-06-23T13:54:05,310404000,55.34310167,-131.6559333,0,306.0,1.9,306,9228198,ZCDF8,DIAMOND PRINCESS,16,KETCHIKAN
2008-06-23T13:53:54,310404000,55.34303833,-131.6557833,0,302.9,1.9,306,9228198,ZCDF8,DIAMOND PRINCESS,16,KETCHIKAN
2008-06-23T13:53:44,310404000,55.34299,-131.6556583,0,306.0,1.9,306,9228198,ZCDF8,DIAMOND PRINCESS,16,KETCHIKAN
2008-06-23T13:53:35,310404000,55.342945,-131.6555483,0,299.9,1.9,306,9228198,ZCDF8,DIAMOND PRINCESS,16,KETCHIKAN
2008-06-23T13:53:25,310404000,55.34290167,-131.6554183,0,297.0,1.9,306,9228198,ZCDF8,DIAMOND PRINCESS,16,KETCHIKAN
2008-06-23T13:53:15,310404000,55.34286333,-131.65528,0,294.1,1.9,306,9228198,ZCDF8,DIAMOND PRINCESS,16,KETCHIKAN
2008-06-23T13:53:05,310404000,55.34282833,-131.65513,0,289.4,2.0,307,9228198,ZCDF8,DIAMOND PRINCESS,16,KETCHIKAN
2008-06-23T13:52:54,310404000,55.34279833,-131.654955,0,292.4,1.9,308,9228198,ZCDF8,DIAMOND PRINCESS,16,KETCHIKAN
2008-06-23T13:52:44,310404000,55.34276333,-131.6548,0,294.9,2.1,309,9228198,ZCDF8,DIAMOND PRINCESS,16,KETCHIKAN
2008-06-23T13:52:35,310404000,55.34272833,-131.6546633,0,298.6,2.0,310,9228198,ZCDF8,DIAMOND PRINCESS,16,KETCHIKAN
2008-06-23T13:52:25,310404000,55.34268167,-131.6545167,0,304.2,2.0,310,9228198,ZCDF8,DIAMOND PRINCESS,16,KETCHIKAN
2008-06-23T13:52:14,310404000,55.34262667,-131.6543683,0,308.1,2.0,311,9228198,ZCDF8,DIAMOND PRINCESS,16,KETCHIKAN
2008-06-23T13:52:05,310404000,55.34257667,-131.6542467,0,311.0,2.0,311,9228198,ZCDF8,DIAMOND PRINCESS,16,KETCHIKAN
2008-06-23T13:51:54,310404000,55.34249833,-131.654105,0,311.0,2.0,311,9228198,ZCDF8,DIAMOND PRINCESS,16,KETCHIKAN
2008-06-23T13:51:44,310404000,55.34243833,-131.6539833,0,311.0,2.0,311,9228198,ZCDF8,DIAMOND PRINCESS,16,KETCHIKAN
2008-06-23T13:51:35,310404000,55.34238833,-131.6538833,0,312.0,2.0,312,9228198,ZCDF8,DIAMOND PRINCESS,16,KETCHIKAN
2008-06-23T13:51:25,310404000,55.34232167,-131.6537483,0,309.1,2.0,312,9228198,ZCDF8,DIAMOND PRINCESS,16,KETCHIKAN
2008-06-23T13:51:14,310404000,55.34226167,-131.6536217,0,313.0,2.0,313,9228198,ZCDF8,DIAMOND PRINCESS,16,KETCHIKAN
2008-06-23T13:51:05,310404000,55.34221167,-131.6535267,0,311.2,2.1,314,9228198,ZCDF8,DIAMOND PRINCESS,16,KETCHIKAN
2008-06-23T13:50:54,310404000,55.34213667,-131.653375,0,317.7,2.1,315,9228198,ZCDF8,DIAMOND PRINCESS,16,KETCHIKAN
2008-06-23T13:50:44,310404000,55.34205833,-131.65324,0,315.0,2.2,315,9228198,ZCDF8,DIAMOND PRINCESS,16,KETCHIKAN
2008-06-23T13:50:35,310404000,55.341995,-131.65313,0,321.1,2.2,316,9228198,ZCDF8,DIAMOND PRINCESS,16,KETCHIKAN
2008-06-23T13:50:25,310404000,55.34191333,-131.65301,0,323.4,2.3,316,9228198,ZCDF8,DIAMOND PRINCESS,16,KETCHIKAN
2008-06-23T13:50:14,310404000,55.34182,-131.6528883,0,320.7,2.4,316,9228198,ZCDF8,DIAMOND PRINCESS,16,KETCHIKAN
2008-06-23T13:50:05,310404000,55.34175167,-131.6527933,0,323.1,2.4,316,9228198,ZCDF8,DIAMOND PRINCESS,16,KETCHIKAN
2008-06-23T13:50:05,310404000,55.34165333,-131.6526583,0,0.0,0.0,0,9228198,ZCDF8,DIAMOND PRINCESS,16,KETCHIKAN
2008-06-23T13:49:54,310404000,55.34165333,-131.6526583,0,319.5,2.5,315,9228198,ZCDF8,DIAMOND PRINCESS,16,KETCHIKAN
2008-06-23T13:49:44,310404000,55.34156667,-131.6525267,0,317.2,2.6,315,9228198,ZCDF8,DIAMOND PRINCESS,16,KETCHIKAN
2008-06-23T13:49:35,310404000,55.34148833,-131.6523983,0,317.2,2.6,315,9228198,ZCDF8,DIAMOND PRINCESS,16,KETCHIKAN
2008-06-23T13:49:25,310404000,55.34139833,-131.652255,0,313.8,2.7,316,9228198,ZCDF8,DIAMOND PRINCESS,16,KETCHIKAN
2008-06-23T13:49:14,310404000,55.34129667,-131.65206,0,313.9,2.8,316,9228198,ZCDF8,DIAMOND PRINCESS,16,KETCHIKAN
2008-06-23T13:49:06,310404000,55.34122667,-131.6519317,0,313.9,2.8,316,9228198,ZCDF8,DIAMOND PRINCESS,16,KETCHIKAN
2008-06-23T13:48:54,310404000,55.34111667,-131.65173,0,316.0,2.9,316,9228198,ZCDF8,DIAMOND PRINCESS,16,KETCHIKAN
2008-06-23T13:48:44,310404000,55.34102167,-131.6515667,0,317.9,3.0,316,9228198,ZCDF8,DIAMOND PRINCESS,16,KETCHIKAN
2008-06-23T13:48:35,310404000,55.34094,-131.6514367,0,316.0,3.0,316,9228198,ZCDF8,DIAMOND PRINCESS,16,KETCHIKAN
2008-06-23T13:48:25,310404000,55.34082833,-131.6512533,0,313.1,3.1,315,9228198,ZCDF8,DIAMOND PRINCESS,16,KETCHIKAN
2008-06-23T13:48:14,310404000,55.34072,-131.651055,0,311.3,3.1,315,9228198,ZCDF8,DIAMOND PRINCESS,16,KETCHIKAN
2008-06-23T13:48:05,310404000,55.34064167,-131.650905,0,313.1,3.1,315,9228198,ZCDF8,DIAMOND PRINCESS,16,KETCHIKAN
2008-06-23T13:47:55,310404000,55.340545,-131.6507167,0,312.1,3.1,314,9228198,ZCDF8,DIAMOND PRINCESS,16,KETCHIKAN
2008-06-23T13:47:44,310404000,55.34042833,-131.65049,0,310.4,3.2,314,9228198,ZCDF8,DIAMOND PRINCESS,16,KETCHIKAN
2008-06-23T13:47:35,310404000,55.34034167,-131.6503133,0,310.4,3.2,314,9228198,ZCDF8,DIAMOND PRINCESS,16,KETCHIKAN
2008-06-23T13:47:23,310404000,55.340235,-131.6500983,0,312.2,3.3,314,9228198,ZCDF8,DIAMOND PRINCESS,16,KETCHIKAN
2008-06-23T13:47:14,310404000,55.340135,-131.6499033,0,312.2,3.3,314,9228198,ZCDF8,DIAMOND PRINCESS,16,KETCHIKAN
2008-06-23T13:47:04,310404000,55.34002833,-131.6497117,0,314.0,3.3,314,9228198,ZCDF8,DIAMOND PRINCESS,16,KETCHIKAN
2008-06-23T13:46:55,310404000,55.33993167,-131.6495383,0,312.3,3.4,314,9228198,ZCDF8,DIAMOND PRINCESS,16,KETCHIKAN
2008-06-23T13:46:44,310404000,55.339815,-131.64932,0,312.3,3.4,314,9228198,ZCDF8,DIAMOND PRINCESS,16,KETCHIKAN
2008-06-23T13:46:35,310404000,55.33972833,-131.6491533,0,310.7,3.5,314,9228198,ZCDF8,DIAMOND PRINCESS,16,KETCHIKAN
2008-06-23T13:46:23,310404000,55.33960167,-131.6489,0,310.7,3.5,314,9228198,ZCDF8,DIAMOND PRINCESS,16,KETCHIKAN
2008-06-23T13:46:14,310404000,55.3395,-131.6486817,0,310.7,3.5,314,9228198,ZCDF8,DIAMOND PRINCESS,16,KETCHIKAN
2008-06-23T13:46:04,310404000,55.339395,-131.6484667,0,310.7,3.5,314,9228198,ZCDF8,DIAMOND PRINCESS,16,KETCHIKAN
2008-06-23T13:45:55,310404000,55.3393,-131.6482717,0,309.2,3.6,314,9228198,ZCDF8,DIAMOND PRINCESS,16,KETCHIKAN
2008-06-23T13:45:44,310404000,55.33918667,-131.648025,0,310.7,3.5,314,9228198,ZCDF8,DIAMOND PRINCESS,16,KETCHIKAN
2008-06-23T13:45:35,310404000,55.33909,-131.64783,0,309.1,3.5,314,9228198,ZCDF8,DIAMOND PRINCESS,16,KETCHIKAN
2008-06-23T13:45:23,310404000,55.33897667,-131.6475817,0,309.2,3.6,314,9228198,ZCDF8,DIAMOND PRINCESS,16,KETCHIKAN
2008-06-23T13:45:14,310404000,55.33887167,-131.6473567,0,309.2,3.6,314,9228198,ZCDF8,DIAMOND PRINCESS,16,KETCHIKAN
2008-06-23T13:45:04,310404000,55.33876,-131.64711,0,309.2,3.6,314,9228198,ZCDF8,DIAMOND PRINCESS,16,KETCHIKAN
2008-06-23T13:44:55,310404000,55.33866833,-131.6469067,0,309.2,3.6,314,9228198,ZCDF8,DIAMOND PRINCESS,16,KETCHIKAN
2008-06-23T13:44:45,310404000,55.33857167,-131.6467017,0,307.6,3.6,314,9228198,ZCDF8,DIAMOND PRINCESS,16,KETCHIKAN
2008-06-23T13:44:34,310404000,55.33845833,-131.6464483,0,307.8,3.7,314,9228198,ZCDF8,DIAMOND PRINCESS,16,KETCHIKAN
2008-06-23T13:44:23,310404000,55.33834667,-131.6461933,0,307.8,3.7,314,9228198,ZCDF8,DIAMOND PRINCESS,16,KETCHIKAN
2008-06-23T13:44:14,310404000,55.338255,-131.6459783,0,309.3,3.7,314,9228198,ZCDF8,DIAMOND PRINCESS,16,KETCHIKAN
2008-06-23T13:44:04,310404000,55.33814667,-131.645745,0,310.9,3.7,314,9228198,ZCDF8,DIAMOND PRINCESS,16,KETCHIKAN
2008-06-23T13:44:04,310404000,55.33804333,-131.64554,0,0.0,0.0,0,9228198,ZCDF8,DIAMOND PRINCESS,16,KETCHIKAN
2008-06-23T13:43:55,310404000,55.33804333,-131.64554,0,310.9,3.8,314,9228198,ZCDF8,DIAMOND PRINCESS,16,KETCHIKAN
2008-06-23T13:43:45,310404000,55.33794,-131.6453317,0,311.4,3.8,313,9228198,ZCDF8,DIAMOND PRINCESS,16,KETCHIKAN
2008-06-23T13:43:34,310404000,55.33778833,-131.6450333,0,309.9,3.8,313,9228198,ZCDF8,DIAMOND PRINCESS,16,KETCHIKAN
2008-06-23T13:43:23,310404000,55.33767833,-131.6448,0,309.0,3.9,312,9228198,ZCDF8,DIAMOND PRINCESS,16,KETCHIKAN
2008-06-23T13:43:14,310404000,55.33756667,-131.6445583,0,309.0,3.9,312,9228198,ZCDF8,DIAMOND PRINCESS,16,KETCHIKAN
2008-06-23T13:43:04,310404000,55.33746333,-131.6443417,0,311.5,3.9,313,9228198,ZCDF8,DIAMOND PRINCESS,16,KETCHIKAN
2008-06-23T13:42:55,310404000,55.33735833,-131.644125,0,311.5,3.9,313,9228198,ZCDF8,DIAMOND PRINCESS,16,KETCHIKAN
2008-06-23T13:42:45,310404000,55.33724167,-131.6438867,0,310.5,3.9,312,9228198,ZCDF8,DIAMOND PRINCESS,16,KETCHIKAN
2008-06-23T13:42:34,310404000,55.33710833,-131.6436217,0,310.5,4.0,312,9228198,ZCDF8,DIAMOND PRINCESS,16,KETCHIKAN
2008-06-23T13:42:23,310404000,55.33699,-131.6433817,0,309.1,4.0,312,9228198,ZCDF8,DIAMOND PRINCESS,16,KETCHIKAN
2008-06-23T13:42:14,310404000,55.33685667,-131.64311,0,311.5,4.0,313,9228198,ZCDF8,DIAMOND PRINCESS,16,KETCHIKAN
2008-06-23T13:42:05,310404000,55.33674833,-131.6428933,0,311.5,4.0,313,9228198,ZCDF8,DIAMOND PRINCESS,16,KETCHIKAN
2008-06-23T13:41:55,310404000,55.336625,-131.642645,0,313.0,4.0,313,9228198,ZCDF8,DIAMOND PRINCESS,16,KETCHIKAN
2008-06-23T13:41:45,310404000,55.33651167,-131.64243,0,313.0,4.1,313,9228198,ZCDF8,DIAMOND PRINCESS,16,KETCHIKAN
2008-06-23T13:41:34,310404000,55.33637167,-131.6421633,0,312.0,4.1,312,9228198,ZCDF8,DIAMOND PRINCESS,16,KETCHIKAN
2008-06-23T13:41:23,310404000,55.33623,-131.641895,0,312.0,4.1,312,9228198,ZCDF8,DIAMOND PRINCESS,16,KETCHIKAN
2008-06-23T13:41:14,310404000,55.336115,-131.6416733,0,309.6,4.1,311,9228198,ZCDF8,DIAMOND PRINCESS,16,KETCHIKAN
2008-06-23T13:41:05,310404000,55.33600667,-131.641445,0,309.6,4.2,311,9228198,ZCDF8,DIAMOND PRINCESS,16,KETCHIKAN
2008-06-23T13:40:55,310404000,55.33586833,-131.6411617,0,309.2,4.2,312,9228198,ZCDF8,DIAMOND PRINCESS,16,KETCHIKAN
2008-06-23T13:40:45,310404000,55.335745,-131.6408983,0,310.6,4.2,312,9228198,ZCDF8,DIAMOND PRINCESS,16,KETCHIKAN
2008-06-23T13:40:34,310404000,55.33560667,-131.64061,0,310.6,4.2,312,9228198,ZCDF8,DIAMOND PRINCESS,16,KETCHIKAN
2008-06-23T13:40:23,310404000,55.33547833,-131.64035,0,309.2,4.2,312,9228198,ZCDF8,DIAMOND PRINCESS,16,KETCHIKAN
2008-06-23T13:40:15,310404000,55.33536667,-131.640115,0,310.6,4.2,312,9228198,ZCDF8,DIAMOND PRINCESS,16,KETCHIKAN
2008-06-23T13:40:05,310404000,55.33524,-131.6398583,0,309.2,4.2,312,9228198,ZCDF8,DIAMOND PRINCESS,16,KETCHIKAN
2008-06-23T13:39:54,310404000,55.335115,-131.6395967,0,309.6,4.3,311,9228198,ZCDF8,DIAMOND PRINCESS,16,KETCHIKAN
2008-06-23T13:39:45,310404000,55.335,-131.6393617,0,311.0,4.3,311,9228198,ZCDF8,DIAMOND PRINCESS,16,KETCHIKAN
2008-06-23T13:39:34,310404000,55.334855,-131.639075,0,310.0,4.4,310,9228198,ZCDF8,DIAMOND PRINCESS,16,KETCHIKAN
2008-06-23T13:39:23,310404000,55.33470667,-131.63878,0,310.3,4.4,309,9228198,ZCDF8,DIAMOND PRINCESS,16,KETCHIKAN
2008-06-23T13:39:15,310404000,55.33458667,-131.63854,0,308.0,4.4,308,9228198,ZCDF8,DIAMOND PRINCESS,16,KETCHIKAN
2008-06-23T13:39:05,310404000,55.33445667,-131.6382617,0,308.3,4.4,308,9228198,ZCDF8,DIAMOND PRINCESS,16,KETCHIKAN
2008-06-23T13:38:54,310404000,55.334315,-131.63795,0,307.0,4.5,307,9228198,ZCDF8,DIAMOND PRINCESS,16,KETCHIKAN
2008-06-23T13:38:45,310404000,55.33421333,-131.637725,0,306.0,4.5,306,9228198,ZCDF8,DIAMOND PRINCESS,16,KETCHIKAN
2008-06-23T13:38:35,310404000,55.33408333,-131.63743,0,307.2,4.6,306,9228198,ZCDF8,DIAMOND PRINCESS,16,KETCHIKAN
2008-06-23T13:38:23,310404000,55.33393167,-131.63708,0,306.0,4.6,306,9228198,ZCDF8,DIAMOND PRINCESS,16,KETCHIKAN
2008-06-23T13:38:15,310404000,55.33383167,-131.6368417,0,306.2,4.6,305,9228198,ZCDF8,DIAMOND PRINCESS,16,KETCHIKAN
2008-06-23T13:38:05,310404000,55.333705,-131.6365367,0,305.0,4.6,305,9228198,ZCDF8,DIAMOND PRINCESS,16,KETCHIKAN
2008-06-23T13:38:02,310404000,55.33356833,-131.6362,0,0.0,0.0,0,9228198,ZCDF8,DIAMOND PRINCESS,16,KETCHIKAN
2008-06-23T13:37:54,310404000,55.33356833,-131.6362,0,305.0,4.7,305,9228198,ZCDF8,DIAMOND PRINCESS,16,KETCHIKAN
2008-06-23T13:37:45,310404000,55.33344333,-131.6358983,0,305.0,4.7,305,9228198,ZCDF8,DIAMOND PRINCESS,16,KETCHIKAN
2008-06-23T13:37:35,310404000,55.33331667,-131.635585,0,305.0,4.7,305,9228198,ZCDF8,DIAMOND PRINCESS,16,KETCHIKAN
2008-06-23T13:37:23,310404000,55.33317833,-131.6352483,0,305.0,4.7,305,9228198,ZCDF8,DIAMOND PRINCESS,16,KETCHIKAN
2008-06-23T13:37:15,310404000,55.33306667,-131.6349717,0,305.0,4.7,305,9228198,ZCDF8,DIAMOND PRINCESS,16,KETCHIKAN
2008-06-23T13:37:05,310404000,55.33294167,-131.6346617,0,305.0,4.7,305,9228198,ZCDF8,DIAMOND PRINCESS,16,KETCHIKAN
2008-06-23T13:36:54,310404000,55.33280333,-131.63432,0,305.0,4.6,305,9228198,ZCDF8,DIAMOND PRINCESS,16,KETCHIKAN
2008-06-23T13:36:45,310404000,55.33270667,-131.6340733,0,303.7,4.6,305,9228198,ZCDF8,DIAMOND PRINCESS,16,KETCHIKAN
2008-06-23T13:36:35,310404000,55.332585,-131.6337567,0,304.7,4.6,306,9228198,ZCDF8,DIAMOND PRINCESS,16,KETCHIKAN
2008-06-23T13:36:23,310404000,55.33244167,-131.633385,0,305.7,4.6,306,9228198,ZCDF8,DIAMOND PRINCESS,16,KETCHIKAN
2008-06-23T13:36:14,310404000,55.33231833,-131.63307,0,305.7,4.6,307,9228198,ZCDF8,DIAMOND PRINCESS,16,KETCHIKAN
2008-06-23T13:36:05,310404000,55.33220833,-131.6327967,0,305.5,4.6,308,9228198,ZCDF8,DIAMOND PRINCESS,16,KETCHIKAN
2008-06-23T13:35:55,310404000,55.33208667,-131.63249,0,305.5,4.6,308,9228198,ZCDF8,DIAMOND PRINCESS,16,KETCHIKAN
2008-06-23T13:35:45,310404000,55.33196333,-131.6321883,0,306.5,4.6,309,9228198,ZCDF8,DIAMOND PRINCESS,16,KETCHIKAN
2008-06-23T13:35:35,310404000,55.33183667,-131.631885,0,308.7,4.6,310,9228198,ZCDF8,DIAMOND PRINCESS,16,KETCHIKAN
2008-06-23T13:35:24,310404000,55.33169167,-131.6315583,0,308.7,4.6,310,9228198,ZCDF8,DIAMOND PRINCESS,16,KETCHIKAN
2008-06-23T13:35:14,310404000,55.33155833,-131.6312667,0,308.7,4.6,310,9228198,ZCDF8,DIAMOND PRINCESS,16,KETCHIKAN
2008-06-23T13:35:05,310404000,55.33145167,-131.6310383,0,308.7,4.6,310,9228198,ZCDF8,DIAMOND PRINCESS,16,KETCHIKAN
2008-06-23T13:34:55,310404000,55.331315,-131.6307517,0,310.0,4.6,310,9228198,ZCDF8,DIAMOND PRINCESS,16,KETCHIKAN
2008-06-23T13:34:45,310404000,55.33116667,-131.6304383,0,310.0,4.6,310,9228198,ZCDF8,DIAMOND PRINCESS,16,KETCHIKAN
2008-06-23T13:34:35,310404000,55.33103,-131.630155,0,308.7,4.6,310,9228198,ZCDF8,DIAMOND PRINCESS,16,KETCHIKAN
2008-06-23T13:34:24,310404000,55.33087833,-131.6298383,0,309.7,4.6,310,9228198,ZCDF8,DIAMOND PRINCESS,16,KETCHIKAN
2008-06-23T13:34:14,310404000,55.33074167,-131.6295483,0,309.7,4.7,311,9228198,ZCDF8,DIAMOND PRINCESS,16,KETCHIKAN
2008-06-23T13:34:05,310404000,55.33062,-131.6292867,0,309.7,4.7,311,9228198,ZCDF8,DIAMOND PRINCESS,16,KETCHIKAN
2008-06-23T13:33:55,310404000,55.33049667,-131.629025,0,310.7,4.7,312,9228198,ZCDF8,DIAMOND PRINCESS,16,KETCHIKAN
2008-06-23T13:33:45,310404000,55.330355,-131.628735,0,309.5,4.7,312,9228198,ZCDF8,DIAMOND PRINCESS,16,KETCHIKAN
2008-06-23T13:33:35,310404000,55.33021833,-131.6284433,0,310.7,4.7,312,9228198,ZCDF8,DIAMOND PRINCESS,16,KETCHIKAN
2008-06-23T13:33:24,310404000,55.33005,-131.628095,0,310.5,4.7,313,9228198,ZCDF8,DIAMOND PRINCESS,16,KETCHIKAN
2008-06-23T13:33:14,310404000,55.32991,-131.6277967,0,310.5,4.7,313,9228198,ZCDF8,DIAMOND PRINCESS,16,KETCHIKAN
2008-06-23T13:33:05,310404000,55.32978167,-131.6275367,0,310.4,4.8,314,9228198,ZCDF8,DIAMOND PRINCESS,16,KETCHIKAN
2008-06-23T13:32:55,310404000,55.32964,-131.6272467,0,312.6,4.8,315,9228198,ZCDF8,DIAMOND PRINCESS,16,KETCHIKAN
2008-06-23T13:32:45,310404000,55.32949333,-131.6269533,0,312.6,4.8,315,9228198,ZCDF8,DIAMOND PRINCESS,16,KETCHIKAN
2008-06-23T13:32:35,310404000,55.32934333,-131.62667,0,312.6,4.9,315,9228198,ZCDF8,DIAMOND PRINCESS,16,KETCHIKAN
2008-06-23T13:32:24,310404000,55.32917167,-131.6263467,0,314.8,4.9,316,9228198,ZCDF8,DIAMOND PRINCESS,16,KETCHIKAN
2008-06-23T13:32:14,310404000,55.329015,-131.6260617,0,313.6,4.9,316,9228198,ZCDF8,DIAMOND PRINCESS,16,KETCHIKAN
2008-06-23T13:32:05,310404000,55.328875,-131.6257967,0,314.8,5.0,316,9228198,ZCDF8,DIAMOND PRINCESS,16,KETCHIKAN
2008-06-23T13:32:02,310404000,55.32872,-131.62551,0,0.0,0.0,0,9228198,ZCDF8,DIAMOND PRINCESS,16,KETCHIKAN
2008-06-23T13:31:55,310404000,55.32872,-131.62551,0,313.7,5.0,316,9228198,ZCDF8,DIAMOND PRINCESS,16,KETCHIKAN
2008-06-23T13:31:45,310404000,55.32855833,-131.6252167,0,312.7,5.1,315,9228198,ZCDF8,DIAMOND PRINCESS,16,KETCHIKAN
2008-06-23T13:31:35,310404000,55.32839667,-131.6249133,0,312.7,5.1,315,9228198,ZCDF8,DIAMOND PRINCESS,16,KETCHIKAN
2008-06-23T13:31:24,310404000,55.32822,-131.624585,0,312.7,5.2,315,9228198,ZCDF8,DIAMOND PRINCESS,16,KETCHIKAN
2008-06-23T13:31:14,310404000,55.32805667,-131.62428,0,314.8,5.2,316,9228198,ZCDF8,DIAMOND PRINCESS,16,KETCHIKAN
2008-06-23T13:31:05,310404000,55.32790667,-131.6240067,0,312.8,5.3,315,9228198,ZCDF8,DIAMOND PRINCESS,16,KETCHIKAN
2008-06-23T13:30:55,310404000,55.32774,-131.6236983,0,312.8,5.3,315,9228198,ZCDF8,DIAMOND PRINCESS,16,KETCHIKAN
2008-06-23T13:30:45,310404000,55.32757167,-131.6233867,0,312.8,5.4,315,9228198,ZCDF8,DIAMOND PRINCESS,16,KETCHIKAN
2008-06-23T13:30:35,310404000,55.32738167,-131.6230333,0,312.8,5.4,315,9228198,ZCDF8,DIAMOND PRINCESS,16,KETCHIKAN
2008-06-23T13:30:24,310404000,55.327195,-131.62268,0,313.9,5.5,316,9228198,ZCDF8,DIAMOND PRINCESS,16,KETCHIKAN
2008-06-23T13:30:14,310404000,55.32702,-131.6223567,0,313.9,5.6,316,9228198,ZCDF8,DIAMOND PRINCESS,16,KETCHIKAN
2008-06-23T13:30:05,310404000,55.32686333,-131.6220617,0,314.9,5.6,316,9228198,ZCDF8,DIAMOND PRINCESS,16,KETCHIKAN
2008-06-23T13:29:55,310404000,55.326695,-131.6217683,0,313.9,5.7,316,9228198,ZCDF8,DIAMOND PRINCESS,16,KETCHIKAN
2008-06-23T13:29:45,310404000,55.3265,-131.6214033,0,313.0,5.8,315,9228198,ZCDF8,DIAMOND PRINCESS,16,KETCHIKAN
2008-06-23T13:29:35,310404000,55.32633167,-131.6210983,0,314.0,5.8,315,9228198,ZCDF8,DIAMOND PRINCESS,16,KETCHIKAN
2008-06-23T13:29:24,310404000,55.32612833,-131.620725,0,314.0,5.9,316,9228198,ZCDF8,DIAMOND PRINCESS,16,KETCHIKAN
2008-06-23T13:29:15,310404000,55.32594,-131.620375,0,314.0,5.9,316,9228198,ZCDF8,DIAMOND PRINCESS,16,KETCHIKAN
2008-06-23T13:29:05,310404000,55.32575,-131.6200333,0,313.0,6.0,315,9228198,ZCDF8,DIAMOND PRINCESS,16,KETCHIKAN
2008-06-23T13:28:55,310404000,55.32555833,-131.6196817,0,313.0,6.0,315,9228198,ZCDF8,DIAMOND PRINCESS,16,KETCHIKAN
2008-06-23T13:28:45,310404000,55.32536333,-131.6193267,0,313.1,6.1,315,9228198,ZCDF8,DIAMOND PRINCESS,16,KETCHIKAN
2008-06-23T13:28:35,310404000,55.32517,-131.6189717,0,313.1,6.2,315,9228198,ZCDF8,DIAMOND PRINCESS,16,KETCHIKAN
2008-06-23T13:28:24,310404000,55.32497333,-131.6186167,0,313.1,6.2,315,9228198,ZCDF8,DIAMOND PRINCESS,16,KETCHIKAN
2008-06-23T13:28:15,310404000,55.324795,-131.6182883,0,314.0,6.3,315,9228198,ZCDF8,DIAMOND PRINCESS,16,KETCHIKAN
2008-06-23T13:28:05,310404000,55.32459167,-131.6179267,0,313.2,6.4,315,9228198,ZCDF8,DIAMOND PRINCESS,16,KETCHIKAN
2008-06-23T13:27:55,310404000,55.32436833,-131.6175133,0,314.1,6.4,315,9228198,ZCDF8,DIAMOND PRINCESS,16,KETCHIKAN
2008-06-23T13:27:45,310404000,55.32415667,-131.61714,0,313.2,6.5,315,9228198,ZCDF8,DIAMOND PRINCESS,16,KETCHIKAN
2008-06-23T13:27:35,310404000,55.32394667,-131.6167567,0,314.1,6.5,315,9228198,ZCDF8,DIAMOND PRINCESS,16,KETCHIKAN
2008-06-23T13:27:24,310404000,55.32373667,-131.6163833,0,314.1,6.5,315,9228198,ZCDF8,DIAMOND PRINCESS,16,KETCHIKAN
2008-06-23T13:27:15,310404000,55.323525,-131.616005,0,313.2,6.5,315,9228198,ZCDF8,DIAMOND PRINCESS,16,KETCHIKAN
2008-06-23T13:27:05,310404000,55.323315,-131.61562,0,314.1,6.5,315,9228198,ZCDF8,DIAMOND PRINCESS,16,KETCHIKAN
2008-06-23T13:26:55,310404000,55.32310333,-131.61524,0,313.2,6.5,315,9228198,ZCDF8,DIAMOND PRINCESS,16,KETCHIKAN
2008-06-23T13:26:45,310404000,55.32290167,-131.6148617,0,315.1,6.5,316,9228198,ZCDF8,DIAMOND PRINCESS,16,KETCHIKAN
2008-06-23T13:26:35,310404000,55.32271167,-131.6145233,0,313.2,6.5,315,9228198,ZCDF8,DIAMOND PRINCESS,16,KETCHIKAN
2008-06-23T13:26:24,310404000,55.32246333,-131.61407,0,313.2,6.5,315,9228198,ZCDF8,DIAMOND PRINCESS,16,KETCHIKAN
2008-06-23T13:26:15,310404000,55.32227667,-131.61373,0,314.1,6.5,315,9228198,ZCDF8,DIAMOND PRINCESS,16,KETCHIKAN
2008-06-23T13:26:04,310404000,55.32204667,-131.6133117,0,313.2,6.5,315,9228198,ZCDF8,DIAMOND PRINCESS,16,KETCHIKAN
2008-06-23T13:26:01,310404000,55.32185833,-131.6129717,0,0.0,0.0,0,9228198,ZCDF8,DIAMOND PRINCESS,16,KETCHIKAN
2008-06-23T13:25:55,310404000,55.32185833,-131.6129717,0,314.1,6.5,315,9228198,ZCDF8,DIAMOND PRINCESS,16,KETCHIKAN
2008-06-23T13:25:45,310404000,55.32164833,-131.6125933,0,314.1,6.5,315,9228198,ZCDF8,DIAMOND PRINCESS,16,KETCHIKAN
2008-06-23T13:25:34,310404000,55.32144,-131.6122167,0,314.1,6.5,315,9228198,ZCDF8,DIAMOND PRINCESS,16,KETCHIKAN
2008-06-23T13:25:24,310404000,55.32123333,-131.61184,0,314.1,6.4,315,9228198,ZCDF8,DIAMOND PRINCESS,16,KETCHIKAN
2008-06-23T13:25:15,310404000,55.32104667,-131.6115017,0,313.2,6.4,315,9228198,ZCDF8,DIAMOND PRINCESS,16,KETCHIKAN
2008-06-23T13:25:04,310404000,55.32080333,-131.6110567,0,314.1,6.4,315,9228198,ZCDF8,DIAMOND PRINCESS,16,KETCHIKAN
2008-06-23T13:24:55,310404000,55.32059667,-131.6106867,0,314.1,6.4,315,9228198,ZCDF8,DIAMOND PRINCESS,16,KETCHIKAN
2008-06-23T13:24:45,310404000,55.32039,-131.6103133,0,314.1,6.4,315,9228198,ZCDF8,DIAMOND PRINCESS,16,KETCHIKAN
2008-06-23T13:24:34,310404000,55.320185,-131.6099417,0,314.0,6.3,315,9228198,ZCDF8,DIAMOND PRINCESS,16,KETCHIKAN
2008-06-23T13:24:24,310404000,55.31997667,-131.6095667,0,313.1,6.3,315,9228198,ZCDF8,DIAMOND PRINCESS,16,KETCHIKAN
2008-06-23T13:24:14,310404000,55.31977667,-131.6091933,0,314.0,6.3,315,9228198,ZCDF8,DIAMOND PRINCESS,16,KETCHIKAN
2008-06-23T13:24:04,310404000,55.31957333,-131.608835,0,313.1,6.3,315,9228198,ZCDF8,DIAMOND PRINCESS,16,KETCHIKAN
2008-06-23T13:23:55,310404000,55.319395,-131.6084967,0,314.0,6.3,315,9228198,ZCDF8,DIAMOND PRINCESS,16,KETCHIKAN
2008-06-23T13:23:45,310404000,55.31919333,-131.6081367,0,313.1,6.3,315,9228198,ZCDF8,DIAMOND PRINCESS,16,KETCHIKAN
2008-06-23T13:23:34,310404000,55.318975,-131.6077367,0,314.0,6.3,315,9228198,ZCDF8,DIAMOND PRINCESS,16,KETCHIKAN
2008-06-23T13:23:24,310404000,55.31877333,-131.60737,0,314.0,6.2,315,9228198,ZCDF8,DIAMOND PRINCESS,16,KETCHIKAN
2008-06-23T13:23:14,310404000,55.318575,-131.6070117,0,313.1,6.2,315,9228198,ZCDF8,DIAMOND PRINCESS,16,KETCHIKAN
2008-06-23T13:23:04,310404000,55.31837667,-131.6066483,0,315.0,6.2,315,9228198,ZCDF8,DIAMOND PRINCESS,16,KETCHIKAN
2008-06-23T13:22:55,310404000,55.31819167,-131.6063283,0,314.0,6.2,315,9228198,ZCDF8,DIAMOND PRINCESS,16,KETCHIKAN
2008-06-23T13:22:45,310404000,55.31799167,-131.6059583,0,314.0,6.2,315,9228198,ZCDF8,DIAMOND PRINCESS,16,KETCHIKAN
2008-06-23T13:22:34,310404000,55.31777167,-131.6055583,0,314.0,6.3,315,9228198,ZCDF8,DIAMOND PRINCESS,16,KETCHIKAN
2008-06-23T13:22:24,310404000,55.31759667,-131.605235,0,313.2,6.3,316,9228198,ZCDF8,DIAMOND PRINCESS,16,KETCHIKAN
2008-06-23T13:22:14,310404000,55.3174,-131.6048617,0,316.0,6.3,316,9228198,ZCDF8,DIAMOND PRINCESS,16,KETCHIKAN
2008-06-23T13:22:04,310404000,55.31715,-131.6044317,0,314.1,6.3,316,9228198,ZCDF8,DIAMOND PRINCESS,16,KETCHIKAN
2008-06-23T13:21:54,310404000,55.31695,-131.6040667,0,315.0,6.3,316,9228198,ZCDF8,DIAMOND PRINCESS,16,KETCHIKAN
2008-06-23T13:21:45,310404000,55.31676,-131.6037383,0,314.2,6.4,316,9228198,ZCDF8,DIAMOND PRINCESS,16,KETCHIKAN
2008-06-23T13:21:34,310404000,55.31655667,-131.6033667,0,314.3,6.4,317,9228198,ZCDF8,DIAMOND PRINCESS,16,KETCHIKAN
2008-06-23T13:21:25,310404000,55.31637167,-131.6030333,0,315.2,6.4,317,9228198,ZCDF8,DIAMOND PRINCESS,16,KETCHIKAN
2008-06-23T13:21:14,310404000,55.31614167,-131.6026333,0,315.3,6.4,318,9228198,ZCDF8,DIAMOND PRINCESS,16,KETCHIKAN
2008-06-23T13:21:04,310404000,55.315935,-131.60227,0,317.1,6.5,318,9228198,ZCDF8,DIAMOND PRINCESS,16,KETCHIKAN
2008-06-23T13:20:54,310404000,55.31571833,-131.6019117,0,317.1,6.5,318,9228198,ZCDF8,DIAMOND PRINCESS,16,KETCHIKAN
2008-06-23T13:20:45,310404000,55.31552,-131.6015933,0,316.2,6.6,318,9228198,ZCDF8,DIAMOND PRINCESS,16,KETCHIKAN
2008-06-23T13:20:34,310404000,55.31525167,-131.6011567,0,316.2,6.6,318,9228198,ZCDF8,DIAMOND PRINCESS,16,KETCHIKAN
2008-06-23T13:20:25,310404000,55.31505,-131.6008267,0,317.1,6.7,318,9228198,ZCDF8,DIAMOND PRINCESS,16,KETCHIKAN
2008-06-23T13:20:14,310404000,55.31482167,-131.600455,0,317.1,6.7,318,9228198,ZCDF8,DIAMOND PRINCESS,16,KETCHIKAN
2008-06-23T13:20:04,310404000,55.314595,-131.6000917,0,316.2,6.7,318,9228198,ZCDF8,DIAMOND PRINCESS,16,KETCHIKAN
2008-06-23T13:19:57,310404000,55.31434333,-131.5996833,0,0.0,0.0,0,9228198,ZCDF8,DIAMOND PRINCESS,16,KETCHIKAN
2008-06-23T13:19:54,310404000,55.31434333,-131.5996833,0,317.1,6.8,318,9228198,ZCDF8,DIAMOND PRINCESS,16,KETCHIKAN
2008-06-23T13:19:44,310404000,55.31413667,-131.5993483,0,317.1,6.8,318,9228198,ZCDF8,DIAMOND PRINCESS,16,KETCHIKAN
2008-06-23T13:19:34,310404000,55.3139,-131.59897,0,317.1,6.9,318,9228198,ZCDF8,DIAMOND PRINCESS,16,KETCHIKAN
2008-06-23T13:19:25,310404000,55.31368833,-131.5986317,0,317.1,6.9,318,9228198,ZCDF8,DIAMOND PRINCESS,16,KETCHIKAN
2008-06-23T13:19:15,310404000,55.31345333,-131.59826,0,317.1,7.0,318,9228198,ZCDF8,DIAMOND PRINCESS,16,KETCHIKAN
2008-06-23T13:19:05,310404000,55.31319167,-131.597835,0,318.1,7.1,319,9228198,ZCDF8,DIAMOND PRINCESS,16,KETCHIKAN
2008-06-23T13:18:54,310404000,55.31292167,-131.5974133,0,318.2,7.2,319,9228198,ZCDF8,DIAMOND PRINCESS,16,KETCHIKAN
2008-06-23T13:18:44,310404000,55.31269833,-131.5970633,0,319.0,7.3,319,9228198,ZCDF8,DIAMOND PRINCESS,16,KETCHIKAN
2008-06-23T13:18:34,310404000,55.31244333,-131.5966767,0,318.2,7.4,319,9228198,ZCDF8,DIAMOND PRINCESS,16,KETCHIKAN
2008-06-23T13:18:25,310404000,55.312185,-131.596275,0,318.4,7.5,320,9228198,ZCDF8,DIAMOND PRINCESS,16,KETCHIKAN
2008-06-23T13:18:15,310404000,55.31195667,-131.595915,0,320.2,7.6,321,9228198,ZCDF8,DIAMOND PRINCESS,16,KETCHIKAN
2008-06-23T13:18:05,310404000,55.31169,-131.5955167,0,320.5,7.7,322,9228198,ZCDF8,DIAMOND PRINCESS,16,KETCHIKAN
2008-06-23T13:17:54,310404000,55.31139167,-131.5950717,0,321.2,7.8,322,9228198,ZCDF8,DIAMOND PRINCESS,16,KETCHIKAN
2008-06-23T13:17:44,310404000,55.31111333,-131.5946767,0,321.5,7.9,323,9228198,ZCDF8,DIAMOND PRINCESS,16,KETCHIKAN
2008-06-23T13:17:35,310404000,55.31085833,-131.59432,0,321.5,8.0,323,9228198,ZCDF8,DIAMOND PRINCESS,16,KETCHIKAN
2008-06-23T13:17:25,310404000,55.31054167,-131.5938767,0,322.2,8.1,323,9228198,ZCDF8,DIAMOND PRINCESS,16,KETCHIKAN
2008-06-23T13:17:15,310404000,55.310275,-131.5935233,0,321.8,8.1,324,9228198,ZCDF8,DIAMOND PRINCESS,16,KETCHIKAN
2008-06-23T13:17:05,310404000,55.30995167,-131.5930767,0,323.3,8.2,324,9228198,ZCDF8,DIAMOND PRINCESS,16,KETCHIKAN
2008-06-23T13:16:54,310404000,55.309645,-131.5926733,0,322.9,8.2,325,9228198,ZCDF8,DIAMOND PRINCESS,16,KETCHIKAN
2008-06-23T13:16:44,310404000,55.30935,-131.5922717,0,322.9,8.2,325,9228198,ZCDF8,DIAMOND PRINCESS,16,KETCHIKAN
2008-06-23T13:16:35,310404000,55.30908,-131.5919083,0,323.9,8.2,326,9228198,ZCDF8,DIAMOND PRINCESS,16,KETCHIKAN
2008-06-23T13:16:25,310404000,55.30877667,-131.5915133,0,324.2,8.2,327,9228198,ZCDF8,DIAMOND PRINCESS,16,KETCHIKAN
2008-06-23T13:16:15,310404000,55.30844167,-131.5910767,0,324.9,8.2,327,9228198,ZCDF8,DIAMOND PRINCESS,16,KETCHIKAN
2008-06-23T13:16:05,310404000,55.30813167,-131.590695,0,325.2,8.2,328,9228198,ZCDF8,DIAMOND PRINCESS,16,KETCHIKAN
2008-06-23T13:15:54,310404000,55.30779333,-131.59027,0,325.9,8.2,328,9228198,ZCDF8,DIAMOND PRINCESS,16,KETCHIKAN
2008-06-23T13:15:44,310404000,55.30751167,-131.5899267,0,324.5,8.2,328,9228198,ZCDF8,DIAMOND PRINCESS,16,KETCHIKAN
2008-06-23T13:15:35,310404000,55.30723,-131.5895817,0,325.5,8.2,329,9228198,ZCDF8,DIAMOND PRINCESS,16,KETCHIKAN
2008-06-23T13:15:25,310404000,55.30689167,-131.5891683,0,326.5,8.2,329,9228198,ZCDF8,DIAMOND PRINCESS,16,KETCHIKAN
2008-06-23T13:15:15,310404000,55.30661,-131.58883,0,326.5,8.2,330,9228198,ZCDF8,DIAMOND PRINCESS,16,KETCHIKAN
2008-06-23T13:15:05,310404000,55.306295,-131.5884583,0,326.5,8.2,330,9228198,ZCDF8,DIAMOND PRINCESS,16,KETCHIKAN
2008-06-23T13:14:54,310404000,55.30594333,-131.58806,0,327.2,8.2,330,9228198,ZCDF8,DIAMOND PRINCESS,16,KETCHIKAN
2008-06-23T13:14:44,310404000,55.30559,-131.58766,0,325.8,8.3,330,9228198,ZCDF8,DIAMOND PRINCESS,16,KETCHIKAN
2008-06-23T13:14:36,310404000,55.30530667,-131.5873317,0,326.5,8.2,330,9228198,ZCDF8,DIAMOND PRINCESS,16,KETCHIKAN
2008-06-23T13:14:24,310404000,55.304955,-131.586925,0,326.5,8.3,330,9228198,ZCDF8,DIAMOND PRINCESS,16,KETCHIKAN
2008-06-23T13:14:15,310404000,55.30467333,-131.5866,0,326.8,8.3,331,9228198,ZCDF8,DIAMOND PRINCESS,16,KETCHIKAN
2008-06-23T13:14:05,310404000,55.30434833,-131.5862267,0,325.8,8.3,330,9228198,ZCDF8,DIAMOND PRINCESS,16,KETCHIKAN
2008-06-23T13:14:03,310404000,55.30403,-131.5858583,0,0.0,0.0,0,9228198,ZCDF8,DIAMOND PRINCESS,16,KETCHIKAN
2008-06-23T13:13:55,310404000,55.30403,-131.5858583,0,325.1,8.3,330,9228198,ZCDF8,DIAMOND PRINCESS,16,KETCHIKAN
2008-06-23T13:13:44,310404000,55.30368333,-131.585445,0,325.8,8.3,330,9228198,ZCDF8,DIAMOND PRINCESS,16,KETCHIKAN
2008-06-23T13:13:35,310404000,55.30342167,-131.58514,0,324.5,8.4,330,9228198,ZCDF8,DIAMOND PRINCESS,16,KETCHIKAN
2008-06-23T13:13:24,310404000,55.303075,-131.5847167,0,325.5,8.4,331,9228198,ZCDF8,DIAMOND PRINCESS,16,KETCHIKAN
2008-06-23T13:13:15,310404000,55.302755,-131.5843283,0,325.6,8.5,331,9228198,ZCDF8,DIAMOND PRINCESS,16,KETCHIKAN
2008-06-23T13:13:05,310404000,55.30243,-131.5839383,0,325.0,8.6,331,9228198,ZCDF8,DIAMOND PRINCESS,16,KETCHIKAN
2008-06-23T13:12:55,310404000,55.30210333,-131.5835367,0,324.7,8.7,330,9228198,ZCDF8,DIAMOND PRINCESS,16,KETCHIKAN
2008-06-23T13:12:44,310404000,55.30174,-131.5830967,0,323.1,8.8,329,9228198,ZCDF8,DIAMOND PRINCESS,16,KETCHIKAN
2008-06-23T13:12:35,310404000,55.301415,-131.582675,0,322.8,8.9,328,9228198,ZCDF8,DIAMOND PRINCESS,16,KETCHIKAN
2008-06-23T13:12:24,310404000,55.30112167,-131.5823,0,321.2,8.9,327,9228198,ZCDF8,DIAMOND PRINCESS,16,KETCHIKAN
2008-06-23T13:12:15,310404000,55.30082833,-131.581895,0,320.9,9.0,326,9228198,ZCDF8,DIAMOND PRINCESS,16,KETCHIKAN
2008-06-23T13:12:05,310404000,55.30047167,-131.5813883,0,319.0,9.2,324,9228198,ZCDF8,DIAMOND PRINCESS,16,KETCHIKAN
2008-06-23T13:11:55,310404000,55.30015,-131.5809117,0,317.0,9.3,322,9228198,ZCDF8,DIAMOND PRINCESS,16,KETCHIKAN
2008-06-23T13:11:44,310404000,55.29977167,-131.5803117,0,315.7,9.4,321,9228198,ZCDF8,DIAMOND PRINCESS,16,KETCHIKAN
2008-06-23T13:11:35,310404000,55.29948167,-131.579835,0,314.2,9.6,319,9228198,ZCDF8,DIAMOND PRINCESS,16,KETCHIKAN
2008-06-23T13:11:24,310404000,55.29916667,-131.579285,0,313.4,9.7,318,9228198,ZCDF8,DIAMOND PRINCESS,16,KETCHIKAN
2008-06-23T13:11:15,310404000,55.29888833,-131.5787867,0,312.4,9.8,316,9228198,ZCDF8,DIAMOND PRINCESS,16,KETCHIKAN
2008-06-23T13:11:05,310404000,55.29858167,-131.5782033,0,310.5,10.0,314,9228198,ZCDF8,DIAMOND PRINCESS,16,KETCHIKAN
2008-06-23T13:10:55,310404000,55.29827833,-131.5775883,0,310.1,10.1,313,9228198,ZCDF8,DIAMOND PRINCESS,16,KETCHIKAN
2008-06-23T13:10:44,310404000,55.29794667,-131.5769033,0,307.6,10.2,311,9228198,ZCDF8,DIAMOND PRINCESS,16,KETCHIKAN
2008-06-23T13:10:34,310404000,55.29768833,-131.5763217,0,306.7,10.4,309,9228198,ZCDF8,DIAMOND PRINCESS,16,KETCHIKAN
2008-06-23T13:10:25,310404000,55.297395,-131.5756483,0,305.2,10.5,308,9228198,ZCDF8,DIAMOND PRINCESS,16,KETCHIKAN
2008-06-23T13:10:15,310404000,55.29714,-131.575025,0,304.3,10.7,307,9228198,ZCDF8,DIAMOND PRINCESS,16,KETCHIKAN
2008-06-23T13:10:05,310404000,55.296835,-131.5742467,0,303.8,10.8,306,9228198,ZCDF8,DIAMOND PRINCESS,16,KETCHIKAN
2008-06-23T13:09:54,310404000,55.29653167,-131.5734517,0,302.9,11.0,305,9228198,ZCDF8,DIAMOND PRINCESS,16,KETCHIKAN
2008-06-23T13:09:44,310404000,55.29622667,-131.5726317,0,302.4,11.1,304,9228198,ZCDF8,DIAMOND PRINCESS,16,KETCHIKAN
2008-06-23T13:09:35,310404000,55.29597833,-131.5719517,0,301.4,11.2,303,9228198,ZCDF8,DIAMOND PRINCESS,16,KETCHIKAN
2008-06-23T13:09:25,310404000,55.29573333,-131.5712567,0,300.4,11.4,302,9228198,ZCDF8,DIAMOND PRINCESS,16,KETCHIKAN
2008-06-23T13:09:15,310404000,55.29546333,-131.57047,0,299.5,11.6,301,9228198,ZCDF8,DIAMOND PRINCESS,16,KETCHIKAN
2008-06-23T13:09:05,310404000,55.29519667,-131.56966,0,299.0,11.6,301,9228198,ZCDF8,DIAMOND PRINCESS,16,KETCHIKAN
2008-06-23T13:08:54,310404000,55.29490833,-131.56876,0,301.4,11.8,301,9228198,ZCDF8,DIAMOND PRINCESS,16,KETCHIKAN
2008-06-23T13:08:44,310404000,55.29460833,-131.5678617,0,299.5,11.9,301,9228198,ZCDF8,DIAMOND PRINCESS,16,KETCHIKAN
2008-06-23T13:08:35,310404000,55.29436833,-131.5671083,0,299.5,12.0,300,9228198,ZCDF8,DIAMOND PRINCESS,16,KETCHIKAN
2008-06-23T13:08:25,310404000,55.29409833,-131.56627,0,297.5,12.0,299,9228198,ZCDF8,DIAMOND PRINCESS,16,KETCHIKAN
2008-06-23T13:08:15,310404000,55.29386333,-131.5654983,0,298.0,12.1,299,9228198,ZCDF8,DIAMOND PRINCESS,16,KETCHIKAN
2008-06-23T13:08:05,310404000,55.29359833,-131.5646333,0,298.0,12.2,299,9228198,ZCDF8,DIAMOND PRINCESS,16,KETCHIKAN
2008-06-23T13:07:57,310404000,55.29330667,-131.5636817,0,0.0,0.0,0,9228198,ZCDF8,DIAMOND PRINCESS,16,KETCHIKAN
2008-06-23T13:07:54,310404000,55.29330667,-131.5636817,0,297.6,12.3,299,9228198,ZCDF8,DIAMOND PRINCESS,16,KETCHIKAN
2008-06-23T13:07:44,310404000,55.29304167,-131.5628067,0,298.0,12.2,299,9228198,ZCDF8,DIAMOND PRINCESS,16,KETCHIKAN
2008-06-23T13:07:34,310404000,55.29277333,-131.5619383,0,297.6,12.3,299,9228198,ZCDF8,DIAMOND PRINCESS,16,KETCHIKAN
2008-06-23T13:07:25,310404000,55.29251,-131.561065,0,297.6,12.3,299,9228198,ZCDF8,DIAMOND PRINCESS,16,KETCHIKAN
2008-06-23T13:07:15,310404000,55.29226667,-131.5602717,0,297.6,12.3,299,9228198,ZCDF8,DIAMOND PRINCESS,16,KETCHIKAN
2008-06-23T13:07:05,310404000,55.29197333,-131.5593067,0,297.6,12.3,299,9228198,ZCDF8,DIAMOND PRINCESS,16,KETCHIKAN
2008-06-23T13:06:54,310404000,55.29168167,-131.55834,0,298.6,12.4,300,9228198,ZCDF8,DIAMOND PRINCESS,16,KETCHIKAN
2008-06-23T13:06:44,310404000,55.291415,-131.5574617,0,297.1,12.3,299,9228198,ZCDF8,DIAMOND PRINCESS,16,KETCHIKAN
2008-06-23T13:06:35,310404000,55.29117833,-131.5566667,0,297.6,12.3,299,9228198,ZCDF8,DIAMOND PRINCESS,16,KETCHIKAN
2008-06-23T13:06:25,310404000,55.290915,-131.5557933,0,297.1,12.3,299,9228198,ZCDF8,DIAMOND PRINCESS,16,KETCHIKAN
2008-06-23T13:06:18,310404000,55.29073,-131.5551717,0,296.6,12.3,299,9228198,ZCDF8,DIAMOND PRINCESS,16,KETCHIKAN
2008-06-23T13:06:15,310404000,55.29067833,-131.5549933,0,296.6,12.3,299,9228198,ZCDF8,DIAMOND PRINCESS,16,KETCHIKAN
2008-06-23T13:06:13,310404000,55.29062667,-131.554815,0,296.6,12.3,299,9228198,ZCDF8,DIAMOND PRINCESS,16,KETCHIKAN
2008-06-23T13:06:07,310404000,55.29047333,-131.5542883,0,297.6,12.5,299,9228198,ZCDF8,DIAMOND PRINCESS,16,KETCHIKAN
2008-06-23T13:06:05,310404000,55.29042,-131.5541117,0,298.1,13.1,299,9228198,ZCDF8,DIAMOND PRINCESS,16,KETCHIKAN
2008-06-23T13:06:01,310404000,55.290315,-131.55376,0,297.6,12.7,299,9228198,ZCDF8,DIAMOND PRINCESS,16,KETCHIKAN
2008-06-23T13:05:54,310404000,55.29012833,-131.5531417,0,296.6,12.3,299,9228198,ZCDF8,DIAMOND PRINCESS,16,KETCHIKAN
2008-06-23T13:05:48,310404000,55.28997167,-131.5526083,0,297.1,12.4,299,9228198,ZCDF8,DIAMOND PRINCESS,16,KETCHIKAN
2008-06-23T13:05:44,310404000,55.28984167,-131.5521633,0,297.1,12.3,299,9228198,ZCDF8,DIAMOND PRINCESS,16,KETCHIKAN
2008-06-23T13:05:42,310404000,55.28981667,-131.552075,0,297.6,12.3,299,9228198,ZCDF8,DIAMOND PRINCESS,16,KETCHIKAN
2008-06-23T13:05:36,310404000,55.28963833,-131.5514583,0,296.1,12.3,298,9228198,ZCDF8,DIAMOND PRINCESS,16,KETCHIKAN
2008-06-23T13:05:34,310404000,55.28961,-131.55137,0,296.1,12.3,298,9228198,ZCDF8,DIAMOND PRINCESS,16,KETCHIKAN
2008-06-23T13:05:31,310404000,55.28950833,-131.551015,0,296.6,12.3,298,9228198,ZCDF8,DIAMOND PRINCESS,16,KETCHIKAN
2008-06-23T13:05:25,310404000,55.28935667,-131.5504783,0,295.6,12.3,297,9228198,ZCDF8,DIAMOND PRINCESS,16,KETCHIKAN
2008-06-23T13:05:18,310404000,55.28918333,-131.5498483,0,295.0,12.3,297,9228198,ZCDF8,DIAMOND PRINCESS,16,KETCHIKAN
2008-06-23T13:05:13,310404000,55.28905833,-131.5494,0,295.0,12.3,296,9228198,ZCDF8,DIAMOND PRINCESS,16,KETCHIKAN
2008-06-23T13:05:06,310404000,55.28891167,-131.54886,0,294.6,12.3,296,9228198,ZCDF8,DIAMOND PRINCESS,16,KETCHIKAN
2008-06-23T13:05:00,310404000,55.28874833,-131.548225,0,294.0,12.4,295,9228198,ZCDF8,DIAMOND PRINCESS,16,KETCHIKAN
2008-06-23T13:04:54,310404000,55.28863167,-131.5477683,0,294.0,12.4,295,9228198,ZCDF8,DIAMOND PRINCESS,16,KETCHIKAN
2008-06-23T13:04:48,310404000,55.28846667,-131.547135,0,294.0,12.4,295,9228198,ZCDF8,DIAMOND PRINCESS,16,KETCHIKAN
2008-06-23T13:04:42,310404000,55.28834833,-131.5466783,0,293.6,12.4,295,9228198,ZCDF8,DIAMOND PRINCESS,16,KETCHIKAN
2008-06-23T13:04:36,310404000,55.28821,-131.54613,0,293.6,12.4,295,9228198,ZCDF8,DIAMOND PRINCESS,16,KETCHIKAN
2008-06-23T13:04:31,310404000,55.288095,-131.5456717,0,293.6,12.5,295,9228198,ZCDF8,DIAMOND PRINCESS,16,KETCHIKAN
2008-06-23T13:04:25,310404000,55.28793,-131.545025,0,293.6,12.6,295,9228198,ZCDF8,DIAMOND PRINCESS,16,KETCHIKAN
2008-06-23T13:04:18,310404000,55.28778667,-131.544465,0,293.6,12.6,295,9228198,ZCDF8,DIAMOND PRINCESS,16,KETCHIKAN
2008-06-23T13:04:13,310404000,55.28767,-131.544,0,293.6,12.7,295,9228198,ZCDF8,DIAMOND PRINCESS,16,KETCHIKAN
2008-06-23T13:04:06,310404000,55.28747833,-131.5432583,0,293.6,12.8,295,9228198,ZCDF8,DIAMOND PRINCESS,16,KETCHIKAN
2008-06-23T13:04:00,310404000,55.287335,-131.5426917,0,294.1,12.8,295,9228198,ZCDF8,DIAMOND PRINCESS,16,KETCHIKAN
2008-06-23T13:03:54,310404000,55.28718833,-131.542125,0,293.1,12.9,294,9228198,ZCDF8,DIAMOND PRINCESS,16,KETCHIKAN
2008-06-23T13:03:48,310404000,55.287045,-131.541555,0,293.1,13.0,294,9228198,ZCDF8,DIAMOND PRINCESS,16,KETCHIKAN
2008-06-23T13:03:42,310404000,55.28692833,-131.5410833,0,293.5,13.0,294,9228198,ZCDF8,DIAMOND PRINCESS,16,KETCHIKAN
2008-06-23T13:03:36,310404000,55.28676333,-131.5404,0,292.5,13.1,293,9228198,ZCDF8,DIAMOND PRINCESS,16,KETCHIKAN
2008-06-23T13:03:31,310404000,55.286645,-131.5399133,0,292.5,13.2,293,9228198,ZCDF8,DIAMOND PRINCESS,16,KETCHIKAN
2008-06-23T13:03:25,310404000,55.28650333,-131.539325,0,292.5,13.3,293,9228198,ZCDF8,DIAMOND PRINCESS,16,KETCHIKAN
2008-06-23T13:03:18,310404000,55.28634,-131.5386317,0,292.1,13.2,293,9228198,ZCDF8,DIAMOND PRINCESS,16,KETCHIKAN
2008-06-23T13:03:13,310404000,55.28624667,-131.5382317,0,292.1,13.3,293,9228198,ZCDF8,DIAMOND PRINCESS,16,KETCHIKAN
2008-06-23T13:03:06,310404000,55.28608167,-131.5375333,0,292.1,13.5,293,9228198,ZCDF8,DIAMOND PRINCESS,16,KETCHIKAN
2008-06-23T13:03:00,310404000,55.28594,-131.53693,0,292.5,13.6,293,9228198,ZCDF8,DIAMOND PRINCESS,16,KETCHIKAN
2008-06-23T13:02:54,310404000,55.28579333,-131.5363283,0,292.1,13.6,293,9228198,ZCDF8,DIAMOND PRINCESS,16,KETCHIKAN
2008-06-23T13:02:48,310404000,55.28565167,-131.5357217,0,292.1,13.7,293,9228198,ZCDF8,DIAMOND PRINCESS,16,KETCHIKAN
2008-06-23T13:02:42,310404000,55.28548667,-131.5350183,0,292.5,13.8,293,9228198,ZCDF8,DIAMOND PRINCESS,16,KETCHIKAN
2008-06-23T13:02:37,310404000,55.28536167,-131.534495,0,292.5,13.8,293,9228198,ZCDF8,DIAMOND PRINCESS,16,KETCHIKAN
2008-06-23T13:02:31,310404000,55.28521167,-131.5338783,0,292.1,13.9,293,9228198,ZCDF8,DIAMOND PRINCESS,16,KETCHIKAN
2008-06-23T13:02:25,310404000,55.28506333,-131.5332583,0,292.1,14.0,293,9228198,ZCDF8,DIAMOND PRINCESS,16,KETCHIKAN
2008-06-23T13:02:18,310404000,55.28489167,-131.5325283,0,292.1,14.1,293,9228198,ZCDF8,DIAMOND PRINCESS,16,KETCHIKAN
2008-06-23T13:02:13,310404000,55.284765,-131.532005,0,292.5,14.2,293,9228198,ZCDF8,DIAMOND PRINCESS,16,KETCHIKAN
2008-06-23T13:02:06,310404000,55.28459333,-131.5312817,0,292.5,14.3,293,9228198,ZCDF8,DIAMOND PRINCESS,16,KETCHIKAN
2008-06-23T13:02:00,310404000,55.28443833,-131.5306333,0,293.0,14.4,293,9228198,ZCDF8,DIAMOND PRINCESS,16,KETCHIKAN
2008-06-23T13:01:58,310404000,55.28428667,-131.5300017,0,0.0,0.0,0,9228198,ZCDF8,DIAMOND PRINCESS,16,KETCHIKAN
2008-06-23T13:01:54,310404000,55.28428667,-131.5300017,0,293.0,14.4,293,9228198,ZCDF8,DIAMOND PRINCESS,16,KETCHIKAN
2008-06-23T13:01:48,310404000,55.28413167,-131.5293467,0,292.6,14.5,293,9228198,ZCDF8,DIAMOND PRINCESS,16,KETCHIKAN
2008-06-23T13:01:42,310404000,55.28400167,-131.5288117,0,292.6,14.6,293,9228198,ZCDF8,DIAMOND PRINCESS,16,KETCHIKAN
2008-06-23T13:01:37,310404000,55.283875,-131.52828,0,292.6,14.7,293,9228198,ZCDF8,DIAMOND PRINCESS,16,KETCHIKAN
2008-06-23T13:01:31,310404000,55.28369,-131.5275067,0,292.6,14.8,293,9228198,ZCDF8,DIAMOND PRINCESS,16,KETCHIKAN
2008-06-23T13:01:25,310404000,55.28350667,-131.5267383,0,292.6,14.9,293,9228198,ZCDF8,DIAMOND PRINCESS,16,KETCHIKAN
2008-06-23T13:01:18,310404000,55.28331833,-131.5259617,0,292.6,15.0,293,9228198,ZCDF8,DIAMOND PRINCESS,16,KETCHIKAN
2008-06-23T13:01:13,310404000,55.28321167,-131.525515,0,292.6,15.1,293,9228198,ZCDF8,DIAMOND PRINCESS,16,KETCHIKAN
2008-06-23T13:01:06,310404000,55.28302833,-131.5247383,0,292.6,15.2,293,9228198,ZCDF8,DIAMOND PRINCESS,16,KETCHIKAN
2008-06-23T13:01:00,310404000,55.282865,-131.5240583,0,292.6,15.3,293,9228198,ZCDF8,DIAMOND PRINCESS,16,KETCHIKAN
2008-06-23T13:00:54,310404000,55.28269833,-131.5233633,0,292.6,15.4,293,9228198,ZCDF8,DIAMOND PRINCESS,16,KETCHIKAN
2008-06-23T13:00:48,310404000,55.28253167,-131.5226733,0,292.2,15.6,293,9228198,ZCDF8,DIAMOND PRINCESS,16,KETCHIKAN
2008-06-23T13:00:42,310404000,55.28236667,-131.52198,0,292.6,15.7,293,9228198,ZCDF8,DIAMOND PRINCESS,16,KETCHIKAN
2008-06-23T13:00:37,310404000,55.282225,-131.521395,0,292.6,15.8,293,9228198,ZCDF8,DIAMOND PRINCESS,16,KETCHIKAN
2008-06-23T13:00:31,310404000,55.28205667,-131.5206917,0,292.6,15.9,293,9228198,ZCDF8,DIAMOND PRINCESS,16,KETCHIKAN
2008-06-23T13:00:25,310404000,55.281885,-131.5199833,0,292.6,16.0,293,9228198,ZCDF8,DIAMOND PRINCESS,16,KETCHIKAN
2008-06-23T13:00:18,310404000,55.281685,-131.519165,0,292.6,16.1,293,9228198,ZCDF8,DIAMOND PRINCESS,16,KETCHIKAN
2008-06-23T13:00:13,310404000,55.28154,-131.518555,0,292.6,16.2,293,9228198,ZCDF8,DIAMOND PRINCESS,16,KETCHIKAN
2008-06-23T13:00:06,310404000,55.28136667,-131.5178367,0,293.0,16.3,293,9228198,ZCDF8,DIAMOND PRINCESS,16,KETCHIKAN
2008-06-23T13:00:00,310404000,55.28116,-131.516995,0,294.0,16.4,293,9228198,ZCDF8,DIAMOND PRINCESS,16,KETCHIKAN
2008-06-23T12:59:54,310404000,55.28095,-131.5161483,0,292.6,16.4,293,9228198,ZCDF8,DIAMOND PRINCESS,16,KETCHIKAN
2008-06-23T12:59:48,310404000,55.28080167,-131.5155433,0,293.0,16.4,293,9228198,ZCDF8,DIAMOND PRINCESS,16,KETCHIKAN
2008-06-23T12:59:43,310404000,55.28062667,-131.51482,0,293.3,16.5,293,9228198,ZCDF8,DIAMOND PRINCESS,16,KETCHIKAN
2008-06-23T12:59:37,310404000,55.28047167,-131.5141983,0,293.0,16.6,293,9228198,ZCDF8,DIAMOND PRINCESS,16,KETCHIKAN
2008-06-23T12:59:31,310404000,55.28029,-131.5134617,0,293.0,16.7,293,9228198,ZCDF8,DIAMOND PRINCESS,16,KETCHIKAN
2008-06-23T12:59:24,310404000,55.28008,-131.512595,0,294.3,16.7,294,9228198,ZCDF8,DIAMOND PRINCESS,16,KETCHIKAN
2008-06-23T12:59:18,310404000,55.2799,-131.5118633,0,294.3,16.8,294,9228198,ZCDF8,DIAMOND PRINCESS,16,KETCHIKAN
2008-06-23T12:59:13,310404000,55.27973833,-131.5112333,0,294.0,16.9,294,9228198,ZCDF8,DIAMOND PRINCESS,16,KETCHIKAN
2008-06-23T12:59:06,310404000,55.27952,-131.5103733,0,294.6,17.0,295,9228198,ZCDF8,DIAMOND PRINCESS,16,KETCHIKAN
2008-06-23T12:59:00,310404000,55.27932667,-131.5096083,0,295.3,17.1,295,9228198,ZCDF8,DIAMOND PRINCESS,16,KETCHIKAN
2008-06-23T12:58:54,310404000,55.27913333,-131.5088667,0,295.3,17.2,295,9228198,ZCDF8,DIAMOND PRINCESS,16,KETCHIKAN
2008-06-23T12:58:48,310404000,55.27892667,-131.50811,0,295.0,17.3,295,9228198,ZCDF8,DIAMOND PRINCESS,16,KETCHIKAN
2008-06-23T12:58:43,310404000,55.27872667,-131.50737,0,295.0,17.3,295,9228198,ZCDF8,DIAMOND PRINCESS,16,KETCHIKAN
2008-06-23T12:58:37,310404000,55.27852,-131.5066033,0,295.3,17.4,295,9228198,ZCDF8,DIAMOND PRINCESS,16,KETCHIKAN
2008-06-23T12:58:31,310404000,55.278315,-131.5058417,0,295.9,17.4,295,9228198,ZCDF8,DIAMOND PRINCESS,16,KETCHIKAN
2008-06-23T12:58:24,310404000,55.27811,-131.505085,0,295.9,17.5,295,9228198,ZCDF8,DIAMOND PRINCESS,16,KETCHIKAN
2008-06-23T12:58:17,310404000,55.27786167,-131.5041967,0,296.6,17.6,296,9228198,ZCDF8,DIAMOND PRINCESS,16,KETCHIKAN
2008-06-23T12:58:13,310404000,55.27771833,-131.5036867,0,296.6,17.6,296,9228198,ZCDF8,DIAMOND PRINCESS,16,KETCHIKAN
2008-06-23T12:58:06,310404000,55.27747,-131.5028117,0,297.9,17.7,297,9228198,ZCDF8,DIAMOND PRINCESS,16,KETCHIKAN
2008-06-23T12:58:00,310404000,55.277245,-131.5020467,0,298.2,17.8,297,9228198,ZCDF8,DIAMOND PRINCESS,16,KETCHIKAN
2008-06-23T12:57:54,310404000,55.27701333,-131.5012717,0,298.9,17.9,298,9228198,ZCDF8,DIAMOND PRINCESS,16,KETCHIKAN
2008-06-23T12:57:48,310404000,55.27678167,-131.5005117,0,298.9,18.1,298,9228198,ZCDF8,DIAMOND PRINCESS,16,KETCHIKAN
2008-06-23T12:57:43,310404000,55.27658333,-131.4998733,0,300.2,18.1,299,9228198,ZCDF8,DIAMOND PRINCESS,16,KETCHIKAN
2008-06-23T12:57:37,310404000,55.27633667,-131.4991083,0,301.2,18.1,300,9228198,ZCDF8,DIAMOND PRINCESS,16,KETCHIKAN
2008-06-23T12:57:31,310404000,55.27608167,-131.49835,0,301.9,18.3,300,9228198,ZCDF8,DIAMOND PRINCESS,16,KETCHIKAN
2008-06-23T12:57:24,310404000,55.27578,-131.497465,0,302.2,18.3,301,9228198,ZCDF8,DIAMOND PRINCESS,16,KETCHIKAN
2008-06-23T12:57:18,310404000,55.27547333,-131.4965917,0,303.2,18.4,302,9228198,ZCDF8,DIAMOND PRINCESS,16,KETCHIKAN
2008-06-23T12:57:13,310404000,55.27525167,-131.495965,0,303.2,18.4,302,9228198,ZCDF8,DIAMOND PRINCESS,16,KETCHIKAN
2008-06-23T12:57:06,310404000,55.27497833,-131.4952233,0,304.2,18.5,303,9228198,ZCDF8,DIAMOND PRINCESS,16,KETCHIKAN
2008-06-23T12:57:00,310404000,55.274695,-131.4944783,0,305.5,18.6,304,9228198,ZCDF8,DIAMOND PRINCESS,16,KETCHIKAN
2008-06-23T12:56:54,310404000,55.27435,-131.4936017,0,306.2,18.7,305,9228198,ZCDF8,DIAMOND PRINCESS,16,KETCHIKAN
2008-06-23T12:56:48,310404000,55.27405167,-131.492865,0,307.2,18.7,306,9228198,ZCDF8,DIAMOND PRINCESS,16,KETCHIKAN
2008-06-23T12:56:43,310404000,55.27380167,-131.4922667,0,308.5,18.8,307,9228198,ZCDF8,DIAMOND PRINCESS,16,KETCHIKAN
2008-06-23T12:56:37,310404000,55.273535,-131.49165,0,309.2,18.8,308,9228198,ZCDF8,DIAMOND PRINCESS,16,KETCHIKAN
2008-06-23T12:56:31,310404000,55.27316,-131.4908133,0,309.9,18.9,309,9228198,ZCDF8,DIAMOND PRINCESS,16,KETCHIKAN
2008-06-23T12:56:24,310404000,55.27283167,-131.4901067,0,310.9,19.0,310,9228198,ZCDF8,DIAMOND PRINCESS,16,KETCHIKAN
2008-06-23T12:56:18,310404000,55.27243833,-131.4892833,0,311.8,19.1,311,9228198,ZCDF8,DIAMOND PRINCESS,16,KETCHIKAN
2008-06-23T12:56:13,310404000,55.27221333,-131.4888333,0,312.8,19.1,312,9228198,ZCDF8,DIAMOND PRINCESS,16,KETCHIKAN
2008-06-23T12:56:06,310404000,55.27180167,-131.48803,0,313.5,19.2,313,9228198,ZCDF8,DIAMOND PRINCESS,16,KETCHIKAN
2008-06-23T12:56:01,310404000,55.27143667,-131.4873417,0,314.5,19.2,314,9228198,ZCDF8,DIAMOND PRINCESS,16,KETCHIKAN
2008-06-23T12:55:59,310404000,55.271005,-131.4865583,0,0.0,0.0,0,9228198,ZCDF8,DIAMOND PRINCESS,16,KETCHIKAN
2008-06-23T12:55:54,310404000,55.271005,-131.4865583,0,315.5,19.2,314,9228198,ZCDF8,DIAMOND PRINCESS,16,KETCHIKAN
2008-06-23T12:55:48,310404000,55.27063167,-131.4858967,0,315.5,19.3,315,9228198,ZCDF8,DIAMOND PRINCESS,16,KETCHIKAN
2008-06-23T12:55:43,310404000,55.27031167,-131.4853433,0,316.2,19.3,316,9228198,ZCDF8,DIAMOND PRINCESS,16,KETCHIKAN
2008-06-23T12:55:37,310404000,55.26993,-131.48469,0,316.2,19.3,316,9228198,ZCDF8,DIAMOND PRINCESS,16,KETCHIKAN
2008-06-23T12:55:31,310404000,55.26954333,-131.48404,0,317.2,19.4,317,9228198,ZCDF8,DIAMOND PRINCESS,16,KETCHIKAN
2008-06-23T12:55:25,310404000,55.26915833,-131.4833967,0,317.2,19.5,317,9228198,ZCDF8,DIAMOND PRINCESS,16,KETCHIKAN
2008-06-23T12:55:18,310404000,55.2687,-131.48265,0,318.2,19.5,318,9228198,ZCDF8,DIAMOND PRINCESS,16,KETCHIKAN
2008-06-23T12:55:13,310404000,55.26836833,-131.4821183,0,318.0,19.5,318,9228198,ZCDF8,DIAMOND PRINCESS,16,KETCHIKAN
2008-06-23T12:55:06,310404000,55.26796667,-131.4814883,0,319.0,19.5,319,9228198,ZCDF8,DIAMOND PRINCESS,16,KETCHIKAN
2008-06-23T12:55:01,310404000,55.26763667,-131.480975,0,320.0,19.6,319,9228198,ZCDF8,DIAMOND PRINCESS,16,KETCHIKAN
2008-06-23T12:54:54,310404000,55.26709,-131.4801467,0,320.0,19.6,320,9228198,ZCDF8,DIAMOND PRINCESS,16,KETCHIKAN
2008-06-23T12:54:48,310404000,55.26666167,-131.4795233,0,320.7,19.6,321,9228198,ZCDF8,DIAMOND PRINCESS,16,KETCHIKAN
2008-06-23T12:54:43,310404000,55.26624,-131.4789117,0,320.7,19.7,321,9228198,ZCDF8,DIAMOND PRINCESS,16,KETCHIKAN
2008-06-23T12:54:36,310404000,55.26582833,-131.4783083,0,321.7,19.7,322,9228198,ZCDF8,DIAMOND PRINCESS,16,KETCHIKAN
2008-06-23T12:54:31,310404000,55.26548833,-131.477805,0,321.7,19.7,322,9228198,ZCDF8,DIAMOND PRINCESS,16,KETCHIKAN
2008-06-23T12:54:24,310404000,55.26499,-131.4771133,0,322.4,19.7,323,9228198,ZCDF8,DIAMOND PRINCESS,16,KETCHIKAN
2008-06-23T12:54:18,310404000,55.26456667,-131.47653,0,322.1,19.8,323,9228198,ZCDF8,DIAMOND PRINCESS,16,KETCHIKAN
2008-06-23T12:54:13,310404000,55.2642,-131.47603,0,322.1,19.8,323,9228198,ZCDF8,DIAMOND PRINCESS,16,KETCHIKAN
2008-06-23T12:54:06,310404000,55.263695,-131.47535,0,322.1,19.8,323,9228198,ZCDF8,DIAMOND PRINCESS,16,KETCHIKAN
2008-06-23T12:54:01,310404000,55.26333,-131.474865,0,322.1,19.8,323,9228198,ZCDF8,DIAMOND PRINCESS,16,KETCHIKAN
2008-06-23T12:53:55,310404000,55.26289667,-131.474285,0,322.1,19.7,323,9228198,ZCDF8,DIAMOND PRINCESS,16,KETCHIKAN
2008-06-23T12:53:48,310404000,55.26238833,-131.4736083,0,322.1,19.7,323,9228198,ZCDF8,DIAMOND PRINCESS,16,KETCHIKAN
2008-06-23T12:53:43,310404000,55.26202667,-131.4731267,0,322.1,19.7,323,9228198,ZCDF8,DIAMOND PRINCESS,16,KETCHIKAN
2008-06-23T12:53:36,310404000,55.26151667,-131.4724483,0,322.1,19.7,323,9228198,ZCDF8,DIAMOND PRINCESS,16,KETCHIKAN
2008-06-23T12:53:31,310404000,55.26115333,-131.4719667,0,322.1,19.7,323,9228198,ZCDF8,DIAMOND PRINCESS,16,KETCHIKAN
2008-06-23T12:53:24,310404000,55.26064833,-131.4712917,0,322.1,19.7,323,9228198,ZCDF8,DIAMOND PRINCESS,16,KETCHIKAN
2008-06-23T12:53:17,310404000,55.26015167,-131.4706133,0,322.4,19.7,323,9228198,ZCDF8,DIAMOND PRINCESS,16,KETCHIKAN
2008-06-23T12:53:13,310404000,55.259795,-131.47013,0,322.1,19.7,323,9228198,ZCDF8,DIAMOND PRINCESS,16,KETCHIKAN
2008-06-23T12:53:06,310404000,55.25937167,-131.4695617,0,322.4,19.7,323,9228198,ZCDF8,DIAMOND PRINCESS,16,KETCHIKAN
2008-06-23T12:53:01,310404000,55.25901333,-131.46907,0,322.4,19.6,323,9228198,ZCDF8,DIAMOND PRINCESS,16,KETCHIKAN
2008-06-23T12:52:55,310404000,55.25852,-131.4684083,0,322.4,19.6,323,9228198,ZCDF8,DIAMOND PRINCESS,16,KETCHIKAN
2008-06-23T12:52:48,310404000,55.25808667,-131.46782,0,322.4,19.6,323,9228198,ZCDF8,DIAMOND PRINCESS,16,KETCHIKAN
2008-06-23T12:52:43,310404000,55.25772333,-131.4673367,0,322.4,19.6,323,9228198,ZCDF8,DIAMOND PRINCESS,16,KETCHIKAN
2008-06-23T12:52:36,310404000,55.257225,-131.4666667,0,322.4,19.6,323,9228198,ZCDF8,DIAMOND PRINCESS,16,KETCHIKAN
2008-06-23T12:52:31,310404000,55.25686333,-131.466185,0,322.4,19.6,323,9228198,ZCDF8,DIAMOND PRINCESS,16,KETCHIKAN
2008-06-23T12:52:24,310404000,55.25643,-131.4656083,0,322.4,19.6,323,9228198,ZCDF8,DIAMOND PRINCESS,16,KETCHIKAN
2008-06-23T12:52:17,310404000,55.25585833,-131.4648383,0,322.4,19.6,323,9228198,ZCDF8,DIAMOND PRINCESS,16,KETCHIKAN
2008-06-23T12:52:13,310404000,55.25557167,-131.464455,0,322.4,19.6,323,9228198,ZCDF8,DIAMOND PRINCESS,16,KETCHIKAN
2008-06-23T12:52:06,310404000,55.25499333,-131.4636883,0,322.1,19.6,323,9228198,ZCDF8,DIAMOND PRINCESS,16,KETCHIKAN
2008-06-23T12:52:01,310404000,55.254635,-131.4632067,0,322.4,19.6,323,9228198,ZCDF8,DIAMOND PRINCESS,16,KETCHIKAN
2008-06-23T12:51:55,310404000,55.254205,-131.4626267,0,322.4,19.6,323,9228198,ZCDF8,DIAMOND PRINCESS,16,KETCHIKAN
2008-06-23T12:51:47,310404000,55.253705,-131.4619617,0,322.4,19.6,323,9228198,ZCDF8,DIAMOND PRINCESS,16,KETCHIKAN
2008-06-23T12:51:42,310404000,55.25335167,-131.4614917,0,322.1,19.6,323,9228198,ZCDF8,DIAMOND PRINCESS,16,KETCHIKAN
2008-06-23T12:51:36,310404000,55.25284,-131.4608083,0,322.1,19.6,323,9228198,ZCDF8,DIAMOND PRINCESS,16,KETCHIKAN
2008-06-23T12:51:31,310404000,55.25248833,-131.4603283,0,322.4,19.6,323,9228198,ZCDF8,DIAMOND PRINCESS,16,KETCHIKAN
2008-06-23T12:51:24,310404000,55.25205,-131.4597433,0,322.7,19.6,323,9228198,ZCDF8,DIAMOND PRINCESS,16,KETCHIKAN
2008-06-23T12:51:17,310404000,55.25154167,-131.4590733,0,322.1,19.6,323,9228198,ZCDF8,DIAMOND PRINCESS,16,KETCHIKAN
2008-06-23T12:51:13,310404000,55.251255,-131.45869,0,322.1,19.6,323,9228198,ZCDF8,DIAMOND PRINCESS,16,KETCHIKAN
2008-06-23T12:51:07,310404000,55.250825,-131.4581117,0,322.4,19.6,323,9228198,ZCDF8,DIAMOND PRINCESS,16,KETCHIKAN
2008-06-23T12:51:01,310404000,55.25039833,-131.457535,0,322.4,19.6,323,9228198,ZCDF8,DIAMOND PRINCESS,16,KETCHIKAN
2008-06-23T12:50:55,310404000,55.24989833,-131.4568767,0,322.1,19.6,323,9228198,ZCDF8,DIAMOND PRINCESS,16,KETCHIKAN
2008-06-23T12:50:47,310404000,55.24938667,-131.456195,0,322.1,19.6,323,9228198,ZCDF8,DIAMOND PRINCESS,16,KETCHIKAN
2008-06-23T12:50:43,310404000,55.24902833,-131.455715,0,322.4,19.6,323,9228198,ZCDF8,DIAMOND PRINCESS,16,KETCHIKAN
2008-06-23T12:50:36,310404000,55.24853,-131.4550467,0,322.4,19.6,323,9228198,ZCDF8,DIAMOND PRINCESS,16,KETCHIKAN
2008-06-23T12:50:31,310404000,55.248175,-131.45458,0,322.1,19.6,323,9228198,ZCDF8,DIAMOND PRINCESS,16,KETCHIKAN
2008-06-23T12:50:24,310404000,55.24773667,-131.45399,0,322.1,19.6,323,9228198,ZCDF8,DIAMOND PRINCESS,16,KETCHIKAN
2008-06-23T12:50:17,310404000,55.247165,-131.4532217,0,322.1,19.6,323,9228198,ZCDF8,DIAMOND PRINCESS,16,KETCHIKAN
2008-06-23T12:50:12,310404000,55.24680667,-131.45274,0,322.1,19.6,323,9228198,ZCDF8,DIAMOND PRINCESS,16,KETCHIKAN
2008-06-23T12:50:06,310404000,55.24637333,-131.4521633,0,321.8,19.6,323,9228198,ZCDF8,DIAMOND PRINCESS,16,KETCHIKAN
2008-06-23T12:50:00,310404000,55.246015,-131.4516817,0,321.5,19.6,323,9228198,ZCDF8,DIAMOND PRINCESS,16,KETCHIKAN
2008-06-23T12:49:57,310404000,55.24551833,-131.45099,0,0.0,0.0,0,9228198,ZCDF8,DIAMOND PRINCESS,16,KETCHIKAN
2008-06-23T12:49:54,310404000,55.24551833,-131.45099,0,322.1,19.6,323,9228198,ZCDF8,DIAMOND PRINCESS,16,KETCHIKAN
2008-06-23T12:49:46,310404000,55.24501833,-131.450315,0,321.8,19.6,323,9228198,ZCDF8,DIAMOND PRINCESS,16,KETCHIKAN
2008-06-23T12:49:42,310404000,55.24466167,-131.4498367,0,321.2,19.6,323,9228198,ZCDF8,DIAMOND PRINCESS,16,KETCHIKAN
2008-06-23T12:49:35,310404000,55.24424167,-131.4492417,0,320.2,19.6,322,9228198,ZCDF8,DIAMOND PRINCESS,16,KETCHIKAN
2008-06-23T12:49:30,310404000,55.24383,-131.4486483,0,321.4,19.6,322,9228198,ZCDF8,DIAMOND PRINCESS,16,KETCHIKAN
2008-06-23T12:49:24,310404000,55.24340333,-131.4480417,0,321.1,19.6,322,9228198,ZCDF8,DIAMOND PRINCESS,16,KETCHIKAN
2008-06-23T12:49:16,310404000,55.24291167,-131.4473517,0,319.9,19.6,322,9228198,ZCDF8,DIAMOND PRINCESS,16,KETCHIKAN
2008-06-23T12:49:12,310404000,55.24263667,-131.4469383,0,320.2,19.6,322,9228198,ZCDF8,DIAMOND PRINCESS,16,KETCHIKAN
2008-06-23T12:49:06,310404000,55.24222833,-131.44632,0,319.8,19.5,321,9228198,ZCDF8,DIAMOND PRINCESS,16,KETCHIKAN
2008-06-23T12:48:59,310404000,55.241675,-131.445515,0,318.9,19.5,321,9228198,ZCDF8,DIAMOND PRINCESS,16,KETCHIKAN
2008-06-23T12:48:54,310404000,55.24133333,-131.445015,0,318.6,19.5,321,9228198,ZCDF8,DIAMOND PRINCESS,16,KETCHIKAN
2008-06-23T12:48:46,310404000,55.24078833,-131.44419,0,318.9,19.5,321,9228198,ZCDF8,DIAMOND PRINCESS,16,KETCHIKAN
2008-06-23T12:48:42,310404000,55.24051333,-131.4437783,0,318.9,19.5,321,9228198,ZCDF8,DIAMOND PRINCESS,16,KETCHIKAN
2008-06-23T12:48:35,310404000,55.24009667,-131.4431483,0,317.6,19.5,320,9228198,ZCDF8,DIAMOND PRINCESS,16,KETCHIKAN
2008-06-23T12:48:30,310404000,55.23969833,-131.44253,0,317.6,19.5,320,9228198,ZCDF8,DIAMOND PRINCESS,16,KETCHIKAN
2008-06-23T12:48:24,310404000,55.23929333,-131.4418817,0,316.6,19.5,319,9228198,ZCDF8,DIAMOND PRINCESS,16,KETCHIKAN
2008-06-23T12:48:16,310404000,55.23882833,-131.4411283,0,315.9,19.5,318,9228198,ZCDF8,DIAMOND PRINCESS,16,KETCHIKAN
2008-06-23T12:48:12,310404000,55.2385,-131.4405917,0,315.6,19.5,318,9228198,ZCDF8,DIAMOND PRINCESS,16,KETCHIKAN
2008-06-23T12:48:06,310404000,55.23817333,-131.4400417,0,314.3,19.5,317,9228198,ZCDF8,DIAMOND PRINCESS,16,KETCHIKAN
2008-06-23T12:47:59,310404000,55.23772,-131.4392533,0,314.6,19.5,317,9228198,ZCDF8,DIAMOND PRINCESS,16,KETCHIKAN
2008-06-23T12:47:54,310404000,55.237345,-131.4385917,0,313.9,19.5,316,9228198,ZCDF8,DIAMOND PRINCESS,16,KETCHIKAN
2008-06-23T12:47:46,310404000,55.2369,-131.4377933,0,312.3,19.5,316,9228198,ZCDF8,DIAMOND PRINCESS,16,KETCHIKAN
2008-06-23T12:47:42,310404000,55.236595,-131.4372167,0,312.3,19.5,315,9228198,ZCDF8,DIAMOND PRINCESS,16,KETCHIKAN
2008-06-23T12:47:35,310404000,55.23622833,-131.436525,0,312.6,19.5,315,9228198,ZCDF8,DIAMOND PRINCESS,16,KETCHIKAN
2008-06-23T12:47:30,310404000,55.2358,-131.4357133,0,311.3,19.6,314,9228198,ZCDF8,DIAMOND PRINCESS,16,KETCHIKAN
2008-06-23T12:47:23,310404000,55.23544,-131.43501,0,310.3,19.5,313,9228198,ZCDF8,DIAMOND PRINCESS,16,KETCHIKAN
2008-06-23T12:47:16,310404000,55.23502667,-131.434175,0,310.3,19.5,313,9228198,ZCDF8,DIAMOND PRINCESS,16,KETCHIKAN
2008-06-23T12:47:12,310404000,55.23479167,-131.4336933,0,309.3,19.5,312,9228198,ZCDF8,DIAMOND PRINCESS,16,KETCHIKAN
2008-06-23T12:47:05,310404000,55.23438667,-131.43285,0,308.3,19.5,312,9228198,ZCDF8,DIAMOND PRINCESS,16,KETCHIKAN
2008-06-23T12:46:59,310404000,55.23404167,-131.4321167,0,308.3,19.5,311,9228198,ZCDF8,DIAMOND PRINCESS,16,KETCHIKAN
2008-06-23T12:46:54,310404000,55.23376667,-131.4315167,0,307.3,19.5,310,9228198,ZCDF8,DIAMOND PRINCESS,16,KETCHIKAN
2008-06-23T12:46:46,310404000,55.23337167,-131.4306383,0,307.6,19.5,310,9228198,ZCDF8,DIAMOND PRINCESS,16,KETCHIKAN
2008-06-23T12:46:42,310404000,55.23310333,-131.4300267,0,306.3,19.5,309,9228198,ZCDF8,DIAMOND PRINCESS,16,KETCHIKAN
2008-06-23T12:46:35,310404000,55.23278,-131.42926,0,306.3,19.5,309,9228198,ZCDF8,DIAMOND PRINCESS,16,KETCHIKAN
2008-06-23T12:46:29,310404000,55.23246333,-131.4285083,0,305.3,19.5,308,9228198,ZCDF8,DIAMOND PRINCESS,16,KETCHIKAN
2008-06-23T12:46:23,310404000,55.23214333,-131.4277317,0,304.6,19.5,307,9228198,ZCDF8,DIAMOND PRINCESS,16,KETCHIKAN
2008-06-23T12:46:16,310404000,55.23177833,-131.4268283,0,304.6,19.5,307,9228198,ZCDF8,DIAMOND PRINCESS,16,KETCHIKAN
2008-06-23T12:46:12,310404000,55.23152167,-131.4261833,0,303.3,19.5,306,9228198,ZCDF8,DIAMOND PRINCESS,16,KETCHIKAN
2008-06-23T12:46:05,310404000,55.23122,-131.4254117,0,303.3,19.5,306,9228198,ZCDF8,DIAMOND PRINCESS,16,KETCHIKAN
2008-06-23T12:45:59,310404000,55.23086333,-131.42448,0,302.6,19.5,305,9228198,ZCDF8,DIAMOND PRINCESS,16,KETCHIKAN
2008-06-23T12:45:54,310404000,55.23062167,-131.4238317,0,302.6,19.5,305,9228198,ZCDF8,DIAMOND PRINCESS,16,KETCHIKAN
2008-06-23T12:45:47,310404000,55.23027833,-131.4228933,0,301.6,19.5,304,9228198,ZCDF8,DIAMOND PRINCESS,16,KETCHIKAN
2008-06-23T12:45:42,310404000,55.23004,-131.4222267,0,301.6,19.5,304,9228198,ZCDF8,DIAMOND PRINCESS,16,KETCHIKAN
2008-06-23T12:45:36,310404000,55.22971333,-131.4212883,0,300.9,19.5,303,9228198,ZCDF8,DIAMOND PRINCESS,16,KETCHIKAN
2008-06-23T12:45:30,310404000,55.22948333,-131.4206283,0,299.9,19.5,302,9228198,ZCDF8,DIAMOND PRINCESS,16,KETCHIKAN
2008-06-23T12:45:23,310404000,55.22915667,-131.41967,0,299.9,19.5,302,9228198,ZCDF8,DIAMOND PRINCESS,16,KETCHIKAN
2008-06-23T12:45:16,310404000,55.228845,-131.4187083,0,299.2,19.5,301,9228198,ZCDF8,DIAMOND PRINCESS,16,KETCHIKAN
2008-06-23T12:45:12,310404000,55.22866833,-131.4181617,0,299.5,19.6,301,9228198,ZCDF8,DIAMOND PRINCESS,16,KETCHIKAN
2008-06-23T12:45:05,310404000,55.22840667,-131.4173517,0,298.2,19.6,300,9228198,ZCDF8,DIAMOND PRINCESS,16,KETCHIKAN
2008-06-23T12:44:59,310404000,55.22814333,-131.4165117,0,298.2,19.5,300,9228198,ZCDF8,DIAMOND PRINCESS,16,KETCHIKAN
2008-06-23T12:44:54,310404000,55.227895,-131.41569,0,297.5,19.5,299,9228198,ZCDF8,DIAMOND PRINCESS,16,KETCHIKAN
2008-06-23T12:44:47,310404000,55.2276,-131.4147033,0,296.5,19.6,299,9228198,ZCDF8,DIAMOND PRINCESS,16,KETCHIKAN
2008-06-23T12:44:42,310404000,55.22735333,-131.4138683,0,296.5,19.5,298,9228198,ZCDF8,DIAMOND PRINCESS,16,KETCHIKAN
2008-06-23T12:44:36,310404000,55.22711667,-131.4130217,0,296.5,19.5,298,9228198,ZCDF8,DIAMOND PRINCESS,16,KETCHIKAN
2008-06-23T12:44:30,310404000,55.22688,-131.412175,0,295.8,19.5,297,9228198,ZCDF8,DIAMOND PRINCESS,16,KETCHIKAN
2008-06-23T12:44:23,310404000,55.22664,-131.411325,0,296.1,19.5,297,9228198,ZCDF8,DIAMOND PRINCESS,16,KETCHIKAN
2008-06-23T12:44:16,310404000,55.22636333,-131.4103417,0,295.5,19.5,297,9228198,ZCDF8,DIAMOND PRINCESS,16,KETCHIKAN
2008-06-23T12:44:12,310404000,55.22620667,-131.4097783,0,295.8,19.5,297,9228198,ZCDF8,DIAMOND PRINCESS,16,KETCHIKAN
2008-06-23T12:44:05,310404000,55.225935,-131.40879,0,296.1,19.5,297,9228198,ZCDF8,DIAMOND PRINCESS,16,KETCHIKAN
2008-06-23T12:43:59,310404000,55.225695,-131.4079483,0,295.8,19.5,297,9228198,ZCDF8,DIAMOND PRINCESS,16,KETCHIKAN
2008-06-23T12:43:55,310404000,55.22522833,-131.4062633,0,0.0,0.0,0,9228198,ZCDF8,DIAMOND PRINCESS,16,KETCHIKAN
2008-06-23T12:43:47,310404000,55.22522833,-131.4062633,0,295.8,19.5,297,9228198,ZCDF8,DIAMOND PRINCESS,16,KETCHIKAN
2008-06-23T12:43:42,310404000,55.22503833,-131.4055717,0,296.1,19.5,297,9228198,ZCDF8,DIAMOND PRINCESS,16,KETCHIKAN
2008-06-23T12:43:36,310404000,55.224795,-131.404715,0,295.8,19.5,297,9228198,ZCDF8,DIAMOND PRINCESS,16,KETCHIKAN
2008-06-23T12:43:30,310404000,55.22456167,-131.4038867,0,295.5,19.5,297,9228198,ZCDF8,DIAMOND PRINCESS,16,KETCHIKAN
2008-06-23T12:43:23,310404000,55.22428333,-131.402885,0,295.8,19.4,297,9228198,ZCDF8,DIAMOND PRINCESS,16,KETCHIKAN
2008-06-23T12:43:16,310404000,55.22400833,-131.4018967,0,296.1,19.4,297,9228198,ZCDF8,DIAMOND PRINCESS,16,KETCHIKAN
2008-06-23T12:43:12,310404000,55.22381,-131.401195,0,295.8,19.5,297,9228198,ZCDF8,DIAMOND PRINCESS,16,KETCHIKAN
2008-06-23T12:43:05,310404000,55.22357167,-131.4003467,0,295.5,19.5,297,9228198,ZCDF8,DIAMOND PRINCESS,16,KETCHIKAN
2008-06-23T12:42:59,310404000,55.22333667,-131.399505,0,295.8,19.4,297,9228198,ZCDF8,DIAMOND PRINCESS,16,KETCHIKAN
2008-06-23T12:42:54,310404000,55.22310167,-131.3986617,0,295.8,19.4,297,9228198,ZCDF8,DIAMOND PRINCESS,16,KETCHIKAN
2008-06-23T12:42:47,310404000,55.22286667,-131.39782,0,295.8,19.4,297,9228198,ZCDF8,DIAMOND PRINCESS,16,KETCHIKAN
2008-06-23T12:42:42,310404000,55.222675,-131.39713,0,295.8,19.5,297,9228198,ZCDF8,DIAMOND PRINCESS,16,KETCHIKAN
2008-06-23T12:42:36,310404000,55.222435,-131.39627,0,295.5,19.5,297,9228198,ZCDF8,DIAMOND PRINCESS,16,KETCHIKAN
2008-06-23T12:42:30,310404000,55.22220333,-131.395435,0,295.8,19.5,297,9228198,ZCDF8,DIAMOND PRINCESS,16,KETCHIKAN
2008-06-23T12:42:23,310404000,55.22192333,-131.3944333,0,295.8,19.5,297,9228198,ZCDF8,DIAMOND PRINCESS,16,KETCHIKAN
2008-06-23T12:42:17,310404000,55.22168833,-131.39359,0,295.8,19.5,297,9228198,ZCDF8,DIAMOND PRINCESS,16,KETCHIKAN
2008-06-23T12:42:12,310404000,55.22149167,-131.3928867,0,295.8,19.4,297,9228198,ZCDF8,DIAMOND PRINCESS,16,KETCHIKAN
2008-06-23T12:42:05,310404000,55.22121667,-131.3919017,0,295.8,19.5,297,9228198,ZCDF8,DIAMOND PRINCESS,16,KETCHIKAN
2008-06-23T12:41:59,310404000,55.22098333,-131.39106,0,295.8,19.5,297,9228198,ZCDF8,DIAMOND PRINCESS,16,KETCHIKAN
2008-06-23T12:41:54,310404000,55.220745,-131.390215,0,295.8,19.5,297,9228198,ZCDF8,DIAMOND PRINCESS,16,KETCHIKAN
2008-06-23T12:41:47,310404000,55.22046833,-131.3892267,0,295.8,19.5,297,9228198,ZCDF8,DIAMOND PRINCESS,16,KETCHIKAN
2008-06-23T12:41:42,310404000,55.22027333,-131.3885233,0,295.8,19.5,297,9228198,ZCDF8,DIAMOND PRINCESS,16,KETCHIKAN
2008-06-23T12:41:36,310404000,55.220035,-131.3876783,0,295.8,19.5,297,9228198,ZCDF8,DIAMOND PRINCESS,16,KETCHIKAN
2008-06-23T12:41:30,310404000,55.21979833,-131.3868367,0,295.5,19.5,297,9228198,ZCDF8,DIAMOND PRINCESS,16,KETCHIKAN
2008-06-23T12:41:23,310404000,55.21956167,-131.3859883,0,296.1,19.5,297,9228198,ZCDF8,DIAMOND PRINCESS,16,KETCHIKAN
2008-06-23T12:41:18,310404000,55.21932667,-131.38514,0,296.1,19.5,297,9228198,ZCDF8,DIAMOND PRINCESS,16,KETCHIKAN
2008-06-23T12:41:12,310404000,55.21912833,-131.3844417,0,295.8,19.4,297,9228198,ZCDF8,DIAMOND PRINCESS,16,KETCHIKAN
2008-06-23T12:41:05,310404000,55.21885,-131.3834567,0,295.5,19.5,297,9228198,ZCDF8,DIAMOND PRINCESS,16,KETCHIKAN
2008-06-23T12:40:59,310404000,55.21861833,-131.38261,0,296.1,19.5,297,9228198,ZCDF8,DIAMOND PRINCESS,16,KETCHIKAN
2008-06-23T12:40:54,310404000,55.218425,-131.3819233,0,296.1,19.5,297,9228198,ZCDF8,DIAMOND PRINCESS,16,KETCHIKAN
2008-06-23T12:40:47,310404000,55.21814167,-131.3809267,0,295.8,19.5,297,9228198,ZCDF8,DIAMOND PRINCESS,16,KETCHIKAN
2008-06-23T12:40:42,310404000,55.21794167,-131.3802233,0,295.5,19.5,297,9228198,ZCDF8,DIAMOND PRINCESS,16,KETCHIKAN
2008-06-23T12:40:36,310404000,55.217705,-131.3793783,0,295.8,19.5,297,9228198,ZCDF8,DIAMOND PRINCESS,16,KETCHIKAN
2008-06-23T12:40:30,310404000,55.21743333,-131.3784017,0,296.4,19.4,297,9228198,ZCDF8,DIAMOND PRINCESS,16,KETCHIKAN
2008-06-23T12:40:23,310404000,55.21715333,-131.3774083,0,295.8,19.5,297,9228198,ZCDF8,DIAMOND PRINCESS,16,KETCHIKAN
2008-06-23T12:40:17,310404000,55.21696167,-131.3767017,0,295.5,19.5,297,9228198,ZCDF8,DIAMOND PRINCESS,16,KETCHIKAN
2008-06-23T12:40:12,310404000,55.21672333,-131.3758567,0,295.8,19.5,297,9228198,ZCDF8,DIAMOND PRINCESS,16,KETCHIKAN
2008-06-23T12:40:05,310404000,55.21649167,-131.3750233,0,295.8,19.5,297,9228198,ZCDF8,DIAMOND PRINCESS,16,KETCHIKAN
2008-06-23T12:39:59,310404000,55.216255,-131.3741633,0,294.8,19.5,296,9228198,ZCDF8,DIAMOND PRINCESS,16,KETCHIKAN
2008-06-23T12:39:54,310404000,55.21602667,-131.3733283,0,295.1,19.5,296,9228198,ZCDF8,DIAMOND PRINCESS,16,KETCHIKAN
2008-06-23T12:39:47,310404000,55.21575833,-131.3723217,0,295.4,19.5,296,9228198,ZCDF8,DIAMOND PRINCESS,16,KETCHIKAN
2008-06-23T12:39:42,310404000,55.21560833,-131.37175,0,294.4,19.5,295,9228198,ZCDF8,DIAMOND PRINCESS,16,KETCHIKAN
2008-06-23T12:39:36,310404000,55.21534667,-131.370755,0,294.1,19.5,295,9228198,ZCDF8,DIAMOND PRINCESS,16,KETCHIKAN
2008-06-23T12:39:30,310404000,55.21516333,-131.3700417,0,294.1,19.5,295,9228198,ZCDF8,DIAMOND PRINCESS,16,KETCHIKAN
2008-06-23T12:39:24,310404000,55.214945,-131.3691833,0,293.4,19.5,294,9228198,ZCDF8,DIAMOND PRINCESS,16,KETCHIKAN
2008-06-23T12:39:17,310404000,55.21469167,-131.3681783,0,293.7,19.5,294,9228198,ZCDF8,DIAMOND PRINCESS,16,KETCHIKAN
2008-06-23T12:39:12,310404000,55.21451,-131.3674617,0,293.7,19.5,294,9228198,ZCDF8,DIAMOND PRINCESS,16,KETCHIKAN
2008-06-23T12:39:05,310404000,55.21422167,-131.36631,0,293.7,19.5,294,9228198,ZCDF8,DIAMOND PRINCESS,16,KETCHIKAN
2008-06-23T12:39:00,310404000,55.214005,-131.3654467,0,293.7,19.5,294,9228198,ZCDF8,DIAMOND PRINCESS,16,KETCHIKAN
2008-06-23T12:38:54,310404000,55.21382667,-131.3647433,0,293.7,19.5,294,9228198,ZCDF8,DIAMOND PRINCESS,16,KETCHIKAN
2008-06-23T12:38:47,310404000,55.21357,-131.363725,0,294.0,19.5,294,9228198,ZCDF8,DIAMOND PRINCESS,16,KETCHIKAN
2008-06-23T12:38:42,310404000,55.21338667,-131.3630067,0,294.0,19.5,294,9228198,ZCDF8,DIAMOND PRINCESS,16,KETCHIKAN
2008-06-23T12:38:36,310404000,55.21316333,-131.3621483,0,293.7,19.5,294,9228198,ZCDF8,DIAMOND PRINCESS,16,KETCHIKAN
2008-06-23T12:38:30,310404000,55.21294667,-131.3612967,0,294.0,19.5,294,9228198,ZCDF8,DIAMOND PRINCESS,16,KETCHIKAN
2008-06-23T12:38:24,310404000,55.212725,-131.3604233,0,294.2,19.5,294,9228198,ZCDF8,DIAMOND PRINCESS,16,KETCHIKAN
2008-06-23T12:38:17,310404000,55.21246667,-131.3594183,0,294.0,19.5,294,9228198,ZCDF8,DIAMOND PRINCESS,16,KETCHIKAN
2008-06-23T12:38:12,310404000,55.21228333,-131.3587067,0,294.0,19.5,294,9228198,ZCDF8,DIAMOND PRINCESS,16,KETCHIKAN
2008-06-23T12:38:05,310404000,55.21206333,-131.3578433,0,294.5,19.5,294,9228198,ZCDF8,DIAMOND PRINCESS,16,KETCHIKAN
2008-06-23T12:37:59,310404000,55.21184,-131.3569783,0,294.2,19.5,294,9228198,ZCDF8,DIAMOND PRINCESS,16,KETCHIKAN
2008-06-23T12:37:55,310404000,55.21162,-131.35614,0,0.0,0.0,0,9228198,ZCDF8,DIAMOND PRINCESS,16,KETCHIKAN
2008-06-23T12:37:54,310404000,55.21162,-131.35614,0,294.2,19.5,294,9228198,ZCDF8,DIAMOND PRINCESS,16,KETCHIKAN
2008-06-23T12:37:47,310404000,55.21135667,-131.3551233,0,294.2,19.5,294,9228198,ZCDF8,DIAMOND PRINCESS,16,KETCHIKAN
2008-06-23T12:37:42,310404000,55.21120667,-131.3545483,0,294.2,19.5,294,9228198,ZCDF8,DIAMOND PRINCESS,16,KETCHIKAN
2008-06-23T12:37:36,310404000,55.210945,-131.3535467,0,294.2,19.5,294,9228198,ZCDF8,DIAMOND PRINCESS,16,KETCHIKAN
2008-06-23T12:37:30,310404000,55.21072333,-131.3527033,0,294.0,19.5,294,9228198,ZCDF8,DIAMOND PRINCESS,16,KETCHIKAN
2008-06-23T12:37:24,310404000,55.21049667,-131.3518333,0,294.0,19.5,294,9228198,ZCDF8,DIAMOND PRINCESS,16,KETCHIKAN
2008-06-23T12:37:17,310404000,55.21023833,-131.3508333,0,294.2,19.5,294,9228198,ZCDF8,DIAMOND PRINCESS,16,KETCHIKAN
2008-06-23T12:37:12,310404000,55.21005333,-131.3501183,0,294.2,19.5,294,9228198,ZCDF8,DIAMOND PRINCESS,16,KETCHIKAN
2008-06-23T12:37:05,310404000,55.20979167,-131.34912,0,294.0,19.5,294,9228198,ZCDF8,DIAMOND PRINCESS,16,KETCHIKAN
2008-06-23T12:36:59,310404000,55.20957,-131.348265,0,294.2,19.4,294,9228198,ZCDF8,DIAMOND PRINCESS,16,KETCHIKAN
2008-06-23T12:36:54,310404000,55.20938833,-131.3475667,0,294.2,19.4,294,9228198,ZCDF8,DIAMOND PRINCESS,16,KETCHIKAN
2008-06-23T12:36:47,310404000,55.209125,-131.3465533,0,294.2,19.4,294,9228198,ZCDF8,DIAMOND PRINCESS,16,KETCHIKAN
2008-06-23T12:36:42,310404000,55.20894167,-131.3458383,0,294.2,19.4,294,9228198,ZCDF8,DIAMOND PRINCESS,16,KETCHIKAN
2008-06-23T12:36:35,310404000,55.20872,-131.3449867,0,294.2,19.4,294,9228198,ZCDF8,DIAMOND PRINCESS,16,KETCHIKAN
2008-06-23T12:36:30,310404000,55.20850333,-131.3441467,0,294.0,19.4,294,9228198,ZCDF8,DIAMOND PRINCESS,16,KETCHIKAN
2008-06-23T12:36:24,310404000,55.208245,-131.343135,0,294.0,19.4,294,9228198,ZCDF8,DIAMOND PRINCESS,16,KETCHIKAN
2008-06-23T12:36:17,310404000,55.208025,-131.34228,0,294.2,19.4,294,9228198,ZCDF8,DIAMOND PRINCESS,16,KETCHIKAN
2008-06-23T12:36:12,310404000,55.20784333,-131.3415717,0,294.0,19.4,294,9228198,ZCDF8,DIAMOND PRINCESS,16,KETCHIKAN
2008-06-23T12:36:05,310404000,55.207585,-131.3405733,0,294.0,19.4,294,9228198,ZCDF8,DIAMOND PRINCESS,16,KETCHIKAN
2008-06-23T12:35:59,310404000,55.20736833,-131.3397233,0,294.2,19.4,294,9228198,ZCDF8,DIAMOND PRINCESS,16,KETCHIKAN
2008-06-23T12:35:54,310404000,55.20718667,-131.339025,0,294.0,19.3,294,9228198,ZCDF8,DIAMOND PRINCESS,16,KETCHIKAN
2008-06-23T12:35:46,310404000,55.206895,-131.3378833,0,294.0,19.3,294,9228198,ZCDF8,DIAMOND PRINCESS,16,KETCHIKAN
2008-06-23T12:35:42,310404000,55.20674833,-131.3373117,0,294.2,19.3,294,9228198,ZCDF8,DIAMOND PRINCESS,16,KETCHIKAN
2008-06-23T12:35:35,310404000,55.20649333,-131.33632,0,294.0,19.3,294,9228198,ZCDF8,DIAMOND PRINCESS,16,KETCHIKAN
2008-06-23T12:35:30,310404000,55.20631333,-131.3356233,0,294.0,19.3,294,9228198,ZCDF8,DIAMOND PRINCESS,16,KETCHIKAN
2008-06-23T12:35:24,310404000,55.20609,-131.3347617,0,294.2,19.2,294,9228198,ZCDF8,DIAMOND PRINCESS,16,KETCHIKAN
2008-06-23T12:35:17,310404000,55.205835,-131.33377,0,294.2,19.2,294,9228198,ZCDF8,DIAMOND PRINCESS,16,KETCHIKAN
2008-06-23T12:35:12,310404000,55.20565333,-131.33306,0,294.2,19.2,294,9228198,ZCDF8,DIAMOND PRINCESS,16,KETCHIKAN
2008-06-23T12:35:06,310404000,55.2054,-131.332075,0,294.2,19.2,294,9228198,ZCDF8,DIAMOND PRINCESS,16,KETCHIKAN
2008-06-23T12:34:59,310404000,55.20518,-131.33123,0,294.0,19.1,294,9228198,ZCDF8,DIAMOND PRINCESS,16,KETCHIKAN
2008-06-23T12:34:54,310404000,55.20496167,-131.3303917,0,294.0,19.1,294,9228198,ZCDF8,DIAMOND PRINCESS,16,KETCHIKAN
2008-06-23T12:34:46,310404000,55.20470833,-131.32941,0,294.2,19.1,294,9228198,ZCDF8,DIAMOND PRINCESS,16,KETCHIKAN
2008-06-23T12:34:42,310404000,55.204525,-131.328705,0,294.2,19.1,294,9228198,ZCDF8,DIAMOND PRINCESS,16,KETCHIKAN
2008-06-23T12:34:35,310404000,55.204305,-131.327865,0,294.0,19.0,294,9228198,ZCDF8,DIAMOND PRINCESS,16,KETCHIKAN
2008-06-23T12:34:30,310404000,55.20409,-131.3270267,0,294.3,19.0,294,9228198,ZCDF8,DIAMOND PRINCESS,16,KETCHIKAN
2008-06-23T12:34:24,310404000,55.20391,-131.326325,0,294.3,19.0,294,9228198,ZCDF8,DIAMOND PRINCESS,16,KETCHIKAN
2008-06-23T12:34:16,310404000,55.20362167,-131.3252133,0,294.0,19.0,294,9228198,ZCDF8,DIAMOND PRINCESS,16,KETCHIKAN
2008-06-23T12:34:12,310404000,55.20347667,-131.32465,0,294.0,18.9,294,9228198,ZCDF8,DIAMOND PRINCESS,16,KETCHIKAN
2008-06-23T12:34:06,310404000,55.20326167,-131.3238133,0,294.0,18.9,294,9228198,ZCDF8,DIAMOND PRINCESS,16,KETCHIKAN
2008-06-23T12:34:00,310404000,55.20301,-131.32284,0,294.0,18.9,294,9228198,ZCDF8,DIAMOND PRINCESS,16,KETCHIKAN
2008-06-23T12:33:54,310404000,55.20283833,-131.3221583,0,294.0,18.9,294,9228198,ZCDF8,DIAMOND PRINCESS,16,KETCHIKAN
2008-06-23T12:33:46,310404000,55.20255167,-131.3210517,0,294.0,18.9,294,9228198,ZCDF8,DIAMOND PRINCESS,16,KETCHIKAN
2008-06-23T12:33:42,310404000,55.202405,-131.3204817,0,294.0,18.9,294,9228198,ZCDF8,DIAMOND PRINCESS,16,KETCHIKAN
2008-06-23T12:33:35,310404000,55.20212667,-131.3193867,0,293.6,18.8,294,9228198,ZCDF8,DIAMOND PRINCESS,16,KETCHIKAN
2008-06-23T12:33:30,310404000,55.20194333,-131.31868,0,293.6,18.8,294,9228198,ZCDF8,DIAMOND PRINCESS,16,KETCHIKAN
2008-06-23T12:33:24,310404000,55.201735,-131.3178467,0,294.0,18.8,294,9228198,ZCDF8,DIAMOND PRINCESS,16,KETCHIKAN
2008-06-23T12:33:16,310404000,55.20148833,-131.3168783,0,294.0,18.8,294,9228198,ZCDF8,DIAMOND PRINCESS,16,KETCHIKAN
2008-06-23T12:33:12,310404000,55.20134667,-131.316325,0,293.6,18.8,294,9228198,ZCDF8,DIAMOND PRINCESS,16,KETCHIKAN
2008-06-23T12:33:06,310404000,55.20113833,-131.3155133,0,293.3,18.8,294,9228198,ZCDF8,DIAMOND PRINCESS,16,KETCHIKAN
2008-06-23T12:33:00,310404000,55.20089167,-131.314535,0,293.6,18.7,294,9228198,ZCDF8,DIAMOND PRINCESS,16,KETCHIKAN
2008-06-23T12:32:54,310404000,55.200715,-131.313845,0,293.6,18.7,294,9228198,ZCDF8,DIAMOND PRINCESS,16,KETCHIKAN
2008-06-23T12:32:46,310404000,55.200435,-131.3127467,0,293.6,18.7,294,9228198,ZCDF8,DIAMOND PRINCESS,16,KETCHIKAN
2008-06-23T12:32:42,310404000,55.20029667,-131.3121967,0,293.6,18.7,294,9228198,ZCDF8,DIAMOND PRINCESS,16,KETCHIKAN
2008-06-23T12:32:35,310404000,55.200055,-131.311235,0,294.0,18.7,294,9228198,ZCDF8,DIAMOND PRINCESS,16,KETCHIKAN
2008-06-23T12:32:30,310404000,55.19984833,-131.3104267,0,294.0,18.6,294,9228198,ZCDF8,DIAMOND PRINCESS,16,KETCHIKAN
2008-06-23T12:32:23,310404000,55.19963333,-131.3095883,0,293.6,18.6,294,9228198,ZCDF8,DIAMOND PRINCESS,16,KETCHIKAN
2008-06-23T12:32:16,310404000,55.199355,-131.3084917,0,293.3,18.5,294,9228198,ZCDF8,DIAMOND PRINCESS,16,KETCHIKAN
2008-06-23T12:32:12,310404000,55.19921667,-131.30794,0,294.0,18.5,294,9228198,ZCDF8,DIAMOND PRINCESS,16,KETCHIKAN
2008-06-23T12:32:06,310404000,55.19901167,-131.30712,0,294.3,18.5,294,9228198,ZCDF8,DIAMOND PRINCESS,16,KETCHIKAN
2008-06-23T12:32:00,310404000,55.19880167,-131.3063133,0,293.6,18.4,294,9228198,ZCDF8,DIAMOND PRINCESS,16,KETCHIKAN
2008-06-23T12:31:55,310404000,55.19859,-131.3054967,0,0.0,0.0,0,9228198,ZCDF8,DIAMOND PRINCESS,16,KETCHIKAN
2008-06-23T12:31:54,310404000,55.19859,-131.3054967,0,293.3,18.4,294,9228198,ZCDF8,DIAMOND PRINCESS,16,KETCHIKAN
2008-06-23T12:31:46,310404000,55.198355,-131.3045467,0,294.0,18.3,294,9228198,ZCDF8,DIAMOND PRINCESS,16,KETCHIKAN
2008-06-23T12:31:42,310404000,55.19818167,-131.3038733,0,294.3,18.3,294,9228198,ZCDF8,DIAMOND PRINCESS,16,KETCHIKAN
2008-06-23T12:31:36,310404000,55.19797333,-131.3030683,0,293.6,18.2,294,9228198,ZCDF8,DIAMOND PRINCESS,16,KETCHIKAN
2008-06-23T12:31:30,310404000,55.19777167,-131.302275,0,293.3,18.2,294,9228198,ZCDF8,DIAMOND PRINCESS,16,KETCHIKAN
2008-06-23T12:31:23,310404000,55.19756833,-131.3014533,0,294.0,18.1,294,9228198,ZCDF8,DIAMOND PRINCESS,16,KETCHIKAN
2008-06-23T12:31:16,310404000,55.19733,-131.3005133,0,294.3,18.1,294,9228198,ZCDF8,DIAMOND PRINCESS,16,KETCHIKAN
2008-06-23T12:31:12,310404000,55.19718833,-131.2999833,0,293.6,18.0,294,9228198,ZCDF8,DIAMOND PRINCESS,16,KETCHIKAN
2008-06-23T12:31:05,310404000,55.19695,-131.2990517,0,294.6,18.0,294,9228198,ZCDF8,DIAMOND PRINCESS,16,KETCHIKAN
2008-06-23T12:31:00,310404000,55.19675,-131.2982567,0,295.3,17.9,295,9228198,ZCDF8,DIAMOND PRINCESS,16,KETCHIKAN
2008-06-23T12:30:54,310404000,55.19658,-131.2975967,0,295.3,17.9,295,9228198,ZCDF8,DIAMOND PRINCESS,16,KETCHIKAN
2008-06-23T12:30:46,310404000,55.19627,-131.2964167,0,294.6,17.8,295,9228198,ZCDF8,DIAMOND PRINCESS,16,KETCHIKAN
2008-06-23T12:30:42,310404000,55.19613333,-131.295895,0,294.3,17.8,295,9228198,ZCDF8,DIAMOND PRINCESS,16,KETCHIKAN
2008-06-23T12:30:36,310404000,55.19593333,-131.2951117,0,294.6,17.7,295,9228198,ZCDF8,DIAMOND PRINCESS,16,KETCHIKAN
2008-06-23T12:30:30,310404000,55.19573,-131.2943433,0,296.3,17.7,296,9228198,ZCDF8,DIAMOND PRINCESS,16,KETCHIKAN
2008-06-23T12:30:23,310404000,55.19547833,-131.2934317,0,295.3,17.6,296,9228198,ZCDF8,DIAMOND PRINCESS,16,KETCHIKAN
2008-06-23T12:30:16,310404000,55.19523167,-131.2925317,0,295.6,17.5,296,9228198,ZCDF8,DIAMOND PRINCESS,16,KETCHIKAN
2008-06-23T12:30:12,310404000,55.195095,-131.2920183,0,297.3,17.5,297,9228198,ZCDF8,DIAMOND PRINCESS,16,KETCHIKAN
2008-06-23T12:30:05,310404000,55.19488,-131.29126,0,297.3,17.5,297,9228198,ZCDF8,DIAMOND PRINCESS,16,KETCHIKAN
2008-06-23T12:30:00,310404000,55.19466,-131.2905017,0,296.6,17.4,297,9228198,ZCDF8,DIAMOND PRINCESS,16,KETCHIKAN
2008-06-23T12:29:54,310404000,55.19444667,-131.2897417,0,297.3,17.4,297,9228198,ZCDF8,DIAMOND PRINCESS,16,KETCHIKAN
2008-06-23T12:29:46,310404000,55.1942,-131.288865,0,297.3,17.4,297,9228198,ZCDF8,DIAMOND PRINCESS,16,KETCHIKAN
2008-06-23T12:29:42,310404000,55.194055,-131.288365,0,297.0,17.3,297,9228198,ZCDF8,DIAMOND PRINCESS,16,KETCHIKAN
2008-06-23T12:29:36,310404000,55.19380167,-131.28749,0,297.0,17.3,297,9228198,ZCDF8,DIAMOND PRINCESS,16,KETCHIKAN
2008-06-23T12:29:30,310404000,55.193585,-131.2867433,0,298.3,17.3,298,9228198,ZCDF8,DIAMOND PRINCESS,16,KETCHIKAN
2008-06-23T12:29:23,310404000,55.193325,-131.28588,0,298.0,17.2,298,9228198,ZCDF8,DIAMOND PRINCESS,16,KETCHIKAN
2008-06-23T12:29:18,310404000,55.1931,-131.2851417,0,299.0,17.2,299,9228198,ZCDF8,DIAMOND PRINCESS,16,KETCHIKAN
2008-06-23T12:29:12,310404000,55.19291333,-131.2845283,0,299.0,17.2,299,9228198,ZCDF8,DIAMOND PRINCESS,16,KETCHIKAN
2008-06-23T12:29:06,310404000,55.192645,-131.2836817,0,300.3,17.2,300,9228198,ZCDF8,DIAMOND PRINCESS,16,KETCHIKAN
2008-06-23T12:29:00,310404000,55.19244667,-131.2830783,0,300.0,17.1,300,9228198,ZCDF8,DIAMOND PRINCESS,16,KETCHIKAN
2008-06-23T12:28:54,310404000,55.19221,-131.28236,0,300.6,17.1,301,9228198,ZCDF8,DIAMOND PRINCESS,16,KETCHIKAN
2008-06-23T12:28:46,310404000,55.19189167,-131.281405,0,302.3,17.1,302,9228198,ZCDF8,DIAMOND PRINCESS,16,KETCHIKAN
2008-06-23T12:28:42,310404000,55.19173,-131.2809333,0,302.0,17.0,302,9228198,ZCDF8,DIAMOND PRINCESS,16,KETCHIKAN
2008-06-23T12:28:36,310404000,55.19148333,-131.280235,0,301.3,17.0,302,9228198,ZCDF8,DIAMOND PRINCESS,16,KETCHIKAN
2008-06-23T12:28:30,310404000,55.19124,-131.2795483,0,302.3,17.0,303,9228198,ZCDF8,DIAMOND PRINCESS,16,KETCHIKAN
2008-06-23T12:28:24,310404000,55.19099,-131.2788383,0,302.6,16.9,303,9228198,ZCDF8,DIAMOND PRINCESS,16,KETCHIKAN
2008-06-23T12:28:18,310404000,55.19073667,-131.2781517,0,303.6,16.8,304,9228198,ZCDF8,DIAMOND PRINCESS,16,KETCHIKAN
2008-06-23T12:28:11,310404000,55.19048,-131.2774717,0,303.9,16.8,304,9228198,ZCDF8,DIAMOND PRINCESS,16,KETCHIKAN
2008-06-23T12:28:05,310404000,55.190225,-131.2767917,0,303.9,16.7,305,9228198,ZCDF8,DIAMOND PRINCESS,16,KETCHIKAN
2008-06-23T12:28:00,310404000,55.189925,-131.2760083,0,303.9,16.7,305,9228198,ZCDF8,DIAMOND PRINCESS,16,KETCHIKAN
2008-06-23T12:27:55,310404000,55.18970833,-131.2754483,0,0.0,0.0,0,9228198,ZCDF8,DIAMOND PRINCESS,16,KETCHIKAN
2008-06-23T12:27:54,310404000,55.18970833,-131.2754483,0,303.9,16.6,305,9228198,ZCDF8,DIAMOND PRINCESS,16,KETCHIKAN
2008-06-23T12:27:48,310404000,55.18940667,-131.2746733,0,303.9,16.6,305,9228198,ZCDF8,DIAMOND PRINCESS,16,KETCHIKAN
2008-06-23T12:27:42,310404000,55.18919,-131.2741167,0,303.9,16.5,305,9228198,ZCDF8,DIAMOND PRINCESS,16,KETCHIKAN
2008-06-23T12:27:36,310404000,55.18893333,-131.27346,0,304.3,16.5,305,9228198,ZCDF8,DIAMOND PRINCESS,16,KETCHIKAN
2008-06-23T12:27:30,310404000,55.18867333,-131.2728,0,303.9,16.5,305,9228198,ZCDF8,DIAMOND PRINCESS,16,KETCHIKAN
2008-06-23T12:27:24,310404000,55.18841667,-131.2721433,0,303.9,16.4,305,9228198,ZCDF8,DIAMOND PRINCESS,16,KETCHIKAN
2008-06-23T12:27:18,310404000,55.18812167,-131.2713767,0,304.2,16.3,305,9228198,ZCDF8,DIAMOND PRINCESS,16,KETCHIKAN
2008-06-23T12:27:11,310404000,55.18786833,-131.2707267,0,303.9,16.3,305,9228198,ZCDF8,DIAMOND PRINCESS,16,KETCHIKAN
2008-06-23T12:27:05,310404000,55.18761333,-131.2700767,0,303.9,16.2,305,9228198,ZCDF8,DIAMOND PRINCESS,16,KETCHIKAN
2008-06-23T12:27:00,310404000,55.18740333,-131.2695383,0,303.9,16.1,305,9228198,ZCDF8,DIAMOND PRINCESS,16,KETCHIKAN
2008-06-23T12:26:54,310404000,55.187155,-131.2688883,0,304.2,16.1,305,9228198,ZCDF8,DIAMOND PRINCESS,16,KETCHIKAN
2008-06-23T12:26:48,310404000,55.18690333,-131.2682467,0,303.9,16.0,305,9228198,ZCDF8,DIAMOND PRINCESS,16,KETCHIKAN
2008-06-23T12:26:42,310404000,55.18661167,-131.2675,0,303.9,16.0,305,9228198,ZCDF8,DIAMOND PRINCESS,16,KETCHIKAN
2008-06-23T12:26:36,310404000,55.18636333,-131.266855,0,303.9,15.9,305,9228198,ZCDF8,DIAMOND PRINCESS,16,KETCHIKAN
2008-06-23T12:26:30,310404000,55.18611667,-131.2662167,0,303.9,15.9,305,9228198,ZCDF8,DIAMOND PRINCESS,16,KETCHIKAN
2008-06-23T12:26:24,310404000,55.18586667,-131.2655817,0,303.9,15.8,305,9228198,ZCDF8,DIAMOND PRINCESS,16,KETCHIKAN
2008-06-23T12:26:18,310404000,55.18561833,-131.26495,0,303.9,15.8,305,9228198,ZCDF8,DIAMOND PRINCESS,16,KETCHIKAN
2008-06-23T12:26:11,310404000,55.18537333,-131.2643233,0,303.9,15.7,305,9228198,ZCDF8,DIAMOND PRINCESS,16,KETCHIKAN
2008-06-23T12:26:05,310404000,55.18512667,-131.26369,0,303.9,15.7,305,9228198,ZCDF8,DIAMOND PRINCESS,16,KETCHIKAN
2008-06-23T12:26:00,310404000,55.184925,-131.26317,0,304.2,15.6,305,9228198,ZCDF8,DIAMOND PRINCESS,16,KETCHIKAN
2008-06-23T12:25:54,310404000,55.18468,-131.2625433,0,303.8,15.6,305,9228198,ZCDF8,DIAMOND PRINCESS,16,KETCHIKAN
2008-06-23T12:25:48,310404000,55.18439667,-131.261815,0,303.8,15.5,305,9228198,ZCDF8,DIAMOND PRINCESS,16,KETCHIKAN
2008-06-23T12:25:42,310404000,55.184195,-131.2612933,0,304.2,15.5,305,9228198,ZCDF8,DIAMOND PRINCESS,16,KETCHIKAN
2008-06-23T12:25:36,310404000,55.18395333,-131.2606767,0,304.2,15.6,305,9228198,ZCDF8,DIAMOND PRINCESS,16,KETCHIKAN
2008-06-23T12:25:30,310404000,55.18371,-131.2600567,0,303.8,15.4,305,9228198,ZCDF8,DIAMOND PRINCESS,16,KETCHIKAN
2008-06-23T12:25:24,310404000,55.18343167,-131.2593383,0,303.8,15.4,305,9228198,ZCDF8,DIAMOND PRINCESS,16,KETCHIKAN
2008-06-23T12:25:18,310404000,55.18319333,-131.25872,0,304.2,15.3,305,9228198,ZCDF8,DIAMOND PRINCESS,16,KETCHIKAN
2008-06-23T12:25:11,310404000,55.18291333,-131.2580067,0,303.8,15.3,305,9228198,ZCDF8,DIAMOND PRINCESS,16,KETCHIKAN
2008-06-23T12:25:05,310404000,55.18271333,-131.2574967,0,303.8,15.2,305,9228198,ZCDF8,DIAMOND PRINCESS,16,KETCHIKAN
2008-06-23T12:25:00,310404000,55.18247667,-131.25689,0,303.8,15.2,305,9228198,ZCDF8,DIAMOND PRINCESS,16,KETCHIKAN
2008-06-23T12:24:54,310404000,55.18224,-131.25628,0,304.2,15.1,305,9228198,ZCDF8,DIAMOND PRINCESS,16,KETCHIKAN
2008-06-23T12:24:48,310404000,55.18200333,-131.2556733,0,303.8,15.1,305,9228198,ZCDF8,DIAMOND PRINCESS,16,KETCHIKAN
2008-06-23T12:24:42,310404000,55.181805,-131.2551683,0,303.8,15.0,305,9228198,ZCDF8,DIAMOND PRINCESS,16,KETCHIKAN
2008-06-23T12:24:36,310404000,55.18153333,-131.25447,0,303.8,15.0,305,9228198,ZCDF8,DIAMOND PRINCESS,16,KETCHIKAN
2008-06-23T12:24:30,310404000,55.1813,-131.2538667,0,304.2,14.9,305,9228198,ZCDF8,DIAMOND PRINCESS,16,KETCHIKAN
2008-06-23T12:24:24,310404000,55.18106833,-131.2532683,0,303.8,14.9,305,9228198,ZCDF8,DIAMOND PRINCESS,16,KETCHIKAN
2008-06-23T12:24:18,310404000,55.18083333,-131.2526733,0,303.4,14.8,305,9228198,ZCDF8,DIAMOND PRINCESS,16,KETCHIKAN
2008-06-23T12:24:11,310404000,55.18060167,-131.2520783,0,303.8,14.8,305,9228198,ZCDF8,DIAMOND PRINCESS,16,KETCHIKAN
2008-06-23T12:24:06,310404000,55.18037333,-131.2514817,0,304.2,14.7,305,9228198,ZCDF8,DIAMOND PRINCESS,16,KETCHIKAN
2008-06-23T12:24:00,310404000,55.18014167,-131.2508883,0,304.2,14.7,305,9228198,ZCDF8,DIAMOND PRINCESS,16,KETCHIKAN
2008-06-23T12:23:54,310404000,55.17991167,-131.2503,0,303.8,14.6,305,9228198,ZCDF8,DIAMOND PRINCESS,16,KETCHIKAN
2008-06-23T12:23:48,310404000,55.17968333,-131.2497167,0,303.8,14.6,305,9228198,ZCDF8,DIAMOND PRINCESS,16,KETCHIKAN
2008-06-23T12:23:42,310404000,55.17945667,-131.24913,0,304.2,14.5,305,9228198,ZCDF8,DIAMOND PRINCESS,16,KETCHIKAN
2008-06-23T12:23:38,310404000,55.17930333,-131.2487383,0,304.2,14.5,305,9228198,ZCDF8,DIAMOND PRINCESS,16,KETCHIKAN
2008-06-23T12:23:36,310404000,55.17923,-131.248545,0,303.8,14.5,305,9228198,ZCDF8,DIAMOND PRINCESS,16,KETCHIKAN
2008-06-23T12:23:30,310404000,55.17900333,-131.2479667,0,303.8,14.4,305,9228198,ZCDF8,DIAMOND PRINCESS,16,KETCHIKAN
2008-06-23T12:23:27,310404000,55.17889333,-131.2476783,0,303.8,14.4,305,9228198,ZCDF8,DIAMOND PRINCESS,16,KETCHIKAN
2008-06-23T12:23:24,310404000,55.17878167,-131.2473883,0,303.8,14.4,305,9228198,ZCDF8,DIAMOND PRINCESS,16,KETCHIKAN
2008-06-23T12:23:18,310404000,55.17855833,-131.2468083,0,304.1,14.3,305,9228198,ZCDF8,DIAMOND PRINCESS,16,KETCHIKAN
2008-06-23T12:23:11,310404000,55.17833333,-131.2462317,0,303.7,14.3,305,9228198,ZCDF8,DIAMOND PRINCESS,16,KETCHIKAN
2008-06-23T12:23:07,310404000,55.17814667,-131.2457583,0,303.7,14.2,305,9228198,ZCDF8,DIAMOND PRINCESS,16,KETCHIKAN
2008-06-23T12:23:05,310404000,55.17811,-131.2456633,0,303.7,14.2,305,9228198,ZCDF8,DIAMOND PRINCESS,16,KETCHIKAN
2008-06-23T12:23:00,310404000,55.17788833,-131.2450933,0,303.7,14.2,305,9228198,ZCDF8,DIAMOND PRINCESS,16,KETCHIKAN
2008-06-23T12:22:56,310404000,55.17777833,-131.2448083,0,303.7,14.2,305,9228198,ZCDF8,DIAMOND PRINCESS,16,KETCHIKAN
2008-06-23T12:22:54,310404000,55.177705,-131.2446217,0,303.7,14.1,305,9228198,ZCDF8,DIAMOND PRINCESS,16,KETCHIKAN
2008-06-23T12:22:48,310404000,55.17744833,-131.24396,0,303.7,14.1,305,9228198,ZCDF8,DIAMOND PRINCESS,16,KETCHIKAN
2008-06-23T12:22:38,310404000,55.17708167,-131.2430183,0,303.7,14.0,305,9228198,ZCDF8,DIAMOND PRINCESS,16,KETCHIKAN
2008-06-23T12:22:27,310404000,55.17668333,-131.2419933,0,303.7,13.9,305,9228198,ZCDF8,DIAMOND PRINCESS,16,KETCHIKAN
2008-06-23T12:22:16,310404000,55.17628833,-131.2409717,0,303.7,13.8,305,9228198,ZCDF8,DIAMOND PRINCESS,16,KETCHIKAN
2008-06-23T12:22:07,310404000,55.17597,-131.24014,0,304.1,13.7,305,9228198,ZCDF8,DIAMOND PRINCESS,16,KETCHIKAN
2008-06-23T12:21:56,310404000,55.17558,-131.23914,0,303.7,13.5,305,9228198,ZCDF8,DIAMOND PRINCESS,16,KETCHIKAN
2008-06-23T12:21:48,310404000,55.17529833,-131.238415,0,303.7,13.5,305,9228198,ZCDF8,DIAMOND PRINCESS,16,KETCHIKAN
2008-06-23T12:21:38,310404000,55.17494667,-131.2375117,0,304.1,13.4,305,9228198,ZCDF8,DIAMOND PRINCESS,16,KETCHIKAN
2008-06-23T12:21:27,310404000,55.17459667,-131.23662,0,303.7,13.3,305,9228198,ZCDF8,DIAMOND PRINCESS,16,KETCHIKAN
2008-06-23T12:21:16,310404000,55.174215,-131.2356417,0,304.1,13.2,305,9228198,ZCDF8,DIAMOND PRINCESS,16,KETCHIKAN
2008-06-23T12:21:07,310404000,55.17383333,-131.2346733,0,304.1,13.2,305,9228198,ZCDF8,DIAMOND PRINCESS,16,KETCHIKAN
2008-06-23T12:20:56,310404000,55.17349333,-131.233795,0,304.1,13.1,305,9228198,ZCDF8,DIAMOND PRINCESS,16,KETCHIKAN
2008-06-23T12:20:47,310404000,55.17315,-131.2329233,0,304.1,13.0,305,9228198,ZCDF8,DIAMOND PRINCESS,16,KETCHIKAN
2008-06-23T12:20:38,310404000,55.17284833,-131.232145,0,304.1,12.9,305,9228198,ZCDF8,DIAMOND PRINCESS,16,KETCHIKAN
2008-06-23T12:20:27,310404000,55.17251333,-131.23129,0,304.1,12.9,305,9228198,ZCDF8,DIAMOND PRINCESS,16,KETCHIKAN
2008-06-23T12:20:16,310404000,55.17215,-131.2303533,0,304.0,12.6,305,9228198,ZCDF8,DIAMOND PRINCESS,16,KETCHIKAN
2008-06-23T12:20:07,310404000,55.17185,-131.2295917,0,304.0,12.6,305,9228198,ZCDF8,DIAMOND PRINCESS,16,KETCHIKAN
2008-06-23T12:19:56,310404000,55.17152,-131.2287567,0,303.6,12.4,305,9228198,ZCDF8,DIAMOND PRINCESS,16,KETCHIKAN
2008-06-23T12:19:51,310404000,55.17116333,-131.2278433,0,0.0,0.0,0,9228198,ZCDF8,DIAMOND PRINCESS,16,KETCHIKAN
2008-06-23T12:19:47,310404000,55.17116333,-131.2278433,0,304.0,12.3,305,9228198,ZCDF8,DIAMOND PRINCESS,16,KETCHIKAN
2008-06-23T12:19:37,310404000,55.17084,-131.2270233,0,304.0,12.2,305,9228198,ZCDF8,DIAMOND PRINCESS,16,KETCHIKAN
2008-06-23T12:19:27,310404000,55.170555,-131.22629,0,304.0,12.1,305,9228198,ZCDF8,DIAMOND PRINCESS,16,KETCHIKAN
2008-06-23T12:19:16,310404000,55.17021,-131.2254033,0,304.0,12.0,305,9228198,ZCDF8,DIAMOND PRINCESS,16,KETCHIKAN
2008-06-23T12:19:08,310404000,55.16992667,-131.2246867,0,303.5,11.9,305,9228198,ZCDF8,DIAMOND PRINCESS,16,KETCHIKAN
2008-06-23T12:18:57,310404000,55.16961667,-131.2238933,0,304.0,11.8,305,9228198,ZCDF8,DIAMOND PRINCESS,16,KETCHIKAN
2008-06-23T12:18:47,310404000,55.16931,-131.2231117,0,304.0,11.7,305,9228198,ZCDF8,DIAMOND PRINCESS,16,KETCHIKAN
2008-06-23T12:18:37,310404000,55.16900833,-131.2223383,0,304.0,11.6,305,9228198,ZCDF8,DIAMOND PRINCESS,16,KETCHIKAN
2008-06-23T12:18:26,310404000,55.16864667,-131.221415,0,304.0,11.5,305,9228198,ZCDF8,DIAMOND PRINCESS,16,KETCHIKAN
2008-06-23T12:18:16,310404000,55.16834667,-131.2206533,0,303.9,11.4,305,9228198,ZCDF8,DIAMOND PRINCESS,16,KETCHIKAN
2008-06-23T12:18:08,310404000,55.16810833,-131.220045,0,303.9,11.3,305,9228198,ZCDF8,DIAMOND PRINCESS,16,KETCHIKAN
2008-06-23T12:17:57,310404000,55.16781333,-131.219295,0,303.9,11.2,305,9228198,ZCDF8,DIAMOND PRINCESS,16,KETCHIKAN
2008-06-23T12:17:47,310404000,55.167495,-131.21848,0,304.4,11.1,305,9228198,ZCDF8,DIAMOND PRINCESS,16,KETCHIKAN
2008-06-23T12:17:37,310404000,55.16723167,-131.217815,0,303.9,11.0,305,9228198,ZCDF8,DIAMOND PRINCESS,16,KETCHIKAN
2008-06-23T12:17:26,310404000,55.166915,-131.2170083,0,304.4,10.9,305,9228198,ZCDF8,DIAMOND PRINCESS,16,KETCHIKAN
2008-06-23T12:17:16,310404000,55.16662833,-131.216285,0,303.9,10.8,305,9228198,ZCDF8,DIAMOND PRINCESS,16,KETCHIKAN
2008-06-23T12:17:08,310404000,55.166345,-131.21557,0,303.9,10.7,305,9228198,ZCDF8,DIAMOND PRINCESS,16,KETCHIKAN
2008-06-23T12:16:57,310404000,55.166065,-131.214855,0,304.4,10.6,305,9228198,ZCDF8,DIAMOND PRINCESS,16,KETCHIKAN
2008-06-23T12:16:47,310404000,55.165785,-131.2141483,0,303.9,10.6,305,9228198,ZCDF8,DIAMOND PRINCESS,16,KETCHIKAN
2008-06-23T12:16:37,310404000,55.16550833,-131.2134433,0,303.9,10.5,305,9228198,ZCDF8,DIAMOND PRINCESS,16,KETCHIKAN
2008-06-23T12:16:26,310404000,55.16521,-131.2126783,0,303.8,10.4,305,9228198,ZCDF8,DIAMOND PRINCESS,16,KETCHIKAN
2008-06-23T12:16:16,310404000,55.164965,-131.212055,0,303.8,10.3,305,9228198,ZCDF8,DIAMOND PRINCESS,16,KETCHIKAN
2008-06-23T12:16:08,310404000,55.16472667,-131.2114417,0,303.8,10.2,305,9228198,ZCDF8,DIAMOND PRINCESS,16,KETCHIKAN
2008-06-23T12:15:57,310404000,55.16446,-131.2107633,0,303.8,10.1,305,9228198,ZCDF8,DIAMOND PRINCESS,16,KETCHIKAN
2008-06-23T12:15:47,310404000,55.16414167,-131.209955,0,303.8,10.0,305,9228198,ZCDF8,DIAMOND PRINCESS,16,KETCHIKAN
2008-06-23T12:15:37,310404000,55.16391,-131.2093583,0,303.8,9.9,305,9228198,ZCDF8,DIAMOND PRINCESS,16,KETCHIKAN
2008-06-23T12:15:26,310404000,55.16362333,-131.2086317,0,303.8,9.8,305,9228198,ZCDF8,DIAMOND PRINCESS,16,KETCHIKAN
2008-06-23T12:15:16,310404000,55.16336833,-131.207975,0,304.4,9.7,305,9228198,ZCDF8,DIAMOND PRINCESS,16,KETCHIKAN
2008-06-23T12:15:08,310404000,55.16316667,-131.2074567,0,303.8,9.7,305,9228198,ZCDF8,DIAMOND PRINCESS,16,KETCHIKAN
2008-06-23T12:14:57,310404000,55.16289167,-131.2067517,0,303.8,9.6,305,9228198,ZCDF8,DIAMOND PRINCESS,16,KETCHIKAN
2008-06-23T12:14:46,310404000,55.16264333,-131.206115,0,304.3,9.5,305,9228198,ZCDF8,DIAMOND PRINCESS,16,KETCHIKAN
2008-06-23T12:14:37,310404000,55.162395,-131.2054883,0,304.3,9.4,305,9228198,ZCDF8,DIAMOND PRINCESS,16,KETCHIKAN
2008-06-23T12:14:26,310404000,55.16212333,-131.2048,0,304.3,9.3,305,9228198,ZCDF8,DIAMOND PRINCESS,16,KETCHIKAN
2008-06-23T12:14:17,310404000,55.16188167,-131.204185,0,304.3,9.2,305,9228198,ZCDF8,DIAMOND PRINCESS,16,KETCHIKAN
2008-06-23T12:14:07,310404000,55.161665,-131.2036317,0,304.3,9.2,305,9228198,ZCDF8,DIAMOND PRINCESS,16,KETCHIKAN
2008-06-23T12:13:57,310404000,55.161425,-131.203025,0,304.3,9.1,305,9228198,ZCDF8,DIAMOND PRINCESS,16,KETCHIKAN
2008-06-23T12:13:53,310404000,55.16116333,-131.2023617,0,0.0,0.0,0,9228198,ZCDF8,DIAMOND PRINCESS,16,KETCHIKAN
2008-06-23T12:13:46,310404000,55.16116333,-131.2023617,0,304.3,9.0,305,9228198,ZCDF8,DIAMOND PRINCESS,16,KETCHIKAN
2008-06-23T12:13:37,310404000,55.16095,-131.2018233,0,304.3,8.9,305,9228198,ZCDF8,DIAMOND PRINCESS,16,KETCHIKAN
2008-06-23T12:13:28,310404000,55.16073833,-131.20129,0,304.3,8.9,305,9228198,ZCDF8,DIAMOND PRINCESS,16,KETCHIKAN
2008-06-23T12:13:17,310404000,55.16045833,-131.2005867,0,304.3,8.8,305,9228198,ZCDF8,DIAMOND PRINCESS,16,KETCHIKAN
2008-06-23T12:13:07,310404000,55.16025,-131.2000583,0,304.3,8.8,305,9228198,ZCDF8,DIAMOND PRINCESS,16,KETCHIKAN
2008-06-23T12:12:57,310404000,55.16002167,-131.1994783,0,304.3,8.7,305,9228198,ZCDF8,DIAMOND PRINCESS,16,KETCHIKAN
2008-06-23T12:12:46,310404000,55.15977,-131.1988433,0,304.3,8.6,305,9228198,ZCDF8,DIAMOND PRINCESS,16,KETCHIKAN
2008-06-23T12:12:37,310404000,55.15956333,-131.1983283,0,304.3,8.5,305,9228198,ZCDF8,DIAMOND PRINCESS,16,KETCHIKAN
2008-06-23T12:12:28,310404000,55.15934,-131.1977617,0,304.3,8.5,305,9228198,ZCDF8,DIAMOND PRINCESS,16,KETCHIKAN
2008-06-23T12:12:17,310404000,55.159095,-131.1971467,0,304.3,8.4,305,9228198,ZCDF8,DIAMOND PRINCESS,16,KETCHIKAN
2008-06-23T12:12:07,310404000,55.15889667,-131.1966467,0,305.0,8.3,305,9228198,ZCDF8,DIAMOND PRINCESS,16,KETCHIKAN
2008-06-23T12:11:57,310404000,55.158655,-131.19604,0,305.0,8.2,305,9228198,ZCDF8,DIAMOND PRINCESS,16,KETCHIKAN
2008-06-23T12:11:46,310404000,55.15844167,-131.1954967,0,305.0,8.1,305,9228198,ZCDF8,DIAMOND PRINCESS,16,KETCHIKAN
2008-06-23T12:11:37,310404000,55.15822333,-131.1949567,0,305.0,8.0,305,9228198,ZCDF8,DIAMOND PRINCESS,16,KETCHIKAN
2008-06-23T12:11:28,310404000,55.15803,-131.1944767,0,305.0,8.0,305,9228198,ZCDF8,DIAMOND PRINCESS,16,KETCHIKAN
2008-06-23T12:11:17,310404000,55.15780167,-131.1939033,0,305.7,7.9,305,9228198,ZCDF8,DIAMOND PRINCESS,16,KETCHIKAN
2008-06-23T12:11:07,310404000,55.15760667,-131.1934317,0,305.0,7.8,305,9228198,ZCDF8,DIAMOND PRINCESS,16,KETCHIKAN
2008-06-23T12:10:58,310404000,55.1574,-131.19292,0,305.7,7.7,305,9228198,ZCDF8,DIAMOND PRINCESS,16,KETCHIKAN
2008-06-23T12:10:46,310404000,55.15717167,-131.1923683,0,305.7,7.6,305,9228198,ZCDF8,DIAMOND PRINCESS,16,KETCHIKAN
2008-06-23T12:10:37,310404000,55.156965,-131.1918717,0,305.0,7.6,305,9228198,ZCDF8,DIAMOND PRINCESS,16,KETCHIKAN
2008-06-23T12:10:28,310404000,55.15676167,-131.191375,0,306.5,7.5,305,9228198,ZCDF8,DIAMOND PRINCESS,16,KETCHIKAN
2008-06-23T12:10:17,310404000,55.15655167,-131.1908917,0,305.0,7.4,305,9228198,ZCDF8,DIAMOND PRINCESS,16,KETCHIKAN
2008-06-23T12:10:07,310404000,55.15635333,-131.1904083,0,307.3,7.4,305,9228198,ZCDF8,DIAMOND PRINCESS,16,KETCHIKAN
2008-06-23T12:09:58,310404000,55.15616667,-131.1899783,0,305.7,7.3,305,9228198,ZCDF8,DIAMOND PRINCESS,16,KETCHIKAN
2008-06-23T12:09:46,310404000,55.15594667,-131.1894583,0,306.7,7.3,306,9228198,ZCDF8,DIAMOND PRINCESS,16,KETCHIKAN
2008-06-23T12:09:37,310404000,55.155745,-131.18898,0,306.7,7.3,306,9228198,ZCDF8,DIAMOND PRINCESS,16,KETCHIKAN
2008-06-23T12:09:28,310404000,55.15556333,-131.188555,0,307.7,7.4,307,9228198,ZCDF8,DIAMOND PRINCESS,16,KETCHIKAN
2008-06-23T12:09:17,310404000,55.15534167,-131.188035,0,308.0,7.4,308,9228198,ZCDF8,DIAMOND PRINCESS,16,KETCHIKAN
2008-06-23T12:09:07,310404000,55.155155,-131.1876117,0,309.0,7.4,309,9228198,ZCDF8,DIAMOND PRINCESS,16,KETCHIKAN
2008-06-23T12:08:57,310404000,55.15492333,-131.1870983,0,310.0,7.4,310,9228198,ZCDF8,DIAMOND PRINCESS,16,KETCHIKAN
2008-06-23T12:08:46,310404000,55.154685,-131.1865967,0,310.0,7.4,310,9228198,ZCDF8,DIAMOND PRINCESS,16,KETCHIKAN
2008-06-23T12:08:37,310404000,55.15448333,-131.18618,0,310.7,7.5,310,9228198,ZCDF8,DIAMOND PRINCESS,16,KETCHIKAN
2008-06-23T12:08:28,310404000,55.15428167,-131.1857733,0,310.7,7.5,310,9228198,ZCDF8,DIAMOND PRINCESS,16,KETCHIKAN
2008-06-23T12:08:17,310404000,55.15403333,-131.1852683,0,310.7,7.7,310,9228198,ZCDF8,DIAMOND PRINCESS,16,KETCHIKAN
2008-06-23T12:08:07,310404000,55.153825,-131.184845,0,310.7,7.8,310,9228198,ZCDF8,DIAMOND PRINCESS,16,KETCHIKAN
2008-06-23T12:07:57,310404000,55.15359333,-131.1843767,0,310.7,8.0,310,9228198,ZCDF8,DIAMOND PRINCESS,16,KETCHIKAN
2008-06-23T12:07:53,310404000,55.15332667,-131.183835,0,0.0,0.0,0,9228198,ZCDF8,DIAMOND PRINCESS,16,KETCHIKAN
2008-06-23T12:07:47,310404000,55.15332667,-131.183835,0,310.6,8.2,310,9228198,ZCDF8,DIAMOND PRINCESS,16,KETCHIKAN
2008-06-23T12:07:37,310404000,55.15305167,-131.183285,0,310.6,8.5,310,9228198,ZCDF8,DIAMOND PRINCESS,16,KETCHIKAN
2008-06-23T12:07:32,310404000,55.15292667,-131.1830283,0,310.6,8.6,310,9228198,ZCDF8,DIAMOND PRINCESS,16,KETCHIKAN
2008-06-23T12:07:28,310404000,55.15282333,-131.18282,0,310.6,8.6,310,9228198,ZCDF8,DIAMOND PRINCESS,16,KETCHIKAN
2008-06-23T12:07:26,310404000,55.15279833,-131.1827717,0,311.3,8.6,310,9228198,ZCDF8,DIAMOND PRINCESS,16,KETCHIKAN
2008-06-23T12:07:20,310404000,55.15261167,-131.1823983,0,311.3,8.8,310,9228198,ZCDF8,DIAMOND PRINCESS,16,KETCHIKAN
2008-06-23T12:07:17,310404000,55.152535,-131.182245,0,311.3,8.8,310,9228198,ZCDF8,DIAMOND PRINCESS,16,KETCHIKAN
2008-06-23T12:07:13,310404000,55.15245167,-131.1820817,0,311.2,8.9,310,9228198,ZCDF8,DIAMOND PRINCESS,16,KETCHIKAN
2008-06-23T12:07:07,310404000,55.15229333,-131.18176,0,310.6,8.9,310,9228198,ZCDF8,DIAMOND PRINCESS,16,KETCHIKAN
2008-06-23T12:07:02,310404000,55.15216167,-131.181495,0,311.2,9.0,310,9228198,ZCDF8,DIAMOND PRINCESS,16,KETCHIKAN
2008-06-23T12:06:58,310404000,55.15202333,-131.1812167,0,311.2,9.1,310,9228198,ZCDF8,DIAMOND PRINCESS,16,KETCHIKAN
2008-06-23T12:06:56,310404000,55.15199833,-131.1811683,0,311.2,9.1,310,9228198,ZCDF8,DIAMOND PRINCESS,16,KETCHIKAN
2008-06-23T12:06:50,310404000,55.15182833,-131.1808317,0,311.2,9.2,310,9228198,ZCDF8,DIAMOND PRINCESS,16,KETCHIKAN
2008-06-23T12:06:46,310404000,55.151745,-131.1806667,0,311.2,9.3,310,9228198,ZCDF8,DIAMOND PRINCESS,16,KETCHIKAN
2008-06-23T12:06:44,310404000,55.15165833,-131.1804967,0,311.2,9.3,310,9228198,ZCDF8,DIAMOND PRINCESS,16,KETCHIKAN
2008-06-23T12:06:37,310404000,55.15146167,-131.1801033,0,311.8,9.5,310,9228198,ZCDF8,DIAMOND PRINCESS,16,KETCHIKAN
2008-06-23T12:06:32,310404000,55.151315,-131.1798183,0,311.7,9.6,310,9228198,ZCDF8,DIAMOND PRINCESS,16,KETCHIKAN
2008-06-23T12:06:25,310404000,55.15110667,-131.17942,0,311.1,9.7,310,9228198,ZCDF8,DIAMOND PRINCESS,16,KETCHIKAN
2008-06-23T12:06:20,310404000,55.15096,-131.17913,0,311.7,9.8,310,9228198,ZCDF8,DIAMOND PRINCESS,16,KETCHIKAN
2008-06-23T12:06:13,310404000,55.15074833,-131.1787167,0,312.3,9.9,310,9228198,ZCDF8,DIAMOND PRINCESS,16,KETCHIKAN
2008-06-23T12:06:07,310404000,55.15056333,-131.1783633,0,312.2,10.1,310,9228198,ZCDF8,DIAMOND PRINCESS,16,KETCHIKAN
2008-06-23T12:06:02,310404000,55.150375,-131.1780067,0,311.6,10.2,310,9228198,ZCDF8,DIAMOND PRINCESS,16,KETCHIKAN
2008-06-23T12:05:56,310404000,55.15018833,-131.1776417,0,313.2,10.4,310,9228198,ZCDF8,DIAMOND PRINCESS,16,KETCHIKAN
2008-06-23T12:05:50,310404000,55.14999667,-131.1772733,0,313.1,10.6,311,9228198,ZCDF8,DIAMOND PRINCESS,16,KETCHIKAN
2008-06-23T12:05:44,310404000,55.1498,-131.1768967,0,313.1,10.7,311,9228198,ZCDF8,DIAMOND PRINCESS,16,KETCHIKAN
2008-06-23T12:05:37,310404000,55.14959833,-131.1765183,0,313.5,10.9,312,9228198,ZCDF8,DIAMOND PRINCESS,16,KETCHIKAN
2008-06-23T12:05:32,310404000,55.14939667,-131.176135,0,314.5,11.1,312,9228198,ZCDF8,DIAMOND PRINCESS,16,KETCHIKAN
2008-06-23T12:05:25,310404000,55.14918833,-131.1757467,0,315.5,11.3,314,9228198,ZCDF8,DIAMOND PRINCESS,16,KETCHIKAN
2008-06-23T12:05:20,310404000,55.14901167,-131.1754233,0,315.5,11.4,314,9228198,ZCDF8,DIAMOND PRINCESS,16,KETCHIKAN
2008-06-23T12:05:13,310404000,55.14875333,-131.1749733,0,315.9,11.6,315,9228198,ZCDF8,DIAMOND PRINCESS,16,KETCHIKAN
2008-06-23T12:05:08,310404000,55.148525,-131.1745833,0,317.9,11.8,316,9228198,ZCDF8,DIAMOND PRINCESS,16,KETCHIKAN
2008-06-23T12:05:02,310404000,55.14833333,-131.1742683,0,317.9,11.9,317,9228198,ZCDF8,DIAMOND PRINCESS,16,KETCHIKAN
2008-06-23T12:04:56,310404000,55.14808833,-131.173875,0,319.4,12.1,318,9228198,ZCDF8,DIAMOND PRINCESS,16,KETCHIKAN
2008-06-23T12:04:50,310404000,55.1478,-131.17343,0,318.9,12.2,318,9228198,ZCDF8,DIAMOND PRINCESS,16,KETCHIKAN
2008-06-23T12:04:44,310404000,55.14754667,-131.1730417,0,319.9,12.4,319,9228198,ZCDF8,DIAMOND PRINCESS,16,KETCHIKAN
2008-06-23T12:04:38,310404000,55.14728833,-131.17265,0,319.9,12.5,319,9228198,ZCDF8,DIAMOND PRINCESS,16,KETCHIKAN
2008-06-23T12:04:31,310404000,55.147025,-131.1722633,0,320.9,12.7,320,9228198,ZCDF8,DIAMOND PRINCESS,16,KETCHIKAN
2008-06-23T12:04:25,310404000,55.14675667,-131.171875,0,320.8,12.8,320,9228198,ZCDF8,DIAMOND PRINCESS,16,KETCHIKAN
2008-06-23T12:04:20,310404000,55.14648167,-131.1714883,0,321.8,12.9,321,9228198,ZCDF8,DIAMOND PRINCESS,16,KETCHIKAN
2008-06-23T12:04:13,310404000,55.146205,-131.1710983,0,322.3,13.0,321,9228198,ZCDF8,DIAMOND PRINCESS,16,KETCHIKAN
2008-06-23T12:04:07,310404000,55.14592333,-131.1707117,0,322.8,13.2,322,9228198,ZCDF8,DIAMOND PRINCESS,16,KETCHIKAN
2008-06-23T12:04:02,310404000,55.14569,-131.170395,0,322.8,13.3,322,9228198,ZCDF8,DIAMOND PRINCESS,16,KETCHIKAN
2008-06-23T12:03:56,310404000,55.14539333,-131.1700033,0,323.8,13.4,323,9228198,ZCDF8,DIAMOND PRINCESS,16,KETCHIKAN
2008-06-23T12:03:50,310404000,55.14504833,-131.1695533,0,324.8,13.6,324,9228198,ZCDF8,DIAMOND PRINCESS,16,KETCHIKAN
2008-06-23T12:03:38,310404000,55.14449167,-131.1688533,0,325.8,14.0,325,9228198,ZCDF8,DIAMOND PRINCESS,16,KETCHIKAN
2008-06-23T12:03:31,310404000,55.14407333,-131.1683417,0,325.8,14.2,325,9228198,ZCDF8,DIAMOND PRINCESS,16,KETCHIKAN
2008-06-23T12:03:25,310404000,55.14374667,-131.1679483,0,327.2,14.3,326,9228198,ZCDF8,DIAMOND PRINCESS,16,KETCHIKAN
2008-06-23T12:03:19,310404000,55.14342333,-131.1675717,0,326.7,14.5,326,9228198,ZCDF8,DIAMOND PRINCESS,16,KETCHIKAN
2008-06-23T12:03:13,310404000,55.14308833,-131.1671883,0,327.7,14.6,327,9228198,ZCDF8,DIAMOND PRINCESS,16,KETCHIKAN
2008-06-23T12:03:07,310404000,55.1428,-131.166865,0,327.7,14.7,327,9228198,ZCDF8,DIAMOND PRINCESS,16,KETCHIKAN
2008-06-23T12:03:02,310404000,55.14245667,-131.1664867,0,328.7,14.9,328,9228198,ZCDF8,DIAMOND PRINCESS,16,KETCHIKAN
2008-06-23T12:02:56,310404000,55.14210833,-131.1661083,0,328.7,15.0,328,9228198,ZCDF8,DIAMOND PRINCESS,16,KETCHIKAN
2008-06-23T12:02:50,310404000,55.14175333,-131.165735,0,329.7,15.1,329,9228198,ZCDF8,DIAMOND PRINCESS,16,KETCHIKAN
2008-06-23T12:02:38,310404000,55.14103667,-131.1649967,0,330.7,15.3,330,9228198,ZCDF8,DIAMOND PRINCESS,16,KETCHIKAN
2008-06-23T12:02:31,310404000,55.140665,-131.1646267,0,331.7,15.4,331,9228198,ZCDF8,DIAMOND PRINCESS,16,KETCHIKAN
2008-06-23T12:02:25,310404000,55.14029833,-131.16427,0,331.3,15.4,331,9228198,ZCDF8,DIAMOND PRINCESS,16,KETCHIKAN
2008-06-23T12:02:19,310404000,55.13991833,-131.1639067,0,332.3,15.5,332,9228198,ZCDF8,DIAMOND PRINCESS,16,KETCHIKAN
2008-06-23T12:02:13,310404000,55.139545,-131.163555,0,332.7,15.6,332,9228198,ZCDF8,DIAMOND PRINCESS,16,KETCHIKAN
2008-06-23T12:02:07,310404000,55.13915667,-131.1632033,0,333.3,15.6,333,9228198,ZCDF8,DIAMOND PRINCESS,16,KETCHIKAN
2008-06-23T12:02:02,310404000,55.13877667,-131.162865,0,333.0,15.7,333,9228198,ZCDF8,DIAMOND PRINCESS,16,KETCHIKAN
2008-06-23T12:01:55,310404000,55.13831833,-131.1624583,0,334.3,15.8,334,9228198,ZCDF8,DIAMOND PRINCESS,16,KETCHIKAN
2008-06-23T12:01:51,310404000,55.13799833,-131.1621833,0,0.0,0.0,0,9228198,ZCDF8,DIAMOND PRINCESS,16,KETCHIKAN
2008-06-23T12:01:50,310404000,55.13799833,-131.1621833,0,334.7,15.8,334,9228198,ZCDF8,DIAMOND PRINCESS,16,KETCHIKAN
2008-06-23T12:01:44,310404000,55.137595,-131.1618467,0,335.0,15.8,335,9228198,ZCDF8,DIAMOND PRINCESS,16,KETCHIKAN
2008-06-23T12:01:38,310404000,55.13719667,-131.1615217,0,335.6,15.9,336,9228198,ZCDF8,DIAMOND PRINCESS,16,KETCHIKAN
2008-06-23T12:01:31,310404000,55.13680167,-131.1611983,0,336.0,15.9,336,9228198,ZCDF8,DIAMOND PRINCESS,16,KETCHIKAN
2008-06-23T12:01:25,310404000,55.136335,-131.1608283,0,337.3,15.9,337,9228198,ZCDF8,DIAMOND PRINCESS,16,KETCHIKAN
2008-06-23T12:01:19,310404000,55.13593,-131.160525,0,337.0,16.1,337,9228198,ZCDF8,DIAMOND PRINCESS,16,KETCHIKAN
2008-06-23T12:01:13,310404000,55.135525,-131.1602217,0,337.6,16.0,338,9228198,ZCDF8,DIAMOND PRINCESS,16,KETCHIKAN
2008-06-23T12:01:07,310404000,55.13518833,-131.1599683,0,337.6,15.9,338,9228198,ZCDF8,DIAMOND PRINCESS,16,KETCHIKAN
2008-06-23T12:01:02,310404000,55.13478333,-131.15967,0,339.0,16.0,339,9228198,ZCDF8,DIAMOND PRINCESS,16,KETCHIKAN
2008-06-23T12:00:55,310404000,55.134365,-131.1593817,0,338.6,16.0,339,9228198,ZCDF8,DIAMOND PRINCESS,16,KETCHIKAN
2008-06-23T12:00:50,310404000,55.13395167,-131.1591,0,339.6,16.0,340,9228198,ZCDF8,DIAMOND PRINCESS,16,KETCHIKAN
2008-06-23T12:00:44,310404000,55.13354,-131.15882,0,340.0,16.0,340,9228198,ZCDF8,DIAMOND PRINCESS,16,KETCHIKAN
2008-06-23T12:00:38,310404000,55.13313333,-131.1585583,0,340.0,16.0,340,9228198,ZCDF8,DIAMOND PRINCESS,16,KETCHIKAN
2008-06-23T12:00:32,310404000,55.13264167,-131.158245,0,340.0,16.0,340,9228198,ZCDF8,DIAMOND PRINCESS,16,KETCHIKAN
2008-06-23T12:00:25,310404000,55.132225,-131.157985,0,340.0,16.0,340,9228198,ZCDF8,DIAMOND PRINCESS,16,KETCHIKAN
2008-06-23T12:00:19,310404000,55.13180667,-131.157725,0,340.3,16.0,340,9228198,ZCDF8,DIAMOND PRINCESS,16,KETCHIKAN
2008-06-23T12:00:13,310404000,55.13138833,-131.1574617,0,340.7,16.0,340,9228198,ZCDF8,DIAMOND PRINCESS,16,KETCHIKAN
2008-06-23T12:00:08,310404000,55.13104333,-131.157255,0,341.3,16.0,341,9228198,ZCDF8,DIAMOND PRINCESS,16,KETCHIKAN
2008-06-23T12:00:02,310404000,55.130625,-131.157,0,341.3,16.0,341,9228198,ZCDF8,DIAMOND PRINCESS,16,KETCHIKAN
2008-06-23T11:59:55,310404000,55.13012833,-131.1567033,0,342.7,16.1,342,9228198,ZCDF8,DIAMOND PRINCESS,16,KETCHIKAN
2008-06-23T11:59:50,310404000,55.12977833,-131.1565,0,342.3,16.1,342,9228198,ZCDF8,DIAMOND PRINCESS,16,KETCHIKAN
2008-06-23T11:59:44,310404000,55.129355,-131.1562667,0,343.0,16.1,343,9228198,ZCDF8,DIAMOND PRINCESS,16,KETCHIKAN
2008-06-23T11:59:38,310404000,55.12893,-131.1560333,0,343.0,16.1,343,9228198,ZCDF8,DIAMOND PRINCESS,16,KETCHIKAN
2008-06-23T11:59:31,310404000,55.128515,-131.1558033,0,344.3,16.1,344,9228198,ZCDF8,DIAMOND PRINCESS,16,KETCHIKAN
2008-06-23T11:59:25,310404000,55.12808667,-131.1555783,0,344.0,16.1,344,9228198,ZCDF8,DIAMOND PRINCESS,16,KETCHIKAN
2008-06-23T11:59:19,310404000,55.12766,-131.1553667,0,345.0,16.1,345,9228198,ZCDF8,DIAMOND PRINCESS,16,KETCHIKAN
2008-06-23T11:59:13,310404000,55.12723,-131.1551567,0,345.0,16.1,345,9228198,ZCDF8,DIAMOND PRINCESS,16,KETCHIKAN
2008-06-23T11:59:08,310404000,55.12679167,-131.1549533,0,345.0,16.1,345,9228198,ZCDF8,DIAMOND PRINCESS,16,KETCHIKAN
2008-06-23T11:59:02,310404000,55.12636333,-131.1547583,0,345.0,16.1,345,9228198,ZCDF8,DIAMOND PRINCESS,16,KETCHIKAN
2008-06-23T11:58:55,310404000,55.12586333,-131.1545233,0,345.3,16.1,345,9228198,ZCDF8,DIAMOND PRINCESS,16,KETCHIKAN
2008-06-23T11:58:50,310404000,55.12543,-131.1543183,0,345.3,16.1,345,9228198,ZCDF8,DIAMOND PRINCESS,16,KETCHIKAN
2008-06-23T11:58:44,310404000,55.125,-131.1541283,0,346.3,16.2,346,9228198,ZCDF8,DIAMOND PRINCESS,16,KETCHIKAN
2008-06-23T11:58:38,310404000,55.124635,-131.1539667,0,345.6,16.1,346,9228198,ZCDF8,DIAMOND PRINCESS,16,KETCHIKAN
2008-06-23T11:58:32,310404000,55.1242,-131.153775,0,346.6,16.1,347,9228198,ZCDF8,DIAMOND PRINCESS,16,KETCHIKAN
2008-06-23T11:58:25,310404000,55.12370167,-131.1535583,0,347.0,16.1,347,9228198,ZCDF8,DIAMOND PRINCESS,16,KETCHIKAN
2008-06-23T11:58:19,310404000,55.12326333,-131.1533833,0,347.6,16.1,348,9228198,ZCDF8,DIAMOND PRINCESS,16,KETCHIKAN
2008-06-23T11:58:13,310404000,55.12283,-131.1532117,0,346.9,16.2,348,9228198,ZCDF8,DIAMOND PRINCESS,16,KETCHIKAN
2008-06-23T11:58:08,310404000,55.12246333,-131.1530617,0,348.2,16.2,349,9228198,ZCDF8,DIAMOND PRINCESS,16,KETCHIKAN
2008-06-23T11:58:02,310404000,55.12202667,-131.15289,0,348.6,16.1,349,9228198,ZCDF8,DIAMOND PRINCESS,16,KETCHIKAN
2008-06-23T11:57:55,310404000,55.121515,-131.1527083,0,348.9,16.1,350,9228198,ZCDF8,DIAMOND PRINCESS,16,KETCHIKAN
2008-06-23T11:57:50,310404000,55.121155,-131.1525783,0,348.9,16.2,350,9228198,ZCDF8,DIAMOND PRINCESS,16,KETCHIKAN
2008-06-23T11:57:44,310404000,55.12064167,-131.1523967,0,349.2,16.1,350,9228198,ZCDF8,DIAMOND PRINCESS,16,KETCHIKAN
2008-06-23T11:57:38,310404000,55.1202,-131.1522533,0,348.9,16.1,350,9228198,ZCDF8,DIAMOND PRINCESS,16,KETCHIKAN
2008-06-23T11:57:32,310404000,55.11976333,-131.152105,0,348.9,16.1,350,9228198,ZCDF8,DIAMOND PRINCESS,16,KETCHIKAN
2008-06-23T11:57:25,310404000,55.11932833,-131.151955,0,349.2,16.1,350,9228198,ZCDF8,DIAMOND PRINCESS,16,KETCHIKAN
2008-06-23T11:57:19,310404000,55.11888167,-131.1518083,0,348.9,16.1,350,9228198,ZCDF8,DIAMOND PRINCESS,16,KETCHIKAN
2008-06-23T11:57:13,310404000,55.11845167,-131.1516683,0,348.9,16.1,350,9228198,ZCDF8,DIAMOND PRINCESS,16,KETCHIKAN
2008-06-23T11:57:08,310404000,55.11808,-131.1515433,0,348.9,16.1,350,9228198,ZCDF8,DIAMOND PRINCESS,16,KETCHIKAN
2008-06-23T11:57:01,310404000,55.11756333,-131.1513733,0,348.9,16.1,350,9228198,ZCDF8,DIAMOND PRINCESS,16,KETCHIKAN
2008-06-23T11:56:55,310404000,55.11713,-131.1512283,0,348.9,16.1,350,9228198,ZCDF8,DIAMOND PRINCESS,16,KETCHIKAN
2008-06-23T11:56:50,310404000,55.11676667,-131.1511117,0,348.9,16.1,350,9228198,ZCDF8,DIAMOND PRINCESS,16,KETCHIKAN
2008-06-23T11:56:44,310404000,55.116325,-131.150965,0,348.9,16.1,350,9228198,ZCDF8,DIAMOND PRINCESS,16,KETCHIKAN
2008-06-23T11:56:38,310404000,55.11588833,-131.1508217,0,349.2,16.1,350,9228198,ZCDF8,DIAMOND PRINCESS,16,KETCHIKAN
2008-06-23T11:56:32,310404000,55.11545,-131.1506767,0,348.9,16.1,350,9228198,ZCDF8,DIAMOND PRINCESS,16,KETCHIKAN
2008-06-23T11:56:25,310404000,55.11493833,-131.15051,0,348.9,16.1,350,9228198,ZCDF8,DIAMOND PRINCESS,16,KETCHIKAN
2008-06-23T11:56:19,310404000,55.11457333,-131.1503867,0,349.2,16.1,350,9228198,ZCDF8,DIAMOND PRINCESS,16,KETCHIKAN
2008-06-23T11:56:13,310404000,55.11406833,-131.15022,0,349.2,16.0,350,9228198,ZCDF8,DIAMOND PRINCESS,16,KETCHIKAN
2008-06-23T11:56:07,310404000,55.11363,-131.15008,0,349.2,16.0,350,9228198,ZCDF8,DIAMOND PRINCESS,16,KETCHIKAN
2008-06-23T11:56:01,310404000,55.113195,-131.14994,0,349.2,16.0,350,9228198,ZCDF8,DIAMOND PRINCESS,16,KETCHIKAN
2008-06-23T11:55:55,310404000,55.11276167,-131.1497933,0,349.6,16.0,350,9228198,ZCDF8,DIAMOND PRINCESS,16,KETCHIKAN
2008-06-23T11:55:53,310404000,55.11239833,-131.14968,0,0.0,0.0,0,9228198,ZCDF8,DIAMOND PRINCESS,16,KETCHIKAN
2008-06-23T11:55:50,310404000,55.11239833,-131.14968,0,349.6,16.0,350,9228198,ZCDF8,DIAMOND PRINCESS,16,KETCHIKAN
2008-06-23T11:55:44,310404000,55.111885,-131.1495217,0,349.2,16.0,350,9228198,ZCDF8,DIAMOND PRINCESS,16,KETCHIKAN
2008-06-23T11:55:38,310404000,55.11152833,-131.1494033,0,349.6,16.0,350,9228198,ZCDF8,DIAMOND PRINCESS,16,KETCHIKAN
2008-06-23T11:55:32,310404000,55.11109333,-131.1492617,0,350.6,16.0,351,9228198,ZCDF8,DIAMOND PRINCESS,16,KETCHIKAN
2008-06-23T11:55:26,310404000,55.11058333,-131.1491,0,350.6,16.0,351,9228198,ZCDF8,DIAMOND PRINCESS,16,KETCHIKAN
2008-06-23T11:55:19,310404000,55.110145,-131.1489733,0,351.2,16.0,352,9228198,ZCDF8,DIAMOND PRINCESS,16,KETCHIKAN
2008-06-23T11:55:13,310404000,55.10970667,-131.1488483,0,351.2,16.0,352,9228198,ZCDF8,DIAMOND PRINCESS,16,KETCHIKAN
2008-06-23T11:55:07,310404000,55.10927,-131.1487283,0,352.2,16.0,353,9228198,ZCDF8,DIAMOND PRINCESS,16,KETCHIKAN
2008-06-23T11:55:01,310404000,55.10883,-131.1486167,0,351.9,16.0,353,9228198,ZCDF8,DIAMOND PRINCESS,16,KETCHIKAN
2008-06-23T11:54:55,310404000,55.10831667,-131.1484933,0,352.9,16.0,354,9228198,ZCDF8,DIAMOND PRINCESS,16,KETCHIKAN
2008-06-23T11:54:50,310404000,55.10795,-131.14841,0,352.9,16.0,354,9228198,ZCDF8,DIAMOND PRINCESS,16,KETCHIKAN
2008-06-23T11:54:44,310404000,55.10751333,-131.1483083,0,353.9,16.0,355,9228198,ZCDF8,DIAMOND PRINCESS,16,KETCHIKAN
2008-06-23T11:54:38,310404000,55.10707333,-131.14822,0,353.9,16.0,355,9228198,ZCDF8,DIAMOND PRINCESS,16,KETCHIKAN
2008-06-23T11:54:31,310404000,55.106635,-131.1481317,0,354.2,16.0,355,9228198,ZCDF8,DIAMOND PRINCESS,16,KETCHIKAN
2008-06-23T11:54:26,310404000,55.106195,-131.1480583,0,353.5,16.0,355,9228198,ZCDF8,DIAMOND PRINCESS,16,KETCHIKAN
2008-06-23T11:54:19,310404000,55.10575667,-131.1479783,0,354.9,16.0,356,9228198,ZCDF8,DIAMOND PRINCESS,16,KETCHIKAN
2008-06-23T11:54:13,310404000,55.10530833,-131.1478967,0,355.2,16.0,356,9228198,ZCDF8,DIAMOND PRINCESS,16,KETCHIKAN
2008-06-23T11:54:07,310404000,55.10487333,-131.1478267,0,355.2,16.0,356,9228198,ZCDF8,DIAMOND PRINCESS,16,KETCHIKAN
2008-06-23T11:54:01,310404000,55.10443,-131.1477583,0,354.9,16.0,356,9228198,ZCDF8,DIAMOND PRINCESS,16,KETCHIKAN
2008-06-23T11:53:56,310404000,55.104065,-131.147695,0,354.9,16.0,356,9228198,ZCDF8,DIAMOND PRINCESS,16,KETCHIKAN
2008-06-23T11:53:54,310404000,55.10384667,-131.1476567,0,355.9,15.9,357,9228198,ZCDF8,DIAMOND PRINCESS,16,KETCHIKAN
2008-06-23T11:53:52,310404000,55.10370167,-131.147635,0,355.9,16.0,357,9228198,ZCDF8,DIAMOND PRINCESS,16,KETCHIKAN
2008-06-23T11:53:50,310404000,55.10362833,-131.1476233,0,355.9,16.0,357,9228198,ZCDF8,DIAMOND PRINCESS,16,KETCHIKAN
2008-06-23T11:53:47,310404000,55.10340833,-131.1475933,0,355.9,16.0,357,9228198,ZCDF8,DIAMOND PRINCESS,16,KETCHIKAN
2008-06-23T11:53:45,310404000,55.10326167,-131.1475733,0,355.5,15.9,357,9228198,ZCDF8,DIAMOND PRINCESS,16,KETCHIKAN
2008-06-23T11:53:44,310404000,55.10311333,-131.1475583,0,356.5,15.9,358,9228198,ZCDF8,DIAMOND PRINCESS,16,KETCHIKAN
2008-06-23T11:53:42,310404000,55.10304167,-131.14755,0,356.1,15.9,358,9228198,ZCDF8,DIAMOND PRINCESS,16,KETCHIKAN
2008-06-23T11:53:39,310404000,55.10282,-131.1475233,0,356.1,15.9,358,9228198,ZCDF8,DIAMOND PRINCESS,16,KETCHIKAN
2008-06-23T11:53:38,310404000,55.102745,-131.1475133,0,356.1,15.9,358,9228198,ZCDF8,DIAMOND PRINCESS,16,KETCHIKAN
2008-06-23T11:53:35,310404000,55.10245167,-131.147475,0,356.2,16.0,358,9228198,ZCDF8,DIAMOND PRINCESS,16,KETCHIKAN
2008-06-23T11:53:34,310404000,55.10238,-131.147465,0,356.5,16.0,358,9228198,ZCDF8,DIAMOND PRINCESS,16,KETCHIKAN
2008-06-23T11:53:31,310404000,55.10216,-131.1474367,0,357.5,16.0,359,9228198,ZCDF8,DIAMOND PRINCESS,16,KETCHIKAN
2008-06-23T11:53:28,310404000,55.10194167,-131.1474117,0,357.5,15.9,359,9228198,ZCDF8,DIAMOND PRINCESS,16,KETCHIKAN
2008-06-23T11:53:26,310404000,55.101795,-131.1473983,0,357.5,15.9,359,9228198,ZCDF8,DIAMOND PRINCESS,16,KETCHIKAN
2008-06-23T11:53:24,310404000,55.10157667,-131.14738,0,357.1,15.9,359,9228198,ZCDF8,DIAMOND PRINCESS,16,KETCHIKAN
2008-06-23T11:53:20,310404000,55.10135167,-131.1473633,0,357.1,15.9,359,9228198,ZCDF8,DIAMOND PRINCESS,16,KETCHIKAN
2008-06-23T11:53:13,310404000,55.10083833,-131.1473217,0,357.9,15.9,0,9228198,ZCDF8,DIAMOND PRINCESS,16,KETCHIKAN
2008-06-23T11:53:07,310404000,55.10039667,-131.1472883,0,358.2,15.9,0,9228198,ZCDF8,DIAMOND PRINCESS,16,KETCHIKAN
2008-06-23T11:53:01,310404000,55.10002833,-131.1472683,0,357.9,15.9,0,9228198,ZCDF8,DIAMOND PRINCESS,16,KETCHIKAN
2008-06-23T11:52:56,310404000,55.09959167,-131.1472417,0,357.9,15.9,0,9228198,ZCDF8,DIAMOND PRINCESS,16,KETCHIKAN
2008-06-23T11:52:50,310404000,55.09915333,-131.1472167,0,357.9,15.9,0,9228198,ZCDF8,DIAMOND PRINCESS,16,KETCHIKAN
2008-06-23T11:52:44,310404000,55.098705,-131.1471917,0,357.9,15.9,0,9228198,ZCDF8,DIAMOND PRINCESS,16,KETCHIKAN
2008-06-23T11:52:38,310404000,55.09827167,-131.1471683,0,357.9,15.9,0,9228198,ZCDF8,DIAMOND PRINCESS,16,KETCHIKAN
2008-06-23T11:52:31,310404000,55.09783333,-131.14714,0,357.9,15.8,0,9228198,ZCDF8,DIAMOND PRINCESS,16,KETCHIKAN
2008-06-23T11:52:26,310404000,55.097395,-131.147115,0,357.9,15.8,0,9228198,ZCDF8,DIAMOND PRINCESS,16,KETCHIKAN
2008-06-23T11:52:19,310404000,55.09695333,-131.14709,0,357.9,15.8,0,9228198,ZCDF8,DIAMOND PRINCESS,16,KETCHIKAN
2008-06-23T11:52:13,310404000,55.09643833,-131.14706,0,357.5,15.8,0,9228198,ZCDF8,DIAMOND PRINCESS,16,KETCHIKAN
2008-06-23T11:52:07,310404000,55.09600333,-131.1470317,0,357.9,15.8,0,9228198,ZCDF8,DIAMOND PRINCESS,16,KETCHIKAN
2008-06-23T11:52:01,310404000,55.09556667,-131.147005,0,357.9,15.8,0,9228198,ZCDF8,DIAMOND PRINCESS,16,KETCHIKAN
2008-06-23T11:51:56,310404000,55.09520333,-131.146985,0,357.5,15.8,0,9228198,ZCDF8,DIAMOND PRINCESS,16,KETCHIKAN
2008-06-23T11:51:50,310404000,55.09477,-131.1469567,0,357.5,15.8,0,9228198,ZCDF8,DIAMOND PRINCESS,16,KETCHIKAN
2008-06-23T11:51:44,310404000,55.09433,-131.1469283,0,357.9,15.8,0,9228198,ZCDF8,DIAMOND PRINCESS,16,KETCHIKAN
2008-06-23T11:51:38,310404000,55.09389167,-131.1469017,0,358.5,15.8,1,9228198,ZCDF8,DIAMOND PRINCESS,16,KETCHIKAN
2008-06-23T11:51:31,310404000,55.09345833,-131.14688,0,357.5,15.8,0,9228198,ZCDF8,DIAMOND PRINCESS,16,KETCHIKAN
2008-06-23T11:51:26,310404000,55.09302,-131.1468533,0,357.9,15.7,0,9228198,ZCDF8,DIAMOND PRINCESS,16,KETCHIKAN
2008-06-23T11:51:20,310404000,55.09258333,-131.14683,0,357.5,15.7,0,9228198,ZCDF8,DIAMOND PRINCESS,16,KETCHIKAN
2008-06-23T11:51:14,310404000,55.09215,-131.1468033,0,357.5,15.7,0,9228198,ZCDF8,DIAMOND PRINCESS,16,KETCHIKAN
2008-06-23T11:51:07,310404000,55.09164333,-131.14677,0,357.9,15.7,0,9228198,ZCDF8,DIAMOND PRINCESS,16,KETCHIKAN
2008-06-23T11:51:01,310404000,55.09127667,-131.1467467,0,357.9,15.7,0,9228198,ZCDF8,DIAMOND PRINCESS,16,KETCHIKAN
2008-06-23T11:50:50,310404000,55.09040833,-131.1467,0,357.5,15.7,0,9228198,ZCDF8,DIAMOND PRINCESS,16,KETCHIKAN
2008-06-23T11:50:44,310404000,55.0899,-131.146665,0,358.9,15.7,1,9228198,ZCDF8,DIAMOND PRINCESS,16,KETCHIKAN
2008-06-23T11:50:38,310404000,55.08953667,-131.1466433,0,358.9,15.7,1,9228198,ZCDF8,DIAMOND PRINCESS,16,KETCHIKAN
2008-06-23T11:50:31,310404000,55.08903,-131.1466183,0,358.1,15.7,1,9228198,ZCDF8,DIAMOND PRINCESS,16,KETCHIKAN
2008-06-23T11:50:26,310404000,55.088595,-131.1465883,0,358.1,15.7,1,9228198,ZCDF8,DIAMOND PRINCESS,16,KETCHIKAN
2008-06-23T11:50:20,310404000,55.08823,-131.14656,0,357.5,15.6,0,9228198,ZCDF8,DIAMOND PRINCESS,16,KETCHIKAN
2008-06-23T11:50:14,310404000,55.08779833,-131.1465267,0,357.5,15.6,0,9228198,ZCDF8,DIAMOND PRINCESS,16,KETCHIKAN
2008-06-23T11:50:07,310404000,55.08729333,-131.1464933,0,357.1,15.7,0,9228198,ZCDF8,DIAMOND PRINCESS,16,KETCHIKAN
2008-06-23T11:50:02,310404000,55.086935,-131.146465,0,356.0,15.6,359,9228198,ZCDF8,DIAMOND PRINCESS,16,KETCHIKAN
2008-06-23T11:49:56,310404000,55.0865,-131.1464217,0,356.0,15.7,359,9228198,ZCDF8,DIAMOND PRINCESS,16,KETCHIKAN
2008-06-23T11:49:49,310404000,55.085995,-131.146365,0,0.0,0.0,0,9228198,ZCDF8,DIAMOND PRINCESS,16,KETCHIKAN
2008-06-23T11:49:49,310404000,55.085995,-131.146365,0,355.0,15.7,359,9228198,ZCDF8,DIAMOND PRINCESS,16,KETCHIKAN
2008-06-23T11:49:44,310404000,55.08563833,-131.1463183,0,355.4,15.7,358,9228198,ZCDF8,DIAMOND PRINCESS,16,KETCHIKAN
2008-06-23T11:49:37,310404000,55.08520167,-131.1462583,0,355.4,15.7,358,9228198,ZCDF8,DIAMOND PRINCESS,16,KETCHIKAN
2008-06-23T11:49:31,310404000,55.084775,-131.1461967,0,354.4,15.7,357,9228198,ZCDF8,DIAMOND PRINCESS,16,KETCHIKAN
2008-06-23T11:49:26,310404000,55.08433833,-131.1461283,0,353.4,15.7,357,9228198,ZCDF8,DIAMOND PRINCESS,16,KETCHIKAN
2008-06-23T11:49:20,310404000,55.083835,-131.1460417,0,353.8,15.7,356,9228198,ZCDF8,DIAMOND PRINCESS,16,KETCHIKAN
2008-06-23T11:49:14,310404000,55.08341,-131.14596,0,352.8,15.7,355,9228198,ZCDF8,DIAMOND PRINCESS,16,KETCHIKAN
2008-06-23T11:49:07,310404000,55.082975,-131.1458717,0,351.8,15.7,354,9228198,ZCDF8,DIAMOND PRINCESS,16,KETCHIKAN
2008-06-23T11:49:01,310404000,55.08254833,-131.1457767,0,351.8,15.7,354,9228198,ZCDF8,DIAMOND PRINCESS,16,KETCHIKAN
2008-06-23T11:48:56,310404000,55.08219,-131.1456867,0,351.1,15.7,353,9228198,ZCDF8,DIAMOND PRINCESS,16,KETCHIKAN
2008-06-23T11:48:49,310404000,55.081685,-131.1455583,0,351.5,15.7,353,9228198,ZCDF8,DIAMOND PRINCESS,16,KETCHIKAN
2008-06-23T11:48:44,310404000,55.08125833,-131.1454517,0,350.1,15.7,352,9228198,ZCDF8,DIAMOND PRINCESS,16,KETCHIKAN
2008-06-23T11:48:37,310404000,55.08082833,-131.1453317,0,350.5,15.5,352,9228198,ZCDF8,DIAMOND PRINCESS,16,KETCHIKAN
2008-06-23T11:48:31,310404000,55.0804,-131.1452,0,349.5,15.7,351,9228198,ZCDF8,DIAMOND PRINCESS,16,KETCHIKAN
2008-06-23T11:48:26,310404000,55.080045,-131.1450867,0,349.9,15.7,351,9228198,ZCDF8,DIAMOND PRINCESS,16,KETCHIKAN
2008-06-23T11:48:20,310404000,55.07961333,-131.1449517,0,348.9,15.7,350,9228198,ZCDF8,DIAMOND PRINCESS,16,KETCHIKAN
2008-06-23T11:48:14,310404000,55.07919,-131.1448133,0,348.5,15.7,350,9228198,ZCDF8,DIAMOND PRINCESS,16,KETCHIKAN
2008-06-23T11:48:07,310404000,55.07869167,-131.1446433,0,348.5,15.7,350,9228198,ZCDF8,DIAMOND PRINCESS,16,KETCHIKAN
2008-06-23T11:48:02,310404000,55.07833667,-131.1445167,0,348.9,15.7,350,9228198,ZCDF8,DIAMOND PRINCESS,16,KETCHIKAN
2008-06-23T11:47:56,310404000,55.07791,-131.1443733,0,348.9,15.7,350,9228198,ZCDF8,DIAMOND PRINCESS,16,KETCHIKAN
2008-06-23T11:47:49,310404000,55.07741333,-131.14421,0,348.5,15.7,350,9228198,ZCDF8,DIAMOND PRINCESS,16,KETCHIKAN
2008-06-23T11:47:44,310404000,55.07698833,-131.1440617,0,348.5,15.7,350,9228198,ZCDF8,DIAMOND PRINCESS,16,KETCHIKAN
2008-06-23T11:47:37,310404000,55.07656167,-131.1439183,0,348.9,15.7,350,9228198,ZCDF8,DIAMOND PRINCESS,16,KETCHIKAN
2008-06-23T11:47:31,310404000,55.076135,-131.1437767,0,348.9,15.7,350,9228198,ZCDF8,DIAMOND PRINCESS,16,KETCHIKAN
2008-06-23T11:47:26,310404000,55.07570667,-131.1436367,0,348.5,15.7,350,9228198,ZCDF8,DIAMOND PRINCESS,16,KETCHIKAN
2008-06-23T11:47:20,310404000,55.07528333,-131.14349,0,348.9,15.7,350,9228198,ZCDF8,DIAMOND PRINCESS,16,KETCHIKAN
2008-06-23T11:47:13,310404000,55.074855,-131.143345,0,348.9,15.7,350,9228198,ZCDF8,DIAMOND PRINCESS,16,KETCHIKAN
2008-06-23T11:47:07,310404000,55.07443167,-131.143205,0,348.9,15.7,350,9228198,ZCDF8,DIAMOND PRINCESS,16,KETCHIKAN
2008-06-23T11:47:01,310404000,55.07400833,-131.1430633,0,348.9,15.7,350,9228198,ZCDF8,DIAMOND PRINCESS,16,KETCHIKAN
2008-06-23T11:46:55,310404000,55.07357833,-131.1429167,0,348.9,15.7,350,9228198,ZCDF8,DIAMOND PRINCESS,16,KETCHIKAN
2008-06-23T11:46:49,310404000,55.07315,-131.14277,0,348.9,15.7,350,9228198,ZCDF8,DIAMOND PRINCESS,16,KETCHIKAN
2008-06-23T11:46:44,310404000,55.072795,-131.1426517,0,348.9,15.7,350,9228198,ZCDF8,DIAMOND PRINCESS,16,KETCHIKAN
2008-06-23T11:46:37,310404000,55.07223,-131.142465,0,348.9,15.7,350,9228198,ZCDF8,DIAMOND PRINCESS,16,KETCHIKAN
2008-06-23T11:46:31,310404000,55.07187167,-131.1423467,0,348.9,15.7,350,9228198,ZCDF8,DIAMOND PRINCESS,16,KETCHIKAN
2008-06-23T11:46:25,310404000,55.071445,-131.1422033,0,348.9,15.7,350,9228198,ZCDF8,DIAMOND PRINCESS,16,KETCHIKAN
2008-06-23T11:46:13,310404000,55.07051667,-131.1419017,0,348.9,15.7,350,9228198,ZCDF8,DIAMOND PRINCESS,16,KETCHIKAN
2008-06-23T11:46:07,310404000,55.07008833,-131.1417567,0,348.9,15.7,350,9228198,ZCDF8,DIAMOND PRINCESS,16,KETCHIKAN
2008-06-23T11:45:55,310404000,55.06930167,-131.1414967,0,348.9,15.7,350,9228198,ZCDF8,DIAMOND PRINCESS,16,KETCHIKAN
2008-06-23T11:45:49,310404000,55.06888167,-131.1413567,0,348.9,15.7,350,9228198,ZCDF8,DIAMOND PRINCESS,16,KETCHIKAN
2008-06-23T11:45:44,310404000,55.068455,-131.141215,0,348.9,15.7,350,9228198,ZCDF8,DIAMOND PRINCESS,16,KETCHIKAN
2008-06-23T11:45:25,310404000,55.06717167,-131.14079,0,348.9,15.7,350,9228198,ZCDF8,DIAMOND PRINCESS,16,KETCHIKAN
2008-06-23T11:45:19,310404000,55.06667667,-131.1406283,0,348.5,15.7,350,9228198,ZCDF8,DIAMOND PRINCESS,16,KETCHIKAN
2008-06-23T11:45:07,310404000,55.06582167,-131.140345,0,348.9,15.7,350,9228198,ZCDF8,DIAMOND PRINCESS,16,KETCHIKAN
2008-06-23T11:44:55,310404000,55.06496833,-131.1400633,0,348.9,15.7,350,9228198,ZCDF8,DIAMOND PRINCESS,16,KETCHIKAN
2008-06-23T11:44:44,310404000,55.06418667,-131.139805,0,348.9,15.7,350,9228198,ZCDF8,DIAMOND PRINCESS,16,KETCHIKAN
2008-06-23T11:44:37,310404000,55.06368667,-131.1396383,0,348.9,15.7,350,9228198,ZCDF8,DIAMOND PRINCESS,16,KETCHIKAN
2008-06-23T11:44:31,310404000,55.06333,-131.1395167,0,348.9,15.7,350,9228198,ZCDF8,DIAMOND PRINCESS,16,KETCHIKAN
2008-06-23T11:44:25,310404000,55.062905,-131.1393733,0,349.2,15.7,350,9228198,ZCDF8,DIAMOND PRINCESS,16,KETCHIKAN
2008-06-23T11:44:19,310404000,55.06248,-131.1392333,0,348.9,15.7,350,9228198,ZCDF8,DIAMOND PRINCESS,16,KETCHIKAN
2008-06-23T11:44:13,310404000,55.062055,-131.1390917,0,348.9,15.7,350,9228198,ZCDF8,DIAMOND PRINCESS,16,KETCHIKAN
2008-06-23T11:44:08,310404000,55.061625,-131.1389483,0,349.2,15.7,350,9228198,ZCDF8,DIAMOND PRINCESS,16,KETCHIKAN
2008-06-23T11:43:52,310404000,55.05983833,-131.1383567,0,0.0,0.0,0,9228198,ZCDF8,DIAMOND PRINCESS,16,KETCHIKAN
2008-06-23T11:43:44,310404000,55.05983833,-131.1383567,0,349.2,15.9,350,9228198,ZCDF8,DIAMOND PRINCESS,16,KETCHIKAN
2008-06-23T11:43:37,310404000,55.05941,-131.138215,0,349.2,15.8,350,9228198,ZCDF8,DIAMOND PRINCESS,16,KETCHIKAN
2008-06-23T11:43:25,310404000,55.05855167,-131.1379367,0,348.9,15.8,350,9228198,ZCDF8,DIAMOND PRINCESS,16,KETCHIKAN
2008-06-23T11:43:19,310404000,55.05812167,-131.13779,0,349.2,15.8,350,9228198,ZCDF8,DIAMOND PRINCESS,16,KETCHIKAN
2008-06-23T11:43:13,310404000,55.057695,-131.1376483,0,349.2,15.7,350,9228198,ZCDF8,DIAMOND PRINCESS,16,KETCHIKAN
2008-06-23T11:43:08,310404000,55.057335,-131.13753,0,348.9,15.7,350,9228198,ZCDF8,DIAMOND PRINCESS,16,KETCHIKAN
2008-06-23T11:42:55,310404000,55.05647667,-131.1372483,0,350.2,15.8,351,9228198,ZCDF8,DIAMOND PRINCESS,16,KETCHIKAN
2008-06-23T11:42:44,310404000,55.05561333,-131.13698,0,349.9,15.8,351,9228198,ZCDF8,DIAMOND PRINCESS,16,KETCHIKAN
2008-06-23T11:42:37,310404000,55.05518333,-131.1368417,0,348.9,15.8,350,9228198,ZCDF8,DIAMOND PRINCESS,16,KETCHIKAN
2008-06-23T11:42:31,310404000,55.054755,-131.136695,0,349.2,15.8,350,9228198,ZCDF8,DIAMOND PRINCESS,16,KETCHIKAN
2008-06-23T11:42:26,310404000,55.05432833,-131.13655,0,348.9,15.8,350,9228198,ZCDF8,DIAMOND PRINCESS,16,KETCHIKAN
2008-06-23T11:42:19,310404000,55.053825,-131.1363917,0,348.9,15.8,350,9228198,ZCDF8,DIAMOND PRINCESS,16,KETCHIKAN
2008-06-23T11:42:13,310404000,55.053395,-131.1362517,0,348.9,15.8,350,9228198,ZCDF8,DIAMOND PRINCESS,16,KETCHIKAN
2008-06-23T11:42:08,310404000,55.05304167,-131.1361267,0,349.2,15.8,350,9228198,ZCDF8,DIAMOND PRINCESS,16,KETCHIKAN
2008-06-23T11:42:01,310404000,55.052545,-131.135955,0,348.9,15.7,350,9228198,ZCDF8,DIAMOND PRINCESS,16,KETCHIKAN
2008-06-23T11:41:55,310404000,55.052115,-131.1358167,0,348.9,15.7,350,9228198,ZCDF8,DIAMOND PRINCESS,16,KETCHIKAN
2008-06-23T11:41:49,310404000,55.05168667,-131.13567,0,348.9,15.7,350,9228198,ZCDF8,DIAMOND PRINCESS,16,KETCHIKAN
2008-06-23T11:41:37,310404000,55.05083333,-131.1353917,0,348.9,15.7,350,9228198,ZCDF8,DIAMOND PRINCESS,16,KETCHIKAN
2008-06-23T11:41:31,310404000,55.05047667,-131.1352733,0,348.8,15.6,350,9228198,ZCDF8,DIAMOND PRINCESS,16,KETCHIKAN
2008-06-23T11:41:26,310404000,55.05005167,-131.13513,0,348.8,15.6,350,9228198,ZCDF8,DIAMOND PRINCESS,16,KETCHIKAN
2008-06-23T11:41:08,310404000,55.04877833,-131.1347083,0,348.8,15.6,350,9228198,ZCDF8,DIAMOND PRINCESS,16,KETCHIKAN
2008-06-23T11:40:55,310404000,55.04786,-131.1344033,0,348.8,15.5,350,9228198,ZCDF8,DIAMOND PRINCESS,16,KETCHIKAN
2008-06-23T11:40:49,310404000,55.04743833,-131.1342633,0,348.8,15.5,350,9228198,ZCDF8,DIAMOND PRINCESS,16,KETCHIKAN
2008-06-23T11:40:43,310404000,55.047015,-131.1341217,0,348.8,15.5,350,9228198,ZCDF8,DIAMOND PRINCESS,16,KETCHIKAN
2008-06-23T11:40:37,310404000,55.0466,-131.13398,0,348.8,15.5,350,9228198,ZCDF8,DIAMOND PRINCESS,16,KETCHIKAN
2008-06-23T11:40:31,310404000,55.04618333,-131.13384,0,348.8,15.5,350,9228198,ZCDF8,DIAMOND PRINCESS,16,KETCHIKAN
2008-06-23T11:40:19,310404000,55.04533833,-131.1335517,0,348.8,15.5,350,9228198,ZCDF8,DIAMOND PRINCESS,16,KETCHIKAN
2008-06-23T11:40:13,310404000,55.04491667,-131.1334117,0,348.5,15.5,350,9228198,ZCDF8,DIAMOND PRINCESS,16,KETCHIKAN
2008-06-23T11:40:08,310404000,55.044565,-131.1332917,0,348.5,15.5,350,9228198,ZCDF8,DIAMOND PRINCESS,16,KETCHIKAN
2008-06-23T11:40:01,310404000,55.044075,-131.1331233,0,348.8,15.5,350,9228198,ZCDF8,DIAMOND PRINCESS,16,KETCHIKAN
2008-06-23T11:39:43,310404000,55.04281833,-131.1327017,0,348.8,15.5,350,9228198,ZCDF8,DIAMOND PRINCESS,16,KETCHIKAN
2008-06-23T11:39:37,310404000,55.04239333,-131.132555,0,349.2,15.5,350,9228198,ZCDF8,DIAMOND PRINCESS,16,KETCHIKAN
2008-06-23T11:39:31,310404000,55.04190167,-131.1323967,0,348.8,15.5,350,9228198,ZCDF8,DIAMOND PRINCESS,16,KETCHIKAN
2008-06-23T11:39:19,310404000,55.04112667,-131.1321333,0,348.8,15.5,350,9228198,ZCDF8,DIAMOND PRINCESS,16,KETCHIKAN
2008-06-23T11:39:14,310404000,55.04071,-131.13199,0,349.2,15.5,350,9228198,ZCDF8,DIAMOND PRINCESS,16,KETCHIKAN
2008-06-23T11:39:01,310404000,55.03986,-131.1317217,0,348.5,15.5,350,9228198,ZCDF8,DIAMOND PRINCESS,16,KETCHIKAN
2008-06-23T11:38:55,310404000,55.03944,-131.1315767,0,348.8,15.5,350,9228198,ZCDF8,DIAMOND PRINCESS,16,KETCHIKAN
2008-06-23T11:38:49,310404000,55.03901833,-131.13143,0,349.6,15.6,350,9228198,ZCDF8,DIAMOND PRINCESS,16,KETCHIKAN
2008-06-23T11:38:43,310404000,55.03859,-131.1312983,0,348.8,15.6,350,9228198,ZCDF8,DIAMOND PRINCESS,16,KETCHIKAN
2008-06-23T11:38:37,310404000,55.03816833,-131.1311633,0,348.8,15.6,350,9228198,ZCDF8,DIAMOND PRINCESS,16,KETCHIKAN
2008-06-23T11:38:31,310404000,55.03774667,-131.1310183,0,349.2,15.6,350,9228198,ZCDF8,DIAMOND PRINCESS,16,KETCHIKAN
2008-06-23T11:38:26,310404000,55.03732667,-131.1308783,0,349.2,15.6,350,9228198,ZCDF8,DIAMOND PRINCESS,16,KETCHIKAN
2008-06-23T11:38:20,310404000,55.03689833,-131.130745,0,348.8,15.6,350,9228198,ZCDF8,DIAMOND PRINCESS,16,KETCHIKAN
2008-06-23T11:38:08,310404000,55.03605167,-131.1304567,0,350.2,15.6,351,9228198,ZCDF8,DIAMOND PRINCESS,16,KETCHIKAN
2008-06-23T11:37:55,310404000,55.03520333,-131.1301917,0,349.5,15.6,351,9228198,ZCDF8,DIAMOND PRINCESS,16,KETCHIKAN
2008-06-23T11:37:49,310404000,55.03478,-131.1300517,0,349.5,15.6,351,9228198,ZCDF8,DIAMOND PRINCESS,16,KETCHIKAN
2008-06-23T11:37:49,310404000,55.03435667,-131.1299067,0,0.0,0.0,0,9228198,ZCDF8,DIAMOND PRINCESS,16,KETCHIKAN
2008-06-23T11:37:43,310404000,55.03435667,-131.1299067,0,348.8,15.6,350,9228198,ZCDF8,DIAMOND PRINCESS,16,KETCHIKAN
2008-06-23T11:37:37,310404000,55.03393,-131.1297683,0,348.9,15.7,350,9228198,ZCDF8,DIAMOND PRINCESS,16,KETCHIKAN
2008-06-23T11:37:31,310404000,55.033505,-131.1296333,0,348.5,15.7,350,9228198,ZCDF8,DIAMOND PRINCESS,16,KETCHIKAN
2008-06-23T11:37:20,310404000,55.03271833,-131.1293667,0,349.9,15.7,350,9228198,ZCDF8,DIAMOND PRINCESS,16,KETCHIKAN
2008-06-23T11:37:14,310404000,55.03223,-131.1292067,0,349.9,15.7,351,9228198,ZCDF8,DIAMOND PRINCESS,16,KETCHIKAN
2008-06-23T11:37:08,310404000,55.03187167,-131.129095,0,349.5,15.7,351,9228198,ZCDF8,DIAMOND PRINCESS,16,KETCHIKAN
2008-06-23T11:36:55,310404000,55.03087833,-131.1287617,0,349.2,15.7,350,9228198,ZCDF8,DIAMOND PRINCESS,16,KETCHIKAN
2008-06-23T11:36:43,310404000,55.03002167,-131.12849,0,348.9,15.7,350,9228198,ZCDF8,DIAMOND PRINCESS,16,KETCHIKAN
2008-06-23T11:36:37,310404000,55.02959667,-131.1283467,0,349.2,15.7,350,9228198,ZCDF8,DIAMOND PRINCESS,16,KETCHIKAN
2008-06-23T11:36:31,310404000,55.02917167,-131.128205,0,349.2,15.7,350,9228198,ZCDF8,DIAMOND PRINCESS,16,KETCHIKAN
2008-06-23T11:36:26,310404000,55.02881667,-131.1280917,0,349.2,15.7,350,9228198,ZCDF8,DIAMOND PRINCESS,16,KETCHIKAN
2008-06-23T11:36:07,310404000,55.02753333,-131.1276767,0,349.2,15.7,350,9228198,ZCDF8,DIAMOND PRINCESS,16,KETCHIKAN
2008-06-23T11:35:43,310404000,55.02575167,-131.12711,0,349.2,15.7,350,9228198,ZCDF8,DIAMOND PRINCESS,16,KETCHIKAN
2008-06-23T11:35:37,310404000,55.02532333,-131.1269717,0,349.6,15.8,350,9228198,ZCDF8,DIAMOND PRINCESS,16,KETCHIKAN
2008-06-23T11:35:31,310404000,55.02489667,-131.1268333,0,349.6,15.7,350,9228198,ZCDF8,DIAMOND PRINCESS,16,KETCHIKAN
2008-06-23T11:35:26,310404000,55.02454167,-131.1267217,0,349.2,15.7,350,9228198,ZCDF8,DIAMOND PRINCESS,16,KETCHIKAN
2008-06-23T11:35:14,310404000,55.023685,-131.126445,0,349.6,15.8,350,9228198,ZCDF8,DIAMOND PRINCESS,16,KETCHIKAN
2008-06-23T11:35:07,310404000,55.02318333,-131.1262867,0,349.2,15.8,350,9228198,ZCDF8,DIAMOND PRINCESS,16,KETCHIKAN
2008-06-23T11:34:55,310404000,55.02232333,-131.1260117,0,349.2,15.8,350,9228198,ZCDF8,DIAMOND PRINCESS,16,KETCHIKAN
2008-06-23T11:34:49,310404000,55.02197,-131.1258967,0,349.6,15.8,350,9228198,ZCDF8,DIAMOND PRINCESS,16,KETCHIKAN
2008-06-23T11:34:26,310404000,55.020175,-131.1253217,0,349.6,15.9,350,9228198,ZCDF8,DIAMOND PRINCESS,16,KETCHIKAN
2008-06-23T11:34:20,310404000,55.01981667,-131.12521,0,348.9,15.8,350,9228198,ZCDF8,DIAMOND PRINCESS,16,KETCHIKAN
2008-06-23T11:34:14,310404000,55.019315,-131.12505,0,349.2,15.9,350,9228198,ZCDF8,DIAMOND PRINCESS,16,KETCHIKAN
2008-06-23T11:34:07,310404000,55.01888333,-131.1249067,0,349.6,15.9,350,9228198,ZCDF8,DIAMOND PRINCESS,16,KETCHIKAN
2008-06-23T11:33:55,310404000,55.018015,-131.1246333,0,348.9,15.9,350,9228198,ZCDF8,DIAMOND PRINCESS,16,KETCHIKAN
2008-06-23T11:33:44,310404000,55.01723167,-131.1243667,0,349.2,15.9,350,9228198,ZCDF8,DIAMOND PRINCESS,16,KETCHIKAN
2008-06-23T11:33:31,310404000,55.01629333,-131.1240667,0,349.9,16.0,351,9228198,ZCDF8,DIAMOND PRINCESS,16,KETCHIKAN
2008-06-23T11:33:20,310404000,55.01542167,-131.1237917,0,349.9,16.0,351,9228198,ZCDF8,DIAMOND PRINCESS,16,KETCHIKAN
2008-06-23T11:33:14,310404000,55.01498833,-131.1236533,0,348.9,16.0,350,9228198,ZCDF8,DIAMOND PRINCESS,16,KETCHIKAN
2008-06-23T11:33:07,310404000,55.01455,-131.1235117,0,349.2,16.0,350,9228198,ZCDF8,DIAMOND PRINCESS,16,KETCHIKAN
2008-06-23T11:32:55,310404000,55.01360833,-131.12321,0,348.9,16.0,350,9228198,ZCDF8,DIAMOND PRINCESS,16,KETCHIKAN
2008-06-23T11:32:49,310404000,55.013175,-131.1230633,0,348.9,16.0,350,9228198,ZCDF8,DIAMOND PRINCESS,16,KETCHIKAN
2008-06-23T11:32:44,310404000,55.01281333,-131.1229383,0,348.9,16.0,350,9228198,ZCDF8,DIAMOND PRINCESS,16,KETCHIKAN
2008-06-23T11:32:37,310404000,55.01237833,-131.1227967,0,348.9,16.0,350,9228198,ZCDF8,DIAMOND PRINCESS,16,KETCHIKAN
2008-06-23T11:32:31,310404000,55.01194167,-131.1226517,0,348.9,16.0,350,9228198,ZCDF8,DIAMOND PRINCESS,16,KETCHIKAN
2008-06-23T11:32:02,310404000,55.00983167,-131.12195,0,348.9,16.1,350,9228198,ZCDF8,DIAMOND PRINCESS,16,KETCHIKAN
2008-06-23T11:31:55,310404000,55.00925167,-131.1217533,0,349.2,16.1,350,9228198,ZCDF8,DIAMOND PRINCESS,16,KETCHIKAN
2008-06-23T11:31:48,310404000,55.008445,-131.1214883,0,0.0,0.0,0,9228198,ZCDF8,DIAMOND PRINCESS,16,KETCHIKAN
2008-06-23T11:31:44,310404000,55.008445,-131.1214883,0,348.9,16.1,350,9228198,ZCDF8,DIAMOND PRINCESS,16,KETCHIKAN
2008-06-23T11:31:37,310404000,55.00793667,-131.1213133,0,349.2,16.1,350,9228198,ZCDF8,DIAMOND PRINCESS,16,KETCHIKAN
2008-06-23T11:31:31,310404000,55.00758,-131.1211983,0,349.2,16.1,350,9228198,ZCDF8,DIAMOND PRINCESS,16,KETCHIKAN
2008-06-23T11:31:26,310404000,55.00714,-131.1210567,0,348.9,16.1,350,9228198,ZCDF8,DIAMOND PRINCESS,16,KETCHIKAN
2008-06-23T11:31:19,310404000,55.006625,-131.1208833,0,349.2,16.1,350,9228198,ZCDF8,DIAMOND PRINCESS,16,KETCHIKAN
2008-06-23T11:31:13,310404000,55.00626167,-131.12076,0,349.2,16.1,350,9228198,ZCDF8,DIAMOND PRINCESS,16,KETCHIKAN
2008-06-23T11:31:07,310404000,55.00582333,-131.1206183,0,349.2,16.1,350,9228198,ZCDF8,DIAMOND PRINCESS,16,KETCHIKAN
2008-06-23T11:30:55,310404000,55.00495167,-131.1203333,0,348.9,16.1,350,9228198,ZCDF8,DIAMOND PRINCESS,16,KETCHIKAN
2008-06-23T11:30:44,310404000,55.00407333,-131.1200417,0,348.9,16.1,350,9228198,ZCDF8,DIAMOND PRINCESS,16,KETCHIKAN
2008-06-23T11:30:37,310404000,55.00363,-131.1198967,0,348.9,16.1,350,9228198,ZCDF8,DIAMOND PRINCESS,16,KETCHIKAN
2008-06-23T11:30:31,310404000,55.00312333,-131.119725,0,349.2,16.1,350,9228198,ZCDF8,DIAMOND PRINCESS,16,KETCHIKAN
2008-06-23T11:30:19,310404000,55.00224833,-131.1194333,0,348.9,16.1,350,9228198,ZCDF8,DIAMOND PRINCESS,16,KETCHIKAN
2008-06-23T11:29:55,310404000,55.0005,-131.11885,0,348.9,16.1,350,9228198,ZCDF8,DIAMOND PRINCESS,16,KETCHIKAN
2008-06-23T11:29:31,310404000,54.99881667,-131.1182933,0,348.9,16.1,350,9228198,ZCDF8,DIAMOND PRINCESS,16,KETCHIKAN
2008-06-23T11:29:13,310404000,54.9974,-131.117845,0,348.5,16.1,350,9228198,ZCDF8,DIAMOND PRINCESS,16,KETCHIKAN
2008-06-23T11:29:07,310404000,54.99696,-131.1177,0,348.5,16.1,350,9228198,ZCDF8,DIAMOND PRINCESS,16,KETCHIKAN
2008-06-23T11:29:02,310404000,54.99652167,-131.11755,0,348.9,16.1,350,9228198,ZCDF8,DIAMOND PRINCESS,16,KETCHIKAN
2008-06-23T11:28:55,310404000,54.99608333,-131.1174033,0,349.2,16.1,350,9228198,ZCDF8,DIAMOND PRINCESS,16,KETCHIKAN
2008-06-23T11:28:32,310404000,54.99441,-131.1168517,0,349.2,16.1,350,9228198,ZCDF8,DIAMOND PRINCESS,16,KETCHIKAN
2008-06-23T11:28:19,310404000,54.993465,-131.1165383,0,348.9,16.1,350,9228198,ZCDF8,DIAMOND PRINCESS,16,KETCHIKAN
2008-06-23T11:28:13,310404000,54.99302667,-131.116385,0,349.2,16.1,350,9228198,ZCDF8,DIAMOND PRINCESS,16,KETCHIKAN
2008-06-23T11:28:07,310404000,54.99259167,-131.1162433,0,348.9,16.1,350,9228198,ZCDF8,DIAMOND PRINCESS,16,KETCHIKAN
2008-06-23T11:27:56,310404000,54.99179167,-131.115975,0,349.2,16.1,350,9228198,ZCDF8,DIAMOND PRINCESS,16,KETCHIKAN
2008-06-23T11:27:49,310404000,54.99120833,-131.1157833,0,348.9,16.1,350,9228198,ZCDF8,DIAMOND PRINCESS,16,KETCHIKAN
2008-06-23T11:27:44,310404000,54.990845,-131.1156667,0,348.9,16.1,350,9228198,ZCDF8,DIAMOND PRINCESS,16,KETCHIKAN
2008-06-23T11:27:13,310404000,54.988665,-131.1149433,0,349.6,16.0,350,9228198,ZCDF8,DIAMOND PRINCESS,16,KETCHIKAN
2008-06-23T11:27:07,310404000,54.98822833,-131.1148083,0,349.2,16.0,350,9228198,ZCDF8,DIAMOND PRINCESS,16,KETCHIKAN
2008-06-23T11:27:02,310404000,54.98786167,-131.1146933,0,348.5,16.0,350,9228198,ZCDF8,DIAMOND PRINCESS,16,KETCHIKAN
2008-06-23T11:26:56,310404000,54.98742833,-131.11454,0,349.6,16.1,350,9228198,ZCDF8,DIAMOND PRINCESS,16,KETCHIKAN
2008-06-23T11:26:49,310404000,54.98691833,-131.1143717,0,349.6,16.0,350,9228198,ZCDF8,DIAMOND PRINCESS,16,KETCHIKAN
2008-06-23T11:26:32,310404000,54.98561167,-131.1139367,0,349.6,16.1,350,9228198,ZCDF8,DIAMOND PRINCESS,16,KETCHIKAN
2008-06-23T11:26:26,310404000,54.985175,-131.1137967,0,349.2,16.1,350,9228198,ZCDF8,DIAMOND PRINCESS,16,KETCHIKAN
2008-06-23T11:26:19,310404000,54.984665,-131.11363,0,349.2,16.1,350,9228198,ZCDF8,DIAMOND PRINCESS,16,KETCHIKAN
2008-06-23T11:26:13,310404000,54.984305,-131.1135033,0,349.2,16.0,350,9228198,ZCDF8,DIAMOND PRINCESS,16,KETCHIKAN
2008-06-23T11:26:07,310404000,54.98387,-131.1133567,0,349.2,16.0,350,9228198,ZCDF8,DIAMOND PRINCESS,16,KETCHIKAN
2008-06-23T11:26:02,310404000,54.98343667,-131.11321,0,349.2,16.0,350,9228198,ZCDF8,DIAMOND PRINCESS,16,KETCHIKAN
2008-06-23T11:25:56,310404000,54.98300333,-131.1130617,0,349.6,16.1,350,9228198,ZCDF8,DIAMOND PRINCESS,16,KETCHIKAN
2008-06-23T11:25:51,310404000,54.98213333,-131.11276,0,0.0,0.0,0,9228198,ZCDF8,DIAMOND PRINCESS,16,KETCHIKAN
2008-06-23T11:25:43,310404000,54.98213333,-131.11276,0,349.6,16.0,350,9228198,ZCDF8,DIAMOND PRINCESS,16,KETCHIKAN
2008-06-23T11:25:32,310404000,54.98133667,-131.112495,0,348.2,16.0,349,9228198,ZCDF8,DIAMOND PRINCESS,16,KETCHIKAN
2008-06-23T11:25:26,310404000,54.98089833,-131.1123433,0,348.6,16.0,349,9228198,ZCDF8,DIAMOND PRINCESS,16,KETCHIKAN
2008-06-23T11:25:19,310404000,54.98032,-131.1121433,0,348.6,16.0,349,9228198,ZCDF8,DIAMOND PRINCESS,16,KETCHIKAN
2008-06-23T11:25:07,310404000,54.97945167,-131.11185,0,348.2,16.0,349,9228198,ZCDF8,DIAMOND PRINCESS,16,KETCHIKAN
2008-06-23T11:24:56,310404000,54.97866667,-131.1115683,0,349.0,16.0,349,9228198,ZCDF8,DIAMOND PRINCESS,16,KETCHIKAN
2008-06-23T11:24:43,310404000,54.97780333,-131.1112783,0,348.2,16.0,349,9228198,ZCDF8,DIAMOND PRINCESS,16,KETCHIKAN
2008-06-23T11:24:38,310404000,54.977365,-131.1111233,0,349.0,16.0,349,9228198,ZCDF8,DIAMOND PRINCESS,16,KETCHIKAN
2008-06-23T11:24:32,310404000,54.97692333,-131.1109767,0,349.0,16.0,349,9228198,ZCDF8,DIAMOND PRINCESS,16,KETCHIKAN
2008-06-23T11:24:26,310404000,54.97649333,-131.1108333,0,348.2,16.0,349,9228198,ZCDF8,DIAMOND PRINCESS,16,KETCHIKAN
2008-06-23T11:24:19,310404000,54.97606,-131.1106833,0,348.6,16.0,349,9228198,ZCDF8,DIAMOND PRINCESS,16,KETCHIKAN
2008-06-23T11:24:02,310404000,54.97482167,-131.1102667,0,348.6,16.0,349,9228198,ZCDF8,DIAMOND PRINCESS,16,KETCHIKAN
2008-06-23T11:23:56,310404000,54.97439333,-131.110115,0,348.6,16.0,349,9228198,ZCDF8,DIAMOND PRINCESS,16,KETCHIKAN
2008-06-23T11:23:38,310404000,54.97301333,-131.1096467,0,349.0,16.0,349,9228198,ZCDF8,DIAMOND PRINCESS,16,KETCHIKAN
2008-06-23T11:23:32,310404000,54.97257833,-131.1095067,0,349.2,16.0,350,9228198,ZCDF8,DIAMOND PRINCESS,16,KETCHIKAN
2008-06-23T11:23:26,310404000,54.972145,-131.1093617,0,349.6,16.0,350,9228198,ZCDF8,DIAMOND PRINCESS,16,KETCHIKAN
2008-06-23T11:23:19,310404000,54.97163833,-131.1091933,0,350.0,16.0,350,9228198,ZCDF8,DIAMOND PRINCESS,16,KETCHIKAN
2008-06-23T11:23:14,310404000,54.97127333,-131.10908,0,349.6,16.0,350,9228198,ZCDF8,DIAMOND PRINCESS,16,KETCHIKAN
2008-06-23T11:23:07,310404000,54.97076833,-131.10892,0,349.6,16.0,350,9228198,ZCDF8,DIAMOND PRINCESS,16,KETCHIKAN
2008-06-23T11:23:02,310404000,54.970405,-131.1088033,0,349.6,16.0,350,9228198,ZCDF8,DIAMOND PRINCESS,16,KETCHIKAN
2008-06-23T11:22:56,310404000,54.96997,-131.1086667,0,349.2,16.0,350,9228198,ZCDF8,DIAMOND PRINCESS,16,KETCHIKAN
2008-06-23T11:22:49,310404000,54.96953833,-131.1085283,0,349.6,16.0,350,9228198,ZCDF8,DIAMOND PRINCESS,16,KETCHIKAN
2008-06-23T11:22:43,310404000,54.96910333,-131.108395,0,350.2,16.0,351,9228198,ZCDF8,DIAMOND PRINCESS,16,KETCHIKAN
2008-06-23T11:22:38,310404000,54.968595,-131.1082433,0,350.2,16.0,351,9228198,ZCDF8,DIAMOND PRINCESS,16,KETCHIKAN
2008-06-23T11:22:32,310404000,54.96822833,-131.1081233,0,350.6,16.0,351,9228198,ZCDF8,DIAMOND PRINCESS,16,KETCHIKAN
2008-06-23T11:22:26,310404000,54.96779333,-131.1079883,0,350.2,16.0,351,9228198,ZCDF8,DIAMOND PRINCESS,16,KETCHIKAN
2008-06-23T11:22:19,310404000,54.967285,-131.1078333,0,349.2,16.0,350,9228198,ZCDF8,DIAMOND PRINCESS,16,KETCHIKAN
2008-06-23T11:22:07,310404000,54.96641333,-131.1075567,0,348.9,16.0,350,9228198,ZCDF8,DIAMOND PRINCESS,16,KETCHIKAN
2008-06-23T11:22:02,310404000,54.966055,-131.1074383,0,349.2,16.1,350,9228198,ZCDF8,DIAMOND PRINCESS,16,KETCHIKAN
2008-06-23T11:21:56,310404000,54.96562,-131.107295,0,349.2,16.1,350,9228198,ZCDF8,DIAMOND PRINCESS,16,KETCHIKAN
2008-06-23T11:21:43,310404000,54.96467667,-131.1069883,0,349.2,16.0,350,9228198,ZCDF8,DIAMOND PRINCESS,16,KETCHIKAN
2008-06-23T11:21:38,310404000,54.96431167,-131.1068633,0,349.6,16.0,350,9228198,ZCDF8,DIAMOND PRINCESS,16,KETCHIKAN
2008-06-23T11:21:31,310404000,54.963805,-131.10669,0,349.0,16.1,349,9228198,ZCDF8,DIAMOND PRINCESS,16,KETCHIKAN
2008-06-23T11:21:19,310404000,54.96293333,-131.1064,0,348.2,16.1,349,9228198,ZCDF8,DIAMOND PRINCESS,16,KETCHIKAN
2008-06-23T11:21:14,310404000,54.96250333,-131.1062417,0,349.3,16.1,349,9228198,ZCDF8,DIAMOND PRINCESS,16,KETCHIKAN
2008-06-23T11:21:07,310404000,54.96206,-131.1060983,0,348.6,16.1,349,9228198,ZCDF8,DIAMOND PRINCESS,16,KETCHIKAN
2008-06-23T11:20:56,310404000,54.96119,-131.1057983,0,349.0,16.1,349,9228198,ZCDF8,DIAMOND PRINCESS,16,KETCHIKAN
2008-06-23T11:20:31,310404000,54.959445,-131.1052067,0,350.0,16.1,350,9228198,ZCDF8,DIAMOND PRINCESS,16,KETCHIKAN
2008-06-23T11:20:25,310404000,54.95900667,-131.1050733,0,350.6,16.1,351,9228198,ZCDF8,DIAMOND PRINCESS,16,KETCHIKAN
2008-06-23T11:20:19,310404000,54.95856667,-131.10494,0,349.9,16.1,351,9228198,ZCDF8,DIAMOND PRINCESS,16,KETCHIKAN
2008-06-23T11:19:56,310404000,54.95681,-131.1044317,0,351.5,16.1,353,9228198,ZCDF8,DIAMOND PRINCESS,16,KETCHIKAN
2008-06-23T11:19:46,310404000,54.955855,-131.1041783,0,0.0,0.0,0,9228198,ZCDF8,DIAMOND PRINCESS,16,KETCHIKAN
2008-06-23T11:19:43,310404000,54.955855,-131.1041783,0,351.2,16.1,353,9228198,ZCDF8,DIAMOND PRINCESS,16,KETCHIKAN
2008-06-23T11:19:25,310404000,54.95453667,-131.1038417,0,350.8,16.1,353,9228198,ZCDF8,DIAMOND PRINCESS,16,KETCHIKAN
2008-06-23T11:19:20,310404000,54.95417167,-131.1037383,0,351.2,16.1,353,9228198,ZCDF8,DIAMOND PRINCESS,16,KETCHIKAN
2008-06-23T11:19:14,310404000,54.95373,-131.10362,0,351.5,16.1,353,9228198,ZCDF8,DIAMOND PRINCESS,16,KETCHIKAN
2008-06-23T11:19:07,310404000,54.95329,-131.10351,0,349.8,16.1,352,9228198,ZCDF8,DIAMOND PRINCESS,16,KETCHIKAN
2008-06-23T11:19:02,310404000,54.95292333,-131.1034067,0,349.8,16.1,352,9228198,ZCDF8,DIAMOND PRINCESS,16,KETCHIKAN
2008-06-23T11:18:56,310404000,54.95247833,-131.103265,0,349.9,16.0,351,9228198,ZCDF8,DIAMOND PRINCESS,16,KETCHIKAN
2008-06-23T11:18:43,310404000,54.951535,-131.1029867,0,348.5,16.0,350,9228198,ZCDF8,DIAMOND PRINCESS,16,KETCHIKAN
2008-06-23T11:18:38,310404000,54.95117333,-131.1028633,0,348.9,16.0,350,9228198,ZCDF8,DIAMOND PRINCESS,16,KETCHIKAN
2008-06-23T11:18:31,310404000,54.95059333,-131.1026683,0,349.2,16.0,350,9228198,ZCDF8,DIAMOND PRINCESS,16,KETCHIKAN
2008-06-23T11:18:25,310404000,54.95016,-131.10252,0,349.6,16.0,350,9228198,ZCDF8,DIAMOND PRINCESS,16,KETCHIKAN
2008-06-23T11:18:20,310404000,54.94979,-131.1023983,0,348.2,16.0,349,9228198,ZCDF8,DIAMOND PRINCESS,16,KETCHIKAN
2008-06-23T11:18:14,310404000,54.94936,-131.1022517,0,347.9,16.0,349,9228198,ZCDF8,DIAMOND PRINCESS,16,KETCHIKAN
2008-06-23T11:18:07,310404000,54.94892167,-131.1020917,0,349.6,16.0,350,9228198,ZCDF8,DIAMOND PRINCESS,16,KETCHIKAN
2008-06-23T11:18:02,310404000,54.94848667,-131.101945,0,349.6,16.0,350,9228198,ZCDF8,DIAMOND PRINCESS,16,KETCHIKAN
2008-06-23T11:17:56,310404000,54.94805167,-131.101805,0,349.2,16.0,350,9228198,ZCDF8,DIAMOND PRINCESS,16,KETCHIKAN
2008-06-23T11:17:43,310404000,54.94717833,-131.1015167,0,351.0,16.0,351,9228198,ZCDF8,DIAMOND PRINCESS,16,KETCHIKAN
2008-06-23T11:17:38,310404000,54.94674333,-131.1013867,0,350.6,16.0,351,9228198,ZCDF8,DIAMOND PRINCESS,16,KETCHIKAN
2008-06-23T11:17:25,310404000,54.94586667,-131.1011483,0,351.6,16.0,352,9228198,ZCDF8,DIAMOND PRINCESS,16,KETCHIKAN
2008-06-23T11:17:14,310404000,54.94506167,-131.1009383,0,351.2,16.0,352,9228198,ZCDF8,DIAMOND PRINCESS,16,KETCHIKAN
2008-06-23T11:17:07,310404000,54.94455,-131.1008117,0,352.6,16.0,353,9228198,ZCDF8,DIAMOND PRINCESS,16,KETCHIKAN
2008-06-23T11:16:56,310404000,54.943675,-131.100595,0,352.6,16.0,353,9228198,ZCDF8,DIAMOND PRINCESS,16,KETCHIKAN
2008-06-23T11:16:50,310404000,54.943235,-131.100495,0,354.0,16.0,354,9228198,ZCDF8,DIAMOND PRINCESS,16,KETCHIKAN
2008-06-23T11:16:31,310404000,54.941845,-131.1002083,0,355.0,16.0,355,9228198,ZCDF8,DIAMOND PRINCESS,16,KETCHIKAN
2008-06-23T11:16:25,310404000,54.94140167,-131.1001333,0,355.6,16.0,356,9228198,ZCDF8,DIAMOND PRINCESS,16,KETCHIKAN
2008-06-23T11:16:20,310404000,54.941035,-131.1000783,0,355.2,16.0,356,9228198,ZCDF8,DIAMOND PRINCESS,16,KETCHIKAN
2008-06-23T11:16:18,310404000,54.94088833,-131.100055,0,354.9,16.0,356,9228198,ZCDF8,DIAMOND PRINCESS,16,KETCHIKAN
2008-06-23T11:16:14,310404000,54.94059167,-131.1000117,0,356.2,16.0,357,9228198,ZCDF8,DIAMOND PRINCESS,16,KETCHIKAN
2008-06-23T11:16:12,310404000,54.940445,-131.0999883,0,356.2,16.0,357,9228198,ZCDF8,DIAMOND PRINCESS,16,KETCHIKAN
2008-06-23T11:16:10,310404000,54.94029333,-131.099965,0,356.6,16.1,357,9228198,ZCDF8,DIAMOND PRINCESS,16,KETCHIKAN
2008-06-23T11:16:07,310404000,54.940145,-131.0999467,0,356.6,16.1,357,9228198,ZCDF8,DIAMOND PRINCESS,16,KETCHIKAN
2008-06-23T11:16:06,310404000,54.93999833,-131.0999267,0,357.6,16.1,358,9228198,ZCDF8,DIAMOND PRINCESS,16,KETCHIKAN
2008-06-23T11:16:04,310404000,54.93985,-131.0999117,0,357.2,16.1,358,9228198,ZCDF8,DIAMOND PRINCESS,16,KETCHIKAN
2008-06-23T11:16:02,310404000,54.93977667,-131.099905,0,357.2,16.1,358,9228198,ZCDF8,DIAMOND PRINCESS,16,KETCHIKAN
2008-06-23T11:16:00,310404000,54.93955667,-131.099885,0,356.9,16.0,358,9228198,ZCDF8,DIAMOND PRINCESS,16,KETCHIKAN
2008-06-23T11:15:58,310404000,54.93940667,-131.0998733,0,356.9,16.0,358,9228198,ZCDF8,DIAMOND PRINCESS,16,KETCHIKAN
2008-06-23T11:15:56,310404000,54.93926,-131.09986,0,357.9,16.0,359,9228198,ZCDF8,DIAMOND PRINCESS,16,KETCHIKAN
2008-06-23T11:15:54,310404000,54.93911333,-131.099845,0,357.9,16.0,359,9228198,ZCDF8,DIAMOND PRINCESS,16,KETCHIKAN
2008-06-23T11:15:44,310404000,54.93837167,-131.0997867,0,359.0,16.1,0,9228198,ZCDF8,DIAMOND PRINCESS,16,KETCHIKAN
2008-06-23T11:15:37,310404000,54.937855,-131.0997633,0,359.0,16.1,0,9228198,ZCDF8,DIAMOND PRINCESS,16,KETCHIKAN
2008-06-23T11:15:31,310404000,54.93741333,-131.0997433,0,359.6,16.0,1,9228198,ZCDF8,DIAMOND PRINCESS,16,KETCHIKAN
2008-06-23T11:15:25,310404000,54.93696667,-131.0997333,0,0.0,16.1,1,9228198,ZCDF8,DIAMOND PRINCESS,16,KETCHIKAN
2008-06-23T11:15:02,310404000,54.93526167,-131.0997483,0,1.5,16.1,3,9228198,ZCDF8,DIAMOND PRINCESS,16,KETCHIKAN
2008-06-23T11:14:56,310404000,54.93481833,-131.099765,0,2.9,16.1,4,9228198,ZCDF8,DIAMOND PRINCESS,16,KETCHIKAN
2008-06-23T11:14:50,310404000,54.93437167,-131.0998,0,3.5,16.1,5,9228198,ZCDF8,DIAMOND PRINCESS,16,KETCHIKAN
2008-06-23T11:14:44,310404000,54.93392667,-131.0998383,0,2.8,16.1,5,9228198,ZCDF8,DIAMOND PRINCESS,16,KETCHIKAN
2008-06-23T11:14:37,310404000,54.93340833,-131.0998767,0,4.9,16.1,6,9228198,ZCDF8,DIAMOND PRINCESS,16,KETCHIKAN
2008-06-23T11:14:31,310404000,54.93296167,-131.0999283,0,5.9,16.1,6,9228198,ZCDF8,DIAMOND PRINCESS,16,KETCHIKAN
2008-06-23T11:14:25,310404000,54.93251667,-131.0999983,0,5.2,16.1,7,9228198,ZCDF8,DIAMOND PRINCESS,16,KETCHIKAN
2008-06-23T11:13:56,310404000,54.9303,-131.1004033,0,7.5,16.1,10,9228198,ZCDF8,DIAMOND PRINCESS,16,KETCHIKAN
2008-06-23T11:13:50,310404000,54.92992833,-131.100475,0,8.2,16.1,10,9228198,ZCDF8,DIAMOND PRINCESS,16,KETCHIKAN
2008-06-23T11:13:48,310404000,54.929485,-131.100575,0,0.0,0.0,0,9228198,ZCDF8,DIAMOND PRINCESS,16,KETCHIKAN
2008-06-23T11:13:44,310404000,54.929485,-131.100575,0,9.5,16.1,11,9228198,ZCDF8,DIAMOND PRINCESS,16,KETCHIKAN
2008-06-23T11:13:37,310404000,54.92896667,-131.10072,0,8.5,16.2,11,9228198,ZCDF8,DIAMOND PRINCESS,16,KETCHIKAN
2008-06-23T11:13:25,310404000,54.928085,-131.1009517,0,10.2,16.1,12,9228198,ZCDF8,DIAMOND PRINCESS,16,KETCHIKAN
2008-06-23T11:13:20,310404000,54.92771833,-131.10106,0,11.2,16.1,13,9228198,ZCDF8,DIAMOND PRINCESS,16,KETCHIKAN
2008-06-23T11:13:14,310404000,54.92727833,-131.101205,0,10.5,16.2,13,9228198,ZCDF8,DIAMOND PRINCESS,16,KETCHIKAN
2008-06-23T11:13:08,310404000,54.926765,-131.1013683,0,11.5,16.1,14,9228198,ZCDF8,DIAMOND PRINCESS,16,KETCHIKAN
2008-06-23T11:13:02,310404000,54.926325,-131.10151,0,11.8,16.1,14,9228198,ZCDF8,DIAMOND PRINCESS,16,KETCHIKAN
2008-06-23T11:12:56,310404000,54.92588833,-131.1016633,0,12.8,16.2,15,9228198,ZCDF8,DIAMOND PRINCESS,16,KETCHIKAN
2008-06-23T11:12:44,310404000,54.92501833,-131.102,0,13.1,16.1,16,9228198,ZCDF8,DIAMOND PRINCESS,16,KETCHIKAN
2008-06-23T11:12:37,310404000,54.92457833,-131.1021733,0,14.1,16.1,17,9228198,ZCDF8,DIAMOND PRINCESS,16,KETCHIKAN
2008-06-23T11:12:31,310404000,54.92414667,-131.1023483,0,14.5,16.1,17,9228198,ZCDF8,DIAMOND PRINCESS,16,KETCHIKAN
2008-06-23T11:12:25,310404000,54.92371667,-131.1025383,0,15.1,16.2,18,9228198,ZCDF8,DIAMOND PRINCESS,16,KETCHIKAN
2008-06-23T11:12:20,310404000,54.92335667,-131.1027083,0,14.4,16.2,18,9228198,ZCDF8,DIAMOND PRINCESS,16,KETCHIKAN
2008-06-23T11:12:13,310404000,54.92285,-131.1029383,0,15.8,16.1,19,9228198,ZCDF8,DIAMOND PRINCESS,16,KETCHIKAN
2008-06-23T11:12:08,310404000,54.92248833,-131.1031067,0,16.1,16.1,19,9228198,ZCDF8,DIAMOND PRINCESS,16,KETCHIKAN
2008-06-23T11:11:56,310404000,54.92156333,-131.1035817,0,16.1,16.2,20,9228198,ZCDF8,DIAMOND PRINCESS,16,KETCHIKAN
2008-06-23T11:11:50,310404000,54.92113667,-131.103795,0,17.4,16.2,20,9228198,ZCDF8,DIAMOND PRINCESS,16,KETCHIKAN
2008-06-23T11:11:44,310404000,54.92070667,-131.1040167,0,17.8,16.2,21,9228198,ZCDF8,DIAMOND PRINCESS,16,KETCHIKAN
2008-06-23T11:11:37,310404000,54.92021,-131.1042883,0,17.4,16.2,21,9228198,ZCDF8,DIAMOND PRINCESS,16,KETCHIKAN
2008-06-23T11:11:31,310404000,54.91978333,-131.1045233,0,17.1,16.2,21,9228198,ZCDF8,DIAMOND PRINCESS,16,KETCHIKAN
2008-06-23T11:11:20,310404000,54.91899667,-131.1049483,0,18.4,16.2,21,9228198,ZCDF8,DIAMOND PRINCESS,16,KETCHIKAN
2008-06-23T11:11:13,310404000,54.91857,-131.10519,0,18.8,16.2,22,9228198,ZCDF8,DIAMOND PRINCESS,16,KETCHIKAN
2008-06-23T11:11:08,310404000,54.91814167,-131.1054333,0,18.1,16.2,22,9228198,ZCDF8,DIAMOND PRINCESS,16,KETCHIKAN
2008-06-23T11:11:02,310404000,54.91771667,-131.1056733,0,18.1,16.2,22,9228198,ZCDF8,DIAMOND PRINCESS,16,KETCHIKAN
2008-06-23T11:10:56,310404000,54.91736,-131.10587,0,18.4,16.2,22,9228198,ZCDF8,DIAMOND PRINCESS,16,KETCHIKAN
2008-06-23T11:10:50,310404000,54.916935,-131.1061033,0,18.4,16.2,22,9228198,ZCDF8,DIAMOND PRINCESS,16,KETCHIKAN
2008-06-23T11:10:44,310404000,54.916435,-131.10639,0,18.1,16.3,22,9228198,ZCDF8,DIAMOND PRINCESS,16,KETCHIKAN
2008-06-23T11:10:31,310404000,54.91550667,-131.1069067,0,18.8,16.3,22,9228198,ZCDF8,DIAMOND PRINCESS,16,KETCHIKAN
2008-06-23T11:10:26,310404000,54.91515,-131.10711,0,18.4,16.3,22,9228198,ZCDF8,DIAMOND PRINCESS,16,KETCHIKAN
2008-06-23T11:10:08,310404000,54.913865,-131.1078433,0,18.8,16.3,22,9228198,ZCDF8,DIAMOND PRINCESS,16,KETCHIKAN
2008-06-23T11:10:02,310404000,54.91343667,-131.1080883,0,18.4,16.3,22,9228198,ZCDF8,DIAMOND PRINCESS,16,KETCHIKAN
2008-06-23T11:09:56,310404000,54.91300667,-131.1083333,0,17.1,16.4,21,9228198,ZCDF8,DIAMOND PRINCESS,16,KETCHIKAN
2008-06-23T11:09:44,310404000,54.912145,-131.1088117,0,18.5,16.4,22,9228198,ZCDF8,DIAMOND PRINCESS,16,KETCHIKAN
2008-06-23T11:09:31,310404000,54.91121333,-131.1093417,0,18.1,16.3,22,9228198,ZCDF8,DIAMOND PRINCESS,16,KETCHIKAN
2008-06-23T11:09:26,310404000,54.91092667,-131.1095067,0,18.5,16.4,22,9228198,ZCDF8,DIAMOND PRINCESS,16,KETCHIKAN
2008-06-23T11:09:20,310404000,54.91042333,-131.10979,0,18.1,16.3,22,9228198,ZCDF8,DIAMOND PRINCESS,16,KETCHIKAN
2008-06-23T11:09:13,310404000,54.90992167,-131.1100817,0,19.1,16.4,23,9228198,ZCDF8,DIAMOND PRINCESS,16,KETCHIKAN
2008-06-23T11:09:08,310404000,54.909495,-131.110335,0,19.1,16.4,23,9228198,ZCDF8,DIAMOND PRINCESS,16,KETCHIKAN
2008-06-23T11:09:02,310404000,54.90906667,-131.1105883,0,18.8,16.4,23,9228198,ZCDF8,DIAMOND PRINCESS,16,KETCHIKAN
2008-06-23T11:08:56,310404000,54.90871,-131.1108017,0,18.8,16.4,23,9228198,ZCDF8,DIAMOND PRINCESS,16,KETCHIKAN
2008-06-23T11:08:43,310404000,54.90777833,-131.1113583,0,18.8,16.4,23,9228198,ZCDF8,DIAMOND PRINCESS,16,KETCHIKAN
2008-06-23T11:08:37,310404000,54.90735167,-131.1116117,0,18.4,16.5,23,9228198,ZCDF8,DIAMOND PRINCESS,16,KETCHIKAN
2008-06-23T11:08:31,310404000,54.90691833,-131.1118667,0,18.8,16.4,23,9228198,ZCDF8,DIAMOND PRINCESS,16,KETCHIKAN
2008-06-23T11:08:26,310404000,54.90656167,-131.1120733,0,18.8,16.4,23,9228198,ZCDF8,DIAMOND PRINCESS,16,KETCHIKAN
2008-06-23T11:08:19,310404000,54.90606,-131.1123683,0,18.1,16.4,22,9228198,ZCDF8,DIAMOND PRINCESS,16,KETCHIKAN
2008-06-23T11:08:13,310404000,54.90562833,-131.112625,0,17.8,16.4,22,9228198,ZCDF8,DIAMOND PRINCESS,16,KETCHIKAN
2008-06-23T11:07:55,310404000,54.90433167,-131.113355,0,18.1,16.4,22,9228198,ZCDF8,DIAMOND PRINCESS,16,KETCHIKAN
2008-06-23T11:07:44,310404000,54.90346333,-131.113845,0,0.0,0.0,0,9228198,ZCDF8,DIAMOND PRINCESS,16,KETCHIKAN
2008-06-23T11:07:43,310404000,54.90346333,-131.113845,0,17.8,16.4,22,9228198,ZCDF8,DIAMOND PRINCESS,16,KETCHIKAN
2008-06-23T11:07:37,310404000,54.90295667,-131.114115,0,18.1,16.4,22,9228198,ZCDF8,DIAMOND PRINCESS,16,KETCHIKAN
2008-06-23T11:07:31,310404000,54.90259333,-131.11431,0,18.1,16.4,22,9228198,ZCDF8,DIAMOND PRINCESS,16,KETCHIKAN
2008-06-23T11:07:26,310404000,54.902235,-131.11451,0,17.8,16.4,22,9228198,ZCDF8,DIAMOND PRINCESS,16,KETCHIKAN
2008-06-23T11:07:19,310404000,54.90172833,-131.11479,0,17.8,16.4,22,9228198,ZCDF8,DIAMOND PRINCESS,16,KETCHIKAN
2008-06-23T11:07:13,310404000,54.90129333,-131.1150333,0,18.1,16.4,22,9228198,ZCDF8,DIAMOND PRINCESS,16,KETCHIKAN
2008-06-23T11:07:08,310404000,54.900935,-131.115235,0,18.1,16.4,22,9228198,ZCDF8,DIAMOND PRINCESS,16,KETCHIKAN
2008-06-23T11:07:02,310404000,54.90050333,-131.1154867,0,18.8,16.4,23,9228198,ZCDF8,DIAMOND PRINCESS,16,KETCHIKAN
2008-06-23T11:06:55,310404000,54.9,-131.11578,0,18.8,16.4,23,9228198,ZCDF8,DIAMOND PRINCESS,16,KETCHIKAN
2008-06-23T11:06:43,310404000,54.899135,-131.1162783,0,19.1,16.4,23,9228198,ZCDF8,DIAMOND PRINCESS,16,KETCHIKAN
2008-06-23T11:06:37,310404000,54.89870667,-131.1165333,0,18.8,16.4,23,9228198,ZCDF8,DIAMOND PRINCESS,16,KETCHIKAN
2008-06-23T11:06:32,310404000,54.89835167,-131.1167483,0,18.8,16.4,23,9228198,ZCDF8,DIAMOND PRINCESS,16,KETCHIKAN
2008-06-23T11:06:19,310404000,54.89734667,-131.11734,0,19.1,16.4,23,9228198,ZCDF8,DIAMOND PRINCESS,16,KETCHIKAN
2008-06-23T11:06:08,310404000,54.89655833,-131.1178167,0,18.4,16.5,23,9228198,ZCDF8,DIAMOND PRINCESS,16,KETCHIKAN
2008-06-23T11:06:02,310404000,54.89612833,-131.1180717,0,18.4,16.5,23,9228198,ZCDF8,DIAMOND PRINCESS,16,KETCHIKAN
2008-06-23T11:05:49,310404000,54.89526333,-131.11856,0,19.1,16.5,23,9228198,ZCDF8,DIAMOND PRINCESS,16,KETCHIKAN
2008-06-23T11:05:43,310404000,54.89483667,-131.1188183,0,17.8,16.5,22,9228198,ZCDF8,DIAMOND PRINCESS,16,KETCHIKAN
2008-06-23T11:05:37,310404000,54.894405,-131.1190683,0,17.4,16.5,22,9228198,ZCDF8,DIAMOND PRINCESS,16,KETCHIKAN
2008-06-23T11:05:32,310404000,54.89397,-131.1193033,0,17.8,16.4,22,9228198,ZCDF8,DIAMOND PRINCESS,16,KETCHIKAN
2008-06-23T11:05:26,310404000,54.89361,-131.1195067,0,18.1,16.4,22,9228198,ZCDF8,DIAMOND PRINCESS,16,KETCHIKAN
2008-06-23T11:05:19,310404000,54.893105,-131.1198017,0,17.4,16.5,22,9228198,ZCDF8,DIAMOND PRINCESS,16,KETCHIKAN
2008-06-23T11:04:55,310404000,54.891305,-131.12082,0,18.4,16.5,23,9228198,ZCDF8,DIAMOND PRINCESS,16,KETCHIKAN
2008-06-23T11:04:49,310404000,54.89087333,-131.1210717,0,18.4,16.5,23,9228198,ZCDF8,DIAMOND PRINCESS,16,KETCHIKAN
2008-06-23T11:04:43,310404000,54.89044333,-131.1213267,0,18.8,16.4,23,9228198,ZCDF8,DIAMOND PRINCESS,16,KETCHIKAN
2008-06-23T11:04:32,310404000,54.88965667,-131.1217883,0,18.4,16.5,23,9228198,ZCDF8,DIAMOND PRINCESS,16,KETCHIKAN
2008-06-23T11:04:25,310404000,54.889225,-131.1220367,0,18.4,16.5,23,9228198,ZCDF8,DIAMOND PRINCESS,16,KETCHIKAN
2008-06-23T11:04:14,310404000,54.888365,-131.1225367,0,18.4,16.4,23,9228198,ZCDF8,DIAMOND PRINCESS,16,KETCHIKAN
2008-06-23T11:04:08,310404000,54.88793333,-131.1227883,0,18.0,16.4,23,9228198,ZCDF8,DIAMOND PRINCESS,16,KETCHIKAN
2008-06-23T11:03:55,310404000,54.88707167,-131.1232833,0,18.8,16.5,23,9228198,ZCDF8,DIAMOND PRINCESS,16,KETCHIKAN
2008-06-23T11:03:49,310404000,54.88664167,-131.12354,0,18.1,16.5,23,9228198,ZCDF8,DIAMOND PRINCESS,16,KETCHIKAN
2008-06-23T11:03:44,310404000,54.88621,-131.1237917,0,18.4,16.5,23,9228198,ZCDF8,DIAMOND PRINCESS,16,KETCHIKAN
2008-06-23T11:03:37,310404000,54.885705,-131.1240783,0,18.1,16.5,23,9228198,ZCDF8,DIAMOND PRINCESS,16,KETCHIKAN
2008-06-23T11:03:32,310404000,54.88534333,-131.1242883,0,17.8,16.5,22,9228198,ZCDF8,DIAMOND PRINCESS,16,KETCHIKAN
2008-06-23T11:03:25,310404000,54.88483833,-131.1245833,0,17.4,16.6,22,9228198,ZCDF8,DIAMOND PRINCESS,16,KETCHIKAN
2008-06-23T11:03:14,310404000,54.88404,-131.1250217,0,18.5,16.5,22,9228198,ZCDF8,DIAMOND PRINCESS,16,KETCHIKAN
2008-06-23T11:03:08,310404000,54.88360667,-131.1252617,0,17.1,16.5,21,9228198,ZCDF8,DIAMOND PRINCESS,16,KETCHIKAN
2008-06-23T11:02:55,310404000,54.88266167,-131.1257817,0,17.1,16.5,21,9228198,ZCDF8,DIAMOND PRINCESS,16,KETCHIKAN
2008-06-23T11:02:49,310404000,54.88222167,-131.12602,0,17.5,16.5,21,9228198,ZCDF8,DIAMOND PRINCESS,16,KETCHIKAN
2008-06-23T11:02:44,310404000,54.88186,-131.1262233,0,17.5,16.5,21,9228198,ZCDF8,DIAMOND PRINCESS,16,KETCHIKAN
2008-06-23T11:02:32,310404000,54.88091833,-131.12675,0,18.1,16.5,22,9228198,ZCDF8,DIAMOND PRINCESS,16,KETCHIKAN
2008-06-23T11:02:25,310404000,54.88048333,-131.12699,0,18.5,16.5,22,9228198,ZCDF8,DIAMOND PRINCESS,16,KETCHIKAN
2008-06-23T11:02:19,310404000,54.88004833,-131.1272367,0,18.5,16.5,22,9228198,ZCDF8,DIAMOND PRINCESS,16,KETCHIKAN
2008-06-23T11:02:14,310404000,54.87968333,-131.1274433,0,18.5,16.5,22,9228198,ZCDF8,DIAMOND PRINCESS,16,KETCHIKAN
2008-06-23T11:02:08,310404000,54.87925,-131.1276867,0,18.5,16.5,22,9228198,ZCDF8,DIAMOND PRINCESS,16,KETCHIKAN
2008-06-23T11:02:02,310404000,54.878815,-131.127935,0,18.1,16.5,22,9228198,ZCDF8,DIAMOND PRINCESS,16,KETCHIKAN
2008-06-23T11:01:49,310404000,54.87786833,-131.1284667,0,18.8,16.6,22,9228198,ZCDF8,DIAMOND PRINCESS,16,KETCHIKAN
2008-06-23T11:01:31,310404000,54.87656667,-131.1292267,0,18.5,16.6,22,9228198,ZCDF8,DIAMOND PRINCESS,16,KETCHIKAN
2008-06-23T11:01:19,310404000,54.87577,-131.1296967,0,18.2,16.6,22,9228198,ZCDF8,DIAMOND PRINCESS,16,KETCHIKAN
2008-06-23T11:01:14,310404000,54.875335,-131.129955,0,17.8,16.6,22,9228198,ZCDF8,DIAMOND PRINCESS,16,KETCHIKAN
2008-06-23T11:01:08,310404000,54.87489833,-131.1301983,0,18.5,16.6,22,9228198,ZCDF8,DIAMOND PRINCESS,16,KETCHIKAN
2008-06-23T11:01:01,310404000,54.87432,-131.1305333,0,18.8,16.6,22,9228198,ZCDF8,DIAMOND PRINCESS,16,KETCHIKAN
2008-06-23T11:00:55,310404000,54.87396167,-131.1307567,0,17.8,16.6,22,9228198,ZCDF8,DIAMOND PRINCESS,16,KETCHIKAN
2008-06-23T11:00:50,310404000,54.87359667,-131.13097,0,17.5,16.7,22,9228198,ZCDF8,DIAMOND PRINCESS,16,KETCHIKAN
2008-06-23T11:00:44,310404000,54.87308833,-131.1312483,0,18.8,16.5,22,9228198,ZCDF8,DIAMOND PRINCESS,16,KETCHIKAN
2008-06-23T11:00:31,310404000,54.87222667,-131.1317633,0,18.2,16.6,22,9228198,ZCDF8,DIAMOND PRINCESS,16,KETCHIKAN
2008-06-23T11:00:19,310404000,54.87135167,-131.1322517,0,18.8,16.5,22,9228198,ZCDF8,DIAMOND PRINCESS,16,KETCHIKAN
2008-06-23T11:00:01,310404000,54.870045,-131.1330083,0,18.5,16.6,22,9228198,ZCDF8,DIAMOND PRINCESS,16,KETCHIKAN
2008-06-23T10:59:55,310404000,54.86960833,-131.1332483,0,19.2,16.7,22,9228198,ZCDF8,DIAMOND PRINCESS,16,KETCHIKAN
2008-06-23T10:59:44,310404000,54.86873833,-131.1337583,0,17.8,16.6,22,9228198,ZCDF8,DIAMOND PRINCESS,16,KETCHIKAN
2008-06-23T10:59:37,310404000,54.86822667,-131.1340367,0,18.9,16.7,22,9228198,ZCDF8,DIAMOND PRINCESS,16,KETCHIKAN
2008-06-23T10:59:08,310404000,54.86618667,-131.1351967,0,19.2,16.7,22,9228198,ZCDF8,DIAMOND PRINCESS,16,KETCHIKAN
2008-06-23T10:58:55,310404000,54.86524333,-131.1357483,0,18.2,16.6,22,9228198,ZCDF8,DIAMOND PRINCESS,16,KETCHIKAN
2008-06-23T10:58:50,310404000,54.86487667,-131.1359483,0,18.8,16.6,22,9228198,ZCDF8,DIAMOND PRINCESS,16,KETCHIKAN
2008-06-23T10:58:37,310404000,54.86394167,-131.136505,0,18.2,16.7,22,9228198,ZCDF8,DIAMOND PRINCESS,16,KETCHIKAN
2008-06-23T10:58:31,310404000,54.863505,-131.136755,0,18.2,16.7,22,9228198,ZCDF8,DIAMOND PRINCESS,16,KETCHIKAN
2008-06-23T10:58:20,310404000,54.86263,-131.1372517,0,18.9,16.7,22,9228198,ZCDF8,DIAMOND PRINCESS,16,KETCHIKAN
2008-06-23T10:58:14,310404000,54.86219667,-131.1375183,0,18.2,16.7,22,9228198,ZCDF8,DIAMOND PRINCESS,16,KETCHIKAN
2008-06-23T10:58:08,310404000,54.86176167,-131.1377733,0,18.2,16.7,22,9228198,ZCDF8,DIAMOND PRINCESS,16,KETCHIKAN
2008-06-23T10:57:56,310404000,54.86089,-131.1382767,0,18.5,16.6,22,9228198,ZCDF8,DIAMOND PRINCESS,16,KETCHIKAN
2008-06-23T10:57:50,310404000,54.86045667,-131.13854,0,18.2,16.6,22,9228198,ZCDF8,DIAMOND PRINCESS,16,KETCHIKAN
2008-06-23T10:57:44,310404000,54.86002167,-131.1387883,0,18.2,16.6,22,9228198,ZCDF8,DIAMOND PRINCESS,16,KETCHIKAN
2008-06-23T10:57:25,310404000,54.85871667,-131.1395417,0,18.5,16.6,22,9228198,ZCDF8,DIAMOND PRINCESS,16,KETCHIKAN
2008-06-23T10:57:14,310404000,54.857915,-131.1399917,0,17.5,16.6,21,9228198,ZCDF8,DIAMOND PRINCESS,16,KETCHIKAN
2008-06-23T10:57:08,310404000,54.85747833,-131.1402317,0,17.8,16.6,21,9228198,ZCDF8,DIAMOND PRINCESS,16,KETCHIKAN
2008-06-23T10:57:01,310404000,54.85697167,-131.1405167,0,17.5,16.6,21,9228198,ZCDF8,DIAMOND PRINCESS,16,KETCHIKAN
2008-06-23T10:56:56,310404000,54.85654,-131.140765,0,17.2,16.6,21,9228198,ZCDF8,DIAMOND PRINCESS,16,KETCHIKAN
2008-06-23T10:56:31,310404000,54.85480333,-131.1417317,0,17.5,16.6,21,9228198,ZCDF8,DIAMOND PRINCESS,16,KETCHIKAN
2008-06-23T10:56:20,310404000,54.85393667,-131.1422083,0,18.2,16.6,21,9228198,ZCDF8,DIAMOND PRINCESS,16,KETCHIKAN
2008-06-23T10:56:07,310404000,54.85306833,-131.1427067,0,17.5,16.5,21,9228198,ZCDF8,DIAMOND PRINCESS,16,KETCHIKAN
2008-06-23T10:56:01,310404000,54.85263333,-131.1429433,0,18.2,16.5,21,9228198,ZCDF8,DIAMOND PRINCESS,16,KETCHIKAN
2008-06-23T10:55:56,310404000,54.85219667,-131.143185,0,18.2,16.5,21,9228198,ZCDF8,DIAMOND PRINCESS,16,KETCHIKAN
2008-06-23T10:55:50,310404000,54.85183833,-131.143395,0,17.5,16.6,21,9228198,ZCDF8,DIAMOND PRINCESS,16,KETCHIKAN
2008-06-23T10:55:31,310404000,54.85039,-131.1442133,0,18.2,16.6,21,9228198,ZCDF8,DIAMOND PRINCESS,16,KETCHIKAN
2008-06-23T10:55:20,310404000,54.84959833,-131.1446783,0,17.5,16.5,21,9228198,ZCDF8,DIAMOND PRINCESS,16,KETCHIKAN
2008-06-23T10:54:44,310404000,54.84699667,-131.14615,0,19.2,16.5,22,9228198,ZCDF8,DIAMOND PRINCESS,16,KETCHIKAN
2008-06-23T10:54:37,310404000,54.84649167,-131.1464467,0,17.5,16.5,21,9228198,ZCDF8,DIAMOND PRINCESS,16,KETCHIKAN
2008-06-23T10:54:31,310404000,54.84613333,-131.1466533,0,17.5,16.5,21,9228198,ZCDF8,DIAMOND PRINCESS,16,KETCHIKAN
2008-06-23T10:54:20,310404000,54.84519667,-131.1471833,0,17.8,16.5,21,9228198,ZCDF8,DIAMOND PRINCESS,16,KETCHIKAN
2008-06-23T10:53:56,310404000,54.84346667,-131.1481567,0,17.8,16.5,21,9228198,ZCDF8,DIAMOND PRINCESS,16,KETCHIKAN
2008-06-23T10:53:49,310404000,54.84303667,-131.1484017,0,17.8,16.5,21,9228198,ZCDF8,DIAMOND PRINCESS,16,KETCHIKAN
2008-06-23T10:53:44,310404000,54.84267667,-131.1486067,0,17.5,16.4,21,9228198,ZCDF8,DIAMOND PRINCESS,16,KETCHIKAN
2008-06-23T10:53:25,310404000,54.841305,-131.1493617,0,17.8,16.4,21,9228198,ZCDF8,DIAMOND PRINCESS,16,KETCHIKAN
2008-06-23T10:53:14,310404000,54.84051333,-131.149805,0,17.5,16.4,21,9228198,ZCDF8,DIAMOND PRINCESS,16,KETCHIKAN
2008-06-23T10:53:07,310404000,54.84001,-131.15008,0,18.2,16.4,21,9228198,ZCDF8,DIAMOND PRINCESS,16,KETCHIKAN
2008-06-23T10:53:01,310404000,54.83964833,-131.1502833,0,18.2,16.4,21,9228198,ZCDF8,DIAMOND PRINCESS,16,KETCHIKAN
2008-06-23T10:52:56,310404000,54.83914333,-131.1505667,0,17.8,16.4,21,9228198,ZCDF8,DIAMOND PRINCESS,16,KETCHIKAN
2008-06-23T10:52:49,310404000,54.83871,-131.150805,0,17.8,16.4,21,9228198,ZCDF8,DIAMOND PRINCESS,16,KETCHIKAN
2008-06-23T10:52:44,310404000,54.83828,-131.1510433,0,17.8,16.4,21,9228198,ZCDF8,DIAMOND PRINCESS,16,KETCHIKAN
2008-06-23T10:52:32,310404000,54.83741167,-131.1515333,0,18.1,16.3,21,9228198,ZCDF8,DIAMOND PRINCESS,16,KETCHIKAN
2008-06-23T10:52:20,310404000,54.83654833,-131.1520033,0,17.5,16.3,20,9228198,ZCDF8,DIAMOND PRINCESS,16,KETCHIKAN
2008-06-23T10:52:14,310404000,54.83619,-131.1522017,0,17.5,16.3,20,9228198,ZCDF8,DIAMOND PRINCESS,16,KETCHIKAN
2008-06-23T10:52:01,310404000,54.83526,-131.1527217,0,16.8,16.3,20,9228198,ZCDF8,DIAMOND PRINCESS,16,KETCHIKAN
2008-06-23T10:51:56,310404000,54.8349,-131.1529133,0,18.5,16.3,21,9228198,ZCDF8,DIAMOND PRINCESS,16,KETCHIKAN
2008-06-23T10:51:37,310404000,54.83347333,-131.15371,0,18.1,16.3,21,9228198,ZCDF8,DIAMOND PRINCESS,16,KETCHIKAN
2008-06-23T10:51:32,310404000,54.833115,-131.1539033,0,18.8,16.3,21,9228198,ZCDF8,DIAMOND PRINCESS,16,KETCHIKAN
2008-06-23T10:51:25,310404000,54.83261667,-131.1541933,0,18.5,16.3,21,9228198,ZCDF8,DIAMOND PRINCESS,16,KETCHIKAN
2008-06-23T10:51:20,310404000,54.832265,-131.1544033,0,17.8,16.3,21,9228198,ZCDF8,DIAMOND PRINCESS,16,KETCHIKAN
2008-06-23T10:51:08,310404000,54.83140667,-131.1548783,0,18.8,16.3,21,9228198,ZCDF8,DIAMOND PRINCESS,16,KETCHIKAN
2008-06-23T10:51:01,310404000,54.83098167,-131.1551317,0,18.5,16.3,21,9228198,ZCDF8,DIAMOND PRINCESS,16,KETCHIKAN
2008-06-23T10:50:56,310404000,54.83055833,-131.155385,0,17.8,16.3,21,9228198,ZCDF8,DIAMOND PRINCESS,16,KETCHIKAN
2008-06-23T10:50:43,310404000,54.82970167,-131.155865,0,18.8,16.2,21,9228198,ZCDF8,DIAMOND PRINCESS,16,KETCHIKAN
2008-06-23T10:50:32,310404000,54.82885167,-131.1563567,0,18.1,16.2,21,9228198,ZCDF8,DIAMOND PRINCESS,16,KETCHIKAN
2008-06-23T10:50:25,310404000,54.82842167,-131.15659,0,17.8,16.2,20,9228198,ZCDF8,DIAMOND PRINCESS,16,KETCHIKAN
2008-06-23T10:50:20,310404000,54.82800167,-131.1568333,0,17.5,16.2,20,9228198,ZCDF8,DIAMOND PRINCESS,16,KETCHIKAN
2008-06-23T10:50:13,310404000,54.82750667,-131.15712,0,16.8,16.2,20,9228198,ZCDF8,DIAMOND PRINCESS,16,KETCHIKAN
2008-06-23T10:50:08,310404000,54.82715,-131.157315,0,17.5,16.2,20,9228198,ZCDF8,DIAMOND PRINCESS,16,KETCHIKAN
2008-06-23T10:50:01,310404000,54.82665333,-131.1575833,0,18.5,16.2,20,9228198,ZCDF8,DIAMOND PRINCESS,16,KETCHIKAN
2008-06-23T10:49:56,310404000,54.8263,-131.1577867,0,17.8,16.2,20,9228198,ZCDF8,DIAMOND PRINCESS,16,KETCHIKAN
2008-06-23T10:49:49,310404000,54.82587333,-131.1580333,0,16.8,16.2,20,9228198,ZCDF8,DIAMOND PRINCESS,16,KETCHIKAN
2008-06-23T10:49:47,310404000,54.824595,-131.15874,0,0.0,0.0,0,9228198,ZCDF8,DIAMOND PRINCESS,16,KETCHIKAN
2008-06-23T10:49:32,310404000,54.824595,-131.15874,0,17.5,16.2,20,9228198,ZCDF8,DIAMOND PRINCESS,16,KETCHIKAN
2008-06-23T10:49:20,310404000,54.82374333,-131.1592067,0,18.8,16.2,21,9228198,ZCDF8,DIAMOND PRINCESS,16,KETCHIKAN
2008-06-23T10:49:08,310404000,54.82296833,-131.1596567,0,18.1,16.2,21,9228198,ZCDF8,DIAMOND PRINCESS,16,KETCHIKAN
2008-06-23T10:48:43,310404000,54.82112167,-131.1607117,0,18.5,16.2,21,9228198,ZCDF8,DIAMOND PRINCESS,16,KETCHIKAN
2008-06-23T10:48:25,310404000,54.81984167,-131.1614367,0,19.2,16.2,21,9228198,ZCDF8,DIAMOND PRINCESS,16,KETCHIKAN
2008-06-23T10:48:20,310404000,54.81948833,-131.16165,0,18.5,16.3,21,9228198,ZCDF8,DIAMOND PRINCESS,16,KETCHIKAN
2008-06-23T10:48:13,310404000,54.81899167,-131.161935,0,17.8,16.2,21,9228198,ZCDF8,DIAMOND PRINCESS,16,KETCHIKAN
2008-06-23T10:48:01,310404000,54.81813333,-131.16241,0,18.5,16.3,21,9228198,ZCDF8,DIAMOND PRINCESS,16,KETCHIKAN
2008-06-23T10:47:56,310404000,54.81778,-131.1626217,0,18.1,16.3,21,9228198,ZCDF8,DIAMOND PRINCESS,16,KETCHIKAN
2008-06-23T10:47:37,310404000,54.81642333,-131.1633933,0,18.9,16.4,21,9228198,ZCDF8,DIAMOND PRINCESS,16,KETCHIKAN
2008-06-23T10:47:25,310404000,54.81557,-131.163895,0,18.2,16.4,21,9228198,ZCDF8,DIAMOND PRINCESS,16,KETCHIKAN
2008-06-23T10:47:13,310404000,54.81470833,-131.1643817,0,18.8,16.3,21,9228198,ZCDF8,DIAMOND PRINCESS,16,KETCHIKAN
2008-06-23T10:47:08,310404000,54.81435167,-131.16459,0,18.1,16.3,21,9228198,ZCDF8,DIAMOND PRINCESS,16,KETCHIKAN
2008-06-23T10:46:56,310404000,54.813495,-131.1650733,0,18.5,16.4,21,9228198,ZCDF8,DIAMOND PRINCESS,16,KETCHIKAN
2008-06-23T10:46:20,310404000,54.81091,-131.16653,0,17.5,16.4,20,9228198,ZCDF8,DIAMOND PRINCESS,16,KETCHIKAN
2008-06-23T10:46:08,310404000,54.809975,-131.16705,0,17.9,16.5,20,9228198,ZCDF8,DIAMOND PRINCESS,16,KETCHIKAN
2008-06-23T10:46:02,310404000,54.80954333,-131.16729,0,18.2,16.5,20,9228198,ZCDF8,DIAMOND PRINCESS,16,KETCHIKAN
2008-06-23T10:45:56,310404000,54.80911,-131.167535,0,17.5,16.5,20,9228198,ZCDF8,DIAMOND PRINCESS,16,KETCHIKAN
2008-06-23T10:45:38,310404000,54.80780833,-131.16825,0,17.9,16.5,20,9228198,ZCDF8,DIAMOND PRINCESS,16,KETCHIKAN
2008-06-23T10:45:20,310404000,54.80650667,-131.1689667,0,18.9,16.5,20,9228198,ZCDF8,DIAMOND PRINCESS,16,KETCHIKAN
2008-06-23T10:45:13,310404000,54.806075,-131.1692183,0,17.9,16.5,20,9228198,ZCDF8,DIAMOND PRINCESS,16,KETCHIKAN
2008-06-23T10:45:08,310404000,54.80571,-131.1694233,0,17.5,16.5,20,9228198,ZCDF8,DIAMOND PRINCESS,16,KETCHIKAN
2008-06-23T10:44:56,310404000,54.80476667,-131.1699483,0,19.2,16.5,21,9228198,ZCDF8,DIAMOND PRINCESS,16,KETCHIKAN
2008-06-23T10:44:43,310404000,54.80382667,-131.1705033,0,18.5,16.5,21,9228198,ZCDF8,DIAMOND PRINCESS,16,KETCHIKAN
2008-06-23T10:44:38,310404000,54.80346667,-131.1707083,0,18.5,16.6,21,9228198,ZCDF8,DIAMOND PRINCESS,16,KETCHIKAN
2008-06-23T10:44:31,310404000,54.80295833,-131.1709967,0,18.9,16.6,21,9228198,ZCDF8,DIAMOND PRINCESS,16,KETCHIKAN
2008-06-23T10:44:20,310404000,54.802165,-131.171465,0,18.5,16.6,21,9228198,ZCDF8,DIAMOND PRINCESS,16,KETCHIKAN
2008-06-23T10:44:14,310404000,54.80173,-131.1717167,0,18.5,16.7,21,9228198,ZCDF8,DIAMOND PRINCESS,16,KETCHIKAN
2008-06-23T10:44:08,310404000,54.80129333,-131.1719633,0,18.9,16.7,21,9228198,ZCDF8,DIAMOND PRINCESS,16,KETCHIKAN
2008-06-23T10:44:02,310404000,54.80085667,-131.1722117,0,17.9,16.7,20,9228198,ZCDF8,DIAMOND PRINCESS,16,KETCHIKAN
2008-06-23T10:43:56,310404000,54.80042,-131.1724667,0,17.5,16.7,20,9228198,ZCDF8,DIAMOND PRINCESS,16,KETCHIKAN
2008-06-23T10:43:43,310404000,54.79954167,-131.1729567,0,17.9,16.7,20,9228198,ZCDF8,DIAMOND PRINCESS,16,KETCHIKAN
2008-06-23T10:43:20,310404000,54.79778,-131.1739333,0,17.9,16.7,20,9228198,ZCDF8,DIAMOND PRINCESS,16,KETCHIKAN
2008-06-23T10:43:14,310404000,54.79733667,-131.174175,0,18.2,16.7,20,9228198,ZCDF8,DIAMOND PRINCESS,16,KETCHIKAN
2008-06-23T10:43:08,310404000,54.79689833,-131.1744183,0,17.9,16.7,20,9228198,ZCDF8,DIAMOND PRINCESS,16,KETCHIKAN
2008-06-23T10:42:55,310404000,54.79601667,-131.174895,0,16.9,16.7,19,9228198,ZCDF8,DIAMOND PRINCESS,16,KETCHIKAN
2008-06-23T10:42:44,310404000,54.79513667,-131.175375,0,16.9,16.7,19,9228198,ZCDF8,DIAMOND PRINCESS,16,KETCHIKAN
2008-06-23T10:42:38,310404000,54.79469667,-131.1756167,0,16.5,16.7,19,9228198,ZCDF8,DIAMOND PRINCESS,16,KETCHIKAN
2008-06-23T10:42:31,310404000,54.79425833,-131.1758467,0,17.2,16.7,19,9228198,ZCDF8,DIAMOND PRINCESS,16,KETCHIKAN
2008-06-23T10:42:26,310404000,54.79381833,-131.1760833,0,17.2,16.7,19,9228198,ZCDF8,DIAMOND PRINCESS,16,KETCHIKAN
2008-06-23T10:42:20,310404000,54.79338,-131.1763267,0,16.9,16.7,19,9228198,ZCDF8,DIAMOND PRINCESS,16,KETCHIKAN
2008-06-23T10:42:14,310404000,54.79286333,-131.1766083,0,16.9,16.7,19,9228198,ZCDF8,DIAMOND PRINCESS,16,KETCHIKAN
2008-06-23T10:42:08,310404000,54.79242333,-131.176845,0,17.6,16.7,19,9228198,ZCDF8,DIAMOND PRINCESS,16,KETCHIKAN
2008-06-23T10:41:55,310404000,54.79154833,-131.177335,0,18.2,16.7,19,9228198,ZCDF8,DIAMOND PRINCESS,16,KETCHIKAN
2008-06-23T10:41:49,310404000,54.79111,-131.177575,0,18.2,16.7,20,9228198,ZCDF8,DIAMOND PRINCESS,16,KETCHIKAN
2008-06-23T10:41:44,310404000,54.79074333,-131.1777783,0,18.6,16.7,20,9228198,ZCDF8,DIAMOND PRINCESS,16,KETCHIKAN
2008-06-23T10:41:38,310404000,54.790305,-131.178025,0,18.2,16.7,20,9228198,ZCDF8,DIAMOND PRINCESS,16,KETCHIKAN
2008-06-23T10:41:31,310404000,54.78979333,-131.1783133,0,17.9,16.7,20,9228198,ZCDF8,DIAMOND PRINCESS,16,KETCHIKAN
2008-06-23T10:41:26,310404000,54.78942833,-131.1785167,0,18.2,16.7,20,9228198,ZCDF8,DIAMOND PRINCESS,16,KETCHIKAN
2008-06-23T10:41:20,310404000,54.78899167,-131.1787567,0,18.9,16.7,20,9228198,ZCDF8,DIAMOND PRINCESS,16,KETCHIKAN
2008-06-23T10:41:14,310404000,54.78855333,-131.17901,0,18.6,16.6,20,9228198,ZCDF8,DIAMOND PRINCESS,16,KETCHIKAN
2008-06-23T10:41:01,310404000,54.78760667,-131.17955,0,18.2,16.7,20,9228198,ZCDF8,DIAMOND PRINCESS,16,KETCHIKAN
2008-06-23T10:40:49,310404000,54.78672833,-131.18005,0,18.6,16.6,20,9228198,ZCDF8,DIAMOND PRINCESS,16,KETCHIKAN
2008-06-23T10:40:44,310404000,54.786295,-131.18031,0,17.9,16.6,20,9228198,ZCDF8,DIAMOND PRINCESS,16,KETCHIKAN
2008-06-23T10:40:38,310404000,54.78585667,-131.1805567,0,18.2,16.7,20,9228198,ZCDF8,DIAMOND PRINCESS,16,KETCHIKAN
2008-06-23T10:40:31,310404000,54.78541833,-131.1808,0,18.9,16.7,20,9228198,ZCDF8,DIAMOND PRINCESS,16,KETCHIKAN
2008-06-23T10:40:26,310404000,54.78498167,-131.1810567,0,18.6,16.7,20,9228198,ZCDF8,DIAMOND PRINCESS,16,KETCHIKAN
2008-06-23T10:40:20,310404000,54.78462,-131.1812733,0,17.9,16.8,20,9228198,ZCDF8,DIAMOND PRINCESS,16,KETCHIKAN
2008-06-23T10:40:01,310404000,54.78323667,-131.1820567,0,18.6,16.6,20,9228198,ZCDF8,DIAMOND PRINCESS,16,KETCHIKAN
2008-06-23T10:39:55,310404000,54.78280167,-131.1823167,0,17.9,16.6,20,9228198,ZCDF8,DIAMOND PRINCESS,16,KETCHIKAN
2008-06-23T10:39:44,310404000,54.78192667,-131.1828017,0,18.9,16.6,20,9228198,ZCDF8,DIAMOND PRINCESS,16,KETCHIKAN
2008-06-23T10:39:20,310404000,54.780185,-131.18382,0,20.6,16.8,21,9228198,ZCDF8,DIAMOND PRINCESS,16,KETCHIKAN
2008-06-23T10:39:14,310404000,54.77975,-131.18409,0,19.2,16.6,21,9228198,ZCDF8,DIAMOND PRINCESS,16,KETCHIKAN
2008-06-23T10:39:08,310404000,54.779315,-131.1843533,0,18.5,16.6,21,9228198,ZCDF8,DIAMOND PRINCESS,16,KETCHIKAN
2008-06-23T10:38:49,310404000,54.77801167,-131.18511,0,19.2,16.6,21,9228198,ZCDF8,DIAMOND PRINCESS,16,KETCHIKAN
2008-06-23T10:38:44,310404000,54.77758167,-131.1853733,0,18.9,16.5,21,9228198,ZCDF8,DIAMOND PRINCESS,16,KETCHIKAN
2008-06-23T10:38:38,310404000,54.77722167,-131.185585,0,18.5,16.6,21,9228198,ZCDF8,DIAMOND PRINCESS,16,KETCHIKAN
2008-06-23T10:37:32,310404000,54.77238167,-131.1883933,0,18.9,16.5,21,9228198,ZCDF8,DIAMOND PRINCESS,16,KETCHIKAN
2008-06-23T10:37:26,310404000,54.77202333,-131.1886133,0,19.2,16.5,21,9228198,ZCDF8,DIAMOND PRINCESS,16,KETCHIKAN
2008-06-23T10:37:14,310404000,54.771095,-131.1891883,0,19.5,16.5,22,9228198,ZCDF8,DIAMOND PRINCESS,16,KETCHIKAN
2008-06-23T10:33:55,310404000,54.75675833,-131.19766,0,18.2,16.6,21,9228198,ZCDF8,DIAMOND PRINCESS,16,KETCHIKAN
2008-06-23T10:21:13,310404000,54.70175333,-131.22929,0,17.6,16.4,18,9228198,ZCDF8,DIAMOND PRINCESS,16,KETCHIKAN
2008-06-23T10:20:55,310404000,54.70045167,-131.2299867,0,18.0,16.5,18,9228198,ZCDF8,DIAMOND PRINCESS,16,KETCHIKAN
2008-06-23T10:20:49,310404000,54.70001833,-131.2302267,0,17.6,16.4,18,9228198,ZCDF8,DIAMOND PRINCESS,16,KETCHIKAN
2008-06-23T10:20:44,310404000,54.699655,-131.2304283,0,16.9,16.5,18,9228198,ZCDF8,DIAMOND PRINCESS,16,KETCHIKAN
2008-06-23T10:20:37,310404000,54.69914667,-131.2306967,0,16.9,16.5,18,9228198,ZCDF8,DIAMOND PRINCESS,16,KETCHIKAN
2008-06-23T10:20:32,310404000,54.69871,-131.23092,0,18.0,16.5,18,9228198,ZCDF8,DIAMOND PRINCESS,16,KETCHIKAN
2008-06-23T10:20:19,310404000,54.69784167,-131.2314083,0,16.9,16.5,18,9228198,ZCDF8,DIAMOND PRINCESS,16,KETCHIKAN
2008-06-23T10:20:13,310404000,54.69740833,-131.2316367,0,17.3,16.5,18,9228198,ZCDF8,DIAMOND PRINCESS,16,KETCHIKAN
2008-06-23T10:20:01,310404000,54.696535,-131.232105,0,18.3,16.5,18,9228198,ZCDF8,DIAMOND PRINCESS,16,KETCHIKAN
2008-06-23T10:19:55,310404000,54.696105,-131.232355,0,16.9,16.5,18,9228198,ZCDF8,DIAMOND PRINCESS,16,KETCHIKAN
2008-06-23T10:19:50,310404000,54.69574167,-131.232545,0,17.3,16.5,18,9228198,ZCDF8,DIAMOND PRINCESS,16,KETCHIKAN
2008-06-23T10:19:46,310404000,54.695305,-131.232765,0,0.0,0.0,0,9228198,ZCDF8,DIAMOND PRINCESS,16,KETCHIKAN
2008-06-23T10:19:44,310404000,54.695305,-131.232765,0,18.6,16.6,18,9228198,ZCDF8,DIAMOND PRINCESS,16,KETCHIKAN
2008-06-23T10:19:37,310404000,54.69472667,-131.233095,0,17.6,16.6,18,9228198,ZCDF8,DIAMOND PRINCESS,16,KETCHIKAN
2008-06-23T10:19:32,310404000,54.694365,-131.233295,0,16.9,16.6,18,9228198,ZCDF8,DIAMOND PRINCESS,16,KETCHIKAN
2008-06-23T10:19:25,310404000,54.69392167,-131.2335183,0,16.6,16.5,17,9228198,ZCDF8,DIAMOND PRINCESS,16,KETCHIKAN
2008-06-23T10:19:19,310404000,54.69340833,-131.23379,0,17.0,16.5,17,9228198,ZCDF8,DIAMOND PRINCESS,16,KETCHIKAN
2008-06-23T10:19:13,310404000,54.693045,-131.23399,0,16.6,16.6,17,9228198,ZCDF8,DIAMOND PRINCESS,16,KETCHIKAN
2008-06-23T10:19:01,310404000,54.69216333,-131.2344517,0,16.6,16.5,17,9228198,ZCDF8,DIAMOND PRINCESS,16,KETCHIKAN
2008-06-23T10:18:55,310404000,54.69172333,-131.2346733,0,17.0,16.5,17,9228198,ZCDF8,DIAMOND PRINCESS,16,KETCHIKAN
2008-06-23T10:18:50,310404000,54.69128333,-131.234905,0,17.6,16.6,17,9228198,ZCDF8,DIAMOND PRINCESS,16,KETCHIKAN
2008-06-23T10:18:44,310404000,54.69091667,-131.235105,0,17.0,16.6,17,9228198,ZCDF8,DIAMOND PRINCESS,16,KETCHIKAN
2008-06-23T10:18:37,310404000,54.69040333,-131.2353783,0,16.3,16.6,17,9228198,ZCDF8,DIAMOND PRINCESS,16,KETCHIKAN
2008-06-23T10:18:32,310404000,54.69003667,-131.2355583,0,17.0,16.7,17,9228198,ZCDF8,DIAMOND PRINCESS,16,KETCHIKAN
2008-06-23T10:18:25,310404000,54.68951833,-131.2358317,0,17.3,16.7,17,9228198,ZCDF8,DIAMOND PRINCESS,16,KETCHIKAN
2008-06-23T10:18:19,310404000,54.68900333,-131.2361133,0,17.0,16.7,17,9228198,ZCDF8,DIAMOND PRINCESS,16,KETCHIKAN
2008-06-23T10:18:08,310404000,54.688195,-131.2365517,0,17.6,16.7,18,9228198,ZCDF8,DIAMOND PRINCESS,16,KETCHIKAN
2008-06-23T10:18:02,310404000,54.68775,-131.2367917,0,18.0,16.8,18,9228198,ZCDF8,DIAMOND PRINCESS,16,KETCHIKAN
2008-06-23T10:17:55,310404000,54.687235,-131.2370717,0,18.3,16.7,18,9228198,ZCDF8,DIAMOND PRINCESS,16,KETCHIKAN
2008-06-23T10:17:50,310404000,54.68686667,-131.2372817,0,18.3,16.7,18,9228198,ZCDF8,DIAMOND PRINCESS,16,KETCHIKAN
2008-06-23T10:17:44,310404000,54.686425,-131.2375367,0,17.6,16.8,18,9228198,ZCDF8,DIAMOND PRINCESS,16,KETCHIKAN
2008-06-23T10:17:37,310404000,54.68598333,-131.23778,0,17.6,16.8,18,9228198,ZCDF8,DIAMOND PRINCESS,16,KETCHIKAN
2008-06-23T10:17:32,310404000,54.68554,-131.2380217,0,18.3,16.8,18,9228198,ZCDF8,DIAMOND PRINCESS,16,KETCHIKAN
2008-06-23T10:17:26,310404000,54.68509833,-131.23827,0,18.6,16.8,18,9228198,ZCDF8,DIAMOND PRINCESS,16,KETCHIKAN
2008-06-23T10:17:20,310404000,54.68465833,-131.2385283,0,17.6,16.8,18,9228198,ZCDF8,DIAMOND PRINCESS,16,KETCHIKAN
2008-06-23T10:17:14,310404000,54.68429167,-131.2387367,0,18.0,16.7,18,9228198,ZCDF8,DIAMOND PRINCESS,16,KETCHIKAN
2008-06-23T10:17:08,310404000,54.68377333,-131.239015,0,18.6,16.7,18,9228198,ZCDF8,DIAMOND PRINCESS,16,KETCHIKAN
2008-06-23T10:17:02,310404000,54.683335,-131.239265,0,18.3,16.7,18,9228198,ZCDF8,DIAMOND PRINCESS,16,KETCHIKAN
2008-06-23T10:16:55,310404000,54.68282333,-131.2395617,0,17.6,16.7,18,9228198,ZCDF8,DIAMOND PRINCESS,16,KETCHIKAN
2008-06-23T10:16:49,310404000,54.68238,-131.239805,0,19.0,16.7,18,9228198,ZCDF8,DIAMOND PRINCESS,16,KETCHIKAN
2008-06-23T10:16:44,310404000,54.68201833,-131.2400017,0,18.6,16.7,18,9228198,ZCDF8,DIAMOND PRINCESS,16,KETCHIKAN
2008-06-23T10:16:37,310404000,54.68149833,-131.2403067,0,18.0,16.5,18,9228198,ZCDF8,DIAMOND PRINCESS,16,KETCHIKAN
2008-06-23T10:16:32,310404000,54.68114,-131.2405133,0,17.6,16.7,18,9228198,ZCDF8,DIAMOND PRINCESS,16,KETCHIKAN
2008-06-23T10:16:26,310404000,54.68069,-131.2407583,0,18.0,16.7,18,9228198,ZCDF8,DIAMOND PRINCESS,16,KETCHIKAN
2008-06-23T10:16:20,310404000,54.68026,-131.2410067,0,19.3,16.7,19,9228198,ZCDF8,DIAMOND PRINCESS,16,KETCHIKAN
2008-06-23T10:16:14,310404000,54.67982333,-131.2412733,0,18.6,16.7,19,9228198,ZCDF8,DIAMOND PRINCESS,16,KETCHIKAN
2008-06-23T10:16:08,310404000,54.67937667,-131.241535,0,18.6,16.7,19,9228198,ZCDF8,DIAMOND PRINCESS,16,KETCHIKAN
2008-06-23T10:16:02,310404000,54.67893667,-131.2417867,0,18.6,16.7,19,9228198,ZCDF8,DIAMOND PRINCESS,16,KETCHIKAN
2008-06-23T10:15:55,310404000,54.67849667,-131.242045,0,18.6,16.7,19,9228198,ZCDF8,DIAMOND PRINCESS,16,KETCHIKAN
2008-06-23T10:15:49,310404000,54.67806667,-131.2423,0,19.3,16.7,19,9228198,ZCDF8,DIAMOND PRINCESS,16,KETCHIKAN
2008-06-23T10:15:44,310404000,54.67762333,-131.242575,0,19.6,16.7,20,9228198,ZCDF8,DIAMOND PRINCESS,16,KETCHIKAN
2008-06-23T10:15:37,310404000,54.67704,-131.24293,0,18.6,16.7,20,9228198,ZCDF8,DIAMOND PRINCESS,16,KETCHIKAN
2008-06-23T10:15:32,310404000,54.67667333,-131.243135,0,19.6,16.7,20,9228198,ZCDF8,DIAMOND PRINCESS,16,KETCHIKAN
2008-06-23T10:15:26,310404000,54.676305,-131.2433517,0,20.0,16.7,20,9228198,ZCDF8,DIAMOND PRINCESS,16,KETCHIKAN
2008-06-23T10:15:20,310404000,54.67579833,-131.2436733,0,19.3,16.7,20,9228198,ZCDF8,DIAMOND PRINCESS,16,KETCHIKAN
2008-06-23T10:15:14,310404000,54.675435,-131.2438967,0,18.2,16.7,20,9228198,ZCDF8,DIAMOND PRINCESS,16,KETCHIKAN
2008-06-23T10:15:08,310404000,54.67499333,-131.2441467,0,18.9,16.8,20,9228198,ZCDF8,DIAMOND PRINCESS,16,KETCHIKAN
2008-06-23T10:15:02,310404000,54.67455333,-131.2444,0,20.0,16.7,20,9228198,ZCDF8,DIAMOND PRINCESS,16,KETCHIKAN
2008-06-23T10:14:56,310404000,54.67411833,-131.2446717,0,18.6,16.7,20,9228198,ZCDF8,DIAMOND PRINCESS,16,KETCHIKAN
2008-06-23T10:14:49,310404000,54.67361333,-131.2449617,0,18.9,16.7,19,9228198,ZCDF8,DIAMOND PRINCESS,16,KETCHIKAN
2008-06-23T10:14:37,310404000,54.67272833,-131.245475,0,17.9,16.8,19,9228198,ZCDF8,DIAMOND PRINCESS,16,KETCHIKAN
2008-06-23T10:14:32,310404000,54.67236333,-131.2456917,0,17.6,16.9,19,9228198,ZCDF8,DIAMOND PRINCESS,16,KETCHIKAN
2008-06-23T10:14:26,310404000,54.67192167,-131.245945,0,17.9,16.7,19,9228198,ZCDF8,DIAMOND PRINCESS,16,KETCHIKAN
2008-06-23T10:14:20,310404000,54.671415,-131.2462317,0,17.9,16.7,19,9228198,ZCDF8,DIAMOND PRINCESS,16,KETCHIKAN
2008-06-23T10:14:13,310404000,54.670895,-131.2465267,0,17.9,16.7,19,9228198,ZCDF8,DIAMOND PRINCESS,16,KETCHIKAN
2008-06-23T10:14:08,310404000,54.67053,-131.2467367,0,18.3,16.7,19,9228198,ZCDF8,DIAMOND PRINCESS,16,KETCHIKAN
2008-06-23T10:14:02,310404000,54.67016167,-131.2469433,0,18.3,16.7,19,9228198,ZCDF8,DIAMOND PRINCESS,16,KETCHIKAN
2008-06-23T10:13:56,310404000,54.66965833,-131.2472283,0,17.9,16.7,19,9228198,ZCDF8,DIAMOND PRINCESS,16,KETCHIKAN
2008-06-23T10:13:49,310404000,54.66921167,-131.24748,0,17.9,16.7,19,9228198,ZCDF8,DIAMOND PRINCESS,16,KETCHIKAN
2008-06-23T10:13:43,310404000,54.66833667,-131.2479817,0,0.0,0.0,0,9228198,ZCDF8,DIAMOND PRINCESS,16,KETCHIKAN
2008-06-23T10:13:37,310404000,54.66833667,-131.2479817,0,17.9,16.7,19,9228198,ZCDF8,DIAMOND PRINCESS,16,KETCHIKAN
2008-06-23T10:13:26,310404000,54.66753,-131.2484467,0,18.9,16.7,20,9228198,ZCDF8,DIAMOND PRINCESS,16,KETCHIKAN
2008-06-23T10:13:20,310404000,54.6671,-131.2486967,0,18.9,16.7,20,9228198,ZCDF8,DIAMOND PRINCESS,16,KETCHIKAN
2008-06-23T10:13:13,310404000,54.66658333,-131.2489983,0,18.9,16.7,20,9228198,ZCDF8,DIAMOND PRINCESS,16,KETCHIKAN
2008-06-23T10:13:08,310404000,54.666145,-131.2492533,0,18.9,16.7,20,9228198,ZCDF8,DIAMOND PRINCESS,16,KETCHIKAN
2008-06-23T10:13:02,310404000,54.66570667,-131.2495117,0,18.9,16.7,20,9228198,ZCDF8,DIAMOND PRINCESS,16,KETCHIKAN
2008-06-23T10:12:56,310404000,54.66527167,-131.2497717,0,18.2,16.6,20,9228198,ZCDF8,DIAMOND PRINCESS,16,KETCHIKAN
2008-06-23T10:12:49,310404000,54.66476,-131.2500667,0,18.9,16.6,20,9228198,ZCDF8,DIAMOND PRINCESS,16,KETCHIKAN
2008-06-23T10:12:37,310404000,54.66389,-131.2505867,0,18.6,16.7,20,9228198,ZCDF8,DIAMOND PRINCESS,16,KETCHIKAN
2008-06-23T10:12:32,310404000,54.66352333,-131.2507983,0,18.6,16.7,20,9228198,ZCDF8,DIAMOND PRINCESS,16,KETCHIKAN
2008-06-23T10:12:26,310404000,54.66308333,-131.251055,0,18.9,16.7,20,9228198,ZCDF8,DIAMOND PRINCESS,16,KETCHIKAN
2008-06-23T10:12:20,310404000,54.662655,-131.2513117,0,18.2,16.7,20,9228198,ZCDF8,DIAMOND PRINCESS,16,KETCHIKAN
2008-06-23T10:12:13,310404000,54.66221667,-131.2515667,0,18.2,16.7,20,9228198,ZCDF8,DIAMOND PRINCESS,16,KETCHIKAN
2008-06-23T10:12:08,310404000,54.66185,-131.2517767,0,18.9,16.7,20,9228198,ZCDF8,DIAMOND PRINCESS,16,KETCHIKAN
2008-06-23T10:12:02,310404000,54.66141333,-131.25204,0,18.2,16.7,20,9228198,ZCDF8,DIAMOND PRINCESS,16,KETCHIKAN
2008-06-23T10:11:56,310404000,54.66097167,-131.2523033,0,18.6,16.7,20,9228198,ZCDF8,DIAMOND PRINCESS,16,KETCHIKAN
2008-06-23T10:11:49,310404000,54.66046667,-131.2525983,0,19.2,16.7,20,9228198,ZCDF8,DIAMOND PRINCESS,16,KETCHIKAN
2008-06-23T10:11:38,310404000,54.65958333,-131.2531183,0,19.6,16.7,21,9228198,ZCDF8,DIAMOND PRINCESS,16,KETCHIKAN
2008-06-23T10:11:32,310404000,54.65914833,-131.2533767,0,19.9,16.7,21,9228198,ZCDF8,DIAMOND PRINCESS,16,KETCHIKAN
2008-06-23T10:11:26,310404000,54.65871333,-131.2536467,0,17.9,16.7,20,9228198,ZCDF8,DIAMOND PRINCESS,16,KETCHIKAN
2008-06-23T10:11:20,310404000,54.65827333,-131.253905,0,18.9,16.8,21,9228198,ZCDF8,DIAMOND PRINCESS,16,KETCHIKAN
2008-06-23T10:11:13,310404000,54.65776167,-131.2541933,0,18.9,16.7,20,9228198,ZCDF8,DIAMOND PRINCESS,16,KETCHIKAN
2008-06-23T10:11:08,310404000,54.65739667,-131.254415,0,18.2,16.6,20,9228198,ZCDF8,DIAMOND PRINCESS,16,KETCHIKAN
2008-06-23T10:11:02,310404000,54.65695833,-131.254675,0,17.9,16.8,20,9228198,ZCDF8,DIAMOND PRINCESS,16,KETCHIKAN
2008-06-23T10:10:56,310404000,54.65651833,-131.254925,0,18.2,16.7,20,9228198,ZCDF8,DIAMOND PRINCESS,16,KETCHIKAN
2008-06-23T10:10:49,310404000,54.65608167,-131.2551767,0,18.3,16.9,20,9228198,ZCDF8,DIAMOND PRINCESS,16,KETCHIKAN
2008-06-23T10:10:44,310404000,54.65571667,-131.2553883,0,17.0,17.3,20,9228198,ZCDF8,DIAMOND PRINCESS,16,KETCHIKAN
2008-06-23T10:10:38,310404000,54.65520667,-131.2556917,0,17.6,16.9,20,9228198,ZCDF8,DIAMOND PRINCESS,16,KETCHIKAN
2008-06-23T10:10:31,310404000,54.65476667,-131.2559433,0,18.2,16.8,20,9228198,ZCDF8,DIAMOND PRINCESS,16,KETCHIKAN
2008-06-23T10:10:26,310404000,54.654395,-131.2561483,0,18.9,16.8,20,9228198,ZCDF8,DIAMOND PRINCESS,16,KETCHIKAN
2008-06-23T10:10:20,310404000,54.65382167,-131.256495,0,17.9,16.8,20,9228198,ZCDF8,DIAMOND PRINCESS,16,KETCHIKAN
2008-06-23T10:10:13,310404000,54.65338167,-131.2567533,0,17.6,16.8,20,9228198,ZCDF8,DIAMOND PRINCESS,16,KETCHIKAN
2008-06-23T10:10:08,310404000,54.65300833,-131.2569583,0,18.2,16.8,20,9228198,ZCDF8,DIAMOND PRINCESS,16,KETCHIKAN
2008-06-23T10:10:02,310404000,54.65256833,-131.257205,0,19.3,16.7,20,9228198,ZCDF8,DIAMOND PRINCESS,16,KETCHIKAN
2008-06-23T10:09:55,310404000,54.65206167,-131.2575033,0,18.2,16.8,20,9228198,ZCDF8,DIAMOND PRINCESS,16,KETCHIKAN
2008-06-23T10:09:49,310404000,54.65161167,-131.257765,0,17.6,16.8,20,9228198,ZCDF8,DIAMOND PRINCESS,16,KETCHIKAN
2008-06-23T10:09:43,310404000,54.65117833,-131.258,0,18.2,16.8,20,9228198,ZCDF8,DIAMOND PRINCESS,16,KETCHIKAN
2008-06-23T10:09:38,310404000,54.650805,-131.2582083,0,18.6,16.8,20,9228198,ZCDF8,DIAMOND PRINCESS,16,KETCHIKAN
2008-06-23T10:09:31,310404000,54.650365,-131.2584683,0,19.2,16.8,21,9228198,ZCDF8,DIAMOND PRINCESS,16,KETCHIKAN
2008-06-23T10:09:26,310404000,54.64992667,-131.2587267,0,18.6,16.8,21,9228198,ZCDF8,DIAMOND PRINCESS,16,KETCHIKAN
2008-06-23T10:09:20,310404000,54.64948667,-131.2589767,0,19.2,16.8,21,9228198,ZCDF8,DIAMOND PRINCESS,16,KETCHIKAN
2008-06-23T10:09:13,310404000,54.649045,-131.2592367,0,18.9,16.8,21,9228198,ZCDF8,DIAMOND PRINCESS,16,KETCHIKAN
2008-06-23T10:09:08,310404000,54.64853333,-131.25954,0,19.2,16.8,21,9228198,ZCDF8,DIAMOND PRINCESS,16,KETCHIKAN
2008-06-23T10:09:02,310404000,54.648165,-131.2597667,0,18.6,16.9,21,9228198,ZCDF8,DIAMOND PRINCESS,16,KETCHIKAN
2008-06-23T10:08:55,310404000,54.64765667,-131.2600683,0,18.9,16.7,21,9228198,ZCDF8,DIAMOND PRINCESS,16,KETCHIKAN
2008-06-23T10:08:49,310404000,54.64720333,-131.2603317,0,19.3,16.9,21,9228198,ZCDF8,DIAMOND PRINCESS,16,KETCHIKAN
2008-06-23T10:08:43,310404000,54.64676667,-131.2606033,0,18.9,16.9,21,9228198,ZCDF8,DIAMOND PRINCESS,16,KETCHIKAN
2008-06-23T10:08:38,310404000,54.64639833,-131.2608283,0,18.2,16.9,21,9228198,ZCDF8,DIAMOND PRINCESS,16,KETCHIKAN
2008-06-23T10:08:31,310404000,54.64588,-131.2611267,0,18.9,16.9,21,9228198,ZCDF8,DIAMOND PRINCESS,16,KETCHIKAN
2008-06-23T10:08:25,310404000,54.64543833,-131.2613867,0,18.6,16.9,21,9228198,ZCDF8,DIAMOND PRINCESS,16,KETCHIKAN
2008-06-23T10:08:20,310404000,54.64507,-131.261605,0,18.6,17.0,21,9228198,ZCDF8,DIAMOND PRINCESS,16,KETCHIKAN
2008-06-23T10:08:13,310404000,54.64455,-131.2619,0,17.9,17.0,20,9228198,ZCDF8,DIAMOND PRINCESS,16,KETCHIKAN
2008-06-23T10:08:07,310404000,54.644105,-131.2621567,0,17.6,17.0,20,9228198,ZCDF8,DIAMOND PRINCESS,16,KETCHIKAN
2008-06-23T10:08:02,310404000,54.64373333,-131.2623633,0,17.9,17.0,20,9228198,ZCDF8,DIAMOND PRINCESS,16,KETCHIKAN
2008-06-23T10:07:55,310404000,54.64321167,-131.2626583,0,17.6,17.0,20,9228198,ZCDF8,DIAMOND PRINCESS,16,KETCHIKAN
2008-06-23T10:07:49,310404000,54.64277167,-131.262915,0,17.3,17.0,20,9228198,ZCDF8,DIAMOND PRINCESS,16,KETCHIKAN
2008-06-23T10:07:43,310404000,54.64223833,-131.2632033,0,18.3,17.0,20,9228198,ZCDF8,DIAMOND PRINCESS,16,KETCHIKAN
2008-06-23T10:07:41,310404000,54.641865,-131.263415,0,0.0,0.0,0,9228198,ZCDF8,DIAMOND PRINCESS,16,KETCHIKAN
2008-06-23T10:07:38,310404000,54.641865,-131.263415,0,18.3,17.1,20,9228198,ZCDF8,DIAMOND PRINCESS,16,KETCHIKAN
2008-06-23T10:07:31,310404000,54.64142667,-131.2636733,0,17.6,17.1,20,9228198,ZCDF8,DIAMOND PRINCESS,16,KETCHIKAN
2008-06-23T10:07:25,310404000,54.64098,-131.26393,0,18.3,17.1,21,9228198,ZCDF8,DIAMOND PRINCESS,16,KETCHIKAN
2008-06-23T10:07:20,310404000,54.64052333,-131.2641767,0,18.9,17.1,21,9228198,ZCDF8,DIAMOND PRINCESS,16,KETCHIKAN
2008-06-23T10:07:13,310404000,54.64007333,-131.2644333,0,18.9,17.1,21,9228198,ZCDF8,DIAMOND PRINCESS,16,KETCHIKAN
2008-06-23T10:07:07,310404000,54.63962667,-131.2646983,0,18.9,17.1,21,9228198,ZCDF8,DIAMOND PRINCESS,16,KETCHIKAN
2008-06-23T10:07:02,310404000,54.63925,-131.26492,0,18.3,17.2,21,9228198,ZCDF8,DIAMOND PRINCESS,16,KETCHIKAN
2008-06-23T10:06:55,310404000,54.638725,-131.2652233,0,17.6,17.2,21,9228198,ZCDF8,DIAMOND PRINCESS,16,KETCHIKAN
2008-06-23T10:06:49,310404000,54.63827833,-131.2654617,0,19.0,17.2,21,9228198,ZCDF8,DIAMOND PRINCESS,16,KETCHIKAN
2008-06-23T10:06:43,310404000,54.63782167,-131.265725,0,19.0,17.2,21,9228198,ZCDF8,DIAMOND PRINCESS,16,KETCHIKAN
2008-06-23T10:06:38,310404000,54.63744833,-131.2659583,0,18.3,17.3,21,9228198,ZCDF8,DIAMOND PRINCESS,16,KETCHIKAN
2008-06-23T10:06:31,310404000,54.63691833,-131.2662683,0,17.6,17.3,21,9228198,ZCDF8,DIAMOND PRINCESS,16,KETCHIKAN
2008-06-23T10:06:26,310404000,54.63646333,-131.2665167,0,18.6,17.3,21,9228198,ZCDF8,DIAMOND PRINCESS,16,KETCHIKAN
2008-06-23T10:06:20,310404000,54.63600833,-131.2667783,0,19.0,17.4,21,9228198,ZCDF8,DIAMOND PRINCESS,16,KETCHIKAN
2008-06-23T10:06:13,310404000,54.63555667,-131.2670567,0,18.0,17.4,21,9228198,ZCDF8,DIAMOND PRINCESS,16,KETCHIKAN
2008-06-23T10:06:07,310404000,54.63509833,-131.2673133,0,16.7,17.4,20,9228198,ZCDF8,DIAMOND PRINCESS,16,KETCHIKAN
2008-06-23T10:06:02,310404000,54.634635,-131.2675533,0,18.0,17.4,20,9228198,ZCDF8,DIAMOND PRINCESS,16,KETCHIKAN
2008-06-23T10:05:55,310404000,54.6341,-131.2678533,0,18.0,17.4,20,9228198,ZCDF8,DIAMOND PRINCESS,16,KETCHIKAN
2008-06-23T10:05:49,310404000,54.63373,-131.2680733,0,17.0,17.4,20,9228198,ZCDF8,DIAMOND PRINCESS,16,KETCHIKAN
2008-06-23T10:05:43,310404000,54.63326,-131.26832,0,17.3,17.5,20,9228198,ZCDF8,DIAMOND PRINCESS,16,KETCHIKAN
2008-06-23T10:05:38,310404000,54.632795,-131.26856,0,18.3,17.5,20,9228198,ZCDF8,DIAMOND PRINCESS,16,KETCHIKAN
2008-06-23T10:05:31,310404000,54.632335,-131.2688183,0,18.0,17.5,20,9228198,ZCDF8,DIAMOND PRINCESS,16,KETCHIKAN
2008-06-23T10:05:25,310404000,54.63188,-131.2690767,0,16.3,17.5,19,9228198,ZCDF8,DIAMOND PRINCESS,16,KETCHIKAN
2008-06-23T10:05:20,310404000,54.63140667,-131.2693217,0,16.7,17.6,19,9228198,ZCDF8,DIAMOND PRINCESS,16,KETCHIKAN
2008-06-23T10:05:13,310404000,54.63093667,-131.269565,0,18.3,17.6,20,9228198,ZCDF8,DIAMOND PRINCESS,16,KETCHIKAN
2008-06-23T10:05:02,310404000,54.63001167,-131.2700817,0,16.0,17.6,19,9228198,ZCDF8,DIAMOND PRINCESS,16,KETCHIKAN
2008-06-23T10:04:55,310404000,54.62946833,-131.2703567,0,17.3,17.6,19,9228198,ZCDF8,DIAMOND PRINCESS,16,KETCHIKAN
2008-06-23T10:04:43,310404000,54.62855,-131.2708617,0,17.0,17.6,20,9228198,ZCDF8,DIAMOND PRINCESS,16,KETCHIKAN
2008-06-23T10:04:38,310404000,54.62815167,-131.2710683,0,17.3,17.6,20,9228198,ZCDF8,DIAMOND PRINCESS,16,KETCHIKAN
2008-06-23T10:04:26,310404000,54.62722167,-131.2715683,0,18.0,17.5,20,9228198,ZCDF8,DIAMOND PRINCESS,16,KETCHIKAN
2008-06-23T10:04:20,310404000,54.62675667,-131.2718267,0,17.7,17.6,20,9228198,ZCDF8,DIAMOND PRINCESS,16,KETCHIKAN
2008-06-23T10:04:13,310404000,54.62629333,-131.2720867,0,17.3,17.6,20,9228198,ZCDF8,DIAMOND PRINCESS,16,KETCHIKAN
2008-06-23T10:04:07,310404000,54.62582667,-131.27234,0,18.3,17.6,21,9228198,ZCDF8,DIAMOND PRINCESS,16,KETCHIKAN
2008-06-23T10:04:02,310404000,54.62544167,-131.2725567,0,18.7,17.5,21,9228198,ZCDF8,DIAMOND PRINCESS,16,KETCHIKAN
2008-06-23T10:03:55,310404000,54.62490333,-131.2728567,0,18.3,17.6,21,9228198,ZCDF8,DIAMOND PRINCESS,16,KETCHIKAN
2008-06-23T10:03:50,310404000,54.62444167,-131.273125,0,18.0,17.6,21,9228198,ZCDF8,DIAMOND PRINCESS,16,KETCHIKAN
2008-06-23T10:03:44,310404000,54.62390167,-131.2734267,0,18.7,17.6,21,9228198,ZCDF8,DIAMOND PRINCESS,16,KETCHIKAN
2008-06-23T10:03:37,310404000,54.62344,-131.2736817,0,18.7,17.6,21,9228198,ZCDF8,DIAMOND PRINCESS,16,KETCHIKAN
2008-06-23T10:03:31,310404000,54.62298,-131.27395,0,17.3,17.5,20,9228198,ZCDF8,DIAMOND PRINCESS,16,KETCHIKAN
2008-06-23T10:03:26,310404000,54.62252833,-131.274205,0,17.3,17.6,20,9228198,ZCDF8,DIAMOND PRINCESS,16,KETCHIKAN
2008-06-23T10:03:20,310404000,54.622135,-131.274415,0,17.7,17.6,20,9228198,ZCDF8,DIAMOND PRINCESS,16,KETCHIKAN
2008-06-23T10:03:14,310404000,54.62167167,-131.274675,0,16.7,17.6,20,9228198,ZCDF8,DIAMOND PRINCESS,16,KETCHIKAN
2008-06-23T10:03:07,310404000,54.62120667,-131.2749267,0,16.3,17.5,19,9228198,ZCDF8,DIAMOND PRINCESS,16,KETCHIKAN
2008-06-23T10:03:02,310404000,54.62074,-131.2751667,0,16.7,17.5,19,9228198,ZCDF8,DIAMOND PRINCESS,16,KETCHIKAN
2008-06-23T10:02:55,310404000,54.62019667,-131.2754533,0,16.7,17.5,19,9228198,ZCDF8,DIAMOND PRINCESS,16,KETCHIKAN
2008-06-23T10:02:50,310404000,54.61980833,-131.2756533,0,16.3,17.5,19,9228198,ZCDF8,DIAMOND PRINCESS,16,KETCHIKAN
2008-06-23T10:02:44,310404000,54.61934667,-131.2758967,0,16.0,17.4,19,9228198,ZCDF8,DIAMOND PRINCESS,16,KETCHIKAN
2008-06-23T10:02:37,310404000,54.618805,-131.276175,0,16.7,17.5,19,9228198,ZCDF8,DIAMOND PRINCESS,16,KETCHIKAN
2008-06-23T10:02:32,310404000,54.61841833,-131.27637,0,16.7,17.5,19,9228198,ZCDF8,DIAMOND PRINCESS,16,KETCHIKAN
2008-06-23T10:02:26,310404000,54.61787167,-131.2766683,0,16.0,17.4,19,9228198,ZCDF8,DIAMOND PRINCESS,16,KETCHIKAN
2008-06-23T10:02:20,310404000,54.61741667,-131.2769,0,16.3,17.4,19,9228198,ZCDF8,DIAMOND PRINCESS,16,KETCHIKAN
2008-06-23T10:02:14,310404000,54.61702333,-131.2770933,0,16.3,17.5,19,9228198,ZCDF8,DIAMOND PRINCESS,16,KETCHIKAN
2008-06-23T10:02:07,310404000,54.61648333,-131.2773633,0,15.3,17.4,18,9228198,ZCDF8,DIAMOND PRINCESS,16,KETCHIKAN
2008-06-23T10:02:02,310404000,54.61610333,-131.2775467,0,15.3,17.4,18,9228198,ZCDF8,DIAMOND PRINCESS,16,KETCHIKAN
2008-06-23T10:01:55,310404000,54.61556333,-131.2778033,0,14.0,17.4,17,9228198,ZCDF8,DIAMOND PRINCESS,16,KETCHIKAN
2008-06-23T10:01:50,310404000,54.61516333,-131.2779817,0,14.3,17.5,17,9228198,ZCDF8,DIAMOND PRINCESS,16,KETCHIKAN
2008-06-23T10:01:44,310404000,54.614695,-131.2781917,0,13.0,17.5,16,9228198,ZCDF8,DIAMOND PRINCESS,16,KETCHIKAN
2008-06-23T10:01:38,310404000,54.61414167,-131.2784283,0,0.0,0.0,0,9228198,ZCDF8,DIAMOND PRINCESS,16,KETCHIKAN
2008-06-23T10:01:37,310404000,54.61414167,-131.2784283,0,13.0,17.4,16,9228198,ZCDF8,DIAMOND PRINCESS,16,KETCHIKAN
2008-06-23T10:01:32,310404000,54.61376,-131.27858,0,12.3,17.4,15,9228198,ZCDF8,DIAMOND PRINCESS,16,KETCHIKAN
2008-06-23T10:01:25,310404000,54.61321167,-131.2787967,0,12.3,17.5,15,9228198,ZCDF8,DIAMOND PRINCESS,16,KETCHIKAN
2008-06-23T10:01:19,310404000,54.61273333,-131.2789833,0,10.4,17.5,14,9228198,ZCDF8,DIAMOND PRINCESS,16,KETCHIKAN
2008-06-23T10:01:14,310404000,54.61233667,-131.2791133,0,11.3,17.5,14,9228198,ZCDF8,DIAMOND PRINCESS,16,KETCHIKAN
2008-06-23T10:01:07,310404000,54.61187,-131.27927,0,10.7,17.5,13,9228198,ZCDF8,DIAMOND PRINCESS,16,KETCHIKAN
2008-06-23T10:01:02,310404000,54.61131667,-131.279465,0,8.7,17.5,13,9228198,ZCDF8,DIAMOND PRINCESS,16,KETCHIKAN
2008-06-23T10:00:55,310404000,54.61075667,-131.279625,0,9.3,17.5,12,9228198,ZCDF8,DIAMOND PRINCESS,16,KETCHIKAN
2008-06-23T10:00:50,310404000,54.61035833,-131.279735,0,8.7,17.5,11,9228198,ZCDF8,DIAMOND PRINCESS,16,KETCHIKAN
2008-06-23T10:00:44,310404000,54.60988167,-131.2798717,0,8.0,17.6,11,9228198,ZCDF8,DIAMOND PRINCESS,16,KETCHIKAN
2008-06-23T10:00:37,310404000,54.60939167,-131.2799967,0,7.0,17.6,10,9228198,ZCDF8,DIAMOND PRINCESS,16,KETCHIKAN
2008-06-23T10:00:25,310404000,54.60842833,-131.2802133,0,6.3,17.6,9,9228198,ZCDF8,DIAMOND PRINCESS,16,KETCHIKAN
2008-06-23T10:00:19,310404000,54.60794333,-131.2803117,0,5.0,17.6,8,9228198,ZCDF8,DIAMOND PRINCESS,16,KETCHIKAN
2008-06-23T10:00:14,310404000,54.60754,-131.28038,0,5.4,17.7,8,9228198,ZCDF8,DIAMOND PRINCESS,16,KETCHIKAN
2008-06-23T10:00:08,310404000,54.60705333,-131.28046,0,4.7,17.7,7,9228198,ZCDF8,DIAMOND PRINCESS,16,KETCHIKAN
2008-06-23T10:00:02,310404000,54.606575,-131.2805417,0,3.0,17.7,6,9228198,ZCDF8,DIAMOND PRINCESS,16,KETCHIKAN
2008-06-23T09:59:55,310404000,54.606,-131.28061,0,3.4,17.7,6,9228198,ZCDF8,DIAMOND PRINCESS,16,KETCHIKAN
2008-06-23T09:59:50,310404000,54.6056,-131.2806467,0,3.0,17.8,5,9228198,ZCDF8,DIAMOND PRINCESS,16,KETCHIKAN
2008-06-23T09:59:44,310404000,54.60501667,-131.2807033,0,2.7,17.8,5,9228198,ZCDF8,DIAMOND PRINCESS,16,KETCHIKAN
2008-06-23T09:59:37,310404000,54.60444167,-131.2807533,0,0.7,17.8,4,9228198,ZCDF8,DIAMOND PRINCESS,16,KETCHIKAN
2008-06-23T09:59:32,310404000,54.60403833,-131.280765,0,0.1,17.8,3,9228198,ZCDF8,DIAMOND PRINCESS,16,KETCHIKAN
2008-06-23T09:59:25,310404000,54.60353833,-131.2807733,0,1.0,17.9,3,9228198,ZCDF8,DIAMOND PRINCESS,16,KETCHIKAN
2008-06-23T09:59:19,310404000,54.60304333,-131.28079,0,0.1,17.9,3,9228198,ZCDF8,DIAMOND PRINCESS,16,KETCHIKAN
2008-06-23T09:59:14,310404000,54.60263167,-131.2808017,0,358.9,17.9,2,9228198,ZCDF8,DIAMOND PRINCESS,16,KETCHIKAN
2008-06-23T09:59:08,310404000,54.602145,-131.2807883,0,359.2,17.9,2,9228198,ZCDF8,DIAMOND PRINCESS,16,KETCHIKAN
2008-06-23T09:59:02,310404000,54.60165,-131.2807717,0,358.8,17.9,1,9228198,ZCDF8,DIAMOND PRINCESS,16,KETCHIKAN
2008-06-23T09:58:55,310404000,54.60107167,-131.2807617,0,357.2,17.9,0,9228198,ZCDF8,DIAMOND PRINCESS,16,KETCHIKAN
2008-06-23T09:58:50,310404000,54.60057167,-131.28073,0,356.9,17.9,0,9228198,ZCDF8,DIAMOND PRINCESS,16,KETCHIKAN
2008-06-23T09:58:44,310404000,54.60007333,-131.2806767,0,356.4,17.9,359,9228198,ZCDF8,DIAMOND PRINCESS,16,KETCHIKAN
2008-06-23T09:58:25,310404000,54.59859,-131.2805,0,354.4,17.9,357,9228198,ZCDF8,DIAMOND PRINCESS,16,KETCHIKAN
2008-06-23T09:58:19,310404000,54.59801667,-131.280405,0,354.0,18.0,356,9228198,ZCDF8,DIAMOND PRINCESS,16,KETCHIKAN
2008-06-23T09:58:13,310404000,54.59752167,-131.2803217,0,352.4,18.0,355,9228198,ZCDF8,DIAMOND PRINCESS,16,KETCHIKAN
2008-06-23T09:58:08,310404000,54.59711,-131.2802433,0,351.4,17.9,355,9228198,ZCDF8,DIAMOND PRINCESS,16,KETCHIKAN
2008-06-23T09:58:02,310404000,54.596615,-131.2801217,0,351.7,18.0,354,9228198,ZCDF8,DIAMOND PRINCESS,16,KETCHIKAN
2008-06-23T09:57:55,310404000,54.596125,-131.2800017,0,350.7,17.9,353,9228198,ZCDF8,DIAMOND PRINCESS,16,KETCHIKAN
2008-06-23T09:57:50,310404000,54.59563333,-131.279875,0,349.7,18.0,352,9228198,ZCDF8,DIAMOND PRINCESS,16,KETCHIKAN
2008-06-23T09:57:44,310404000,54.59514167,-131.2797317,0,350.0,18.0,352,9228198,ZCDF8,DIAMOND PRINCESS,16,KETCHIKAN
2008-06-23T09:57:37,310404000,54.59466,-131.2795933,0,349.0,18.0,351,9228198,ZCDF8,DIAMOND PRINCESS,16,KETCHIKAN
2008-06-23T09:57:13,310404000,54.59270333,-131.2789233,0,347.7,18.0,349,9228198,ZCDF8,DIAMOND PRINCESS,16,KETCHIKAN
2008-06-23T09:57:08,310404000,54.59229667,-131.2787733,0,347.4,18.0,349,9228198,ZCDF8,DIAMOND PRINCESS,16,KETCHIKAN
2008-06-23T09:57:02,310404000,54.59180833,-131.2786,0,345.7,18.0,348,9228198,ZCDF8,DIAMOND PRINCESS,16,KETCHIKAN
2008-06-23T09:56:55,310404000,54.59117167,-131.278335,0,346.4,18.0,348,9228198,ZCDF8,DIAMOND PRINCESS,16,KETCHIKAN
2008-06-23T09:56:49,310404000,54.59068167,-131.278125,0,345.7,17.9,347,9228198,ZCDF8,DIAMOND PRINCESS,16,KETCHIKAN
2008-06-23T09:56:43,310404000,54.59020167,-131.277925,0,345.7,17.9,347,9228198,ZCDF8,DIAMOND PRINCESS,16,KETCHIKAN
2008-06-23T09:56:37,310404000,54.58972167,-131.2777183,0,344.0,18.0,346,9228198,ZCDF8,DIAMOND PRINCESS,16,KETCHIKAN
2008-06-23T09:56:31,310404000,54.58924167,-131.277495,0,343.7,17.9,346,9228198,ZCDF8,DIAMOND PRINCESS,16,KETCHIKAN
2008-06-23T09:56:25,310404000,54.588765,-131.2772517,0,343.3,17.9,345,9228198,ZCDF8,DIAMOND PRINCESS,16,KETCHIKAN
2008-06-23T09:56:13,310404000,54.58781333,-131.2767783,0,342.3,17.9,344,9228198,ZCDF8,DIAMOND PRINCESS,16,KETCHIKAN
2008-06-23T09:56:08,310404000,54.58741667,-131.2765683,0,340.7,18.0,343,9228198,ZCDF8,DIAMOND PRINCESS,16,KETCHIKAN
2008-06-23T09:56:02,310404000,54.58695333,-131.2763,0,340.4,18.0,342,9228198,ZCDF8,DIAMOND PRINCESS,16,KETCHIKAN
2008-06-23T09:55:49,310404000,54.58601667,-131.2757433,0,339.4,18.0,341,9228198,ZCDF8,DIAMOND PRINCESS,16,KETCHIKAN
2008-06-23T09:55:43,310404000,54.58554333,-131.2754433,0,338.7,18.1,340,9228198,ZCDF8,DIAMOND PRINCESS,16,KETCHIKAN
2008-06-23T09:55:40,310404000,54.584535,-131.2747767,0,0.0,0.0,0,9228198,ZCDF8,DIAMOND PRINCESS,16,KETCHIKAN
2008-06-23T09:55:31,310404000,54.584535,-131.2747767,0,336.7,18.0,339,9228198,ZCDF8,DIAMOND PRINCESS,16,KETCHIKAN
2008-06-23T09:55:25,310404000,54.58407167,-131.2744567,0,336.7,18.0,338,9228198,ZCDF8,DIAMOND PRINCESS,16,KETCHIKAN
2008-06-23T09:55:13,310404000,54.583155,-131.273775,0,337.0,18.2,337,9228198,ZCDF8,DIAMOND PRINCESS,16,KETCHIKAN
2008-06-23T09:55:08,310404000,54.58277667,-131.2735017,0,336.3,18.1,337,9228198,ZCDF8,DIAMOND PRINCESS,16,KETCHIKAN
2008-06-23T09:55:02,310404000,54.58231833,-131.27316,0,335.3,18.0,336,9228198,ZCDF8,DIAMOND PRINCESS,16,KETCHIKAN
2008-06-23T09:54:55,310404000,54.58177833,-131.2727383,0,335.6,18.1,336,9228198,ZCDF8,DIAMOND PRINCESS,16,KETCHIKAN
2008-06-23T09:54:49,310404000,54.58132333,-131.2723867,0,335.3,18.1,336,9228198,ZCDF8,DIAMOND PRINCESS,16,KETCHIKAN
2008-06-23T09:54:43,310404000,54.58087333,-131.272025,0,336.0,18.1,336,9228198,ZCDF8,DIAMOND PRINCESS,16,KETCHIKAN
2008-06-23T09:54:37,310404000,54.580495,-131.2717267,0,336.0,18.1,336,9228198,ZCDF8,DIAMOND PRINCESS,16,KETCHIKAN
2008-06-23T09:54:25,310404000,54.57951333,-131.2709567,0,335.6,17.9,336,9228198,ZCDF8,DIAMOND PRINCESS,16,KETCHIKAN
2008-06-23T09:54:13,310404000,54.57853667,-131.2701817,0,335.0,18.0,335,9228198,ZCDF8,DIAMOND PRINCESS,16,KETCHIKAN
2008-06-23T09:54:08,310404000,54.57823,-131.2699483,0,334.6,18.0,335,9228198,ZCDF8,DIAMOND PRINCESS,16,KETCHIKAN
2008-06-23T09:54:01,310404000,54.57770667,-131.2695317,0,334.6,18.1,335,9228198,ZCDF8,DIAMOND PRINCESS,16,KETCHIKAN
2008-06-23T09:53:55,310404000,54.57725333,-131.2691683,0,334.6,18.0,335,9228198,ZCDF8,DIAMOND PRINCESS,16,KETCHIKAN
2008-06-23T09:53:49,310404000,54.5768,-131.26881,0,335.0,18.0,335,9228198,ZCDF8,DIAMOND PRINCESS,16,KETCHIKAN
2008-06-23T09:53:37,310404000,54.57589333,-131.2681033,0,335.3,18.0,335,9228198,ZCDF8,DIAMOND PRINCESS,16,KETCHIKAN
2008-06-23T09:53:31,310404000,54.57544167,-131.2677567,0,334.6,18.0,335,9228198,ZCDF8,DIAMOND PRINCESS,16,KETCHIKAN
2008-06-23T09:53:25,310404000,54.57499667,-131.2673967,0,335.0,18.0,335,9228198,ZCDF8,DIAMOND PRINCESS,16,KETCHIKAN
2008-06-23T09:53:20,310404000,54.57454,-131.267025,0,335.6,18.0,335,9228198,ZCDF8,DIAMOND PRINCESS,16,KETCHIKAN
2008-06-23T09:53:13,310404000,54.57409333,-131.2666817,0,335.6,18.0,335,9228198,ZCDF8,DIAMOND PRINCESS,16,KETCHIKAN
2008-06-23T09:53:08,310404000,54.57371333,-131.2663933,0,334.0,18.0,335,9228198,ZCDF8,DIAMOND PRINCESS,16,KETCHIKAN
2008-06-23T09:52:49,310404000,54.57228167,-131.2652417,0,335.6,18.0,335,9228198,ZCDF8,DIAMOND PRINCESS,16,KETCHIKAN
2008-06-23T09:52:37,310404000,54.57138167,-131.2645233,0,333.6,18.0,334,9228198,ZCDF8,DIAMOND PRINCESS,16,KETCHIKAN
2008-06-23T09:52:31,310404000,54.57093833,-131.2641467,0,334.6,18.0,334,9228198,ZCDF8,DIAMOND PRINCESS,16,KETCHIKAN
2008-06-23T09:52:25,310404000,54.57049,-131.2637833,0,334.9,17.8,334,9228198,ZCDF8,DIAMOND PRINCESS,16,KETCHIKAN
2008-06-23T09:52:19,310404000,54.57003333,-131.263425,0,335.3,18.0,335,9228198,ZCDF8,DIAMOND PRINCESS,16,KETCHIKAN
2008-06-23T09:52:13,310404000,54.56959333,-131.2630733,0,334.6,18.0,335,9228198,ZCDF8,DIAMOND PRINCESS,16,KETCHIKAN
2008-06-23T09:52:08,310404000,54.56913833,-131.2626983,0,335.0,18.0,335,9228198,ZCDF8,DIAMOND PRINCESS,16,KETCHIKAN
2008-06-23T09:52:01,310404000,54.56868833,-131.2623233,0,335.9,18.0,335,9228198,ZCDF8,DIAMOND PRINCESS,16,KETCHIKAN
2008-06-23T09:51:55,310404000,54.56824333,-131.26198,0,335.9,18.0,335,9228198,ZCDF8,DIAMOND PRINCESS,16,KETCHIKAN
2008-06-23T09:51:49,310404000,54.56777833,-131.2616283,0,334.3,18.0,335,9228198,ZCDF8,DIAMOND PRINCESS,16,KETCHIKAN
2008-06-23T09:51:43,310404000,54.56725333,-131.2612033,0,334.6,18.0,335,9228198,ZCDF8,DIAMOND PRINCESS,16,KETCHIKAN
2008-06-23T09:51:37,310404000,54.56680833,-131.2608317,0,336.2,18.0,335,9228198,ZCDF8,DIAMOND PRINCESS,16,KETCHIKAN
2008-06-23T09:51:31,310404000,54.56635,-131.2604917,0,335.6,18.0,335,9228198,ZCDF8,DIAMOND PRINCESS,16,KETCHIKAN
2008-06-23T09:51:25,310404000,54.56589167,-131.260155,0,334.3,18.0,335,9228198,ZCDF8,DIAMOND PRINCESS,16,KETCHIKAN
2008-06-23T09:51:13,310404000,54.56499833,-131.25943,0,336.6,18.0,336,9228198,ZCDF8,DIAMOND PRINCESS,16,KETCHIKAN
2008-06-23T09:51:08,310404000,54.56461167,-131.2591267,0,335.9,18.0,335,9228198,ZCDF8,DIAMOND PRINCESS,16,KETCHIKAN
2008-06-23T09:51:01,310404000,54.56416333,-131.258795,0,334.6,18.0,335,9228198,ZCDF8,DIAMOND PRINCESS,16,KETCHIKAN
2008-06-23T09:50:49,310404000,54.56325167,-131.2580717,0,335.0,18.0,335,9228198,ZCDF8,DIAMOND PRINCESS,16,KETCHIKAN
2008-06-23T09:50:43,310404000,54.56280333,-131.2577067,0,335.9,18.0,335,9228198,ZCDF8,DIAMOND PRINCESS,16,KETCHIKAN
2008-06-23T09:50:37,310404000,54.562355,-131.2573617,0,335.0,17.9,335,9228198,ZCDF8,DIAMOND PRINCESS,16,KETCHIKAN
2008-06-23T09:50:32,310404000,54.56190333,-131.2570133,0,334.6,17.9,335,9228198,ZCDF8,DIAMOND PRINCESS,16,KETCHIKAN
2008-06-23T09:50:25,310404000,54.561375,-131.2565817,0,335.6,17.8,335,9228198,ZCDF8,DIAMOND PRINCESS,16,KETCHIKAN
2008-06-23T09:50:20,310404000,54.560925,-131.2562183,0,335.3,17.9,335,9228198,ZCDF8,DIAMOND PRINCESS,16,KETCHIKAN
2008-06-23T09:50:13,310404000,54.56047667,-131.25586,0,335.0,17.9,335,9228198,ZCDF8,DIAMOND PRINCESS,16,KETCHIKAN
2008-06-23T09:50:08,310404000,54.56003,-131.2554967,0,334.3,17.9,334,9228198,ZCDF8,DIAMOND PRINCESS,16,KETCHIKAN
2008-06-23T09:50:01,310404000,54.55959,-131.2551417,0,334.3,17.8,334,9228198,ZCDF8,DIAMOND PRINCESS,16,KETCHIKAN
2008-06-23T09:49:55,310404000,54.55914333,-131.2547783,0,334.3,17.9,334,9228198,ZCDF8,DIAMOND PRINCESS,16,KETCHIKAN
2008-06-23T09:49:49,310404000,54.558695,-131.25442,0,334.0,17.9,334,9228198,ZCDF8,DIAMOND PRINCESS,16,KETCHIKAN
2008-06-23T09:49:43,310404000,54.55824167,-131.25405,0,334.0,17.8,334,9228198,ZCDF8,DIAMOND PRINCESS,16,KETCHIKAN
2008-06-23T09:49:37,310404000,54.55779333,-131.2536783,0,335.2,17.8,334,9228198,ZCDF8,DIAMOND PRINCESS,16,KETCHIKAN
2008-06-23T09:49:32,310404000,54.55743,-131.2533867,0,334.9,17.8,334,9228198,ZCDF8,DIAMOND PRINCESS,16,KETCHIKAN
2008-06-23T09:49:25,310404000,54.556895,-131.2529683,0,334.3,17.9,334,9228198,ZCDF8,DIAMOND PRINCESS,16,KETCHIKAN
2008-06-23T09:49:13,310404000,54.556085,-131.252295,0,334.9,17.8,334,9228198,ZCDF8,DIAMOND PRINCESS,16,KETCHIKAN
2008-06-23T09:49:08,310404000,54.55556333,-131.251875,0,335.2,17.8,334,9228198,ZCDF8,DIAMOND PRINCESS,16,KETCHIKAN
2008-06-23T09:49:02,310404000,54.55511667,-131.2515217,0,335.2,17.8,334,9228198,ZCDF8,DIAMOND PRINCESS,16,KETCHIKAN
2008-06-23T09:48:50,310404000,54.55422167,-131.250795,0,334.9,17.9,334,9228198,ZCDF8,DIAMOND PRINCESS,16,KETCHIKAN
2008-06-23T09:48:44,310404000,54.55385167,-131.2504967,0,335.6,17.9,335,9228198,ZCDF8,DIAMOND PRINCESS,16,KETCHIKAN
2008-06-23T09:48:37,310404000,54.553325,-131.2500767,0,336.2,17.9,335,9228198,ZCDF8,DIAMOND PRINCESS,16,KETCHIKAN
2008-06-23T09:48:32,310404000,54.55295,-131.24978,0,336.6,17.9,335,9228198,ZCDF8,DIAMOND PRINCESS,16,KETCHIKAN
2008-06-23T09:48:26,310404000,54.55249333,-131.249435,0,335.9,17.9,335,9228198,ZCDF8,DIAMOND PRINCESS,16,KETCHIKAN
2008-06-23T09:48:19,310404000,54.55196667,-131.2490283,0,335.0,17.9,335,9228198,ZCDF8,DIAMOND PRINCESS,16,KETCHIKAN
2008-06-23T09:48:13,310404000,54.55151833,-131.2486633,0,335.9,17.9,335,9228198,ZCDF8,DIAMOND PRINCESS,16,KETCHIKAN
2008-06-23T09:48:08,310404000,54.551145,-131.2483667,0,336.6,17.9,335,9228198,ZCDF8,DIAMOND PRINCESS,16,KETCHIKAN
2008-06-23T09:48:02,310404000,54.55069667,-131.2480317,0,335.9,17.9,335,9228198,ZCDF8,DIAMOND PRINCESS,16,KETCHIKAN
2008-06-23T09:47:56,310404000,54.550235,-131.2476867,0,335.0,17.9,335,9228198,ZCDF8,DIAMOND PRINCESS,16,KETCHIKAN
2008-06-23T09:47:50,310404000,54.54978667,-131.2473267,0,335.3,17.9,335,9228198,ZCDF8,DIAMOND PRINCESS,16,KETCHIKAN
2008-06-23T09:47:44,310404000,54.54926333,-131.24691,0,335.9,17.9,335,9228198,ZCDF8,DIAMOND PRINCESS,16,KETCHIKAN
2008-06-23T09:47:37,310404000,54.54881,-131.2465667,0,335.3,17.9,335,9228198,ZCDF8,DIAMOND PRINCESS,16,KETCHIKAN
2008-06-23T09:47:32,310404000,54.54836,-131.2462167,0,335.3,17.9,335,9228198,ZCDF8,DIAMOND PRINCESS,16,KETCHIKAN
2008-06-23T09:47:19,310404000,54.54745667,-131.245515,0,336.6,17.9,336,9228198,ZCDF8,DIAMOND PRINCESS,16,KETCHIKAN
2008-06-23T09:47:14,310404000,54.54700167,-131.245175,0,335.0,17.9,336,9228198,ZCDF8,DIAMOND PRINCESS,16,KETCHIKAN
2008-06-23T09:47:08,310404000,54.54655,-131.244825,0,335.0,17.9,335,9228198,ZCDF8,DIAMOND PRINCESS,16,KETCHIKAN
2008-06-23T09:47:02,310404000,54.54617333,-131.2445233,0,336.6,18.0,336,9228198,ZCDF8,DIAMOND PRINCESS,16,KETCHIKAN
2008-06-23T09:46:56,310404000,54.54572833,-131.244175,0,335.9,18.0,335,9228198,ZCDF8,DIAMOND PRINCESS,16,KETCHIKAN
2008-06-23T09:46:50,310404000,54.54518833,-131.243775,0,334.6,18.0,335,9228198,ZCDF8,DIAMOND PRINCESS,16,KETCHIKAN
2008-06-23T09:46:38,310404000,54.544365,-131.2431067,0,335.9,18.0,335,9228198,ZCDF8,DIAMOND PRINCESS,16,KETCHIKAN
2008-06-23T09:46:32,310404000,54.54391333,-131.2427483,0,335.9,18.1,335,9228198,ZCDF8,DIAMOND PRINCESS,16,KETCHIKAN
2008-06-23T09:46:26,310404000,54.54337833,-131.2423583,0,334.3,18.0,335,9228198,ZCDF8,DIAMOND PRINCESS,16,KETCHIKAN
2008-06-23T09:46:20,310404000,54.54292833,-131.2419933,0,334.6,18.0,335,9228198,ZCDF8,DIAMOND PRINCESS,16,KETCHIKAN
2008-06-23T09:46:07,310404000,54.54195667,-131.2412067,0,335.9,18.0,335,9228198,ZCDF8,DIAMOND PRINCESS,16,KETCHIKAN
2008-06-23T09:46:02,310404000,54.541575,-131.24092,0,334.0,17.9,334,9228198,ZCDF8,DIAMOND PRINCESS,16,KETCHIKAN
2008-06-23T09:45:56,310404000,54.54113,-131.240555,0,334.0,18.0,334,9228198,ZCDF8,DIAMOND PRINCESS,16,KETCHIKAN
2008-06-23T09:45:50,310404000,54.54068667,-131.240175,0,335.2,18.1,334,9228198,ZCDF8,DIAMOND PRINCESS,16,KETCHIKAN
2008-06-23T09:45:44,310404000,54.54031,-131.239875,0,336.2,18.0,335,9228198,ZCDF8,DIAMOND PRINCESS,16,KETCHIKAN
2008-06-23T09:45:38,310404000,54.53977667,-131.23947,0,335.0,17.9,335,9228198,ZCDF8,DIAMOND PRINCESS,16,KETCHIKAN
2008-06-23T09:45:26,310404000,54.53897,-131.2388,0,335.9,17.9,335,9228198,ZCDF8,DIAMOND PRINCESS,16,KETCHIKAN
2008-06-23T09:45:20,310404000,54.53851833,-131.2384467,0,335.3,17.9,335,9228198,ZCDF8,DIAMOND PRINCESS,16,KETCHIKAN
2008-06-23T09:45:14,310404000,54.53806667,-131.2380933,0,335.3,17.9,335,9228198,ZCDF8,DIAMOND PRINCESS,16,KETCHIKAN
2008-06-23T09:45:02,310404000,54.53708667,-131.23732,0,335.3,17.9,335,9228198,ZCDF8,DIAMOND PRINCESS,16,KETCHIKAN
2008-06-23T09:44:56,310404000,54.536635,-131.236975,0,334.3,17.9,335,9228198,ZCDF8,DIAMOND PRINCESS,16,KETCHIKAN
2008-06-23T09:44:50,310404000,54.53619333,-131.2366233,0,335.3,17.9,335,9228198,ZCDF8,DIAMOND PRINCESS,16,KETCHIKAN
2008-06-23T09:44:44,310404000,54.53573833,-131.2362567,0,336.9,17.9,336,9228198,ZCDF8,DIAMOND PRINCESS,16,KETCHIKAN
2008-06-23T09:44:38,310404000,54.535285,-131.2359183,0,335.3,17.9,335,9228198,ZCDF8,DIAMOND PRINCESS,16,KETCHIKAN
2008-06-23T09:44:32,310404000,54.53483833,-131.2355833,0,334.6,17.9,335,9228198,ZCDF8,DIAMOND PRINCESS,16,KETCHIKAN
2008-06-23T09:44:26,310404000,54.53438,-131.2352167,0,335.3,17.9,335,9228198,ZCDF8,DIAMOND PRINCESS,16,KETCHIKAN
2008-06-23T09:44:20,310404000,54.53394,-131.2348667,0,335.6,17.9,335,9228198,ZCDF8,DIAMOND PRINCESS,16,KETCHIKAN
2008-06-23T09:44:14,310404000,54.53348167,-131.2345133,0,335.3,17.9,335,9228198,ZCDF8,DIAMOND PRINCESS,16,KETCHIKAN
2008-06-23T09:44:07,310404000,54.53303167,-131.2341633,0,335.0,17.9,335,9228198,ZCDF8,DIAMOND PRINCESS,16,KETCHIKAN
2008-06-23T09:44:02,310404000,54.53258833,-131.2338083,0,335.0,17.9,335,9228198,ZCDF8,DIAMOND PRINCESS,16,KETCHIKAN
2008-06-23T09:43:56,310404000,54.53214167,-131.2334533,0,335.0,17.9,335,9228198,ZCDF8,DIAMOND PRINCESS,16,KETCHIKAN
2008-06-23T09:43:50,310404000,54.53161167,-131.2330267,0,335.3,17.8,335,9228198,ZCDF8,DIAMOND PRINCESS,16,KETCHIKAN
2008-06-23T09:43:44,310404000,54.53123833,-131.2327317,0,335.3,17.8,335,9228198,ZCDF8,DIAMOND PRINCESS,16,KETCHIKAN
2008-06-23T09:43:38,310404000,54.53079,-131.23238,0,334.6,17.9,335,9228198,ZCDF8,DIAMOND PRINCESS,16,KETCHIKAN
2008-06-23T09:43:32,310404000,54.53034167,-131.23202,0,334.6,17.9,335,9228198,ZCDF8,DIAMOND PRINCESS,16,KETCHIKAN
2008-06-23T09:43:26,310404000,54.5299,-131.23166,0,335.9,17.9,335,9228198,ZCDF8,DIAMOND PRINCESS,16,KETCHIKAN
2008-06-23T09:43:20,310404000,54.52945167,-131.2313083,0,335.9,17.9,335,9228198,ZCDF8,DIAMOND PRINCESS,16,KETCHIKAN
2008-06-23T09:43:14,310404000,54.52899167,-131.2309633,0,334.3,17.9,335,9228198,ZCDF8,DIAMOND PRINCESS,16,KETCHIKAN
2008-06-23T09:43:02,310404000,54.52810333,-131.23023,0,335.9,17.9,335,9228198,ZCDF8,DIAMOND PRINCESS,16,KETCHIKAN
2008-06-23T09:42:56,310404000,54.52766,-131.2298933,0,335.3,17.9,335,9228198,ZCDF8,DIAMOND PRINCESS,16,KETCHIKAN
2008-06-23T09:42:50,310404000,54.52719833,-131.2295467,0,334.3,17.9,335,9228198,ZCDF8,DIAMOND PRINCESS,16,KETCHIKAN
2008-06-23T09:42:38,310404000,54.52630333,-131.2288233,0,335.9,17.8,335,9228198,ZCDF8,DIAMOND PRINCESS,16,KETCHIKAN
2008-06-23T09:42:32,310404000,54.52586,-131.22849,0,335.3,17.8,335,9228198,ZCDF8,DIAMOND PRINCESS,16,KETCHIKAN
2008-06-23T09:42:26,310404000,54.525335,-131.2280917,0,334.6,17.8,335,9228198,ZCDF8,DIAMOND PRINCESS,16,KETCHIKAN
2008-06-23T09:42:14,310404000,54.52443333,-131.227365,0,335.6,17.8,335,9228198,ZCDF8,DIAMOND PRINCESS,16,KETCHIKAN
2008-06-23T09:42:07,310404000,54.52398667,-131.2270183,0,335.6,17.8,335,9228198,ZCDF8,DIAMOND PRINCESS,16,KETCHIKAN
2008-06-23T09:42:02,310404000,54.52361167,-131.2267383,0,334.3,17.8,335,9228198,ZCDF8,DIAMOND PRINCESS,16,KETCHIKAN
2008-06-23T09:41:56,310404000,54.52317167,-131.22638,0,334.6,17.8,335,9228198,ZCDF8,DIAMOND PRINCESS,16,KETCHIKAN
2008-06-23T09:41:50,310404000,54.52273,-131.2260133,0,336.2,17.8,335,9228198,ZCDF8,DIAMOND PRINCESS,16,KETCHIKAN
2008-06-23T09:41:38,310404000,54.52182,-131.2253333,0,334.0,17.7,335,9228198,ZCDF8,DIAMOND PRINCESS,16,KETCHIKAN
2008-06-23T09:41:32,310404000,54.52137833,-131.2249633,0,335.0,17.7,335,9228198,ZCDF8,DIAMOND PRINCESS,16,KETCHIKAN
2008-06-23T09:41:26,310404000,54.52094,-131.224605,0,335.9,17.7,335,9228198,ZCDF8,DIAMOND PRINCESS,16,KETCHIKAN
2008-06-23T09:41:20,310404000,54.52049167,-131.224265,0,335.3,17.8,335,9228198,ZCDF8,DIAMOND PRINCESS,16,KETCHIKAN
2008-06-23T09:41:14,310404000,54.52004167,-131.2239167,0,335.0,17.8,335,9228198,ZCDF8,DIAMOND PRINCESS,16,KETCHIKAN
2008-06-23T09:41:02,310404000,54.519075,-131.22314,0,335.9,17.8,335,9228198,ZCDF8,DIAMOND PRINCESS,16,KETCHIKAN
2008-06-23T09:40:56,310404000,54.518625,-131.2228,0,334.6,17.7,335,9228198,ZCDF8,DIAMOND PRINCESS,16,KETCHIKAN
2008-06-23T09:40:43,310404000,54.51774333,-131.2220917,0,336.9,17.7,336,9228198,ZCDF8,DIAMOND PRINCESS,16,KETCHIKAN
2008-06-23T09:40:38,310404000,54.51728833,-131.2217483,0,336.9,17.8,336,9228198,ZCDF8,DIAMOND PRINCESS,16,KETCHIKAN
2008-06-23T09:40:32,310404000,54.51692,-131.2214867,0,335.6,17.8,336,9228198,ZCDF8,DIAMOND PRINCESS,16,KETCHIKAN
2008-06-23T09:40:14,310404000,54.51549333,-131.220375,0,337.2,17.7,336,9228198,ZCDF8,DIAMOND PRINCESS,16,KETCHIKAN
2008-06-23T09:40:02,310404000,54.51466833,-131.2197767,0,334.6,17.6,335,9228198,ZCDF8,DIAMOND PRINCESS,16,KETCHIKAN
2008-06-23T09:39:56,310404000,54.51422667,-131.2194233,0,335.3,17.7,335,9228198,ZCDF8,DIAMOND PRINCESS,16,KETCHIKAN
2008-06-23T09:39:32,310404000,54.51237833,-131.217965,0,335.9,17.6,335,9228198,ZCDF8,DIAMOND PRINCESS,16,KETCHIKAN
2008-06-23T09:39:26,310404000,54.51193,-131.21762,0,336.6,17.6,336,9228198,ZCDF8,DIAMOND PRINCESS,16,KETCHIKAN
2008-06-23T09:39:14,310404000,54.51104,-131.21694,0,335.6,17.6,336,9228198,ZCDF8,DIAMOND PRINCESS,16,KETCHIKAN
2008-06-23T09:39:02,310404000,54.51014833,-131.2162533,0,337.6,17.6,337,9228198,ZCDF8,DIAMOND PRINCESS,16,KETCHIKAN
2008-06-23T09:38:37,310404000,54.50837333,-131.214945,0,335.6,17.5,336,9228198,ZCDF8,DIAMOND PRINCESS,16,KETCHIKAN
2008-06-23T09:38:32,310404000,54.50793,-131.2146167,0,335.6,17.5,336,9228198,ZCDF8,DIAMOND PRINCESS,16,KETCHIKAN
2008-06-23T09:38:26,310404000,54.50756333,-131.214335,0,335.6,17.5,336,9228198,ZCDF8,DIAMOND PRINCESS,16,KETCHIKAN
2008-06-23T09:38:20,310404000,54.507045,-131.21393,0,335.6,17.5,336,9228198,ZCDF8,DIAMOND PRINCESS,16,KETCHIKAN
2008-06-23T09:38:14,310404000,54.50661,-131.2135867,0,336.0,17.5,336,9228198,ZCDF8,DIAMOND PRINCESS,16,KETCHIKAN
2008-06-23T09:38:08,310404000,54.50616333,-131.2132483,0,335.6,17.5,336,9228198,ZCDF8,DIAMOND PRINCESS,16,KETCHIKAN
2008-06-23T09:38:02,310404000,54.50572333,-131.2129117,0,336.0,17.5,336,9228198,ZCDF8,DIAMOND PRINCESS,16,KETCHIKAN
2008-06-23T09:37:56,310404000,54.50528167,-131.2125683,0,336.0,17.4,336,9228198,ZCDF8,DIAMOND PRINCESS,16,KETCHIKAN
2008-06-23T09:37:49,310404000,54.504765,-131.21218,0,335.3,17.4,336,9228198,ZCDF8,DIAMOND PRINCESS,16,KETCHIKAN
2008-06-23T09:37:37,310404000,54.503895,-131.211495,0,336.0,17.4,336,9228198,ZCDF8,DIAMOND PRINCESS,16,KETCHIKAN
2008-06-23T09:37:32,310404000,54.50353167,-131.2112133,0,336.6,17.4,336,9228198,ZCDF8,DIAMOND PRINCESS,16,KETCHIKAN
2008-06-23T09:37:26,310404000,54.50309333,-131.2108867,0,335.0,17.4,336,9228198,ZCDF8,DIAMOND PRINCESS,16,KETCHIKAN
2008-06-23T09:37:20,310404000,54.502655,-131.2105483,0,335.3,17.4,336,9228198,ZCDF8,DIAMOND PRINCESS,16,KETCHIKAN
2008-06-23T09:37:14,310404000,54.50222,-131.210195,0,336.6,17.4,336,9228198,ZCDF8,DIAMOND PRINCESS,16,KETCHIKAN
2008-06-23T09:37:01,310404000,54.501265,-131.2094867,0,334.6,17.4,336,9228198,ZCDF8,DIAMOND PRINCESS,16,KETCHIKAN
2008-06-23T09:36:56,310404000,54.50082667,-131.2091317,0,336.3,17.4,336,9228198,ZCDF8,DIAMOND PRINCESS,16,KETCHIKAN
2008-06-23T09:36:49,310404000,54.500385,-131.2087917,0,336.3,17.3,336,9228198,ZCDF8,DIAMOND PRINCESS,16,KETCHIKAN
2008-06-23T09:36:43,310404000,54.49994167,-131.2084733,0,335.0,17.4,336,9228198,ZCDF8,DIAMOND PRINCESS,16,KETCHIKAN
2008-06-23T09:36:32,310404000,54.499145,-131.2078467,0,335.6,17.3,336,9228198,ZCDF8,DIAMOND PRINCESS,16,KETCHIKAN
2008-06-23T09:36:25,310404000,54.498635,-131.207455,0,336.6,17.3,336,9228198,ZCDF8,DIAMOND PRINCESS,16,KETCHIKAN
2008-06-23T09:36:01,310404000,54.49687667,-131.2061017,0,337.0,17.3,337,9228198,ZCDF8,DIAMOND PRINCESS,16,KETCHIKAN
2008-06-23T09:35:25,310404000,54.49424667,-131.204115,0,335.3,17.4,337,9228198,ZCDF8,DIAMOND PRINCESS,16,KETCHIKAN
2008-06-23T09:35:19,310404000,54.49381167,-131.2037583,0,336.0,17.4,337,9228198,ZCDF8,DIAMOND PRINCESS,16,KETCHIKAN
2008-06-23T09:34:56,310404000,54.49212667,-131.2024517,0,335.0,17.4,336,9228198,ZCDF8,DIAMOND PRINCESS,16,KETCHIKAN
2008-06-23T09:34:37,310404000,54.49080667,-131.2014267,0,334.6,17.4,336,9228198,ZCDF8,DIAMOND PRINCESS,16,KETCHIKAN
2008-06-23T09:34:25,310404000,54.489945,-131.2007083,0,336.0,17.4,336,9228198,ZCDF8,DIAMOND PRINCESS,16,KETCHIKAN
2008-06-23T09:34:19,310404000,54.489435,-131.2003067,0,335.6,17.3,336,9228198,ZCDF8,DIAMOND PRINCESS,16,KETCHIKAN
2008-06-23T09:33:49,310404000,54.48726,-131.1985867,0,336.0,17.3,337,9228198,ZCDF8,DIAMOND PRINCESS,16,KETCHIKAN
2008-06-23T09:33:14,310404000,54.48471,-131.1966067,0,335.6,17.4,336,9228198,ZCDF8,DIAMOND PRINCESS,16,KETCHIKAN
2008-06-23T09:32:56,310404000,54.4834,-131.1955717,0,334.6,17.4,335,9228198,ZCDF8,DIAMOND PRINCESS,16,KETCHIKAN
2008-06-23T09:32:43,310404000,54.48245833,-131.1948167,0,334.3,17.4,335,9228198,ZCDF8,DIAMOND PRINCESS,16,KETCHIKAN
2008-06-23T09:32:37,310404000,54.48202333,-131.194465,0,334.0,17.4,335,9228198,ZCDF8,DIAMOND PRINCESS,16,KETCHIKAN
2008-06-23T09:32:19,310404000,54.48064667,-131.19335,0,334.3,17.4,335,9228198,ZCDF8,DIAMOND PRINCESS,16,KETCHIKAN
2008-06-23T09:32:14,310404000,54.480285,-131.1930533,0,334.3,17.4,335,9228198,ZCDF8,DIAMOND PRINCESS,16,KETCHIKAN
2008-06-23T09:31:44,310404000,54.47810667,-131.1912967,0,334.6,17.4,335,9228198,ZCDF8,DIAMOND PRINCESS,16,KETCHIKAN
2008-06-23T09:31:32,310404000,54.47723667,-131.1905883,0,335.3,17.4,335,9228198,ZCDF8,DIAMOND PRINCESS,16,KETCHIKAN
2008-06-23T09:31:19,310404000,54.47629167,-131.1898383,0,334.6,17.4,335,9228198,ZCDF8,DIAMOND PRINCESS,16,KETCHIKAN
2008-06-23T09:31:14,310404000,54.47592667,-131.1895433,0,334.6,17.5,335,9228198,ZCDF8,DIAMOND PRINCESS,16,KETCHIKAN
2008-06-23T09:31:08,310404000,54.47549,-131.18919,0,335.3,17.5,335,9228198,ZCDF8,DIAMOND PRINCESS,16,KETCHIKAN
2008-06-23T09:30:56,310404000,54.474605,-131.1884983,0,334.6,17.4,335,9228198,ZCDF8,DIAMOND PRINCESS,16,KETCHIKAN
2008-06-23T09:30:50,310404000,54.47417833,-131.1881667,0,334.3,17.5,335,9228198,ZCDF8,DIAMOND PRINCESS,16,KETCHIKAN
2008-06-23T09:30:14,310404000,54.47155167,-131.1860883,0,336.6,17.4,336,9228198,ZCDF8,DIAMOND PRINCESS,16,KETCHIKAN
2008-06-23T09:30:07,310404000,54.47103333,-131.1857083,0,335.0,17.4,336,9228198,ZCDF8,DIAMOND PRINCESS,16,KETCHIKAN
2008-06-23T09:30:02,310404000,54.47066833,-131.185425,0,335.6,17.4,336,9228198,ZCDF8,DIAMOND PRINCESS,16,KETCHIKAN
2008-06-23T09:29:25,310404000,54.46803667,-131.18338,0,334.3,17.4,335,9228198,ZCDF8,DIAMOND PRINCESS,16,KETCHIKAN
2008-06-23T09:29:19,310404000,54.46753,-131.1829617,0,336.9,17.4,336,9228198,ZCDF8,DIAMOND PRINCESS,16,KETCHIKAN
2008-06-23T09:29:02,310404000,54.46635,-131.18206,0,336.0,17.4,336,9228198,ZCDF8,DIAMOND PRINCESS,16,KETCHIKAN
2008-06-23T09:28:32,310404000,54.464085,-131.180295,0,334.6,17.4,335,9228198,ZCDF8,DIAMOND PRINCESS,16,KETCHIKAN
2008-06-23T09:28:07,310404000,54.46227667,-131.1788733,0,336.9,17.4,336,9228198,ZCDF8,DIAMOND PRINCESS,16,KETCHIKAN
2008-06-23T09:27:50,310404000,54.46101667,-131.17795,0,336.6,17.4,337,9228198,ZCDF8,DIAMOND PRINCESS,16,KETCHIKAN
2008-06-23T09:27:02,310404000,54.45746833,-131.1753583,0,336.3,17.3,337,9228198,ZCDF8,DIAMOND PRINCESS,16,KETCHIKAN
2008-06-23T09:26:37,310404000,54.45562667,-131.1740017,0,336.6,17.4,337,9228198,ZCDF8,DIAMOND PRINCESS,16,KETCHIKAN
2008-06-23T09:25:26,310404000,54.450405,-131.170145,0,336.6,17.4,336,9228198,ZCDF8,DIAMOND PRINCESS,16,KETCHIKAN
2008-06-23T09:25:13,310404000,54.44944667,-131.1694367,0,336.0,17.4,336,9228198,ZCDF8,DIAMOND PRINCESS,16,KETCHIKAN
2008-06-23T09:24:02,310404000,54.444145,-131.1656217,0,337.0,17.3,338,9228198,ZCDF8,DIAMOND PRINCESS,16,KETCHIKAN
2008-06-23T09:23:49,310404000,54.443255,-131.1649717,0,338.3,17.3,338,9228198,ZCDF8,DIAMOND PRINCESS,16,KETCHIKAN
2008-06-23T09:23:26,310404000,54.44155833,-131.1637583,0,337.3,17.3,337,9228198,ZCDF8,DIAMOND PRINCESS,16,KETCHIKAN
2008-06-23T09:23:02,310404000,54.439735,-131.1624083,0,336.3,17.4,336,9228198,ZCDF8,DIAMOND PRINCESS,16,KETCHIKAN
2008-06-23T09:21:02,310404000,54.43088167,-131.1559,0,338.0,17.4,338,9228198,ZCDF8,DIAMOND PRINCESS,16,KETCHIKAN
2008-06-23T09:20:02,310404000,54.42644167,-131.1527217,0,337.3,17.4,337,9228198,ZCDF8,DIAMOND PRINCESS,16,KETCHIKAN
2008-06-23T09:19:07,310404000,54.42247833,-131.1497733,0,336.0,17.4,336,9228198,ZCDF8,DIAMOND PRINCESS,16,KETCHIKAN
2008-06-23T09:07:50,310404000,54.37335,-131.1133067,0,338.4,16.8,334,9228198,ZCDF8,DIAMOND PRINCESS,16,KETCHIKAN
