name,mmsi,bs_ts,lat,lon,nav_status,cog,sog,heading,imo,callsign,destination
CARNIVAL SPIRIT,357658000,2008-06-23T01:34:23,59.42845333,-135.3487433,5,195.0,12.1,195,9188647,3FPR9,SITKA AK
CARNIVAL SPIRIT,357658000,2008-06-23T01:33:33,59.431105,-135.347315,5,195.5,11.0,195,9188647,3FPR9,SITKA AK
CARNIVAL SPIRIT,357658000,2008-06-23T01:32:43,59.433465,-135.3460167,5,196.1,9.8,195,9188647,3FPR9,SITKA AK
CARNIVAL SPIRIT,357658000,2008-06-23T01:31:12,59.43703167,-135.3440067,5,196.7,7.3,196,9188647,3FPR9,SITKA AK
CARNIVAL SPIRIT,357658000,2008-06-23T01:31:53,59.43550167,-135.3448667,5,195.6,8.5,195,9188647,3FPR9,SITKA AK
CARNIVAL SPIRIT,357658000,2008-06-23T01:30:03,59.43899167,-135.3428867,5,196.1,4.9,195,9188647,3FPR9,SITKA AK
CARNIVAL SPIRIT,357658000,2008-06-23T01:30:33,59.438225,-135.343325,5,195.9,6.0,195,9188647,3FPR9,SITKA AK
CARNIVAL SPIRIT,357658000,2008-06-23T01:29:22,59.43983333,-135.3423883,5,196.5,3.8,195,9188647,3FPR9,SITKA AK
CARNIVAL SPIRIT,357658000,2008-06-23T01:28:05,59.44079,-135.34171,5,231.6,1.8,191,9188647,3FPR9,SITKA AK
CARNIVAL SPIRIT,357658000,2008-06-23T01:28:11,59.44074667,-135.3418117,5,225.0,1.9,193,9188647,3FPR9,SITKA AK
CARNIVAL SPIRIT,357658000,2008-06-23T01:28:15,59.44071667,-135.3418617,5,220.5,2.0,194,9188647,3FPR9,SITKA AK
CARNIVAL SPIRIT,357658000,2008-06-23T01:28:21,59.44066167,-135.34193,5,212.5,2.0,195,9188647,3FPR9,SITKA AK
CARNIVAL SPIRIT,357658000,2008-06-23T01:28:25,59.44063333,-135.341955,5,209.0,2.1,195,9188647,3FPR9,SITKA AK
CARNIVAL SPIRIT,357658000,2008-06-23T01:28:31,59.44056167,-135.3420067,5,202.7,2.2,195,9188647,3FPR9,SITKA AK
CARNIVAL SPIRIT,357658000,2008-06-23T01:28:42,59.440445,-135.3420733,5,196.0,2.6,196,9188647,3FPR9,SITKA AK
CARNIVAL SPIRIT,357658000,2008-06-23T01:27:05,59.44102,-135.3408367,5,258.0,1.2,168,9188647,3FPR9,SITKA AK
CARNIVAL SPIRIT,357658000,2008-06-23T01:27:11,59.44100167,-135.340935,5,252.2,1.3,171,9188647,3FPR9,SITKA AK
CARNIVAL SPIRIT,357658000,2008-06-23T01:27:15,59.44099333,-135.340975,5,249.0,1.3,172,9188647,3FPR9,SITKA AK
CARNIVAL SPIRIT,357658000,2008-06-23T01:27:22,59.44097333,-135.3410733,5,242.3,1.3,175,9188647,3FPR9,SITKA AK
CARNIVAL SPIRIT,357658000,2008-06-23T01:27:31,59.44094167,-135.3412017,5,237.7,1.4,179,9188647,3FPR9,SITKA AK
CARNIVAL SPIRIT,357658000,2008-06-23T01:27:45,59.440885,-135.3414083,5,233.1,1.6,183,9188647,3FPR9,SITKA AK
CARNIVAL SPIRIT,357658000,2008-06-23T01:27:55,59.44083667,-135.341565,5,232.0,1.7,187,9188647,3FPR9,SITKA AK
CARNIVAL SPIRIT,357658000,2008-06-23T01:26:05,59.44104667,-135.3400283,5,267.9,1.2,147,9188647,3FPR9,SITKA AK
CARNIVAL SPIRIT,357658000,2008-06-23T01:26:42,59.44104667,-135.340525,5,273.4,1.2,159,9188647,3FPR9,SITKA AK
CARNIVAL SPIRIT,357658000,2008-06-23T01:26:08,59.441045,-135.3400783,5,271.6,1.1,148,9188647,3FPR9,SITKA AK
CARNIVAL SPIRIT,357658000,2008-06-23T01:26:18,59.441045,-135.3401967,5,271.9,1.2,152,9188647,3FPR9,SITKA AK
CARNIVAL SPIRIT,357658000,2008-06-23T01:26:31,59.441045,-135.340395,5,276.9,1.2,156,9188647,3FPR9,SITKA AK
CARNIVAL SPIRIT,357658000,2008-06-23T01:26:15,59.44104333,-135.34017,5,275.9,1.2,151,9188647,3FPR9,SITKA AK
CARNIVAL SPIRIT,357658000,2008-06-23T01:26:51,59.44104,-135.340645,5,271.9,1.2,163,9188647,3FPR9,SITKA AK
CARNIVAL SPIRIT,357658000,2008-06-23T01:26:55,59.44103667,-135.3406983,5,264.3,1.1,165,9188647,3FPR9,SITKA AK
CARNIVAL SPIRIT,357658000,2008-06-23T01:25:12,59.441105,-135.33945,5,270.3,1.2,132,9188647,3FPR9,SITKA AK
CARNIVAL SPIRIT,357658000,2008-06-23T01:25:25,59.44109167,-135.339585,5,266.1,1.1,135,9188647,3FPR9,SITKA AK
CARNIVAL SPIRIT,357658000,2008-06-23T01:25:29,59.441085,-135.3396383,5,262.8,1.0,136,9188647,3FPR9,SITKA AK
CARNIVAL SPIRIT,357658000,2008-06-23T01:25:42,59.44107167,-135.339765,5,262.0,0.9,140,9188647,3FPR9,SITKA AK
CARNIVAL SPIRIT,357658000,2008-06-23T01:25:55,59.44105667,-135.3399167,5,260.5,1.1,144,9188647,3FPR9,SITKA AK
CARNIVAL SPIRIT,357658000,2008-06-23T01:24:05,59.44116333,-135.3383317,5,260.9,2.1,110,9188647,3FPR9,SITKA AK
CARNIVAL SPIRIT,357658000,2008-06-23T01:24:16,59.441135,-135.3385517,5,263.5,2.1,115,9188647,3FPR9,SITKA AK
CARNIVAL SPIRIT,357658000,2008-06-23T01:24:18,59.44113167,-135.3385917,5,266.9,2.1,116,9188647,3FPR9,SITKA AK
CARNIVAL SPIRIT,357658000,2008-06-23T01:24:29,59.44112,-135.3388033,5,273.4,2.0,120,9188647,3FPR9,SITKA AK
CARNIVAL SPIRIT,357658000,2008-06-23T01:24:42,59.44111667,-135.3390333,5,274.6,1.8,124,9188647,3FPR9,SITKA AK
CARNIVAL SPIRIT,357658000,2008-06-23T01:24:55,59.44111167,-135.33925,5,273.3,1.6,128,9188647,3FPR9,SITKA AK
CARNIVAL SPIRIT,357658000,2008-06-23T01:23:09,59.441415,-135.33727,5,236.1,2.3,86,9188647,3FPR9,SITKA AK
CARNIVAL SPIRIT,357658000,2008-06-23T01:23:19,59.44134667,-135.33746,5,242.2,2.1,91,9188647,3FPR9,SITKA AK
CARNIVAL SPIRIT,357658000,2008-06-23T01:23:22,59.44132833,-135.3375167,5,245.4,2.2,92,9188647,3FPR9,SITKA AK
CARNIVAL SPIRIT,357658000,2008-06-23T01:23:32,59.44127833,-135.3377033,5,249.4,2.2,96,9188647,3FPR9,SITKA AK
CARNIVAL SPIRIT,357658000,2008-06-23T01:23:42,59.44124333,-135.3378783,5,254.6,2.1,100,9188647,3FPR9,SITKA AK
CARNIVAL SPIRIT,357658000,2008-06-23T01:23:46,59.44122833,-135.3379567,5,256.6,2.1,102,9188647,3FPR9,SITKA AK
CARNIVAL SPIRIT,357658000,2008-06-23T01:23:56,59.44119167,-135.3381533,5,256.9,2.1,106,9188647,3FPR9,SITKA AK
CARNIVAL SPIRIT,357658000,2008-06-23T01:22:09,59.44199167,-135.336215,5,227.3,3.4,61,9188647,3FPR9,SITKA AK
CARNIVAL SPIRIT,357658000,2008-06-23T01:22:19,59.44188,-135.3364067,5,225.5,3.2,65,9188647,3FPR9,SITKA AK
CARNIVAL SPIRIT,357658000,2008-06-23T01:22:32,59.44174167,-135.336645,5,226.8,2.9,70,9188647,3FPR9,SITKA AK
CARNIVAL SPIRIT,357658000,2008-06-23T01:22:42,59.44164333,-135.3368183,5,229.2,2.7,74,9188647,3FPR9,SITKA AK
CARNIVAL SPIRIT,357658000,2008-06-23T01:22:52,59.44155167,-135.336985,5,231.4,2.5,78,9188647,3FPR9,SITKA AK
CARNIVAL SPIRIT,357658000,2008-06-23T01:22:59,59.44149333,-135.3371,5,233.3,2.4,82,9188647,3FPR9,SITKA AK
CARNIVAL SPIRIT,357658000,2008-06-23T01:21:09,59.44251333,-135.334615,5,241.3,3.6,55,9188647,3FPR9,SITKA AK
CARNIVAL SPIRIT,357658000,2008-06-23T01:21:19,59.44243667,-135.3349017,5,241.3,3.6,55,9188647,3FPR9,SITKA AK
CARNIVAL SPIRIT,357658000,2008-06-23T01:21:58,59.44211,-135.33601,5,234.7,3.5,58,9188647,3FPR9,SITKA AK
CARNIVAL SPIRIT,357658000,2008-06-23T01:20:09,59.44298333,-135.3329183,5,237.0,3.7,54,9188647,3FPR9,SITKA AK
CARNIVAL SPIRIT,357658000,2008-06-23T01:20:19,59.44290167,-135.333205,5,240.3,3.6,54,9188647,3FPR9,SITKA AK
CARNIVAL SPIRIT,357658000,2008-06-23T01:20:28,59.44283167,-135.333495,5,243.4,3.6,54,9188647,3FPR9,SITKA AK
CARNIVAL SPIRIT,357658000,2008-06-23T01:20:58,59.4426,-135.3342983,5,237.1,3.6,54,9188647,3FPR9,SITKA AK
CARNIVAL SPIRIT,357658000,2008-06-23T01:19:38,59.44330667,-135.33204,5,238.0,3.8,52,9188647,3FPR9,SITKA AK
CARNIVAL SPIRIT,357658000,2008-06-23T01:19:48,59.44318,-135.3323617,5,233.0,3.8,53,9188647,3FPR9,SITKA AK
CARNIVAL SPIRIT,357658000,2008-06-23T01:18:19,59.44412,-135.3298283,5,228.6,4.1,50,9188647,3FPR9,SITKA AK
CARNIVAL SPIRIT,357658000,2008-06-23T01:18:38,59.443905,-135.3303433,5,232.3,4.1,51,9188647,3FPR9,SITKA AK
CARNIVAL SPIRIT,357658000,2008-06-23T01:17:02,59.445035,-135.3276817,5,236.1,3.5,48,9188647,3FPR9,SITKA AK
CARNIVAL SPIRIT,357658000,2008-06-23T01:17:09,59.44496667,-135.32783,5,232.1,3.6,49,9188647,3FPR9,SITKA AK
CARNIVAL SPIRIT,357658000,2008-06-23T01:17:15,59.44489667,-135.3279817,5,229.0,3.7,49,9188647,3FPR9,SITKA AK
CARNIVAL SPIRIT,357658000,2008-06-23T01:17:55,59.444415,-135.3291533,5,233.0,4.2,49,9188647,3FPR9,SITKA AK
CARNIVAL SPIRIT,357658000,2008-06-23T01:16:55,59.44510667,-135.32747,5,233.0,3.4,48,9188647,3FPR9,SITKA AK
CARNIVAL SPIRIT,357658000,2008-06-23T01:11:09,59.44702,-135.3233,5,233.4,1.2,44,9188647,3FPR9,SITKA AK
CARNIVAL SPIRIT,357658000,2008-06-23T01:08:09,59.447325,-135.322355,5,313.0,0.1,43,9188647,3FPR9,SITKA AK
CARNIVAL SPIRIT,357658000,2008-06-23T01:05:08,59.44732667,-135.3223283,5,43.0,0.0,43,9188647,3FPR9,SITKA AK
CARNIVAL SPIRIT,357658000,2008-06-23T01:02:07,59.44733333,-135.322335,5,43.0,0.0,43,9188647,3FPR9,SITKA AK
CARNIVAL SPIRIT,357658000,2008-06-23T00:59:06,59.447325,-135.3223383,5,43.0,0.0,43,9188647,3FPR9,SITKA AK
CARNIVAL SPIRIT,357658000,2008-06-23T00:56:05,59.44731,-135.3223683,5,43.0,0.0,43,9188647,3FPR9,SITKA AK
CARNIVAL SPIRIT,357658000,2008-06-23T00:53:04,59.44732667,-135.3223367,5,43.0,0.0,43,9188647,3FPR9,SITKA AK
CARNIVAL SPIRIT,357658000,2008-06-23T00:50:00,59.44732833,-135.3223233,5,43.0,0.0,43,9188647,3FPR9,SITKA AK
CARNIVAL SPIRIT,357658000,2008-06-23T00:44:00,59.447315,-135.3223383,5,43.0,0.0,43,9188647,3FPR9,SITKA AK
CARNIVAL SPIRIT,357658000,2008-06-23T00:37:56,59.44733167,-135.32233,5,43.0,0.0,43,9188647,3FPR9,SITKA AK
CARNIVAL SPIRIT,357658000,2008-06-23T00:34:54,59.44734,-135.32234,5,43.0,0.0,43,9188647,3FPR9,SITKA AK
CARNIVAL SPIRIT,357658000,2008-06-23T00:28:54,59.44736,-135.3223533,5,43.0,0.0,43,9188647,3FPR9,SITKA AK
CARNIVAL SPIRIT,357658000,2008-06-23T00:25:51,59.44734667,-135.3223367,5,43.0,0.0,43,9188647,3FPR9,SITKA AK
CARNIVAL SPIRIT,357658000,2008-06-23T00:19:49,59.447335,-135.32233,5,43.0,0.0,43,9188647,3FPR9,SITKA AK
CARNIVAL SPIRIT,357658000,2008-06-23T00:16:48,59.44733167,-135.3223617,5,43.0,0.0,43,9188647,3FPR9,SITKA AK
CARNIVAL SPIRIT,357658000,2008-06-23T00:13:44,59.44735167,-135.322365,5,43.0,0.0,43,9188647,3FPR9,SITKA AK
CARNIVAL SPIRIT,357658000,2008-06-23T00:10:43,59.44734167,-135.32236,5,43.0,0.0,43,9188647,3FPR9,SITKA AK
CARNIVAL SPIRIT,357658000,2008-06-23T00:04:43,59.44732833,-135.32238,5,43.0,0.0,43,9188647,3FPR9,SITKA AK
CARNIVAL SPIRIT,357658000,2008-06-23T00:01:42,59.44733,-135.322375,5,43.0,0.0,43,9188647,3FPR9,SITKA AK
CARNIVAL SPIRIT,357658000,2008-06-23T01:40:15,59.40538,-135.359295,5,190.9,16.5,192,9188647,3FPR9,SITKA AK
CARNIVAL SPIRIT,357658000,2008-06-23T01:40:44,59.40318,-135.3600283,5,188.9,16.7,190,9188647,3FPR9,SITKA AK
CARNIVAL SPIRIT,357658000,2008-06-23T01:38:38,59.412455,-135.3565467,5,191.6,15.6,192,9188647,3FPR9,SITKA AK
CARNIVAL SPIRIT,357658000,2008-06-23T01:37:32,59.416945,-135.3546917,5,193.0,14.9,193,9188647,3FPR9,SITKA AK
CARNIVAL SPIRIT,357658000,2008-06-23T01:36:38,59.42054167,-135.3529317,5,195.0,14.2,195,9188647,3FPR9,SITKA AK
CARNIVAL SPIRIT,357658000,2008-06-23T01:35:23,59.425065,-135.3505367,5,195.0,13.1,195,9188647,3FPR9,SITKA AK
CARNIVAL SPIRIT,357658000,2008-06-23T01:48:21,59.364805,-135.3712283,5,188.2,19.5,190,9188647,3FPR9,SITKA AK
CARNIVAL SPIRIT,357658000,2008-06-23T01:47:51,59.36751,-135.370475,5,188.2,19.5,190,9188647,3FPR9,SITKA AK
CARNIVAL SPIRIT,357658000,2008-06-23T01:44:21,59.38569,-135.3652167,5,188.1,18.4,190,9188647,3FPR9,SITKA AK
CARNIVAL SPIRIT,357658000,2008-06-23T01:44:44,59.38374667,-135.3657833,5,188.4,18.5,190,9188647,3FPR9,SITKA AK
CARNIVAL SPIRIT,357658000,2008-06-23T01:41:56,59.39747667,-135.361775,5,188.6,17.3,190,9188647,3FPR9,SITKA AK
CARNIVAL SPIRIT,357658000,2008-06-23T01:58:09,59.31177,-135.3834617,5,183.8,19.6,185,9188647,3FPR9,SITKA AK
CARNIVAL SPIRIT,357658000,2008-06-23T01:55:20,59.32701333,-135.3811967,5,184.2,19.7,186,9188647,3FPR9,SITKA AK
CARNIVAL SPIRIT,357658000,2008-06-23T01:54:32,59.33137333,-135.3804183,5,187.5,19.8,189,9188647,3FPR9,SITKA AK
CARNIVAL SPIRIT,357658000,2008-06-23T01:54:51,59.32964833,-135.3807717,5,185.5,19.8,187,9188647,3FPR9,SITKA AK
CARNIVAL SPIRIT,357658000,2008-06-23T01:51:26,59.34816667,-135.375805,5,187.6,19.7,190,9188647,3FPR9,SITKA AK
CARNIVAL SPIRIT,357658000,2008-06-23T02:08:15,59.25761167,-135.3795933,5,165.7,19.5,164,9188647,3FPR9,SITKA AK
CARNIVAL SPIRIT,357658000,2008-06-23T02:06:15,59.26807167,-135.38471,5,167.5,19.4,167,9188647,3FPR9,SITKA AK
CARNIVAL SPIRIT,357658000,2008-06-23T02:06:51,59.265025,-135.3832883,5,165.8,19.4,165,9188647,3FPR9,SITKA AK
CARNIVAL SPIRIT,357658000,2008-06-23T02:05:15,59.273435,-135.386705,5,173.4,19.4,172,9188647,3FPR9,SITKA AK
CARNIVAL SPIRIT,357658000,2008-06-23T02:05:32,59.27184,-135.386225,5,171.1,19.4,170,9188647,3FPR9,SITKA AK
CARNIVAL SPIRIT,357658000,2008-06-23T02:05:50,59.270255,-135.3856317,5,169.1,19.4,168,9188647,3FPR9,SITKA AK
CARNIVAL SPIRIT,357658000,2008-06-23T02:04:15,59.27870833,-135.387495,5,179.8,19.5,179,9188647,3FPR9,SITKA AK
CARNIVAL SPIRIT,357658000,2008-06-23T02:04:38,59.276645,-135.387335,5,177.4,19.4,176,9188647,3FPR9,SITKA AK
CARNIVAL SPIRIT,357658000,2008-06-23T02:04:56,59.27503833,-135.38708,5,175.4,19.4,174,9188647,3FPR9,SITKA AK
CARNIVAL SPIRIT,357658000,2008-06-23T02:03:03,59.28517167,-135.3870817,5,184.7,19.5,185,9188647,3FPR9,SITKA AK
CARNIVAL SPIRIT,357658000,2008-06-23T02:03:38,59.28203,-135.3874667,5,182.2,19.5,182,9188647,3FPR9,SITKA AK
CARNIVAL SPIRIT,357658000,2008-06-23T02:03:56,59.28041333,-135.3875283,5,181.5,19.5,181,9188647,3FPR9,SITKA AK
CARNIVAL SPIRIT,357658000,2008-06-23T02:01:14,59.29497667,-135.3856383,5,183.5,19.5,185,9188647,3FPR9,SITKA AK
CARNIVAL SPIRIT,357658000,2008-06-23T02:18:38,59.20286,-135.34862,5,162.5,19.9,162,9188647,3FPR9,SITKA AK
CARNIVAL SPIRIT,357658000,2008-06-23T02:15:33,59.21919833,-135.3585217,5,162.2,19.9,162,9188647,3FPR9,SITKA AK
CARNIVAL SPIRIT,357658000,2008-06-23T02:13:26,59.230255,-135.36524,5,162.8,19.9,162,9188647,3FPR9,SITKA AK
CARNIVAL SPIRIT,357658000,2008-06-23T02:12:51,59.23333333,-135.3670633,5,164.4,19.9,163,9188647,3FPR9,SITKA AK
CARNIVAL SPIRIT,357658000,2008-06-23T02:10:51,59.24402167,-135.3727267,5,164.8,19.7,164,9188647,3FPR9,SITKA AK
CARNIVAL SPIRIT,357658000,2008-06-23T02:28:33,59.15139333,-135.3120183,5,158.0,20.0,156,9188647,3FPR9,SITKA AK
CARNIVAL SPIRIT,357658000,2008-06-23T02:26:33,59.16162167,-135.32019,5,157.1,20.0,156,9188647,3FPR9,SITKA AK
CARNIVAL SPIRIT,357658000,2008-06-23T02:25:14,59.16836,-135.325675,5,158.4,20.1,157,9188647,3FPR9,SITKA AK
CARNIVAL SPIRIT,357658000,2008-06-23T02:23:38,59.17662167,-135.3320617,5,158.4,20.0,157,9188647,3FPR9,SITKA AK
CARNIVAL SPIRIT,357658000,2008-06-23T02:22:21,59.183345,-135.3370767,5,162.0,19.9,160,9188647,3FPR9,SITKA AK
CARNIVAL SPIRIT,357658000,2008-06-23T02:22:45,59.18127,-135.3355833,5,159.2,20.0,157,9188647,3FPR9,SITKA AK
CARNIVAL SPIRIT,357658000,2008-06-23T02:20:57,59.19073667,-135.341455,5,163.4,19.9,162,9188647,3FPR9,SITKA AK
CARNIVAL SPIRIT,357658000,2008-06-23T02:37:56,59.10307,-135.2728683,5,157.7,19.9,156,9188647,3FPR9,SITKA AK
CARNIVAL SPIRIT,357658000,2008-06-23T02:34:50,59.11892667,-135.2857983,5,156.8,20.1,156,9188647,3FPR9,SITKA AK
CARNIVAL SPIRIT,357658000,2008-06-23T02:31:38,59.135455,-135.2992767,5,157.1,20.3,156,9188647,3FPR9,SITKA AK
CARNIVAL SPIRIT,357658000,2008-06-23T02:31:44,59.134935,-135.2988517,5,157.1,20.4,156,9188647,3FPR9,SITKA AK
CARNIVAL SPIRIT,357658000,2008-06-23T02:45:08,59.06512333,-135.24475,5,167.1,20.3,166,9188647,3FPR9,SITKA AK
CARNIVAL SPIRIT,357658000,2008-06-23T02:45:56,59.06073167,-135.2428633,5,167.6,20.3,166,9188647,3FPR9,SITKA AK
CARNIVAL SPIRIT,357658000,2008-06-23T02:44:14,59.07004167,-135.2472017,5,162.1,20.5,162,9188647,3FPR9,SITKA AK
CARNIVAL SPIRIT,357658000,2008-06-23T02:44:38,59.067865,-135.2460083,5,164.8,20.4,164,9188647,3FPR9,SITKA AK
CARNIVAL SPIRIT,357658000,2008-06-23T02:43:32,59.07372,-135.2496067,5,159.3,20.6,158,9188647,3FPR9,SITKA AK
CARNIVAL SPIRIT,357658000,2008-06-23T02:43:51,59.072025,-135.2484317,5,160.3,20.6,159,9188647,3FPR9,SITKA AK
CARNIVAL SPIRIT,357658000,2008-06-23T02:43:20,59.07488,-135.2504617,5,158.6,20.7,157,9188647,3FPR9,SITKA AK
CARNIVAL SPIRIT,357658000,2008-06-23T02:40:14,59.09118333,-135.263265,5,157.7,20.2,156,9188647,3FPR9,SITKA AK
CARNIVAL SPIRIT,357658000,2008-06-23T02:39:08,59.09695833,-135.267845,5,157.4,20.0,156,9188647,3FPR9,SITKA AK
CARNIVAL SPIRIT,357658000,2008-06-23T02:56:09,59.00546167,-135.2182033,5,166.8,20.0,166,9188647,3FPR9,SITKA AK
CARNIVAL SPIRIT,357658000,2008-06-23T02:54:27,59.01464167,-135.222365,5,166.8,19.9,166,9188647,3FPR9,SITKA AK
CARNIVAL SPIRIT,357658000,2008-06-23T02:51:56,59.028045,-135.2284617,5,167.5,19.8,167,9188647,3FPR9,SITKA AK
CARNIVAL SPIRIT,357658000,2008-06-23T02:50:09,59.03771667,-135.2328667,5,167.1,20.0,166,9188647,3FPR9,SITKA AK
CARNIVAL SPIRIT,357658000,2008-06-23T02:49:20,59.04205,-135.23479,5,167.7,20.1,166,9188647,3FPR9,SITKA AK
CARNIVAL SPIRIT,357658000,2008-06-23T02:48:08,59.04868167,-135.2376183,5,167.7,20.2,166,9188647,3FPR9,SITKA AK
CARNIVAL SPIRIT,357658000,2008-06-23T03:05:02,58.95688167,-135.1994617,5,179.5,20.1,179,9188647,3FPR9,SITKA AK
CARNIVAL SPIRIT,357658000,2008-06-23T03:05:26,58.95465333,-135.1995667,5,181.5,20.1,181,9188647,3FPR9,SITKA AK
CARNIVAL SPIRIT,357658000,2008-06-23T03:05:44,58.95289333,-135.1997683,5,183.5,20.1,183,9188647,3FPR9,SITKA AK
CARNIVAL SPIRIT,357658000,2008-06-23T03:04:02,58.96235833,-135.19976,5,174.0,20.1,175,9188647,3FPR9,SITKA AK
CARNIVAL SPIRIT,357658000,2008-06-23T03:04:21,58.96069,-135.199555,5,176.2,20.1,176,9188647,3FPR9,SITKA AK
CARNIVAL SPIRIT,357658000,2008-06-23T03:04:39,58.95901833,-135.1994667,5,178.0,20.1,178,9188647,3FPR9,SITKA AK
CARNIVAL SPIRIT,357658000,2008-06-23T03:03:50,58.96357167,-135.1999483,5,173.0,20.1,173,9188647,3FPR9,SITKA AK
CARNIVAL SPIRIT,357658000,2008-06-23T03:06:09,58.95067333,-135.20013,5,184.5,20.1,184,9188647,3FPR9,SITKA AK
CARNIVAL SPIRIT,357658000,2008-06-23T03:03:09,58.96734333,-135.2009917,5,169.0,20.1,169,9188647,3FPR9,SITKA AK
CARNIVAL SPIRIT,357658000,2008-06-23T03:03:26,58.96578667,-135.2005033,5,171.0,20.1,171,9188647,3FPR9,SITKA AK
CARNIVAL SPIRIT,357658000,2008-06-23T03:02:09,58.972795,-135.2032867,5,166.8,20.2,166,9188647,3FPR9,SITKA AK
CARNIVAL SPIRIT,357658000,2008-06-23T02:59:02,58.98967833,-135.2110617,5,166.5,20.3,166,9188647,3FPR9,SITKA AK
CARNIVAL SPIRIT,357658000,2008-06-23T03:14:15,58.90625167,-135.209405,5,185.8,19.9,185,9188647,3FPR9,SITKA AK
CARNIVAL SPIRIT,357658000,2008-06-23T03:14:32,58.904605,-135.2097267,5,185.8,19.9,185,9188647,3FPR9,SITKA AK
CARNIVAL SPIRIT,357658000,2008-06-23T03:11:14,58.92276333,-135.2059217,5,186.4,19.9,185,9188647,3FPR9,SITKA AK
CARNIVAL SPIRIT,357658000,2008-06-23T03:08:09,58.93965667,-135.2023867,5,186.4,19.9,185,9188647,3FPR9,SITKA AK
CARNIVAL SPIRIT,357658000,2008-06-23T03:06:51,58.94680167,-135.200865,5,185.8,20.0,185,9188647,3FPR9,SITKA AK
CARNIVAL SPIRIT,357658000,2008-06-23T03:22:33,58.86086,-135.200575,5,168.0,20.0,168,9188647,3FPR9,SITKA AK
CARNIVAL SPIRIT,357658000,2008-06-23T03:19:27,58.877705,-135.2071733,5,168.7,20.0,169,9188647,3FPR9,SITKA AK
CARNIVAL SPIRIT,357658000,2008-06-23T03:18:14,58.88432333,-135.2096017,5,170.5,19.9,170,9188647,3FPR9,SITKA AK
CARNIVAL SPIRIT,357658000,2008-06-23T03:18:50,58.88105333,-135.2084667,5,170.0,20.0,170,9188647,3FPR9,SITKA AK
CARNIVAL SPIRIT,357658000,2008-06-23T03:17:14,58.88978333,-135.2109067,5,176.8,20.0,176,9188647,3FPR9,SITKA AK
CARNIVAL SPIRIT,357658000,2008-06-23T03:17:32,58.888035,-135.2105883,5,174.5,20.0,174,9188647,3FPR9,SITKA AK
CARNIVAL SPIRIT,357658000,2008-06-23T03:17:57,58.88587,-135.2100867,5,172.5,19.9,172,9188647,3FPR9,SITKA AK
CARNIVAL SPIRIT,357658000,2008-06-23T03:16:02,58.89643833,-135.2110583,5,183.8,20.0,183,9188647,3FPR9,SITKA AK
CARNIVAL SPIRIT,357658000,2008-06-23T03:16:20,58.89468833,-135.21118,5,181.8,20.0,181,9188647,3FPR9,SITKA AK
CARNIVAL SPIRIT,357658000,2008-06-23T03:16:39,58.89301667,-135.2111833,5,180.8,20.0,180,9188647,3FPR9,SITKA AK
CARNIVAL SPIRIT,357658000,2008-06-23T03:16:57,58.89135,-135.2111,5,178.8,20.0,178,9188647,3FPR9,SITKA AK
CARNIVAL SPIRIT,357658000,2008-06-23T03:15:39,58.89864833,-135.2107917,5,184.5,20.0,184,9188647,3FPR9,SITKA AK
CARNIVAL SPIRIT,357658000,2008-06-23T03:32:27,58.806785,-135.17933,5,167.4,20.3,168,9188647,3FPR9,SITKA AK
CARNIVAL SPIRIT,357658000,2008-06-23T03:31:32,58.811815,-135.1813633,5,168.1,20.2,169,9188647,3FPR9,SITKA AK
CARNIVAL SPIRIT,357658000,2008-06-23T03:30:38,58.81674667,-135.1833533,5,168.1,20.2,169,9188647,3FPR9,SITKA AK
CARNIVAL SPIRIT,357658000,2008-06-23T03:28:45,58.82703833,-135.187495,5,168.4,20.1,169,9188647,3FPR9,SITKA AK
CARNIVAL SPIRIT,357658000,2008-06-23T03:25:39,58.84396,-135.1941217,5,169.0,20.1,169,9188647,3FPR9,SITKA AK
CARNIVAL SPIRIT,357658000,2008-06-23T03:42:22,58.75191167,-135.15698,5,168.1,20.2,169,9188647,3FPR9,SITKA AK
CARNIVAL SPIRIT,357658000,2008-06-23T03:40:57,58.75977833,-135.1601767,5,168.1,20.3,169,9188647,3FPR9,SITKA AK
CARNIVAL SPIRIT,357658000,2008-06-23T03:38:45,58.77183833,-135.1651117,5,167.8,20.5,169,9188647,3FPR9,SITKA AK
CARNIVAL SPIRIT,357658000,2008-06-23T03:37:27,58.77905833,-135.1680267,5,168.8,20.5,170,9188647,3FPR9,SITKA AK
CARNIVAL SPIRIT,357658000,2008-06-23T03:36:27,58.784625,-135.1702183,5,167.8,20.5,169,9188647,3FPR9,SITKA AK
CARNIVAL SPIRIT,357658000,2008-06-23T03:34:45,58.79408667,-135.1740917,5,168.8,20.5,169,9188647,3FPR9,SITKA AK
CARNIVAL SPIRIT,357658000,2008-06-23T03:51:46,58.70060667,-135.1366083,5,169.4,20.0,170,9188647,3FPR9,SITKA AK
CARNIVAL SPIRIT,357658000,2008-06-23T03:50:04,58.709885,-135.139995,5,169.1,20.0,170,9188647,3FPR9,SITKA AK
CARNIVAL SPIRIT,357658000,2008-06-23T03:49:27,58.71324167,-135.14128,5,168.1,20.1,169,9188647,3FPR9,SITKA AK
CARNIVAL SPIRIT,357658000,2008-06-23T03:48:33,58.71813333,-135.1432983,5,168.1,20.1,169,9188647,3FPR9,SITKA AK
CARNIVAL SPIRIT,357658000,2008-06-23T03:45:27,58.73503833,-135.1501067,5,168.1,20.2,169,9188647,3FPR9,SITKA AK
CARNIVAL SPIRIT,357658000,2008-06-23T04:00:09,58.65447333,-135.1201817,5,169.4,20.3,170,9188647,3FPR9,SITKA AK
CARNIVAL SPIRIT,357658000,2008-06-23T03:59:09,58.66008833,-135.122115,5,169.4,20.2,170,9188647,3FPR9,SITKA AK
CARNIVAL SPIRIT,357658000,2008-06-23T03:57:03,58.67156833,-135.1262317,5,169.4,20.2,170,9188647,3FPR9,SITKA AK
CARNIVAL SPIRIT,357658000,2008-06-23T03:55:46,58.67872667,-135.12878,5,169.7,20.2,170,9188647,3FPR9,SITKA AK
CARNIVAL SPIRIT,357658000,2008-06-23T03:54:52,58.68375667,-135.1306067,5,169.4,20.1,170,9188647,3FPR9,SITKA AK
CARNIVAL SPIRIT,357658000,2008-06-23T04:09:09,58.60449167,-135.1040683,5,172.1,20.2,173,9188647,3FPR9,SITKA AK
CARNIVAL SPIRIT,357658000,2008-06-23T04:07:03,58.61618167,-135.107215,5,171.8,20.4,173,9188647,3FPR9,SITKA AK
CARNIVAL SPIRIT,357658000,2008-06-23T04:06:21,58.62009167,-135.1083217,5,170.8,20.4,172,9188647,3FPR9,SITKA AK
CARNIVAL SPIRIT,357658000,2008-06-23T04:03:15,58.637365,-135.1143467,5,170.0,20.4,170,9188647,3FPR9,SITKA AK
CARNIVAL SPIRIT,357658000,2008-06-23T04:03:27,58.63625167,-135.1139533,5,169.7,20.4,170,9188647,3FPR9,SITKA AK
CARNIVAL SPIRIT,357658000,2008-06-23T04:18:10,58.55483333,-135.0906383,0,173.5,20.4,173,9188647,3FPR9,SITKA AK
CARNIVAL SPIRIT,357658000,2008-06-23T04:17:15,58.55985833,-135.0917483,0,173.2,20.3,173,9188647,3FPR9,SITKA AK
CARNIVAL SPIRIT,357658000,2008-06-23T04:16:03,58.56654167,-135.093405,0,172.2,20.2,172,9188647,3FPR9,SITKA AK
CARNIVAL SPIRIT,357658000,2008-06-23T04:16:15,58.56542833,-135.0931133,0,172.2,20.2,172,9188647,3FPR9,SITKA AK
CARNIVAL SPIRIT,357658000,2008-06-23T04:14:33,58.57480833,-135.0956433,5,172.0,20.0,172,9188647,3FPR9,SITKA AK
CARNIVAL SPIRIT,357658000,2008-06-23T04:12:27,58.58632333,-135.0989217,5,171.4,20.0,172,9188647,3FPR9,SITKA AK
CARNIVAL SPIRIT,357658000,2008-06-23T04:11:21,58.59235333,-135.1007067,5,171.1,20.0,172,9188647,3FPR9,SITKA AK
CARNIVAL SPIRIT,357658000,2008-06-23T04:27:15,58.50416833,-135.0818633,0,176.5,20.2,176,9188647,3FPR9,SITKA AK
CARNIVAL SPIRIT,357658000,2008-06-23T04:26:15,58.50982167,-135.0826183,0,175.5,20.1,175,9188647,3FPR9,SITKA AK
CARNIVAL SPIRIT,357658000,2008-06-23T04:25:15,58.515265,-135.0834517,0,175.2,20.0,175,9188647,3FPR9,SITKA AK
CARNIVAL SPIRIT,357658000,2008-06-23T04:22:09,58.53240667,-135.0862633,0,175.0,20.1,175,9188647,3FPR9,SITKA AK
CARNIVAL SPIRIT,357658000,2008-06-23T04:20:21,58.54249333,-135.0880067,0,175.0,20.4,175,9188647,3FPR9,SITKA AK
CARNIVAL SPIRIT,357658000,2008-06-23T04:34:28,58.46411833,-135.07014,0,168.0,20.5,168,9188647,3FPR9,SITKA AK
CARNIVAL SPIRIT,357658000,2008-06-23T04:34:51,58.46198667,-135.0692733,0,168.0,20.5,168,9188647,3FPR9,SITKA AK
CARNIVAL SPIRIT,357658000,2008-06-23T04:31:15,58.48189667,-135.0770933,0,168.1,20.4,167,9188647,3FPR9,SITKA AK
CARNIVAL SPIRIT,357658000,2008-06-23T04:30:03,58.48865167,-135.079395,0,172.6,20.3,171,9188647,3FPR9,SITKA AK
CARNIVAL SPIRIT,357658000,2008-06-23T04:30:21,58.48689,-135.078875,0,170.9,20.3,169,9188647,3FPR9,SITKA AK
CARNIVAL SPIRIT,357658000,2008-06-23T04:30:51,58.48411167,-135.0779417,0,169.6,20.4,168,9188647,3FPR9,SITKA AK
CARNIVAL SPIRIT,357658000,2008-06-23T04:29:39,58.49078833,-135.07989,0,174.4,20.2,173,9188647,3FPR9,SITKA AK
CARNIVAL SPIRIT,357658000,2008-06-23T04:28:45,58.49580833,-135.0807067,0,175.8,20.2,175,9188647,3FPR9,SITKA AK
CARNIVAL SPIRIT,357658000,2008-06-23T04:43:33,58.41413833,-135.049935,0,168.0,20.0,168,9188647,3FPR9,SITKA AK
CARNIVAL SPIRIT,357658000,2008-06-23T04:41:10,58.42710333,-135.0551617,0,168.2,20.1,168,9188647,3FPR9,SITKA AK
CARNIVAL SPIRIT,357658000,2008-06-23T04:40:57,58.42819167,-135.0555917,0,168.2,20.1,168,9188647,3FPR9,SITKA AK
CARNIVAL SPIRIT,357658000,2008-06-23T04:37:52,58.44524333,-135.062435,0,168.2,20.5,168,9188647,3FPR9,SITKA AK
CARNIVAL SPIRIT,357658000,2008-06-23T04:54:57,58.35198,-135.02709,0,173.0,19.7,173,9188647,3FPR9,SITKA AK
CARNIVAL SPIRIT,357658000,2008-06-23T04:52:39,58.36449167,-135.03006,0,172.7,19.9,173,9188647,3FPR9,SITKA AK
CARNIVAL SPIRIT,357658000,2008-06-23T04:51:40,58.36995,-135.03152,0,169.1,20.0,171,9188647,3FPR9,SITKA AK
CARNIVAL SPIRIT,357658000,2008-06-23T04:51:57,58.36831333,-135.0310367,0,170.8,19.9,172,9188647,3FPR9,SITKA AK
CARNIVAL SPIRIT,357658000,2008-06-23T04:50:27,58.37656833,-135.0341267,0,168.4,20.1,169,9188647,3FPR9,SITKA AK
CARNIVAL SPIRIT,357658000,2008-06-23T04:48:27,58.38740167,-135.038745,0,167.4,20.3,168,9188647,3FPR9,SITKA AK
CARNIVAL SPIRIT,357658000,2008-06-23T04:46:39,58.39728667,-135.0429517,0,168.0,20.2,168,9188647,3FPR9,SITKA AK
CARNIVAL SPIRIT,357658000,2008-06-23T05:04:16,58.30179333,-135.0155817,0,172.7,19.6,173,9188647,3FPR9,SITKA AK
CARNIVAL SPIRIT,357658000,2008-06-23T05:01:09,58.318545,-135.0194767,0,173.2,19.5,173,9188647,3FPR9,SITKA AK
CARNIVAL SPIRIT,357658000,2008-06-23T04:58:03,58.335195,-135.02331,0,173.5,19.6,173,9188647,3FPR9,SITKA AK
CARNIVAL SPIRIT,357658000,2008-06-23T04:56:39,58.34288333,-135.02505,0,173.2,19.7,173,9188647,3FPR9,SITKA AK
CARNIVAL SPIRIT,357658000,2008-06-23T06:45:10,58.30932,-135.7937033,0,288.5,20.9,288,9188647,3FPR9,SITKA AK
CARNIVAL SPIRIT,357658000,2008-06-23T06:44:21,58.30785833,-135.7853767,0,289.1,20.8,288,9188647,3FPR9,SITKA AK
CARNIVAL SPIRIT,357658000,2008-06-23T06:43:59,58.30713,-135.78141,0,290.3,20.8,289,9188647,3FPR9,SITKA AK
CARNIVAL SPIRIT,357658000,2008-06-23T06:41:09,58.30098833,-135.7530233,0,293.1,20.8,294,9188647,3FPR9,SITKA AK
CARNIVAL SPIRIT,357658000,2008-06-23T06:49:33,58.31703167,-135.839465,0,285.2,20.5,285,9188647,3FPR9,SITKA AK
CARNIVAL SPIRIT,357658000,2008-06-23T06:48:58,58.31613333,-135.833415,0,286.8,20.6,286,9188647,3FPR9,SITKA AK
CARNIVAL SPIRIT,357658000,2008-06-23T06:48:21,58.31507167,-135.827045,0,289.0,20.7,289,9188647,3FPR9,SITKA AK
CARNIVAL SPIRIT,357658000,2008-06-23T06:53:33,58.32278167,-135.8807083,0,284.7,20.0,285,9188647,3FPR9,SITKA AK
CARNIVAL SPIRIT,357658000,2008-06-23T06:50:46,58.31881333,-135.8520683,0,285.0,20.3,285,9188647,3FPR9,SITKA AK
CARNIVAL SPIRIT,357658000,2008-06-23T06:58:09,58.32952,-135.92682,0,285.8,19.5,287,9188647,3FPR9,SITKA AK
CARNIVAL SPIRIT,357658000,2008-06-23T06:55:58,58.32619333,-135.9052083,0,285.8,19.9,287,9188647,3FPR9,SITKA AK
CARNIVAL SPIRIT,357658000,2008-06-23T07:16:48,58.34039,-135.9972933,0,287.8,19.5,287,9188647,3FPR9,SITKA AK
CARNIVAL SPIRIT,357658000,2008-06-23T07:16:48,58.33988667,-135.9943667,0,287.2,19.5,287,9188647,3FPR9,SITKA AK
CARNIVAL SPIRIT,357658000,2008-06-23T07:16:48,58.33958667,-135.9925717,0,287.5,19.5,287,9188647,3FPR9,SITKA AK
CARNIVAL SPIRIT,357658000,2008-06-23T07:13:47,58.338915,-135.98849,0,286.4,19.5,287,9188647,3FPR9,SITKA AK
CARNIVAL SPIRIT,357658000,2008-06-23T07:11:14,58.338625,-135.9866917,0,285.5,19.5,287,9188647,3FPR9,SITKA AK
CARNIVAL SPIRIT,357658000,2008-06-23T07:09:59,58.338305,-135.9845517,0,285.2,19.5,287,9188647,3FPR9,SITKA AK
CARNIVAL SPIRIT,357658000,2008-06-23T07:07:44,58.33742667,-135.9785917,0,285.8,19.6,287,9188647,3FPR9,SITKA AK
CARNIVAL SPIRIT,357658000,2008-06-23T07:06:53,58.337125,-135.9766017,0,285.8,19.6,287,9188647,3FPR9,SITKA AK
CARNIVAL SPIRIT,357658000,2008-06-23T07:04:27,58.33907167,-135.989475,0,286.4,19.5,287,9188647,3FPR9,SITKA AK
CARNIVAL SPIRIT,357658000,2008-06-23T07:01:15,58.33419833,-135.9576633,0,286.1,19.7,287,9188647,3FPR9,SITKA AK
CARNIVAL SPIRIT,357658000,2008-06-23T07:23:50,58.34302667,-136.0441183,0,266.2,19.0,265,9188647,3FPR9,SITKA AK
CARNIVAL SPIRIT,357658000,2008-06-23T07:23:50,58.34296667,-136.045955,0,266.1,19.1,265,9188647,3FPR9,SITKA AK
CARNIVAL SPIRIT,357658000,2008-06-23T07:22:49,58.34321333,-136.037965,0,267.1,18.8,265,9188647,3FPR9,SITKA AK
CARNIVAL SPIRIT,357658000,2008-06-23T07:22:49,58.34318167,-136.039125,0,266.8,18.9,265,9188647,3FPR9,SITKA AK
CARNIVAL SPIRIT,357658000,2008-06-23T07:22:49,58.34315333,-136.0399533,0,266.5,18.9,265,9188647,3FPR9,SITKA AK
CARNIVAL SPIRIT,357658000,2008-06-23T07:21:49,58.34333667,-136.0310117,0,271.3,18.9,267,9188647,3FPR9,SITKA AK
CARNIVAL SPIRIT,357658000,2008-06-23T07:21:49,58.34332167,-136.0328367,0,269.0,18.9,266,9188647,3FPR9,SITKA AK
CARNIVAL SPIRIT,357658000,2008-06-23T07:21:49,58.34329833,-136.0339967,0,269.0,18.9,266,9188647,3FPR9,SITKA AK
CARNIVAL SPIRIT,357658000,2008-06-23T07:21:49,58.34325833,-136.03598,0,267.4,18.8,265,9188647,3FPR9,SITKA AK
CARNIVAL SPIRIT,357658000,2008-06-23T07:20:49,58.34333667,-136.030015,0,271.0,19.0,268,9188647,3FPR9,SITKA AK
CARNIVAL SPIRIT,357658000,2008-06-23T07:20:49,58.34331833,-136.0280133,0,272.3,19.0,269,9188647,3FPR9,SITKA AK
CARNIVAL SPIRIT,357658000,2008-06-23T07:20:49,58.34327833,-136.0260067,0,273.9,19.1,271,9188647,3FPR9,SITKA AK
CARNIVAL SPIRIT,357658000,2008-06-23T07:19:49,58.34321833,-136.024165,0,275.2,19.1,272,9188647,3FPR9,SITKA AK
CARNIVAL SPIRIT,357658000,2008-06-23T07:19:49,58.343135,-136.022155,0,275.6,19.1,273,9188647,3FPR9,SITKA AK
CARNIVAL SPIRIT,357658000,2008-06-23T07:18:48,58.34289667,-136.017975,0,278.3,19.2,276,9188647,3FPR9,SITKA AK
CARNIVAL SPIRIT,357658000,2008-06-23T07:18:48,58.342815,-136.0168067,0,278.3,19.2,276,9188647,3FPR9,SITKA AK
CARNIVAL SPIRIT,357658000,2008-06-23T07:18:48,58.34275167,-136.0159717,0,279.3,19.2,277,9188647,3FPR9,SITKA AK
CARNIVAL SPIRIT,357658000,2008-06-23T07:18:48,58.34259,-136.0139733,0,280.0,19.1,278,9188647,3FPR9,SITKA AK
CARNIVAL SPIRIT,357658000,2008-06-23T07:17:48,58.34242833,-136.0121517,0,281.0,19.1,279,9188647,3FPR9,SITKA AK
CARNIVAL SPIRIT,357658000,2008-06-23T07:17:48,58.34221333,-136.0100033,0,282.0,19.2,280,9188647,3FPR9,SITKA AK
CARNIVAL SPIRIT,357658000,2008-06-23T07:17:48,58.34177333,-136.00622,0,285.0,19.1,283,9188647,3FPR9,SITKA AK
CARNIVAL SPIRIT,357658000,2008-06-23T07:10:34,58.34283667,-136.0499983,0,266.1,19.2,265,9188647,3FPR9,SITKA AK
CARNIVAL SPIRIT,357658000,2008-06-23T07:09:34,58.34315333,-136.0399533,0,266.5,18.9,265,9188647,3FPR9,SITKA AK
CARNIVAL SPIRIT,357658000,2008-06-23T07:09:58,58.34302667,-136.0441183,0,266.2,19.0,265,9188647,3FPR9,SITKA AK
CARNIVAL SPIRIT,357658000,2008-06-23T07:07:41,58.34307667,-136.0209833,0,276.6,19.1,274,9188647,3FPR9,SITKA AK
CARNIVAL SPIRIT,357658000,2008-06-23T07:06:58,58.34259,-136.0139733,0,280.0,19.1,278,9188647,3FPR9,SITKA AK
CARNIVAL SPIRIT,357658000,2008-06-23T07:06:10,58.34177333,-136.00622,0,285.0,19.1,283,9188647,3FPR9,SITKA AK
CARNIVAL SPIRIT,357658000,2008-06-23T07:05:34,58.340915,-136.000375,0,288.4,19.4,286,9188647,3FPR9,SITKA AK
CARNIVAL SPIRIT,357658000,2008-06-23T07:23:50,58.34278833,-136.0511633,0,266.1,19.2,265,9188647,3FPR9,SITKA AK
CARNIVAL SPIRIT,357658000,2008-06-23T07:23:50,58.34264833,-136.05421,0,265.0,19.3,263,9188647,3FPR9,SITKA AK
CARNIVAL SPIRIT,357658000,2008-06-23T07:23:50,58.342415,-136.0581,0,263.0,19.4,261,9188647,3FPR9,SITKA AK
CARNIVAL SPIRIT,357658000,2008-06-23T07:23:50,58.34197667,-136.0641517,0,262.7,19.5,261,9188647,3FPR9,SITKA AK
CARNIVAL SPIRIT,357658000,2008-06-23T07:23:51,58.34108167,-136.0734917,0,258.0,19.7,256,9188647,3FPR9,SITKA AK
CARNIVAL SPIRIT,357658000,2008-06-23T07:23:52,58.339915,-136.0824567,0,254.7,20.0,253,9188647,3FPR9,SITKA AK
CARNIVAL SPIRIT,357658000,2008-06-23T07:23:52,58.33960833,-136.0844833,0,254.7,20.0,253,9188647,3FPR9,SITKA AK
CARNIVAL SPIRIT,357658000,2008-06-23T07:23:52,58.33766,-136.0967583,0,252.5,20.4,252,9188647,3FPR9,SITKA AK
CARNIVAL SPIRIT,357658000,2008-06-23T07:14:03,58.33944833,-136.0854967,0,253.7,20.1,252,9188647,3FPR9,SITKA AK
CARNIVAL SPIRIT,357658000,2008-06-23T07:14:21,58.33896667,-136.088545,0,253.1,20.2,252,9188647,3FPR9,SITKA AK
CARNIVAL SPIRIT,357658000,2008-06-23T07:14:39,58.33848667,-136.0916217,0,253.1,20.3,252,9188647,3FPR9,SITKA AK
CARNIVAL SPIRIT,357658000,2008-06-23T07:14:52,58.33816,-136.0936817,0,252.8,20.3,252,9188647,3FPR9,SITKA AK
CARNIVAL SPIRIT,357658000,2008-06-23T07:13:21,58.340485,-136.0784017,0,256.7,19.8,255,9188647,3FPR9,SITKA AK
CARNIVAL SPIRIT,357658000,2008-06-23T07:12:45,58.3412,-136.0724767,0,259.3,19.7,257,9188647,3FPR9,SITKA AK
CARNIVAL SPIRIT,357658000,2008-06-23T07:12:57,58.34098333,-136.0743333,0,258.0,19.7,256,9188647,3FPR9,SITKA AK
CARNIVAL SPIRIT,357658000,2008-06-23T07:11:33,58.342275,-136.0601167,0,262.7,19.4,261,9188647,3FPR9,SITKA AK
CARNIVAL SPIRIT,357658000,2008-06-23T07:11:46,58.34212667,-136.0621233,0,262.7,19.4,261,9188647,3FPR9,SITKA AK
CARNIVAL SPIRIT,357658000,2008-06-23T07:10:45,58.34274667,-136.0521817,0,265.4,19.3,264,9188647,3FPR9,SITKA AK
CARNIVAL SPIRIT,357658000,2008-06-23T07:20:04,58.328655,-136.1474717,0,251.7,20.7,254,9188647,3FPR9,SITKA AK
CARNIVAL SPIRIT,357658000,2008-06-23T07:19:33,58.32957,-136.1421017,0,251.2,20.7,254,9188647,3FPR9,SITKA AK
CARNIVAL SPIRIT,357658000,2008-06-23T07:19:46,58.329185,-136.1443533,0,251.5,20.7,254,9188647,3FPR9,SITKA AK
CARNIVAL SPIRIT,357658000,2008-06-23T07:19:57,58.32886,-136.1462583,0,251.5,20.7,254,9188647,3FPR9,SITKA AK
CARNIVAL SPIRIT,357658000,2008-06-23T07:18:04,58.33227333,-136.1267467,0,250.9,20.7,254,9188647,3FPR9,SITKA AK
CARNIVAL SPIRIT,357658000,2008-06-23T07:18:17,58.33194,-136.128645,0,251.2,20.7,254,9188647,3FPR9,SITKA AK
CARNIVAL SPIRIT,357658000,2008-06-23T07:17:56,58.33263833,-136.124675,0,251.2,20.8,254,9188647,3FPR9,SITKA AK
CARNIVAL SPIRIT,357658000,2008-06-23T07:16:21,58.33548333,-136.1090183,0,250.3,20.6,252,9188647,3FPR9,SITKA AK
CARNIVAL SPIRIT,357658000,2008-06-23T07:15:46,58.336585,-136.1030667,0,251.7,20.5,252,9188647,3FPR9,SITKA AK
CARNIVAL SPIRIT,357658000,2008-06-23T07:24:46,58.32068167,-136.1971383,0,252.9,21.1,254,9188647,3FPR9,SITKA AK
CARNIVAL SPIRIT,357658000,2008-06-23T07:23:15,58.32325,-136.1809917,0,253.1,21.1,254,9188647,3FPR9,SITKA AK
CARNIVAL SPIRIT,357658000,2008-06-23T07:23:52,58.32257167,-136.1852483,0,253.1,21.1,254,9188647,3FPR9,SITKA AK
CARNIVAL SPIRIT,357658000,2008-06-23T07:23:57,58.32209,-136.18827,0,252.9,21.1,254,9188647,3FPR9,SITKA AK
CARNIVAL SPIRIT,357658000,2008-06-23T07:22:15,58.32493167,-136.1703733,0,253.1,21.0,254,9188647,3FPR9,SITKA AK
CARNIVAL SPIRIT,357658000,2008-06-23T07:22:52,58.32392333,-136.1767383,0,253.1,21.1,254,9188647,3FPR9,SITKA AK
CARNIVAL SPIRIT,357658000,2008-06-23T07:21:09,58.32677667,-136.158755,0,252.6,20.8,254,9188647,3FPR9,SITKA AK
CARNIVAL SPIRIT,357658000,2008-06-23T07:21:35,58.32610333,-136.1629667,0,252.9,20.9,254,9188647,3FPR9,SITKA AK
CARNIVAL SPIRIT,357658000,2008-06-23T07:21:46,58.32576833,-136.16508,0,253.1,20.9,254,9188647,3FPR9,SITKA AK
CARNIVAL SPIRIT,357658000,2008-06-23T07:21:51,58.32560167,-136.1661383,0,253.1,21.0,254,9188647,3FPR9,SITKA AK
CARNIVAL SPIRIT,357658000,2008-06-23T07:20:33,58.32780833,-136.1524917,0,252.0,20.7,254,9188647,3FPR9,SITKA AK
CARNIVAL SPIRIT,357658000,2008-06-23T07:20:51,58.32726167,-136.15579,0,252.3,20.7,254,9188647,3FPR9,SITKA AK
CARNIVAL SPIRIT,357658000,2008-06-23T07:27:52,58.31552833,-136.2295867,0,253.1,20.7,254,9188647,3FPR9,SITKA AK
CARNIVAL SPIRIT,357658000,2008-06-23T07:33:04,58.30698167,-136.28419,0,253.7,20.9,254,9188647,3FPR9,SITKA AK
CARNIVAL SPIRIT,357658000,2008-06-23T07:31:04,58.31028,-136.2629517,0,253.1,20.8,254,9188647,3FPR9,SITKA AK
CARNIVAL SPIRIT,357658000,2008-06-23T07:35:03,58.30387,-136.30527,0,254.0,21.1,254,9188647,3FPR9,SITKA AK
CARNIVAL SPIRIT,357658000,2008-06-23T05:13:21,58.25206833,-135.0041367,0,173.2,20.0,173,9188647,3FPR9,SITKA AK
CARNIVAL SPIRIT,357658000,2008-06-23T05:12:57,58.25427167,-135.00463,0,173.2,20.0,173,9188647,3FPR9,SITKA AK
CARNIVAL SPIRIT,357658000,2008-06-23T05:09:51,58.271325,-135.008475,0,173.0,19.9,173,9188647,3FPR9,SITKA AK
CARNIVAL SPIRIT,357658000,2008-06-23T05:08:33,58.27855333,-135.010145,0,173.0,19.9,173,9188647,3FPR9,SITKA AK
CARNIVAL SPIRIT,357658000,2008-06-23T05:05:27,58.29547833,-135.0141117,0,173.0,19.7,173,9188647,3FPR9,SITKA AK
CARNIVAL SPIRIT,357658000,2008-06-23T06:20:04,58.25474833,-135.5387617,0,291.6,21.4,293,9188647,3FPR9,SITKA AK
CARNIVAL SPIRIT,357658000,2008-06-23T06:18:57,58.252335,-135.52707,0,290.6,21.4,292,9188647,3FPR9,SITKA AK
CARNIVAL SPIRIT,357658000,2008-06-23T06:25:52,58.267505,-135.5985817,0,292.1,20.9,293,9188647,3FPR9,SITKA AK
CARNIVAL SPIRIT,357658000,2008-06-23T06:23:11,58.2616,-135.5709417,0,291.9,21.1,293,9188647,3FPR9,SITKA AK
CARNIVAL SPIRIT,357658000,2008-06-23T06:28:57,58.27438,-135.6296917,0,293.0,20.7,293,9188647,3FPR9,SITKA AK
CARNIVAL SPIRIT,357658000,2008-06-23T06:34:57,58.287495,-135.6901117,0,292.1,20.7,293,9188647,3FPR9,SITKA AK
CARNIVAL SPIRIT,357658000,2008-06-23T06:32:09,58.28145667,-135.6620583,0,292.1,20.7,293,9188647,3FPR9,SITKA AK
CARNIVAL SPIRIT,357658000,2008-06-23T06:38:05,58.29426167,-135.7216583,0,291.8,20.8,293,9188647,3FPR9,SITKA AK
CARNIVAL SPIRIT,357658000,2008-06-23T07:38:09,58.29899,-136.3388983,0,254.7,21.5,254,9188647,3FPR9,SITKA AK
CARNIVAL SPIRIT,357658000,2008-06-23T07:38:16,58.29883333,-136.33999,0,254.5,21.5,254,9188647,3FPR9,SITKA AK
CARNIVAL SPIRIT,357658000,2008-06-23T07:43:04,58.291395,-136.3914517,0,247.7,19.8,248,9188647,3FPR9,SITKA AK
CARNIVAL SPIRIT,357658000,2008-06-23T07:42:22,58.29283667,-136.384565,0,253.1,20.7,252,9188647,3FPR9,SITKA AK
CARNIVAL SPIRIT,357658000,2008-06-23T07:42:40,58.29224833,-136.3875783,0,249.4,20.3,250,9188647,3FPR9,SITKA AK
CARNIVAL SPIRIT,357658000,2008-06-23T07:41:33,58.29398333,-136.3760233,0,256.7,21.2,254,9188647,3FPR9,SITKA AK
CARNIVAL SPIRIT,357658000,2008-06-23T07:40:27,58.29550667,-136.36384,0,255.6,21.4,254,9188647,3FPR9,SITKA AK
CARNIVAL SPIRIT,357658000,2008-06-23T07:50:10,58.27029,-136.449475,0,218.7,19.9,219,9188647,3FPR9,SITKA AK
CARNIVAL SPIRIT,357658000,2008-06-23T07:49:21,58.27376833,-136.4441533,0,220.0,19.4,220,9188647,3FPR9,SITKA AK
CARNIVAL SPIRIT,357658000,2008-06-23T07:48:10,58.27843667,-136.4360167,0,229.2,18.7,224,9188647,3FPR9,SITKA AK
CARNIVAL SPIRIT,357658000,2008-06-23T07:48:28,58.27723,-136.4383883,0,225.6,18.8,222,9188647,3FPR9,SITKA AK
CARNIVAL SPIRIT,357658000,2008-06-23T07:48:46,58.27613667,-136.4403083,0,223.4,19.0,221,9188647,3FPR9,SITKA AK
CARNIVAL SPIRIT,357658000,2008-06-23T07:47:04,58.28183,-136.4275717,0,237.7,18.7,231,9188647,3FPR9,SITKA AK
CARNIVAL SPIRIT,357658000,2008-06-23T07:47:27,58.28065667,-136.4307983,0,235.4,18.6,229,9188647,3FPR9,SITKA AK
CARNIVAL SPIRIT,357658000,2008-06-23T07:47:52,58.27939667,-136.433905,0,231.8,18.7,226,9188647,3FPR9,SITKA AK
CARNIVAL SPIRIT,357658000,2008-06-23T07:46:04,58.28448333,-136.4190217,0,241.1,19.2,237,9188647,3FPR9,SITKA AK
CARNIVAL SPIRIT,357658000,2008-06-23T07:46:27,58.28349167,-136.4223617,0,240.7,19.0,235,9188647,3FPR9,SITKA AK
CARNIVAL SPIRIT,357658000,2008-06-23T07:45:16,58.28653,-136.4119,0,241.8,19.3,241,9188647,3FPR9,SITKA AK
CARNIVAL SPIRIT,357658000,2008-06-23T07:44:46,58.28776167,-136.4074033,0,244.8,19.3,244,9188647,3FPR9,SITKA AK
CARNIVAL SPIRIT,357658000,2008-06-23T07:54:40,58.250575,-136.47963,0,220.4,20.5,221,9188647,3FPR9,SITKA AK
CARNIVAL SPIRIT,357658000,2008-06-23T07:53:16,58.25670167,-136.4700917,0,217.5,20.3,219,9188647,3FPR9,SITKA AK
CARNIVAL SPIRIT,357658000,2008-06-23T05:21:09,58.20906,-134.9987,0,186.4,20.0,187,9188647,3FPR9,SITKA AK
CARNIVAL SPIRIT,357658000,2008-06-23T05:20:21,58.21357333,-134.9977533,0,184.8,20.0,186,9188647,3FPR9,SITKA AK
CARNIVAL SPIRIT,357658000,2008-06-23T05:20:39,58.21182333,-134.998095,0,186.1,20.0,187,9188647,3FPR9,SITKA AK
CARNIVAL SPIRIT,357658000,2008-06-23T05:19:09,58.220125,-134.99721,0,177.8,20.0,179,9188647,3FPR9,SITKA AK
CARNIVAL SPIRIT,357658000,2008-06-23T05:19:27,58.21846167,-134.9972,0,179.5,20.0,181,9188647,3FPR9,SITKA AK
CARNIVAL SPIRIT,357658000,2008-06-23T05:19:39,58.21735333,-134.9972617,0,181.5,20.0,183,9188647,3FPR9,SITKA AK
CARNIVAL SPIRIT,357658000,2008-06-23T05:19:57,58.215785,-134.9974183,0,183.1,20.0,184,9188647,3FPR9,SITKA AK
CARNIVAL SPIRIT,357658000,2008-06-23T05:18:45,58.22234333,-134.9974033,0,175.4,20.0,176,9188647,3FPR9,SITKA AK
CARNIVAL SPIRIT,357658000,2008-06-23T05:17:10,58.23115667,-134.99936,0,173.2,20.0,173,9188647,3FPR9,SITKA AK
CARNIVAL SPIRIT,357658000,2008-06-23T05:16:33,58.23445333,-135.0001367,0,173.0,20.0,173,9188647,3FPR9,SITKA AK
CARNIVAL SPIRIT,357658000,2008-06-23T05:56:09,58.20632167,-135.2899967,0,291.5,20.9,291,9188647,3FPR9,SITKA AK
CARNIVAL SPIRIT,357658000,2008-06-23T05:53:51,58.20150667,-135.2667917,0,292.3,20.7,291,9188647,3FPR9,SITKA AK
CARNIVAL SPIRIT,357658000,2008-06-23T06:00:22,58.21522,-135.3332533,0,291.0,20.9,291,9188647,3FPR9,SITKA AK
CARNIVAL SPIRIT,357658000,2008-06-23T05:59:16,58.21289667,-135.3219817,0,291.2,21.0,291,9188647,3FPR9,SITKA AK
CARNIVAL SPIRIT,357658000,2008-06-23T06:05:34,58.225815,-135.3866333,0,290.1,20.9,291,9188647,3FPR9,SITKA AK
CARNIVAL SPIRIT,357658000,2008-06-23T06:02:34,58.21974667,-135.35582,0,290.7,20.9,291,9188647,3FPR9,SITKA AK
CARNIVAL SPIRIT,357658000,2008-06-23T06:10:45,58.23605167,-135.4404967,0,289.6,21.2,291,9188647,3FPR9,SITKA AK
CARNIVAL SPIRIT,357658000,2008-06-23T06:07:39,58.22996667,-135.4083667,0,289.6,21.0,291,9188647,3FPR9,SITKA AK
CARNIVAL SPIRIT,357658000,2008-06-23T06:15:57,58.24631333,-135.4953417,0,289.6,21.3,291,9188647,3FPR9,SITKA AK
CARNIVAL SPIRIT,357658000,2008-06-23T06:13:46,58.24199,-135.4722867,0,289.3,21.3,291,9188647,3FPR9,SITKA AK
CARNIVAL SPIRIT,357658000,2008-06-23T07:56:04,58.24442333,-136.4892617,0,219.2,20.6,219,9188647,3FPR9,SITKA AK
CARNIVAL SPIRIT,357658000,2008-06-23T08:04:15,58.20826667,-136.5457067,0,219.4,20.6,220,9188647,3FPR9,SITKA AK
CARNIVAL SPIRIT,357658000,2008-06-23T08:02:46,58.214845,-136.5355533,0,219.5,20.6,219,9188647,3FPR9,SITKA AK
CARNIVAL SPIRIT,357658000,2008-06-23T08:00:46,58.223645,-136.52175,0,219.5,20.6,219,9188647,3FPR9,SITKA AK
CARNIVAL SPIRIT,357658000,2008-06-23T07:59:10,58.23067333,-136.5106367,0,220.2,20.8,220,9188647,3FPR9,SITKA AK
CARNIVAL SPIRIT,357658000,2008-06-23T07:59:16,58.23023833,-136.5113433,0,220.2,20.7,220,9188647,3FPR9,SITKA AK
CARNIVAL SPIRIT,357658000,2008-06-23T08:06:04,58.20015333,-136.5579433,0,217.3,20.6,219,9188647,3FPR9,SITKA AK
CARNIVAL SPIRIT,357658000,2008-06-23T05:31:09,58.16276667,-135.0431067,0,247.3,20.4,249,9188647,3FPR9,SITKA AK
CARNIVAL SPIRIT,357658000,2008-06-23T05:31:33,58.16199333,-135.0471267,0,250.5,20.4,252,9188647,3FPR9,SITKA AK
CARNIVAL SPIRIT,357658000,2008-06-23T05:30:09,58.16517,-135.033485,0,239.2,20.2,241,9188647,3FPR9,SITKA AK
CARNIVAL SPIRIT,357658000,2008-06-23T05:30:20,58.16467,-135.0351883,0,240.2,20.2,242,9188647,3FPR9,SITKA AK
CARNIVAL SPIRIT,357658000,2008-06-23T05:30:39,58.163915,-135.0380417,0,243.3,20.3,245,9188647,3FPR9,SITKA AK
CARNIVAL SPIRIT,357658000,2008-06-23T05:29:03,58.16869833,-135.0239967,0,227.5,20.0,229,9188647,3FPR9,SITKA AK
CARNIVAL SPIRIT,357658000,2008-06-23T05:29:20,58.167645,-135.0264467,0,230.5,20.1,233,9188647,3FPR9,SITKA AK
CARNIVAL SPIRIT,357658000,2008-06-23T05:29:45,58.166345,-135.0298817,0,235.2,20.2,237,9188647,3FPR9,SITKA AK
CARNIVAL SPIRIT,357658000,2008-06-23T05:28:20,58.17144667,-135.0185867,0,221.4,20.0,222,9188647,3FPR9,SITKA AK
CARNIVAL SPIRIT,357658000,2008-06-23T05:28:39,58.17025833,-135.0207767,0,224.5,20.0,226,9188647,3FPR9,SITKA AK
CARNIVAL SPIRIT,357658000,2008-06-23T05:27:09,58.17677833,-135.0111383,0,209.5,20.0,211,9188647,3FPR9,SITKA AK
CARNIVAL SPIRIT,357658000,2008-06-23T05:27:28,58.17529,-135.0128983,0,212.5,20.0,214,9188647,3FPR9,SITKA AK
CARNIVAL SPIRIT,357658000,2008-06-23T05:27:39,58.17437667,-135.014085,0,214.2,20.0,216,9188647,3FPR9,SITKA AK
CARNIVAL SPIRIT,357658000,2008-06-23T05:27:57,58.17305667,-135.0159833,0,217.5,20.0,219,9188647,3FPR9,SITKA AK
CARNIVAL SPIRIT,357658000,2008-06-23T05:26:03,58.18221,-135.0063817,0,196.9,20.0,199,9188647,3FPR9,SITKA AK
CARNIVAL SPIRIT,357658000,2008-06-23T05:26:15,58.18117167,-135.0071,0,199.2,20.0,201,9188647,3FPR9,SITKA AK
CARNIVAL SPIRIT,357658000,2008-06-23T05:26:27,58.18015,-135.00789,0,202.2,20.0,204,9188647,3FPR9,SITKA AK
CARNIVAL SPIRIT,357658000,2008-06-23T05:26:45,58.178645,-135.0092167,0,205.2,20.0,207,9188647,3FPR9,SITKA AK
CARNIVAL SPIRIT,357658000,2008-06-23T05:25:21,58.186025,-135.0044117,0,190.5,20.0,192,9188647,3FPR9,SITKA AK
CARNIVAL SPIRIT,357658000,2008-06-23T05:25:33,58.18485667,-135.00491,0,192.2,20.0,194,9188647,3FPR9,SITKA AK
CARNIVAL SPIRIT,357658000,2008-06-23T05:25:51,58.18334833,-135.00569,0,195.2,20.0,197,9188647,3FPR9,SITKA AK
CARNIVAL SPIRIT,357658000,2008-06-23T05:24:57,58.18811667,-135.0036933,0,189.1,20.0,190,9188647,3FPR9,SITKA AK
CARNIVAL SPIRIT,357658000,2008-06-23T05:22:51,58.19967833,-135.0008733,0,187.4,20.0,188,9188647,3FPR9,SITKA AK
CARNIVAL SPIRIT,357658000,2008-06-23T05:36:28,58.16365833,-135.0979833,0,292.0,20.1,292,9188647,3FPR9,SITKA AK
CARNIVAL SPIRIT,357658000,2008-06-23T05:35:51,58.162345,-135.0917883,0,290.8,20.1,292,9188647,3FPR9,SITKA AK
CARNIVAL SPIRIT,357658000,2008-06-23T05:35:45,58.16214167,-135.0908067,0,290.5,20.1,292,9188647,3FPR9,SITKA AK
CARNIVAL SPIRIT,357658000,2008-06-23T05:35:28,58.161595,-135.088,0,287.2,20.2,289,9188647,3FPR9,SITKA AK
CARNIVAL SPIRIT,357658000,2008-06-23T05:35:09,58.16109333,-135.0849683,0,284.0,20.2,286,9188647,3FPR9,SITKA AK
CARNIVAL SPIRIT,357658000,2008-06-23T05:35:03,58.16092167,-135.083775,0,283.0,20.3,285,9188647,3FPR9,SITKA AK
CARNIVAL SPIRIT,357658000,2008-06-23T05:34:45,58.16055833,-135.0808433,0,279.7,20.3,282,9188647,3FPR9,SITKA AK
CARNIVAL SPIRIT,357658000,2008-06-23T05:34:28,58.16027667,-135.077875,0,276.7,20.4,279,9188647,3FPR9,SITKA AK
CARNIVAL SPIRIT,357658000,2008-06-23T05:34:09,58.16005833,-135.0745183,0,273.4,20.4,276,9188647,3FPR9,SITKA AK
CARNIVAL SPIRIT,357658000,2008-06-23T05:33:15,58.16000333,-135.06473,0,264.4,20.4,267,9188647,3FPR9,SITKA AK
CARNIVAL SPIRIT,357658000,2008-06-23T05:33:51,58.159945,-135.071145,0,270.4,20.4,273,9188647,3FPR9,SITKA AK
CARNIVAL SPIRIT,357658000,2008-06-23T05:33:33,58.15992667,-135.068115,0,267.4,20.4,270,9188647,3FPR9,SITKA AK
CARNIVAL SPIRIT,357658000,2008-06-23T05:32:21,58.16077167,-135.0552033,0,256.0,20.5,258,9188647,3FPR9,SITKA AK
CARNIVAL SPIRIT,357658000,2008-06-23T05:32:39,58.16042667,-135.0583533,0,258.4,20.5,261,9188647,3FPR9,SITKA AK
CARNIVAL SPIRIT,357658000,2008-06-23T05:32:57,58.16015667,-135.0617133,0,261.2,20.5,264,9188647,3FPR9,SITKA AK
CARNIVAL SPIRIT,357658000,2008-06-23T05:31:57,58.16134,-135.051045,0,252.3,20.5,254,9188647,3FPR9,SITKA AK
CARNIVAL SPIRIT,357658000,2008-06-23T05:41:34,58.174545,-135.14692,0,292.8,19.8,292,9188647,3FPR9,SITKA AK
CARNIVAL SPIRIT,357658000,2008-06-23T05:38:27,58.16789,-135.1171917,0,292.5,20.0,292,9188647,3FPR9,SITKA AK
CARNIVAL SPIRIT,357658000,2008-06-23T05:45:21,58.18273,-135.183195,0,292.8,20.0,292,9188647,3FPR9,SITKA AK
CARNIVAL SPIRIT,357658000,2008-06-23T05:42:09,58.17583333,-135.152645,0,292.8,19.8,292,9188647,3FPR9,SITKA AK
CARNIVAL SPIRIT,357658000,2008-06-23T05:51:27,58.19615,-135.2429117,0,292.8,20.4,292,9188647,3FPR9,SITKA AK
CARNIVAL SPIRIT,357658000,2008-06-23T05:48:22,58.1893,-135.2125,0,292.8,20.2,292,9188647,3FPR9,SITKA AK
CARNIVAL SPIRIT,357658000,2008-06-23T05:52:22,58.19818,-135.2518133,0,293.1,20.6,292,9188647,3FPR9,SITKA AK
CARNIVAL SPIRIT,357658000,2008-06-23T08:12:34,58.16784333,-136.593845,0,203.7,21.0,204,9188647,3FPR9,SITKA AK
CARNIVAL SPIRIT,357658000,2008-06-23T08:10:03,58.18124833,-136.5824983,0,205.8,21.1,205,9188647,3FPR9,SITKA AK
CARNIVAL SPIRIT,357658000,2008-06-23T08:10:34,58.17841,-136.5849467,0,204.2,21.1,204,9188647,3FPR9,SITKA AK
CARNIVAL SPIRIT,357658000,2008-06-23T08:09:15,58.18529333,-136.5784733,0,211.5,21.0,211,9188647,3FPR9,SITKA AK
CARNIVAL SPIRIT,357658000,2008-06-23T08:09:40,58.183255,-136.5806233,0,208.8,21.1,208,9188647,3FPR9,SITKA AK
CARNIVAL SPIRIT,357658000,2008-06-23T08:08:22,58.18968333,-136.5731017,0,215.7,20.9,216,9188647,3FPR9,SITKA AK
CARNIVAL SPIRIT,357658000,2008-06-23T08:08:52,58.18719833,-136.5762667,0,213.2,21.0,213,9188647,3FPR9,SITKA AK
CARNIVAL SPIRIT,357658000,2008-06-23T08:14:58,58.15528,-136.6042233,0,202.4,20.5,203,9188647,3FPR9,SITKA AK
CARNIVAL SPIRIT,357658000,2008-06-23T08:25:04,58.103045,-136.6473833,0,204.6,20.5,206,9188647,3FPR9,SITKA AK
CARNIVAL SPIRIT,357658000,2008-06-23T08:21:58,58.11918333,-136.6337383,0,203.6,20.5,205,9188647,3FPR9,SITKA AK
CARNIVAL SPIRIT,357658000,2008-06-23T08:19:04,58.13404667,-136.62133,0,202.5,20.2,204,9188647,3FPR9,SITKA AK
CARNIVAL SPIRIT,357658000,2008-06-23T08:19:52,58.12992667,-136.6246967,0,203.2,20.2,205,9188647,3FPR9,SITKA AK
CARNIVAL SPIRIT,357658000,2008-06-23T08:17:16,58.14323,-136.6139133,0,203.2,20.2,205,9188647,3FPR9,SITKA AK
CARNIVAL SPIRIT,357658000,2008-06-23T08:33:04,58.06209,-136.68304,0,205.1,20.3,204,9188647,3FPR9,SITKA AK
CARNIVAL SPIRIT,357658000,2008-06-23T08:31:40,58.06922,-136.6767183,0,205.5,20.4,205,9188647,3FPR9,SITKA AK
CARNIVAL SPIRIT,357658000,2008-06-23T08:28:28,58.08552333,-136.6624483,0,205.0,20.3,205,9188647,3FPR9,SITKA AK
CARNIVAL SPIRIT,357658000,2008-06-23T08:27:28,58.09056833,-136.6580917,0,203.7,20.4,204,9188647,3FPR9,SITKA AK
CARNIVAL SPIRIT,357658000,2008-06-23T08:35:51,58.04791667,-136.6955033,0,204.4,20.1,203,9188647,3FPR9,SITKA AK
CARNIVAL SPIRIT,357658000,2008-06-23T08:44:57,58.001945,-136.73468,0,203.8,20.1,203,9188647,3FPR9,SITKA AK
CARNIVAL SPIRIT,357658000,2008-06-23T08:41:51,58.0177,-136.7213,0,204.4,20.1,203,9188647,3FPR9,SITKA AK
CARNIVAL SPIRIT,357658000,2008-06-23T08:38:47,58.03334333,-136.7080567,0,204.1,20.0,203,9188647,3FPR9,SITKA AK
CARNIVAL SPIRIT,357658000,2008-06-23T08:48:04,57.986235,-136.7478617,0,204.1,19.8,203,9188647,3FPR9,SITKA AK
CARNIVAL SPIRIT,357658000,2008-06-23T08:54:52,57.95216833,-136.7764167,0,204.1,19.8,203,9188647,3FPR9,SITKA AK
CARNIVAL SPIRIT,357658000,2008-06-23T08:51:10,57.97069,-136.7609533,0,204.1,19.7,203,9188647,3FPR9,SITKA AK
CARNIVAL SPIRIT,357658000,2008-06-23T08:51:46,57.96769,-136.76346,0,204.1,19.8,203,9188647,3FPR9,SITKA AK
CARNIVAL SPIRIT,357658000,2008-06-23T09:03:01,57.90781,-136.7885217,0,181.8,20.3,181,9188647,3FPR9,SITKA AK
CARNIVAL SPIRIT,357658000,2008-06-23T09:00:10,57.92381667,-136.7877083,0,181.1,20.0,180,9188647,3FPR9,SITKA AK
CARNIVAL SPIRIT,357658000,2008-06-23T08:59:10,57.92935833,-136.7873483,0,184.0,20.0,182,9188647,3FPR9,SITKA AK
CARNIVAL SPIRIT,357658000,2008-06-23T08:59:22,57.92825167,-136.7874483,0,182.7,20.0,181,9188647,3FPR9,SITKA AK
CARNIVAL SPIRIT,357658000,2008-06-23T08:59:34,57.92714667,-136.7875333,0,182.4,20.0,181,9188647,3FPR9,SITKA AK
CARNIVAL SPIRIT,357658000,2008-06-23T08:58:21,57.93375833,-136.7865283,0,188.4,19.9,187,9188647,3FPR9,SITKA AK
CARNIVAL SPIRIT,357658000,2008-06-23T08:58:34,57.932665,-136.786795,0,187.7,19.9,186,9188647,3FPR9,SITKA AK
CARNIVAL SPIRIT,357658000,2008-06-23T08:58:40,57.932205,-136.786895,0,187.7,19.9,185,9188647,3FPR9,SITKA AK
CARNIVAL SPIRIT,357658000,2008-06-23T08:58:58,57.93055333,-136.7871983,0,186.0,20.0,184,9188647,3FPR9,SITKA AK
CARNIVAL SPIRIT,357658000,2008-06-23T08:57:09,57.94034833,-136.7841367,0,193.7,19.9,192,9188647,3FPR9,SITKA AK
CARNIVAL SPIRIT,357658000,2008-06-23T08:56:09,57.94555,-136.781385,0,199.7,19.8,198,9188647,3FPR9,SITKA AK
CARNIVAL SPIRIT,357658000,2008-06-23T08:56:34,57.94345333,-136.7826117,0,196.7,19.8,195,9188647,3FPR9,SITKA AK
CARNIVAL SPIRIT,357658000,2008-06-23T08:56:45,57.94248167,-136.7831267,0,195.7,19.8,194,9188647,3FPR9,SITKA AK
CARNIVAL SPIRIT,357658000,2008-06-23T08:56:52,57.94186167,-136.783435,0,195.7,19.8,194,9188647,3FPR9,SITKA AK
CARNIVAL SPIRIT,357658000,2008-06-23T09:30:09,57.75559167,-136.7918733,0,180.5,20.3,180,9188647,3FPR9,SITKA AK
CARNIVAL SPIRIT,357658000,2008-06-23T09:39:51,57.70085667,-136.7921367,0,179.5,20.3,179,9188647,3FPR9,SITKA AK
CARNIVAL SPIRIT,357658000,2008-06-23T09:36:45,57.71835,-136.792035,0,180.5,20.4,180,9188647,3FPR9,SITKA AK
CARNIVAL SPIRIT,357658000,2008-06-23T09:35:22,57.72625,-136.7920117,0,180.5,20.4,180,9188647,3FPR9,SITKA AK
CARNIVAL SPIRIT,357658000,2008-06-23T09:33:09,57.73866667,-136.79208,0,179.5,20.4,179,9188647,3FPR9,SITKA AK
CARNIVAL SPIRIT,357658000,2008-06-23T09:48:16,57.65394,-136.7923883,0,180.1,20.0,179,9188647,3FPR9,SITKA AK
CARNIVAL SPIRIT,357658000,2008-06-23T09:45:15,57.67072,-136.7922983,0,179.8,20.1,179,9188647,3FPR9,SITKA AK
CARNIVAL SPIRIT,357658000,2008-06-23T09:42:39,57.68514833,-136.792125,0,180.8,20.2,180,9188647,3FPR9,SITKA AK
CARNIVAL SPIRIT,357658000,2008-06-23T09:41:45,57.69019333,-136.7920967,0,180.1,20.2,179,9188647,3FPR9,SITKA AK
CARNIVAL SPIRIT,357658000,2008-06-23T09:57:51,57.601015,-136.7814433,0,166.8,20.2,166,9188647,3FPR9,SITKA AK
CARNIVAL SPIRIT,357658000,2008-06-23T09:56:21,57.609135,-136.7847783,0,168.1,20.2,167,9188647,3FPR9,SITKA AK
CARNIVAL SPIRIT,357658000,2008-06-23T09:55:03,57.61627,-136.78717,0,171.1,20.1,170,9188647,3FPR9,SITKA AK
CARNIVAL SPIRIT,357658000,2008-06-23T09:55:45,57.61248833,-136.78598,0,170.4,20.1,169,9188647,3FPR9,SITKA AK
CARNIVAL SPIRIT,357658000,2008-06-23T09:52:03,57.63287,-136.79113,0,174.4,20.0,173,9188647,3FPR9,SITKA AK
CARNIVAL SPIRIT,357658000,2008-06-23T09:52:16,57.63175667,-136.7908917,0,173.1,20.1,172,9188647,3FPR9,SITKA AK
CARNIVAL SPIRIT,357658000,2008-06-23T09:52:58,57.62787833,-136.7899967,0,172.8,20.1,172,9188647,3FPR9,SITKA AK
CARNIVAL SPIRIT,357658000,2008-06-23T09:51:27,57.63619,-136.7917733,0,175.7,20.0,174,9188647,3FPR9,SITKA AK
CARNIVAL SPIRIT,357658000,2008-06-23T09:51:58,57.63342167,-136.7912467,0,174.4,20.0,173,9188647,3FPR9,SITKA AK
CARNIVAL SPIRIT,357658000,2008-06-23T10:06:10,57.55881833,-136.749705,0,148.3,18.8,148,9188647,3FPR9,SITKA AK
CARNIVAL SPIRIT,357658000,2008-06-23T10:05:51,57.56023,-136.7513033,0,148.3,18.9,148,9188647,3FPR9,SITKA AK
CARNIVAL SPIRIT,357658000,2008-06-23T10:04:57,57.56418667,-136.7558733,0,147.8,19.3,147,9188647,3FPR9,SITKA AK
CARNIVAL SPIRIT,357658000,2008-06-23T10:03:03,57.57322333,-136.7650183,0,157.1,19.9,156,9188647,3FPR9,SITKA AK
CARNIVAL SPIRIT,357658000,2008-06-23T10:03:10,57.57272,-136.7645983,0,156.1,19.9,155,9188647,3FPR9,SITKA AK
CARNIVAL SPIRIT,357658000,2008-06-23T10:03:21,57.57180667,-136.7638017,0,155.1,19.8,154,9188647,3FPR9,SITKA AK
CARNIVAL SPIRIT,357658000,2008-06-23T10:03:39,57.570335,-136.7624583,0,154.1,19.7,153,9188647,3FPR9,SITKA AK
CARNIVAL SPIRIT,357658000,2008-06-23T10:02:45,57.57483333,-136.766295,0,158.1,20.0,157,9188647,3FPR9,SITKA AK
CARNIVAL SPIRIT,357658000,2008-06-23T10:18:15,57.50583667,-136.6919317,0,150.3,18.6,150,9188647,3FPR9,SITKA AK
CARNIVAL SPIRIT,357658000,2008-06-23T10:15:57,57.51604167,-136.7029167,0,150.0,18.5,150,9188647,3FPR9,SITKA AK
CARNIVAL SPIRIT,357658000,2008-06-23T10:12:51,57.52964333,-136.7177317,0,149.3,18.2,149,9188647,3FPR9,SITKA AK
CARNIVAL SPIRIT,357658000,2008-06-23T10:08:27,57.54868333,-136.73854,0,149.6,18.2,149,9188647,3FPR9,SITKA AK
CARNIVAL SPIRIT,357658000,2008-06-23T10:29:45,57.45417833,-136.636735,0,150.3,18.7,150,9188647,3FPR9,SITKA AK
CARNIVAL SPIRIT,357658000,2008-06-23T10:26:34,57.46857,-136.6521833,0,150.6,18.7,150,9188647,3FPR9,SITKA AK
CARNIVAL SPIRIT,357658000,2008-06-23T10:26:39,57.46819667,-136.65178,0,150.6,18.7,150,9188647,3FPR9,SITKA AK
CARNIVAL SPIRIT,357658000,2008-06-23T10:23:33,57.482015,-136.6664283,0,150.6,18.7,150,9188647,3FPR9,SITKA AK
CARNIVAL SPIRIT,357658000,2008-06-23T10:21:21,57.49199333,-136.677045,0,150.3,18.7,150,9188647,3FPR9,SITKA AK
CARNIVAL SPIRIT,357658000,2008-06-23T10:39:51,57.40898667,-136.5885217,0,150.6,18.5,150,9188647,3FPR9,SITKA AK
CARNIVAL SPIRIT,357658000,2008-06-23T10:36:46,57.42284667,-136.6031717,0,150.3,18.6,150,9188647,3FPR9,SITKA AK
CARNIVAL SPIRIT,357658000,2008-06-23T10:33:39,57.43670667,-136.61798,0,150.3,18.6,150,9188647,3FPR9,SITKA AK
CARNIVAL SPIRIT,357658000,2008-06-23T10:31:46,57.445205,-136.6270983,0,149.3,18.6,149,9188647,3FPR9,SITKA AK
CARNIVAL SPIRIT,357658000,2008-06-23T10:49:51,57.36460667,-136.5409883,0,150.3,18.4,150,9188647,3FPR9,SITKA AK
CARNIVAL SPIRIT,357658000,2008-06-23T10:46:03,57.38140167,-136.5590617,0,150.6,18.5,150,9188647,3FPR9,SITKA AK
CARNIVAL SPIRIT,357658000,2008-06-23T10:46:34,57.37918667,-136.5566783,0,149.3,18.5,149,9188647,3FPR9,SITKA AK
CARNIVAL SPIRIT,357658000,2008-06-23T10:42:57,57.395195,-136.5738067,0,149.6,18.6,149,9188647,3FPR9,SITKA AK
CARNIVAL SPIRIT,357658000,2008-06-23T11:03:27,57.30478167,-136.4768433,0,150.0,18.3,150,9188647,3FPR9,SITKA AK
CARNIVAL SPIRIT,357658000,2008-06-23T11:02:09,57.31048167,-136.4829867,0,150.3,18.3,150,9188647,3FPR9,SITKA AK
CARNIVAL SPIRIT,357658000,2008-06-23T10:58:45,57.32543667,-136.499,0,150.3,18.4,150,9188647,3FPR9,SITKA AK
CARNIVAL SPIRIT,357658000,2008-06-23T10:56:33,57.33515667,-136.5092733,0,150.6,18.3,150,9188647,3FPR9,SITKA AK
CARNIVAL SPIRIT,357658000,2008-06-23T10:53:27,57.34882,-136.52387,0,150.0,18.4,150,9188647,3FPR9,SITKA AK
CARNIVAL SPIRIT,357658000,2008-06-23T11:14:03,57.25763333,-136.426885,0,150.9,18.5,150,9188647,3FPR9,SITKA AK
CARNIVAL SPIRIT,357658000,2008-06-23T11:12:09,57.266165,-136.4359817,0,149.9,18.6,149,9188647,3FPR9,SITKA AK
CARNIVAL SPIRIT,357658000,2008-06-23T11:11:15,57.27017167,-136.4402667,0,150.9,18.5,150,9188647,3FPR9,SITKA AK
CARNIVAL SPIRIT,357658000,2008-06-23T11:08:09,57.28398,-136.4547633,0,150.3,18.5,150,9188647,3FPR9,SITKA AK
CARNIVAL SPIRIT,357658000,2008-06-23T11:06:33,57.29110167,-136.4622533,0,150.3,18.4,150,9188647,3FPR9,SITKA AK
CARNIVAL SPIRIT,357658000,2008-06-23T11:25:21,57.20736,-136.373735,0,149.9,18.6,149,9188647,3FPR9,SITKA AK
CARNIVAL SPIRIT,357658000,2008-06-23T11:22:45,57.21898167,-136.3860233,0,150.6,18.6,150,9188647,3FPR9,SITKA AK
CARNIVAL SPIRIT,357658000,2008-06-23T11:19:39,57.23278833,-136.40073,0,149.9,18.5,149,9188647,3FPR9,SITKA AK
CARNIVAL SPIRIT,357658000,2008-06-23T11:16:34,57.24651833,-136.4151833,0,149.9,18.5,149,9188647,3FPR9,SITKA AK
CARNIVAL SPIRIT,357658000,2008-06-23T11:37:45,57.15218167,-136.3143933,0,150.0,18.6,150,9188647,3FPR9,SITKA AK
CARNIVAL SPIRIT,357658000,2008-06-23T11:34:39,57.16591,-136.3292333,0,150.3,18.6,150,9188647,3FPR9,SITKA AK
CARNIVAL SPIRIT,357658000,2008-06-23T11:31:34,57.17970833,-136.34407,0,149.6,18.6,149,9188647,3FPR9,SITKA AK
CARNIVAL SPIRIT,357658000,2008-06-23T11:28:27,57.19355667,-136.3589983,0,150.9,18.5,150,9188647,3FPR9,SITKA AK
CARNIVAL SPIRIT,357658000,2008-06-23T11:49:03,57.10242833,-136.2599233,0,142.9,18.7,142,9188647,3FPR9,SITKA AK
CARNIVAL SPIRIT,357658000,2008-06-23T11:48:27,57.10485333,-136.263205,0,145.2,18.6,144,9188647,3FPR9,SITKA AK
CARNIVAL SPIRIT,357658000,2008-06-23T11:47:57,57.10699167,-136.2658783,0,147.6,18.6,147,9188647,3FPR9,SITKA AK
CARNIVAL SPIRIT,357658000,2008-06-23T11:46:09,57.114975,-136.2745333,0,150.0,18.6,150,9188647,3FPR9,SITKA AK
CARNIVAL SPIRIT,357658000,2008-06-23T11:43:57,57.12473833,-136.28499,0,150.3,18.5,150,9188647,3FPR9,SITKA AK
CARNIVAL SPIRIT,357658000,2008-06-23T11:40:52,57.13844,-136.2995967,0,150.0,18.6,150,9188647,3FPR9,SITKA AK
CARNIVAL SPIRIT,357658000,2008-06-23T12:05:27,57.05069667,-136.1374783,0,123.9,18.5,123,9188647,3FPR9,SITKA AK
CARNIVAL SPIRIT,357658000,2008-06-23T12:02:21,57.05963167,-136.1616283,0,124.5,18.7,123,9188647,3FPR9,SITKA AK
CARNIVAL SPIRIT,357658000,2008-06-23T11:59:16,57.06860333,-136.1860333,0,124.5,18.7,123,9188647,3FPR9,SITKA AK
CARNIVAL SPIRIT,357658000,2008-06-23T11:56:09,57.077625,-136.2104383,0,123.9,18.7,123,9188647,3FPR9,SITKA AK
CARNIVAL SPIRIT,357658000,2008-06-23T11:54:16,57.08311667,-136.225455,0,124.5,18.7,123,9188647,3FPR9,SITKA AK
CARNIVAL SPIRIT,357658000,2008-06-23T11:54:58,57.08111167,-136.2199017,0,123.6,18.7,123,9188647,3FPR9,SITKA AK
CARNIVAL SPIRIT,357658000,2008-06-23T11:53:15,57.0862,-136.2331183,0,130.5,18.7,129,9188647,3FPR9,SITKA AK
CARNIVAL SPIRIT,357658000,2008-06-23T11:53:45,57.08461167,-136.2293467,0,127.5,18.7,126,9188647,3FPR9,SITKA AK
CARNIVAL SPIRIT,357658000,2008-06-23T11:52:21,57.08929333,-136.2395383,0,135.5,18.7,134,9188647,3FPR9,SITKA AK
CARNIVAL SPIRIT,357658000,2008-06-23T11:52:45,57.08783,-136.2366217,0,132.5,18.7,131,9188647,3FPR9,SITKA AK
CARNIVAL SPIRIT,357658000,2008-06-23T11:51:03,57.09427833,-136.24791,0,140.9,18.7,140,9188647,3FPR9,SITKA AK
CARNIVAL SPIRIT,357658000,2008-06-23T11:51:51,57.09115333,-136.24287,0,138.5,18.8,137,9188647,3FPR9,SITKA AK
CARNIVAL SPIRIT,357658000,2008-06-23T11:49:45,57.09951333,-136.2557217,0,141.6,18.7,141,9188647,3FPR9,SITKA AK
CARNIVAL SPIRIT,357658000,2008-06-23T23:57:19,57.03565333,-135.3025033,1,340.0,0.1,70,9188647,3FPR9,WHITTIER AK
CARNIVAL SPIRIT,357658000,2008-06-23T23:54:17,57.03557167,-135.302365,1,252.0,0.1,72,9188647,3FPR9,WHITTIER AK
CARNIVAL SPIRIT,357658000,2008-06-23T23:51:15,57.03561667,-135.3022517,1,297.0,0.1,72,9188647,3FPR9,WHITTIER AK
CARNIVAL SPIRIT,357658000,2008-06-23T23:48:16,57.03549,-135.3021467,1,346.0,0.1,76,9188647,3FPR9,WHITTIER AK
CARNIVAL SPIRIT,357658000,2008-06-23T23:45:13,57.03538167,-135.3021517,1,34.9,0.1,80,9188647,3FPR9,WHITTIER AK
CARNIVAL SPIRIT,357658000,2008-06-23T23:42:12,57.03537333,-135.302185,1,84.0,0.0,84,9188647,3FPR9,WHITTIER AK
CARNIVAL SPIRIT,357658000,2008-06-23T23:36:10,57.03546,-135.3022483,1,130.0,0.1,85,9188647,3FPR9,WHITTIER AK
CARNIVAL SPIRIT,357658000,2008-06-23T23:30:09,57.03553333,-135.3023467,1,82.0,0.0,82,9188647,3FPR9,WHITTIER AK
CARNIVAL SPIRIT,357658000,2008-06-23T23:27:05,57.03553833,-135.302335,1,173.0,0.1,83,9188647,3FPR9,WHITTIER AK
CARNIVAL SPIRIT,357658000,2008-06-23T23:24:04,57.03563833,-135.30239,1,124.0,0.1,79,9188647,3FPR9,WHITTIER AK
CARNIVAL SPIRIT,357658000,2008-06-23T23:21:01,57.03568667,-135.30247,1,167.0,0.1,77,9188647,3FPR9,WHITTIER AK
CARNIVAL SPIRIT,357658000,2008-06-23T23:18:03,57.03580167,-135.302485,1,207.9,0.1,73,9188647,3FPR9,WHITTIER AK
CARNIVAL SPIRIT,357658000,2008-06-23T23:15:01,57.035815,-135.3023933,1,163.0,0.1,73,9188647,3FPR9,WHITTIER AK
CARNIVAL SPIRIT,357658000,2008-06-23T23:11:58,57.03589667,-135.3024233,1,69.0,0.0,70,9188647,3FPR9,WHITTIER AK
CARNIVAL SPIRIT,357658000,2008-06-23T23:09:05,57.03573833,-135.3023683,1,0.4,0.3,72,9188647,3FPR9,WHITTIER AK
CARNIVAL SPIRIT,357658000,2008-06-23T23:05:55,57.03558667,-135.3023567,1,76.0,0.0,76,9188647,3FPR9,SITKA AK
CARNIVAL SPIRIT,357658000,2008-06-23T23:02:45,57.03559833,-135.3023467,0,76.0,0.0,76,9188647,3FPR9,SITKA AK
CARNIVAL SPIRIT,357658000,2008-06-23T22:59:35,57.035625,-135.3023467,0,165.0,0.1,75,9188647,3FPR9,SITKA AK
CARNIVAL SPIRIT,357658000,2008-06-23T22:56:24,57.03568,-135.3023533,0,163.0,0.1,73,9188647,3FPR9,SITKA AK
CARNIVAL SPIRIT,357658000,2008-06-23T22:53:36,57.03575,-135.30241,0,339.0,0.1,69,9188647,3FPR9,SITKA AK
CARNIVAL SPIRIT,357658000,2008-06-23T22:50:26,57.03577,-135.3024683,0,157.0,0.1,67,9188647,3FPR9,SITKA AK
CARNIVAL SPIRIT,357658000,2008-06-23T22:48:56,57.03587667,-135.30251,0,153.0,0.1,63,9188647,3FPR9,SITKA AK
CARNIVAL SPIRIT,357658000,2008-06-23T22:46:36,57.03592667,-135.3025117,0,193.9,0.1,59,9188647,3FPR9,SITKA AK
CARNIVAL SPIRIT,357658000,2008-06-23T22:44:15,57.03597833,-135.3025067,0,55.0,0.0,55,9188647,3FPR9,SITKA AK
CARNIVAL SPIRIT,357658000,2008-06-23T22:41:06,57.035975,-135.3025267,0,143.0,0.2,53,9188647,3FPR9,SITKA AK
CARNIVAL SPIRIT,357658000,2008-06-23T22:39:24,57.03599833,-135.3026117,0,319.0,0.2,49,9188647,3FPR9,SITKA AK
CARNIVAL SPIRIT,357658000,2008-06-23T22:36:14,57.03591833,-135.302615,0,95.0,0.1,50,9188647,3FPR9,SITKA AK
CARNIVAL SPIRIT,357658000,2008-06-23T22:33:05,57.03585,-135.3026233,0,95.0,0.1,50,9188647,3FPR9,SITKA AK
CARNIVAL SPIRIT,357658000,2008-06-23T22:29:55,57.03583667,-135.3026417,0,302.9,0.4,47,9188647,3FPR9,SITKA AK
CARNIVAL SPIRIT,357658000,2008-06-23T22:29:36,57.03581,-135.3025783,0,306.6,0.5,48,9188647,3FPR9,SITKA AK
CARNIVAL SPIRIT,357658000,2008-06-23T22:28:44,57.03572,-135.3023933,0,310.6,0.5,52,9188647,3FPR9,SITKA AK
CARNIVAL SPIRIT,357658000,2008-06-23T22:28:36,57.03570833,-135.3023667,0,308.9,0.4,53,9188647,3FPR9,SITKA AK
CARNIVAL SPIRIT,357658000,2008-06-23T22:27:26,57.03562,-135.302195,0,300.4,0.2,57,9188647,3FPR9,SITKA AK
CARNIVAL SPIRIT,357658000,2008-06-23T22:26:16,57.035555,-135.3020767,0,331.0,0.3,61,9188647,3FPR9,SITKA AK
CARNIVAL SPIRIT,357658000,2008-06-23T22:26:06,57.03554,-135.30206,0,331.0,0.3,61,9188647,3FPR9,SITKA AK
CARNIVAL SPIRIT,357658000,2008-06-23T22:24:55,57.03544333,-135.3019483,0,336.0,0.2,65,9188647,3FPR9,SITKA AK
CARNIVAL SPIRIT,357658000,2008-06-23T22:23:45,57.03534667,-135.3019033,0,5.5,0.2,69,9188647,3FPR9,SITKA AK
CARNIVAL SPIRIT,357658000,2008-06-23T22:22:14,57.03527333,-135.3019167,0,27.9,0.1,73,9188647,3FPR9,SITKA AK
CARNIVAL SPIRIT,357658000,2008-06-23T22:19:44,57.03524333,-135.301995,0,140.4,0.2,77,9188647,3FPR9,SITKA AK
CARNIVAL SPIRIT,357658000,2008-06-23T22:16:35,57.03529667,-135.3021517,0,32.9,0.1,78,9188647,3FPR9,SITKA AK
CARNIVAL SPIRIT,357658000,2008-06-23T22:14:06,57.03527167,-135.3021733,0,172.0,0.1,82,9188647,3FPR9,SITKA AK
CARNIVAL SPIRIT,357658000,2008-06-23T22:10:57,57.03529833,-135.3021133,0,220.9,0.1,86,9188647,3FPR9,SITKA AK
CARNIVAL SPIRIT,357658000,2008-06-23T22:07:45,57.03538833,-135.302055,0,175.0,0.1,85,9188647,3FPR9,SITKA AK
CARNIVAL SPIRIT,357658000,2008-06-23T22:04:36,57.03542167,-135.3021483,0,86.0,0.1,86,9188647,3FPR9,SITKA AK
CARNIVAL SPIRIT,357658000,2008-06-23T22:01:25,57.03545333,-135.3023417,0,86.0,0.1,86,9188647,3FPR9,SITKA AK
CARNIVAL SPIRIT,357658000,2008-06-23T21:58:06,57.03548,-135.302535,0,130.0,0.1,85,9188647,3FPR9,SITKA AK
CARNIVAL SPIRIT,357658000,2008-06-23T21:54:56,57.03547833,-135.302515,0,266.0,0.1,86,9188647,3FPR9,SITKA AK
CARNIVAL SPIRIT,357658000,2008-06-23T21:51:46,57.03545833,-135.302325,0,222.9,0.1,88,9188647,3FPR9,SITKA AK
CARNIVAL SPIRIT,357658000,2008-06-23T21:48:45,57.03545833,-135.3022167,0,359.0,0.1,89,9188647,3FPR9,SITKA AK
CARNIVAL SPIRIT,357658000,2008-06-23T21:45:44,57.03542833,-135.3022283,0,182.0,0.1,92,9188647,3FPR9,SITKA AK
CARNIVAL SPIRIT,357658000,2008-06-23T21:42:43,57.03548667,-135.3022883,0,136.0,0.1,91,9188647,3FPR9,SITKA AK
CARNIVAL SPIRIT,357658000,2008-06-23T21:39:35,57.03549333,-135.302445,0,29.5,0.2,93,9188647,3FPR9,SITKA AK
CARNIVAL SPIRIT,357658000,2008-06-23T21:36:25,57.03550833,-135.30256,0,185.0,0.1,95,9188647,3FPR9,SITKA AK
CARNIVAL SPIRIT,357658000,2008-06-23T21:33:15,57.03553667,-135.3024633,0,320.0,0.1,95,9188647,3FPR9,SITKA AK
CARNIVAL SPIRIT,357658000,2008-06-23T21:30:24,57.03546667,-135.302335,0,215.5,0.2,99,9188647,3FPR9,SITKA AK
CARNIVAL SPIRIT,357658000,2008-06-23T21:28:35,57.03563333,-135.3022617,0,199.0,0.4,95,9188647,3FPR9,SITKA AK
CARNIVAL SPIRIT,357658000,2008-06-23T21:27:24,57.03576333,-135.3021983,0,181.0,0.3,91,9188647,3FPR9,SITKA AK
CARNIVAL SPIRIT,357658000,2008-06-23T21:27:35,57.03574667,-135.302205,0,182.0,0.4,92,9188647,3FPR9,SITKA AK
CARNIVAL SPIRIT,357658000,2008-06-23T21:26:13,57.03588333,-135.3021917,0,177.0,0.2,87,9188647,3FPR9,SITKA AK
CARNIVAL SPIRIT,357658000,2008-06-23T21:23:04,57.03594667,-135.30223,0,84.0,0.0,84,9188647,3FPR9,SITKA AK
CARNIVAL SPIRIT,357658000,2008-06-23T21:19:56,57.035925,-135.30232,0,82.0,0.1,83,9188647,3FPR9,SITKA AK
CARNIVAL SPIRIT,357658000,2008-06-23T21:16:44,57.035895,-135.3025,0,80.0,0.1,80,9188647,3FPR9,SITKA AK
CARNIVAL SPIRIT,357658000,2008-06-23T21:14:24,57.03591333,-135.30264,0,121.0,0.1,76,9188647,3FPR9,SITKA AK
CARNIVAL SPIRIT,357658000,2008-06-23T21:11:54,57.03591167,-135.30262,0,252.0,0.1,72,9188647,3FPR9,SITKA AK
CARNIVAL SPIRIT,357658000,2008-06-23T21:08:44,57.03596333,-135.3023833,0,274.5,0.2,68,9188647,3FPR9,SITKA AK
CARNIVAL SPIRIT,357658000,2008-06-23T21:06:04,57.03604167,-135.3022033,0,179.5,0.2,64,9188647,3FPR9,SITKA AK
CARNIVAL SPIRIT,357658000,2008-06-23T21:04:34,57.03610833,-135.3022183,0,150.0,0.1,60,9188647,3FPR9,SITKA AK
CARNIVAL SPIRIT,357658000,2008-06-23T21:02:54,57.03613667,-135.3023,0,101.0,0.1,56,9188647,3FPR9,SITKA AK
CARNIVAL SPIRIT,357658000,2008-06-23T21:01:13,57.03612167,-135.3024467,0,52.0,0.2,52,9188647,3FPR9,SITKA AK
CARNIVAL SPIRIT,357658000,2008-06-23T20:59:44,57.03606333,-135.3026217,0,30.5,0.3,49,9188647,3FPR9,SITKA AK
CARNIVAL SPIRIT,357658000,2008-06-23T20:58:05,57.03591833,-135.3027417,0,14.3,0.4,48,9188647,3FPR9,SITKA AK
CARNIVAL SPIRIT,357658000,2008-06-23T20:56:23,57.03572833,-135.3027267,0,346.6,0.4,50,9188647,3FPR9,SITKA AK
CARNIVAL SPIRIT,357658000,2008-06-23T20:56:14,57.03571167,-135.30272,0,346.6,0.4,50,9188647,3FPR9,SITKA AK
CARNIVAL SPIRIT,357658000,2008-06-23T20:54:14,57.03554667,-135.3025867,0,324.0,0.2,54,9188647,3FPR9,SITKA AK
CARNIVAL SPIRIT,357658000,2008-06-23T20:52:35,57.03546,-135.3024033,0,301.4,0.4,58,9188647,3FPR9,SITKA AK
CARNIVAL SPIRIT,357658000,2008-06-23T20:51:35,57.03538667,-135.3022267,0,298.3,0.4,62,9188647,3FPR9,SITKA AK
CARNIVAL SPIRIT,357658000,2008-06-23T20:49:43,57.03533333,-135.301955,0,272.5,0.2,66,9188647,3FPR9,SITKA AK
CARNIVAL SPIRIT,357658000,2008-06-23T20:48:04,57.03528333,-135.3017883,0,321.5,0.3,70,9188647,3FPR9,SITKA AK
CARNIVAL SPIRIT,357658000,2008-06-23T20:47:54,57.035275,-135.3017733,0,321.5,0.3,70,9188647,3FPR9,SITKA AK
CARNIVAL SPIRIT,357658000,2008-06-23T20:46:43,57.03518,-135.3016733,0,344.0,0.2,74,9188647,3FPR9,SITKA AK
CARNIVAL SPIRIT,357658000,2008-06-23T20:43:35,57.03518833,-135.301675,0,31.9,0.1,77,9188647,3FPR9,SITKA AK
CARNIVAL SPIRIT,357658000,2008-06-23T20:41:56,57.03512667,-135.3017283,0,35.9,0.1,81,9188647,3FPR9,SITKA AK
CARNIVAL SPIRIT,357658000,2008-06-23T20:39:04,57.03515167,-135.30191,0,85.0,0.1,85,9188647,3FPR9,SITKA AK
CARNIVAL SPIRIT,357658000,2008-06-23T20:37:15,57.03512667,-135.3020117,0,134.0,0.1,89,9188647,3FPR9,SITKA AK
CARNIVAL SPIRIT,357658000,2008-06-23T20:34:14,57.03526,-135.3021217,0,152.4,0.2,89,9188647,3FPR9,SITKA AK
CARNIVAL SPIRIT,357658000,2008-06-23T20:31:13,57.03537667,-135.302225,0,150.4,0.2,87,9188647,3FPR9,SITKA AK
CARNIVAL SPIRIT,357658000,2008-06-23T20:28:05,57.03544,-135.3023467,0,40.9,0.1,86,9188647,3FPR9,SITKA AK
CARNIVAL SPIRIT,357658000,2008-06-23T20:25:14,57.03535,-135.3023517,0,270.0,0.1,90,9188647,3FPR9,SITKA AK
CARNIVAL SPIRIT,357658000,2008-06-23T20:22:05,57.03532167,-135.30221,0,317.0,0.1,92,9188647,3FPR9,SITKA AK
CARNIVAL SPIRIT,357658000,2008-06-23T20:18:55,57.03525167,-135.30211,0,4.0,0.1,94,9188647,3FPR9,SITKA AK
CARNIVAL SPIRIT,357658000,2008-06-23T20:15:43,57.03516667,-135.3021117,0,187.0,0.1,97,9188647,3FPR9,SITKA AK
CARNIVAL SPIRIT,357658000,2008-06-23T20:12:35,57.03521333,-135.3021133,0,4.0,0.1,94,9188647,3FPR9,SITKA AK
CARNIVAL SPIRIT,357658000,2008-06-23T20:09:25,57.03520667,-135.30216,0,94.0,0.0,94,9188647,3FPR9,SITKA AK
CARNIVAL SPIRIT,357658000,2008-06-23T20:06:14,57.03518333,-135.302185,0,95.0,0.0,95,9188647,3FPR9,SITKA AK
CARNIVAL SPIRIT,357658000,2008-06-23T20:03:05,57.03520333,-135.302115,0,4.0,0.1,94,9188647,3FPR9,SITKA AK
CARNIVAL SPIRIT,357658000,2008-06-23T19:59:55,57.03515833,-135.3021017,0,94.0,0.0,94,9188647,3FPR9,SITKA AK
CARNIVAL SPIRIT,357658000,2008-06-23T19:56:44,57.035165,-135.3020533,0,93.0,0.0,93,9188647,3FPR9,SITKA AK
CARNIVAL SPIRIT,357658000,2008-06-23T19:53:36,57.03517833,-135.3019983,0,2.0,0.2,92,9188647,3FPR9,SITKA AK
CARNIVAL SPIRIT,357658000,2008-06-23T19:51:23,57.03510667,-135.3020233,0,186.0,0.2,96,9188647,3FPR9,SITKA AK
CARNIVAL SPIRIT,357658000,2008-06-23T19:49:15,57.035145,-135.30204,0,182.0,0.2,92,9188647,3FPR9,SITKA AK
CARNIVAL SPIRIT,357658000,2008-06-23T19:47:34,57.03522,-135.30209,0,88.0,0.1,88,9188647,3FPR9,SITKA AK
CARNIVAL SPIRIT,357658000,2008-06-23T19:44:24,57.03519333,-135.302175,0,180.0,0.2,90,9188647,3FPR9,SITKA AK
CARNIVAL SPIRIT,357658000,2008-06-23T19:41:15,57.03517833,-135.3020933,0,333.4,0.2,90,9188647,3FPR9,SITKA AK
CARNIVAL SPIRIT,357658000,2008-06-23T19:38:14,57.03517,-135.3020333,0,268.0,0.1,88,9188647,3FPR9,SITKA AK
CARNIVAL SPIRIT,357658000,2008-06-23T19:35:04,57.03514667,-135.3019267,0,89.0,0.0,89,9188647,3FPR9,SITKA AK
CARNIVAL SPIRIT,357658000,2008-06-23T19:32:24,57.03513333,-135.30192,0,93.0,0.0,93,9188647,3FPR9,SITKA AK
CARNIVAL SPIRIT,357658000,2008-06-23T19:29:15,57.03509167,-135.3020117,0,95.0,0.1,95,9188647,3FPR9,SITKA AK
CARNIVAL SPIRIT,357658000,2008-06-23T19:26:05,57.03514833,-135.3021333,0,94.0,0.1,94,9188647,3FPR9,SITKA AK
CARNIVAL SPIRIT,357658000,2008-06-23T19:22:55,57.03517667,-135.3021967,0,183.0,0.1,93,9188647,3FPR9,SITKA AK
CARNIVAL SPIRIT,357658000,2008-06-23T19:19:45,57.03516833,-135.302085,0,273.0,0.1,93,9188647,3FPR9,SITKA AK
CARNIVAL SPIRIT,357658000,2008-06-23T19:16:34,57.03515,-135.3019633,0,230.9,0.1,96,9188647,3FPR9,SITKA AK
CARNIVAL SPIRIT,357658000,2008-06-23T19:13:23,57.03510667,-135.30193,0,189.0,0.1,99,9188647,3FPR9,SITKA AK
CARNIVAL SPIRIT,357658000,2008-06-23T19:11:24,57.03513667,-135.3018983,0,95.0,0.0,95,9188647,3FPR9,SITKA AK
CARNIVAL SPIRIT,357658000,2008-06-23T19:09:14,57.03514667,-135.3019417,0,91.0,0.1,91,9188647,3FPR9,SITKA AK
CARNIVAL SPIRIT,357658000,2008-06-23T19:06:05,57.03515,-135.302095,0,92.0,0.1,92,9188647,3FPR9,SITKA AK
CARNIVAL SPIRIT,357658000,2008-06-23T19:02:55,57.03524167,-135.302165,0,92.0,0.0,92,9188647,3FPR9,SITKA AK
CARNIVAL SPIRIT,357658000,2008-06-23T18:59:45,57.03522,-135.30217,0,1.0,0.1,91,9188647,3FPR9,SITKA AK
CARNIVAL SPIRIT,357658000,2008-06-23T18:56:44,57.03519,-135.3021167,0,271.0,0.1,91,9188647,3FPR9,SITKA AK
CARNIVAL SPIRIT,357658000,2008-06-23T18:53:36,57.03510167,-135.3020167,0,4.0,0.1,93,9188647,3FPR9,SITKA AK
CARNIVAL SPIRIT,357658000,2008-06-23T18:52:24,57.03506333,-135.30199,0,231.9,0.1,97,9188647,3FPR9,SITKA AK
CARNIVAL SPIRIT,357658000,2008-06-23T18:49:23,57.03509833,-135.3019483,0,9.0,0.1,99,9188647,3FPR9,SITKA AK
CARNIVAL SPIRIT,357658000,2008-06-23T18:48:13,57.03504333,-135.3019767,0,193.0,0.1,103,9188647,3FPR9,SITKA AK
CARNIVAL SPIRIT,357658000,2008-06-23T18:45:14,57.03509167,-135.30206,0,107.0,0.1,107,9188647,3FPR9,SITKA AK
CARNIVAL SPIRIT,357658000,2008-06-23T18:42:05,57.035155,-135.3022933,0,108.0,0.2,108,9188647,3FPR9,SITKA AK
CARNIVAL SPIRIT,357658000,2008-06-23T18:39:04,57.03527333,-135.30244,0,173.4,0.2,110,9188647,3FPR9,SITKA AK
CARNIVAL SPIRIT,357658000,2008-06-23T18:35:54,57.03548833,-135.3024817,0,170.4,0.2,107,9188647,3FPR9,SITKA AK
CARNIVAL SPIRIT,357658000,2008-06-23T18:33:04,57.03569333,-135.3025367,0,172.5,0.3,101,9188647,3FPR9,SITKA AK
CARNIVAL SPIRIT,357658000,2008-06-23T18:33:45,57.03563667,-135.30252,0,174.5,0.3,103,9188647,3FPR9,SITKA AK
CARNIVAL SPIRIT,357658000,2008-06-23T18:32:04,57.03579167,-135.302565,0,168.5,0.3,97,9188647,3FPR9,SITKA AK
CARNIVAL SPIRIT,357658000,2008-06-23T18:31:04,57.03590333,-135.3025883,0,163.5,0.3,92,9188647,3FPR9,SITKA AK
CARNIVAL SPIRIT,357658000,2008-06-23T18:31:14,57.035885,-135.302585,0,164.5,0.3,93,9188647,3FPR9,SITKA AK
CARNIVAL SPIRIT,357658000,2008-06-23T18:30:14,57.03597667,-135.3026083,0,177.0,0.1,88,9188647,3FPR9,SITKA AK
CARNIVAL SPIRIT,357658000,2008-06-23T18:27:55,57.03594667,-135.302465,0,264.0,0.2,84,9188647,3FPR9,SITKA AK
CARNIVAL SPIRIT,357658000,2008-06-23T18:26:43,57.03597833,-135.30235,0,260.0,0.2,80,9188647,3FPR9,SITKA AK
CARNIVAL SPIRIT,357658000,2008-06-23T18:25:35,57.03600833,-135.3022617,0,256.0,0.1,76,9188647,3FPR9,SITKA AK
CARNIVAL SPIRIT,357658000,2008-06-23T18:24:14,57.036025,-135.3022017,0,297.0,0.1,72,9188647,3FPR9,SITKA AK
CARNIVAL SPIRIT,357658000,2008-06-23T18:22:54,57.03603,-135.3022033,0,113.0,0.1,68,9188647,3FPR9,SITKA AK
CARNIVAL SPIRIT,357658000,2008-06-23T18:21:43,57.03604333,-135.302275,0,64.0,0.1,64,9188647,3FPR9,SITKA AK
CARNIVAL SPIRIT,357658000,2008-06-23T18:20:35,57.03604,-135.3023983,0,60.0,0.2,60,9188647,3FPR9,SITKA AK
CARNIVAL SPIRIT,357658000,2008-06-23T18:18:54,57.03599167,-135.3025717,0,29.4,0.2,56,9188647,3FPR9,SITKA AK
CARNIVAL SPIRIT,357658000,2008-06-23T18:16:14,57.03583667,-135.3026783,0,6.9,0.1,52,9188647,3FPR9,SITKA AK
CARNIVAL SPIRIT,357658000,2008-06-23T18:13:06,57.03568,-135.30262,0,323.0,0.2,53,9188647,3FPR9,SITKA AK
CARNIVAL SPIRIT,357658000,2008-06-23T18:11:14,57.03556167,-135.3025,0,327.0,0.3,57,9188647,3FPR9,SITKA AK
CARNIVAL SPIRIT,357658000,2008-06-23T18:11:06,57.03555167,-135.3024917,0,327.0,0.3,57,9188647,3FPR9,SITKA AK
CARNIVAL SPIRIT,357658000,2008-06-23T18:09:36,57.03542,-135.3023767,0,331.0,0.2,61,9188647,3FPR9,SITKA AK
CARNIVAL SPIRIT,357658000,2008-06-23T18:08:05,57.03533333,-135.3022967,0,335.0,0.1,65,9188647,3FPR9,SITKA AK
CARNIVAL SPIRIT,357658000,2008-06-23T18:05:04,57.03522333,-135.3021433,0,311.4,0.2,68,9188647,3FPR9,SITKA AK
CARNIVAL SPIRIT,357658000,2008-06-23T18:03:24,57.035165,-135.30203,0,297.0,0.1,72,9188647,3FPR9,SITKA AK
CARNIVAL SPIRIT,357658000,2008-06-23T18:01:56,57.03511,-135.3019233,0,319.4,0.2,76,9188647,3FPR9,SITKA AK
CARNIVAL SPIRIT,357658000,2008-06-23T17:59:56,57.03508,-135.3018233,0,260.0,0.1,80,9188647,3FPR9,SITKA AK
CARNIVAL SPIRIT,357658000,2008-06-23T17:56:56,57.03510333,-135.3017317,0,174.0,0.2,84,9188647,3FPR9,SITKA AK
CARNIVAL SPIRIT,357658000,2008-06-23T17:53:43,57.03513167,-135.3017283,0,21.5,0.2,85,9188647,3FPR9,SITKA AK
CARNIVAL SPIRIT,357658000,2008-06-23T17:52:13,57.03506667,-135.30179,0,89.0,0.1,89,9188647,3FPR9,SITKA AK
CARNIVAL SPIRIT,357658000,2008-06-23T17:51:13,57.03511333,-135.3018583,0,134.0,0.3,89,9188647,3FPR9,SITKA AK
CARNIVAL SPIRIT,357658000,2008-06-23T17:51:35,57.03509167,-135.3018317,0,145.3,0.4,89,9188647,3FPR9,SITKA AK
CARNIVAL SPIRIT,357658000,2008-06-23T17:51:43,57.03508167,-135.3018217,0,134.0,0.3,89,9188647,3FPR9,SITKA AK
CARNIVAL SPIRIT,357658000,2008-06-23T17:48:06,57.03511833,-135.3021517,0,92.0,0.2,92,9188647,3FPR9,SITKA AK
CARNIVAL SPIRIT,357658000,2008-06-23T17:47:06,57.03514667,-135.3022233,0,164.5,0.3,93,9188647,3FPR9,SITKA AK
CARNIVAL SPIRIT,357658000,2008-06-23T17:46:55,57.03516167,-135.30223,0,164.5,0.3,93,9188647,3FPR9,SITKA AK
CARNIVAL SPIRIT,357658000,2008-06-23T17:43:44,57.035285,-135.3023783,0,90.0,0.1,90,9188647,3FPR9,SITKA AK
CARNIVAL SPIRIT,357658000,2008-06-23T17:40:44,57.03535167,-135.3025033,0,180.0,0.3,90,9188647,3FPR9,SITKA AK
CARNIVAL SPIRIT,357658000,2008-06-23T17:40:55,57.035335,-135.3024983,0,161.5,0.3,90,9188647,3FPR9,SITKA AK
CARNIVAL SPIRIT,357658000,2008-06-23T17:39:24,57.03547167,-135.3025433,0,176.0,0.2,86,9188647,3FPR9,SITKA AK
CARNIVAL SPIRIT,357658000,2008-06-23T17:37:15,57.03556167,-135.3025933,0,172.0,0.1,82,9188647,3FPR9,SITKA AK
CARNIVAL SPIRIT,357658000,2008-06-23T17:35:43,57.03566333,-135.302625,0,168.0,0.1,78,9188647,3FPR9,SITKA AK
CARNIVAL SPIRIT,357658000,2008-06-23T17:33:14,57.03569833,-135.3025833,0,299.0,0.1,74,9188647,3FPR9,SITKA AK
CARNIVAL SPIRIT,357658000,2008-06-23T17:30:05,57.03567167,-135.3024883,0,164.0,0.1,74,9188647,3FPR9,SITKA AK
CARNIVAL SPIRIT,357658000,2008-06-23T17:27:04,57.03568,-135.3025483,0,118.0,0.1,73,9188647,3FPR9,SITKA AK
CARNIVAL SPIRIT,357658000,2008-06-23T17:25:43,57.03570333,-135.3026083,0,69.0,0.1,69,9188647,3FPR9,SITKA AK
CARNIVAL SPIRIT,357658000,2008-06-23T17:22:35,57.03561833,-135.3025533,0,337.0,0.4,67,9188647,3FPR9,SITKA AK
CARNIVAL SPIRIT,357658000,2008-06-23T17:21:44,57.03552,-135.302465,0,326.9,0.4,71,9188647,3FPR9,SITKA AK
CARNIVAL SPIRIT,357658000,2008-06-23T17:20:35,57.03541333,-135.302365,0,318.4,0.2,75,9188647,3FPR9,SITKA AK
CARNIVAL SPIRIT,357658000,2008-06-23T17:18:36,57.03531,-135.3022683,0,304.0,0.1,79,9188647,3FPR9,SITKA AK
CARNIVAL SPIRIT,357658000,2008-06-23T17:16:36,57.03520833,-135.3021817,0,353.0,0.2,83,9188647,3FPR9,SITKA AK
CARNIVAL SPIRIT,357658000,2008-06-23T17:15:15,57.03515,-135.302145,0,87.0,0.0,87,9188647,3FPR9,SITKA AK
CARNIVAL SPIRIT,357658000,2008-06-23T17:12:04,57.03526167,-135.3021017,0,87.0,0.0,87,9188647,3FPR9,SITKA AK
CARNIVAL SPIRIT,357658000,2008-06-23T17:10:36,57.03518667,-135.3021167,0,1.0,0.2,91,9188647,3FPR9,SITKA AK
CARNIVAL SPIRIT,357658000,2008-06-23T17:07:15,57.0353,-135.3021683,0,163.5,0.3,92,9188647,3FPR9,SITKA AK
CARNIVAL SPIRIT,357658000,2008-06-23T17:07:24,57.03528833,-135.302165,0,163.5,0.3,92,9188647,3FPR9,SITKA AK
CARNIVAL SPIRIT,357658000,2008-06-23T17:04:14,57.03537667,-135.3023467,0,63.4,0.2,90,9188647,3FPR9,SITKA AK
CARNIVAL SPIRIT,357658000,2008-06-23T17:01:35,57.03536833,-135.3026017,0,139.0,0.1,94,9188647,3FPR9,SITKA AK
CARNIVAL SPIRIT,357658000,2008-06-23T16:58:44,57.035515,-135.3026383,0,224.9,0.1,90,9188647,3FPR9,SITKA AK
CARNIVAL SPIRIT,357658000,2008-06-23T16:55:35,57.035615,-135.30246,0,203.5,0.2,87,9188647,3FPR9,SITKA AK
CARNIVAL SPIRIT,357658000,2008-06-23T16:52:35,57.03574667,-135.3023333,0,173.0,0.1,83,9188647,3FPR9,SITKA AK
CARNIVAL SPIRIT,357658000,2008-06-23T16:50:13,57.035855,-135.3023517,0,142.4,0.2,79,9188647,3FPR9,SITKA AK
CARNIVAL SPIRIT,357658000,2008-06-23T16:49:05,57.03592667,-135.30241,0,138.4,0.2,75,9188647,3FPR9,SITKA AK
CARNIVAL SPIRIT,357658000,2008-06-23T16:46:15,57.03584833,-135.302555,0,44.4,0.2,71,9188647,3FPR9,SITKA AK
CARNIVAL SPIRIT,357658000,2008-06-23T16:43:14,57.03569667,-135.3026667,0,73.0,0.1,73,9188647,3FPR9,SITKA AK
CARNIVAL SPIRIT,357658000,2008-06-23T16:40:06,57.035605,-135.30264,0,327.5,0.3,76,9188647,3FPR9,SITKA AK
CARNIVAL SPIRIT,357658000,2008-06-23T16:39:06,57.03550167,-135.3025567,0,335.9,0.4,80,9188647,3FPR9,SITKA AK
CARNIVAL SPIRIT,357658000,2008-06-23T16:38:23,57.03540167,-135.3025033,0,342.6,0.5,83,9188647,3FPR9,SITKA AK
CARNIVAL SPIRIT,357658000,2008-06-23T16:37:45,57.03529833,-135.3024533,0,345.6,0.5,87,9188647,3FPR9,SITKA AK
CARNIVAL SPIRIT,357658000,2008-06-23T16:37:14,57.03521833,-135.3024183,0,346.9,0.4,91,9188647,3FPR9,SITKA AK
CARNIVAL SPIRIT,357658000,2008-06-23T16:34:44,57.03529167,-135.3021033,0,226.9,0.4,92,9188647,3FPR9,SITKA AK
CARNIVAL SPIRIT,357658000,2008-06-23T16:32:24,57.03542667,-135.301795,0,225.9,0.3,91,9188647,3FPR9,SITKA AK
CARNIVAL SPIRIT,357658000,2008-06-23T16:32:34,57.03541667,-135.301815,0,225.9,0.3,91,9188647,3FPR9,SITKA AK
CARNIVAL SPIRIT,357658000,2008-06-23T16:29:18,57.03550833,-135.3015467,0,336.4,0.2,92,9188647,3FPR9,SITKA AK
CARNIVAL SPIRIT,357658000,2008-06-23T16:28:26,57.03544667,-135.3015133,0,339.4,0.2,96,9188647,3FPR9,SITKA AK
CARNIVAL SPIRIT,357658000,2008-06-23T16:25:25,57.03549667,-135.301495,0,52.9,0.1,98,9188647,3FPR9,SITKA AK
CARNIVAL SPIRIT,357658000,2008-06-23T16:24:36,57.03545,-135.3015533,0,38.5,0.2,102,9188647,3FPR9,SITKA AK
CARNIVAL SPIRIT,357658000,2008-06-23T16:23:16,57.03544667,-135.3016567,0,151.0,0.3,106,9188647,3FPR9,SITKA AK
CARNIVAL SPIRIT,357658000,2008-06-23T16:21:25,57.03554167,-135.3018217,0,108.0,0.3,108,9188647,3FPR9,SITKA AK
CARNIVAL SPIRIT,357658000,2008-06-23T16:20:25,57.03554333,-135.3019633,0,93.5,0.3,112,9188647,3FPR9,SITKA AK
CARNIVAL SPIRIT,357658000,2008-06-23T16:19:44,57.03554833,-135.3020683,0,133.4,0.3,115,9188647,3FPR9,SITKA AK
CARNIVAL SPIRIT,357658000,2008-06-23T16:17:25,57.03577667,-135.3022617,0,164.0,0.4,119,9188647,3FPR9,SITKA AK
CARNIVAL SPIRIT,357658000,2008-06-23T16:15:55,57.03598833,-135.30236,0,181.4,0.4,118,9188647,3FPR9,SITKA AK
CARNIVAL SPIRIT,357658000,2008-06-23T16:14:55,57.03612833,-135.3023483,0,186.5,0.3,115,9188647,3FPR9,SITKA AK
CARNIVAL SPIRIT,357658000,2008-06-23T16:12:55,57.03621667,-135.3022767,0,245.9,0.1,111,9188647,3FPR9,SITKA AK
CARNIVAL SPIRIT,357658000,2008-06-23T16:11:44,57.03627333,-135.302145,0,241.9,0.3,107,9188647,3FPR9,SITKA AK
CARNIVAL SPIRIT,357658000,2008-06-23T16:10:36,57.03634,-135.3020033,0,237.9,0.3,103,9188647,3FPR9,SITKA AK
CARNIVAL SPIRIT,357658000,2008-06-23T16:09:15,57.03637833,-135.3018367,0,252.4,0.2,99,9188647,3FPR9,SITKA AK
CARNIVAL SPIRIT,357658000,2008-06-23T16:07:15,57.03646333,-135.3016567,0,211.5,0.2,95,9188647,3FPR9,SITKA AK
CARNIVAL SPIRIT,357658000,2008-06-23T16:05:55,57.03653,-135.3016267,0,181.0,0.2,91,9188647,3FPR9,SITKA AK
CARNIVAL SPIRIT,357658000,2008-06-23T16:04:45,57.03660667,-135.3016267,0,177.0,0.1,87,9188647,3FPR9,SITKA AK
CARNIVAL SPIRIT,357658000,2008-06-23T16:03:35,57.03662,-135.301645,0,353.0,0.1,83,9188647,3FPR9,SITKA AK
CARNIVAL SPIRIT,357658000,2008-06-23T16:00:31,57.03654167,-135.3017833,0,79.0,0.2,80,9188647,3FPR9,SITKA AK
CARNIVAL SPIRIT,357658000,2008-06-23T15:58:30,57.03649,-135.3019783,0,30.9,0.3,76,9188647,3FPR9,SITKA AK
CARNIVAL SPIRIT,357658000,2008-06-23T15:56:51,57.03636,-135.30211,0,20.6,0.4,77,9188647,3FPR9,SITKA AK
CARNIVAL SPIRIT,357658000,2008-06-23T15:55:30,57.03614,-135.30212,0,12.8,0.5,81,9188647,3FPR9,SITKA AK
CARNIVAL SPIRIT,357658000,2008-06-23T15:55:10,57.03609167,-135.3021283,0,3.3,0.5,82,9188647,3FPR9,SITKA AK
CARNIVAL SPIRIT,357658000,2008-06-23T15:54:19,57.035955,-135.3021533,0,6.3,0.5,85,9188647,3FPR9,SITKA AK
CARNIVAL SPIRIT,357658000,2008-06-23T15:54:10,57.03593833,-135.3021617,0,10.0,0.4,86,9188647,3FPR9,SITKA AK
CARNIVAL SPIRIT,357658000,2008-06-23T15:52:30,57.03578667,-135.3021883,0,0.0,0.2,90,9188647,3FPR9,SITKA AK
CARNIVAL SPIRIT,357658000,2008-06-23T15:49:59,57.03567333,-135.3021117,0,337.4,0.2,94,9188647,3FPR9,SITKA AK
CARNIVAL SPIRIT,357658000,2008-06-23T15:46:59,57.03562,-135.3018883,0,341.4,0.2,98,9188647,3FPR9,SITKA AK
CARNIVAL SPIRIT,357658000,2008-06-23T15:46:10,57.03554,-135.301865,0,356.9,0.4,101,9188647,3FPR9,SITKA AK
CARNIVAL SPIRIT,357658000,2008-06-23T15:44:59,57.03546333,-135.30184,0,239.9,0.1,105,9188647,3FPR9,SITKA AK
CARNIVAL SPIRIT,357658000,2008-06-23T15:41:50,57.03551833,-135.3018267,0,43.5,0.2,106,9188647,3FPR9,SITKA AK
CARNIVAL SPIRIT,357658000,2008-06-23T15:40:09,57.03551333,-135.301955,0,181.5,0.3,110,9188647,3FPR9,SITKA AK
CARNIVAL SPIRIT,357658000,2008-06-23T15:39:29,57.03559667,-135.3019667,0,187.6,0.5,109,9188647,3FPR9,SITKA AK
CARNIVAL SPIRIT,357658000,2008-06-23T15:39:40,57.03556833,-135.301965,0,187.6,0.5,109,9188647,3FPR9,SITKA AK
CARNIVAL SPIRIT,357658000,2008-06-23T15:36:19,57.03585667,-135.3020867,0,152.0,0.1,107,9188647,3FPR9,SITKA AK
CARNIVAL SPIRIT,357658000,2008-06-23T15:33:09,57.03602167,-135.302175,0,195.0,0.1,105,9188647,3FPR9,SITKA AK
CARNIVAL SPIRIT,357658000,2008-06-23T15:32:00,57.03611667,-135.3021667,0,192.0,0.4,102,9188647,3FPR9,SITKA AK
CARNIVAL SPIRIT,357658000,2008-06-23T15:31:00,57.03625,-135.30211,0,206.4,0.3,98,9188647,3FPR9,SITKA AK
CARNIVAL SPIRIT,357658000,2008-06-23T15:30:49,57.03627,-135.3020967,0,205.4,0.3,97,9188647,3FPR9,SITKA AK
CARNIVAL SPIRIT,357658000,2008-06-23T15:29:39,57.03637,-135.3020367,0,209.5,0.2,93,9188647,3FPR9,SITKA AK
CARNIVAL SPIRIT,357658000,2008-06-23T15:28:09,57.03644833,-135.3019417,0,242.4,0.2,89,9188647,3FPR9,SITKA AK
CARNIVAL SPIRIT,357658000,2008-06-23T15:26:01,57.03650167,-135.3017917,0,265.0,0.1,85,9188647,3FPR9,SITKA AK
CARNIVAL SPIRIT,357658000,2008-06-23T15:24:21,57.03659,-135.3017017,0,188.4,0.3,80,9188647,3FPR9,SITKA AK
CARNIVAL SPIRIT,357658000,2008-06-23T15:24:30,57.03657833,-135.301705,0,197.5,0.2,81,9188647,3FPR9,SITKA AK
CARNIVAL SPIRIT,357658000,2008-06-23T15:21:19,57.03652167,-135.3016383,0,77.0,0.1,77,9188647,3FPR9,SITKA AK
CARNIVAL SPIRIT,357658000,2008-06-23T15:20:00,57.03656167,-135.301735,0,118.0,0.1,73,9188647,3FPR9,SITKA AK
CARNIVAL SPIRIT,357658000,2008-06-23T15:18:39,57.03657,-135.3018433,0,69.0,0.2,69,9188647,3FPR9,SITKA AK
CARNIVAL SPIRIT,357658000,2008-06-23T15:17:21,57.03655833,-135.3019483,0,38.4,0.2,65,9188647,3FPR9,SITKA AK
CARNIVAL SPIRIT,357658000,2008-06-23T15:14:21,57.03638,-135.3021383,0,15.9,0.3,61,9188647,3FPR9,SITKA AK
CARNIVAL SPIRIT,357658000,2008-06-23T15:12:20,57.03620667,-135.3022083,0,14.9,0.3,60,9188647,3FPR9,SITKA AK
CARNIVAL SPIRIT,357658000,2008-06-23T15:12:11,57.03618833,-135.3022083,0,14.9,0.3,60,9188647,3FPR9,SITKA AK
CARNIVAL SPIRIT,357658000,2008-06-23T15:09:40,57.03596833,-135.3022233,0,0.5,0.2,64,9188647,3FPR9,SITKA AK
CARNIVAL SPIRIT,357658000,2008-06-23T15:06:29,57.035845,-135.3021583,0,291.0,0.1,66,9188647,3FPR9,SITKA AK
CARNIVAL SPIRIT,357658000,2008-06-23T15:04:59,57.03576167,-135.302,0,295.0,0.3,70,9188647,3FPR9,SITKA AK
CARNIVAL SPIRIT,357658000,2008-06-23T15:03:50,57.03569833,-135.3018667,0,299.0,0.3,74,9188647,3FPR9,SITKA AK
CARNIVAL SPIRIT,357658000,2008-06-23T15:02:51,57.03564167,-135.3017417,0,303.0,0.3,78,9188647,3FPR9,SITKA AK
CARNIVAL SPIRIT,357658000,2008-06-23T15:02:29,57.03561167,-135.301705,0,315.3,0.4,79,9188647,3FPR9,SITKA AK
CARNIVAL SPIRIT,357658000,2008-06-23T15:01:20,57.03552833,-135.3015933,0,335.5,0.3,83,9188647,3FPR9,SITKA AK
CARNIVAL SPIRIT,357658000,2008-06-23T15:00:21,57.03542667,-135.30152,0,338.5,0.3,87,9188647,3FPR9,SITKA AK
CARNIVAL SPIRIT,357658000,2008-06-23T14:57:20,57.03542,-135.301435,0,358.0,0.1,88,9188647,3FPR9,SITKA AK
CARNIVAL SPIRIT,357658000,2008-06-23T14:56:20,57.03536,-135.3014517,0,3.0,0.2,92,9188647,3FPR9,SITKA AK
CARNIVAL SPIRIT,357658000,2008-06-23T14:55:31,57.035305,-135.30149,0,97.0,0.1,97,9188647,3FPR9,SITKA AK
CARNIVAL SPIRIT,357658000,2008-06-23T14:53:21,57.03546833,-135.301585,0,168.1,0.5,101,9188647,3FPR9,SITKA AK
CARNIVAL SPIRIT,357658000,2008-06-23T14:53:31,57.03544667,-135.3015767,0,176.9,0.4,101,9188647,3FPR9,SITKA AK
CARNIVAL SPIRIT,357658000,2008-06-23T14:51:31,57.03555833,-135.3017367,0,82.5,0.3,101,9188647,3FPR9,SITKA AK
CARNIVAL SPIRIT,357658000,2008-06-23T14:50:09,57.03560333,-135.301905,0,147.0,0.4,102,9188647,3FPR9,SITKA AK
CARNIVAL SPIRIT,357658000,2008-06-23T14:50:21,57.035585,-135.3018883,0,148.0,0.4,103,9188647,3FPR9,SITKA AK
CARNIVAL SPIRIT,357658000,2008-06-23T14:46:59,57.03579,-135.3023583,0,119.4,0.3,101,9188647,3FPR9,SITKA AK
CARNIVAL SPIRIT,357658000,2008-06-23T14:45:10,57.03594167,-135.3024783,0,190.0,0.6,100,9188647,3FPR9,SITKA AK
CARNIVAL SPIRIT,357658000,2008-06-23T14:45:50,57.03584333,-135.3024917,0,173.5,0.3,102,9188647,3FPR9,SITKA AK
CARNIVAL SPIRIT,357658000,2008-06-23T14:44:30,57.03606667,-135.3024267,0,195.4,0.6,96,9188647,3FPR9,SITKA AK
CARNIVAL SPIRIT,357658000,2008-06-23T14:43:10,57.03630833,-135.3023467,0,189.3,0.5,88,9188647,3FPR9,SITKA AK
CARNIVAL SPIRIT,357658000,2008-06-23T14:43:50,57.03619,-135.3023867,0,191.4,0.6,92,9188647,3FPR9,SITKA AK
CARNIVAL SPIRIT,357658000,2008-06-23T14:42:31,57.03640167,-135.3023233,0,193.4,0.3,85,9188647,3FPR9,SITKA AK
CARNIVAL SPIRIT,357658000,2008-06-23T14:41:19,57.03648833,-135.3022617,0,234.4,0.2,81,9188647,3FPR9,SITKA AK
CARNIVAL SPIRIT,357658000,2008-06-23T14:39:00,57.03653,-135.3020817,0,257.0,0.1,77,9188647,3FPR9,SITKA AK
CARNIVAL SPIRIT,357658000,2008-06-23T14:35:51,57.036495,-135.301975,0,344.0,0.1,74,9188647,3FPR9,SITKA AK
CARNIVAL SPIRIT,357658000,2008-06-23T14:33:30,57.03648167,-135.3020633,0,70.0,0.1,70,9188647,3FPR9,SITKA AK
CARNIVAL SPIRIT,357658000,2008-06-23T14:32:09,57.03643,-135.3021767,0,22.9,0.3,68,9188647,3FPR9,SITKA AK
CARNIVAL SPIRIT,357658000,2008-06-23T14:29:00,57.03623,-135.3025533,0,24.9,0.3,70,9188647,3FPR9,SITKA AK
CARNIVAL SPIRIT,357658000,2008-06-23T14:28:50,57.03621667,-135.30257,0,37.3,0.4,70,9188647,3FPR9,SITKA AK
CARNIVAL SPIRIT,357658000,2008-06-23T14:26:09,57.03612333,-135.3025867,0,254.0,0.3,74,9188647,3FPR9,SITKA AK
CARNIVAL SPIRIT,357658000,2008-06-23T14:25:00,57.03618167,-135.3024017,0,252.0,0.4,72,9188647,3FPR9,SITKA AK
CARNIVAL SPIRIT,357658000,2008-06-23T14:24:00,57.03624833,-135.3022017,0,248.0,0.5,68,9188647,3FPR9,SITKA AK
CARNIVAL SPIRIT,357658000,2008-06-23T14:24:39,57.036205,-135.3023367,0,239.6,0.5,71,9188647,3FPR9,SITKA AK
CARNIVAL SPIRIT,357658000,2008-06-23T14:23:00,57.03628667,-135.3019617,0,265.8,0.5,64,9188647,3FPR9,SITKA AK
CARNIVAL SPIRIT,357658000,2008-06-23T14:23:30,57.03627167,-135.3020867,0,267.8,0.5,66,9188647,3FPR9,SITKA AK
CARNIVAL SPIRIT,357658000,2008-06-23T14:23:40,57.036265,-135.3021233,0,258.3,0.5,67,9188647,3FPR9,SITKA AK
CARNIVAL SPIRIT,357658000,2008-06-23T14:22:21,57.03631333,-135.3018167,0,266.5,0.4,60,9188647,3FPR9,SITKA AK
CARNIVAL SPIRIT,357658000,2008-06-23T14:21:20,57.03633833,-135.30161,0,287.1,0.5,54,9188647,3FPR9,SITKA AK
CARNIVAL SPIRIT,357658000,2008-06-23T14:21:40,57.03633667,-135.3016783,0,269.6,0.4,56,9188647,3FPR9,SITKA AK
CARNIVAL SPIRIT,357658000,2008-06-23T14:20:00,57.03627,-135.3012867,0,275.0,0.4,50,9188647,3FPR9,SITKA AK
CARNIVAL SPIRIT,357658000,2008-06-23T14:19:00,57.03626167,-135.3011167,0,282.3,0.4,46,9188647,3FPR9,SITKA AK
CARNIVAL SPIRIT,357658000,2008-06-23T14:18:50,57.03625833,-135.3010883,0,270.0,0.3,45,9188647,3FPR9,SITKA AK
CARNIVAL SPIRIT,357658000,2008-06-23T14:17:50,57.03625,-135.3009167,0,277.3,0.4,41,9188647,3FPR9,SITKA AK
CARNIVAL SPIRIT,357658000,2008-06-23T14:17:20,57.03623167,-135.3008,0,289.1,0.5,41,9188647,3FPR9,SITKA AK
CARNIVAL SPIRIT,357658000,2008-06-23T14:17:10,57.03622,-135.3007533,0,300.6,0.5,42,9188647,3FPR9,SITKA AK
CARNIVAL SPIRIT,357658000,2008-06-23T14:16:40,57.036175,-135.3006417,0,341.6,0.4,45,9188647,3FPR9,SITKA AK
CARNIVAL SPIRIT,357658000,2008-06-23T14:16:30,57.03615333,-135.3006233,0,351.9,0.5,45,9188647,3FPR9,SITKA AK
CARNIVAL SPIRIT,357658000,2008-06-23T14:16:19,57.03612833,-135.300615,0,7.3,0.6,46,9188647,3FPR9,SITKA AK
CARNIVAL SPIRIT,357658000,2008-06-23T14:16:10,57.036105,-135.300615,0,17.2,0.8,46,9188647,3FPR9,SITKA AK
CARNIVAL SPIRIT,357658000,2008-06-23T14:15:59,57.036065,-135.3006283,0,25.1,1.1,47,9188647,3FPR9,SITKA AK
CARNIVAL SPIRIT,357658000,2008-06-23T14:15:40,57.03596833,-135.3007217,0,32.0,1.5,48,9188647,3FPR9,SITKA AK
CARNIVAL SPIRIT,357658000,2008-06-23T14:14:00,57.03541833,-135.3014433,0,39.0,1.3,52,9188647,3FPR9,SITKA AK
CARNIVAL SPIRIT,357658000,2008-06-23T14:13:50,57.03536833,-135.3015117,0,44.8,1.4,53,9188647,3FPR9,SITKA AK
CARNIVAL SPIRIT,357658000,2008-06-23T14:12:49,57.03501667,-135.3020667,0,40.2,2.0,55,9188647,3FPR9,SITKA AK
CARNIVAL SPIRIT,357658000,2008-06-23T14:12:40,57.03495333,-135.3021667,0,44.6,2.0,56,9188647,3FPR9,SITKA AK
CARNIVAL SPIRIT,357658000,2008-06-23T14:12:19,57.03480833,-135.3024117,0,40.3,2.1,57,9188647,3FPR9,SITKA AK
CARNIVAL SPIRIT,357658000,2008-06-23T14:11:50,57.03459833,-135.3027483,0,43.9,2.1,58,9188647,3FPR9,SITKA AK
CARNIVAL SPIRIT,357658000,2008-06-23T14:11:40,57.03453667,-135.3028567,0,49.1,2.3,59,9188647,3FPR9,SITKA AK
CARNIVAL SPIRIT,357658000,2008-06-23T14:09:29,57.03338,-135.3054733,0,50.6,3.4,59,9188647,3FPR9,SITKA AK
CARNIVAL SPIRIT,357658000,2008-06-23T14:08:10,57.03263,-135.3071383,0,50.0,3.6,58,9188647,3FPR9,SITKA AK
CARNIVAL SPIRIT,357658000,2008-06-23T14:07:31,57.03222,-135.3079733,0,43.9,2.5,58,9188647,3FPR9,SITKA AK
CARNIVAL SPIRIT,357658000,2008-06-23T14:07:20,57.03213167,-135.308145,0,37.8,2.4,57,9188647,3FPR9,SITKA AK
CARNIVAL SPIRIT,357658000,2008-06-23T14:07:10,57.03204833,-135.3082733,0,32.5,2.5,56,9188647,3FPR9,SITKA AK
CARNIVAL SPIRIT,357658000,2008-06-23T14:07:00,57.03194833,-135.3083817,0,41.3,2.4,56,9188647,3FPR9,SITKA AK
CARNIVAL SPIRIT,357658000,2008-06-23T14:06:31,57.03172,-135.3088083,0,42.5,2.7,52,9188647,3FPR9,SITKA AK
CARNIVAL SPIRIT,357658000,2008-06-23T14:06:20,57.03164,-135.3089717,0,40.8,2.8,49,9188647,3FPR9,SITKA AK
CARNIVAL SPIRIT,357658000,2008-06-23T14:06:10,57.03154333,-135.30916,0,37.5,3.0,47,9188647,3FPR9,SITKA AK
CARNIVAL SPIRIT,357658000,2008-06-23T14:05:50,57.03133,-135.30948,0,34.1,3.2,43,9188647,3FPR9,SITKA AK
CARNIVAL SPIRIT,357658000,2008-06-23T14:05:31,57.031095,-135.3097867,0,30.8,3.5,39,9188647,3FPR9,SITKA AK
CARNIVAL SPIRIT,357658000,2008-06-23T14:05:00,57.03064833,-135.3102833,0,26.8,4.0,34,9188647,3FPR9,SITKA AK
CARNIVAL SPIRIT,357658000,2008-06-23T14:04:39,57.03032167,-135.3106083,0,24.3,4.3,31,9188647,3FPR9,SITKA AK
CARNIVAL SPIRIT,357658000,2008-06-23T14:04:09,57.02974333,-135.3110967,0,21.0,4.9,28,9188647,3FPR9,SITKA AK
CARNIVAL SPIRIT,357658000,2008-06-23T14:03:09,57.02839,-135.312005,0,20.3,6.1,26,9188647,3FPR9,SITKA AK
CARNIVAL SPIRIT,357658000,2008-06-23T14:01:19,57.02505833,-135.3141817,0,19.5,7.4,25,9188647,3FPR9,SITKA AK
CARNIVAL SPIRIT,357658000,2008-06-23T14:00:09,57.02284167,-135.3157,0,21.8,7.2,25,9188647,3FPR9,SITKA AK
CARNIVAL SPIRIT,357658000,2008-06-23T13:59:19,57.02129833,-135.3168917,0,25.1,7.0,26,9188647,3FPR9,SITKA AK
CARNIVAL SPIRIT,357658000,2008-06-23T13:59:09,57.02100167,-135.3171383,0,27.0,7.0,27,9188647,3FPR9,SITKA AK
CARNIVAL SPIRIT,357658000,2008-06-23T13:58:50,57.02044667,-135.31763,0,31.0,7.0,30,9188647,3FPR9,SITKA AK
CARNIVAL SPIRIT,357658000,2008-06-23T13:58:30,57.01990333,-135.3181767,0,36.0,7.1,36,9188647,3FPR9,SITKA AK
CARNIVAL SPIRIT,357658000,2008-06-23T13:58:09,57.01933167,-135.3188933,0,42.0,7.2,42,9188647,3FPR9,SITKA AK
CARNIVAL SPIRIT,357658000,2008-06-23T13:57:50,57.01885,-135.31966,0,48.7,7.4,48,9188647,3FPR9,SITKA AK
CARNIVAL SPIRIT,357658000,2008-06-23T13:57:30,57.01836167,-135.3206267,0,54.7,7.6,54,9188647,3FPR9,SITKA AK
CARNIVAL SPIRIT,357658000,2008-06-23T13:57:21,57.01817,-135.32108,0,57.0,7.6,57,9188647,3FPR9,SITKA AK
CARNIVAL SPIRIT,357658000,2008-06-23T13:57:09,57.017945,-135.3216567,0,60.7,7.7,60,9188647,3FPR9,SITKA AK
CARNIVAL SPIRIT,357658000,2008-06-23T13:56:59,57.01773833,-135.3222683,0,63.0,7.8,63,9188647,3FPR9,SITKA AK
CARNIVAL SPIRIT,357658000,2008-06-23T13:56:41,57.01743333,-135.3233233,0,68.7,8.0,68,9188647,3FPR9,SITKA AK
CARNIVAL SPIRIT,357658000,2008-06-23T13:56:30,57.01728667,-135.3239417,0,70.0,8.1,70,9188647,3FPR9,SITKA AK
CARNIVAL SPIRIT,357658000,2008-06-23T13:56:09,57.01700333,-135.3253,0,75.3,8.3,75,9188647,3FPR9,SITKA AK
CARNIVAL SPIRIT,357658000,2008-06-23T13:55:59,57.01687667,-135.3260367,0,76.6,8.3,78,9188647,3FPR9,SITKA AK
CARNIVAL SPIRIT,357658000,2008-06-23T13:54:59,57.01644167,-135.3302117,0,81.3,8.7,82,9188647,3FPR9,SITKA AK
CARNIVAL SPIRIT,357658000,2008-06-23T13:54:50,57.01638667,-135.3308667,0,81.3,8.8,82,9188647,3FPR9,SITKA AK
CARNIVAL SPIRIT,357658000,2008-06-23T13:52:49,57.01562167,-135.340195,0,82.0,9.9,82,9188647,3FPR9,SITKA AK
CARNIVAL SPIRIT,357658000,2008-06-23T13:51:40,57.01516667,-135.346135,0,82.5,11.0,82,9188647,3FPR9,SITKA AK
CARNIVAL SPIRIT,357658000,2008-06-23T13:51:10,57.01495833,-135.3489467,0,84.0,11.7,84,9188647,3FPR9,SITKA AK
CARNIVAL SPIRIT,357658000,2008-06-23T13:49:30,57.01440333,-135.3593633,0,84.5,12.9,85,9188647,3FPR9,SITKA AK
CARNIVAL SPIRIT,357658000,2008-06-23T13:46:20,57.01333333,-135.3804217,0,84.5,13.1,85,9188647,3FPR9,SITKA AK
CARNIVAL SPIRIT,357658000,2008-06-23T13:43:59,57.01254,-135.3959483,0,85.0,13.1,85,9188647,3FPR9,SITKA AK
CARNIVAL SPIRIT,357658000,2008-06-23T13:40:56,57.01153333,-135.4159683,0,84.1,13.0,85,9188647,3FPR9,SITKA AK
CARNIVAL SPIRIT,357658000,2008-06-23T13:39:54,57.01112833,-135.4228617,0,82.6,13.0,84,9188647,3FPR9,SITKA AK
CARNIVAL SPIRIT,357658000,2008-06-23T13:38:32,57.01039,-135.4316833,0,80.2,13.0,82,9188647,3FPR9,SITKA AK
CARNIVAL SPIRIT,357658000,2008-06-23T13:37:42,57.00987167,-135.4371017,0,78.3,13.0,81,9188647,3FPR9,SITKA AK
CARNIVAL SPIRIT,357658000,2008-06-23T13:37:11,57.00947667,-135.44054,0,75.3,13.0,78,9188647,3FPR9,SITKA AK
CARNIVAL SPIRIT,357658000,2008-06-23T13:36:32,57.00886833,-135.44468,0,72.3,13.0,75,9188647,3FPR9,SITKA AK
CARNIVAL SPIRIT,357658000,2008-06-23T13:36:01,57.00832,-135.44783,0,70.3,13.0,73,9188647,3FPR9,SITKA AK
CARNIVAL SPIRIT,357658000,2008-06-23T13:35:22,57.007465,-135.4519567,0,66.3,13.1,69,9188647,3FPR9,SITKA AK
CARNIVAL SPIRIT,357658000,2008-06-23T13:34:43,57.00652833,-135.4557967,0,63.8,13.1,66,9188647,3FPR9,SITKA AK
CARNIVAL SPIRIT,357658000,2008-06-23T13:33:51,57.00505167,-135.4610033,0,60.2,13.1,62,9188647,3FPR9,SITKA AK
CARNIVAL SPIRIT,357658000,2008-06-23T13:33:43,57.00481167,-135.4617717,0,60.2,13.1,62,9188647,3FPR9,SITKA AK
CARNIVAL SPIRIT,357658000,2008-06-23T12:21:23,57.005075,-136.0139133,0,123.2,18.0,122,9188647,3FPR9,SITKA AK
CARNIVAL SPIRIT,357658000,2008-06-23T12:18:17,57.01386333,-136.0375267,0,123.9,18.2,123,9188647,3FPR9,SITKA AK
CARNIVAL SPIRIT,357658000,2008-06-23T12:16:22,57.019325,-136.0522683,0,123.9,18.3,123,9188647,3FPR9,SITKA AK
CARNIVAL SPIRIT,357658000,2008-06-23T12:14:46,57.02383833,-136.0647467,0,123.5,18.5,122,9188647,3FPR9,SITKA AK
CARNIVAL SPIRIT,357658000,2008-06-23T12:11:39,57.03280667,-136.0890267,0,124.2,18.5,123,9188647,3FPR9,SITKA AK
CARNIVAL SPIRIT,357658000,2008-06-23T12:08:34,57.04174167,-136.1131483,0,124.9,18.5,124,9188647,3FPR9,SITKA AK
CARNIVAL SPIRIT,357658000,2008-06-23T13:30:32,56.99914,-135.48007,0,60.6,13.1,62,9188647,3FPR9,SITKA AK
CARNIVAL SPIRIT,357658000,2008-06-23T13:27:23,56.99355667,-135.4983,0,60.6,13.0,62,9188647,3FPR9,SITKA AK
CARNIVAL SPIRIT,357658000,2008-06-23T13:24:22,56.98819667,-135.5157333,0,60.2,13.0,62,9188647,3FPR9,SITKA AK
CARNIVAL SPIRIT,357658000,2008-06-23T13:22:43,56.98527,-135.525175,0,59.7,12.9,62,9188647,3FPR9,SITKA AK
CARNIVAL SPIRIT,357658000,2008-06-23T13:21:52,56.98367,-135.5300333,0,57.6,12.9,59,9188647,3FPR9,SITKA AK
CARNIVAL SPIRIT,357658000,2008-06-23T13:20:43,56.98136667,-135.5361183,0,53.6,12.9,55,9188647,3FPR9,SITKA AK
CARNIVAL SPIRIT,357658000,2008-06-23T13:19:43,56.979305,-135.5414233,0,55.4,12.8,55,9188647,3FPR9,SITKA AK
CARNIVAL SPIRIT,357658000,2008-06-23T13:19:13,56.97832,-135.544115,0,59.9,12.7,59,9188647,3FPR9,SITKA AK
CARNIVAL SPIRIT,357658000,2008-06-23T13:18:43,56.977435,-135.5469117,0,63.9,12.7,62,9188647,3FPR9,SITKA AK
CARNIVAL SPIRIT,357658000,2008-06-23T13:18:13,56.97665333,-135.5497983,0,66.9,12.7,66,9188647,3FPR9,SITKA AK
CARNIVAL SPIRIT,357658000,2008-06-23T13:18:03,56.97639667,-135.5508833,0,68.8,12.8,67,9188647,3FPR9,SITKA AK
CARNIVAL SPIRIT,357658000,2008-06-23T13:16:19,56.974405,-135.5616017,0,72.4,13.4,72,9188647,3FPR9,SITKA AK
CARNIVAL SPIRIT,357658000,2008-06-23T13:15:57,56.97399667,-135.5639767,0,72.4,13.5,72,9188647,3FPR9,SITKA AK
CARNIVAL SPIRIT,357658000,2008-06-23T13:12:55,56.970405,-135.584835,0,72.3,14.5,72,9188647,3FPR9,SITKA AK
CARNIVAL SPIRIT,357658000,2008-06-23T13:10:50,56.96787667,-135.5996683,0,72.3,15.1,72,9188647,3FPR9,SITKA AK
CARNIVAL SPIRIT,357658000,2008-06-23T13:10:20,56.96724833,-135.6032167,0,71.7,15.4,71,9188647,3FPR9,SITKA AK
CARNIVAL SPIRIT,357658000,2008-06-23T13:08:07,56.96431167,-135.620235,0,72.6,16.5,72,9188647,3FPR9,SITKA AK
CARNIVAL SPIRIT,357658000,2008-06-23T13:06:32,56.96205333,-135.6331667,0,71.6,17.1,71,9188647,3FPR9,SITKA AK
CARNIVAL SPIRIT,357658000,2008-06-23T13:05:32,56.96065,-135.64139,0,74.3,17.4,73,9188647,3FPR9,SITKA AK
CARNIVAL SPIRIT,357658000,2008-06-23T13:04:07,56.95891667,-135.65368,0,76.6,17.9,76,9188647,3FPR9,SITKA AK
CARNIVAL SPIRIT,357658000,2008-06-23T13:01:01,56.95532333,-135.6812917,0,76.6,17.9,76,9188647,3FPR9,SITKA AK
CARNIVAL SPIRIT,357658000,2008-06-23T12:58:13,56.95222333,-135.70606,0,76.9,17.9,76,9188647,3FPR9,SITKA AK
CARNIVAL SPIRIT,357658000,2008-06-23T12:57:31,56.95152,-135.712105,0,80.2,17.8,78,9188647,3FPR9,SITKA AK
CARNIVAL SPIRIT,357658000,2008-06-23T12:57:25,56.95142833,-135.7129917,0,79.9,17.8,78,9188647,3FPR9,SITKA AK
CARNIVAL SPIRIT,357658000,2008-06-23T12:56:55,56.95103333,-135.71744,0,83.2,17.7,80,9188647,3FPR9,SITKA AK
CARNIVAL SPIRIT,357658000,2008-06-23T12:56:19,56.95070333,-135.7228033,0,86.2,17.8,84,9188647,3FPR9,SITKA AK
CARNIVAL SPIRIT,357658000,2008-06-23T12:55:55,56.95057,-135.7263983,0,89.2,17.7,86,9188647,3FPR9,SITKA AK
CARNIVAL SPIRIT,357658000,2008-06-23T12:55:13,56.95051,-135.7326933,0,90.9,17.8,89,9188647,3FPR9,SITKA AK
CARNIVAL SPIRIT,357658000,2008-06-23T12:52:09,56.95099333,-135.7603717,0,91.6,17.8,90,9188647,3FPR9,SITKA AK
CARNIVAL SPIRIT,357658000,2008-06-23T12:49:29,56.95136167,-135.78434,0,91.6,17.8,90,9188647,3FPR9,SITKA AK
CARNIVAL SPIRIT,357658000,2008-06-23T12:47:23,56.95164333,-135.80329,0,91.2,17.8,90,9188647,3FPR9,SITKA AK
CARNIVAL SPIRIT,357658000,2008-06-23T12:44:17,56.95197,-135.8314467,0,91.2,17.9,89,9188647,3FPR9,SITKA AK
CARNIVAL SPIRIT,357658000,2008-06-23T12:43:11,56.952155,-135.841445,0,93.2,17.8,91,9188647,3FPR9,SITKA AK
CARNIVAL SPIRIT,357658000,2008-06-23T12:42:45,56.95227167,-135.845505,0,92.5,17.8,91,9188647,3FPR9,SITKA AK
CARNIVAL SPIRIT,357658000,2008-06-23T12:42:09,56.95247333,-135.8507717,0,96.5,17.8,94,9188647,3FPR9,SITKA AK
CARNIVAL SPIRIT,357658000,2008-06-23T12:41:15,56.953125,-135.8589967,0,101.5,17.9,99,9188647,3FPR9,SITKA AK
CARNIVAL SPIRIT,357658000,2008-06-23T12:41:39,56.95277333,-135.8552667,0,100.5,17.9,97,9188647,3FPR9,SITKA AK
CARNIVAL SPIRIT,357658000,2008-06-23T12:41:57,56.95259,-135.8525767,0,96.9,17.8,95,9188647,3FPR9,SITKA AK
CARNIVAL SPIRIT,357658000,2008-06-23T12:40:09,56.95445333,-135.868545,0,108.2,17.9,106,9188647,3FPR9,SITKA AK
CARNIVAL SPIRIT,357658000,2008-06-23T12:40:39,56.95378833,-135.8643083,0,105.2,18.0,103,9188647,3FPR9,SITKA AK
CARNIVAL SPIRIT,357658000,2008-06-23T12:39:09,56.95618667,-135.8772617,0,114.5,18.1,112,9188647,3FPR9,SITKA AK
CARNIVAL SPIRIT,357658000,2008-06-23T12:39:33,56.95545,-135.8738567,0,111.2,18.0,110,9188647,3FPR9,SITKA AK
CARNIVAL SPIRIT,357658000,2008-06-23T12:39:39,56.95528167,-135.8730017,0,111.2,18.0,109,9188647,3FPR9,SITKA AK
CARNIVAL SPIRIT,357658000,2008-06-23T12:38:21,56.95786167,-135.8837717,0,119.2,18.2,116,9188647,3FPR9,SITKA AK
CARNIVAL SPIRIT,357658000,2008-06-23T12:38:39,56.95719167,-135.8813,0,116.5,18.1,114,9188647,3FPR9,SITKA AK
CARNIVAL SPIRIT,357658000,2008-06-23T12:37:33,56.95986833,-135.8903333,0,121.2,18.2,120,9188647,3FPR9,SITKA AK
CARNIVAL SPIRIT,357658000,2008-06-23T12:36:13,56.96349833,-135.90073,0,124.5,18.3,123,9188647,3FPR9,SITKA AK
CARNIVAL SPIRIT,357658000,2008-06-23T12:33:11,56.97208833,-135.9238383,0,123.9,18.1,123,9188647,3FPR9,SITKA AK
CARNIVAL SPIRIT,357658000,2008-06-23T12:31:11,56.977595,-135.93923,0,122.9,18.2,122,9188647,3FPR9,SITKA AK
CARNIVAL SPIRIT,357658000,2008-06-23T12:28:48,56.98441333,-135.9576033,0,124.2,18.1,123,9188647,3FPR9,SITKA AK
CARNIVAL SPIRIT,357658000,2008-06-23T12:26:48,56.98992833,-135.9726683,0,123.2,18.0,122,9188647,3FPR9,SITKA AK
CARNIVAL SPIRIT,357658000,2008-06-23T12:25:35,56.99328,-135.9819483,0,124.5,18.1,123,9188647,3FPR9,SITKA AK
CARNIVAL SPIRIT,357658000,2008-06-23T12:23:48,56.99834167,-135.9955867,0,124.2,18.1,123,9188647,3FPR9,SITKA AK
